com.samsung.shealth.tracker.heart_rate,6307003,3
source,tag_id,com.samsung.health.heart_rate.create_sh_ver,com.samsung.health.heart_rate.heart_beat_count,com.samsung.health.heart_rate.start_time,com.samsung.health.heart_rate.custom,com.samsung.health.heart_rate.binning_data,com.samsung.health.heart_rate.modify_sh_ver,com.samsung.health.heart_rate.update_time,com.samsung.health.heart_rate.create_time,com.samsung.health.heart_rate.client_data_id,com.samsung.health.heart_rate.max,com.samsung.health.heart_rate.min,com.samsung.health.heart_rate.client_data_ver,com.samsung.health.heart_rate.time_offset,com.samsung.health.heart_rate.deviceuuid,com.samsung.health.heart_rate.comment,com.samsung.health.heart_rate.pkg_name,com.samsung.health.heart_rate.end_time,com.samsung.health.heart_rate.datauuid,com.samsung.health.heart_rate.heart_rate
,21312,63001451,1,2025-10-26 15:30:29.361,,,63001451,2025-10-26 15:30:29.557,2025-10-26 15:30:29.557,,,,,UTC-0300,tWUO8ZL77Z,,com.sec.android.app.shealth,2025-10-26 15:30:29.361,11aaa94a-9dcc-4207-9ae0-adff72416e1d,76.0,
,21313,63001451,1,2025-10-26 15:00:00.000,,5223422f-4d6b-4139-8277-6a44b52d5b0e.com.samsung.health.heart_rate.binning_data.json,63001451,2025-10-26 16:02:28.756,2025-10-26 15:20:29.765,,82.0,70.0,,UTC-0300,tWUO8ZL77Z,,com.sec.android.app.shealth,2025-10-26 15:59:59.999,5223422f-4d6b-4139-8277-6a44b52d5b0e,75.0,
,21313,63050351,1,2025-10-26 17:00:00.000,,67ea8ec6-4c94-4381-b99f-e170962c6279.com.samsung.health.heart_rate.binning_data.json,63050351,2025-10-26 18:01:11.766,2025-10-26 17:40:06.055,,92.0,60.0,,UTC-0300,tWUO8ZL77Z,,com.sec.android.app.shealth,2025-10-26 17:59:59.999,67ea8ec6-4c94-4381-b99f-e170962c6279,81.0,
,21313,63050351,1,2025-10-26 18:00:00.000,,0d564f53-a57e-485f-a1e7-31f4e9eda445.com.samsung.health.heart_rate.binning_data.json,63050351,2025-10-26 19:03:23.535,2025-10-26 18:01:11.847,,96.0,72.0,,UTC-0300,tWUO8ZL77Z,,com.sec.android.app.shealth,2025-10-26 18:59:59.999,0d564f53-a57e-485f-a1e7-31f4e9eda445,83.0,
,21313,63050351,1,2025-10-26 19:00:00.000,,70dda7a2-17c8-4bab-bbce-c0e9556d5d5d.com.samsung.health.heart_rate.binning_data.json,63050351,2025-10-26 20:03:18.578,2025-10-26 19:03:23.625,,97.0,72.0,,UTC-0300,tWUO8ZL77Z,,com.sec.android.app.shealth,2025-10-26 19:59:59.999,70dda7a2-17c8-4bab-bbce-c0e9556d5d5d,83.0,
,21313,63050351,1,2025-10-26 20:00:00.000,,0ae14724-d31b-4695-815e-daa66e16c3c1.com.samsung.health.heart_rate.binning_data.json,63050351,2025-10-26 21:01:39.517,2025-10-26 20:03:18.697,,98.0,73.0,,UTC-0300,tWUO8ZL77Z,,com.sec.android.app.shealth,2025-10-26 20:59:59.999,0ae14724-d31b-4695-815e-daa66e16c3c1,83.0,
,21313,63050351,1,2025-10-26 21:00:00.000,,ed7eb281-b4f8-4797-b552-b7dd424b6f20.com.samsung.health.heart_rate.binning_data.json,63050351,2025-10-26 22:02:03.713,2025-10-26 21:01:39.614,,116.0,79.0,,UTC-0300,tWUO8ZL77Z,,com.sec.android.app.shealth,2025-10-26 21:59:59.999,ed7eb281-b4f8-4797-b552-b7dd424b6f20,97.0,
,21313,63050351,1,2025-10-26 22:00:00.000,,ab3d8835-17ac-4235-a9e1-300f3d0c4e34.com.samsung.health.heart_rate.binning_data.json,63050351,2025-10-27 12:57:25.537,2025-10-26 22:02:03.789,,110.0,79.0,,UTC-0300,tWUO8ZL77Z,,com.sec.android.app.shealth,2025-10-26 22:59:59.999,ab3d8835-17ac-4235-a9e1-300f3d0c4e34,92.0,
,21313,63050351,1,2025-10-27 12:00:00.000,,ec4b72d7-ab06-4fbf-b4c8-d5dfb6e904c1.com.samsung.health.heart_rate.binning_data.json,63050351,2025-10-27 13:07:31.803,2025-10-27 12:57:25.604,,101.0,84.0,,UTC-0300,tWUO8ZL77Z,,com.sec.android.app.shealth,2025-10-27 12:59:59.999,ec4b72d7-ab06-4fbf-b4c8-d5dfb6e904c1,93.0,
,21313,63050351,1,2025-10-27 13:00:00.000,,e20072f8-542e-4380-8420-ddd842e83cd7.com.samsung.health.heart_rate.binning_data.json,63050351,2025-10-27 14:08:07.619,2025-10-27 13:07:31.977,,103.0,53.0,,UTC-0300,tWUO8ZL77Z,,com.sec.android.app.shealth,2025-10-27 13:59:59.999,e20072f8-542e-4380-8420-ddd842e83cd7,71.0,
,21313,63050351,1,2025-10-27 14:00:00.000,,c303437f-0f13-4842-9185-5fe14ab7c42e.com.samsung.health.heart_rate.binning_data.json,63050351,2025-10-27 15:05:02.720,2025-10-27 14:08:07.909,,86.0,57.0,,UTC-0300,tWUO8ZL77Z,,com.sec.android.app.shealth,2025-10-27 14:59:59.999,c303437f-0f13-4842-9185-5fe14ab7c42e,70.0,
,21313,63050351,1,2025-10-27 16:00:00.000,,ad371a74-ae31-41c5-86f5-7940a99f8485.com.samsung.health.heart_rate.binning_data.json,63050351,2025-10-27 17:01:03.123,2025-10-27 16:05:03.539,,83.0,54.0,,UTC-0300,tWUO8ZL77Z,,com.sec.android.app.shealth,2025-10-27 16:59:59.999,ad371a74-ae31-41c5-86f5-7940a99f8485,63.0,
,21313,63050351,1,2025-10-27 15:00:00.000,,6c83ef14-3ba9-4f26-a3a9-7b1048253bd3.com.samsung.health.heart_rate.binning_data.json,63050351,2025-10-27 16:05:02.839,2025-10-27 15:07:59.007,,87.0,55.0,,UTC-0300,tWUO8ZL77Z,,com.sec.android.app.shealth,2025-10-27 15:59:59.999,6c83ef14-3ba9-4f26-a3a9-7b1048253bd3,65.0,
,21313,63050351,1,2025-10-27 17:00:00.000,,442e2bc1-d14b-495d-9e20-f41a59b60202.com.samsung.health.heart_rate.binning_data.json,63050351,2025-10-27 18:01:35.312,2025-10-27 17:01:03.206,,85.0,53.0,,UTC-0300,tWUO8ZL77Z,,com.sec.android.app.shealth,2025-10-27 17:59:59.999,442e2bc1-d14b-495d-9e20-f41a59b60202,65.0,
,21313,63050351,1,2025-10-27 18:00:00.000,,e6e0a8a2-6e06-4f1b-b425-f208d133ffa6.com.samsung.health.heart_rate.binning_data.json,63050351,2025-10-27 19:01:20.930,2025-10-27 18:01:35.410,,90.0,56.0,,UTC-0300,tWUO8ZL77Z,,com.sec.android.app.shealth,2025-10-27 18:59:59.999,e6e0a8a2-6e06-4f1b-b425-f208d133ffa6,73.0,
,21313,63050351,1,2025-10-27 19:00:00.000,,656a5fd9-a69d-4369-ab36-9ff1c3766f5b.com.samsung.health.heart_rate.binning_data.json,63050351,2025-10-27 20:01:09.544,2025-10-27 19:01:21.005,,95.0,64.0,,UTC-0300,tWUO8ZL77Z,,com.sec.android.app.shealth,2025-10-27 19:59:59.999,656a5fd9-a69d-4369-ab36-9ff1c3766f5b,77.0,
,21313,63050351,1,2025-10-27 20:00:00.000,,8f5b92b3-ef49-4540-b35b-ab71c5b91680.com.samsung.health.heart_rate.binning_data.json,63050351,2025-10-27 21:05:02.980,2025-10-27 20:01:09.657,,128.0,63.0,,UTC-0300,tWUO8ZL77Z,,com.sec.android.app.shealth,2025-10-27 20:59:59.999,8f5b92b3-ef49-4540-b35b-ab71c5b91680,81.0,
,21313,63050351,1,2025-10-27 21:00:00.000,,9d905a4a-88a5-4e78-88bc-88d04f767056.com.samsung.health.heart_rate.binning_data.json,63050351,2025-10-27 22:10:14.625,2025-10-27 21:05:30.518,,145.0,57.0,,UTC-0300,tWUO8ZL77Z,,com.sec.android.app.shealth,2025-10-27 21:59:59.999,9d905a4a-88a5-4e78-88bc-88d04f767056,81.0,
,21313,63050351,1,2025-10-27 22:00:00.000,,0c249103-0691-41b1-b68a-bf2980b51052.com.samsung.health.heart_rate.binning_data.json,63050351,2025-10-27 23:01:24.297,2025-10-27 22:11:27.276,,141.0,56.0,,UTC-0300,tWUO8ZL77Z,,com.sec.android.app.shealth,2025-10-27 22:59:59.999,0c249103-0691-41b1-b68a-bf2980b51052,71.0,
,21313,63050351,1,2025-10-27 23:00:00.000,,0fcc865f-bfc1-4c47-92d8-98c1225dc5f6.com.samsung.health.heart_rate.binning_data.json,63050351,2025-10-28 01:48:06.339,2025-10-27 23:01:24.355,,145.0,58.0,,UTC-0300,tWUO8ZL77Z,,com.sec.android.app.shealth,2025-10-27 23:59:59.999,0fcc865f-bfc1-4c47-92d8-98c1225dc5f6,114.0,
,21313,63050351,1,2025-10-28 01:00:00.000,,83225e3b-2a4c-4b37-83d2-50fd379447f4.com.samsung.health.heart_rate.binning_data.json,63050351,2025-10-28 02:32:40.256,2025-10-28 01:48:06.417,,86.0,82.0,,UTC-0300,tWUO8ZL77Z,,com.sec.android.app.shealth,2025-10-28 01:59:59.999,83225e3b-2a4c-4b37-83d2-50fd379447f4,84.0,
,21316,63050351,1,2025-10-27 15:50:30.839,,,63050351,2025-10-28 02:50:51.198,2025-10-27 15:55:00.225,,,,,UTC-0300,tWUO8ZL77Z,,com.sec.android.app.shealth,2025-10-27 15:50:30.839,1ae45a5c-ed67-4861-855b-41d46e2f2215,59.0,
,21313,63050351,1,2025-10-28 03:00:00.000,,b8516b60-4913-482e-9474-9383e14dd2c0.com.samsung.health.heart_rate.binning_data.json,63050351,2025-10-28 04:02:39.578,2025-10-28 03:07:32.871,,76.0,52.0,,UTC-0300,tWUO8ZL77Z,,com.sec.android.app.shealth,2025-10-28 03:59:59.999,b8516b60-4913-482e-9474-9383e14dd2c0,57.0,
,21313,63050351,1,2025-10-28 04:00:00.000,,93c7ba6b-a391-4017-ae51-06ef62fdc864.com.samsung.health.heart_rate.binning_data.json,63050351,2025-10-28 05:05:04.485,2025-10-28 04:02:39.696,,68.0,51.0,,UTC-0300,tWUO8ZL77Z,,com.sec.android.app.shealth,2025-10-28 04:59:59.999,93c7ba6b-a391-4017-ae51-06ef62fdc864,55.0,
,21313,63050351,1,2025-10-28 05:00:00.000,,35c33a5b-47c3-45fe-b784-dc94aa9b4bb2.com.samsung.health.heart_rate.binning_data.json,63050351,2025-10-28 06:05:52.432,2025-10-28 05:05:04.708,,66.0,48.0,,UTC-0300,tWUO8ZL77Z,,com.sec.android.app.shealth,2025-10-28 05:59:59.999,35c33a5b-47c3-45fe-b784-dc94aa9b4bb2,53.0,
,21313,63050351,1,2025-10-28 06:00:00.000,,90f844ea-6468-42b0-bfe4-2be4a698f4ce.com.samsung.health.heart_rate.binning_data.json,63050351,2025-10-28 07:02:18.992,2025-10-28 06:07:48.533,,64.0,43.0,,UTC-0300,tWUO8ZL77Z,,com.sec.android.app.shealth,2025-10-28 06:59:59.999,90f844ea-6468-42b0-bfe4-2be4a698f4ce,51.0,
,21313,63050351,1,2025-10-28 02:00:00.000,,5edf4621-2c2a-4ac1-ae01-889752684e9a.com.samsung.health.heart_rate.binning_data.json,63050351,2025-10-28 03:05:04.413,2025-10-28 02:32:40.438,,82.0,52.0,,UTC-0300,tWUO8ZL77Z,,com.sec.android.app.shealth,2025-10-28 02:59:59.999,5edf4621-2c2a-4ac1-ae01-889752684e9a,62.0,
,21313,63050351,1,2025-10-28 08:00:00.000,,2d437663-b20c-4832-9d75-4f986db22a72.com.samsung.health.heart_rate.binning_data.json,63050351,2025-10-28 09:06:46.640,2025-10-28 08:06:00.383,,72.0,47.0,,UTC-0300,tWUO8ZL77Z,,com.sec.android.app.shealth,2025-10-28 08:59:59.999,2d437663-b20c-4832-9d75-4f986db22a72,51.0,
,21313,63050351,1,2025-10-28 07:00:00.000,,18bd93a7-07b2-4806-a63b-f237010cceef.com.samsung.health.heart_rate.binning_data.json,63050351,2025-10-28 08:05:59.813,2025-10-28 07:02:19.118,,87.0,48.0,,UTC-0300,tWUO8ZL77Z,,com.sec.android.app.shealth,2025-10-28 07:59:59.999,18bd93a7-07b2-4806-a63b-f237010cceef,54.0,
,21313,63050351,1,2025-10-28 09:00:00.000,,7796e37e-bc6e-4f98-b5fb-7b34e7e285f9.com.samsung.health.heart_rate.binning_data.json,63050351,2025-10-28 10:07:36.706,2025-10-28 09:07:34.622,,84.0,47.0,,UTC-0300,tWUO8ZL77Z,,com.sec.android.app.shealth,2025-10-28 09:59:59.999,7796e37e-bc6e-4f98-b5fb-7b34e7e285f9,53.0,
,21313,63050351,1,2025-10-28 10:00:00.000,,f14505e9-9b7b-4db9-8549-5dad697ac86a.com.samsung.health.heart_rate.binning_data.json,63050351,2025-10-28 11:06:41.524,2025-10-28 10:07:36.977,,88.0,55.0,,UTC-0300,tWUO8ZL77Z,,com.sec.android.app.shealth,2025-10-28 10:59:59.999,f14505e9-9b7b-4db9-8549-5dad697ac86a,67.0,
,21313,63050351,1,2025-10-28 11:00:00.000,,334d2c4c-4803-45b9-9296-c68dd6204c74.com.samsung.health.heart_rate.binning_data.json,63050351,2025-10-28 12:07:14.138,2025-10-28 11:06:41.673,,107.0,52.0,,UTC-0300,tWUO8ZL77Z,,com.sec.android.app.shealth,2025-10-28 11:59:59.999,334d2c4c-4803-45b9-9296-c68dd6204c74,66.0,
,21313,63050351,1,2025-10-28 12:00:00.000,,581e4e01-7ed5-44cc-ade2-9b5ecc0c8cba.com.samsung.health.heart_rate.binning_data.json,63050351,2025-10-28 13:06:55.664,2025-10-28 12:07:14.410,,128.0,58.0,,UTC-0300,tWUO8ZL77Z,,com.sec.android.app.shealth,2025-10-28 12:59:59.999,581e4e01-7ed5-44cc-ade2-9b5ecc0c8cba,83.0,
,21313,63050351,1,2025-10-28 13:00:00.000,,3ee4875b-3c98-4d32-a774-2a462dd16756.com.samsung.health.heart_rate.binning_data.json,63050351,2025-10-28 14:05:03.608,2025-10-28 13:06:56.284,,122.0,57.0,,UTC-0300,tWUO8ZL77Z,,com.sec.android.app.shealth,2025-10-28 13:59:59.999,3ee4875b-3c98-4d32-a774-2a462dd16756,84.0,
,21313,63050351,1,2025-10-28 14:00:00.000,,e3784a92-6e50-4b0c-b9be-660a8adfee86.com.samsung.health.heart_rate.binning_data.json,63050351,2025-10-28 15:07:55.008,2025-10-28 14:05:26.412,,100.0,58.0,,UTC-0300,tWUO8ZL77Z,,com.sec.android.app.shealth,2025-10-28 14:59:59.999,e3784a92-6e50-4b0c-b9be-660a8adfee86,80.0,
,21313,63050351,1,2025-10-28 15:00:00.000,,0e6a3e74-ee03-48d3-a5b9-9d359dd55e1d.com.samsung.health.heart_rate.binning_data.json,63050351,2025-10-28 16:08:48.820,2025-10-28 15:07:55.130,,103.0,68.0,,UTC-0300,tWUO8ZL77Z,,com.sec.android.app.shealth,2025-10-28 15:59:59.999,0e6a3e74-ee03-48d3-a5b9-9d359dd55e1d,85.0,
,21313,63050351,1,2025-10-28 16:00:00.000,,c5c03cdc-b864-434d-abc8-5b6a668c0038.com.samsung.health.heart_rate.binning_data.json,63050351,2025-10-28 17:05:13.696,2025-10-28 16:08:59.017,,98.0,58.0,,UTC-0300,tWUO8ZL77Z,,com.sec.android.app.shealth,2025-10-28 16:59:59.999,c5c03cdc-b864-434d-abc8-5b6a668c0038,84.0,
,21313,63050351,1,2025-10-28 17:00:00.000,,55e7453a-0cb2-43e5-a091-4c0d4e07c9fe.com.samsung.health.heart_rate.binning_data.json,63050351,2025-10-28 18:02:07.009,2025-10-28 17:05:14.210,,101.0,72.0,,UTC-0300,tWUO8ZL77Z,,com.sec.android.app.shealth,2025-10-28 17:59:59.999,55e7453a-0cb2-43e5-a091-4c0d4e07c9fe,87.0,
,21313,63050351,1,2025-10-28 18:00:00.000,,8277f078-6c28-4b42-9ec6-0b7d4be36b72.com.samsung.health.heart_rate.binning_data.json,63050351,2025-10-28 19:02:05.701,2025-10-28 18:02:07.095,,91.0,60.0,,UTC-0300,tWUO8ZL77Z,,com.sec.android.app.shealth,2025-10-28 18:59:59.999,8277f078-6c28-4b42-9ec6-0b7d4be36b72,77.0,
,21313,63050351,1,2025-10-28 19:00:00.000,,8576cf25-9f7e-4607-8899-f0f924d2bcad.com.samsung.health.heart_rate.binning_data.json,63050351,2025-10-28 20:03:45.343,2025-10-28 19:02:05.798,,79.0,50.0,,UTC-0300,tWUO8ZL77Z,,com.sec.android.app.shealth,2025-10-28 19:59:59.999,8576cf25-9f7e-4607-8899-f0f924d2bcad,58.0,
,21313,63050351,1,2025-10-28 20:00:00.000,,5f46d9ea-5f5c-459d-ac97-bd61bc0dee8b.com.samsung.health.heart_rate.binning_data.json,63050351,2025-10-28 21:03:25.878,2025-10-28 20:03:45.425,,104.0,67.0,,UTC-0300,tWUO8ZL77Z,,com.sec.android.app.shealth,2025-10-28 20:59:59.999,5f46d9ea-5f5c-459d-ac97-bd61bc0dee8b,86.0,
,21313,63050351,1,2025-10-29 02:00:00.000,,4ceee4bf-c7df-4e66-a383-83c10e7820ae.com.samsung.health.heart_rate.binning_data.json,63050351,2025-10-29 03:05:39.425,2025-10-29 02:05:24.161,,62.0,47.0,,UTC-0300,tWUO8ZL77Z,,com.sec.android.app.shealth,2025-10-29 02:59:59.999,4ceee4bf-c7df-4e66-a383-83c10e7820ae,51.0,
,21313,63050351,1,2025-10-29 03:00:00.000,,48054c14-9311-4a88-9d78-7b2e9f428309.com.samsung.health.heart_rate.binning_data.json,63050351,2025-10-29 04:05:04.230,2025-10-29 03:05:39.682,,64.0,48.0,,UTC-0300,tWUO8ZL77Z,,com.sec.android.app.shealth,2025-10-29 03:59:59.999,48054c14-9311-4a88-9d78-7b2e9f428309,51.0,
,21313,63050351,1,2025-10-28 21:00:00.000,,842017b4-05ae-480a-902a-febce77ccbb3.com.samsung.health.heart_rate.binning_data.json,63050351,2025-10-29 00:20:37.381,2025-10-28 21:03:26.287,,98.0,69.0,,UTC-0300,tWUO8ZL77Z,,com.sec.android.app.shealth,2025-10-28 21:59:59.999,842017b4-05ae-480a-902a-febce77ccbb3,82.0,
,21316,63050351,1,2025-10-29 00:26:19.366,,,63050351,2025-10-29 00:38:42.066,2025-10-28 03:52:45.960,,,,,UTC-0300,tWUO8ZL77Z,,com.sec.android.app.shealth,2025-10-29 00:26:19.366,9bd81bb5-2c2c-4984-b6f8-cc3fd5d8970a,53.0,
,21313,63050351,1,2025-10-29 00:00:00.000,,748035f0-0e38-4192-8538-3264415cbd2c.com.samsung.health.heart_rate.binning_data.json,63050351,2025-10-29 01:05:08.655,2025-10-29 00:20:37.541,,80.0,50.0,,UTC-0300,tWUO8ZL77Z,,com.sec.android.app.shealth,2025-10-29 00:59:59.999,748035f0-0e38-4192-8538-3264415cbd2c,54.0,
,21313,63050351,1,2025-10-29 01:00:00.000,,74c234ad-ceba-4861-8750-1cc01572fd59.com.samsung.health.heart_rate.binning_data.json,63050351,2025-10-29 02:05:03.515,2025-10-29 01:05:08.941,,68.0,48.0,,UTC-0300,tWUO8ZL77Z,,com.sec.android.app.shealth,2025-10-29 01:59:59.999,74c234ad-ceba-4861-8750-1cc01572fd59,51.0,
,21313,63050351,1,2025-10-29 04:00:00.000,,46a4ba04-3ec8-453f-9c1a-55710c4a8d50.com.samsung.health.heart_rate.binning_data.json,63050351,2025-10-29 05:07:49.365,2025-10-29 04:05:53.991,,71.0,47.0,,UTC-0300,tWUO8ZL77Z,,com.sec.android.app.shealth,2025-10-29 04:59:59.999,46a4ba04-3ec8-453f-9c1a-55710c4a8d50,52.0,
,21313,63050351,1,2025-10-29 05:00:00.000,,dbdb1562-c056-4079-9c9f-527ceceb1d81.com.samsung.health.heart_rate.binning_data.json,63050351,2025-10-29 06:03:56.075,2025-10-29 05:07:49.496,,80.0,49.0,,UTC-0300,tWUO8ZL77Z,,com.sec.android.app.shealth,2025-10-29 05:59:59.999,dbdb1562-c056-4079-9c9f-527ceceb1d81,58.0,
,21313,63050351,1,2025-10-29 06:00:00.000,,c5c79dd7-6863-4a03-9e64-15998d5c4884.com.samsung.health.heart_rate.binning_data.json,63050351,2025-10-29 07:08:03.514,2025-10-29 06:03:56.191,,69.0,49.0,,UTC-0300,tWUO8ZL77Z,,com.sec.android.app.shealth,2025-10-29 06:59:59.999,c5c79dd7-6863-4a03-9e64-15998d5c4884,52.0,
,21313,63050351,1,2025-10-29 07:00:00.000,,2b4fcb37-11e9-411f-809e-fada78b4769a.com.samsung.health.heart_rate.binning_data.json,63050351,2025-10-29 08:05:33.617,2025-10-29 07:08:32.940,,70.0,46.0,,UTC-0300,tWUO8ZL77Z,,com.sec.android.app.shealth,2025-10-29 07:59:59.999,2b4fcb37-11e9-411f-809e-fada78b4769a,51.0,
,21313,63050351,1,2025-10-29 08:00:00.000,,048d6da3-85bc-403a-b70e-f02042703198.com.samsung.health.heart_rate.binning_data.json,63050351,2025-10-29 09:08:06.048,2025-10-29 08:05:33.796,,65.0,45.0,,UTC-0300,tWUO8ZL77Z,,com.sec.android.app.shealth,2025-10-29 08:59:59.999,048d6da3-85bc-403a-b70e-f02042703198,49.0,
,21313,63050351,1,2025-10-29 09:00:00.000,,0fe58efb-2580-49ca-818f-6ff20f6b39ae.com.samsung.health.heart_rate.binning_data.json,63050351,2025-10-29 10:04:45.344,2025-10-29 09:10:07.165,,83.0,45.0,,UTC-0300,tWUO8ZL77Z,,com.sec.android.app.shealth,2025-10-29 09:59:59.999,0fe58efb-2580-49ca-818f-6ff20f6b39ae,51.0,
,21313,63050351,1,2025-10-29 10:00:00.000,,6baef42b-9976-4714-9d1a-c188a323923e.com.samsung.health.heart_rate.binning_data.json,63050351,2025-10-29 11:01:11.636,2025-10-29 10:04:45.492,,102.0,53.0,,UTC-0300,tWUO8ZL77Z,,com.sec.android.app.shealth,2025-10-29 10:59:59.999,6baef42b-9976-4714-9d1a-c188a323923e,69.0,
,21313,63050351,1,2025-10-29 11:00:00.000,,47a2ae40-9b20-42aa-b773-524bf052347e.com.samsung.health.heart_rate.binning_data.json,63050351,2025-10-29 12:01:01.248,2025-10-29 11:01:11.761,,96.0,72.0,,UTC-0300,tWUO8ZL77Z,,com.sec.android.app.shealth,2025-10-29 11:59:59.999,47a2ae40-9b20-42aa-b773-524bf052347e,81.0,
,21313,63050351,1,2025-10-29 12:00:00.000,,81f56689-13ca-440d-868e-a9b2deaa128b.com.samsung.health.heart_rate.binning_data.json,63050351,2025-10-29 13:02:37.509,2025-10-29 12:01:01.314,,95.0,68.0,,UTC-0300,tWUO8ZL77Z,,com.sec.android.app.shealth,2025-10-29 12:59:59.999,81f56689-13ca-440d-868e-a9b2deaa128b,80.0,
,21313,63050351,1,2025-10-29 13:00:00.000,,3d72df42-1bd9-4a4b-a7a9-60973f0d2f06.com.samsung.health.heart_rate.binning_data.json,63050351,2025-10-29 14:03:46.783,2025-10-29 13:02:37.600,,98.0,61.0,,UTC-0300,tWUO8ZL77Z,,com.sec.android.app.shealth,2025-10-29 13:59:59.999,3d72df42-1bd9-4a4b-a7a9-60973f0d2f06,76.0,
,21313,63050351,1,2025-10-29 14:00:00.000,,61d158c1-84b0-4424-9569-df83ce782272.com.samsung.health.heart_rate.binning_data.json,63050351,2025-10-29 15:02:43.987,2025-10-29 14:03:46.870,,87.0,61.0,,UTC-0300,tWUO8ZL77Z,,com.sec.android.app.shealth,2025-10-29 14:59:59.999,61d158c1-84b0-4424-9569-df83ce782272,72.0,
,21313,63050351,1,2025-10-29 15:00:00.000,,dc0ab755-4976-4d5f-917b-16b5d45889d5.com.samsung.health.heart_rate.binning_data.json,63050351,2025-10-29 16:07:15.087,2025-10-29 15:02:44.113,,101.0,63.0,,UTC-0300,tWUO8ZL77Z,,com.sec.android.app.shealth,2025-10-29 15:59:59.999,dc0ab755-4976-4d5f-917b-16b5d45889d5,79.0,
,21313,63050351,1,2025-10-29 16:00:00.000,,2bd6fd5e-d7b8-4dd7-be4f-2073c6749c24.com.samsung.health.heart_rate.binning_data.json,63050351,2025-10-29 17:05:04.291,2025-10-29 16:07:15.242,,110.0,64.0,,UTC-0300,tWUO8ZL77Z,,com.sec.android.app.shealth,2025-10-29 16:59:59.999,2bd6fd5e-d7b8-4dd7-be4f-2073c6749c24,82.0,
,21313,63050351,1,2025-10-29 17:00:00.000,,f2044fd8-0181-44bd-bb7f-066b17603da6.com.samsung.health.heart_rate.binning_data.json,63050351,2025-10-29 18:08:00.238,2025-10-29 17:05:28.974,,103.0,62.0,,UTC-0300,tWUO8ZL77Z,,com.sec.android.app.shealth,2025-10-29 17:59:59.999,f2044fd8-0181-44bd-bb7f-066b17603da6,80.0,
,21313,63050351,1,2025-10-29 18:00:00.000,,21ff7506-4d4d-4933-a576-685e245b247e.com.samsung.health.heart_rate.binning_data.json,63050351,2025-10-29 19:08:46.763,2025-10-29 18:08:00.345,,128.0,79.0,,UTC-0300,tWUO8ZL77Z,,com.sec.android.app.shealth,2025-10-29 18:59:59.999,21ff7506-4d4d-4933-a576-685e245b247e,97.0,
,21313,63050351,1,2025-10-29 19:00:00.000,,730b8e5d-e989-450a-851e-85119c8aaddf.com.samsung.health.heart_rate.binning_data.json,63050351,2025-10-29 20:02:38.831,2025-10-29 19:08:47.121,,103.0,62.0,,UTC-0300,tWUO8ZL77Z,,com.sec.android.app.shealth,2025-10-29 19:59:59.999,730b8e5d-e989-450a-851e-85119c8aaddf,80.0,
,21313,63050351,1,2025-10-29 20:00:00.000,,2902d483-80ef-4a9b-84d6-083eccb6bc0b.com.samsung.health.heart_rate.binning_data.json,63050351,2025-10-29 21:05:03.116,2025-10-29 20:02:38.910,,106.0,57.0,,UTC-0300,tWUO8ZL77Z,,com.sec.android.app.shealth,2025-10-29 20:59:59.999,2902d483-80ef-4a9b-84d6-083eccb6bc0b,69.0,
,21313,63050351,1,2025-10-29 21:00:00.000,,6db2243c-4bc7-4eb3-9d05-e38e533bd344.com.samsung.health.heart_rate.binning_data.json,63050351,2025-10-29 22:06:36.265,2025-10-29 21:08:26.908,,90.0,56.0,,UTC-0300,tWUO8ZL77Z,,com.sec.android.app.shealth,2025-10-29 21:59:59.999,6db2243c-4bc7-4eb3-9d05-e38e533bd344,70.0,
,21313,63050351,1,2025-10-29 22:00:00.000,,bacc6c96-3fbb-4db0-a0fb-34a2d9ae798f.com.samsung.health.heart_rate.binning_data.json,63050351,2025-10-29 23:06:03.203,2025-10-29 22:06:36.413,,92.0,57.0,,UTC-0300,tWUO8ZL77Z,,com.sec.android.app.shealth,2025-10-29 22:59:59.999,bacc6c96-3fbb-4db0-a0fb-34a2d9ae798f,69.0,
,21313,63050351,1,2025-10-29 23:00:00.000,,b8260537-2525-4dd5-9901-6cacc2e4cd40.com.samsung.health.heart_rate.binning_data.json,63050351,2025-10-29 23:06:03.388,2025-10-29 23:06:03.388,,85.0,66.0,,UTC-0300,tWUO8ZL77Z,,com.sec.android.app.shealth,2025-10-29 23:06:03.370,b8260537-2525-4dd5-9901-6cacc2e4cd40,74.0,
,21313,63060051,1,2025-10-30 01:00:00.000,,4c1b0b65-579d-4974-a3b6-b347f0b6aec4.com.samsung.health.heart_rate.binning_data.json,63060051,2025-10-30 02:05:54.699,2025-10-30 01:10:08.487,,82.0,48.0,,UTC-0300,tWUO8ZL77Z,,com.sec.android.app.shealth,2025-10-30 01:59:59.999,4c1b0b65-579d-4974-a3b6-b347f0b6aec4,55.0,
,21313,63060051,1,2025-10-30 02:00:00.000,,9823b6e3-5bd5-4fe6-a0a4-de79065d3846.com.samsung.health.heart_rate.binning_data.json,63060051,2025-10-30 03:10:43.774,2025-10-30 02:06:29.127,,65.0,47.0,,UTC-0300,tWUO8ZL77Z,,com.sec.android.app.shealth,2025-10-30 02:59:59.999,9823b6e3-5bd5-4fe6-a0a4-de79065d3846,51.0,
,21313,63060051,1,2025-10-30 03:00:00.000,,c7e36644-7c5d-4783-a855-692b825f7d74.com.samsung.health.heart_rate.binning_data.json,63060051,2025-10-30 04:05:03.715,2025-10-30 03:14:59.743,,73.0,47.0,,UTC-0300,tWUO8ZL77Z,,com.sec.android.app.shealth,2025-10-30 03:59:59.999,c7e36644-7c5d-4783-a855-692b825f7d74,53.0,
,21313,63060051,1,2025-10-30 04:00:00.000,,092e2e63-df12-4f87-942f-4ea9e27beffd.com.samsung.health.heart_rate.binning_data.json,63060051,2025-10-30 05:07:15.925,2025-10-30 04:07:00.486,,65.0,45.0,,UTC-0300,tWUO8ZL77Z,,com.sec.android.app.shealth,2025-10-30 04:59:59.999,092e2e63-df12-4f87-942f-4ea9e27beffd,48.0,
,21313,63060051,1,2025-10-30 05:00:00.000,,8f0996a8-a505-4ef3-a712-f36a2ec03ab0.com.samsung.health.heart_rate.binning_data.json,63060051,2025-10-30 06:05:03.519,2025-10-30 05:09:42.272,,76.0,43.0,,UTC-0300,tWUO8ZL77Z,,com.sec.android.app.shealth,2025-10-30 05:59:59.999,8f0996a8-a505-4ef3-a712-f36a2ec03ab0,49.0,
,21313,63060051,1,2025-10-30 08:00:00.000,,b657556a-016a-4d99-8d7d-74c7d0e42e85.com.samsung.health.heart_rate.binning_data.json,63060051,2025-10-30 09:05:44.034,2025-10-30 08:07:12.410,,64.0,44.0,,UTC-0300,tWUO8ZL77Z,,com.sec.android.app.shealth,2025-10-30 08:59:59.999,b657556a-016a-4d99-8d7d-74c7d0e42e85,49.0,
,21313,63060051,1,2025-10-30 00:00:00.000,,664c79b5-3ef1-47f7-9da8-6b615d2e8ebb.com.samsung.health.heart_rate.binning_data.json,63060051,2025-10-30 01:00:22.340,2025-10-30 00:28:31.623,,96.0,51.0,,UTC-0300,tWUO8ZL77Z,,com.sec.android.app.shealth,2025-10-30 00:59:59.999,664c79b5-3ef1-47f7-9da8-6b615d2e8ebb,58.0,
,21316,63050351,1,2025-10-30 00:59:47.421,,,63060051,2025-10-30 01:46:23.693,2025-10-29 17:09:16.053,,,,,UTC-0300,tWUO8ZL77Z,,com.sec.android.app.shealth,2025-10-30 00:59:47.421,b301d146-d804-464e-9465-1edf4235eb16,54.0,
,21313,63060051,1,2025-10-30 07:00:00.000,,4e62b34d-3852-4dd2-ac67-04e889e2fde3.com.samsung.health.heart_rate.binning_data.json,63060051,2025-10-30 08:05:28.013,2025-10-30 07:06:28.094,,73.0,47.0,,UTC-0300,tWUO8ZL77Z,,com.sec.android.app.shealth,2025-10-30 07:59:59.999,4e62b34d-3852-4dd2-ac67-04e889e2fde3,53.0,
,21313,63060051,1,2025-10-30 06:00:00.000,,bc5f7020-08ad-4752-98d9-534101d03d9a.com.samsung.health.heart_rate.binning_data.json,63060051,2025-10-30 07:05:12.180,2025-10-30 06:07:28.671,,66.0,47.0,,UTC-0300,tWUO8ZL77Z,,com.sec.android.app.shealth,2025-10-30 06:59:59.999,bc5f7020-08ad-4752-98d9-534101d03d9a,51.0,
,21313,63060051,1,2025-10-30 09:00:00.000,,eacb7bce-c125-46f1-97e6-6612d127c26e.com.samsung.health.heart_rate.binning_data.json,63060051,2025-10-30 10:03:24.826,2025-10-30 09:07:09.607,,76.0,44.0,,UTC-0300,tWUO8ZL77Z,,com.sec.android.app.shealth,2025-10-30 09:59:59.999,eacb7bce-c125-46f1-97e6-6612d127c26e,54.0,
,21313,63060051,1,2025-10-30 10:00:00.000,,43e75017-b7c8-48af-8073-8be002fa9936.com.samsung.health.heart_rate.binning_data.json,63060051,2025-10-30 11:05:02.476,2025-10-30 10:03:24.940,,80.0,51.0,,UTC-0300,tWUO8ZL77Z,,com.sec.android.app.shealth,2025-10-30 10:59:59.999,43e75017-b7c8-48af-8073-8be002fa9936,58.0,
,21313,63060051,1,2025-10-30 12:00:00.000,,a086bcde-1cc5-400b-a96b-0434e1911c04.com.samsung.health.heart_rate.binning_data.json,63060051,2025-10-30 13:02:29.920,2025-10-30 12:11:44.569,,88.0,55.0,,UTC-0300,tWUO8ZL77Z,,com.sec.android.app.shealth,2025-10-30 12:59:59.999,a086bcde-1cc5-400b-a96b-0434e1911c04,66.0,
,21313,63060051,1,2025-10-30 11:00:00.000,,22caa89b-1582-4e75-9a75-84891b1e7db5.com.samsung.health.heart_rate.binning_data.json,63060051,2025-10-30 12:10:19.493,2025-10-30 11:05:21.762,,87.0,50.0,,UTC-0300,tWUO8ZL77Z,,com.sec.android.app.shealth,2025-10-30 11:59:59.999,22caa89b-1582-4e75-9a75-84891b1e7db5,60.0,
,21313,63060051,1,2025-10-30 13:00:00.000,,6a6cab96-57b6-43d8-b273-94801b723e49.com.samsung.health.heart_rate.binning_data.json,63060051,2025-10-30 14:04:00.604,2025-10-30 13:02:30.539,,95.0,56.0,,UTC-0300,tWUO8ZL77Z,,com.sec.android.app.shealth,2025-10-30 13:59:59.999,6a6cab96-57b6-43d8-b273-94801b723e49,77.0,
,21313,63060051,1,2025-10-30 14:00:00.000,,c6f23d19-b7ae-44a6-b815-862fb52f0d61.com.samsung.health.heart_rate.binning_data.json,63060051,2025-10-30 15:02:17.491,2025-10-30 14:04:00.751,,101.0,55.0,,UTC-0300,tWUO8ZL77Z,,com.sec.android.app.shealth,2025-10-30 14:59:59.999,c6f23d19-b7ae-44a6-b815-862fb52f0d61,71.0,
,21313,63060051,1,2025-10-30 15:00:00.000,,48941d44-9241-48f3-b3c9-a540113e204d.com.samsung.health.heart_rate.binning_data.json,63060051,2025-10-30 16:01:36.566,2025-10-30 15:02:17.713,,108.0,56.0,,UTC-0300,tWUO8ZL77Z,,com.sec.android.app.shealth,2025-10-30 15:59:59.999,48941d44-9241-48f3-b3c9-a540113e204d,82.0,
,21313,63060051,1,2025-10-30 16:00:00.000,,90141b83-ec3d-42e2-9b04-21dcdf881176.com.samsung.health.heart_rate.binning_data.json,63060051,2025-10-30 17:00:35.321,2025-10-30 16:01:36.644,,103.0,63.0,,UTC-0300,tWUO8ZL77Z,,com.sec.android.app.shealth,2025-10-30 16:59:59.999,90141b83-ec3d-42e2-9b04-21dcdf881176,79.0,
,21313,63060051,1,2025-10-30 17:00:00.000,,e166bd8d-7166-4c3c-a19d-b2359948fe26.com.samsung.health.heart_rate.binning_data.json,63060051,2025-10-30 18:05:12.611,2025-10-30 17:15:00.598,,87.0,57.0,,UTC-0300,tWUO8ZL77Z,,com.sec.android.app.shealth,2025-10-30 17:59:59.999,e166bd8d-7166-4c3c-a19d-b2359948fe26,70.0,
,21313,63060051,1,2025-10-30 18:00:00.000,,aedfda90-9668-4a6c-8aae-c7c2b053459a.com.samsung.health.heart_rate.binning_data.json,63060051,2025-10-30 19:00:55.504,2025-10-30 18:05:43.847,,87.0,56.0,,UTC-0300,tWUO8ZL77Z,,com.sec.android.app.shealth,2025-10-30 18:59:59.999,aedfda90-9668-4a6c-8aae-c7c2b053459a,69.0,
,21313,63060051,1,2025-10-30 19:00:00.000,,20746559-705f-4d91-821a-d01357deac86.com.samsung.health.heart_rate.binning_data.json,63060051,2025-10-30 20:07:24.710,2025-10-30 19:03:49.338,,100.0,65.0,,UTC-0300,tWUO8ZL77Z,,com.sec.android.app.shealth,2025-10-30 19:59:59.999,20746559-705f-4d91-821a-d01357deac86,79.0,
,21313,63060051,1,2025-10-30 21:00:00.000,,fc70e433-2e37-42a7-b544-13c4d1df036f.com.samsung.health.heart_rate.binning_data.json,63060051,2025-10-30 22:07:11.609,2025-10-30 21:01:52.648,,84.0,60.0,,UTC-0300,tWUO8ZL77Z,,com.sec.android.app.shealth,2025-10-30 21:59:59.999,fc70e433-2e37-42a7-b544-13c4d1df036f,71.0,
,21313,63060051,1,2025-10-30 20:00:00.000,,df13d6fc-62a2-4fc3-8582-1f5e93fa725b.com.samsung.health.heart_rate.binning_data.json,63060051,2025-10-30 21:01:52.579,2025-10-30 20:07:49.009,,100.0,61.0,,UTC-0300,tWUO8ZL77Z,,com.sec.android.app.shealth,2025-10-30 20:59:59.999,df13d6fc-62a2-4fc3-8582-1f5e93fa725b,74.0,
,21313,63060051,1,2025-10-30 22:00:00.000,,3b96e6e0-0e35-49f1-a6aa-b857e522abb4.com.samsung.health.heart_rate.binning_data.json,63060051,2025-10-30 23:02:10.758,2025-10-30 22:07:11.874,,88.0,57.0,,UTC-0300,tWUO8ZL77Z,,com.sec.android.app.shealth,2025-10-30 22:59:59.999,3b96e6e0-0e35-49f1-a6aa-b857e522abb4,69.0,
,21313,63060051,1,2025-10-30 23:00:00.000,,6f5a686c-0951-435f-8475-bc93fb50e106.com.samsung.health.heart_rate.binning_data.json,63060051,2025-10-31 00:50:38.358,2025-10-30 23:02:11.108,,98.0,55.0,,UTC-0300,tWUO8ZL77Z,,com.sec.android.app.shealth,2025-10-30 23:59:59.999,6f5a686c-0951-435f-8475-bc93fb50e106,69.0,
,21313,63060051,1,2025-10-31 00:00:00.000,,3723a604-74a7-477f-8e8a-b4e249e01b7a.com.samsung.health.heart_rate.binning_data.json,63060051,2025-10-31 01:01:59.201,2025-10-31 00:50:38.782,,84.0,55.0,,UTC-0300,tWUO8ZL77Z,,com.sec.android.app.shealth,2025-10-31 00:59:59.999,3723a604-74a7-477f-8e8a-b4e249e01b7a,65.0,
,21313,63060051,1,2025-10-31 01:00:00.000,,f5d3b906-a751-4e01-b529-a9aa176763c4.com.samsung.health.heart_rate.binning_data.json,63060051,2025-10-31 02:08:16.779,2025-10-31 01:01:59.275,,83.0,48.0,,UTC-0300,tWUO8ZL77Z,,com.sec.android.app.shealth,2025-10-31 01:59:59.999,f5d3b906-a751-4e01-b529-a9aa176763c4,54.0,
,21316,63060051,1,2025-10-31 02:52:13.790,,,63060051,2025-10-31 02:53:55.151,2025-10-30 03:50:05.881,,,,,UTC-0300,tWUO8ZL77Z,,com.sec.android.app.shealth,2025-10-31 02:52:13.790,ca52941a-2032-4d1d-b10b-693465ae119a,51.0,
,21313,63060051,1,2025-10-31 02:00:00.000,,278165c5-7782-4945-9bb3-657f6549a009.com.samsung.health.heart_rate.binning_data.json,63060051,2025-10-31 03:05:03.382,2025-10-31 02:09:44.668,,71.0,47.0,,UTC-0300,tWUO8ZL77Z,,com.sec.android.app.shealth,2025-10-31 02:59:59.999,278165c5-7782-4945-9bb3-657f6549a009,51.0,
,21313,63060051,1,2025-10-31 03:00:00.000,,e2d1524a-fb41-41b8-8925-8881718d79fd.com.samsung.health.heart_rate.binning_data.json,63060051,2025-10-31 04:08:45.367,2025-10-31 03:11:45.566,,65.0,46.0,,UTC-0300,tWUO8ZL77Z,,com.sec.android.app.shealth,2025-10-31 03:59:59.999,e2d1524a-fb41-41b8-8925-8881718d79fd,51.0,
,21313,63060051,1,2025-10-31 04:00:00.000,,81b4df78-7896-46ee-9e47-d96f37cdbb75.com.samsung.health.heart_rate.binning_data.json,63060051,2025-10-31 05:05:03.548,2025-10-31 04:09:18.290,,62.0,44.0,,UTC-0300,tWUO8ZL77Z,,com.sec.android.app.shealth,2025-10-31 04:59:59.999,81b4df78-7896-46ee-9e47-d96f37cdbb75,50.0,
,21313,63060051,1,2025-10-31 06:00:00.000,,47d70cab-8cf9-4a2b-81d2-3ec48b67fb5b.com.samsung.health.heart_rate.binning_data.json,63060051,2025-10-31 07:05:11.814,2025-10-31 06:09:57.768,,77.0,44.0,,UTC-0300,tWUO8ZL77Z,,com.sec.android.app.shealth,2025-10-31 06:59:59.999,47d70cab-8cf9-4a2b-81d2-3ec48b67fb5b,51.0,
,21313,63060051,1,2025-10-31 05:00:00.000,,6bf4be06-01c4-4f42-8168-678aae375799.com.samsung.health.heart_rate.binning_data.json,63060051,2025-10-31 06:05:03.861,2025-10-31 05:05:04.542,,74.0,46.0,,UTC-0300,tWUO8ZL77Z,,com.sec.android.app.shealth,2025-10-31 05:59:59.999,6bf4be06-01c4-4f42-8168-678aae375799,51.0,
,21313,63060051,1,2025-10-31 07:00:00.000,,8b533d48-ef42-4f0d-beb7-42306357dca8.com.samsung.health.heart_rate.binning_data.json,63060051,2025-10-31 08:05:27.565,2025-10-31 07:07:27.343,,61.0,45.0,,UTC-0300,tWUO8ZL77Z,,com.sec.android.app.shealth,2025-10-31 07:59:59.999,8b533d48-ef42-4f0d-beb7-42306357dca8,50.0,
,21313,63060051,1,2025-10-31 08:00:00.000,,6d5285d2-df2d-43bc-8324-38eba0b3402a.com.samsung.health.heart_rate.binning_data.json,63060051,2025-10-31 09:03:43.450,2025-10-31 08:06:29.904,,85.0,44.0,,UTC-0300,tWUO8ZL77Z,,com.sec.android.app.shealth,2025-10-31 08:59:59.999,6d5285d2-df2d-43bc-8324-38eba0b3402a,58.0,
,21313,63060051,1,2025-10-31 10:00:00.000,,99e16eea-796c-41c8-b5bb-09d0a69e4db7.com.samsung.health.heart_rate.binning_data.json,63060051,2025-10-31 11:04:00.337,2025-10-31 10:03:02.810,,103.0,55.0,,UTC-0300,tWUO8ZL77Z,,com.sec.android.app.shealth,2025-10-31 10:59:59.999,99e16eea-796c-41c8-b5bb-09d0a69e4db7,72.0,
,21313,63060051,1,2025-10-31 09:00:00.000,,44e522dc-1aa4-43e3-a94e-f9049616494e.com.samsung.health.heart_rate.binning_data.json,63060051,2025-10-31 10:03:02.715,2025-10-31 09:03:43.557,,86.0,53.0,,UTC-0300,tWUO8ZL77Z,,com.sec.android.app.shealth,2025-10-31 09:59:59.999,44e522dc-1aa4-43e3-a94e-f9049616494e,67.0,
,21313,63060051,1,2025-10-31 11:00:00.000,,340742d8-5209-4d76-90dc-ea7ebe8bafbf.com.samsung.health.heart_rate.binning_data.json,63060051,2025-10-31 12:05:15.042,2025-10-31 11:04:00.613,,94.0,56.0,,UTC-0300,tWUO8ZL77Z,,com.sec.android.app.shealth,2025-10-31 11:59:59.999,340742d8-5209-4d76-90dc-ea7ebe8bafbf,73.0,
,21313,63060051,1,2025-10-31 12:00:00.000,,fcb169ab-9f02-438c-902a-c199f975d108.com.samsung.health.heart_rate.binning_data.json,63060051,2025-10-31 13:00:49.257,2025-10-31 12:05:15.219,,88.0,59.0,,UTC-0300,tWUO8ZL77Z,,com.sec.android.app.shealth,2025-10-31 12:59:59.999,fcb169ab-9f02-438c-902a-c199f975d108,72.0,
,21313,63060051,1,2025-10-31 13:00:00.000,,e948f153-b52c-4b46-ae95-286343583bff.com.samsung.health.heart_rate.binning_data.json,63060051,2025-10-31 14:04:04.646,2025-10-31 13:11:29.344,,86.0,54.0,,UTC-0300,tWUO8ZL77Z,,com.sec.android.app.shealth,2025-10-31 13:59:59.999,e948f153-b52c-4b46-ae95-286343583bff,70.0,
,21313,63060051,1,2025-10-31 14:00:00.000,,9b4de276-307d-4bcb-808e-b01c97288025.com.samsung.health.heart_rate.binning_data.json,63060051,2025-10-31 15:01:59.336,2025-10-31 14:04:05.154,,105.0,62.0,,UTC-0300,tWUO8ZL77Z,,com.sec.android.app.shealth,2025-10-31 14:59:59.999,9b4de276-307d-4bcb-808e-b01c97288025,85.0,
,21313,63060051,1,2025-10-31 15:00:00.000,,0d6df2e3-125a-4f37-a0cf-c7d575d48ca5.com.samsung.health.heart_rate.binning_data.json,63060051,2025-10-31 16:06:03.895,2025-10-31 15:01:59.568,,104.0,65.0,,UTC-0300,tWUO8ZL77Z,,com.sec.android.app.shealth,2025-10-31 15:59:59.999,0d6df2e3-125a-4f37-a0cf-c7d575d48ca5,83.0,
,21313,63060051,1,2025-10-31 16:00:00.000,,50e6119a-9e60-44ab-86d9-877884430972.com.samsung.health.heart_rate.binning_data.json,63060051,2025-10-31 17:02:35.317,2025-10-31 16:06:04.119,,102.0,69.0,,UTC-0300,tWUO8ZL77Z,,com.sec.android.app.shealth,2025-10-31 16:59:59.999,50e6119a-9e60-44ab-86d9-877884430972,83.0,
,21313,63060051,1,2025-10-31 17:00:00.000,,d34ca00e-d1f5-4e8a-a920-e6008a1cc920.com.samsung.health.heart_rate.binning_data.json,63060051,2025-10-31 18:01:32.295,2025-10-31 17:02:35.435,,102.0,55.0,,UTC-0300,tWUO8ZL77Z,,com.sec.android.app.shealth,2025-10-31 17:59:59.999,d34ca00e-d1f5-4e8a-a920-e6008a1cc920,71.0,
,21313,63060051,1,2025-10-31 18:00:00.000,,64ff38b6-b74f-4cb5-8806-1d023c68a3bc.com.samsung.health.heart_rate.binning_data.json,63060051,2025-10-31 19:00:41.467,2025-10-31 18:01:32.453,,95.0,66.0,,UTC-0300,tWUO8ZL77Z,,com.sec.android.app.shealth,2025-10-31 18:59:59.999,64ff38b6-b74f-4cb5-8806-1d023c68a3bc,77.0,
,21313,63060051,1,2025-10-31 19:00:00.000,,d5ce0e69-058c-4120-90f3-1dc9db451fb4.com.samsung.health.heart_rate.binning_data.json,63060051,2025-10-31 20:03:47.788,2025-10-31 19:13:20.645,,93.0,65.0,,UTC-0300,tWUO8ZL77Z,,com.sec.android.app.shealth,2025-10-31 19:59:59.999,d5ce0e69-058c-4120-90f3-1dc9db451fb4,77.0,
,21313,63060051,1,2025-10-31 20:00:00.000,,fd1b2840-ecbf-44cb-a772-db22e594186c.com.samsung.health.heart_rate.binning_data.json,63060051,2025-10-31 21:01:27.407,2025-10-31 20:03:48.073,,96.0,69.0,,UTC-0300,tWUO8ZL77Z,,com.sec.android.app.shealth,2025-10-31 20:59:59.999,fd1b2840-ecbf-44cb-a772-db22e594186c,81.0,
,21313,63060051,1,2025-10-31 21:00:00.000,,2b1da859-21a9-490f-b2e8-0773d5c9b03b.com.samsung.health.heart_rate.binning_data.json,63060051,2025-10-31 22:01:38.133,2025-10-31 21:01:27.473,,94.0,67.0,,UTC-0300,tWUO8ZL77Z,,com.sec.android.app.shealth,2025-10-31 21:59:59.999,2b1da859-21a9-490f-b2e8-0773d5c9b03b,77.0,
,21313,63060051,1,2025-10-31 22:00:00.000,,c9430e5b-300f-4ae4-8207-d70c070515c5.com.samsung.health.heart_rate.binning_data.json,63060051,2025-11-01 00:33:09.193,2025-10-31 22:01:38.199,,89.0,71.0,,UTC-0300,tWUO8ZL77Z,,com.sec.android.app.shealth,2025-10-31 22:59:59.999,c9430e5b-300f-4ae4-8207-d70c070515c5,82.0,
,21313,63060051,1,2025-11-01 00:00:00.000,,9b3e5b61-4970-4091-9ee5-e43bad0ef8e8.com.samsung.health.heart_rate.binning_data.json,63060051,2025-11-01 01:02:38.071,2025-11-01 00:33:09.345,,88.0,55.0,,UTC-0300,tWUO8ZL77Z,,com.sec.android.app.shealth,2025-11-01 00:59:59.999,9b3e5b61-4970-4091-9ee5-e43bad0ef8e8,64.0,
,21316,63060051,1,2025-10-31 03:12:19.368,,,63060051,2025-11-01 01:02:38.329,2025-10-31 09:45:03.332,,,,,UTC-0300,tWUO8ZL77Z,,com.sec.android.app.shealth,2025-10-31 03:12:19.368,e3ec7307-57e4-46c4-ac7c-664259b11732,52.0,
,21313,63060051,1,2025-11-01 01:00:00.000,,0722bfe7-1a8e-4940-a388-3355842c0ffd.com.samsung.health.heart_rate.binning_data.json,63060051,2025-11-01 02:03:52.717,2025-11-01 01:02:38.229,,87.0,57.0,,UTC-0300,tWUO8ZL77Z,,com.sec.android.app.shealth,2025-11-01 01:59:59.999,0722bfe7-1a8e-4940-a388-3355842c0ffd,71.0,
,21313,63060051,1,2025-11-01 04:00:00.000,,cef1e403-34a5-4206-8e8f-b603be60cca3.com.samsung.health.heart_rate.binning_data.json,63060051,2025-11-01 05:00:59.750,2025-11-01 04:05:11.328,,64.0,46.0,,UTC-0300,tWUO8ZL77Z,,com.sec.android.app.shealth,2025-11-01 04:59:59.999,cef1e403-34a5-4206-8e8f-b603be60cca3,52.0,
,21313,63060051,1,2025-11-01 05:00:00.000,,ffaf5cc7-2076-45cc-a0d8-2554725d6dc6.com.samsung.health.heart_rate.binning_data.json,63060051,2025-11-01 06:05:40.201,2025-11-01 05:00:59.875,,67.0,46.0,,UTC-0300,tWUO8ZL77Z,,com.sec.android.app.shealth,2025-11-01 05:59:59.999,ffaf5cc7-2076-45cc-a0d8-2554725d6dc6,52.0,
,21313,63060051,1,2025-11-01 06:00:00.000,,818bac44-7637-4723-9ddd-26d85ada24c9.com.samsung.health.heart_rate.binning_data.json,63060051,2025-11-01 07:05:11.871,2025-11-01 06:05:40.590,,68.0,47.0,,UTC-0300,tWUO8ZL77Z,,com.sec.android.app.shealth,2025-11-01 06:59:59.999,818bac44-7637-4723-9ddd-26d85ada24c9,51.0,
,21313,63060051,1,2025-11-01 07:00:00.000,,16374974-d4b7-44fd-bebd-65c0c0345f65.com.samsung.health.heart_rate.binning_data.json,63060051,2025-11-01 08:05:07.117,2025-11-01 07:05:12.030,,72.0,45.0,,UTC-0300,tWUO8ZL77Z,,com.sec.android.app.shealth,2025-11-01 07:59:59.999,16374974-d4b7-44fd-bebd-65c0c0345f65,50.0,
,21313,63060051,1,2025-11-01 02:00:00.000,,b6170102-bd87-45dc-882c-ca81132f53fe.com.samsung.health.heart_rate.binning_data.json,63060051,2025-11-01 03:00:01.112,2025-11-01 02:03:52.939,,89.0,65.0,,UTC-0300,tWUO8ZL77Z,,com.sec.android.app.shealth,2025-11-01 02:59:59.999,b6170102-bd87-45dc-882c-ca81132f53fe,74.0,
,21313,63060051,1,2025-11-01 03:00:00.000,,bea00d1a-92bb-4ce6-87ef-8c8c8253a6c8.com.samsung.health.heart_rate.binning_data.json,63060051,2025-11-01 04:05:11.057,2025-11-01 03:00:01.623,,91.0,49.0,,UTC-0300,tWUO8ZL77Z,,com.sec.android.app.shealth,2025-11-01 03:59:59.999,bea00d1a-92bb-4ce6-87ef-8c8c8253a6c8,59.0,
,21313,63060051,1,2025-11-01 10:00:00.000,,1df9706d-edf2-4919-b6c9-51cce9f7ac34.com.samsung.health.heart_rate.binning_data.json,63060051,2025-11-01 11:05:51.191,2025-11-01 10:05:25.129,,72.0,45.0,,UTC-0300,tWUO8ZL77Z,,com.sec.android.app.shealth,2025-11-01 10:59:59.999,1df9706d-edf2-4919-b6c9-51cce9f7ac34,52.0,
,21313,63060051,1,2025-11-01 08:00:00.000,,01d40742-b8d3-42bd-8991-d2a4ab6cd884.com.samsung.health.heart_rate.binning_data.json,63060051,2025-11-01 09:05:55.588,2025-11-01 08:06:11.241,,77.0,45.0,,UTC-0300,tWUO8ZL77Z,,com.sec.android.app.shealth,2025-11-01 08:59:59.999,01d40742-b8d3-42bd-8991-d2a4ab6cd884,51.0,
,21313,63060051,1,2025-11-01 09:00:00.000,,99c15b5c-9370-47f8-9b5f-3556f2687463.com.samsung.health.heart_rate.binning_data.json,63060051,2025-11-01 10:05:24.925,2025-11-01 09:05:55.770,,70.0,46.0,,UTC-0300,tWUO8ZL77Z,,com.sec.android.app.shealth,2025-11-01 09:59:59.999,99c15b5c-9370-47f8-9b5f-3556f2687463,51.0,
,21313,63060051,1,2025-11-01 11:00:00.000,,94e6f1a8-375e-4379-997e-52c864b0e836.com.samsung.health.heart_rate.binning_data.json,63060051,2025-11-01 12:05:58.839,2025-11-01 11:05:54.911,,79.0,49.0,,UTC-0300,tWUO8ZL77Z,,com.sec.android.app.shealth,2025-11-01 11:59:59.999,94e6f1a8-375e-4379-997e-52c864b0e836,64.0,
,21313,63060051,1,2025-11-01 12:00:00.000,,49961267-d711-4b64-8034-c8b65d0a55b4.com.samsung.health.heart_rate.binning_data.json,63060051,2025-11-01 13:01:43.611,2025-11-01 12:05:58.955,,91.0,59.0,,UTC-0300,tWUO8ZL77Z,,com.sec.android.app.shealth,2025-11-01 12:59:59.999,49961267-d711-4b64-8034-c8b65d0a55b4,69.0,
,21313,63060051,1,2025-11-01 13:00:00.000,,9408c4fd-bfee-4764-99e0-26a2d6e27bc7.com.samsung.health.heart_rate.binning_data.json,63060051,2025-11-01 14:00:44.362,2025-11-01 13:01:43.867,,92.0,56.0,,UTC-0300,tWUO8ZL77Z,,com.sec.android.app.shealth,2025-11-01 13:59:59.999,9408c4fd-bfee-4764-99e0-26a2d6e27bc7,70.0,
,21313,63060051,1,2025-11-01 14:00:00.000,,6bda9eff-a155-454d-b3f1-0fe23ce0cee9.com.samsung.health.heart_rate.binning_data.json,63060051,2025-11-01 15:01:07.856,2025-11-01 14:01:32.245,,92.0,56.0,,UTC-0300,tWUO8ZL77Z,,com.sec.android.app.shealth,2025-11-01 14:59:59.999,6bda9eff-a155-454d-b3f1-0fe23ce0cee9,72.0,
,21313,63060051,1,2025-11-01 15:00:00.000,,85a380ec-96ea-4751-9616-640f0af192a2.com.samsung.health.heart_rate.binning_data.json,63060051,2025-11-01 16:01:27.181,2025-11-01 15:01:07.931,,96.0,61.0,,UTC-0300,tWUO8ZL77Z,,com.sec.android.app.shealth,2025-11-01 15:59:59.999,85a380ec-96ea-4751-9616-640f0af192a2,76.0,
,21313,63060051,1,2025-11-01 16:00:00.000,,358d4fc2-dd87-493d-ae2a-f7586202359d.com.samsung.health.heart_rate.binning_data.json,63060051,2025-11-01 17:05:04.324,2025-11-01 16:01:27.283,,103.0,71.0,,UTC-0300,tWUO8ZL77Z,,com.sec.android.app.shealth,2025-11-01 16:59:59.999,358d4fc2-dd87-493d-ae2a-f7586202359d,83.0,
,21313,63060051,1,2025-11-01 17:00:00.000,,36b6247a-3fd3-487d-8153-616cec706349.com.samsung.health.heart_rate.binning_data.json,63060051,2025-11-01 18:05:04.269,2025-11-01 17:05:21.883,,93.0,58.0,,UTC-0300,tWUO8ZL77Z,,com.sec.android.app.shealth,2025-11-01 17:59:59.999,36b6247a-3fd3-487d-8153-616cec706349,74.0,
,21313,63060051,1,2025-11-01 18:00:00.000,,a6a1c89f-2244-4410-949b-15d9c22490a3.com.samsung.health.heart_rate.binning_data.json,63060051,2025-11-01 19:03:43.461,2025-11-01 18:11:26.945,,87.0,55.0,,UTC-0300,tWUO8ZL77Z,,com.sec.android.app.shealth,2025-11-01 18:59:59.999,a6a1c89f-2244-4410-949b-15d9c22490a3,63.0,
,21313,63060051,1,2025-11-01 19:00:00.000,,c4359aba-3cb1-4501-82fb-084038691cef.com.samsung.health.heart_rate.binning_data.json,63060051,2025-11-01 20:01:50.576,2025-11-01 19:03:43.555,,93.0,59.0,,UTC-0300,tWUO8ZL77Z,,com.sec.android.app.shealth,2025-11-01 19:59:59.999,c4359aba-3cb1-4501-82fb-084038691cef,77.0,
,21313,63060051,1,2025-11-01 20:00:00.000,,09b48dbe-f17c-409a-aeed-068675b2a50a.com.samsung.health.heart_rate.binning_data.json,63060051,2025-11-01 21:01:37.157,2025-11-01 20:01:50.669,,96.0,67.0,,UTC-0300,tWUO8ZL77Z,,com.sec.android.app.shealth,2025-11-01 20:59:59.999,09b48dbe-f17c-409a-aeed-068675b2a50a,78.0,
,21313,63060051,1,2025-11-01 21:00:00.000,,b7bdfe06-d3fb-409a-9973-606cc6606ce4.com.samsung.health.heart_rate.binning_data.json,63060051,2025-11-01 22:03:12.197,2025-11-01 21:01:37.260,,90.0,64.0,,UTC-0300,tWUO8ZL77Z,,com.sec.android.app.shealth,2025-11-01 21:59:59.999,b7bdfe06-d3fb-409a-9973-606cc6606ce4,75.0,
,21313,63060051,1,2025-11-01 22:00:00.000,,6b0788d4-67e4-4cc2-9a42-dec8a688e95f.com.samsung.health.heart_rate.binning_data.json,63060051,2025-11-02 01:06:19.091,2025-11-01 22:03:12.450,,90.0,55.0,,UTC-0300,tWUO8ZL77Z,,com.sec.android.app.shealth,2025-11-01 22:59:59.999,6b0788d4-67e4-4cc2-9a42-dec8a688e95f,67.0,
,21313,63060051,1,2025-11-02 01:00:00.000,,8ef7db11-7109-40bf-89a0-48417152862a.com.samsung.health.heart_rate.binning_data.json,63060051,2025-11-02 02:05:52.327,2025-11-02 01:06:19.309,,85.0,50.0,,UTC-0300,tWUO8ZL77Z,,com.sec.android.app.shealth,2025-11-02 01:59:59.999,8ef7db11-7109-40bf-89a0-48417152862a,61.0,
,21316,63060051,1,2025-11-02 01:27:00.289,,,63060051,2025-11-02 02:06:04.194,2025-11-02 01:28:40.483,,,,,UTC-0300,tWUO8ZL77Z,,com.sec.android.app.shealth,2025-11-02 01:27:00.289,9bbfee7f-21dd-4163-a33c-3a3f2244d8c5,55.0,
,21313,63060051,1,2025-11-02 02:00:00.000,,f7418e69-0b80-410c-8d4f-7db249166a29.com.samsung.health.heart_rate.binning_data.json,63060051,2025-11-02 03:02:18.306,2025-11-02 02:06:03.995,,71.0,51.0,,UTC-0300,tWUO8ZL77Z,,com.sec.android.app.shealth,2025-11-02 02:59:59.999,f7418e69-0b80-410c-8d4f-7db249166a29,57.0,
,21313,63060051,1,2025-11-02 04:00:00.000,,c1f54427-872d-4715-ad4e-ed5f9f829cfa.com.samsung.health.heart_rate.binning_data.json,63060051,2025-11-02 05:07:47.624,2025-11-02 04:09:43.689,,70.0,48.0,,UTC-0300,tWUO8ZL77Z,,com.sec.android.app.shealth,2025-11-02 04:59:59.999,c1f54427-872d-4715-ad4e-ed5f9f829cfa,53.0,
,21313,63060051,1,2025-11-02 06:00:00.000,,9d5380c4-5142-4b1d-b353-b1d17fc471c9.com.samsung.health.heart_rate.binning_data.json,63060051,2025-11-02 07:05:18.122,2025-11-02 06:08:03.638,,79.0,49.0,,UTC-0300,tWUO8ZL77Z,,com.sec.android.app.shealth,2025-11-02 06:59:59.999,9d5380c4-5142-4b1d-b353-b1d17fc471c9,54.0,
,21313,63060051,1,2025-11-02 03:00:00.000,,1fd28666-e50d-4748-9d4e-6f9d58c3c921.com.samsung.health.heart_rate.binning_data.json,63060051,2025-11-02 04:07:32.925,2025-11-02 03:37:25.810,,67.0,51.0,,UTC-0300,tWUO8ZL77Z,,com.sec.android.app.shealth,2025-11-02 03:59:59.999,1fd28666-e50d-4748-9d4e-6f9d58c3c921,54.0,
,21313,63060051,1,2025-11-02 05:00:00.000,,0d4dd424-a204-43fe-8b41-13b1691a13e3.com.samsung.health.heart_rate.binning_data.json,63060051,2025-11-02 06:05:03.051,2025-11-02 05:10:22.243,,68.0,48.0,,UTC-0300,tWUO8ZL77Z,,com.sec.android.app.shealth,2025-11-02 05:59:59.999,0d4dd424-a204-43fe-8b41-13b1691a13e3,52.0,
,21313,63060051,1,2025-11-02 08:00:00.000,,69d7605b-656f-4dc9-866e-be1724abb8a4.com.samsung.health.heart_rate.binning_data.json,63060051,2025-11-02 09:06:48.189,2025-11-02 08:09:55.890,,73.0,46.0,,UTC-0300,tWUO8ZL77Z,,com.sec.android.app.shealth,2025-11-02 08:59:59.999,69d7605b-656f-4dc9-866e-be1724abb8a4,50.0,
,21313,63060051,1,2025-11-02 09:00:00.000,,fd50859b-a0ca-4bca-ad40-623afd7470fd.com.samsung.health.heart_rate.binning_data.json,63060051,2025-11-02 10:07:03.361,2025-11-02 09:10:42.203,,78.0,47.0,,UTC-0300,tWUO8ZL77Z,,com.sec.android.app.shealth,2025-11-02 09:59:59.999,fd50859b-a0ca-4bca-ad40-623afd7470fd,52.0,
,21313,63060051,1,2025-11-02 07:00:00.000,,62177428-5f66-4976-bb5f-8f91ce50ea45.com.samsung.health.heart_rate.binning_data.json,63060051,2025-11-02 08:09:55.693,2025-11-02 07:05:18.359,,83.0,47.0,,UTC-0300,tWUO8ZL77Z,,com.sec.android.app.shealth,2025-11-02 07:59:59.999,62177428-5f66-4976-bb5f-8f91ce50ea45,56.0,
,21313,63060051,1,2025-11-02 10:00:00.000,,14843396-65f5-47bd-8421-017147dc3e3d.com.samsung.health.heart_rate.binning_data.json,63060051,2025-11-02 11:05:03.790,2025-11-02 10:10:22.311,,80.0,49.0,,UTC-0300,tWUO8ZL77Z,,com.sec.android.app.shealth,2025-11-02 10:59:59.999,14843396-65f5-47bd-8421-017147dc3e3d,55.0,
,21313,63060051,1,2025-11-02 11:00:00.000,,f7559b80-48ea-4d61-a1db-384fae7de8db.com.samsung.health.heart_rate.binning_data.json,63060051,2025-11-02 12:02:15.461,2025-11-02 11:05:07.698,,85.0,49.0,,UTC-0300,tWUO8ZL77Z,,com.sec.android.app.shealth,2025-11-02 11:59:59.999,f7559b80-48ea-4d61-a1db-384fae7de8db,59.0,
,21313,63060051,1,2025-11-02 12:00:00.000,,7d7ae8d5-e429-4b30-80df-eab07b658203.com.samsung.health.heart_rate.binning_data.json,63060051,2025-11-02 13:00:08.446,2025-11-02 12:02:15.682,,90.0,59.0,,UTC-0300,tWUO8ZL77Z,,com.sec.android.app.shealth,2025-11-02 12:59:59.999,7d7ae8d5-e429-4b30-80df-eab07b658203,68.0,
,21313,63060051,1,2025-11-02 13:00:00.000,,29550f44-e53a-4a45-b4e9-65c8f3e02664.com.samsung.health.heart_rate.binning_data.json,63060051,2025-11-02 14:05:04.125,2025-11-02 13:00:09.762,,79.0,57.0,,UTC-0300,tWUO8ZL77Z,,com.sec.android.app.shealth,2025-11-02 13:59:59.999,29550f44-e53a-4a45-b4e9-65c8f3e02664,65.0,
,21313,63060051,1,2025-11-02 14:00:00.000,,6da17e65-5e93-492c-b8af-0bba6b6cb441.com.samsung.health.heart_rate.binning_data.json,63060051,2025-11-02 15:05:03.872,2025-11-02 14:05:09.609,,86.0,53.0,,UTC-0300,tWUO8ZL77Z,,com.sec.android.app.shealth,2025-11-02 14:59:59.999,6da17e65-5e93-492c-b8af-0bba6b6cb441,63.0,
,21313,63060051,1,2025-11-02 15:00:00.000,,1ec1ea8c-5159-49cb-a212-68e2395e9d3a.com.samsung.health.heart_rate.binning_data.json,63060051,2025-11-02 16:01:10.144,2025-11-02 15:06:25.255,,83.0,53.0,,UTC-0300,tWUO8ZL77Z,,com.sec.android.app.shealth,2025-11-02 15:59:59.999,1ec1ea8c-5159-49cb-a212-68e2395e9d3a,64.0,
,21313,63060051,1,2025-11-02 16:00:00.000,,c9c5d43d-5e15-47af-a8cd-1e5a248796ea.com.samsung.health.heart_rate.binning_data.json,63060051,2025-11-02 17:05:02.820,2025-11-02 16:01:10.456,,82.0,49.0,,UTC-0300,tWUO8ZL77Z,,com.sec.android.app.shealth,2025-11-02 16:59:59.999,c9c5d43d-5e15-47af-a8cd-1e5a248796ea,62.0,
,21313,63060051,1,2025-11-02 17:00:00.000,,6bccf144-9ddd-4535-945f-2c866211d0a1.com.samsung.health.heart_rate.binning_data.json,63060051,2025-11-02 18:05:17.086,2025-11-02 17:05:07.331,,91.0,49.0,,UTC-0300,tWUO8ZL77Z,,com.sec.android.app.shealth,2025-11-02 17:59:59.999,6bccf144-9ddd-4535-945f-2c866211d0a1,68.0,
,21313,63060051,1,2025-11-02 18:00:00.000,,a4af7aab-2081-4492-9600-eb7e28b3d2b8.com.samsung.health.heart_rate.binning_data.json,63060051,2025-11-02 19:01:17.981,2025-11-02 18:05:17.340,,87.0,56.0,,UTC-0300,tWUO8ZL77Z,,com.sec.android.app.shealth,2025-11-02 18:59:59.999,a4af7aab-2081-4492-9600-eb7e28b3d2b8,71.0,
,21313,63060051,1,2025-11-02 19:00:00.000,,aa38770f-0139-4fbf-96c9-68cbb3b8857f.com.samsung.health.heart_rate.binning_data.json,63060051,2025-11-02 20:09:18.872,2025-11-02 19:01:18.076,,88.0,58.0,,UTC-0300,tWUO8ZL77Z,,com.sec.android.app.shealth,2025-11-02 19:59:59.999,aa38770f-0139-4fbf-96c9-68cbb3b8857f,68.0,
,21313,63060051,1,2025-11-02 20:00:00.000,,005662eb-ab5c-4332-b67c-082210140354.com.samsung.health.heart_rate.binning_data.json,63060051,2025-11-02 21:00:15.580,2025-11-02 20:09:19.282,,99.0,59.0,,UTC-0300,tWUO8ZL77Z,,com.sec.android.app.shealth,2025-11-02 20:59:59.999,005662eb-ab5c-4332-b67c-082210140354,74.0,
,21313,63060051,1,2025-11-02 21:00:00.000,,a9ede42f-60a1-4ff3-aa3e-d020071a3767.com.samsung.health.heart_rate.binning_data.json,63060051,2025-11-02 22:01:46.432,2025-11-02 21:22:17.845,,100.0,62.0,,UTC-0300,tWUO8ZL77Z,,com.sec.android.app.shealth,2025-11-02 21:59:59.999,a9ede42f-60a1-4ff3-aa3e-d020071a3767,78.0,
,21313,63060051,1,2025-11-02 22:00:00.000,,37597b95-bb8d-4e7e-aa58-5ea8e771299a.com.samsung.health.heart_rate.binning_data.json,63060051,2025-11-03 00:46:02.546,2025-11-02 22:01:46.513,,87.0,64.0,,UTC-0300,tWUO8ZL77Z,,com.sec.android.app.shealth,2025-11-02 22:59:59.999,37597b95-bb8d-4e7e-aa58-5ea8e771299a,75.0,
,21313,63060051,1,2025-11-03 02:00:00.000,,694f4555-0118-4f03-897c-1dfbd878b069.com.samsung.health.heart_rate.binning_data.json,63060051,2025-11-03 03:08:24.419,2025-11-03 02:10:22.514,,67.0,44.0,,UTC-0300,tWUO8ZL77Z,,com.sec.android.app.shealth,2025-11-03 02:59:59.999,694f4555-0118-4f03-897c-1dfbd878b069,48.0,
,21313,63060051,1,2025-11-03 03:00:00.000,,eea7f0af-1ed9-428d-80da-1d4891fd64bd.com.samsung.health.heart_rate.binning_data.json,63060051,2025-11-03 04:08:33.311,2025-11-03 03:08:24.649,,71.0,45.0,,UTC-0300,tWUO8ZL77Z,,com.sec.android.app.shealth,2025-11-03 03:59:59.999,eea7f0af-1ed9-428d-80da-1d4891fd64bd,49.0,
,21313,63060051,1,2025-11-03 04:00:00.000,,2465ddb9-8d99-416e-8089-edc12a7f5556.com.samsung.health.heart_rate.binning_data.json,63060051,2025-11-03 05:03:09.805,2025-11-03 04:09:01.931,,95.0,46.0,,UTC-0300,tWUO8ZL77Z,,com.sec.android.app.shealth,2025-11-03 04:59:59.999,2465ddb9-8d99-416e-8089-edc12a7f5556,52.0,
,21313,63060051,1,2025-11-03 00:00:00.000,,36514039-a1fb-48c5-8452-37f7ba3ee59a.com.samsung.health.heart_rate.binning_data.json,63060051,2025-11-03 01:06:28.246,2025-11-03 00:46:23.637,,84.0,54.0,,UTC-0300,tWUO8ZL77Z,,com.sec.android.app.shealth,2025-11-03 00:59:59.999,36514039-a1fb-48c5-8452-37f7ba3ee59a,65.0,
,21313,63060051,1,2025-11-03 05:00:00.000,,b862c6c5-fa68-4c06-b651-aa0845b600d9.com.samsung.health.heart_rate.binning_data.json,63060051,2025-11-03 06:05:15.494,2025-11-03 05:03:09.966,,90.0,45.0,,UTC-0300,tWUO8ZL77Z,,com.sec.android.app.shealth,2025-11-03 05:59:59.999,b862c6c5-fa68-4c06-b651-aa0845b600d9,52.0,
,21316,63060051,1,2025-11-03 01:00:30.048,,,63060051,2025-11-03 01:30:39.367,2025-11-02 07:45:19.175,,,,,UTC-0300,tWUO8ZL77Z,,com.sec.android.app.shealth,2025-11-03 01:00:30.048,724738f5-ab11-4efa-8a33-856b2e0e4c7e,49.0,
,21313,63060051,1,2025-11-03 06:00:00.000,,a13b1db8-897b-4de0-b7c3-8f85fc4d0dce.com.samsung.health.heart_rate.binning_data.json,63060051,2025-11-03 07:08:53.361,2025-11-03 06:09:26.981,,70.0,46.0,,UTC-0300,tWUO8ZL77Z,,com.sec.android.app.shealth,2025-11-03 06:59:59.999,a13b1db8-897b-4de0-b7c3-8f85fc4d0dce,49.0,
,21313,63060051,1,2025-11-03 01:00:00.000,,d27e2fb9-f830-4dae-aa0b-ba1a116f583c.com.samsung.health.heart_rate.binning_data.json,63060051,2025-11-03 02:08:33.745,2025-11-03 01:06:28.408,,77.0,44.0,,UTC-0300,tWUO8ZL77Z,,com.sec.android.app.shealth,2025-11-03 01:59:59.999,d27e2fb9-f830-4dae-aa0b-ba1a116f583c,50.0,
,21313,63060051,1,2025-11-03 07:00:00.000,,45fb4f09-4b8c-45ae-9e3d-57e1ae4b7715.com.samsung.health.heart_rate.binning_data.json,63060051,2025-11-03 08:04:00.986,2025-11-03 07:08:53.611,,66.0,43.0,,UTC-0300,tWUO8ZL77Z,,com.sec.android.app.shealth,2025-11-03 07:59:59.999,45fb4f09-4b8c-45ae-9e3d-57e1ae4b7715,48.0,
,21313,63060051,1,2025-11-03 08:00:00.000,,58084eed-c346-475d-a313-d5d31c875bb8.com.samsung.health.heart_rate.binning_data.json,63060051,2025-11-03 09:10:05.414,2025-11-03 08:04:01.129,,89.0,42.0,,UTC-0300,tWUO8ZL77Z,,com.sec.android.app.shealth,2025-11-03 08:59:59.999,58084eed-c346-475d-a313-d5d31c875bb8,49.0,
,21313,63060051,1,2025-11-03 09:00:00.000,,f4025b2a-c3b1-4667-99a7-52f80e2cfb3a.com.samsung.health.heart_rate.binning_data.json,63060051,2025-11-03 10:02:02.816,2025-11-03 09:10:42.488,,82.0,46.0,,UTC-0300,tWUO8ZL77Z,,com.sec.android.app.shealth,2025-11-03 09:59:59.999,f4025b2a-c3b1-4667-99a7-52f80e2cfb3a,56.0,
,21313,63060051,1,2025-11-03 10:00:00.000,,8e800a58-5924-471e-a76e-625ee14ab8b0.com.samsung.health.heart_rate.binning_data.json,63060051,2025-11-03 11:05:03.708,2025-11-03 10:02:02.921,,87.0,55.0,,UTC-0300,tWUO8ZL77Z,,com.sec.android.app.shealth,2025-11-03 10:59:59.999,8e800a58-5924-471e-a76e-625ee14ab8b0,65.0,
,21313,63060051,1,2025-11-03 11:00:00.000,,2d0d94b9-b373-4d68-a406-2b1e510a24c9.com.samsung.health.heart_rate.binning_data.json,63060051,2025-11-03 12:02:42.908,2025-11-03 11:05:04.077,,86.0,54.0,,UTC-0300,tWUO8ZL77Z,,com.sec.android.app.shealth,2025-11-03 11:59:59.999,2d0d94b9-b373-4d68-a406-2b1e510a24c9,63.0,
,21313,63060051,1,2025-11-03 12:00:00.000,,4d9ac86b-eecf-4665-9dc2-186e20b708b2.com.samsung.health.heart_rate.binning_data.json,63060051,2025-11-03 13:01:09.852,2025-11-03 12:02:43.076,,103.0,55.0,,UTC-0300,tWUO8ZL77Z,,com.sec.android.app.shealth,2025-11-03 12:59:59.999,4d9ac86b-eecf-4665-9dc2-186e20b708b2,70.0,
,21313,63060051,1,2025-11-03 13:00:00.000,,84c5f83b-b716-4ee2-b127-a2b5b4e0ec4d.com.samsung.health.heart_rate.binning_data.json,63060051,2025-11-03 14:00:29.583,2025-11-03 13:01:09.920,,117.0,60.0,,UTC-0300,tWUO8ZL77Z,,com.sec.android.app.shealth,2025-11-03 13:59:59.999,84c5f83b-b716-4ee2-b127-a2b5b4e0ec4d,80.0,
,21313,63060051,1,2025-11-03 14:00:00.000,,ffb4658a-adbc-4503-b2d0-fceb3fdd8988.com.samsung.health.heart_rate.binning_data.json,63060051,2025-11-03 15:05:02.906,2025-11-03 14:00:29.833,,107.0,61.0,,UTC-0300,tWUO8ZL77Z,,com.sec.android.app.shealth,2025-11-03 14:59:59.999,ffb4658a-adbc-4503-b2d0-fceb3fdd8988,84.0,
,21313,63060051,1,2025-11-03 15:00:00.000,,c408acb2-596f-4b4f-9527-7c2bcb063127.com.samsung.health.heart_rate.binning_data.json,63060051,2025-11-03 16:05:13.704,2025-11-03 15:05:03.103,,107.0,77.0,,UTC-0300,tWUO8ZL77Z,,com.sec.android.app.shealth,2025-11-03 15:59:59.999,c408acb2-596f-4b4f-9527-7c2bcb063127,93.0,
,21313,63060051,1,2025-11-03 16:00:00.000,,099cf98b-c5c2-4919-80cc-ece948660755.com.samsung.health.heart_rate.binning_data.json,63060051,2025-11-03 17:02:39.602,2025-11-03 16:05:13.874,,113.0,64.0,,UTC-0300,tWUO8ZL77Z,,com.sec.android.app.shealth,2025-11-03 16:59:59.999,099cf98b-c5c2-4919-80cc-ece948660755,88.0,
,21313,63060051,1,2025-11-03 17:00:00.000,,ecef364b-b92a-4d2e-a085-8da783e057bc.com.samsung.health.heart_rate.binning_data.json,63060051,2025-11-03 18:06:51.155,2025-11-03 17:02:39.727,,100.0,55.0,,UTC-0300,tWUO8ZL77Z,,com.sec.android.app.shealth,2025-11-03 17:59:59.999,ecef364b-b92a-4d2e-a085-8da783e057bc,76.0,
,21313,63060051,1,2025-11-03 18:00:00.000,,f42d1186-6320-4517-b71c-37fb0b3c777d.com.samsung.health.heart_rate.binning_data.json,63060051,2025-11-03 19:00:27.585,2025-11-03 18:06:51.279,,93.0,61.0,,UTC-0300,tWUO8ZL77Z,,com.sec.android.app.shealth,2025-11-03 18:59:59.999,f42d1186-6320-4517-b71c-37fb0b3c777d,78.0,
,21313,63060051,1,2025-11-03 19:00:00.000,,2e5f9a9e-df3d-4b7d-aaf8-72339dbddcf5.com.samsung.health.heart_rate.binning_data.json,63060051,2025-11-03 20:01:24.896,2025-11-03 19:02:19.556,,97.0,65.0,,UTC-0300,tWUO8ZL77Z,,com.sec.android.app.shealth,2025-11-03 19:59:59.999,2e5f9a9e-df3d-4b7d-aaf8-72339dbddcf5,82.0,
,21313,63060051,1,2025-11-03 20:00:00.000,,acbed8c3-62ab-4edf-8f47-168a398f1e4d.com.samsung.health.heart_rate.binning_data.json,63060051,2025-11-03 21:01:00.380,2025-11-03 20:01:25.019,,91.0,61.0,,UTC-0300,tWUO8ZL77Z,,com.sec.android.app.shealth,2025-11-03 20:59:59.999,acbed8c3-62ab-4edf-8f47-168a398f1e4d,76.0,
,21313,63060051,1,2025-11-03 21:00:00.000,,6f7b7aa9-7142-40c6-92a2-33c63de56abd.com.samsung.health.heart_rate.binning_data.json,63060051,2025-11-03 22:08:03.058,2025-11-03 21:01:00.476,,98.0,68.0,,UTC-0300,tWUO8ZL77Z,,com.sec.android.app.shealth,2025-11-03 21:59:59.999,6f7b7aa9-7142-40c6-92a2-33c63de56abd,80.0,
,21313,63060051,1,2025-11-03 22:00:00.000,,2310f468-1bc2-4898-bd67-ccf8f9680c7a.com.samsung.health.heart_rate.binning_data.json,63060051,2025-11-03 23:00:10.012,2025-11-03 22:08:03.263,,90.0,63.0,,UTC-0300,tWUO8ZL77Z,,com.sec.android.app.shealth,2025-11-03 22:59:59.999,2310f468-1bc2-4898-bd67-ccf8f9680c7a,78.0,
,21313,63060051,1,2025-11-04 04:00:00.000,,c18dd622-71cb-431f-b238-cfae9a11853b.com.samsung.health.heart_rate.binning_data.json,63060051,2025-11-04 05:07:40.183,2025-11-04 04:03:49.300,,67.0,49.0,,UTC-0300,tWUO8ZL77Z,,com.sec.android.app.shealth,2025-11-04 04:59:59.999,c18dd622-71cb-431f-b238-cfae9a11853b,52.0,
,21313,63060051,1,2025-11-04 05:00:00.000,,9473de47-4b1f-463d-a46b-20a3bb0cc9ed.com.samsung.health.heart_rate.binning_data.json,63060051,2025-11-04 06:05:23.256,2025-11-04 05:07:40.359,,58.0,46.0,,UTC-0300,tWUO8ZL77Z,,com.sec.android.app.shealth,2025-11-04 05:59:59.999,9473de47-4b1f-463d-a46b-20a3bb0cc9ed,50.0,
,21313,63060051,1,2025-11-03 23:00:00.000,,a8a3d245-41af-4389-9e91-c13cdc495953.com.samsung.health.heart_rate.binning_data.json,63060051,2025-11-04 01:56:05.120,2025-11-03 23:00:13.694,,88.0,62.0,,UTC-0300,tWUO8ZL77Z,,com.sec.android.app.shealth,2025-11-03 23:59:59.999,a8a3d245-41af-4389-9e91-c13cdc495953,74.0,
,21313,63060051,1,2025-11-04 01:00:00.000,,57fb3f79-bbc4-4632-a8d8-3df0bf3c9541.com.samsung.health.heart_rate.binning_data.json,63060051,2025-11-04 02:01:08.124,2025-11-04 01:56:05.316,,93.0,52.0,,UTC-0300,tWUO8ZL77Z,,com.sec.android.app.shealth,2025-11-04 01:59:59.999,57fb3f79-bbc4-4632-a8d8-3df0bf3c9541,71.0,
,21316,63060051,1,2025-11-04 02:22:36.459,,,63060051,2025-11-04 02:55:01.307,2025-11-04 02:26:37.859,,,,,UTC-0300,tWUO8ZL77Z,,com.sec.android.app.shealth,2025-11-04 02:22:36.459,1cca80ca-4fe4-4e39-a7e8-332c4f668b20,52.0,
,21313,63060051,1,2025-11-04 02:00:00.000,,3e009e5b-7949-4bef-8cef-d33b956b7e2c.com.samsung.health.heart_rate.binning_data.json,63060051,2025-11-04 03:11:32.947,2025-11-04 02:01:08.202,,87.0,50.0,,UTC-0300,tWUO8ZL77Z,,com.sec.android.app.shealth,2025-11-04 02:59:59.999,3e009e5b-7949-4bef-8cef-d33b956b7e2c,56.0,
,21313,63060051,1,2025-11-04 03:00:00.000,,066983d8-8f1e-4003-8481-343e5f1f5b81.com.samsung.health.heart_rate.binning_data.json,63060051,2025-11-04 04:03:49.176,2025-11-04 03:11:33.340,,67.0,49.0,,UTC-0300,tWUO8ZL77Z,,com.sec.android.app.shealth,2025-11-04 03:59:59.999,066983d8-8f1e-4003-8481-343e5f1f5b81,53.0,
,21313,63060051,1,2025-11-04 06:00:00.000,,cf3ff186-0a41-47a8-8887-c097b46238f5.com.samsung.health.heart_rate.binning_data.json,63060051,2025-11-04 07:06:03.211,2025-11-04 06:05:23.671,,70.0,46.0,,UTC-0300,tWUO8ZL77Z,,com.sec.android.app.shealth,2025-11-04 06:59:59.999,cf3ff186-0a41-47a8-8887-c097b46238f5,54.0,
,21313,63060051,1,2025-11-04 07:00:00.000,,c99a58e2-1d58-4c89-80d6-4b255e334f58.com.samsung.health.heart_rate.binning_data.json,63060051,2025-11-04 08:05:02.693,2025-11-04 07:06:03.440,,65.0,46.0,,UTC-0300,tWUO8ZL77Z,,com.sec.android.app.shealth,2025-11-04 07:59:59.999,c99a58e2-1d58-4c89-80d6-4b255e334f58,51.0,
,21313,63060051,1,2025-11-04 08:00:00.000,,8c9960b5-6ea2-41a4-9b68-fb268ec1006a.com.samsung.health.heart_rate.binning_data.json,63060051,2025-11-04 09:05:16.632,2025-11-04 08:07:09.973,,60.0,45.0,,UTC-0300,tWUO8ZL77Z,,com.sec.android.app.shealth,2025-11-04 08:59:59.999,8c9960b5-6ea2-41a4-9b68-fb268ec1006a,49.0,
,21313,63060051,1,2025-11-04 09:00:00.000,,85bf4906-6d4d-49dc-86c4-a2785eee3833.com.samsung.health.heart_rate.binning_data.json,63060051,2025-11-04 10:10:04.861,2025-11-04 09:07:31.115,,71.0,44.0,,UTC-0300,tWUO8ZL77Z,,com.sec.android.app.shealth,2025-11-04 09:59:59.999,85bf4906-6d4d-49dc-86c4-a2785eee3833,53.0,
,21316,63060051,1,2025-11-04 04:33:32.956,,,63060051,2025-11-05 02:46:13.410,2025-11-04 03:35:01.304,,,,,UTC-0300,tWUO8ZL77Z,,com.sec.android.app.shealth,2025-11-04 04:33:32.956,5259fcab-4d26-428d-8354-e9bc470eaab1,51.0,
,21313,63060051,1,2025-11-04 10:00:00.000,,e1752d1e-44fb-44d5-8bea-e4ea0b1dcc05.com.samsung.health.heart_rate.binning_data.json,63060051,2025-11-04 11:04:53.607,2025-11-04 10:10:30.543,,83.0,49.0,,UTC-0300,tWUO8ZL77Z,,com.sec.android.app.shealth,2025-11-04 10:59:59.999,e1752d1e-44fb-44d5-8bea-e4ea0b1dcc05,60.0,
,21313,63060051,1,2025-11-04 11:00:00.000,,907b5b4e-75ce-4744-a1bf-1dab5bbdd2fa.com.samsung.health.heart_rate.binning_data.json,63060051,2025-11-04 12:02:39.491,2025-11-04 11:04:53.835,,87.0,53.0,,UTC-0300,tWUO8ZL77Z,,com.sec.android.app.shealth,2025-11-04 11:59:59.999,907b5b4e-75ce-4744-a1bf-1dab5bbdd2fa,70.0,
,21313,63060051,1,2025-11-04 12:00:00.000,,dcc6c907-2a20-465e-b0c7-75bf9101e2d4.com.samsung.health.heart_rate.binning_data.json,63060051,2025-11-04 13:09:49.550,2025-11-04 12:02:39.659,,88.0,57.0,,UTC-0300,tWUO8ZL77Z,,com.sec.android.app.shealth,2025-11-04 12:59:59.999,dcc6c907-2a20-465e-b0c7-75bf9101e2d4,72.0,
,21313,63060051,1,2025-11-04 13:00:00.000,,f9fee5d1-b523-42e7-ad1d-2769a0d221cb.com.samsung.health.heart_rate.binning_data.json,63060051,2025-11-04 14:04:03.832,2025-11-04 13:11:33.440,,88.0,60.0,,UTC-0300,tWUO8ZL77Z,,com.sec.android.app.shealth,2025-11-04 13:59:59.999,f9fee5d1-b523-42e7-ad1d-2769a0d221cb,73.0,
,21313,63060051,1,2025-11-04 14:00:00.000,,74284812-1297-463b-b895-aa102f78a7ad.com.samsung.health.heart_rate.binning_data.json,63060051,2025-11-04 15:06:25.225,2025-11-04 14:04:03.932,,97.0,64.0,,UTC-0300,tWUO8ZL77Z,,com.sec.android.app.shealth,2025-11-04 14:59:59.999,74284812-1297-463b-b895-aa102f78a7ad,78.0,
,21313,63060051,1,2025-11-04 15:00:00.000,,a9a3f736-c84b-458c-b352-1f51a0ebe873.com.samsung.health.heart_rate.binning_data.json,63060051,2025-11-04 16:05:17.477,2025-11-04 15:06:25.368,,116.0,70.0,,UTC-0300,tWUO8ZL77Z,,com.sec.android.app.shealth,2025-11-04 15:59:59.999,a9a3f736-c84b-458c-b352-1f51a0ebe873,87.0,
,21313,63060051,1,2025-11-04 16:00:00.000,,f87e35a3-9fb1-473f-a841-60feeb210a1e.com.samsung.health.heart_rate.binning_data.json,63060051,2025-11-04 17:01:46.915,2025-11-04 16:05:17.583,,102.0,75.0,,UTC-0300,tWUO8ZL77Z,,com.sec.android.app.shealth,2025-11-04 16:59:59.999,f87e35a3-9fb1-473f-a841-60feeb210a1e,88.0,
,21313,63060051,1,2025-11-04 17:00:00.000,,067928af-c6b3-4425-8638-f04966c74950.com.samsung.health.heart_rate.binning_data.json,63060051,2025-11-04 18:03:57.424,2025-11-04 17:01:47.052,,102.0,60.0,,UTC-0300,tWUO8ZL77Z,,com.sec.android.app.shealth,2025-11-04 17:59:59.999,067928af-c6b3-4425-8638-f04966c74950,74.0,
,21313,63060051,1,2025-11-04 20:00:00.000,,494b6ab0-d9f3-4c82-a370-09d517297e5f.com.samsung.health.heart_rate.binning_data.json,63060051,2025-11-04 21:04:27.639,2025-11-04 20:03:49.029,,108.0,79.0,,UTC-0300,tWUO8ZL77Z,,com.sec.android.app.shealth,2025-11-04 20:59:59.999,494b6ab0-d9f3-4c82-a370-09d517297e5f,91.0,
,21313,63060051,1,2025-11-04 18:00:00.000,,d4828b91-e863-49d9-8a27-e69b41795bfe.com.samsung.health.heart_rate.binning_data.json,63060051,2025-11-04 19:03:35.242,2025-11-04 18:03:57.632,,95.0,63.0,,UTC-0300,tWUO8ZL77Z,,com.sec.android.app.shealth,2025-11-04 18:59:59.999,d4828b91-e863-49d9-8a27-e69b41795bfe,79.0,
,21313,63060051,1,2025-11-04 19:00:00.000,,c1bb41a3-2bb2-4d80-bdb2-eba82e785707.com.samsung.health.heart_rate.binning_data.json,63060051,2025-11-04 20:03:48.813,2025-11-04 19:03:35.426,,110.0,72.0,,UTC-0300,tWUO8ZL77Z,,com.sec.android.app.shealth,2025-11-04 19:59:59.999,c1bb41a3-2bb2-4d80-bdb2-eba82e785707,88.0,
,21313,63060051,1,2025-11-04 21:00:00.000,,4331e94d-3e91-471b-9e33-1349f99f11bb.com.samsung.health.heart_rate.binning_data.json,63060051,2025-11-04 22:02:18.728,2025-11-04 21:04:27.808,,98.0,71.0,,UTC-0300,tWUO8ZL77Z,,com.sec.android.app.shealth,2025-11-04 21:59:59.999,4331e94d-3e91-471b-9e33-1349f99f11bb,82.0,
,21313,63060051,1,2025-11-04 22:00:00.000,,714472ce-7839-43d6-85c3-3d46ac8797fa.com.samsung.health.heart_rate.binning_data.json,63060051,2025-11-04 23:03:34.380,2025-11-04 22:02:18.833,,102.0,75.0,,UTC-0300,tWUO8ZL77Z,,com.sec.android.app.shealth,2025-11-04 22:59:59.999,714472ce-7839-43d6-85c3-3d46ac8797fa,86.0,
,21313,63060051,1,2025-11-04 23:00:00.000,,8788ee14-8dc2-43e9-9946-26dce118d83a.com.samsung.health.heart_rate.binning_data.json,63060051,2025-11-05 00:07:24.129,2025-11-04 23:03:34.850,,103.0,70.0,,UTC-0300,tWUO8ZL77Z,,com.sec.android.app.shealth,2025-11-04 23:59:59.999,8788ee14-8dc2-43e9-9946-26dce118d83a,82.0,
,21313,63060051,1,2025-11-05 00:00:00.000,,45f984d5-e908-4c28-a1a2-3bdcc0bc46c9.com.samsung.health.heart_rate.binning_data.json,63060051,2025-11-05 01:04:56.878,2025-11-05 00:07:24.283,,87.0,61.0,,UTC-0300,tWUO8ZL77Z,,com.sec.android.app.shealth,2025-11-05 00:59:59.999,45f984d5-e908-4c28-a1a2-3bdcc0bc46c9,71.0,
,21313,63060051,1,2025-11-05 01:00:00.000,,ab2a6344-13d2-408a-9d90-440f5d90f138.com.samsung.health.heart_rate.binning_data.json,63060051,2025-11-05 02:06:19.256,2025-11-05 01:04:57.305,,72.0,54.0,,UTC-0300,tWUO8ZL77Z,,com.sec.android.app.shealth,2025-11-05 01:59:59.999,ab2a6344-13d2-408a-9d90-440f5d90f138,59.0,
,21313,63060051,1,2025-11-05 07:00:00.000,,b036966e-41e2-455f-b62a-b99e7650cf0a.com.samsung.health.heart_rate.binning_data.json,63060051,2025-11-05 08:05:11.563,2025-11-05 07:07:53.730,,79.0,45.0,,UTC-0300,tWUO8ZL77Z,,com.sec.android.app.shealth,2025-11-05 07:59:59.999,b036966e-41e2-455f-b62a-b99e7650cf0a,52.0,
,21313,63060051,1,2025-11-05 02:00:00.000,,71084c43-197a-4e70-a533-c4d72ec6c4f2.com.samsung.health.heart_rate.binning_data.json,63060051,2025-11-05 03:05:09.985,2025-11-05 02:06:29.856,,68.0,54.0,,UTC-0300,tWUO8ZL77Z,,com.sec.android.app.shealth,2025-11-05 02:59:59.999,71084c43-197a-4e70-a533-c4d72ec6c4f2,58.0,
,21313,63060051,1,2025-11-05 05:00:00.000,,8a0cc65a-9389-442f-9f79-a1277b943a86.com.samsung.health.heart_rate.binning_data.json,63060051,2025-11-05 06:07:52.787,2025-11-05 05:07:00.789,,71.0,45.0,,UTC-0300,tWUO8ZL77Z,,com.sec.android.app.shealth,2025-11-05 05:59:59.999,8a0cc65a-9389-442f-9f79-a1277b943a86,51.0,
,21313,63060051,1,2025-11-05 03:00:00.000,,30dd358d-471a-4fdc-91f8-a4336ad42ed7.com.samsung.health.heart_rate.binning_data.json,63060051,2025-11-05 04:05:53.352,2025-11-05 03:05:10.273,,66.0,51.0,,UTC-0300,tWUO8ZL77Z,,com.sec.android.app.shealth,2025-11-05 03:59:59.999,30dd358d-471a-4fdc-91f8-a4336ad42ed7,55.0,
,21313,63060051,1,2025-11-05 04:00:00.000,,efc85a48-ed09-4b3e-a0ad-6f8d8c1fb68d.com.samsung.health.heart_rate.binning_data.json,63060051,2025-11-05 05:07:00.653,2025-11-05 04:06:10.484,,68.0,46.0,,UTC-0300,tWUO8ZL77Z,,com.sec.android.app.shealth,2025-11-05 04:59:59.999,efc85a48-ed09-4b3e-a0ad-6f8d8c1fb68d,53.0,
,21313,63060051,1,2025-11-05 06:00:00.000,,9afbd9e9-5770-4076-98f8-98857dddfd44.com.samsung.health.heart_rate.binning_data.json,63060051,2025-11-05 07:07:53.493,2025-11-05 06:09:26.415,,67.0,46.0,,UTC-0300,tWUO8ZL77Z,,com.sec.android.app.shealth,2025-11-05 06:59:59.999,9afbd9e9-5770-4076-98f8-98857dddfd44,50.0,
,21313,63060051,1,2025-11-05 08:00:00.000,,a3b60169-4864-4d0a-b7fc-9f7400219607.com.samsung.health.heart_rate.binning_data.json,63060051,2025-11-05 12:41:12.595,2025-11-05 08:06:03.530,,81.0,47.0,,UTC-0300,tWUO8ZL77Z,,com.sec.android.app.shealth,2025-11-05 08:59:59.999,a3b60169-4864-4d0a-b7fc-9f7400219607,55.0,
,21313,63060051,1,2025-11-05 12:00:00.000,,747b11a9-73ce-4b13-882a-36aa21a53dc7.com.samsung.health.heart_rate.binning_data.json,63060051,2025-11-05 13:02:31.799,2025-11-05 12:41:12.672,,90.0,61.0,,UTC-0300,tWUO8ZL77Z,,com.sec.android.app.shealth,2025-11-05 12:59:59.999,747b11a9-73ce-4b13-882a-36aa21a53dc7,77.0,
,21313,63060051,1,2025-11-05 13:00:00.000,,f477b6c8-9abb-4ee5-a178-b63164defa6f.com.samsung.health.heart_rate.binning_data.json,63060051,2025-11-05 14:01:26.235,2025-11-05 13:02:31.925,,97.0,67.0,,UTC-0300,tWUO8ZL77Z,,com.sec.android.app.shealth,2025-11-05 13:59:59.999,f477b6c8-9abb-4ee5-a178-b63164defa6f,79.0,
,21313,63060051,1,2025-11-05 14:00:00.000,,a3372677-2a10-4d26-86c0-5494ad83660d.com.samsung.health.heart_rate.binning_data.json,63060051,2025-11-05 15:01:22.175,2025-11-05 14:01:26.300,,98.0,60.0,,UTC-0300,tWUO8ZL77Z,,com.sec.android.app.shealth,2025-11-05 14:59:59.999,a3372677-2a10-4d26-86c0-5494ad83660d,76.0,
,21313,63060051,1,2025-11-05 15:00:00.000,,75baf710-fc54-402d-9c81-967e1699f996.com.samsung.health.heart_rate.binning_data.json,63060051,2025-11-05 16:05:33.957,2025-11-05 15:01:22.242,,95.0,62.0,,UTC-0300,tWUO8ZL77Z,,com.sec.android.app.shealth,2025-11-05 15:59:59.999,75baf710-fc54-402d-9c81-967e1699f996,79.0,
,21313,63060051,1,2025-11-05 16:00:00.000,,a1b275df-7f02-4704-9790-f0a3eab548d6.com.samsung.health.heart_rate.binning_data.json,63060051,2025-11-05 17:04:59.493,2025-11-05 16:05:34.306,,91.0,62.0,,UTC-0300,tWUO8ZL77Z,,com.sec.android.app.shealth,2025-11-05 16:59:59.999,a1b275df-7f02-4704-9790-f0a3eab548d6,74.0,
,21313,63060051,1,2025-11-05 17:00:00.000,,da481549-d477-46dd-8ca4-a0a88c511126.com.samsung.health.heart_rate.binning_data.json,63060051,2025-11-05 18:09:03.361,2025-11-05 17:04:59.985,,91.0,60.0,,UTC-0300,tWUO8ZL77Z,,com.sec.android.app.shealth,2025-11-05 17:59:59.999,da481549-d477-46dd-8ca4-a0a88c511126,72.0,
,21313,63060051,1,2025-11-05 18:00:00.000,,37340c34-5722-436d-870b-f7afd8f25300.com.samsung.health.heart_rate.binning_data.json,63060051,2025-11-05 19:01:07.439,2025-11-05 18:09:03.537,,90.0,61.0,,UTC-0300,tWUO8ZL77Z,,com.sec.android.app.shealth,2025-11-05 18:59:59.999,37340c34-5722-436d-870b-f7afd8f25300,71.0,
,21313,63060051,1,2025-11-05 19:00:00.000,,36a5acda-8c5b-40c3-b3d4-9096610ed6c5.com.samsung.health.heart_rate.binning_data.json,63060051,2025-11-05 20:00:09.055,2025-11-05 19:01:07.503,,103.0,70.0,,UTC-0300,tWUO8ZL77Z,,com.sec.android.app.shealth,2025-11-05 19:59:59.999,36a5acda-8c5b-40c3-b3d4-9096610ed6c5,84.0,
,21313,63060051,1,2025-11-05 20:00:00.000,,e7b435a4-342f-4eb8-9efa-3d50da96c231.com.samsung.health.heart_rate.binning_data.json,63060051,2025-11-05 21:01:00.879,2025-11-05 20:01:25.846,,99.0,61.0,,UTC-0300,tWUO8ZL77Z,,com.sec.android.app.shealth,2025-11-05 20:59:59.999,e7b435a4-342f-4eb8-9efa-3d50da96c231,78.0,
,21313,63060051,1,2025-11-05 22:00:00.000,,712220d5-6bd9-4f90-b0a0-c2d3c3146972.com.samsung.health.heart_rate.binning_data.json,63060051,2025-11-05 23:01:24.276,2025-11-05 22:02:10.948,,82.0,54.0,,UTC-0300,tWUO8ZL77Z,,com.sec.android.app.shealth,2025-11-05 22:59:59.999,712220d5-6bd9-4f90-b0a0-c2d3c3146972,64.0,
,21313,63060051,1,2025-11-05 23:00:00.000,,2a264977-ad08-4116-8820-1db6cb7ba419.com.samsung.health.heart_rate.binning_data.json,63060051,2025-11-06 00:01:37.579,2025-11-05 23:01:24.488,,81.0,56.0,,UTC-0300,tWUO8ZL77Z,,com.sec.android.app.shealth,2025-11-05 23:59:59.999,2a264977-ad08-4116-8820-1db6cb7ba419,65.0,
,21313,63060051,1,2025-11-05 21:00:00.000,,f27a252f-90ee-436a-8765-dd14f42e1499.com.samsung.health.heart_rate.binning_data.json,63060051,2025-11-05 22:02:10.813,2025-11-05 21:01:00.959,,84.0,58.0,,UTC-0300,tWUO8ZL77Z,,com.sec.android.app.shealth,2025-11-05 21:59:59.999,f27a252f-90ee-436a-8765-dd14f42e1499,67.0,
,21313,63060051,1,2025-11-06 00:00:00.000,,f8b160ed-adaa-43ed-823f-276305f9be99.com.samsung.health.heart_rate.binning_data.json,63060051,2025-11-06 01:03:54.113,2025-11-06 00:01:37.637,,92.0,56.0,,UTC-0300,tWUO8ZL77Z,,com.sec.android.app.shealth,2025-11-06 00:59:59.999,f8b160ed-adaa-43ed-823f-276305f9be99,65.0,
,21313,63060051,1,2025-11-06 04:00:00.000,,ff403c6d-24cf-4b43-a38f-8f782751be29.com.samsung.health.heart_rate.binning_data.json,63060051,2025-11-06 05:05:03.430,2025-11-06 04:05:13.963,,69.0,50.0,,UTC-0300,tWUO8ZL77Z,,com.sec.android.app.shealth,2025-11-06 04:59:59.999,ff403c6d-24cf-4b43-a38f-8f782751be29,55.0,
,21313,63060051,1,2025-11-06 05:00:00.000,,a827b1a1-9f2c-47b6-bd75-72257584f199.com.samsung.health.heart_rate.binning_data.json,63060051,2025-11-06 06:06:35.931,2025-11-06 05:05:31.456,,84.0,48.0,,UTC-0300,tWUO8ZL77Z,,com.sec.android.app.shealth,2025-11-06 05:59:59.999,a827b1a1-9f2c-47b6-bd75-72257584f199,55.0,
,21313,63060051,1,2025-11-06 01:00:00.000,,73ba465f-eb77-42a0-b656-7519b5b10e46.com.samsung.health.heart_rate.binning_data.json,63060051,2025-11-06 02:32:22.907,2025-11-06 01:03:54.232,,89.0,59.0,,UTC-0300,tWUO8ZL77Z,,com.sec.android.app.shealth,2025-11-06 01:59:59.999,73ba465f-eb77-42a0-b656-7519b5b10e46,70.0,
,21313,63060051,1,2025-11-06 02:00:00.000,,eeb359ca-d762-4b60-b8ca-f0e7626968f2.com.samsung.health.heart_rate.binning_data.json,63060051,2025-11-06 03:05:03.781,2025-11-06 02:42:11.492,,85.0,56.0,,UTC-0300,tWUO8ZL77Z,,com.sec.android.app.shealth,2025-11-06 02:59:59.999,eeb359ca-d762-4b60-b8ca-f0e7626968f2,65.0,
,21313,63060051,1,2025-11-06 03:00:00.000,,ba267f87-bbd7-4c1a-b774-22b6ad90d12f.com.samsung.health.heart_rate.binning_data.json,63060051,2025-11-06 04:05:04.178,2025-11-06 03:05:03.909,,75.0,50.0,,UTC-0300,tWUO8ZL77Z,,com.sec.android.app.shealth,2025-11-06 03:59:59.999,ba267f87-bbd7-4c1a-b774-22b6ad90d12f,56.0,
,21313,63060051,1,2025-11-06 07:00:00.000,,057287c1-e943-4747-aea1-9a1270c4b582.com.samsung.health.heart_rate.binning_data.json,63060051,2025-11-06 08:07:02.563,2025-11-06 07:10:22.282,,65.0,51.0,,UTC-0300,tWUO8ZL77Z,,com.sec.android.app.shealth,2025-11-06 07:59:59.999,057287c1-e943-4747-aea1-9a1270c4b582,56.0,
,21313,63060051,1,2025-11-06 06:00:00.000,,12a30f32-8560-46b3-9af0-36a2f060aa4b.com.samsung.health.heart_rate.binning_data.json,63060051,2025-11-06 07:06:48.720,2025-11-06 06:06:36.346,,87.0,53.0,,UTC-0300,tWUO8ZL77Z,,com.sec.android.app.shealth,2025-11-06 06:59:59.999,12a30f32-8560-46b3-9af0-36a2f060aa4b,58.0,
,21313,63060051,1,2025-11-06 08:00:00.000,,0f4d3852-d711-436a-8b90-4cfd0aa01068.com.samsung.health.heart_rate.binning_data.json,63060051,2025-11-06 09:06:43.824,2025-11-06 08:09:17.394,,79.0,51.0,,UTC-0300,tWUO8ZL77Z,,com.sec.android.app.shealth,2025-11-06 08:59:59.999,0f4d3852-d711-436a-8b90-4cfd0aa01068,58.0,
,21316,63060051,1,2025-11-06 03:50:30.769,,,63060051,2025-11-07 02:52:36.151,2025-11-06 03:51:29.486,,,,,UTC-0300,tWUO8ZL77Z,,com.sec.android.app.shealth,2025-11-06 03:50:30.769,574db9d6-e133-460f-b5df-838c07b3746f,51.0,
,21313,63060051,1,2025-11-06 09:00:00.000,,6b102dbb-8665-425a-8cac-30ffb99e2a7d.com.samsung.health.heart_rate.binning_data.json,63060051,2025-11-06 10:47:00.522,2025-11-06 09:10:22.376,,83.0,52.0,,UTC-0300,tWUO8ZL77Z,,com.sec.android.app.shealth,2025-11-06 09:59:59.999,6b102dbb-8665-425a-8cac-30ffb99e2a7d,57.0,
,21313,63060051,1,2025-11-06 10:00:00.000,,85477000-499f-43a6-81bd-1209f7f4b1b3.com.samsung.health.heart_rate.binning_data.json,63060051,2025-11-06 11:01:08.021,2025-11-06 10:47:00.622,,87.0,54.0,,UTC-0300,tWUO8ZL77Z,,com.sec.android.app.shealth,2025-11-06 10:59:59.999,85477000-499f-43a6-81bd-1209f7f4b1b3,72.0,
,21313,63060051,1,2025-11-06 11:00:00.000,,70f9a4e7-192e-43b9-8c1f-0f6f41487208.com.samsung.health.heart_rate.binning_data.json,63060051,2025-11-06 12:05:02.900,2025-11-06 11:01:08.258,,96.0,56.0,,UTC-0300,tWUO8ZL77Z,,com.sec.android.app.shealth,2025-11-06 11:59:59.999,70f9a4e7-192e-43b9-8c1f-0f6f41487208,69.0,
,21313,63060051,1,2025-11-06 12:00:00.000,,c89632f8-8971-4f09-a59f-9459baa4b933.com.samsung.health.heart_rate.binning_data.json,63060051,2025-11-06 13:01:19.120,2025-11-06 12:05:05.700,,99.0,68.0,,UTC-0300,tWUO8ZL77Z,,com.sec.android.app.shealth,2025-11-06 12:59:59.999,c89632f8-8971-4f09-a59f-9459baa4b933,85.0,
,21313,63060051,1,2025-11-06 13:00:00.000,,97f04911-9693-47c9-8296-26a61a4447b7.com.samsung.health.heart_rate.binning_data.json,63060051,2025-11-06 14:05:26.257,2025-11-06 13:01:19.190,,93.0,66.0,,UTC-0300,tWUO8ZL77Z,,com.sec.android.app.shealth,2025-11-06 13:59:59.999,97f04911-9693-47c9-8296-26a61a4447b7,79.0,
,21313,63060051,1,2025-11-06 14:00:00.000,,3e92e736-5435-49c0-bb8a-c5aeb07f71ab.com.samsung.health.heart_rate.binning_data.json,63060051,2025-11-06 15:01:49.154,2025-11-06 14:05:26.394,,128.0,70.0,,UTC-0300,tWUO8ZL77Z,,com.sec.android.app.shealth,2025-11-06 14:59:59.999,3e92e736-5435-49c0-bb8a-c5aeb07f71ab,85.0,
,21313,63060051,1,2025-11-06 15:00:00.000,,0b1ff5a3-4949-4ccc-af08-25c805957b31.com.samsung.health.heart_rate.binning_data.json,63060051,2025-11-06 16:02:05.442,2025-11-06 15:01:49.215,,117.0,71.0,,UTC-0300,tWUO8ZL77Z,,com.sec.android.app.shealth,2025-11-06 15:59:59.999,0b1ff5a3-4949-4ccc-af08-25c805957b31,92.0,
,21313,63060051,1,2025-11-06 16:00:00.000,,7b210230-0a28-439f-b59a-9d8a4edef536.com.samsung.health.heart_rate.binning_data.json,63060051,2025-11-06 17:05:03.054,2025-11-06 16:02:06.516,,102.0,61.0,,UTC-0300,tWUO8ZL77Z,,com.sec.android.app.shealth,2025-11-06 16:59:59.999,7b210230-0a28-439f-b59a-9d8a4edef536,83.0,
,21313,63060051,1,2025-11-06 17:00:00.000,,5c70d493-ef96-43df-90e0-1c4061c9dc40.com.samsung.health.heart_rate.binning_data.json,63060051,2025-11-06 18:01:46.429,2025-11-06 17:05:50.181,,96.0,55.0,,UTC-0300,tWUO8ZL77Z,,com.sec.android.app.shealth,2025-11-06 17:59:59.999,5c70d493-ef96-43df-90e0-1c4061c9dc40,81.0,
,21313,63060051,1,2025-11-06 18:00:00.000,,7a5dfcbe-a17f-47f1-83f9-a9a91783ca6f.com.samsung.health.heart_rate.binning_data.json,63060051,2025-11-06 19:05:02.956,2025-11-06 18:01:46.503,,100.0,67.0,,UTC-0300,tWUO8ZL77Z,,com.sec.android.app.shealth,2025-11-06 18:59:59.999,7a5dfcbe-a17f-47f1-83f9-a9a91783ca6f,84.0,
,21313,63060051,1,2025-11-06 19:00:00.000,,6a9f0627-2627-4f86-b547-87adfeb56c5f.com.samsung.health.heart_rate.binning_data.json,63060051,2025-11-06 20:01:59.481,2025-11-06 19:06:16.262,,116.0,61.0,,UTC-0300,tWUO8ZL77Z,,com.sec.android.app.shealth,2025-11-06 19:59:59.999,6a9f0627-2627-4f86-b547-87adfeb56c5f,80.0,
,21313,63060051,1,2025-11-06 20:00:00.000,,ad4f8198-18ea-4230-8061-dd3db71dc18e.com.samsung.health.heart_rate.binning_data.json,63060051,2025-11-06 21:05:03.133,2025-11-06 20:01:59.607,,142.0,61.0,,UTC-0300,tWUO8ZL77Z,,com.sec.android.app.shealth,2025-11-06 20:59:59.999,ad4f8198-18ea-4230-8061-dd3db71dc18e,83.0,
,21313,63060051,1,2025-11-06 21:00:00.000,,1345b18e-1071-4d2d-b73f-83a582b5a1a6.com.samsung.health.heart_rate.binning_data.json,63060051,2025-11-06 22:02:38.624,2025-11-06 21:07:39.716,,154.0,61.0,,UTC-0300,tWUO8ZL77Z,,com.sec.android.app.shealth,2025-11-06 21:59:59.999,1345b18e-1071-4d2d-b73f-83a582b5a1a6,100.0,
,21313,63060051,1,2025-11-06 22:00:00.000,,7976a6d1-dd5e-4865-8cf0-9f07c9dddb82.com.samsung.health.heart_rate.binning_data.json,63060051,2025-11-06 23:03:30.025,2025-11-06 22:02:40.157,,137.0,63.0,,UTC-0300,tWUO8ZL77Z,,com.sec.android.app.shealth,2025-11-06 22:59:59.999,7976a6d1-dd5e-4865-8cf0-9f07c9dddb82,83.0,
,21313,63060051,1,2025-11-06 23:00:00.000,,b234ebda-5882-4d0c-a63d-de4acb7d01dc.com.samsung.health.heart_rate.binning_data.json,63060051,2025-11-06 23:37:59.650,2025-11-06 23:03:30.165,,94.0,61.0,,UTC-0300,tWUO8ZL77Z,,com.sec.android.app.shealth,2025-11-06 23:37:59.615,b234ebda-5882-4d0c-a63d-de4acb7d01dc,72.0,
,21313,63060051,1,2025-11-07 00:00:00.000,,0093bed8-6d86-48d5-93b3-0b06e2adf61f.com.samsung.health.heart_rate.binning_data.json,63060051,2025-11-07 01:05:02.902,2025-11-07 00:13:00.821,,80.0,52.0,,UTC-0300,tWUO8ZL77Z,,com.sec.android.app.shealth,2025-11-07 00:59:59.999,0093bed8-6d86-48d5-93b3-0b06e2adf61f,63.0,
,21313,63060051,1,2025-11-07 01:00:00.000,,ef4491a4-0dbf-42df-96b7-0d2796e0c92c.com.samsung.health.heart_rate.binning_data.json,63060051,2025-11-07 02:06:43.671,2025-11-07 01:05:51.797,,78.0,54.0,,UTC-0300,tWUO8ZL77Z,,com.sec.android.app.shealth,2025-11-07 01:59:59.999,ef4491a4-0dbf-42df-96b7-0d2796e0c92c,58.0,
,21313,63060051,1,2025-11-07 02:00:00.000,,f3fe0ffc-a579-4658-96f0-72ab1619383e.com.samsung.health.heart_rate.binning_data.json,63060051,2025-11-07 03:05:03.496,2025-11-07 02:12:58.250,,76.0,53.0,,UTC-0300,tWUO8ZL77Z,,com.sec.android.app.shealth,2025-11-07 02:59:59.999,f3fe0ffc-a579-4658-96f0-72ab1619383e,58.0,
,21316,63060051,1,2025-11-07 03:21:20.362,,,63060051,2025-11-08 02:25:03.574,2025-11-07 03:34:29.971,,,,,UTC-0300,tWUO8ZL77Z,,com.sec.android.app.shealth,2025-11-07 03:21:20.362,b3cd1d9e-6374-4e9d-98bc-1887ca357e03,50.0,
,21313,63060051,1,2025-11-07 03:00:00.000,,87f1fd8f-b1ad-4083-ac85-417946679096.com.samsung.health.heart_rate.binning_data.json,63060051,2025-11-07 04:07:20.961,2025-11-07 03:12:45.330,,71.0,49.0,,UTC-0300,tWUO8ZL77Z,,com.sec.android.app.shealth,2025-11-07 03:59:59.999,87f1fd8f-b1ad-4083-ac85-417946679096,55.0,
,21313,63060051,1,2025-11-07 05:00:00.000,,b62fdaf8-93b6-4515-8a1b-e39875165e10.com.samsung.health.heart_rate.binning_data.json,63060051,2025-11-07 06:03:40.840,2025-11-07 05:01:00.150,,69.0,46.0,,UTC-0300,tWUO8ZL77Z,,com.sec.android.app.shealth,2025-11-07 05:59:59.999,b62fdaf8-93b6-4515-8a1b-e39875165e10,52.0,
,21313,63060051,1,2025-11-07 06:00:00.000,,e798c473-48dc-47b2-8740-35bc02a49e0e.com.samsung.health.heart_rate.binning_data.json,63060051,2025-11-07 07:08:34.719,2025-11-07 06:03:41.074,,77.0,45.0,,UTC-0300,tWUO8ZL77Z,,com.sec.android.app.shealth,2025-11-07 06:59:59.999,e798c473-48dc-47b2-8740-35bc02a49e0e,52.0,
,21313,63060051,1,2025-11-07 07:00:00.000,,e667de4e-3a8b-4caa-b4bc-8f3240b6fd17.com.samsung.health.heart_rate.binning_data.json,63060051,2025-11-07 08:03:22.949,2025-11-07 07:08:34.879,,67.0,46.0,,UTC-0300,tWUO8ZL77Z,,com.sec.android.app.shealth,2025-11-07 07:59:59.999,e667de4e-3a8b-4caa-b4bc-8f3240b6fd17,52.0,
,21313,63060051,1,2025-11-07 08:00:00.000,,d0f07091-0960-4b64-b443-bb6d900d385c.com.samsung.health.heart_rate.binning_data.json,63060051,2025-11-07 09:03:56.863,2025-11-07 08:03:23.157,,74.0,45.0,,UTC-0300,tWUO8ZL77Z,,com.sec.android.app.shealth,2025-11-07 08:59:59.999,d0f07091-0960-4b64-b443-bb6d900d385c,49.0,
,21313,63060051,1,2025-11-07 09:00:00.000,,a88d1061-7f2b-4637-be2f-7b7f16c5fa27.com.samsung.health.heart_rate.binning_data.json,63060051,2025-11-07 10:08:07.858,2025-11-07 09:03:56.948,,99.0,45.0,,UTC-0300,tWUO8ZL77Z,,com.sec.android.app.shealth,2025-11-07 09:59:59.999,a88d1061-7f2b-4637-be2f-7b7f16c5fa27,53.0,
,21313,63060051,1,2025-11-07 04:00:00.000,,3a9807ce-ccb2-468f-9cbf-a80554d1ec68.com.samsung.health.heart_rate.binning_data.json,63060051,2025-11-07 05:01:00.087,2025-11-07 04:07:21.499,,80.0,49.0,,UTC-0300,tWUO8ZL77Z,,com.sec.android.app.shealth,2025-11-07 04:59:59.999,3a9807ce-ccb2-468f-9cbf-a80554d1ec68,58.0,
,21313,63060051,1,2025-11-07 10:00:00.000,,a9fda945-1d0f-472f-b09c-36ffd69a204f.com.samsung.health.heart_rate.binning_data.json,63060051,2025-11-07 11:00:56.747,2025-11-07 10:08:08.058,,143.0,50.0,,UTC-0300,tWUO8ZL77Z,,com.sec.android.app.shealth,2025-11-07 10:59:59.999,a9fda945-1d0f-472f-b09c-36ffd69a204f,97.0,
,21313,63060051,1,2025-11-07 11:00:00.000,,b7bdca1d-1afa-4d22-b80f-e320fcd3c116.com.samsung.health.heart_rate.binning_data.json,63060051,2025-11-07 12:07:44.962,2025-11-07 11:01:19.269,,134.0,52.0,,UTC-0300,tWUO8ZL77Z,,com.sec.android.app.shealth,2025-11-07 11:59:59.999,b7bdca1d-1afa-4d22-b80f-e320fcd3c116,103.0,
,21313,63060051,1,2025-11-07 12:00:00.000,,d116a781-ba0d-4ed4-b3dd-fefc1ff69be6.com.samsung.health.heart_rate.binning_data.json,63060051,2025-11-07 13:01:01.038,2025-11-07 12:07:45.093,,153.0,66.0,,UTC-0300,tWUO8ZL77Z,,com.sec.android.app.shealth,2025-11-07 12:59:59.999,d116a781-ba0d-4ed4-b3dd-fefc1ff69be6,109.0,
,21313,63060051,1,2025-11-07 13:00:00.000,,a2b79e5d-8cfa-4afe-944e-8536928ba6be.com.samsung.health.heart_rate.binning_data.json,63060051,2025-11-07 14:01:00.830,2025-11-07 13:01:01.104,,136.0,81.0,,UTC-0300,tWUO8ZL77Z,,com.sec.android.app.shealth,2025-11-07 13:59:59.999,a2b79e5d-8cfa-4afe-944e-8536928ba6be,113.0,
,21313,63060051,1,2025-11-07 14:00:00.000,,1b4fb94e-b533-4e24-b6dc-43e35d18ccdc.com.samsung.health.heart_rate.binning_data.json,63060051,2025-11-07 15:01:10.558,2025-11-07 14:01:00.890,,133.0,52.0,,UTC-0300,tWUO8ZL77Z,,com.sec.android.app.shealth,2025-11-07 14:59:59.999,1b4fb94e-b533-4e24-b6dc-43e35d18ccdc,65.0,
,21313,63060051,1,2025-11-07 15:00:00.000,,a57975e7-6b11-4db1-8ffb-fd6444883d30.com.samsung.health.heart_rate.binning_data.json,63060051,2025-11-07 16:02:07.680,2025-11-07 15:01:10.633,,129.0,63.0,,UTC-0300,tWUO8ZL77Z,,com.sec.android.app.shealth,2025-11-07 15:59:59.999,a57975e7-6b11-4db1-8ffb-fd6444883d30,91.0,
,21313,63060051,1,2025-11-07 16:00:00.000,,bd7f4729-5547-4239-8c67-3685309f5b67.com.samsung.health.heart_rate.binning_data.json,63060051,2025-11-07 17:03:29.483,2025-11-07 16:02:07.781,,105.0,58.0,,UTC-0300,tWUO8ZL77Z,,com.sec.android.app.shealth,2025-11-07 16:59:59.999,bd7f4729-5547-4239-8c67-3685309f5b67,80.0,
,21313,63060051,1,2025-11-07 17:00:00.000,,f998c261-5a12-4f47-bb08-63571372ceb0.com.samsung.health.heart_rate.binning_data.json,63060051,2025-11-07 19:11:20.897,2025-11-07 17:03:29.866,,99.0,66.0,,UTC-0300,tWUO8ZL77Z,,com.sec.android.app.shealth,2025-11-07 17:59:59.999,f998c261-5a12-4f47-bb08-63571372ceb0,80.0,
,21313,63060051,1,2025-11-07 19:00:00.000,,73c3ef61-7cc8-457b-ab66-1584bfa14126.com.samsung.health.heart_rate.binning_data.json,63060051,2025-11-07 20:04:14.303,2025-11-07 19:11:21.041,,104.0,72.0,,UTC-0300,tWUO8ZL77Z,,com.sec.android.app.shealth,2025-11-07 19:59:59.999,73c3ef61-7cc8-457b-ab66-1584bfa14126,87.0,
,21313,63060051,1,2025-11-07 20:00:00.000,,7e291986-b1be-4439-bf8e-d69e141d1f3d.com.samsung.health.heart_rate.binning_data.json,63060051,2025-11-07 21:01:30.630,2025-11-07 20:04:14.408,,103.0,78.0,,UTC-0300,tWUO8ZL77Z,,com.sec.android.app.shealth,2025-11-07 20:59:59.999,7e291986-b1be-4439-bf8e-d69e141d1f3d,86.0,
,21313,63060051,1,2025-11-07 21:00:00.000,,7c1ecee6-2c60-42c3-9fcf-742f6a2ff94b.com.samsung.health.heart_rate.binning_data.json,63060051,2025-11-07 22:00:18.860,2025-11-07 21:01:30.817,,111.0,90.0,,UTC-0300,tWUO8ZL77Z,,com.sec.android.app.shealth,2025-11-07 21:59:59.999,7c1ecee6-2c60-42c3-9fcf-742f6a2ff94b,102.0,
,21313,63060051,1,2025-11-07 22:00:00.000,,9b356b58-2aa8-4a20-8e28-765bf93b9816.com.samsung.health.heart_rate.binning_data.json,63060051,2025-11-07 23:02:56.530,2025-11-07 22:30:52.833,,100.0,71.0,,UTC-0300,tWUO8ZL77Z,,com.sec.android.app.shealth,2025-11-07 22:59:59.999,9b356b58-2aa8-4a20-8e28-765bf93b9816,86.0,
,21313,63060051,1,2025-11-08 00:00:00.000,,d35f34a9-67f3-498b-bd8b-f6a9f7bb62f9.com.samsung.health.heart_rate.binning_data.json,63060051,2025-11-08 01:04:30.920,2025-11-08 00:07:54.677,,84.0,55.0,,UTC-0300,tWUO8ZL77Z,,com.sec.android.app.shealth,2025-11-08 00:59:59.999,d35f34a9-67f3-498b-bd8b-f6a9f7bb62f9,66.0,
,21313,63060051,1,2025-11-07 23:00:00.000,,a1903595-59a7-4f8f-8064-64180e188c7d.com.samsung.health.heart_rate.binning_data.json,63060051,2025-11-08 00:06:11.247,2025-11-07 23:02:56.629,,97.0,63.0,,UTC-0300,tWUO8ZL77Z,,com.sec.android.app.shealth,2025-11-07 23:59:59.999,a1903595-59a7-4f8f-8064-64180e188c7d,75.0,
,21313,63060051,1,2025-11-08 01:00:00.000,,f62e9f77-3a60-411b-bb96-73b56842867e.com.samsung.health.heart_rate.binning_data.json,63060051,2025-11-08 02:01:41.363,2025-11-08 01:04:31.033,,91.0,57.0,,UTC-0300,tWUO8ZL77Z,,com.sec.android.app.shealth,2025-11-08 01:59:59.999,f62e9f77-3a60-411b-bb96-73b56842867e,74.0,
,21313,63060051,1,2025-11-08 02:00:00.000,,aa978fbd-5c32-45cd-9a5e-133a99027e68.com.samsung.health.heart_rate.binning_data.json,63060051,2025-11-08 03:05:01.955,2025-11-08 02:01:41.489,,81.0,52.0,,UTC-0300,tWUO8ZL77Z,,com.sec.android.app.shealth,2025-11-08 02:59:59.999,aa978fbd-5c32-45cd-9a5e-133a99027e68,59.0,
,21313,63060051,1,2025-11-08 03:00:00.000,,dcc52846-9b69-45b8-8252-5680aa921e38.com.samsung.health.heart_rate.binning_data.json,63060051,2025-11-08 04:05:36.194,2025-11-08 03:05:21.486,,70.0,50.0,,UTC-0300,tWUO8ZL77Z,,com.sec.android.app.shealth,2025-11-08 03:59:59.999,dcc52846-9b69-45b8-8252-5680aa921e38,55.0,
,21313,63060051,1,2025-11-08 04:00:00.000,,9fa41933-422e-4501-af6c-511f6515179f.com.samsung.health.heart_rate.binning_data.json,63060051,2025-11-08 05:01:32.099,2025-11-08 04:10:11.626,,69.0,49.0,,UTC-0300,tWUO8ZL77Z,,com.sec.android.app.shealth,2025-11-08 04:59:59.999,9fa41933-422e-4501-af6c-511f6515179f,54.0,
,21313,63060051,1,2025-11-08 05:00:00.000,,bc34f500-fa7d-4a64-ae1d-e62111aa27dd.com.samsung.health.heart_rate.binning_data.json,63060051,2025-11-08 06:05:03.775,2025-11-08 05:01:32.195,,75.0,50.0,,UTC-0300,tWUO8ZL77Z,,com.sec.android.app.shealth,2025-11-08 05:59:59.999,bc34f500-fa7d-4a64-ae1d-e62111aa27dd,57.0,
,21313,63060051,1,2025-11-08 08:00:00.000,,990e79c2-9246-43e9-9c5f-ce19efe2faee.com.samsung.health.heart_rate.binning_data.json,63060051,2025-11-08 09:06:46.727,2025-11-08 08:05:27.984,,75.0,44.0,,UTC-0300,tWUO8ZL77Z,,com.sec.android.app.shealth,2025-11-08 08:59:59.999,990e79c2-9246-43e9-9c5f-ce19efe2faee,52.0,
,21313,63060051,1,2025-11-08 06:00:00.000,,5abfd610-1763-4f03-96b5-5621203ff9ba.com.samsung.health.heart_rate.binning_data.json,63060051,2025-11-08 07:02:06.371,2025-11-08 06:06:04.456,,68.0,45.0,,UTC-0300,tWUO8ZL77Z,,com.sec.android.app.shealth,2025-11-08 06:59:59.999,5abfd610-1763-4f03-96b5-5621203ff9ba,51.0,
,21313,63060051,1,2025-11-08 07:00:00.000,,476c9be9-81d9-4c0e-8bfe-1e17cdf8420d.com.samsung.health.heart_rate.binning_data.json,63060051,2025-11-08 08:05:27.403,2025-11-08 07:02:06.486,,66.0,47.0,,UTC-0300,tWUO8ZL77Z,,com.sec.android.app.shealth,2025-11-08 07:59:59.999,476c9be9-81d9-4c0e-8bfe-1e17cdf8420d,53.0,
,21313,63060051,1,2025-11-08 10:00:00.000,,334045f0-4cbe-4fee-8fe1-6e5dd761e359.com.samsung.health.heart_rate.binning_data.json,63060051,2025-11-08 11:01:20.144,2025-11-08 10:01:46.523,,86.0,52.0,,UTC-0300,tWUO8ZL77Z,,com.sec.android.app.shealth,2025-11-08 10:59:59.999,334045f0-4cbe-4fee-8fe1-6e5dd761e359,66.0,
,21313,63060051,1,2025-11-08 11:00:00.000,,0db2da4a-48a6-40fa-b10e-d1bbd643e906.com.samsung.health.heart_rate.binning_data.json,63060051,2025-11-08 12:01:20.617,2025-11-08 11:01:20.222,,104.0,59.0,,UTC-0300,tWUO8ZL77Z,,com.sec.android.app.shealth,2025-11-08 11:59:59.999,0db2da4a-48a6-40fa-b10e-d1bbd643e906,77.0,
,21313,63060051,1,2025-11-08 09:00:00.000,,8ff5544b-8d49-4fd7-8982-d5bc98d448ec.com.samsung.health.heart_rate.binning_data.json,63060051,2025-11-08 10:01:46.455,2025-11-08 09:07:50.026,,85.0,47.0,,UTC-0300,tWUO8ZL77Z,,com.sec.android.app.shealth,2025-11-08 09:59:59.999,8ff5544b-8d49-4fd7-8982-d5bc98d448ec,58.0,
,21313,63060051,1,2025-11-08 12:00:00.000,,b1dea445-0154-43b9-8ed7-18538b2f770d.com.samsung.health.heart_rate.binning_data.json,63060051,2025-11-08 13:00:36.801,2025-11-08 12:01:20.805,,107.0,62.0,,UTC-0300,tWUO8ZL77Z,,com.sec.android.app.shealth,2025-11-08 12:59:59.999,b1dea445-0154-43b9-8ed7-18538b2f770d,77.0,
,21313,63060051,1,2025-11-08 13:00:00.000,,7ced0614-c511-45f0-9640-00de3100bd2f.com.samsung.health.heart_rate.binning_data.json,63060051,2025-11-08 14:03:25.107,2025-11-08 13:03:48.157,,111.0,75.0,,UTC-0300,tWUO8ZL77Z,,com.sec.android.app.shealth,2025-11-08 13:59:59.999,7ced0614-c511-45f0-9640-00de3100bd2f,90.0,
,21313,63060051,1,2025-11-08 14:00:00.000,,735620d1-9768-4698-bd38-844ad317e149.com.samsung.health.heart_rate.binning_data.json,63060051,2025-11-08 15:03:12.293,2025-11-08 14:03:25.210,,105.0,72.0,,UTC-0300,tWUO8ZL77Z,,com.sec.android.app.shealth,2025-11-08 14:59:59.999,735620d1-9768-4698-bd38-844ad317e149,85.0,
,21313,63060051,1,2025-11-08 15:00:00.000,,ab154daa-136e-454d-b466-331f68751bc8.com.samsung.health.heart_rate.binning_data.json,63060051,2025-11-08 16:05:03.552,2025-11-08 15:18:42.041,,105.0,65.0,,UTC-0300,tWUO8ZL77Z,,com.sec.android.app.shealth,2025-11-08 15:59:59.999,ab154daa-136e-454d-b466-331f68751bc8,80.0,
,21313,63060051,1,2025-11-08 16:00:00.000,,e1f2f9df-7fac-4074-a8a6-57d62fea31df.com.samsung.health.heart_rate.binning_data.json,63060051,2025-11-08 17:01:37.158,2025-11-08 16:07:14.618,,109.0,71.0,,UTC-0300,tWUO8ZL77Z,,com.sec.android.app.shealth,2025-11-08 16:59:59.999,e1f2f9df-7fac-4074-a8a6-57d62fea31df,87.0,
,21313,63060051,1,2025-11-08 18:00:00.000,,2a69fc16-b357-4e29-8ac5-e52b18efab92.com.samsung.health.heart_rate.binning_data.json,63060051,2025-11-08 19:42:33.341,2025-11-08 18:04:07.598,,95.0,68.0,,UTC-0300,tWUO8ZL77Z,,com.sec.android.app.shealth,2025-11-08 18:59:59.999,2a69fc16-b357-4e29-8ac5-e52b18efab92,76.0,
,21313,63060051,1,2025-11-08 19:00:00.000,,078edf93-fc67-4939-b527-40d3bebf69de.com.samsung.health.heart_rate.binning_data.json,63060051,2025-11-08 20:01:30.196,2025-11-08 19:42:33.427,,103.0,80.0,,UTC-0300,tWUO8ZL77Z,,com.sec.android.app.shealth,2025-11-08 19:59:59.999,078edf93-fc67-4939-b527-40d3bebf69de,89.0,
,21313,63060051,1,2025-11-08 20:00:00.000,,23223367-0adb-41ce-8178-ed806a53af3a.com.samsung.health.heart_rate.binning_data.json,63060051,2025-11-08 21:01:39.372,2025-11-08 20:01:30.308,,112.0,75.0,,UTC-0300,tWUO8ZL77Z,,com.sec.android.app.shealth,2025-11-08 20:59:59.999,23223367-0adb-41ce-8178-ed806a53af3a,92.0,
,21313,63060051,1,2025-11-08 22:00:00.000,,2b3e7223-4098-4e60-bd4f-e6802e96a544.com.samsung.health.heart_rate.binning_data.json,63060051,2025-11-08 23:06:05.494,2025-11-08 22:02:38.560,,104.0,67.0,,UTC-0300,tWUO8ZL77Z,,com.sec.android.app.shealth,2025-11-08 22:59:59.999,2b3e7223-4098-4e60-bd4f-e6802e96a544,85.0,
,21313,63060051,1,2025-11-08 17:00:00.000,,5ff7eda3-367f-4d5e-99ee-492d509d1fa9.com.samsung.health.heart_rate.binning_data.json,63060051,2025-11-08 18:00:36.680,2025-11-08 17:01:37.300,,103.0,70.0,,UTC-0300,tWUO8ZL77Z,,com.sec.android.app.shealth,2025-11-08 17:59:59.999,5ff7eda3-367f-4d5e-99ee-492d509d1fa9,82.0,
,21313,63060051,1,2025-11-08 21:00:00.000,,70b3236f-49ff-4495-80bb-2669e6cf3465.com.samsung.health.heart_rate.binning_data.json,63060051,2025-11-08 22:02:38.460,2025-11-08 21:01:39.459,,108.0,67.0,,UTC-0300,tWUO8ZL77Z,,com.sec.android.app.shealth,2025-11-08 21:59:59.999,70b3236f-49ff-4495-80bb-2669e6cf3465,88.0,
,21313,63060051,1,2025-11-08 23:00:00.000,,765e742d-6df6-4199-998a-7dd975231231.com.samsung.health.heart_rate.binning_data.json,63060051,2025-11-09 00:03:15.661,2025-11-08 23:06:06.110,,95.0,61.0,,UTC-0300,tWUO8ZL77Z,,com.sec.android.app.shealth,2025-11-08 23:59:59.999,765e742d-6df6-4199-998a-7dd975231231,78.0,
,21313,63060051,1,2025-11-09 00:00:00.000,,54c6d4a5-03c9-4e99-bf6c-190246b9be58.com.samsung.health.heart_rate.binning_data.json,63060051,2025-11-09 01:01:32.731,2025-11-09 00:03:15.836,,88.0,66.0,,UTC-0300,tWUO8ZL77Z,,com.sec.android.app.shealth,2025-11-09 00:59:59.999,54c6d4a5-03c9-4e99-bf6c-190246b9be58,75.0,
,21313,63060051,1,2025-11-09 01:00:00.000,,1543af8a-a9ce-4fe9-8cb5-f0dad40f5f90.com.samsung.health.heart_rate.binning_data.json,63060051,2025-11-09 02:05:02.622,2025-11-09 01:01:32.812,,86.0,50.0,,UTC-0300,tWUO8ZL77Z,,com.sec.android.app.shealth,2025-11-09 01:59:59.999,1543af8a-a9ce-4fe9-8cb5-f0dad40f5f90,61.0,
,21316,63060051,1,2025-11-09 02:44:59.655,,,63060051,2025-11-09 02:48:04.817,2025-11-08 12:19:06.043,,,,,UTC-0300,tWUO8ZL77Z,,com.sec.android.app.shealth,2025-11-09 02:44:59.655,a2efa497-eed9-4505-b696-e1f381bd0b83,54.0,
,21313,63060051,1,2025-11-09 02:00:00.000,,ff866a4b-979b-4665-abad-feb5d1a8fe6c.com.samsung.health.heart_rate.binning_data.json,63060051,2025-11-09 03:05:03.160,2025-11-09 02:08:05.189,,64.0,48.0,,UTC-0300,tWUO8ZL77Z,,com.sec.android.app.shealth,2025-11-09 02:59:59.999,ff866a4b-979b-4665-abad-feb5d1a8fe6c,53.0,
,21313,63060051,1,2025-11-09 03:00:00.000,,432f7a76-a959-4f0c-9959-141e223cede7.com.samsung.health.heart_rate.binning_data.json,63060051,2025-11-09 04:01:02.875,2025-11-09 03:08:10.052,,71.0,46.0,,UTC-0300,tWUO8ZL77Z,,com.sec.android.app.shealth,2025-11-09 03:59:59.999,432f7a76-a959-4f0c-9959-141e223cede7,53.0,
,21316,63060051,1,2025-11-10 02:09:51.034,,,63060051,2025-11-10 02:25:04.338,2025-11-09 03:35:11.382,,,,,UTC-0300,tWUO8ZL77Z,,com.sec.android.app.shealth,2025-11-10 02:09:51.034,1673078b-996b-4f7f-a378-45b77daec8a4,49.0,
,21313,63060051,1,2025-11-09 04:00:00.000,,26a53acf-583e-4267-a3c9-fe3ee8d5df40.com.samsung.health.heart_rate.binning_data.json,63060051,2025-11-09 05:05:03.272,2025-11-09 04:01:02.943,,68.0,50.0,,UTC-0300,tWUO8ZL77Z,,com.sec.android.app.shealth,2025-11-09 04:59:59.999,26a53acf-583e-4267-a3c9-fe3ee8d5df40,54.0,
,21313,63060051,1,2025-11-09 05:00:00.000,,efbf9e55-e792-4287-b84f-173eb1b66de6.com.samsung.health.heart_rate.binning_data.json,63060051,2025-11-09 06:05:49.112,2025-11-09 05:05:59.665,,66.0,45.0,,UTC-0300,tWUO8ZL77Z,,com.sec.android.app.shealth,2025-11-09 05:59:59.999,efbf9e55-e792-4287-b84f-173eb1b66de6,51.0,
,21313,63060051,1,2025-11-09 06:00:00.000,,1c72a21d-1eb5-46d1-8a53-7f22e1fef3eb.com.samsung.health.heart_rate.binning_data.json,63060051,2025-11-09 07:05:02.807,2025-11-09 06:05:49.493,,64.0,46.0,,UTC-0300,tWUO8ZL77Z,,com.sec.android.app.shealth,2025-11-09 06:59:59.999,1c72a21d-1eb5-46d1-8a53-7f22e1fef3eb,51.0,
,21313,63060051,1,2025-11-09 07:00:00.000,,e3e39c0a-4c53-4e45-a834-f70df3fed9ab.com.samsung.health.heart_rate.binning_data.json,63060051,2025-11-09 08:01:00.666,2025-11-09 07:05:02.954,,74.0,44.0,,UTC-0300,tWUO8ZL77Z,,com.sec.android.app.shealth,2025-11-09 07:59:59.999,e3e39c0a-4c53-4e45-a834-f70df3fed9ab,51.0,
,21313,63060051,1,2025-11-09 08:00:00.000,,557b6a6a-d321-4b90-b53c-a3076a7eb251.com.samsung.health.heart_rate.binning_data.json,63060051,2025-11-09 12:05:16.015,2025-11-09 08:01:00.854,,88.0,49.0,,UTC-0300,tWUO8ZL77Z,,com.sec.android.app.shealth,2025-11-09 08:59:59.999,557b6a6a-d321-4b90-b53c-a3076a7eb251,60.0,
,21313,63060051,1,2025-11-09 12:00:00.000,,cf5d4ba7-f987-411a-a4dd-6b0e8df13bc5.com.samsung.health.heart_rate.binning_data.json,63060051,2025-11-09 13:00:57.646,2025-11-09 12:05:16.102,,110.0,63.0,,UTC-0300,tWUO8ZL77Z,,com.sec.android.app.shealth,2025-11-09 12:59:59.999,cf5d4ba7-f987-411a-a4dd-6b0e8df13bc5,87.0,
,21313,63060051,1,2025-11-09 13:00:00.000,,b52aa36f-093b-4bfd-b84e-deb366acf1bb.com.samsung.health.heart_rate.binning_data.json,63060051,2025-11-09 14:02:39.580,2025-11-09 13:11:15.390,,102.0,62.0,,UTC-0300,tWUO8ZL77Z,,com.sec.android.app.shealth,2025-11-09 13:59:59.999,b52aa36f-093b-4bfd-b84e-deb366acf1bb,81.0,
,21313,63060051,1,2025-11-09 14:00:00.000,,60506870-a49b-466f-875e-8cba1c0400be.com.samsung.health.heart_rate.binning_data.json,63060051,2025-11-09 15:03:07.026,2025-11-09 14:02:39.687,,108.0,77.0,,UTC-0300,tWUO8ZL77Z,,com.sec.android.app.shealth,2025-11-09 14:59:59.999,60506870-a49b-466f-875e-8cba1c0400be,90.0,
,21313,63060051,1,2025-11-09 15:00:00.000,,23968a9d-b446-4203-a546-b060dcaeeea2.com.samsung.health.heart_rate.binning_data.json,63060051,2025-11-09 16:02:16.690,2025-11-09 15:03:07.131,,107.0,75.0,,UTC-0300,tWUO8ZL77Z,,com.sec.android.app.shealth,2025-11-09 15:59:59.999,23968a9d-b446-4203-a546-b060dcaeeea2,92.0,
,21313,63060051,1,2025-11-09 16:00:00.000,,382a006e-283c-4600-95c1-133d232ac99d.com.samsung.health.heart_rate.binning_data.json,63060051,2025-11-09 17:05:12.221,2025-11-09 16:02:16.787,,98.0,63.0,,UTC-0300,tWUO8ZL77Z,,com.sec.android.app.shealth,2025-11-09 16:59:59.999,382a006e-283c-4600-95c1-133d232ac99d,82.0,
,21313,63060051,1,2025-11-09 17:00:00.000,,6dc1a568-5a3b-44b2-b27e-960acee2e18f.com.samsung.health.heart_rate.binning_data.json,63060051,2025-11-09 18:04:46.374,2025-11-09 17:08:41.547,,113.0,61.0,,UTC-0300,tWUO8ZL77Z,,com.sec.android.app.shealth,2025-11-09 17:59:59.999,6dc1a568-5a3b-44b2-b27e-960acee2e18f,79.0,
,21313,63060051,1,2025-11-09 18:00:00.000,,b109499c-215a-44e7-86c9-caf6c5b50fb3.com.samsung.health.heart_rate.binning_data.json,63060051,2025-11-09 19:01:21.875,2025-11-09 18:04:46.471,,110.0,61.0,,UTC-0300,tWUO8ZL77Z,,com.sec.android.app.shealth,2025-11-09 18:59:59.999,b109499c-215a-44e7-86c9-caf6c5b50fb3,84.0,
,21313,63060051,1,2025-11-09 19:00:00.000,,3c943bab-1090-406e-80db-cecea781e436.com.samsung.health.heart_rate.binning_data.json,63060051,2025-11-09 20:04:26.748,2025-11-09 19:01:21.974,,95.0,64.0,,UTC-0300,tWUO8ZL77Z,,com.sec.android.app.shealth,2025-11-09 19:59:59.999,3c943bab-1090-406e-80db-cecea781e436,80.0,
,21313,63060051,1,2025-11-09 20:00:00.000,,40f605be-244b-4369-b58d-0d6598bb80e6.com.samsung.health.heart_rate.binning_data.json,63060051,2025-11-09 21:09:26.209,2025-11-09 20:04:26.990,,110.0,75.0,,UTC-0300,tWUO8ZL77Z,,com.sec.android.app.shealth,2025-11-09 20:59:59.999,40f605be-244b-4369-b58d-0d6598bb80e6,87.0,
,21313,63060051,1,2025-11-09 21:00:00.000,,d4ed997e-bf22-4e19-b41f-a599f4d376ec.com.samsung.health.heart_rate.binning_data.json,63060051,2025-11-09 22:01:01.493,2025-11-09 21:09:26.536,,108.0,63.0,,UTC-0300,tWUO8ZL77Z,,com.sec.android.app.shealth,2025-11-09 21:59:59.999,d4ed997e-bf22-4e19-b41f-a599f4d376ec,89.0,
,21313,63060051,1,2025-11-09 22:00:00.000,,ec3db076-a2f8-40ea-8892-536677201540.com.samsung.health.heart_rate.binning_data.json,63060051,2025-11-09 23:01:37.514,2025-11-09 22:01:01.566,,99.0,68.0,,UTC-0300,tWUO8ZL77Z,,com.sec.android.app.shealth,2025-11-09 22:59:59.999,ec3db076-a2f8-40ea-8892-536677201540,80.0,
,21313,63060051,1,2025-11-10 02:00:00.000,,baf4aca8-711d-448d-b499-ebee9dec97f4.com.samsung.health.heart_rate.binning_data.json,63060051,2025-11-10 03:07:50.378,2025-11-10 02:09:07.932,,68.0,45.0,,UTC-0300,tWUO8ZL77Z,,com.sec.android.app.shealth,2025-11-10 02:59:59.999,baf4aca8-711d-448d-b499-ebee9dec97f4,51.0,
,21313,63060051,1,2025-11-10 03:00:00.000,,11578b3f-4246-44ab-adbe-d7a7abef5459.com.samsung.health.heart_rate.binning_data.json,63060051,2025-11-10 04:05:03.283,2025-11-10 03:10:22.302,,64.0,46.0,,UTC-0300,tWUO8ZL77Z,,com.sec.android.app.shealth,2025-11-10 03:59:59.999,11578b3f-4246-44ab-adbe-d7a7abef5459,51.0,
,21313,63060051,1,2025-11-10 04:00:00.000,,0d4554bf-7089-469c-8565-4bfec497d2b0.com.samsung.health.heart_rate.binning_data.json,63060051,2025-11-10 05:05:03.741,2025-11-10 04:06:06.367,,72.0,47.0,,UTC-0300,tWUO8ZL77Z,,com.sec.android.app.shealth,2025-11-10 04:59:59.999,0d4554bf-7089-469c-8565-4bfec497d2b0,51.0,
,21313,63060051,1,2025-11-10 05:00:00.000,,b28e8772-6956-4403-8feb-6cb1d6ac5021.com.samsung.health.heart_rate.binning_data.json,63060051,2025-11-10 06:06:20.569,2025-11-10 05:06:45.605,,66.0,43.0,,UTC-0300,tWUO8ZL77Z,,com.sec.android.app.shealth,2025-11-10 05:59:59.999,b28e8772-6956-4403-8feb-6cb1d6ac5021,49.0,
,21313,63060051,1,2025-11-09 23:00:00.000,,fb06555c-9fa3-403d-8c4a-9909ab42c2bb.com.samsung.health.heart_rate.binning_data.json,63060051,2025-11-10 01:25:04.080,2025-11-09 23:01:37.602,,93.0,60.0,,UTC-0300,tWUO8ZL77Z,,com.sec.android.app.shealth,2025-11-09 23:59:59.999,fb06555c-9fa3-403d-8c4a-9909ab42c2bb,74.0,
,21313,63060051,1,2025-11-10 01:00:00.000,,ea2ab72d-cc36-409b-a9c5-13005ca60cb7.com.samsung.health.heart_rate.binning_data.json,63060051,2025-11-10 02:09:07.653,2025-11-10 01:34:29.380,,90.0,46.0,,UTC-0300,tWUO8ZL77Z,,com.sec.android.app.shealth,2025-11-10 01:59:59.999,ea2ab72d-cc36-409b-a9c5-13005ca60cb7,57.0,
,21313,63060051,1,2025-11-10 06:00:00.000,,0f5d7810-a861-4861-a676-605e8658e9db.com.samsung.health.heart_rate.binning_data.json,63060051,2025-11-10 07:06:51.937,2025-11-10 06:06:20.715,,74.0,42.0,,UTC-0300,tWUO8ZL77Z,,com.sec.android.app.shealth,2025-11-10 06:59:59.999,0f5d7810-a861-4861-a676-605e8658e9db,49.0,
,21313,63060051,1,2025-11-10 07:00:00.000,,c98e11c8-f9f0-4859-aebd-0294392b1d39.com.samsung.health.heart_rate.binning_data.json,63060051,2025-11-10 08:07:42.875,2025-11-10 07:06:52.071,,71.0,43.0,,UTC-0300,tWUO8ZL77Z,,com.sec.android.app.shealth,2025-11-10 07:59:59.999,c98e11c8-f9f0-4859-aebd-0294392b1d39,49.0,
,21313,63060051,1,2025-11-10 08:00:00.000,,9274202c-7384-4cf3-89e8-5a4e5f319c71.com.samsung.health.heart_rate.binning_data.json,63060051,2025-11-10 09:05:03.242,2025-11-10 08:07:43.416,,87.0,45.0,,UTC-0300,tWUO8ZL77Z,,com.sec.android.app.shealth,2025-11-10 08:59:59.999,9274202c-7384-4cf3-89e8-5a4e5f319c71,52.0,
,21313,63060051,1,2025-11-10 09:00:00.000,,739a03ad-1dc2-411f-ae3a-e2e73eeb2744.com.samsung.health.heart_rate.binning_data.json,63060051,2025-11-10 10:05:25.292,2025-11-10 09:09:14.646,,67.0,44.0,,UTC-0300,tWUO8ZL77Z,,com.sec.android.app.shealth,2025-11-10 09:59:59.999,739a03ad-1dc2-411f-ae3a-e2e73eeb2744,51.0,
,21313,63060051,1,2025-11-10 10:00:00.000,,e3fdfe34-c32a-4aa9-916f-6845d9091085.com.samsung.health.heart_rate.binning_data.json,63060051,2025-11-10 11:01:26.281,2025-11-10 10:06:31.435,,81.0,47.0,,UTC-0300,tWUO8ZL77Z,,com.sec.android.app.shealth,2025-11-10 10:59:59.999,e3fdfe34-c32a-4aa9-916f-6845d9091085,59.0,
,21313,63060051,1,2025-11-10 11:00:00.000,,6227408f-6718-4241-bf9a-d6f766da8d23.com.samsung.health.heart_rate.binning_data.json,63060051,2025-11-10 12:05:02.641,2025-11-10 11:01:26.356,,80.0,48.0,,UTC-0300,tWUO8ZL77Z,,com.sec.android.app.shealth,2025-11-10 11:59:59.999,6227408f-6718-4241-bf9a-d6f766da8d23,57.0,
,21313,63060051,1,2025-11-10 12:00:00.000,,63975d64-344d-4765-af2b-dfb036e89578.com.samsung.health.heart_rate.binning_data.json,63060051,2025-11-10 13:01:34.054,2025-11-10 12:08:53.187,,84.0,47.0,,UTC-0300,tWUO8ZL77Z,,com.sec.android.app.shealth,2025-11-10 12:59:59.999,63975d64-344d-4765-af2b-dfb036e89578,60.0,
,21313,63060051,1,2025-11-10 13:00:00.000,,d5af70d2-7d64-4e12-8854-d123c60d2263.com.samsung.health.heart_rate.binning_data.json,63060051,2025-11-10 14:07:28.089,2025-11-10 13:01:34.219,,112.0,50.0,,UTC-0300,tWUO8ZL77Z,,com.sec.android.app.shealth,2025-11-10 13:59:59.999,d5af70d2-7d64-4e12-8854-d123c60d2263,73.0,
,21313,63060051,1,2025-11-10 14:00:00.000,,6d169fa9-5adc-4279-b2d8-d7042829d543.com.samsung.health.heart_rate.binning_data.json,63060051,2025-11-10 15:02:24.020,2025-11-10 14:09:36.010,,84.0,51.0,,UTC-0300,tWUO8ZL77Z,,com.sec.android.app.shealth,2025-11-10 14:59:59.999,6d169fa9-5adc-4279-b2d8-d7042829d543,58.0,
,21313,63060051,1,2025-11-10 15:00:00.000,,80d58416-8039-444c-b704-26fc0c4e1380.com.samsung.health.heart_rate.binning_data.json,63060051,2025-11-10 16:05:02.986,2025-11-10 15:02:24.171,,86.0,52.0,,UTC-0300,tWUO8ZL77Z,,com.sec.android.app.shealth,2025-11-10 15:59:59.999,80d58416-8039-444c-b704-26fc0c4e1380,66.0,
,21316,63060051,1,2025-11-10 12:21:40.640,,,63060051,2025-11-10 22:45:11.375,2025-11-10 12:25:02.884,,,,,UTC-0300,tWUO8ZL77Z,,com.sec.android.app.shealth,2025-11-10 12:21:40.640,b531e864-800d-4038-b3f7-fbd150119a84,51.0,
,21313,63060051,1,2025-11-10 16:00:00.000,,1b0be6ee-0762-4111-8e59-38bd188cfaa7.com.samsung.health.heart_rate.binning_data.json,63060051,2025-11-10 17:05:28.535,2025-11-10 16:06:21.644,,91.0,52.0,,UTC-0300,tWUO8ZL77Z,,com.sec.android.app.shealth,2025-11-10 16:59:59.999,1b0be6ee-0762-4111-8e59-38bd188cfaa7,69.0,
,21313,63060051,1,2025-11-10 17:00:00.000,,8049cf0e-731b-4d9e-8a40-c98cc4fee427.com.samsung.health.heart_rate.binning_data.json,63060051,2025-11-10 18:02:09.814,2025-11-10 17:05:28.791,,83.0,58.0,,UTC-0300,tWUO8ZL77Z,,com.sec.android.app.shealth,2025-11-10 17:59:59.999,8049cf0e-731b-4d9e-8a40-c98cc4fee427,67.0,
,21313,63060051,1,2025-11-10 18:00:00.000,,eddacee0-fa5b-4920-a4f9-d85c254a7715.com.samsung.health.heart_rate.binning_data.json,63060051,2025-11-10 19:01:16.652,2025-11-10 18:02:09.940,,91.0,62.0,,UTC-0300,tWUO8ZL77Z,,com.sec.android.app.shealth,2025-11-10 18:59:59.999,eddacee0-fa5b-4920-a4f9-d85c254a7715,75.0,
,21313,63060051,1,2025-11-10 19:00:00.000,,f865a543-20b0-4cfe-bd20-b4b4fcaf1420.com.samsung.health.heart_rate.binning_data.json,63060051,2025-11-10 20:02:47.304,2025-11-10 19:01:16.770,,102.0,70.0,,UTC-0300,tWUO8ZL77Z,,com.sec.android.app.shealth,2025-11-10 19:59:59.999,f865a543-20b0-4cfe-bd20-b4b4fcaf1420,84.0,
,21313,63060051,1,2025-11-10 20:00:00.000,,36bc0e0e-01d3-4879-b7ea-489afa645405.com.samsung.health.heart_rate.binning_data.json,63060051,2025-11-10 21:01:31.607,2025-11-10 20:02:48.093,,104.0,68.0,,UTC-0300,tWUO8ZL77Z,,com.sec.android.app.shealth,2025-11-10 20:59:59.999,36bc0e0e-01d3-4879-b7ea-489afa645405,85.0,
,21313,63060051,1,2025-11-10 21:00:00.000,,2869ea7c-b580-4a8c-82d4-1dd54cc3b429.com.samsung.health.heart_rate.binning_data.json,63060051,2025-11-10 22:03:52.701,2025-11-10 21:01:32.342,,94.0,66.0,,UTC-0300,tWUO8ZL77Z,,com.sec.android.app.shealth,2025-11-10 21:59:59.999,2869ea7c-b580-4a8c-82d4-1dd54cc3b429,81.0,
,21313,63060051,1,2025-11-10 22:00:00.000,,a5d71365-3d70-48e4-a822-cf900e6121ec.com.samsung.health.heart_rate.binning_data.json,63060051,2025-11-10 23:06:25.027,2025-11-10 22:03:52.866,,91.0,51.0,,UTC-0300,tWUO8ZL77Z,,com.sec.android.app.shealth,2025-11-10 22:59:59.999,a5d71365-3d70-48e4-a822-cf900e6121ec,71.0,
,21313,63060051,1,2025-11-10 23:00:00.000,,da0adc8c-df03-4ea8-9377-f6fa63fa4fe2.com.samsung.health.heart_rate.binning_data.json,63060051,2025-11-11 08:50:02.929,2025-11-10 23:06:25.194,,97.0,55.0,,UTC-0300,tWUO8ZL77Z,,com.sec.android.app.shealth,2025-11-10 23:59:59.999,da0adc8c-df03-4ea8-9377-f6fa63fa4fe2,69.0,
,21313,63060051,1,2025-11-11 08:00:00.000,,d6375d04-aa98-45e2-977a-15cad551f1f6.com.samsung.health.heart_rate.binning_data.json,63060051,2025-11-11 09:01:23.273,2025-11-11 08:50:03.053,,81.0,49.0,,UTC-0300,tWUO8ZL77Z,,com.sec.android.app.shealth,2025-11-11 08:59:59.999,d6375d04-aa98-45e2-977a-15cad551f1f6,61.0,
,21313,63060051,1,2025-11-11 09:00:00.000,,f85ae438-7d99-4ede-a866-3e42113516a0.com.samsung.health.heart_rate.binning_data.json,63060051,2025-11-11 10:01:41.168,2025-11-11 09:01:23.337,,87.0,48.0,,UTC-0300,tWUO8ZL77Z,,com.sec.android.app.shealth,2025-11-11 09:59:59.999,f85ae438-7d99-4ede-a866-3e42113516a0,67.0,
,21313,63060051,1,2025-11-11 10:00:00.000,,d9652380-36f2-4c37-9369-a8682bc03a5b.com.samsung.health.heart_rate.binning_data.json,63060051,2025-11-11 11:02:26.488,2025-11-11 10:01:41.233,,135.0,52.0,,UTC-0300,tWUO8ZL77Z,,com.sec.android.app.shealth,2025-11-11 10:59:59.999,d9652380-36f2-4c37-9369-a8682bc03a5b,80.0,
,21313,63060051,1,2025-11-11 11:00:00.000,,edeab469-6ee1-4a13-a89b-b49979e2ab9b.com.samsung.health.heart_rate.binning_data.json,63060051,2025-11-11 12:01:50.455,2025-11-11 11:02:26.606,,101.0,64.0,,UTC-0300,tWUO8ZL77Z,,com.sec.android.app.shealth,2025-11-11 11:59:59.999,edeab469-6ee1-4a13-a89b-b49979e2ab9b,82.0,
,21313,63060051,1,2025-11-11 12:00:00.000,,65399f8c-9ea6-45aa-afc8-4ed8fb158906.com.samsung.health.heart_rate.binning_data.json,63060051,2025-11-11 13:09:29.568,2025-11-11 12:01:50.757,,103.0,62.0,,UTC-0300,tWUO8ZL77Z,,com.sec.android.app.shealth,2025-11-11 12:59:59.999,65399f8c-9ea6-45aa-afc8-4ed8fb158906,78.0,
,21313,63060051,1,2025-11-11 13:00:00.000,,74c43576-0127-45e5-9f6f-484cc15492f5.com.samsung.health.heart_rate.binning_data.json,63060051,2025-11-11 14:00:31.219,2025-11-11 13:09:29.857,,94.0,61.0,,UTC-0300,tWUO8ZL77Z,,com.sec.android.app.shealth,2025-11-11 13:59:59.999,74c43576-0127-45e5-9f6f-484cc15492f5,73.0,
,21313,63060051,1,2025-11-11 14:00:00.000,,5848c76c-8bff-4308-a023-7746c2dcf0a5.com.samsung.health.heart_rate.binning_data.json,63060051,2025-11-11 15:01:53.737,2025-11-11 15:01:53.737,,89.0,62.0,,UTC-0300,tWUO8ZL77Z,,com.sec.android.app.shealth,2025-11-11 14:59:59.999,5848c76c-8bff-4308-a023-7746c2dcf0a5,75.0,
,21313,63060051,1,2025-11-11 15:00:00.000,,44e71034-7ad9-417f-bfd9-d401a1904191.com.samsung.health.heart_rate.binning_data.json,63060051,2025-11-11 16:07:02.243,2025-11-11 15:01:53.826,,106.0,66.0,,UTC-0300,tWUO8ZL77Z,,com.sec.android.app.shealth,2025-11-11 15:59:59.999,44e71034-7ad9-417f-bfd9-d401a1904191,87.0,
,21313,63060051,1,2025-11-11 16:00:00.000,,e0194536-5e1d-413d-a763-f2cfed6c679b.com.samsung.health.heart_rate.binning_data.json,63060051,2025-11-11 17:01:16.330,2025-11-11 16:07:02.439,,100.0,72.0,,UTC-0300,tWUO8ZL77Z,,com.sec.android.app.shealth,2025-11-11 16:59:59.999,e0194536-5e1d-413d-a763-f2cfed6c679b,82.0,
,21313,63060051,1,2025-11-11 17:00:00.000,,ed937e20-9aba-4792-b29d-c8ddebcb793b.com.samsung.health.heart_rate.binning_data.json,63060051,2025-11-11 18:01:32.203,2025-11-11 17:01:16.442,,110.0,68.0,,UTC-0300,tWUO8ZL77Z,,com.sec.android.app.shealth,2025-11-11 17:59:59.999,ed937e20-9aba-4792-b29d-c8ddebcb793b,80.0,
,21313,63060051,1,2025-11-11 18:00:00.000,,9000b85a-5a6b-4896-bfa5-3d7fb450b52e.com.samsung.health.heart_rate.binning_data.json,63060051,2025-11-11 19:05:05.354,2025-11-11 18:01:32.280,,95.0,61.0,,UTC-0300,tWUO8ZL77Z,,com.sec.android.app.shealth,2025-11-11 18:59:59.999,9000b85a-5a6b-4896-bfa5-3d7fb450b52e,76.0,
,21313,63060051,1,2025-11-11 19:00:00.000,,4720f5b6-5777-424e-bf7f-43f33d5966f1.com.samsung.health.heart_rate.binning_data.json,63060051,2025-11-11 20:02:04.693,2025-11-11 19:06:15.420,,90.0,57.0,,UTC-0300,tWUO8ZL77Z,,com.sec.android.app.shealth,2025-11-11 19:59:59.999,4720f5b6-5777-424e-bf7f-43f33d5966f1,73.0,
,21313,63060051,1,2025-11-11 20:00:00.000,,4256886e-258d-475f-9c65-d8645e81ca1b.com.samsung.health.heart_rate.binning_data.json,63060051,2025-11-11 21:03:37.783,2025-11-11 20:02:04.857,,93.0,64.0,,UTC-0300,tWUO8ZL77Z,,com.sec.android.app.shealth,2025-11-11 20:59:59.999,4256886e-258d-475f-9c65-d8645e81ca1b,76.0,
,21313,63060051,1,2025-11-11 21:00:00.000,,a9dafb61-8d28-40fd-9bd5-da6cd1aa9a32.com.samsung.health.heart_rate.binning_data.json,63060051,2025-11-11 22:05:00.359,2025-11-11 21:03:38.323,,94.0,61.0,,UTC-0300,tWUO8ZL77Z,,com.sec.android.app.shealth,2025-11-11 21:59:59.999,a9dafb61-8d28-40fd-9bd5-da6cd1aa9a32,76.0,
,21313,63060051,1,2025-11-11 22:00:00.000,,42dbd443-64be-4cce-978d-d0a19e3d72dc.com.samsung.health.heart_rate.binning_data.json,63060051,2025-11-11 23:01:03.048,2025-11-11 22:05:03.279,,93.0,67.0,,UTC-0300,tWUO8ZL77Z,,com.sec.android.app.shealth,2025-11-11 22:59:59.999,42dbd443-64be-4cce-978d-d0a19e3d72dc,78.0,
,21313,63060051,1,2025-11-12 01:00:00.000,,6364e6aa-e237-4580-9bc4-a8fe8be7c323.com.samsung.health.heart_rate.binning_data.json,63060051,2025-11-12 02:05:04.184,2025-11-12 01:34:38.008,,75.0,51.0,,UTC-0300,tWUO8ZL77Z,,com.sec.android.app.shealth,2025-11-12 01:59:59.999,6364e6aa-e237-4580-9bc4-a8fe8be7c323,56.0,
,21316,63060051,1,2025-11-12 02:20:30.675,,,63060051,2025-11-12 02:55:00.147,2025-11-12 01:35:00.732,,,,,UTC-0300,tWUO8ZL77Z,,com.sec.android.app.shealth,2025-11-12 02:20:30.675,57c8a8ff-4dc7-439f-9acb-29cfcaa13ae5,53.0,
,21313,63060051,1,2025-11-12 02:00:00.000,,f309adc4-1f78-4d21-98f8-b6acb0103b2b.com.samsung.health.heart_rate.binning_data.json,63060051,2025-11-12 03:05:02.904,2025-11-12 02:09:31.257,,74.0,48.0,,UTC-0300,tWUO8ZL77Z,,com.sec.android.app.shealth,2025-11-12 02:59:59.999,f309adc4-1f78-4d21-98f8-b6acb0103b2b,56.0,
,21313,63060051,1,2025-11-12 03:00:00.000,,a2a81b7a-031e-47c2-845d-564ebecf74b2.com.samsung.health.heart_rate.binning_data.json,63060051,2025-11-12 04:05:16.807,2025-11-12 03:14:07.744,,77.0,50.0,,UTC-0300,tWUO8ZL77Z,,com.sec.android.app.shealth,2025-11-12 03:59:59.999,a2a81b7a-031e-47c2-845d-564ebecf74b2,55.0,
,21313,63060051,1,2025-11-12 04:00:00.000,,fa27d236-7702-45e1-867d-5e9624008af7.com.samsung.health.heart_rate.binning_data.json,63060051,2025-11-12 05:05:31.550,2025-11-12 04:06:54.353,,63.0,45.0,,UTC-0300,tWUO8ZL77Z,,com.sec.android.app.shealth,2025-11-12 04:59:59.999,fa27d236-7702-45e1-867d-5e9624008af7,51.0,
,21313,63060051,1,2025-11-12 05:00:00.000,,a78cc37f-7c0b-445a-8a2a-71584d69c492.com.samsung.health.heart_rate.binning_data.json,63060051,2025-11-12 06:05:02.318,2025-11-12 05:06:49.666,,74.0,46.0,,UTC-0300,tWUO8ZL77Z,,com.sec.android.app.shealth,2025-11-12 05:59:59.999,a78cc37f-7c0b-445a-8a2a-71584d69c492,53.0,
,21313,63060051,1,2025-11-11 23:00:00.000,,790d300f-5ce8-4256-a399-74121112416a.com.samsung.health.heart_rate.binning_data.json,63060051,2025-11-12 01:34:37.631,2025-11-11 23:01:03.130,,91.0,60.0,,UTC-0300,tWUO8ZL77Z,,com.sec.android.app.shealth,2025-11-11 23:59:59.999,790d300f-5ce8-4256-a399-74121112416a,75.0,
,21313,63060051,1,2025-11-12 00:00:00.000,,ade2acd6-4857-4edb-a86f-02bef01d9532.com.samsung.health.heart_rate.binning_data.json,63060051,2025-11-12 01:34:37.698,2025-11-12 01:34:37.698,,93.0,88.0,,UTC-0300,tWUO8ZL77Z,,com.sec.android.app.shealth,2025-11-12 00:59:59.999,ade2acd6-4857-4edb-a86f-02bef01d9532,90.0,
,21313,63060051,1,2025-11-12 06:00:00.000,,e40c7f65-bc53-4da6-8413-361d851a05f2.com.samsung.health.heart_rate.binning_data.json,63060051,2025-11-12 07:02:22.221,2025-11-12 06:05:23.114,,64.0,43.0,,UTC-0300,tWUO8ZL77Z,,com.sec.android.app.shealth,2025-11-12 06:59:59.999,e40c7f65-bc53-4da6-8413-361d851a05f2,49.0,
,21313,63060051,1,2025-11-12 07:00:00.000,,061f5f4e-e785-432a-a8bc-f92b6f7ed3af.com.samsung.health.heart_rate.binning_data.json,63060051,2025-11-12 08:05:03.003,2025-11-12 07:02:23.001,,69.0,42.0,,UTC-0300,tWUO8ZL77Z,,com.sec.android.app.shealth,2025-11-12 07:59:59.999,061f5f4e-e785-432a-a8bc-f92b6f7ed3af,50.0,
,21313,63060051,1,2025-11-12 08:00:00.000,,cd7db4f4-3a64-48a6-b014-f79ba3bb47df.com.samsung.health.heart_rate.binning_data.json,63060051,2025-11-12 09:08:54.405,2025-11-12 08:05:18.107,,64.0,46.0,,UTC-0300,tWUO8ZL77Z,,com.sec.android.app.shealth,2025-11-12 08:59:59.999,cd7db4f4-3a64-48a6-b014-f79ba3bb47df,51.0,
,21313,63060051,1,2025-11-12 09:00:00.000,,32559975-f268-4c41-80c4-e53b07b14676.com.samsung.health.heart_rate.binning_data.json,63060051,2025-11-12 10:35:00.766,2025-11-12 09:10:23.070,,76.0,48.0,,UTC-0300,tWUO8ZL77Z,,com.sec.android.app.shealth,2025-11-12 09:59:59.999,32559975-f268-4c41-80c4-e53b07b14676,55.0,
,21313,63060051,1,2025-11-12 10:00:00.000,,e1d785d8-7c80-4dfb-a5d0-ecb47e57fd75.com.samsung.health.heart_rate.binning_data.json,63060051,2025-11-12 11:00:12.589,2025-11-12 10:35:00.923,,109.0,53.0,,UTC-0300,tWUO8ZL77Z,,com.sec.android.app.shealth,2025-11-12 10:59:59.999,e1d785d8-7c80-4dfb-a5d0-ecb47e57fd75,67.0,
,21313,63060051,1,2025-11-12 11:00:00.000,,06b48897-4210-4316-aa6b-88496dc8f5f0.com.samsung.health.heart_rate.binning_data.json,63060051,2025-11-12 12:04:52.861,2025-11-12 11:10:13.787,,81.0,49.0,,UTC-0300,tWUO8ZL77Z,,com.sec.android.app.shealth,2025-11-12 11:59:59.999,06b48897-4210-4316-aa6b-88496dc8f5f0,56.0,
,21313,63060051,1,2025-11-12 12:00:00.000,,6770b015-0b38-48e2-af17-8508d74182a3.com.samsung.health.heart_rate.binning_data.json,63060051,2025-11-12 13:01:10.328,2025-11-12 12:04:53.001,,97.0,48.0,,UTC-0300,tWUO8ZL77Z,,com.sec.android.app.shealth,2025-11-12 12:59:59.999,6770b015-0b38-48e2-af17-8508d74182a3,69.0,
,21313,63060051,1,2025-11-12 13:00:00.000,,4f220193-5ef4-4180-9af6-254373d6c19c.com.samsung.health.heart_rate.binning_data.json,63060051,2025-11-12 14:05:03.152,2025-11-12 13:01:10.473,,94.0,54.0,,UTC-0300,tWUO8ZL77Z,,com.sec.android.app.shealth,2025-11-12 13:59:59.999,4f220193-5ef4-4180-9af6-254373d6c19c,72.0,
,21313,63060051,1,2025-11-12 14:00:00.000,,7a9fa865-ddd4-4dad-8a04-fb9c79a1b377.com.samsung.health.heart_rate.binning_data.json,63060051,2025-11-12 15:01:22.395,2025-11-12 14:05:26.715,,94.0,66.0,,UTC-0300,tWUO8ZL77Z,,com.sec.android.app.shealth,2025-11-12 14:59:59.999,7a9fa865-ddd4-4dad-8a04-fb9c79a1b377,80.0,
,21313,63060051,1,2025-11-12 15:00:00.000,,6b5d100c-fa74-446f-8b77-9ceb792d5be2.com.samsung.health.heart_rate.binning_data.json,63060051,2025-11-12 16:05:19.061,2025-11-12 15:01:22.516,,106.0,68.0,,UTC-0300,tWUO8ZL77Z,,com.sec.android.app.shealth,2025-11-12 15:59:59.999,6b5d100c-fa74-446f-8b77-9ceb792d5be2,87.0,
,21316,63060051,1,2025-11-12 11:40:29.929,,,63060051,2025-11-13 02:55:00.183,2025-11-12 11:52:52.276,,,,,UTC-0300,tWUO8ZL77Z,,com.sec.android.app.shealth,2025-11-12 11:40:29.929,e7dc2179-d432-41fa-a01a-19c6137dafcd,52.0,
,21313,63060051,1,2025-11-12 16:00:00.000,,cfff3749-69b7-4874-be28-9de4c2d1bff9.com.samsung.health.heart_rate.binning_data.json,63060051,2025-11-12 17:04:40.002,2025-11-12 16:05:19.357,,99.0,60.0,,UTC-0300,tWUO8ZL77Z,,com.sec.android.app.shealth,2025-11-12 16:59:59.999,cfff3749-69b7-4874-be28-9de4c2d1bff9,84.0,
,21313,63060051,1,2025-11-12 17:00:00.000,,2a98eeba-9ef0-45f4-8114-d0fe5363e62c.com.samsung.health.heart_rate.binning_data.json,63060051,2025-11-12 18:05:10.209,2025-11-12 17:04:40.165,,102.0,64.0,,UTC-0300,tWUO8ZL77Z,,com.sec.android.app.shealth,2025-11-12 17:59:59.999,2a98eeba-9ef0-45f4-8114-d0fe5363e62c,80.0,
,21313,63060051,1,2025-11-12 18:00:00.000,,84acbd7f-4284-4a5f-b94e-8ae12ffcc537.com.samsung.health.heart_rate.binning_data.json,63060051,2025-11-12 19:02:40.485,2025-11-12 18:05:43.481,,84.0,54.0,,UTC-0300,tWUO8ZL77Z,,com.sec.android.app.shealth,2025-11-12 18:59:59.999,84acbd7f-4284-4a5f-b94e-8ae12ffcc537,69.0,
,21313,63060051,1,2025-11-12 19:00:00.000,,f45dc255-50d1-44fd-8d86-b0850f1863d7.com.samsung.health.heart_rate.binning_data.json,63060051,2025-11-12 20:01:02.677,2025-11-12 19:02:40.661,,91.0,55.0,,UTC-0300,tWUO8ZL77Z,,com.sec.android.app.shealth,2025-11-12 19:59:59.999,f45dc255-50d1-44fd-8d86-b0850f1863d7,75.0,
,21313,63060051,1,2025-11-12 20:00:00.000,,5b14c513-2b76-469e-9351-757e74ec3101.com.samsung.health.heart_rate.binning_data.json,63060051,2025-11-12 21:01:48.192,2025-11-12 20:01:02.773,,96.0,65.0,,UTC-0300,tWUO8ZL77Z,,com.sec.android.app.shealth,2025-11-12 20:59:59.999,5b14c513-2b76-469e-9351-757e74ec3101,77.0,
,21313,63060051,1,2025-11-12 21:00:00.000,,87fa7854-845a-4267-8f2d-356b13e5cb31.com.samsung.health.heart_rate.binning_data.json,63060051,2025-11-12 22:02:56.176,2025-11-12 21:01:48.320,,88.0,60.0,,UTC-0300,tWUO8ZL77Z,,com.sec.android.app.shealth,2025-11-12 21:59:59.999,87fa7854-845a-4267-8f2d-356b13e5cb31,72.0,
,21313,63060051,1,2025-11-12 22:00:00.000,,aba91520-82ee-4ae3-8f5c-c4d73ee6b1cf.com.samsung.health.heart_rate.binning_data.json,63060051,2025-11-12 23:00:30.543,2025-11-12 22:02:56.366,,88.0,59.0,,UTC-0300,tWUO8ZL77Z,,com.sec.android.app.shealth,2025-11-12 22:59:59.999,aba91520-82ee-4ae3-8f5c-c4d73ee6b1cf,74.0,
,21313,63060051,1,2025-11-12 23:00:00.000,,ac0a64bc-004d-4fbf-80d1-4c001ee9eded.com.samsung.health.heart_rate.binning_data.json,63060051,2025-11-13 00:11:13.559,2025-11-12 23:05:50.040,,81.0,59.0,,UTC-0300,tWUO8ZL77Z,,com.sec.android.app.shealth,2025-11-12 23:59:59.999,ac0a64bc-004d-4fbf-80d1-4c001ee9eded,68.0,
,21313,63060051,1,2025-11-13 00:00:00.000,,950028d8-d6f8-48f1-afdf-47286365c857.com.samsung.health.heart_rate.binning_data.json,63060051,2025-11-13 01:04:11.835,2025-11-13 00:11:13.759,,88.0,58.0,,UTC-0300,tWUO8ZL77Z,,com.sec.android.app.shealth,2025-11-13 00:59:59.999,950028d8-d6f8-48f1-afdf-47286365c857,70.0,
,21313,63060051,1,2025-11-13 01:00:00.000,,6945a753-9193-4d63-8994-47af88b36ad5.com.samsung.health.heart_rate.binning_data.json,63060051,2025-11-13 02:05:03.785,2025-11-13 01:04:12.105,,87.0,59.0,,UTC-0300,tWUO8ZL77Z,,com.sec.android.app.shealth,2025-11-13 01:59:59.999,6945a753-9193-4d63-8994-47af88b36ad5,74.0,
,21313,63060051,1,2025-11-13 02:00:00.000,,84af566e-d931-424f-80ea-fddd6cf58110.com.samsung.health.heart_rate.binning_data.json,63060051,2025-11-13 03:05:02.751,2025-11-13 02:05:25.221,,90.0,51.0,,UTC-0300,tWUO8ZL77Z,,com.sec.android.app.shealth,2025-11-13 02:59:59.999,84af566e-d931-424f-80ea-fddd6cf58110,66.0,
,21313,63060051,1,2025-11-13 04:00:00.000,,60ab7278-e60b-4f74-b446-8572eb1b029b.com.samsung.health.heart_rate.binning_data.json,63060051,2025-11-13 05:05:26.330,2025-11-13 04:09:48.242,,65.0,48.0,,UTC-0300,tWUO8ZL77Z,,com.sec.android.app.shealth,2025-11-13 04:59:59.999,60ab7278-e60b-4f74-b446-8572eb1b029b,53.0,
,21313,63060051,1,2025-11-13 05:00:00.000,,5f5baebe-8cd8-4e8d-aef0-de5d05bb182e.com.samsung.health.heart_rate.binning_data.json,63060051,2025-11-13 06:05:03.620,2025-11-13 05:05:26.575,,64.0,46.0,,UTC-0300,tWUO8ZL77Z,,com.sec.android.app.shealth,2025-11-13 05:59:59.999,5f5baebe-8cd8-4e8d-aef0-de5d05bb182e,52.0,
,21313,63060051,1,2025-11-13 06:00:00.000,,54d9852d-9160-4dc1-a44b-4b63f19f41fd.com.samsung.health.heart_rate.binning_data.json,63060051,2025-11-13 07:05:13.851,2025-11-13 06:05:30.153,,68.0,45.0,,UTC-0300,tWUO8ZL77Z,,com.sec.android.app.shealth,2025-11-13 06:59:59.999,54d9852d-9160-4dc1-a44b-4b63f19f41fd,51.0,
,21313,63060051,1,2025-11-13 03:00:00.000,,e0be7523-38a6-4857-b867-47596d922912.com.samsung.health.heart_rate.binning_data.json,63060051,2025-11-13 04:05:03.431,2025-11-13 03:08:21.240,,79.0,49.0,,UTC-0300,tWUO8ZL77Z,,com.sec.android.app.shealth,2025-11-13 03:59:59.999,e0be7523-38a6-4857-b867-47596d922912,54.0,
,21313,63060051,1,2025-11-13 07:00:00.000,,9c8a951f-71be-4420-b4d6-dc5d127e961b.com.samsung.health.heart_rate.binning_data.json,63060051,2025-11-13 08:01:01.112,2025-11-13 07:05:14.033,,67.0,49.0,,UTC-0300,tWUO8ZL77Z,,com.sec.android.app.shealth,2025-11-13 07:59:59.999,9c8a951f-71be-4420-b4d6-dc5d127e961b,55.0,
,21313,63060051,1,2025-11-13 08:00:00.000,,979a65ee-ec1c-4f4d-8607-d5a0c2dee1d6.com.samsung.health.heart_rate.binning_data.json,63060051,2025-11-13 09:03:39.425,2025-11-13 08:01:01.221,,94.0,49.0,,UTC-0300,tWUO8ZL77Z,,com.sec.android.app.shealth,2025-11-13 08:59:59.999,979a65ee-ec1c-4f4d-8607-d5a0c2dee1d6,65.0,
,21313,63060051,1,2025-11-13 09:00:00.000,,e306ea39-f263-4227-b915-56e06465299c.com.samsung.health.heart_rate.binning_data.json,63060051,2025-11-13 10:01:07.542,2025-11-13 09:03:39.571,,93.0,55.0,,UTC-0300,tWUO8ZL77Z,,com.sec.android.app.shealth,2025-11-13 09:59:59.999,e306ea39-f263-4227-b915-56e06465299c,71.0,
,21313,63060051,1,2025-11-13 10:00:00.000,,1abe7252-f238-4ec3-bc58-53b990991cee.com.samsung.health.heart_rate.binning_data.json,63060051,2025-11-13 11:00:23.453,2025-11-13 10:01:07.647,,107.0,63.0,,UTC-0300,tWUO8ZL77Z,,com.sec.android.app.shealth,2025-11-13 10:59:59.999,1abe7252-f238-4ec3-bc58-53b990991cee,81.0,
,21313,63060051,1,2025-11-13 11:00:00.000,,531514f1-3044-4579-a644-97eb2d9583bf.com.samsung.health.heart_rate.binning_data.json,63060051,2025-11-13 12:05:03.219,2025-11-13 11:33:54.284,,102.0,65.0,,UTC-0300,tWUO8ZL77Z,,com.sec.android.app.shealth,2025-11-13 11:59:59.999,531514f1-3044-4579-a644-97eb2d9583bf,77.0,
,21313,63060051,1,2025-11-13 12:00:00.000,,2cc0c563-4f58-4948-91f3-b5c274c1f542.com.samsung.health.heart_rate.binning_data.json,63060051,2025-11-13 13:02:55.625,2025-11-13 12:05:03.352,,96.0,63.0,,UTC-0300,tWUO8ZL77Z,,com.sec.android.app.shealth,2025-11-13 12:59:59.999,2cc0c563-4f58-4948-91f3-b5c274c1f542,79.0,
,21313,63060051,1,2025-11-13 13:00:00.000,,fd3c1826-d2eb-48f1-a7a5-691d94bd2afe.com.samsung.health.heart_rate.binning_data.json,63060051,2025-11-13 14:01:43.834,2025-11-13 13:02:55.738,,95.0,64.0,,UTC-0300,tWUO8ZL77Z,,com.sec.android.app.shealth,2025-11-13 13:59:59.999,fd3c1826-d2eb-48f1-a7a5-691d94bd2afe,80.0,
,21313,63060051,1,2025-11-13 14:00:00.000,,887e2c31-4845-43be-80a4-7dc26f1a4fcb.com.samsung.health.heart_rate.binning_data.json,63060051,2025-11-13 15:01:01.162,2025-11-13 14:01:43.936,,93.0,55.0,,UTC-0300,tWUO8ZL77Z,,com.sec.android.app.shealth,2025-11-13 14:59:59.999,887e2c31-4845-43be-80a4-7dc26f1a4fcb,76.0,
,21313,63060051,1,2025-11-13 15:00:00.000,,82419f48-3d98-426c-88c0-7dcca817ba8a.com.samsung.health.heart_rate.binning_data.json,63060051,2025-11-13 16:02:58.309,2025-11-13 15:01:01.315,,89.0,58.0,,UTC-0300,tWUO8ZL77Z,,com.sec.android.app.shealth,2025-11-13 15:59:59.999,82419f48-3d98-426c-88c0-7dcca817ba8a,71.0,
,21313,63060051,1,2025-11-13 16:00:00.000,,dccbf183-af12-49c6-a21b-6417ba9bb4d7.com.samsung.health.heart_rate.binning_data.json,63060051,2025-11-13 17:03:41.949,2025-11-13 16:02:58.453,,90.0,59.0,,UTC-0300,tWUO8ZL77Z,,com.sec.android.app.shealth,2025-11-13 16:59:59.999,dccbf183-af12-49c6-a21b-6417ba9bb4d7,70.0,
,21313,63060051,1,2025-11-13 17:00:00.000,,2e8a7a8c-e21b-4c40-9930-e2f0b3228d02.com.samsung.health.heart_rate.binning_data.json,63060051,2025-11-13 18:04:20.168,2025-11-13 17:03:42.058,,89.0,56.0,,UTC-0300,tWUO8ZL77Z,,com.sec.android.app.shealth,2025-11-13 17:59:59.999,2e8a7a8c-e21b-4c40-9930-e2f0b3228d02,69.0,
,21316,63060051,1,2025-11-14 01:30:30.834,,,63060051,2025-11-14 02:15:01.197,2025-11-13 03:45:04.190,,,,,UTC-0300,tWUO8ZL77Z,,com.sec.android.app.shealth,2025-11-14 01:30:30.834,6bf5ae20-885e-45f9-ba4c-e2bf4ff72004,51.0,
,21313,63060051,1,2025-11-13 18:00:00.000,,80f884b6-16a5-4f87-b6a5-0e4b02c8b7f6.com.samsung.health.heart_rate.binning_data.json,63060051,2025-11-13 19:00:13.710,2025-11-13 18:04:20.384,,95.0,63.0,,UTC-0300,tWUO8ZL77Z,,com.sec.android.app.shealth,2025-11-13 18:59:59.999,80f884b6-16a5-4f87-b6a5-0e4b02c8b7f6,75.0,
,21313,63060051,1,2025-11-13 19:00:00.000,,1ac818a6-5ea3-4f99-bf74-cc15a5228c90.com.samsung.health.heart_rate.binning_data.json,63060051,2025-11-13 20:02:13.651,2025-11-13 19:02:26.857,,91.0,64.0,,UTC-0300,tWUO8ZL77Z,,com.sec.android.app.shealth,2025-11-13 19:59:59.999,1ac818a6-5ea3-4f99-bf74-cc15a5228c90,78.0,
,21313,63060051,1,2025-11-13 20:00:00.000,,2d86bd4a-136c-44ee-95f7-bc1315215f93.com.samsung.health.heart_rate.binning_data.json,63060051,2025-11-13 21:06:01.159,2025-11-13 20:02:13.867,,91.0,65.0,,UTC-0300,tWUO8ZL77Z,,com.sec.android.app.shealth,2025-11-13 20:59:59.999,2d86bd4a-136c-44ee-95f7-bc1315215f93,78.0,
,21313,63060051,1,2025-11-13 21:00:00.000,,df084014-3a13-4eb5-a06a-d51aa4e1e079.com.samsung.health.heart_rate.binning_data.json,63060051,2025-11-13 22:00:40.254,2025-11-13 21:06:01.409,,88.0,56.0,,UTC-0300,tWUO8ZL77Z,,com.sec.android.app.shealth,2025-11-13 21:59:59.999,df084014-3a13-4eb5-a06a-d51aa4e1e079,72.0,
,21313,63060051,1,2025-11-14 00:00:00.000,,c9d2c787-f898-4c1e-b4fb-ff1c95a468bf.com.samsung.health.heart_rate.binning_data.json,63060051,2025-11-14 01:05:03.922,2025-11-14 00:37:02.155,,78.0,54.0,,UTC-0300,tWUO8ZL77Z,,com.sec.android.app.shealth,2025-11-14 00:59:59.999,c9d2c787-f898-4c1e-b4fb-ff1c95a468bf,62.0,
,21313,63060051,1,2025-11-14 01:00:00.000,,f180ed24-f1e5-44da-81ce-4f45548b6ad9.com.samsung.health.heart_rate.binning_data.json,63060051,2025-11-14 02:05:03.626,2025-11-14 01:13:09.058,,87.0,47.0,,UTC-0300,tWUO8ZL77Z,,com.sec.android.app.shealth,2025-11-14 01:59:59.999,f180ed24-f1e5-44da-81ce-4f45548b6ad9,54.0,
,21313,63060051,1,2025-11-14 02:00:00.000,,a7c0016e-7156-4160-96d0-3086eb1a4f7b.com.samsung.health.heart_rate.binning_data.json,63060051,2025-11-14 03:02:10.799,2025-11-14 02:05:06.190,,68.0,48.0,,UTC-0300,tWUO8ZL77Z,,com.sec.android.app.shealth,2025-11-14 02:59:59.999,a7c0016e-7156-4160-96d0-3086eb1a4f7b,56.0,
,21313,63060051,1,2025-11-14 03:00:00.000,,06021662-5bc0-4612-a538-26a112ae83d5.com.samsung.health.heart_rate.binning_data.json,63060051,2025-11-14 04:01:00.284,2025-11-14 03:02:10.984,,78.0,46.0,,UTC-0300,tWUO8ZL77Z,,com.sec.android.app.shealth,2025-11-14 03:59:59.999,06021662-5bc0-4612-a538-26a112ae83d5,57.0,
,21313,63060051,1,2025-11-14 04:00:00.000,,d4e54670-90da-470e-af5c-4fb46c90e627.com.samsung.health.heart_rate.binning_data.json,63060051,2025-11-14 05:04:45.199,2025-11-14 04:01:00.428,,85.0,47.0,,UTC-0300,tWUO8ZL77Z,,com.sec.android.app.shealth,2025-11-14 04:59:59.999,d4e54670-90da-470e-af5c-4fb46c90e627,57.0,
,21313,63060051,1,2025-11-14 05:00:00.000,,8efd7b65-9713-48d5-805d-c41eee3409b7.com.samsung.health.heart_rate.binning_data.json,63060051,2025-11-14 06:05:56.030,2025-11-14 05:04:45.488,,70.0,49.0,,UTC-0300,tWUO8ZL77Z,,com.sec.android.app.shealth,2025-11-14 05:59:59.999,8efd7b65-9713-48d5-805d-c41eee3409b7,54.0,
,21313,63060051,1,2025-11-14 06:00:00.000,,135334de-8204-4080-94a3-d63458e8a3cc.com.samsung.health.heart_rate.binning_data.json,63060051,2025-11-14 07:06:41.534,2025-11-14 06:06:06.474,,65.0,40.0,,UTC-0300,tWUO8ZL77Z,,com.sec.android.app.shealth,2025-11-14 06:59:59.999,135334de-8204-4080-94a3-d63458e8a3cc,49.0,
,21313,63060051,1,2025-11-14 07:00:00.000,,9cb5da80-4496-4c6e-a074-a68ba938205f.com.samsung.health.heart_rate.binning_data.json,63060051,2025-11-14 08:05:34.509,2025-11-14 07:06:41.896,,72.0,42.0,,UTC-0300,tWUO8ZL77Z,,com.sec.android.app.shealth,2025-11-14 07:59:59.999,9cb5da80-4496-4c6e-a074-a68ba938205f,49.0,
,21313,63060051,1,2025-11-14 08:00:00.000,,b3ea2c02-5814-4a33-a6b3-cc723786f608.com.samsung.health.heart_rate.binning_data.json,63060051,2025-11-14 09:05:03.669,2025-11-14 08:05:34.782,,69.0,40.0,,UTC-0300,tWUO8ZL77Z,,com.sec.android.app.shealth,2025-11-14 08:59:59.999,b3ea2c02-5814-4a33-a6b3-cc723786f608,49.0,
,21313,63060051,1,2025-11-14 09:00:00.000,,bb447fe6-2fae-4e2e-9f50-c0b19ee677cb.com.samsung.health.heart_rate.binning_data.json,63060051,2025-11-14 10:05:25.486,2025-11-14 09:05:03.843,,69.0,43.0,,UTC-0300,tWUO8ZL77Z,,com.sec.android.app.shealth,2025-11-14 09:59:59.999,bb447fe6-2fae-4e2e-9f50-c0b19ee677cb,49.0,
,21313,63060051,1,2025-11-14 10:00:00.000,,9495736b-409b-4feb-b53a-bc151c05424b.com.samsung.health.heart_rate.binning_data.json,63060051,2025-11-14 11:05:33.974,2025-11-14 10:05:25.796,,80.0,50.0,,UTC-0300,tWUO8ZL77Z,,com.sec.android.app.shealth,2025-11-14 10:59:59.999,9495736b-409b-4feb-b53a-bc151c05424b,59.0,
,21313,63060051,1,2025-11-14 11:00:00.000,,781e395d-44e0-4255-8469-00bf26200d2f.com.samsung.health.heart_rate.binning_data.json,63060051,2025-11-14 12:02:33.575,2025-11-14 11:05:34.335,,86.0,56.0,,UTC-0300,tWUO8ZL77Z,,com.sec.android.app.shealth,2025-11-14 11:59:59.999,781e395d-44e0-4255-8469-00bf26200d2f,64.0,
,21316,63060051,1,2025-11-14 10:13:05.437,,,63060051,2025-11-15 02:45:03.500,2025-11-14 12:35:00.894,,,,,UTC-0300,tWUO8ZL77Z,,com.sec.android.app.shealth,2025-11-14 10:13:05.437,90d59466-51e9-4cfd-a56b-8df710d462a1,53.0,
,21313,63060051,1,2025-11-14 12:00:00.000,,ec45a8ab-1bab-40f4-8167-f014c60b09da.com.samsung.health.heart_rate.binning_data.json,63060051,2025-11-14 13:01:58.370,2025-11-14 12:02:33.665,,84.0,56.0,,UTC-0300,tWUO8ZL77Z,,com.sec.android.app.shealth,2025-11-14 12:59:59.999,ec45a8ab-1bab-40f4-8167-f014c60b09da,63.0,
,21313,63060051,1,2025-11-14 13:00:00.000,,9ff0b5a2-4e82-4069-b32c-506fab3fb331.com.samsung.health.heart_rate.binning_data.json,63060051,2025-11-14 14:10:14.367,2025-11-14 13:01:58.553,,96.0,53.0,,UTC-0300,tWUO8ZL77Z,,com.sec.android.app.shealth,2025-11-14 13:59:59.999,9ff0b5a2-4e82-4069-b32c-506fab3fb331,70.0,
,21313,63060051,1,2025-11-14 14:00:00.000,,a984c05a-65b9-4917-88d6-2dbace3a26b8.com.samsung.health.heart_rate.binning_data.json,63060051,2025-11-14 15:01:06.965,2025-11-14 14:10:14.567,,101.0,53.0,,UTC-0300,tWUO8ZL77Z,,com.sec.android.app.shealth,2025-11-14 14:59:59.999,a984c05a-65b9-4917-88d6-2dbace3a26b8,75.0,
,21313,63060051,1,2025-11-14 15:00:00.000,,a64ced1f-604e-4326-bae6-a901a18a0dd6.com.samsung.health.heart_rate.binning_data.json,63060051,2025-11-14 16:07:52.983,2025-11-14 15:01:07.047,,90.0,59.0,,UTC-0300,tWUO8ZL77Z,,com.sec.android.app.shealth,2025-11-14 15:59:59.999,a64ced1f-604e-4326-bae6-a901a18a0dd6,73.0,
,21313,63060051,1,2025-11-14 16:00:00.000,,3e058c2d-607a-4f10-80a0-a076fcb71eb4.com.samsung.health.heart_rate.binning_data.json,63060051,2025-11-14 17:04:25.453,2025-11-14 16:07:53.551,,97.0,61.0,,UTC-0300,tWUO8ZL77Z,,com.sec.android.app.shealth,2025-11-14 16:59:59.999,3e058c2d-607a-4f10-80a0-a076fcb71eb4,76.0,
,21313,63060051,1,2025-11-14 17:00:00.000,,2c1198d7-92b7-4656-9407-259cbed6b5b7.com.samsung.health.heart_rate.binning_data.json,63060051,2025-11-14 18:02:45.461,2025-11-14 17:04:25.898,,90.0,62.0,,UTC-0300,tWUO8ZL77Z,,com.sec.android.app.shealth,2025-11-14 17:59:59.999,2c1198d7-92b7-4656-9407-259cbed6b5b7,77.0,
,21313,63060051,1,2025-11-14 18:00:00.000,,37f933d1-669c-4f91-b91a-cde8913a85c0.com.samsung.health.heart_rate.binning_data.json,63060051,2025-11-14 19:01:40.053,2025-11-14 18:02:45.582,,93.0,58.0,,UTC-0300,tWUO8ZL77Z,,com.sec.android.app.shealth,2025-11-14 18:59:59.999,37f933d1-669c-4f91-b91a-cde8913a85c0,69.0,
,21313,63060051,1,2025-11-14 19:00:00.000,,074d0e6d-45c0-41bf-a630-69479931dc2c.com.samsung.health.heart_rate.binning_data.json,63060051,2025-11-14 20:00:31.682,2025-11-14 19:01:40.127,,88.0,63.0,,UTC-0300,tWUO8ZL77Z,,com.sec.android.app.shealth,2025-11-14 19:59:59.999,074d0e6d-45c0-41bf-a630-69479931dc2c,73.0,
,21313,63060051,1,2025-11-14 20:00:00.000,,0c7084a2-0da5-4de5-8ff2-002204a56a7e.com.samsung.health.heart_rate.binning_data.json,63060051,2025-11-14 21:02:23.086,2025-11-14 20:02:46.025,,97.0,64.0,,UTC-0300,tWUO8ZL77Z,,com.sec.android.app.shealth,2025-11-14 20:59:59.999,0c7084a2-0da5-4de5-8ff2-002204a56a7e,80.0,
,21313,63060051,1,2025-11-14 21:00:00.000,,961c3f8b-7edc-4c8b-8833-d6bd589f7c4b.com.samsung.health.heart_rate.binning_data.json,63060051,2025-11-14 22:03:14.085,2025-11-14 21:02:23.294,,89.0,64.0,,UTC-0300,tWUO8ZL77Z,,com.sec.android.app.shealth,2025-11-14 21:59:59.999,961c3f8b-7edc-4c8b-8833-d6bd589f7c4b,76.0,
,21313,63060051,1,2025-11-14 22:00:00.000,,f42309fb-5fd3-4ec6-b1ec-69896ef82356.com.samsung.health.heart_rate.binning_data.json,63060051,2025-11-14 23:05:18.687,2025-11-14 22:03:14.464,,86.0,58.0,,UTC-0300,tWUO8ZL77Z,,com.sec.android.app.shealth,2025-11-14 22:59:59.999,f42309fb-5fd3-4ec6-b1ec-69896ef82356,71.0,
,21313,63060051,1,2025-11-14 23:00:00.000,,d6223b94-7d72-4466-89f5-ca4d26ce1e86.com.samsung.health.heart_rate.binning_data.json,63060051,2025-11-15 01:52:45.272,2025-11-14 23:05:18.888,,90.0,64.0,,UTC-0300,tWUO8ZL77Z,,com.sec.android.app.shealth,2025-11-14 23:59:59.999,d6223b94-7d72-4466-89f5-ca4d26ce1e86,74.0,
,21313,63060051,1,2025-11-15 01:00:00.000,,a35ae26b-48b7-442e-965a-4fb943df85d6.com.samsung.health.heart_rate.binning_data.json,63060051,2025-11-15 02:05:03.032,2025-11-15 01:52:45.342,,78.0,52.0,,UTC-0300,tWUO8ZL77Z,,com.sec.android.app.shealth,2025-11-15 01:59:59.999,a35ae26b-48b7-442e-965a-4fb943df85d6,59.0,
,21313,63060051,1,2025-11-15 02:00:00.000,,b2e7e01c-ff8d-467f-b7cd-385d96df6dba.com.samsung.health.heart_rate.binning_data.json,63060051,2025-11-15 03:05:02.651,2025-11-15 02:05:14.468,,81.0,50.0,,UTC-0300,tWUO8ZL77Z,,com.sec.android.app.shealth,2025-11-15 02:59:59.999,b2e7e01c-ff8d-467f-b7cd-385d96df6dba,55.0,
,21313,63060051,1,2025-11-15 03:00:00.000,,f2e4e82f-ad9f-4bbb-ab22-d124c2a2546c.com.samsung.health.heart_rate.binning_data.json,63060051,2025-11-15 04:05:01.610,2025-11-15 03:11:47.919,,64.0,47.0,,UTC-0300,tWUO8ZL77Z,,com.sec.android.app.shealth,2025-11-15 03:59:59.999,f2e4e82f-ad9f-4bbb-ab22-d124c2a2546c,52.0,
,21313,63060051,1,2025-11-15 04:00:00.000,,822c3752-2b17-42e0-9a6d-6f8226be2da1.com.samsung.health.heart_rate.binning_data.json,63060051,2025-11-15 05:05:02.246,2025-11-15 04:08:00.935,,66.0,44.0,,UTC-0300,tWUO8ZL77Z,,com.sec.android.app.shealth,2025-11-15 04:59:59.999,822c3752-2b17-42e0-9a6d-6f8226be2da1,51.0,
,21313,63060051,1,2025-11-15 06:00:00.000,,50e4aebd-0c35-4efe-b614-99fb8e58d8b0.com.samsung.health.heart_rate.binning_data.json,63060051,2025-11-15 07:03:02.650,2025-11-15 06:05:33.325,,63.0,45.0,,UTC-0300,tWUO8ZL77Z,,com.sec.android.app.shealth,2025-11-15 06:59:59.999,50e4aebd-0c35-4efe-b614-99fb8e58d8b0,49.0,
,21313,63060051,1,2025-11-15 05:00:00.000,,4f6b8310-d6e8-48c1-9a4d-f655ef5529b5.com.samsung.health.heart_rate.binning_data.json,63060051,2025-11-15 06:05:03.429,2025-11-15 05:05:20.047,,68.0,44.0,,UTC-0300,tWUO8ZL77Z,,com.sec.android.app.shealth,2025-11-15 05:59:59.999,4f6b8310-d6e8-48c1-9a4d-f655ef5529b5,50.0,
,21313,63060051,1,2025-11-15 07:00:00.000,,fd0ca1c9-e6da-420f-a63d-d83f7dd94605.com.samsung.health.heart_rate.binning_data.json,63060051,2025-11-15 08:06:00.339,2025-11-15 07:03:02.808,,76.0,43.0,,UTC-0300,tWUO8ZL77Z,,com.sec.android.app.shealth,2025-11-15 07:59:59.999,fd0ca1c9-e6da-420f-a63d-d83f7dd94605,51.0,
,21313,63060051,1,2025-11-15 08:00:00.000,,b58b6811-e175-4a58-a275-3d74dfd9653e.com.samsung.health.heart_rate.binning_data.json,63060051,2025-11-15 09:06:10.662,2025-11-15 08:06:33.071,,67.0,46.0,,UTC-0300,tWUO8ZL77Z,,com.sec.android.app.shealth,2025-11-15 08:59:59.999,b58b6811-e175-4a58-a275-3d74dfd9653e,50.0,
,21316,63060051,1,2025-11-15 04:04:04.144,,,63060051,2025-11-16 02:45:57.946,2025-11-15 03:35:00.593,,,,,UTC-0300,tWUO8ZL77Z,,com.sec.android.app.shealth,2025-11-15 04:04:04.144,235c35a6-abb5-42cc-bd66-ec1de38d916b,50.0,
,21313,63060051,1,2025-11-15 09:00:00.000,,7b29b3fc-13a4-456e-adc5-01aa6f86f5e4.com.samsung.health.heart_rate.binning_data.json,63060051,2025-11-15 10:01:09.337,2025-11-15 09:06:11.357,,83.0,47.0,,UTC-0300,tWUO8ZL77Z,,com.sec.android.app.shealth,2025-11-15 09:59:59.999,7b29b3fc-13a4-456e-adc5-01aa6f86f5e4,57.0,
,21313,63060051,1,2025-11-15 10:00:00.000,,74abda38-7930-474e-bdc8-494260513750.com.samsung.health.heart_rate.binning_data.json,63060051,2025-11-15 11:01:34.868,2025-11-15 10:01:09.455,,92.0,59.0,,UTC-0300,tWUO8ZL77Z,,com.sec.android.app.shealth,2025-11-15 10:59:59.999,74abda38-7930-474e-bdc8-494260513750,73.0,
,21313,63060051,1,2025-11-15 11:00:00.000,,5ae794a2-596c-4181-a86e-a0b50f9060db.com.samsung.health.heart_rate.binning_data.json,63060051,2025-11-15 12:00:22.538,2025-11-15 11:01:34.951,,86.0,57.0,,UTC-0300,tWUO8ZL77Z,,com.sec.android.app.shealth,2025-11-15 11:59:59.999,5ae794a2-596c-4181-a86e-a0b50f9060db,66.0,
,21313,63060051,1,2025-11-15 12:00:00.000,,fabbee16-0056-4739-be4a-ee20a7b5febf.com.samsung.health.heart_rate.binning_data.json,63060051,2025-11-15 13:05:17.452,2025-11-15 13:05:17.452,,101.0,56.0,,UTC-0300,tWUO8ZL77Z,,com.sec.android.app.shealth,2025-11-15 12:59:59.999,fabbee16-0056-4739-be4a-ee20a7b5febf,73.0,
,21313,63060051,1,2025-11-15 13:00:00.000,,c6662598-117a-4aaf-a2ff-f2b03c1ed858.com.samsung.health.heart_rate.binning_data.json,63060051,2025-11-15 14:01:26.224,2025-11-15 13:05:49.686,,89.0,58.0,,UTC-0300,tWUO8ZL77Z,,com.sec.android.app.shealth,2025-11-15 13:59:59.999,c6662598-117a-4aaf-a2ff-f2b03c1ed858,70.0,
,21313,63060051,1,2025-11-15 14:00:00.000,,6e4f53e8-4c32-4961-8d69-708b11f7c159.com.samsung.health.heart_rate.binning_data.json,63060051,2025-11-15 15:06:00.896,2025-11-15 14:01:26.305,,91.0,60.0,,UTC-0300,tWUO8ZL77Z,,com.sec.android.app.shealth,2025-11-15 14:59:59.999,6e4f53e8-4c32-4961-8d69-708b11f7c159,75.0,
,21313,63060051,1,2025-11-15 15:00:00.000,,d96e40e4-ef30-45d6-830b-bde8ef414123.com.samsung.health.heart_rate.binning_data.json,63060051,2025-11-15 16:01:18.742,2025-11-15 15:06:01.203,,102.0,65.0,,UTC-0300,tWUO8ZL77Z,,com.sec.android.app.shealth,2025-11-15 15:59:59.999,d96e40e4-ef30-45d6-830b-bde8ef414123,83.0,
,21313,63060051,1,2025-11-15 16:00:00.000,,7244a2bf-8460-48c5-ba52-37818029a72a.com.samsung.health.heart_rate.binning_data.json,63060051,2025-11-15 17:09:03.438,2025-11-15 16:01:18.889,,96.0,77.0,,UTC-0300,tWUO8ZL77Z,,com.sec.android.app.shealth,2025-11-15 16:59:59.999,7244a2bf-8460-48c5-ba52-37818029a72a,85.0,
,21313,63060051,1,2025-11-15 17:00:00.000,,91415ce1-820c-45d5-84dc-b70e333f1952.com.samsung.health.heart_rate.binning_data.json,63060051,2025-11-15 18:06:19.796,2025-11-15 17:09:03.733,,97.0,61.0,,UTC-0300,tWUO8ZL77Z,,com.sec.android.app.shealth,2025-11-15 17:59:59.999,91415ce1-820c-45d5-84dc-b70e333f1952,76.0,
,21313,63060051,1,2025-11-15 18:00:00.000,,853becd2-112d-4ee4-b334-3a8e4ea27830.com.samsung.health.heart_rate.binning_data.json,63060051,2025-11-15 19:01:50.150,2025-11-15 18:06:19.965,,90.0,61.0,,UTC-0300,tWUO8ZL77Z,,com.sec.android.app.shealth,2025-11-15 18:59:59.999,853becd2-112d-4ee4-b334-3a8e4ea27830,73.0,
,21313,63060051,1,2025-11-15 19:00:00.000,,32774112-33aa-4ff6-ba51-328b7ac5cee9.com.samsung.health.heart_rate.binning_data.json,63060051,2025-11-15 20:01:44.971,2025-11-15 19:01:50.323,,97.0,55.0,,UTC-0300,tWUO8ZL77Z,,com.sec.android.app.shealth,2025-11-15 19:59:59.999,32774112-33aa-4ff6-ba51-328b7ac5cee9,76.0,
,21313,63060051,1,2025-11-15 20:00:00.000,,81c05cd4-47b4-4087-ad8b-c9ead821d3e6.com.samsung.health.heart_rate.binning_data.json,63060051,2025-11-15 21:02:29.235,2025-11-15 20:01:45.164,,102.0,71.0,,UTC-0300,tWUO8ZL77Z,,com.sec.android.app.shealth,2025-11-15 20:59:59.999,81c05cd4-47b4-4087-ad8b-c9ead821d3e6,83.0,
,21313,63060051,1,2025-11-15 21:00:00.000,,416618fe-acb9-43d7-8e61-ea59b6a00eba.com.samsung.health.heart_rate.binning_data.json,63060051,2025-11-15 22:01:15.801,2025-11-15 21:02:29.454,,105.0,63.0,,UTC-0300,tWUO8ZL77Z,,com.sec.android.app.shealth,2025-11-15 21:59:59.999,416618fe-acb9-43d7-8e61-ea59b6a00eba,79.0,
,21313,63060051,1,2025-11-15 22:00:00.000,,793cf2cc-7417-4f00-90a5-73104db3e0db.com.samsung.health.heart_rate.binning_data.json,63060051,2025-11-15 23:03:22.903,2025-11-15 22:01:15.972,,89.0,54.0,,UTC-0300,tWUO8ZL77Z,,com.sec.android.app.shealth,2025-11-15 22:59:59.999,793cf2cc-7417-4f00-90a5-73104db3e0db,72.0,
,21313,63060051,1,2025-11-16 02:00:00.000,,ffba4aff-c0dc-4467-b140-b3b23c6f4c18.com.samsung.health.heart_rate.binning_data.json,63060051,2025-11-16 03:03:55.502,2025-11-16 02:24:35.375,,78.0,54.0,,UTC-0300,tWUO8ZL77Z,,com.sec.android.app.shealth,2025-11-16 02:59:59.999,ffba4aff-c0dc-4467-b140-b3b23c6f4c18,60.0,
,21313,63060051,1,2025-11-15 23:00:00.000,,2459d302-084b-4bd9-a697-80f10e7e5a79.com.samsung.health.heart_rate.binning_data.json,63060051,2025-11-16 02:24:35.190,2025-11-15 23:03:23.554,,82.0,63.0,,UTC-0300,tWUO8ZL77Z,,com.sec.android.app.shealth,2025-11-15 23:59:59.999,2459d302-084b-4bd9-a697-80f10e7e5a79,72.0,
,21313,63060051,1,2025-11-16 03:00:00.000,,b215aa1d-c11d-41b6-9cea-966b6fd1028c.com.samsung.health.heart_rate.binning_data.json,63060051,2025-11-16 04:10:58.215,2025-11-16 03:03:55.612,,72.0,52.0,,UTC-0300,tWUO8ZL77Z,,com.sec.android.app.shealth,2025-11-16 03:59:59.999,b215aa1d-c11d-41b6-9cea-966b6fd1028c,60.0,
,21313,63060051,1,2025-11-16 04:00:00.000,,ece13e74-28a4-4a9a-9990-cb2c1bde8eab.com.samsung.health.heart_rate.binning_data.json,63060051,2025-11-16 05:10:11.820,2025-11-16 04:14:51.594,,73.0,51.0,,UTC-0300,tWUO8ZL77Z,,com.sec.android.app.shealth,2025-11-16 04:59:59.999,ece13e74-28a4-4a9a-9990-cb2c1bde8eab,59.0,
,21313,63060051,1,2025-11-16 05:00:00.000,,8d1d95bf-0e6a-4b3b-90e9-f031a26e542d.com.samsung.health.heart_rate.binning_data.json,63060051,2025-11-16 06:01:01.177,2025-11-16 05:10:36.831,,71.0,54.0,,UTC-0300,tWUO8ZL77Z,,com.sec.android.app.shealth,2025-11-16 05:59:59.999,8d1d95bf-0e6a-4b3b-90e9-f031a26e542d,59.0,
,21313,63060051,1,2025-11-16 06:00:00.000,,9c1ca1e7-8c71-4cc5-ac0a-faa4ebc0a999.com.samsung.health.heart_rate.binning_data.json,63060051,2025-11-16 07:02:46.994,2025-11-16 06:01:01.269,,71.0,51.0,,UTC-0300,tWUO8ZL77Z,,com.sec.android.app.shealth,2025-11-16 06:59:59.999,9c1ca1e7-8c71-4cc5-ac0a-faa4ebc0a999,57.0,
,21313,63060051,1,2025-11-16 07:00:00.000,,f38b67c8-a3e3-4d57-971a-50dcef9e1d67.com.samsung.health.heart_rate.binning_data.json,63060051,2025-11-16 08:07:08.180,2025-11-16 07:02:47.120,,89.0,48.0,,UTC-0300,tWUO8ZL77Z,,com.sec.android.app.shealth,2025-11-16 07:59:59.999,f38b67c8-a3e3-4d57-971a-50dcef9e1d67,56.0,
,21313,63060051,1,2025-11-16 08:00:00.000,,c7a137ce-e5d0-477c-bcbb-47bcc159cd70.com.samsung.health.heart_rate.binning_data.json,63060051,2025-11-16 09:05:18.726,2025-11-16 08:07:08.391,,70.0,49.0,,UTC-0300,tWUO8ZL77Z,,com.sec.android.app.shealth,2025-11-16 08:59:59.999,c7a137ce-e5d0-477c-bcbb-47bcc159cd70,54.0,
,21313,63060051,1,2025-11-16 09:00:00.000,,0c3baa7a-694a-4f99-84b0-6876ffdf2756.com.samsung.health.heart_rate.binning_data.json,63060051,2025-11-16 10:01:30.177,2025-11-16 09:05:19.006,,84.0,52.0,,UTC-0300,tWUO8ZL77Z,,com.sec.android.app.shealth,2025-11-16 09:59:59.999,0c3baa7a-694a-4f99-84b0-6876ffdf2756,63.0,
,21313,63060051,1,2025-11-16 10:00:00.000,,3b916637-2b29-41a5-a0d7-5e5fa3797e8b.com.samsung.health.heart_rate.binning_data.json,63060051,2025-11-16 11:01:40.145,2025-11-16 10:01:30.878,,84.0,55.0,,UTC-0300,tWUO8ZL77Z,,com.sec.android.app.shealth,2025-11-16 10:59:59.999,3b916637-2b29-41a5-a0d7-5e5fa3797e8b,65.0,
,21313,63060051,1,2025-11-16 11:00:00.000,,85aacf50-6e4e-4efa-99d0-e557f8935e4e.com.samsung.health.heart_rate.binning_data.json,63060051,2025-11-16 12:05:29.167,2025-11-16 11:01:40.263,,110.0,58.0,,UTC-0300,tWUO8ZL77Z,,com.sec.android.app.shealth,2025-11-16 11:59:59.999,85aacf50-6e4e-4efa-99d0-e557f8935e4e,78.0,
,21313,63060051,1,2025-11-16 12:00:00.000,,b2bfafab-fcf4-4737-be2f-aaa397f261ed.com.samsung.health.heart_rate.binning_data.json,63060051,2025-11-16 13:01:00.536,2025-11-16 12:05:29.473,,116.0,58.0,,UTC-0300,tWUO8ZL77Z,,com.sec.android.app.shealth,2025-11-16 12:59:59.999,b2bfafab-fcf4-4737-be2f-aaa397f261ed,77.0,
,21313,63060051,1,2025-11-16 13:00:00.000,,08d39dbd-9f5c-40e0-88c2-e5b930dcc1cc.com.samsung.health.heart_rate.binning_data.json,63060051,2025-11-16 14:06:01.475,2025-11-16 13:01:00.585,,94.0,56.0,,UTC-0300,tWUO8ZL77Z,,com.sec.android.app.shealth,2025-11-16 13:59:59.999,08d39dbd-9f5c-40e0-88c2-e5b930dcc1cc,72.0,
,21313,63060051,1,2025-11-16 14:00:00.000,,4e768d98-84fc-4811-a4c8-b50125df00e9.com.samsung.health.heart_rate.binning_data.json,63060051,2025-11-16 15:06:30.274,2025-11-16 14:06:01.627,,90.0,57.0,,UTC-0300,tWUO8ZL77Z,,com.sec.android.app.shealth,2025-11-16 14:59:59.999,4e768d98-84fc-4811-a4c8-b50125df00e9,70.0,
,21313,63060051,1,2025-11-16 15:00:00.000,,4b09c71c-1283-451d-ba40-3168f5ecf18c.com.samsung.health.heart_rate.binning_data.json,63060051,2025-11-16 16:02:59.975,2025-11-16 15:06:30.435,,89.0,62.0,,UTC-0300,tWUO8ZL77Z,,com.sec.android.app.shealth,2025-11-16 15:59:59.999,4b09c71c-1283-451d-ba40-3168f5ecf18c,77.0,
,21313,63060051,1,2025-11-16 16:00:00.000,,5413c98d-0ce0-4e25-b7c2-785f34242fcd.com.samsung.health.heart_rate.binning_data.json,63060051,2025-11-16 17:05:02.898,2025-11-16 16:03:00.088,,96.0,59.0,,UTC-0300,tWUO8ZL77Z,,com.sec.android.app.shealth,2025-11-16 16:59:59.999,5413c98d-0ce0-4e25-b7c2-785f34242fcd,76.0,
,21313,63060051,1,2025-11-16 17:00:00.000,,8aacf1ee-b799-40b5-b5c9-a0941cfeb09f.com.samsung.health.heart_rate.binning_data.json,63060051,2025-11-16 18:00:16.477,2025-11-16 17:06:02.089,,94.0,58.0,,UTC-0300,tWUO8ZL77Z,,com.sec.android.app.shealth,2025-11-16 17:59:59.999,8aacf1ee-b799-40b5-b5c9-a0941cfeb09f,68.0,
,21313,63060051,1,2025-11-16 18:00:00.000,,d9020e7d-3cb0-443e-80c8-e8768b9b8431.com.samsung.health.heart_rate.binning_data.json,63060051,2025-11-16 19:05:48.987,2025-11-16 18:25:36.055,,102.0,64.0,,UTC-0300,tWUO8ZL77Z,,com.sec.android.app.shealth,2025-11-16 18:59:59.999,d9020e7d-3cb0-443e-80c8-e8768b9b8431,76.0,
,21313,63060051,1,2025-11-16 19:00:00.000,,48fc1984-6952-49f0-92e4-ededf9783d26.com.samsung.health.heart_rate.binning_data.json,63060051,2025-11-16 20:02:10.048,2025-11-16 19:05:50.314,,119.0,64.0,,UTC-0300,tWUO8ZL77Z,,com.sec.android.app.shealth,2025-11-16 19:59:59.999,48fc1984-6952-49f0-92e4-ededf9783d26,82.0,
,21313,63060051,1,2025-11-16 20:00:00.000,,2738417f-ff93-48ea-929b-5ffb33c5e281.com.samsung.health.heart_rate.binning_data.json,63060051,2025-11-16 21:04:50.765,2025-11-16 20:02:10.152,,95.0,62.0,,UTC-0300,tWUO8ZL77Z,,com.sec.android.app.shealth,2025-11-16 20:59:59.999,2738417f-ff93-48ea-929b-5ffb33c5e281,74.0,
,21313,63060051,1,2025-11-16 21:00:00.000,,96f74ab0-1ea3-4194-8924-b75acde8857e.com.samsung.health.heart_rate.binning_data.json,63060051,2025-11-17 01:55:00.220,2025-11-16 21:04:51.063,,84.0,56.0,,UTC-0300,tWUO8ZL77Z,,com.sec.android.app.shealth,2025-11-16 21:59:59.999,96f74ab0-1ea3-4194-8924-b75acde8857e,69.0,
,21313,63060051,1,2025-11-17 01:00:00.000,,b675adf2-db21-4f99-93db-1334ce05cb5f.com.samsung.health.heart_rate.binning_data.json,63060051,2025-11-17 02:02:23.049,2025-11-17 01:55:00.336,,83.0,61.0,,UTC-0300,tWUO8ZL77Z,,com.sec.android.app.shealth,2025-11-17 01:59:59.999,b675adf2-db21-4f99-93db-1334ce05cb5f,69.0,
,21313,63060051,1,2025-11-17 02:00:00.000,,8fb563fe-7e2c-452d-be84-21c4c263be99.com.samsung.health.heart_rate.binning_data.json,63060051,2025-11-17 03:05:03.642,2025-11-17 02:02:23.153,,81.0,53.0,,UTC-0300,tWUO8ZL77Z,,com.sec.android.app.shealth,2025-11-17 02:59:59.999,8fb563fe-7e2c-452d-be84-21c4c263be99,58.0,
,21313,63060051,1,2025-11-17 03:00:00.000,,afac52c9-df91-4f4e-8480-1110addf1403.com.samsung.health.heart_rate.binning_data.json,63060051,2025-11-17 04:10:01.020,2025-11-17 03:05:55.174,,68.0,48.0,,UTC-0300,tWUO8ZL77Z,,com.sec.android.app.shealth,2025-11-17 03:59:59.999,afac52c9-df91-4f4e-8480-1110addf1403,55.0,
,21313,63060051,1,2025-11-17 04:00:00.000,,589846a1-048b-499d-9108-32008086924c.com.samsung.health.heart_rate.binning_data.json,63060051,2025-11-17 05:07:57.450,2025-11-17 04:13:55.206,,75.0,51.0,,UTC-0300,tWUO8ZL77Z,,com.sec.android.app.shealth,2025-11-17 04:59:59.999,589846a1-048b-499d-9108-32008086924c,56.0,
,21313,63060051,1,2025-11-17 05:00:00.000,,9480ba97-e17f-464c-b55f-c93b6fc4d5b5.com.samsung.health.heart_rate.binning_data.json,63060051,2025-11-17 06:02:43.816,2025-11-17 05:10:22.180,,69.0,48.0,,UTC-0300,tWUO8ZL77Z,,com.sec.android.app.shealth,2025-11-17 05:59:59.999,9480ba97-e17f-464c-b55f-c93b6fc4d5b5,55.0,
,21313,63060051,1,2025-11-17 06:00:00.000,,d2e38e4c-2dd0-4585-a18b-3701c0cd631a.com.samsung.health.heart_rate.binning_data.json,63060051,2025-11-17 07:05:29.112,2025-11-17 06:02:43.940,,70.0,47.0,,UTC-0300,tWUO8ZL77Z,,com.sec.android.app.shealth,2025-11-17 06:59:59.999,d2e38e4c-2dd0-4585-a18b-3701c0cd631a,53.0,
,21313,63060051,1,2025-11-17 07:00:00.000,,07ec7403-3f84-4ee7-9b9f-928ce2490fe5.com.samsung.health.heart_rate.binning_data.json,63060051,2025-11-17 08:05:02.568,2025-11-17 07:05:29.729,,65.0,47.0,,UTC-0300,tWUO8ZL77Z,,com.sec.android.app.shealth,2025-11-17 07:59:59.999,07ec7403-3f84-4ee7-9b9f-928ce2490fe5,53.0,
,21313,63060051,1,2025-11-17 08:00:00.000,,1f647939-0680-45f4-b435-89ff8735b76a.com.samsung.health.heart_rate.binning_data.json,63060051,2025-11-17 09:05:03.362,2025-11-17 08:05:37.674,,74.0,46.0,,UTC-0300,tWUO8ZL77Z,,com.sec.android.app.shealth,2025-11-17 08:59:59.999,1f647939-0680-45f4-b435-89ff8735b76a,53.0,
,21313,63060051,1,2025-11-17 09:00:00.000,,caff32b8-3617-4cce-aed7-4988e77f4220.com.samsung.health.heart_rate.binning_data.json,63060051,2025-11-17 10:00:26.760,2025-11-17 09:09:50.902,,83.0,49.0,,UTC-0300,tWUO8ZL77Z,,com.sec.android.app.shealth,2025-11-17 09:59:59.999,caff32b8-3617-4cce-aed7-4988e77f4220,56.0,
,21313,63060051,1,2025-11-17 10:00:00.000,,d3497878-fff4-4798-b9f7-b83766d3296f.com.samsung.health.heart_rate.binning_data.json,63060051,2025-11-17 11:07:30.936,2025-11-17 10:20:08.191,,84.0,50.0,,UTC-0300,tWUO8ZL77Z,,com.sec.android.app.shealth,2025-11-17 10:59:59.999,d3497878-fff4-4798-b9f7-b83766d3296f,57.0,
,21313,63060051,1,2025-11-17 11:00:00.000,,81ee56b0-fc8d-4684-b5ad-ba3f85ed626f.com.samsung.health.heart_rate.binning_data.json,63060051,2025-11-17 12:05:02.798,2025-11-17 11:07:34.937,,86.0,53.0,,UTC-0300,tWUO8ZL77Z,,com.sec.android.app.shealth,2025-11-17 11:59:59.999,81ee56b0-fc8d-4684-b5ad-ba3f85ed626f,66.0,
,21316,63060051,1,2025-11-18 01:40:30.990,,,63060051,2025-11-18 02:07:47.990,2025-11-17 04:13:55.281,,,,,UTC-0300,tWUO8ZL77Z,,com.sec.android.app.shealth,2025-11-18 01:40:30.990,a8c5d674-11ce-46d9-98e8-c9975c6577ba,51.0,
,21313,63060051,1,2025-11-17 12:00:00.000,,7ea2e698-5e98-482d-8075-1569cf71aa6a.com.samsung.health.heart_rate.binning_data.json,63060051,2025-11-17 13:01:38.750,2025-11-17 12:05:20.373,,87.0,54.0,,UTC-0300,tWUO8ZL77Z,,com.sec.android.app.shealth,2025-11-17 12:59:59.999,7ea2e698-5e98-482d-8075-1569cf71aa6a,64.0,
,21313,63060051,1,2025-11-17 13:00:00.000,,bc81fa4f-7ba5-4a58-af5f-ec5d2587c027.com.samsung.health.heart_rate.binning_data.json,63060051,2025-11-17 14:04:51.133,2025-11-17 13:01:39.176,,89.0,55.0,,UTC-0300,tWUO8ZL77Z,,com.sec.android.app.shealth,2025-11-17 13:59:59.999,bc81fa4f-7ba5-4a58-af5f-ec5d2587c027,68.0,
,21313,63060051,1,2025-11-17 14:00:00.000,,784b763c-68ed-4607-9f15-fb98975e3fbd.com.samsung.health.heart_rate.binning_data.json,63060051,2025-11-17 15:01:09.179,2025-11-17 14:04:51.393,,92.0,59.0,,UTC-0300,tWUO8ZL77Z,,com.sec.android.app.shealth,2025-11-17 14:59:59.999,784b763c-68ed-4607-9f15-fb98975e3fbd,76.0,
,21313,63060051,1,2025-11-17 15:00:00.000,,7e0f946f-8a91-460f-9caa-d26dd981e7ca.com.samsung.health.heart_rate.binning_data.json,63060051,2025-11-17 16:05:54.335,2025-11-17 15:01:09.309,,121.0,52.0,,UTC-0300,tWUO8ZL77Z,,com.sec.android.app.shealth,2025-11-17 15:59:59.999,7e0f946f-8a91-460f-9caa-d26dd981e7ca,91.0,
,21313,63060051,1,2025-11-17 16:00:00.000,,0c8ce7a3-6640-429a-994b-8be7bec94744.com.samsung.health.heart_rate.binning_data.json,63060051,2025-11-17 17:03:57.647,2025-11-17 16:05:54.896,,100.0,70.0,,UTC-0300,tWUO8ZL77Z,,com.sec.android.app.shealth,2025-11-17 16:59:59.999,0c8ce7a3-6640-429a-994b-8be7bec94744,83.0,
,21313,63060051,1,2025-11-17 17:00:00.000,,d7146387-362f-4219-a3e8-669fc5607640.com.samsung.health.heart_rate.binning_data.json,63060051,2025-11-17 18:02:59.905,2025-11-17 17:03:57.785,,96.0,75.0,,UTC-0300,tWUO8ZL77Z,,com.sec.android.app.shealth,2025-11-17 17:59:59.999,d7146387-362f-4219-a3e8-669fc5607640,84.0,
,21313,63060051,1,2025-11-17 22:00:00.000,,987a79d4-a1c4-47f3-b08e-de96f4b2c8e8.com.samsung.health.heart_rate.binning_data.json,63060051,2025-11-17 23:01:00.786,2025-11-17 23:01:00.786,,97.0,58.0,,UTC-0300,tWUO8ZL77Z,,com.sec.android.app.shealth,2025-11-17 22:59:59.999,987a79d4-a1c4-47f3-b08e-de96f4b2c8e8,68.0,
,21313,63060051,1,2025-11-17 18:00:00.000,,3b38f4ae-b7f7-48f5-bda0-1040708f5a3d.com.samsung.health.heart_rate.binning_data.json,63060051,2025-11-17 22:52:38.582,2025-11-17 18:03:00.074,,93.0,74.0,,UTC-0300,tWUO8ZL77Z,,com.sec.android.app.shealth,2025-11-17 18:59:59.999,3b38f4ae-b7f7-48f5-bda0-1040708f5a3d,83.0,
,21313,63060051,1,2025-11-17 23:00:00.000,,9e91c685-7c44-49c0-8f55-b489967e3300.com.samsung.health.heart_rate.binning_data.json,63060051,2025-11-18 00:02:41.023,2025-11-17 23:01:00.963,,84.0,54.0,,UTC-0300,tWUO8ZL77Z,,com.sec.android.app.shealth,2025-11-17 23:59:59.999,9e91c685-7c44-49c0-8f55-b489967e3300,70.0,
,21313,63060051,1,2025-11-18 05:00:00.000,,cb191e33-23a6-416e-891e-9185fd57387d.com.samsung.health.heart_rate.binning_data.json,63060051,2025-11-18 06:10:12.082,2025-11-18 05:06:24.973,,67.0,40.0,,UTC-0300,tWUO8ZL77Z,,com.sec.android.app.shealth,2025-11-18 05:59:59.999,cb191e33-23a6-416e-891e-9185fd57387d,49.0,
,21313,63060051,1,2025-11-18 06:00:00.000,,8af07d39-709b-4284-8db7-282fb9fcd9ef.com.samsung.health.heart_rate.binning_data.json,63060051,2025-11-18 07:09:20.985,2025-11-18 06:10:21.873,,68.0,43.0,,UTC-0300,tWUO8ZL77Z,,com.sec.android.app.shealth,2025-11-18 06:59:59.999,8af07d39-709b-4284-8db7-282fb9fcd9ef,49.0,
,21313,63060051,1,2025-11-18 00:00:00.000,,f5d7cc23-0f1b-4cd1-afc2-704019c1d204.com.samsung.health.heart_rate.binning_data.json,63060051,2025-11-18 01:02:27.930,2025-11-18 00:02:41.234,,93.0,62.0,,UTC-0300,tWUO8ZL77Z,,com.sec.android.app.shealth,2025-11-18 00:59:59.999,f5d7cc23-0f1b-4cd1-afc2-704019c1d204,72.0,
,21313,63060051,1,2025-11-18 08:00:00.000,,6803006c-7591-41bb-80e8-0e9753f94311.com.samsung.health.heart_rate.binning_data.json,63060051,2025-11-18 09:05:03.312,2025-11-18 08:05:24.711,,67.0,42.0,,UTC-0300,tWUO8ZL77Z,,com.sec.android.app.shealth,2025-11-18 08:59:59.999,6803006c-7591-41bb-80e8-0e9753f94311,48.0,
,21313,63060051,1,2025-11-18 01:00:00.000,,2e4d06a9-748b-4760-bd47-c8769cc6f6db.com.samsung.health.heart_rate.binning_data.json,63060051,2025-11-18 02:05:03.512,2025-11-18 01:02:28.027,,86.0,49.0,,UTC-0300,tWUO8ZL77Z,,com.sec.android.app.shealth,2025-11-18 01:59:59.999,2e4d06a9-748b-4760-bd47-c8769cc6f6db,56.0,
,21313,63060051,1,2025-11-18 02:00:00.000,,be389353-b9b0-4d4a-bd29-cb23a01d5536.com.samsung.health.heart_rate.binning_data.json,63060051,2025-11-18 03:06:11.158,2025-11-18 02:07:47.878,,68.0,45.0,,UTC-0300,tWUO8ZL77Z,,com.sec.android.app.shealth,2025-11-18 02:59:59.999,be389353-b9b0-4d4a-bd29-cb23a01d5536,51.0,
,21313,63060051,1,2025-11-18 09:00:00.000,,b22246e3-be99-44f6-b321-b1b3a51beac1.com.samsung.health.heart_rate.binning_data.json,63060051,2025-11-18 10:04:48.874,2025-11-18 09:05:03.485,,78.0,44.0,,UTC-0300,tWUO8ZL77Z,,com.sec.android.app.shealth,2025-11-18 09:59:59.999,b22246e3-be99-44f6-b321-b1b3a51beac1,50.0,
,21313,63060051,1,2025-11-18 03:00:00.000,,ec584a5c-0572-41d7-a8bd-315e5fcc2170.com.samsung.health.heart_rate.binning_data.json,63060051,2025-11-18 04:05:02.434,2025-11-18 03:06:11.603,,70.0,43.0,,UTC-0300,tWUO8ZL77Z,,com.sec.android.app.shealth,2025-11-18 03:59:59.999,ec584a5c-0572-41d7-a8bd-315e5fcc2170,51.0,
,21313,63060051,1,2025-11-18 04:00:00.000,,1563f970-ca8c-4576-b85e-b0865f366fa3.com.samsung.health.heart_rate.binning_data.json,63060051,2025-11-18 05:05:02.457,2025-11-18 04:08:16.630,,78.0,46.0,,UTC-0300,tWUO8ZL77Z,,com.sec.android.app.shealth,2025-11-18 04:59:59.999,1563f970-ca8c-4576-b85e-b0865f366fa3,52.0,
,21313,63060051,1,2025-11-18 07:00:00.000,,22137348-5f9e-4cbc-a7ba-99fe980dfcb4.com.samsung.health.heart_rate.binning_data.json,63060051,2025-11-18 08:05:24.469,2025-11-18 07:10:41.874,,81.0,42.0,,UTC-0300,tWUO8ZL77Z,,com.sec.android.app.shealth,2025-11-18 07:59:59.999,22137348-5f9e-4cbc-a7ba-99fe980dfcb4,50.0,
,21313,63060051,1,2025-11-18 10:00:00.000,,80d0f9c1-bfe4-4062-afd1-7d0a72e63ce2.com.samsung.health.heart_rate.binning_data.json,63060051,2025-11-18 11:01:59.013,2025-11-18 10:04:49.014,,70.0,46.0,,UTC-0300,tWUO8ZL77Z,,com.sec.android.app.shealth,2025-11-18 10:59:59.999,80d0f9c1-bfe4-4062-afd1-7d0a72e63ce2,52.0,
,21313,63060051,1,2025-11-18 11:00:00.000,,cab82170-3dff-4808-9320-55863f2149e2.com.samsung.health.heart_rate.binning_data.json,63060051,2025-11-18 12:05:02.506,2025-11-18 11:01:59.104,,81.0,49.0,,UTC-0300,tWUO8ZL77Z,,com.sec.android.app.shealth,2025-11-18 11:59:59.999,cab82170-3dff-4808-9320-55863f2149e2,62.0,
,21316,63060051,1,2025-11-18 10:52:57.060,,,63060051,2025-11-18 20:55:00.942,2025-11-18 11:55:21.430,,,,,UTC-0300,tWUO8ZL77Z,,com.sec.android.app.shealth,2025-11-18 10:52:57.060,5d976ab9-5560-44ce-81f9-74990bd51ce7,53.0,
,21313,63060051,1,2025-11-18 12:00:00.000,,32c2f2fb-40b3-4e38-bf99-8bc318b09a86.com.samsung.health.heart_rate.binning_data.json,63060051,2025-11-18 14:37:58.930,2025-11-18 12:05:19.820,,78.0,55.0,,UTC-0300,tWUO8ZL77Z,,com.sec.android.app.shealth,2025-11-18 12:59:59.999,32c2f2fb-40b3-4e38-bf99-8bc318b09a86,61.0,
,21313,63060051,1,2025-11-18 16:00:00.000,,32f8f1f5-d637-4692-bbd3-7d7906c55be6.com.samsung.health.heart_rate.binning_data.json,63060051,2025-11-18 17:02:00.736,2025-11-18 16:08:11.953,,101.0,67.0,,UTC-0300,tWUO8ZL77Z,,com.sec.android.app.shealth,2025-11-18 16:59:59.999,32f8f1f5-d637-4692-bbd3-7d7906c55be6,82.0,
,21313,63060051,1,2025-11-18 13:00:00.000,,dfc3294f-e4cc-4b38-b7a2-330f99269d5f.com.samsung.health.heart_rate.binning_data.json,63060051,2025-11-18 14:39:24.780,2025-11-18 14:39:24.780,,77.0,61.0,,UTC-0300,tWUO8ZL77Z,,com.sec.android.app.shealth,2025-11-18 13:59:59.999,dfc3294f-e4cc-4b38-b7a2-330f99269d5f,66.0,
,21313,63060051,1,2025-11-18 14:00:00.000,,21c8bdd0-cb29-4964-b359-68835a072f9e.com.samsung.health.heart_rate.binning_data.json,63060051,2025-11-18 15:03:42.375,2025-11-18 14:39:24.914,,102.0,63.0,,UTC-0300,tWUO8ZL77Z,,com.sec.android.app.shealth,2025-11-18 14:59:59.999,21c8bdd0-cb29-4964-b359-68835a072f9e,81.0,
,21313,63060051,1,2025-11-18 15:00:00.000,,02747930-f74a-4181-8589-4894937233b9.com.samsung.health.heart_rate.binning_data.json,63060051,2025-11-18 16:08:11.427,2025-11-18 15:03:42.786,,125.0,78.0,,UTC-0300,tWUO8ZL77Z,,com.sec.android.app.shealth,2025-11-18 15:59:59.999,02747930-f74a-4181-8589-4894937233b9,99.0,
,21313,63060051,1,2025-11-18 18:00:00.000,,666af93b-9c68-4871-84a1-44225a150be0.com.samsung.health.heart_rate.binning_data.json,63060051,2025-11-18 19:01:57.926,2025-11-18 18:04:16.898,,101.0,58.0,,UTC-0300,tWUO8ZL77Z,,com.sec.android.app.shealth,2025-11-18 18:59:59.999,666af93b-9c68-4871-84a1-44225a150be0,74.0,
,21313,63060051,1,2025-11-18 17:00:00.000,,d85da774-5af7-46e6-abe6-c90a5fc4a9f6.com.samsung.health.heart_rate.binning_data.json,63060051,2025-11-18 18:04:16.761,2025-11-18 17:02:00.891,,94.0,60.0,,UTC-0300,tWUO8ZL77Z,,com.sec.android.app.shealth,2025-11-18 17:59:59.999,d85da774-5af7-46e6-abe6-c90a5fc4a9f6,73.0,
,21313,63060051,1,2025-11-18 19:00:00.000,,20e5ecf0-ecaf-4532-a9f3-8fb1729d003b.com.samsung.health.heart_rate.binning_data.json,63060051,2025-11-18 20:08:48.257,2025-11-18 19:01:58.302,,87.0,63.0,,UTC-0300,tWUO8ZL77Z,,com.sec.android.app.shealth,2025-11-18 19:59:59.999,20e5ecf0-ecaf-4532-a9f3-8fb1729d003b,74.0,
,21313,63060051,1,2025-11-18 20:00:00.000,,0c84fbfa-2bea-4c82-bcba-7e83c0094c1b.com.samsung.health.heart_rate.binning_data.json,63060051,2025-11-18 21:01:15.742,2025-11-18 20:08:48.929,,86.0,61.0,,UTC-0300,tWUO8ZL77Z,,com.sec.android.app.shealth,2025-11-18 20:59:59.999,0c84fbfa-2bea-4c82-bcba-7e83c0094c1b,73.0,
,21313,63060051,1,2025-11-18 21:00:00.000,,a427af0f-5820-4043-824e-9ae5a97cff02.com.samsung.health.heart_rate.binning_data.json,63060051,2025-11-18 22:08:22.313,2025-11-18 21:01:16.247,,93.0,62.0,,UTC-0300,tWUO8ZL77Z,,com.sec.android.app.shealth,2025-11-18 21:59:59.999,a427af0f-5820-4043-824e-9ae5a97cff02,77.0,
,21313,63060051,1,2025-11-18 22:00:00.000,,4f756fa5-53e8-46af-8692-5d06da2caced.com.samsung.health.heart_rate.binning_data.json,63060051,2025-11-18 23:07:46.234,2025-11-18 22:08:22.488,,88.0,60.0,,UTC-0300,tWUO8ZL77Z,,com.sec.android.app.shealth,2025-11-18 22:59:59.999,4f756fa5-53e8-46af-8692-5d06da2caced,73.0,
,21313,63060051,1,2025-11-18 23:00:00.000,,09e11aec-73fd-4ea1-93e3-c71ef2d75772.com.samsung.health.heart_rate.binning_data.json,63060051,2025-11-19 04:45:00.482,2025-11-18 23:08:08.969,,99.0,59.0,,UTC-0300,tWUO8ZL77Z,,com.sec.android.app.shealth,2025-11-18 23:59:59.999,09e11aec-73fd-4ea1-93e3-c71ef2d75772,71.0,
,21313,63060051,1,2025-11-19 04:00:00.000,,29d07778-9694-4a0e-85cf-b25d66b2c886.com.samsung.health.heart_rate.binning_data.json,63060051,2025-11-19 05:05:03.531,2025-11-19 04:45:00.617,,77.0,51.0,,UTC-0300,tWUO8ZL77Z,,com.sec.android.app.shealth,2025-11-19 04:59:59.999,29d07778-9694-4a0e-85cf-b25d66b2c886,56.0,
,21313,63060051,1,2025-11-19 05:00:00.000,,6f074813-c757-410b-a98b-6c2346a113fe.com.samsung.health.heart_rate.binning_data.json,63060051,2025-11-19 06:06:20.389,2025-11-19 05:05:33.281,,66.0,44.0,,UTC-0300,tWUO8ZL77Z,,com.sec.android.app.shealth,2025-11-19 05:59:59.999,6f074813-c757-410b-a98b-6c2346a113fe,52.0,
,21313,63060051,1,2025-11-19 06:00:00.000,,73b002bd-61b8-4aa1-a3dd-8f656d1df985.com.samsung.health.heart_rate.binning_data.json,63060051,2025-11-19 07:07:36.646,2025-11-19 06:07:22.587,,75.0,46.0,,UTC-0300,tWUO8ZL77Z,,com.sec.android.app.shealth,2025-11-19 06:59:59.999,73b002bd-61b8-4aa1-a3dd-8f656d1df985,51.0,
,21313,63060051,1,2025-11-19 07:00:00.000,,e99c6027-0496-4665-a4fc-6b75c3e6e535.com.samsung.health.heart_rate.binning_data.json,63060051,2025-11-19 08:06:55.937,2025-11-19 07:10:21.336,,79.0,44.0,,UTC-0300,tWUO8ZL77Z,,com.sec.android.app.shealth,2025-11-19 07:59:59.999,e99c6027-0496-4665-a4fc-6b75c3e6e535,50.0,
,21313,63060051,1,2025-11-19 08:00:00.000,,4c27c483-c102-4d1a-8b2d-f696dcdd38fa.com.samsung.health.heart_rate.binning_data.json,63060051,2025-11-19 09:08:05.224,2025-11-19 08:07:51.158,,63.0,44.0,,UTC-0300,tWUO8ZL77Z,,com.sec.android.app.shealth,2025-11-19 08:59:59.999,4c27c483-c102-4d1a-8b2d-f696dcdd38fa,48.0,
,21313,63060051,1,2025-11-19 09:00:00.000,,d39b30ef-c22f-44b4-8dab-09eee28e0f40.com.samsung.health.heart_rate.binning_data.json,63060051,2025-11-19 10:01:27.226,2025-11-19 09:10:41.438,,79.0,46.0,,UTC-0300,tWUO8ZL77Z,,com.sec.android.app.shealth,2025-11-19 09:59:59.999,d39b30ef-c22f-44b4-8dab-09eee28e0f40,55.0,
,21316,63060051,1,2025-11-19 04:50:31.146,,,63060051,2025-11-20 01:55:00.592,2025-11-19 10:49:41.648,,,,,UTC-0300,tWUO8ZL77Z,,com.sec.android.app.shealth,2025-11-19 04:50:31.146,a28a5425-dbe6-4f11-8431-b8960f21d600,54.0,
,21313,63060051,1,2025-11-19 10:00:00.000,,8e822bed-ed3a-42c6-8342-45c5ef02aa21.com.samsung.health.heart_rate.binning_data.json,63060051,2025-11-19 11:01:42.877,2025-11-19 10:01:27.311,,90.0,53.0,,UTC-0300,tWUO8ZL77Z,,com.sec.android.app.shealth,2025-11-19 10:59:59.999,8e822bed-ed3a-42c6-8342-45c5ef02aa21,60.0,
,21313,63060051,1,2025-11-19 11:00:00.000,,b01dad34-ff5e-4953-b1af-6a69a27c3902.com.samsung.health.heart_rate.binning_data.json,63060051,2025-11-19 12:01:00.296,2025-11-19 11:01:42.969,,90.0,53.0,,UTC-0300,tWUO8ZL77Z,,com.sec.android.app.shealth,2025-11-19 11:59:59.999,b01dad34-ff5e-4953-b1af-6a69a27c3902,69.0,
,21313,63060051,1,2025-11-19 12:00:00.000,,c9d1471e-ba9a-42c7-b712-2797ba3d07a8.com.samsung.health.heart_rate.binning_data.json,63060051,2025-11-19 13:02:19.173,2025-11-19 12:01:00.373,,86.0,56.0,,UTC-0300,tWUO8ZL77Z,,com.sec.android.app.shealth,2025-11-19 12:59:59.999,c9d1471e-ba9a-42c7-b712-2797ba3d07a8,69.0,
,21313,63060051,1,2025-11-19 13:00:00.000,,665e00a9-d2b0-4388-908a-85387c7e4003.com.samsung.health.heart_rate.binning_data.json,63060051,2025-11-19 14:01:42.889,2025-11-19 13:02:20.067,,109.0,68.0,,UTC-0300,tWUO8ZL77Z,,com.sec.android.app.shealth,2025-11-19 13:59:59.999,665e00a9-d2b0-4388-908a-85387c7e4003,85.0,
,21313,63060051,1,2025-11-19 14:00:00.000,,7adacdc4-17bd-4dfd-b9e1-4f90ca5154f9.com.samsung.health.heart_rate.binning_data.json,63060051,2025-11-19 15:01:38.166,2025-11-19 14:01:42.970,,101.0,60.0,,UTC-0300,tWUO8ZL77Z,,com.sec.android.app.shealth,2025-11-19 14:59:59.999,7adacdc4-17bd-4dfd-b9e1-4f90ca5154f9,78.0,
,21313,63060051,1,2025-11-19 15:00:00.000,,af442384-a36e-4daf-aec3-d91be4bcae68.com.samsung.health.heart_rate.binning_data.json,63060051,2025-11-19 16:02:02.508,2025-11-19 15:01:38.270,,98.0,59.0,,UTC-0300,tWUO8ZL77Z,,com.sec.android.app.shealth,2025-11-19 15:59:59.999,af442384-a36e-4daf-aec3-d91be4bcae68,80.0,
,21313,63060051,1,2025-11-19 17:00:00.000,,19558a44-c61a-49f3-bf4c-ab308f84831b.com.samsung.health.heart_rate.binning_data.json,63060051,2025-11-19 18:05:03.084,2025-11-19 17:02:31.257,,96.0,66.0,,UTC-0300,tWUO8ZL77Z,,com.sec.android.app.shealth,2025-11-19 17:59:59.999,19558a44-c61a-49f3-bf4c-ab308f84831b,80.0,
,21313,63060051,1,2025-11-19 16:00:00.000,,b28f63e5-e4da-4dcf-889d-5f423c19b8ef.com.samsung.health.heart_rate.binning_data.json,63060051,2025-11-19 17:02:31.161,2025-11-19 16:02:02.619,,97.0,70.0,,UTC-0300,tWUO8ZL77Z,,com.sec.android.app.shealth,2025-11-19 16:59:59.999,b28f63e5-e4da-4dcf-889d-5f423c19b8ef,83.0,
,21313,63060051,1,2025-11-19 18:00:00.000,,49f7ef6d-0a00-4f7f-9601-00fa5f9baf03.com.samsung.health.heart_rate.binning_data.json,63060051,2025-11-19 19:03:44.878,2025-11-19 18:06:40.766,,91.0,63.0,,UTC-0300,tWUO8ZL77Z,,com.sec.android.app.shealth,2025-11-19 18:59:59.999,49f7ef6d-0a00-4f7f-9601-00fa5f9baf03,72.0,
,21313,63060051,1,2025-11-19 19:00:00.000,,3ff87017-68be-4b9b-825d-f71c64507ce2.com.samsung.health.heart_rate.binning_data.json,63060051,2025-11-19 20:02:08.820,2025-11-19 19:03:45.060,,90.0,63.0,,UTC-0300,tWUO8ZL77Z,,com.sec.android.app.shealth,2025-11-19 19:59:59.999,3ff87017-68be-4b9b-825d-f71c64507ce2,74.0,
,21313,63060051,1,2025-11-19 20:00:00.000,,61456783-2a96-4ccf-8f21-7896e9f886a9.com.samsung.health.heart_rate.binning_data.json,63060051,2025-11-19 21:01:31.739,2025-11-19 20:02:09.689,,103.0,66.0,,UTC-0300,tWUO8ZL77Z,,com.sec.android.app.shealth,2025-11-19 20:59:59.999,61456783-2a96-4ccf-8f21-7896e9f886a9,77.0,
,21313,63060051,1,2025-11-19 21:00:00.000,,49206485-7fe2-4bdd-819c-80cb4c189bac.com.samsung.health.heart_rate.binning_data.json,63060051,2025-11-19 22:05:02.271,2025-11-19 21:01:32.092,,92.0,61.0,,UTC-0300,tWUO8ZL77Z,,com.sec.android.app.shealth,2025-11-19 21:59:59.999,49206485-7fe2-4bdd-819c-80cb4c189bac,72.0,
,21313,63060051,1,2025-11-19 22:00:00.000,,25765d07-e815-4c6d-84fc-a172eb7439bf.com.samsung.health.heart_rate.binning_data.json,63060051,2025-11-19 23:03:17.404,2025-11-19 22:07:29.355,,88.0,64.0,,UTC-0300,tWUO8ZL77Z,,com.sec.android.app.shealth,2025-11-19 22:59:59.999,25765d07-e815-4c6d-84fc-a172eb7439bf,74.0,
,21313,63060051,1,2025-11-19 23:00:00.000,,3f934bbd-3eb2-4e53-8d17-6e56f9d906c8.com.samsung.health.heart_rate.binning_data.json,63060051,2025-11-20 00:01:04.060,2025-11-19 23:03:17.912,,89.0,59.0,,UTC-0300,tWUO8ZL77Z,,com.sec.android.app.shealth,2025-11-19 23:59:59.999,3f934bbd-3eb2-4e53-8d17-6e56f9d906c8,72.0,
,21313,63060051,1,2025-11-20 00:00:00.000,,89c83eb1-d9ae-4fc0-b8c4-1e18fb608785.com.samsung.health.heart_rate.binning_data.json,63060051,2025-11-20 01:30:17.890,2025-11-20 00:01:04.209,,85.0,65.0,,UTC-0300,tWUO8ZL77Z,,com.sec.android.app.shealth,2025-11-20 00:59:59.999,89c83eb1-d9ae-4fc0-b8c4-1e18fb608785,74.0,
,21313,63060051,1,2025-11-20 01:00:00.000,,205dad32-1780-4ba6-b12d-6456cc7f41bb.com.samsung.health.heart_rate.binning_data.json,63060051,2025-11-20 02:05:03.288,2025-11-20 01:30:18.015,,76.0,52.0,,UTC-0300,tWUO8ZL77Z,,com.sec.android.app.shealth,2025-11-20 01:59:59.999,205dad32-1780-4ba6-b12d-6456cc7f41bb,56.0,
,21313,63060051,1,2025-11-20 02:00:00.000,,e43559dd-28ca-4a3b-8ccd-c70b8788b18f.com.samsung.health.heart_rate.binning_data.json,63060051,2025-11-20 03:05:39.849,2025-11-20 02:05:18.720,,75.0,48.0,,UTC-0300,tWUO8ZL77Z,,com.sec.android.app.shealth,2025-11-20 02:59:59.999,e43559dd-28ca-4a3b-8ccd-c70b8788b18f,53.0,
,21313,63060051,1,2025-11-20 03:00:00.000,,fe639061-9e2b-44c2-bfe0-37c36c4a821d.com.samsung.health.heart_rate.binning_data.json,63060051,2025-11-20 04:05:03.771,2025-11-20 03:05:40.027,,63.0,48.0,,UTC-0300,tWUO8ZL77Z,,com.sec.android.app.shealth,2025-11-20 03:59:59.999,fe639061-9e2b-44c2-bfe0-37c36c4a821d,52.0,
,21313,63060051,1,2025-11-20 04:00:00.000,,134f636b-b676-44e8-bf28-6b3a949b3d08.com.samsung.health.heart_rate.binning_data.json,63060051,2025-11-20 05:07:39.146,2025-11-20 04:06:47.857,,77.0,46.0,,UTC-0300,tWUO8ZL77Z,,com.sec.android.app.shealth,2025-11-20 04:59:59.999,134f636b-b676-44e8-bf28-6b3a949b3d08,53.0,
,21313,63060051,1,2025-11-20 05:00:00.000,,3369a0e9-5282-4845-b6ca-953d6f19ce04.com.samsung.health.heart_rate.binning_data.json,63060051,2025-11-20 06:03:52.994,2025-11-20 05:08:17.459,,58.0,47.0,,UTC-0300,tWUO8ZL77Z,,com.sec.android.app.shealth,2025-11-20 05:59:59.999,3369a0e9-5282-4845-b6ca-953d6f19ce04,51.0,
,21313,63060051,1,2025-11-20 06:00:00.000,,b53bca1e-373e-4a03-84b6-4bdcce05372f.com.samsung.health.heart_rate.binning_data.json,63060051,2025-11-20 07:07:35.112,2025-11-20 06:03:53.153,,75.0,46.0,,UTC-0300,tWUO8ZL77Z,,com.sec.android.app.shealth,2025-11-20 06:59:59.999,b53bca1e-373e-4a03-84b6-4bdcce05372f,53.0,
,21313,63060051,1,2025-11-20 07:00:00.000,,ffeb203e-b251-4b06-84c0-6ae96a4339cb.com.samsung.health.heart_rate.binning_data.json,63060051,2025-11-20 08:07:50.921,2025-11-20 07:09:26.056,,64.0,46.0,,UTC-0300,tWUO8ZL77Z,,com.sec.android.app.shealth,2025-11-20 07:59:59.999,ffeb203e-b251-4b06-84c0-6ae96a4339cb,50.0,
,21313,63060051,1,2025-11-20 08:00:00.000,,6b7a665a-3968-4e52-af96-2f0f718dda51.com.samsung.health.heart_rate.binning_data.json,63060051,2025-11-20 09:08:39.355,2025-11-20 08:08:03.849,,69.0,45.0,,UTC-0300,tWUO8ZL77Z,,com.sec.android.app.shealth,2025-11-20 08:59:59.999,6b7a665a-3968-4e52-af96-2f0f718dda51,50.0,
,21313,63060051,1,2025-11-20 09:00:00.000,,32bbdccb-decc-4472-aa05-98a710030cbc.com.samsung.health.heart_rate.binning_data.json,63060051,2025-11-20 10:05:29.220,2025-11-20 09:08:39.742,,85.0,47.0,,UTC-0300,tWUO8ZL77Z,,com.sec.android.app.shealth,2025-11-20 09:59:59.999,32bbdccb-decc-4472-aa05-98a710030cbc,59.0,
,21313,63060051,1,2025-11-20 10:00:00.000,,485ca067-ba82-49b8-858c-2fbe1da04571.com.samsung.health.heart_rate.binning_data.json,63060051,2025-11-20 11:05:03.412,2025-11-20 10:05:33.050,,87.0,52.0,,UTC-0300,tWUO8ZL77Z,,com.sec.android.app.shealth,2025-11-20 10:59:59.999,485ca067-ba82-49b8-858c-2fbe1da04571,64.0,
,21313,63060051,1,2025-11-20 11:00:00.000,,aeceb5a4-316f-4cdd-a762-a627c6c725e1.com.samsung.health.heart_rate.binning_data.json,63060051,2025-11-20 12:04:50.887,2025-11-20 11:06:58.961,,96.0,51.0,,UTC-0300,tWUO8ZL77Z,,com.sec.android.app.shealth,2025-11-20 11:59:59.999,aeceb5a4-316f-4cdd-a762-a627c6c725e1,68.0,
,21313,63060051,1,2025-11-20 12:00:00.000,,87929b71-0afc-4347-b1ce-1326497d26a2.com.samsung.health.heart_rate.binning_data.json,63060051,2025-11-20 13:01:24.993,2025-11-20 12:04:51.097,,110.0,64.0,,UTC-0300,tWUO8ZL77Z,,com.sec.android.app.shealth,2025-11-20 12:59:59.999,87929b71-0afc-4347-b1ce-1326497d26a2,80.0,
,21313,63060051,1,2025-11-20 15:00:00.000,,f5d680a7-f2d0-4522-a26a-515a2c89ef9d.com.samsung.health.heart_rate.binning_data.json,63060051,2025-11-20 16:04:30.137,2025-11-20 15:01:03.147,,90.0,55.0,,UTC-0300,tWUO8ZL77Z,,com.sec.android.app.shealth,2025-11-20 15:59:59.999,f5d680a7-f2d0-4522-a26a-515a2c89ef9d,68.0,
,21313,63060051,1,2025-11-20 13:00:00.000,,1fa01f08-6fe4-4c01-b0d4-29067a54d327.com.samsung.health.heart_rate.binning_data.json,63060051,2025-11-20 14:01:39.787,2025-11-20 13:01:25.729,,99.0,68.0,,UTC-0300,tWUO8ZL77Z,,com.sec.android.app.shealth,2025-11-20 13:59:59.999,1fa01f08-6fe4-4c01-b0d4-29067a54d327,84.0,
,21313,63060051,1,2025-11-20 14:00:00.000,,3498a3e4-6e74-44ca-af7f-b1f0046cff1f.com.samsung.health.heart_rate.binning_data.json,63060051,2025-11-20 15:01:03.059,2025-11-20 14:01:39.944,,86.0,46.0,,UTC-0300,tWUO8ZL77Z,,com.sec.android.app.shealth,2025-11-20 14:59:59.999,3498a3e4-6e74-44ca-af7f-b1f0046cff1f,70.0,
,21313,63060051,1,2025-11-20 16:00:00.000,,915d00d8-3e57-4ede-8570-8218413e6bef.com.samsung.health.heart_rate.binning_data.json,63060051,2025-11-20 17:07:18.749,2025-11-20 16:04:30.321,,87.0,55.0,,UTC-0300,tWUO8ZL77Z,,com.sec.android.app.shealth,2025-11-20 16:59:59.999,915d00d8-3e57-4ede-8570-8218413e6bef,68.0,
,21313,63060051,1,2025-11-20 17:00:00.000,,f7642f39-460b-4941-acee-eb383a9f7a07.com.samsung.health.heart_rate.binning_data.json,63060051,2025-11-20 18:09:39.346,2025-11-20 17:07:47.969,,88.0,60.0,,UTC-0300,tWUO8ZL77Z,,com.sec.android.app.shealth,2025-11-20 17:59:59.999,f7642f39-460b-4941-acee-eb383a9f7a07,74.0,
,21316,63060051,1,2025-11-20 11:06:45.850,,,63060051,2025-11-21 02:17:30.502,2025-11-20 11:06:59.050,,,,,UTC-0300,tWUO8ZL77Z,,com.sec.android.app.shealth,2025-11-20 11:06:45.850,69570128-88a1-41dd-985e-4fcfeecddc49,51.0,
,21313,63060051,1,2025-11-20 18:00:00.000,,e914652a-d708-406f-80c5-c693f6521b92.com.samsung.health.heart_rate.binning_data.json,63060051,2025-11-20 19:07:55.272,2025-11-20 18:11:38.233,,102.0,60.0,,UTC-0300,tWUO8ZL77Z,,com.sec.android.app.shealth,2025-11-20 18:59:59.999,e914652a-d708-406f-80c5-c693f6521b92,71.0,
,21313,63060051,1,2025-11-20 19:00:00.000,,c1832828-29e4-4171-9757-95dc42f4f0dc.com.samsung.health.heart_rate.binning_data.json,63060051,2025-11-20 20:03:27.409,2025-11-20 19:07:55.572,,85.0,55.0,,UTC-0300,tWUO8ZL77Z,,com.sec.android.app.shealth,2025-11-20 19:59:59.999,c1832828-29e4-4171-9757-95dc42f4f0dc,68.0,
,21313,63060051,1,2025-11-20 20:00:00.000,,37cd298d-a88c-4b91-89ac-d9b4da2ebf48.com.samsung.health.heart_rate.binning_data.json,63060051,2025-11-20 21:07:43.540,2025-11-20 20:03:27.536,,112.0,59.0,,UTC-0300,tWUO8ZL77Z,,com.sec.android.app.shealth,2025-11-20 20:59:59.999,37cd298d-a88c-4b91-89ac-d9b4da2ebf48,83.0,
,21313,63060051,1,2025-11-20 21:00:00.000,,a90f2f14-a0d2-41ce-a85e-ce6905368861.com.samsung.health.heart_rate.binning_data.json,63060051,2025-11-20 22:04:03.941,2025-11-20 21:07:43.836,,105.0,64.0,,UTC-0300,tWUO8ZL77Z,,com.sec.android.app.shealth,2025-11-20 21:59:59.999,a90f2f14-a0d2-41ce-a85e-ce6905368861,81.0,
,21313,63060051,1,2025-11-20 22:00:00.000,,7516ff6c-2402-442e-b2e9-3190b295c8e3.com.samsung.health.heart_rate.binning_data.json,63060051,2025-11-21 01:54:54.221,2025-11-20 22:04:04.212,,94.0,62.0,,UTC-0300,tWUO8ZL77Z,,com.sec.android.app.shealth,2025-11-20 22:59:59.999,7516ff6c-2402-442e-b2e9-3190b295c8e3,71.0,
,21313,63060051,1,2025-11-21 01:00:00.000,,f8284f46-1615-442a-9da8-bf0797aa750f.com.samsung.health.heart_rate.binning_data.json,63060051,2025-11-21 02:07:05.035,2025-11-21 01:54:54.747,,93.0,60.0,,UTC-0300,tWUO8ZL77Z,,com.sec.android.app.shealth,2025-11-21 01:59:59.999,f8284f46-1615-442a-9da8-bf0797aa750f,70.0,
,21313,63060051,1,2025-11-21 02:00:00.000,,338008cd-a0ef-4b37-9016-4876f2a35251.com.samsung.health.heart_rate.binning_data.json,63060051,2025-11-21 03:01:23.421,2025-11-21 02:07:05.595,,81.0,52.0,,UTC-0300,tWUO8ZL77Z,,com.sec.android.app.shealth,2025-11-21 02:59:59.999,338008cd-a0ef-4b37-9016-4876f2a35251,57.0,
,21313,63060051,1,2025-11-21 03:00:00.000,,7fa3b17e-9f81-4a1d-ace7-aea25ea97733.com.samsung.health.heart_rate.binning_data.json,63060051,2025-11-21 04:08:12.277,2025-11-21 03:01:23.502,,81.0,44.0,,UTC-0300,tWUO8ZL77Z,,com.sec.android.app.shealth,2025-11-21 03:59:59.999,7fa3b17e-9f81-4a1d-ace7-aea25ea97733,54.0,
,21313,63060051,1,2025-11-21 04:00:00.000,,aa9bd1ad-9675-4df4-930e-73909d98d814.com.samsung.health.heart_rate.binning_data.json,63060051,2025-11-21 05:05:03.470,2025-11-21 04:08:12.494,,65.0,46.0,,UTC-0300,tWUO8ZL77Z,,com.sec.android.app.shealth,2025-11-21 04:59:59.999,aa9bd1ad-9675-4df4-930e-73909d98d814,49.0,
,21313,63060051,1,2025-11-21 05:00:00.000,,b8dd101e-1e97-4c53-b9b8-32ddb64099ba.com.samsung.health.heart_rate.binning_data.json,63060051,2025-11-21 06:08:52.754,2025-11-21 05:05:13.159,,82.0,46.0,,UTC-0300,tWUO8ZL77Z,,com.sec.android.app.shealth,2025-11-21 05:59:59.999,b8dd101e-1e97-4c53-b9b8-32ddb64099ba,52.0,
,21313,63060051,1,2025-11-21 06:00:00.000,,9d80b9a8-2922-49aa-8a99-e5a0e50fc5d9.com.samsung.health.heart_rate.binning_data.json,63060051,2025-11-21 07:06:20.689,2025-11-21 06:09:21.193,,67.0,45.0,,UTC-0300,tWUO8ZL77Z,,com.sec.android.app.shealth,2025-11-21 06:59:59.999,9d80b9a8-2922-49aa-8a99-e5a0e50fc5d9,50.0,
,21313,63060051,1,2025-11-21 07:00:00.000,,2161eb45-f9da-44b6-a433-cbd00df51edb.com.samsung.health.heart_rate.binning_data.json,63060051,2025-11-21 08:06:35.143,2025-11-21 07:10:42.579,,74.0,45.0,,UTC-0300,tWUO8ZL77Z,,com.sec.android.app.shealth,2025-11-21 07:59:59.999,2161eb45-f9da-44b6-a433-cbd00df51edb,50.0,
,21313,63060051,1,2025-11-21 08:00:00.000,,dab53361-149c-4bac-83a8-7efae2026efa.com.samsung.health.heart_rate.binning_data.json,63060051,2025-11-21 09:05:12.385,2025-11-21 08:10:22.550,,60.0,43.0,,UTC-0300,tWUO8ZL77Z,,com.sec.android.app.shealth,2025-11-21 08:59:59.999,dab53361-149c-4bac-83a8-7efae2026efa,48.0,
,21313,63060051,1,2025-11-21 09:00:00.000,,2c938b0c-ab51-4ea2-8ff3-49e4e20c009d.com.samsung.health.heart_rate.binning_data.json,63060051,2025-11-21 10:05:03.465,2025-11-21 09:06:50.838,,81.0,43.0,,UTC-0300,tWUO8ZL77Z,,com.sec.android.app.shealth,2025-11-21 09:59:59.999,2c938b0c-ab51-4ea2-8ff3-49e4e20c009d,51.0,
,21313,63060051,1,2025-11-21 10:00:00.000,,35ec6da9-46e7-4eeb-aa9a-dc2b3840ec2b.com.samsung.health.heart_rate.binning_data.json,63060051,2025-11-21 11:08:22.873,2025-11-21 10:07:05.720,,85.0,47.0,,UTC-0300,tWUO8ZL77Z,,com.sec.android.app.shealth,2025-11-21 10:59:59.999,35ec6da9-46e7-4eeb-aa9a-dc2b3840ec2b,57.0,
,21313,63060051,1,2025-11-21 11:00:00.000,,61a5d147-8749-4e90-8e5a-cb8486317c01.com.samsung.health.heart_rate.binning_data.json,63060051,2025-11-21 12:03:30.874,2025-11-21 11:08:23.131,,91.0,57.0,,UTC-0300,tWUO8ZL77Z,,com.sec.android.app.shealth,2025-11-21 11:59:59.999,61a5d147-8749-4e90-8e5a-cb8486317c01,71.0,
,21313,63060051,1,2025-11-21 12:00:00.000,,f14c5658-81d2-4461-9048-8f7916004ca9.com.samsung.health.heart_rate.binning_data.json,63060051,2025-11-21 13:05:03.604,2025-11-21 12:03:31.275,,87.0,57.0,,UTC-0300,tWUO8ZL77Z,,com.sec.android.app.shealth,2025-11-21 12:59:59.999,f14c5658-81d2-4461-9048-8f7916004ca9,66.0,
,21313,63060051,1,2025-11-21 13:00:00.000,,82a61c11-56c1-4f0e-b914-ed33cb810af3.com.samsung.health.heart_rate.binning_data.json,63060051,2025-11-21 14:04:08.223,2025-11-21 13:05:24.790,,92.0,55.0,,UTC-0300,tWUO8ZL77Z,,com.sec.android.app.shealth,2025-11-21 13:59:59.999,82a61c11-56c1-4f0e-b914-ed33cb810af3,65.0,
,21313,63060051,1,2025-11-21 14:00:00.000,,3bdc04a1-54bb-41a8-ae03-4e085c740ebc.com.samsung.health.heart_rate.binning_data.json,63060051,2025-11-21 15:09:50.184,2025-11-21 14:04:08.433,,137.0,56.0,,UTC-0300,tWUO8ZL77Z,,com.sec.android.app.shealth,2025-11-21 14:59:59.999,3bdc04a1-54bb-41a8-ae03-4e085c740ebc,81.0,
,21316,63060051,1,2025-11-21 06:10:30.411,,,63060051,2025-11-22 02:47:26.603,2025-11-21 14:04:08.730,,,,,UTC-0300,tWUO8ZL77Z,,com.sec.android.app.shealth,2025-11-21 06:10:30.411,c14a85a1-ed18-4140-8810-f17646e1099f,50.0,
,21313,63060051,1,2025-11-21 15:00:00.000,,24f3b8d0-0c0d-4e12-9fd4-efaad1ffbaf2.com.samsung.health.heart_rate.binning_data.json,63060051,2025-11-21 16:02:13.194,2025-11-21 15:09:50.405,,108.0,64.0,,UTC-0300,tWUO8ZL77Z,,com.sec.android.app.shealth,2025-11-21 15:59:59.999,24f3b8d0-0c0d-4e12-9fd4-efaad1ffbaf2,94.0,
,21313,63060051,1,2025-11-21 16:00:00.000,,830e232d-24a3-472c-ae87-7fa41f040f71.com.samsung.health.heart_rate.binning_data.json,63060051,2025-11-21 17:03:31.621,2025-11-21 16:02:13.365,,104.0,63.0,,UTC-0300,tWUO8ZL77Z,,com.sec.android.app.shealth,2025-11-21 16:59:59.999,830e232d-24a3-472c-ae87-7fa41f040f71,89.0,
,21313,63060051,1,2025-11-21 17:00:00.000,,4a8278cb-393a-4891-a925-0bb8fbac1f6f.com.samsung.health.heart_rate.binning_data.json,63060051,2025-11-21 18:07:27.597,2025-11-21 17:03:31.771,,110.0,71.0,,UTC-0300,tWUO8ZL77Z,,com.sec.android.app.shealth,2025-11-21 17:59:59.999,4a8278cb-393a-4891-a925-0bb8fbac1f6f,93.0,
,21313,63060051,1,2025-11-21 18:00:00.000,,ebe5a55e-ea9a-4906-b5af-8e5dbf86fe06.com.samsung.health.heart_rate.binning_data.json,63060051,2025-11-21 19:03:19.162,2025-11-21 18:07:39.181,,99.0,72.0,,UTC-0300,tWUO8ZL77Z,,com.sec.android.app.shealth,2025-11-21 18:59:59.999,ebe5a55e-ea9a-4906-b5af-8e5dbf86fe06,84.0,
,21313,63060051,1,2025-11-21 19:00:00.000,,7e3ef652-5637-462b-9680-d73678274de1.com.samsung.health.heart_rate.binning_data.json,63060051,2025-11-21 20:01:10.623,2025-11-21 19:03:19.613,,99.0,67.0,,UTC-0300,tWUO8ZL77Z,,com.sec.android.app.shealth,2025-11-21 19:59:59.999,7e3ef652-5637-462b-9680-d73678274de1,86.0,
,21313,63060051,1,2025-11-21 20:00:00.000,,6e8be94c-5b2a-4df1-b9f1-0c977ce7b306.com.samsung.health.heart_rate.binning_data.json,63060051,2025-11-21 21:01:47.761,2025-11-21 20:01:10.744,,98.0,77.0,,UTC-0300,tWUO8ZL77Z,,com.sec.android.app.shealth,2025-11-21 20:59:59.999,6e8be94c-5b2a-4df1-b9f1-0c977ce7b306,88.0,
,21313,63060051,1,2025-11-21 21:00:00.000,,c07e1574-642a-4427-9340-2e1f47e667f8.com.samsung.health.heart_rate.binning_data.json,63060051,2025-11-21 22:01:10.649,2025-11-21 21:01:48.060,,110.0,76.0,,UTC-0300,tWUO8ZL77Z,,com.sec.android.app.shealth,2025-11-21 21:59:59.999,c07e1574-642a-4427-9340-2e1f47e667f8,93.0,
,21313,63060051,1,2025-11-21 22:00:00.000,,cc1af7ac-9e0a-4261-b5a0-807054f63674.com.samsung.health.heart_rate.binning_data.json,63060051,2025-11-21 23:02:40.020,2025-11-21 22:01:10.762,,99.0,65.0,,UTC-0300,tWUO8ZL77Z,,com.sec.android.app.shealth,2025-11-21 22:59:59.999,cc1af7ac-9e0a-4261-b5a0-807054f63674,80.0,
,21313,63060051,1,2025-11-21 23:00:00.000,,cb982bdb-bd93-4b01-8ff2-e946c8ef2d23.com.samsung.health.heart_rate.binning_data.json,63060051,2025-11-22 00:04:13.007,2025-11-21 23:02:40.154,,91.0,65.0,,UTC-0300,tWUO8ZL77Z,,com.sec.android.app.shealth,2025-11-21 23:59:59.999,cb982bdb-bd93-4b01-8ff2-e946c8ef2d23,76.0,
,21313,63060051,1,2025-11-22 00:00:00.000,,74a10fdb-45ab-4dc3-bb4e-ea6e874f10a3.com.samsung.health.heart_rate.binning_data.json,63060051,2025-11-22 01:11:06.156,2025-11-22 00:04:13.184,,93.0,65.0,,UTC-0300,tWUO8ZL77Z,,com.sec.android.app.shealth,2025-11-22 00:59:59.999,74a10fdb-45ab-4dc3-bb4e-ea6e874f10a3,78.0,
,21313,63060051,1,2025-11-22 01:00:00.000,,03174c6f-7fec-4f83-aa76-85bc437bfc3a.com.samsung.health.heart_rate.binning_data.json,63060051,2025-11-22 02:25:25.885,2025-11-22 01:14:04.575,,89.0,64.0,,UTC-0300,tWUO8ZL77Z,,com.sec.android.app.shealth,2025-11-22 01:59:59.999,03174c6f-7fec-4f83-aa76-85bc437bfc3a,75.0,
,21313,63060051,1,2025-11-22 04:00:00.000,,ec3111c5-2d73-41ba-b2ab-8f7dcbdc6a55.com.samsung.health.heart_rate.binning_data.json,63060051,2025-11-22 05:05:26.253,2025-11-22 04:07:33.020,,67.0,49.0,,UTC-0300,tWUO8ZL77Z,,com.sec.android.app.shealth,2025-11-22 04:59:59.999,ec3111c5-2d73-41ba-b2ab-8f7dcbdc6a55,55.0,
,21313,63060051,1,2025-11-22 05:00:00.000,,ebbf72a1-b235-4e9e-b409-8809e6ba6433.com.samsung.health.heart_rate.binning_data.json,63060051,2025-11-22 06:03:11.824,2025-11-22 05:07:44.355,,72.0,47.0,,UTC-0300,tWUO8ZL77Z,,com.sec.android.app.shealth,2025-11-22 05:59:59.999,ebbf72a1-b235-4e9e-b409-8809e6ba6433,56.0,
,21313,63060051,1,2025-11-22 06:00:00.000,,e623f4dc-5667-485f-bb59-8fbefd34a4b2.com.samsung.health.heart_rate.binning_data.json,63060051,2025-11-22 07:05:01.914,2025-11-22 06:03:12.032,,68.0,52.0,,UTC-0300,tWUO8ZL77Z,,com.sec.android.app.shealth,2025-11-22 06:59:59.999,e623f4dc-5667-485f-bb59-8fbefd34a4b2,58.0,
,21313,63060051,1,2025-11-22 07:00:00.000,,46314642-3a6c-4679-b416-f1d19e4ecd34.com.samsung.health.heart_rate.binning_data.json,63060051,2025-11-22 08:05:03.519,2025-11-22 07:05:20.534,,68.0,47.0,,UTC-0300,tWUO8ZL77Z,,com.sec.android.app.shealth,2025-11-22 07:59:59.999,46314642-3a6c-4679-b416-f1d19e4ecd34,53.0,
,21313,63060051,1,2025-11-22 02:00:00.000,,f44e3153-403a-42fc-a61b-0a9e982f1665.com.samsung.health.heart_rate.binning_data.json,63060051,2025-11-22 03:07:19.469,2025-11-22 02:25:26.016,,95.0,55.0,,UTC-0300,tWUO8ZL77Z,,com.sec.android.app.shealth,2025-11-22 02:59:59.999,f44e3153-403a-42fc-a61b-0a9e982f1665,62.0,
,21313,63060051,1,2025-11-22 03:00:00.000,,7f625f7b-877c-4a95-9ce9-feff3fd3ce25.com.samsung.health.heart_rate.binning_data.json,63060051,2025-11-22 04:07:32.821,2025-11-22 03:07:27.355,,82.0,50.0,,UTC-0300,tWUO8ZL77Z,,com.sec.android.app.shealth,2025-11-22 03:59:59.999,7f625f7b-877c-4a95-9ce9-feff3fd3ce25,59.0,
,21313,63060051,1,2025-11-22 08:00:00.000,,06b6bed6-24a9-4298-af7c-a59428eb5097.com.samsung.health.heart_rate.binning_data.json,63060051,2025-11-22 09:04:49.133,2025-11-22 08:05:30.552,,81.0,47.0,,UTC-0300,tWUO8ZL77Z,,com.sec.android.app.shealth,2025-11-22 08:59:59.999,06b6bed6-24a9-4298-af7c-a59428eb5097,54.0,
,21313,63060051,1,2025-11-22 09:00:00.000,,c1eb5bd6-f484-46d0-9f13-5d7de056eeb1.com.samsung.health.heart_rate.binning_data.json,63060051,2025-11-22 10:00:18.768,2025-11-22 09:04:49.297,,84.0,45.0,,UTC-0300,tWUO8ZL77Z,,com.sec.android.app.shealth,2025-11-22 09:59:59.999,c1eb5bd6-f484-46d0-9f13-5d7de056eeb1,56.0,
,21313,63060051,1,2025-11-22 10:00:00.000,,46dbea76-4807-4f98-a248-22d2317e2442.com.samsung.health.heart_rate.binning_data.json,63060051,2025-11-22 11:00:05.461,2025-11-22 10:01:12.776,,112.0,51.0,,UTC-0300,tWUO8ZL77Z,,com.sec.android.app.shealth,2025-11-22 10:59:59.999,46dbea76-4807-4f98-a248-22d2317e2442,70.0,
,21313,63060051,1,2025-11-22 11:00:00.000,,4eec0018-86e9-49f4-b9f1-906ceec41723.com.samsung.health.heart_rate.binning_data.json,63060051,2025-11-22 12:01:04.024,2025-11-22 11:09:42.470,,97.0,60.0,,UTC-0300,tWUO8ZL77Z,,com.sec.android.app.shealth,2025-11-22 11:59:59.999,4eec0018-86e9-49f4-b9f1-906ceec41723,75.0,
,21313,63060051,1,2025-11-22 12:00:00.000,,6e017129-9a96-4ee6-abe6-e0773aa69d00.com.samsung.health.heart_rate.binning_data.json,63060051,2025-11-22 13:01:10.274,2025-11-22 12:01:04.137,,94.0,55.0,,UTC-0300,tWUO8ZL77Z,,com.sec.android.app.shealth,2025-11-22 12:59:59.999,6e017129-9a96-4ee6-abe6-e0773aa69d00,75.0,
,21313,63060051,1,2025-11-22 13:00:00.000,,ca2ec6ca-dcf2-4884-8089-03f5ebe3f5c3.com.samsung.health.heart_rate.binning_data.json,63060051,2025-11-22 14:03:22.668,2025-11-22 13:01:10.341,,93.0,64.0,,UTC-0300,tWUO8ZL77Z,,com.sec.android.app.shealth,2025-11-22 13:59:59.999,ca2ec6ca-dcf2-4884-8089-03f5ebe3f5c3,77.0,
,21313,63060051,1,2025-11-22 14:00:00.000,,2a1f0786-f80c-4daa-b104-8919ebde856e.com.samsung.health.heart_rate.binning_data.json,63060051,2025-11-22 15:03:47.122,2025-11-22 14:03:22.785,,95.0,67.0,,UTC-0300,tWUO8ZL77Z,,com.sec.android.app.shealth,2025-11-22 14:59:59.999,2a1f0786-f80c-4daa-b104-8919ebde856e,79.0,
,21313,63060051,1,2025-11-22 15:00:00.000,,36fd7410-eb19-4a07-b024-d39c2489aee5.com.samsung.health.heart_rate.binning_data.json,63060051,2025-11-22 16:06:57.949,2025-11-22 15:03:47.430,,97.0,61.0,,UTC-0300,tWUO8ZL77Z,,com.sec.android.app.shealth,2025-11-22 15:59:59.999,36fd7410-eb19-4a07-b024-d39c2489aee5,77.0,
,21313,63060051,1,2025-11-22 16:00:00.000,,fa5ad9dd-b22e-4ed7-a481-8c33b037355b.com.samsung.health.heart_rate.binning_data.json,63060051,2025-11-22 17:02:43.079,2025-11-22 16:07:10.316,,86.0,58.0,,UTC-0300,tWUO8ZL77Z,,com.sec.android.app.shealth,2025-11-22 16:59:59.999,fa5ad9dd-b22e-4ed7-a481-8c33b037355b,71.0,
,21313,63060051,1,2025-11-22 18:00:00.000,,8ec38180-f60d-4a52-a3ec-b5816cf1d0dd.com.samsung.health.heart_rate.binning_data.json,63060051,2025-11-22 23:54:50.907,2025-11-22 18:01:01.005,,91.0,70.0,,UTC-0300,tWUO8ZL77Z,,com.sec.android.app.shealth,2025-11-22 18:59:59.999,8ec38180-f60d-4a52-a3ec-b5816cf1d0dd,76.0,
,21313,63060051,1,2025-11-22 17:00:00.000,,0eb018d6-2d70-49db-8268-18a73fb1a08c.com.samsung.health.heart_rate.binning_data.json,63060051,2025-11-22 18:01:00.931,2025-11-22 17:02:43.350,,94.0,66.0,,UTC-0300,tWUO8ZL77Z,,com.sec.android.app.shealth,2025-11-22 17:59:59.999,0eb018d6-2d70-49db-8268-18a73fb1a08c,78.0,
,21313,63060051,1,2025-11-22 23:00:00.000,,17e93a7d-e924-4955-abe3-79c824e8a8ed.com.samsung.health.heart_rate.binning_data.json,63060051,2025-11-23 00:02:44.597,2025-11-23 00:02:44.597,,82.0,57.0,,UTC-0300,tWUO8ZL77Z,,com.sec.android.app.shealth,2025-11-22 23:59:59.999,17e93a7d-e924-4955-abe3-79c824e8a8ed,72.0,
,21313,63060051,1,2025-11-23 00:00:00.000,,43d959a3-2dd1-4bcc-8854-c86024270bd2.com.samsung.health.heart_rate.binning_data.json,63060051,2025-11-23 01:08:07.602,2025-11-23 00:02:44.818,,85.0,61.0,,UTC-0300,tWUO8ZL77Z,,com.sec.android.app.shealth,2025-11-23 00:59:59.999,43d959a3-2dd1-4bcc-8854-c86024270bd2,72.0,
,21313,63060051,1,2025-11-23 01:00:00.000,,c83b5260-dd2f-4427-9e51-09489878f48c.com.samsung.health.heart_rate.binning_data.json,63060051,2025-11-23 02:03:30.870,2025-11-23 01:08:14.252,,86.0,60.0,,UTC-0300,tWUO8ZL77Z,,com.sec.android.app.shealth,2025-11-23 01:59:59.999,c83b5260-dd2f-4427-9e51-09489878f48c,72.0,
,21313,63060051,1,2025-11-23 02:00:00.000,,11df790b-30af-4472-8a60-889e90d9e353.com.samsung.health.heart_rate.binning_data.json,63060051,2025-11-23 03:05:03.948,2025-11-23 02:03:31.156,,87.0,53.0,,UTC-0300,tWUO8ZL77Z,,com.sec.android.app.shealth,2025-11-23 02:59:59.999,11df790b-30af-4472-8a60-889e90d9e353,67.0,
,21313,63060051,1,2025-11-23 03:00:00.000,,6959af3f-187b-4fc2-a660-7040e23433ab.com.samsung.health.heart_rate.binning_data.json,63060051,2025-11-23 04:02:09.924,2025-11-23 03:07:18.146,,70.0,53.0,,UTC-0300,tWUO8ZL77Z,,com.sec.android.app.shealth,2025-11-23 03:59:59.999,6959af3f-187b-4fc2-a660-7040e23433ab,56.0,
,21313,63060051,1,2025-11-23 04:00:00.000,,b9ff38a8-7da7-4957-bd52-d7fe509d1b0e.com.samsung.health.heart_rate.binning_data.json,63060051,2025-11-23 05:05:02.251,2025-11-23 04:02:10.121,,72.0,48.0,,UTC-0300,tWUO8ZL77Z,,com.sec.android.app.shealth,2025-11-23 04:59:59.999,b9ff38a8-7da7-4957-bd52-d7fe509d1b0e,57.0,
,21316,63060051,1,2025-11-23 03:10:43.718,,,63060051,2025-11-24 01:55:00.328,2025-11-23 03:40:03.429,,,,,UTC-0300,tWUO8ZL77Z,,com.sec.android.app.shealth,2025-11-23 03:10:43.718,1bc69513-9951-41b7-b2bc-1bf2c7595595,54.0,
,21313,63060051,1,2025-11-23 05:00:00.000,,25ec816a-9e72-4bcf-a42e-b306c8abc597.com.samsung.health.heart_rate.binning_data.json,63060051,2025-11-23 06:09:07.446,2025-11-23 05:08:05.941,,68.0,50.0,,UTC-0300,tWUO8ZL77Z,,com.sec.android.app.shealth,2025-11-23 05:59:59.999,25ec816a-9e72-4bcf-a42e-b306c8abc597,56.0,
,21313,63060051,1,2025-11-23 06:00:00.000,,fd5784eb-8fcb-45fb-82f0-16269669dc41.com.samsung.health.heart_rate.binning_data.json,63060051,2025-11-23 07:09:22.904,2025-11-23 06:09:07.801,,71.0,50.0,,UTC-0300,tWUO8ZL77Z,,com.sec.android.app.shealth,2025-11-23 06:59:59.999,fd5784eb-8fcb-45fb-82f0-16269669dc41,56.0,
,21313,63060051,1,2025-11-23 07:00:00.000,,19098ed1-f118-42ca-8428-5881578325d1.com.samsung.health.heart_rate.binning_data.json,63060051,2025-11-23 08:01:48.037,2025-11-23 07:10:21.568,,71.0,50.0,,UTC-0300,tWUO8ZL77Z,,com.sec.android.app.shealth,2025-11-23 07:59:59.999,19098ed1-f118-42ca-8428-5881578325d1,55.0,
,21313,63060051,1,2025-11-23 08:00:00.000,,c7a1fa06-ee80-4d99-8b24-45f790092188.com.samsung.health.heart_rate.binning_data.json,63060051,2025-11-23 09:04:12.421,2025-11-23 08:01:48.167,,74.0,49.0,,UTC-0300,tWUO8ZL77Z,,com.sec.android.app.shealth,2025-11-23 08:59:59.999,c7a1fa06-ee80-4d99-8b24-45f790092188,54.0,
,21313,63060051,1,2025-11-23 09:00:00.000,,430f7aed-285f-495c-99bc-62f281d5709a.com.samsung.health.heart_rate.binning_data.json,63060051,2025-11-23 10:05:05.721,2025-11-23 09:04:12.849,,72.0,51.0,,UTC-0300,tWUO8ZL77Z,,com.sec.android.app.shealth,2025-11-23 09:59:59.999,430f7aed-285f-495c-99bc-62f281d5709a,55.0,
,21313,63060051,1,2025-11-23 10:00:00.000,,c6cfb9bc-2555-4f6e-871d-92adb5133266.com.samsung.health.heart_rate.binning_data.json,63060051,2025-11-23 11:02:17.823,2025-11-23 10:05:09.038,,89.0,55.0,,UTC-0300,tWUO8ZL77Z,,com.sec.android.app.shealth,2025-11-23 10:59:59.999,c6cfb9bc-2555-4f6e-871d-92adb5133266,68.0,
,21313,63060051,1,2025-11-23 11:00:00.000,,4e166f1f-b965-4b8c-a4a4-1eada52c59ad.com.samsung.health.heart_rate.binning_data.json,63060051,2025-11-23 12:02:37.497,2025-11-23 11:02:17.980,,91.0,61.0,,UTC-0300,tWUO8ZL77Z,,com.sec.android.app.shealth,2025-11-23 11:59:59.999,4e166f1f-b965-4b8c-a4a4-1eada52c59ad,73.0,
,21313,63060051,1,2025-11-23 12:00:00.000,,70dfc089-60d7-481f-a175-98af44dd91d0.com.samsung.health.heart_rate.binning_data.json,63060051,2025-11-23 13:01:17.584,2025-11-23 12:02:37.700,,91.0,61.0,,UTC-0300,tWUO8ZL77Z,,com.sec.android.app.shealth,2025-11-23 12:59:59.999,70dfc089-60d7-481f-a175-98af44dd91d0,75.0,
,21313,63060051,1,2025-11-23 13:00:00.000,,032fdbfd-d2c9-4cf3-898f-1ce7fc27b86a.com.samsung.health.heart_rate.binning_data.json,63060051,2025-11-23 14:05:03.183,2025-11-23 13:01:18.173,,90.0,57.0,,UTC-0300,tWUO8ZL77Z,,com.sec.android.app.shealth,2025-11-23 13:59:59.999,032fdbfd-d2c9-4cf3-898f-1ce7fc27b86a,70.0,
,21313,63060051,1,2025-11-23 14:00:00.000,,1d0fca1c-362d-4ccf-adea-3f9927e83106.com.samsung.health.heart_rate.binning_data.json,63060051,2025-11-23 15:05:03.523,2025-11-23 14:06:25.673,,101.0,55.0,,UTC-0300,tWUO8ZL77Z,,com.sec.android.app.shealth,2025-11-23 14:59:59.999,1d0fca1c-362d-4ccf-adea-3f9927e83106,69.0,
,21313,63060051,1,2025-11-23 15:00:00.000,,1fca84aa-080d-4109-92c9-ece649179ba1.com.samsung.health.heart_rate.binning_data.json,63060051,2025-11-23 16:03:16.760,2025-11-23 15:05:03.665,,89.0,58.0,,UTC-0300,tWUO8ZL77Z,,com.sec.android.app.shealth,2025-11-23 15:59:59.999,1fca84aa-080d-4109-92c9-ece649179ba1,71.0,
,21313,63060051,1,2025-11-23 17:00:00.000,,4a75fa9e-e2bd-473e-a2f0-a1636ca41baf.com.samsung.health.heart_rate.binning_data.json,63060051,2025-11-23 18:02:53.929,2025-11-23 17:01:16.593,,104.0,60.0,,UTC-0300,tWUO8ZL77Z,,com.sec.android.app.shealth,2025-11-23 17:59:59.999,4a75fa9e-e2bd-473e-a2f0-a1636ca41baf,76.0,
,21313,63060051,1,2025-11-23 16:00:00.000,,09876919-1a22-4fb9-89a6-ec21937deea0.com.samsung.health.heart_rate.binning_data.json,63060051,2025-11-23 17:01:16.474,2025-11-23 16:03:17.183,,97.0,60.0,,UTC-0300,tWUO8ZL77Z,,com.sec.android.app.shealth,2025-11-23 16:59:59.999,09876919-1a22-4fb9-89a6-ec21937deea0,72.0,
,21313,63060051,1,2025-11-23 18:00:00.000,,f73c620f-87d2-4764-ad64-31a75a29ee47.com.samsung.health.heart_rate.binning_data.json,63060051,2025-11-23 19:09:24.081,2025-11-23 18:02:54.626,,95.0,62.0,,UTC-0300,tWUO8ZL77Z,,com.sec.android.app.shealth,2025-11-23 18:59:59.999,f73c620f-87d2-4764-ad64-31a75a29ee47,75.0,
,21313,63060051,1,2025-11-23 19:00:00.000,,932591b0-588d-4b4c-90d9-165723bb7e29.com.samsung.health.heart_rate.binning_data.json,63060051,2025-11-23 20:05:02.824,2025-11-23 19:09:24.318,,89.0,61.0,,UTC-0300,tWUO8ZL77Z,,com.sec.android.app.shealth,2025-11-23 19:59:59.999,932591b0-588d-4b4c-90d9-165723bb7e29,74.0,
,21313,63060051,1,2025-11-23 20:00:00.000,,1a950195-db6c-4670-895e-f25fc925ffb4.com.samsung.health.heart_rate.binning_data.json,63060051,2025-11-23 21:58:45.163,2025-11-23 20:05:02.964,,82.0,61.0,,UTC-0300,tWUO8ZL77Z,,com.sec.android.app.shealth,2025-11-23 20:59:59.999,1a950195-db6c-4670-895e-f25fc925ffb4,71.0,
,21313,63060051,1,2025-11-23 21:00:00.000,,fe035bfb-6c0c-44f0-8722-c237227d5339.com.samsung.health.heart_rate.binning_data.json,63060051,2025-11-23 22:06:02.705,2025-11-23 21:58:45.494,,82.0,59.0,,UTC-0300,tWUO8ZL77Z,,com.sec.android.app.shealth,2025-11-23 21:59:59.999,fe035bfb-6c0c-44f0-8722-c237227d5339,72.0,
,21313,63060051,1,2025-11-23 22:00:00.000,,39529ad0-6c3e-46e1-a9d2-44411d9f7775.com.samsung.health.heart_rate.binning_data.json,63060051,2025-11-23 23:01:19.959,2025-11-23 22:06:02.937,,85.0,60.0,,UTC-0300,tWUO8ZL77Z,,com.sec.android.app.shealth,2025-11-23 22:59:59.999,39529ad0-6c3e-46e1-a9d2-44411d9f7775,71.0,
,21313,63060051,1,2025-11-23 23:00:00.000,,f7e822c2-7ded-4b6a-9971-a64b889bf62b.com.samsung.health.heart_rate.binning_data.json,63060051,2025-11-24 00:01:47.643,2025-11-23 23:01:20.155,,88.0,61.0,,UTC-0300,tWUO8ZL77Z,,com.sec.android.app.shealth,2025-11-23 23:59:59.999,f7e822c2-7ded-4b6a-9971-a64b889bf62b,73.0,
,21313,63060051,1,2025-11-24 00:00:00.000,,94f93d37-b42d-4adb-b6b1-a4c017a0ac02.com.samsung.health.heart_rate.binning_data.json,63060051,2025-11-24 01:05:01.463,2025-11-24 00:01:47.848,,86.0,49.0,,UTC-0300,tWUO8ZL77Z,,com.sec.android.app.shealth,2025-11-24 00:59:59.999,94f93d37-b42d-4adb-b6b1-a4c017a0ac02,58.0,
,21313,63060051,1,2025-11-24 01:00:00.000,,af3d77c1-9528-4424-a1f9-ebcb9273a39c.com.samsung.health.heart_rate.binning_data.json,63060051,2025-11-24 02:05:20.625,2025-11-24 01:07:20.241,,74.0,53.0,,UTC-0300,tWUO8ZL77Z,,com.sec.android.app.shealth,2025-11-24 01:59:59.999,af3d77c1-9528-4424-a1f9-ebcb9273a39c,58.0,
,21313,63060051,1,2025-11-24 02:00:00.000,,43a65372-8116-4f0d-89cf-cf9b5f2eff54.com.samsung.health.heart_rate.binning_data.json,63060051,2025-11-24 03:06:22.678,2025-11-24 02:05:31.439,,72.0,51.0,,UTC-0300,tWUO8ZL77Z,,com.sec.android.app.shealth,2025-11-24 02:59:59.999,43a65372-8116-4f0d-89cf-cf9b5f2eff54,58.0,
,21313,63060051,1,2025-11-24 03:00:00.000,,2f359208-b87a-4482-902e-8ae5ccb99392.com.samsung.health.heart_rate.binning_data.json,63060051,2025-11-24 04:06:37.493,2025-11-24 03:07:29.256,,76.0,51.0,,UTC-0300,tWUO8ZL77Z,,com.sec.android.app.shealth,2025-11-24 03:59:59.999,2f359208-b87a-4482-902e-8ae5ccb99392,58.0,
,21313,63060051,1,2025-11-24 04:00:00.000,,5b0f22f7-04d2-4efb-8e8f-eac26997cdba.com.samsung.health.heart_rate.binning_data.json,63060051,2025-11-24 05:06:52.164,2025-11-24 04:08:04.341,,62.0,52.0,,UTC-0300,tWUO8ZL77Z,,com.sec.android.app.shealth,2025-11-24 04:59:59.999,5b0f22f7-04d2-4efb-8e8f-eac26997cdba,54.0,
,21313,63060051,1,2025-11-24 05:00:00.000,,53e9de7f-91dc-4c11-9112-41d6df772173.com.samsung.health.heart_rate.binning_data.json,63060051,2025-11-24 06:05:03.628,2025-11-24 05:07:12.531,,67.0,46.0,,UTC-0300,tWUO8ZL77Z,,com.sec.android.app.shealth,2025-11-24 05:59:59.999,53e9de7f-91dc-4c11-9112-41d6df772173,51.0,
,21313,63060051,1,2025-11-24 06:00:00.000,,a50c914f-29cb-467c-afde-8152807e9167.com.samsung.health.heart_rate.binning_data.json,63060051,2025-11-24 07:05:02.824,2025-11-24 06:07:08.091,,66.0,45.0,,UTC-0300,tWUO8ZL77Z,,com.sec.android.app.shealth,2025-11-24 06:59:59.999,a50c914f-29cb-467c-afde-8152807e9167,50.0,
,21313,63060051,1,2025-11-24 10:00:00.000,,633b7405-7c43-454a-8d56-1483e126f48d.com.samsung.health.heart_rate.binning_data.json,63060051,2025-11-24 11:03:38.180,2025-11-24 10:05:05.184,,92.0,53.0,,UTC-0300,tWUO8ZL77Z,,com.sec.android.app.shealth,2025-11-24 10:59:59.999,633b7405-7c43-454a-8d56-1483e126f48d,65.0,
,21313,63060051,1,2025-11-24 07:00:00.000,,52b2fe02-a238-439b-a291-56c60a24f9d7.com.samsung.health.heart_rate.binning_data.json,63060051,2025-11-24 08:08:11.227,2025-11-24 07:05:51.749,,80.0,46.0,,UTC-0300,tWUO8ZL77Z,,com.sec.android.app.shealth,2025-11-24 07:59:59.999,52b2fe02-a238-439b-a291-56c60a24f9d7,50.0,
,21313,63060051,1,2025-11-24 08:00:00.000,,ab1bac79-36e9-48e4-be3f-f12dcb02f001.com.samsung.health.heart_rate.binning_data.json,63060051,2025-11-24 09:05:54.744,2025-11-24 08:08:11.443,,73.0,43.0,,UTC-0300,tWUO8ZL77Z,,com.sec.android.app.shealth,2025-11-24 08:59:59.999,ab1bac79-36e9-48e4-be3f-f12dcb02f001,49.0,
,21313,63060051,1,2025-11-24 09:00:00.000,,d27529a8-ab77-48f1-97ea-3290d6671f54.com.samsung.health.heart_rate.binning_data.json,63060051,2025-11-24 10:05:03.684,2025-11-24 09:05:55.038,,71.0,45.0,,UTC-0300,tWUO8ZL77Z,,com.sec.android.app.shealth,2025-11-24 09:59:59.999,d27529a8-ab77-48f1-97ea-3290d6671f54,51.0,
,21313,63060051,1,2025-11-24 11:00:00.000,,6085e5d4-c23a-4ff9-9149-2fdbaede3c49.com.samsung.health.heart_rate.binning_data.json,63060051,2025-11-24 12:01:42.406,2025-11-24 11:03:38.344,,92.0,58.0,,UTC-0300,tWUO8ZL77Z,,com.sec.android.app.shealth,2025-11-24 11:59:59.999,6085e5d4-c23a-4ff9-9149-2fdbaede3c49,71.0,
,21313,63060051,1,2025-11-24 12:00:00.000,,c0c0a367-4110-447c-8f7f-29b0c55fce72.com.samsung.health.heart_rate.binning_data.json,63060051,2025-11-24 13:03:38.419,2025-11-24 12:01:42.598,,92.0,56.0,,UTC-0300,tWUO8ZL77Z,,com.sec.android.app.shealth,2025-11-24 12:59:59.999,c0c0a367-4110-447c-8f7f-29b0c55fce72,69.0,
,21316,63060051,1,2025-11-24 07:30:29.679,,,63060051,2025-11-25 02:50:54.804,2025-11-24 13:15:13.360,,,,,UTC-0300,tWUO8ZL77Z,,com.sec.android.app.shealth,2025-11-24 07:30:29.679,ed27dc33-bf78-46e5-ba17-04d7f9c231ef,49.0,
,21313,63060051,1,2025-11-24 13:00:00.000,,08ae7fd5-a077-4550-b024-d041baea1df3.com.samsung.health.heart_rate.binning_data.json,63060051,2025-11-24 14:07:02.881,2025-11-24 13:03:38.555,,89.0,57.0,,UTC-0300,tWUO8ZL77Z,,com.sec.android.app.shealth,2025-11-24 13:59:59.999,08ae7fd5-a077-4550-b024-d041baea1df3,73.0,
,21313,63060051,1,2025-11-24 14:00:00.000,,2ffbd769-0ff0-49ee-b19d-07689f3028e2.com.samsung.health.heart_rate.binning_data.json,63060051,2025-11-24 15:01:38.408,2025-11-24 14:07:03.068,,119.0,72.0,,UTC-0300,tWUO8ZL77Z,,com.sec.android.app.shealth,2025-11-24 14:59:59.999,2ffbd769-0ff0-49ee-b19d-07689f3028e2,92.0,
,21313,63060051,1,2025-11-24 15:00:00.000,,69027d83-34c0-4514-8834-d8c16d0c0f0b.com.samsung.health.heart_rate.binning_data.json,63060051,2025-11-24 16:06:50.476,2025-11-24 15:01:38.548,,101.0,65.0,,UTC-0300,tWUO8ZL77Z,,com.sec.android.app.shealth,2025-11-24 15:59:59.999,69027d83-34c0-4514-8834-d8c16d0c0f0b,85.0,
,21313,63060051,1,2025-11-24 16:00:00.000,,a95069a5-25d9-4024-b4a9-724abd90f585.com.samsung.health.heart_rate.binning_data.json,63060051,2025-11-24 17:06:18.181,2025-11-24 16:06:50.666,,93.0,60.0,,UTC-0300,tWUO8ZL77Z,,com.sec.android.app.shealth,2025-11-24 16:59:59.999,a95069a5-25d9-4024-b4a9-724abd90f585,76.0,
,21313,63060051,1,2025-11-24 17:00:00.000,,06748e41-2562-4718-b291-0b2b873ee8c7.com.samsung.health.heart_rate.binning_data.json,63060051,2025-11-24 18:04:02.531,2025-11-24 17:06:18.703,,91.0,67.0,,UTC-0300,tWUO8ZL77Z,,com.sec.android.app.shealth,2025-11-24 17:59:59.999,06748e41-2562-4718-b291-0b2b873ee8c7,77.0,
,21313,63060051,1,2025-11-24 18:00:00.000,,04af2bb9-902c-41aa-ae4b-3afd6e71871b.com.samsung.health.heart_rate.binning_data.json,63060051,2025-11-24 19:02:32.051,2025-11-24 18:04:03.331,,97.0,59.0,,UTC-0300,tWUO8ZL77Z,,com.sec.android.app.shealth,2025-11-24 18:59:59.999,04af2bb9-902c-41aa-ae4b-3afd6e71871b,79.0,
,21313,63060051,1,2025-11-24 19:00:00.000,,8ed1683f-c3e8-4a2d-9c6d-c4d7f26719dd.com.samsung.health.heart_rate.binning_data.json,63060051,2025-11-24 20:05:49.844,2025-11-24 19:45:15.414,,105.0,56.0,,UTC-0300,tWUO8ZL77Z,,com.sec.android.app.shealth,2025-11-24 19:59:59.999,8ed1683f-c3e8-4a2d-9c6d-c4d7f26719dd,76.0,
,21313,63060051,1,2025-11-24 20:00:00.000,,9905f3aa-ff30-46cf-821f-a8b20f12c5d4.com.samsung.health.heart_rate.binning_data.json,63060051,2025-11-24 21:04:29.650,2025-11-24 20:05:51.876,,114.0,70.0,,UTC-0300,tWUO8ZL77Z,,com.sec.android.app.shealth,2025-11-24 20:59:59.999,9905f3aa-ff30-46cf-821f-a8b20f12c5d4,92.0,
,21313,63060051,1,2025-11-24 21:00:00.000,,01c145ba-b4fd-430e-bb4d-a41f3f6a0c27.com.samsung.health.heart_rate.binning_data.json,63060051,2025-11-24 22:01:46.222,2025-11-24 21:04:29.795,,88.0,62.0,,UTC-0300,tWUO8ZL77Z,,com.sec.android.app.shealth,2025-11-24 21:59:59.999,01c145ba-b4fd-430e-bb4d-a41f3f6a0c27,76.0,
,21313,63060051,1,2025-11-24 22:00:00.000,,ee691cbb-ed27-4da6-b42f-5b2bc68b5f6c.com.samsung.health.heart_rate.binning_data.json,63060051,2025-11-24 23:05:06.567,2025-11-24 22:01:46.347,,88.0,62.0,,UTC-0300,tWUO8ZL77Z,,com.sec.android.app.shealth,2025-11-24 22:59:59.999,ee691cbb-ed27-4da6-b42f-5b2bc68b5f6c,73.0,
,21313,63060051,1,2025-11-24 23:00:00.000,,301501ed-293b-4770-b4f1-7f64e428ad40.com.samsung.health.heart_rate.binning_data.json,63060051,2025-11-25 00:05:03.226,2025-11-24 23:05:06.706,,86.0,57.0,,UTC-0300,tWUO8ZL77Z,,com.sec.android.app.shealth,2025-11-24 23:59:59.999,301501ed-293b-4770-b4f1-7f64e428ad40,73.0,
,21313,63060051,1,2025-11-25 00:00:00.000,,a0da3f33-1ca5-40f8-a905-fda847738b99.com.samsung.health.heart_rate.binning_data.json,63060051,2025-11-25 01:09:23.789,2025-11-25 00:05:09.230,,91.0,58.0,,UTC-0300,tWUO8ZL77Z,,com.sec.android.app.shealth,2025-11-25 00:59:59.999,a0da3f33-1ca5-40f8-a905-fda847738b99,73.0,
,21313,63060051,1,2025-11-25 01:00:00.000,,9446373b-b54b-41a2-9406-c3fd917edb82.com.samsung.health.heart_rate.binning_data.json,63060051,2025-11-25 02:16:08.424,2025-11-25 01:09:23.947,,87.0,62.0,,UTC-0300,tWUO8ZL77Z,,com.sec.android.app.shealth,2025-11-25 01:59:59.999,9446373b-b54b-41a2-9406-c3fd917edb82,73.0,
,21313,63060051,1,2025-11-25 06:00:00.000,,382d0711-41f7-4bc5-9859-1bde097e55e8.com.samsung.health.heart_rate.binning_data.json,63060051,2025-11-25 07:06:23.385,2025-11-25 06:10:42.082,,65.0,50.0,,UTC-0300,tWUO8ZL77Z,,com.sec.android.app.shealth,2025-11-25 06:59:59.999,382d0711-41f7-4bc5-9859-1bde097e55e8,52.0,
,21313,63060051,1,2025-11-25 07:00:00.000,,030f4ea3-a399-4deb-8037-ca1d0bd4ce88.com.samsung.health.heart_rate.binning_data.json,63060051,2025-11-25 08:05:06.318,2025-11-25 07:06:23.751,,73.0,49.0,,UTC-0300,tWUO8ZL77Z,,com.sec.android.app.shealth,2025-11-25 07:59:59.999,030f4ea3-a399-4deb-8037-ca1d0bd4ce88,54.0,
,21313,63060051,1,2025-11-25 02:00:00.000,,80bdaacf-dfdc-4c22-a96f-e4c27630d7f5.com.samsung.health.heart_rate.binning_data.json,63060051,2025-11-25 03:05:03.123,2025-11-25 02:16:08.538,,89.0,47.0,,UTC-0300,tWUO8ZL77Z,,com.sec.android.app.shealth,2025-11-25 02:59:59.999,80bdaacf-dfdc-4c22-a96f-e4c27630d7f5,55.0,
,21313,63060051,1,2025-11-25 03:00:00.000,,13e7f175-2997-4c9b-85ce-a0f063924c71.com.samsung.health.heart_rate.binning_data.json,63060051,2025-11-25 04:05:02.903,2025-11-25 03:06:25.530,,63.0,48.0,,UTC-0300,tWUO8ZL77Z,,com.sec.android.app.shealth,2025-11-25 03:59:59.999,13e7f175-2997-4c9b-85ce-a0f063924c71,51.0,
,21313,63060051,1,2025-11-25 11:00:00.000,,7faf9e2e-1971-4ffd-9d2d-386d7375883d.com.samsung.health.heart_rate.binning_data.json,63060051,2025-11-25 12:01:16.175,2025-11-25 11:01:10.436,,104.0,61.0,,UTC-0300,tWUO8ZL77Z,,com.sec.android.app.shealth,2025-11-25 11:59:59.999,7faf9e2e-1971-4ffd-9d2d-386d7375883d,72.0,
,21313,63060051,1,2025-11-25 04:00:00.000,,7f60ad49-54c3-4618-ac6e-616086d4e53f.com.samsung.health.heart_rate.binning_data.json,63060051,2025-11-25 05:05:45.383,2025-11-25 04:08:15.875,,65.0,46.0,,UTC-0300,tWUO8ZL77Z,,com.sec.android.app.shealth,2025-11-25 04:59:59.999,7f60ad49-54c3-4618-ac6e-616086d4e53f,51.0,
,21313,63060051,1,2025-11-25 05:00:00.000,,e350dc69-d17b-48cd-b60c-e26455c95807.com.samsung.health.heart_rate.binning_data.json,63060051,2025-11-25 06:10:21.953,2025-11-25 05:05:52.985,,71.0,46.0,,UTC-0300,tWUO8ZL77Z,,com.sec.android.app.shealth,2025-11-25 05:59:59.999,e350dc69-d17b-48cd-b60c-e26455c95807,53.0,
,21313,63060051,1,2025-11-25 09:00:00.000,,f8b379d3-dbec-49bc-ab38-e77ca13c7008.com.samsung.health.heart_rate.binning_data.json,63060051,2025-11-25 10:04:00.509,2025-11-25 09:05:17.206,,75.0,46.0,,UTC-0300,tWUO8ZL77Z,,com.sec.android.app.shealth,2025-11-25 09:59:59.999,f8b379d3-dbec-49bc-ab38-e77ca13c7008,54.0,
,21313,63060051,1,2025-11-25 08:00:00.000,,9551e263-b730-4561-a0c9-2c23ef958c87.com.samsung.health.heart_rate.binning_data.json,63060051,2025-11-25 09:05:16.881,2025-11-25 08:05:06.551,,82.0,52.0,,UTC-0300,tWUO8ZL77Z,,com.sec.android.app.shealth,2025-11-25 08:59:59.999,9551e263-b730-4561-a0c9-2c23ef958c87,56.0,
,21313,63060051,1,2025-11-25 10:00:00.000,,78092206-ca67-4dcf-b533-1db54458c1e3.com.samsung.health.heart_rate.binning_data.json,63060051,2025-11-25 11:00:59.113,2025-11-25 10:04:00.641,,85.0,53.0,,UTC-0300,tWUO8ZL77Z,,com.sec.android.app.shealth,2025-11-25 10:59:59.999,78092206-ca67-4dcf-b533-1db54458c1e3,63.0,
,21313,63060051,1,2025-11-25 12:00:00.000,,0e54e150-ab79-441e-b5c8-4b1160904bf5.com.samsung.health.heart_rate.binning_data.json,63060051,2025-11-25 13:08:26.105,2025-11-25 12:01:16.324,,99.0,57.0,,UTC-0300,tWUO8ZL77Z,,com.sec.android.app.shealth,2025-11-25 12:59:59.999,0e54e150-ab79-441e-b5c8-4b1160904bf5,68.0,
,21316,63060051,1,2025-11-25 03:00:30.536,,,63060051,2025-11-26 02:06:11.361,2025-11-25 03:45:03.016,,,,,UTC-0300,tWUO8ZL77Z,,com.sec.android.app.shealth,2025-11-25 03:00:30.536,acab3d56-ce3c-43ca-802f-2817c0793b44,51.0,
,21313,63060051,1,2025-11-25 13:00:00.000,,5c092070-43a2-439c-9a5c-4edaa3287565.com.samsung.health.heart_rate.binning_data.json,63060051,2025-11-25 14:02:14.287,2025-11-25 13:08:26.298,,91.0,56.0,,UTC-0300,tWUO8ZL77Z,,com.sec.android.app.shealth,2025-11-25 13:59:59.999,5c092070-43a2-439c-9a5c-4edaa3287565,75.0,
,21313,63060051,1,2025-11-25 14:00:00.000,,9e9c1a43-c41c-40fe-8172-44461d64e522.com.samsung.health.heart_rate.binning_data.json,63060051,2025-11-25 15:01:07.435,2025-11-25 14:02:14.523,,96.0,62.0,,UTC-0300,tWUO8ZL77Z,,com.sec.android.app.shealth,2025-11-25 14:59:59.999,9e9c1a43-c41c-40fe-8172-44461d64e522,77.0,
,21313,63060051,1,2025-11-25 15:00:00.000,,360aa70c-911e-43e7-9174-270e7555bfba.com.samsung.health.heart_rate.binning_data.json,63060051,2025-11-26 01:37:33.583,2025-11-25 15:01:07.523,,97.0,68.0,,UTC-0300,tWUO8ZL77Z,,com.sec.android.app.shealth,2025-11-25 15:59:59.999,360aa70c-911e-43e7-9174-270e7555bfba,77.0,
,21313,63060051,1,2025-11-26 02:00:00.000,,2fa92d8e-3efa-470f-89e7-b3c726bacc6a.com.samsung.health.heart_rate.binning_data.json,63060051,2025-11-26 03:04:23.034,2025-11-26 02:06:11.198,,67.0,48.0,,UTC-0300,tWUO8ZL77Z,,com.sec.android.app.shealth,2025-11-26 02:59:59.999,2fa92d8e-3efa-470f-89e7-b3c726bacc6a,54.0,
,21313,63060051,1,2025-11-26 01:00:00.000,,852ac541-8cdf-404f-a045-c9302d0202b1.com.samsung.health.heart_rate.binning_data.json,63060051,2025-11-26 02:05:03.699,2025-11-26 01:37:33.793,,83.0,51.0,,UTC-0300,tWUO8ZL77Z,,com.sec.android.app.shealth,2025-11-26 01:59:59.999,852ac541-8cdf-404f-a045-c9302d0202b1,61.0,
,21313,63060051,1,2025-11-26 04:00:00.000,,5f65018f-bf9a-40fa-9af5-c964b5bcc8e4.com.samsung.health.heart_rate.binning_data.json,63060051,2025-11-26 05:11:01.134,2025-11-26 04:07:14.968,,88.0,48.0,,UTC-0300,tWUO8ZL77Z,,com.sec.android.app.shealth,2025-11-26 04:59:59.999,5f65018f-bf9a-40fa-9af5-c964b5bcc8e4,53.0,
,21313,63060051,1,2025-11-26 05:00:00.000,,73c58474-6a19-43d1-ad65-130fa2e840ef.com.samsung.health.heart_rate.binning_data.json,63060051,2025-11-26 06:10:22.704,2025-11-26 05:17:31.702,,82.0,49.0,,UTC-0300,tWUO8ZL77Z,,com.sec.android.app.shealth,2025-11-26 05:59:59.999,73c58474-6a19-43d1-ad65-130fa2e840ef,53.0,
,21313,63060051,1,2025-11-26 06:00:00.000,,b1a9cfbb-5538-4ac1-877b-9b7b4dd68dec.com.samsung.health.heart_rate.binning_data.json,63060051,2025-11-26 07:10:22.711,2025-11-26 06:11:12.859,,78.0,43.0,,UTC-0300,tWUO8ZL77Z,,com.sec.android.app.shealth,2025-11-26 06:59:59.999,b1a9cfbb-5538-4ac1-877b-9b7b4dd68dec,51.0,
,21313,63060051,1,2025-11-26 03:00:00.000,,80b56111-fe39-4cce-b37c-8882ebac964c.com.samsung.health.heart_rate.binning_data.json,63060051,2025-11-26 04:07:00.637,2025-11-26 03:04:23.287,,83.0,50.0,,UTC-0300,tWUO8ZL77Z,,com.sec.android.app.shealth,2025-11-26 03:59:59.999,80b56111-fe39-4cce-b37c-8882ebac964c,54.0,
,21313,63060051,1,2025-11-26 07:00:00.000,,493c24f9-cae8-49a0-82f4-c7ff84952045.com.samsung.health.heart_rate.binning_data.json,63060051,2025-11-26 08:05:09.077,2025-11-26 07:11:28.412,,72.0,45.0,,UTC-0300,tWUO8ZL77Z,,com.sec.android.app.shealth,2025-11-26 07:59:59.999,493c24f9-cae8-49a0-82f4-c7ff84952045,52.0,
,21313,63060051,1,2025-11-26 08:00:00.000,,fc278f7e-8ac8-4d7e-97fb-ee5f4d06aae0.com.samsung.health.heart_rate.binning_data.json,63060051,2025-11-26 09:03:52.669,2025-11-26 08:05:09.601,,76.0,45.0,,UTC-0300,tWUO8ZL77Z,,com.sec.android.app.shealth,2025-11-26 08:59:59.999,fc278f7e-8ac8-4d7e-97fb-ee5f4d06aae0,52.0,
,21313,63060051,1,2025-11-26 10:00:00.000,,b10c7767-8782-440a-a560-f00533109156.com.samsung.health.heart_rate.binning_data.json,63060051,2025-11-26 11:02:30.220,2025-11-26 10:01:00.858,,81.0,48.0,,UTC-0300,tWUO8ZL77Z,,com.sec.android.app.shealth,2025-11-26 10:59:59.999,b10c7767-8782-440a-a560-f00533109156,62.0,
,21313,63060051,1,2025-11-26 09:00:00.000,,06c4c6ef-5fb2-40d9-b880-b775e7e13969.com.samsung.health.heart_rate.binning_data.json,63060051,2025-11-26 10:01:00.575,2025-11-26 09:03:52.989,,84.0,55.0,,UTC-0300,tWUO8ZL77Z,,com.sec.android.app.shealth,2025-11-26 09:59:59.999,06c4c6ef-5fb2-40d9-b880-b775e7e13969,64.0,
,21313,63060051,1,2025-11-26 11:00:00.000,,9d5001c1-54e5-406b-8b34-a84ae50fd333.com.samsung.health.heart_rate.binning_data.json,63060051,2025-11-26 12:06:37.496,2025-11-26 11:02:30.365,,89.0,55.0,,UTC-0300,tWUO8ZL77Z,,com.sec.android.app.shealth,2025-11-26 11:59:59.999,9d5001c1-54e5-406b-8b34-a84ae50fd333,71.0,
,21313,63060051,1,2025-11-26 12:00:00.000,,78ebabd6-f314-46d3-948e-8d5544d97f2b.com.samsung.health.heart_rate.binning_data.json,63060051,2025-11-26 13:07:33.840,2025-11-26 12:06:37.676,,86.0,53.0,,UTC-0300,tWUO8ZL77Z,,com.sec.android.app.shealth,2025-11-26 12:59:59.999,78ebabd6-f314-46d3-948e-8d5544d97f2b,68.0,
,21313,63060051,1,2025-11-26 13:00:00.000,,00a6281f-6de9-446e-8a02-1c2feb881bc0.com.samsung.health.heart_rate.binning_data.json,63060051,2025-11-26 14:04:26.197,2025-11-26 13:07:34.137,,85.0,57.0,,UTC-0300,tWUO8ZL77Z,,com.sec.android.app.shealth,2025-11-26 13:59:59.999,00a6281f-6de9-446e-8a02-1c2feb881bc0,71.0,
,21313,63060051,1,2025-11-26 14:00:00.000,,fe86fea0-723e-4498-a4c1-a7dbabfd2e95.com.samsung.health.heart_rate.binning_data.json,63060051,2025-11-26 15:03:43.520,2025-11-26 14:04:26.332,,85.0,57.0,,UTC-0300,tWUO8ZL77Z,,com.sec.android.app.shealth,2025-11-26 14:59:59.999,fe86fea0-723e-4498-a4c1-a7dbabfd2e95,69.0,
,21313,63060051,1,2025-11-26 15:00:00.000,,57589c93-cb83-43ea-990c-91fef98c8e92.com.samsung.health.heart_rate.binning_data.json,63060051,2025-11-26 16:03:33.401,2025-11-26 15:03:43.861,,90.0,57.0,,UTC-0300,tWUO8ZL77Z,,com.sec.android.app.shealth,2025-11-26 15:59:59.999,57589c93-cb83-43ea-990c-91fef98c8e92,72.0,
,21313,63060051,1,2025-11-26 16:00:00.000,,1ecb611b-7ff0-48b0-bc30-790d1de99942.com.samsung.health.heart_rate.binning_data.json,63060051,2025-11-26 17:05:02.358,2025-11-26 16:03:33.587,,99.0,60.0,,UTC-0300,tWUO8ZL77Z,,com.sec.android.app.shealth,2025-11-26 16:59:59.999,1ecb611b-7ff0-48b0-bc30-790d1de99942,74.0,
,21313,63060051,1,2025-11-26 17:00:00.000,,6d7f26e8-e9bc-4c0d-9c57-285b8a2819a0.com.samsung.health.heart_rate.binning_data.json,63060051,2025-11-26 18:02:14.460,2025-11-26 17:05:18.300,,97.0,60.0,,UTC-0300,tWUO8ZL77Z,,com.sec.android.app.shealth,2025-11-26 17:59:59.999,6d7f26e8-e9bc-4c0d-9c57-285b8a2819a0,83.0,
,21313,63060051,1,2025-11-26 18:00:00.000,,ac71c243-b5a6-4014-9417-572741325c03.com.samsung.health.heart_rate.binning_data.json,63060051,2025-11-26 19:05:03.102,2025-11-26 18:02:14.661,,95.0,61.0,,UTC-0300,tWUO8ZL77Z,,com.sec.android.app.shealth,2025-11-26 18:59:59.999,ac71c243-b5a6-4014-9417-572741325c03,76.0,
,21313,63060051,1,2025-11-26 19:00:00.000,,39b3d75d-0ad5-4d11-904f-b3d15afdd920.com.samsung.health.heart_rate.binning_data.json,63060051,2025-11-26 20:02:05.569,2025-11-26 19:12:17.809,,109.0,60.0,,UTC-0300,tWUO8ZL77Z,,com.sec.android.app.shealth,2025-11-26 19:59:59.999,39b3d75d-0ad5-4d11-904f-b3d15afdd920,79.0,
,21313,63060051,1,2025-11-27 03:00:00.000,,28b7a793-04d8-4104-9a84-d850deccbf39.com.samsung.health.heart_rate.binning_data.json,63060051,2025-11-27 04:08:54.486,2025-11-27 03:13:01.238,,87.0,52.0,,UTC-0300,tWUO8ZL77Z,,com.sec.android.app.shealth,2025-11-27 03:59:59.999,28b7a793-04d8-4104-9a84-d850deccbf39,60.0,
,21313,63060051,1,2025-11-26 20:00:00.000,,fa44e2c3-79e3-4e2b-8f16-f69ae5c70b4b.com.samsung.health.heart_rate.binning_data.json,63060051,2025-11-26 21:01:39.755,2025-11-26 20:02:05.959,,112.0,74.0,,UTC-0300,tWUO8ZL77Z,,com.sec.android.app.shealth,2025-11-26 20:59:59.999,fa44e2c3-79e3-4e2b-8f16-f69ae5c70b4b,94.0,
,21313,63060051,1,2025-11-27 10:00:00.000,,9bac39cf-972a-4cb5-8a95-15f757edae75.com.samsung.health.heart_rate.binning_data.json,63060051,2025-11-27 11:06:30.832,2025-11-27 10:07:30.603,,74.0,48.0,,UTC-0300,tWUO8ZL77Z,,com.sec.android.app.shealth,2025-11-27 10:59:59.999,9bac39cf-972a-4cb5-8a95-15f757edae75,53.0,
,21313,63060051,1,2025-11-26 21:00:00.000,,bc7adfb0-6926-4686-bd84-ee5f4240e823.com.samsung.health.heart_rate.binning_data.json,63060051,2025-11-26 22:04:25.124,2025-11-26 21:01:40.573,,102.0,63.0,,UTC-0300,tWUO8ZL77Z,,com.sec.android.app.shealth,2025-11-26 21:59:59.999,bc7adfb0-6926-4686-bd84-ee5f4240e823,84.0,
,21313,63060051,1,2025-11-26 22:00:00.000,,38ad2530-4705-44a1-aeaa-76327af4f6a6.com.samsung.health.heart_rate.binning_data.json,63060051,2025-11-26 23:02:38.508,2025-11-26 22:04:25.478,,89.0,64.0,,UTC-0300,tWUO8ZL77Z,,com.sec.android.app.shealth,2025-11-26 22:59:59.999,38ad2530-4705-44a1-aeaa-76327af4f6a6,76.0,
,21313,63060051,1,2025-11-27 07:00:00.000,,1914a3a4-6ecd-4e99-9236-c9b96899a5c2.com.samsung.health.heart_rate.binning_data.json,63060051,2025-11-27 08:05:20.805,2025-11-27 07:06:34.702,,67.0,46.0,,UTC-0300,tWUO8ZL77Z,,com.sec.android.app.shealth,2025-11-27 07:59:59.999,1914a3a4-6ecd-4e99-9236-c9b96899a5c2,51.0,
,21313,63060051,1,2025-11-26 23:00:00.000,,806d773b-cd6e-4086-a23a-597ddc4387ea.com.samsung.health.heart_rate.binning_data.json,63060051,2025-11-27 00:05:20.001,2025-11-26 23:02:38.715,,86.0,59.0,,UTC-0300,tWUO8ZL77Z,,com.sec.android.app.shealth,2025-11-26 23:59:59.999,806d773b-cd6e-4086-a23a-597ddc4387ea,75.0,
,21313,63060051,1,2025-11-27 00:00:00.000,,0d9c992f-05d2-43b3-bb92-b62de458d8bf.com.samsung.health.heart_rate.binning_data.json,63060051,2025-11-27 01:04:13.664,2025-11-27 00:05:20.186,,88.0,55.0,,UTC-0300,tWUO8ZL77Z,,com.sec.android.app.shealth,2025-11-27 00:59:59.999,0d9c992f-05d2-43b3-bb92-b62de458d8bf,69.0,
,21313,63060051,1,2025-11-27 01:00:00.000,,bdee3f12-328f-4864-9c9d-d88baee28f7d.com.samsung.health.heart_rate.binning_data.json,63060051,2025-11-27 03:13:01.158,2025-11-27 01:04:13.894,,82.0,60.0,,UTC-0300,tWUO8ZL77Z,,com.sec.android.app.shealth,2025-11-27 01:59:59.999,bdee3f12-328f-4864-9c9d-d88baee28f7d,70.0,
,21313,63060051,1,2025-11-27 04:00:00.000,,655de14e-11fd-4d82-a5ad-73c4cd5711fb.com.samsung.health.heart_rate.binning_data.json,63060051,2025-11-27 05:05:03.028,2025-11-27 04:08:54.701,,65.0,50.0,,UTC-0300,tWUO8ZL77Z,,com.sec.android.app.shealth,2025-11-27 04:59:59.999,655de14e-11fd-4d82-a5ad-73c4cd5711fb,55.0,
,21313,63060051,1,2025-11-27 06:00:00.000,,07690f79-305e-4f9f-8b47-dab9964b9bb8.com.samsung.health.heart_rate.binning_data.json,63060051,2025-11-27 07:05:03.370,2025-11-27 06:08:15.309,,67.0,47.0,,UTC-0300,tWUO8ZL77Z,,com.sec.android.app.shealth,2025-11-27 06:59:59.999,07690f79-305e-4f9f-8b47-dab9964b9bb8,52.0,
,21313,63060051,1,2025-11-27 11:00:00.000,,6dab6c8f-92e4-4add-80e5-692c5fb7fcb9.com.samsung.health.heart_rate.binning_data.json,63060051,2025-11-27 12:01:20.232,2025-11-27 11:06:31.427,,87.0,49.0,,UTC-0300,tWUO8ZL77Z,,com.sec.android.app.shealth,2025-11-27 11:59:59.999,6dab6c8f-92e4-4add-80e5-692c5fb7fcb9,65.0,
,21313,63060051,1,2025-11-27 08:00:00.000,,ae5aa0fd-43e4-4f57-822c-5de957080795.com.samsung.health.heart_rate.binning_data.json,63060051,2025-11-27 09:01:00.184,2025-11-27 08:05:21.039,,76.0,51.0,,UTC-0300,tWUO8ZL77Z,,com.sec.android.app.shealth,2025-11-27 08:59:59.999,ae5aa0fd-43e4-4f57-822c-5de957080795,57.0,
,21313,63060051,1,2025-11-27 09:00:00.000,,0af421c2-ab4f-41dc-98f1-24f5afda907a.com.samsung.health.heart_rate.binning_data.json,63060051,2025-11-27 10:07:30.357,2025-11-27 09:01:00.266,,67.0,46.0,,UTC-0300,tWUO8ZL77Z,,com.sec.android.app.shealth,2025-11-27 09:59:59.999,0af421c2-ab4f-41dc-98f1-24f5afda907a,52.0,
,21313,63060051,1,2025-11-27 05:00:00.000,,29efccde-5f15-47a0-bd6b-4bec47cadf5a.com.samsung.health.heart_rate.binning_data.json,63060051,2025-11-27 06:06:21.202,2025-11-27 05:10:08.354,,93.0,49.0,,UTC-0300,tWUO8ZL77Z,,com.sec.android.app.shealth,2025-11-27 05:59:59.999,29efccde-5f15-47a0-bd6b-4bec47cadf5a,54.0,
,21313,63060051,1,2025-11-27 12:00:00.000,,0f7d42ab-17b8-47c1-b0a8-8ed379e02b28.com.samsung.health.heart_rate.binning_data.json,63060051,2025-11-27 13:01:55.845,2025-11-27 12:01:20.394,,88.0,60.0,,UTC-0300,tWUO8ZL77Z,,com.sec.android.app.shealth,2025-11-27 12:59:59.999,0f7d42ab-17b8-47c1-b0a8-8ed379e02b28,73.0,
,21313,63060051,1,2025-11-27 13:00:00.000,,fae0b4d3-6f62-462e-b304-025b37ecf2a6.com.samsung.health.heart_rate.binning_data.json,63060051,2025-11-27 14:05:16.852,2025-11-27 13:01:55.952,,98.0,63.0,,UTC-0300,tWUO8ZL77Z,,com.sec.android.app.shealth,2025-11-27 13:59:59.999,fae0b4d3-6f62-462e-b304-025b37ecf2a6,78.0,
,21316,63060051,1,2025-11-28 02:20:30.495,,,63060051,2025-11-28 02:57:41.831,2025-11-27 05:12:46.572,,,,,UTC-0300,tWUO8ZL77Z,,com.sec.android.app.shealth,2025-11-28 02:20:30.495,1f1b34e9-4062-45c7-979b-93ad6be8ddda,51.0,
,21313,63060051,1,2025-11-27 14:00:00.000,,bee77f8c-0945-4e28-bf72-7716d28c961f.com.samsung.health.heart_rate.binning_data.json,63060051,2025-11-27 15:05:02.012,2025-11-27 14:05:17.204,,101.0,60.0,,UTC-0300,tWUO8ZL77Z,,com.sec.android.app.shealth,2025-11-27 14:59:59.999,bee77f8c-0945-4e28-bf72-7716d28c961f,81.0,
,21313,63060051,1,2025-11-27 15:00:00.000,,d99cb107-5071-41bf-8754-3c0ed2dcbe45.com.samsung.health.heart_rate.binning_data.json,63060051,2025-11-27 16:02:18.031,2025-11-27 15:05:02.153,,97.0,65.0,,UTC-0300,tWUO8ZL77Z,,com.sec.android.app.shealth,2025-11-27 15:59:59.999,d99cb107-5071-41bf-8754-3c0ed2dcbe45,81.0,
,21313,63060051,1,2025-11-27 16:00:00.000,,73b91168-48c7-4cb6-807b-2e6cbd90c94c.com.samsung.health.heart_rate.binning_data.json,63060051,2025-11-27 17:05:07.633,2025-11-27 16:02:18.183,,90.0,56.0,,UTC-0300,tWUO8ZL77Z,,com.sec.android.app.shealth,2025-11-27 16:59:59.999,73b91168-48c7-4cb6-807b-2e6cbd90c94c,74.0,
,21313,63060051,1,2025-11-27 17:00:00.000,,241baf48-9774-4a82-87aa-77e97134b447.com.samsung.health.heart_rate.binning_data.json,63060051,2025-11-27 18:06:19.834,2025-11-27 17:05:07.846,,91.0,64.0,,UTC-0300,tWUO8ZL77Z,,com.sec.android.app.shealth,2025-11-27 17:59:59.999,241baf48-9774-4a82-87aa-77e97134b447,79.0,
,21313,63060051,1,2025-11-27 18:00:00.000,,a14f59f0-cc01-4b8d-bb40-2ba92c768c59.com.samsung.health.heart_rate.binning_data.json,63060051,2025-11-27 19:08:16.259,2025-11-27 18:06:20.237,,99.0,65.0,,UTC-0300,tWUO8ZL77Z,,com.sec.android.app.shealth,2025-11-27 18:59:59.999,a14f59f0-cc01-4b8d-bb40-2ba92c768c59,80.0,
,21313,63060051,1,2025-11-27 19:00:00.000,,19fa58af-a50d-443a-b0c3-31f7674a69c9.com.samsung.health.heart_rate.binning_data.json,63060051,2025-11-27 20:05:02.801,2025-11-27 19:08:16.510,,91.0,64.0,,UTC-0300,tWUO8ZL77Z,,com.sec.android.app.shealth,2025-11-27 19:59:59.999,19fa58af-a50d-443a-b0c3-31f7674a69c9,76.0,
,21313,63060051,1,2025-11-27 20:00:00.000,,c3a789dd-0fd7-4278-a24e-f5c8eccb30b8.com.samsung.health.heart_rate.binning_data.json,63060051,2025-11-27 21:07:53.101,2025-11-27 20:05:37.210,,101.0,61.0,,UTC-0300,tWUO8ZL77Z,,com.sec.android.app.shealth,2025-11-27 20:59:59.999,c3a789dd-0fd7-4278-a24e-f5c8eccb30b8,80.0,
,21313,63060051,1,2025-11-28 01:00:00.000,,a11c840a-446b-4e57-a748-61ed7e599849.com.samsung.health.heart_rate.binning_data.json,63060051,2025-11-28 02:01:43.132,2025-11-28 01:40:45.748,,98.0,52.0,,UTC-0300,tWUO8ZL77Z,,com.sec.android.app.shealth,2025-11-28 01:59:59.999,a11c840a-446b-4e57-a748-61ed7e599849,60.0,
,21313,63060051,1,2025-11-28 02:00:00.000,,a59e4f59-28ef-466e-9927-805416bfdf2b.com.samsung.health.heart_rate.binning_data.json,63060051,2025-11-28 03:05:03.089,2025-11-28 02:01:43.258,,80.0,49.0,,UTC-0300,tWUO8ZL77Z,,com.sec.android.app.shealth,2025-11-28 02:59:59.999,a59e4f59-28ef-466e-9927-805416bfdf2b,54.0,
,21313,63060051,1,2025-11-27 21:00:00.000,,67ee36fb-9f0c-4bc7-a1ee-fed4ecdb8573.com.samsung.health.heart_rate.binning_data.json,63060051,2025-11-27 22:05:26.517,2025-11-27 21:07:55.512,,93.0,65.0,,UTC-0300,tWUO8ZL77Z,,com.sec.android.app.shealth,2025-11-27 21:59:59.999,67ee36fb-9f0c-4bc7-a1ee-fed4ecdb8573,78.0,
,21313,63060051,1,2025-11-27 22:00:00.000,,aec31209-95cd-4eb1-981e-1d46a76c4b7c.com.samsung.health.heart_rate.binning_data.json,63060051,2025-11-27 23:04:10.134,2025-11-27 22:05:26.909,,94.0,64.0,,UTC-0300,tWUO8ZL77Z,,com.sec.android.app.shealth,2025-11-27 22:59:59.999,aec31209-95cd-4eb1-981e-1d46a76c4b7c,78.0,
,21313,63060051,1,2025-11-27 23:00:00.000,,b596854f-14a7-42ee-af9a-9841ebacaa59.com.samsung.health.heart_rate.binning_data.json,63060051,2025-11-28 01:40:45.597,2025-11-27 23:04:10.341,,96.0,62.0,,UTC-0300,tWUO8ZL77Z,,com.sec.android.app.shealth,2025-11-27 23:59:59.999,b596854f-14a7-42ee-af9a-9841ebacaa59,76.0,
,21313,63060051,1,2025-11-28 04:00:00.000,,1c52e975-8aad-4ba6-a958-1f3bda95bb92.com.samsung.health.heart_rate.binning_data.json,63060051,2025-11-28 05:05:44.643,2025-11-28 04:06:59.550,,63.0,47.0,,UTC-0300,tWUO8ZL77Z,,com.sec.android.app.shealth,2025-11-28 04:59:59.999,1c52e975-8aad-4ba6-a958-1f3bda95bb92,53.0,
,21313,63060051,1,2025-11-28 05:00:00.000,,cb0d2a6a-a6cf-4692-8f90-08b3e9a83c75.com.samsung.health.heart_rate.binning_data.json,63060051,2025-11-28 06:05:36.655,2025-11-28 05:06:15.423,,69.0,46.0,,UTC-0300,tWUO8ZL77Z,,com.sec.android.app.shealth,2025-11-28 05:59:59.999,cb0d2a6a-a6cf-4692-8f90-08b3e9a83c75,53.0,
,21313,63060051,1,2025-11-28 06:00:00.000,,e8da1ed3-fdb3-4437-8062-bb21df53af45.com.samsung.health.heart_rate.binning_data.json,63060051,2025-11-28 07:06:45.094,2025-11-28 06:06:24.296,,88.0,50.0,,UTC-0300,tWUO8ZL77Z,,com.sec.android.app.shealth,2025-11-28 06:59:59.999,e8da1ed3-fdb3-4437-8062-bb21df53af45,55.0,
,21313,63060051,1,2025-11-28 07:00:00.000,,b406bf0c-f967-418b-a888-5559a4fedb6f.com.samsung.health.heart_rate.binning_data.json,63060051,2025-11-28 08:10:26.005,2025-11-28 07:07:10.394,,75.0,47.0,,UTC-0300,tWUO8ZL77Z,,com.sec.android.app.shealth,2025-11-28 07:59:59.999,b406bf0c-f967-418b-a888-5559a4fedb6f,52.0,
,21313,63060051,1,2025-11-28 09:00:00.000,,29c0aacb-03a6-4b2c-938a-81561d96f76c.com.samsung.health.heart_rate.binning_data.json,63060051,2025-11-28 10:08:31.454,2025-11-28 09:07:12.907,,73.0,43.0,,UTC-0300,tWUO8ZL77Z,,com.sec.android.app.shealth,2025-11-28 09:59:59.999,29c0aacb-03a6-4b2c-938a-81561d96f76c,48.0,
,21313,63060051,1,2025-11-28 08:00:00.000,,5163dffd-442a-48c9-bf33-78676b39fa16.com.samsung.health.heart_rate.binning_data.json,63060051,2025-11-28 09:07:12.623,2025-11-28 08:14:56.863,,59.0,46.0,,UTC-0300,tWUO8ZL77Z,,com.sec.android.app.shealth,2025-11-28 08:59:59.999,5163dffd-442a-48c9-bf33-78676b39fa16,50.0,
,21313,63060051,1,2025-11-28 03:00:00.000,,9e24b51f-17ef-4eeb-b2ec-23cc79ba2d50.com.samsung.health.heart_rate.binning_data.json,63060051,2025-11-28 04:05:03.559,2025-11-28 03:06:56.396,,69.0,47.0,,UTC-0300,tWUO8ZL77Z,,com.sec.android.app.shealth,2025-11-28 03:59:59.999,9e24b51f-17ef-4eeb-b2ec-23cc79ba2d50,55.0,
,21316,63060051,1,2025-11-28 03:50:30.966,,,63060051,2025-11-28 04:15:00.737,2025-11-28 03:47:56.431,,,,,UTC-0300,tWUO8ZL77Z,,com.sec.android.app.shealth,2025-11-28 03:50:30.966,c8dbe573-fabc-4a2c-9780-61e4552c9880,51.0,
,21313,63060051,1,2025-11-28 10:00:00.000,,8758abd3-e8cf-4474-8734-98c8e2162828.com.samsung.health.heart_rate.binning_data.json,63060051,2025-11-28 11:02:36.485,2025-11-28 10:08:31.977,,88.0,51.0,,UTC-0300,tWUO8ZL77Z,,com.sec.android.app.shealth,2025-11-28 10:59:59.999,8758abd3-e8cf-4474-8734-98c8e2162828,65.0,
,21313,63060051,1,2025-11-28 11:00:00.000,,c6de3b5e-cf31-4812-934b-5348d80e3afd.com.samsung.health.heart_rate.binning_data.json,63060051,2025-11-28 12:03:16.187,2025-11-28 11:02:36.625,,96.0,57.0,,UTC-0300,tWUO8ZL77Z,,com.sec.android.app.shealth,2025-11-28 11:59:59.999,c6de3b5e-cf31-4812-934b-5348d80e3afd,73.0,
,21313,63060051,1,2025-11-28 12:00:00.000,,12ac8df2-3ae7-4f9f-9841-f28ce07f3b8b.com.samsung.health.heart_rate.binning_data.json,63060051,2025-11-28 13:01:19.584,2025-11-28 12:03:16.576,,94.0,56.0,,UTC-0300,tWUO8ZL77Z,,com.sec.android.app.shealth,2025-11-28 12:59:59.999,12ac8df2-3ae7-4f9f-9841-f28ce07f3b8b,73.0,
,21313,63060051,1,2025-11-28 13:00:00.000,,c7ce653d-81cb-47ff-935f-2d472e6a6af4.com.samsung.health.heart_rate.binning_data.json,63060051,2025-11-28 14:01:07.545,2025-11-28 13:01:19.770,,106.0,64.0,,UTC-0300,tWUO8ZL77Z,,com.sec.android.app.shealth,2025-11-28 13:59:59.999,c7ce653d-81cb-47ff-935f-2d472e6a6af4,77.0,
,21313,63060051,1,2025-11-28 14:00:00.000,,b186ec05-46d8-4bbd-bbda-ad723789cf2c.com.samsung.health.heart_rate.binning_data.json,63060051,2025-11-28 15:02:40.542,2025-11-28 14:01:07.647,,104.0,62.0,,UTC-0300,tWUO8ZL77Z,,com.sec.android.app.shealth,2025-11-28 14:59:59.999,b186ec05-46d8-4bbd-bbda-ad723789cf2c,83.0,
,21313,63060051,1,2025-11-28 15:00:00.000,,f9519789-2277-48ed-ac41-af06e2a209fc.com.samsung.health.heart_rate.binning_data.json,63060051,2025-11-28 16:03:15.647,2025-11-28 15:02:40.834,,107.0,78.0,,UTC-0300,tWUO8ZL77Z,,com.sec.android.app.shealth,2025-11-28 15:59:59.999,f9519789-2277-48ed-ac41-af06e2a209fc,89.0,
,21313,63060051,1,2025-11-28 16:00:00.000,,312a032c-c08f-4fc3-8e9e-6838c063f576.com.samsung.health.heart_rate.binning_data.json,63060051,2025-11-28 17:04:17.719,2025-11-28 16:03:15.827,,115.0,77.0,,UTC-0300,tWUO8ZL77Z,,com.sec.android.app.shealth,2025-11-28 16:59:59.999,312a032c-c08f-4fc3-8e9e-6838c063f576,89.0,
,21313,63060051,1,2025-11-28 17:00:00.000,,4288edb1-6021-4c12-a992-6314285fe6b2.com.samsung.health.heart_rate.binning_data.json,63060051,2025-11-28 18:01:22.651,2025-11-28 17:04:17.947,,104.0,65.0,,UTC-0300,tWUO8ZL77Z,,com.sec.android.app.shealth,2025-11-28 17:59:59.999,4288edb1-6021-4c12-a992-6314285fe6b2,87.0,
,21313,63060051,1,2025-11-28 18:00:00.000,,cf967509-11de-4131-891f-267315dd245a.com.samsung.health.heart_rate.binning_data.json,63060051,2025-11-28 19:05:27.223,2025-11-28 18:01:22.847,,129.0,65.0,,UTC-0300,tWUO8ZL77Z,,com.sec.android.app.shealth,2025-11-28 18:59:59.999,cf967509-11de-4131-891f-267315dd245a,89.0,
,21313,63060051,1,2025-11-28 19:00:00.000,,04e0acd8-7ccf-4b88-ac21-d7e5fd0c0786.com.samsung.health.heart_rate.binning_data.json,63060051,2025-11-28 20:01:29.978,2025-11-28 19:05:27.485,,109.0,71.0,,UTC-0300,tWUO8ZL77Z,,com.sec.android.app.shealth,2025-11-28 19:59:59.999,04e0acd8-7ccf-4b88-ac21-d7e5fd0c0786,85.0,
,21313,63060051,1,2025-11-28 20:00:00.000,,6c694938-6229-41c5-8588-9b5f60c091d6.com.samsung.health.heart_rate.binning_data.json,63060051,2025-11-28 21:02:13.601,2025-11-28 20:01:30.308,,120.0,77.0,,UTC-0300,tWUO8ZL77Z,,com.sec.android.app.shealth,2025-11-28 20:59:59.999,6c694938-6229-41c5-8588-9b5f60c091d6,89.0,
,21313,63060051,1,2025-11-28 21:00:00.000,,1a2de083-8b5f-4dcb-8a45-80c0d239b96f.com.samsung.health.heart_rate.binning_data.json,63060051,2025-11-28 22:01:29.953,2025-11-28 21:02:13.863,,104.0,68.0,,UTC-0300,tWUO8ZL77Z,,com.sec.android.app.shealth,2025-11-28 21:59:59.999,1a2de083-8b5f-4dcb-8a45-80c0d239b96f,81.0,
,21313,63060051,1,2025-11-28 22:00:00.000,,556dcb72-0291-4487-b1c8-b7a427374bf2.com.samsung.health.heart_rate.binning_data.json,63060051,2025-11-28 23:06:32.764,2025-11-28 22:01:30.179,,123.0,67.0,,UTC-0300,tWUO8ZL77Z,,com.sec.android.app.shealth,2025-11-28 22:59:59.999,556dcb72-0291-4487-b1c8-b7a427374bf2,84.0,
,21313,63060051,1,2025-11-28 23:00:00.000,,c1c4271f-4513-4bd0-bcc0-17af4081494b.com.samsung.health.heart_rate.binning_data.json,63060051,2025-11-29 03:30:09.933,2025-11-28 23:06:32.992,,108.0,70.0,,UTC-0300,tWUO8ZL77Z,,com.sec.android.app.shealth,2025-11-28 23:59:59.999,c1c4271f-4513-4bd0-bcc0-17af4081494b,85.0,
,21313,63060051,1,2025-11-29 03:00:00.000,,b6a1fc9b-c758-47e2-bcbb-bc0de0489c48.com.samsung.health.heart_rate.binning_data.json,63060051,2025-11-29 04:03:50.302,2025-11-29 03:30:10.110,,86.0,54.0,,UTC-0300,tWUO8ZL77Z,,com.sec.android.app.shealth,2025-11-29 03:59:59.999,b6a1fc9b-c758-47e2-bcbb-bc0de0489c48,65.0,
,21313,63060051,1,2025-11-29 04:00:00.000,,0e4cee32-c1b3-4565-926f-edf24f279e46.com.samsung.health.heart_rate.binning_data.json,63060051,2025-11-29 05:06:12.034,2025-11-29 04:03:50.476,,76.0,54.0,,UTC-0300,tWUO8ZL77Z,,com.sec.android.app.shealth,2025-11-29 04:59:59.999,0e4cee32-c1b3-4565-926f-edf24f279e46,58.0,
,21313,63060051,1,2025-11-29 05:00:00.000,,bae89f1d-d503-4a1b-97c5-65bcf2a29e0f.com.samsung.health.heart_rate.binning_data.json,63060051,2025-11-29 06:05:06.190,2025-11-29 05:10:41.619,,80.0,54.0,,UTC-0300,tWUO8ZL77Z,,com.sec.android.app.shealth,2025-11-29 05:59:59.999,bae89f1d-d503-4a1b-97c5-65bcf2a29e0f,58.0,
,21313,63060051,1,2025-11-29 06:00:00.000,,63ae933c-9216-4bb0-9c69-fa9cd9dc460a.com.samsung.health.heart_rate.binning_data.json,63060051,2025-11-29 07:05:03.940,2025-11-29 06:05:21.432,,79.0,52.0,,UTC-0300,tWUO8ZL77Z,,com.sec.android.app.shealth,2025-11-29 06:59:59.999,63ae933c-9216-4bb0-9c69-fa9cd9dc460a,57.0,
,21313,63060051,1,2025-11-29 07:00:00.000,,fb1ab226-89a4-4132-b618-eed08827effd.com.samsung.health.heart_rate.binning_data.json,63060051,2025-11-29 08:05:03.169,2025-11-29 07:06:41.817,,69.0,50.0,,UTC-0300,tWUO8ZL77Z,,com.sec.android.app.shealth,2025-11-29 07:59:59.999,fb1ab226-89a4-4132-b618-eed08827effd,55.0,
,21313,63060051,1,2025-11-29 08:00:00.000,,e897aa5c-fdc6-4516-be28-1cb509edad0b.com.samsung.health.heart_rate.binning_data.json,63060051,2025-11-29 09:07:10.376,2025-11-29 08:05:10.390,,66.0,48.0,,UTC-0300,tWUO8ZL77Z,,com.sec.android.app.shealth,2025-11-29 08:59:59.999,e897aa5c-fdc6-4516-be28-1cb509edad0b,53.0,
,21313,63060051,1,2025-11-29 09:00:00.000,,55d2330d-949c-4ef3-ad97-295e3e98096b.com.samsung.health.heart_rate.binning_data.json,63060051,2025-11-29 10:01:42.024,2025-11-29 09:08:40.947,,84.0,49.0,,UTC-0300,tWUO8ZL77Z,,com.sec.android.app.shealth,2025-11-29 09:59:59.999,55d2330d-949c-4ef3-ad97-295e3e98096b,67.0,
,21313,63060051,1,2025-11-29 10:00:00.000,,cd5e00de-ab5b-4abd-938c-471a4a15b0dc.com.samsung.health.heart_rate.binning_data.json,63060051,2025-11-29 11:05:04.039,2025-11-29 10:01:42.081,,86.0,54.0,,UTC-0300,tWUO8ZL77Z,,com.sec.android.app.shealth,2025-11-29 10:59:59.999,cd5e00de-ab5b-4abd-938c-471a4a15b0dc,68.0,
,21313,63060051,1,2025-11-29 11:00:00.000,,f37a9d10-cfb4-4969-b217-c9a1855af27d.com.samsung.health.heart_rate.binning_data.json,63060051,2025-11-29 12:05:03.403,2025-11-29 11:06:41.575,,93.0,57.0,,UTC-0300,tWUO8ZL77Z,,com.sec.android.app.shealth,2025-11-29 11:59:59.999,f37a9d10-cfb4-4969-b217-c9a1855af27d,74.0,
,21313,63060051,1,2025-11-29 12:00:00.000,,4987e285-6f07-43a8-84ca-c44dc2eae6d3.com.samsung.health.heart_rate.binning_data.json,63060051,2025-11-29 13:01:00.887,2025-11-29 12:05:03.575,,117.0,64.0,,UTC-0300,tWUO8ZL77Z,,com.sec.android.app.shealth,2025-11-29 12:59:59.999,4987e285-6f07-43a8-84ca-c44dc2eae6d3,82.0,
,21313,63060051,1,2025-11-29 13:00:00.000,,1bc2fa29-779c-4521-b3c4-3d9dabe3c105.com.samsung.health.heart_rate.binning_data.json,63060051,2025-11-29 14:05:02.437,2025-11-29 13:01:01.005,,102.0,72.0,,UTC-0300,tWUO8ZL77Z,,com.sec.android.app.shealth,2025-11-29 13:59:59.999,1bc2fa29-779c-4521-b3c4-3d9dabe3c105,85.0,
,21313,63060051,1,2025-11-29 14:00:00.000,,bee78e4c-c070-4630-87fd-9872cddad1fe.com.samsung.health.heart_rate.binning_data.json,63060051,2025-11-29 15:03:25.903,2025-11-29 14:09:30.062,,102.0,79.0,,UTC-0300,tWUO8ZL77Z,,com.sec.android.app.shealth,2025-11-29 14:59:59.999,bee78e4c-c070-4630-87fd-9872cddad1fe,89.0,
,21313,63060051,1,2025-11-29 15:00:00.000,,18377c2e-5728-41c3-b8f4-2d2c296ab18a.com.samsung.health.heart_rate.binning_data.json,63060051,2025-11-29 16:01:40.799,2025-11-29 15:03:26.117,,108.0,75.0,,UTC-0300,tWUO8ZL77Z,,com.sec.android.app.shealth,2025-11-29 15:59:59.999,18377c2e-5728-41c3-b8f4-2d2c296ab18a,92.0,
,21313,63060051,1,2025-11-29 16:00:00.000,,be61d64b-ee0c-4e41-a2b3-682021508b9d.com.samsung.health.heart_rate.binning_data.json,63060051,2025-11-29 17:07:05.211,2025-11-29 16:01:40.897,,112.0,80.0,,UTC-0300,tWUO8ZL77Z,,com.sec.android.app.shealth,2025-11-29 16:59:59.999,be61d64b-ee0c-4e41-a2b3-682021508b9d,95.0,
,21313,63060051,1,2025-11-29 17:00:00.000,,7347ca18-5fa2-496a-b18d-7640fd942050.com.samsung.health.heart_rate.binning_data.json,63060051,2025-11-29 18:10:34.397,2025-11-29 17:07:05.923,,111.0,89.0,,UTC-0300,tWUO8ZL77Z,,com.sec.android.app.shealth,2025-11-29 17:59:59.999,7347ca18-5fa2-496a-b18d-7640fd942050,97.0,
,21313,63060051,1,2025-11-29 18:00:00.000,,feca47e1-ac6f-42a1-84b4-ec4d29c9260c.com.samsung.health.heart_rate.binning_data.json,63060051,2025-11-29 19:04:12.592,2025-11-29 18:11:09.460,,109.0,74.0,,UTC-0300,tWUO8ZL77Z,,com.sec.android.app.shealth,2025-11-29 18:59:59.999,feca47e1-ac6f-42a1-84b4-ec4d29c9260c,89.0,
,21313,63060051,1,2025-11-29 20:00:00.000,,b55dda3b-5048-4555-bee2-977eddcd6e2a.com.samsung.health.heart_rate.binning_data.json,63060051,2025-11-29 21:01:57.207,2025-11-29 20:03:07.621,,100.0,53.0,,UTC-0300,tWUO8ZL77Z,,com.sec.android.app.shealth,2025-11-29 20:59:59.999,b55dda3b-5048-4555-bee2-977eddcd6e2a,86.0,
,21313,63060051,1,2025-11-29 19:00:00.000,,b6a85513-1985-4b19-8159-85edcc4432b4.com.samsung.health.heart_rate.binning_data.json,63060051,2025-11-29 20:03:07.349,2025-11-29 19:04:12.780,,103.0,86.0,,UTC-0300,tWUO8ZL77Z,,com.sec.android.app.shealth,2025-11-29 19:59:59.999,b6a85513-1985-4b19-8159-85edcc4432b4,92.0,
,21313,63060051,1,2025-11-29 21:00:00.000,,9736e6d0-5ac3-4a4d-ba9d-09193c24d4a9.com.samsung.health.heart_rate.binning_data.json,63060051,2025-11-29 22:02:42.515,2025-11-29 21:01:57.302,,101.0,70.0,,UTC-0300,tWUO8ZL77Z,,com.sec.android.app.shealth,2025-11-29 21:59:59.999,9736e6d0-5ac3-4a4d-ba9d-09193c24d4a9,84.0,
,21313,63060051,1,2025-11-29 22:00:00.000,,27496eaa-293d-406f-adc3-33f95f057f76.com.samsung.health.heart_rate.binning_data.json,63060051,2025-11-29 23:03:37.196,2025-11-29 22:02:42.689,,88.0,58.0,,UTC-0300,tWUO8ZL77Z,,com.sec.android.app.shealth,2025-11-29 22:59:59.999,27496eaa-293d-406f-adc3-33f95f057f76,76.0,
,21313,63060051,1,2025-11-29 23:00:00.000,,2d7c9a57-4c51-4a2c-9b4b-ab40676cc937.com.samsung.health.heart_rate.binning_data.json,63060051,2025-11-30 00:01:03.667,2025-11-29 23:03:37.405,,94.0,60.0,,UTC-0300,tWUO8ZL77Z,,com.sec.android.app.shealth,2025-11-29 23:59:59.999,2d7c9a57-4c51-4a2c-9b4b-ab40676cc937,74.0,
,21313,63060051,1,2025-11-30 00:00:00.000,,c2bf325e-3761-4668-9814-283d7bfca9c4.com.samsung.health.heart_rate.binning_data.json,63060051,2025-11-30 01:00:13.949,2025-11-30 00:01:03.800,,86.0,63.0,,UTC-0300,tWUO8ZL77Z,,com.sec.android.app.shealth,2025-11-30 00:59:59.999,c2bf325e-3761-4668-9814-283d7bfca9c4,74.0,
,21313,63060051,1,2025-11-30 01:00:00.000,,2795d4c9-0fd1-451f-9734-6b69ade664f5.com.samsung.health.heart_rate.binning_data.json,63060051,2025-11-30 01:55:24.973,2025-11-30 01:11:07.053,,86.0,55.0,,UTC-0300,tWUO8ZL77Z,,com.sec.android.app.shealth,2025-11-30 01:55:24.901,2795d4c9-0fd1-451f-9734-6b69ade664f5,69.0,
,21313,63060051,1,2025-11-30 11:00:00.000,,b09b2c24-a215-4878-a95e-5192faf834e2.com.samsung.health.heart_rate.binning_data.json,63060051,2025-11-30 12:04:43.036,2025-11-30 11:38:10.445,,82.0,55.0,,UTC-0300,tWUO8ZL77Z,,com.sec.android.app.shealth,2025-11-30 11:59:59.999,b09b2c24-a215-4878-a95e-5192faf834e2,67.0,
,21313,63060051,1,2025-11-30 12:00:00.000,,b19df6ef-2d82-4e7f-83df-fe89a7269870.com.samsung.health.heart_rate.binning_data.json,63060051,2025-11-30 13:09:12.845,2025-11-30 12:04:43.382,,106.0,51.0,,UTC-0300,tWUO8ZL77Z,,com.sec.android.app.shealth,2025-11-30 12:59:59.999,b19df6ef-2d82-4e7f-83df-fe89a7269870,65.0,
,21313,63060051,1,2025-11-30 13:00:00.000,,2370ef02-312f-4282-bafb-34c2da926ca7.com.samsung.health.heart_rate.binning_data.json,63060051,2025-11-30 14:01:21.863,2025-11-30 13:10:14.697,,113.0,51.0,,UTC-0300,tWUO8ZL77Z,,com.sec.android.app.shealth,2025-11-30 13:59:59.999,2370ef02-312f-4282-bafb-34c2da926ca7,69.0,
,21313,63060051,1,2025-11-30 14:00:00.000,,7410ed6b-9f2a-458a-98da-403c238ba644.com.samsung.health.heart_rate.binning_data.json,63060051,2025-11-30 15:01:35.630,2025-11-30 14:01:21.965,,92.0,60.0,,UTC-0300,tWUO8ZL77Z,,com.sec.android.app.shealth,2025-11-30 14:59:59.999,7410ed6b-9f2a-458a-98da-403c238ba644,74.0,
,21313,63060051,1,2025-11-30 15:00:00.000,,389c9309-9625-44f2-ac66-77a1060d2637.com.samsung.health.heart_rate.binning_data.json,63060051,2025-11-30 16:04:03.855,2025-11-30 15:01:35.755,,91.0,61.0,,UTC-0300,tWUO8ZL77Z,,com.sec.android.app.shealth,2025-11-30 15:59:59.999,389c9309-9625-44f2-ac66-77a1060d2637,72.0,
,21313,63060051,1,2025-11-30 16:00:00.000,,d497a2ff-558e-4e6f-9a9a-c437937dfd0a.com.samsung.health.heart_rate.binning_data.json,63060051,2025-11-30 17:03:03.728,2025-11-30 16:04:04.028,,88.0,60.0,,UTC-0300,tWUO8ZL77Z,,com.sec.android.app.shealth,2025-11-30 16:59:59.999,d497a2ff-558e-4e6f-9a9a-c437937dfd0a,73.0,
,21313,63060051,1,2025-11-30 17:00:00.000,,32ac71e4-74f3-437e-8e1c-ae7f4cc67259.com.samsung.health.heart_rate.binning_data.json,63060051,2025-11-30 18:06:49.999,2025-11-30 17:03:04.135,,101.0,66.0,,UTC-0300,tWUO8ZL77Z,,com.sec.android.app.shealth,2025-11-30 17:59:59.999,32ac71e4-74f3-437e-8e1c-ae7f4cc67259,80.0,
,21313,63060051,1,2025-11-30 18:00:00.000,,261073cb-5b47-440e-940f-e155904ba9dc.com.samsung.health.heart_rate.binning_data.json,63060051,2025-11-30 19:06:48.993,2025-11-30 18:06:50.367,,93.0,66.0,,UTC-0300,tWUO8ZL77Z,,com.sec.android.app.shealth,2025-11-30 18:59:59.999,261073cb-5b47-440e-940f-e155904ba9dc,76.0,
,21313,63060051,1,2025-11-30 19:00:00.000,,d44c1d62-b81f-4604-9fa6-da2a17c3b511.com.samsung.health.heart_rate.binning_data.json,63060051,2025-11-30 20:05:48.434,2025-11-30 19:06:49.193,,112.0,66.0,,UTC-0300,tWUO8ZL77Z,,com.sec.android.app.shealth,2025-11-30 19:59:59.999,d44c1d62-b81f-4604-9fa6-da2a17c3b511,83.0,
,21313,63060051,1,2025-11-30 20:00:00.000,,bf7292bd-3743-496a-99e7-a61c72f1b5d6.com.samsung.health.heart_rate.binning_data.json,63060051,2025-11-30 21:07:39.028,2025-11-30 20:05:48.769,,105.0,58.0,,UTC-0300,tWUO8ZL77Z,,com.sec.android.app.shealth,2025-11-30 20:59:59.999,bf7292bd-3743-496a-99e7-a61c72f1b5d6,84.0,
,21313,63060051,1,2025-11-30 21:00:00.000,,05a72dfd-2531-4c63-a822-02ed85f914ca.com.samsung.health.heart_rate.binning_data.json,63060051,2025-11-30 22:03:46.652,2025-11-30 21:07:39.310,,100.0,61.0,,UTC-0300,tWUO8ZL77Z,,com.sec.android.app.shealth,2025-11-30 21:59:59.999,05a72dfd-2531-4c63-a822-02ed85f914ca,80.0,
,21313,63060051,1,2025-11-30 22:00:00.000,,a36a9a19-27da-418d-ac7a-8d4845874f9e.com.samsung.health.heart_rate.binning_data.json,63060051,2025-11-30 23:05:03.404,2025-11-30 22:03:46.947,,85.0,58.0,,UTC-0300,tWUO8ZL77Z,,com.sec.android.app.shealth,2025-11-30 22:59:59.999,a36a9a19-27da-418d-ac7a-8d4845874f9e,70.0,
,21313,63060051,1,2025-11-30 23:00:00.000,,4bf469ef-0d11-4373-bba3-d1b375f4ae0a.com.samsung.health.heart_rate.binning_data.json,63060051,2025-12-01 00:09:01.072,2025-11-30 23:05:25.536,,98.0,59.0,,UTC-0300,tWUO8ZL77Z,,com.sec.android.app.shealth,2025-11-30 23:59:59.999,4bf469ef-0d11-4373-bba3-d1b375f4ae0a,74.0,
,21313,63060051,1,2025-12-01 00:00:00.000,,28d9444c-4b94-4694-84d7-0a02a4b7d7d3.com.samsung.health.heart_rate.binning_data.json,63060051,2025-12-01 01:05:05.855,2025-12-01 00:09:01.212,,89.0,57.0,,UTC-0300,tWUO8ZL77Z,,com.sec.android.app.shealth,2025-12-01 00:59:59.999,28d9444c-4b94-4694-84d7-0a02a4b7d7d3,67.0,
,21313,63060051,1,2025-12-01 04:00:00.000,,05e6a609-32f4-473e-b28d-c7925d38187c.com.samsung.health.heart_rate.binning_data.json,63060051,2025-12-01 05:05:09.669,2025-12-01 04:05:59.918,,62.0,50.0,,UTC-0300,tWUO8ZL77Z,,com.sec.android.app.shealth,2025-12-01 04:59:59.999,05e6a609-32f4-473e-b28d-c7925d38187c,52.0,
,21313,63060051,1,2025-12-01 05:00:00.000,,2bafb07a-61ee-445c-a468-73cd6d994c50.com.samsung.health.heart_rate.binning_data.json,63060051,2025-12-01 06:03:35.690,2025-12-01 05:05:25.052,,68.0,46.0,,UTC-0300,tWUO8ZL77Z,,com.sec.android.app.shealth,2025-12-01 05:59:59.999,2bafb07a-61ee-445c-a468-73cd6d994c50,51.0,
,21313,63060051,1,2025-12-01 06:00:00.000,,63bdc7bf-fbe8-4448-a5c7-eb661e43cee0.com.samsung.health.heart_rate.binning_data.json,63060051,2025-12-01 07:07:31.104,2025-12-01 06:03:35.902,,66.0,44.0,,UTC-0300,tWUO8ZL77Z,,com.sec.android.app.shealth,2025-12-01 06:59:59.999,63bdc7bf-fbe8-4448-a5c7-eb661e43cee0,49.0,
,21313,63060051,1,2025-12-01 01:00:00.000,,eabd416b-4042-46b8-9d79-d6e0e3cdb41d.com.samsung.health.heart_rate.binning_data.json,63060051,2025-12-01 02:05:02.353,2025-12-01 01:05:06.083,,83.0,51.0,,UTC-0300,tWUO8ZL77Z,,com.sec.android.app.shealth,2025-12-01 01:59:59.999,eabd416b-4042-46b8-9d79-d6e0e3cdb41d,58.0,
,21316,63060051,1,2025-12-01 01:49:44.853,,,63060051,2025-12-01 02:55:01.009,2025-12-01 01:49:55.438,,,,,UTC-0300,tWUO8ZL77Z,,com.sec.android.app.shealth,2025-12-01 01:49:44.853,3e5e5bce-c211-4010-9e2f-abfb23d9f941,54.0,
,21313,63060051,1,2025-12-01 02:00:00.000,,1ee6ccbd-715e-42f2-a8de-3ba4a88b0dc3.com.samsung.health.heart_rate.binning_data.json,63060051,2025-12-01 03:11:51.244,2025-12-01 02:08:45.115,,70.0,49.0,,UTC-0300,tWUO8ZL77Z,,com.sec.android.app.shealth,2025-12-01 02:59:59.999,1ee6ccbd-715e-42f2-a8de-3ba4a88b0dc3,56.0,
,21313,63060051,1,2025-12-01 09:00:00.000,,3cb22a54-8bf2-4b48-989e-037ab16553b5.com.samsung.health.heart_rate.binning_data.json,63060051,2025-12-01 10:06:22.211,2025-12-01 09:07:05.005,,81.0,47.0,,UTC-0300,tWUO8ZL77Z,,com.sec.android.app.shealth,2025-12-01 09:59:59.999,3cb22a54-8bf2-4b48-989e-037ab16553b5,55.0,
,21313,63060051,1,2025-12-01 03:00:00.000,,472994a2-c7c2-471d-98ed-e0b15c51a77f.com.samsung.health.heart_rate.binning_data.json,63060051,2025-12-01 04:05:59.683,2025-12-01 03:11:51.636,,64.0,47.0,,UTC-0300,tWUO8ZL77Z,,com.sec.android.app.shealth,2025-12-01 03:59:59.999,472994a2-c7c2-471d-98ed-e0b15c51a77f,53.0,
,21313,63060051,1,2025-12-01 07:00:00.000,,8869ab60-032b-4949-96d3-c24232be5e9b.com.samsung.health.heart_rate.binning_data.json,63060051,2025-12-01 08:06:10.085,2025-12-01 07:10:21.737,,79.0,45.0,,UTC-0300,tWUO8ZL77Z,,com.sec.android.app.shealth,2025-12-01 07:59:59.999,8869ab60-032b-4949-96d3-c24232be5e9b,51.0,
,21313,63060051,1,2025-12-01 08:00:00.000,,adc3db8d-a02a-4a0d-b7b4-fd409ddd23fd.com.samsung.health.heart_rate.binning_data.json,63060051,2025-12-01 09:05:13.208,2025-12-01 08:10:22.813,,66.0,44.0,,UTC-0300,tWUO8ZL77Z,,com.sec.android.app.shealth,2025-12-01 08:59:59.999,adc3db8d-a02a-4a0d-b7b4-fd409ddd23fd,49.0,
,21313,63060051,1,2025-12-01 10:00:00.000,,222cba9d-7840-4150-b3c1-e0b777aa4eed.com.samsung.health.heart_rate.binning_data.json,63060051,2025-12-01 11:02:17.888,2025-12-01 10:06:22.504,,90.0,52.0,,UTC-0300,tWUO8ZL77Z,,com.sec.android.app.shealth,2025-12-01 10:59:59.999,222cba9d-7840-4150-b3c1-e0b777aa4eed,68.0,
,21313,63060051,1,2025-12-01 11:00:00.000,,b063d1e2-b5ad-4df6-b7b7-1f2bb610b683.com.samsung.health.heart_rate.binning_data.json,63060051,2025-12-01 12:02:59.927,2025-12-01 11:02:18.048,,88.0,54.0,,UTC-0300,tWUO8ZL77Z,,com.sec.android.app.shealth,2025-12-01 11:59:59.999,b063d1e2-b5ad-4df6-b7b7-1f2bb610b683,64.0,
,21313,63060051,1,2025-12-01 12:00:00.000,,a98292bc-edd4-46ec-9f84-397f6841902a.com.samsung.health.heart_rate.binning_data.json,63060051,2025-12-01 13:06:36.770,2025-12-01 12:03:00.315,,87.0,49.0,,UTC-0300,tWUO8ZL77Z,,com.sec.android.app.shealth,2025-12-01 12:59:59.999,a98292bc-edd4-46ec-9f84-397f6841902a,63.0,
,21316,63060051,1,2025-12-02 02:30:30.918,,,63060051,2025-12-02 02:48:44.784,2025-12-01 12:13:08.561,,,,,UTC-0300,tWUO8ZL77Z,,com.sec.android.app.shealth,2025-12-02 02:30:30.918,98c0d953-1a5e-4910-ba34-f230418173b0,54.0,
,21313,63060051,1,2025-12-01 14:00:00.000,,e63aabe1-1885-4607-aac3-23b20a78d6f7.com.samsung.health.heart_rate.binning_data.json,63060051,2025-12-01 15:01:35.970,2025-12-01 14:01:00.572,,129.0,76.0,,UTC-0300,tWUO8ZL77Z,,com.sec.android.app.shealth,2025-12-01 14:59:59.999,e63aabe1-1885-4607-aac3-23b20a78d6f7,91.0,
,21313,63060051,1,2025-12-01 15:00:00.000,,133bbce2-e255-442b-8747-d5d457287f1f.com.samsung.health.heart_rate.binning_data.json,63060051,2025-12-01 16:06:30.120,2025-12-01 15:01:36.099,,98.0,70.0,,UTC-0300,tWUO8ZL77Z,,com.sec.android.app.shealth,2025-12-01 15:59:59.999,133bbce2-e255-442b-8747-d5d457287f1f,82.0,
,21313,63060051,1,2025-12-01 16:00:00.000,,ff1b5674-3e27-4334-a8e5-9c2ea8038951.com.samsung.health.heart_rate.binning_data.json,63060051,2025-12-01 17:01:18.314,2025-12-01 16:06:30.526,,92.0,66.0,,UTC-0300,tWUO8ZL77Z,,com.sec.android.app.shealth,2025-12-01 16:59:59.999,ff1b5674-3e27-4334-a8e5-9c2ea8038951,80.0,
,21313,63060051,1,2025-12-01 13:00:00.000,,7c238275-54b7-48b1-b459-69a7aca6c36e.com.samsung.health.heart_rate.binning_data.json,63060051,2025-12-01 14:01:00.500,2025-12-01 13:06:37.169,,103.0,58.0,,UTC-0300,tWUO8ZL77Z,,com.sec.android.app.shealth,2025-12-01 13:59:59.999,7c238275-54b7-48b1-b459-69a7aca6c36e,73.0,
,21313,63060051,1,2025-12-01 17:00:00.000,,065c432f-d4bb-4e56-9d2a-71705772e587.com.samsung.health.heart_rate.binning_data.json,63060051,2025-12-01 18:35:00.574,2025-12-01 17:01:18.468,,91.0,56.0,,UTC-0300,tWUO8ZL77Z,,com.sec.android.app.shealth,2025-12-01 17:59:59.999,065c432f-d4bb-4e56-9d2a-71705772e587,64.0,
,21313,63060051,1,2025-12-01 18:00:00.000,,d7af79cc-2a5b-46fa-aa48-73c7516375f3.com.samsung.health.heart_rate.binning_data.json,63060051,2025-12-01 19:01:07.380,2025-12-01 18:35:00.763,,99.0,60.0,,UTC-0300,tWUO8ZL77Z,,com.sec.android.app.shealth,2025-12-01 18:59:59.999,d7af79cc-2a5b-46fa-aa48-73c7516375f3,73.0,
,21313,63060051,1,2025-12-01 19:00:00.000,,2a5767a4-5f64-4427-ac2b-6ee749aaca7c.com.samsung.health.heart_rate.binning_data.json,63060051,2025-12-01 20:02:48.669,2025-12-01 19:01:07.449,,92.0,63.0,,UTC-0300,tWUO8ZL77Z,,com.sec.android.app.shealth,2025-12-01 19:59:59.999,2a5767a4-5f64-4427-ac2b-6ee749aaca7c,76.0,
,21313,63060051,1,2025-12-01 20:00:00.000,,20c38f7a-7c1f-43fb-a583-8278c42ae3da.com.samsung.health.heart_rate.binning_data.json,63060051,2025-12-01 21:04:49.751,2025-12-01 20:02:48.844,,97.0,62.0,,UTC-0300,tWUO8ZL77Z,,com.sec.android.app.shealth,2025-12-01 20:59:59.999,20c38f7a-7c1f-43fb-a583-8278c42ae3da,78.0,
,21313,63060051,1,2025-12-01 21:00:00.000,,39dab38c-c65b-4b08-867b-b0c99e94d1c3.com.samsung.health.heart_rate.binning_data.json,63060051,2025-12-01 22:02:41.185,2025-12-01 21:04:49.921,,97.0,68.0,,UTC-0300,tWUO8ZL77Z,,com.sec.android.app.shealth,2025-12-01 21:59:59.999,39dab38c-c65b-4b08-867b-b0c99e94d1c3,80.0,
,21313,63060051,1,2025-12-01 22:00:00.000,,925ccde1-0f92-49ac-95b9-7c973ead4707.com.samsung.health.heart_rate.binning_data.json,63060051,2025-12-01 23:01:57.347,2025-12-01 22:02:41.368,,94.0,66.0,,UTC-0300,tWUO8ZL77Z,,com.sec.android.app.shealth,2025-12-01 22:59:59.999,925ccde1-0f92-49ac-95b9-7c973ead4707,79.0,
,21313,63060051,1,2025-12-01 23:00:00.000,,178ceafc-3bdd-4c10-9606-6dabf7e0fb1f.com.samsung.health.heart_rate.binning_data.json,63060051,2025-12-02 00:06:46.140,2025-12-01 23:01:57.465,,94.0,59.0,,UTC-0300,tWUO8ZL77Z,,com.sec.android.app.shealth,2025-12-01 23:59:59.999,178ceafc-3bdd-4c10-9606-6dabf7e0fb1f,71.0,
,21313,63060051,1,2025-12-02 00:00:00.000,,85b2b8ab-1485-40b3-bdd1-3a7942ffa6ba.com.samsung.health.heart_rate.binning_data.json,63060051,2025-12-02 01:04:03.238,2025-12-02 00:06:46.600,,88.0,57.0,,UTC-0300,tWUO8ZL77Z,,com.sec.android.app.shealth,2025-12-02 00:59:59.999,85b2b8ab-1485-40b3-bdd1-3a7942ffa6ba,74.0,
,21313,63060051,1,2025-12-02 04:00:00.000,,d718f3f9-9fbc-497b-923c-d789e9aa7e21.com.samsung.health.heart_rate.binning_data.json,63060051,2025-12-02 05:06:51.017,2025-12-02 04:08:01.637,,71.0,47.0,,UTC-0300,tWUO8ZL77Z,,com.sec.android.app.shealth,2025-12-02 04:59:59.999,d718f3f9-9fbc-497b-923c-d789e9aa7e21,54.0,
,21313,63060051,1,2025-12-02 05:00:00.000,,601ca8ec-7122-4264-80ed-e86c436332b7.com.samsung.health.heart_rate.binning_data.json,63060051,2025-12-02 06:08:32.993,2025-12-02 05:08:51.129,,76.0,46.0,,UTC-0300,tWUO8ZL77Z,,com.sec.android.app.shealth,2025-12-02 05:59:59.999,601ca8ec-7122-4264-80ed-e86c436332b7,53.0,
,21313,63060051,1,2025-12-02 01:00:00.000,,fe92cbca-9115-453a-b38d-59f2c26bd995.com.samsung.health.heart_rate.binning_data.json,63060051,2025-12-02 02:03:32.556,2025-12-02 01:04:03.442,,88.0,55.0,,UTC-0300,tWUO8ZL77Z,,com.sec.android.app.shealth,2025-12-02 01:59:59.999,fe92cbca-9115-453a-b38d-59f2c26bd995,68.0,
,21313,63060051,1,2025-12-02 06:00:00.000,,da9ba6bb-2eef-4448-a4d8-073f6b18b84b.com.samsung.health.heart_rate.binning_data.json,63060051,2025-12-02 07:06:50.807,2025-12-02 06:09:22.118,,83.0,49.0,,UTC-0300,tWUO8ZL77Z,,com.sec.android.app.shealth,2025-12-02 06:59:59.999,da9ba6bb-2eef-4448-a4d8-073f6b18b84b,52.0,
,21313,63060051,1,2025-12-02 07:00:00.000,,25f43029-ffc9-4028-8625-0722f538c0c4.com.samsung.health.heart_rate.binning_data.json,63060051,2025-12-02 08:06:52.170,2025-12-02 07:09:37.307,,84.0,44.0,,UTC-0300,tWUO8ZL77Z,,com.sec.android.app.shealth,2025-12-02 07:59:59.999,25f43029-ffc9-4028-8625-0722f538c0c4,52.0,
,21313,63060051,1,2025-12-02 02:00:00.000,,b2b4bf3a-50bd-4f13-bf88-f148a874609e.com.samsung.health.heart_rate.binning_data.json,63060051,2025-12-02 03:05:48.119,2025-12-02 02:03:32.714,,82.0,51.0,,UTC-0300,tWUO8ZL77Z,,com.sec.android.app.shealth,2025-12-02 02:59:59.999,b2b4bf3a-50bd-4f13-bf88-f148a874609e,56.0,
,21313,63060051,1,2025-12-02 03:00:00.000,,5bc429fc-5da0-407a-a732-d3b57488543d.com.samsung.health.heart_rate.binning_data.json,63060051,2025-12-02 04:05:02.820,2025-12-02 03:05:48.383,,76.0,49.0,,UTC-0300,tWUO8ZL77Z,,com.sec.android.app.shealth,2025-12-02 03:59:59.999,5bc429fc-5da0-407a-a732-d3b57488543d,57.0,
,21316,63060051,1,2025-12-03 02:00:31.067,,,63060051,2025-12-03 02:35:32.946,2025-12-02 03:45:03.541,,,,,UTC-0300,tWUO8ZL77Z,,com.sec.android.app.shealth,2025-12-03 02:00:31.067,8fed55fb-1b35-4f64-b0bf-f633ba8d90e6,53.0,
,21313,63060051,1,2025-12-02 08:00:00.000,,c12c7cd8-38f0-4229-a7d5-482da76f4d02.com.samsung.health.heart_rate.binning_data.json,63060051,2025-12-02 09:05:15.274,2025-12-02 08:06:52.503,,70.0,48.0,,UTC-0300,tWUO8ZL77Z,,com.sec.android.app.shealth,2025-12-02 08:59:59.999,c12c7cd8-38f0-4229-a7d5-482da76f4d02,51.0,
,21313,63060051,1,2025-12-02 09:00:00.000,,0aa47bc9-8cb5-43d4-9540-e2d60b353996.com.samsung.health.heart_rate.binning_data.json,63060051,2025-12-02 10:31:57.055,2025-12-02 09:06:34.001,,72.0,47.0,,UTC-0300,tWUO8ZL77Z,,com.sec.android.app.shealth,2025-12-02 09:59:59.999,0aa47bc9-8cb5-43d4-9540-e2d60b353996,52.0,
,21313,63060051,1,2025-12-02 10:00:00.000,,928bbf61-dec9-49e5-a195-6b0fb29df376.com.samsung.health.heart_rate.binning_data.json,63060051,2025-12-02 11:00:47.154,2025-12-02 10:31:57.269,,90.0,52.0,,UTC-0300,tWUO8ZL77Z,,com.sec.android.app.shealth,2025-12-02 10:59:59.999,928bbf61-dec9-49e5-a195-6b0fb29df376,69.0,
,21313,63060051,1,2025-12-02 11:00:00.000,,2bfa0c98-6aff-493d-8890-b08a6841c20c.com.samsung.health.heart_rate.binning_data.json,63060051,2025-12-02 12:01:01.924,2025-12-02 11:13:26.237,,86.0,54.0,,UTC-0300,tWUO8ZL77Z,,com.sec.android.app.shealth,2025-12-02 11:59:59.999,2bfa0c98-6aff-493d-8890-b08a6841c20c,68.0,
,21313,63060051,1,2025-12-02 12:00:00.000,,f4386f4d-4c7a-47c8-9389-f013eb1bcb33.com.samsung.health.heart_rate.binning_data.json,63060051,2025-12-02 13:05:02.326,2025-12-02 12:01:02.021,,94.0,62.0,,UTC-0300,tWUO8ZL77Z,,com.sec.android.app.shealth,2025-12-02 12:59:59.999,f4386f4d-4c7a-47c8-9389-f013eb1bcb33,74.0,
,21313,63060051,1,2025-12-02 13:00:00.000,,f99562ec-7372-4f76-a213-d70f5fa576c6.com.samsung.health.heart_rate.binning_data.json,63060051,2025-12-02 14:02:13.490,2025-12-02 13:05:04.557,,93.0,59.0,,UTC-0300,tWUO8ZL77Z,,com.sec.android.app.shealth,2025-12-02 13:59:59.999,f99562ec-7372-4f76-a213-d70f5fa576c6,72.0,
,21313,63060051,1,2025-12-02 14:00:00.000,,c777c3ba-e4d4-4316-a6d2-ad7a4f00d559.com.samsung.health.heart_rate.binning_data.json,63060051,2025-12-02 15:01:14.162,2025-12-02 14:02:13.582,,95.0,54.0,,UTC-0300,tWUO8ZL77Z,,com.sec.android.app.shealth,2025-12-02 14:59:59.999,c777c3ba-e4d4-4316-a6d2-ad7a4f00d559,72.0,
,21313,63060051,1,2025-12-02 18:00:00.000,,93aa65bc-2244-4b56-8581-7e3484598960.com.samsung.health.heart_rate.binning_data.json,63060051,2025-12-02 19:01:33.821,2025-12-02 18:01:28.287,,93.0,60.0,,UTC-0300,tWUO8ZL77Z,,com.sec.android.app.shealth,2025-12-02 18:59:59.999,93aa65bc-2244-4b56-8581-7e3484598960,73.0,
,21313,63060051,1,2025-12-02 19:00:00.000,,888ed0f9-ca3d-4125-9d05-0f7edb526f64.com.samsung.health.heart_rate.binning_data.json,63060051,2025-12-02 20:01:00.203,2025-12-02 19:01:33.910,,87.0,60.0,,UTC-0300,tWUO8ZL77Z,,com.sec.android.app.shealth,2025-12-02 19:59:59.999,888ed0f9-ca3d-4125-9d05-0f7edb526f64,72.0,
,21313,63060051,1,2025-12-02 15:00:00.000,,2ba444a5-f9ff-4680-8d6b-180db12f4300.com.samsung.health.heart_rate.binning_data.json,63060051,2025-12-02 16:05:04.328,2025-12-02 15:01:14.880,,93.0,59.0,,UTC-0300,tWUO8ZL77Z,,com.sec.android.app.shealth,2025-12-02 15:59:59.999,2ba444a5-f9ff-4680-8d6b-180db12f4300,74.0,
,21313,63060051,1,2025-12-02 16:00:00.000,,37e8b191-d837-4e9f-a705-d8e286a66d9a.com.samsung.health.heart_rate.binning_data.json,63060051,2025-12-02 17:01:27.766,2025-12-02 16:05:15.887,,93.0,60.0,,UTC-0300,tWUO8ZL77Z,,com.sec.android.app.shealth,2025-12-02 16:59:59.999,37e8b191-d837-4e9f-a705-d8e286a66d9a,76.0,
,21313,63060051,1,2025-12-02 17:00:00.000,,a8199654-2b59-483e-94f7-48857b96b997.com.samsung.health.heart_rate.binning_data.json,63060051,2025-12-02 18:01:28.045,2025-12-02 17:01:28.101,,88.0,61.0,,UTC-0300,tWUO8ZL77Z,,com.sec.android.app.shealth,2025-12-02 17:59:59.999,a8199654-2b59-483e-94f7-48857b96b997,74.0,
,21313,63060051,1,2025-12-02 20:00:00.000,,81b8395d-c8a7-4964-8695-16cd0032ec85.com.samsung.health.heart_rate.binning_data.json,63060051,2025-12-02 21:01:31.289,2025-12-02 20:01:00.300,,83.0,55.0,,UTC-0300,tWUO8ZL77Z,,com.sec.android.app.shealth,2025-12-02 20:59:59.999,81b8395d-c8a7-4964-8695-16cd0032ec85,68.0,
,21313,63060051,1,2025-12-02 21:00:00.000,,739dcf96-a024-406a-980f-d0485b116741.com.samsung.health.heart_rate.binning_data.json,63060051,2025-12-02 22:01:42.822,2025-12-02 21:01:31.360,,93.0,54.0,,UTC-0300,tWUO8ZL77Z,,com.sec.android.app.shealth,2025-12-02 21:59:59.999,739dcf96-a024-406a-980f-d0485b116741,69.0,
,21313,63060051,1,2025-12-02 22:00:00.000,,64089d18-a497-4934-b061-dfaaea8963be.com.samsung.health.heart_rate.binning_data.json,63060051,2025-12-02 23:01:05.426,2025-12-02 22:01:43.090,,87.0,62.0,,UTC-0300,tWUO8ZL77Z,,com.sec.android.app.shealth,2025-12-02 22:59:59.999,64089d18-a497-4934-b061-dfaaea8963be,70.0,
,21313,63060051,1,2025-12-02 23:00:00.000,,e03b2ac2-d87a-490e-b1d7-6817719682a2.com.samsung.health.heart_rate.binning_data.json,63060051,2025-12-03 00:02:00.623,2025-12-02 23:01:05.657,,85.0,60.0,,UTC-0300,tWUO8ZL77Z,,com.sec.android.app.shealth,2025-12-02 23:59:59.999,e03b2ac2-d87a-490e-b1d7-6817719682a2,71.0,
,21313,63060051,1,2025-12-03 00:00:00.000,,00919802-48fc-4b42-bca9-31166555d2e6.com.samsung.health.heart_rate.binning_data.json,63060051,2025-12-03 00:12:06.545,2025-12-03 00:02:00.866,,81.0,62.0,,UTC-0300,tWUO8ZL77Z,,com.sec.android.app.shealth,2025-12-03 00:12:05.611,00919802-48fc-4b42-bca9-31166555d2e6,70.0,
,21313,63060051,1,2025-12-03 01:00:00.000,,38fa2bde-4e6b-4435-ad34-888224fef050.com.samsung.health.heart_rate.binning_data.json,63060051,2025-12-03 02:06:07.488,2025-12-03 01:23:28.510,,88.0,52.0,,UTC-0300,tWUO8ZL77Z,,com.sec.android.app.shealth,2025-12-03 01:59:59.999,38fa2bde-4e6b-4435-ad34-888224fef050,59.0,
,21313,63060051,1,2025-12-03 03:00:00.000,,3cf9e84c-3fb0-4cc7-aa9a-e840f52f6082.com.samsung.health.heart_rate.binning_data.json,63060051,2025-12-03 04:05:23.014,2025-12-03 03:10:12.743,,68.0,46.0,,UTC-0300,tWUO8ZL77Z,,com.sec.android.app.shealth,2025-12-03 03:59:59.999,3cf9e84c-3fb0-4cc7-aa9a-e840f52f6082,52.0,
,21313,63060051,1,2025-12-03 04:00:00.000,,1da7af3e-90a4-4106-a6ae-2ff6a92f670c.com.samsung.health.heart_rate.binning_data.json,63060051,2025-12-03 05:05:33.218,2025-12-03 04:10:22.256,,75.0,49.0,,UTC-0300,tWUO8ZL77Z,,com.sec.android.app.shealth,2025-12-03 04:59:59.999,1da7af3e-90a4-4106-a6ae-2ff6a92f670c,53.0,
,21313,63060051,1,2025-12-03 02:00:00.000,,a9d0d4ab-2394-4877-a74e-94df846829f3.com.samsung.health.heart_rate.binning_data.json,63060051,2025-12-03 03:05:11.602,2025-12-03 02:10:41.477,,74.0,50.0,,UTC-0300,tWUO8ZL77Z,,com.sec.android.app.shealth,2025-12-03 02:59:59.999,a9d0d4ab-2394-4877-a74e-94df846829f3,55.0,
,21313,63060051,1,2025-12-03 05:00:00.000,,c49ca99e-c934-4c3d-91a1-fa027e56c6a8.com.samsung.health.heart_rate.binning_data.json,63060051,2025-12-03 06:02:32.922,2025-12-03 05:10:11.502,,60.0,44.0,,UTC-0300,tWUO8ZL77Z,,com.sec.android.app.shealth,2025-12-03 05:59:59.999,c49ca99e-c934-4c3d-91a1-fa027e56c6a8,50.0,
,21313,63060051,1,2025-12-03 06:00:00.000,,483de5fe-2702-4637-911e-7ea4954d2780.com.samsung.health.heart_rate.binning_data.json,63060051,2025-12-03 07:05:51.152,2025-12-03 06:02:33.071,,60.0,44.0,,UTC-0300,tWUO8ZL77Z,,com.sec.android.app.shealth,2025-12-03 06:59:59.999,483de5fe-2702-4637-911e-7ea4954d2780,48.0,
,21313,63060051,1,2025-12-03 07:00:00.000,,6b643d19-86f3-4b7e-a656-b3d5cf36d76e.com.samsung.health.heart_rate.binning_data.json,63060051,2025-12-03 08:05:26.179,2025-12-03 07:07:01.303,,75.0,40.0,,UTC-0300,tWUO8ZL77Z,,com.sec.android.app.shealth,2025-12-03 07:59:59.999,6b643d19-86f3-4b7e-a656-b3d5cf36d76e,47.0,
,21313,63060051,1,2025-12-03 08:00:00.000,,291c8405-80e5-4f30-a795-21a037247c78.com.samsung.health.heart_rate.binning_data.json,63060051,2025-12-03 09:05:31.080,2025-12-03 08:05:26.386,,65.0,40.0,,UTC-0300,tWUO8ZL77Z,,com.sec.android.app.shealth,2025-12-03 08:59:59.999,291c8405-80e5-4f30-a795-21a037247c78,46.0,
,21313,63060051,1,2025-12-03 09:00:00.000,,06ffe7ba-7614-4950-879b-e5b7da327c8d.com.samsung.health.heart_rate.binning_data.json,63060051,2025-12-03 10:07:23.994,2025-12-03 09:07:55.176,,79.0,44.0,,UTC-0300,tWUO8ZL77Z,,com.sec.android.app.shealth,2025-12-03 09:59:59.999,06ffe7ba-7614-4950-879b-e5b7da327c8d,51.0,
,21313,63060051,1,2025-12-03 10:00:00.000,,8095cce1-8d82-4648-947d-c59ee2a902ac.com.samsung.health.heart_rate.binning_data.json,63060051,2025-12-03 11:00:12.485,2025-12-03 10:07:24.608,,84.0,48.0,,UTC-0300,tWUO8ZL77Z,,com.sec.android.app.shealth,2025-12-03 10:59:59.999,8095cce1-8d82-4648-947d-c59ee2a902ac,58.0,
,21313,63060051,1,2025-12-03 11:00:00.000,,0fe398a7-6ce9-4711-ae9b-16b4a89886ac.com.samsung.health.heart_rate.binning_data.json,63060051,2025-12-03 12:01:07.639,2025-12-03 11:00:14.082,,84.0,50.0,,UTC-0300,tWUO8ZL77Z,,com.sec.android.app.shealth,2025-12-03 11:59:59.999,0fe398a7-6ce9-4711-ae9b-16b4a89886ac,62.0,
,21313,63060051,1,2025-12-03 12:00:00.000,,81a01bdb-d1be-443d-96d0-e994c03900a8.com.samsung.health.heart_rate.binning_data.json,63060051,2025-12-03 13:01:44.049,2025-12-03 12:01:07.714,,83.0,49.0,,UTC-0300,tWUO8ZL77Z,,com.sec.android.app.shealth,2025-12-03 12:59:59.999,81a01bdb-d1be-443d-96d0-e994c03900a8,64.0,
,21313,63060051,1,2025-12-03 13:00:00.000,,a2df78ae-ce70-4644-93c8-bec468b64637.com.samsung.health.heart_rate.binning_data.json,63060051,2025-12-03 14:01:05.969,2025-12-03 13:01:44.133,,94.0,56.0,,UTC-0300,tWUO8ZL77Z,,com.sec.android.app.shealth,2025-12-03 13:59:59.999,a2df78ae-ce70-4644-93c8-bec468b64637,72.0,
,21316,63060051,1,2025-12-03 10:14:37.700,,,63060051,2025-12-04 02:54:32.877,2025-12-03 14:31:01.873,,,,,UTC-0300,tWUO8ZL77Z,,com.sec.android.app.shealth,2025-12-03 10:14:37.700,5819a417-cfed-4df5-931e-a9ce2e7e29c5,50.0,
,21313,63060051,1,2025-12-03 14:00:00.000,,132335c5-fe40-465c-b9e3-622fc30001c8.com.samsung.health.heart_rate.binning_data.json,63060051,2025-12-03 15:06:39.259,2025-12-03 14:01:06.125,,106.0,56.0,,UTC-0300,tWUO8ZL77Z,,com.sec.android.app.shealth,2025-12-03 14:59:59.999,132335c5-fe40-465c-b9e3-622fc30001c8,71.0,
,21313,63060051,1,2025-12-03 15:00:00.000,,d12aeafc-0a6a-4305-9f5b-c9da81de34d0.com.samsung.health.heart_rate.binning_data.json,63060051,2025-12-03 16:02:14.798,2025-12-03 15:07:34.332,,86.0,55.0,,UTC-0300,tWUO8ZL77Z,,com.sec.android.app.shealth,2025-12-03 15:59:59.999,d12aeafc-0a6a-4305-9f5b-c9da81de34d0,68.0,
,21313,63060051,1,2025-12-03 16:00:00.000,,e871480d-9026-48ab-9ce5-0f5ee0d9dac9.com.samsung.health.heart_rate.binning_data.json,63060051,2025-12-03 17:02:44.349,2025-12-03 16:02:14.955,,84.0,55.0,,UTC-0300,tWUO8ZL77Z,,com.sec.android.app.shealth,2025-12-03 16:59:59.999,e871480d-9026-48ab-9ce5-0f5ee0d9dac9,67.0,
,21313,63060051,1,2025-12-03 17:00:00.000,,56de4a49-8576-425d-853c-05ffa8860ca3.com.samsung.health.heart_rate.binning_data.json,63060051,2025-12-03 18:04:45.077,2025-12-03 17:02:44.559,,91.0,54.0,,UTC-0300,tWUO8ZL77Z,,com.sec.android.app.shealth,2025-12-03 17:59:59.999,56de4a49-8576-425d-853c-05ffa8860ca3,70.0,
,21313,63060051,1,2025-12-03 18:00:00.000,,40afc900-7925-48a6-adb6-d5c37d5d5d28.com.samsung.health.heart_rate.binning_data.json,63060051,2025-12-03 19:01:14.130,2025-12-03 18:04:45.252,,91.0,63.0,,UTC-0300,tWUO8ZL77Z,,com.sec.android.app.shealth,2025-12-03 18:59:59.999,40afc900-7925-48a6-adb6-d5c37d5d5d28,73.0,
,21313,63060051,1,2025-12-03 19:00:00.000,,a9c0d71f-4352-4764-8814-2ce76a4e0f0a.com.samsung.health.heart_rate.binning_data.json,63060051,2025-12-03 20:01:27.644,2025-12-03 19:01:14.303,,135.0,67.0,,UTC-0300,tWUO8ZL77Z,,com.sec.android.app.shealth,2025-12-03 19:59:59.999,a9c0d71f-4352-4764-8814-2ce76a4e0f0a,84.0,
,21313,63060051,1,2025-12-03 20:00:00.000,,06883965-0009-4a28-9d87-4b9ff02f887a.com.samsung.health.heart_rate.binning_data.json,63060051,2025-12-03 21:01:52.839,2025-12-03 20:01:27.789,,145.0,63.0,,UTC-0300,tWUO8ZL77Z,,com.sec.android.app.shealth,2025-12-03 20:59:59.999,06883965-0009-4a28-9d87-4b9ff02f887a,91.0,
,21313,63060051,1,2025-12-03 21:00:00.000,,301e0a16-c22b-48be-b11f-f28a4fcde293.com.samsung.health.heart_rate.binning_data.json,63060051,2025-12-03 22:01:52.841,2025-12-03 21:01:52.912,,138.0,57.0,,UTC-0300,tWUO8ZL77Z,,com.sec.android.app.shealth,2025-12-03 21:59:59.999,301e0a16-c22b-48be-b11f-f28a4fcde293,76.0,
,21313,63060051,1,2025-12-03 23:00:00.000,,004f4e2b-6417-462b-9b01-c1cf2511a57e.com.samsung.health.heart_rate.binning_data.json,63060051,2025-12-04 00:59:26.727,2025-12-03 23:01:53.669,,149.0,62.0,,UTC-0300,tWUO8ZL77Z,,com.sec.android.app.shealth,2025-12-03 23:59:59.999,004f4e2b-6417-462b-9b01-c1cf2511a57e,98.0,
,21313,63060051,1,2025-12-03 22:00:00.000,,17c2f024-5968-48de-ba6d-2a2e5e717631.com.samsung.health.heart_rate.binning_data.json,63060051,2025-12-03 23:01:53.373,2025-12-03 22:01:53.375,,150.0,68.0,,UTC-0300,tWUO8ZL77Z,,com.sec.android.app.shealth,2025-12-03 22:59:59.999,17c2f024-5968-48de-ba6d-2a2e5e717631,121.0,
,21313,63060051,1,2025-12-04 00:00:00.000,,e1e85caf-b8b2-4199-b656-61ee121a0210.com.samsung.health.heart_rate.binning_data.json,63060051,2025-12-04 01:03:13.525,2025-12-04 00:59:27.048,,73.0,64.0,,UTC-0300,tWUO8ZL77Z,,com.sec.android.app.shealth,2025-12-04 00:59:59.999,e1e85caf-b8b2-4199-b656-61ee121a0210,66.0,
,21313,63060051,1,2025-12-04 01:00:00.000,,e049546a-885f-42b8-bf41-b43ebed99e01.com.samsung.health.heart_rate.binning_data.json,63060051,2025-12-04 02:05:03.253,2025-12-04 01:03:13.699,,85.0,50.0,,UTC-0300,tWUO8ZL77Z,,com.sec.android.app.shealth,2025-12-04 01:59:59.999,e049546a-885f-42b8-bf41-b43ebed99e01,58.0,
,21313,63060051,1,2025-12-04 02:00:00.000,,24813dea-e075-4476-a859-2ce22d5dac31.com.samsung.health.heart_rate.binning_data.json,63060051,2025-12-04 03:05:04.379,2025-12-04 02:09:23.162,,71.0,50.0,,UTC-0300,tWUO8ZL77Z,,com.sec.android.app.shealth,2025-12-04 02:59:59.999,24813dea-e075-4476-a859-2ce22d5dac31,54.0,
,21313,63060051,1,2025-12-04 03:00:00.000,,0de3b0b3-a23c-456c-8cf5-4eacaa97d672.com.samsung.health.heart_rate.binning_data.json,63060051,2025-12-04 04:05:03.421,2025-12-04 03:07:58.720,,63.0,46.0,,UTC-0300,tWUO8ZL77Z,,com.sec.android.app.shealth,2025-12-04 03:59:59.999,0de3b0b3-a23c-456c-8cf5-4eacaa97d672,52.0,
,21313,63060051,1,2025-12-04 06:00:00.000,,6b2ba8d7-8bf5-4cef-b87c-cfd3e8a866cd.com.samsung.health.heart_rate.binning_data.json,63060051,2025-12-04 07:10:16.940,2025-12-04 06:06:29.442,,72.0,51.0,,UTC-0300,tWUO8ZL77Z,,com.sec.android.app.shealth,2025-12-04 06:59:59.999,6b2ba8d7-8bf5-4cef-b87c-cfd3e8a866cd,53.0,
,21313,63060051,1,2025-12-04 04:00:00.000,,8317da6e-dd79-4542-a562-65396abc087a.com.samsung.health.heart_rate.binning_data.json,63060051,2025-12-04 05:08:08.388,2025-12-04 04:05:03.625,,60.0,49.0,,UTC-0300,tWUO8ZL77Z,,com.sec.android.app.shealth,2025-12-04 04:59:59.999,8317da6e-dd79-4542-a562-65396abc087a,53.0,
,21313,63060051,1,2025-12-04 05:00:00.000,,800b3536-611e-4442-818f-bdff2fc535f7.com.samsung.health.heart_rate.binning_data.json,63060051,2025-12-04 06:05:11.611,2025-12-04 05:08:20.432,,80.0,45.0,,UTC-0300,tWUO8ZL77Z,,com.sec.android.app.shealth,2025-12-04 05:59:59.999,800b3536-611e-4442-818f-bdff2fc535f7,52.0,
,21313,63060051,1,2025-12-04 07:00:00.000,,d20a2c1a-1805-4cb9-907d-724a26ae6aa9.com.samsung.health.heart_rate.binning_data.json,63060051,2025-12-04 08:05:38.251,2025-12-04 07:10:19.219,,65.0,44.0,,UTC-0300,tWUO8ZL77Z,,com.sec.android.app.shealth,2025-12-04 07:59:59.999,d20a2c1a-1805-4cb9-907d-724a26ae6aa9,50.0,
,21313,63060051,1,2025-12-04 08:00:00.000,,6e30d3d2-b5c3-410f-b3c3-054fab255cba.com.samsung.health.heart_rate.binning_data.json,63060051,2025-12-04 09:05:52.075,2025-12-04 08:08:09.340,,77.0,44.0,,UTC-0300,tWUO8ZL77Z,,com.sec.android.app.shealth,2025-12-04 08:59:59.999,6e30d3d2-b5c3-410f-b3c3-054fab255cba,50.0,
,21313,63060051,1,2025-12-04 09:00:00.000,,d4912e08-e647-4307-a686-e4f0846dd77b.com.samsung.health.heart_rate.binning_data.json,63060051,2025-12-04 10:05:02.434,2025-12-04 09:10:05.443,,74.0,47.0,,UTC-0300,tWUO8ZL77Z,,com.sec.android.app.shealth,2025-12-04 09:59:59.999,d4912e08-e647-4307-a686-e4f0846dd77b,51.0,
,21313,63060051,1,2025-12-04 10:00:00.000,,8fd8b1ae-0033-435b-86c2-84d09cf52903.com.samsung.health.heart_rate.binning_data.json,63060051,2025-12-04 11:03:02.077,2025-12-04 10:07:48.872,,74.0,46.0,,UTC-0300,tWUO8ZL77Z,,com.sec.android.app.shealth,2025-12-04 10:59:59.999,8fd8b1ae-0033-435b-86c2-84d09cf52903,53.0,
,21313,63060051,1,2025-12-04 11:00:00.000,,54c8e483-2fff-4d19-86d7-d2a0a62b11d1.com.samsung.health.heart_rate.binning_data.json,63060051,2025-12-04 12:01:14.665,2025-12-04 11:03:02.264,,85.0,50.0,,UTC-0300,tWUO8ZL77Z,,com.sec.android.app.shealth,2025-12-04 11:59:59.999,54c8e483-2fff-4d19-86d7-d2a0a62b11d1,58.0,
,21313,63060051,1,2025-12-04 12:00:00.000,,2c9e8a46-d533-47ea-866d-8b045e0c0783.com.samsung.health.heart_rate.binning_data.json,63060051,2025-12-04 13:00:23.423,2025-12-04 12:01:14.806,,102.0,56.0,,UTC-0300,tWUO8ZL77Z,,com.sec.android.app.shealth,2025-12-04 12:59:59.999,2c9e8a46-d533-47ea-866d-8b045e0c0783,71.0,
,21316,63060051,1,2025-12-04 03:03:59.624,,,63060051,2025-12-05 00:35:17.927,2025-12-04 12:22:45.120,,,,,UTC-0300,tWUO8ZL77Z,,com.sec.android.app.shealth,2025-12-04 03:03:59.624,a5f5a40e-e58f-4f4d-bd08-9ddec5f6332e,55.0,
,21313,63060051,1,2025-12-04 13:00:00.000,,278fc1f8-1440-4a3f-8a73-de97ffe17cbb.com.samsung.health.heart_rate.binning_data.json,63060051,2025-12-04 14:01:55.014,2025-12-04 13:06:51.867,,101.0,60.0,,UTC-0300,tWUO8ZL77Z,,com.sec.android.app.shealth,2025-12-04 13:59:59.999,278fc1f8-1440-4a3f-8a73-de97ffe17cbb,84.0,
,21313,63060051,1,2025-12-04 14:00:00.000,,3228ff89-9b95-4807-97fb-4884a9d79429.com.samsung.health.heart_rate.binning_data.json,63060051,2025-12-04 15:01:38.537,2025-12-04 14:01:55.127,,111.0,61.0,,UTC-0300,tWUO8ZL77Z,,com.sec.android.app.shealth,2025-12-04 14:59:59.999,3228ff89-9b95-4807-97fb-4884a9d79429,82.0,
,21313,63060051,1,2025-12-04 16:00:00.000,,c7a823ab-4e72-4b9f-b84e-599435ed1c0e.com.samsung.health.heart_rate.binning_data.json,63060051,2025-12-04 17:06:43.562,2025-12-04 16:05:03.641,,125.0,60.0,,UTC-0300,tWUO8ZL77Z,,com.sec.android.app.shealth,2025-12-04 16:59:59.999,c7a823ab-4e72-4b9f-b84e-599435ed1c0e,82.0,
,21313,63060051,1,2025-12-04 15:00:00.000,,d686bf0c-d9a5-4b65-b47d-1455fafa0f16.com.samsung.health.heart_rate.binning_data.json,63060051,2025-12-04 16:05:03.387,2025-12-04 15:01:38.647,,88.0,53.0,,UTC-0300,tWUO8ZL77Z,,com.sec.android.app.shealth,2025-12-04 15:59:59.999,d686bf0c-d9a5-4b65-b47d-1455fafa0f16,68.0,
,21313,63060051,1,2025-12-04 17:00:00.000,,3dfd7ce8-5d2e-4f0c-9e13-4570b04a5df0.com.samsung.health.heart_rate.binning_data.json,63060051,2025-12-04 18:03:55.022,2025-12-04 17:06:43.740,,92.0,55.0,,UTC-0300,tWUO8ZL77Z,,com.sec.android.app.shealth,2025-12-04 17:59:59.999,3dfd7ce8-5d2e-4f0c-9e13-4570b04a5df0,77.0,
,21313,63060051,1,2025-12-04 18:00:00.000,,7779564d-c122-41e3-9e46-2d4b355dea03.com.samsung.health.heart_rate.binning_data.json,63060051,2025-12-04 19:02:31.359,2025-12-04 18:03:55.176,,90.0,59.0,,UTC-0300,tWUO8ZL77Z,,com.sec.android.app.shealth,2025-12-04 18:59:59.999,7779564d-c122-41e3-9e46-2d4b355dea03,70.0,
,21313,63060051,1,2025-12-04 19:00:00.000,,947954f5-3f6d-4b82-a191-07e81b2aec51.com.samsung.health.heart_rate.binning_data.json,63060051,2025-12-04 20:00:45.764,2025-12-04 19:02:31.481,,97.0,61.0,,UTC-0300,tWUO8ZL77Z,,com.sec.android.app.shealth,2025-12-04 19:59:59.999,947954f5-3f6d-4b82-a191-07e81b2aec51,78.0,
,21313,63060051,1,2025-12-04 20:00:00.000,,2d903021-eedb-4c35-a187-e64671b7beb0.com.samsung.health.heart_rate.binning_data.json,63060051,2025-12-04 21:02:05.283,2025-12-04 20:40:24.527,,94.0,57.0,,UTC-0300,tWUO8ZL77Z,,com.sec.android.app.shealth,2025-12-04 20:59:59.999,2d903021-eedb-4c35-a187-e64671b7beb0,73.0,
,21313,63060051,1,2025-12-04 21:00:00.000,,583deb08-b8d5-4c20-8513-407efb77b4c4.com.samsung.health.heart_rate.binning_data.json,63060051,2025-12-04 22:02:44.096,2025-12-04 21:02:05.451,,95.0,68.0,,UTC-0300,tWUO8ZL77Z,,com.sec.android.app.shealth,2025-12-04 21:59:59.999,583deb08-b8d5-4c20-8513-407efb77b4c4,78.0,
,21313,63060051,1,2025-12-04 22:00:00.000,,e9f8f8c3-7ecc-4418-ad81-1ad0cd99fdd1.com.samsung.health.heart_rate.binning_data.json,63060051,2025-12-04 23:24:02.479,2025-12-04 22:02:44.168,,89.0,66.0,,UTC-0300,tWUO8ZL77Z,,com.sec.android.app.shealth,2025-12-04 22:59:59.999,e9f8f8c3-7ecc-4418-ad81-1ad0cd99fdd1,75.0,
,21313,63060051,1,2025-12-04 23:00:00.000,,d24b66c3-ba60-4c53-98a5-479194092f2b.com.samsung.health.heart_rate.binning_data.json,63060051,2025-12-05 00:04:43.391,2025-12-04 23:24:02.653,,88.0,59.0,,UTC-0300,tWUO8ZL77Z,,com.sec.android.app.shealth,2025-12-04 23:59:59.999,d24b66c3-ba60-4c53-98a5-479194092f2b,71.0,
,21313,63060051,1,2025-12-05 00:00:00.000,,5a1f26aa-bdd5-4e3f-a068-cc3dd133aaf9.com.samsung.health.heart_rate.binning_data.json,63060051,2025-12-05 12:53:39.625,2025-12-05 00:04:43.574,,83.0,55.0,,UTC-0300,tWUO8ZL77Z,,com.sec.android.app.shealth,2025-12-05 00:59:59.999,5a1f26aa-bdd5-4e3f-a068-cc3dd133aaf9,68.0,
,21313,63060051,1,2025-12-05 12:00:00.000,,d6af1fd5-898b-40c5-ac43-560873a3730b.com.samsung.health.heart_rate.binning_data.json,63060051,2025-12-05 13:00:29.663,2025-12-05 12:53:39.777,,85.0,43.0,,UTC-0300,tWUO8ZL77Z,,com.sec.android.app.shealth,2025-12-05 12:59:59.999,d6af1fd5-898b-40c5-ac43-560873a3730b,73.0,
,21313,63060051,1,2025-12-05 13:00:00.000,,1214304e-068f-43e7-818a-2ccaa60b0773.com.samsung.health.heart_rate.binning_data.json,63060051,2025-12-05 14:01:16.501,2025-12-05 14:01:16.501,,96.0,56.0,,UTC-0300,tWUO8ZL77Z,,com.sec.android.app.shealth,2025-12-05 13:59:59.999,1214304e-068f-43e7-818a-2ccaa60b0773,76.0,
,21313,63060051,1,2025-12-05 14:00:00.000,,b203fbea-71f4-4d65-840a-6b70b6150d39.com.samsung.health.heart_rate.binning_data.json,63060051,2025-12-05 15:01:00.718,2025-12-05 14:01:16.564,,92.0,57.0,,UTC-0300,tWUO8ZL77Z,,com.sec.android.app.shealth,2025-12-05 14:59:59.999,b203fbea-71f4-4d65-840a-6b70b6150d39,72.0,
,21313,63060051,1,2025-12-05 15:00:00.000,,55d403af-559b-4a3e-b7bb-f5fc2a2bd6a9.com.samsung.health.heart_rate.binning_data.json,63060051,2025-12-05 16:03:24.955,2025-12-05 15:01:00.841,,97.0,55.0,,UTC-0300,tWUO8ZL77Z,,com.sec.android.app.shealth,2025-12-05 15:59:59.999,55d403af-559b-4a3e-b7bb-f5fc2a2bd6a9,74.0,
,21313,63060051,1,2025-12-05 16:00:00.000,,fa79f387-a100-4696-8371-2f83d7df0955.com.samsung.health.heart_rate.binning_data.json,63060051,2025-12-05 17:05:03.804,2025-12-05 16:03:25.098,,104.0,67.0,,UTC-0300,tWUO8ZL77Z,,com.sec.android.app.shealth,2025-12-05 16:59:59.999,fa79f387-a100-4696-8371-2f83d7df0955,83.0,
,21313,63060051,1,2025-12-05 17:00:00.000,,b6bfcc5c-7d2a-4e50-8165-9dfe5225ce98.com.samsung.health.heart_rate.binning_data.json,63060051,2025-12-05 18:03:16.749,2025-12-05 17:05:34.136,,94.0,67.0,,UTC-0300,tWUO8ZL77Z,,com.sec.android.app.shealth,2025-12-05 17:59:59.999,b6bfcc5c-7d2a-4e50-8165-9dfe5225ce98,80.0,
,21313,63060051,1,2025-12-05 18:00:00.000,,bb0a155c-13fb-423e-a238-25645c6967c8.com.samsung.health.heart_rate.binning_data.json,63060051,2025-12-05 19:08:34.129,2025-12-05 18:03:17.071,,100.0,61.0,,UTC-0300,tWUO8ZL77Z,,com.sec.android.app.shealth,2025-12-05 18:59:59.999,bb0a155c-13fb-423e-a238-25645c6967c8,83.0,
,21313,63060051,1,2025-12-05 19:00:00.000,,43caa69e-f6a2-4098-8f59-a8bc3760137e.com.samsung.health.heart_rate.binning_data.json,63060051,2025-12-05 20:04:37.913,2025-12-05 19:08:34.452,,112.0,75.0,,UTC-0300,tWUO8ZL77Z,,com.sec.android.app.shealth,2025-12-05 19:59:59.999,43caa69e-f6a2-4098-8f59-a8bc3760137e,90.0,
,21313,63060051,1,2025-12-05 21:00:00.000,,39f005bd-b1ba-460c-b53b-4d12470ec6b9.com.samsung.health.heart_rate.binning_data.json,63060051,2025-12-05 22:01:00.009,2025-12-05 21:07:07.617,,97.0,62.0,,UTC-0300,tWUO8ZL77Z,,com.sec.android.app.shealth,2025-12-05 21:59:59.999,39f005bd-b1ba-460c-b53b-4d12470ec6b9,81.0,
,21313,63060051,1,2025-12-05 20:00:00.000,,608ce6ed-8aeb-4b21-bb00-8b8dec80a773.com.samsung.health.heart_rate.binning_data.json,63060051,2025-12-05 21:07:04.238,2025-12-05 20:04:39.479,,110.0,71.0,,UTC-0300,tWUO8ZL77Z,,com.sec.android.app.shealth,2025-12-05 20:59:59.999,608ce6ed-8aeb-4b21-bb00-8b8dec80a773,91.0,
,21313,63060051,1,2025-12-05 22:00:00.000,,94652adf-f766-4d72-8df6-1164952d3a55.com.samsung.health.heart_rate.binning_data.json,63060051,2025-12-05 23:08:11.520,2025-12-05 22:01:00.088,,90.0,51.0,,UTC-0300,tWUO8ZL77Z,,com.sec.android.app.shealth,2025-12-05 22:59:59.999,94652adf-f766-4d72-8df6-1164952d3a55,69.0,
,21313,63060051,1,2025-12-05 23:00:00.000,,b3efbd89-9a91-44c0-8170-dfb60e3654d3.com.samsung.health.heart_rate.binning_data.json,63060051,2025-12-06 01:50:14.132,2025-12-05 23:09:08.724,,82.0,58.0,,UTC-0300,tWUO8ZL77Z,,com.sec.android.app.shealth,2025-12-05 23:59:59.999,b3efbd89-9a91-44c0-8170-dfb60e3654d3,67.0,
,21313,63060051,1,2025-12-06 01:00:00.000,,1b29f1ea-adb7-45df-983f-eadfa29ec1b4.com.samsung.health.heart_rate.binning_data.json,63060051,2025-12-06 02:05:01.905,2025-12-06 01:52:20.713,,68.0,58.0,,UTC-0300,tWUO8ZL77Z,,com.sec.android.app.shealth,2025-12-06 01:59:59.999,1b29f1ea-adb7-45df-983f-eadfa29ec1b4,61.0,
,21316,63060051,1,2025-12-06 01:40:30.218,,,63060051,2025-12-06 02:31:08.802,2025-12-06 01:54:59.905,,,,,UTC-0300,tWUO8ZL77Z,,com.sec.android.app.shealth,2025-12-06 01:40:30.218,986a7a41-5013-492d-9a32-b3af11c947f4,59.0,
,21313,63060051,1,2025-12-06 02:00:00.000,,29171018-ac90-49e9-b756-cb89d24afe75.com.samsung.health.heart_rate.binning_data.json,63060051,2025-12-06 03:05:01.670,2025-12-06 02:06:30.490,,88.0,52.0,,UTC-0300,tWUO8ZL77Z,,com.sec.android.app.shealth,2025-12-06 02:59:59.999,29171018-ac90-49e9-b756-cb89d24afe75,60.0,
,21313,63060051,1,2025-12-06 03:00:00.000,,4e1044a8-d345-48e8-bbac-b323ae116b8e.com.samsung.health.heart_rate.binning_data.json,63060051,2025-12-06 04:05:02.416,2025-12-06 03:07:55.057,,71.0,49.0,,UTC-0300,tWUO8ZL77Z,,com.sec.android.app.shealth,2025-12-06 03:59:59.999,4e1044a8-d345-48e8-bbac-b323ae116b8e,54.0,
,21316,63060051,1,2025-12-06 04:10:30.990,,,63060051,2025-12-07 02:49:52.261,2025-12-06 03:45:01.910,,,,,UTC-0300,tWUO8ZL77Z,,com.sec.android.app.shealth,2025-12-06 04:10:30.990,b04be415-757f-4cd8-ba30-4d3630ae1860,50.0,
,21313,63060051,1,2025-12-06 04:00:00.000,,d33116c5-09f2-4995-91cc-ec3fd45af902.com.samsung.health.heart_rate.binning_data.json,63060051,2025-12-06 05:05:52.332,2025-12-06 04:07:03.188,,80.0,48.0,,UTC-0300,tWUO8ZL77Z,,com.sec.android.app.shealth,2025-12-06 04:59:59.999,d33116c5-09f2-4995-91cc-ec3fd45af902,54.0,
,21313,63060051,1,2025-12-06 05:00:00.000,,16470d87-5ca5-4064-a886-8a918113fcb7.com.samsung.health.heart_rate.binning_data.json,63060051,2025-12-06 06:07:12.955,2025-12-06 05:06:01.231,,67.0,45.0,,UTC-0300,tWUO8ZL77Z,,com.sec.android.app.shealth,2025-12-06 05:59:59.999,16470d87-5ca5-4064-a886-8a918113fcb7,52.0,
,21313,63060051,1,2025-12-06 06:00:00.000,,0d9b3259-9ad8-4325-8038-4fc8f848c77e.com.samsung.health.heart_rate.binning_data.json,63060051,2025-12-06 07:05:49.825,2025-12-06 06:07:18.109,,69.0,48.0,,UTC-0300,tWUO8ZL77Z,,com.sec.android.app.shealth,2025-12-06 06:59:59.999,0d9b3259-9ad8-4325-8038-4fc8f848c77e,51.0,
,21313,63060051,1,2025-12-06 07:00:00.000,,334e4b31-314b-4cc1-a958-e32cc5756960.com.samsung.health.heart_rate.binning_data.json,63060051,2025-12-06 08:07:09.531,2025-12-06 07:07:45.034,,67.0,41.0,,UTC-0300,tWUO8ZL77Z,,com.sec.android.app.shealth,2025-12-06 07:59:59.999,334e4b31-314b-4cc1-a958-e32cc5756960,49.0,
,21313,63060051,1,2025-12-06 08:00:00.000,,a5ebea0a-c219-428b-a647-4e0a40de0a87.com.samsung.health.heart_rate.binning_data.json,63060051,2025-12-06 09:07:53.594,2025-12-06 08:07:24.375,,64.0,45.0,,UTC-0300,tWUO8ZL77Z,,com.sec.android.app.shealth,2025-12-06 08:59:59.999,a5ebea0a-c219-428b-a647-4e0a40de0a87,48.0,
,21313,63060051,1,2025-12-06 09:00:00.000,,e56d9abe-5704-451c-b74c-c4ce7851eb9b.com.samsung.health.heart_rate.binning_data.json,63060051,2025-12-06 10:10:21.768,2025-12-06 09:07:54.100,,70.0,41.0,,UTC-0300,tWUO8ZL77Z,,com.sec.android.app.shealth,2025-12-06 09:59:59.999,e56d9abe-5704-451c-b74c-c4ce7851eb9b,49.0,
,21313,63060051,1,2025-12-06 10:00:00.000,,0c7404ef-4c07-4e18-9bf1-b9f177de17d2.com.samsung.health.heart_rate.binning_data.json,63060051,2025-12-06 11:04:47.644,2025-12-06 10:11:27.473,,74.0,45.0,,UTC-0300,tWUO8ZL77Z,,com.sec.android.app.shealth,2025-12-06 10:59:59.999,0c7404ef-4c07-4e18-9bf1-b9f177de17d2,51.0,
,21313,63060051,1,2025-12-06 11:00:00.000,,0ab4f21d-439f-4683-a15e-7c21c8445b2c.com.samsung.health.heart_rate.binning_data.json,63060051,2025-12-06 12:01:37.521,2025-12-06 11:04:47.894,,86.0,47.0,,UTC-0300,tWUO8ZL77Z,,com.sec.android.app.shealth,2025-12-06 11:59:59.999,0ab4f21d-439f-4683-a15e-7c21c8445b2c,58.0,
,21313,63060051,1,2025-12-06 12:00:00.000,,5a2df088-c71c-4816-843b-db6a68c2c05e.com.samsung.health.heart_rate.binning_data.json,63060051,2025-12-06 13:02:23.586,2025-12-06 12:01:37.991,,93.0,59.0,,UTC-0300,tWUO8ZL77Z,,com.sec.android.app.shealth,2025-12-06 12:59:59.999,5a2df088-c71c-4816-843b-db6a68c2c05e,70.0,
,21313,63060051,1,2025-12-06 13:00:00.000,,2872aa0c-5d69-42c4-8c5e-36e14e42bcf2.com.samsung.health.heart_rate.binning_data.json,63060051,2025-12-06 14:02:20.092,2025-12-06 13:02:23.730,,99.0,56.0,,UTC-0300,tWUO8ZL77Z,,com.sec.android.app.shealth,2025-12-06 13:59:59.999,2872aa0c-5d69-42c4-8c5e-36e14e42bcf2,71.0,
,21313,63060051,1,2025-12-06 14:00:00.000,,faaf8dea-fe8c-43a2-a3fe-3f857a1407bd.com.samsung.health.heart_rate.binning_data.json,63060051,2025-12-06 15:05:03.471,2025-12-06 14:02:20.279,,87.0,54.0,,UTC-0300,tWUO8ZL77Z,,com.sec.android.app.shealth,2025-12-06 14:59:59.999,faaf8dea-fe8c-43a2-a3fe-3f857a1407bd,69.0,
,21313,63060051,1,2025-12-06 15:00:00.000,,c75d99af-b49b-4bbd-8f7e-96cd6b9ecd0c.com.samsung.health.heart_rate.binning_data.json,63060051,2025-12-06 16:03:42.604,2025-12-06 15:05:05.275,,90.0,60.0,,UTC-0300,tWUO8ZL77Z,,com.sec.android.app.shealth,2025-12-06 15:59:59.999,c75d99af-b49b-4bbd-8f7e-96cd6b9ecd0c,73.0,
,21313,63060051,1,2025-12-06 16:00:00.000,,17c9d08c-28de-41d0-a47b-14ff9d9e9fcc.com.samsung.health.heart_rate.binning_data.json,63060051,2025-12-06 17:02:57.449,2025-12-06 16:03:42.895,,97.0,59.0,,UTC-0300,tWUO8ZL77Z,,com.sec.android.app.shealth,2025-12-06 16:59:59.999,17c9d08c-28de-41d0-a47b-14ff9d9e9fcc,73.0,
,21313,63060051,1,2025-12-06 17:00:00.000,,15366882-18ae-4f46-b8b4-1b43f4895cf8.com.samsung.health.heart_rate.binning_data.json,63060051,2025-12-06 18:01:53.329,2025-12-06 17:02:57.564,,93.0,73.0,,UTC-0300,tWUO8ZL77Z,,com.sec.android.app.shealth,2025-12-06 17:59:59.999,15366882-18ae-4f46-b8b4-1b43f4895cf8,85.0,
,21313,63060051,1,2025-12-06 18:00:00.000,,50ed41be-4d62-440a-9d31-88d60723e076.com.samsung.health.heart_rate.binning_data.json,63060051,2025-12-06 19:02:05.944,2025-12-06 18:01:53.435,,108.0,67.0,,UTC-0300,tWUO8ZL77Z,,com.sec.android.app.shealth,2025-12-06 18:59:59.999,50ed41be-4d62-440a-9d31-88d60723e076,84.0,
,21313,63060051,1,2025-12-06 19:00:00.000,,677bcb99-0886-417f-85f7-ac4a828143ed.com.samsung.health.heart_rate.binning_data.json,63060051,2025-12-06 20:01:06.904,2025-12-06 19:02:06.161,,120.0,72.0,,UTC-0300,tWUO8ZL77Z,,com.sec.android.app.shealth,2025-12-06 19:59:59.999,677bcb99-0886-417f-85f7-ac4a828143ed,93.0,
,21313,63060051,1,2025-12-06 20:00:00.000,,070d8ee9-46a0-4515-969e-f5cc5a5a41a4.com.samsung.health.heart_rate.binning_data.json,63060051,2025-12-06 21:00:40.451,2025-12-06 20:01:06.998,,114.0,73.0,,UTC-0300,tWUO8ZL77Z,,com.sec.android.app.shealth,2025-12-06 20:59:59.999,070d8ee9-46a0-4515-969e-f5cc5a5a41a4,89.0,
,21313,63060051,1,2025-12-06 21:00:00.000,,c6698bf9-ed22-469b-a8a3-5c0a9f3dcb18.com.samsung.health.heart_rate.binning_data.json,63060051,2025-12-06 22:05:08.262,2025-12-06 21:25:01.807,,114.0,70.0,,UTC-0300,tWUO8ZL77Z,,com.sec.android.app.shealth,2025-12-06 21:59:59.999,c6698bf9-ed22-469b-a8a3-5c0a9f3dcb18,85.0,
,21313,63060051,1,2025-12-06 22:00:00.000,,4ffb27c5-aa3e-42c7-94ed-4aee79bf7106.com.samsung.health.heart_rate.binning_data.json,63060051,2025-12-06 23:02:22.705,2025-12-06 22:05:08.426,,119.0,65.0,,UTC-0300,tWUO8ZL77Z,,com.sec.android.app.shealth,2025-12-06 22:59:59.999,4ffb27c5-aa3e-42c7-94ed-4aee79bf7106,78.0,
,21313,63060051,1,2025-12-06 23:00:00.000,,8712b8b0-5f60-440b-a7fb-b0feca3c0de6.com.samsung.health.heart_rate.binning_data.json,63060051,2025-12-07 00:02:56.589,2025-12-06 23:02:22.835,,93.0,65.0,,UTC-0300,tWUO8ZL77Z,,com.sec.android.app.shealth,2025-12-06 23:59:59.999,8712b8b0-5f60-440b-a7fb-b0feca3c0de6,77.0,
,21313,63060051,1,2025-12-07 00:00:00.000,,f43a0092-2a86-49ee-af86-6579b68b5671.com.samsung.health.heart_rate.binning_data.json,63060051,2025-12-07 01:03:22.569,2025-12-07 00:02:56.698,,94.0,69.0,,UTC-0300,tWUO8ZL77Z,,com.sec.android.app.shealth,2025-12-07 00:59:59.999,f43a0092-2a86-49ee-af86-6579b68b5671,81.0,
,21313,63060051,1,2025-12-07 02:00:00.000,,e2ba6c99-6753-4ad8-8745-c4b4c55780c2.com.samsung.health.heart_rate.binning_data.json,63060051,2025-12-07 03:08:13.537,2025-12-07 02:08:24.162,,80.0,56.0,,UTC-0300,tWUO8ZL77Z,,com.sec.android.app.shealth,2025-12-07 02:59:59.999,e2ba6c99-6753-4ad8-8745-c4b4c55780c2,62.0,
,21313,63060051,1,2025-12-07 03:00:00.000,,918adf26-e860-4140-bb3c-c8058a75f950.com.samsung.health.heart_rate.binning_data.json,63060051,2025-12-07 04:05:49.225,2025-12-07 03:08:14.066,,75.0,50.0,,UTC-0300,tWUO8ZL77Z,,com.sec.android.app.shealth,2025-12-07 03:59:59.999,918adf26-e860-4140-bb3c-c8058a75f950,59.0,
,21313,63060051,1,2025-12-07 04:00:00.000,,58774ddb-dcab-4f17-8f55-9c884257b796.com.samsung.health.heart_rate.binning_data.json,63060051,2025-12-07 05:10:17.269,2025-12-07 04:05:49.694,,68.0,50.0,,UTC-0300,tWUO8ZL77Z,,com.sec.android.app.shealth,2025-12-07 04:59:59.999,58774ddb-dcab-4f17-8f55-9c884257b796,54.0,
,21313,63060051,1,2025-12-07 01:00:00.000,,8e525850-4307-4d62-bdd1-b926ab908191.com.samsung.health.heart_rate.binning_data.json,63060051,2025-12-07 02:07:59.182,2025-12-07 01:03:22.680,,98.0,52.0,,UTC-0300,tWUO8ZL77Z,,com.sec.android.app.shealth,2025-12-07 01:59:59.999,8e525850-4307-4d62-bdd1-b926ab908191,79.0,
,21316,63060051,1,2025-12-07 04:30:35.708,,,63060051,2025-12-08 02:55:00.863,2025-12-07 04:35:01.355,,,,,UTC-0300,tWUO8ZL77Z,,com.sec.android.app.shealth,2025-12-07 04:30:35.708,8257cc56-6c12-4dfa-8aac-7f26f326ea63,53.0,
,21313,63060051,1,2025-12-07 05:00:00.000,,1b83c88a-52ca-49f6-8097-44c94202f246.com.samsung.health.heart_rate.binning_data.json,63060051,2025-12-07 06:05:11.222,2025-12-07 05:15:00.658,,68.0,47.0,,UTC-0300,tWUO8ZL77Z,,com.sec.android.app.shealth,2025-12-07 05:59:59.999,1b83c88a-52ca-49f6-8097-44c94202f246,55.0,
,21313,63060051,1,2025-12-07 07:00:00.000,,acd20ee8-dff9-406f-b316-ff2c3ba727c8.com.samsung.health.heart_rate.binning_data.json,63060051,2025-12-07 08:05:02.342,2025-12-07 07:09:13.779,,67.0,43.0,,UTC-0300,tWUO8ZL77Z,,com.sec.android.app.shealth,2025-12-07 07:59:59.999,acd20ee8-dff9-406f-b316-ff2c3ba727c8,50.0,
,21313,63060051,1,2025-12-07 06:00:00.000,,3b664919-e805-4d60-b643-09790f7c0eb2.com.samsung.health.heart_rate.binning_data.json,63060051,2025-12-07 07:06:49.454,2025-12-07 06:05:40.638,,69.0,46.0,,UTC-0300,tWUO8ZL77Z,,com.sec.android.app.shealth,2025-12-07 06:59:59.999,3b664919-e805-4d60-b643-09790f7c0eb2,52.0,
,21313,63060051,1,2025-12-07 08:00:00.000,,fe16b3bd-7096-48e6-a0dd-8dd0051b9b4d.com.samsung.health.heart_rate.binning_data.json,63060051,2025-12-07 09:05:59.361,2025-12-07 08:05:34.437,,68.0,43.0,,UTC-0300,tWUO8ZL77Z,,com.sec.android.app.shealth,2025-12-07 08:59:59.999,fe16b3bd-7096-48e6-a0dd-8dd0051b9b4d,49.0,
,21313,63060051,1,2025-12-07 09:00:00.000,,795377ad-cd98-4d6f-abde-d200b5737e31.com.samsung.health.heart_rate.binning_data.json,63060051,2025-12-07 10:03:22.855,2025-12-07 09:06:12.474,,70.0,43.0,,UTC-0300,tWUO8ZL77Z,,com.sec.android.app.shealth,2025-12-07 09:59:59.999,795377ad-cd98-4d6f-abde-d200b5737e31,50.0,
,21313,63060051,1,2025-12-07 10:00:00.000,,64039fd3-fe5f-4c5a-a377-186088567e8e.com.samsung.health.heart_rate.binning_data.json,63060051,2025-12-07 11:01:07.549,2025-12-07 10:03:23.043,,81.0,47.0,,UTC-0300,tWUO8ZL77Z,,com.sec.android.app.shealth,2025-12-07 10:59:59.999,64039fd3-fe5f-4c5a-a377-186088567e8e,56.0,
,21313,63060051,1,2025-12-07 11:00:00.000,,ffd252c1-cdd2-4297-a6da-252898bd032a.com.samsung.health.heart_rate.binning_data.json,63060051,2025-12-07 12:01:01.587,2025-12-07 11:01:07.966,,93.0,53.0,,UTC-0300,tWUO8ZL77Z,,com.sec.android.app.shealth,2025-12-07 11:59:59.999,ffd252c1-cdd2-4297-a6da-252898bd032a,73.0,
,21313,63060051,1,2025-12-07 12:00:00.000,,a525afda-3aa3-445f-9a68-78d6aaac26e3.com.samsung.health.heart_rate.binning_data.json,63060051,2025-12-07 13:05:21.543,2025-12-07 12:01:01.793,,89.0,55.0,,UTC-0300,tWUO8ZL77Z,,com.sec.android.app.shealth,2025-12-07 12:59:59.999,a525afda-3aa3-445f-9a68-78d6aaac26e3,70.0,
,21313,63060051,1,2025-12-07 13:00:00.000,,936be00c-6627-403a-bd92-eb23ed202c7c.com.samsung.health.heart_rate.binning_data.json,63060051,2025-12-07 14:02:04.906,2025-12-07 13:05:21.825,,90.0,57.0,,UTC-0300,tWUO8ZL77Z,,com.sec.android.app.shealth,2025-12-07 13:59:59.999,936be00c-6627-403a-bd92-eb23ed202c7c,71.0,
,21313,63060051,1,2025-12-07 14:00:00.000,,9cb5abf7-da80-413a-85d4-b2d3bbd782f9.com.samsung.health.heart_rate.binning_data.json,63060051,2025-12-07 15:06:47.006,2025-12-07 14:02:05.009,,94.0,59.0,,UTC-0300,tWUO8ZL77Z,,com.sec.android.app.shealth,2025-12-07 14:59:59.999,9cb5abf7-da80-413a-85d4-b2d3bbd782f9,70.0,
,21313,63060051,1,2025-12-07 15:00:00.000,,80d29b2d-5cd0-4cbc-ac6e-679416fd0916.com.samsung.health.heart_rate.binning_data.json,63060051,2025-12-07 16:01:00.067,2025-12-07 15:09:49.117,,88.0,58.0,,UTC-0300,tWUO8ZL77Z,,com.sec.android.app.shealth,2025-12-07 15:59:59.999,80d29b2d-5cd0-4cbc-ac6e-679416fd0916,71.0,
,21313,63060051,1,2025-12-07 16:00:00.000,,3be35516-0586-48dc-bde4-f1bffdba5bbe.com.samsung.health.heart_rate.binning_data.json,63060051,2025-12-07 17:01:30.345,2025-12-07 16:01:00.187,,111.0,65.0,,UTC-0300,tWUO8ZL77Z,,com.sec.android.app.shealth,2025-12-07 16:59:59.999,3be35516-0586-48dc-bde4-f1bffdba5bbe,80.0,
,21313,63060051,1,2025-12-07 17:00:00.000,,abd8550b-367e-4bca-85e3-7a88cd20f980.com.samsung.health.heart_rate.binning_data.json,63060051,2025-12-07 18:02:59.406,2025-12-07 17:01:30.579,,101.0,56.0,,UTC-0300,tWUO8ZL77Z,,com.sec.android.app.shealth,2025-12-07 17:59:59.999,abd8550b-367e-4bca-85e3-7a88cd20f980,71.0,
,21313,63060051,1,2025-12-07 18:00:00.000,,7b293a6c-4027-4345-9a56-81500338077b.com.samsung.health.heart_rate.binning_data.json,63060051,2025-12-07 19:04:12.004,2025-12-07 18:02:59.534,,90.0,58.0,,UTC-0300,tWUO8ZL77Z,,com.sec.android.app.shealth,2025-12-07 18:59:59.999,7b293a6c-4027-4345-9a56-81500338077b,74.0,
,21313,63060051,1,2025-12-07 19:00:00.000,,29279c45-0e46-44aa-b2d8-42cc91439e39.com.samsung.health.heart_rate.binning_data.json,63060051,2025-12-07 20:01:38.613,2025-12-07 19:04:12.175,,96.0,59.0,,UTC-0300,tWUO8ZL77Z,,com.sec.android.app.shealth,2025-12-07 19:59:59.999,29279c45-0e46-44aa-b2d8-42cc91439e39,78.0,
,21313,63060051,1,2025-12-07 20:00:00.000,,55019393-305f-414d-b328-5e0fdd3076eb.com.samsung.health.heart_rate.binning_data.json,63060051,2025-12-07 21:03:01.423,2025-12-07 20:01:38.713,,96.0,70.0,,UTC-0300,tWUO8ZL77Z,,com.sec.android.app.shealth,2025-12-07 20:59:59.999,55019393-305f-414d-b328-5e0fdd3076eb,82.0,
,21313,63060051,1,2025-12-07 21:00:00.000,,b59c0fe9-fbe3-4a52-9131-9227997a82bd.com.samsung.health.heart_rate.binning_data.json,63060051,2025-12-07 22:01:11.506,2025-12-07 21:03:01.577,,113.0,74.0,,UTC-0300,tWUO8ZL77Z,,com.sec.android.app.shealth,2025-12-07 21:59:59.999,b59c0fe9-fbe3-4a52-9131-9227997a82bd,90.0,
,21313,63060051,1,2025-12-07 22:00:00.000,,a0f6ec34-b0f0-47f9-adbb-16f0d809615d.com.samsung.health.heart_rate.binning_data.json,63060051,2025-12-07 23:03:03.177,2025-12-07 22:01:11.626,,103.0,72.0,,UTC-0300,tWUO8ZL77Z,,com.sec.android.app.shealth,2025-12-07 22:59:59.999,a0f6ec34-b0f0-47f9-adbb-16f0d809615d,91.0,
,21313,63060051,1,2025-12-07 23:00:00.000,,8e4120da-fa8f-4fe6-9027-c045101f84b5.com.samsung.health.heart_rate.binning_data.json,63060051,2025-12-08 00:05:01.900,2025-12-07 23:03:03.319,,100.0,65.0,,UTC-0300,tWUO8ZL77Z,,com.sec.android.app.shealth,2025-12-07 23:59:59.999,8e4120da-fa8f-4fe6-9027-c045101f84b5,78.0,
,21313,63060051,1,2025-12-08 00:00:00.000,,882c0257-3cb1-47fb-9486-959fd717994c.com.samsung.health.heart_rate.binning_data.json,63060051,2025-12-08 02:15:00.638,2025-12-08 00:09:09.503,,91.0,55.0,,UTC-0300,tWUO8ZL77Z,,com.sec.android.app.shealth,2025-12-08 00:59:59.999,882c0257-3cb1-47fb-9486-959fd717994c,74.0,
,21313,63060051,1,2025-12-08 02:00:00.000,,0cac3518-eed3-4fcd-9a4b-d819719f76b3.com.samsung.health.heart_rate.binning_data.json,63060051,2025-12-08 03:05:02.394,2025-12-08 02:15:00.753,,86.0,54.0,,UTC-0300,tWUO8ZL77Z,,com.sec.android.app.shealth,2025-12-08 02:59:59.999,0cac3518-eed3-4fcd-9a4b-d819719f76b3,59.0,
,21313,63060051,1,2025-12-08 03:00:00.000,,e08cc047-4e6a-46d1-8953-9de4f0b205ad.com.samsung.health.heart_rate.binning_data.json,63060051,2025-12-08 04:05:02.482,2025-12-08 03:11:23.748,,77.0,52.0,,UTC-0300,tWUO8ZL77Z,,com.sec.android.app.shealth,2025-12-08 03:59:59.999,e08cc047-4e6a-46d1-8953-9de4f0b205ad,58.0,
,21313,63060051,1,2025-12-08 04:00:00.000,,3488437a-11dc-4e0a-b89a-17737e0ce6c5.com.samsung.health.heart_rate.binning_data.json,63060051,2025-12-08 05:06:40.748,2025-12-08 04:09:09.924,,72.0,48.0,,UTC-0300,tWUO8ZL77Z,,com.sec.android.app.shealth,2025-12-08 04:59:59.999,3488437a-11dc-4e0a-b89a-17737e0ce6c5,56.0,
,21313,63060051,1,2025-12-08 05:00:00.000,,5715b423-7e2e-4d17-be80-16f28607a4b5.com.samsung.health.heart_rate.binning_data.json,63060051,2025-12-08 06:06:50.819,2025-12-08 05:06:41.000,,66.0,48.0,,UTC-0300,tWUO8ZL77Z,,com.sec.android.app.shealth,2025-12-08 05:59:59.999,5715b423-7e2e-4d17-be80-16f28607a4b5,54.0,
,21313,63060051,1,2025-12-08 06:00:00.000,,8e17aa3e-72de-49b2-959f-7dae38ee2582.com.samsung.health.heart_rate.binning_data.json,63060051,2025-12-08 07:06:59.618,2025-12-08 06:06:59.039,,65.0,47.0,,UTC-0300,tWUO8ZL77Z,,com.sec.android.app.shealth,2025-12-08 06:59:59.999,8e17aa3e-72de-49b2-959f-7dae38ee2582,53.0,
,21313,63060051,1,2025-12-08 10:00:00.000,,00777916-f815-41c4-8214-be903742d063.com.samsung.health.heart_rate.binning_data.json,63060051,2025-12-08 11:05:31.165,2025-12-08 10:06:02.476,,74.0,46.0,,UTC-0300,tWUO8ZL77Z,,com.sec.android.app.shealth,2025-12-08 10:59:59.999,00777916-f815-41c4-8214-be903742d063,53.0,
,21313,63060051,1,2025-12-08 09:00:00.000,,025035c3-63e8-4b9d-a3f2-4aee2fda54dc.com.samsung.health.heart_rate.binning_data.json,63060051,2025-12-08 10:05:50.095,2025-12-08 09:08:57.028,,67.0,44.0,,UTC-0300,tWUO8ZL77Z,,com.sec.android.app.shealth,2025-12-08 09:59:59.999,025035c3-63e8-4b9d-a3f2-4aee2fda54dc,50.0,
,21313,63060051,1,2025-12-08 07:00:00.000,,5cf18dee-f1d0-43b4-99ce-858d5ac28683.com.samsung.health.heart_rate.binning_data.json,63060051,2025-12-08 08:06:52.799,2025-12-08 07:09:27.138,,70.0,45.0,,UTC-0300,tWUO8ZL77Z,,com.sec.android.app.shealth,2025-12-08 07:59:59.999,5cf18dee-f1d0-43b4-99ce-858d5ac28683,50.0,
,21313,63060051,1,2025-12-08 08:00:00.000,,a2a3fde1-33d0-497c-ac1b-1a60a5fd870d.com.samsung.health.heart_rate.binning_data.json,63060051,2025-12-08 09:07:18.267,2025-12-08 08:10:21.749,,76.0,47.0,,UTC-0300,tWUO8ZL77Z,,com.sec.android.app.shealth,2025-12-08 08:59:59.999,a2a3fde1-33d0-497c-ac1b-1a60a5fd870d,52.0,
,21313,63060051,1,2025-12-08 11:00:00.000,,b62265b2-56a0-4bcd-9a9d-ffff7d20643d.com.samsung.health.heart_rate.binning_data.json,63060051,2025-12-08 12:02:31.115,2025-12-08 11:05:31.453,,85.0,53.0,,UTC-0300,tWUO8ZL77Z,,com.sec.android.app.shealth,2025-12-08 11:59:59.999,b62265b2-56a0-4bcd-9a9d-ffff7d20643d,63.0,
,21313,63060051,1,2025-12-08 12:00:00.000,,320c0fa2-3177-49c4-9e6c-0b73ced9cc52.com.samsung.health.heart_rate.binning_data.json,63060051,2025-12-08 13:05:02.921,2025-12-08 12:02:31.241,,84.0,54.0,,UTC-0300,tWUO8ZL77Z,,com.sec.android.app.shealth,2025-12-08 12:59:59.999,320c0fa2-3177-49c4-9e6c-0b73ced9cc52,62.0,
,21313,63060051,1,2025-12-08 13:00:00.000,,7977d475-cd54-4f22-9ce5-44b7dd739c1a.com.samsung.health.heart_rate.binning_data.json,63060051,2025-12-08 14:01:19.837,2025-12-08 13:06:10.799,,83.0,55.0,,UTC-0300,tWUO8ZL77Z,,com.sec.android.app.shealth,2025-12-08 13:59:59.999,7977d475-cd54-4f22-9ce5-44b7dd739c1a,63.0,
,21316,63060051,1,2025-12-08 04:10:29.998,,,63060051,2025-12-09 02:43:31.475,2025-12-08 04:09:10.028,,,,,UTC-0300,tWUO8ZL77Z,,com.sec.android.app.shealth,2025-12-08 04:10:29.998,0d7fc95b-7e08-4835-aede-da56f50600ac,54.0,
,21313,63060051,1,2025-12-08 14:00:00.000,,9b0efa8c-3ba6-4066-8b21-81997d6871fa.com.samsung.health.heart_rate.binning_data.json,63060051,2025-12-08 15:01:31.946,2025-12-08 14:01:19.914,,103.0,52.0,,UTC-0300,tWUO8ZL77Z,,com.sec.android.app.shealth,2025-12-08 14:59:59.999,9b0efa8c-3ba6-4066-8b21-81997d6871fa,75.0,
,21313,63060051,1,2025-12-08 15:00:00.000,,7c6002ad-6ff9-4d25-9ad5-650d338241e5.com.samsung.health.heart_rate.binning_data.json,63060051,2025-12-08 16:03:52.307,2025-12-08 15:01:32.061,,95.0,54.0,,UTC-0300,tWUO8ZL77Z,,com.sec.android.app.shealth,2025-12-08 15:59:59.999,7c6002ad-6ff9-4d25-9ad5-650d338241e5,70.0,
,21313,63060051,1,2025-12-08 16:00:00.000,,2ef0e2fe-2632-4030-b674-471b6c7521a1.com.samsung.health.heart_rate.binning_data.json,63060051,2025-12-08 17:02:16.688,2025-12-08 16:03:52.510,,92.0,53.0,,UTC-0300,tWUO8ZL77Z,,com.sec.android.app.shealth,2025-12-08 16:59:59.999,2ef0e2fe-2632-4030-b674-471b6c7521a1,68.0,
,21313,63060051,1,2025-12-08 17:00:00.000,,caef192a-ed81-48dd-8c02-71ac47ee9ce4.com.samsung.health.heart_rate.binning_data.json,63060051,2025-12-08 18:02:17.196,2025-12-08 17:02:16.974,,96.0,55.0,,UTC-0300,tWUO8ZL77Z,,com.sec.android.app.shealth,2025-12-08 17:59:59.999,caef192a-ed81-48dd-8c02-71ac47ee9ce4,73.0,
,21313,63060051,1,2025-12-08 18:00:00.000,,51c0335f-c148-4b68-adfc-4d78126b6f8e.com.samsung.health.heart_rate.binning_data.json,63060051,2025-12-08 19:07:59.785,2025-12-08 18:02:17.542,,103.0,63.0,,UTC-0300,tWUO8ZL77Z,,com.sec.android.app.shealth,2025-12-08 18:59:59.999,51c0335f-c148-4b68-adfc-4d78126b6f8e,78.0,
,21313,63060051,1,2025-12-08 19:00:00.000,,67be750c-458f-46c4-aa16-dc7ffcf74b36.com.samsung.health.heart_rate.binning_data.json,63060051,2025-12-08 20:02:14.189,2025-12-08 19:08:00.233,,102.0,62.0,,UTC-0300,tWUO8ZL77Z,,com.sec.android.app.shealth,2025-12-08 19:59:59.999,67be750c-458f-46c4-aa16-dc7ffcf74b36,79.0,
,21313,63060051,1,2025-12-08 20:00:00.000,,17697c0c-2105-4418-9526-a8b41f3b07b0.com.samsung.health.heart_rate.binning_data.json,63060051,2025-12-08 21:03:40.108,2025-12-08 20:02:14.307,,109.0,64.0,,UTC-0300,tWUO8ZL77Z,,com.sec.android.app.shealth,2025-12-08 20:59:59.999,17697c0c-2105-4418-9526-a8b41f3b07b0,80.0,
,21313,63060051,1,2025-12-08 21:00:00.000,,4e8ad67b-d1b7-4939-8045-eca9962501e8.com.samsung.health.heart_rate.binning_data.json,63060051,2025-12-08 22:05:02.420,2025-12-08 21:03:40.249,,106.0,65.0,,UTC-0300,tWUO8ZL77Z,,com.sec.android.app.shealth,2025-12-08 21:59:59.999,4e8ad67b-d1b7-4939-8045-eca9962501e8,84.0,
,21313,63060051,1,2025-12-08 22:00:00.000,,1105ee25-1eee-49b8-a44a-1dce511dbff9.com.samsung.health.heart_rate.binning_data.json,63060051,2025-12-08 23:10:51.444,2025-12-08 22:06:47.051,,90.0,57.0,,UTC-0300,tWUO8ZL77Z,,com.sec.android.app.shealth,2025-12-08 22:59:59.999,1105ee25-1eee-49b8-a44a-1dce511dbff9,71.0,
,21313,63060051,1,2025-12-08 23:00:00.000,,52b00384-d0c2-4240-a67b-27a7588e4f41.com.samsung.health.heart_rate.binning_data.json,63060051,2025-12-09 02:13:29.704,2025-12-08 23:12:30.836,,86.0,61.0,,UTC-0300,tWUO8ZL77Z,,com.sec.android.app.shealth,2025-12-08 23:59:59.999,52b00384-d0c2-4240-a67b-27a7588e4f41,71.0,
,21313,63060051,1,2025-12-09 02:00:00.000,,256781cf-2007-4b3a-b2a1-e51706a1476b.com.samsung.health.heart_rate.binning_data.json,63060051,2025-12-09 03:05:30.436,2025-12-09 02:13:29.880,,89.0,55.0,,UTC-0300,tWUO8ZL77Z,,com.sec.android.app.shealth,2025-12-09 02:59:59.999,256781cf-2007-4b3a-b2a1-e51706a1476b,69.0,
,21313,63060051,1,2025-12-09 04:00:00.000,,43483b0e-ab97-4ab3-bff0-5afffd0ad597.com.samsung.health.heart_rate.binning_data.json,63060051,2025-12-09 05:02:52.384,2025-12-09 04:04:53.398,,73.0,48.0,,UTC-0300,tWUO8ZL77Z,,com.sec.android.app.shealth,2025-12-09 04:59:59.999,43483b0e-ab97-4ab3-bff0-5afffd0ad597,53.0,
,21313,63060051,1,2025-12-09 05:00:00.000,,b93bba69-5ffc-486a-9e74-2b8405142d65.com.samsung.health.heart_rate.binning_data.json,63060051,2025-12-09 06:05:41.472,2025-12-09 05:02:52.504,,70.0,49.0,,UTC-0300,tWUO8ZL77Z,,com.sec.android.app.shealth,2025-12-09 05:59:59.999,b93bba69-5ffc-486a-9e74-2b8405142d65,53.0,
,21313,63060051,1,2025-12-09 06:00:00.000,,544e0dc0-555c-4c36-885c-6843b305cbf9.com.samsung.health.heart_rate.binning_data.json,63060051,2025-12-09 07:05:05.902,2025-12-09 06:05:41.743,,68.0,44.0,,UTC-0300,tWUO8ZL77Z,,com.sec.android.app.shealth,2025-12-09 06:59:59.999,544e0dc0-555c-4c36-885c-6843b305cbf9,50.0,
,21313,63060051,1,2025-12-09 07:00:00.000,,243ebc0d-6d65-4f6c-8737-83719e9ef913.com.samsung.health.heart_rate.binning_data.json,63060051,2025-12-09 08:05:09.516,2025-12-09 07:05:19.510,,62.0,45.0,,UTC-0300,tWUO8ZL77Z,,com.sec.android.app.shealth,2025-12-09 07:59:59.999,243ebc0d-6d65-4f6c-8737-83719e9ef913,49.0,
,21313,63060051,1,2025-12-09 03:00:00.000,,a87a2be8-ef6b-4050-bb69-ad6af2dcc01f.com.samsung.health.heart_rate.binning_data.json,63060051,2025-12-09 04:04:53.092,2025-12-09 03:06:58.919,,71.0,50.0,,UTC-0300,tWUO8ZL77Z,,com.sec.android.app.shealth,2025-12-09 03:59:59.999,a87a2be8-ef6b-4050-bb69-ad6af2dcc01f,55.0,
,21313,63060051,1,2025-12-09 08:00:00.000,,5b460925-621a-46f3-a163-869370c37aea.com.samsung.health.heart_rate.binning_data.json,63060051,2025-12-09 09:01:42.754,2025-12-09 08:05:13.693,,79.0,42.0,,UTC-0300,tWUO8ZL77Z,,com.sec.android.app.shealth,2025-12-09 08:59:59.999,5b460925-621a-46f3-a163-869370c37aea,50.0,
,21313,63060051,1,2025-12-09 09:00:00.000,,05be14f4-6453-42fb-b750-dc5cd524136d.com.samsung.health.heart_rate.binning_data.json,63060051,2025-12-09 10:06:30.184,2025-12-09 09:01:42.841,,69.0,45.0,,UTC-0300,tWUO8ZL77Z,,com.sec.android.app.shealth,2025-12-09 09:59:59.999,05be14f4-6453-42fb-b750-dc5cd524136d,50.0,
,21313,63060051,1,2025-12-09 10:00:00.000,,21a79311-8e4f-42b5-b9df-25e8adc0f654.com.samsung.health.heart_rate.binning_data.json,63060051,2025-12-09 11:07:15.327,2025-12-09 10:06:30.565,,91.0,47.0,,UTC-0300,tWUO8ZL77Z,,com.sec.android.app.shealth,2025-12-09 10:59:59.999,21a79311-8e4f-42b5-b9df-25e8adc0f654,64.0,
,21316,63060051,1,2025-12-09 09:10:30.119,,,63060051,2025-12-10 02:48:12.629,2025-12-09 03:55:01.615,,,,,UTC-0300,tWUO8ZL77Z,,com.sec.android.app.shealth,2025-12-09 09:10:30.119,37d847fd-1608-4f6d-9dbe-addd544c0770,50.0,
,21313,63060051,1,2025-12-09 11:00:00.000,,06899708-a1ed-4288-91bb-6cf20b1b9e19.com.samsung.health.heart_rate.binning_data.json,63060051,2025-12-09 12:08:01.436,2025-12-09 11:07:17.092,,90.0,51.0,,UTC-0300,tWUO8ZL77Z,,com.sec.android.app.shealth,2025-12-09 11:59:59.999,06899708-a1ed-4288-91bb-6cf20b1b9e19,66.0,
,21313,63060051,1,2025-12-09 12:00:00.000,,aa08351f-216d-45cc-a54c-a5cbe05b339e.com.samsung.health.heart_rate.binning_data.json,63060051,2025-12-09 13:05:45.078,2025-12-09 12:08:01.769,,85.0,55.0,,UTC-0300,tWUO8ZL77Z,,com.sec.android.app.shealth,2025-12-09 12:59:59.999,aa08351f-216d-45cc-a54c-a5cbe05b339e,60.0,
,21313,63060051,1,2025-12-09 13:00:00.000,,925e25d9-f744-4c12-87eb-c9efc634697a.com.samsung.health.heart_rate.binning_data.json,63060051,2025-12-09 14:03:45.390,2025-12-09 13:05:45.360,,111.0,56.0,,UTC-0300,tWUO8ZL77Z,,com.sec.android.app.shealth,2025-12-09 13:59:59.999,925e25d9-f744-4c12-87eb-c9efc634697a,75.0,
,21313,63060051,1,2025-12-09 15:00:00.000,,6016b3b7-4471-456a-961c-0bc10683d86c.com.samsung.health.heart_rate.binning_data.json,63060051,2025-12-09 16:09:53.325,2025-12-09 15:02:29.535,,95.0,66.0,,UTC-0300,tWUO8ZL77Z,,com.sec.android.app.shealth,2025-12-09 15:59:59.999,6016b3b7-4471-456a-961c-0bc10683d86c,80.0,
,21313,63060051,1,2025-12-09 14:00:00.000,,4b8485d0-8570-4535-b8f8-cf7200d52525.com.samsung.health.heart_rate.binning_data.json,63060051,2025-12-09 15:02:29.209,2025-12-09 14:03:45.635,,133.0,63.0,,UTC-0300,tWUO8ZL77Z,,com.sec.android.app.shealth,2025-12-09 14:59:59.999,4b8485d0-8570-4535-b8f8-cf7200d52525,88.0,
,21313,63060051,1,2025-12-09 16:00:00.000,,813306fe-659d-46cc-a6f3-dbf65f0e56f6.com.samsung.health.heart_rate.binning_data.json,63060051,2025-12-09 17:08:47.244,2025-12-09 16:13:53.913,,99.0,64.0,,UTC-0300,tWUO8ZL77Z,,com.sec.android.app.shealth,2025-12-09 16:59:59.999,813306fe-659d-46cc-a6f3-dbf65f0e56f6,79.0,
,21313,63060051,1,2025-12-09 17:00:00.000,,0b65f592-3701-4b6d-8b50-1d4882c53447.com.samsung.health.heart_rate.binning_data.json,63060051,2025-12-09 18:06:46.159,2025-12-09 17:08:47.521,,91.0,60.0,,UTC-0300,tWUO8ZL77Z,,com.sec.android.app.shealth,2025-12-09 17:59:59.999,0b65f592-3701-4b6d-8b50-1d4882c53447,75.0,
,21313,63060051,1,2025-12-09 18:00:00.000,,a1e43410-8723-4fe3-8415-e02d6440eb6d.com.samsung.health.heart_rate.binning_data.json,63060051,2025-12-09 19:05:02.243,2025-12-09 18:06:46.342,,95.0,56.0,,UTC-0300,tWUO8ZL77Z,,com.sec.android.app.shealth,2025-12-09 18:59:59.999,a1e43410-8723-4fe3-8415-e02d6440eb6d,72.0,
,21313,63060051,1,2025-12-09 19:00:00.000,,1b481105-dada-48a8-b646-1f51ae1c539c.com.samsung.health.heart_rate.binning_data.json,63060051,2025-12-09 20:01:03.347,2025-12-09 19:07:41.635,,87.0,56.0,,UTC-0300,tWUO8ZL77Z,,com.sec.android.app.shealth,2025-12-09 19:59:59.999,1b481105-dada-48a8-b646-1f51ae1c539c,71.0,
,21313,63060051,1,2025-12-09 20:00:00.000,,9a9f533f-1273-413d-9955-f03a44b124e0.com.samsung.health.heart_rate.binning_data.json,63060051,2025-12-09 21:01:01.301,2025-12-09 20:01:03.467,,86.0,53.0,,UTC-0300,tWUO8ZL77Z,,com.sec.android.app.shealth,2025-12-09 20:59:59.999,9a9f533f-1273-413d-9955-f03a44b124e0,68.0,
,21313,63060051,1,2025-12-09 21:00:00.000,,d432cb85-1173-4a99-a123-2d2b664e3c27.com.samsung.health.heart_rate.binning_data.json,63060051,2025-12-09 22:00:28.167,2025-12-09 21:01:01.529,,89.0,58.0,,UTC-0300,tWUO8ZL77Z,,com.sec.android.app.shealth,2025-12-09 21:59:59.999,d432cb85-1173-4a99-a123-2d2b664e3c27,72.0,
,21313,63060051,1,2025-12-09 22:00:00.000,,6592faa6-d067-4e69-8e00-64ea8d7e26e8.com.samsung.health.heart_rate.binning_data.json,63060051,2025-12-10 01:02:13.552,2025-12-09 22:02:25.456,,95.0,58.0,,UTC-0300,tWUO8ZL77Z,,com.sec.android.app.shealth,2025-12-09 22:59:59.999,6592faa6-d067-4e69-8e00-64ea8d7e26e8,75.0,
,21313,63060051,1,2025-12-10 00:00:00.000,,55ee904d-8a86-4cd2-9045-ca8702cf3aa0.com.samsung.health.heart_rate.binning_data.json,63060051,2025-12-10 01:02:13.897,2025-12-10 01:02:13.897,,88.0,53.0,,UTC-0300,tWUO8ZL77Z,,com.sec.android.app.shealth,2025-12-10 00:59:59.999,55ee904d-8a86-4cd2-9045-ca8702cf3aa0,68.0,
,21313,63060051,1,2025-12-10 01:00:00.000,,3433a6b6-37fd-4a63-bd15-6c1fd9646785.com.samsung.health.heart_rate.binning_data.json,63060051,2025-12-10 02:05:01.219,2025-12-10 01:02:14.205,,78.0,47.0,,UTC-0300,tWUO8ZL77Z,,com.sec.android.app.shealth,2025-12-10 01:59:59.999,3433a6b6-37fd-4a63-bd15-6c1fd9646785,55.0,
,21313,63060051,1,2025-12-10 02:00:00.000,,af7b54a5-c1fe-4fce-8a73-7de8da49b7ef.com.samsung.health.heart_rate.binning_data.json,63060051,2025-12-10 03:08:42.312,2025-12-10 02:05:47.172,,67.0,49.0,,UTC-0300,tWUO8ZL77Z,,com.sec.android.app.shealth,2025-12-10 02:59:59.999,af7b54a5-c1fe-4fce-8a73-7de8da49b7ef,53.0,
,21313,63060051,1,2025-12-10 03:00:00.000,,b6c5b073-869e-4282-926b-eeb1d3831106.com.samsung.health.heart_rate.binning_data.json,63060051,2025-12-10 04:05:21.789,2025-12-10 03:09:31.888,,64.0,43.0,,UTC-0300,tWUO8ZL77Z,,com.sec.android.app.shealth,2025-12-10 03:59:59.999,b6c5b073-869e-4282-926b-eeb1d3831106,50.0,
,21313,63060051,1,2025-12-10 04:00:00.000,,dc3c76a4-0150-45d3-a5dc-7104dc5de223.com.samsung.health.heart_rate.binning_data.json,63060051,2025-12-10 05:07:58.508,2025-12-10 04:05:22.244,,62.0,45.0,,UTC-0300,tWUO8ZL77Z,,com.sec.android.app.shealth,2025-12-10 04:59:59.999,dc3c76a4-0150-45d3-a5dc-7104dc5de223,48.0,
,21313,63060051,1,2025-12-10 05:00:00.000,,f467461d-e565-4fb5-ba67-16f6f77af070.com.samsung.health.heart_rate.binning_data.json,63060051,2025-12-10 06:08:50.721,2025-12-10 05:08:22.008,,60.0,40.0,,UTC-0300,tWUO8ZL77Z,,com.sec.android.app.shealth,2025-12-10 05:59:59.999,f467461d-e565-4fb5-ba67-16f6f77af070,46.0,
,21313,63060051,1,2025-12-10 06:00:00.000,,c5efd2f8-638d-494c-8967-21df54443e7f.com.samsung.health.heart_rate.binning_data.json,63060051,2025-12-10 07:02:41.449,2025-12-10 06:09:50.449,,65.0,40.0,,UTC-0300,tWUO8ZL77Z,,com.sec.android.app.shealth,2025-12-10 06:59:59.999,c5efd2f8-638d-494c-8967-21df54443e7f,46.0,
,21313,63060051,1,2025-12-10 07:00:00.000,,65b8042d-9ad2-4224-86de-8bcda2beafe3.com.samsung.health.heart_rate.binning_data.json,63060051,2025-12-10 08:05:02.093,2025-12-10 07:02:41.628,,70.0,42.0,,UTC-0300,tWUO8ZL77Z,,com.sec.android.app.shealth,2025-12-10 07:59:59.999,65b8042d-9ad2-4224-86de-8bcda2beafe3,46.0,
,21313,63060051,1,2025-12-10 08:00:00.000,,8dd4370b-1dd9-4712-a70e-9838ecb6ae40.com.samsung.health.heart_rate.binning_data.json,63060051,2025-12-10 09:03:34.658,2025-12-10 08:05:57.434,,67.0,40.0,,UTC-0300,tWUO8ZL77Z,,com.sec.android.app.shealth,2025-12-10 08:59:59.999,8dd4370b-1dd9-4712-a70e-9838ecb6ae40,47.0,
,21313,63060051,1,2025-12-10 09:00:00.000,,08f5dfec-44bf-480f-911c-2917851763fb.com.samsung.health.heart_rate.binning_data.json,63060051,2025-12-10 10:05:27.825,2025-12-10 09:03:34.823,,83.0,43.0,,UTC-0300,tWUO8ZL77Z,,com.sec.android.app.shealth,2025-12-10 09:59:59.999,08f5dfec-44bf-480f-911c-2917851763fb,54.0,
,21316,63060051,1,2025-12-10 04:07:58.722,,,63060051,2025-12-11 02:55:01.140,2025-12-10 09:55:39.342,,,,,UTC-0300,tWUO8ZL77Z,,com.sec.android.app.shealth,2025-12-10 04:07:58.722,453f4a14-1cd0-4adb-b287-64249308470f,50.0,
,21313,63060051,1,2025-12-10 11:00:00.000,,5c19884b-1410-420c-a1c6-c805543f50fd.com.samsung.health.heart_rate.binning_data.json,63060051,2025-12-10 12:02:34.386,2025-12-10 11:08:55.385,,97.0,52.0,,UTC-0300,tWUO8ZL77Z,,com.sec.android.app.shealth,2025-12-10 11:59:59.999,5c19884b-1410-420c-a1c6-c805543f50fd,64.0,
,21313,63060051,1,2025-12-10 10:00:00.000,,0070c9bb-81d9-481c-bbc1-920ce96dffd1.com.samsung.health.heart_rate.binning_data.json,63060051,2025-12-10 11:05:02.329,2025-12-10 10:05:28.036,,83.0,50.0,,UTC-0300,tWUO8ZL77Z,,com.sec.android.app.shealth,2025-12-10 10:59:59.999,0070c9bb-81d9-481c-bbc1-920ce96dffd1,61.0,
,21313,63060051,1,2025-12-10 17:00:00.000,,e01308e9-9d21-420a-aa69-76b854aae1f6.com.samsung.health.heart_rate.binning_data.json,63060051,2025-12-10 18:04:10.444,2025-12-10 17:01:40.856,,114.0,62.0,,UTC-0300,tWUO8ZL77Z,,com.sec.android.app.shealth,2025-12-10 17:59:59.999,e01308e9-9d21-420a-aa69-76b854aae1f6,80.0,
,21313,63060051,1,2025-12-10 12:00:00.000,,f2515965-0a6b-40ea-aa16-c51a60bbb8a2.com.samsung.health.heart_rate.binning_data.json,63060051,2025-12-10 13:01:07.351,2025-12-10 12:02:34.537,,92.0,55.0,,UTC-0300,tWUO8ZL77Z,,com.sec.android.app.shealth,2025-12-10 12:59:59.999,f2515965-0a6b-40ea-aa16-c51a60bbb8a2,73.0,
,21313,63060051,1,2025-12-10 13:00:00.000,,7c5b8387-ea14-4c50-b6c0-d43c4f2e304e.com.samsung.health.heart_rate.binning_data.json,63060051,2025-12-10 14:06:01.694,2025-12-10 13:01:07.505,,113.0,66.0,,UTC-0300,tWUO8ZL77Z,,com.sec.android.app.shealth,2025-12-10 13:59:59.999,7c5b8387-ea14-4c50-b6c0-d43c4f2e304e,80.0,
,21313,63060051,1,2025-12-10 14:00:00.000,,4f14dd2d-c284-45ae-b07f-e38edf3f8016.com.samsung.health.heart_rate.binning_data.json,63060051,2025-12-10 15:06:08.524,2025-12-10 14:06:02.525,,92.0,63.0,,UTC-0300,tWUO8ZL77Z,,com.sec.android.app.shealth,2025-12-10 14:59:59.999,4f14dd2d-c284-45ae-b07f-e38edf3f8016,77.0,
,21313,63060051,1,2025-12-10 15:00:00.000,,5c2610a3-f494-4172-973b-9cec3d166630.com.samsung.health.heart_rate.binning_data.json,63060051,2025-12-10 16:03:14.247,2025-12-10 15:06:08.710,,96.0,65.0,,UTC-0300,tWUO8ZL77Z,,com.sec.android.app.shealth,2025-12-10 15:59:59.999,5c2610a3-f494-4172-973b-9cec3d166630,78.0,
,21313,63060051,1,2025-12-10 16:00:00.000,,6f454fa3-bd15-4575-a09d-66a6e035f519.com.samsung.health.heart_rate.binning_data.json,63060051,2025-12-10 17:01:40.695,2025-12-10 16:03:14.495,,94.0,66.0,,UTC-0300,tWUO8ZL77Z,,com.sec.android.app.shealth,2025-12-10 16:59:59.999,6f454fa3-bd15-4575-a09d-66a6e035f519,79.0,
,21313,63060051,1,2025-12-10 18:00:00.000,,4a647fef-f445-4578-be76-6355ac2c1a38.com.samsung.health.heart_rate.binning_data.json,63060051,2025-12-10 19:01:58.408,2025-12-10 18:04:10.569,,124.0,85.0,,UTC-0300,tWUO8ZL77Z,,com.sec.android.app.shealth,2025-12-10 18:59:59.999,4a647fef-f445-4578-be76-6355ac2c1a38,98.0,
,21313,63060051,1,2025-12-10 19:00:00.000,,b43c197e-e8ba-48f5-96f5-6dd753864c54.com.samsung.health.heart_rate.binning_data.json,63060051,2025-12-10 20:01:56.940,2025-12-10 19:01:58.529,,115.0,79.0,,UTC-0300,tWUO8ZL77Z,,com.sec.android.app.shealth,2025-12-10 19:59:59.999,b43c197e-e8ba-48f5-96f5-6dd753864c54,97.0,
,21313,63060051,1,2025-12-10 20:00:00.000,,6248e314-e15d-4ffa-afe3-42ac2286a454.com.samsung.health.heart_rate.binning_data.json,63060051,2025-12-10 21:05:36.104,2025-12-10 20:01:57.032,,103.0,59.0,,UTC-0300,tWUO8ZL77Z,,com.sec.android.app.shealth,2025-12-10 20:59:59.999,6248e314-e15d-4ffa-afe3-42ac2286a454,83.0,
,21313,63060051,1,2025-12-10 21:00:00.000,,3298233c-d83e-465d-bf5e-ca04ed9b7294.com.samsung.health.heart_rate.binning_data.json,63060051,2025-12-10 22:01:45.174,2025-12-10 21:05:37.216,,89.0,59.0,,UTC-0300,tWUO8ZL77Z,,com.sec.android.app.shealth,2025-12-10 21:59:59.999,3298233c-d83e-465d-bf5e-ca04ed9b7294,68.0,
,21313,63060051,1,2025-12-10 22:00:00.000,,6b17233a-38fd-4267-a55a-60faf1a566d0.com.samsung.health.heart_rate.binning_data.json,63060051,2025-12-10 23:02:45.891,2025-12-10 22:01:45.307,,104.0,61.0,,UTC-0300,tWUO8ZL77Z,,com.sec.android.app.shealth,2025-12-10 22:59:59.999,6b17233a-38fd-4267-a55a-60faf1a566d0,75.0,
,21313,63060051,1,2025-12-10 23:00:00.000,,bfd705d0-9a1f-47cf-8b3b-a39ac1ed3494.com.samsung.health.heart_rate.binning_data.json,63060051,2025-12-11 01:51:52.632,2025-12-10 23:02:46.048,,88.0,63.0,,UTC-0300,tWUO8ZL77Z,,com.sec.android.app.shealth,2025-12-10 23:59:59.999,bfd705d0-9a1f-47cf-8b3b-a39ac1ed3494,75.0,
,21313,63060051,1,2025-12-11 01:00:00.000,,05ce855b-da47-4da5-b187-619aa99ae339.com.samsung.health.heart_rate.binning_data.json,63060051,2025-12-11 02:10:00.898,2025-12-11 01:51:53.533,,87.0,55.0,,UTC-0300,tWUO8ZL77Z,,com.sec.android.app.shealth,2025-12-11 01:59:59.999,05ce855b-da47-4da5-b187-619aa99ae339,68.0,
,21313,63060051,1,2025-12-11 02:00:00.000,,2e2e2fa7-adb6-4182-9fbb-df426ad3ddba.com.samsung.health.heart_rate.binning_data.json,63060051,2025-12-11 03:05:02.324,2025-12-11 02:10:01.521,,83.0,49.0,,UTC-0300,tWUO8ZL77Z,,com.sec.android.app.shealth,2025-12-11 02:59:59.999,2e2e2fa7-adb6-4182-9fbb-df426ad3ddba,55.0,
,21313,63060051,1,2025-12-11 03:00:00.000,,b79b4e33-860a-43a3-8b65-ed387cfb5953.com.samsung.health.heart_rate.binning_data.json,63060051,2025-12-11 04:06:39.481,2025-12-11 03:14:15.638,,68.0,47.0,,UTC-0300,tWUO8ZL77Z,,com.sec.android.app.shealth,2025-12-11 03:59:59.999,b79b4e33-860a-43a3-8b65-ed387cfb5953,52.0,
,21313,63060051,1,2025-12-11 05:00:00.000,,85583916-59b1-4172-9f64-c0e366608415.com.samsung.health.heart_rate.binning_data.json,63060051,2025-12-11 06:06:58.885,2025-12-11 05:10:22.313,,71.0,49.0,,UTC-0300,tWUO8ZL77Z,,com.sec.android.app.shealth,2025-12-11 05:59:59.999,85583916-59b1-4172-9f64-c0e366608415,52.0,
,21313,63060051,1,2025-12-11 08:00:00.000,,400b9f9d-e783-4211-926b-1e0749b341a1.com.samsung.health.heart_rate.binning_data.json,63060051,2025-12-11 09:05:16.937,2025-12-11 08:05:22.680,,78.0,47.0,,UTC-0300,tWUO8ZL77Z,,com.sec.android.app.shealth,2025-12-11 08:59:59.999,400b9f9d-e783-4211-926b-1e0749b341a1,50.0,
,21313,63060051,1,2025-12-11 04:00:00.000,,690c3b6b-c042-4751-ad54-f9956a36725b.com.samsung.health.heart_rate.binning_data.json,63060051,2025-12-11 05:06:49.115,2025-12-11 04:07:27.051,,73.0,46.0,,UTC-0300,tWUO8ZL77Z,,com.sec.android.app.shealth,2025-12-11 04:59:59.999,690c3b6b-c042-4751-ad54-f9956a36725b,52.0,
,21313,63060051,1,2025-12-11 07:00:00.000,,c3f72579-56ca-457e-b6e3-9ea356e6bc24.com.samsung.health.heart_rate.binning_data.json,63060051,2025-12-11 08:05:13.149,2025-12-11 07:07:12.461,,71.0,45.0,,UTC-0300,tWUO8ZL77Z,,com.sec.android.app.shealth,2025-12-11 07:59:59.999,c3f72579-56ca-457e-b6e3-9ea356e6bc24,50.0,
,21313,63060051,1,2025-12-11 09:00:00.000,,a8031c99-af97-48c0-b295-78ddd9cb54bf.com.samsung.health.heart_rate.binning_data.json,63060051,2025-12-11 10:05:04.250,2025-12-11 09:05:17.346,,67.0,42.0,,UTC-0300,tWUO8ZL77Z,,com.sec.android.app.shealth,2025-12-11 09:59:59.999,a8031c99-af97-48c0-b295-78ddd9cb54bf,47.0,
,21313,63060051,1,2025-12-11 06:00:00.000,,ca97de48-8ab6-4bea-a6dd-3e8c8acd48a6.com.samsung.health.heart_rate.binning_data.json,63060051,2025-12-11 07:07:01.718,2025-12-11 06:10:22.358,,62.0,45.0,,UTC-0300,tWUO8ZL77Z,,com.sec.android.app.shealth,2025-12-11 06:59:59.999,ca97de48-8ab6-4bea-a6dd-3e8c8acd48a6,50.0,
,21313,63060051,1,2025-12-11 10:00:00.000,,132b8a22-3a4a-4fbf-9f77-32cf165417e1.com.samsung.health.heart_rate.binning_data.json,63060051,2025-12-11 11:03:50.693,2025-12-11 10:06:06.449,,83.0,41.0,,UTC-0300,tWUO8ZL77Z,,com.sec.android.app.shealth,2025-12-11 10:59:59.999,132b8a22-3a4a-4fbf-9f77-32cf165417e1,56.0,
,21313,63060051,1,2025-12-11 11:00:00.000,,8142bde1-efc4-45f9-a692-a6f7de3ad5df.com.samsung.health.heart_rate.binning_data.json,63060051,2025-12-11 12:03:13.125,2025-12-11 11:03:50.806,,92.0,54.0,,UTC-0300,tWUO8ZL77Z,,com.sec.android.app.shealth,2025-12-11 11:59:59.999,8142bde1-efc4-45f9-a692-a6f7de3ad5df,63.0,
,21313,63060051,1,2025-12-11 12:00:00.000,,5077eb66-2737-4882-a99a-f677250d620f.com.samsung.health.heart_rate.binning_data.json,63060051,2025-12-11 13:05:59.864,2025-12-11 12:03:13.354,,93.0,56.0,,UTC-0300,tWUO8ZL77Z,,com.sec.android.app.shealth,2025-12-11 12:59:59.999,5077eb66-2737-4882-a99a-f677250d620f,74.0,
,21316,63060051,1,2025-12-11 03:14:44.329,,,63060051,2025-12-12 02:55:00.117,2025-12-11 03:40:01.822,,,,,UTC-0300,tWUO8ZL77Z,,com.sec.android.app.shealth,2025-12-11 03:14:44.329,71531310-0b14-4900-96fb-b4e8d7652f38,51.0,
,21313,63060051,1,2025-12-11 13:00:00.000,,da3a6ecf-6e32-4790-a0c2-6b02b9589947.com.samsung.health.heart_rate.binning_data.json,63060051,2025-12-11 14:01:33.883,2025-12-11 13:06:00.348,,98.0,61.0,,UTC-0300,tWUO8ZL77Z,,com.sec.android.app.shealth,2025-12-11 13:59:59.999,da3a6ecf-6e32-4790-a0c2-6b02b9589947,81.0,
,21313,63060051,1,2025-12-11 14:00:00.000,,20d7f8db-642d-451d-aa57-53d05fb77f04.com.samsung.health.heart_rate.binning_data.json,63060051,2025-12-11 15:03:17.836,2025-12-11 14:01:34.123,,96.0,58.0,,UTC-0300,tWUO8ZL77Z,,com.sec.android.app.shealth,2025-12-11 14:59:59.999,20d7f8db-642d-451d-aa57-53d05fb77f04,72.0,
,21313,63060051,1,2025-12-11 15:00:00.000,,24aae49c-5489-46c8-b78b-b02b962f035b.com.samsung.health.heart_rate.binning_data.json,63060051,2025-12-11 16:09:21.991,2025-12-11 15:03:18.038,,98.0,59.0,,UTC-0300,tWUO8ZL77Z,,com.sec.android.app.shealth,2025-12-11 15:59:59.999,24aae49c-5489-46c8-b78b-b02b962f035b,71.0,
,21313,63060051,1,2025-12-11 16:00:00.000,,0d86436d-f74c-4dbf-b470-ca5a929e3e81.com.samsung.health.heart_rate.binning_data.json,63060051,2025-12-11 17:01:40.085,2025-12-11 16:09:50.826,,103.0,62.0,,UTC-0300,tWUO8ZL77Z,,com.sec.android.app.shealth,2025-12-11 16:59:59.999,0d86436d-f74c-4dbf-b470-ca5a929e3e81,74.0,
,21313,63060051,1,2025-12-11 17:00:00.000,,e1e8a3c0-971f-46df-8318-e132cde5b811.com.samsung.health.heart_rate.binning_data.json,63060051,2025-12-11 18:03:22.665,2025-12-11 17:01:40.228,,90.0,60.0,,UTC-0300,tWUO8ZL77Z,,com.sec.android.app.shealth,2025-12-11 17:59:59.999,e1e8a3c0-971f-46df-8318-e132cde5b811,74.0,
,21313,63060051,1,2025-12-11 18:00:00.000,,42b6966b-b772-4099-bdae-5dbff09878d0.com.samsung.health.heart_rate.binning_data.json,63060051,2025-12-11 19:01:18.925,2025-12-11 18:03:23.072,,94.0,73.0,,UTC-0300,tWUO8ZL77Z,,com.sec.android.app.shealth,2025-12-11 18:59:59.999,42b6966b-b772-4099-bdae-5dbff09878d0,82.0,
,21313,63060051,1,2025-12-11 19:00:00.000,,26c89628-26fb-47fc-b89c-66ef70bbf303.com.samsung.health.heart_rate.binning_data.json,63060051,2025-12-11 20:01:51.147,2025-12-11 19:01:19.042,,105.0,66.0,,UTC-0300,tWUO8ZL77Z,,com.sec.android.app.shealth,2025-12-11 19:59:59.999,26c89628-26fb-47fc-b89c-66ef70bbf303,84.0,
,21313,63060051,1,2025-12-11 21:00:00.000,,83825d49-cb31-41e4-9cbd-a40011daa6bb.com.samsung.health.heart_rate.binning_data.json,63060051,2025-12-11 22:04:49.162,2025-12-11 21:01:27.624,,103.0,60.0,,UTC-0300,tWUO8ZL77Z,,com.sec.android.app.shealth,2025-12-11 21:59:59.999,83825d49-cb31-41e4-9cbd-a40011daa6bb,75.0,
,21313,63060051,1,2025-12-11 20:00:00.000,,03849ffa-4b16-4644-bdd5-30cc4a962c9a.com.samsung.health.heart_rate.binning_data.json,63060051,2025-12-11 21:01:27.521,2025-12-11 20:01:51.283,,100.0,66.0,,UTC-0300,tWUO8ZL77Z,,com.sec.android.app.shealth,2025-12-11 20:59:59.999,03849ffa-4b16-4644-bdd5-30cc4a962c9a,81.0,
,21313,63060051,1,2025-12-11 22:00:00.000,,43cfdf54-0cdc-471d-bfac-0bd475e0c1a6.com.samsung.health.heart_rate.binning_data.json,63060051,2025-12-11 23:00:54.283,2025-12-11 22:04:49.308,,107.0,62.0,,UTC-0300,tWUO8ZL77Z,,com.sec.android.app.shealth,2025-12-11 22:59:59.999,43cfdf54-0cdc-471d-bfac-0bd475e0c1a6,79.0,
,21313,63060051,1,2025-12-11 23:00:00.000,,de7598d2-b40d-49ba-abe3-d66e8d54b7dd.com.samsung.health.heart_rate.binning_data.json,63060051,2025-12-12 02:37:52.002,2025-12-11 23:02:54.394,,106.0,57.0,,UTC-0300,tWUO8ZL77Z,,com.sec.android.app.shealth,2025-12-11 23:59:59.999,de7598d2-b40d-49ba-abe3-d66e8d54b7dd,75.0,
,21313,63060051,1,2025-12-12 02:00:00.000,,6bd5e689-0ba5-4ced-9db3-9fa626f33ccc.com.samsung.health.heart_rate.binning_data.json,63060051,2025-12-12 03:05:01.454,2025-12-12 02:37:52.146,,87.0,56.0,,UTC-0300,tWUO8ZL77Z,,com.sec.android.app.shealth,2025-12-12 02:59:59.999,6bd5e689-0ba5-4ced-9db3-9fa626f33ccc,63.0,
,21313,63060051,1,2025-12-12 03:00:00.000,,d4ae12b2-42a0-482b-8de5-b388de620a82.com.samsung.health.heart_rate.binning_data.json,63060051,2025-12-12 04:07:24.445,2025-12-12 03:08:58.648,,67.0,52.0,,UTC-0300,tWUO8ZL77Z,,com.sec.android.app.shealth,2025-12-12 03:59:59.999,d4ae12b2-42a0-482b-8de5-b388de620a82,55.0,
,21313,63060051,1,2025-12-12 07:00:00.000,,69be1efe-bd04-452e-81f7-bb7bc867b647.com.samsung.health.heart_rate.binning_data.json,63060051,2025-12-12 08:07:31.343,2025-12-12 07:10:21.826,,60.0,43.0,,UTC-0300,tWUO8ZL77Z,,com.sec.android.app.shealth,2025-12-12 07:59:59.999,69be1efe-bd04-452e-81f7-bb7bc867b647,47.0,
,21313,63060051,1,2025-12-12 08:00:00.000,,b963d749-ed7a-442b-92c9-2621771cd2a6.com.samsung.health.heart_rate.binning_data.json,63060051,2025-12-12 09:01:00.007,2025-12-12 08:10:21.929,,68.0,42.0,,UTC-0300,tWUO8ZL77Z,,com.sec.android.app.shealth,2025-12-12 08:59:59.999,b963d749-ed7a-442b-92c9-2621771cd2a6,49.0,
,21313,63060051,1,2025-12-12 09:00:00.000,,6f29312c-26e9-40b3-b38c-c171362e791f.com.samsung.health.heart_rate.binning_data.json,63060051,2025-12-12 10:03:14.801,2025-12-12 09:01:00.174,,68.0,42.0,,UTC-0300,tWUO8ZL77Z,,com.sec.android.app.shealth,2025-12-12 09:59:59.999,6f29312c-26e9-40b3-b38c-c171362e791f,47.0,
,21313,63060051,1,2025-12-12 04:00:00.000,,4c85f9b1-8bab-4472-94a1-95aa83254204.com.samsung.health.heart_rate.binning_data.json,63060051,2025-12-12 05:07:05.550,2025-12-12 04:07:35.011,,82.0,47.0,,UTC-0300,tWUO8ZL77Z,,com.sec.android.app.shealth,2025-12-12 04:59:59.999,4c85f9b1-8bab-4472-94a1-95aa83254204,54.0,
,21313,63060051,1,2025-12-12 05:00:00.000,,a1fddb45-c62e-4029-a0a8-da4be054a686.com.samsung.health.heart_rate.binning_data.json,63060051,2025-12-12 06:05:11.566,2025-12-12 05:07:28.283,,68.0,46.0,,UTC-0300,tWUO8ZL77Z,,com.sec.android.app.shealth,2025-12-12 05:59:59.999,a1fddb45-c62e-4029-a0a8-da4be054a686,50.0,
,21313,63060051,1,2025-12-12 06:00:00.000,,519215a7-be8c-451d-989d-6e09054edce0.com.samsung.health.heart_rate.binning_data.json,63060051,2025-12-12 07:07:22.580,2025-12-12 06:05:11.846,,64.0,44.0,,UTC-0300,tWUO8ZL77Z,,com.sec.android.app.shealth,2025-12-12 06:59:59.999,519215a7-be8c-451d-989d-6e09054edce0,48.0,
,21313,63060051,1,2025-12-12 10:00:00.000,,7cbb0080-2f60-48df-8627-64319772b6c3.com.samsung.health.heart_rate.binning_data.json,63060051,2025-12-12 11:07:04.835,2025-12-12 10:03:14.967,,81.0,42.0,,UTC-0300,tWUO8ZL77Z,,com.sec.android.app.shealth,2025-12-12 10:59:59.999,7cbb0080-2f60-48df-8627-64319772b6c3,62.0,
,21313,63060051,1,2025-12-12 11:00:00.000,,6e2a8803-2721-4181-8ba3-f4c2c9fc0673.com.samsung.health.heart_rate.binning_data.json,63060051,2025-12-12 12:01:03.495,2025-12-12 11:07:05.023,,94.0,55.0,,UTC-0300,tWUO8ZL77Z,,com.sec.android.app.shealth,2025-12-12 11:59:59.999,6e2a8803-2721-4181-8ba3-f4c2c9fc0673,71.0,
,21313,63060051,1,2025-12-12 12:00:00.000,,0e2973c4-e4b8-4838-914f-039c10848691.com.samsung.health.heart_rate.binning_data.json,63060051,2025-12-12 13:07:59.773,2025-12-12 12:01:03.565,,95.0,65.0,,UTC-0300,tWUO8ZL77Z,,com.sec.android.app.shealth,2025-12-12 12:59:59.999,0e2973c4-e4b8-4838-914f-039c10848691,79.0,
,21313,63060051,1,2025-12-12 13:00:00.000,,9a0c71ad-b7ab-432a-a9ad-299f0e18ad30.com.samsung.health.heart_rate.binning_data.json,63060051,2025-12-12 14:03:16.069,2025-12-12 13:08:00.037,,102.0,75.0,,UTC-0300,tWUO8ZL77Z,,com.sec.android.app.shealth,2025-12-12 13:59:59.999,9a0c71ad-b7ab-432a-a9ad-299f0e18ad30,86.0,
,21313,63060051,1,2025-12-12 14:00:00.000,,779d094a-2030-404c-9ce1-c6e6ee9acfa1.com.samsung.health.heart_rate.binning_data.json,63060051,2025-12-12 15:06:39.661,2025-12-12 14:03:16.207,,107.0,59.0,,UTC-0300,tWUO8ZL77Z,,com.sec.android.app.shealth,2025-12-12 14:59:59.999,779d094a-2030-404c-9ce1-c6e6ee9acfa1,84.0,
,21313,63060051,1,2025-12-12 15:00:00.000,,88ce7389-d294-4578-9a79-bb633720fd7d.com.samsung.health.heart_rate.binning_data.json,63060051,2025-12-12 16:06:10.646,2025-12-12 15:06:39.959,,102.0,74.0,,UTC-0300,tWUO8ZL77Z,,com.sec.android.app.shealth,2025-12-12 15:59:59.999,88ce7389-d294-4578-9a79-bb633720fd7d,86.0,
,21313,63060051,1,2025-12-12 16:00:00.000,,773deb69-4682-4256-8a10-0ee755d8ea3b.com.samsung.health.heart_rate.binning_data.json,63060051,2025-12-12 17:03:34.673,2025-12-12 16:06:11.316,,97.0,57.0,,UTC-0300,tWUO8ZL77Z,,com.sec.android.app.shealth,2025-12-12 16:59:59.999,773deb69-4682-4256-8a10-0ee755d8ea3b,83.0,
,21313,63060051,1,2025-12-12 17:00:00.000,,e1253b66-0c83-4d00-9ac8-cd43fed71b1d.com.samsung.health.heart_rate.binning_data.json,63060051,2025-12-12 18:01:00.395,2025-12-12 17:03:34.852,,97.0,57.0,,UTC-0300,tWUO8ZL77Z,,com.sec.android.app.shealth,2025-12-12 17:59:59.999,e1253b66-0c83-4d00-9ac8-cd43fed71b1d,78.0,
,21313,63060051,1,2025-12-12 18:00:00.000,,a05a91d0-a29b-472c-bbf9-24c2f6daa747.com.samsung.health.heart_rate.binning_data.json,63060051,2025-12-12 22:03:32.899,2025-12-12 18:01:00.473,,86.0,60.0,,UTC-0300,tWUO8ZL77Z,,com.sec.android.app.shealth,2025-12-12 18:59:59.999,a05a91d0-a29b-472c-bbf9-24c2f6daa747,73.0,
,21313,63060051,1,2025-12-12 21:00:00.000,,532ae1c7-7699-4629-8c87-9cb9dfe3d55c.com.samsung.health.heart_rate.binning_data.json,63060051,2025-12-12 22:03:33.165,2025-12-12 22:03:33.165,,93.0,87.0,,UTC-0300,tWUO8ZL77Z,,com.sec.android.app.shealth,2025-12-12 21:59:59.999,532ae1c7-7699-4629-8c87-9cb9dfe3d55c,89.0,
,21313,63060051,1,2025-12-12 22:00:00.000,,a62f9229-2743-41ab-b4de-8639c0c0f5f0.com.samsung.health.heart_rate.binning_data.json,63060051,2025-12-12 23:01:14.323,2025-12-12 22:03:33.754,,101.0,75.0,,UTC-0300,tWUO8ZL77Z,,com.sec.android.app.shealth,2025-12-12 22:59:59.999,a62f9229-2743-41ab-b4de-8639c0c0f5f0,84.0,
,21313,63060051,1,2025-12-12 23:00:00.000,,c51e1a13-251a-48cb-9528-4fa842f0f7d0.com.samsung.health.heart_rate.binning_data.json,63060051,2025-12-13 00:04:31.929,2025-12-12 23:01:14.412,,100.0,65.0,,UTC-0300,tWUO8ZL77Z,,com.sec.android.app.shealth,2025-12-12 23:59:59.999,c51e1a13-251a-48cb-9528-4fa842f0f7d0,80.0,
,21313,63060051,1,2025-12-13 00:00:00.000,,b9eb7833-4ad8-49e9-9c77-977f09789df1.com.samsung.health.heart_rate.binning_data.json,63060051,2025-12-13 01:05:02.687,2025-12-13 00:04:32.181,,94.0,65.0,,UTC-0300,tWUO8ZL77Z,,com.sec.android.app.shealth,2025-12-13 00:59:59.999,b9eb7833-4ad8-49e9-9c77-977f09789df1,78.0,
,21313,63060051,1,2025-12-13 01:00:00.000,,f4eff52a-0bc7-4fa4-ba3b-cad904ab6ad4.com.samsung.health.heart_rate.binning_data.json,63060051,2025-12-13 02:15:01.802,2025-12-13 01:06:23.349,,90.0,63.0,,UTC-0300,tWUO8ZL77Z,,com.sec.android.app.shealth,2025-12-13 01:59:59.999,f4eff52a-0bc7-4fa4-ba3b-cad904ab6ad4,75.0,
,21313,63060051,1,2025-12-13 03:00:00.000,,94e73936-3211-4e39-8dce-93dcbc4350d5.com.samsung.health.heart_rate.binning_data.json,63060051,2025-12-13 04:05:38.803,2025-12-13 03:06:12.317,,76.0,50.0,,UTC-0300,tWUO8ZL77Z,,com.sec.android.app.shealth,2025-12-13 03:59:59.999,94e73936-3211-4e39-8dce-93dcbc4350d5,55.0,
,21313,63060051,1,2025-12-13 02:00:00.000,,28d6aafd-8a4a-418e-af4c-35dbd0998a28.com.samsung.health.heart_rate.binning_data.json,63060051,2025-12-13 03:05:03.735,2025-12-13 02:15:12.569,,88.0,51.0,,UTC-0300,tWUO8ZL77Z,,com.sec.android.app.shealth,2025-12-13 02:59:59.999,28d6aafd-8a4a-418e-af4c-35dbd0998a28,57.0,
,21316,63060051,1,2025-12-13 03:44:39.931,,,63060051,2025-12-14 02:55:00.479,2025-12-13 03:35:01.089,,,,,UTC-0300,tWUO8ZL77Z,,com.sec.android.app.shealth,2025-12-13 03:44:39.931,a0c38acd-b135-4fd4-8f3a-9c9737030b6c,52.0,
,21313,63060051,1,2025-12-13 04:00:00.000,,ea94b677-41e4-4382-8ef3-8ac4a3b0a7fe.com.samsung.health.heart_rate.binning_data.json,63060051,2025-12-13 05:06:04.228,2025-12-13 04:05:39.038,,76.0,47.0,,UTC-0300,tWUO8ZL77Z,,com.sec.android.app.shealth,2025-12-13 04:59:59.999,ea94b677-41e4-4382-8ef3-8ac4a3b0a7fe,53.0,
,21313,63060051,1,2025-12-13 05:00:00.000,,f218b36a-c398-40d7-ac1f-aaec7a9f7445.com.samsung.health.heart_rate.binning_data.json,63060051,2025-12-13 06:05:05.245,2025-12-13 05:06:04.441,,90.0,46.0,,UTC-0300,tWUO8ZL77Z,,com.sec.android.app.shealth,2025-12-13 05:59:59.999,f218b36a-c398-40d7-ac1f-aaec7a9f7445,51.0,
,21313,63060051,1,2025-12-13 06:00:00.000,,b80cd9e5-a93a-424a-9a64-c2fe74d50609.com.samsung.health.heart_rate.binning_data.json,63060051,2025-12-13 07:06:27.172,2025-12-13 06:05:46.601,,93.0,47.0,,UTC-0300,tWUO8ZL77Z,,com.sec.android.app.shealth,2025-12-13 06:59:59.999,b80cd9e5-a93a-424a-9a64-c2fe74d50609,52.0,
,21316,63060051,1,2025-12-12 04:10:30.208,,,63060051,2025-12-13 02:56:09.814,2025-12-13 02:56:09.814,,,,,UTC-0300,tWUO8ZL77Z,,com.sec.android.app.shealth,2025-12-12 04:10:30.208,190bd807-7520-46cd-b092-fb42117f969e,53.0,
,21313,63060051,1,2025-12-13 09:00:00.000,,e74dd332-35db-494a-9483-dcbed721e05f.com.samsung.health.heart_rate.binning_data.json,63060051,2025-12-13 10:05:18.758,2025-12-13 09:05:03.042,,75.0,47.0,,UTC-0300,tWUO8ZL77Z,,com.sec.android.app.shealth,2025-12-13 09:59:59.999,e74dd332-35db-494a-9483-dcbed721e05f,52.0,
,21313,63060051,1,2025-12-13 07:00:00.000,,7208b6d3-76c2-4d6c-bc50-06af5b63cc2d.com.samsung.health.heart_rate.binning_data.json,63060051,2025-12-13 08:05:34.049,2025-12-13 07:06:27.446,,69.0,44.0,,UTC-0300,tWUO8ZL77Z,,com.sec.android.app.shealth,2025-12-13 07:59:59.999,7208b6d3-76c2-4d6c-bc50-06af5b63cc2d,49.0,
,21313,63060051,1,2025-12-13 08:00:00.000,,57551109-acba-4af8-9ccc-858b2d378071.com.samsung.health.heart_rate.binning_data.json,63060051,2025-12-13 09:05:02.723,2025-12-13 08:05:34.236,,73.0,44.0,,UTC-0300,tWUO8ZL77Z,,com.sec.android.app.shealth,2025-12-13 08:59:59.999,57551109-acba-4af8-9ccc-858b2d378071,49.0,
,21313,63060051,1,2025-12-13 10:00:00.000,,b2f3f4b8-4132-4807-85a4-e607cb0b8ec8.com.samsung.health.heart_rate.binning_data.json,63060051,2025-12-13 11:03:14.976,2025-12-13 10:05:19.200,,87.0,51.0,,UTC-0300,tWUO8ZL77Z,,com.sec.android.app.shealth,2025-12-13 10:59:59.999,b2f3f4b8-4132-4807-85a4-e607cb0b8ec8,68.0,
,21313,63060051,1,2025-12-13 11:00:00.000,,a49da38c-98d5-40ce-9762-e75cab37feca.com.samsung.health.heart_rate.binning_data.json,63060051,2025-12-13 12:08:14.151,2025-12-13 11:03:15.200,,97.0,56.0,,UTC-0300,tWUO8ZL77Z,,com.sec.android.app.shealth,2025-12-13 11:59:59.999,a49da38c-98d5-40ce-9762-e75cab37feca,67.0,
,21313,63060051,1,2025-12-13 12:00:00.000,,47b303cb-ccd6-4886-9dcd-9a91574aae85.com.samsung.health.heart_rate.binning_data.json,63060051,2025-12-13 13:06:18.240,2025-12-13 12:08:14.774,,95.0,55.0,,UTC-0300,tWUO8ZL77Z,,com.sec.android.app.shealth,2025-12-13 12:59:59.999,47b303cb-ccd6-4886-9dcd-9a91574aae85,74.0,
,21313,63060051,1,2025-12-13 14:00:00.000,,c416eaeb-8c77-428d-be6d-1b2d01541b06.com.samsung.health.heart_rate.binning_data.json,63060051,2025-12-13 15:01:10.006,2025-12-13 14:04:11.601,,119.0,71.0,,UTC-0300,tWUO8ZL77Z,,com.sec.android.app.shealth,2025-12-13 14:59:59.999,c416eaeb-8c77-428d-be6d-1b2d01541b06,87.0,
,21313,63060051,1,2025-12-13 13:00:00.000,,eedf1298-0c16-455c-a9a9-b23b99826e2d.com.samsung.health.heart_rate.binning_data.json,63060051,2025-12-13 14:00:26.388,2025-12-13 13:06:18.398,,100.0,63.0,,UTC-0300,tWUO8ZL77Z,,com.sec.android.app.shealth,2025-12-13 13:59:59.999,eedf1298-0c16-455c-a9a9-b23b99826e2d,81.0,
,21313,63060051,1,2025-12-13 15:00:00.000,,f727f2f7-4d3b-42bd-928a-979ba7146060.com.samsung.health.heart_rate.binning_data.json,63060051,2025-12-13 16:01:19.882,2025-12-13 15:01:10.229,,102.0,65.0,,UTC-0300,tWUO8ZL77Z,,com.sec.android.app.shealth,2025-12-13 15:59:59.999,f727f2f7-4d3b-42bd-928a-979ba7146060,80.0,
,21313,63060051,1,2025-12-13 16:00:00.000,,b427bfad-d5cf-4d49-be1b-423e66e0e5f5.com.samsung.health.heart_rate.binning_data.json,63060051,2025-12-13 17:02:09.285,2025-12-13 16:01:20.005,,93.0,59.0,,UTC-0300,tWUO8ZL77Z,,com.sec.android.app.shealth,2025-12-13 16:59:59.999,b427bfad-d5cf-4d49-be1b-423e66e0e5f5,76.0,
,21313,63060051,1,2025-12-13 17:00:00.000,,4cb9e9bf-d71a-4ac6-ab1a-836237baf8d5.com.samsung.health.heart_rate.binning_data.json,63060051,2025-12-13 18:02:36.383,2025-12-13 17:02:09.495,,109.0,69.0,,UTC-0300,tWUO8ZL77Z,,com.sec.android.app.shealth,2025-12-13 17:59:59.999,4cb9e9bf-d71a-4ac6-ab1a-836237baf8d5,89.0,
,21313,63060051,1,2025-12-13 18:00:00.000,,476e32a0-f556-4b3d-98f8-83efdc62c489.com.samsung.health.heart_rate.binning_data.json,63060051,2025-12-13 19:05:48.430,2025-12-13 18:02:36.535,,99.0,55.0,,UTC-0300,tWUO8ZL77Z,,com.sec.android.app.shealth,2025-12-13 18:59:59.999,476e32a0-f556-4b3d-98f8-83efdc62c489,84.0,
,21313,63060051,1,2025-12-13 19:00:00.000,,d331e613-081e-4b2b-881a-ae43624174ce.com.samsung.health.heart_rate.binning_data.json,63060051,2025-12-13 20:08:13.648,2025-12-13 19:05:48.678,,89.0,63.0,,UTC-0300,tWUO8ZL77Z,,com.sec.android.app.shealth,2025-12-13 19:59:59.999,d331e613-081e-4b2b-881a-ae43624174ce,78.0,
,21313,63060051,1,2025-12-13 20:00:00.000,,1f4ec1c5-fb21-4a2b-b9b7-3b457e41fc01.com.samsung.health.heart_rate.binning_data.json,63060051,2025-12-13 21:00:02.337,2025-12-13 20:08:13.829,,92.0,63.0,,UTC-0300,tWUO8ZL77Z,,com.sec.android.app.shealth,2025-12-13 20:59:59.999,1f4ec1c5-fb21-4a2b-b9b7-3b457e41fc01,74.0,
,21313,63060051,1,2025-12-13 21:00:00.000,,685733f2-1a97-469d-82c8-8e60ebb6d8ca.com.samsung.health.heart_rate.binning_data.json,63060051,2025-12-13 22:03:05.822,2025-12-13 21:05:46.762,,100.0,61.0,,UTC-0300,tWUO8ZL77Z,,com.sec.android.app.shealth,2025-12-13 21:59:59.999,685733f2-1a97-469d-82c8-8e60ebb6d8ca,76.0,
,21313,63060051,1,2025-12-13 22:00:00.000,,e95096e6-0f3a-4b15-b893-4a25643def06.com.samsung.health.heart_rate.binning_data.json,63060051,2025-12-13 23:01:33.242,2025-12-13 22:03:06.511,,89.0,56.0,,UTC-0300,tWUO8ZL77Z,,com.sec.android.app.shealth,2025-12-13 22:59:59.999,e95096e6-0f3a-4b15-b893-4a25643def06,72.0,
,21313,63060051,1,2025-12-13 23:00:00.000,,df5ca8ef-8146-4661-beda-50c21eb72261.com.samsung.health.heart_rate.binning_data.json,63060051,2025-12-14 00:02:23.045,2025-12-13 23:01:33.356,,88.0,55.0,,UTC-0300,tWUO8ZL77Z,,com.sec.android.app.shealth,2025-12-13 23:59:59.999,df5ca8ef-8146-4661-beda-50c21eb72261,71.0,
,21313,63060051,1,2025-12-14 00:00:00.000,,3ff4b392-50de-401b-922a-bae0c8c09cf8.com.samsung.health.heart_rate.binning_data.json,63060051,2025-12-14 02:04:04.400,2025-12-14 00:02:23.405,,84.0,60.0,,UTC-0300,tWUO8ZL77Z,,com.sec.android.app.shealth,2025-12-14 00:59:59.999,3ff4b392-50de-401b-922a-bae0c8c09cf8,70.0,
,21313,63060051,1,2025-12-14 01:00:00.000,,6a8317af-a102-4381-a3ea-6bf242682a48.com.samsung.health.heart_rate.binning_data.json,63060051,2025-12-14 02:04:04.570,2025-12-14 02:04:04.570,,74.0,55.0,,UTC-0300,tWUO8ZL77Z,,com.sec.android.app.shealth,2025-12-14 01:59:59.999,6a8317af-a102-4381-a3ea-6bf242682a48,68.0,
,21313,63060051,1,2025-12-14 02:00:00.000,,862b974c-dc46-42c1-9503-1b4f4be6dff9.com.samsung.health.heart_rate.binning_data.json,63060051,2025-12-14 03:05:03.032,2025-12-14 02:04:04.749,,92.0,51.0,,UTC-0300,tWUO8ZL77Z,,com.sec.android.app.shealth,2025-12-14 02:59:59.999,862b974c-dc46-42c1-9503-1b4f4be6dff9,65.0,
,21313,63060051,1,2025-12-14 03:00:00.000,,ac83103b-95ff-44e8-9448-f3c596783e3d.com.samsung.health.heart_rate.binning_data.json,63060051,2025-12-14 04:05:42.710,2025-12-14 03:05:03.394,,72.0,51.0,,UTC-0300,tWUO8ZL77Z,,com.sec.android.app.shealth,2025-12-14 03:59:59.999,ac83103b-95ff-44e8-9448-f3c596783e3d,55.0,
,21313,63060051,1,2025-12-14 04:00:00.000,,32ded769-bbe2-4a79-bd9e-8e9f88cf4a27.com.samsung.health.heart_rate.binning_data.json,63060051,2025-12-14 05:00:34.070,2025-12-14 04:05:51.065,,66.0,51.0,,UTC-0300,tWUO8ZL77Z,,com.sec.android.app.shealth,2025-12-14 04:59:59.999,32ded769-bbe2-4a79-bd9e-8e9f88cf4a27,57.0,
,21313,63060051,1,2025-12-14 05:00:00.000,,73db7a15-e72c-46f6-885a-ec4397ab6099.com.samsung.health.heart_rate.binning_data.json,63060051,2025-12-14 06:05:01.690,2025-12-14 05:00:36.248,,81.0,53.0,,UTC-0300,tWUO8ZL77Z,,com.sec.android.app.shealth,2025-12-14 05:59:59.999,73db7a15-e72c-46f6-885a-ec4397ab6099,56.0,
,21316,63060051,1,2025-12-14 06:30:30.433,,,63060051,2025-12-15 02:56:10.872,2025-12-14 05:51:34.445,,,,,UTC-0300,tWUO8ZL77Z,,com.sec.android.app.shealth,2025-12-14 06:30:30.433,10aae818-3741-446d-a1e2-9763f167b6da,53.0,
,21313,63060051,1,2025-12-14 06:00:00.000,,5b797302-b26f-4931-a0ee-ccc53176aefb.com.samsung.health.heart_rate.binning_data.json,63060051,2025-12-14 07:05:49.593,2025-12-14 06:11:36.432,,73.0,51.0,,UTC-0300,tWUO8ZL77Z,,com.sec.android.app.shealth,2025-12-14 06:59:59.999,5b797302-b26f-4931-a0ee-ccc53176aefb,55.0,
,21313,63060051,1,2025-12-14 07:00:00.000,,8bc0a957-2bfc-4ddb-b7a4-77e01196966a.com.samsung.health.heart_rate.binning_data.json,63060051,2025-12-14 08:05:59.110,2025-12-14 07:09:33.765,,69.0,49.0,,UTC-0300,tWUO8ZL77Z,,com.sec.android.app.shealth,2025-12-14 07:59:59.999,8bc0a957-2bfc-4ddb-b7a4-77e01196966a,54.0,
,21313,63060051,1,2025-12-14 08:00:00.000,,4b5c2953-a5b2-4bc1-bddf-1f66ecaf824c.com.samsung.health.heart_rate.binning_data.json,63060051,2025-12-14 09:08:53.039,2025-12-14 08:07:06.420,,67.0,47.0,,UTC-0300,tWUO8ZL77Z,,com.sec.android.app.shealth,2025-12-14 08:59:59.999,4b5c2953-a5b2-4bc1-bddf-1f66ecaf824c,53.0,
,21313,63060051,1,2025-12-14 09:00:00.000,,8dd28c44-a158-4354-b886-003cf57d6b7a.com.samsung.health.heart_rate.binning_data.json,63060051,2025-12-14 10:06:06.851,2025-12-14 09:10:41.738,,79.0,49.0,,UTC-0300,tWUO8ZL77Z,,com.sec.android.app.shealth,2025-12-14 09:59:59.999,8dd28c44-a158-4354-b886-003cf57d6b7a,56.0,
,21313,63060051,1,2025-12-14 10:00:00.000,,1ad8131e-fb48-41dd-9a99-e1ce497413b6.com.samsung.health.heart_rate.binning_data.json,63060051,2025-12-14 11:02:07.968,2025-12-14 10:06:08.011,,86.0,51.0,,UTC-0300,tWUO8ZL77Z,,com.sec.android.app.shealth,2025-12-14 10:59:59.999,1ad8131e-fb48-41dd-9a99-e1ce497413b6,58.0,
,21313,63060051,1,2025-12-14 11:00:00.000,,df8e6ad7-6067-473b-8f6b-18d501d40674.com.samsung.health.heart_rate.binning_data.json,63060051,2025-12-14 12:02:29.453,2025-12-14 11:02:08.255,,92.0,55.0,,UTC-0300,tWUO8ZL77Z,,com.sec.android.app.shealth,2025-12-14 11:59:59.999,df8e6ad7-6067-473b-8f6b-18d501d40674,66.0,
,21313,63060051,1,2025-12-14 12:00:00.000,,f8fec3c9-0f1c-47e5-8866-df86cdce179a.com.samsung.health.heart_rate.binning_data.json,63060051,2025-12-14 13:05:02.641,2025-12-14 12:02:29.933,,83.0,55.0,,UTC-0300,tWUO8ZL77Z,,com.sec.android.app.shealth,2025-12-14 12:59:59.999,f8fec3c9-0f1c-47e5-8866-df86cdce179a,61.0,
,21313,63060051,1,2025-12-14 13:00:00.000,,d7743951-28bd-4b31-b777-5edf7b01786d.com.samsung.health.heart_rate.binning_data.json,63060051,2025-12-14 14:04:08.957,2025-12-14 13:06:02.042,,74.0,52.0,,UTC-0300,tWUO8ZL77Z,,com.sec.android.app.shealth,2025-12-14 13:59:59.999,d7743951-28bd-4b31-b777-5edf7b01786d,56.0,
,21313,63060051,1,2025-12-14 14:00:00.000,,08069c67-27cc-4556-b3c3-33e841b21fd3.com.samsung.health.heart_rate.binning_data.json,63060051,2025-12-14 15:02:35.015,2025-12-14 14:04:09.205,,84.0,52.0,,UTC-0300,tWUO8ZL77Z,,com.sec.android.app.shealth,2025-12-14 14:59:59.999,08069c67-27cc-4556-b3c3-33e841b21fd3,69.0,
,21313,63060051,1,2025-12-14 15:00:00.000,,f3dec0bf-9d28-4168-8240-efaf2fa9defa.com.samsung.health.heart_rate.binning_data.json,63060051,2025-12-14 16:01:52.920,2025-12-14 15:02:35.266,,90.0,56.0,,UTC-0300,tWUO8ZL77Z,,com.sec.android.app.shealth,2025-12-14 15:59:59.999,f3dec0bf-9d28-4168-8240-efaf2fa9defa,71.0,
,21313,63060051,1,2025-12-14 16:00:00.000,,0b673ad9-3737-46fe-94e2-9c034478124b.com.samsung.health.heart_rate.binning_data.json,63060051,2025-12-14 17:07:10.253,2025-12-14 16:01:53.209,,97.0,67.0,,UTC-0300,tWUO8ZL77Z,,com.sec.android.app.shealth,2025-12-14 16:59:59.999,0b673ad9-3737-46fe-94e2-9c034478124b,80.0,
,21313,63060051,1,2025-12-14 17:00:00.000,,3a7fe2cf-8404-46b6-9f71-fa6b766f815f.com.samsung.health.heart_rate.binning_data.json,63060051,2025-12-14 18:01:23.275,2025-12-14 17:07:10.425,,98.0,61.0,,UTC-0300,tWUO8ZL77Z,,com.sec.android.app.shealth,2025-12-14 17:59:59.999,3a7fe2cf-8404-46b6-9f71-fa6b766f815f,79.0,
,21313,63060051,1,2025-12-14 18:00:00.000,,3a6878b0-c97e-4648-8e5d-4703751cfe12.com.samsung.health.heart_rate.binning_data.json,63060051,2025-12-14 19:04:29.552,2025-12-14 18:01:23.348,,100.0,61.0,,UTC-0300,tWUO8ZL77Z,,com.sec.android.app.shealth,2025-12-14 18:59:59.999,3a6878b0-c97e-4648-8e5d-4703751cfe12,83.0,
,21313,63060051,1,2025-12-14 19:00:00.000,,261f464b-36ea-42d5-95a7-772496617e63.com.samsung.health.heart_rate.binning_data.json,63060051,2025-12-14 20:05:03.657,2025-12-14 19:04:31.013,,93.0,58.0,,UTC-0300,tWUO8ZL77Z,,com.sec.android.app.shealth,2025-12-14 19:59:59.999,261f464b-36ea-42d5-95a7-772496617e63,79.0,
,21313,63060051,1,2025-12-14 20:00:00.000,,f85c29d8-d79f-4c3c-aa02-56ddd1c88fd2.com.samsung.health.heart_rate.binning_data.json,63060051,2025-12-14 21:01:24.497,2025-12-14 20:06:22.482,,93.0,61.0,,UTC-0300,tWUO8ZL77Z,,com.sec.android.app.shealth,2025-12-14 20:59:59.999,f85c29d8-d79f-4c3c-aa02-56ddd1c88fd2,78.0,
,21313,63060051,1,2025-12-14 21:00:00.000,,d91685ea-5263-4198-90a0-4033e3ce4b4e.com.samsung.health.heart_rate.binning_data.json,63060051,2025-12-14 22:06:52.239,2025-12-14 21:01:24.690,,92.0,56.0,,UTC-0300,tWUO8ZL77Z,,com.sec.android.app.shealth,2025-12-14 21:59:59.999,d91685ea-5263-4198-90a0-4033e3ce4b4e,73.0,
,21313,63060051,1,2025-12-14 22:00:00.000,,beac5d64-a6ce-422b-8d2a-6c1ec15696c5.com.samsung.health.heart_rate.binning_data.json,63060051,2025-12-14 23:19:18.462,2025-12-14 22:06:52.590,,96.0,70.0,,UTC-0300,tWUO8ZL77Z,,com.sec.android.app.shealth,2025-12-14 22:59:59.999,beac5d64-a6ce-422b-8d2a-6c1ec15696c5,81.0,
,21313,63060051,1,2025-12-14 23:00:00.000,,bad599ac-edd3-4906-8580-2e60fe00c67d.com.samsung.health.heart_rate.binning_data.json,63060051,2025-12-15 00:06:42.368,2025-12-14 23:19:19.250,,90.0,59.0,,UTC-0300,tWUO8ZL77Z,,com.sec.android.app.shealth,2025-12-14 23:59:59.999,bad599ac-edd3-4906-8580-2e60fe00c67d,65.0,
,21313,63060051,1,2025-12-15 00:00:00.000,,737c2dce-d05b-4d28-8629-48cb5382bf03.com.samsung.health.heart_rate.binning_data.json,63060051,2025-12-15 01:05:49.724,2025-12-15 00:08:16.430,,70.0,55.0,,UTC-0300,tWUO8ZL77Z,,com.sec.android.app.shealth,2025-12-15 00:59:59.999,737c2dce-d05b-4d28-8629-48cb5382bf03,61.0,
,21313,63060051,1,2025-12-15 01:00:00.000,,1a51d886-69cc-4e3f-859e-fcfc76260119.com.samsung.health.heart_rate.binning_data.json,63060051,2025-12-15 02:01:52.532,2025-12-15 01:08:04.183,,71.0,54.0,,UTC-0300,tWUO8ZL77Z,,com.sec.android.app.shealth,2025-12-15 01:59:59.999,1a51d886-69cc-4e3f-859e-fcfc76260119,59.0,
,21313,63060051,1,2025-12-15 02:00:00.000,,b5c8bf0d-085e-4d4a-ae3e-d0f1dab770d8.com.samsung.health.heart_rate.binning_data.json,63060051,2025-12-15 03:01:01.056,2025-12-15 02:01:52.740,,80.0,51.0,,UTC-0300,tWUO8ZL77Z,,com.sec.android.app.shealth,2025-12-15 02:59:59.999,b5c8bf0d-085e-4d4a-ae3e-d0f1dab770d8,59.0,
,21313,63060051,1,2025-12-15 07:00:00.000,,50a02a35-c120-456b-a4e4-78bba51efadf.com.samsung.health.heart_rate.binning_data.json,63060051,2025-12-15 08:05:37.310,2025-12-15 07:07:00.739,,66.0,47.0,,UTC-0300,tWUO8ZL77Z,,com.sec.android.app.shealth,2025-12-15 07:59:59.999,50a02a35-c120-456b-a4e4-78bba51efadf,51.0,
,21313,63060051,1,2025-12-15 03:00:00.000,,828d5ea5-381c-4113-b0e2-ebaabbafb6ff.com.samsung.health.heart_rate.binning_data.json,63060051,2025-12-15 04:06:24.324,2025-12-15 03:01:01.210,,68.0,51.0,,UTC-0300,tWUO8ZL77Z,,com.sec.android.app.shealth,2025-12-15 03:59:59.999,828d5ea5-381c-4113-b0e2-ebaabbafb6ff,54.0,
,21313,63060051,1,2025-12-15 04:00:00.000,,03468f0f-b86e-44cb-a664-938f73cb1109.com.samsung.health.heart_rate.binning_data.json,63060051,2025-12-15 05:05:43.514,2025-12-15 04:06:24.559,,81.0,47.0,,UTC-0300,tWUO8ZL77Z,,com.sec.android.app.shealth,2025-12-15 04:59:59.999,03468f0f-b86e-44cb-a664-938f73cb1109,51.0,
,21313,63060051,1,2025-12-15 05:00:00.000,,c22e152b-ca1d-4943-aa32-4bf207ff4fc9.com.samsung.health.heart_rate.binning_data.json,63060051,2025-12-15 06:09:11.577,2025-12-15 05:09:01.190,,63.0,48.0,,UTC-0300,tWUO8ZL77Z,,com.sec.android.app.shealth,2025-12-15 05:59:59.999,c22e152b-ca1d-4943-aa32-4bf207ff4fc9,51.0,
,21313,63060051,1,2025-12-15 06:00:00.000,,69908d25-b00d-4932-8a58-386b330a9084.com.samsung.health.heart_rate.binning_data.json,63060051,2025-12-15 07:07:00.303,2025-12-15 06:09:12.256,,76.0,48.0,,UTC-0300,tWUO8ZL77Z,,com.sec.android.app.shealth,2025-12-15 06:59:59.999,69908d25-b00d-4932-8a58-386b330a9084,53.0,
,21313,63060051,1,2025-12-15 09:00:00.000,,226ea991-a43b-4981-9077-9ec045209386.com.samsung.health.heart_rate.binning_data.json,63060051,2025-12-15 10:00:39.488,2025-12-15 09:10:42.455,,70.0,51.0,,UTC-0300,tWUO8ZL77Z,,com.sec.android.app.shealth,2025-12-15 09:59:59.999,226ea991-a43b-4981-9077-9ec045209386,53.0,
,21313,63060051,1,2025-12-15 08:00:00.000,,65c780ab-7831-4fad-ac22-95ae9868c39e.com.samsung.health.heart_rate.binning_data.json,63060051,2025-12-15 09:09:42.030,2025-12-15 08:05:37.791,,82.0,48.0,,UTC-0300,tWUO8ZL77Z,,com.sec.android.app.shealth,2025-12-15 08:59:59.999,65c780ab-7831-4fad-ac22-95ae9868c39e,54.0,
,21313,63060051,1,2025-12-15 10:00:00.000,,be984e37-441c-4d2c-80e4-b100b1254a38.com.samsung.health.heart_rate.binning_data.json,63060051,2025-12-15 11:05:03.134,2025-12-15 10:05:50.641,,100.0,55.0,,UTC-0300,tWUO8ZL77Z,,com.sec.android.app.shealth,2025-12-15 10:59:59.999,be984e37-441c-4d2c-80e4-b100b1254a38,67.0,
,21316,63060051,1,2025-12-15 03:10:30.161,,,63060051,2025-12-16 02:56:07.549,2025-12-15 11:12:06.455,,,,,UTC-0300,tWUO8ZL77Z,,com.sec.android.app.shealth,2025-12-15 03:10:30.161,775abd44-3d6b-4618-834a-0f40bd43f1f4,55.0,
,21313,63060051,1,2025-12-15 11:00:00.000,,15d75aa6-c279-4269-920e-4c13abcd15ba.com.samsung.health.heart_rate.binning_data.json,63060051,2025-12-15 12:03:05.112,2025-12-15 11:06:40.995,,91.0,55.0,,UTC-0300,tWUO8ZL77Z,,com.sec.android.app.shealth,2025-12-15 11:59:59.999,15d75aa6-c279-4269-920e-4c13abcd15ba,66.0,
,21313,63060051,1,2025-12-15 12:00:00.000,,6e297115-0e3f-4422-9d58-7b4642cebbca.com.samsung.health.heart_rate.binning_data.json,63060051,2025-12-15 15:23:10.775,2025-12-15 12:03:05.247,,79.0,57.0,,UTC-0300,tWUO8ZL77Z,,com.sec.android.app.shealth,2025-12-15 12:59:59.999,6e297115-0e3f-4422-9d58-7b4642cebbca,63.0,
,21313,63060051,1,2025-12-15 15:00:00.000,,6b212c31-97a8-49a7-a8e4-353eba5a5644.com.samsung.health.heart_rate.binning_data.json,63060051,2025-12-15 16:05:03.109,2025-12-15 15:23:10.852,,109.0,64.0,,UTC-0300,tWUO8ZL77Z,,com.sec.android.app.shealth,2025-12-15 15:59:59.999,6b212c31-97a8-49a7-a8e4-353eba5a5644,85.0,
,21313,63060051,1,2025-12-15 16:00:00.000,,e3c1f39e-3edb-4c7d-9f90-16fabf987c68.com.samsung.health.heart_rate.binning_data.json,63060051,2025-12-15 17:02:15.415,2025-12-15 16:05:03.334,,106.0,75.0,,UTC-0300,tWUO8ZL77Z,,com.sec.android.app.shealth,2025-12-15 16:59:59.999,e3c1f39e-3edb-4c7d-9f90-16fabf987c68,86.0,
,21313,63060051,1,2025-12-15 17:00:00.000,,72e23b83-4e32-4d85-a5cc-16426bf1e8c1.com.samsung.health.heart_rate.binning_data.json,63060051,2025-12-15 18:04:54.758,2025-12-15 17:02:15.623,,99.0,59.0,,UTC-0300,tWUO8ZL77Z,,com.sec.android.app.shealth,2025-12-15 17:59:59.999,72e23b83-4e32-4d85-a5cc-16426bf1e8c1,80.0,
,21313,63060051,1,2025-12-15 18:00:00.000,,291f8722-94b3-4e59-8836-b4cfcf573e02.com.samsung.health.heart_rate.binning_data.json,63060051,2025-12-15 19:04:16.272,2025-12-15 18:04:55.034,,100.0,58.0,,UTC-0300,tWUO8ZL77Z,,com.sec.android.app.shealth,2025-12-15 18:59:59.999,291f8722-94b3-4e59-8836-b4cfcf573e02,79.0,
,21313,63060051,1,2025-12-15 19:00:00.000,,7054c351-7bf0-41b7-ad5d-e61614cc787a.com.samsung.health.heart_rate.binning_data.json,63060051,2025-12-15 20:06:17.890,2025-12-15 19:04:16.581,,96.0,65.0,,UTC-0300,tWUO8ZL77Z,,com.sec.android.app.shealth,2025-12-15 19:59:59.999,7054c351-7bf0-41b7-ad5d-e61614cc787a,79.0,
,21313,63060051,1,2025-12-15 20:00:00.000,,53e29a54-83ec-4c8e-b2ff-896591251146.com.samsung.health.heart_rate.binning_data.json,63060051,2025-12-15 21:01:43.807,2025-12-15 20:06:18.025,,104.0,66.0,,UTC-0300,tWUO8ZL77Z,,com.sec.android.app.shealth,2025-12-15 20:59:59.999,53e29a54-83ec-4c8e-b2ff-896591251146,76.0,
,21313,63060051,1,2025-12-15 22:00:00.000,,4594545d-f46e-44f1-ba83-396dc9f4cf9d.com.samsung.health.heart_rate.binning_data.json,63060051,2025-12-15 23:05:57.362,2025-12-15 22:09:59.769,,92.0,64.0,,UTC-0300,tWUO8ZL77Z,,com.sec.android.app.shealth,2025-12-15 22:59:59.999,4594545d-f46e-44f1-ba83-396dc9f4cf9d,73.0,
,21313,63060051,1,2025-12-15 21:00:00.000,,568505c1-77ed-47af-bc9d-b03fa64626e3.com.samsung.health.heart_rate.binning_data.json,63060051,2025-12-15 22:05:47.175,2025-12-15 21:01:43.898,,101.0,66.0,,UTC-0300,tWUO8ZL77Z,,com.sec.android.app.shealth,2025-12-15 21:59:59.999,568505c1-77ed-47af-bc9d-b03fa64626e3,77.0,
,21313,63060051,1,2025-12-15 23:00:00.000,,741f6dca-2db6-472f-8362-f95cc8821d7a.com.samsung.health.heart_rate.binning_data.json,63060051,2025-12-16 00:05:02.121,2025-12-15 23:05:57.617,,88.0,62.0,,UTC-0300,tWUO8ZL77Z,,com.sec.android.app.shealth,2025-12-15 23:59:59.999,741f6dca-2db6-472f-8362-f95cc8821d7a,74.0,
,21313,63060051,1,2025-12-16 00:00:00.000,,1540eba6-6ff6-452f-9564-6ff366b970a9.com.samsung.health.heart_rate.binning_data.json,63060051,2025-12-16 01:01:00.412,2025-12-16 00:05:49.214,,92.0,63.0,,UTC-0300,tWUO8ZL77Z,,com.sec.android.app.shealth,2025-12-16 00:59:59.999,1540eba6-6ff6-452f-9564-6ff366b970a9,79.0,
,21313,63060051,1,2025-12-16 01:00:00.000,,a38ce7b2-6640-462d-9987-3b8fd4f1d14f.com.samsung.health.heart_rate.binning_data.json,63060051,2025-12-16 02:05:03.020,2025-12-16 01:01:00.509,,98.0,60.0,,UTC-0300,tWUO8ZL77Z,,com.sec.android.app.shealth,2025-12-16 01:59:59.999,a38ce7b2-6640-462d-9987-3b8fd4f1d14f,74.0,
,21313,63060051,1,2025-12-16 02:00:00.000,,29ba7f45-185a-4a16-a4dc-9a73606d86db.com.samsung.health.heart_rate.binning_data.json,63060051,2025-12-16 03:01:44.773,2025-12-16 02:08:14.676,,74.0,55.0,,UTC-0300,tWUO8ZL77Z,,com.sec.android.app.shealth,2025-12-16 02:59:59.999,29ba7f45-185a-4a16-a4dc-9a73606d86db,63.0,
,21313,63060051,1,2025-12-16 03:00:00.000,,bd0b7fa5-aa06-4fc8-aca9-957a770cb44d.com.samsung.health.heart_rate.binning_data.json,63060051,2025-12-16 04:05:07.530,2025-12-16 03:01:44.902,,76.0,55.0,,UTC-0300,tWUO8ZL77Z,,com.sec.android.app.shealth,2025-12-16 03:59:59.999,bd0b7fa5-aa06-4fc8-aca9-957a770cb44d,62.0,
,21313,63060051,1,2025-12-16 08:00:00.000,,0c08cd2c-843c-4bc3-8a15-6de327ba2987.com.samsung.health.heart_rate.binning_data.json,63060051,2025-12-16 09:03:24.395,2025-12-16 08:10:57.487,,72.0,47.0,,UTC-0300,tWUO8ZL77Z,,com.sec.android.app.shealth,2025-12-16 08:59:59.999,0c08cd2c-843c-4bc3-8a15-6de327ba2987,50.0,
,21313,63060051,1,2025-12-16 04:00:00.000,,967c276d-0395-405d-8f40-c5698a8b2620.com.samsung.health.heart_rate.binning_data.json,63060051,2025-12-16 05:05:15.926,2025-12-16 04:06:09.363,,71.0,55.0,,UTC-0300,tWUO8ZL77Z,,com.sec.android.app.shealth,2025-12-16 04:59:59.999,967c276d-0395-405d-8f40-c5698a8b2620,60.0,
,21313,63060051,1,2025-12-16 05:00:00.000,,6f0491f3-f0e7-4ff2-8992-c3dea8069f7f.com.samsung.health.heart_rate.binning_data.json,63060051,2025-12-16 06:05:16.165,2025-12-16 05:08:17.227,,72.0,48.0,,UTC-0300,tWUO8ZL77Z,,com.sec.android.app.shealth,2025-12-16 05:59:59.999,6f0491f3-f0e7-4ff2-8992-c3dea8069f7f,56.0,
,21313,63060051,1,2025-12-16 06:00:00.000,,ef90ab71-c4bc-4b0c-b6de-3cd8e2d6f053.com.samsung.health.heart_rate.binning_data.json,63060051,2025-12-16 07:05:31.750,2025-12-16 06:05:23.897,,69.0,49.0,,UTC-0300,tWUO8ZL77Z,,com.sec.android.app.shealth,2025-12-16 06:59:59.999,ef90ab71-c4bc-4b0c-b6de-3cd8e2d6f053,53.0,
,21313,63060051,1,2025-12-16 07:00:00.000,,ca18b0c8-f329-4890-a52a-cec4f5e288ce.com.samsung.health.heart_rate.binning_data.json,63060051,2025-12-16 08:05:38.638,2025-12-16 07:07:36.617,,65.0,46.0,,UTC-0300,tWUO8ZL77Z,,com.sec.android.app.shealth,2025-12-16 07:59:59.999,ca18b0c8-f329-4890-a52a-cec4f5e288ce,51.0,
,21313,63060051,1,2025-12-16 09:00:00.000,,751efced-57fd-4df4-a666-65787fe4747b.com.samsung.health.heart_rate.binning_data.json,63060051,2025-12-16 10:04:49.847,2025-12-16 09:03:24.680,,77.0,49.0,,UTC-0300,tWUO8ZL77Z,,com.sec.android.app.shealth,2025-12-16 09:59:59.999,751efced-57fd-4df4-a666-65787fe4747b,59.0,
,21313,63060051,1,2025-12-16 10:00:00.000,,7ddbbb70-2041-48fc-b296-5d91978255e0.com.samsung.health.heart_rate.binning_data.json,63060051,2025-12-16 11:02:52.175,2025-12-16 10:04:50.020,,86.0,52.0,,UTC-0300,tWUO8ZL77Z,,com.sec.android.app.shealth,2025-12-16 10:59:59.999,7ddbbb70-2041-48fc-b296-5d91978255e0,59.0,
,21313,63060051,1,2025-12-16 11:00:00.000,,4d35922a-da11-458e-bfd9-ae9a3b90fd20.com.samsung.health.heart_rate.binning_data.json,63060051,2025-12-16 12:10:23.658,2025-12-16 11:02:52.326,,85.0,55.0,,UTC-0300,tWUO8ZL77Z,,com.sec.android.app.shealth,2025-12-16 11:59:59.999,4d35922a-da11-458e-bfd9-ae9a3b90fd20,68.0,
,21313,63060051,1,2025-12-16 12:00:00.000,,6a23ca0a-8a0d-46f5-b07c-21d2fbd1cc8b.com.samsung.health.heart_rate.binning_data.json,63060051,2025-12-16 13:03:54.743,2025-12-16 12:11:26.919,,77.0,58.0,,UTC-0300,tWUO8ZL77Z,,com.sec.android.app.shealth,2025-12-16 12:59:59.999,6a23ca0a-8a0d-46f5-b07c-21d2fbd1cc8b,64.0,
,21313,63060051,1,2025-12-16 13:00:00.000,,02a1e83e-ddec-4d27-80a9-c6a9ce22ba24.com.samsung.health.heart_rate.binning_data.json,63060051,2025-12-16 14:05:02.400,2025-12-16 13:03:55.016,,88.0,55.0,,UTC-0300,tWUO8ZL77Z,,com.sec.android.app.shealth,2025-12-16 13:59:59.999,02a1e83e-ddec-4d27-80a9-c6a9ce22ba24,66.0,
,21316,63060051,1,2025-12-16 10:30:29.512,,,63060051,2025-12-17 02:55:00.743,2025-12-16 10:35:29.659,,,,,UTC-0300,tWUO8ZL77Z,,com.sec.android.app.shealth,2025-12-16 10:30:29.512,0eb1c9d0-b010-4457-9d1f-81885c04e150,53.0,
,21313,63060051,1,2025-12-16 14:00:00.000,,91f89836-de1d-428f-9158-1266a6aadb08.com.samsung.health.heart_rate.binning_data.json,63060051,2025-12-16 15:05:02.770,2025-12-16 14:07:17.669,,140.0,60.0,,UTC-0300,tWUO8ZL77Z,,com.sec.android.app.shealth,2025-12-16 14:59:59.999,91f89836-de1d-428f-9158-1266a6aadb08,89.0,
,21313,63060051,1,2025-12-16 15:00:00.000,,855706e2-68a8-475c-abc9-7d16a8d5f41d.com.samsung.health.heart_rate.binning_data.json,63060051,2025-12-16 16:01:00.175,2025-12-16 15:05:03.022,,119.0,75.0,,UTC-0300,tWUO8ZL77Z,,com.sec.android.app.shealth,2025-12-16 15:59:59.999,855706e2-68a8-475c-abc9-7d16a8d5f41d,91.0,
,21313,63060051,1,2025-12-16 16:00:00.000,,bdde9237-1619-4806-bc96-cfab6cb3577f.com.samsung.health.heart_rate.binning_data.json,63060051,2025-12-16 17:05:02.852,2025-12-16 16:01:00.301,,125.0,66.0,,UTC-0300,tWUO8ZL77Z,,com.sec.android.app.shealth,2025-12-16 16:59:59.999,bdde9237-1619-4806-bc96-cfab6cb3577f,87.0,
,21313,63060051,1,2025-12-16 19:00:00.000,,cf4fca09-1327-4922-a8bc-ac07d85a22e5.com.samsung.health.heart_rate.binning_data.json,63060051,2025-12-16 20:01:42.470,2025-12-16 19:11:14.848,,121.0,61.0,,UTC-0300,tWUO8ZL77Z,,com.sec.android.app.shealth,2025-12-16 19:59:59.999,cf4fca09-1327-4922-a8bc-ac07d85a22e5,77.0,
,21313,63060051,1,2025-12-16 17:00:00.000,,d81e5db9-3a8d-4fc1-b6d1-8df2942437fa.com.samsung.health.heart_rate.binning_data.json,63060051,2025-12-16 18:05:03.053,2025-12-16 17:06:16.663,,153.0,59.0,,UTC-0300,tWUO8ZL77Z,,com.sec.android.app.shealth,2025-12-16 17:59:59.999,d81e5db9-3a8d-4fc1-b6d1-8df2942437fa,83.0,
,21313,63060051,1,2025-12-16 18:00:00.000,,6899427d-0ed5-4e00-9851-cb11d43682bd.com.samsung.health.heart_rate.binning_data.json,63060051,2025-12-16 19:05:03.141,2025-12-16 18:05:44.810,,145.0,64.0,,UTC-0300,tWUO8ZL77Z,,com.sec.android.app.shealth,2025-12-16 18:59:59.999,6899427d-0ed5-4e00-9851-cb11d43682bd,80.0,
,21313,63060051,1,2025-12-16 20:00:00.000,,81aa6e01-b39a-4b83-a57d-b9dca4d2a76b.com.samsung.health.heart_rate.binning_data.json,63060051,2025-12-16 21:00:59.800,2025-12-16 20:01:42.681,,132.0,65.0,,UTC-0300,tWUO8ZL77Z,,com.sec.android.app.shealth,2025-12-16 20:59:59.999,81aa6e01-b39a-4b83-a57d-b9dca4d2a76b,87.0,
,21313,63060051,1,2025-12-16 21:00:00.000,,efe36b9a-55c0-439e-944c-ebdc232ce106.com.samsung.health.heart_rate.binning_data.json,63060051,2025-12-16 22:03:26.611,2025-12-16 21:00:59.890,,157.0,70.0,,UTC-0300,tWUO8ZL77Z,,com.sec.android.app.shealth,2025-12-16 21:59:59.999,efe36b9a-55c0-439e-944c-ebdc232ce106,93.0,
,21313,63060051,1,2025-12-16 22:00:00.000,,e2fa5dd5-98ce-48bb-a92d-fb33c22e6535.com.samsung.health.heart_rate.binning_data.json,63060051,2025-12-16 23:03:15.978,2025-12-16 22:03:26.784,,116.0,70.0,,UTC-0300,tWUO8ZL77Z,,com.sec.android.app.shealth,2025-12-16 22:59:59.999,e2fa5dd5-98ce-48bb-a92d-fb33c22e6535,86.0,
,21313,63060051,1,2025-12-16 23:00:00.000,,669040d3-dc01-4944-93eb-52ad2a4f307a.com.samsung.health.heart_rate.binning_data.json,63060051,2025-12-17 01:26:33.317,2025-12-16 23:03:16.242,,119.0,70.0,,UTC-0300,tWUO8ZL77Z,,com.sec.android.app.shealth,2025-12-16 23:59:59.999,669040d3-dc01-4944-93eb-52ad2a4f307a,90.0,
,21313,63060051,1,2025-12-17 01:00:00.000,,9c527bce-b39a-402a-8616-b8244d0051ab.com.samsung.health.heart_rate.binning_data.json,63060051,2025-12-17 02:05:02.921,2025-12-17 01:26:33.489,,84.0,56.0,,UTC-0300,tWUO8ZL77Z,,com.sec.android.app.shealth,2025-12-17 01:59:59.999,9c527bce-b39a-402a-8616-b8244d0051ab,64.0,
,21313,63060051,1,2025-12-17 02:00:00.000,,767988c2-c6ac-41ba-8dcc-d579f7d70231.com.samsung.health.heart_rate.binning_data.json,63060051,2025-12-17 03:05:00.009,2025-12-17 02:06:46.500,,84.0,52.0,,UTC-0300,tWUO8ZL77Z,,com.sec.android.app.shealth,2025-12-17 02:59:59.999,767988c2-c6ac-41ba-8dcc-d579f7d70231,58.0,
,21313,63060051,1,2025-12-17 03:00:00.000,,2a44e98c-a92c-4930-bca6-5546adad71fa.com.samsung.health.heart_rate.binning_data.json,63060051,2025-12-17 04:07:33.923,2025-12-17 03:05:45.933,,72.0,52.0,,UTC-0300,tWUO8ZL77Z,,com.sec.android.app.shealth,2025-12-17 03:59:59.999,2a44e98c-a92c-4930-bca6-5546adad71fa,57.0,
,21313,63060051,1,2025-12-17 04:00:00.000,,46e3ba0f-0586-4384-b227-db6a371d4549.com.samsung.health.heart_rate.binning_data.json,63060051,2025-12-17 05:10:22.463,2025-12-17 04:07:46.776,,71.0,47.0,,UTC-0300,tWUO8ZL77Z,,com.sec.android.app.shealth,2025-12-17 04:59:59.999,46e3ba0f-0586-4384-b227-db6a371d4549,55.0,
,21313,63060051,1,2025-12-17 05:00:00.000,,03cfda3a-0a51-4ab9-8c17-deede6e4a88a.com.samsung.health.heart_rate.binning_data.json,63060051,2025-12-17 06:09:01.119,2025-12-17 05:11:02.496,,75.0,48.0,,UTC-0300,tWUO8ZL77Z,,com.sec.android.app.shealth,2025-12-17 05:59:59.999,03cfda3a-0a51-4ab9-8c17-deede6e4a88a,54.0,
,21313,63060051,1,2025-12-17 08:00:00.000,,9944518d-8121-49ef-95ae-6be33919f960.com.samsung.health.heart_rate.binning_data.json,63060051,2025-12-17 09:05:10.705,2025-12-17 08:09:14.335,,68.0,46.0,,UTC-0300,tWUO8ZL77Z,,com.sec.android.app.shealth,2025-12-17 08:59:59.999,9944518d-8121-49ef-95ae-6be33919f960,50.0,
,21313,63060051,1,2025-12-17 06:00:00.000,,9417dd41-23c3-46e2-b516-3bbb74bc7ed0.com.samsung.health.heart_rate.binning_data.json,63060051,2025-12-17 07:09:44.394,2025-12-17 06:10:42.454,,74.0,49.0,,UTC-0300,tWUO8ZL77Z,,com.sec.android.app.shealth,2025-12-17 06:59:59.999,9417dd41-23c3-46e2-b516-3bbb74bc7ed0,54.0,
,21313,63060051,1,2025-12-17 07:00:00.000,,c6d26f2b-7cd9-4a97-af0e-14ceaef975fc.com.samsung.health.heart_rate.binning_data.json,63060051,2025-12-17 08:09:05.598,2025-12-17 07:12:18.307,,80.0,47.0,,UTC-0300,tWUO8ZL77Z,,com.sec.android.app.shealth,2025-12-17 07:59:59.999,c6d26f2b-7cd9-4a97-af0e-14ceaef975fc,52.0,
,21316,63060051,1,2025-12-17 09:30:30.461,,,63060051,2025-12-18 01:38:20.494,2025-12-17 03:35:00.539,,,,,UTC-0300,tWUO8ZL77Z,,com.sec.android.app.shealth,2025-12-17 09:30:30.461,e249798e-c646-44ab-af99-b4a0a5abb360,53.0,
,21313,63060051,1,2025-12-17 09:00:00.000,,5ddc867a-d62f-48d7-af88-c8ed9b738394.com.samsung.health.heart_rate.binning_data.json,63060051,2025-12-17 10:07:22.743,2025-12-17 09:09:28.155,,90.0,50.0,,UTC-0300,tWUO8ZL77Z,,com.sec.android.app.shealth,2025-12-17 09:59:59.999,5ddc867a-d62f-48d7-af88-c8ed9b738394,62.0,
,21313,63060051,1,2025-12-17 10:00:00.000,,858158e3-7624-4ef5-9fc6-f2c30c96c0d4.com.samsung.health.heart_rate.binning_data.json,63060051,2025-12-17 11:01:14.663,2025-12-17 10:10:23.707,,93.0,55.0,,UTC-0300,tWUO8ZL77Z,,com.sec.android.app.shealth,2025-12-17 10:59:59.999,858158e3-7624-4ef5-9fc6-f2c30c96c0d4,67.0,
,21313,63060051,1,2025-12-17 11:00:00.000,,49dafff6-66af-49c6-9faf-3494c1914769.com.samsung.health.heart_rate.binning_data.json,63060051,2025-12-17 12:08:24.348,2025-12-17 11:01:14.754,,118.0,59.0,,UTC-0300,tWUO8ZL77Z,,com.sec.android.app.shealth,2025-12-17 11:59:59.999,49dafff6-66af-49c6-9faf-3494c1914769,84.0,
,21313,63060051,1,2025-12-17 12:00:00.000,,f762efd7-2748-4224-93bb-92b025456082.com.samsung.health.heart_rate.binning_data.json,63060051,2025-12-17 13:01:17.274,2025-12-17 12:15:00.613,,102.0,61.0,,UTC-0300,tWUO8ZL77Z,,com.sec.android.app.shealth,2025-12-17 12:59:59.999,f762efd7-2748-4224-93bb-92b025456082,81.0,
,21313,63060051,1,2025-12-17 13:00:00.000,,fd59e83c-fa88-44e2-aa5c-3f198849c114.com.samsung.health.heart_rate.binning_data.json,63060051,2025-12-17 14:01:08.056,2025-12-17 13:01:17.348,,97.0,59.0,,UTC-0300,tWUO8ZL77Z,,com.sec.android.app.shealth,2025-12-17 13:59:59.999,fd59e83c-fa88-44e2-aa5c-3f198849c114,74.0,
,21313,63060051,1,2025-12-17 14:00:00.000,,3d2af3c6-91dd-4635-b651-adc2a06af29f.com.samsung.health.heart_rate.binning_data.json,63060051,2025-12-17 15:02:38.107,2025-12-17 14:01:08.140,,110.0,66.0,,UTC-0300,tWUO8ZL77Z,,com.sec.android.app.shealth,2025-12-17 14:59:59.999,3d2af3c6-91dd-4635-b651-adc2a06af29f,79.0,
,21313,63060051,1,2025-12-17 15:00:00.000,,074781d1-51d0-4fc5-a43d-b448babbe76a.com.samsung.health.heart_rate.binning_data.json,63060051,2025-12-17 16:02:12.266,2025-12-17 15:02:38.776,,98.0,64.0,,UTC-0300,tWUO8ZL77Z,,com.sec.android.app.shealth,2025-12-17 15:59:59.999,074781d1-51d0-4fc5-a43d-b448babbe76a,78.0,
,21313,63060051,1,2025-12-17 16:00:00.000,,4d97007f-7c5f-481b-bd77-bf078ef66a9a.com.samsung.health.heart_rate.binning_data.json,63060051,2025-12-17 17:07:26.506,2025-12-17 16:02:12.450,,92.0,66.0,,UTC-0300,tWUO8ZL77Z,,com.sec.android.app.shealth,2025-12-17 16:59:59.999,4d97007f-7c5f-481b-bd77-bf078ef66a9a,79.0,
,21313,63060051,1,2025-12-17 17:00:00.000,,57b4ff88-39e8-4e1e-a4f6-72d7c50414b7.com.samsung.health.heart_rate.binning_data.json,63060051,2025-12-17 18:01:18.973,2025-12-17 17:07:26.768,,91.0,69.0,,UTC-0300,tWUO8ZL77Z,,com.sec.android.app.shealth,2025-12-17 17:59:59.999,57b4ff88-39e8-4e1e-a4f6-72d7c50414b7,80.0,
,21313,63060051,1,2025-12-17 19:00:00.000,,d7e3c7bc-599b-46cd-aa94-2bddaffe5655.com.samsung.health.heart_rate.binning_data.json,63060051,2025-12-17 20:01:01.516,2025-12-17 19:01:43.021,,100.0,71.0,,UTC-0300,tWUO8ZL77Z,,com.sec.android.app.shealth,2025-12-17 19:59:59.999,d7e3c7bc-599b-46cd-aa94-2bddaffe5655,80.0,
,21313,63060051,1,2025-12-17 18:00:00.000,,9f7e96ff-4bbe-42b6-b91c-5f0dfedc4f70.com.samsung.health.heart_rate.binning_data.json,63060051,2025-12-17 19:01:42.746,2025-12-17 18:01:19.070,,92.0,56.0,,UTC-0300,tWUO8ZL77Z,,com.sec.android.app.shealth,2025-12-17 18:59:59.999,9f7e96ff-4bbe-42b6-b91c-5f0dfedc4f70,75.0,
,21313,63060051,1,2025-12-17 20:00:00.000,,04c805ae-9496-488c-b17f-865b1dbd82c9.com.samsung.health.heart_rate.binning_data.json,63060051,2025-12-17 21:02:47.507,2025-12-17 20:01:01.733,,97.0,60.0,,UTC-0300,tWUO8ZL77Z,,com.sec.android.app.shealth,2025-12-17 20:59:59.999,04c805ae-9496-488c-b17f-865b1dbd82c9,77.0,
,21313,63060051,1,2025-12-17 21:00:00.000,,b3fcbb49-0002-4235-bb77-aa64bf7ecde2.com.samsung.health.heart_rate.binning_data.json,63060051,2025-12-17 23:22:02.591,2025-12-17 21:02:47.605,,91.0,57.0,,UTC-0300,tWUO8ZL77Z,,com.sec.android.app.shealth,2025-12-17 21:59:59.999,b3fcbb49-0002-4235-bb77-aa64bf7ecde2,70.0,
,21313,63060051,1,2025-12-17 23:00:00.000,,c17c3d89-62f1-4568-82ae-0cd117a81b8c.com.samsung.health.heart_rate.binning_data.json,63060051,2025-12-18 00:02:54.794,2025-12-17 23:22:02.759,,86.0,52.0,,UTC-0300,tWUO8ZL77Z,,com.sec.android.app.shealth,2025-12-17 23:59:59.999,c17c3d89-62f1-4568-82ae-0cd117a81b8c,73.0,
,21313,63060051,1,2025-12-18 00:00:00.000,,cfb7f788-cb2b-4fc9-b77c-dc9ecd4cb1a0.com.samsung.health.heart_rate.binning_data.json,63060051,2025-12-18 01:02:56.126,2025-12-18 00:02:54.899,,84.0,57.0,,UTC-0300,tWUO8ZL77Z,,com.sec.android.app.shealth,2025-12-18 00:59:59.999,cfb7f788-cb2b-4fc9-b77c-dc9ecd4cb1a0,66.0,
,21313,63060051,1,2025-12-18 05:00:00.000,,29445c55-e430-4167-9511-bb12774d4ea3.com.samsung.health.heart_rate.binning_data.json,63060051,2025-12-18 06:06:29.377,2025-12-18 05:05:05.284,,68.0,45.0,,UTC-0300,tWUO8ZL77Z,,com.sec.android.app.shealth,2025-12-18 05:59:59.999,29445c55-e430-4167-9511-bb12774d4ea3,51.0,
,21313,63060051,1,2025-12-18 06:00:00.000,,c0629009-b786-4515-877b-31db07ead05d.com.samsung.health.heart_rate.binning_data.json,63060051,2025-12-18 07:05:05.194,2025-12-18 06:07:27.398,,83.0,47.0,,UTC-0300,tWUO8ZL77Z,,com.sec.android.app.shealth,2025-12-18 06:59:59.999,c0629009-b786-4515-877b-31db07ead05d,52.0,
,21313,63060051,1,2025-12-18 01:00:00.000,,53b5bb2e-6614-4f77-ba6b-ae9dd44409c4.com.samsung.health.heart_rate.binning_data.json,63060051,2025-12-18 02:05:18.609,2025-12-18 01:02:56.237,,78.0,50.0,,UTC-0300,tWUO8ZL77Z,,com.sec.android.app.shealth,2025-12-18 01:59:59.999,53b5bb2e-6614-4f77-ba6b-ae9dd44409c4,55.0,
,21313,63060051,1,2025-12-18 02:00:00.000,,9310248a-6e96-46d7-891a-ba9e73b76010.com.samsung.health.heart_rate.binning_data.json,63060051,2025-12-18 03:06:59.097,2025-12-18 02:05:27.907,,72.0,49.0,,UTC-0300,tWUO8ZL77Z,,com.sec.android.app.shealth,2025-12-18 02:59:59.999,9310248a-6e96-46d7-891a-ba9e73b76010,53.0,
,21313,63060051,1,2025-12-18 03:00:00.000,,7b20b328-bcdf-43a2-be40-6cdff64cf39c.com.samsung.health.heart_rate.binning_data.json,63060051,2025-12-18 04:05:16.698,2025-12-18 03:10:23.209,,59.0,47.0,,UTC-0300,tWUO8ZL77Z,,com.sec.android.app.shealth,2025-12-18 03:59:59.999,7b20b328-bcdf-43a2-be40-6cdff64cf39c,52.0,
,21313,63060051,1,2025-12-18 04:00:00.000,,ba20fa14-f1e9-4b91-bdae-58806a1e83b7.com.samsung.health.heart_rate.binning_data.json,63060051,2025-12-18 05:05:04.959,2025-12-18 04:05:26.139,,78.0,47.0,,UTC-0300,tWUO8ZL77Z,,com.sec.android.app.shealth,2025-12-18 04:59:59.999,ba20fa14-f1e9-4b91-bdae-58806a1e83b7,53.0,
,21313,63060051,1,2025-12-18 07:00:00.000,,5ccd7992-468f-49af-a69d-fe40eafbb44c.com.samsung.health.heart_rate.binning_data.json,63060051,2025-12-18 08:06:52.994,2025-12-18 07:05:05.430,,69.0,44.0,,UTC-0300,tWUO8ZL77Z,,com.sec.android.app.shealth,2025-12-18 07:59:59.999,5ccd7992-468f-49af-a69d-fe40eafbb44c,50.0,
,21313,63060051,1,2025-12-18 08:00:00.000,,3e2f6335-4d11-4d11-bb15-56224b85c922.com.samsung.health.heart_rate.binning_data.json,63060051,2025-12-18 09:07:53.222,2025-12-18 08:06:53.273,,79.0,45.0,,UTC-0300,tWUO8ZL77Z,,com.sec.android.app.shealth,2025-12-18 08:59:59.999,3e2f6335-4d11-4d11-bb15-56224b85c922,51.0,
,21313,63060051,1,2025-12-18 09:00:00.000,,19838c77-7e8e-4fd9-8477-b6f8945fda67.com.samsung.health.heart_rate.binning_data.json,63060051,2025-12-18 10:07:10.452,2025-12-18 09:10:42.235,,69.0,43.0,,UTC-0300,tWUO8ZL77Z,,com.sec.android.app.shealth,2025-12-18 09:59:59.999,19838c77-7e8e-4fd9-8477-b6f8945fda67,47.0,
,21313,63060051,1,2025-12-18 10:00:00.000,,794f61c7-7bdc-4165-976a-eeb508eb623e.com.samsung.health.heart_rate.binning_data.json,63060051,2025-12-18 11:08:44.320,2025-12-18 10:07:27.059,,72.0,44.0,,UTC-0300,tWUO8ZL77Z,,com.sec.android.app.shealth,2025-12-18 10:59:59.999,794f61c7-7bdc-4165-976a-eeb508eb623e,52.0,
,21313,63060051,1,2025-12-18 11:00:00.000,,2fc2242a-b6b0-4a65-b91b-e60532107d98.com.samsung.health.heart_rate.binning_data.json,63060051,2025-12-18 12:02:56.888,2025-12-18 11:08:44.578,,83.0,47.0,,UTC-0300,tWUO8ZL77Z,,com.sec.android.app.shealth,2025-12-18 11:59:59.999,2fc2242a-b6b0-4a65-b91b-e60532107d98,58.0,
,21313,63060051,1,2025-12-18 12:00:00.000,,a5b4e913-1826-4b3f-91e0-9c68de1e187c.com.samsung.health.heart_rate.binning_data.json,63060051,2025-12-18 13:03:05.494,2025-12-18 12:02:57.121,,82.0,50.0,,UTC-0300,tWUO8ZL77Z,,com.sec.android.app.shealth,2025-12-18 12:59:59.999,a5b4e913-1826-4b3f-91e0-9c68de1e187c,64.0,
,21313,63060051,1,2025-12-18 13:00:00.000,,98b8c03f-d6a0-4423-9fcf-7c723faaed1e.com.samsung.health.heart_rate.binning_data.json,63060051,2025-12-18 14:07:24.551,2025-12-18 13:03:05.630,,99.0,49.0,,UTC-0300,tWUO8ZL77Z,,com.sec.android.app.shealth,2025-12-18 13:59:59.999,98b8c03f-d6a0-4423-9fcf-7c723faaed1e,74.0,
,21313,63060051,1,2025-12-18 14:00:00.000,,f4250f94-a161-403e-9a98-71712a92b09a.com.samsung.health.heart_rate.binning_data.json,63060051,2025-12-18 15:01:00.212,2025-12-18 14:07:24.816,,101.0,39.0,,UTC-0300,tWUO8ZL77Z,,com.sec.android.app.shealth,2025-12-18 14:59:59.999,f4250f94-a161-403e-9a98-71712a92b09a,81.0,
,21313,63060051,1,2025-12-18 15:00:00.000,,81094534-d5fc-44ce-a572-e9377f3ff55e.com.samsung.health.heart_rate.binning_data.json,63060051,2025-12-18 16:02:40.923,2025-12-18 15:01:00.439,,104.0,65.0,,UTC-0300,tWUO8ZL77Z,,com.sec.android.app.shealth,2025-12-18 15:59:59.999,81094534-d5fc-44ce-a572-e9377f3ff55e,83.0,
,21313,63060051,1,2025-12-18 16:00:00.000,,d46daec3-6a30-4891-8d30-80fba107671b.com.samsung.health.heart_rate.binning_data.json,63060051,2025-12-18 17:01:42.558,2025-12-18 16:02:41.059,,108.0,56.0,,UTC-0300,tWUO8ZL77Z,,com.sec.android.app.shealth,2025-12-18 16:59:59.999,d46daec3-6a30-4891-8d30-80fba107671b,83.0,
,21313,63060051,1,2025-12-18 17:00:00.000,,7a8a85cc-8c07-4c78-b33e-29b74be28fd3.com.samsung.health.heart_rate.binning_data.json,63060051,2025-12-18 18:01:46.467,2025-12-18 17:01:42.736,,97.0,60.0,,UTC-0300,tWUO8ZL77Z,,com.sec.android.app.shealth,2025-12-18 17:59:59.999,7a8a85cc-8c07-4c78-b33e-29b74be28fd3,77.0,
,21313,63060051,1,2025-12-18 18:00:00.000,,cc266fb6-ffe5-4180-a1ad-09dab4facf89.com.samsung.health.heart_rate.binning_data.json,63060051,2025-12-18 19:04:08.909,2025-12-18 18:01:46.898,,92.0,54.0,,UTC-0300,tWUO8ZL77Z,,com.sec.android.app.shealth,2025-12-18 18:59:59.999,cc266fb6-ffe5-4180-a1ad-09dab4facf89,67.0,
,21313,63060051,1,2025-12-18 19:00:00.000,,7b860c0f-d8b2-4aed-a809-4e87cf07aa3c.com.samsung.health.heart_rate.binning_data.json,63060051,2025-12-18 20:02:33.324,2025-12-18 19:04:09.177,,90.0,58.0,,UTC-0300,tWUO8ZL77Z,,com.sec.android.app.shealth,2025-12-18 19:59:59.999,7b860c0f-d8b2-4aed-a809-4e87cf07aa3c,71.0,
,21313,63060051,1,2025-12-18 20:00:00.000,,7b5dc323-7dfd-4abe-b126-735b80ba7a4e.com.samsung.health.heart_rate.binning_data.json,63060051,2025-12-18 21:08:01.887,2025-12-18 20:02:33.448,,84.0,61.0,,UTC-0300,tWUO8ZL77Z,,com.sec.android.app.shealth,2025-12-18 20:59:59.999,7b5dc323-7dfd-4abe-b126-735b80ba7a4e,71.0,
,21313,63060051,1,2025-12-18 21:00:00.000,,f083ae80-31ca-49f6-9acd-d52115fe030d.com.samsung.health.heart_rate.binning_data.json,63060051,2025-12-18 22:04:48.870,2025-12-18 21:08:02.191,,96.0,57.0,,UTC-0300,tWUO8ZL77Z,,com.sec.android.app.shealth,2025-12-18 21:59:59.999,f083ae80-31ca-49f6-9acd-d52115fe030d,74.0,
,21313,63060051,1,2025-12-18 22:00:00.000,,94405eac-585a-4a38-b6f1-005b1d98af04.com.samsung.health.heart_rate.binning_data.json,63060051,2025-12-18 23:01:09.664,2025-12-18 22:04:49.170,,93.0,60.0,,UTC-0300,tWUO8ZL77Z,,com.sec.android.app.shealth,2025-12-18 22:59:59.999,94405eac-585a-4a38-b6f1-005b1d98af04,74.0,
,21313,63060051,1,2025-12-18 23:00:00.000,,a4465feb-b819-4e51-b736-3348fb9b9bc0.com.samsung.health.heart_rate.binning_data.json,63060051,2025-12-19 01:29:18.377,2025-12-18 23:01:09.777,,84.0,59.0,,UTC-0300,tWUO8ZL77Z,,com.sec.android.app.shealth,2025-12-18 23:59:59.999,a4465feb-b819-4e51-b736-3348fb9b9bc0,70.0,
,21313,63060051,1,2025-12-19 01:00:00.000,,abd3b0c6-a9dd-4266-b548-067945bb7353.com.samsung.health.heart_rate.binning_data.json,63060051,2025-12-19 02:05:18.584,2025-12-19 01:32:17.261,,81.0,54.0,,UTC-0300,tWUO8ZL77Z,,com.sec.android.app.shealth,2025-12-19 01:59:59.999,abd3b0c6-a9dd-4266-b548-067945bb7353,60.0,
,21313,63060051,1,2025-12-19 03:00:00.000,,3ca29517-b09a-45a4-9ddd-e3426a2414b3.com.samsung.health.heart_rate.binning_data.json,63060051,2025-12-19 04:05:41.474,2025-12-19 03:05:13.023,,62.0,49.0,,UTC-0300,tWUO8ZL77Z,,com.sec.android.app.shealth,2025-12-19 03:59:59.999,3ca29517-b09a-45a4-9ddd-e3426a2414b3,52.0,
,21313,63060051,1,2025-12-19 04:00:00.000,,514ff743-2e47-4528-8074-c39a77e4a1cc.com.samsung.health.heart_rate.binning_data.json,63060051,2025-12-19 05:10:22.069,2025-12-19 04:10:22.040,,66.0,46.0,,UTC-0300,tWUO8ZL77Z,,com.sec.android.app.shealth,2025-12-19 04:59:59.999,514ff743-2e47-4528-8074-c39a77e4a1cc,51.0,
,21313,63060051,1,2025-12-19 05:00:00.000,,84dfd14c-1d55-4d60-a799-677d90fe7ce7.com.samsung.health.heart_rate.binning_data.json,63060051,2025-12-19 06:05:53.199,2025-12-19 05:10:47.030,,74.0,48.0,,UTC-0300,tWUO8ZL77Z,,com.sec.android.app.shealth,2025-12-19 05:59:59.999,84dfd14c-1d55-4d60-a799-677d90fe7ce7,52.0,
,21313,63060051,1,2025-12-19 06:00:00.000,,5fdd735a-7edd-4ab4-bd83-445762bd0fc8.com.samsung.health.heart_rate.binning_data.json,63060051,2025-12-19 07:09:23.535,2025-12-19 06:05:53.532,,68.0,45.0,,UTC-0300,tWUO8ZL77Z,,com.sec.android.app.shealth,2025-12-19 06:59:59.999,5fdd735a-7edd-4ab4-bd83-445762bd0fc8,51.0,
,21313,63060051,1,2025-12-19 07:00:00.000,,67dbba77-4251-4222-a16e-927cd91cd56a.com.samsung.health.heart_rate.binning_data.json,63060051,2025-12-19 08:09:08.172,2025-12-19 07:09:24.025,,72.0,46.0,,UTC-0300,tWUO8ZL77Z,,com.sec.android.app.shealth,2025-12-19 07:59:59.999,67dbba77-4251-4222-a16e-927cd91cd56a,51.0,
,21313,63060051,1,2025-12-19 08:00:00.000,,8f1acff9-9fd8-48cb-b621-6d3767ee10c7.com.samsung.health.heart_rate.binning_data.json,63060051,2025-12-19 09:10:22.846,2025-12-19 08:09:08.966,,62.0,44.0,,UTC-0300,tWUO8ZL77Z,,com.sec.android.app.shealth,2025-12-19 08:59:59.999,8f1acff9-9fd8-48cb-b621-6d3767ee10c7,49.0,
,21313,63060051,1,2025-12-19 09:00:00.000,,3e893f1e-a0c5-4c42-8b14-1be71747e465.com.samsung.health.heart_rate.binning_data.json,63060051,2025-12-19 10:02:33.947,2025-12-19 09:10:30.204,,66.0,44.0,,UTC-0300,tWUO8ZL77Z,,com.sec.android.app.shealth,2025-12-19 09:59:59.999,3e893f1e-a0c5-4c42-8b14-1be71747e465,49.0,
,21313,63060051,1,2025-12-19 02:00:00.000,,19bfe3c2-fdcb-473c-b49f-6e7b9b2a6382.com.samsung.health.heart_rate.binning_data.json,63060051,2025-12-19 03:05:01.851,2025-12-19 02:05:18.863,,83.0,50.0,,UTC-0300,tWUO8ZL77Z,,com.sec.android.app.shealth,2025-12-19 02:59:59.999,19bfe3c2-fdcb-473c-b49f-6e7b9b2a6382,58.0,
,21313,63060051,1,2025-12-19 10:00:00.000,,1782ae09-f1b5-4ab9-abfc-bc920dd8e07d.com.samsung.health.heart_rate.binning_data.json,63060051,2025-12-19 11:01:30.099,2025-12-19 10:02:34.187,,85.0,45.0,,UTC-0300,tWUO8ZL77Z,,com.sec.android.app.shealth,2025-12-19 10:59:59.999,1782ae09-f1b5-4ab9-abfc-bc920dd8e07d,61.0,
,21316,63060051,1,2025-12-19 10:24:20.507,,,63060051,2025-12-20 02:52:42.962,2025-12-19 12:06:13.011,,,,,UTC-0300,tWUO8ZL77Z,,com.sec.android.app.shealth,2025-12-19 10:24:20.507,90c07394-8186-457f-b56f-e988688c8f6c,51.0,
,21313,63060051,1,2025-12-19 12:00:00.000,,5753c690-6631-41c2-b304-453609aed1c4.com.samsung.health.heart_rate.binning_data.json,63060051,2025-12-19 13:01:00.120,2025-12-19 12:06:12.673,,92.0,51.0,,UTC-0300,tWUO8ZL77Z,,com.sec.android.app.shealth,2025-12-19 12:59:59.999,5753c690-6631-41c2-b304-453609aed1c4,70.0,
,21313,63060051,1,2025-12-19 11:00:00.000,,5da0ee5b-9d6d-4a95-9c9d-5a5447a9f829.com.samsung.health.heart_rate.binning_data.json,63060051,2025-12-19 12:05:01.860,2025-12-19 11:01:30.271,,86.0,52.0,,UTC-0300,tWUO8ZL77Z,,com.sec.android.app.shealth,2025-12-19 11:59:59.999,5da0ee5b-9d6d-4a95-9c9d-5a5447a9f829,62.0,
,21313,63060051,1,2025-12-19 13:00:00.000,,b0830a50-a1ce-4bf3-a9c0-805ff441e0cc.com.samsung.health.heart_rate.binning_data.json,63060051,2025-12-19 14:04:08.349,2025-12-19 13:01:00.280,,92.0,43.0,,UTC-0300,tWUO8ZL77Z,,com.sec.android.app.shealth,2025-12-19 13:59:59.999,b0830a50-a1ce-4bf3-a9c0-805ff441e0cc,71.0,
,21313,63060051,1,2025-12-19 14:00:00.000,,b4d8150e-50bc-4e44-bf4d-e44f24e7b7b8.com.samsung.health.heart_rate.binning_data.json,63060051,2025-12-19 15:05:12.173,2025-12-19 14:04:08.595,,92.0,54.0,,UTC-0300,tWUO8ZL77Z,,com.sec.android.app.shealth,2025-12-19 14:59:59.999,b4d8150e-50bc-4e44-bf4d-e44f24e7b7b8,69.0,
,21313,63060051,1,2025-12-19 15:00:00.000,,ee0924d4-ac68-40b1-8458-0a8efe814745.com.samsung.health.heart_rate.binning_data.json,63060051,2025-12-19 16:02:43.539,2025-12-19 15:05:12.363,,95.0,61.0,,UTC-0300,tWUO8ZL77Z,,com.sec.android.app.shealth,2025-12-19 15:59:59.999,ee0924d4-ac68-40b1-8458-0a8efe814745,79.0,
,21313,63060051,1,2025-12-19 16:00:00.000,,52795f1a-7120-4c09-a775-35beb9f03c4c.com.samsung.health.heart_rate.binning_data.json,63060051,2025-12-19 17:05:02.902,2025-12-19 16:02:43.671,,86.0,55.0,,UTC-0300,tWUO8ZL77Z,,com.sec.android.app.shealth,2025-12-19 16:59:59.999,52795f1a-7120-4c09-a775-35beb9f03c4c,69.0,
,21313,63060051,1,2025-12-19 17:00:00.000,,d7cb9197-ac7d-47a7-9d00-3e84e5c8f018.com.samsung.health.heart_rate.binning_data.json,63060051,2025-12-19 18:02:01.830,2025-12-19 17:08:50.252,,81.0,52.0,,UTC-0300,tWUO8ZL77Z,,com.sec.android.app.shealth,2025-12-19 17:59:59.999,d7cb9197-ac7d-47a7-9d00-3e84e5c8f018,63.0,
,21313,63060051,1,2025-12-19 18:00:00.000,,859e6e72-7d81-4b38-829b-ee77a9e6593a.com.samsung.health.heart_rate.binning_data.json,63060051,2025-12-19 19:02:49.033,2025-12-19 18:02:01.949,,84.0,55.0,,UTC-0300,tWUO8ZL77Z,,com.sec.android.app.shealth,2025-12-19 18:59:59.999,859e6e72-7d81-4b38-829b-ee77a9e6593a,67.0,
,21313,63060051,1,2025-12-19 19:00:00.000,,72087852-be91-4d69-9db5-2c7fce9052d9.com.samsung.health.heart_rate.binning_data.json,63060051,2025-12-19 20:02:14.171,2025-12-19 19:02:49.286,,84.0,58.0,,UTC-0300,tWUO8ZL77Z,,com.sec.android.app.shealth,2025-12-19 19:59:59.999,72087852-be91-4d69-9db5-2c7fce9052d9,69.0,
,21313,63060051,1,2025-12-19 20:00:00.000,,1026bfe3-5aa0-4ef7-8cef-7281d41f2e74.com.samsung.health.heart_rate.binning_data.json,63060051,2025-12-19 21:02:07.212,2025-12-19 20:02:14.371,,88.0,58.0,,UTC-0300,tWUO8ZL77Z,,com.sec.android.app.shealth,2025-12-19 20:59:59.999,1026bfe3-5aa0-4ef7-8cef-7281d41f2e74,72.0,
,21313,63060051,1,2025-12-19 21:00:00.000,,a1d0a495-d737-42f5-9789-e4b03b05bb22.com.samsung.health.heart_rate.binning_data.json,63060051,2025-12-19 22:01:19.014,2025-12-19 21:02:07.355,,101.0,60.0,,UTC-0300,tWUO8ZL77Z,,com.sec.android.app.shealth,2025-12-19 21:59:59.999,a1d0a495-d737-42f5-9789-e4b03b05bb22,73.0,
,21313,63060051,1,2025-12-19 22:00:00.000,,c4788b6d-c775-469c-b393-2a5f5da4062e.com.samsung.health.heart_rate.binning_data.json,63060051,2025-12-19 23:01:33.917,2025-12-19 22:01:20.298,,107.0,64.0,,UTC-0300,tWUO8ZL77Z,,com.sec.android.app.shealth,2025-12-19 22:59:59.999,c4788b6d-c775-469c-b393-2a5f5da4062e,77.0,
,21313,63060051,1,2025-12-19 23:00:00.000,,5e4eb061-1d2b-4ac9-a668-221dcffb66a6.com.samsung.health.heart_rate.binning_data.json,63060051,2025-12-20 02:23:15.422,2025-12-19 23:01:34.013,,132.0,67.0,,UTC-0300,tWUO8ZL77Z,,com.sec.android.app.shealth,2025-12-19 23:59:59.999,5e4eb061-1d2b-4ac9-a668-221dcffb66a6,78.0,
,21313,63060051,1,2025-12-20 02:00:00.000,,cd62e900-744e-423f-8e9d-cd015652ef6d.com.samsung.health.heart_rate.binning_data.json,63060051,2025-12-20 03:05:01.884,2025-12-20 02:23:15.611,,87.0,53.0,,UTC-0300,tWUO8ZL77Z,,com.sec.android.app.shealth,2025-12-20 02:59:59.999,cd62e900-744e-423f-8e9d-cd015652ef6d,64.0,
,21313,63060051,1,2025-12-20 03:00:00.000,,354693cf-e37d-4a5e-87cb-43a28d27f438.com.samsung.health.heart_rate.binning_data.json,63060051,2025-12-20 04:10:43.007,2025-12-20 03:13:18.632,,63.0,47.0,,UTC-0300,tWUO8ZL77Z,,com.sec.android.app.shealth,2025-12-20 03:59:59.999,354693cf-e37d-4a5e-87cb-43a28d27f438,53.0,
,21313,63060051,1,2025-12-20 04:00:00.000,,0153cfdb-fbb4-4810-9378-cbd4308d9b9e.com.samsung.health.heart_rate.binning_data.json,63060051,2025-12-20 05:06:09.486,2025-12-20 04:13:22.173,,80.0,49.0,,UTC-0300,tWUO8ZL77Z,,com.sec.android.app.shealth,2025-12-20 04:59:59.999,0153cfdb-fbb4-4810-9378-cbd4308d9b9e,53.0,
,21313,63060051,1,2025-12-20 05:00:00.000,,c20a7ab6-e3c0-4752-8127-ac7a4bbe89e4.com.samsung.health.heart_rate.binning_data.json,63060051,2025-12-20 06:08:53.253,2025-12-20 05:06:59.108,,67.0,48.0,,UTC-0300,tWUO8ZL77Z,,com.sec.android.app.shealth,2025-12-20 05:59:59.999,c20a7ab6-e3c0-4752-8127-ac7a4bbe89e4,55.0,
,21313,63060051,1,2025-12-20 06:00:00.000,,a52896d0-f665-4c8f-9422-156482ae0f91.com.samsung.health.heart_rate.binning_data.json,63060051,2025-12-20 07:06:37.242,2025-12-20 06:08:53.454,,78.0,51.0,,UTC-0300,tWUO8ZL77Z,,com.sec.android.app.shealth,2025-12-20 06:59:59.999,a52896d0-f665-4c8f-9422-156482ae0f91,56.0,
,21313,63060051,1,2025-12-20 07:00:00.000,,20e30123-dd6a-44d8-98be-04307f8deebd.com.samsung.health.heart_rate.binning_data.json,63060051,2025-12-20 08:09:47.300,2025-12-20 07:06:37.488,,78.0,51.0,,UTC-0300,tWUO8ZL77Z,,com.sec.android.app.shealth,2025-12-20 07:59:59.999,20e30123-dd6a-44d8-98be-04307f8deebd,55.0,
,21313,63060051,1,2025-12-20 09:00:00.000,,4f77f313-6ab3-41e7-b27c-0ddb12153224.com.samsung.health.heart_rate.binning_data.json,63060051,2025-12-20 10:08:00.789,2025-12-20 09:07:53.820,,76.0,48.0,,UTC-0300,tWUO8ZL77Z,,com.sec.android.app.shealth,2025-12-20 09:59:59.999,4f77f313-6ab3-41e7-b27c-0ddb12153224,53.0,
,21313,63060051,1,2025-12-20 08:00:00.000,,5ee77dde-d562-4277-ae58-f227ea38a02e.com.samsung.health.heart_rate.binning_data.json,63060051,2025-12-20 09:07:53.497,2025-12-20 08:10:41.729,,80.0,47.0,,UTC-0300,tWUO8ZL77Z,,com.sec.android.app.shealth,2025-12-20 08:59:59.999,5ee77dde-d562-4277-ae58-f227ea38a02e,55.0,
,21313,63060051,1,2025-12-20 10:00:00.000,,016d763a-ba1b-49ef-bb1d-c4eee0b2c53c.com.samsung.health.heart_rate.binning_data.json,63060051,2025-12-20 11:05:54.433,2025-12-20 10:08:01.330,,84.0,47.0,,UTC-0300,tWUO8ZL77Z,,com.sec.android.app.shealth,2025-12-20 10:59:59.999,016d763a-ba1b-49ef-bb1d-c4eee0b2c53c,61.0,
,21313,63060051,1,2025-12-20 11:00:00.000,,0557735f-1a6b-4c56-8f74-f1b726f660cf.com.samsung.health.heart_rate.binning_data.json,63060051,2025-12-20 12:03:45.108,2025-12-20 11:05:55.030,,89.0,53.0,,UTC-0300,tWUO8ZL77Z,,com.sec.android.app.shealth,2025-12-20 11:59:59.999,0557735f-1a6b-4c56-8f74-f1b726f660cf,69.0,
,21313,63060051,1,2025-12-20 12:00:00.000,,5876fe11-5fee-4208-9953-d760fea1079e.com.samsung.health.heart_rate.binning_data.json,63060051,2025-12-20 13:00:57.983,2025-12-20 12:05:29.807,,102.0,60.0,,UTC-0300,tWUO8ZL77Z,,com.sec.android.app.shealth,2025-12-20 12:59:59.999,5876fe11-5fee-4208-9953-d760fea1079e,77.0,
,21316,63060051,1,2025-12-20 09:27:37.165,,,63060051,2025-12-20 21:14:59.760,2025-12-20 13:52:48.345,,,,,UTC-0300,tWUO8ZL77Z,,com.sec.android.app.shealth,2025-12-20 09:27:37.165,a05a605b-ebfd-4d1f-8b6f-188d114885a5,52.0,
,21313,63060051,1,2025-12-20 13:00:00.000,,e45b9e0b-c656-4b9d-b9ac-cf94db3f578c.com.samsung.health.heart_rate.binning_data.json,63060051,2025-12-20 14:09:00.491,2025-12-20 13:05:14.660,,108.0,64.0,,UTC-0300,tWUO8ZL77Z,,com.sec.android.app.shealth,2025-12-20 13:59:59.999,e45b9e0b-c656-4b9d-b9ac-cf94db3f578c,86.0,
,21313,63060051,1,2025-12-20 14:00:00.000,,3f014b4e-154b-4e23-b7df-2913428717bc.com.samsung.health.heart_rate.binning_data.json,63060051,2025-12-20 15:06:13.479,2025-12-20 14:09:00.839,,114.0,72.0,,UTC-0300,tWUO8ZL77Z,,com.sec.android.app.shealth,2025-12-20 14:59:59.999,3f014b4e-154b-4e23-b7df-2913428717bc,85.0,
,21313,63060051,1,2025-12-20 15:00:00.000,,64b183b7-0478-4c0d-80c4-34402d17facd.com.samsung.health.heart_rate.binning_data.json,63060051,2025-12-20 16:02:15.045,2025-12-20 15:06:13.863,,89.0,56.0,,UTC-0300,tWUO8ZL77Z,,com.sec.android.app.shealth,2025-12-20 15:59:59.999,64b183b7-0478-4c0d-80c4-34402d17facd,69.0,
,21313,63060051,1,2025-12-20 16:00:00.000,,c0dcbdae-9ab0-40c0-92f1-1b88ec2dadad.com.samsung.health.heart_rate.binning_data.json,63060051,2025-12-20 17:01:20.478,2025-12-20 16:02:15.183,,114.0,55.0,,UTC-0300,tWUO8ZL77Z,,com.sec.android.app.shealth,2025-12-20 16:59:59.999,c0dcbdae-9ab0-40c0-92f1-1b88ec2dadad,72.0,
,21313,63060051,1,2025-12-20 17:00:00.000,,ad91ce1e-7944-43f6-9c91-770bf7addd9b.com.samsung.health.heart_rate.binning_data.json,63060051,2025-12-20 18:03:08.560,2025-12-20 17:01:20.588,,108.0,67.0,,UTC-0300,tWUO8ZL77Z,,com.sec.android.app.shealth,2025-12-20 17:59:59.999,ad91ce1e-7944-43f6-9c91-770bf7addd9b,82.0,
,21313,63060051,1,2025-12-20 18:00:00.000,,b8341042-0632-41b8-abeb-c3294dc57f7c.com.samsung.health.heart_rate.binning_data.json,63060051,2025-12-20 19:04:34.267,2025-12-20 18:03:08.718,,97.0,61.0,,UTC-0300,tWUO8ZL77Z,,com.sec.android.app.shealth,2025-12-20 18:59:59.999,b8341042-0632-41b8-abeb-c3294dc57f7c,76.0,
,21313,63060051,1,2025-12-20 19:00:00.000,,ba062db8-aaed-41dd-9ac7-8f97ae3151b6.com.samsung.health.heart_rate.binning_data.json,63060051,2025-12-20 20:08:03.815,2025-12-20 19:04:34.485,,99.0,63.0,,UTC-0300,tWUO8ZL77Z,,com.sec.android.app.shealth,2025-12-20 19:59:59.999,ba062db8-aaed-41dd-9ac7-8f97ae3151b6,76.0,
,21313,63060051,1,2025-12-20 20:00:00.000,,89cf0824-aad4-4e02-9d58-b3ed0ae61e06.com.samsung.health.heart_rate.binning_data.json,63060051,2025-12-20 21:01:45.384,2025-12-20 20:08:04.960,,86.0,57.0,,UTC-0300,tWUO8ZL77Z,,com.sec.android.app.shealth,2025-12-20 20:59:59.999,89cf0824-aad4-4e02-9d58-b3ed0ae61e06,72.0,
,21313,63060051,1,2025-12-20 21:00:00.000,,0f1eba0d-9cb4-4644-9c77-87e6c9d40aeb.com.samsung.health.heart_rate.binning_data.json,63060051,2025-12-20 22:03:51.603,2025-12-20 21:01:45.529,,100.0,57.0,,UTC-0300,tWUO8ZL77Z,,com.sec.android.app.shealth,2025-12-20 21:59:59.999,0f1eba0d-9cb4-4644-9c77-87e6c9d40aeb,72.0,
,21313,63060051,1,2025-12-20 22:00:00.000,,bdb97a04-9858-4fee-9c81-27b9e2f39376.com.samsung.health.heart_rate.binning_data.json,63060051,2025-12-20 23:09:43.043,2025-12-20 22:03:51.827,,100.0,53.0,,UTC-0300,tWUO8ZL77Z,,com.sec.android.app.shealth,2025-12-20 22:59:59.999,bdb97a04-9858-4fee-9c81-27b9e2f39376,74.0,
,21313,63060051,1,2025-12-20 23:00:00.000,,6aba54b2-8282-4ec8-8542-b246ecc5cd8f.com.samsung.health.heart_rate.binning_data.json,63060051,2025-12-21 00:02:56.877,2025-12-20 23:09:52.542,,94.0,54.0,,UTC-0300,tWUO8ZL77Z,,com.sec.android.app.shealth,2025-12-20 23:59:59.999,6aba54b2-8282-4ec8-8542-b246ecc5cd8f,73.0,
,21313,63060051,1,2025-12-21 00:00:00.000,,ba22b078-9d63-46d6-9e9c-1db59df3b2c7.com.samsung.health.heart_rate.binning_data.json,63060051,2025-12-21 03:34:41.992,2025-12-21 00:02:57.665,,106.0,67.0,,UTC-0300,tWUO8ZL77Z,,com.sec.android.app.shealth,2025-12-21 00:59:59.999,ba22b078-9d63-46d6-9e9c-1db59df3b2c7,82.0,
,21313,63060051,1,2025-12-21 07:00:00.000,,b794c6d0-fa92-4d78-971a-d0f8dfcbf68b.com.samsung.health.heart_rate.binning_data.json,63060051,2025-12-21 08:07:22.955,2025-12-21 07:10:22.703,,70.0,51.0,,UTC-0300,tWUO8ZL77Z,,com.sec.android.app.shealth,2025-12-21 07:59:59.999,b794c6d0-fa92-4d78-971a-d0f8dfcbf68b,56.0,
,21313,63060051,1,2025-12-21 08:00:00.000,,373fa296-7113-45f6-a6f3-9e2406105e88.com.samsung.health.heart_rate.binning_data.json,63060051,2025-12-21 09:07:55.536,2025-12-21 08:07:23.231,,75.0,51.0,,UTC-0300,tWUO8ZL77Z,,com.sec.android.app.shealth,2025-12-21 08:59:59.999,373fa296-7113-45f6-a6f3-9e2406105e88,56.0,
,21313,63060051,1,2025-12-21 03:00:00.000,,475afabe-a295-468e-96c3-b35bec02a194.com.samsung.health.heart_rate.binning_data.json,63060051,2025-12-21 04:01:02.054,2025-12-21 03:34:42.132,,87.0,57.0,,UTC-0300,tWUO8ZL77Z,,com.sec.android.app.shealth,2025-12-21 03:59:59.999,475afabe-a295-468e-96c3-b35bec02a194,66.0,
,21313,63060051,1,2025-12-21 04:00:00.000,,52f778ad-368d-48b4-a1ae-f194f8b1a400.com.samsung.health.heart_rate.binning_data.json,63060051,2025-12-21 05:05:02.310,2025-12-21 04:01:02.135,,82.0,52.0,,UTC-0300,tWUO8ZL77Z,,com.sec.android.app.shealth,2025-12-21 04:59:59.999,52f778ad-368d-48b4-a1ae-f194f8b1a400,58.0,
,21313,63060051,1,2025-12-21 05:00:00.000,,9a949b16-b6eb-4069-b974-53497ce27452.com.samsung.health.heart_rate.binning_data.json,63060051,2025-12-21 06:05:21.541,2025-12-21 05:06:23.359,,74.0,50.0,,UTC-0300,tWUO8ZL77Z,,com.sec.android.app.shealth,2025-12-21 05:59:59.999,9a949b16-b6eb-4069-b974-53497ce27452,57.0,
,21313,63060051,1,2025-12-21 06:00:00.000,,89a8a767-e785-47b8-8123-decb1ea2cf5f.com.samsung.health.heart_rate.binning_data.json,63060051,2025-12-21 07:07:53.891,2025-12-21 06:05:21.877,,73.0,49.0,,UTC-0300,tWUO8ZL77Z,,com.sec.android.app.shealth,2025-12-21 06:59:59.999,89a8a767-e785-47b8-8123-decb1ea2cf5f,55.0,
,21313,63060051,1,2025-12-21 10:00:00.000,,fa7a6627-d37f-42e5-84b3-ca8620f3bd35.com.samsung.health.heart_rate.binning_data.json,63060051,2025-12-21 11:06:21.788,2025-12-21 10:02:42.568,,64.0,49.0,,UTC-0300,tWUO8ZL77Z,,com.sec.android.app.shealth,2025-12-21 10:59:59.999,fa7a6627-d37f-42e5-84b3-ca8620f3bd35,54.0,
,21313,63060051,1,2025-12-21 11:00:00.000,,dfe56604-6503-4535-9f95-9c4a775bdd12.com.samsung.health.heart_rate.binning_data.json,63060051,2025-12-21 12:05:31.122,2025-12-21 11:06:22.198,,69.0,49.0,,UTC-0300,tWUO8ZL77Z,,com.sec.android.app.shealth,2025-12-21 11:59:59.999,dfe56604-6503-4535-9f95-9c4a775bdd12,53.0,
,21313,63060051,1,2025-12-21 09:00:00.000,,15c08e4f-801f-4f34-9e69-11ed6bd085fc.com.samsung.health.heart_rate.binning_data.json,63060051,2025-12-21 10:02:42.388,2025-12-21 09:07:55.831,,75.0,51.0,,UTC-0300,tWUO8ZL77Z,,com.sec.android.app.shealth,2025-12-21 09:59:59.999,15c08e4f-801f-4f34-9e69-11ed6bd085fc,58.0,
,21313,63060051,1,2025-12-21 12:00:00.000,,70535846-e8fd-4dca-805e-dace4ae17d68.com.samsung.health.heart_rate.binning_data.json,63060051,2025-12-21 13:07:44.485,2025-12-21 12:05:32.982,,82.0,49.0,,UTC-0300,tWUO8ZL77Z,,com.sec.android.app.shealth,2025-12-21 12:59:59.999,70535846-e8fd-4dca-805e-dace4ae17d68,61.0,
,21313,63060051,1,2025-12-21 13:00:00.000,,cedee623-783f-4434-88d5-8e4bd225513b.com.samsung.health.heart_rate.binning_data.json,63060051,2025-12-21 14:01:00.514,2025-12-21 13:07:44.980,,108.0,55.0,,UTC-0300,tWUO8ZL77Z,,com.sec.android.app.shealth,2025-12-21 13:59:59.999,cedee623-783f-4434-88d5-8e4bd225513b,69.0,
,21313,63060051,1,2025-12-21 14:00:00.000,,d2100c45-4b7c-42ef-b489-010ecce776d3.com.samsung.health.heart_rate.binning_data.json,63060051,2025-12-21 15:06:32.317,2025-12-21 14:07:15.158,,106.0,60.0,,UTC-0300,tWUO8ZL77Z,,com.sec.android.app.shealth,2025-12-21 14:59:59.999,d2100c45-4b7c-42ef-b489-010ecce776d3,86.0,
,21313,63060051,1,2025-12-21 15:00:00.000,,ec81b8cc-d535-438d-9f1b-2d069c7327c2.com.samsung.health.heart_rate.binning_data.json,63060051,2025-12-21 16:05:03.190,2025-12-21 15:06:32.752,,99.0,76.0,,UTC-0300,tWUO8ZL77Z,,com.sec.android.app.shealth,2025-12-21 15:59:59.999,ec81b8cc-d535-438d-9f1b-2d069c7327c2,87.0,
,21313,63060051,1,2025-12-21 16:00:00.000,,37e6d0fb-2956-40d3-87e9-65fe90ce1234.com.samsung.health.heart_rate.binning_data.json,63060051,2025-12-21 17:05:19.769,2025-12-21 16:06:45.813,,106.0,68.0,,UTC-0300,tWUO8ZL77Z,,com.sec.android.app.shealth,2025-12-21 16:59:59.999,37e6d0fb-2956-40d3-87e9-65fe90ce1234,80.0,
,21316,63060051,1,2025-12-21 05:00:29.652,,,63060051,2025-12-22 02:52:40.957,2025-12-21 04:34:59.667,,,,,UTC-0300,tWUO8ZL77Z,,com.sec.android.app.shealth,2025-12-21 05:00:29.652,86c757e7-3873-4dde-964c-5a7015a19f7f,51.0,
,21313,63060051,1,2025-12-21 17:00:00.000,,bee974ab-6e6e-4b5e-8db0-9c9acf860edb.com.samsung.health.heart_rate.binning_data.json,63060051,2025-12-21 18:08:26.882,2025-12-21 17:05:20.187,,92.0,54.0,,UTC-0300,tWUO8ZL77Z,,com.sec.android.app.shealth,2025-12-21 17:59:59.999,bee974ab-6e6e-4b5e-8db0-9c9acf860edb,71.0,
,21313,63060051,1,2025-12-21 18:00:00.000,,cbeb00bc-b7a1-43a0-8f8c-655e5a58f10a.com.samsung.health.heart_rate.binning_data.json,63060051,2025-12-21 19:06:00.116,2025-12-21 18:09:08.007,,83.0,55.0,,UTC-0300,tWUO8ZL77Z,,com.sec.android.app.shealth,2025-12-21 18:59:59.999,cbeb00bc-b7a1-43a0-8f8c-655e5a58f10a,61.0,
,21313,63060051,1,2025-12-21 19:00:00.000,,864c7fc3-7587-4570-bba1-12eb5438b9a9.com.samsung.health.heart_rate.binning_data.json,63060051,2025-12-21 20:06:42.442,2025-12-21 19:06:01.147,,87.0,59.0,,UTC-0300,tWUO8ZL77Z,,com.sec.android.app.shealth,2025-12-21 19:59:59.999,864c7fc3-7587-4570-bba1-12eb5438b9a9,71.0,
,21313,63060051,1,2025-12-21 20:00:00.000,,bf4b5d31-5d3c-4b52-a306-accddc4a3cf1.com.samsung.health.heart_rate.binning_data.json,63060051,2025-12-21 21:01:20.653,2025-12-21 20:06:43.984,,103.0,63.0,,UTC-0300,tWUO8ZL77Z,,com.sec.android.app.shealth,2025-12-21 20:59:59.999,bf4b5d31-5d3c-4b52-a306-accddc4a3cf1,77.0,
,21313,63060051,1,2025-12-21 21:00:00.000,,fa96c9e1-0d42-4d0e-8543-5c8bde81a20c.com.samsung.health.heart_rate.binning_data.json,63060051,2025-12-21 22:04:12.202,2025-12-21 21:01:20.759,,110.0,63.0,,UTC-0300,tWUO8ZL77Z,,com.sec.android.app.shealth,2025-12-21 21:59:59.999,fa96c9e1-0d42-4d0e-8543-5c8bde81a20c,80.0,
,21313,63060051,1,2025-12-21 22:00:00.000,,922b960a-142a-40af-bef0-a1f0e88c6242.com.samsung.health.heart_rate.binning_data.json,63060051,2025-12-21 23:01:45.573,2025-12-21 22:04:12.377,,95.0,60.0,,UTC-0300,tWUO8ZL77Z,,com.sec.android.app.shealth,2025-12-21 22:59:59.999,922b960a-142a-40af-bef0-a1f0e88c6242,78.0,
,21313,63060051,1,2025-12-21 23:00:00.000,,dea723e4-71af-4909-a58c-91df64cf13e1.com.samsung.health.heart_rate.binning_data.json,63060051,2025-12-22 00:01:00.069,2025-12-21 23:01:45.772,,91.0,61.0,,UTC-0300,tWUO8ZL77Z,,com.sec.android.app.shealth,2025-12-21 23:59:59.999,dea723e4-71af-4909-a58c-91df64cf13e1,74.0,
,21313,63060051,1,2025-12-22 00:00:00.000,,1427a03d-08a7-4e91-8788-b40d13890fe6.com.samsung.health.heart_rate.binning_data.json,63060051,2025-12-22 02:42:19.433,2025-12-22 00:01:00.171,,93.0,59.0,,UTC-0300,tWUO8ZL77Z,,com.sec.android.app.shealth,2025-12-22 00:59:59.999,1427a03d-08a7-4e91-8788-b40d13890fe6,71.0,
,21313,63060051,1,2025-12-22 02:00:00.000,,b87d310a-2e78-4f1c-a612-39a7f3e2b802.com.samsung.health.heart_rate.binning_data.json,63060051,2025-12-22 03:02:36.271,2025-12-22 02:42:19.660,,90.0,62.0,,UTC-0300,tWUO8ZL77Z,,com.sec.android.app.shealth,2025-12-22 02:59:59.999,b87d310a-2e78-4f1c-a612-39a7f3e2b802,70.0,
,21313,63060051,1,2025-12-22 03:00:00.000,,265dd79e-ae6f-4bcb-a1f5-37b2fc3a9f2c.com.samsung.health.heart_rate.binning_data.json,63060051,2025-12-22 04:02:25.397,2025-12-22 03:02:36.421,,82.0,55.0,,UTC-0300,tWUO8ZL77Z,,com.sec.android.app.shealth,2025-12-22 03:59:59.999,265dd79e-ae6f-4bcb-a1f5-37b2fc3a9f2c,63.0,
,21313,63060051,1,2025-12-22 04:00:00.000,,fb6090df-394f-4e3f-bb2a-23840f9cc57e.com.samsung.health.heart_rate.binning_data.json,63060051,2025-12-22 05:00:59.938,2025-12-22 04:02:25.570,,81.0,52.0,,UTC-0300,tWUO8ZL77Z,,com.sec.android.app.shealth,2025-12-22 04:59:59.999,fb6090df-394f-4e3f-bb2a-23840f9cc57e,62.0,
,21313,63060051,1,2025-12-22 05:00:00.000,,25a17414-4190-488c-9ce8-ebd187a5e736.com.samsung.health.heart_rate.binning_data.json,63060051,2025-12-22 06:06:08.002,2025-12-22 05:01:00.054,,69.0,51.0,,UTC-0300,tWUO8ZL77Z,,com.sec.android.app.shealth,2025-12-22 05:59:59.999,25a17414-4190-488c-9ce8-ebd187a5e736,56.0,
,21313,63060051,1,2025-12-22 07:00:00.000,,697262a7-d6d4-4e14-8eb4-5c1933c3fa96.com.samsung.health.heart_rate.binning_data.json,63060051,2025-12-22 08:08:48.542,2025-12-22 07:05:41.508,,68.0,46.0,,UTC-0300,tWUO8ZL77Z,,com.sec.android.app.shealth,2025-12-22 07:59:59.999,697262a7-d6d4-4e14-8eb4-5c1933c3fa96,52.0,
,21313,63060051,1,2025-12-22 06:00:00.000,,cbd06a9c-ff53-436b-83e9-7783b1fb0161.com.samsung.health.heart_rate.binning_data.json,63060051,2025-12-22 07:05:41.253,2025-12-22 06:06:08.271,,63.0,48.0,,UTC-0300,tWUO8ZL77Z,,com.sec.android.app.shealth,2025-12-22 06:59:59.999,cbd06a9c-ff53-436b-83e9-7783b1fb0161,53.0,
,21316,63060051,1,2025-12-22 05:26:03.341,,,63060051,2025-12-22 23:07:51.855,2025-12-22 05:32:55.677,,,,,UTC-0300,tWUO8ZL77Z,,com.sec.android.app.shealth,2025-12-22 05:26:03.341,903f066b-932a-495f-9f0f-ce9e059cbdb7,53.0,
,21313,63060051,1,2025-12-22 08:00:00.000,,fda76975-ca3c-4cdb-8eda-d4b5fa1ad88c.com.samsung.health.heart_rate.binning_data.json,63060051,2025-12-22 09:08:45.259,2025-12-22 08:10:42.639,,71.0,48.0,,UTC-0300,tWUO8ZL77Z,,com.sec.android.app.shealth,2025-12-22 08:59:59.999,fda76975-ca3c-4cdb-8eda-d4b5fa1ad88c,52.0,
,21313,63060051,1,2025-12-22 09:00:00.000,,fbec9549-e0d4-4157-bd66-cc0e5b353701.com.samsung.health.heart_rate.binning_data.json,63060051,2025-12-22 10:05:36.892,2025-12-22 09:08:52.473,,72.0,47.0,,UTC-0300,tWUO8ZL77Z,,com.sec.android.app.shealth,2025-12-22 09:59:59.999,fbec9549-e0d4-4157-bd66-cc0e5b353701,53.0,
,21313,63060051,1,2025-12-22 10:00:00.000,,deb65bb7-f2c3-43e4-8838-bd33e14ead46.com.samsung.health.heart_rate.binning_data.json,63060051,2025-12-22 11:05:43.744,2025-12-22 10:05:42.537,,61.0,48.0,,UTC-0300,tWUO8ZL77Z,,com.sec.android.app.shealth,2025-12-22 10:59:59.999,deb65bb7-f2c3-43e4-8838-bd33e14ead46,52.0,
,21313,63060051,1,2025-12-22 11:00:00.000,,5bba7b46-1efe-4bf9-bcd3-f7d2dea97474.com.samsung.health.heart_rate.binning_data.json,63060051,2025-12-22 12:02:52.566,2025-12-22 11:08:39.039,,81.0,48.0,,UTC-0300,tWUO8ZL77Z,,com.sec.android.app.shealth,2025-12-22 11:59:59.999,5bba7b46-1efe-4bf9-bcd3-f7d2dea97474,57.0,
,21313,63060051,1,2025-12-22 12:00:00.000,,ae0d9657-b7b6-46c6-ad34-3c1debd44595.com.samsung.health.heart_rate.binning_data.json,63060051,2025-12-22 13:06:04.865,2025-12-22 12:02:53.716,,87.0,53.0,,UTC-0300,tWUO8ZL77Z,,com.sec.android.app.shealth,2025-12-22 12:59:59.999,ae0d9657-b7b6-46c6-ad34-3c1debd44595,66.0,
,21313,63060051,1,2025-12-22 13:00:00.000,,ca7bd1dd-d4d8-45a5-a5fc-509b171f7f21.com.samsung.health.heart_rate.binning_data.json,63060051,2025-12-22 14:07:43.590,2025-12-22 13:06:05.186,,98.0,58.0,,UTC-0300,tWUO8ZL77Z,,com.sec.android.app.shealth,2025-12-22 13:59:59.999,ca7bd1dd-d4d8-45a5-a5fc-509b171f7f21,78.0,
,21313,63060051,1,2025-12-22 14:00:00.000,,347c3cbd-df26-483d-a2ad-654814dddd45.com.samsung.health.heart_rate.binning_data.json,63060051,2025-12-22 15:01:00.626,2025-12-22 14:07:43.785,,106.0,55.0,,UTC-0300,tWUO8ZL77Z,,com.sec.android.app.shealth,2025-12-22 14:59:59.999,347c3cbd-df26-483d-a2ad-654814dddd45,82.0,
,21313,63060051,1,2025-12-22 15:00:00.000,,7cbb013f-b217-45b4-9ab4-89828a5dea2a.com.samsung.health.heart_rate.binning_data.json,63060051,2025-12-22 16:01:53.902,2025-12-22 15:01:00.697,,95.0,63.0,,UTC-0300,tWUO8ZL77Z,,com.sec.android.app.shealth,2025-12-22 15:59:59.999,7cbb013f-b217-45b4-9ab4-89828a5dea2a,78.0,
,21313,63060051,1,2025-12-22 16:00:00.000,,e75c136f-1888-411b-abe6-ceb8103b1ab7.com.samsung.health.heart_rate.binning_data.json,63060051,2025-12-22 17:06:16.458,2025-12-22 16:01:53.971,,87.0,60.0,,UTC-0300,tWUO8ZL77Z,,com.sec.android.app.shealth,2025-12-22 16:59:59.999,e75c136f-1888-411b-abe6-ceb8103b1ab7,71.0,
,21313,63060051,1,2025-12-22 17:00:00.000,,32ff1b9a-cd36-4092-a246-c13541fe8a31.com.samsung.health.heart_rate.binning_data.json,63060051,2025-12-22 18:02:36.323,2025-12-22 17:06:17.064,,87.0,53.0,,UTC-0300,tWUO8ZL77Z,,com.sec.android.app.shealth,2025-12-22 17:59:59.999,32ff1b9a-cd36-4092-a246-c13541fe8a31,68.0,
,21313,63060051,1,2025-12-22 18:00:00.000,,276f0180-1237-4db1-84b7-1199ae0e3add.com.samsung.health.heart_rate.binning_data.json,63060051,2025-12-22 19:01:43.709,2025-12-22 18:02:36.490,,88.0,63.0,,UTC-0300,tWUO8ZL77Z,,com.sec.android.app.shealth,2025-12-22 18:59:59.999,276f0180-1237-4db1-84b7-1199ae0e3add,76.0,
,21313,63060051,1,2025-12-22 19:00:00.000,,0f5621c1-ebcc-49f0-bdb2-07007dd3b594.com.samsung.health.heart_rate.binning_data.json,63060051,2025-12-22 20:00:56.329,2025-12-22 19:01:43.863,,89.0,63.0,,UTC-0300,tWUO8ZL77Z,,com.sec.android.app.shealth,2025-12-22 19:59:59.999,0f5621c1-ebcc-49f0-bdb2-07007dd3b594,74.0,
,21313,63060051,1,2025-12-22 22:00:00.000,,7df9ffbb-f829-44de-824e-9e742e76d10f.com.samsung.health.heart_rate.binning_data.json,63060051,2025-12-22 23:05:43.643,2025-12-22 22:03:16.070,,97.0,66.0,,UTC-0300,tWUO8ZL77Z,,com.sec.android.app.shealth,2025-12-22 22:59:59.999,7df9ffbb-f829-44de-824e-9e742e76d10f,82.0,
,21313,63060051,1,2025-12-22 20:00:00.000,,e2aaa503-e8a8-41a6-9cbe-454e10d19d37.com.samsung.health.heart_rate.binning_data.json,63060051,2025-12-22 21:01:12.455,2025-12-22 20:24:34.089,,116.0,68.0,,UTC-0300,tWUO8ZL77Z,,com.sec.android.app.shealth,2025-12-22 20:59:59.999,e2aaa503-e8a8-41a6-9cbe-454e10d19d37,85.0,
,21313,63060051,1,2025-12-22 21:00:00.000,,2ffd9d5a-2886-4bf5-b2b8-cacb5e9da314.com.samsung.health.heart_rate.binning_data.json,63060051,2025-12-22 22:03:15.755,2025-12-22 21:01:12.637,,103.0,74.0,,UTC-0300,tWUO8ZL77Z,,com.sec.android.app.shealth,2025-12-22 21:59:59.999,2ffd9d5a-2886-4bf5-b2b8-cacb5e9da314,86.0,
,21313,63060051,1,2025-12-22 23:00:00.000,,44d4ca4d-6a56-4695-af73-34e6a6934960.com.samsung.health.heart_rate.binning_data.json,63060051,2025-12-23 00:03:46.295,2025-12-22 23:05:43.823,,97.0,54.0,,UTC-0300,tWUO8ZL77Z,,com.sec.android.app.shealth,2025-12-22 23:59:59.999,44d4ca4d-6a56-4695-af73-34e6a6934960,75.0,
,21313,63060051,1,2025-12-23 00:00:00.000,,a39a9972-f1a4-4b2f-8299-fa4169caf264.com.samsung.health.heart_rate.binning_data.json,63060051,2025-12-23 00:15:14.306,2025-12-23 00:03:46.401,,85.0,60.0,,UTC-0300,tWUO8ZL77Z,,com.sec.android.app.shealth,2025-12-23 00:15:14.216,a39a9972-f1a4-4b2f-8299-fa4169caf264,71.0,
,21313,63070031,1,2025-12-23 07:00:00.000,,abdd28f6-f558-42ba-a5b3-3be5d2825ec0.com.samsung.health.heart_rate.binning_data.json,63070031,2025-12-23 08:05:51.226,2025-12-23 07:55:00.771,,95.0,53.0,,UTC-0300,tWUO8ZL77Z,,com.sec.android.app.shealth,2025-12-23 07:59:59.999,abdd28f6-f558-42ba-a5b3-3be5d2825ec0,63.0,
,21313,63070031,1,2025-12-23 08:00:00.000,,4df2164b-aead-45aa-bcfc-901c31cc5f41.com.samsung.health.heart_rate.binning_data.json,63070031,2025-12-23 09:05:19.264,2025-12-23 08:05:51.393,,72.0,49.0,,UTC-0300,tWUO8ZL77Z,,com.sec.android.app.shealth,2025-12-23 08:59:59.999,4df2164b-aead-45aa-bcfc-901c31cc5f41,53.0,
,21313,63070031,1,2025-12-23 09:00:00.000,,29012993-01b4-4567-952c-c27173d15044.com.samsung.health.heart_rate.binning_data.json,63070031,2025-12-23 10:05:31.304,2025-12-23 09:10:21.906,,60.0,45.0,,UTC-0300,tWUO8ZL77Z,,com.sec.android.app.shealth,2025-12-23 09:59:59.999,29012993-01b4-4567-952c-c27173d15044,50.0,
,21313,63070031,1,2025-12-23 10:00:00.000,,9f30095b-a242-4923-b29f-518ba619c78a.com.samsung.health.heart_rate.binning_data.json,63070031,2025-12-23 11:00:12.177,2025-12-23 10:08:48.467,,81.0,47.0,,UTC-0300,tWUO8ZL77Z,,com.sec.android.app.shealth,2025-12-23 10:59:59.999,9f30095b-a242-4923-b29f-518ba619c78a,58.0,
,21313,63070031,1,2025-12-23 11:00:00.000,,ddd93f77-f30c-486f-96f0-ba929ef733dd.com.samsung.health.heart_rate.binning_data.json,63070031,2025-12-23 12:05:52.924,2025-12-23 11:06:23.104,,86.0,55.0,,UTC-0300,tWUO8ZL77Z,,com.sec.android.app.shealth,2025-12-23 11:59:59.999,ddd93f77-f30c-486f-96f0-ba929ef733dd,66.0,
,21313,63070031,1,2025-12-23 12:00:00.000,,ca145c5c-4dea-4498-9387-e0d4d326d9bc.com.samsung.health.heart_rate.binning_data.json,63070031,2025-12-23 13:04:13.799,2025-12-23 12:05:53.910,,106.0,63.0,,UTC-0300,tWUO8ZL77Z,,com.sec.android.app.shealth,2025-12-23 12:59:59.999,ca145c5c-4dea-4498-9387-e0d4d326d9bc,81.0,
,21313,63070031,1,2025-12-23 13:00:00.000,,baf6897c-7f46-4372-a254-a6cb50c62738.com.samsung.health.heart_rate.binning_data.json,63070031,2025-12-23 14:05:02.833,2025-12-23 13:04:13.945,,100.0,62.0,,UTC-0300,tWUO8ZL77Z,,com.sec.android.app.shealth,2025-12-23 13:59:59.999,baf6897c-7f46-4372-a254-a6cb50c62738,81.0,
,21313,63070031,1,2025-12-23 14:00:00.000,,67f25aa4-0c65-4363-889b-d0abc825c344.com.samsung.health.heart_rate.binning_data.json,63070031,2025-12-23 15:02:39.308,2025-12-23 14:06:04.966,,99.0,60.0,,UTC-0300,tWUO8ZL77Z,,com.sec.android.app.shealth,2025-12-23 14:59:59.999,67f25aa4-0c65-4363-889b-d0abc825c344,75.0,
,21313,63070031,1,2025-12-23 15:00:00.000,,60237ba8-8ba5-42b3-9566-6247d807b6db.com.samsung.health.heart_rate.binning_data.json,63070031,2025-12-23 16:09:16.607,2025-12-23 15:02:40.127,,90.0,59.0,,UTC-0300,tWUO8ZL77Z,,com.sec.android.app.shealth,2025-12-23 15:59:59.999,60237ba8-8ba5-42b3-9566-6247d807b6db,72.0,
,21313,63070031,1,2025-12-23 16:00:00.000,,eb6f375c-8264-4139-a853-c15238e1ce0a.com.samsung.health.heart_rate.binning_data.json,63070031,2025-12-23 17:05:03.708,2025-12-23 16:09:45.989,,104.0,60.0,,UTC-0300,tWUO8ZL77Z,,com.sec.android.app.shealth,2025-12-23 16:59:59.999,eb6f375c-8264-4139-a853-c15238e1ce0a,77.0,
,21313,63070031,1,2025-12-23 17:00:00.000,,6868c089-a6f1-4b20-9028-98ce1c1aeb2d.com.samsung.health.heart_rate.binning_data.json,63070031,2025-12-23 18:03:34.912,2025-12-23 17:05:31.892,,90.0,65.0,,UTC-0300,tWUO8ZL77Z,,com.sec.android.app.shealth,2025-12-23 17:59:59.999,6868c089-a6f1-4b20-9028-98ce1c1aeb2d,77.0,
,21313,63070031,1,2025-12-23 18:00:00.000,,ecf149fb-73f1-4829-9d65-8ad3fa009efd.com.samsung.health.heart_rate.binning_data.json,63070031,2025-12-23 19:01:18.632,2025-12-23 18:03:35.130,,90.0,62.0,,UTC-0300,tWUO8ZL77Z,,com.sec.android.app.shealth,2025-12-23 18:59:59.999,ecf149fb-73f1-4829-9d65-8ad3fa009efd,71.0,
,21313,63070031,1,2025-12-23 19:00:00.000,,4dab7218-6d68-4ecf-ae7a-a7f5f05a162c.com.samsung.health.heart_rate.binning_data.json,63070031,2025-12-23 20:00:45.144,2025-12-23 19:01:18.755,,88.0,61.0,,UTC-0300,tWUO8ZL77Z,,com.sec.android.app.shealth,2025-12-23 19:59:59.999,4dab7218-6d68-4ecf-ae7a-a7f5f05a162c,69.0,
,21313,63070031,1,2025-12-23 20:00:00.000,,791d9dc5-6e5d-401e-a30f-a42cba0fef10.com.samsung.health.heart_rate.binning_data.json,63070031,2025-12-23 21:01:15.926,2025-12-23 20:24:46.930,,89.0,60.0,,UTC-0300,tWUO8ZL77Z,,com.sec.android.app.shealth,2025-12-23 20:59:59.999,791d9dc5-6e5d-401e-a30f-a42cba0fef10,69.0,
,21313,63070031,1,2025-12-23 21:00:00.000,,39535f10-3266-4165-ae68-abe3519f8736.com.samsung.health.heart_rate.binning_data.json,63070031,2025-12-23 22:01:37.590,2025-12-23 21:01:16.080,,101.0,63.0,,UTC-0300,tWUO8ZL77Z,,com.sec.android.app.shealth,2025-12-23 21:59:59.999,39535f10-3266-4165-ae68-abe3519f8736,74.0,
,21313,63070031,1,2025-12-23 22:00:00.000,,081b9997-1abc-44a0-b63f-a84c693ceaff.com.samsung.health.heart_rate.binning_data.json,63070031,2025-12-23 23:02:35.518,2025-12-23 22:01:37.649,,101.0,59.0,,UTC-0300,tWUO8ZL77Z,,com.sec.android.app.shealth,2025-12-23 22:59:59.999,081b9997-1abc-44a0-b63f-a84c693ceaff,74.0,
,21313,63070031,1,2025-12-23 23:00:00.000,,c12ab492-fe03-405f-b4b0-8ffb29583b8c.com.samsung.health.heart_rate.binning_data.json,63070031,2025-12-24 00:46:46.747,2025-12-23 23:02:37.084,,87.0,66.0,,UTC-0300,tWUO8ZL77Z,,com.sec.android.app.shealth,2025-12-23 23:59:59.999,c12ab492-fe03-405f-b4b0-8ffb29583b8c,75.0,
,21313,63070031,1,2025-12-24 00:00:00.000,,14f9737e-66d9-43e0-9f8e-cf589c518075.com.samsung.health.heart_rate.binning_data.json,63070031,2025-12-24 01:04:57.433,2025-12-24 00:46:47.280,,89.0,60.0,,UTC-0300,tWUO8ZL77Z,,com.sec.android.app.shealth,2025-12-24 00:59:59.999,14f9737e-66d9-43e0-9f8e-cf589c518075,69.0,
,21313,63070031,1,2025-12-24 01:00:00.000,,06297ad6-f78a-4249-8e21-201412d1b4b1.com.samsung.health.heart_rate.binning_data.json,63070031,2025-12-24 02:04:49.197,2025-12-24 01:05:44.630,,90.0,64.0,,UTC-0300,tWUO8ZL77Z,,com.sec.android.app.shealth,2025-12-24 01:59:59.999,06297ad6-f78a-4249-8e21-201412d1b4b1,73.0,
,21313,63070031,1,2025-12-24 02:00:00.000,,dd90af17-369e-4825-b0f8-a7b9b5b1d6d8.com.samsung.health.heart_rate.binning_data.json,63070031,2025-12-24 03:02:33.981,2025-12-24 02:04:49.460,,95.0,55.0,,UTC-0300,tWUO8ZL77Z,,com.sec.android.app.shealth,2025-12-24 02:59:59.999,dd90af17-369e-4825-b0f8-a7b9b5b1d6d8,71.0,
,21313,63070031,1,2025-12-24 03:00:00.000,,352f050a-2c09-4c19-b4a3-6525eefd91f5.com.samsung.health.heart_rate.binning_data.json,63070031,2025-12-24 04:06:08.653,2025-12-24 03:02:34.067,,76.0,55.0,,UTC-0300,tWUO8ZL77Z,,com.sec.android.app.shealth,2025-12-24 03:59:59.999,352f050a-2c09-4c19-b4a3-6525eefd91f5,62.0,
,21313,63070031,1,2025-12-24 04:00:00.000,,a36ae564-c817-4a1b-97a1-6db0201c024d.com.samsung.health.heart_rate.binning_data.json,63070031,2025-12-24 05:08:47.227,2025-12-24 04:07:54.808,,72.0,54.0,,UTC-0300,tWUO8ZL77Z,,com.sec.android.app.shealth,2025-12-24 04:59:59.999,a36ae564-c817-4a1b-97a1-6db0201c024d,61.0,
,21313,63070031,1,2025-12-24 05:00:00.000,,daa9971e-ced1-4d62-9fc9-d590cc40edfa.com.samsung.health.heart_rate.binning_data.json,63070031,2025-12-24 06:12:24.753,2025-12-24 05:09:14.274,,78.0,49.0,,UTC-0300,tWUO8ZL77Z,,com.sec.android.app.shealth,2025-12-24 05:59:59.999,daa9971e-ced1-4d62-9fc9-d590cc40edfa,60.0,
,21313,63070031,1,2025-12-24 06:00:00.000,,f5204ca9-e498-461b-8337-03ff3c49b5fd.com.samsung.health.heart_rate.binning_data.json,63070031,2025-12-24 07:06:03.867,2025-12-24 06:17:25.401,,70.0,49.0,,UTC-0300,tWUO8ZL77Z,,com.sec.android.app.shealth,2025-12-24 06:59:59.999,f5204ca9-e498-461b-8337-03ff3c49b5fd,55.0,
,21313,63070031,1,2025-12-24 07:00:00.000,,3c0bd2c4-204c-4322-a21e-21df9bac2d81.com.samsung.health.heart_rate.binning_data.json,63070031,2025-12-24 08:07:48.594,2025-12-24 07:06:45.711,,71.0,46.0,,UTC-0300,tWUO8ZL77Z,,com.sec.android.app.shealth,2025-12-24 07:59:59.999,3c0bd2c4-204c-4322-a21e-21df9bac2d81,53.0,
,21313,63070031,1,2025-12-24 08:00:00.000,,eb0407a4-ea0a-4c91-980b-88c15d32802b.com.samsung.health.heart_rate.binning_data.json,63070031,2025-12-24 09:06:27.251,2025-12-24 08:10:36.935,,64.0,49.0,,UTC-0300,tWUO8ZL77Z,,com.sec.android.app.shealth,2025-12-24 08:59:59.999,eb0407a4-ea0a-4c91-980b-88c15d32802b,53.0,
,21313,63070031,1,2025-12-24 09:00:00.000,,4e382ad4-78cf-472b-9df8-c675c349adb1.com.samsung.health.heart_rate.binning_data.json,63070031,2025-12-24 10:05:09.048,2025-12-24 09:06:49.331,,64.0,46.0,,UTC-0300,tWUO8ZL77Z,,com.sec.android.app.shealth,2025-12-24 09:59:59.999,4e382ad4-78cf-472b-9df8-c675c349adb1,51.0,
,21313,63070031,1,2025-12-24 10:00:00.000,,a514f199-f0e9-4eb4-af89-037224da7ef3.com.samsung.health.heart_rate.binning_data.json,63070031,2025-12-24 11:00:39.865,2025-12-24 10:10:22.586,,88.0,48.0,,UTC-0300,tWUO8ZL77Z,,com.sec.android.app.shealth,2025-12-24 10:59:59.999,a514f199-f0e9-4eb4-af89-037224da7ef3,64.0,
,21316,63070031,1,2025-12-24 08:12:20.299,,,63070031,2025-12-24 08:15:00.961,2025-12-24 08:10:37.000,,,,,UTC-0300,tWUO8ZL77Z,,com.sec.android.app.shealth,2025-12-24 08:12:20.299,7844a4b5-c932-42af-99bb-ffdb24df58ee,53.0,
,21313,63070031,1,2025-12-24 11:00:00.000,,f715b9a2-02ff-450b-8d66-1c918a0f615a.com.samsung.health.heart_rate.binning_data.json,63070031,2025-12-24 12:07:21.236,2025-12-24 11:02:58.986,,107.0,57.0,,UTC-0300,tWUO8ZL77Z,,com.sec.android.app.shealth,2025-12-24 11:59:59.999,f715b9a2-02ff-450b-8d66-1c918a0f615a,76.0,
,21313,63070031,1,2025-12-24 12:00:00.000,,28dace84-8e8c-41cb-91a8-be4501ce94db.com.samsung.health.heart_rate.binning_data.json,63070031,2025-12-24 13:05:03.812,2025-12-24 12:07:22.020,,93.0,66.0,,UTC-0300,tWUO8ZL77Z,,com.sec.android.app.shealth,2025-12-24 12:59:59.999,28dace84-8e8c-41cb-91a8-be4501ce94db,78.0,
,21313,63070031,1,2025-12-24 13:00:00.000,,2b8f7cd6-3244-48af-9c9d-d44db819faa8.com.samsung.health.heart_rate.binning_data.json,63070031,2025-12-24 14:03:35.721,2025-12-24 13:05:04.286,,99.0,65.0,,UTC-0300,tWUO8ZL77Z,,com.sec.android.app.shealth,2025-12-24 13:59:59.999,2b8f7cd6-3244-48af-9c9d-d44db819faa8,80.0,
,21313,63070031,1,2025-12-24 14:00:00.000,,da4fd06e-b4e3-4f18-8ff2-08a27093311f.com.samsung.health.heart_rate.binning_data.json,63070031,2025-12-24 15:04:19.291,2025-12-24 14:03:36.341,,93.0,55.0,,UTC-0300,tWUO8ZL77Z,,com.sec.android.app.shealth,2025-12-24 14:59:59.999,da4fd06e-b4e3-4f18-8ff2-08a27093311f,70.0,
,21313,63070031,1,2025-12-24 15:00:00.000,,8d5e3f70-b5bc-4f4c-a68d-b64069aaaab1.com.samsung.health.heart_rate.binning_data.json,63070031,2025-12-24 16:08:37.188,2025-12-24 15:04:19.547,,86.0,58.0,,UTC-0300,tWUO8ZL77Z,,com.sec.android.app.shealth,2025-12-24 15:59:59.999,8d5e3f70-b5bc-4f4c-a68d-b64069aaaab1,72.0,
,21313,63070031,1,2025-12-24 16:00:00.000,,8e5b1ae5-5c19-4a1f-8bca-1ca2d1a38561.com.samsung.health.heart_rate.binning_data.json,63070031,2025-12-24 17:05:02.303,2025-12-24 16:08:37.386,,91.0,62.0,,UTC-0300,tWUO8ZL77Z,,com.sec.android.app.shealth,2025-12-24 16:59:59.999,8e5b1ae5-5c19-4a1f-8bca-1ca2d1a38561,72.0,
,21313,63070031,1,2025-12-24 17:00:00.000,,cc770033-a2e8-4ba5-9cb8-556f089dddef.com.samsung.health.heart_rate.binning_data.json,63070031,2025-12-24 18:02:23.334,2025-12-24 17:09:49.195,,90.0,55.0,,UTC-0300,tWUO8ZL77Z,,com.sec.android.app.shealth,2025-12-24 17:59:59.999,cc770033-a2e8-4ba5-9cb8-556f089dddef,71.0,
,21313,63070031,1,2025-12-24 18:00:00.000,,9e418bb5-366f-45f9-aa04-76d38c7937dd.com.samsung.health.heart_rate.binning_data.json,63070031,2025-12-24 19:02:48.264,2025-12-24 18:02:23.523,,97.0,64.0,,UTC-0300,tWUO8ZL77Z,,com.sec.android.app.shealth,2025-12-24 18:59:59.999,9e418bb5-366f-45f9-aa04-76d38c7937dd,78.0,
,21313,63070031,1,2025-12-24 19:00:00.000,,1e63d97b-2ad0-4ba8-a377-1dc7241c5c43.com.samsung.health.heart_rate.binning_data.json,63070031,2025-12-24 20:02:47.207,2025-12-24 19:02:48.392,,95.0,66.0,,UTC-0300,tWUO8ZL77Z,,com.sec.android.app.shealth,2025-12-24 19:59:59.999,1e63d97b-2ad0-4ba8-a377-1dc7241c5c43,81.0,
,21313,63070031,1,2025-12-24 20:00:00.000,,3b6a92f9-7c98-4f40-8aa4-6fdb75eced52.com.samsung.health.heart_rate.binning_data.json,63070031,2025-12-24 21:02:49.257,2025-12-24 20:02:47.323,,102.0,66.0,,UTC-0300,tWUO8ZL77Z,,com.sec.android.app.shealth,2025-12-24 20:59:59.999,3b6a92f9-7c98-4f40-8aa4-6fdb75eced52,82.0,
,21313,63070031,1,2025-12-24 21:00:00.000,,fba0db44-586d-4471-881a-6f2e2b5ded8f.com.samsung.health.heart_rate.binning_data.json,63070031,2025-12-24 22:08:28.550,2025-12-24 21:02:49.618,,89.0,61.0,,UTC-0300,tWUO8ZL77Z,,com.sec.android.app.shealth,2025-12-24 21:59:59.999,fba0db44-586d-4471-881a-6f2e2b5ded8f,72.0,
,21313,63070031,1,2025-12-24 22:00:00.000,,d3e7c13d-d207-4e66-8b4b-9c0b9c3f4763.com.samsung.health.heart_rate.binning_data.json,63070031,2025-12-24 23:01:15.884,2025-12-24 22:08:59.849,,93.0,62.0,,UTC-0300,tWUO8ZL77Z,,com.sec.android.app.shealth,2025-12-24 22:59:59.999,d3e7c13d-d207-4e66-8b4b-9c0b9c3f4763,74.0,
,21313,63070031,1,2025-12-25 00:00:00.000,,e0804b92-7d5e-40f5-a0ff-6cc008713e16.com.samsung.health.heart_rate.binning_data.json,63070031,2025-12-25 01:47:36.622,2025-12-25 00:02:12.073,,98.0,70.0,,UTC-0300,tWUO8ZL77Z,,com.sec.android.app.shealth,2025-12-25 00:59:59.999,e0804b92-7d5e-40f5-a0ff-6cc008713e16,81.0,
,21313,63070031,1,2025-12-24 23:00:00.000,,363991f0-6f42-4edf-b80f-6b1571471f34.com.samsung.health.heart_rate.binning_data.json,63070031,2025-12-25 00:02:11.647,2025-12-24 23:01:16.153,,88.0,66.0,,UTC-0300,tWUO8ZL77Z,,com.sec.android.app.shealth,2025-12-24 23:59:59.999,363991f0-6f42-4edf-b80f-6b1571471f34,77.0,
,21313,63070031,1,2025-12-25 01:00:00.000,,613ae93b-3108-4295-a059-823ac262420f.com.samsung.health.heart_rate.binning_data.json,63070031,2025-12-25 02:02:16.513,2025-12-25 01:47:37.083,,95.0,59.0,,UTC-0300,tWUO8ZL77Z,,com.sec.android.app.shealth,2025-12-25 01:59:59.999,613ae93b-3108-4295-a059-823ac262420f,71.0,
,21313,63070031,1,2025-12-25 02:00:00.000,,3ae0fc4a-6c96-4c24-8018-bc67eca5e771.com.samsung.health.heart_rate.binning_data.json,63070031,2025-12-25 03:05:03.467,2025-12-25 02:02:16.790,,80.0,55.0,,UTC-0300,tWUO8ZL77Z,,com.sec.android.app.shealth,2025-12-25 02:59:59.999,3ae0fc4a-6c96-4c24-8018-bc67eca5e771,64.0,
,21313,63070031,1,2025-12-25 03:00:00.000,,f77b4eb2-3f84-430a-b272-5d2a8673db77.com.samsung.health.heart_rate.binning_data.json,63070031,2025-12-25 04:05:56.380,2025-12-25 03:05:11.990,,73.0,53.0,,UTC-0300,tWUO8ZL77Z,,com.sec.android.app.shealth,2025-12-25 03:59:59.999,f77b4eb2-3f84-430a-b272-5d2a8673db77,60.0,
,21313,63070031,1,2025-12-25 10:00:00.000,,8f15f58d-ca3c-4c0f-b3d8-8f8c008cc4d5.com.samsung.health.heart_rate.binning_data.json,63070031,2025-12-25 11:02:59.769,2025-12-25 10:06:09.184,,66.0,45.0,,UTC-0300,tWUO8ZL77Z,,com.sec.android.app.shealth,2025-12-25 10:59:59.999,8f15f58d-ca3c-4c0f-b3d8-8f8c008cc4d5,51.0,
,21313,63070031,1,2025-12-25 04:00:00.000,,9c2b076f-5613-415b-a670-232d6b6918d9.com.samsung.health.heart_rate.binning_data.json,63070031,2025-12-25 05:07:52.839,2025-12-25 04:06:06.419,,71.0,54.0,,UTC-0300,tWUO8ZL77Z,,com.sec.android.app.shealth,2025-12-25 04:59:59.999,9c2b076f-5613-415b-a670-232d6b6918d9,59.0,
,21313,63070031,1,2025-12-25 05:00:00.000,,e69d6892-f7a5-411a-b74d-03c53e594c53.com.samsung.health.heart_rate.binning_data.json,63070031,2025-12-25 06:06:09.849,2025-12-25 05:10:21.995,,66.0,50.0,,UTC-0300,tWUO8ZL77Z,,com.sec.android.app.shealth,2025-12-25 05:59:59.999,e69d6892-f7a5-411a-b74d-03c53e594c53,55.0,
,21313,63070031,1,2025-12-25 06:00:00.000,,be4aae19-182d-4864-b728-d6a2e52f191c.com.samsung.health.heart_rate.binning_data.json,63070031,2025-12-25 07:05:38.911,2025-12-25 06:06:23.538,,68.0,49.0,,UTC-0300,tWUO8ZL77Z,,com.sec.android.app.shealth,2025-12-25 06:59:59.999,be4aae19-182d-4864-b728-d6a2e52f191c,55.0,
,21313,63070031,1,2025-12-25 07:00:00.000,,39a04303-c608-448b-b5ba-a4c4e2a9da5a.com.samsung.health.heart_rate.binning_data.json,63070031,2025-12-25 08:08:17.627,2025-12-25 07:05:39.216,,61.0,44.0,,UTC-0300,tWUO8ZL77Z,,com.sec.android.app.shealth,2025-12-25 07:59:59.999,39a04303-c608-448b-b5ba-a4c4e2a9da5a,51.0,
,21313,63070031,1,2025-12-25 08:00:00.000,,d22daed5-5f40-4cdf-a110-9fc696c8d0c6.com.samsung.health.heart_rate.binning_data.json,63070031,2025-12-25 09:08:44.011,2025-12-25 08:08:23.741,,73.0,46.0,,UTC-0300,tWUO8ZL77Z,,com.sec.android.app.shealth,2025-12-25 08:59:59.999,d22daed5-5f40-4cdf-a110-9fc696c8d0c6,53.0,
,21313,63070031,1,2025-12-25 09:00:00.000,,85c8ed6e-e4cf-40a9-afd1-c8c0bf742437.com.samsung.health.heart_rate.binning_data.json,63070031,2025-12-25 10:06:08.777,2025-12-25 09:11:03.260,,67.0,46.0,,UTC-0300,tWUO8ZL77Z,,com.sec.android.app.shealth,2025-12-25 09:59:59.999,85c8ed6e-e4cf-40a9-afd1-c8c0bf742437,51.0,
,21313,63070031,1,2025-12-25 11:00:00.000,,b1d338fa-569a-441c-879d-c3d809ba7f53.com.samsung.health.heart_rate.binning_data.json,63070031,2025-12-25 12:02:15.269,2025-12-25 11:02:59.912,,85.0,53.0,,UTC-0300,tWUO8ZL77Z,,com.sec.android.app.shealth,2025-12-25 11:59:59.999,b1d338fa-569a-441c-879d-c3d809ba7f53,68.0,
,21313,63070031,1,2025-12-25 12:00:00.000,,0421090e-e937-47aa-a451-477ac0cc9658.com.samsung.health.heart_rate.binning_data.json,63070031,2025-12-25 13:05:08.245,2025-12-25 12:03:34.093,,98.0,61.0,,UTC-0300,tWUO8ZL77Z,,com.sec.android.app.shealth,2025-12-25 12:59:59.999,0421090e-e937-47aa-a451-477ac0cc9658,76.0,
,21313,63070031,1,2025-12-25 13:00:00.000,,0afccbd7-025d-4568-bcfd-dbb641d699d3.com.samsung.health.heart_rate.binning_data.json,63070031,2025-12-25 14:01:59.185,2025-12-25 13:05:08.539,,124.0,76.0,,UTC-0300,tWUO8ZL77Z,,com.sec.android.app.shealth,2025-12-25 13:59:59.999,0afccbd7-025d-4568-bcfd-dbb641d699d3,91.0,
,21313,63070031,1,2025-12-25 14:00:00.000,,d71dbc36-e508-49b3-a6d3-340922a1f15d.com.samsung.health.heart_rate.binning_data.json,63070031,2025-12-25 15:02:12.790,2025-12-25 14:01:59.261,,103.0,74.0,,UTC-0300,tWUO8ZL77Z,,com.sec.android.app.shealth,2025-12-25 14:59:59.999,d71dbc36-e508-49b3-a6d3-340922a1f15d,86.0,
,21313,63070031,1,2025-12-25 15:00:00.000,,4c63f260-9cf6-4dd9-b5c8-25542fc5c8e1.com.samsung.health.heart_rate.binning_data.json,63070031,2025-12-25 16:03:54.070,2025-12-25 15:02:13.294,,122.0,75.0,,UTC-0300,tWUO8ZL77Z,,com.sec.android.app.shealth,2025-12-25 15:59:59.999,4c63f260-9cf6-4dd9-b5c8-25542fc5c8e1,94.0,
,21313,63070031,1,2025-12-25 16:00:00.000,,267fcf38-dc18-498a-a121-c8ebf545ff7c.com.samsung.health.heart_rate.binning_data.json,63070031,2025-12-25 17:01:57.526,2025-12-25 16:03:54.283,,103.0,80.0,,UTC-0300,tWUO8ZL77Z,,com.sec.android.app.shealth,2025-12-25 16:59:59.999,267fcf38-dc18-498a-a121-c8ebf545ff7c,91.0,
,21313,63070031,1,2025-12-25 18:00:00.000,,ad6000fd-7b70-43d0-93c1-a269a0f355a3.com.samsung.health.heart_rate.binning_data.json,63070031,2025-12-26 01:07:59.079,2025-12-25 18:04:03.981,,97.0,67.0,,UTC-0300,tWUO8ZL77Z,,com.sec.android.app.shealth,2025-12-25 18:59:59.999,ad6000fd-7b70-43d0-93c1-a269a0f355a3,81.0,
,21313,63070031,1,2025-12-26 01:00:00.000,,e3501a43-a59d-4957-830d-ac3108ea79e7.com.samsung.health.heart_rate.binning_data.json,63070031,2025-12-26 02:07:12.072,2025-12-26 02:07:12.072,,85.0,55.0,,UTC-0300,tWUO8ZL77Z,,com.sec.android.app.shealth,2025-12-26 01:59:59.999,e3501a43-a59d-4957-830d-ac3108ea79e7,72.0,
,21313,63070031,1,2025-12-26 02:00:00.000,,8e682fa3-5e72-4d5c-905a-39c6a3a3a68b.com.samsung.health.heart_rate.binning_data.json,63070031,2025-12-26 03:05:02.734,2025-12-26 02:07:12.552,,82.0,55.0,,UTC-0300,tWUO8ZL77Z,,com.sec.android.app.shealth,2025-12-26 02:59:59.999,8e682fa3-5e72-4d5c-905a-39c6a3a3a68b,66.0,
,21313,63070031,1,2025-12-26 03:00:00.000,,553714df-b835-49b9-922c-61f5f68903c7.com.samsung.health.heart_rate.binning_data.json,63070031,2025-12-26 04:05:19.332,2025-12-26 03:10:58.584,,78.0,55.0,,UTC-0300,tWUO8ZL77Z,,com.sec.android.app.shealth,2025-12-26 03:59:59.999,553714df-b835-49b9-922c-61f5f68903c7,60.0,
,21313,63070031,1,2025-12-26 05:00:00.000,,4553e570-69a2-48b2-98e9-1318a5bb855d.com.samsung.health.heart_rate.binning_data.json,63070031,2025-12-26 06:01:01.367,2025-12-26 05:02:58.140,,80.0,52.0,,UTC-0300,tWUO8ZL77Z,,com.sec.android.app.shealth,2025-12-26 05:59:59.999,4553e570-69a2-48b2-98e9-1318a5bb855d,61.0,
,21313,63070031,1,2025-12-26 04:00:00.000,,d5ab84db-9e42-47b2-927a-92afb792dbdf.com.samsung.health.heart_rate.binning_data.json,63070031,2025-12-26 05:02:58.020,2025-12-26 04:05:30.566,,81.0,53.0,,UTC-0300,tWUO8ZL77Z,,com.sec.android.app.shealth,2025-12-26 04:59:59.999,d5ab84db-9e42-47b2-927a-92afb792dbdf,60.0,
,21316,63070031,1,2025-12-27 02:44:34.545,,,63070031,2025-12-27 02:56:41.406,2025-12-26 04:38:06.446,,,,,UTC-0300,tWUO8ZL77Z,,com.sec.android.app.shealth,2025-12-27 02:44:34.545,51c19ad8-c33f-432e-8049-a9c6da7fbeb3,53.0,
,21313,63070031,1,2025-12-26 08:00:00.000,,7a4dbe7d-e935-48d1-9dfb-0830a6da356d.com.samsung.health.heart_rate.binning_data.json,63070031,2025-12-26 09:01:00.960,2025-12-26 08:06:55.994,,71.0,45.0,,UTC-0300,tWUO8ZL77Z,,com.sec.android.app.shealth,2025-12-26 08:59:59.999,7a4dbe7d-e935-48d1-9dfb-0830a6da356d,53.0,
,21313,63070031,1,2025-12-25 17:00:00.000,,398767f0-8734-489e-89bf-1ea1a22802e2.com.samsung.health.heart_rate.binning_data.json,63070031,2025-12-25 18:04:03.809,2025-12-25 17:01:57.649,,109.0,59.0,,UTC-0300,tWUO8ZL77Z,,com.sec.android.app.shealth,2025-12-25 17:59:59.999,398767f0-8734-489e-89bf-1ea1a22802e2,86.0,
,21313,63070031,1,2025-12-26 06:00:00.000,,bd5a42d7-525f-4b7d-864e-eca7e35705d0.com.samsung.health.heart_rate.binning_data.json,63070031,2025-12-26 07:15:00.338,2025-12-26 06:01:01.444,,82.0,49.0,,UTC-0300,tWUO8ZL77Z,,com.sec.android.app.shealth,2025-12-26 06:59:59.999,bd5a42d7-525f-4b7d-864e-eca7e35705d0,56.0,
,21313,63070031,1,2025-12-26 09:00:00.000,,7ec8adb9-054f-48b3-a39b-2163345f5c6b.com.samsung.health.heart_rate.binning_data.json,63070031,2025-12-26 10:01:33.011,2025-12-26 09:01:01.137,,88.0,50.0,,UTC-0300,tWUO8ZL77Z,,com.sec.android.app.shealth,2025-12-26 09:59:59.999,7ec8adb9-054f-48b3-a39b-2163345f5c6b,64.0,
,21313,63070031,1,2025-12-26 07:00:00.000,,ab291333-96ee-4b15-a1e6-972aaa63dd4f.com.samsung.health.heart_rate.binning_data.json,63070031,2025-12-26 08:06:55.322,2025-12-26 07:15:00.646,,74.0,48.0,,UTC-0300,tWUO8ZL77Z,,com.sec.android.app.shealth,2025-12-26 07:59:59.999,ab291333-96ee-4b15-a1e6-972aaa63dd4f,54.0,
,21313,63070031,1,2025-12-26 10:00:00.000,,6eeb34fe-5b38-4a53-9f34-6687d12505a9.com.samsung.health.heart_rate.binning_data.json,63070031,2025-12-26 11:00:32.816,2025-12-26 10:01:33.157,,88.0,60.0,,UTC-0300,tWUO8ZL77Z,,com.sec.android.app.shealth,2025-12-26 10:59:59.999,6eeb34fe-5b38-4a53-9f34-6687d12505a9,74.0,
,21313,63070031,1,2025-12-26 11:00:00.000,,e0227bf4-7894-4a6a-bffb-28513ca5c768.com.samsung.health.heart_rate.binning_data.json,63070031,2025-12-26 12:07:08.072,2025-12-26 11:01:20.449,,89.0,60.0,,UTC-0300,tWUO8ZL77Z,,com.sec.android.app.shealth,2025-12-26 11:59:59.999,e0227bf4-7894-4a6a-bffb-28513ca5c768,72.0,
,21313,63070031,1,2025-12-26 12:00:00.000,,fd99ec0a-b21a-4481-bfb1-5a0a861f2939.com.samsung.health.heart_rate.binning_data.json,63070031,2025-12-26 13:01:18.673,2025-12-26 12:07:08.352,,96.0,59.0,,UTC-0300,tWUO8ZL77Z,,com.sec.android.app.shealth,2025-12-26 12:59:59.999,fd99ec0a-b21a-4481-bfb1-5a0a861f2939,76.0,
,21313,63070031,1,2025-12-26 13:00:00.000,,597731f1-d10f-4ef5-8672-b7a5747ebc7e.com.samsung.health.heart_rate.binning_data.json,63070031,2025-12-26 14:02:15.487,2025-12-26 13:01:18.768,,97.0,62.0,,UTC-0300,tWUO8ZL77Z,,com.sec.android.app.shealth,2025-12-26 13:59:59.999,597731f1-d10f-4ef5-8672-b7a5747ebc7e,74.0,
,21313,63070031,1,2025-12-26 14:00:00.000,,9a126d8f-d66f-461f-ba60-c13c330028d9.com.samsung.health.heart_rate.binning_data.json,63070031,2025-12-26 15:01:01.662,2025-12-26 14:02:15.744,,102.0,59.0,,UTC-0300,tWUO8ZL77Z,,com.sec.android.app.shealth,2025-12-26 14:59:59.999,9a126d8f-d66f-461f-ba60-c13c330028d9,81.0,
,21313,63070031,1,2025-12-26 15:00:00.000,,30f9e4f0-aeb3-461d-bf0a-134ddbc36923.com.samsung.health.heart_rate.binning_data.json,63070031,2025-12-26 16:08:15.029,2025-12-26 15:01:01.748,,110.0,56.0,,UTC-0300,tWUO8ZL77Z,,com.sec.android.app.shealth,2025-12-26 15:59:59.999,30f9e4f0-aeb3-461d-bf0a-134ddbc36923,80.0,
,21313,63070031,1,2025-12-26 16:00:00.000,,49375474-079f-4108-a26d-2f8b4b5a2877.com.samsung.health.heart_rate.binning_data.json,63070031,2025-12-26 17:05:03.533,2025-12-26 16:08:15.306,,104.0,66.0,,UTC-0300,tWUO8ZL77Z,,com.sec.android.app.shealth,2025-12-26 16:59:59.999,49375474-079f-4108-a26d-2f8b4b5a2877,82.0,
,21313,63070031,1,2025-12-26 17:00:00.000,,39168321-9df5-4b46-8d63-4567a3ccb888.com.samsung.health.heart_rate.binning_data.json,63070031,2025-12-26 18:03:31.385,2025-12-26 17:05:53.684,,98.0,65.0,,UTC-0300,tWUO8ZL77Z,,com.sec.android.app.shealth,2025-12-26 17:59:59.999,39168321-9df5-4b46-8d63-4567a3ccb888,82.0,
,21313,63070031,1,2025-12-26 18:00:00.000,,df53f0ee-d403-40d4-91f2-204205e06c59.com.samsung.health.heart_rate.binning_data.json,63070031,2025-12-26 19:07:09.574,2025-12-26 18:03:31.513,,94.0,74.0,,UTC-0300,tWUO8ZL77Z,,com.sec.android.app.shealth,2025-12-26 18:59:59.999,df53f0ee-d403-40d4-91f2-204205e06c59,83.0,
,21313,63070031,1,2025-12-26 19:00:00.000,,43a7ac47-d036-4461-a624-4dae047aef10.com.samsung.health.heart_rate.binning_data.json,63070031,2025-12-26 20:05:02.399,2025-12-26 19:07:10.704,,107.0,66.0,,UTC-0300,tWUO8ZL77Z,,com.sec.android.app.shealth,2025-12-26 19:59:59.999,43a7ac47-d036-4461-a624-4dae047aef10,80.0,
,21313,63070031,1,2025-12-26 20:00:00.000,,0e5746e6-f6b4-4565-854f-b97e4735849d.com.samsung.health.heart_rate.binning_data.json,63070031,2025-12-26 21:00:39.628,2025-12-26 20:06:21.384,,96.0,67.0,,UTC-0300,tWUO8ZL77Z,,com.sec.android.app.shealth,2025-12-26 20:59:59.999,0e5746e6-f6b4-4565-854f-b97e4735849d,79.0,
,21313,63070031,1,2025-12-26 21:00:00.000,,8820efef-a1d8-4e50-a38a-c47421fc887d.com.samsung.health.heart_rate.binning_data.json,63070031,2025-12-26 22:03:13.646,2025-12-26 21:31:48.264,,113.0,64.0,,UTC-0300,tWUO8ZL77Z,,com.sec.android.app.shealth,2025-12-26 21:59:59.999,8820efef-a1d8-4e50-a38a-c47421fc887d,81.0,
,21313,63070031,1,2025-12-26 22:00:00.000,,384e3dab-69f4-4a65-8e51-40240f469883.com.samsung.health.heart_rate.binning_data.json,63070031,2025-12-26 23:01:43.546,2025-12-26 22:03:13.755,,93.0,64.0,,UTC-0300,tWUO8ZL77Z,,com.sec.android.app.shealth,2025-12-26 22:59:59.999,384e3dab-69f4-4a65-8e51-40240f469883,77.0,
,21313,63070031,1,2025-12-26 23:00:00.000,,b9eec74a-1aa5-41b3-a4a2-85a9ffea9547.com.samsung.health.heart_rate.binning_data.json,63070031,2025-12-27 00:35:01.028,2025-12-26 23:01:43.918,,86.0,72.0,,UTC-0300,tWUO8ZL77Z,,com.sec.android.app.shealth,2025-12-26 23:59:59.999,b9eec74a-1aa5-41b3-a4a2-85a9ffea9547,80.0,
,21313,63070031,1,2025-12-27 00:00:00.000,,837cd9d0-e05c-4c4d-8dc3-14b9f79e3d16.com.samsung.health.heart_rate.binning_data.json,63070031,2025-12-27 01:07:41.180,2025-12-27 00:35:01.347,,82.0,55.0,,UTC-0300,tWUO8ZL77Z,,com.sec.android.app.shealth,2025-12-27 00:59:59.999,837cd9d0-e05c-4c4d-8dc3-14b9f79e3d16,64.0,
,21313,63070031,1,2025-12-27 01:00:00.000,,09713655-ebf1-40a7-b931-adf8a3c132c5.com.samsung.health.heart_rate.binning_data.json,63070031,2025-12-27 02:09:14.745,2025-12-27 01:11:22.613,,75.0,51.0,,UTC-0300,tWUO8ZL77Z,,com.sec.android.app.shealth,2025-12-27 01:59:59.999,09713655-ebf1-40a7-b931-adf8a3c132c5,60.0,
,21313,63070031,1,2025-12-27 02:00:00.000,,5f576fc0-0546-4316-83d1-ed6a3542a5b5.com.samsung.health.heart_rate.binning_data.json,63070031,2025-12-27 03:00:02.121,2025-12-27 02:09:15.088,,75.0,48.0,,UTC-0300,tWUO8ZL77Z,,com.sec.android.app.shealth,2025-12-27 02:59:59.999,5f576fc0-0546-4316-83d1-ed6a3542a5b5,59.0,
,21313,63070031,1,2025-12-27 03:00:00.000,,c77a1cba-a106-41a8-bb82-7aa1434fbf89.com.samsung.health.heart_rate.binning_data.json,63070031,2025-12-27 04:04:34.730,2025-12-27 03:00:02.486,,75.0,51.0,,UTC-0300,tWUO8ZL77Z,,com.sec.android.app.shealth,2025-12-27 03:59:59.999,c77a1cba-a106-41a8-bb82-7aa1434fbf89,56.0,
,21316,63070031,1,2025-12-27 03:24:53.755,,,63070031,2025-12-28 02:51:48.298,2025-12-27 04:14:59.754,,,,,UTC-0300,tWUO8ZL77Z,,com.sec.android.app.shealth,2025-12-27 03:24:53.755,96361e52-3571-484a-a020-517d8f52894f,54.0,
,21313,63070031,1,2025-12-27 04:00:00.000,,4b88e992-b4de-4dbd-b354-3e9546252ccf.com.samsung.health.heart_rate.binning_data.json,63070031,2025-12-27 05:05:45.092,2025-12-27 04:04:34.843,,65.0,46.0,,UTC-0300,tWUO8ZL77Z,,com.sec.android.app.shealth,2025-12-27 04:59:59.999,4b88e992-b4de-4dbd-b354-3e9546252ccf,52.0,
,21313,63070031,1,2025-12-27 05:00:00.000,,36e94e1b-7ada-4c25-8d0d-a03a8229877e.com.samsung.health.heart_rate.binning_data.json,63070031,2025-12-27 06:05:17.820,2025-12-27 05:05:45.360,,74.0,45.0,,UTC-0300,tWUO8ZL77Z,,com.sec.android.app.shealth,2025-12-27 05:59:59.999,36e94e1b-7ada-4c25-8d0d-a03a8229877e,52.0,
,21313,63070031,1,2025-12-27 06:00:00.000,,fb005280-4591-4788-9f36-843e78464e00.com.samsung.health.heart_rate.binning_data.json,63070031,2025-12-27 07:05:22.380,2025-12-27 06:05:18.525,,66.0,46.0,,UTC-0300,tWUO8ZL77Z,,com.sec.android.app.shealth,2025-12-27 06:59:59.999,fb005280-4591-4788-9f36-843e78464e00,52.0,
,21313,63070031,1,2025-12-27 07:00:00.000,,85f72481-0e57-4265-978c-60615700dd00.com.samsung.health.heart_rate.binning_data.json,63070031,2025-12-27 08:05:05.593,2025-12-27 07:05:31.678,,76.0,43.0,,UTC-0300,tWUO8ZL77Z,,com.sec.android.app.shealth,2025-12-27 07:59:59.999,85f72481-0e57-4265-978c-60615700dd00,51.0,
,21313,63070031,1,2025-12-27 08:00:00.000,,25160c54-e88f-4872-8ae5-20a505a80a9b.com.samsung.health.heart_rate.binning_data.json,63070031,2025-12-27 09:05:15.578,2025-12-27 08:05:26.678,,63.0,45.0,,UTC-0300,tWUO8ZL77Z,,com.sec.android.app.shealth,2025-12-27 08:59:59.999,25160c54-e88f-4872-8ae5-20a505a80a9b,49.0,
,21313,63070031,1,2025-12-27 09:00:00.000,,451c7cdf-d4e8-4bf0-9cd6-1ee3777e1b07.com.samsung.health.heart_rate.binning_data.json,63070031,2025-12-27 10:01:37.805,2025-12-27 09:05:26.485,,79.0,44.0,,UTC-0300,tWUO8ZL77Z,,com.sec.android.app.shealth,2025-12-27 09:59:59.999,451c7cdf-d4e8-4bf0-9cd6-1ee3777e1b07,52.0,
,21313,63070031,1,2025-12-27 10:00:00.000,,44f7811f-d9a6-4ae8-8540-c80eca2760be.com.samsung.health.heart_rate.binning_data.json,63070031,2025-12-27 11:00:27.166,2025-12-27 10:01:37.875,,110.0,54.0,,UTC-0300,tWUO8ZL77Z,,com.sec.android.app.shealth,2025-12-27 10:59:59.999,44f7811f-d9a6-4ae8-8540-c80eca2760be,73.0,
,21313,63070031,1,2025-12-27 11:00:00.000,,2fe557c1-69ed-4e67-b028-92aa37904677.com.samsung.health.heart_rate.binning_data.json,63070031,2025-12-27 12:06:56.200,2025-12-27 11:00:35.745,,95.0,60.0,,UTC-0300,tWUO8ZL77Z,,com.sec.android.app.shealth,2025-12-27 11:59:59.999,2fe557c1-69ed-4e67-b028-92aa37904677,76.0,
,21313,63070031,1,2025-12-27 12:00:00.000,,30e94077-bfc5-4a4a-9158-3dfbb11aca68.com.samsung.health.heart_rate.binning_data.json,63070031,2025-12-27 13:01:36.675,2025-12-27 12:07:44.499,,102.0,63.0,,UTC-0300,tWUO8ZL77Z,,com.sec.android.app.shealth,2025-12-27 12:59:59.999,30e94077-bfc5-4a4a-9158-3dfbb11aca68,79.0,
,21313,63070031,1,2025-12-27 13:00:00.000,,5511246b-31c6-45d1-91f8-7811cc06e57d.com.samsung.health.heart_rate.binning_data.json,63070031,2025-12-27 14:03:41.199,2025-12-27 13:01:36.762,,91.0,65.0,,UTC-0300,tWUO8ZL77Z,,com.sec.android.app.shealth,2025-12-27 13:59:59.999,5511246b-31c6-45d1-91f8-7811cc06e57d,76.0,
,21313,63070031,1,2025-12-27 14:00:00.000,,ab2a672a-fbe6-4d22-b565-3e765caf4dfe.com.samsung.health.heart_rate.binning_data.json,63070031,2025-12-27 15:02:41.167,2025-12-27 14:03:41.984,,97.0,69.0,,UTC-0300,tWUO8ZL77Z,,com.sec.android.app.shealth,2025-12-27 14:59:59.999,ab2a672a-fbe6-4d22-b565-3e765caf4dfe,81.0,
,21313,63070031,1,2025-12-27 15:00:00.000,,bc02e9cd-2edc-4471-89fd-802772b1ce25.com.samsung.health.heart_rate.binning_data.json,63070031,2025-12-27 16:01:31.085,2025-12-27 15:02:41.351,,112.0,70.0,,UTC-0300,tWUO8ZL77Z,,com.sec.android.app.shealth,2025-12-27 15:59:59.999,bc02e9cd-2edc-4471-89fd-802772b1ce25,83.0,
,21313,63070031,1,2025-12-27 16:00:00.000,,afb4b1e6-3827-4fe6-9f50-9bd967d31d7d.com.samsung.health.heart_rate.binning_data.json,63070031,2025-12-27 17:05:18.847,2025-12-27 16:01:31.197,,97.0,66.0,,UTC-0300,tWUO8ZL77Z,,com.sec.android.app.shealth,2025-12-27 16:59:59.999,afb4b1e6-3827-4fe6-9f50-9bd967d31d7d,81.0,
,21313,63070031,1,2025-12-27 17:00:00.000,,2181d0ac-689a-43d6-9e91-d12dc6557d5a.com.samsung.health.heart_rate.binning_data.json,63070031,2025-12-27 18:03:57.081,2025-12-27 17:05:19.356,,100.0,65.0,,UTC-0300,tWUO8ZL77Z,,com.sec.android.app.shealth,2025-12-27 17:59:59.999,2181d0ac-689a-43d6-9e91-d12dc6557d5a,84.0,
,21313,63070031,1,2025-12-27 23:00:00.000,,05ec08a8-c8e8-45e0-a908-22d3df0170fd.com.samsung.health.heart_rate.binning_data.json,63070031,2025-12-28 00:04:22.815,2025-12-27 23:04:51.085,,104.0,65.0,,UTC-0300,tWUO8ZL77Z,,com.sec.android.app.shealth,2025-12-27 23:59:59.999,05ec08a8-c8e8-45e0-a908-22d3df0170fd,80.0,
,21313,63070031,1,2025-12-28 00:00:00.000,,4efd23d0-2082-416c-937a-8630b719cc9c.com.samsung.health.heart_rate.binning_data.json,63070031,2025-12-28 02:29:08.465,2025-12-28 00:04:23.000,,93.0,65.0,,UTC-0300,tWUO8ZL77Z,,com.sec.android.app.shealth,2025-12-28 00:59:59.999,4efd23d0-2082-416c-937a-8630b719cc9c,79.0,
,21313,63070031,1,2025-12-27 18:00:00.000,,698ba6bd-ad7a-4226-b6b8-e2f212aed872.com.samsung.health.heart_rate.binning_data.json,63070031,2025-12-27 19:01:09.699,2025-12-27 18:03:57.233,,102.0,71.0,,UTC-0300,tWUO8ZL77Z,,com.sec.android.app.shealth,2025-12-27 18:59:59.999,698ba6bd-ad7a-4226-b6b8-e2f212aed872,87.0,
,21313,63070031,1,2025-12-27 19:00:00.000,,d692788a-284b-4687-9c24-0e2549c68a8d.com.samsung.health.heart_rate.binning_data.json,63070031,2025-12-27 20:01:21.316,2025-12-27 19:01:09.947,,101.0,76.0,,UTC-0300,tWUO8ZL77Z,,com.sec.android.app.shealth,2025-12-27 19:59:59.999,d692788a-284b-4687-9c24-0e2549c68a8d,85.0,
,21313,63070031,1,2025-12-28 07:00:00.000,,79108542-71c9-4d50-997a-9d4473bf0269.com.samsung.health.heart_rate.binning_data.json,63070031,2025-12-28 08:05:35.669,2025-12-28 07:07:37.378,,60.0,44.0,,UTC-0300,tWUO8ZL77Z,,com.sec.android.app.shealth,2025-12-28 07:59:59.999,79108542-71c9-4d50-997a-9d4473bf0269,49.0,
,21313,63070031,1,2025-12-27 21:00:00.000,,01bba525-ad58-445c-8daf-ff22922ea53f.com.samsung.health.heart_rate.binning_data.json,63070031,2025-12-27 22:05:21.112,2025-12-27 21:04:01.033,,98.0,72.0,,UTC-0300,tWUO8ZL77Z,,com.sec.android.app.shealth,2025-12-27 21:59:59.999,01bba525-ad58-445c-8daf-ff22922ea53f,83.0,
,21313,63070031,1,2025-12-27 20:00:00.000,,b150219b-4826-4035-a791-187ac62fcad0.com.samsung.health.heart_rate.binning_data.json,63070031,2025-12-27 21:04:00.758,2025-12-27 20:01:21.458,,104.0,73.0,,UTC-0300,tWUO8ZL77Z,,com.sec.android.app.shealth,2025-12-27 20:59:59.999,b150219b-4826-4035-a791-187ac62fcad0,86.0,
,21313,63070031,1,2025-12-27 22:00:00.000,,2562d7e8-9ac1-476b-ba9b-1f43ad82b6ad.com.samsung.health.heart_rate.binning_data.json,63070031,2025-12-27 23:04:50.941,2025-12-27 22:05:21.337,,105.0,63.0,,UTC-0300,tWUO8ZL77Z,,com.sec.android.app.shealth,2025-12-27 22:59:59.999,2562d7e8-9ac1-476b-ba9b-1f43ad82b6ad,82.0,
,21313,63070031,1,2025-12-28 05:00:00.000,,acf31575-1547-4764-90c0-47bc5acba5b2.com.samsung.health.heart_rate.binning_data.json,63070031,2025-12-28 06:01:40.774,2025-12-28 05:08:15.792,,65.0,48.0,,UTC-0300,tWUO8ZL77Z,,com.sec.android.app.shealth,2025-12-28 05:59:59.999,acf31575-1547-4764-90c0-47bc5acba5b2,55.0,
,21313,63070031,1,2025-12-28 03:00:00.000,,1571663e-79b0-4c26-aabc-ea22bfe86e24.com.samsung.health.heart_rate.binning_data.json,63070031,2025-12-28 04:04:15.075,2025-12-28 03:07:53.166,,71.0,53.0,,UTC-0300,tWUO8ZL77Z,,com.sec.android.app.shealth,2025-12-28 03:59:59.999,1571663e-79b0-4c26-aabc-ea22bfe86e24,61.0,
,21313,63070031,1,2025-12-28 16:00:00.000,,34e1c84c-7bef-4a85-8def-440db34f3465.com.samsung.health.heart_rate.binning_data.json,63070031,2025-12-28 17:01:01.025,2025-12-28 16:02:35.415,,95.0,59.0,,UTC-0300,tWUO8ZL77Z,,com.sec.android.app.shealth,2025-12-28 16:59:59.999,34e1c84c-7bef-4a85-8def-440db34f3465,76.0,
,21313,63070031,1,2025-12-28 02:00:00.000,,b228a17c-9449-4adf-ab3b-6b81d6a12ab1.com.samsung.health.heart_rate.binning_data.json,63070031,2025-12-28 03:07:39.374,2025-12-28 02:29:08.735,,86.0,57.0,,UTC-0300,tWUO8ZL77Z,,com.sec.android.app.shealth,2025-12-28 02:59:59.999,b228a17c-9449-4adf-ab3b-6b81d6a12ab1,64.0,
,21313,63070031,1,2025-12-28 06:00:00.000,,a9707e00-0b56-40d4-8d80-7c096de2792f.com.samsung.health.heart_rate.binning_data.json,63070031,2025-12-28 07:05:58.391,2025-12-28 06:01:40.872,,64.0,49.0,,UTC-0300,tWUO8ZL77Z,,com.sec.android.app.shealth,2025-12-28 06:59:59.999,a9707e00-0b56-40d4-8d80-7c096de2792f,53.0,
,21313,63070031,1,2025-12-28 22:00:00.000,,b4694c01-a66e-4394-b3a4-326e5cd55d46.com.samsung.health.heart_rate.binning_data.json,63070031,2025-12-28 23:04:29.484,2025-12-28 22:01:15.580,,91.0,59.0,,UTC-0300,tWUO8ZL77Z,,com.sec.android.app.shealth,2025-12-28 22:59:59.999,b4694c01-a66e-4394-b3a4-326e5cd55d46,74.0,
,21313,63070031,1,2025-12-28 08:00:00.000,,0cac0fe9-9e1e-4074-81e3-a66ca365dc21.com.samsung.health.heart_rate.binning_data.json,63070031,2025-12-28 09:03:19.306,2025-12-28 08:06:08.383,,74.0,45.0,,UTC-0300,tWUO8ZL77Z,,com.sec.android.app.shealth,2025-12-28 08:59:59.999,0cac0fe9-9e1e-4074-81e3-a66ca365dc21,52.0,
,21313,63070031,1,2025-12-28 13:00:00.000,,c9dca93a-aa63-494f-9883-eef9b7b63423.com.samsung.health.heart_rate.binning_data.json,63070031,2025-12-28 14:01:06.968,2025-12-28 13:01:41.316,,120.0,75.0,,UTC-0300,tWUO8ZL77Z,,com.sec.android.app.shealth,2025-12-28 13:59:59.999,c9dca93a-aa63-494f-9883-eef9b7b63423,87.0,
,21313,63070031,1,2025-12-28 10:00:00.000,,9af32e38-640c-4ad1-a0e8-f58cccdb4b25.com.samsung.health.heart_rate.binning_data.json,63070031,2025-12-28 11:08:06.615,2025-12-28 10:08:00.526,,79.0,46.0,,UTC-0300,tWUO8ZL77Z,,com.sec.android.app.shealth,2025-12-28 10:59:59.999,9af32e38-640c-4ad1-a0e8-f58cccdb4b25,56.0,
,21313,63070031,1,2025-12-28 04:00:00.000,,2e20e690-db87-4ff5-8896-74bbc3ccfa59.com.samsung.health.heart_rate.binning_data.json,63070031,2025-12-28 05:07:41.944,2025-12-28 04:04:15.268,,74.0,53.0,,UTC-0300,tWUO8ZL77Z,,com.sec.android.app.shealth,2025-12-28 04:59:59.999,2e20e690-db87-4ff5-8896-74bbc3ccfa59,59.0,
,21313,63070031,1,2025-12-28 12:00:00.000,,d67c4ca8-4e77-40ce-8302-563138bfb32e.com.samsung.health.heart_rate.binning_data.json,63070031,2025-12-28 13:01:41.239,2025-12-28 12:03:04.118,,130.0,63.0,,UTC-0300,tWUO8ZL77Z,,com.sec.android.app.shealth,2025-12-28 12:59:59.999,d67c4ca8-4e77-40ce-8302-563138bfb32e,82.0,
,21313,63070031,1,2025-12-28 15:00:00.000,,775ed863-e996-4258-a1a3-4b9a32eb10c3.com.samsung.health.heart_rate.binning_data.json,63070031,2025-12-28 16:02:35.251,2025-12-28 15:02:33.077,,84.0,48.0,,UTC-0300,tWUO8ZL77Z,,com.sec.android.app.shealth,2025-12-28 15:59:59.999,775ed863-e996-4258-a1a3-4b9a32eb10c3,57.0,
,21313,63070031,1,2025-12-28 20:00:00.000,,56ba9381-5453-4929-8ca5-f323fe259a8e.com.samsung.health.heart_rate.binning_data.json,63070031,2025-12-28 21:07:28.884,2025-12-28 20:02:56.284,,85.0,64.0,,UTC-0300,tWUO8ZL77Z,,com.sec.android.app.shealth,2025-12-28 20:59:59.999,56ba9381-5453-4929-8ca5-f323fe259a8e,73.0,
,21313,63070031,1,2025-12-28 14:00:00.000,,d8bdab9f-1ca3-4aa0-8bd8-17217c7005cc.com.samsung.health.heart_rate.binning_data.json,63070031,2025-12-28 15:02:32.882,2025-12-28 14:01:07.095,,90.0,55.0,,UTC-0300,tWUO8ZL77Z,,com.sec.android.app.shealth,2025-12-28 14:59:59.999,d8bdab9f-1ca3-4aa0-8bd8-17217c7005cc,69.0,
,21313,63070031,1,2025-12-28 21:00:00.000,,a5cb58c9-d98b-4b79-b0c0-96363c7f307e.com.samsung.health.heart_rate.binning_data.json,63070031,2025-12-28 22:01:15.468,2025-12-28 21:07:29.565,,103.0,62.0,,UTC-0300,tWUO8ZL77Z,,com.sec.android.app.shealth,2025-12-28 21:59:59.999,a5cb58c9-d98b-4b79-b0c0-96363c7f307e,76.0,
,21313,63070031,1,2025-12-29 07:00:00.000,,95792265-ca8a-4fab-b641-88f584b4a0d8.com.samsung.health.heart_rate.binning_data.json,63070031,2025-12-29 08:05:43.596,2025-12-29 07:07:57.262,,73.0,46.0,,UTC-0300,tWUO8ZL77Z,,com.sec.android.app.shealth,2025-12-29 07:59:59.999,95792265-ca8a-4fab-b641-88f584b4a0d8,50.0,
,21313,63070031,1,2025-12-28 09:00:00.000,,f8f54419-aa80-457d-a673-7b3442e6f0dc.com.samsung.health.heart_rate.binning_data.json,63070031,2025-12-28 10:08:00.315,2025-12-28 09:03:19.447,,65.0,44.0,,UTC-0300,tWUO8ZL77Z,,com.sec.android.app.shealth,2025-12-28 09:59:59.999,f8f54419-aa80-457d-a673-7b3442e6f0dc,49.0,
,21313,63070031,1,2025-12-28 11:00:00.000,,274cf14b-2539-4c0d-9fd7-a99bb72381dc.com.samsung.health.heart_rate.binning_data.json,63070031,2025-12-28 12:03:03.986,2025-12-28 11:08:57.687,,92.0,52.0,,UTC-0300,tWUO8ZL77Z,,com.sec.android.app.shealth,2025-12-28 11:59:59.999,274cf14b-2539-4c0d-9fd7-a99bb72381dc,71.0,
,21313,63070031,1,2025-12-29 05:00:00.000,,774b3c11-a83b-4094-875c-b1a4add5c182.com.samsung.health.heart_rate.binning_data.json,63070031,2025-12-29 06:09:28.465,2025-12-29 05:10:22.129,,63.0,45.0,,UTC-0300,tWUO8ZL77Z,,com.sec.android.app.shealth,2025-12-29 05:59:59.999,774b3c11-a83b-4094-875c-b1a4add5c182,50.0,
,21313,63070031,1,2025-12-29 00:00:00.000,,42f365fa-4590-40ad-b6f3-ec22378b4544.com.samsung.health.heart_rate.binning_data.json,63070031,2025-12-29 01:01:53.794,2025-12-29 00:34:52.691,,106.0,66.0,,UTC-0300,tWUO8ZL77Z,,com.sec.android.app.shealth,2025-12-29 00:59:59.999,42f365fa-4590-40ad-b6f3-ec22378b4544,75.0,
,21313,63070031,1,2025-12-28 18:00:00.000,,8a2c255d-01f5-4029-8f64-af1002731dcb.com.samsung.health.heart_rate.binning_data.json,63070031,2025-12-28 19:05:02.529,2025-12-28 18:02:19.931,,95.0,60.0,,UTC-0300,tWUO8ZL77Z,,com.sec.android.app.shealth,2025-12-28 18:59:59.999,8a2c255d-01f5-4029-8f64-af1002731dcb,74.0,
,21313,63070031,1,2025-12-29 13:00:00.000,,af450c57-2486-49e7-b8a8-0566c32a4206.com.samsung.health.heart_rate.binning_data.json,63070031,2025-12-29 14:01:08.368,2025-12-29 13:01:20.073,,103.0,65.0,,UTC-0300,tWUO8ZL77Z,,com.sec.android.app.shealth,2025-12-29 13:59:59.999,af450c57-2486-49e7-b8a8-0566c32a4206,79.0,
,21316,63070031,1,2025-12-28 09:07:33.281,,,63070031,2025-12-29 02:53:29.768,2025-12-28 04:48:07.087,,,,,UTC-0300,tWUO8ZL77Z,,com.sec.android.app.shealth,2025-12-28 09:07:33.281,0e80492f-7970-417a-bd9c-7d2cfc8d499d,50.0,
,21313,63070031,1,2025-12-29 15:00:00.000,,55920545-a26a-4d67-a2a4-ebcc5e9cbcc4.com.samsung.health.heart_rate.binning_data.json,63070031,2025-12-29 16:07:03.373,2025-12-29 15:02:13.749,,86.0,51.0,,UTC-0300,tWUO8ZL77Z,,com.sec.android.app.shealth,2025-12-29 15:59:59.999,55920545-a26a-4d67-a2a4-ebcc5e9cbcc4,60.0,
,21313,63070031,1,2025-12-28 23:00:00.000,,a7cbc3c5-e3cf-4007-afb4-3e0d2a735956.com.samsung.health.heart_rate.binning_data.json,63070031,2025-12-29 00:34:52.422,2025-12-28 23:04:29.690,,85.0,60.0,,UTC-0300,tWUO8ZL77Z,,com.sec.android.app.shealth,2025-12-28 23:59:59.999,a7cbc3c5-e3cf-4007-afb4-3e0d2a735956,71.0,
,21313,63070031,1,2025-12-29 06:00:00.000,,f132c48a-01ab-4e48-96d5-69acca9c61be.com.samsung.health.heart_rate.binning_data.json,63070031,2025-12-29 07:07:56.938,2025-12-29 06:10:22.011,,65.0,45.0,,UTC-0300,tWUO8ZL77Z,,com.sec.android.app.shealth,2025-12-29 06:59:59.999,f132c48a-01ab-4e48-96d5-69acca9c61be,49.0,
,21313,63070031,1,2025-12-29 09:00:00.000,,4d4b8399-c14e-4e0d-b73e-e6f742b3ef4b.com.samsung.health.heart_rate.binning_data.json,63070031,2025-12-29 10:05:49.357,2025-12-29 09:09:57.563,,62.0,47.0,,UTC-0300,tWUO8ZL77Z,,com.sec.android.app.shealth,2025-12-29 09:59:59.999,4d4b8399-c14e-4e0d-b73e-e6f742b3ef4b,49.0,
,21313,63070031,1,2025-12-29 14:00:00.000,,f7b8e43b-1835-4526-bff1-1c9fed85b702.com.samsung.health.heart_rate.binning_data.json,63070031,2025-12-29 15:02:13.602,2025-12-29 14:01:08.572,,96.0,56.0,,UTC-0300,tWUO8ZL77Z,,com.sec.android.app.shealth,2025-12-29 14:59:59.999,f7b8e43b-1835-4526-bff1-1c9fed85b702,67.0,
,21313,63070031,1,2025-12-28 17:00:00.000,,233ade93-be3f-4dd6-a2a7-763c8903d226.com.samsung.health.heart_rate.binning_data.json,63070031,2025-12-28 18:02:19.758,2025-12-28 17:01:01.169,,96.0,56.0,,UTC-0300,tWUO8ZL77Z,,com.sec.android.app.shealth,2025-12-28 17:59:59.999,233ade93-be3f-4dd6-a2a7-763c8903d226,78.0,
,21313,63070031,1,2025-12-28 19:00:00.000,,0d2f916f-3064-4b33-ba5b-cff4c227d4ac.com.samsung.health.heart_rate.binning_data.json,63070031,2025-12-28 20:02:56.113,2025-12-28 19:05:28.647,,89.0,59.0,,UTC-0300,tWUO8ZL77Z,,com.sec.android.app.shealth,2025-12-28 19:59:59.999,0d2f916f-3064-4b33-ba5b-cff4c227d4ac,74.0,
,21313,63070031,1,2025-12-29 02:00:00.000,,0cd213f4-e042-49f7-bcad-b4b49a934d0d.com.samsung.health.heart_rate.binning_data.json,63070031,2025-12-29 03:05:01.676,2025-12-29 02:06:17.570,,69.0,51.0,,UTC-0300,tWUO8ZL77Z,,com.sec.android.app.shealth,2025-12-29 02:59:59.999,0cd213f4-e042-49f7-bcad-b4b49a934d0d,56.0,
,21313,63070031,1,2025-12-29 17:00:00.000,,3716d434-c12d-4fd8-af35-98a4651bcee7.com.samsung.health.heart_rate.binning_data.json,63070031,2025-12-29 18:02:08.727,2025-12-29 17:01:51.921,,104.0,59.0,,UTC-0300,tWUO8ZL77Z,,com.sec.android.app.shealth,2025-12-29 17:59:59.999,3716d434-c12d-4fd8-af35-98a4651bcee7,74.0,
,21313,63070031,1,2025-12-29 01:00:00.000,,803389ef-af2a-4c20-a192-6832df103d33.com.samsung.health.heart_rate.binning_data.json,63070031,2025-12-29 02:06:02.627,2025-12-29 01:01:54.043,,84.0,54.0,,UTC-0300,tWUO8ZL77Z,,com.sec.android.app.shealth,2025-12-29 01:59:59.999,803389ef-af2a-4c20-a192-6832df103d33,60.0,
,21313,63070031,1,2025-12-29 08:00:00.000,,2dc524d1-4544-48c1-9ef1-5594300346d3.com.samsung.health.heart_rate.binning_data.json,63070031,2025-12-29 09:07:45.909,2025-12-29 08:05:43.879,,65.0,41.0,,UTC-0300,tWUO8ZL77Z,,com.sec.android.app.shealth,2025-12-29 08:59:59.999,2dc524d1-4544-48c1-9ef1-5594300346d3,48.0,
,21313,63070031,1,2025-12-29 10:00:00.000,,f470ae69-67fd-4b73-a24b-b52f5fafa3b6.com.samsung.health.heart_rate.binning_data.json,63070031,2025-12-29 11:02:10.727,2025-12-29 10:06:01.369,,71.0,43.0,,UTC-0300,tWUO8ZL77Z,,com.sec.android.app.shealth,2025-12-29 10:59:59.999,f470ae69-67fd-4b73-a24b-b52f5fafa3b6,50.0,
,21313,63070031,1,2025-12-29 18:00:00.000,,4fddf33f-db57-4e56-9501-812c8333e477.com.samsung.health.heart_rate.binning_data.json,63070031,2025-12-29 19:01:03.200,2025-12-29 18:02:09.066,,104.0,66.0,,UTC-0300,tWUO8ZL77Z,,com.sec.android.app.shealth,2025-12-29 18:59:59.999,4fddf33f-db57-4e56-9501-812c8333e477,79.0,
,21313,63070031,1,2025-12-29 04:00:00.000,,d5b02e44-2dae-4b43-a34c-aabc65f6c6d6.com.samsung.health.heart_rate.binning_data.json,63070031,2025-12-29 05:09:30.709,2025-12-29 04:05:18.656,,68.0,44.0,,UTC-0300,tWUO8ZL77Z,,com.sec.android.app.shealth,2025-12-29 04:59:59.999,d5b02e44-2dae-4b43-a34c-aabc65f6c6d6,51.0,
,21313,63070031,1,2025-12-29 03:00:00.000,,e4caf20a-cce0-4977-bf42-6f830cecf344.com.samsung.health.heart_rate.binning_data.json,63070031,2025-12-29 04:05:18.410,2025-12-29 03:08:19.780,,68.0,49.0,,UTC-0300,tWUO8ZL77Z,,com.sec.android.app.shealth,2025-12-29 03:59:59.999,e4caf20a-cce0-4977-bf42-6f830cecf344,54.0,
,21313,63070031,1,2025-12-29 12:00:00.000,,dd6d750c-af5b-4dc3-ab78-8028a1fe1871.com.samsung.health.heart_rate.binning_data.json,63070031,2025-12-29 13:01:19.981,2025-12-29 12:02:44.006,,85.0,56.0,,UTC-0300,tWUO8ZL77Z,,com.sec.android.app.shealth,2025-12-29 12:59:59.999,dd6d750c-af5b-4dc3-ab78-8028a1fe1871,69.0,
,21313,63070031,1,2025-12-29 20:00:00.000,,dcc87196-db0b-477c-9f91-f0eba426bcb0.com.samsung.health.heart_rate.binning_data.json,63070031,2025-12-29 21:03:22.140,2025-12-29 20:01:31.886,,117.0,71.0,,UTC-0300,tWUO8ZL77Z,,com.sec.android.app.shealth,2025-12-29 20:59:59.999,dcc87196-db0b-477c-9f91-f0eba426bcb0,86.0,
,21313,63070031,1,2025-12-29 21:00:00.000,,fa2561f7-fc92-4c65-affb-45e2a266e324.com.samsung.health.heart_rate.binning_data.json,63070031,2025-12-29 22:00:45.937,2025-12-29 21:03:22.263,,113.0,62.0,,UTC-0300,tWUO8ZL77Z,,com.sec.android.app.shealth,2025-12-29 21:59:59.999,fa2561f7-fc92-4c65-affb-45e2a266e324,78.0,
,21313,63070031,1,2025-12-30 13:00:00.000,,6bade907-1b90-4e93-9092-832afd9d8653.com.samsung.health.heart_rate.binning_data.json,63070031,2025-12-30 14:07:51.752,2025-12-30 13:03:40.067,,82.0,48.0,,UTC-0300,tWUO8ZL77Z,,com.sec.android.app.shealth,2025-12-30 13:59:59.999,6bade907-1b90-4e93-9092-832afd9d8653,66.0,
,21313,63070031,1,2025-12-30 05:00:00.000,,0ff8b312-4b5a-48f2-ac37-4d6142b04769.com.samsung.health.heart_rate.binning_data.json,63070031,2025-12-30 06:07:01.334,2025-12-30 05:02:03.608,,64.0,44.0,,UTC-0300,tWUO8ZL77Z,,com.sec.android.app.shealth,2025-12-30 05:59:59.999,0ff8b312-4b5a-48f2-ac37-4d6142b04769,50.0,
,21313,63070031,1,2025-12-29 23:00:00.000,,3cd50f04-ea67-443c-8f73-8f89c5b11967.com.samsung.health.heart_rate.binning_data.json,63070031,2025-12-30 01:55:24.394,2025-12-29 23:01:04.913,,97.0,61.0,,UTC-0300,tWUO8ZL77Z,,com.sec.android.app.shealth,2025-12-29 23:59:59.999,3cd50f04-ea67-443c-8f73-8f89c5b11967,74.0,
,21313,63070031,1,2025-12-30 07:00:00.000,,aef96661-a3c6-4e99-9726-4011d4547d60.com.samsung.health.heart_rate.binning_data.json,63070031,2025-12-30 08:10:22.117,2025-12-30 07:12:55.863,,66.0,39.0,,UTC-0300,tWUO8ZL77Z,,com.sec.android.app.shealth,2025-12-30 07:59:59.999,aef96661-a3c6-4e99-9726-4011d4547d60,46.0,
,21313,63070031,1,2025-12-29 22:00:00.000,,c05a1166-4419-4695-924d-51e949aafd7e.com.samsung.health.heart_rate.binning_data.json,63070031,2025-12-29 23:01:04.775,2025-12-29 22:19:09.988,,109.0,65.0,,UTC-0300,tWUO8ZL77Z,,com.sec.android.app.shealth,2025-12-29 22:59:59.999,c05a1166-4419-4695-924d-51e949aafd7e,78.0,
,21313,63070031,1,2025-12-30 15:00:00.000,,8eea3ace-71e5-4a56-bfd0-d2528334d7ee.com.samsung.health.heart_rate.binning_data.json,63070031,2025-12-30 16:02:14.774,2025-12-30 15:06:31.705,,83.0,51.0,,UTC-0300,tWUO8ZL77Z,,com.sec.android.app.shealth,2025-12-30 15:59:59.999,8eea3ace-71e5-4a56-bfd0-d2528334d7ee,65.0,
,21313,63070031,1,2025-12-29 11:00:00.000,,541e08a8-6e7b-4cb6-8b88-b556f2c23a0d.com.samsung.health.heart_rate.binning_data.json,63070031,2025-12-29 12:02:43.738,2025-12-29 11:02:10.900,,88.0,46.0,,UTC-0300,tWUO8ZL77Z,,com.sec.android.app.shealth,2025-12-29 11:59:59.999,541e08a8-6e7b-4cb6-8b88-b556f2c23a0d,63.0,
,21313,63070031,1,2025-12-30 03:00:00.000,,a54bac9b-d74a-40b9-a1d3-b01ad7826285.com.samsung.health.heart_rate.binning_data.json,63070031,2025-12-30 04:05:01.585,2025-12-30 03:10:47.855,,75.0,46.0,,UTC-0300,tWUO8ZL77Z,,com.sec.android.app.shealth,2025-12-30 03:59:59.999,a54bac9b-d74a-40b9-a1d3-b01ad7826285,52.0,
,21313,63070031,1,2025-12-29 19:00:00.000,,e817aee0-07c2-47ab-a8f9-0c023e3e7604.com.samsung.health.heart_rate.binning_data.json,63070031,2025-12-29 20:00:59.549,2025-12-29 19:01:03.536,,106.0,62.0,,UTC-0300,tWUO8ZL77Z,,com.sec.android.app.shealth,2025-12-29 19:59:59.999,e817aee0-07c2-47ab-a8f9-0c023e3e7604,80.0,
,21313,63070031,1,2025-12-30 06:00:00.000,,9f3a1c40-163a-4dab-a6d3-751a86dacbd9.com.samsung.health.heart_rate.binning_data.json,63070031,2025-12-30 07:10:22.060,2025-12-30 06:07:01.611,,59.0,40.0,,UTC-0300,tWUO8ZL77Z,,com.sec.android.app.shealth,2025-12-30 06:59:59.999,9f3a1c40-163a-4dab-a6d3-751a86dacbd9,46.0,
,21313,63070031,1,2025-12-29 16:00:00.000,,4e19c5ac-665b-4bef-8acc-b82fe8fefb7a.com.samsung.health.heart_rate.binning_data.json,63070031,2025-12-29 17:01:51.806,2025-12-29 16:07:03.653,,108.0,51.0,,UTC-0300,tWUO8ZL77Z,,com.sec.android.app.shealth,2025-12-29 16:59:59.999,4e19c5ac-665b-4bef-8acc-b82fe8fefb7a,72.0,
,21313,63070031,1,2025-12-30 09:00:00.000,,309c6b81-b5b8-4135-97a6-5230b77a5370.com.samsung.health.heart_rate.binning_data.json,63070031,2025-12-30 10:08:46.144,2025-12-30 09:01:05.601,,85.0,43.0,,UTC-0300,tWUO8ZL77Z,,com.sec.android.app.shealth,2025-12-30 09:59:59.999,309c6b81-b5b8-4135-97a6-5230b77a5370,58.0,
,21313,63070031,1,2025-12-30 20:00:00.000,,68ffc736-3716-4a90-87ed-cf9ca8936237.com.samsung.health.heart_rate.binning_data.json,63070031,2025-12-30 21:03:54.929,2025-12-30 20:01:15.235,,85.0,50.0,,UTC-0300,tWUO8ZL77Z,,com.sec.android.app.shealth,2025-12-30 20:59:59.999,68ffc736-3716-4a90-87ed-cf9ca8936237,66.0,
,21316,63070031,1,2025-12-29 11:40:30.343,,,63070031,2025-12-30 02:47:32.268,2025-12-29 14:36:21.974,,,,,UTC-0300,tWUO8ZL77Z,,com.sec.android.app.shealth,2025-12-29 11:40:30.343,0d8ecfae-8abd-458a-8579-81868955e9a9,53.0,
,21313,63070031,1,2025-12-30 02:00:00.000,,eb1b85fa-1880-4e14-839d-75faf7860d51.com.samsung.health.heart_rate.binning_data.json,63070031,2025-12-30 03:10:47.450,2025-12-30 02:05:30.092,,82.0,45.0,,UTC-0300,tWUO8ZL77Z,,com.sec.android.app.shealth,2025-12-30 02:59:59.999,eb1b85fa-1880-4e14-839d-75faf7860d51,56.0,
,21313,63070031,1,2025-12-30 22:00:00.000,,abde5d3f-5b7d-4c2c-9c93-c4bd21fd02a7.com.samsung.health.heart_rate.binning_data.json,63070031,2025-12-30 23:05:02.214,2025-12-30 22:20:32.783,,89.0,61.0,,UTC-0300,tWUO8ZL77Z,,com.sec.android.app.shealth,2025-12-30 22:59:59.999,abde5d3f-5b7d-4c2c-9c93-c4bd21fd02a7,70.0,
,21313,63070031,1,2025-12-30 14:00:00.000,,e94d07e2-1e32-4518-add4-10d6a2a5b835.com.samsung.health.heart_rate.binning_data.json,63070031,2025-12-30 15:06:31.466,2025-12-30 14:08:21.754,,82.0,49.0,,UTC-0300,tWUO8ZL77Z,,com.sec.android.app.shealth,2025-12-30 14:59:59.999,e94d07e2-1e32-4518-add4-10d6a2a5b835,61.0,
,21313,63070031,1,2025-12-30 17:00:00.000,,a98d0599-aa53-45fa-9ec5-40d3a7fb5c6e.com.samsung.health.heart_rate.binning_data.json,63070031,2025-12-30 18:05:02.640,2025-12-30 17:02:29.040,,80.0,50.0,,UTC-0300,tWUO8ZL77Z,,com.sec.android.app.shealth,2025-12-30 17:59:59.999,a98d0599-aa53-45fa-9ec5-40d3a7fb5c6e,63.0,
,21313,63070031,1,2025-12-30 10:00:00.000,,3d7654d4-e744-470c-ae16-1f5a5517d09b.com.samsung.health.heart_rate.binning_data.json,63070031,2025-12-30 11:04:22.076,2025-12-30 10:10:07.247,,79.0,49.0,,UTC-0300,tWUO8ZL77Z,,com.sec.android.app.shealth,2025-12-30 10:59:59.999,3d7654d4-e744-470c-ae16-1f5a5517d09b,61.0,
,21313,63070031,1,2025-12-30 04:00:00.000,,dbd699dc-f078-40ae-ba12-2db39c1a0669.com.samsung.health.heart_rate.binning_data.json,63070031,2025-12-30 05:02:03.302,2025-12-30 04:12:10.664,,64.0,43.0,,UTC-0300,tWUO8ZL77Z,,com.sec.android.app.shealth,2025-12-30 04:59:59.999,dbd699dc-f078-40ae-ba12-2db39c1a0669,51.0,
,21313,63070031,1,2025-12-30 18:00:00.000,,8088eb29-2a84-4396-ba70-8375bb16d440.com.samsung.health.heart_rate.binning_data.json,63070031,2025-12-30 19:01:16.040,2025-12-30 18:08:25.541,,79.0,47.0,,UTC-0300,tWUO8ZL77Z,,com.sec.android.app.shealth,2025-12-30 18:59:59.999,8088eb29-2a84-4396-ba70-8375bb16d440,62.0,
,21313,63070031,1,2025-12-30 12:00:00.000,,d4cac3b2-fc0e-451c-9b50-370c42acab06.com.samsung.health.heart_rate.binning_data.json,63070031,2025-12-30 13:03:39.835,2025-12-30 12:03:18.422,,87.0,51.0,,UTC-0300,tWUO8ZL77Z,,com.sec.android.app.shealth,2025-12-30 12:59:59.999,d4cac3b2-fc0e-451c-9b50-370c42acab06,66.0,
,21313,63070031,1,2025-12-30 21:00:00.000,,6644bff4-c12f-4a75-b26b-eb2756f678b8.com.samsung.health.heart_rate.binning_data.json,63070031,2025-12-30 22:20:32.650,2025-12-30 21:03:55.123,,78.0,48.0,,UTC-0300,tWUO8ZL77Z,,com.sec.android.app.shealth,2025-12-30 21:59:59.999,6644bff4-c12f-4a75-b26b-eb2756f678b8,60.0,
,21313,63070031,1,2025-12-31 04:00:00.000,,c7506b4c-40ef-4c4f-ba9e-034021686ebc.com.samsung.health.heart_rate.binning_data.json,63070031,2025-12-31 05:05:03.420,2025-12-31 04:09:34.238,,61.0,43.0,,UTC-0300,tWUO8ZL77Z,,com.sec.android.app.shealth,2025-12-31 04:59:59.999,c7506b4c-40ef-4c4f-ba9e-034021686ebc,48.0,
,21313,63070031,1,2025-12-30 19:00:00.000,,cbd36c1f-75ae-41d1-811e-d1a0573f9aae.com.samsung.health.heart_rate.binning_data.json,63070031,2025-12-30 20:01:14.725,2025-12-30 19:01:16.272,,88.0,46.0,,UTC-0300,tWUO8ZL77Z,,com.sec.android.app.shealth,2025-12-30 19:59:59.999,cbd36c1f-75ae-41d1-811e-d1a0573f9aae,65.0,
,21313,63070031,1,2025-12-30 23:00:00.000,,d6ec72b0-9428-4423-aa20-9a99956ebb50.com.samsung.health.heart_rate.binning_data.json,63070031,2025-12-31 00:00:14.610,2025-12-30 23:06:58.569,,90.0,58.0,,UTC-0300,tWUO8ZL77Z,,com.sec.android.app.shealth,2025-12-30 23:59:59.999,d6ec72b0-9428-4423-aa20-9a99956ebb50,69.0,
,21313,63070031,1,2025-12-30 01:00:00.000,,e2cfe98c-16ec-44b9-a68f-9e6391ccd114.com.samsung.health.heart_rate.binning_data.json,63070031,2025-12-30 02:05:29.814,2025-12-30 01:55:24.520,,93.0,58.0,,UTC-0300,tWUO8ZL77Z,,com.sec.android.app.shealth,2025-12-30 01:59:59.999,e2cfe98c-16ec-44b9-a68f-9e6391ccd114,73.0,
,21313,63070031,1,2025-12-31 03:00:00.000,,a092ee26-08e1-490f-b05c-5107ea9c0f7d.com.samsung.health.heart_rate.binning_data.json,63070031,2025-12-31 04:08:27.348,2025-12-31 03:10:22.326,,61.0,41.0,,UTC-0300,tWUO8ZL77Z,,com.sec.android.app.shealth,2025-12-31 03:59:59.999,a092ee26-08e1-490f-b05c-5107ea9c0f7d,48.0,
,21313,63070031,1,2025-12-30 11:00:00.000,,b45248c6-481c-4bce-9641-ff8dd22a60c3.com.samsung.health.heart_rate.binning_data.json,63070031,2025-12-30 12:03:18.145,2025-12-30 11:04:22.371,,80.0,49.0,,UTC-0300,tWUO8ZL77Z,,com.sec.android.app.shealth,2025-12-30 11:59:59.999,b45248c6-481c-4bce-9641-ff8dd22a60c3,63.0,
,21313,63070031,1,2025-12-31 11:00:00.000,,cc16e9d1-432f-4e6e-a882-228204f480da.com.samsung.health.heart_rate.binning_data.json,63070031,2025-12-31 12:04:14.833,2025-12-31 11:16:13.677,,81.0,43.0,,UTC-0300,tWUO8ZL77Z,,com.sec.android.app.shealth,2025-12-31 11:59:59.999,cc16e9d1-432f-4e6e-a882-228204f480da,55.0,
,21313,63070031,1,2025-12-31 06:00:00.000,,fac1a832-7f0c-4690-8dc7-93d57fe3e9b6.com.samsung.health.heart_rate.binning_data.json,63070031,2025-12-31 07:01:57.148,2025-12-31 06:08:46.532,,70.0,42.0,,UTC-0300,tWUO8ZL77Z,,com.sec.android.app.shealth,2025-12-31 06:59:59.999,fac1a832-7f0c-4690-8dc7-93d57fe3e9b6,49.0,
,21313,63070031,1,2025-12-31 01:00:00.000,,a7d743f6-285a-4ad1-a0ce-130a10426dc2.com.samsung.health.heart_rate.binning_data.json,63070031,2025-12-31 02:05:47.581,2025-12-31 01:01:18.923,,83.0,46.0,,UTC-0300,tWUO8ZL77Z,,com.sec.android.app.shealth,2025-12-31 01:59:59.999,a7d743f6-285a-4ad1-a0ce-130a10426dc2,56.0,
,21313,63070031,1,2025-12-31 08:00:00.000,,37060b1e-0f03-4122-8aac-8b4218501f02.com.samsung.health.heart_rate.binning_data.json,63070031,2025-12-31 09:05:02.677,2025-12-31 08:01:42.235,,84.0,42.0,,UTC-0300,tWUO8ZL77Z,,com.sec.android.app.shealth,2025-12-31 08:59:59.999,37060b1e-0f03-4122-8aac-8b4218501f02,58.0,
,21313,63070031,1,2025-12-30 08:00:00.000,,7bdcb295-ed65-4984-b7b9-084ebbd647b1.com.samsung.health.heart_rate.binning_data.json,63070031,2025-12-30 09:01:05.455,2025-12-30 08:11:02.073,,71.0,35.0,,UTC-0300,tWUO8ZL77Z,,com.sec.android.app.shealth,2025-12-30 08:59:59.999,7bdcb295-ed65-4984-b7b9-084ebbd647b1,49.0,
,21313,63070031,1,2025-12-31 05:00:00.000,,92fb7702-7b67-46a7-9b20-bc62ea84e802.com.samsung.health.heart_rate.binning_data.json,63070031,2025-12-31 06:07:18.520,2025-12-31 05:05:55.440,,68.0,41.0,,UTC-0300,tWUO8ZL77Z,,com.sec.android.app.shealth,2025-12-31 05:59:59.999,92fb7702-7b67-46a7-9b20-bc62ea84e802,47.0,
,21316,63070031,1,2025-12-30 04:51:00.359,,,63070031,2025-12-31 02:48:14.287,2025-12-30 03:39:28.299,,,,,UTC-0300,tWUO8ZL77Z,,com.sec.android.app.shealth,2025-12-30 04:51:00.359,bd297e5b-d8ca-483d-bb29-e62e27e55826,46.0,
,21313,63070031,1,2025-12-31 02:00:00.000,,54705b46-f2e7-4811-8392-361f0bfad8d7.com.samsung.health.heart_rate.binning_data.json,63070031,2025-12-31 03:08:17.825,2025-12-31 02:06:47.805,,71.0,45.0,,UTC-0300,tWUO8ZL77Z,,com.sec.android.app.shealth,2025-12-31 02:59:59.999,54705b46-f2e7-4811-8392-361f0bfad8d7,51.0,
,21313,63070031,1,2025-12-31 12:00:00.000,,0c0f6d6e-ac24-41b4-88ac-e20b1f839f45.com.samsung.health.heart_rate.binning_data.json,63070031,2025-12-31 13:01:17.122,2025-12-31 12:04:14.972,,99.0,52.0,,UTC-0300,tWUO8ZL77Z,,com.sec.android.app.shealth,2025-12-31 12:59:59.999,0c0f6d6e-ac24-41b4-88ac-e20b1f839f45,66.0,
,21313,63070031,1,2025-12-31 10:00:00.000,,85a508c1-11ad-4bb3-9ea7-8643f7a3a283.com.samsung.health.heart_rate.binning_data.json,63070031,2025-12-31 11:10:41.845,2025-12-31 10:06:04.073,,81.0,38.0,,UTC-0300,tWUO8ZL77Z,,com.sec.android.app.shealth,2025-12-31 10:59:59.999,85a508c1-11ad-4bb3-9ea7-8643f7a3a283,51.0,
,21313,63070031,1,2025-12-31 09:00:00.000,,0817db71-b588-452a-9d6a-4b006817449a.com.samsung.health.heart_rate.binning_data.json,63070031,2025-12-31 10:05:03.533,2025-12-31 09:12:25.934,,59.0,39.0,,UTC-0300,tWUO8ZL77Z,,com.sec.android.app.shealth,2025-12-31 09:59:59.999,0817db71-b588-452a-9d6a-4b006817449a,44.0,
,21313,63070031,1,2026-01-01 07:00:00.000,,a96ddd11-7819-4817-9ce7-9de220711dbe.com.samsung.health.heart_rate.binning_data.json,63070031,2026-01-01 08:04:19.104,2026-01-01 07:07:15.937,,62.0,41.0,,UTC-0300,tWUO8ZL77Z,,com.sec.android.app.shealth,2026-01-01 07:59:59.999,a96ddd11-7819-4817-9ce7-9de220711dbe,48.0,
,21313,63070031,1,2025-12-31 14:00:00.000,,4866ed7c-4399-4d98-b3a7-f8aa04d57687.com.samsung.health.heart_rate.binning_data.json,63070031,2025-12-31 15:00:08.558,2025-12-31 14:01:29.641,,91.0,53.0,,UTC-0300,tWUO8ZL77Z,,com.sec.android.app.shealth,2025-12-31 14:59:59.999,4866ed7c-4399-4d98-b3a7-f8aa04d57687,76.0,
,21316,63070031,1,2025-12-31 07:50:29.779,,,63070031,2026-01-01 02:57:26.933,2025-12-31 07:51:07.721,,,,,UTC-0300,tWUO8ZL77Z,,com.sec.android.app.shealth,2025-12-31 07:50:29.779,5d15acc7-545b-49e3-8d1c-1758f1212ab7,44.0,
,21313,63070031,1,2026-01-01 09:00:00.000,,f3526584-ffcf-4cc9-9ee7-b785bc7e1258.com.samsung.health.heart_rate.binning_data.json,63070031,2026-01-01 10:04:34.963,2026-01-01 09:09:39.899,,76.0,42.0,,UTC-0300,tWUO8ZL77Z,,com.sec.android.app.shealth,2026-01-01 09:59:59.999,f3526584-ffcf-4cc9-9ee7-b785bc7e1258,51.0,
,21313,63070031,1,2025-12-31 13:00:00.000,,2ad02da9-36e8-4819-856a-bd7b93219ef6.com.samsung.health.heart_rate.binning_data.json,63070031,2025-12-31 14:01:29.547,2025-12-31 13:01:17.255,,89.0,51.0,,UTC-0300,tWUO8ZL77Z,,com.sec.android.app.shealth,2025-12-31 13:59:59.999,2ad02da9-36e8-4819-856a-bd7b93219ef6,64.0,
,21313,63070031,1,2025-12-31 23:00:00.000,,ccb1017c-b84e-4e4c-a2eb-9e0066be0671.com.samsung.health.heart_rate.binning_data.json,63070031,2026-01-01 00:01:17.098,2025-12-31 23:47:41.231,,93.0,63.0,,UTC-0300,tWUO8ZL77Z,,com.sec.android.app.shealth,2025-12-31 23:59:59.999,ccb1017c-b84e-4e4c-a2eb-9e0066be0671,74.0,
,21313,63070031,1,2025-12-31 16:00:00.000,,e4e28549-1b2b-461b-8a0a-5c1defdfbebb.com.samsung.health.heart_rate.binning_data.json,63070031,2025-12-31 17:07:32.369,2025-12-31 16:05:54.448,,84.0,47.0,,UTC-0300,tWUO8ZL77Z,,com.sec.android.app.shealth,2025-12-31 16:59:59.999,e4e28549-1b2b-461b-8a0a-5c1defdfbebb,64.0,
,21313,63070031,1,2026-01-01 14:00:00.000,,02552953-00ec-41c3-92df-8dc2f6427cae.com.samsung.health.heart_rate.binning_data.json,63070031,2026-01-01 15:01:33.826,2026-01-01 14:10:21.804,,105.0,61.0,,UTC-0300,tWUO8ZL77Z,,com.sec.android.app.shealth,2026-01-01 14:59:59.999,02552953-00ec-41c3-92df-8dc2f6427cae,80.0,
,21313,63070031,1,2026-01-01 01:00:00.000,,745f57a9-8e22-4665-b7a5-5bdfdcae52d0.com.samsung.health.heart_rate.binning_data.json,63070031,2026-01-01 02:07:22.546,2026-01-01 01:06:18.022,,83.0,46.0,,UTC-0300,tWUO8ZL77Z,,com.sec.android.app.shealth,2026-01-01 01:59:59.999,745f57a9-8e22-4665-b7a5-5bdfdcae52d0,58.0,
,21313,63070031,1,2026-01-01 00:00:00.000,,32a2a039-2eda-4a35-aeaa-110e30b5a70a.com.samsung.health.heart_rate.binning_data.json,63070031,2026-01-01 01:05:02.622,2026-01-01 00:01:17.196,,88.0,50.0,,UTC-0300,tWUO8ZL77Z,,com.sec.android.app.shealth,2026-01-01 00:59:59.999,32a2a039-2eda-4a35-aeaa-110e30b5a70a,64.0,
,21313,63070031,1,2025-12-31 07:00:00.000,,3d9b300c-8998-4e17-8bb1-9cf5eddb2159.com.samsung.health.heart_rate.binning_data.json,63070031,2025-12-31 08:01:42.109,2025-12-31 07:01:59.132,,84.0,42.0,,UTC-0300,tWUO8ZL77Z,,com.sec.android.app.shealth,2025-12-31 07:59:59.999,3d9b300c-8998-4e17-8bb1-9cf5eddb2159,50.0,
,21313,63070031,1,2025-12-31 18:00:00.000,,67fd5b43-3b62-4a5c-8247-4fde6b9a253a.com.samsung.health.heart_rate.binning_data.json,63070031,2025-12-31 23:47:40.991,2025-12-31 18:03:14.615,,87.0,55.0,,UTC-0300,tWUO8ZL77Z,,com.sec.android.app.shealth,2025-12-31 18:59:59.999,67fd5b43-3b62-4a5c-8247-4fde6b9a253a,70.0,
,21313,63070031,1,2025-12-30 16:00:00.000,,3512438f-e63c-4c80-b993-de9e978fce36.com.samsung.health.heart_rate.binning_data.json,63070031,2025-12-30 17:02:28.237,2025-12-30 16:02:15.952,,85.0,45.0,,UTC-0300,tWUO8ZL77Z,,com.sec.android.app.shealth,2025-12-30 16:59:59.999,3512438f-e63c-4c80-b993-de9e978fce36,58.0,
,21313,63070031,1,2025-12-31 17:00:00.000,,5307b56f-3bfc-4ecb-85fb-45126ef1f660.com.samsung.health.heart_rate.binning_data.json,63070031,2025-12-31 18:03:13.846,2025-12-31 17:07:32.693,,85.0,55.0,,UTC-0300,tWUO8ZL77Z,,com.sec.android.app.shealth,2025-12-31 17:59:59.999,5307b56f-3bfc-4ecb-85fb-45126ef1f660,68.0,
,21313,63070031,1,2026-01-01 06:00:00.000,,fd4838c8-6636-44ba-b03f-f95ae9f1a6f4.com.samsung.health.heart_rate.binning_data.json,63070031,2026-01-01 07:06:02.889,2026-01-01 06:07:08.510,,79.0,42.0,,UTC-0300,tWUO8ZL77Z,,com.sec.android.app.shealth,2026-01-01 06:59:59.999,fd4838c8-6636-44ba-b03f-f95ae9f1a6f4,49.0,
,21313,63070031,1,2026-01-01 15:00:00.000,,b9218ad6-4f27-4df0-9c5c-fc468889eae4.com.samsung.health.heart_rate.binning_data.json,63070031,2026-01-01 16:01:43.412,2026-01-01 15:01:34.019,,98.0,62.0,,UTC-0300,tWUO8ZL77Z,,com.sec.android.app.shealth,2026-01-01 15:59:59.999,b9218ad6-4f27-4df0-9c5c-fc468889eae4,83.0,
,21313,63070031,1,2026-01-01 03:00:00.000,,7164c2e9-0339-471a-b3be-05e5d3a98dff.com.samsung.health.heart_rate.binning_data.json,63070031,2026-01-01 04:07:03.191,2026-01-01 03:06:38.094,,79.0,45.0,,UTC-0300,tWUO8ZL77Z,,com.sec.android.app.shealth,2026-01-01 03:59:59.999,7164c2e9-0339-471a-b3be-05e5d3a98dff,54.0,
,21313,63070031,1,2026-01-01 05:00:00.000,,00898b62-e794-4145-b914-b58996cfe11b.com.samsung.health.heart_rate.binning_data.json,63070031,2026-01-01 06:06:06.784,2026-01-01 05:06:49.234,,64.0,43.0,,UTC-0300,tWUO8ZL77Z,,com.sec.android.app.shealth,2026-01-01 05:59:59.999,00898b62-e794-4145-b914-b58996cfe11b,49.0,
,21313,63070031,1,2026-01-01 13:00:00.000,,7b2f56cc-f394-468a-8fdd-1277a7acf898.com.samsung.health.heart_rate.binning_data.json,63070031,2026-01-01 14:10:21.459,2026-01-01 13:05:21.652,,88.0,56.0,,UTC-0300,tWUO8ZL77Z,,com.sec.android.app.shealth,2026-01-01 13:59:59.999,7b2f56cc-f394-468a-8fdd-1277a7acf898,74.0,
,21313,63070031,1,2026-01-01 04:00:00.000,,ea468fde-d54c-430d-90e4-a3163eb905e3.com.samsung.health.heart_rate.binning_data.json,63070031,2026-01-01 05:05:31.849,2026-01-01 04:08:56.043,,69.0,43.0,,UTC-0300,tWUO8ZL77Z,,com.sec.android.app.shealth,2026-01-01 04:59:59.999,ea468fde-d54c-430d-90e4-a3163eb905e3,50.0,
,21313,63070031,1,2025-12-31 00:00:00.000,,b446e473-3cd6-4f5b-8a80-4a4a93100443.com.samsung.health.heart_rate.binning_data.json,63070031,2025-12-31 01:01:18.742,2025-12-31 00:18:58.968,,76.0,49.0,,UTC-0300,tWUO8ZL77Z,,com.sec.android.app.shealth,2025-12-31 00:59:59.999,b446e473-3cd6-4f5b-8a80-4a4a93100443,55.0,
,21313,63070031,1,2025-12-31 15:00:00.000,,10b9604e-2beb-4629-8f39-09e8a2c585a6.com.samsung.health.heart_rate.binning_data.json,63070031,2025-12-31 16:05:54.206,2025-12-31 15:03:10.671,,87.0,48.0,,UTC-0300,tWUO8ZL77Z,,com.sec.android.app.shealth,2025-12-31 15:59:59.999,10b9604e-2beb-4629-8f39-09e8a2c585a6,63.0,
,21313,63070031,1,2026-01-01 02:00:00.000,,63706d79-7c3b-4981-b9a1-8edf6c919659.com.samsung.health.heart_rate.binning_data.json,63070031,2026-01-01 03:05:01.495,2026-01-01 02:07:22.768,,68.0,47.0,,UTC-0300,tWUO8ZL77Z,,com.sec.android.app.shealth,2026-01-01 02:59:59.999,63706d79-7c3b-4981-b9a1-8edf6c919659,52.0,
,21313,63070031,1,2026-01-01 08:00:00.000,,f447adce-12ca-4bd5-beeb-1a6af06164c8.com.samsung.health.heart_rate.binning_data.json,63070031,2026-01-01 09:07:57.533,2026-01-01 08:04:19.578,,78.0,42.0,,UTC-0300,tWUO8ZL77Z,,com.sec.android.app.shealth,2026-01-01 08:59:59.999,f447adce-12ca-4bd5-beeb-1a6af06164c8,50.0,
,21313,63070031,1,2026-01-01 16:00:00.000,,e86b3a13-1c3c-4e3d-8278-9c69f77e9d99.com.samsung.health.heart_rate.binning_data.json,63070031,2026-01-01 17:04:12.514,2026-01-01 16:01:43.580,,100.0,61.0,,UTC-0300,tWUO8ZL77Z,,com.sec.android.app.shealth,2026-01-01 16:59:59.999,e86b3a13-1c3c-4e3d-8278-9c69f77e9d99,79.0,
,21313,63070031,1,2026-01-01 22:00:00.000,,158dccf7-9560-4d87-8e15-0b3191c174b1.com.samsung.health.heart_rate.binning_data.json,63070031,2026-01-01 23:03:05.049,2026-01-01 22:01:10.414,,97.0,46.0,,UTC-0300,tWUO8ZL77Z,,com.sec.android.app.shealth,2026-01-01 22:59:59.999,158dccf7-9560-4d87-8e15-0b3191c174b1,69.0,
,21313,63070031,1,2026-01-01 12:00:00.000,,17dfb4ac-2ec9-4eb7-bc20-648bb1e01ac7.com.samsung.health.heart_rate.binning_data.json,63070031,2026-01-01 13:05:17.644,2026-01-01 12:05:19.540,,119.0,50.0,,UTC-0300,tWUO8ZL77Z,,com.sec.android.app.shealth,2026-01-01 12:59:59.999,17dfb4ac-2ec9-4eb7-bc20-648bb1e01ac7,79.0,
,21313,63070031,1,2026-01-02 05:00:00.000,,947ccb0f-e24c-4b77-afc7-315fb450d9c3.com.samsung.health.heart_rate.binning_data.json,63070031,2026-01-02 06:10:21.574,2026-01-02 05:04:38.953,,66.0,37.0,,UTC-0300,tWUO8ZL77Z,,com.sec.android.app.shealth,2026-01-02 05:59:59.999,947ccb0f-e24c-4b77-afc7-315fb450d9c3,42.0,
,21313,63070031,1,2026-01-01 20:00:00.000,,b87b240d-e4c3-4968-abd3-b22b2013dbac.com.samsung.health.heart_rate.binning_data.json,63070031,2026-01-01 21:06:16.145,2026-01-01 20:12:14.204,,84.0,48.0,,UTC-0300,tWUO8ZL77Z,,com.sec.android.app.shealth,2026-01-01 20:59:59.999,b87b240d-e4c3-4968-abd3-b22b2013dbac,61.0,
,21313,63070031,1,2026-01-01 11:00:00.000,,f1753eb4-92cb-411e-9299-ad4468bd25bc.com.samsung.health.heart_rate.binning_data.json,63070031,2026-01-01 12:05:14.045,2026-01-01 11:02:10.058,,86.0,50.0,,UTC-0300,tWUO8ZL77Z,,com.sec.android.app.shealth,2026-01-01 11:59:59.999,f1753eb4-92cb-411e-9299-ad4468bd25bc,65.0,
,21313,63070031,1,2026-01-02 00:00:00.000,,7a2d03e3-4891-4175-9acb-34e45e9c8ec4.com.samsung.health.heart_rate.binning_data.json,63070031,2026-01-02 01:01:12.570,2026-01-02 00:03:24.198,,75.0,42.0,,UTC-0300,tWUO8ZL77Z,,com.sec.android.app.shealth,2026-01-02 00:59:59.999,7a2d03e3-4891-4175-9acb-34e45e9c8ec4,50.0,
,21313,63070031,1,2026-01-01 23:00:00.000,,5480d544-ac0d-47bb-8f7d-643debcd56be.com.samsung.health.heart_rate.binning_data.json,63070031,2026-01-02 00:03:23.887,2026-01-01 23:03:07.545,,83.0,50.0,,UTC-0300,tWUO8ZL77Z,,com.sec.android.app.shealth,2026-01-01 23:59:59.999,5480d544-ac0d-47bb-8f7d-643debcd56be,58.0,
,21313,63070031,1,2026-01-02 03:00:00.000,,a736a09d-8911-4a65-a3ac-7e46da3e9012.com.samsung.health.heart_rate.binning_data.json,63070031,2026-01-02 04:06:27.602,2026-01-02 03:08:00.247,,75.0,37.0,,UTC-0300,tWUO8ZL77Z,,com.sec.android.app.shealth,2026-01-02 03:59:59.999,a736a09d-8911-4a65-a3ac-7e46da3e9012,46.0,
,21313,63070031,1,2026-01-02 17:00:00.000,,e35c3937-0328-4e15-a401-4cc9ddfc2d04.com.samsung.health.heart_rate.binning_data.json,63070031,2026-01-02 18:08:47.883,2026-01-02 17:04:42.909,,110.0,72.0,,UTC-0300,tWUO8ZL77Z,,com.sec.android.app.shealth,2026-01-02 17:59:59.999,e35c3937-0328-4e15-a401-4cc9ddfc2d04,85.0,
,21313,63070031,1,2026-01-02 06:00:00.000,,18447915-bd45-4d85-b594-38ad43e9f4b1.com.samsung.health.heart_rate.binning_data.json,63070031,2026-01-02 07:06:40.221,2026-01-02 06:10:41.691,,55.0,37.0,,UTC-0300,tWUO8ZL77Z,,com.sec.android.app.shealth,2026-01-02 06:59:59.999,18447915-bd45-4d85-b594-38ad43e9f4b1,42.0,
,21313,63070031,1,2026-01-03 01:00:00.000,,41ee1676-6e2c-4eaf-a2ed-209e8addc743.com.samsung.health.heart_rate.binning_data.json,63070031,2026-01-03 02:05:02.925,2026-01-03 01:02:48.922,,111.0,62.0,,UTC-0300,tWUO8ZL77Z,,com.sec.android.app.shealth,2026-01-03 01:59:59.999,41ee1676-6e2c-4eaf-a2ed-209e8addc743,77.0,
,21313,63070031,1,2026-01-01 21:00:00.000,,dae5eb0f-dfa5-4834-8cb3-0ba57f1338c9.com.samsung.health.heart_rate.binning_data.json,63070031,2026-01-01 22:01:09.939,2026-01-01 21:06:16.514,,80.0,30.0,,UTC-0300,tWUO8ZL77Z,,com.sec.android.app.shealth,2026-01-01 21:59:59.999,dae5eb0f-dfa5-4834-8cb3-0ba57f1338c9,55.0,
,21313,63070031,1,2026-01-02 18:00:00.000,,40d08bca-8a66-4b57-8899-1d51c64f8815.com.samsung.health.heart_rate.binning_data.json,63070031,2026-01-02 19:02:37.784,2026-01-02 18:13:31.274,,112.0,80.0,,UTC-0300,tWUO8ZL77Z,,com.sec.android.app.shealth,2026-01-02 18:59:59.999,40d08bca-8a66-4b57-8899-1d51c64f8815,92.0,
,21313,63070031,1,2026-01-01 18:00:00.000,,baa15a5d-0b00-4014-80b6-e34bc0f8b592.com.samsung.health.heart_rate.binning_data.json,63070031,2026-01-01 19:01:34.348,2026-01-01 18:01:43.362,,104.0,52.0,,UTC-0300,tWUO8ZL77Z,,com.sec.android.app.shealth,2026-01-01 18:59:59.999,baa15a5d-0b00-4014-80b6-e34bc0f8b592,74.0,
,21313,63070031,1,2026-01-01 17:00:00.000,,0d3e4e14-8798-4f9e-93d7-8b571b641d93.com.samsung.health.heart_rate.binning_data.json,63070031,2026-01-01 18:01:43.124,2026-01-01 17:04:12.973,,89.0,53.0,,UTC-0300,tWUO8ZL77Z,,com.sec.android.app.shealth,2026-01-01 17:59:59.999,0d3e4e14-8798-4f9e-93d7-8b571b641d93,71.0,
,21313,63070031,1,2026-01-01 19:00:00.000,,09606f45-2dbd-410a-8ba0-a997acf396d6.com.samsung.health.heart_rate.binning_data.json,63070031,2026-01-01 20:09:24.580,2026-01-01 19:01:34.420,,95.0,51.0,,UTC-0300,tWUO8ZL77Z,,com.sec.android.app.shealth,2026-01-01 19:59:59.999,09606f45-2dbd-410a-8ba0-a997acf396d6,68.0,
,21313,63070031,1,2026-01-02 01:00:00.000,,5e7251c6-789f-426b-806c-828be2315bb3.com.samsung.health.heart_rate.binning_data.json,63070031,2026-01-02 02:05:03.108,2026-01-02 01:01:12.659,,78.0,42.0,,UTC-0300,tWUO8ZL77Z,,com.sec.android.app.shealth,2026-01-02 01:59:59.999,5e7251c6-789f-426b-806c-828be2315bb3,51.0,
,21313,63070031,1,2026-01-03 02:00:00.000,,e25bae16-d306-4b5c-a957-0024b4adeab7.com.samsung.health.heart_rate.binning_data.json,63070031,2026-01-03 03:08:14.426,2026-01-03 02:05:03.450,,114.0,50.0,,UTC-0300,tWUO8ZL77Z,,com.sec.android.app.shealth,2026-01-03 02:59:59.999,e25bae16-d306-4b5c-a957-0024b4adeab7,71.0,
,21313,63070031,1,2026-01-02 08:00:00.000,,2743e5c4-fb20-40ff-922b-a6336ef3482d.com.samsung.health.heart_rate.binning_data.json,63070031,2026-01-02 09:06:05.124,2026-01-02 08:05:55.971,,61.0,34.0,,UTC-0300,tWUO8ZL77Z,,com.sec.android.app.shealth,2026-01-02 08:59:59.999,2743e5c4-fb20-40ff-922b-a6336ef3482d,40.0,
,21313,63070031,1,2026-01-01 10:00:00.000,,35f04471-8756-44d9-a3f7-2c7dc12fd8da.com.samsung.health.heart_rate.binning_data.json,63070031,2026-01-01 11:02:09.930,2026-01-01 10:04:36.398,,89.0,53.0,,UTC-0300,tWUO8ZL77Z,,com.sec.android.app.shealth,2026-01-01 10:59:59.999,35f04471-8756-44d9-a3f7-2c7dc12fd8da,73.0,
,21313,63070031,1,2026-01-03 03:00:00.000,,c2e7b505-c91c-4da1-b8f0-0787b7b35ce4.com.samsung.health.heart_rate.binning_data.json,63070031,2026-01-03 04:01:00.634,2026-01-03 03:08:14.687,,106.0,48.0,,UTC-0300,tWUO8ZL77Z,,com.sec.android.app.shealth,2026-01-03 03:59:59.999,c2e7b505-c91c-4da1-b8f0-0787b7b35ce4,62.0,
,21313,63070031,1,2026-01-02 04:00:00.000,,0bf3589b-1d90-4303-b8c1-5b4c20fa487d.com.samsung.health.heart_rate.binning_data.json,63070031,2026-01-02 05:04:38.509,2026-01-02 04:06:27.947,,61.0,41.0,,UTC-0300,tWUO8ZL77Z,,com.sec.android.app.shealth,2026-01-02 04:59:59.999,0bf3589b-1d90-4303-b8c1-5b4c20fa487d,45.0,
,21313,63070031,1,2026-01-02 02:00:00.000,,c082e821-7434-4591-8ab2-94957413b056.com.samsung.health.heart_rate.binning_data.json,63070031,2026-01-02 03:07:59.871,2026-01-02 02:06:29.047,,57.0,38.0,,UTC-0300,tWUO8ZL77Z,,com.sec.android.app.shealth,2026-01-02 02:59:59.999,c082e821-7434-4591-8ab2-94957413b056,45.0,
,21313,63070031,1,2026-01-02 19:00:00.000,,0be270e1-ddba-451e-a1c6-15824ab86e2e.com.samsung.health.heart_rate.binning_data.json,63070031,2026-01-02 20:01:33.321,2026-01-02 19:02:37.928,,126.0,75.0,,UTC-0300,tWUO8ZL77Z,,com.sec.android.app.shealth,2026-01-02 19:59:59.999,0be270e1-ddba-451e-a1c6-15824ab86e2e,93.0,
,21313,63070031,1,2026-01-02 20:00:00.000,,8c8fff6d-c594-41e4-8d0c-999493b26269.com.samsung.health.heart_rate.binning_data.json,63070031,2026-01-02 21:06:06.596,2026-01-02 20:01:33.574,,134.0,77.0,,UTC-0300,tWUO8ZL77Z,,com.sec.android.app.shealth,2026-01-02 20:59:59.999,8c8fff6d-c594-41e4-8d0c-999493b26269,97.0,
,21313,63070031,1,2026-01-02 14:00:00.000,,bebf4bd9-6328-42ef-9deb-3eb7c85a3fb4.com.samsung.health.heart_rate.binning_data.json,63070031,2026-01-02 15:02:37.333,2026-01-02 14:29:12.669,,134.0,75.0,,UTC-0300,tWUO8ZL77Z,,com.sec.android.app.shealth,2026-01-02 14:59:59.999,bebf4bd9-6328-42ef-9deb-3eb7c85a3fb4,93.0,
,21313,63070031,1,2026-01-02 07:00:00.000,,55f09aac-7d50-421a-957c-399276e99a9d.com.samsung.health.heart_rate.binning_data.json,63070031,2026-01-02 08:05:02.822,2026-01-02 07:06:49.322,,75.0,38.0,,UTC-0300,tWUO8ZL77Z,,com.sec.android.app.shealth,2026-01-02 07:59:59.999,55f09aac-7d50-421a-957c-399276e99a9d,46.0,
,21313,63070031,1,2026-01-03 17:00:00.000,,e633602f-3a7a-426f-9684-661a37659deb.com.samsung.health.heart_rate.binning_data.json,63070031,2026-01-03 18:05:50.780,2026-01-03 17:01:24.779,,93.0,64.0,,UTC-0300,tWUO8ZL77Z,,com.sec.android.app.shealth,2026-01-03 17:59:59.999,e633602f-3a7a-426f-9684-661a37659deb,74.0,
,21313,63070031,1,2026-01-02 15:00:00.000,,ae7cd1d3-61a6-429c-a925-538b035273b4.com.samsung.health.heart_rate.binning_data.json,63070031,2026-01-02 16:02:55.023,2026-01-02 15:02:37.529,,121.0,82.0,,UTC-0300,tWUO8ZL77Z,,com.sec.android.app.shealth,2026-01-02 15:59:59.999,ae7cd1d3-61a6-429c-a925-538b035273b4,96.0,
,21313,63070031,1,2026-01-03 09:00:00.000,,77c75469-45ad-4e15-815f-2d2a7ba13f51.com.samsung.health.heart_rate.binning_data.json,63070031,2026-01-03 10:03:53.205,2026-01-03 09:15:01.025,,79.0,41.0,,UTC-0300,tWUO8ZL77Z,,com.sec.android.app.shealth,2026-01-03 09:59:59.999,77c75469-45ad-4e15-815f-2d2a7ba13f51,50.0,
,21313,63070031,1,2026-01-02 23:00:00.000,,ab05ac62-33f2-4b51-a760-1b88bd1a7a38.com.samsung.health.heart_rate.binning_data.json,63070031,2026-01-03 00:08:25.139,2026-01-02 23:02:42.595,,115.0,59.0,,UTC-0300,tWUO8ZL77Z,,com.sec.android.app.shealth,2026-01-02 23:59:59.999,ab05ac62-33f2-4b51-a760-1b88bd1a7a38,79.0,
,21313,63070031,1,2026-01-03 07:00:00.000,,8329041c-1f7f-47b5-a3b9-5386c99a896c.com.samsung.health.heart_rate.binning_data.json,63070031,2026-01-03 08:08:44.593,2026-01-03 07:11:00.546,,65.0,41.0,,UTC-0300,tWUO8ZL77Z,,com.sec.android.app.shealth,2026-01-03 07:59:59.999,8329041c-1f7f-47b5-a3b9-5386c99a896c,49.0,
,21313,63070031,1,2026-01-04 07:00:00.000,,3b5fc67f-99e1-4a4d-9330-df0a22d98a92.com.samsung.health.heart_rate.binning_data.json,63070031,2026-01-04 08:07:50.042,2026-01-04 07:08:37.372,,86.0,49.0,,UTC-0300,tWUO8ZL77Z,,com.sec.android.app.shealth,2026-01-04 07:59:59.999,3b5fc67f-99e1-4a4d-9330-df0a22d98a92,64.0,
,21313,63070031,1,2026-01-02 16:00:00.000,,103db68a-4b80-4e94-9df2-b502331a267b.com.samsung.health.heart_rate.binning_data.json,63070031,2026-01-02 17:04:42.652,2026-01-02 16:02:55.210,,110.0,71.0,,UTC-0300,tWUO8ZL77Z,,com.sec.android.app.shealth,2026-01-02 16:59:59.999,103db68a-4b80-4e94-9df2-b502331a267b,88.0,
,21313,63070031,1,2026-01-03 08:00:00.000,,420efa09-d6a0-4b48-9b6d-869c220ed11c.com.samsung.health.heart_rate.binning_data.json,63070031,2026-01-03 09:08:44.928,2026-01-03 08:10:34.303,,67.0,43.0,,UTC-0300,tWUO8ZL77Z,,com.sec.android.app.shealth,2026-01-03 08:59:59.999,420efa09-d6a0-4b48-9b6d-869c220ed11c,48.0,
,21313,63070031,1,2026-01-03 00:00:00.000,,8f0652ee-d482-44e6-8470-cdd12ed3cd1f.com.samsung.health.heart_rate.binning_data.json,63070031,2026-01-03 01:02:48.616,2026-01-03 00:08:25.369,,105.0,60.0,,UTC-0300,tWUO8ZL77Z,,com.sec.android.app.shealth,2026-01-03 00:59:59.999,8f0652ee-d482-44e6-8470-cdd12ed3cd1f,70.0,
,21313,63070031,1,2026-01-02 22:00:00.000,,723ed9ce-9f54-4299-ab7a-af8ebeb765f4.com.samsung.health.heart_rate.binning_data.json,63070031,2026-01-02 23:02:42.373,2026-01-02 22:07:45.819,,161.0,66.0,,UTC-0300,tWUO8ZL77Z,,com.sec.android.app.shealth,2026-01-02 22:59:59.999,723ed9ce-9f54-4299-ab7a-af8ebeb765f4,91.0,
,21316,63070031,1,2026-01-02 01:45:14.174,,,63070031,2026-01-02 02:15:06.484,2026-01-01 04:38:58.179,,,,,UTC-0300,tWUO8ZL77Z,,com.sec.android.app.shealth,2026-01-02 01:45:14.174,05dcc96f-0046-45c8-9f23-1b737ba69c21,44.0,
,21313,63070031,1,2026-01-03 15:00:00.000,,9419475c-4c61-4247-854b-a4149352cd1b.com.samsung.health.heart_rate.binning_data.json,63070031,2026-01-03 16:01:50.340,2026-01-03 15:04:22.192,,100.0,56.0,,UTC-0300,tWUO8ZL77Z,,com.sec.android.app.shealth,2026-01-03 15:59:59.999,9419475c-4c61-4247-854b-a4149352cd1b,69.0,
,21313,63070031,1,2026-01-02 09:00:00.000,,d0b97f6a-916d-4c79-a9fd-45dc6768a842.com.samsung.health.heart_rate.binning_data.json,63070031,2026-01-02 14:29:12.470,2026-01-02 09:06:05.460,,66.0,33.0,,UTC-0300,tWUO8ZL77Z,,com.sec.android.app.shealth,2026-01-02 09:59:59.999,d0b97f6a-916d-4c79-a9fd-45dc6768a842,42.0,
,21313,63070031,1,2026-01-03 10:00:00.000,,f5bdfbc5-22f4-454f-94ca-435e66e87d61.com.samsung.health.heart_rate.binning_data.json,63070031,2026-01-03 11:01:05.416,2026-01-03 10:03:53.357,,138.0,50.0,,UTC-0300,tWUO8ZL77Z,,com.sec.android.app.shealth,2026-01-03 10:59:59.999,f5bdfbc5-22f4-454f-94ca-435e66e87d61,88.0,
,21313,63070031,1,2026-01-02 21:00:00.000,,f4c099a0-9fdf-408b-83c5-253185b19955.com.samsung.health.heart_rate.binning_data.json,63070031,2026-01-02 22:07:45.591,2026-01-02 21:06:07.065,,118.0,71.0,,UTC-0300,tWUO8ZL77Z,,com.sec.android.app.shealth,2026-01-02 21:59:59.999,f4c099a0-9fdf-408b-83c5-253185b19955,88.0,
,21313,63070031,1,2026-01-03 14:00:00.000,,24917f15-2cb1-4f1a-86d4-642a64595b32.com.samsung.health.heart_rate.binning_data.json,63070031,2026-01-03 15:04:21.785,2026-01-03 14:02:22.993,,134.0,58.0,,UTC-0300,tWUO8ZL77Z,,com.sec.android.app.shealth,2026-01-03 14:59:59.999,24917f15-2cb1-4f1a-86d4-642a64595b32,83.0,
,21313,63070031,1,2026-01-03 06:00:00.000,,cfbdfecd-b82c-4dcd-a311-17aa4454246c.com.samsung.health.heart_rate.binning_data.json,63070031,2026-01-03 07:08:44.615,2026-01-03 06:10:19.255,,106.0,47.0,,UTC-0300,tWUO8ZL77Z,,com.sec.android.app.shealth,2026-01-03 06:59:59.999,cfbdfecd-b82c-4dcd-a311-17aa4454246c,89.0,
,21313,63070031,1,2026-01-03 18:00:00.000,,703e3910-fe93-4fba-8fc7-7caa6f48d6d7.com.samsung.health.heart_rate.binning_data.json,63070031,2026-01-03 18:07:12.282,2026-01-03 18:06:57.097,,95.0,78.0,,UTC-0300,tWUO8ZL77Z,,com.sec.android.app.shealth,2026-01-03 18:07:12.112,703e3910-fe93-4fba-8fc7-7caa6f48d6d7,85.0,
,21313,63070031,1,2026-01-03 05:00:00.000,,bf895e9d-e5f4-4293-9232-00f8f37186b1.com.samsung.health.heart_rate.binning_data.json,63070031,2026-01-03 06:08:44.751,2026-01-03 05:03:52.872,,115.0,43.0,,UTC-0300,tWUO8ZL77Z,,com.sec.android.app.shealth,2026-01-03 05:59:59.999,bf895e9d-e5f4-4293-9232-00f8f37186b1,78.0,
,21313,63070031,1,2026-01-04 08:00:00.000,,451c3d89-9272-4407-b903-e4d7931302d1.com.samsung.health.heart_rate.binning_data.json,63070031,2026-01-04 09:00:30.409,2026-01-04 08:07:50.233,,95.0,53.0,,UTC-0300,tWUO8ZL77Z,,com.sec.android.app.shealth,2026-01-04 08:59:59.999,451c3d89-9272-4407-b903-e4d7931302d1,67.0,
,21313,63070031,1,2026-01-04 16:00:00.000,,86f5b9fb-7f1b-45b7-ab5a-9c0e35e4e99e.com.samsung.health.heart_rate.binning_data.json,63070031,2026-01-04 17:03:44.966,2026-01-04 16:02:06.763,,96.0,73.0,,UTC-0300,tWUO8ZL77Z,,com.sec.android.app.shealth,2026-01-04 16:59:59.999,86f5b9fb-7f1b-45b7-ab5a-9c0e35e4e99e,84.0,
,21313,63070031,1,2026-01-03 11:00:00.000,,2dc061bb-2ccb-46fc-9844-4ffa2fb499ef.com.samsung.health.heart_rate.binning_data.json,63070031,2026-01-03 12:03:00.480,2026-01-03 11:01:05.518,,132.0,59.0,,UTC-0300,tWUO8ZL77Z,,com.sec.android.app.shealth,2026-01-03 11:59:59.999,2dc061bb-2ccb-46fc-9844-4ffa2fb499ef,96.0,
,21313,63070031,1,2026-01-04 01:00:00.000,,37858ed4-fc1b-4259-8a72-5b151f044deb.com.samsung.health.heart_rate.binning_data.json,63070031,2026-01-04 02:01:21.188,2026-01-04 01:11:01.185,,88.0,69.0,,UTC-0300,tWUO8ZL77Z,,com.sec.android.app.shealth,2026-01-04 01:59:59.999,37858ed4-fc1b-4259-8a72-5b151f044deb,76.0,
,21313,63070031,1,2026-01-03 04:00:00.000,,9110dddd-450b-4afb-b388-949dee861795.com.samsung.health.heart_rate.binning_data.json,63070031,2026-01-03 05:03:52.014,2026-01-03 04:01:00.766,,123.0,47.0,,UTC-0300,tWUO8ZL77Z,,com.sec.android.app.shealth,2026-01-03 04:59:59.999,9110dddd-450b-4afb-b388-949dee861795,57.0,
,21313,63070031,1,2026-01-04 09:00:00.000,,69672f5e-e142-47fe-8e2f-aca7d46fde19.com.samsung.health.heart_rate.binning_data.json,63070031,2026-01-04 10:05:03.043,2026-01-04 09:14:19.773,,76.0,53.0,,UTC-0300,tWUO8ZL77Z,,com.sec.android.app.shealth,2026-01-04 09:59:59.999,69672f5e-e142-47fe-8e2f-aca7d46fde19,57.0,
,21313,63070031,1,2026-01-05 00:00:00.000,,2f3c6726-9281-4764-8b5c-9ef6b7f55998.com.samsung.health.heart_rate.binning_data.json,63070031,2026-01-05 01:10:06.446,2026-01-05 00:07:26.096,,88.0,62.0,,UTC-0300,tWUO8ZL77Z,,com.sec.android.app.shealth,2026-01-05 00:59:59.999,2f3c6726-9281-4764-8b5c-9ef6b7f55998,75.0,
,21313,63070031,1,2026-01-03 13:00:00.000,,3bf45e83-b6a9-444b-a537-186f69e31d85.com.samsung.health.heart_rate.binning_data.json,63070031,2026-01-03 14:02:22.836,2026-01-03 13:12:45.986,,142.0,52.0,,UTC-0300,tWUO8ZL77Z,,com.sec.android.app.shealth,2026-01-03 13:59:59.999,3bf45e83-b6a9-444b-a537-186f69e31d85,77.0,
,21313,63070031,1,2026-01-03 16:00:00.000,,12871441-b3cc-480d-89bf-4d707d4c2d4c.com.samsung.health.heart_rate.binning_data.json,63070031,2026-01-03 17:01:24.631,2026-01-03 16:01:50.484,,108.0,59.0,,UTC-0300,tWUO8ZL77Z,,com.sec.android.app.shealth,2026-01-03 16:59:59.999,12871441-b3cc-480d-89bf-4d707d4c2d4c,74.0,
,21313,63070031,1,2026-01-04 15:00:00.000,,37b7c5bc-56c1-4ddb-b343-7c14c1535046.com.samsung.health.heart_rate.binning_data.json,63070031,2026-01-04 16:02:06.641,2026-01-04 15:01:05.995,,96.0,56.0,,UTC-0300,tWUO8ZL77Z,,com.sec.android.app.shealth,2026-01-04 15:59:59.999,37b7c5bc-56c1-4ddb-b343-7c14c1535046,78.0,
,21313,63070031,1,2026-01-04 06:00:00.000,,9f8851cb-001c-4ae2-af53-d4596fe4caa1.com.samsung.health.heart_rate.binning_data.json,63070031,2026-01-04 07:06:50.110,2026-01-04 06:06:35.313,,68.0,44.0,,UTC-0300,tWUO8ZL77Z,,com.sec.android.app.shealth,2026-01-04 06:59:59.999,9f8851cb-001c-4ae2-af53-d4596fe4caa1,51.0,
,21313,63070031,1,2026-01-04 23:00:00.000,,298741c9-0aa1-4126-9574-6cc0c7caa86b.com.samsung.health.heart_rate.binning_data.json,63070031,2026-01-05 00:05:02.798,2026-01-04 23:01:37.567,,89.0,58.0,,UTC-0300,tWUO8ZL77Z,,com.sec.android.app.shealth,2026-01-04 23:59:59.999,298741c9-0aa1-4126-9574-6cc0c7caa86b,73.0,
,21313,63070031,1,2026-01-03 12:00:00.000,,3479059a-bfbe-4a41-b244-c30eb881bcc4.com.samsung.health.heart_rate.binning_data.json,63070031,2026-01-03 13:10:53.738,2026-01-03 12:03:00.630,,137.0,55.0,,UTC-0300,tWUO8ZL77Z,,com.sec.android.app.shealth,2026-01-03 12:59:59.999,3479059a-bfbe-4a41-b244-c30eb881bcc4,81.0,
,21313,63070031,1,2026-01-04 05:00:00.000,,f691aa0c-2834-4ef4-9017-4b63a21bd71a.com.samsung.health.heart_rate.binning_data.json,63070031,2026-01-04 06:06:26.172,2026-01-04 05:06:02.145,,66.0,46.0,,UTC-0300,tWUO8ZL77Z,,com.sec.android.app.shealth,2026-01-04 05:59:59.999,f691aa0c-2834-4ef4-9017-4b63a21bd71a,51.0,
,21313,63070031,1,2026-01-04 10:00:00.000,,530efe64-bdd3-4348-814b-cd65a3be52da.com.samsung.health.heart_rate.binning_data.json,63070031,2026-01-04 11:06:22.806,2026-01-04 10:11:54.267,,88.0,49.0,,UTC-0300,tWUO8ZL77Z,,com.sec.android.app.shealth,2026-01-04 10:59:59.999,530efe64-bdd3-4348-814b-cd65a3be52da,63.0,
,21313,63070031,1,2026-01-04 02:00:00.000,,1a1b3dd8-ff4f-4cf4-a3a9-7190178d6ddc.com.samsung.health.heart_rate.binning_data.json,63070031,2026-01-04 03:05:04.055,2026-01-04 02:01:21.345,,93.0,52.0,,UTC-0300,tWUO8ZL77Z,,com.sec.android.app.shealth,2026-01-04 02:59:59.999,1a1b3dd8-ff4f-4cf4-a3a9-7190178d6ddc,65.0,
,21313,63070031,1,2026-01-04 14:00:00.000,,22906194-cb13-44a0-bd1a-751dd009e557.com.samsung.health.heart_rate.binning_data.json,63070031,2026-01-04 15:01:05.929,2026-01-04 14:05:38.462,,107.0,68.0,,UTC-0300,tWUO8ZL77Z,,com.sec.android.app.shealth,2026-01-04 14:59:59.999,22906194-cb13-44a0-bd1a-751dd009e557,89.0,
,21313,63070031,1,2026-01-04 22:00:00.000,,3466a49a-b2e6-45cd-831a-0c41d12069ba.com.samsung.health.heart_rate.binning_data.json,63070031,2026-01-04 23:01:37.473,2026-01-04 22:01:43.067,,94.0,60.0,,UTC-0300,tWUO8ZL77Z,,com.sec.android.app.shealth,2026-01-04 22:59:59.999,3466a49a-b2e6-45cd-831a-0c41d12069ba,74.0,
,21313,63070031,1,2026-01-05 06:00:00.000,,2580a90e-9f4e-43ba-b51f-8d3039c85e9b.com.samsung.health.heart_rate.binning_data.json,63070031,2026-01-05 07:05:49.184,2026-01-05 06:06:50.133,,64.0,44.0,,UTC-0300,tWUO8ZL77Z,,com.sec.android.app.shealth,2026-01-05 06:59:59.999,2580a90e-9f4e-43ba-b51f-8d3039c85e9b,48.0,
,21313,63070031,1,2026-01-05 04:00:00.000,,384002a0-5d51-4304-a089-07019d1a5026.com.samsung.health.heart_rate.binning_data.json,63070031,2026-01-05 05:06:03.167,2026-01-05 04:10:21.984,,62.0,47.0,,UTC-0300,tWUO8ZL77Z,,com.sec.android.app.shealth,2026-01-05 04:59:59.999,384002a0-5d51-4304-a089-07019d1a5026,50.0,
,21313,63070031,1,2026-01-04 13:00:00.000,,127022ef-29dc-4911-b7c7-80f0bd816573.com.samsung.health.heart_rate.binning_data.json,63070031,2026-01-04 14:01:01.489,2026-01-04 13:12:36.974,,111.0,55.0,,UTC-0300,tWUO8ZL77Z,,com.sec.android.app.shealth,2026-01-04 13:59:59.999,127022ef-29dc-4911-b7c7-80f0bd816573,76.0,
,21313,63070031,1,2026-01-04 20:00:00.000,,bdc5dd09-bd5e-4bb2-a56c-7781da8a337b.com.samsung.health.heart_rate.binning_data.json,63070031,2026-01-04 21:00:29.915,2026-01-04 20:02:04.729,,99.0,63.0,,UTC-0300,tWUO8ZL77Z,,com.sec.android.app.shealth,2026-01-04 20:59:59.999,bdc5dd09-bd5e-4bb2-a56c-7781da8a337b,74.0,
,21313,63070031,1,2026-01-04 21:00:00.000,,b608dfb3-1bcb-4a87-b14e-bf2801e36554.com.samsung.health.heart_rate.binning_data.json,63070031,2026-01-04 22:01:42.806,2026-01-04 21:02:28.840,,102.0,67.0,,UTC-0300,tWUO8ZL77Z,,com.sec.android.app.shealth,2026-01-04 21:59:59.999,b608dfb3-1bcb-4a87-b14e-bf2801e36554,78.0,
,21313,63070031,1,2026-01-04 04:00:00.000,,2e557be0-0e1b-4f86-b740-ec71ddab561f.com.samsung.health.heart_rate.binning_data.json,63070031,2026-01-04 05:05:03.348,2026-01-04 04:09:27.702,,66.0,47.0,,UTC-0300,tWUO8ZL77Z,,com.sec.android.app.shealth,2026-01-04 04:59:59.999,2e557be0-0e1b-4f86-b740-ec71ddab561f,53.0,
,21313,63070031,1,2026-01-04 17:00:00.000,,1c2433ed-b82e-43b5-8b9a-44e712dc2be6.com.samsung.health.heart_rate.binning_data.json,63070031,2026-01-04 18:02:37.136,2026-01-04 17:03:45.097,,107.0,64.0,,UTC-0300,tWUO8ZL77Z,,com.sec.android.app.shealth,2026-01-04 17:59:59.999,1c2433ed-b82e-43b5-8b9a-44e712dc2be6,79.0,
,21313,63070031,1,2026-01-04 12:00:00.000,,0f3eb14d-1097-4b1e-99c0-37d1051750c2.com.samsung.health.heart_rate.binning_data.json,63070031,2026-01-04 13:05:02.999,2026-01-04 12:05:30.221,,86.0,51.0,,UTC-0300,tWUO8ZL77Z,,com.sec.android.app.shealth,2026-01-04 12:59:59.999,0f3eb14d-1097-4b1e-99c0-37d1051750c2,61.0,
,21313,63070031,1,2026-01-04 03:00:00.000,,300cb452-204c-436c-bdf5-a176aed0d4ef.com.samsung.health.heart_rate.binning_data.json,63070031,2026-01-04 04:09:27.526,2026-01-04 03:05:04.542,,82.0,53.0,,UTC-0300,tWUO8ZL77Z,,com.sec.android.app.shealth,2026-01-04 03:59:59.999,300cb452-204c-436c-bdf5-a176aed0d4ef,60.0,
,21313,63070031,1,2026-01-04 11:00:00.000,,2b0a7c5c-55b6-4406-8fae-a99b3089bafe.com.samsung.health.heart_rate.binning_data.json,63070031,2026-01-04 12:05:03.734,2026-01-04 11:07:33.884,,89.0,51.0,,UTC-0300,tWUO8ZL77Z,,com.sec.android.app.shealth,2026-01-04 11:59:59.999,2b0a7c5c-55b6-4406-8fae-a99b3089bafe,59.0,
,21313,63070031,1,2026-01-05 08:00:00.000,,9e111fb8-2b1e-4488-933d-3b3339e14b59.com.samsung.health.heart_rate.binning_data.json,63070031,2026-01-05 09:05:15.959,2026-01-05 08:02:51.346,,78.0,41.0,,UTC-0300,tWUO8ZL77Z,,com.sec.android.app.shealth,2026-01-05 08:59:59.999,9e111fb8-2b1e-4488-933d-3b3339e14b59,49.0,
,21313,63070031,1,2026-01-05 07:00:00.000,,de7ddfd4-443d-41ac-bee8-3b0449761205.com.samsung.health.heart_rate.binning_data.json,63070031,2026-01-05 08:02:51.192,2026-01-05 07:05:49.600,,64.0,40.0,,UTC-0300,tWUO8ZL77Z,,com.sec.android.app.shealth,2026-01-05 07:59:59.999,de7ddfd4-443d-41ac-bee8-3b0449761205,45.0,
,21313,63070031,1,2026-01-05 01:00:00.000,,6320b5a7-e6e9-476d-834c-1afa5d27e3f5.com.samsung.health.heart_rate.binning_data.json,63070031,2026-01-05 02:05:03.144,2026-01-05 01:10:06.857,,86.0,50.0,,UTC-0300,tWUO8ZL77Z,,com.sec.android.app.shealth,2026-01-05 01:59:59.999,6320b5a7-e6e9-476d-834c-1afa5d27e3f5,66.0,
,21316,63070031,1,2026-01-04 04:50:31.269,,,63070031,2026-01-05 02:54:59.788,2026-01-04 05:06:02.210,,,,,UTC-0300,tWUO8ZL77Z,,com.sec.android.app.shealth,2026-01-04 04:50:31.269,9733c8f0-12ec-4431-ae7d-dd9a6a8a8d5a,48.0,
,21313,63070031,1,2026-01-04 18:00:00.000,,e4370a53-5ed5-4b7c-bc52-856ca0cb7707.com.samsung.health.heart_rate.binning_data.json,63070031,2026-01-04 19:02:42.910,2026-01-04 18:02:37.248,,97.0,54.0,,UTC-0300,tWUO8ZL77Z,,com.sec.android.app.shealth,2026-01-04 18:59:59.999,e4370a53-5ed5-4b7c-bc52-856ca0cb7707,74.0,
,21313,63070031,1,2026-01-05 05:00:00.000,,0871b834-044c-4a55-ad78-6cbe6611a7b5.com.samsung.health.heart_rate.binning_data.json,63070031,2026-01-05 06:06:18.042,2026-01-05 05:06:11.440,,63.0,44.0,,UTC-0300,tWUO8ZL77Z,,com.sec.android.app.shealth,2026-01-05 05:59:59.999,0871b834-044c-4a55-ad78-6cbe6611a7b5,48.0,
,21313,63070031,1,2026-01-05 03:00:00.000,,69e89422-ed06-4b15-a34a-a31bbe364878.com.samsung.health.heart_rate.binning_data.json,63070031,2026-01-05 04:08:21.364,2026-01-05 03:05:42.104,,78.0,48.0,,UTC-0300,tWUO8ZL77Z,,com.sec.android.app.shealth,2026-01-05 03:59:59.999,69e89422-ed06-4b15-a34a-a31bbe364878,54.0,
,21313,63070031,1,2026-01-04 19:00:00.000,,dbfe17df-6b2c-4ac5-852e-fe7ed603f03c.com.samsung.health.heart_rate.binning_data.json,63070031,2026-01-04 20:02:04.542,2026-01-04 19:02:43.076,,87.0,55.0,,UTC-0300,tWUO8ZL77Z,,com.sec.android.app.shealth,2026-01-04 19:59:59.999,dbfe17df-6b2c-4ac5-852e-fe7ed603f03c,72.0,
,21313,63070031,1,2026-01-05 02:00:00.000,,d465d830-70a7-4e82-b364-6eb158ab757d.com.samsung.health.heart_rate.binning_data.json,63070031,2026-01-05 03:05:02.743,2026-01-05 02:07:12.353,,84.0,44.0,,UTC-0300,tWUO8ZL77Z,,com.sec.android.app.shealth,2026-01-05 02:59:59.999,d465d830-70a7-4e82-b364-6eb158ab757d,55.0,
,21313,63070031,1,2026-01-05 09:00:00.000,,ff3ffffb-2e49-4284-8cc3-8ebcc1f8da3b.com.samsung.health.heart_rate.binning_data.json,63070031,2026-01-05 10:01:21.232,2026-01-05 09:06:43.118,,92.0,45.0,,UTC-0300,tWUO8ZL77Z,,com.sec.android.app.shealth,2026-01-05 09:59:59.999,ff3ffffb-2e49-4284-8cc3-8ebcc1f8da3b,57.0,
,21313,63070031,1,2026-01-05 10:00:00.000,,3d85d39b-aa6f-47c5-89fb-e1b6f41f7795.com.samsung.health.heart_rate.binning_data.json,63070031,2026-01-05 11:05:00.989,2026-01-05 10:01:21.336,,101.0,50.0,,UTC-0300,tWUO8ZL77Z,,com.sec.android.app.shealth,2026-01-05 10:59:59.999,3d85d39b-aa6f-47c5-89fb-e1b6f41f7795,68.0,
,21313,63070031,1,2026-01-05 12:00:00.000,,c6374f36-aae8-4216-937b-448a3abd4255.com.samsung.health.heart_rate.binning_data.json,63070031,2026-01-05 13:04:37.797,2026-01-05 12:05:58.347,,111.0,67.0,,UTC-0300,tWUO8ZL77Z,,com.sec.android.app.shealth,2026-01-05 12:59:59.999,c6374f36-aae8-4216-937b-448a3abd4255,86.0,
,21313,63070031,1,2026-01-05 14:00:00.000,,388ba787-45e8-472f-a25d-fa108a2b88e5.com.samsung.health.heart_rate.binning_data.json,63070031,2026-01-05 15:02:07.448,2026-01-05 14:01:24.522,,107.0,68.0,,UTC-0300,tWUO8ZL77Z,,com.sec.android.app.shealth,2026-01-05 14:59:59.999,388ba787-45e8-472f-a25d-fa108a2b88e5,84.0,
,21313,63070031,1,2026-01-05 11:00:00.000,,c6ec4cfd-7d49-400c-aabb-1bfe9428550d.com.samsung.health.heart_rate.binning_data.json,63070031,2026-01-05 12:05:58.073,2026-01-05 11:05:01.140,,104.0,63.0,,UTC-0300,tWUO8ZL77Z,,com.sec.android.app.shealth,2026-01-05 11:59:59.999,c6ec4cfd-7d49-400c-aabb-1bfe9428550d,78.0,
,21313,63070031,1,2026-01-05 13:00:00.000,,9cebdc77-72a2-4ef7-af3b-8ce0918caae5.com.samsung.health.heart_rate.binning_data.json,63070031,2026-01-05 14:01:24.329,2026-01-05 13:04:38.187,,107.0,65.0,,UTC-0300,tWUO8ZL77Z,,com.sec.android.app.shealth,2026-01-05 13:59:59.999,9cebdc77-72a2-4ef7-af3b-8ce0918caae5,81.0,
,21313,63070031,1,2026-01-05 18:00:00.000,,e3fcec41-87ed-48ea-b23f-fc2c24b38945.com.samsung.health.heart_rate.binning_data.json,63070031,2026-01-05 19:00:42.939,2026-01-05 18:01:32.835,,91.0,58.0,,UTC-0300,tWUO8ZL77Z,,com.sec.android.app.shealth,2026-01-05 18:59:59.999,e3fcec41-87ed-48ea-b23f-fc2c24b38945,78.0,
,21313,63070031,1,2026-01-05 23:00:00.000,,fac2072b-889f-4331-b7cc-ef4cb1db71e5.com.samsung.health.heart_rate.binning_data.json,63070031,2026-01-06 00:04:11.725,2026-01-05 23:06:00.681,,86.0,54.0,,UTC-0300,tWUO8ZL77Z,,com.sec.android.app.shealth,2026-01-05 23:59:59.999,fac2072b-889f-4331-b7cc-ef4cb1db71e5,70.0,
,21313,63070031,1,2026-01-05 15:00:00.000,,1a8d34f8-f722-4f19-8c4f-0eb45c552a8a.com.samsung.health.heart_rate.binning_data.json,63070031,2026-01-05 16:55:00.951,2026-01-05 15:02:07.561,,104.0,56.0,,UTC-0300,tWUO8ZL77Z,,com.sec.android.app.shealth,2026-01-05 15:59:59.999,1a8d34f8-f722-4f19-8c4f-0eb45c552a8a,75.0,
,21313,63070031,1,2026-01-05 16:00:00.000,,b5404b6a-d09a-4ffb-a003-1da125aaa6dc.com.samsung.health.heart_rate.binning_data.json,63070031,2026-01-05 17:05:02.613,2026-01-05 17:02:24.460,,98.0,57.0,,UTC-0300,tWUO8ZL77Z,,com.sec.android.app.shealth,2026-01-05 16:59:59.999,b5404b6a-d09a-4ffb-a003-1da125aaa6dc,66.0,
,21313,63070031,1,2026-01-05 19:00:00.000,,f240123a-61bc-48bd-b72f-ace5bb2f5e2b.com.samsung.health.heart_rate.binning_data.json,63070031,2026-01-05 20:04:28.404,2026-01-05 19:08:11.948,,105.0,59.0,,UTC-0300,tWUO8ZL77Z,,com.sec.android.app.shealth,2026-01-05 19:59:59.999,f240123a-61bc-48bd-b72f-ace5bb2f5e2b,80.0,
,21313,63070031,1,2026-01-05 17:00:00.000,,85f05907-0e32-4d4a-9e37-06c14ee213c2.com.samsung.health.heart_rate.binning_data.json,63070031,2026-01-05 18:01:32.709,2026-01-05 17:13:18.849,,83.0,51.0,,UTC-0300,tWUO8ZL77Z,,com.sec.android.app.shealth,2026-01-05 17:59:59.999,85f05907-0e32-4d4a-9e37-06c14ee213c2,65.0,
,21313,63070031,1,2026-01-06 08:00:00.000,,099e81a1-55ac-4d0c-a6dc-96772c08f0fe.com.samsung.health.heart_rate.binning_data.json,63070031,2026-01-06 09:04:22.359,2026-01-06 08:06:28.847,,73.0,46.0,,UTC-0300,tWUO8ZL77Z,,com.sec.android.app.shealth,2026-01-06 08:59:59.999,099e81a1-55ac-4d0c-a6dc-96772c08f0fe,52.0,
,21313,63070031,1,2026-01-06 00:00:00.000,,1b7e205b-0e01-4bd1-859e-5fa9cdadbc93.com.samsung.health.heart_rate.binning_data.json,63070031,2026-01-06 01:05:43.007,2026-01-06 00:04:11.933,,87.0,55.0,,UTC-0300,tWUO8ZL77Z,,com.sec.android.app.shealth,2026-01-06 00:59:59.999,1b7e205b-0e01-4bd1-859e-5fa9cdadbc93,69.0,
,21313,63070031,1,2026-01-06 07:00:00.000,,bfae7ed9-90e7-4b03-9df7-c0d8b4551dd9.com.samsung.health.heart_rate.binning_data.json,63070031,2026-01-06 08:06:15.920,2026-01-06 07:09:23.558,,67.0,47.0,,UTC-0300,tWUO8ZL77Z,,com.sec.android.app.shealth,2026-01-06 07:59:59.999,bfae7ed9-90e7-4b03-9df7-c0d8b4551dd9,51.0,
,21313,63070031,1,2026-01-05 21:00:00.000,,6295a74e-9501-473a-9606-30363d73dbc2.com.samsung.health.heart_rate.binning_data.json,63070031,2026-01-05 22:03:15.693,2026-01-05 21:12:27.147,,96.0,54.0,,UTC-0300,tWUO8ZL77Z,,com.sec.android.app.shealth,2026-01-05 21:59:59.999,6295a74e-9501-473a-9606-30363d73dbc2,75.0,
,21313,63070031,1,2026-01-05 20:00:00.000,,d838abf1-9dc8-4a66-abf2-821ab5834891.com.samsung.health.heart_rate.binning_data.json,63070031,2026-01-05 21:10:02.397,2026-01-05 20:04:28.676,,107.0,57.0,,UTC-0300,tWUO8ZL77Z,,com.sec.android.app.shealth,2026-01-05 20:59:59.999,d838abf1-9dc8-4a66-abf2-821ab5834891,72.0,
,21313,63070031,1,2026-01-06 05:00:00.000,,53f117c6-c668-49c8-a35f-bd9fafea36ca.com.samsung.health.heart_rate.binning_data.json,63070031,2026-01-06 06:06:09.860,2026-01-06 05:09:50.914,,68.0,44.0,,UTC-0300,tWUO8ZL77Z,,com.sec.android.app.shealth,2026-01-06 05:59:59.999,53f117c6-c668-49c8-a35f-bd9fafea36ca,49.0,
,21313,63070031,1,2026-01-05 22:00:00.000,,320ef15b-30d4-4aaa-a146-07e27a1d95ae.com.samsung.health.heart_rate.binning_data.json,63070031,2026-01-05 23:06:00.385,2026-01-05 22:03:15.860,,95.0,58.0,,UTC-0300,tWUO8ZL77Z,,com.sec.android.app.shealth,2026-01-05 22:59:59.999,320ef15b-30d4-4aaa-a146-07e27a1d95ae,73.0,
,21313,63070031,1,2026-01-06 04:00:00.000,,903ebe65-e09b-4d91-8e4f-e06d4c7f8ff1.com.samsung.health.heart_rate.binning_data.json,63070031,2026-01-06 05:09:50.635,2026-01-06 04:07:56.532,,77.0,45.0,,UTC-0300,tWUO8ZL77Z,,com.sec.android.app.shealth,2026-01-06 04:59:59.999,903ebe65-e09b-4d91-8e4f-e06d4c7f8ff1,51.0,
,21313,63070031,1,2026-01-06 06:00:00.000,,ec7093ab-3184-4faa-aa45-c4a12eb1d68d.com.samsung.health.heart_rate.binning_data.json,63070031,2026-01-06 07:06:18.610,2026-01-06 06:07:01.028,,75.0,42.0,,UTC-0300,tWUO8ZL77Z,,com.sec.android.app.shealth,2026-01-06 06:59:59.999,ec7093ab-3184-4faa-aa45-c4a12eb1d68d,50.0,
,21313,63070031,1,2026-01-06 03:00:00.000,,3f165d77-208f-46cd-88f2-f05cbb9d2af1.com.samsung.health.heart_rate.binning_data.json,63070031,2026-01-06 04:05:01.923,2026-01-06 03:04:23.954,,100.0,46.0,,UTC-0300,tWUO8ZL77Z,,com.sec.android.app.shealth,2026-01-06 03:59:59.999,3f165d77-208f-46cd-88f2-f05cbb9d2af1,58.0,
,21313,63070031,1,2026-01-06 02:00:00.000,,55b1d338-a319-410d-be11-ec3ab9d4d6e0.com.samsung.health.heart_rate.binning_data.json,63070031,2026-01-06 03:04:23.673,2026-01-06 02:09:54.841,,89.0,52.0,,UTC-0300,tWUO8ZL77Z,,com.sec.android.app.shealth,2026-01-06 02:59:59.999,55b1d338-a319-410d-be11-ec3ab9d4d6e0,71.0,
,21313,63070031,1,2026-01-06 11:00:00.000,,838f5e1c-39a2-4458-966e-5cb99e8c8b7b.com.samsung.health.heart_rate.binning_data.json,63070031,2026-01-06 12:04:01.150,2026-01-06 11:06:50.050,,114.0,65.0,,UTC-0300,tWUO8ZL77Z,,com.sec.android.app.shealth,2026-01-06 11:59:59.999,838f5e1c-39a2-4458-966e-5cb99e8c8b7b,86.0,
,21313,63070031,1,2026-01-06 01:00:00.000,,f97d0c60-5b04-46b0-b97a-a047cd86da1f.com.samsung.health.heart_rate.binning_data.json,63070031,2026-01-06 02:09:52.774,2026-01-06 01:05:43.177,,88.0,60.0,,UTC-0300,tWUO8ZL77Z,,com.sec.android.app.shealth,2026-01-06 01:59:59.999,f97d0c60-5b04-46b0-b97a-a047cd86da1f,76.0,
,21313,63070031,1,2026-01-06 10:00:00.000,,d3d0ecc8-1ffa-454e-9f25-82f96be9e445.com.samsung.health.heart_rate.binning_data.json,63070031,2026-01-06 11:06:49.429,2026-01-06 10:42:00.850,,83.0,59.0,,UTC-0300,tWUO8ZL77Z,,com.sec.android.app.shealth,2026-01-06 10:59:59.999,d3d0ecc8-1ffa-454e-9f25-82f96be9e445,69.0,
,21313,63070031,1,2026-01-06 09:00:00.000,,e115b2be-2a48-455b-ae0c-b40d791ad322.com.samsung.health.heart_rate.binning_data.json,63070031,2026-01-06 10:42:00.684,2026-01-06 09:04:22.660,,80.0,51.0,,UTC-0300,tWUO8ZL77Z,,com.sec.android.app.shealth,2026-01-06 09:59:59.999,e115b2be-2a48-455b-ae0c-b40d791ad322,65.0,
,21316,63070031,1,2026-01-06 04:20:30.059,,,63070031,2026-01-07 02:07:09.200,2026-01-06 04:07:56.615,,,,,UTC-0300,tWUO8ZL77Z,,com.sec.android.app.shealth,2026-01-06 04:20:30.059,801bffee-2349-4e4c-888e-2eba6be7ca26,48.0,
,21313,63070031,1,2026-01-06 15:00:00.000,,3fdc47d5-f148-41ee-98bb-35d75f0fcf15.com.samsung.health.heart_rate.binning_data.json,63070031,2026-01-06 16:06:09.314,2026-01-06 15:06:27.356,,92.0,54.0,,UTC-0300,tWUO8ZL77Z,,com.sec.android.app.shealth,2026-01-06 15:59:59.999,3fdc47d5-f148-41ee-98bb-35d75f0fcf15,71.0,
,21313,63070031,1,2026-01-06 16:00:00.000,,e4b002fb-1e98-4f17-a906-33a775d70241.com.samsung.health.heart_rate.binning_data.json,63070031,2026-01-06 17:00:10.601,2026-01-06 16:06:09.510,,91.0,59.0,,UTC-0300,tWUO8ZL77Z,,com.sec.android.app.shealth,2026-01-06 16:59:59.999,e4b002fb-1e98-4f17-a906-33a775d70241,72.0,
,21313,63070031,1,2026-01-06 17:00:00.000,,68faa3ef-b648-4536-952d-835c78ded4b7.com.samsung.health.heart_rate.binning_data.json,63070031,2026-01-06 18:03:18.763,2026-01-06 17:25:03.558,,91.0,55.0,,UTC-0300,tWUO8ZL77Z,,com.sec.android.app.shealth,2026-01-06 17:59:59.999,68faa3ef-b648-4536-952d-835c78ded4b7,74.0,
,21313,63070031,1,2026-01-06 18:00:00.000,,fd50eeb5-f907-4bd0-bb50-7e3b2dfe5002.com.samsung.health.heart_rate.binning_data.json,63070031,2026-01-06 19:07:35.722,2026-01-06 18:03:19.909,,98.0,61.0,,UTC-0300,tWUO8ZL77Z,,com.sec.android.app.shealth,2026-01-06 18:59:59.999,fd50eeb5-f907-4bd0-bb50-7e3b2dfe5002,76.0,
,21313,63070031,1,2026-01-07 01:00:00.000,,f8b76d95-881e-42b6-84bf-e6bcd2f17f3c.com.samsung.health.heart_rate.binning_data.json,63070031,2026-01-07 02:07:08.389,2026-01-07 01:47:10.327,,83.0,53.0,,UTC-0300,tWUO8ZL77Z,,com.sec.android.app.shealth,2026-01-07 01:59:59.999,f8b76d95-881e-42b6-84bf-e6bcd2f17f3c,60.0,
,21313,63070031,1,2026-01-06 12:00:00.000,,41d1c45a-2fcc-408c-b0aa-91b3df41b089.com.samsung.health.heart_rate.binning_data.json,63070031,2026-01-06 13:05:57.313,2026-01-06 12:04:01.391,,112.0,60.0,,UTC-0300,tWUO8ZL77Z,,com.sec.android.app.shealth,2026-01-06 12:59:59.999,41d1c45a-2fcc-408c-b0aa-91b3df41b089,79.0,
,21313,63070031,1,2026-01-06 23:00:00.000,,6b58d56b-5592-4c2d-93ba-5b9ce11dc6d1.com.samsung.health.heart_rate.binning_data.json,63070031,2026-01-07 01:45:02.763,2026-01-06 23:14:46.432,,90.0,54.0,,UTC-0300,tWUO8ZL77Z,,com.sec.android.app.shealth,2026-01-06 23:59:59.999,6b58d56b-5592-4c2d-93ba-5b9ce11dc6d1,74.0,
,21313,63070031,1,2026-01-06 13:00:00.000,,f63e6b14-c937-4cd7-8275-a7e167f61008.com.samsung.health.heart_rate.binning_data.json,63070031,2026-01-06 14:05:02.752,2026-01-06 13:05:57.589,,94.0,60.0,,UTC-0300,tWUO8ZL77Z,,com.sec.android.app.shealth,2026-01-06 13:59:59.999,f63e6b14-c937-4cd7-8275-a7e167f61008,77.0,
,21313,63070031,1,2026-01-06 21:00:00.000,,00d7ed0e-6e0e-4d4d-947b-6c75fedccdc8.com.samsung.health.heart_rate.binning_data.json,63070031,2026-01-06 22:05:02.072,2026-01-06 21:13:04.159,,93.0,57.0,,UTC-0300,tWUO8ZL77Z,,com.sec.android.app.shealth,2026-01-06 21:59:59.999,00d7ed0e-6e0e-4d4d-947b-6c75fedccdc8,74.0,
,21313,63070031,1,2026-01-06 14:00:00.000,,78ee79b7-c284-4e8a-91ee-cddff3b1490b.com.samsung.health.heart_rate.binning_data.json,63070031,2026-01-06 15:05:01.655,2026-01-06 14:06:22.891,,93.0,54.0,,UTC-0300,tWUO8ZL77Z,,com.sec.android.app.shealth,2026-01-06 14:59:59.999,78ee79b7-c284-4e8a-91ee-cddff3b1490b,72.0,
,21313,63070031,1,2026-01-07 07:00:00.000,,514cb517-4fb0-486d-8b51-cd287e4de653.com.samsung.health.heart_rate.binning_data.json,63070031,2026-01-07 08:07:00.022,2026-01-07 07:08:23.428,,73.0,48.0,,UTC-0300,tWUO8ZL77Z,,com.sec.android.app.shealth,2026-01-07 07:59:59.999,514cb517-4fb0-486d-8b51-cd287e4de653,51.0,
,21313,63070031,1,2026-01-06 19:00:00.000,,4432c4b3-98f0-4cde-b3a7-0a166308d709.com.samsung.health.heart_rate.binning_data.json,63070031,2026-01-06 20:05:02.506,2026-01-06 19:07:36.043,,91.0,55.0,,UTC-0300,tWUO8ZL77Z,,com.sec.android.app.shealth,2026-01-06 19:59:59.999,4432c4b3-98f0-4cde-b3a7-0a166308d709,70.0,
,21313,63070031,1,2026-01-07 05:00:00.000,,d8a12d2c-4914-489f-80a4-15704c997c51.com.samsung.health.heart_rate.binning_data.json,63070031,2026-01-07 06:08:08.064,2026-01-07 05:06:09.706,,78.0,48.0,,UTC-0300,tWUO8ZL77Z,,com.sec.android.app.shealth,2026-01-07 05:59:59.999,d8a12d2c-4914-489f-80a4-15704c997c51,53.0,
,21313,63070031,1,2026-01-07 10:00:00.000,,8dffd3ab-714e-470f-ba53-ceab3d087856.com.samsung.health.heart_rate.binning_data.json,63070031,2026-01-07 11:05:25.510,2026-01-07 10:02:19.723,,98.0,56.0,,UTC-0300,tWUO8ZL77Z,,com.sec.android.app.shealth,2026-01-07 10:59:59.999,8dffd3ab-714e-470f-ba53-ceab3d087856,75.0,
,21313,63070031,1,2026-01-07 02:00:00.000,,03fcd510-7882-487e-a735-ae1980ca1dad.com.samsung.health.heart_rate.binning_data.json,63070031,2026-01-07 03:10:43.896,2026-01-07 02:07:08.946,,77.0,51.0,,UTC-0300,tWUO8ZL77Z,,com.sec.android.app.shealth,2026-01-07 02:59:59.999,03fcd510-7882-487e-a735-ae1980ca1dad,56.0,
,21313,63070031,1,2026-01-06 20:00:00.000,,dc7aa2aa-0a54-4934-8ff6-d33578c246e7.com.samsung.health.heart_rate.binning_data.json,63070031,2026-01-06 21:05:01.980,2026-01-06 20:05:18.913,,89.0,59.0,,UTC-0300,tWUO8ZL77Z,,com.sec.android.app.shealth,2026-01-06 20:59:59.999,dc7aa2aa-0a54-4934-8ff6-d33578c246e7,75.0,
,21313,63070031,1,2026-01-07 06:00:00.000,,adb182b6-126d-4f2b-ab46-6a4c753f4ac6.com.samsung.health.heart_rate.binning_data.json,63070031,2026-01-07 07:08:06.802,2026-01-07 06:10:23.044,,61.0,47.0,,UTC-0300,tWUO8ZL77Z,,com.sec.android.app.shealth,2026-01-07 06:59:59.999,adb182b6-126d-4f2b-ab46-6a4c753f4ac6,50.0,
,21313,63070031,1,2026-01-07 04:00:00.000,,5bbe2aa7-0120-4b81-ad3a-9c7138f3f594.com.samsung.health.heart_rate.binning_data.json,63070031,2026-01-07 05:05:01.973,2026-01-07 04:07:43.480,,84.0,49.0,,UTC-0300,tWUO8ZL77Z,,com.sec.android.app.shealth,2026-01-07 04:59:59.999,5bbe2aa7-0120-4b81-ad3a-9c7138f3f594,56.0,
,21313,63070031,1,2026-01-07 12:00:00.000,,b1b5989a-075f-44da-bd33-94f07c069a73.com.samsung.health.heart_rate.binning_data.json,63070031,2026-01-07 13:09:17.033,2026-01-07 12:02:54.094,,95.0,57.0,,UTC-0300,tWUO8ZL77Z,,com.sec.android.app.shealth,2026-01-07 12:59:59.999,b1b5989a-075f-44da-bd33-94f07c069a73,70.0,
,21313,63070031,1,2026-01-07 03:00:00.000,,e5984dfb-feb6-4d60-b3ca-1e6df086f965.com.samsung.health.heart_rate.binning_data.json,63070031,2026-01-07 04:05:02.997,2026-01-07 03:10:44.814,,67.0,50.0,,UTC-0300,tWUO8ZL77Z,,com.sec.android.app.shealth,2026-01-07 03:59:59.999,e5984dfb-feb6-4d60-b3ca-1e6df086f965,54.0,
,21313,63070031,1,2026-01-06 22:00:00.000,,2150cb6a-6da8-4e87-9899-63c7ead5e4dc.com.samsung.health.heart_rate.binning_data.json,63070031,2026-01-06 23:14:45.748,2026-01-06 22:07:28.704,,99.0,59.0,,UTC-0300,tWUO8ZL77Z,,com.sec.android.app.shealth,2026-01-06 22:59:59.999,2150cb6a-6da8-4e87-9899-63c7ead5e4dc,74.0,
,21313,63070031,1,2026-01-07 14:00:00.000,,66fe9b52-dc38-49d9-af45-5a8161b2f1b9.com.samsung.health.heart_rate.binning_data.json,63070031,2026-01-07 15:07:37.559,2026-01-07 14:05:03.361,,98.0,63.0,,UTC-0300,tWUO8ZL77Z,,com.sec.android.app.shealth,2026-01-07 14:59:59.999,66fe9b52-dc38-49d9-af45-5a8161b2f1b9,77.0,
,21313,63070031,1,2026-01-07 11:00:00.000,,24a36e1c-40d4-47d9-83e0-ac68725ae518.com.samsung.health.heart_rate.binning_data.json,63070031,2026-01-07 12:02:53.088,2026-01-07 11:05:26.114,,107.0,70.0,,UTC-0300,tWUO8ZL77Z,,com.sec.android.app.shealth,2026-01-07 11:59:59.999,24a36e1c-40d4-47d9-83e0-ac68725ae518,85.0,
,21313,63070031,1,2026-01-07 21:00:00.000,,ff2086a6-e9d7-4dec-8b31-8ad9516c967a.com.samsung.health.heart_rate.binning_data.json,63070031,2026-01-07 22:05:02.010,2026-01-07 21:07:47.532,,105.0,62.0,,UTC-0300,tWUO8ZL77Z,,com.sec.android.app.shealth,2026-01-07 21:59:59.999,ff2086a6-e9d7-4dec-8b31-8ad9516c967a,71.0,
,21313,63070031,1,2026-01-07 08:00:00.000,,13341e35-262b-4c65-bf58-a7b7d7743420.com.samsung.health.heart_rate.binning_data.json,63070031,2026-01-07 09:06:52.572,2026-01-07 08:07:08.361,,73.0,46.0,,UTC-0300,tWUO8ZL77Z,,com.sec.android.app.shealth,2026-01-07 08:59:59.999,13341e35-262b-4c65-bf58-a7b7d7743420,50.0,
,21313,63070031,1,2026-01-07 17:00:00.000,,dac50442-8d04-4880-81fc-aee648155da3.com.samsung.health.heart_rate.binning_data.json,63070031,2026-01-07 18:09:06.956,2026-01-07 17:09:06.669,,99.0,65.0,,UTC-0300,tWUO8ZL77Z,,com.sec.android.app.shealth,2026-01-07 17:59:59.999,dac50442-8d04-4880-81fc-aee648155da3,79.0,
,21313,63070031,1,2026-01-07 09:00:00.000,,7af7ad8b-92c6-4a3b-8d24-466c68b24395.com.samsung.health.heart_rate.binning_data.json,63070031,2026-01-07 10:02:19.172,2026-01-07 09:08:40.755,,89.0,49.0,,UTC-0300,tWUO8ZL77Z,,com.sec.android.app.shealth,2026-01-07 09:59:59.999,7af7ad8b-92c6-4a3b-8d24-466c68b24395,67.0,
,21313,63070031,1,2026-01-07 15:00:00.000,,5f8bbdb5-6e55-44dc-ae2f-ab0bfc30cca3.com.samsung.health.heart_rate.binning_data.json,63070031,2026-01-07 16:05:02.297,2026-01-07 15:07:37.852,,86.0,59.0,,UTC-0300,tWUO8ZL77Z,,com.sec.android.app.shealth,2026-01-07 15:59:59.999,5f8bbdb5-6e55-44dc-ae2f-ab0bfc30cca3,73.0,
,21313,63070031,1,2026-01-08 02:00:00.000,,97185344-f4ce-4acb-b7c4-6067f145d776.com.samsung.health.heart_rate.binning_data.json,63070031,2026-01-08 03:05:02.791,2026-01-08 02:08:30.544,,83.0,52.0,,UTC-0300,tWUO8ZL77Z,,com.sec.android.app.shealth,2026-01-08 02:59:59.999,97185344-f4ce-4acb-b7c4-6067f145d776,62.0,
,21313,63070031,1,2026-01-07 13:00:00.000,,5c7a5528-20eb-4756-8384-b1f79a8d84b7.com.samsung.health.heart_rate.binning_data.json,63070031,2026-01-07 14:05:03.175,2026-01-07 13:14:59.988,,107.0,63.0,,UTC-0300,tWUO8ZL77Z,,com.sec.android.app.shealth,2026-01-07 13:59:59.999,5c7a5528-20eb-4756-8384-b1f79a8d84b7,80.0,
,21313,63070031,1,2026-01-07 23:00:00.000,,9c0ca09c-200c-4389-a889-08649c246e01.com.samsung.health.heart_rate.binning_data.json,63070031,2026-01-08 00:50:16.238,2026-01-07 23:09:46.156,,86.0,61.0,,UTC-0300,tWUO8ZL77Z,,com.sec.android.app.shealth,2026-01-07 23:59:59.999,9c0ca09c-200c-4389-a889-08649c246e01,72.0,
,21313,63070031,1,2026-01-07 18:00:00.000,,4fc6352d-c05f-44bc-aaac-2605f16d809b.com.samsung.health.heart_rate.binning_data.json,63070031,2026-01-07 19:06:17.052,2026-01-07 18:10:42.746,,104.0,62.0,,UTC-0300,tWUO8ZL77Z,,com.sec.android.app.shealth,2026-01-07 18:59:59.999,4fc6352d-c05f-44bc-aaac-2605f16d809b,83.0,
,21313,63070031,1,2026-01-07 22:00:00.000,,c4338165-6637-4865-abab-266c798eb13b.com.samsung.health.heart_rate.binning_data.json,63070031,2026-01-07 23:07:48.132,2026-01-07 22:05:23.371,,102.0,64.0,,UTC-0300,tWUO8ZL77Z,,com.sec.android.app.shealth,2026-01-07 22:59:59.999,c4338165-6637-4865-abab-266c798eb13b,78.0,
,21313,63070031,1,2026-01-08 03:00:00.000,,ee48b877-af8d-4f50-bafa-ab0179bebc93.com.samsung.health.heart_rate.binning_data.json,63070031,2026-01-08 04:05:03.180,2026-01-08 03:09:54.194,,76.0,49.0,,UTC-0300,tWUO8ZL77Z,,com.sec.android.app.shealth,2026-01-08 03:59:59.999,ee48b877-af8d-4f50-bafa-ab0179bebc93,58.0,
,21313,63070031,1,2026-01-08 01:00:00.000,,f2cf86b4-16ad-4a80-9fee-6bf61179e360.com.samsung.health.heart_rate.binning_data.json,63070031,2026-01-08 02:08:30.066,2026-01-08 01:10:20.627,,88.0,62.0,,UTC-0300,tWUO8ZL77Z,,com.sec.android.app.shealth,2026-01-08 01:59:59.999,f2cf86b4-16ad-4a80-9fee-6bf61179e360,73.0,
,21313,63070031,1,2026-01-08 10:00:00.000,,58d0e29f-a6a2-446b-a794-47ed1687516d.com.samsung.health.heart_rate.binning_data.json,63070031,2026-01-08 11:09:50.996,2026-01-08 10:06:11.601,,103.0,59.0,,UTC-0300,tWUO8ZL77Z,,com.sec.android.app.shealth,2026-01-08 10:59:59.999,58d0e29f-a6a2-446b-a794-47ed1687516d,76.0,
,21313,63070031,1,2026-01-07 16:00:00.000,,c72e5373-4817-4541-9e45-a373783a9258.com.samsung.health.heart_rate.binning_data.json,63070031,2026-01-07 17:05:02.012,2026-01-07 16:08:38.451,,89.0,59.0,,UTC-0300,tWUO8ZL77Z,,com.sec.android.app.shealth,2026-01-07 16:59:59.999,c72e5373-4817-4541-9e45-a373783a9258,74.0,
,21313,63070031,1,2026-01-08 04:00:00.000,,36c5648d-a6c2-4a0c-8006-dc06bffbd571.com.samsung.health.heart_rate.binning_data.json,63070031,2026-01-08 05:06:41.596,2026-01-08 04:13:41.083,,84.0,46.0,,UTC-0300,tWUO8ZL77Z,,com.sec.android.app.shealth,2026-01-08 04:59:59.999,36c5648d-a6c2-4a0c-8006-dc06bffbd571,51.0,
,21313,63070031,1,2026-01-08 00:00:00.000,,6f6e0ded-6861-4b9b-b421-47506b9f8105.com.samsung.health.heart_rate.binning_data.json,63070031,2026-01-08 01:05:03.255,2026-01-08 00:50:16.549,,81.0,51.0,,UTC-0300,tWUO8ZL77Z,,com.sec.android.app.shealth,2026-01-08 00:59:59.999,6f6e0ded-6861-4b9b-b421-47506b9f8105,65.0,
,21313,63070031,1,2026-01-07 19:00:00.000,,3b6230a1-48cb-43d5-97d8-b85059330c74.com.samsung.health.heart_rate.binning_data.json,63070031,2026-01-07 20:00:53.272,2026-01-07 19:06:17.280,,105.0,60.0,,UTC-0300,tWUO8ZL77Z,,com.sec.android.app.shealth,2026-01-07 19:59:59.999,3b6230a1-48cb-43d5-97d8-b85059330c74,77.0,
,21313,63070031,1,2026-01-08 07:00:00.000,,3ed3d896-1b98-4cab-a4e1-41c805ce90da.com.samsung.health.heart_rate.binning_data.json,63070031,2026-01-08 08:06:14.673,2026-01-08 07:08:24.248,,63.0,43.0,,UTC-0300,tWUO8ZL77Z,,com.sec.android.app.shealth,2026-01-08 07:59:59.999,3ed3d896-1b98-4cab-a4e1-41c805ce90da,48.0,
,21313,63070031,1,2026-01-07 20:00:00.000,,41e0bd8b-29c7-4348-b079-58b393f843c6.com.samsung.health.heart_rate.binning_data.json,63070031,2026-01-07 21:07:47.261,2026-01-07 20:00:54.470,,108.0,74.0,,UTC-0300,tWUO8ZL77Z,,com.sec.android.app.shealth,2026-01-07 20:59:59.999,41e0bd8b-29c7-4348-b079-58b393f843c6,88.0,
,21313,63070031,1,2026-01-08 13:00:00.000,,9da7f0eb-7a72-40ae-a756-d65c4002edfe.com.samsung.health.heart_rate.binning_data.json,63070031,2026-01-08 14:01:12.733,2026-01-08 13:15:00.555,,111.0,62.0,,UTC-0300,tWUO8ZL77Z,,com.sec.android.app.shealth,2026-01-08 13:59:59.999,9da7f0eb-7a72-40ae-a756-d65c4002edfe,78.0,
,21313,63070031,1,2026-01-08 08:00:00.000,,31169d16-1c7f-4dc0-8a69-2fdaaccf2dd2.com.samsung.health.heart_rate.binning_data.json,63070031,2026-01-08 09:07:19.101,2026-01-08 08:06:14.925,,68.0,45.0,,UTC-0300,tWUO8ZL77Z,,com.sec.android.app.shealth,2026-01-08 08:59:59.999,31169d16-1c7f-4dc0-8a69-2fdaaccf2dd2,49.0,
,21313,63070031,1,2026-01-08 18:00:00.000,,ac6f42af-30c3-41bc-afd7-3648f2502750.com.samsung.health.heart_rate.binning_data.json,63070031,2026-01-08 19:05:52.026,2026-01-08 18:06:32.233,,110.0,75.0,,UTC-0300,tWUO8ZL77Z,,com.sec.android.app.shealth,2026-01-08 18:59:59.999,ac6f42af-30c3-41bc-afd7-3648f2502750,91.0,
,21313,63070031,1,2026-01-08 05:00:00.000,,adbc51ab-fed5-40a4-8f72-2d3e8c1c8575.com.samsung.health.heart_rate.binning_data.json,63070031,2026-01-08 06:08:15.653,2026-01-08 05:08:05.793,,61.0,46.0,,UTC-0300,tWUO8ZL77Z,,com.sec.android.app.shealth,2026-01-08 05:59:59.999,adbc51ab-fed5-40a4-8f72-2d3e8c1c8575,49.0,
,21313,63070031,1,2026-01-08 14:00:00.000,,2ebf7a74-0b30-4fb0-a390-0b9ffe82b355.com.samsung.health.heart_rate.binning_data.json,63070031,2026-01-08 15:01:56.424,2026-01-08 14:01:13.626,,104.0,61.0,,UTC-0300,tWUO8ZL77Z,,com.sec.android.app.shealth,2026-01-08 14:59:59.999,2ebf7a74-0b30-4fb0-a390-0b9ffe82b355,76.0,
,21313,63070031,1,2026-01-08 06:00:00.000,,4d938693-ffd1-44b0-9620-29efa75ea77f.com.samsung.health.heart_rate.binning_data.json,63070031,2026-01-08 07:06:25.579,2026-01-08 06:10:23.054,,75.0,45.0,,UTC-0300,tWUO8ZL77Z,,com.sec.android.app.shealth,2026-01-08 06:59:59.999,4d938693-ffd1-44b0-9620-29efa75ea77f,49.0,
,21313,63070031,1,2026-01-08 11:00:00.000,,6706ef13-a459-44e6-997b-00f8d0687329.com.samsung.health.heart_rate.binning_data.json,63070031,2026-01-08 12:05:03.054,2026-01-08 11:10:31.450,,104.0,66.0,,UTC-0300,tWUO8ZL77Z,,com.sec.android.app.shealth,2026-01-08 11:59:59.999,6706ef13-a459-44e6-997b-00f8d0687329,85.0,
,21313,63070031,1,2026-01-08 09:00:00.000,,6ae3a42b-e63a-4826-b67a-9243068c7552.com.samsung.health.heart_rate.binning_data.json,63070031,2026-01-08 10:05:02.379,2026-01-08 09:08:43.664,,93.0,46.0,,UTC-0300,tWUO8ZL77Z,,com.sec.android.app.shealth,2026-01-08 09:59:59.999,6ae3a42b-e63a-4826-b67a-9243068c7552,58.0,
,21313,63070031,1,2026-01-08 16:00:00.000,,6228581e-b363-4c62-b383-4eab79098153.com.samsung.health.heart_rate.binning_data.json,63070031,2026-01-08 17:05:02.390,2026-01-08 16:04:19.849,,112.0,68.0,,UTC-0300,tWUO8ZL77Z,,com.sec.android.app.shealth,2026-01-08 16:59:59.999,6228581e-b363-4c62-b383-4eab79098153,87.0,
,21316,63070031,1,2026-01-08 04:11:10.889,,,63070031,2026-01-09 02:56:26.350,2026-01-08 04:20:50.308,,,,,UTC-0300,tWUO8ZL77Z,,com.sec.android.app.shealth,2026-01-08 04:11:10.889,a9bdeb43-84df-4ace-887a-383797954363,51.0,
,21313,63070031,1,2026-01-09 00:00:00.000,,523299ce-acb5-4cab-a728-659b03de5de8.com.samsung.health.heart_rate.binning_data.json,63070031,2026-01-09 01:05:03.822,2026-01-09 00:34:12.145,,89.0,62.0,,UTC-0300,tWUO8ZL77Z,,com.sec.android.app.shealth,2026-01-09 00:59:59.999,523299ce-acb5-4cab-a728-659b03de5de8,71.0,
,21313,63070031,1,2026-01-08 15:00:00.000,,1916310c-1bdb-48f0-8bfd-0c9ca8fba071.com.samsung.health.heart_rate.binning_data.json,63070031,2026-01-08 16:04:19.083,2026-01-08 15:01:56.855,,108.0,55.0,,UTC-0300,tWUO8ZL77Z,,com.sec.android.app.shealth,2026-01-08 15:59:59.999,1916310c-1bdb-48f0-8bfd-0c9ca8fba071,81.0,
,21313,63070031,1,2026-01-09 02:00:00.000,,2f2d92cd-4400-4963-9ae1-2a0e7be56946.com.samsung.health.heart_rate.binning_data.json,63070031,2026-01-09 03:06:37.168,2026-01-09 02:05:31.401,,78.0,49.0,,UTC-0300,tWUO8ZL77Z,,com.sec.android.app.shealth,2026-01-09 02:59:59.999,2f2d92cd-4400-4963-9ae1-2a0e7be56946,55.0,
,21313,63070031,1,2026-01-09 03:00:00.000,,77c2a46a-4c86-4daf-8904-9378c7618671.com.samsung.health.heart_rate.binning_data.json,63070031,2026-01-09 04:07:12.045,2026-01-09 03:06:37.446,,63.0,48.0,,UTC-0300,tWUO8ZL77Z,,com.sec.android.app.shealth,2026-01-09 03:59:59.999,77c2a46a-4c86-4daf-8904-9378c7618671,51.0,
,21313,63070031,1,2026-01-09 06:00:00.000,,fbab3779-c2ec-4bf9-b655-183fc8db6a20.com.samsung.health.heart_rate.binning_data.json,63070031,2026-01-09 07:00:42.452,2026-01-09 06:06:08.416,,67.0,47.0,,UTC-0300,tWUO8ZL77Z,,com.sec.android.app.shealth,2026-01-09 06:59:59.999,fbab3779-c2ec-4bf9-b655-183fc8db6a20,51.0,
,21313,63070031,1,2026-01-08 12:00:00.000,,6619bb2f-02f2-49b2-bd84-18be8fe67ce7.com.samsung.health.heart_rate.binning_data.json,63070031,2026-01-08 13:06:25.709,2026-01-08 12:14:49.486,,95.0,61.0,,UTC-0300,tWUO8ZL77Z,,com.sec.android.app.shealth,2026-01-08 12:59:59.999,6619bb2f-02f2-49b2-bd84-18be8fe67ce7,76.0,
,21313,63070031,1,2026-01-09 08:00:00.000,,520a361c-756f-47a2-a50e-775ef5ada1f1.com.samsung.health.heart_rate.binning_data.json,63070031,2026-01-09 09:04:51.618,2026-01-09 08:14:06.759,,83.0,44.0,,UTC-0300,tWUO8ZL77Z,,com.sec.android.app.shealth,2026-01-09 08:59:59.999,520a361c-756f-47a2-a50e-775ef5ada1f1,50.0,
,21313,63070031,1,2026-01-08 21:00:00.000,,76df34e0-6cd0-44d0-a725-1cf580e84095.com.samsung.health.heart_rate.binning_data.json,63070031,2026-01-09 00:34:08.957,2026-01-08 21:06:03.157,,93.0,61.0,,UTC-0300,tWUO8ZL77Z,,com.sec.android.app.shealth,2026-01-08 21:59:59.999,76df34e0-6cd0-44d0-a725-1cf580e84095,71.0,
,21313,63070031,1,2026-01-08 19:00:00.000,,597ac80e-3e8d-4941-99cb-b6e68e016f3f.com.samsung.health.heart_rate.binning_data.json,63070031,2026-01-08 20:07:54.906,2026-01-08 19:05:52.319,,107.0,63.0,,UTC-0300,tWUO8ZL77Z,,com.sec.android.app.shealth,2026-01-08 19:59:59.999,597ac80e-3e8d-4941-99cb-b6e68e016f3f,81.0,
,21313,63070031,1,2026-01-09 05:00:00.000,,072074d7-c0e5-4a06-bcb9-0a173bb6c769.com.samsung.health.heart_rate.binning_data.json,63070031,2026-01-09 06:06:08.011,2026-01-09 05:05:36.901,,70.0,45.0,,UTC-0300,tWUO8ZL77Z,,com.sec.android.app.shealth,2026-01-09 05:59:59.999,072074d7-c0e5-4a06-bcb9-0a173bb6c769,49.0,
,21313,63070031,1,2026-01-08 17:00:00.000,,9ceda14b-2345-4671-9f39-58a1327ab34e.com.samsung.health.heart_rate.binning_data.json,63070031,2026-01-08 18:06:31.968,2026-01-08 17:07:42.083,,95.0,67.0,,UTC-0300,tWUO8ZL77Z,,com.sec.android.app.shealth,2026-01-08 17:59:59.999,9ceda14b-2345-4671-9f39-58a1327ab34e,81.0,
,21313,63070031,1,2026-01-09 01:00:00.000,,d4dc393a-9d85-4108-9084-4538d092e296.com.samsung.health.heart_rate.binning_data.json,63070031,2026-01-09 02:05:31.032,2026-01-09 01:05:05.324,,87.0,55.0,,UTC-0300,tWUO8ZL77Z,,com.sec.android.app.shealth,2026-01-09 01:59:59.999,d4dc393a-9d85-4108-9084-4538d092e296,62.0,
,21313,63070031,1,2026-01-08 20:00:00.000,,4946ddd1-0188-4e79-92cb-4cea5ff9feac.com.samsung.health.heart_rate.binning_data.json,63070031,2026-01-08 21:05:02.662,2026-01-08 20:10:17.346,,99.0,61.0,,UTC-0300,tWUO8ZL77Z,,com.sec.android.app.shealth,2026-01-08 20:59:59.999,4946ddd1-0188-4e79-92cb-4cea5ff9feac,76.0,
,21313,63070031,1,2026-01-09 04:00:00.000,,201264c5-bc02-4ed0-861a-476990a8fcae.com.samsung.health.heart_rate.binning_data.json,63070031,2026-01-09 05:05:24.949,2026-01-09 04:10:21.915,,69.0,45.0,,UTC-0300,tWUO8ZL77Z,,com.sec.android.app.shealth,2026-01-09 04:59:59.999,201264c5-bc02-4ed0-861a-476990a8fcae,51.0,
,21313,63070031,1,2026-01-09 07:00:00.000,,f238d1ab-8226-4b30-88c3-a5656053ce0f.com.samsung.health.heart_rate.binning_data.json,63070031,2026-01-09 08:09:28.064,2026-01-09 07:58:59.814,,72.0,44.0,,UTC-0300,tWUO8ZL77Z,,com.sec.android.app.shealth,2026-01-09 07:59:59.999,f238d1ab-8226-4b30-88c3-a5656053ce0f,48.0,
,21313,63070031,1,2026-01-09 09:00:00.000,,3fdc5fc8-c06b-4914-924f-43f528564cd7.com.samsung.health.heart_rate.binning_data.json,63070031,2026-01-09 10:05:03.186,2026-01-09 09:04:52.126,,92.0,47.0,,UTC-0300,tWUO8ZL77Z,,com.sec.android.app.shealth,2026-01-09 09:59:59.999,3fdc5fc8-c06b-4914-924f-43f528564cd7,66.0,
,21313,63070031,1,2026-01-09 14:00:00.000,,06732eaf-c588-4b82-8d43-09860cc5af2b.com.samsung.health.heart_rate.binning_data.json,63070031,2026-01-09 15:10:32.191,2026-01-09 14:10:00.059,,94.0,60.0,,UTC-0300,tWUO8ZL77Z,,com.sec.android.app.shealth,2026-01-09 14:59:59.999,06732eaf-c588-4b82-8d43-09860cc5af2b,76.0,
,21313,63070031,1,2026-01-09 15:00:00.000,,f68ca23e-e77e-40d3-b9d8-15c728970460.com.samsung.health.heart_rate.binning_data.json,63070031,2026-01-09 16:06:02.357,2026-01-09 15:14:59.925,,91.0,58.0,,UTC-0300,tWUO8ZL77Z,,com.sec.android.app.shealth,2026-01-09 15:59:59.999,f68ca23e-e77e-40d3-b9d8-15c728970460,73.0,
,21313,63070031,1,2026-01-09 16:00:00.000,,a2024026-4389-47c2-bcdf-2475d18f84b7.com.samsung.health.heart_rate.binning_data.json,63070031,2026-01-09 17:09:07.600,2026-01-09 16:06:02.649,,102.0,56.0,,UTC-0300,tWUO8ZL77Z,,com.sec.android.app.shealth,2026-01-09 16:59:59.999,a2024026-4389-47c2-bcdf-2475d18f84b7,73.0,
,21313,63070031,1,2026-01-09 10:00:00.000,,2988c053-efc7-4577-b58d-53a7882dd74c.com.samsung.health.heart_rate.binning_data.json,63070031,2026-01-09 11:04:11.631,2026-01-09 10:05:15.740,,111.0,59.0,,UTC-0300,tWUO8ZL77Z,,com.sec.android.app.shealth,2026-01-09 10:59:59.999,2988c053-efc7-4577-b58d-53a7882dd74c,76.0,
,21313,63070031,1,2026-01-09 11:00:00.000,,c64f36eb-60fd-4ca1-8bbd-b41f52b56ec5.com.samsung.health.heart_rate.binning_data.json,63070031,2026-01-09 12:05:03.369,2026-01-09 11:04:11.904,,90.0,62.0,,UTC-0300,tWUO8ZL77Z,,com.sec.android.app.shealth,2026-01-09 11:59:59.999,c64f36eb-60fd-4ca1-8bbd-b41f52b56ec5,77.0,
,21313,63070031,1,2026-01-09 22:00:00.000,,22d2f415-079c-408c-8099-a451e4d5a5e7.com.samsung.health.heart_rate.binning_data.json,63070031,2026-01-09 23:04:55.632,2026-01-09 22:51:20.963,,103.0,66.0,,UTC-0300,tWUO8ZL77Z,,com.sec.android.app.shealth,2026-01-09 22:59:59.999,22d2f415-079c-408c-8099-a451e4d5a5e7,81.0,
,21313,63070031,1,2026-01-09 19:00:00.000,,281e05e9-927f-46b1-8d86-43e2fd012f2c.com.samsung.health.heart_rate.binning_data.json,63070031,2026-01-09 20:08:33.519,2026-01-09 19:09:17.092,,92.0,46.0,,UTC-0300,tWUO8ZL77Z,,com.sec.android.app.shealth,2026-01-09 19:59:59.999,281e05e9-927f-46b1-8d86-43e2fd012f2c,71.0,
,21313,63070031,1,2026-01-10 00:00:00.000,,fdb96589-68f3-43b6-ad45-4b5ac9f82f51.com.samsung.health.heart_rate.binning_data.json,63070031,2026-01-10 01:07:31.560,2026-01-10 00:05:21.349,,90.0,63.0,,UTC-0300,tWUO8ZL77Z,,com.sec.android.app.shealth,2026-01-10 00:59:59.999,fdb96589-68f3-43b6-ad45-4b5ac9f82f51,74.0,
,21313,63070031,1,2026-01-09 17:00:00.000,,95715539-b991-4a57-b808-2b392e25e99b.com.samsung.health.heart_rate.binning_data.json,63070031,2026-01-09 18:05:17.944,2026-01-09 17:09:31.892,,88.0,62.0,,UTC-0300,tWUO8ZL77Z,,com.sec.android.app.shealth,2026-01-09 17:59:59.999,95715539-b991-4a57-b808-2b392e25e99b,77.0,
,21313,63070031,1,2026-01-09 12:00:00.000,,d4d3876d-12b8-4123-b2cc-b7faf546520c.com.samsung.health.heart_rate.binning_data.json,63070031,2026-01-09 13:05:44.219,2026-01-09 12:05:04.118,,105.0,69.0,,UTC-0300,tWUO8ZL77Z,,com.sec.android.app.shealth,2026-01-09 12:59:59.999,d4d3876d-12b8-4123-b2cc-b7faf546520c,85.0,
,21313,63070031,1,2026-01-09 23:00:00.000,,adbe2fd7-c301-4bc3-b418-1123196ef789.com.samsung.health.heart_rate.binning_data.json,63070031,2026-01-10 00:05:21.187,2026-01-09 23:05:14.105,,92.0,57.0,,UTC-0300,tWUO8ZL77Z,,com.sec.android.app.shealth,2026-01-09 23:59:59.999,adbe2fd7-c301-4bc3-b418-1123196ef789,72.0,
,21313,63070031,1,2026-01-10 06:00:00.000,,47e8052e-b6c9-4472-b327-9f5c448ca5c6.com.samsung.health.heart_rate.binning_data.json,63070031,2026-01-10 07:05:18.877,2026-01-10 06:10:42.889,,87.0,48.0,,UTC-0300,tWUO8ZL77Z,,com.sec.android.app.shealth,2026-01-10 06:59:59.999,47e8052e-b6c9-4472-b327-9f5c448ca5c6,62.0,
,21313,63070031,1,2026-01-09 13:00:00.000,,885130e0-f0dc-446f-84a9-16cafa5738f5.com.samsung.health.heart_rate.binning_data.json,63070031,2026-01-09 14:09:59.792,2026-01-09 13:05:44.372,,104.0,64.0,,UTC-0300,tWUO8ZL77Z,,com.sec.android.app.shealth,2026-01-09 13:59:59.999,885130e0-f0dc-446f-84a9-16cafa5738f5,82.0,
,21313,63070031,1,2026-01-10 07:00:00.000,,ac80a9d1-803a-4ec8-8292-9991422682bf.com.samsung.health.heart_rate.binning_data.json,63070031,2026-01-10 08:05:03.824,2026-01-10 07:05:23.753,,103.0,68.0,,UTC-0300,tWUO8ZL77Z,,com.sec.android.app.shealth,2026-01-10 07:59:59.999,ac80a9d1-803a-4ec8-8292-9991422682bf,86.0,
,21313,63070031,1,2026-01-10 02:00:00.000,,bb2ce8bb-b0be-4e5b-bc23-f5c124c17723.com.samsung.health.heart_rate.binning_data.json,63070031,2026-01-10 03:05:47.183,2026-01-10 02:05:55.201,,91.0,52.0,,UTC-0300,tWUO8ZL77Z,,com.sec.android.app.shealth,2026-01-10 02:59:59.999,bb2ce8bb-b0be-4e5b-bc23-f5c124c17723,64.0,
,21313,63070031,1,2026-01-09 18:00:00.000,,98350737-803a-4fb8-9728-e3851ff3b916.com.samsung.health.heart_rate.binning_data.json,63070031,2026-01-09 19:08:19.743,2026-01-09 18:09:44.051,,86.0,54.0,,UTC-0300,tWUO8ZL77Z,,com.sec.android.app.shealth,2026-01-09 18:59:59.999,98350737-803a-4fb8-9728-e3851ff3b916,61.0,
,21313,63070031,1,2026-01-10 04:00:00.000,,353e89ce-5042-4234-9688-f11bfdb3bee9.com.samsung.health.heart_rate.binning_data.json,63070031,2026-01-10 05:01:28.320,2026-01-10 04:08:34.562,,63.0,47.0,,UTC-0300,tWUO8ZL77Z,,com.sec.android.app.shealth,2026-01-10 04:59:59.999,353e89ce-5042-4234-9688-f11bfdb3bee9,51.0,
,21313,63070031,1,2026-01-10 01:00:00.000,,07aa01a9-3ead-49fd-acb3-3f1e5a14f34e.com.samsung.health.heart_rate.binning_data.json,63070031,2026-01-10 02:05:54.836,2026-01-10 01:15:00.650,,88.0,59.0,,UTC-0300,tWUO8ZL77Z,,com.sec.android.app.shealth,2026-01-10 01:59:59.999,07aa01a9-3ead-49fd-acb3-3f1e5a14f34e,75.0,
,21313,63070031,1,2026-01-10 08:00:00.000,,57f0d9c0-0bad-4fa5-a0eb-d22eea6b43ba.com.samsung.health.heart_rate.binning_data.json,63070031,2026-01-10 09:06:43.137,2026-01-10 08:05:04.108,,107.0,77.0,,UTC-0300,tWUO8ZL77Z,,com.sec.android.app.shealth,2026-01-10 08:59:59.999,57f0d9c0-0bad-4fa5-a0eb-d22eea6b43ba,90.0,
,21313,63070031,1,2026-01-10 05:00:00.000,,c91097d8-2b97-4219-be32-0df058dbba48.com.samsung.health.heart_rate.binning_data.json,63070031,2026-01-10 06:06:20.560,2026-01-10 05:01:28.437,,72.0,46.0,,UTC-0300,tWUO8ZL77Z,,com.sec.android.app.shealth,2026-01-10 05:59:59.999,c91097d8-2b97-4219-be32-0df058dbba48,52.0,
,21313,63070031,1,2026-01-09 20:00:00.000,,6c91e690-ecfd-4452-9062-837639200a24.com.samsung.health.heart_rate.binning_data.json,63070031,2026-01-09 22:47:26.386,2026-01-09 20:08:33.895,,94.0,52.0,,UTC-0300,tWUO8ZL77Z,,com.sec.android.app.shealth,2026-01-09 20:59:59.999,6c91e690-ecfd-4452-9062-837639200a24,71.0,
,21313,63070031,1,2026-01-10 09:00:00.000,,f14bb1f4-6943-413f-932a-e6260cf083c0.com.samsung.health.heart_rate.binning_data.json,63070031,2026-01-10 10:05:03.651,2026-01-10 09:07:09.243,,105.0,62.0,,UTC-0300,tWUO8ZL77Z,,com.sec.android.app.shealth,2026-01-10 09:59:59.999,f14bb1f4-6943-413f-932a-e6260cf083c0,76.0,
,21316,63070031,1,2026-01-10 02:40:30.893,,,63070031,2026-01-10 02:55:11.753,2026-01-10 02:55:11.753,,,,,UTC-0300,tWUO8ZL77Z,,com.sec.android.app.shealth,2026-01-10 02:40:30.893,663dbdea-411d-4197-8fe9-7c0116fc8c65,55.0,
,21313,63070031,1,2026-01-10 11:00:00.000,,fb18568f-a796-4020-a62d-9757a5e9adef.com.samsung.health.heart_rate.binning_data.json,63070031,2026-01-10 12:08:05.176,2026-01-10 11:07:11.342,,93.0,59.0,,UTC-0300,tWUO8ZL77Z,,com.sec.android.app.shealth,2026-01-10 11:59:59.999,fb18568f-a796-4020-a62d-9757a5e9adef,68.0,
,21313,63070031,1,2026-01-10 03:00:00.000,,2a982344-bf73-4aed-8448-6a2f44de9b6d.com.samsung.health.heart_rate.binning_data.json,63070031,2026-01-10 04:05:58.199,2026-01-10 03:06:41.900,,67.0,48.0,,UTC-0300,tWUO8ZL77Z,,com.sec.android.app.shealth,2026-01-10 03:59:59.999,2a982344-bf73-4aed-8448-6a2f44de9b6d,53.0,
,21313,63070031,1,2026-01-10 10:00:00.000,,eec01289-1664-418f-bff9-324093ea4fe6.com.samsung.health.heart_rate.binning_data.json,63070031,2026-01-10 11:07:11.049,2026-01-10 10:06:52.680,,83.0,59.0,,UTC-0300,tWUO8ZL77Z,,com.sec.android.app.shealth,2026-01-10 10:59:59.999,eec01289-1664-418f-bff9-324093ea4fe6,65.0,
,21316,63070031,1,2026-01-11 01:50:30.088,,,63070031,2026-01-11 02:59:59.546,2026-01-10 12:58:13.826,,,,,UTC-0300,tWUO8ZL77Z,,com.sec.android.app.shealth,2026-01-11 01:50:30.088,fcfd4f56-1c47-4ec5-a33e-995052fb7ae8,56.0,
,21313,63070031,1,2026-01-10 14:00:00.000,,983f62cf-ee08-495d-8efd-f3fc4637ea1c.com.samsung.health.heart_rate.binning_data.json,63070031,2026-01-10 15:05:02.257,2026-01-10 14:09:56.373,,85.0,57.0,,UTC-0300,tWUO8ZL77Z,,com.sec.android.app.shealth,2026-01-10 14:59:59.999,983f62cf-ee08-495d-8efd-f3fc4637ea1c,65.0,
,21313,63070031,1,2026-01-10 12:00:00.000,,be4eb273-3815-48c4-a854-2a5c20e5c9c7.com.samsung.health.heart_rate.binning_data.json,63070031,2026-01-10 13:05:02.089,2026-01-10 12:08:44.237,,90.0,54.0,,UTC-0300,tWUO8ZL77Z,,com.sec.android.app.shealth,2026-01-10 12:59:59.999,be4eb273-3815-48c4-a854-2a5c20e5c9c7,62.0,
,21313,63070031,1,2026-01-10 13:00:00.000,,9ee6fa99-78f8-4924-a099-7209f08dd86a.com.samsung.health.heart_rate.binning_data.json,63070031,2026-01-10 14:09:24.850,2026-01-10 13:08:15.561,,90.0,57.0,,UTC-0300,tWUO8ZL77Z,,com.sec.android.app.shealth,2026-01-10 13:59:59.999,9ee6fa99-78f8-4924-a099-7209f08dd86a,68.0,
,21313,63070031,1,2026-01-10 15:00:00.000,,531399d4-4b66-4f11-89ff-ebf716892453.com.samsung.health.heart_rate.binning_data.json,63070031,2026-01-10 16:04:03.448,2026-01-10 15:06:24.689,,95.0,65.0,,UTC-0300,tWUO8ZL77Z,,com.sec.android.app.shealth,2026-01-10 15:59:59.999,531399d4-4b66-4f11-89ff-ebf716892453,81.0,
,21313,63070031,1,2026-01-10 16:00:00.000,,c42adb94-4bdd-453d-9831-38654c578f33.com.samsung.health.heart_rate.binning_data.json,63070031,2026-01-10 17:08:26.636,2026-01-10 16:04:03.690,,110.0,59.0,,UTC-0300,tWUO8ZL77Z,,com.sec.android.app.shealth,2026-01-10 16:59:59.999,c42adb94-4bdd-453d-9831-38654c578f33,77.0,
,21313,63070031,1,2026-01-10 18:00:00.000,,a6c222ea-9897-4f1a-a38b-40e2e8c772a1.com.samsung.health.heart_rate.binning_data.json,63070031,2026-01-10 19:55:00.359,2026-01-10 18:09:26.187,,100.0,55.0,,UTC-0300,tWUO8ZL77Z,,com.sec.android.app.shealth,2026-01-10 18:59:59.999,a6c222ea-9897-4f1a-a38b-40e2e8c772a1,75.0,
,21313,63070031,1,2026-01-10 17:00:00.000,,c02489c0-8acd-46dc-af86-f5a24ec70062.com.samsung.health.heart_rate.binning_data.json,63070031,2026-01-10 18:09:26.030,2026-01-10 17:08:27.248,,94.0,59.0,,UTC-0300,tWUO8ZL77Z,,com.sec.android.app.shealth,2026-01-10 17:59:59.999,c02489c0-8acd-46dc-af86-f5a24ec70062,73.0,
,21313,63070031,1,2026-01-11 02:00:00.000,,3753e59f-c872-4314-8c1d-c1993890cd5b.com.samsung.health.heart_rate.binning_data.json,63070031,2026-01-11 03:05:02.156,2026-01-11 02:28:36.648,,84.0,51.0,,UTC-0300,tWUO8ZL77Z,,com.sec.android.app.shealth,2026-01-11 02:59:59.999,3753e59f-c872-4314-8c1d-c1993890cd5b,58.0,
,21313,63070031,1,2026-01-10 19:00:00.000,,06246303-02cb-492d-8379-29281b552aea.com.samsung.health.heart_rate.binning_data.json,63070031,2026-01-10 20:03:19.903,2026-01-10 19:55:32.330,,90.0,60.0,,UTC-0300,tWUO8ZL77Z,,com.sec.android.app.shealth,2026-01-10 19:59:59.999,06246303-02cb-492d-8379-29281b552aea,71.0,
,21313,63070031,1,2026-01-11 04:00:00.000,,81650735-6b3f-4c44-bd74-317115051dad.com.samsung.health.heart_rate.binning_data.json,63070031,2026-01-11 05:06:24.143,2026-01-11 04:08:09.932,,68.0,51.0,,UTC-0300,tWUO8ZL77Z,,com.sec.android.app.shealth,2026-01-11 04:59:59.999,81650735-6b3f-4c44-bd74-317115051dad,54.0,
,21313,63070031,1,2026-01-10 21:00:00.000,,e5e7f837-8616-4d9b-b7a1-cf28116e7fb9.com.samsung.health.heart_rate.binning_data.json,63070031,2026-01-10 22:03:01.589,2026-01-10 21:01:41.987,,92.0,60.0,,UTC-0300,tWUO8ZL77Z,,com.sec.android.app.shealth,2026-01-10 21:59:59.999,e5e7f837-8616-4d9b-b7a1-cf28116e7fb9,72.0,
,21313,63070031,1,2026-01-11 01:00:00.000,,970796ce-3fe3-4215-a011-9f608c43ab72.com.samsung.health.heart_rate.binning_data.json,63070031,2026-01-11 02:00:43.771,2026-01-11 01:26:30.725,,83.0,54.0,,UTC-0300,tWUO8ZL77Z,,com.sec.android.app.shealth,2026-01-11 01:59:59.999,970796ce-3fe3-4215-a011-9f608c43ab72,69.0,
,21313,63070031,1,2026-01-11 09:00:00.000,,fec9bbf8-d43f-452c-84f3-f62cc135340f.com.samsung.health.heart_rate.binning_data.json,63070031,2026-01-11 10:01:28.034,2026-01-11 09:09:40.644,,79.0,44.0,,UTC-0300,tWUO8ZL77Z,,com.sec.android.app.shealth,2026-01-11 09:59:59.999,fec9bbf8-d43f-452c-84f3-f62cc135340f,52.0,
,21313,63070031,1,2026-01-10 20:00:00.000,,8291920c-9ee8-4100-abb5-627c0fcc1a17.com.samsung.health.heart_rate.binning_data.json,63070031,2026-01-10 21:01:41.883,2026-01-10 20:03:20.722,,91.0,62.0,,UTC-0300,tWUO8ZL77Z,,com.sec.android.app.shealth,2026-01-10 20:59:59.999,8291920c-9ee8-4100-abb5-627c0fcc1a17,74.0,
,21313,63070031,1,2026-01-11 06:00:00.000,,850f3695-06b4-41b0-b832-22f4097322dc.com.samsung.health.heart_rate.binning_data.json,63070031,2026-01-11 07:05:03.006,2026-01-11 06:10:41.568,,65.0,47.0,,UTC-0300,tWUO8ZL77Z,,com.sec.android.app.shealth,2026-01-11 06:59:59.999,850f3695-06b4-41b0-b832-22f4097322dc,50.0,
,21313,63070031,1,2026-01-11 13:00:00.000,,e13bfe75-1b16-45fe-8736-570129140ee8.com.samsung.health.heart_rate.binning_data.json,63070031,2026-01-11 14:01:19.907,2026-01-11 13:02:30.455,,86.0,53.0,,UTC-0300,tWUO8ZL77Z,,com.sec.android.app.shealth,2026-01-11 13:59:59.999,e13bfe75-1b16-45fe-8736-570129140ee8,62.0,
,21313,63070031,1,2026-01-11 03:00:00.000,,5d21a344-bc2a-4054-beb0-3d9d08dee534.com.samsung.health.heart_rate.binning_data.json,63070031,2026-01-11 04:08:09.632,2026-01-11 03:12:11.211,,64.0,50.0,,UTC-0300,tWUO8ZL77Z,,com.sec.android.app.shealth,2026-01-11 03:59:59.999,5d21a344-bc2a-4054-beb0-3d9d08dee534,54.0,
,21313,63070031,1,2026-01-10 22:00:00.000,,b303a819-014a-4104-a6be-de598cde0e87.com.samsung.health.heart_rate.binning_data.json,63070031,2026-01-11 01:26:30.585,2026-01-10 22:03:01.784,,87.0,57.0,,UTC-0300,tWUO8ZL77Z,,com.sec.android.app.shealth,2026-01-10 22:59:59.999,b303a819-014a-4104-a6be-de598cde0e87,71.0,
,21313,63070031,1,2026-01-11 10:00:00.000,,1a8c168c-269b-429a-a3c0-9ea2423fddf1.com.samsung.health.heart_rate.binning_data.json,63070031,2026-01-11 11:04:41.760,2026-01-11 10:01:28.174,,98.0,51.0,,UTC-0300,tWUO8ZL77Z,,com.sec.android.app.shealth,2026-01-11 10:59:59.999,1a8c168c-269b-429a-a3c0-9ea2423fddf1,73.0,
,21316,63070031,1,2026-01-11 09:53:26.386,,,63070031,2026-01-11 13:49:56.855,2026-01-11 03:40:03.648,,,,,UTC-0300,tWUO8ZL77Z,,com.sec.android.app.shealth,2026-01-11 09:53:26.386,d451930e-e214-450c-b0b1-0f3522124ccf,52.0,
,21313,63070031,1,2026-01-11 08:00:00.000,,c7255026-f696-4c1b-94bf-5a3ef4f2f50c.com.samsung.health.heart_rate.binning_data.json,63070031,2026-01-11 09:05:23.952,2026-01-11 08:09:17.849,,63.0,44.0,,UTC-0300,tWUO8ZL77Z,,com.sec.android.app.shealth,2026-01-11 08:59:59.999,c7255026-f696-4c1b-94bf-5a3ef4f2f50c,49.0,
,21313,63070031,1,2026-01-11 21:00:00.000,,b2d48660-6b83-400e-8ebb-2e7de6fe86fa.com.samsung.health.heart_rate.binning_data.json,63070031,2026-01-11 22:02:49.728,2026-01-11 21:10:01.944,,101.0,62.0,,UTC-0300,tWUO8ZL77Z,,com.sec.android.app.shealth,2026-01-11 21:59:59.999,b2d48660-6b83-400e-8ebb-2e7de6fe86fa,78.0,
,21313,63070031,1,2026-01-11 05:00:00.000,,c51c9ba1-2fd1-4057-bf27-c4680f1b51e6.com.samsung.health.heart_rate.binning_data.json,63070031,2026-01-11 06:09:33.627,2026-01-11 05:06:35.549,,64.0,46.0,,UTC-0300,tWUO8ZL77Z,,com.sec.android.app.shealth,2026-01-11 05:59:59.999,c51c9ba1-2fd1-4057-bf27-c4680f1b51e6,52.0,
,21313,63070031,1,2026-01-11 11:00:00.000,,f7d278ab-14a5-48d4-8128-2505cc4f6e9d.com.samsung.health.heart_rate.binning_data.json,63070031,2026-01-11 12:05:56.570,2026-01-11 11:04:41.958,,90.0,56.0,,UTC-0300,tWUO8ZL77Z,,com.sec.android.app.shealth,2026-01-11 11:59:59.999,f7d278ab-14a5-48d4-8128-2505cc4f6e9d,71.0,
,21313,63070031,1,2026-01-11 17:00:00.000,,52e06e5f-df56-4db8-91a2-f8e4c4a378f7.com.samsung.health.heart_rate.binning_data.json,63070031,2026-01-11 18:04:47.006,2026-01-11 17:06:01.128,,97.0,57.0,,UTC-0300,tWUO8ZL77Z,,com.sec.android.app.shealth,2026-01-11 17:59:59.999,52e06e5f-df56-4db8-91a2-f8e4c4a378f7,67.0,
,21313,63070031,1,2026-01-11 07:00:00.000,,4b521f2e-e334-4e15-8451-d6cc0646c0f7.com.samsung.health.heart_rate.binning_data.json,63070031,2026-01-11 08:05:12.890,2026-01-11 07:10:21.535,,67.0,42.0,,UTC-0300,tWUO8ZL77Z,,com.sec.android.app.shealth,2026-01-11 07:59:59.999,4b521f2e-e334-4e15-8451-d6cc0646c0f7,50.0,
,21313,63070031,1,2026-01-11 15:00:00.000,,21632604-74de-49cc-b6ad-3a5185f0a90f.com.samsung.health.heart_rate.binning_data.json,63070031,2026-01-11 16:01:00.400,2026-01-11 15:02:46.050,,108.0,55.0,,UTC-0300,tWUO8ZL77Z,,com.sec.android.app.shealth,2026-01-11 15:59:59.999,21632604-74de-49cc-b6ad-3a5185f0a90f,79.0,
,21313,63070031,1,2026-01-11 14:00:00.000,,a2181f6d-78ea-45fb-a494-26ed688c436a.com.samsung.health.heart_rate.binning_data.json,63070031,2026-01-11 15:02:45.735,2026-01-11 14:01:20.017,,108.0,49.0,,UTC-0300,tWUO8ZL77Z,,com.sec.android.app.shealth,2026-01-11 14:59:59.999,a2181f6d-78ea-45fb-a494-26ed688c436a,70.0,
,21313,63070031,1,2026-01-11 20:00:00.000,,52a9f396-376d-457d-b7eb-68e37ad7272b.com.samsung.health.heart_rate.binning_data.json,63070031,2026-01-11 21:09:32.719,2026-01-11 20:01:00.541,,98.0,64.0,,UTC-0300,tWUO8ZL77Z,,com.sec.android.app.shealth,2026-01-11 20:59:59.999,52a9f396-376d-457d-b7eb-68e37ad7272b,77.0,
,21313,63070031,1,2026-01-11 12:00:00.000,,2fe149ff-f49a-4c24-90d7-4393492250c2.com.samsung.health.heart_rate.binning_data.json,63070031,2026-01-11 13:02:30.329,2026-01-11 12:05:56.743,,92.0,56.0,,UTC-0300,tWUO8ZL77Z,,com.sec.android.app.shealth,2026-01-11 12:59:59.999,2fe149ff-f49a-4c24-90d7-4393492250c2,70.0,
,21313,63070031,1,2026-01-12 01:00:00.000,,6b45658c-e04b-4fad-82b6-33911e2abf59.com.samsung.health.heart_rate.binning_data.json,63070031,2026-01-12 02:05:02.634,2026-01-12 01:00:59.773,,90.0,44.0,,UTC-0300,tWUO8ZL77Z,,com.sec.android.app.shealth,2026-01-12 01:59:59.999,6b45658c-e04b-4fad-82b6-33911e2abf59,52.0,
,21313,63070031,1,2026-01-12 07:00:00.000,,6021df25-2e57-427c-b803-f6a6f1ed42a6.com.samsung.health.heart_rate.binning_data.json,63070031,2026-01-12 08:05:02.010,2026-01-12 07:07:22.697,,75.0,48.0,,UTC-0300,tWUO8ZL77Z,,com.sec.android.app.shealth,2026-01-12 07:59:59.999,6021df25-2e57-427c-b803-f6a6f1ed42a6,54.0,
,21313,63070031,1,2026-01-11 18:00:00.000,,964441dc-9632-409d-925c-d254fe8f9296.com.samsung.health.heart_rate.binning_data.json,63070031,2026-01-11 19:05:02.482,2026-01-11 18:04:47.182,,100.0,58.0,,UTC-0300,tWUO8ZL77Z,,com.sec.android.app.shealth,2026-01-11 18:59:59.999,964441dc-9632-409d-925c-d254fe8f9296,74.0,
,21313,63070031,1,2026-01-11 16:00:00.000,,d05efd30-8aa4-44dc-a806-4d0f35dac2f4.com.samsung.health.heart_rate.binning_data.json,63070031,2026-01-11 17:06:00.887,2026-01-11 16:01:00.490,,87.0,51.0,,UTC-0300,tWUO8ZL77Z,,com.sec.android.app.shealth,2026-01-11 16:59:59.999,d05efd30-8aa4-44dc-a806-4d0f35dac2f4,62.0,
,21313,63070031,1,2026-01-11 23:00:00.000,,59a5c7ac-f487-43a1-9561-da3cb1eebdbf.com.samsung.health.heart_rate.binning_data.json,63070031,2026-01-12 00:04:28.564,2026-01-11 23:24:10.546,,83.0,54.0,,UTC-0300,tWUO8ZL77Z,,com.sec.android.app.shealth,2026-01-11 23:59:59.999,59a5c7ac-f487-43a1-9561-da3cb1eebdbf,62.0,
,21313,63070031,1,2026-01-11 19:00:00.000,,46f399dd-8161-4eea-82dd-640bad0c0602.com.samsung.health.heart_rate.binning_data.json,63070031,2026-01-11 20:01:00.381,2026-01-11 19:05:06.028,,101.0,58.0,,UTC-0300,tWUO8ZL77Z,,com.sec.android.app.shealth,2026-01-11 19:59:59.999,46f399dd-8161-4eea-82dd-640bad0c0602,72.0,
,21313,63070031,1,2026-01-12 04:00:00.000,,8381d79f-8d2e-45c7-8495-7eca57cab98a.com.samsung.health.heart_rate.binning_data.json,63070031,2026-01-12 05:05:03.317,2026-01-12 04:00:59.923,,90.0,43.0,,UTC-0300,tWUO8ZL77Z,,com.sec.android.app.shealth,2026-01-12 04:59:59.999,8381d79f-8d2e-45c7-8495-7eca57cab98a,50.0,
,21313,63070031,1,2026-01-12 06:00:00.000,,58370efa-94e3-420b-bc1c-cebad9df9171.com.samsung.health.heart_rate.binning_data.json,63070031,2026-01-12 07:07:03.354,2026-01-12 06:05:10.880,,72.0,41.0,,UTC-0300,tWUO8ZL77Z,,com.sec.android.app.shealth,2026-01-12 06:59:59.999,58370efa-94e3-420b-bc1c-cebad9df9171,49.0,
,21313,63070031,1,2026-01-11 22:00:00.000,,f7cc68c5-835e-4133-9838-a4d933f9ecee.com.samsung.health.heart_rate.binning_data.json,63070031,2026-01-11 23:24:10.326,2026-01-11 22:02:50.025,,92.0,57.0,,UTC-0300,tWUO8ZL77Z,,com.sec.android.app.shealth,2026-01-11 22:59:59.999,f7cc68c5-835e-4133-9838-a4d933f9ecee,72.0,
,21313,63070031,1,2026-01-12 00:00:00.000,,a06ceba4-b7e6-4f70-a3db-0c2bbabce2e4.com.samsung.health.heart_rate.binning_data.json,63070031,2026-01-12 01:00:59.679,2026-01-12 00:04:28.899,,86.0,46.0,,UTC-0300,tWUO8ZL77Z,,com.sec.android.app.shealth,2026-01-12 00:59:59.999,a06ceba4-b7e6-4f70-a3db-0c2bbabce2e4,58.0,
,21313,63070031,1,2026-01-12 02:00:00.000,,aa744cef-2bc5-41ea-9ab8-268206e23624.com.samsung.health.heart_rate.binning_data.json,63070031,2026-01-12 03:05:02.789,2026-01-12 02:05:15.912,,66.0,41.0,,UTC-0300,tWUO8ZL77Z,,com.sec.android.app.shealth,2026-01-12 02:59:59.999,aa744cef-2bc5-41ea-9ab8-268206e23624,48.0,
,21313,63070031,1,2026-01-12 05:00:00.000,,e18335bc-39f6-4825-a273-2fa321aef24d.com.samsung.health.heart_rate.binning_data.json,63070031,2026-01-12 06:05:03.567,2026-01-12 05:05:45.206,,80.0,43.0,,UTC-0300,tWUO8ZL77Z,,com.sec.android.app.shealth,2026-01-12 05:59:59.999,e18335bc-39f6-4825-a273-2fa321aef24d,51.0,
,21313,63070031,1,2026-01-12 03:00:00.000,,5055b305-7fa2-4d79-9ebe-7cb317dd6ffa.com.samsung.health.heart_rate.binning_data.json,63070031,2026-01-12 04:00:59.786,2026-01-12 03:05:29.082,,64.0,40.0,,UTC-0300,tWUO8ZL77Z,,com.sec.android.app.shealth,2026-01-12 03:59:59.999,5055b305-7fa2-4d79-9ebe-7cb317dd6ffa,48.0,
,21313,63070031,1,2026-01-12 08:00:00.000,,1f5d4701-975a-404b-951b-118beef21c79.com.samsung.health.heart_rate.binning_data.json,63070031,2026-01-12 09:05:02.977,2026-01-12 08:05:33.369,,111.0,50.0,,UTC-0300,tWUO8ZL77Z,,com.sec.android.app.shealth,2026-01-12 08:59:59.999,1f5d4701-975a-404b-951b-118beef21c79,86.0,
,21313,63070031,1,2026-01-12 09:00:00.000,,e70e1907-3f63-4883-844a-fc97b1c6fe13.com.samsung.health.heart_rate.binning_data.json,63070031,2026-01-12 10:05:03.137,2026-01-12 09:05:03.172,,100.0,41.0,,UTC-0300,tWUO8ZL77Z,,com.sec.android.app.shealth,2026-01-12 09:59:59.999,e70e1907-3f63-4883-844a-fc97b1c6fe13,62.0,
,21313,63070031,1,2026-01-12 11:00:00.000,,f1c43115-a1b7-4781-9ef5-06f2e3a3622c.com.samsung.health.heart_rate.binning_data.json,63070031,2026-01-12 12:00:01.518,2026-01-12 11:05:05.750,,100.0,44.0,,UTC-0300,tWUO8ZL77Z,,com.sec.android.app.shealth,2026-01-12 11:59:59.999,f1c43115-a1b7-4781-9ef5-06f2e3a3622c,61.0,
,21313,63070031,1,2026-01-12 10:00:00.000,,e0cbb42f-bf71-4bb6-82c4-bd5a6895fb6b.com.samsung.health.heart_rate.binning_data.json,63070031,2026-01-12 11:05:03.474,2026-01-12 10:06:01.156,,105.0,41.0,,UTC-0300,tWUO8ZL77Z,,com.sec.android.app.shealth,2026-01-12 10:59:59.999,e0cbb42f-bf71-4bb6-82c4-bd5a6895fb6b,78.0,
,21313,63070031,1,2026-01-12 12:00:00.000,,9dae8b0a-bdaa-4da3-b43f-1cbfa3bd74ab.com.samsung.health.heart_rate.binning_data.json,63070031,2026-01-12 13:06:34.655,2026-01-12 12:13:58.853,,89.0,53.0,,UTC-0300,tWUO8ZL77Z,,com.sec.android.app.shealth,2026-01-12 12:59:59.999,9dae8b0a-bdaa-4da3-b43f-1cbfa3bd74ab,65.0,
,21313,63070031,1,2026-01-12 13:00:00.000,,7b50e588-7098-4ad6-bc1a-dc8cb6ed8ae9.com.samsung.health.heart_rate.binning_data.json,63070031,2026-01-12 14:06:48.536,2026-01-12 13:06:34.885,,91.0,54.0,,UTC-0300,tWUO8ZL77Z,,com.sec.android.app.shealth,2026-01-12 13:59:59.999,7b50e588-7098-4ad6-bc1a-dc8cb6ed8ae9,67.0,
,21313,63070031,1,2026-01-12 14:00:00.000,,3af53145-95cf-4098-9067-a91a5aabb030.com.samsung.health.heart_rate.binning_data.json,63070031,2026-01-12 15:01:01.039,2026-01-12 14:08:18.218,,94.0,55.0,,UTC-0300,tWUO8ZL77Z,,com.sec.android.app.shealth,2026-01-12 14:59:59.999,3af53145-95cf-4098-9067-a91a5aabb030,74.0,
,21313,63070031,1,2026-01-12 15:00:00.000,,349afd3e-4575-4109-b609-ebd4c41e6cbb.com.samsung.health.heart_rate.binning_data.json,63070031,2026-01-12 16:02:20.485,2026-01-12 15:01:01.138,,97.0,61.0,,UTC-0300,tWUO8ZL77Z,,com.sec.android.app.shealth,2026-01-12 15:59:59.999,349afd3e-4575-4109-b609-ebd4c41e6cbb,79.0,
,21313,63070031,1,2026-01-12 16:00:00.000,,a4f9a30d-a71a-40e8-a9bb-02fcfa149e87.com.samsung.health.heart_rate.binning_data.json,63070031,2026-01-12 17:05:34.791,2026-01-12 16:02:20.619,,93.0,58.0,,UTC-0300,tWUO8ZL77Z,,com.sec.android.app.shealth,2026-01-12 16:59:59.999,a4f9a30d-a71a-40e8-a9bb-02fcfa149e87,74.0,
,21313,63070031,1,2026-01-12 17:00:00.000,,0ff00e66-e427-49a6-bfc1-7a51f084bbd6.com.samsung.health.heart_rate.binning_data.json,63070031,2026-01-12 18:10:54.558,2026-01-12 17:05:35.160,,84.0,51.0,,UTC-0300,tWUO8ZL77Z,,com.sec.android.app.shealth,2026-01-12 17:59:59.999,0ff00e66-e427-49a6-bfc1-7a51f084bbd6,63.0,
,21316,63070031,1,2026-01-12 17:23:09.695,,,63070031,2026-01-13 01:55:00.646,2026-01-12 17:54:11.633,,,,,UTC-0300,tWUO8ZL77Z,,com.sec.android.app.shealth,2026-01-12 17:23:09.695,72e783db-97bd-49f9-be95-b662def1c614,55.0,
,21313,63070031,1,2026-01-12 18:00:00.000,,d92422b0-96aa-4366-a6f4-f66804f07a90.com.samsung.health.heart_rate.binning_data.json,63070031,2026-01-12 19:05:03.191,2026-01-12 18:14:55.846,,85.0,59.0,,UTC-0300,tWUO8ZL77Z,,com.sec.android.app.shealth,2026-01-12 18:59:59.999,d92422b0-96aa-4366-a6f4-f66804f07a90,71.0,
,21313,63070031,1,2026-01-12 19:00:00.000,,a4bd2027-47f7-423e-afcf-2bc53927bda9.com.samsung.health.heart_rate.binning_data.json,63070031,2026-01-12 20:06:20.711,2026-01-12 19:07:31.578,,88.0,61.0,,UTC-0300,tWUO8ZL77Z,,com.sec.android.app.shealth,2026-01-12 19:59:59.999,a4bd2027-47f7-423e-afcf-2bc53927bda9,74.0,
,21313,63070031,1,2026-01-12 20:00:00.000,,935b2bcb-5ac2-4d82-beed-4149dbde374e.com.samsung.health.heart_rate.binning_data.json,63070031,2026-01-12 21:07:54.650,2026-01-12 20:06:20.918,,88.0,59.0,,UTC-0300,tWUO8ZL77Z,,com.sec.android.app.shealth,2026-01-12 20:59:59.999,935b2bcb-5ac2-4d82-beed-4149dbde374e,68.0,
,21313,63070031,1,2026-01-12 21:00:00.000,,bc97d2f0-0bf5-40ef-8f99-0a644e020c71.com.samsung.health.heart_rate.binning_data.json,63070031,2026-01-12 22:02:14.809,2026-01-12 21:07:54.923,,90.0,60.0,,UTC-0300,tWUO8ZL77Z,,com.sec.android.app.shealth,2026-01-12 21:59:59.999,bc97d2f0-0bf5-40ef-8f99-0a644e020c71,71.0,
,21313,63070031,1,2026-01-12 22:00:00.000,,268bd2ed-c716-4f2f-9c33-149e3b4a2375.com.samsung.health.heart_rate.binning_data.json,63070031,2026-01-12 23:03:11.023,2026-01-12 22:02:14.917,,93.0,61.0,,UTC-0300,tWUO8ZL77Z,,com.sec.android.app.shealth,2026-01-12 22:59:59.999,268bd2ed-c716-4f2f-9c33-149e3b4a2375,75.0,
,21313,63070031,1,2026-01-12 23:00:00.000,,1d1d543e-c50c-487e-966e-1b872a707724.com.samsung.health.heart_rate.binning_data.json,63070031,2026-01-13 00:04:44.084,2026-01-12 23:03:11.179,,90.0,58.0,,UTC-0300,tWUO8ZL77Z,,com.sec.android.app.shealth,2026-01-12 23:59:59.999,1d1d543e-c50c-487e-966e-1b872a707724,73.0,
,21313,63070031,1,2026-01-13 00:00:00.000,,6e1cc0eb-9d35-49f0-9f7d-69ddc67fb055.com.samsung.health.heart_rate.binning_data.json,63070031,2026-01-13 01:21:40.216,2026-01-13 00:04:44.220,,86.0,59.0,,UTC-0300,tWUO8ZL77Z,,com.sec.android.app.shealth,2026-01-13 00:59:59.999,6e1cc0eb-9d35-49f0-9f7d-69ddc67fb055,71.0,
,21313,63070031,1,2026-01-13 01:00:00.000,,71309c46-42e8-4514-b63d-71f733af566d.com.samsung.health.heart_rate.binning_data.json,63070031,2026-01-13 02:09:20.272,2026-01-13 01:21:40.471,,91.0,48.0,,UTC-0300,tWUO8ZL77Z,,com.sec.android.app.shealth,2026-01-13 01:59:59.999,71309c46-42e8-4514-b63d-71f733af566d,60.0,
,21313,63070031,1,2026-01-13 02:00:00.000,,104ee0d0-df14-4cf2-82c8-fd66c037bb07.com.samsung.health.heart_rate.binning_data.json,63070031,2026-01-13 03:05:09.380,2026-01-13 02:09:59.648,,66.0,46.0,,UTC-0300,tWUO8ZL77Z,,com.sec.android.app.shealth,2026-01-13 02:59:59.999,104ee0d0-df14-4cf2-82c8-fd66c037bb07,51.0,
,21313,63070031,1,2026-01-13 03:00:00.000,,5422e39e-7059-4239-806a-6e85663bcf0b.com.samsung.health.heart_rate.binning_data.json,63070031,2026-01-13 04:05:19.337,2026-01-13 03:10:10.339,,64.0,45.0,,UTC-0300,tWUO8ZL77Z,,com.sec.android.app.shealth,2026-01-13 03:59:59.999,5422e39e-7059-4239-806a-6e85663bcf0b,50.0,
,21313,63070031,1,2026-01-13 04:00:00.000,,82d5019a-4d14-4a4f-aa46-c7123b44aa38.com.samsung.health.heart_rate.binning_data.json,63070031,2026-01-13 05:05:28.456,2026-01-13 04:09:06.474,,70.0,45.0,,UTC-0300,tWUO8ZL77Z,,com.sec.android.app.shealth,2026-01-13 04:59:59.999,82d5019a-4d14-4a4f-aa46-c7123b44aa38,50.0,
,21313,63070031,1,2026-01-13 05:00:00.000,,63e7c401-0d33-4a1f-9481-d5f37c8a87f0.com.samsung.health.heart_rate.binning_data.json,63070031,2026-01-13 06:05:36.484,2026-01-13 05:10:28.995,,61.0,44.0,,UTC-0300,tWUO8ZL77Z,,com.sec.android.app.shealth,2026-01-13 05:59:59.999,63e7c401-0d33-4a1f-9481-d5f37c8a87f0,48.0,
,21313,63070031,1,2026-01-13 06:00:00.000,,75dad7a8-e9a9-4fb9-9b11-efb7ec44ff5b.com.samsung.health.heart_rate.binning_data.json,63070031,2026-01-13 07:05:45.535,2026-01-13 06:10:22.724,,68.0,42.0,,UTC-0300,tWUO8ZL77Z,,com.sec.android.app.shealth,2026-01-13 06:59:59.999,75dad7a8-e9a9-4fb9-9b11-efb7ec44ff5b,48.0,
,21313,63070031,1,2026-01-13 07:00:00.000,,d756b845-39d2-4292-8066-7bcf25844be8.com.samsung.health.heart_rate.binning_data.json,63070031,2026-01-13 08:05:55.332,2026-01-13 07:10:42.673,,83.0,43.0,,UTC-0300,tWUO8ZL77Z,,com.sec.android.app.shealth,2026-01-13 07:59:59.999,d756b845-39d2-4292-8066-7bcf25844be8,50.0,
,21313,63070031,1,2026-01-13 08:00:00.000,,4cc21e27-8f86-4f95-a31e-cdd4cbf7a23a.com.samsung.health.heart_rate.binning_data.json,63070031,2026-01-13 09:06:05.565,2026-01-13 08:06:17.562,,64.0,42.0,,UTC-0300,tWUO8ZL77Z,,com.sec.android.app.shealth,2026-01-13 08:59:59.999,4cc21e27-8f86-4f95-a31e-cdd4cbf7a23a,47.0,
,21313,63070031,1,2026-01-13 09:00:00.000,,9346d0f7-711e-4e16-bf7a-f770904e93b5.com.samsung.health.heart_rate.binning_data.json,63070031,2026-01-13 10:06:13.709,2026-01-13 09:09:06.247,,61.0,43.0,,UTC-0300,tWUO8ZL77Z,,com.sec.android.app.shealth,2026-01-13 09:59:59.999,9346d0f7-711e-4e16-bf7a-f770904e93b5,48.0,
,21313,63070031,1,2026-01-13 10:00:00.000,,ca842d7b-ee52-4022-b64a-33be4f03a303.com.samsung.health.heart_rate.binning_data.json,63070031,2026-01-13 11:05:01.586,2026-01-13 10:06:17.856,,78.0,45.0,,UTC-0300,tWUO8ZL77Z,,com.sec.android.app.shealth,2026-01-13 10:59:59.999,ca842d7b-ee52-4022-b64a-33be4f03a303,53.0,
,21316,63070031,1,2026-01-13 10:33:00.888,,,63070031,2026-01-14 00:46:02.033,2026-01-13 10:53:19.046,,,,,UTC-0300,tWUO8ZL77Z,,com.sec.android.app.shealth,2026-01-13 10:33:00.888,b812c98e-fd2d-4657-9259-7e8475635439,50.0,
,21313,63070031,1,2026-01-13 11:00:00.000,,a5f8fa07-a9ef-4a50-a676-4c5a1fa95e55.com.samsung.health.heart_rate.binning_data.json,63070031,2026-01-13 12:00:19.674,2026-01-13 11:08:30.118,,91.0,51.0,,UTC-0300,tWUO8ZL77Z,,com.sec.android.app.shealth,2026-01-13 11:59:59.999,a5f8fa07-a9ef-4a50-a676-4c5a1fa95e55,66.0,
,21313,63070031,1,2026-01-13 12:00:00.000,,8246ab76-4023-4675-9016-4eee792b8019.com.samsung.health.heart_rate.binning_data.json,63070031,2026-01-13 13:05:02.457,2026-01-13 12:13:53.505,,106.0,53.0,,UTC-0300,tWUO8ZL77Z,,com.sec.android.app.shealth,2026-01-13 12:59:59.999,8246ab76-4023-4675-9016-4eee792b8019,69.0,
,21313,63070031,1,2026-01-13 13:00:00.000,,8c31091a-1bca-4966-9761-24fbbe29acf1.com.samsung.health.heart_rate.binning_data.json,63070031,2026-01-13 14:05:54.003,2026-01-13 13:10:22.438,,104.0,50.0,,UTC-0300,tWUO8ZL77Z,,com.sec.android.app.shealth,2026-01-13 13:59:59.999,8c31091a-1bca-4966-9761-24fbbe29acf1,80.0,
,21313,63070031,1,2026-01-13 14:00:00.000,,e6ffd0e8-51c5-433c-b292-e4ac56f296d7.com.samsung.health.heart_rate.binning_data.json,63070031,2026-01-13 15:01:00.287,2026-01-13 14:05:54.303,,103.0,61.0,,UTC-0300,tWUO8ZL77Z,,com.sec.android.app.shealth,2026-01-13 14:59:59.999,e6ffd0e8-51c5-433c-b292-e4ac56f296d7,80.0,
,21313,63070031,1,2026-01-13 15:00:00.000,,e1a5bb51-6553-4a66-9942-062b3bb7452a.com.samsung.health.heart_rate.binning_data.json,63070031,2026-01-13 16:01:06.343,2026-01-13 15:01:00.385,,90.0,65.0,,UTC-0300,tWUO8ZL77Z,,com.sec.android.app.shealth,2026-01-13 15:59:59.999,e1a5bb51-6553-4a66-9942-062b3bb7452a,76.0,
,21313,63070031,1,2026-01-13 16:00:00.000,,8d34fedf-976f-43f8-94b7-e0f3036bea39.com.samsung.health.heart_rate.binning_data.json,63070031,2026-01-13 17:01:48.317,2026-01-13 16:01:06.472,,97.0,64.0,,UTC-0300,tWUO8ZL77Z,,com.sec.android.app.shealth,2026-01-13 16:59:59.999,8d34fedf-976f-43f8-94b7-e0f3036bea39,82.0,
,21313,63070031,1,2026-01-13 17:00:00.000,,be984eda-71ea-461f-8316-10ea341d0e3e.com.samsung.health.heart_rate.binning_data.json,63070031,2026-01-13 18:02:47.385,2026-01-13 17:01:48.420,,104.0,66.0,,UTC-0300,tWUO8ZL77Z,,com.sec.android.app.shealth,2026-01-13 17:59:59.999,be984eda-71ea-461f-8316-10ea341d0e3e,84.0,
,21313,63070031,1,2026-01-13 19:00:00.000,,e58ebf0a-f756-4de2-a699-96f901cc9e27.com.samsung.health.heart_rate.binning_data.json,63070031,2026-01-13 20:05:02.030,2026-01-13 19:02:42.216,,93.0,61.0,,UTC-0300,tWUO8ZL77Z,,com.sec.android.app.shealth,2026-01-13 19:59:59.999,e58ebf0a-f756-4de2-a699-96f901cc9e27,78.0,
,21313,63070031,1,2026-01-13 18:00:00.000,,48c67a8b-bf8f-4235-8563-3319e1a937ce.com.samsung.health.heart_rate.binning_data.json,63070031,2026-01-13 19:02:42.132,2026-01-13 18:02:47.510,,92.0,58.0,,UTC-0300,tWUO8ZL77Z,,com.sec.android.app.shealth,2026-01-13 18:59:59.999,48c67a8b-bf8f-4235-8563-3319e1a937ce,76.0,
,21313,63070031,1,2026-01-13 20:00:00.000,,96311255-9d52-4b07-92e7-bdce46d5314d.com.samsung.health.heart_rate.binning_data.json,63070031,2026-01-13 21:01:21.126,2026-01-13 20:07:34.384,,93.0,57.0,,UTC-0300,tWUO8ZL77Z,,com.sec.android.app.shealth,2026-01-13 20:59:59.999,96311255-9d52-4b07-92e7-bdce46d5314d,70.0,
,21313,63070031,1,2026-01-13 21:00:00.000,,a6337d42-7b89-431b-bf3b-a387183815a3.com.samsung.health.heart_rate.binning_data.json,63070031,2026-01-13 22:04:46.326,2026-01-13 21:01:21.215,,88.0,58.0,,UTC-0300,tWUO8ZL77Z,,com.sec.android.app.shealth,2026-01-13 21:59:59.999,a6337d42-7b89-431b-bf3b-a387183815a3,72.0,
,21313,63070031,1,2026-01-13 22:00:00.000,,a068ae0d-bcd0-4320-a046-17f6554fb3e4.com.samsung.health.heart_rate.binning_data.json,63070031,2026-01-13 23:17:41.376,2026-01-13 22:04:46.489,,85.0,63.0,,UTC-0300,tWUO8ZL77Z,,com.sec.android.app.shealth,2026-01-13 22:59:59.999,a068ae0d-bcd0-4320-a046-17f6554fb3e4,72.0,
,21313,63070031,1,2026-01-13 23:00:00.000,,96e03994-114e-404e-bda4-61496ead415c.com.samsung.health.heart_rate.binning_data.json,63070031,2026-01-14 00:02:17.954,2026-01-13 23:17:41.504,,89.0,52.0,,UTC-0300,tWUO8ZL77Z,,com.sec.android.app.shealth,2026-01-13 23:59:59.999,96e03994-114e-404e-bda4-61496ead415c,67.0,
,21313,63070031,1,2026-01-14 00:00:00.000,,327dc33e-d6ff-4d28-a841-eda907ab8190.com.samsung.health.heart_rate.binning_data.json,63070031,2026-01-14 01:06:32.956,2026-01-14 00:02:18.151,,83.0,45.0,,UTC-0300,tWUO8ZL77Z,,com.sec.android.app.shealth,2026-01-14 00:59:59.999,327dc33e-d6ff-4d28-a841-eda907ab8190,52.0,
,21313,63070031,1,2026-01-14 01:00:00.000,,fd04406e-80f2-43f0-bf59-37668043f58b.com.samsung.health.heart_rate.binning_data.json,63070031,2026-01-14 02:01:09.514,2026-01-14 01:09:01.357,,64.0,43.0,,UTC-0300,tWUO8ZL77Z,,com.sec.android.app.shealth,2026-01-14 01:59:59.999,fd04406e-80f2-43f0-bf59-37668043f58b,49.0,
,21313,63070031,1,2026-01-14 02:00:00.000,,e93a5be8-8ab7-4ed8-9843-8cc0cff248af.com.samsung.health.heart_rate.binning_data.json,63070031,2026-01-14 03:09:21.016,2026-01-14 02:01:09.761,,61.0,45.0,,UTC-0300,tWUO8ZL77Z,,com.sec.android.app.shealth,2026-01-14 02:59:59.999,e93a5be8-8ab7-4ed8-9843-8cc0cff248af,50.0,
,21313,63070031,1,2026-01-14 03:00:00.000,,8204a9c2-d4b8-4815-8113-4a6dc63371b8.com.samsung.health.heart_rate.binning_data.json,63070031,2026-01-14 04:04:53.305,2026-01-14 03:10:38.818,,62.0,44.0,,UTC-0300,tWUO8ZL77Z,,com.sec.android.app.shealth,2026-01-14 03:59:59.999,8204a9c2-d4b8-4815-8113-4a6dc63371b8,48.0,
,21313,63070031,1,2026-01-14 07:00:00.000,,551973ed-f5c9-4e32-9b8f-60cf1afc5b51.com.samsung.health.heart_rate.binning_data.json,63070031,2026-01-14 08:06:09.179,2026-01-14 07:10:41.463,,77.0,43.0,,UTC-0300,tWUO8ZL77Z,,com.sec.android.app.shealth,2026-01-14 07:59:59.999,551973ed-f5c9-4e32-9b8f-60cf1afc5b51,48.0,
,21313,63070031,1,2026-01-14 08:00:00.000,,6fce353d-52b5-4dc7-b3a2-2c31f7f6470f.com.samsung.health.heart_rate.binning_data.json,63070031,2026-01-14 09:01:27.256,2026-01-14 08:06:58.367,,76.0,41.0,,UTC-0300,tWUO8ZL77Z,,com.sec.android.app.shealth,2026-01-14 08:59:59.999,6fce353d-52b5-4dc7-b3a2-2c31f7f6470f,49.0,
,21313,63070031,1,2026-01-14 04:00:00.000,,9a0d3564-a423-4f4e-921d-7dffe524d30a.com.samsung.health.heart_rate.binning_data.json,63070031,2026-01-14 05:06:01.806,2026-01-14 04:04:53.598,,89.0,45.0,,UTC-0300,tWUO8ZL77Z,,com.sec.android.app.shealth,2026-01-14 04:59:59.999,9a0d3564-a423-4f4e-921d-7dffe524d30a,56.0,
,21316,63070031,1,2026-01-14 04:42:51.499,,,63070031,2026-01-15 01:25:04.555,2026-01-14 05:19:06.171,,,,,UTC-0300,tWUO8ZL77Z,,com.sec.android.app.shealth,2026-01-14 04:42:51.499,4602cb48-4325-49ab-9c3b-78c9706d6de0,48.0,
,21313,63070031,1,2026-01-14 05:00:00.000,,d08dec03-5e47-44d2-b75d-3a7862afeac8.com.samsung.health.heart_rate.binning_data.json,63070031,2026-01-14 06:05:50.197,2026-01-14 05:09:14.239,,77.0,44.0,,UTC-0300,tWUO8ZL77Z,,com.sec.android.app.shealth,2026-01-14 05:59:59.999,d08dec03-5e47-44d2-b75d-3a7862afeac8,50.0,
,21313,63070031,1,2026-01-14 06:00:00.000,,5c155fb4-1966-490f-8f6a-d4b8f37fc939.com.samsung.health.heart_rate.binning_data.json,63070031,2026-01-14 07:07:02.978,2026-01-14 06:06:53.072,,69.0,43.0,,UTC-0300,tWUO8ZL77Z,,com.sec.android.app.shealth,2026-01-14 06:59:59.999,5c155fb4-1966-490f-8f6a-d4b8f37fc939,48.0,
,21313,63070031,1,2026-01-14 09:00:00.000,,3928eacc-d9be-4e50-b0b2-48d592dee4ef.com.samsung.health.heart_rate.binning_data.json,63070031,2026-01-14 10:03:45.976,2026-01-14 09:01:27.370,,142.0,52.0,,UTC-0300,tWUO8ZL77Z,,com.sec.android.app.shealth,2026-01-14 09:59:59.999,3928eacc-d9be-4e50-b0b2-48d592dee4ef,90.0,
,21313,63070031,1,2026-01-14 10:00:00.000,,bfa18c96-222b-4fb2-81b8-d0da8c5230a8.com.samsung.health.heart_rate.binning_data.json,63070031,2026-01-14 11:05:27.501,2026-01-14 10:03:46.097,,109.0,64.0,,UTC-0300,tWUO8ZL77Z,,com.sec.android.app.shealth,2026-01-14 10:59:59.999,bfa18c96-222b-4fb2-81b8-d0da8c5230a8,89.0,
,21313,63070031,1,2026-01-14 11:00:00.000,,716d59c0-fc89-4964-8f63-ac5eba11cc71.com.samsung.health.heart_rate.binning_data.json,63070031,2026-01-14 12:01:47.622,2026-01-14 11:05:27.726,,93.0,62.0,,UTC-0300,tWUO8ZL77Z,,com.sec.android.app.shealth,2026-01-14 11:59:59.999,716d59c0-fc89-4964-8f63-ac5eba11cc71,79.0,
,21313,63070031,1,2026-01-14 17:00:00.000,,c5065f47-89e3-462b-9aba-c2bf00203cbe.com.samsung.health.heart_rate.binning_data.json,63070031,2026-01-14 18:04:28.873,2026-01-14 17:02:47.500,,88.0,59.0,,UTC-0300,tWUO8ZL77Z,,com.sec.android.app.shealth,2026-01-14 17:59:59.999,c5065f47-89e3-462b-9aba-c2bf00203cbe,69.0,
,21313,63070031,1,2026-01-14 12:00:00.000,,57075a97-5d08-4594-bfbf-ea0695f95227.com.samsung.health.heart_rate.binning_data.json,63070031,2026-01-14 13:01:08.205,2026-01-14 12:01:47.727,,97.0,72.0,,UTC-0300,tWUO8ZL77Z,,com.sec.android.app.shealth,2026-01-14 12:59:59.999,57075a97-5d08-4594-bfbf-ea0695f95227,83.0,
,21313,63070031,1,2026-01-14 13:00:00.000,,fd20ea84-15db-466f-963a-3471183490da.com.samsung.health.heart_rate.binning_data.json,63070031,2026-01-14 14:06:05.746,2026-01-14 13:01:08.546,,87.0,56.0,,UTC-0300,tWUO8ZL77Z,,com.sec.android.app.shealth,2026-01-14 13:59:59.999,fd20ea84-15db-466f-963a-3471183490da,66.0,
,21313,63070031,1,2026-01-14 14:00:00.000,,64152364-8c4d-47f6-a1d4-286d177a5f19.com.samsung.health.heart_rate.binning_data.json,63070031,2026-01-14 15:00:27.943,2026-01-14 14:06:06.300,,100.0,57.0,,UTC-0300,tWUO8ZL77Z,,com.sec.android.app.shealth,2026-01-14 14:59:59.999,64152364-8c4d-47f6-a1d4-286d177a5f19,75.0,
,21313,63070031,1,2026-01-14 15:00:00.000,,3f9eff00-e37e-4e9e-ba48-215d98b086e2.com.samsung.health.heart_rate.binning_data.json,63070031,2026-01-14 16:03:07.274,2026-01-14 15:18:01.622,,87.0,58.0,,UTC-0300,tWUO8ZL77Z,,com.sec.android.app.shealth,2026-01-14 15:59:59.999,3f9eff00-e37e-4e9e-ba48-215d98b086e2,67.0,
,21313,63070031,1,2026-01-14 16:00:00.000,,61c0fd46-9a6b-4062-bb0c-43484f368184.com.samsung.health.heart_rate.binning_data.json,63070031,2026-01-14 17:02:47.384,2026-01-14 16:03:07.407,,89.0,60.0,,UTC-0300,tWUO8ZL77Z,,com.sec.android.app.shealth,2026-01-14 16:59:59.999,61c0fd46-9a6b-4062-bb0c-43484f368184,70.0,
,21313,63070031,1,2026-01-14 18:00:00.000,,e013e3e1-a5a2-4161-a2ff-0dc053ec9c4f.com.samsung.health.heart_rate.binning_data.json,63070031,2026-01-14 19:05:30.028,2026-01-14 18:04:29.994,,102.0,65.0,,UTC-0300,tWUO8ZL77Z,,com.sec.android.app.shealth,2026-01-14 18:59:59.999,e013e3e1-a5a2-4161-a2ff-0dc053ec9c4f,76.0,
,21313,63070031,1,2026-01-14 19:00:00.000,,830653fd-684c-4180-86c5-91b4f5bb1c5a.com.samsung.health.heart_rate.binning_data.json,63070031,2026-01-14 20:01:44.524,2026-01-14 19:05:30.200,,124.0,68.0,,UTC-0300,tWUO8ZL77Z,,com.sec.android.app.shealth,2026-01-14 19:59:59.999,830653fd-684c-4180-86c5-91b4f5bb1c5a,92.0,
,21313,63070031,1,2026-01-14 20:00:00.000,,f9b88315-bdcc-42c2-8b5f-45318ee8e577.com.samsung.health.heart_rate.binning_data.json,63070031,2026-01-14 21:00:11.408,2026-01-14 20:01:44.760,,119.0,71.0,,UTC-0300,tWUO8ZL77Z,,com.sec.android.app.shealth,2026-01-14 20:59:59.999,f9b88315-bdcc-42c2-8b5f-45318ee8e577,95.0,
,21313,63070031,1,2026-01-14 21:00:00.000,,d11fec92-f95c-4912-905f-a85af343a4de.com.samsung.health.heart_rate.binning_data.json,63070031,2026-01-14 22:01:00.096,2026-01-14 21:01:38.866,,92.0,60.0,,UTC-0300,tWUO8ZL77Z,,com.sec.android.app.shealth,2026-01-14 21:59:59.999,d11fec92-f95c-4912-905f-a85af343a4de,72.0,
,21313,63070031,1,2026-01-14 22:00:00.000,,567676e0-359e-45cf-8e5b-b475973bf0c7.com.samsung.health.heart_rate.binning_data.json,63070031,2026-01-14 23:01:34.522,2026-01-14 22:01:00.202,,94.0,55.0,,UTC-0300,tWUO8ZL77Z,,com.sec.android.app.shealth,2026-01-14 22:59:59.999,567676e0-359e-45cf-8e5b-b475973bf0c7,70.0,
,21313,63070031,1,2026-01-14 23:00:00.000,,9087fbd6-5c27-4841-88a6-a1d911cf0be2.com.samsung.health.heart_rate.binning_data.json,63070031,2026-01-15 00:55:00.399,2026-01-14 23:01:34.601,,86.0,65.0,,UTC-0300,tWUO8ZL77Z,,com.sec.android.app.shealth,2026-01-14 23:59:59.999,9087fbd6-5c27-4841-88a6-a1d911cf0be2,74.0,
,21313,63070031,1,2026-01-15 05:00:00.000,,1ee34612-083e-4cd1-9c13-cc7417bc8b3f.com.samsung.health.heart_rate.binning_data.json,63070031,2026-01-15 06:05:43.769,2026-01-15 05:05:35.958,,72.0,43.0,,UTC-0300,tWUO8ZL77Z,,com.sec.android.app.shealth,2026-01-15 05:59:59.999,1ee34612-083e-4cd1-9c13-cc7417bc8b3f,49.0,
,21313,63070031,1,2026-01-15 00:00:00.000,,99331495-2b59-4215-a9a4-20f0fbfa5091.com.samsung.health.heart_rate.binning_data.json,63070031,2026-01-15 01:02:19.975,2026-01-15 00:55:00.588,,83.0,52.0,,UTC-0300,tWUO8ZL77Z,,com.sec.android.app.shealth,2026-01-15 00:59:59.999,99331495-2b59-4215-a9a4-20f0fbfa5091,57.0,
,21313,63070031,1,2026-01-15 01:00:00.000,,82564274-0880-4dbf-aacd-fb8a2244647f.com.samsung.health.heart_rate.binning_data.json,63070031,2026-01-15 02:06:09.837,2026-01-15 01:02:20.275,,68.0,47.0,,UTC-0300,tWUO8ZL77Z,,com.sec.android.app.shealth,2026-01-15 01:59:59.999,82564274-0880-4dbf-aacd-fb8a2244647f,53.0,
,21313,63070031,1,2026-01-15 02:00:00.000,,0da1a31f-81ef-431d-a98c-b53bc0f891a8.com.samsung.health.heart_rate.binning_data.json,63070031,2026-01-15 03:09:14.627,2026-01-15 02:09:05.256,,65.0,47.0,,UTC-0300,tWUO8ZL77Z,,com.sec.android.app.shealth,2026-01-15 02:59:59.999,0da1a31f-81ef-431d-a98c-b53bc0f891a8,51.0,
,21313,63070031,1,2026-01-15 03:00:00.000,,710c87c0-a764-49ec-be55-614445928532.com.samsung.health.heart_rate.binning_data.json,63070031,2026-01-15 04:06:04.195,2026-01-15 03:10:22.087,,73.0,45.0,,UTC-0300,tWUO8ZL77Z,,com.sec.android.app.shealth,2026-01-15 03:59:59.999,710c87c0-a764-49ec-be55-614445928532,51.0,
,21313,63070031,1,2026-01-15 06:00:00.000,,99107cad-1fc4-46ac-9598-f4745db860c9.com.samsung.health.heart_rate.binning_data.json,63070031,2026-01-15 07:09:02.277,2026-01-15 06:07:16.832,,59.0,40.0,,UTC-0300,tWUO8ZL77Z,,com.sec.android.app.shealth,2026-01-15 06:59:59.999,99107cad-1fc4-46ac-9598-f4745db860c9,45.0,
,21313,63070031,1,2026-01-15 04:00:00.000,,402dd875-5818-49d2-842f-f19668e0e976.com.samsung.health.heart_rate.binning_data.json,63070031,2026-01-15 05:05:29.231,2026-01-15 04:06:05.095,,76.0,44.0,,UTC-0300,tWUO8ZL77Z,,com.sec.android.app.shealth,2026-01-15 04:59:59.999,402dd875-5818-49d2-842f-f19668e0e976,50.0,
,21313,63070031,1,2026-01-15 07:00:00.000,,d9b22c0b-33c1-44bc-a5e1-09f9890c57d7.com.samsung.health.heart_rate.binning_data.json,63070031,2026-01-15 08:05:59.375,2026-01-15 07:13:57.677,,81.0,41.0,,UTC-0300,tWUO8ZL77Z,,com.sec.android.app.shealth,2026-01-15 07:59:59.999,d9b22c0b-33c1-44bc-a5e1-09f9890c57d7,48.0,
,21313,63070031,1,2026-01-15 08:00:00.000,,7fc6056f-5b24-4118-af2f-6dbdd79f1f72.com.samsung.health.heart_rate.binning_data.json,63070031,2026-01-15 09:06:07.329,2026-01-15 08:06:07.879,,66.0,41.0,,UTC-0300,tWUO8ZL77Z,,com.sec.android.app.shealth,2026-01-15 08:59:59.999,7fc6056f-5b24-4118-af2f-6dbdd79f1f72,46.0,
,21313,63070031,1,2026-01-15 11:00:00.000,,b6aa323c-48cc-4700-8b2f-16ad661d059c.com.samsung.health.heart_rate.binning_data.json,63070031,2026-01-15 12:04:19.342,2026-01-15 11:01:28.379,,136.0,67.0,,UTC-0300,tWUO8ZL77Z,,com.sec.android.app.shealth,2026-01-15 11:59:59.999,b6aa323c-48cc-4700-8b2f-16ad661d059c,89.0,
,21313,63070031,1,2026-01-15 09:00:00.000,,50aa2495-664c-4dc1-a811-7192d41687f0.com.samsung.health.heart_rate.binning_data.json,63070031,2026-01-15 10:08:09.731,2026-01-15 09:10:01.307,,88.0,44.0,,UTC-0300,tWUO8ZL77Z,,com.sec.android.app.shealth,2026-01-15 09:59:59.999,50aa2495-664c-4dc1-a811-7192d41687f0,52.0,
,21313,63070031,1,2026-01-15 10:00:00.000,,72a59ecc-d2db-47a5-9e90-c14a97ccd785.com.samsung.health.heart_rate.binning_data.json,63070031,2026-01-15 11:01:28.246,2026-01-15 10:08:10.107,,97.0,54.0,,UTC-0300,tWUO8ZL77Z,,com.sec.android.app.shealth,2026-01-15 10:59:59.999,72a59ecc-d2db-47a5-9e90-c14a97ccd785,73.0,
,21313,63070031,1,2026-01-15 12:00:00.000,,720d073a-5749-46c4-bed7-71c1a6e8f213.com.samsung.health.heart_rate.binning_data.json,63070031,2026-01-15 13:09:15.493,2026-01-15 12:04:19.527,,101.0,59.0,,UTC-0300,tWUO8ZL77Z,,com.sec.android.app.shealth,2026-01-15 12:59:59.999,720d073a-5749-46c4-bed7-71c1a6e8f213,84.0,
,21313,63070031,1,2026-01-15 13:00:00.000,,9da2bdd4-49e9-4111-b080-6d29516d9245.com.samsung.health.heart_rate.binning_data.json,63070031,2026-01-15 14:05:33.334,2026-01-15 13:09:23.162,,100.0,60.0,,UTC-0300,tWUO8ZL77Z,,com.sec.android.app.shealth,2026-01-15 13:59:59.999,9da2bdd4-49e9-4111-b080-6d29516d9245,79.0,
,21313,63070031,1,2026-01-15 15:00:00.000,,84c8f6d6-812e-40d0-9864-0014087df911.com.samsung.health.heart_rate.binning_data.json,63070031,2026-01-15 16:01:18.096,2026-01-15 15:03:05.579,,94.0,53.0,,UTC-0300,tWUO8ZL77Z,,com.sec.android.app.shealth,2026-01-15 15:59:59.999,84c8f6d6-812e-40d0-9864-0014087df911,76.0,
,21313,63070031,1,2026-01-15 14:00:00.000,,ea009ccf-b82d-4af2-9bac-a884fc2bb81c.com.samsung.health.heart_rate.binning_data.json,63070031,2026-01-15 15:03:03.975,2026-01-15 14:05:33.657,,88.0,57.0,,UTC-0300,tWUO8ZL77Z,,com.sec.android.app.shealth,2026-01-15 14:59:59.999,ea009ccf-b82d-4af2-9bac-a884fc2bb81c,72.0,
,21313,63070031,1,2026-01-15 16:00:00.000,,116af03c-297e-4125-ad80-028d969cf2ac.com.samsung.health.heart_rate.binning_data.json,63070031,2026-01-15 17:00:29.162,2026-01-15 16:01:18.266,,87.0,54.0,,UTC-0300,tWUO8ZL77Z,,com.sec.android.app.shealth,2026-01-15 16:59:59.999,116af03c-297e-4125-ad80-028d969cf2ac,70.0,
,21313,63070031,1,2026-01-15 17:00:00.000,,1427561f-b262-4edb-872d-63fd49cb478c.com.samsung.health.heart_rate.binning_data.json,63070031,2026-01-15 18:03:59.799,2026-01-15 17:04:58.631,,107.0,56.0,,UTC-0300,tWUO8ZL77Z,,com.sec.android.app.shealth,2026-01-15 17:59:59.999,1427561f-b262-4edb-872d-63fd49cb478c,75.0,
,21313,63070031,1,2026-01-15 18:00:00.000,,9181b321-c62d-439c-b39d-7c3c1864658a.com.samsung.health.heart_rate.binning_data.json,63070031,2026-01-15 19:02:04.970,2026-01-15 18:03:59.973,,105.0,60.0,,UTC-0300,tWUO8ZL77Z,,com.sec.android.app.shealth,2026-01-15 18:59:59.999,9181b321-c62d-439c-b39d-7c3c1864658a,78.0,
,21313,63070031,1,2026-01-15 19:00:00.000,,e82f46f2-9993-4770-b772-30da2630a1e7.com.samsung.health.heart_rate.binning_data.json,63070031,2026-01-15 20:02:00.688,2026-01-15 19:02:05.114,,118.0,77.0,,UTC-0300,tWUO8ZL77Z,,com.sec.android.app.shealth,2026-01-15 19:59:59.999,e82f46f2-9993-4770-b772-30da2630a1e7,92.0,
,21313,63070031,1,2026-01-15 20:00:00.000,,8b050c28-1ac9-4540-811a-47bdff1e5914.com.samsung.health.heart_rate.binning_data.json,63070031,2026-01-15 21:02:26.260,2026-01-15 20:02:00.847,,103.0,56.0,,UTC-0300,tWUO8ZL77Z,,com.sec.android.app.shealth,2026-01-15 20:59:59.999,8b050c28-1ac9-4540-811a-47bdff1e5914,82.0,
,21313,63070031,1,2026-01-15 21:00:00.000,,e6b9a552-f2a0-4909-802d-3ad6783e93b2.com.samsung.health.heart_rate.binning_data.json,63070031,2026-01-15 22:08:31.473,2026-01-15 21:02:26.390,,123.0,66.0,,UTC-0300,tWUO8ZL77Z,,com.sec.android.app.shealth,2026-01-15 21:59:59.999,e6b9a552-f2a0-4909-802d-3ad6783e93b2,85.0,
,21313,63070031,1,2026-01-15 22:00:00.000,,0e110c76-8e91-447f-b0f0-fdc66a4f2b1a.com.samsung.health.heart_rate.binning_data.json,63070031,2026-01-15 23:01:07.159,2026-01-15 22:08:31.799,,93.0,61.0,,UTC-0300,tWUO8ZL77Z,,com.sec.android.app.shealth,2026-01-15 22:59:59.999,0e110c76-8e91-447f-b0f0-fdc66a4f2b1a,79.0,
,21316,63070031,1,2026-01-15 09:51:53.568,,,63070031,2026-01-16 02:55:57.600,2026-01-15 18:29:02.123,,,,,UTC-0300,tWUO8ZL77Z,,com.sec.android.app.shealth,2026-01-15 09:51:53.568,630b5660-10f5-486b-9e6d-789487be2a6e,52.0,
,21313,63070031,1,2026-01-15 23:00:00.000,,14dc97ce-f147-40f3-9c56-dbca247c736f.com.samsung.health.heart_rate.binning_data.json,63070031,2026-01-16 01:46:12.999,2026-01-15 23:01:07.354,,98.0,56.0,,UTC-0300,tWUO8ZL77Z,,com.sec.android.app.shealth,2026-01-15 23:59:59.999,14dc97ce-f147-40f3-9c56-dbca247c736f,70.0,
,21313,63070031,1,2026-01-16 01:00:00.000,,06f76949-b0c0-41df-ace8-c8c45323593a.com.samsung.health.heart_rate.binning_data.json,63070031,2026-01-16 02:01:36.216,2026-01-16 01:46:13.397,,88.0,49.0,,UTC-0300,tWUO8ZL77Z,,com.sec.android.app.shealth,2026-01-16 01:59:59.999,06f76949-b0c0-41df-ace8-c8c45323593a,72.0,
,21313,63070031,1,2026-01-16 02:00:00.000,,5aa786be-0302-4e84-b683-d979a06dadad.com.samsung.health.heart_rate.binning_data.json,63070031,2026-01-16 03:05:03.421,2026-01-16 02:01:36.289,,83.0,50.0,,UTC-0300,tWUO8ZL77Z,,com.sec.android.app.shealth,2026-01-16 02:59:59.999,5aa786be-0302-4e84-b683-d979a06dadad,61.0,
,21313,63070031,1,2026-01-16 03:00:00.000,,dfb89e11-4362-43e7-b5a6-43b7dd26e393.com.samsung.health.heart_rate.binning_data.json,63070031,2026-01-16 04:06:08.528,2026-01-16 03:06:05.428,,71.0,50.0,,UTC-0300,tWUO8ZL77Z,,com.sec.android.app.shealth,2026-01-16 03:59:59.999,dfb89e11-4362-43e7-b5a6-43b7dd26e393,55.0,
,21313,63070031,1,2026-01-16 07:00:00.000,,c11af0f4-c06d-4aed-8781-c88d32d17258.com.samsung.health.heart_rate.binning_data.json,63070031,2026-01-16 08:07:57.766,2026-01-16 07:07:11.235,,68.0,46.0,,UTC-0300,tWUO8ZL77Z,,com.sec.android.app.shealth,2026-01-16 07:59:59.999,c11af0f4-c06d-4aed-8781-c88d32d17258,51.0,
,21313,63070031,1,2026-01-16 08:00:00.000,,cc5afe2c-5e50-4a12-99a5-8d08a66a33f7.com.samsung.health.heart_rate.binning_data.json,63070031,2026-01-16 09:10:04.564,2026-01-16 08:10:22.413,,70.0,44.0,,UTC-0300,tWUO8ZL77Z,,com.sec.android.app.shealth,2026-01-16 08:59:59.999,cc5afe2c-5e50-4a12-99a5-8d08a66a33f7,51.0,
,21313,63070031,1,2026-01-16 04:00:00.000,,9ed2c0ac-242d-4edc-96bb-f89421b7836d.com.samsung.health.heart_rate.binning_data.json,63070031,2026-01-16 05:01:13.009,2026-01-16 04:06:17.555,,70.0,46.0,,UTC-0300,tWUO8ZL77Z,,com.sec.android.app.shealth,2026-01-16 04:59:59.999,9ed2c0ac-242d-4edc-96bb-f89421b7836d,53.0,
,21313,63070031,1,2026-01-16 05:00:00.000,,93d37ad0-d51a-4ea7-b498-2348a6cbeaeb.com.samsung.health.heart_rate.binning_data.json,63070031,2026-01-16 06:05:09.947,2026-01-16 05:01:13.102,,67.0,48.0,,UTC-0300,tWUO8ZL77Z,,com.sec.android.app.shealth,2026-01-16 05:59:59.999,93d37ad0-d51a-4ea7-b498-2348a6cbeaeb,52.0,
,21313,63070031,1,2026-01-16 06:00:00.000,,19a8b10d-f8b4-4740-810c-ad2e9630a1df.com.samsung.health.heart_rate.binning_data.json,63070031,2026-01-16 07:07:10.904,2026-01-16 06:05:24.951,,71.0,47.0,,UTC-0300,tWUO8ZL77Z,,com.sec.android.app.shealth,2026-01-16 06:59:59.999,19a8b10d-f8b4-4740-810c-ad2e9630a1df,51.0,
,21316,63070031,1,2026-01-16 06:10:30.330,,,63070031,2026-01-17 02:55:00.084,2026-01-16 05:28:07.538,,,,,UTC-0300,tWUO8ZL77Z,,com.sec.android.app.shealth,2026-01-16 06:10:30.330,c3d667eb-a176-4bc3-b270-512a3237238b,50.0,
,21313,63070031,1,2026-01-16 09:00:00.000,,27504f22-6903-4c1e-b1fc-98d0b43bb2d2.com.samsung.health.heart_rate.binning_data.json,63070031,2026-01-16 10:07:25.916,2026-01-16 09:11:02.605,,89.0,47.0,,UTC-0300,tWUO8ZL77Z,,com.sec.android.app.shealth,2026-01-16 09:59:59.999,27504f22-6903-4c1e-b1fc-98d0b43bb2d2,67.0,
,21313,63070031,1,2026-01-16 10:00:00.000,,f8dae4d0-b680-44a3-a716-0cbb9a002866.com.samsung.health.heart_rate.binning_data.json,63070031,2026-01-16 11:01:12.463,2026-01-16 10:08:36.275,,133.0,56.0,,UTC-0300,tWUO8ZL77Z,,com.sec.android.app.shealth,2026-01-16 10:59:59.999,f8dae4d0-b680-44a3-a716-0cbb9a002866,82.0,
,21313,63070031,1,2026-01-16 12:00:00.000,,bdeab1c4-4f53-45d5-ab30-d29b685230b2.com.samsung.health.heart_rate.binning_data.json,63070031,2026-01-16 13:05:02.269,2026-01-16 12:01:35.083,,102.0,61.0,,UTC-0300,tWUO8ZL77Z,,com.sec.android.app.shealth,2026-01-16 12:59:59.999,bdeab1c4-4f53-45d5-ab30-d29b685230b2,80.0,
,21313,63070031,1,2026-01-16 11:00:00.000,,51d7c63f-ec03-4814-b5d3-420e9f0e9328.com.samsung.health.heart_rate.binning_data.json,63070031,2026-01-16 12:01:34.975,2026-01-16 11:01:12.546,,91.0,63.0,,UTC-0300,tWUO8ZL77Z,,com.sec.android.app.shealth,2026-01-16 11:59:59.999,51d7c63f-ec03-4814-b5d3-420e9f0e9328,77.0,
,21313,63070031,1,2026-01-16 13:00:00.000,,fe094d14-4f49-4790-8087-a9686bffd5cb.com.samsung.health.heart_rate.binning_data.json,63070031,2026-01-16 14:03:17.660,2026-01-16 13:06:31.220,,89.0,58.0,,UTC-0300,tWUO8ZL77Z,,com.sec.android.app.shealth,2026-01-16 13:59:59.999,fe094d14-4f49-4790-8087-a9686bffd5cb,71.0,
,21313,63070031,1,2026-01-16 14:00:00.000,,a6e4088c-27c5-4bfd-a1df-d3e4a2fdc2a4.com.samsung.health.heart_rate.binning_data.json,63070031,2026-01-16 15:01:29.326,2026-01-16 14:03:17.807,,94.0,55.0,,UTC-0300,tWUO8ZL77Z,,com.sec.android.app.shealth,2026-01-16 14:59:59.999,a6e4088c-27c5-4bfd-a1df-d3e4a2fdc2a4,72.0,
,21313,63070031,1,2026-01-16 17:00:00.000,,b35ea9f1-22df-4618-a6d6-66a899f36df8.com.samsung.health.heart_rate.binning_data.json,63070031,2026-01-16 18:03:22.293,2026-01-16 17:05:53.627,,89.0,60.0,,UTC-0300,tWUO8ZL77Z,,com.sec.android.app.shealth,2026-01-16 17:59:59.999,b35ea9f1-22df-4618-a6d6-66a899f36df8,74.0,
,21313,63070031,1,2026-01-16 18:00:00.000,,6f8f492e-258f-4c85-9ea8-920b190ccfcb.com.samsung.health.heart_rate.binning_data.json,63070031,2026-01-16 19:01:43.160,2026-01-16 18:03:22.442,,87.0,59.0,,UTC-0300,tWUO8ZL77Z,,com.sec.android.app.shealth,2026-01-16 18:59:59.999,6f8f492e-258f-4c85-9ea8-920b190ccfcb,76.0,
,21313,63070031,1,2026-01-16 19:00:00.000,,98242b3a-68e9-4574-a2cb-4b554633d244.com.samsung.health.heart_rate.binning_data.json,63070031,2026-01-16 20:01:03.258,2026-01-16 19:01:43.291,,111.0,65.0,,UTC-0300,tWUO8ZL77Z,,com.sec.android.app.shealth,2026-01-16 19:59:59.999,98242b3a-68e9-4574-a2cb-4b554633d244,83.0,
,21313,63070031,1,2026-01-16 20:00:00.000,,38b9a1f3-a062-46f7-bbd4-7d6e4e7a17ed.com.samsung.health.heart_rate.binning_data.json,63070031,2026-01-16 21:03:12.038,2026-01-16 20:01:03.397,,113.0,67.0,,UTC-0300,tWUO8ZL77Z,,com.sec.android.app.shealth,2026-01-16 20:59:59.999,38b9a1f3-a062-46f7-bbd4-7d6e4e7a17ed,88.0,
,21313,63070031,1,2026-01-16 21:00:00.000,,9a53042f-97a2-496b-9ed0-6cc45dd3bd06.com.samsung.health.heart_rate.binning_data.json,63070031,2026-01-16 22:01:00.217,2026-01-16 21:03:12.417,,95.0,64.0,,UTC-0300,tWUO8ZL77Z,,com.sec.android.app.shealth,2026-01-16 21:59:59.999,9a53042f-97a2-496b-9ed0-6cc45dd3bd06,77.0,
,21313,63070031,1,2026-01-16 22:00:00.000,,2a15dabf-1fa4-4ce2-b1e9-d66989515e05.com.samsung.health.heart_rate.binning_data.json,63070031,2026-01-16 23:00:59.929,2026-01-16 22:01:00.342,,124.0,58.0,,UTC-0300,tWUO8ZL77Z,,com.sec.android.app.shealth,2026-01-16 22:59:59.999,2a15dabf-1fa4-4ce2-b1e9-d66989515e05,82.0,
,21313,63070031,1,2026-01-16 15:00:00.000,,e3146d6e-cc1d-4f19-b050-bf21f941795a.com.samsung.health.heart_rate.binning_data.json,63070031,2026-01-16 16:01:34.778,2026-01-16 15:01:29.636,,104.0,60.0,,UTC-0300,tWUO8ZL77Z,,com.sec.android.app.shealth,2026-01-16 15:59:59.999,e3146d6e-cc1d-4f19-b050-bf21f941795a,78.0,
,21313,63070031,1,2026-01-17 01:00:00.000,,5c34435a-9e9d-4d09-8660-9304cb6267cc.com.samsung.health.heart_rate.binning_data.json,63070031,2026-01-17 02:05:01.816,2026-01-17 01:26:00.632,,87.0,49.0,,UTC-0300,tWUO8ZL77Z,,com.sec.android.app.shealth,2026-01-17 01:59:59.999,5c34435a-9e9d-4d09-8660-9304cb6267cc,62.0,
,21313,63070031,1,2026-01-17 08:00:00.000,,0dae241c-e644-4aa6-a795-d8c8968507a1.com.samsung.health.heart_rate.binning_data.json,63070031,2026-01-17 09:09:25.881,2026-01-17 08:05:08.941,,79.0,43.0,,UTC-0300,tWUO8ZL77Z,,com.sec.android.app.shealth,2026-01-17 08:59:59.999,0dae241c-e644-4aa6-a795-d8c8968507a1,51.0,
,21313,63070031,1,2026-01-16 16:00:00.000,,2174f274-ce7a-4385-ad4b-43c7dc31307b.com.samsung.health.heart_rate.binning_data.json,63070031,2026-01-16 17:05:22.664,2026-01-16 16:01:35.321,,95.0,57.0,,UTC-0300,tWUO8ZL77Z,,com.sec.android.app.shealth,2026-01-16 16:59:59.999,2174f274-ce7a-4385-ad4b-43c7dc31307b,69.0,
,21313,63070031,1,2026-01-16 23:00:00.000,,b41d5cb4-0866-41b6-b1d8-c712263b9506.com.samsung.health.heart_rate.binning_data.json,63070031,2026-01-17 01:26:00.503,2026-01-16 23:01:00.396,,82.0,58.0,,UTC-0300,tWUO8ZL77Z,,com.sec.android.app.shealth,2026-01-16 23:59:59.999,b41d5cb4-0866-41b6-b1d8-c712263b9506,65.0,
,21313,63070031,1,2026-01-17 07:00:00.000,,b17a0abd-442a-4c6a-ba91-e5c5dbfd8384.com.samsung.health.heart_rate.binning_data.json,63070031,2026-01-17 08:05:08.511,2026-01-17 07:06:17.907,,64.0,46.0,,UTC-0300,tWUO8ZL77Z,,com.sec.android.app.shealth,2026-01-17 07:59:59.999,b17a0abd-442a-4c6a-ba91-e5c5dbfd8384,51.0,
,21313,63070031,1,2026-01-17 02:00:00.000,,e6045ab9-56be-4de4-b716-c3b7353e66a3.com.samsung.health.heart_rate.binning_data.json,63070031,2026-01-17 03:07:59.044,2026-01-17 02:06:12.666,,83.0,52.0,,UTC-0300,tWUO8ZL77Z,,com.sec.android.app.shealth,2026-01-17 02:59:59.999,e6045ab9-56be-4de4-b716-c3b7353e66a3,58.0,
,21313,63070031,1,2026-01-17 05:00:00.000,,a49abb73-3623-452e-97fd-52fa9d7af6df.com.samsung.health.heart_rate.binning_data.json,63070031,2026-01-17 06:05:36.787,2026-01-17 05:06:10.792,,71.0,47.0,,UTC-0300,tWUO8ZL77Z,,com.sec.android.app.shealth,2026-01-17 05:59:59.999,a49abb73-3623-452e-97fd-52fa9d7af6df,51.0,
,21313,63070031,1,2026-01-17 03:00:00.000,,e0c03b33-6421-4760-999c-2db46dca2ee1.com.samsung.health.heart_rate.binning_data.json,63070031,2026-01-17 04:05:29.831,2026-01-17 03:14:59.943,,64.0,47.0,,UTC-0300,tWUO8ZL77Z,,com.sec.android.app.shealth,2026-01-17 03:59:59.999,e0c03b33-6421-4760-999c-2db46dca2ee1,53.0,
,21313,63070031,1,2026-01-17 04:00:00.000,,06e6e778-8ea1-4700-abce-5ff8d71d830c.com.samsung.health.heart_rate.binning_data.json,63070031,2026-01-17 05:05:33.244,2026-01-17 04:05:42.937,,65.0,48.0,,UTC-0300,tWUO8ZL77Z,,com.sec.android.app.shealth,2026-01-17 04:59:59.999,06e6e778-8ea1-4700-abce-5ff8d71d830c,52.0,
,21313,63070031,1,2026-01-17 09:00:00.000,,76b18d79-2fa5-416a-863b-6c1afd262ddd.com.samsung.health.heart_rate.binning_data.json,63070031,2026-01-17 10:01:28.103,2026-01-17 09:13:55.438,,76.0,43.0,,UTC-0300,tWUO8ZL77Z,,com.sec.android.app.shealth,2026-01-17 09:59:59.999,76b18d79-2fa5-416a-863b-6c1afd262ddd,48.0,
,21313,63070031,1,2026-01-17 06:00:00.000,,cfa8331b-afd2-46f0-bda3-8fd52ffe3725.com.samsung.health.heart_rate.binning_data.json,63070031,2026-01-17 07:06:07.654,2026-01-17 06:06:20.713,,74.0,44.0,,UTC-0300,tWUO8ZL77Z,,com.sec.android.app.shealth,2026-01-17 06:59:59.999,cfa8331b-afd2-46f0-bda3-8fd52ffe3725,53.0,
,21313,63070031,1,2026-01-17 10:00:00.000,,86e90b9c-c1dc-4e05-8592-d097a307fba0.com.samsung.health.heart_rate.binning_data.json,63070031,2026-01-17 11:01:42.681,2026-01-17 10:01:28.191,,98.0,53.0,,UTC-0300,tWUO8ZL77Z,,com.sec.android.app.shealth,2026-01-17 10:59:59.999,86e90b9c-c1dc-4e05-8592-d097a307fba0,73.0,
,21313,63070031,1,2026-01-17 11:00:00.000,,2055bb94-91a1-4861-af6a-7561c8662dc5.com.samsung.health.heart_rate.binning_data.json,63070031,2026-01-17 12:06:13.937,2026-01-17 11:01:42.824,,88.0,55.0,,UTC-0300,tWUO8ZL77Z,,com.sec.android.app.shealth,2026-01-17 11:59:59.999,2055bb94-91a1-4861-af6a-7561c8662dc5,68.0,
,21316,63070031,1,2026-01-17 22:00:34.773,,,63070031,2026-01-18 02:55:57.677,2026-01-17 12:55:00.277,,,,,UTC-0300,tWUO8ZL77Z,,com.sec.android.app.shealth,2026-01-17 22:00:34.773,0af3b413-b50a-483c-94be-545d9cc12905,54.0,
,21313,63070031,1,2026-01-17 12:00:00.000,,c0168794-7b3c-49c5-931c-ae1331d831c0.com.samsung.health.heart_rate.binning_data.json,63070031,2026-01-17 13:02:14.411,2026-01-17 12:06:30.853,,78.0,51.0,,UTC-0300,tWUO8ZL77Z,,com.sec.android.app.shealth,2026-01-17 12:59:59.999,c0168794-7b3c-49c5-931c-ae1331d831c0,59.0,
,21313,63070031,1,2026-01-17 13:00:00.000,,a0b04b7c-b8c9-439c-a89b-ec6bcc5c9729.com.samsung.health.heart_rate.binning_data.json,63070031,2026-01-17 14:02:35.016,2026-01-17 13:02:14.545,,90.0,51.0,,UTC-0300,tWUO8ZL77Z,,com.sec.android.app.shealth,2026-01-17 13:59:59.999,a0b04b7c-b8c9-439c-a89b-ec6bcc5c9729,70.0,
,21313,63070031,1,2026-01-17 14:00:00.000,,14bb125a-4350-4089-aa8d-ce1d03122e75.com.samsung.health.heart_rate.binning_data.json,63070031,2026-01-17 15:04:58.420,2026-01-17 14:02:35.401,,91.0,56.0,,UTC-0300,tWUO8ZL77Z,,com.sec.android.app.shealth,2026-01-17 14:59:59.999,14bb125a-4350-4089-aa8d-ce1d03122e75,75.0,
,21313,63070031,1,2026-01-17 17:00:00.000,,03aa70d5-28c2-4233-ae3e-682201aed7c6.com.samsung.health.heart_rate.binning_data.json,63070031,2026-01-17 18:09:41.760,2026-01-17 17:01:32.758,,109.0,72.0,,UTC-0300,tWUO8ZL77Z,,com.sec.android.app.shealth,2026-01-17 17:59:59.999,03aa70d5-28c2-4233-ae3e-682201aed7c6,85.0,
,21313,63070031,1,2026-01-17 20:00:00.000,,d36a92bc-acef-4b39-819f-241966f5c871.com.samsung.health.heart_rate.binning_data.json,63070031,2026-01-17 21:02:12.159,2026-01-17 20:01:40.629,,94.0,70.0,,UTC-0300,tWUO8ZL77Z,,com.sec.android.app.shealth,2026-01-17 20:59:59.999,d36a92bc-acef-4b39-819f-241966f5c871,84.0,
,21313,63070031,1,2026-01-17 15:00:00.000,,237075a6-3436-43ba-adfd-439dcef7392b.com.samsung.health.heart_rate.binning_data.json,63070031,2026-01-17 16:06:37.016,2026-01-17 15:04:58.766,,105.0,55.0,,UTC-0300,tWUO8ZL77Z,,com.sec.android.app.shealth,2026-01-17 15:59:59.999,237075a6-3436-43ba-adfd-439dcef7392b,81.0,
,21313,63070031,1,2026-01-17 16:00:00.000,,1ab0109f-06e1-45f9-ba27-3632685f2886.com.samsung.health.heart_rate.binning_data.json,63070031,2026-01-17 17:01:32.588,2026-01-17 16:06:38.367,,97.0,68.0,,UTC-0300,tWUO8ZL77Z,,com.sec.android.app.shealth,2026-01-17 16:59:59.999,1ab0109f-06e1-45f9-ba27-3632685f2886,80.0,
,21313,63070031,1,2026-01-17 18:00:00.000,,25f96436-3756-44b4-91bd-1a50a55f5ab9.com.samsung.health.heart_rate.binning_data.json,63070031,2026-01-17 19:12:57.979,2026-01-17 18:15:01.644,,112.0,72.0,,UTC-0300,tWUO8ZL77Z,,com.sec.android.app.shealth,2026-01-17 18:59:59.999,25f96436-3756-44b4-91bd-1a50a55f5ab9,88.0,
,21313,63070031,1,2026-01-17 19:00:00.000,,78e8c6b9-c88a-4f2e-a0f8-3c453647af52.com.samsung.health.heart_rate.binning_data.json,63070031,2026-01-17 20:01:40.477,2026-01-17 19:12:58.902,,111.0,78.0,,UTC-0300,tWUO8ZL77Z,,com.sec.android.app.shealth,2026-01-17 19:59:59.999,78e8c6b9-c88a-4f2e-a0f8-3c453647af52,92.0,
,21313,63070031,1,2026-01-17 21:00:00.000,,58df30b1-b9a2-46b7-bd2d-e5eb7f2969eb.com.samsung.health.heart_rate.binning_data.json,63070031,2026-01-17 22:06:39.405,2026-01-17 21:02:15.499,,91.0,52.0,,UTC-0300,tWUO8ZL77Z,,com.sec.android.app.shealth,2026-01-17 21:59:59.999,58df30b1-b9a2-46b7-bd2d-e5eb7f2969eb,70.0,
,21313,63070031,1,2026-01-17 22:00:00.000,,6a69a79d-4a82-482f-9dd5-dd1e2a3d4eae.com.samsung.health.heart_rate.binning_data.json,63070031,2026-01-17 23:03:23.029,2026-01-17 22:06:39.724,,84.0,52.0,,UTC-0300,tWUO8ZL77Z,,com.sec.android.app.shealth,2026-01-17 22:59:59.999,6a69a79d-4a82-482f-9dd5-dd1e2a3d4eae,66.0,
,21313,63070031,1,2026-01-17 23:00:00.000,,d535eb8f-4b8c-452c-b17e-55b4c313a2af.com.samsung.health.heart_rate.binning_data.json,63070031,2026-01-18 02:13:13.709,2026-01-17 23:03:23.222,,79.0,58.0,,UTC-0300,tWUO8ZL77Z,,com.sec.android.app.shealth,2026-01-17 23:59:59.999,d535eb8f-4b8c-452c-b17e-55b4c313a2af,68.0,
,21313,63070031,1,2026-01-18 02:00:00.000,,5d0ac5d0-8069-4e8e-a8d1-1eb01ff777ed.com.samsung.health.heart_rate.binning_data.json,63070031,2026-01-18 03:13:50.280,2026-01-18 02:13:51.623,,86.0,50.0,,UTC-0300,tWUO8ZL77Z,,com.sec.android.app.shealth,2026-01-18 02:59:59.999,5d0ac5d0-8069-4e8e-a8d1-1eb01ff777ed,62.0,
,21313,63070031,1,2026-01-18 03:00:00.000,,4ebdec67-3cea-49bc-9169-42fc977bb2f2.com.samsung.health.heart_rate.binning_data.json,63070031,2026-01-18 04:06:09.104,2026-01-18 03:14:59.896,,68.0,47.0,,UTC-0300,tWUO8ZL77Z,,com.sec.android.app.shealth,2026-01-18 03:59:59.999,4ebdec67-3cea-49bc-9169-42fc977bb2f2,53.0,
,21313,63070031,1,2026-01-18 09:00:00.000,,48f8c190-74d3-4037-b2a3-a1d0bf994470.com.samsung.health.heart_rate.binning_data.json,63070031,2026-01-18 10:01:01.154,2026-01-18 09:04:08.496,,64.0,42.0,,UTC-0300,tWUO8ZL77Z,,com.sec.android.app.shealth,2026-01-18 09:59:59.999,48f8c190-74d3-4037-b2a3-a1d0bf994470,46.0,
,21316,63070031,1,2026-01-18 04:00:30.769,,,63070031,2026-01-18 04:16:10.752,2026-01-18 03:45:58.499,,,,,UTC-0300,tWUO8ZL77Z,,com.sec.android.app.shealth,2026-01-18 04:00:30.769,8c7d773e-ea42-48db-b99e-d8ae4bb28c30,50.0,
,21313,63070031,1,2026-01-18 05:00:00.000,,d7026d2e-8878-40b4-8f70-60939c29188b.com.samsung.health.heart_rate.binning_data.json,63070031,2026-01-18 06:05:06.411,2026-01-18 05:07:34.587,,73.0,43.0,,UTC-0300,tWUO8ZL77Z,,com.sec.android.app.shealth,2026-01-18 05:59:59.999,d7026d2e-8878-40b4-8f70-60939c29188b,50.0,
,21313,63070031,1,2026-01-18 06:00:00.000,,2b90fe24-bd17-473a-898f-820a3ce31ccf.com.samsung.health.heart_rate.binning_data.json,63070031,2026-01-18 07:05:34.331,2026-01-18 06:05:48.357,,69.0,42.0,,UTC-0300,tWUO8ZL77Z,,com.sec.android.app.shealth,2026-01-18 06:59:59.999,2b90fe24-bd17-473a-898f-820a3ce31ccf,46.0,
,21313,63070031,1,2026-01-18 07:00:00.000,,fae8e2b8-f2a2-4973-8083-98469c8d5256.com.samsung.health.heart_rate.binning_data.json,63070031,2026-01-18 08:05:45.087,2026-01-18 07:05:48.135,,63.0,42.0,,UTC-0300,tWUO8ZL77Z,,com.sec.android.app.shealth,2026-01-18 07:59:59.999,fae8e2b8-f2a2-4973-8083-98469c8d5256,46.0,
,21313,63070031,1,2026-01-18 04:00:00.000,,48ca6863-dd07-4a4a-9984-e34f192268d9.com.samsung.health.heart_rate.binning_data.json,63070031,2026-01-18 05:07:34.311,2026-01-18 04:13:40.038,,69.0,45.0,,UTC-0300,tWUO8ZL77Z,,com.sec.android.app.shealth,2026-01-18 04:59:59.999,48ca6863-dd07-4a4a-9984-e34f192268d9,51.0,
,21313,63070031,1,2026-01-18 08:00:00.000,,51a34c7c-f25a-4e77-94a1-77f6eda2fde3.com.samsung.health.heart_rate.binning_data.json,63070031,2026-01-18 09:04:08.157,2026-01-18 08:06:07.294,,60.0,41.0,,UTC-0300,tWUO8ZL77Z,,com.sec.android.app.shealth,2026-01-18 08:59:59.999,51a34c7c-f25a-4e77-94a1-77f6eda2fde3,46.0,
,21313,63070031,1,2026-01-18 10:00:00.000,,9ca8490c-e03d-4abe-b86f-d399bb149976.com.samsung.health.heart_rate.binning_data.json,63070031,2026-01-18 11:05:03.091,2026-01-18 10:01:01.255,,90.0,45.0,,UTC-0300,tWUO8ZL77Z,,com.sec.android.app.shealth,2026-01-18 10:59:59.999,9ca8490c-e03d-4abe-b86f-d399bb149976,66.0,
,21313,63070031,1,2026-01-18 11:00:00.000,,441eb97b-38d9-43f4-b60c-b468213d9034.com.samsung.health.heart_rate.binning_data.json,63070031,2026-01-18 11:06:00.848,2026-01-18 11:06:00.848,,82.0,60.0,,UTC-0300,tWUO8ZL77Z,,com.sec.android.app.shealth,2026-01-18 11:06:00.828,441eb97b-38d9-43f4-b60c-b468213d9034,73.0,
