com.samsung.shealth.calories_burned.details,6307003,4
active_calories_goal,version,extra_data,exercise_calories,total_exercise_calories,com.samsung.shealth.calories_burned.create_sh_ver,com.samsung.shealth.calories_burned.tef_calorie,com.samsung.shealth.calories_burned.active_time,com.samsung.shealth.calories_burned.rest_calorie,com.samsung.shealth.calories_burned.modify_sh_ver,com.samsung.shealth.calories_burned.update_time,com.samsung.shealth.calories_burned.create_time,com.samsung.shealth.calories_burned.active_calorie,com.samsung.shealth.calories_burned.deviceuuid,com.samsung.shealth.calories_burned.pkg_name,com.samsung.shealth.calories_burned.datauuid,com.samsung.shealth.calories_burned.day_time
,,2ecd1782-a280-4a42-94d5-70af1aebcc0d.extra_data.json,,154.0,63051050,0.0,5953019,1218.9777,63060070,2025-11-30 22:59:32.390,2025-11-03 12:58:41.203,363.89255,Yrp2M34ZOI,com.sec.android.app.shealth,2ecd1782-a280-4a42-94d5-70af1aebcc0d,1762128000000,
,,7d9ee602-584a-4475-b6a4-724ee5996b8a.extra_data.json,,,,0.0,0,1320.8369,,2022-09-25 00:28:49.924,2022-09-25 00:28:49.924,0.0,R5wtjjS0Fd,com.sec.android.app.shealth,7d9ee602-584a-4475-b6a4-724ee5996b8a,1661644800000,
,,a36e1db0-fbeb-4e2a-aa3c-9b3b72174583.extra_data.json,,,,0.0,0,1320.8369,,2022-09-25 00:28:49.931,2022-09-25 00:28:49.931,0.0,R5wtjjS0Fd,com.sec.android.app.shealth,a36e1db0-fbeb-4e2a-aa3c-9b3b72174583,1661731200000,
,,6ef9c6cb-7c60-4a04-a3ac-1643deeeb5f6.extra_data.json,,,,0.0,0,1320.8369,,2022-09-25 00:28:50.025,2022-09-25 00:28:50.025,0.0,R5wtjjS0Fd,com.sec.android.app.shealth,6ef9c6cb-7c60-4a04-a3ac-1643deeeb5f6,1662336000000,
,,128ada88-52fe-4583-b914-34fce94c938a.extra_data.json,,,,0.0,0,1320.8369,,2022-09-25 00:28:49.943,2022-09-25 00:28:49.943,0.0,R5wtjjS0Fd,com.sec.android.app.shealth,128ada88-52fe-4583-b914-34fce94c938a,1661817600000,
,,50cb1c14-1886-4c5a-ba09-29ea2c1e9c4b.extra_data.json,,,,0.0,0,1320.8369,,2022-09-25 00:28:49.951,2022-09-25 00:28:49.951,0.0,R5wtjjS0Fd,com.sec.android.app.shealth,50cb1c14-1886-4c5a-ba09-29ea2c1e9c4b,1661904000000,
,,84ea07c0-a93e-4ad6-865b-81fae2db55e6.extra_data.json,,,,0.0,0,1320.8369,,2022-09-25 00:28:50.092,2022-09-25 00:28:50.092,0.0,R5wtjjS0Fd,com.sec.android.app.shealth,84ea07c0-a93e-4ad6-865b-81fae2db55e6,1662854400000,
,,e23a4d11-b10e-458d-a147-dc6163ccfa10.extra_data.json,,,,0.0,0,1320.8369,,2022-09-25 00:28:49.968,2022-09-25 00:28:49.968,0.0,R5wtjjS0Fd,com.sec.android.app.shealth,e23a4d11-b10e-458d-a147-dc6163ccfa10,1661990400000,
,,97ba72fe-e7ed-4f1a-a83e-9bf417bff762.extra_data.json,,,,0.0,0,1320.8369,,2022-09-25 00:28:50.070,2022-09-25 00:28:50.070,0.0,R5wtjjS0Fd,com.sec.android.app.shealth,97ba72fe-e7ed-4f1a-a83e-9bf417bff762,1662681600000,
,,8d6ef536-a440-4f15-8248-21a79509eaee.extra_data.json,,,,0.0,0,1320.8369,,2022-09-25 00:28:49.979,2022-09-25 00:28:49.979,0.0,R5wtjjS0Fd,com.sec.android.app.shealth,8d6ef536-a440-4f15-8248-21a79509eaee,1662076800000,
,,6358cc47-c9ee-47f4-9838-f84ae8254132.extra_data.json,,,,0.0,0,1320.8369,,2022-09-25 00:28:49.996,2022-09-25 00:28:49.996,0.0,R5wtjjS0Fd,com.sec.android.app.shealth,6358cc47-c9ee-47f4-9838-f84ae8254132,1662163200000,
,,ca86e550-b4e1-470c-8487-42115c55fb89.extra_data.json,,,,0.0,0,1320.8369,,2022-09-25 00:28:50.038,2022-09-25 00:28:50.038,0.0,R5wtjjS0Fd,com.sec.android.app.shealth,ca86e550-b4e1-470c-8487-42115c55fb89,1662422400000,
,,eae16962-4921-49d8-9860-06032a88b7b8.extra_data.json,,,,0.0,0,1320.8369,,2022-09-25 00:28:50.079,2022-09-25 00:28:50.079,0.0,R5wtjjS0Fd,com.sec.android.app.shealth,eae16962-4921-49d8-9860-06032a88b7b8,1662768000000,
,,8de6859e-130b-4cb9-bd82-2198d2e1893a.extra_data.json,,,,0.0,0,1320.8369,,2022-09-25 00:28:50.154,2022-09-25 00:28:50.154,0.0,R5wtjjS0Fd,com.sec.android.app.shealth,8de6859e-130b-4cb9-bd82-2198d2e1893a,1663545600000,
,,063959ee-d043-4987-9110-741f6e4b196a.extra_data.json,,,,0.0,0,1320.8369,,2022-09-25 00:28:50.010,2022-09-25 00:28:50.010,0.0,R5wtjjS0Fd,com.sec.android.app.shealth,063959ee-d043-4987-9110-741f6e4b196a,1662249600000,
,,65bf911d-db01-4963-a591-903ac19027e5.extra_data.json,,,,0.0,0,1320.8369,,2022-09-25 00:28:50.049,2022-09-25 00:28:50.049,0.0,R5wtjjS0Fd,com.sec.android.app.shealth,65bf911d-db01-4963-a591-903ac19027e5,1662508800000,
,,ecaed9df-32a2-49a9-ade3-03a18a2a8659.extra_data.json,,,,0.0,0,1320.8369,,2022-09-25 00:28:50.097,2022-09-25 00:28:50.097,0.0,R5wtjjS0Fd,com.sec.android.app.shealth,ecaed9df-32a2-49a9-ade3-03a18a2a8659,1662940800000,
,,56fd3ccc-4a4d-4c78-8309-35d1db0edb4d.extra_data.json,,,,0.0,0,1320.8369,,2022-09-25 00:28:50.137,2022-09-25 00:28:50.137,0.0,R5wtjjS0Fd,com.sec.android.app.shealth,56fd3ccc-4a4d-4c78-8309-35d1db0edb4d,1663372800000,
,,978a655e-1208-4f73-9c42-6c8511b72dcd.extra_data.json,,,,0.0,0,1320.8369,,2022-09-25 00:28:50.146,2022-09-25 00:28:50.146,0.0,R5wtjjS0Fd,com.sec.android.app.shealth,978a655e-1208-4f73-9c42-6c8511b72dcd,1663459200000,
,,dff5b8ce-b5ee-4fd1-bb2c-8fa8a2ab3dba.extra_data.json,,,,0.0,0,1320.8369,,2022-09-25 00:28:50.101,2022-09-25 00:28:50.101,0.0,R5wtjjS0Fd,com.sec.android.app.shealth,dff5b8ce-b5ee-4fd1-bb2c-8fa8a2ab3dba,1663027200000,
,,8e535eb0-f0e2-4549-9f19-8552952f457f.extra_data.json,,,,0.0,0,1320.8369,,2022-09-25 00:28:50.126,2022-09-25 00:28:50.126,0.0,R5wtjjS0Fd,com.sec.android.app.shealth,8e535eb0-f0e2-4549-9f19-8552952f457f,1663286400000,
,,f666f04f-b261-4a4d-b475-4e9da106b956.extra_data.json,,,,0.0,0,1320.8369,,2022-09-25 00:28:50.060,2022-09-25 00:28:50.060,0.0,R5wtjjS0Fd,com.sec.android.app.shealth,f666f04f-b261-4a4d-b475-4e9da106b956,1662595200000,
,,97a5e9d3-979e-4a59-9fc6-123d3b37647c.extra_data.json,,,,0.0,0,1320.8369,,2022-09-25 00:28:50.176,2022-09-25 00:28:50.176,0.0,R5wtjjS0Fd,com.sec.android.app.shealth,97a5e9d3-979e-4a59-9fc6-123d3b37647c,1663804800000,
,,8bc6c62b-7dd8-4ad9-863c-b8a1e9b8dda5.extra_data.json,,,,0.0,0,1320.8369,,2022-09-25 00:28:50.118,2022-09-25 00:28:50.118,0.0,R5wtjjS0Fd,com.sec.android.app.shealth,8bc6c62b-7dd8-4ad9-863c-b8a1e9b8dda5,1663200000000,
,,ed33c83a-270f-4cbb-a58a-bc0ff39ec885.extra_data.json,,,,0.0,1098399,1304.0452,,2022-10-02 03:51:18.089,2022-10-01 03:00:00.735,61.04,R5wtjjS0Fd,com.sec.android.app.shealth,ed33c83a-270f-4cbb-a58a-bc0ff39ec885,1664582400000,
,,e7598393-506b-4b36-982a-84490fec2f43.extra_data.json,,,,0.0,0,1320.8369,,2022-09-27 04:44:57.928,2022-09-26 03:00:00.710,0.0,R5wtjjS0Fd,com.sec.android.app.shealth,e7598393-506b-4b36-982a-84490fec2f43,1664150400000,
,,247b655d-4050-4658-80e9-c557650bb53c.extra_data.json,,,,0.0,0,1320.8369,,2022-09-26 03:00:00.778,2022-09-25 04:51:08.007,0.0,R5wtjjS0Fd,com.sec.android.app.shealth,247b655d-4050-4658-80e9-c557650bb53c,1664064000000,
,,7b5d92e7-53e5-4391-818e-b847626ef0b0.extra_data.json,,,,0.0,247457,1317.0538,,2022-09-28 04:43:29.730,2022-09-27 04:44:57.604,14.039999,R5wtjjS0Fd,com.sec.android.app.shealth,7b5d92e7-53e5-4391-818e-b847626ef0b0,1664236800000,
,,4348c44c-480c-4427-b308-57bcf6a8f230.extra_data.json,,,,0.0,0,1320.8369,,2022-09-25 00:28:50.112,2022-09-25 00:28:50.112,0.0,R5wtjjS0Fd,com.sec.android.app.shealth,4348c44c-480c-4427-b308-57bcf6a8f230,1663113600000,
,,637dca1a-dd59-444b-b732-820e4b418533.extra_data.json,,,,0.0,0,1320.8369,,2022-09-25 04:51:08.625,2022-09-25 00:28:49.462,0.0,R5wtjjS0Fd,com.sec.android.app.shealth,637dca1a-dd59-444b-b732-820e4b418533,1663977600000,
,,267e5b92-ed9e-49e5-b5eb-dbd0f7d058c7.extra_data.json,,,,0.0,0,1320.8369,,2022-09-25 00:28:50.160,2022-09-25 00:28:50.160,0.0,R5wtjjS0Fd,com.sec.android.app.shealth,267e5b92-ed9e-49e5-b5eb-dbd0f7d058c7,1663632000000,
,,e477ab10-c7c1-42e4-ac62-db0d51b1c48d.extra_data.json,,,,0.0,4807936,1247.3357,,2022-10-05 03:00:00.650,2022-10-04 03:23:49.303,291.531,R5wtjjS0Fd,com.sec.android.app.shealth,e477ab10-c7c1-42e4-ac62-db0d51b1c48d,1664841600000,
,,17e59856-c731-491e-ace4-83e992692aa7.extra_data.json,,,,0.0,0,1320.8369,,2022-09-25 00:28:50.167,2022-09-25 00:28:50.167,0.0,R5wtjjS0Fd,com.sec.android.app.shealth,17e59856-c731-491e-ace4-83e992692aa7,1663718400000,
,,70e1de47-2005-437c-9a7b-6669d5d02a21.extra_data.json,,,,0.0,0,1320.8369,,2022-09-25 00:28:50.181,2022-09-25 00:28:50.181,0.0,R5wtjjS0Fd,com.sec.android.app.shealth,70e1de47-2005-437c-9a7b-6669d5d02a21,1663891200000,
,,d61cdfc9-76b2-4593-bdd3-75258e570ea1.extra_data.json,,,,0.0,1012963,1305.3513,,2022-10-01 03:00:00.827,2022-09-30 04:20:03.812,62.480003,R5wtjjS0Fd,com.sec.android.app.shealth,d61cdfc9-76b2-4593-bdd3-75258e570ea1,1664496000000,
,,66e4cd3c-b667-4301-abc5-0e3dc8fd6e3f.extra_data.json,,,,0.0,1814427,1293.0989,,2022-10-07 03:19:25.252,2022-10-06 03:37:25.140,108.399994,R5wtjjS0Fd,com.sec.android.app.shealth,66e4cd3c-b667-4301-abc5-0e3dc8fd6e3f,1665014400000,
,,3c78b22e-9682-41e0-aca1-1db48b504e71.extra_data.json,,,,0.0,668304,1310.6202,,2022-09-29 03:12:39.312,2022-09-28 04:43:28.920,38.23,R5wtjjS0Fd,com.sec.android.app.shealth,3c78b22e-9682-41e0-aca1-1db48b504e71,1664323200000,
,,78900411-3206-4966-aa39-948a0ce40aec.extra_data.json,,,,0.0,1706433,1294.7499,,2022-10-06 03:37:25.589,2022-10-05 03:00:00.507,104.03003,R5wtjjS0Fd,com.sec.android.app.shealth,78900411-3206-4966-aa39-948a0ce40aec,1664928000000,
,,f32c155f-02c7-4585-9c4a-1b21306988d9.extra_data.json,,,,0.0,143405,1318.6445,,2022-10-03 03:00:00.539,2022-10-02 03:51:17.599,7.8399987,R5wtjjS0Fd,com.sec.android.app.shealth,f32c155f-02c7-4585-9c4a-1b21306988d9,1664668800000,
,,633197b9-5011-4b72-9763-81d9b6b22525.extra_data.json,,,,0.0,3828291,1262.312,,2022-10-15 03:56:03.663,2022-10-14 03:37:40.864,247.63335,R5wtjjS0Fd,com.sec.android.app.shealth,633197b9-5011-4b72-9763-81d9b6b22525,1665705600000,
,,0de318fe-77b9-4b74-b706-6371e4d1e983.extra_data.json,,,,0.0,1846503,1292.6085,,2022-10-11 03:00:01.730,2022-10-10 03:00:01.818,111.15001,R5wtjjS0Fd,com.sec.android.app.shealth,0de318fe-77b9-4b74-b706-6371e4d1e983,1665360000000,
,,ecce6548-49fe-4b9d-a458-48021bcf7cdb.extra_data.json,,,,0.0,1548324,1297.167,,2022-09-30 04:20:04.228,2022-09-29 03:12:38.460,94.51,R5wtjjS0Fd,com.sec.android.app.shealth,ecce6548-49fe-4b9d-a458-48021bcf7cdb,1664409600000,
,,4ec18249-bb07-4150-aeeb-fc63809362dc.extra_data.json,,,,0.0,837452,1308.0343,,2022-10-12 03:00:00.911,2022-10-11 03:00:01.640,52.58,R5wtjjS0Fd,com.sec.android.app.shealth,4ec18249-bb07-4150-aeeb-fc63809362dc,1665446400000,
,,8bdb233c-e48b-4ae3-81b9-8be2f771e105.extra_data.json,,,,0.0,2762301,1278.6083,,2022-10-04 03:23:50.037,2022-10-03 03:00:00.468,172.59001,R5wtjjS0Fd,com.sec.android.app.shealth,8bdb233c-e48b-4ae3-81b9-8be2f771e105,1664755200000,
,,ff2c06c3-837c-42b1-914c-8edca30b0175.extra_data.json,,,,0.0,2505911,1282.5278,,2022-10-20 05:27:59.482,2022-10-19 03:00:01.867,157.76999,R5wtjjS0Fd,com.sec.android.app.shealth,ff2c06c3-837c-42b1-914c-8edca30b0175,1666137600000,
,,8788cb40-1c4f-4c87-9aa4-68ab1179068f.extra_data.json,,,,0.0,2209958,1287.0521,,2022-10-08 03:00:02.444,2022-10-07 03:19:25.150,135.48,R5wtjjS0Fd,com.sec.android.app.shealth,8788cb40-1c4f-4c87-9aa4-68ab1179068f,1665100800000,
,,57a257f2-cff5-41a7-8814-ba4ccc579d35.extra_data.json,,,,0.0,0,1320.8369,,2022-10-16 03:00:01.770,2022-10-15 03:56:03.075,0.0,R5wtjjS0Fd,com.sec.android.app.shealth,57a257f2-cff5-41a7-8814-ba4ccc579d35,1665792000000,
,,e86a6fb4-c9ea-49a3-b37c-906e72396ab6.extra_data.json,,,,0.0,4436021,1253.0212,,2022-10-14 03:37:41.731,2022-10-13 03:14:37.987,285.02002,R5wtjjS0Fd,com.sec.android.app.shealth,e86a6fb4-c9ea-49a3-b37c-906e72396ab6,1665619200000,
,,454e2085-b677-465f-b742-037130e8943e.extra_data.json,,,,0.0,1071082,1304.4628,,2022-10-10 03:00:02.039,2022-10-09 03:01:03.375,63.350002,R5wtjjS0Fd,com.sec.android.app.shealth,454e2085-b677-465f-b742-037130e8943e,1665273600000,
,,a7d6f1cc-b4a6-4350-9f8c-134981dbb9e5.extra_data.json,,,,0.0,128731,1318.8689,,2022-10-24 03:42:37.032,2022-10-23 03:00:00.595,7.0999994,R5wtjjS0Fd,com.sec.android.app.shealth,a7d6f1cc-b4a6-4350-9f8c-134981dbb9e5,1666483200000,
,,bfd98282-04f3-4fce-836c-7d76c0d87430.extra_data.json,,,,0.0,1819943,1293.0145,,2022-10-18 03:06:55.274,2022-10-17 03:00:01.560,112.07,R5wtjjS0Fd,com.sec.android.app.shealth,bfd98282-04f3-4fce-836c-7d76c0d87430,1665964800000,
,,02e3cbc2-9a8f-4bc3-a1b2-7c7857175611.extra_data.json,,,,0.0,4569211,1250.9852,,2022-10-26 03:26:18.576,2022-10-25 03:24:10.516,288.68268,R5wtjjS0Fd,com.sec.android.app.shealth,02e3cbc2-9a8f-4bc3-a1b2-7c7857175611,1666656000000,
,,e9f8643b-56ff-437d-be94-089bbb8a75a1.extra_data.json,,,,0.0,470205,1313.6486,,2022-10-13 03:14:38.339,2022-10-12 03:00:00.573,26.37,R5wtjjS0Fd,com.sec.android.app.shealth,e9f8643b-56ff-437d-be94-089bbb8a75a1,1665532800000,
,,cee2f291-4ed9-4708-a8be-34d14d653ef7.extra_data.json,,,,0.0,995531,1305.6178,,2022-10-22 03:00:01.898,2022-10-21 03:12:23.186,65.21,R5wtjjS0Fd,com.sec.android.app.shealth,cee2f291-4ed9-4708-a8be-34d14d653ef7,1666310400000,
,,152aadcc-7d7b-4108-8f38-18a857450ff2.extra_data.json,,,,0.0,2523628,1282.257,,2022-10-30 03:50:01.889,2022-10-29 04:59:55.607,144.43002,R5wtjjS0Fd,com.sec.android.app.shealth,152aadcc-7d7b-4108-8f38-18a857450ff2,1667001600000,
,,9ee7202c-93c8-4340-b6e9-35fad4bf0cc6.extra_data.json,,,,0.0,1114894,1303.793,,2022-10-21 03:12:23.480,2022-10-20 05:27:59.264,70.46001,R5wtjjS0Fd,com.sec.android.app.shealth,9ee7202c-93c8-4340-b6e9-35fad4bf0cc6,1666224000000,
,,5097496a-d529-47ed-ad1f-ad0dda571e06.extra_data.json,,,,0.0,1010325,1305.3915,,2022-10-09 03:01:04.234,2022-10-08 03:00:02.010,58.610004,R5wtjjS0Fd,com.sec.android.app.shealth,5097496a-d529-47ed-ad1f-ad0dda571e06,1665187200000,
,,ae1291c6-e618-4626-8930-5d3cec2d6c72.extra_data.json,,,,0.0,1074357,1304.4126,,2022-10-29 04:59:55.926,2022-10-28 04:05:28.055,65.61,R5wtjjS0Fd,com.sec.android.app.shealth,ae1291c6-e618-4626-8930-5d3cec2d6c72,1666915200000,
,,c159c4e6-eb5e-4513-90cf-342284588171.extra_data.json,,,,0.0,680947,1310.427,,2022-11-01 03:00:01.976,2022-10-31 03:00:00.796,40.020008,R5wtjjS0Fd,com.sec.android.app.shealth,c159c4e6-eb5e-4513-90cf-342284588171,1667174400000,
,,6e13f939-7aa6-45af-a50b-2cbd13b7a4e1.extra_data.json,,,,0.0,5029231,1243.9526,,2022-10-23 03:00:00.768,2022-10-22 03:00:01.713,329.8795,R5wtjjS0Fd,com.sec.android.app.shealth,6e13f939-7aa6-45af-a50b-2cbd13b7a4e1,1666396800000,
,,dd454eb5-3c92-425c-b1f3-51dd269af3a3.extra_data.json,,,,0.0,438886,1314.1273,,2022-10-31 03:00:00.936,2022-10-30 03:50:00.998,25.32,R5wtjjS0Fd,com.sec.android.app.shealth,dd454eb5-3c92-425c-b1f3-51dd269af3a3,1667088000000,
,,eb59d3cd-b0dc-4edf-a1c2-bea3df964a27.extra_data.json,,,,0.0,42021,1320.1945,,2022-10-17 03:00:01.784,2022-10-16 03:00:01.623,2.3500001,R5wtjjS0Fd,com.sec.android.app.shealth,eb59d3cd-b0dc-4edf-a1c2-bea3df964a27,1665878400000,
,,39fbc278-6728-4c89-9acc-663868272bb2.extra_data.json,,,,0.0,1787897,1293.5045,,2022-10-25 03:24:10.914,2022-10-24 03:42:36.823,110.25001,R5wtjjS0Fd,com.sec.android.app.shealth,39fbc278-6728-4c89-9acc-663868272bb2,1666569600000,
,,edaec7e2-3079-4a23-a70e-28e75f0a6f52.extra_data.json,,,,0.0,1796508,1293.3728,,2022-11-08 03:00:01.592,2022-11-07 03:09:08.983,110.03,R5wtjjS0Fd,com.sec.android.app.shealth,edaec7e2-3079-4a23-a70e-28e75f0a6f52,1667779200000,
,,3b7a8055-5dab-4172-9c96-5d743df81a66.extra_data.json,,,,0.0,3650385,1265.0317,,2022-10-19 03:00:02.474,2022-10-18 03:06:55.042,235.75003,R5wtjjS0Fd,com.sec.android.app.shealth,3b7a8055-5dab-4172-9c96-5d743df81a66,1666051200000,
,,4a49f85e-1c53-4821-837d-72b03b481262.extra_data.json,,,,0.0,3937682,1260.6398,,2022-11-06 03:00:00.690,2022-11-05 03:47:53.762,237.22998,R5wtjjS0Fd,com.sec.android.app.shealth,4a49f85e-1c53-4821-837d-72b03b481262,1667606400000,
,,95fdb1a4-a108-42bd-b6ab-cabc8dc46bf7.extra_data.json,,,,0.0,4678685,1249.3115,,2022-11-02 03:00:01.120,2022-11-01 03:00:01.827,269.13995,R5wtjjS0Fd,com.sec.android.app.shealth,95fdb1a4-a108-42bd-b6ab-cabc8dc46bf7,1667260800000,
,,f853432f-a7ad-41a3-b97b-9692f6a0fff4.extra_data.json,,,,0.0,1112286,1303.8328,,2022-10-28 04:05:28.469,2022-10-27 03:14:26.956,69.06,R5wtjjS0Fd,com.sec.android.app.shealth,f853432f-a7ad-41a3-b97b-9692f6a0fff4,1666828800000,
,,72b23358-9616-4249-900b-18855a342377.extra_data.json,,,,0.0,8247258,1194.7572,,2022-10-27 03:14:27.732,2022-10-26 03:26:17.949,526.6694,R5wtjjS0Fd,com.sec.android.app.shealth,72b23358-9616-4249-900b-18855a342377,1666742400000,
,,cc323050-f516-4e38-91fc-dbfb780c7939.extra_data.json,,,,0.0,2717635,1279.2911,,2022-11-04 03:00:01.202,2022-11-03 03:00:00.772,157.79001,R5wtjjS0Fd,com.sec.android.app.shealth,cc323050-f516-4e38-91fc-dbfb780c7939,1667433600000,
,,0a8b1cd4-712f-4e39-9953-d5a1057df1e9.extra_data.json,,,,0.0,869768,1307.5403,,2022-11-05 03:47:54.147,2022-11-04 03:00:00.817,50.460003,R5wtjjS0Fd,com.sec.android.app.shealth,0a8b1cd4-712f-4e39-9953-d5a1057df1e9,1667520000000,
,,966221ca-2720-48d8-a602-71424d1d25a2.extra_data.json,,,,0.0,2249371,1286.4497,,2022-11-11 03:23:33.159,2022-11-10 03:34:45.550,134.52998,R5wtjjS0Fd,com.sec.android.app.shealth,966221ca-2720-48d8-a602-71424d1d25a2,1668038400000,
,,9fb3f503-308f-4103-9933-ac3d062e6604.extra_data.json,,,,0.0,1601954,1296.347,,2022-11-03 03:00:00.928,2022-11-02 03:00:00.731,90.91,R5wtjjS0Fd,com.sec.android.app.shealth,9fb3f503-308f-4103-9933-ac3d062e6604,1667347200000,
,,0b23747b-ee2b-45c9-b37a-f07e8533e546.extra_data.json,,,,0.0,964789,1306.0876,,2022-11-10 03:34:45.778,2022-11-09 03:00:00.678,62.4,R5wtjjS0Fd,com.sec.android.app.shealth,0b23747b-ee2b-45c9-b37a-f07e8533e546,1667952000000,
,,faee5112-717c-4fa1-96ec-d87902d80400.extra_data.json,,,,0.0,2465329,1283.1482,,2022-11-12 03:38:51.017,2022-11-11 03:23:32.957,146.45999,R5wtjjS0Fd,com.sec.android.app.shealth,faee5112-717c-4fa1-96ec-d87902d80400,1668124800000,
,,5134c3e2-c4ae-433c-b36e-556ad7ead93c.extra_data.json,,,,0.0,877772,1307.4178,,2022-11-07 03:09:09.337,2022-11-06 03:00:00.505,50.449997,R5wtjjS0Fd,com.sec.android.app.shealth,5134c3e2-c4ae-433c-b36e-556ad7ead93c,1667692800000,
,,2ba2ec17-4b82-4017-80e8-6bf1d0eae595.extra_data.json,,,,0.0,4352983,1254.2908,,2022-11-13 03:59:41.360,2022-11-12 03:38:50.673,274.05,R5wtjjS0Fd,com.sec.android.app.shealth,2ba2ec17-4b82-4017-80e8-6bf1d0eae595,1668211200000,
,,24284164-8074-4745-b65b-81de17db5589.extra_data.json,,,,0.0,68701,1319.7865,,2022-11-14 03:31:29.182,2022-11-13 03:59:41.156,3.8500001,R5wtjjS0Fd,com.sec.android.app.shealth,24284164-8074-4745-b65b-81de17db5589,1668297600000,
,,2fa557cb-8648-41d9-b301-d0c0609d61ab.extra_data.json,,,,0.0,268801,1316.7275,,2022-11-21 03:51:50.979,2022-11-20 03:00:00.430,15.1900015,R5wtjjS0Fd,com.sec.android.app.shealth,2fa557cb-8648-41d9-b301-d0c0609d61ab,1668902400000,
,,07e546e7-e96e-4215-a8ab-70dea717c3bd.extra_data.json,,,,0.0,1025546,1305.1589,,2022-11-22 03:00:01.029,2022-11-21 03:51:50.758,60.369995,R5wtjjS0Fd,com.sec.android.app.shealth,07e546e7-e96e-4215-a8ab-70dea717c3bd,1668988800000,
,,b86e4cb9-20fb-4a3c-b64f-2b4da099985d.extra_data.json,,,,0.0,80040,1319.6133,,2022-11-16 03:00:00.752,2022-11-15 03:00:00.708,4.42,R5wtjjS0Fd,com.sec.android.app.shealth,b86e4cb9-20fb-4a3c-b64f-2b4da099985d,1668470400000,
,,02365d07-121e-43d6-a67a-331d08d54814.extra_data.json,,,,0.0,5504555,1236.6862,,2022-11-09 03:00:00.745,2022-11-08 03:00:01.487,351.00998,R5wtjjS0Fd,com.sec.android.app.shealth,02365d07-121e-43d6-a67a-331d08d54814,1667865600000,
,,1245dabd-75be-4276-aea8-52da4a91141f.extra_data.json,,,,0.0,1026183,1305.149,,2022-11-19 03:00:03.300,2022-11-18 03:00:00.643,64.78999,R5wtjjS0Fd,com.sec.android.app.shealth,1245dabd-75be-4276-aea8-52da4a91141f,1668729600000,
,,1d4260f3-71de-4c83-a2ac-68bd08eabaf8.extra_data.json,,,,0.0,295481,1316.3197,,2022-11-30 03:00:01.182,2022-11-29 03:00:00.406,16.970001,R5wtjjS0Fd,com.sec.android.app.shealth,1d4260f3-71de-4c83-a2ac-68bd08eabaf8,1669680000000,
,,9708161f-9855-46b8-887c-35af8c61098d.extra_data.json,,,,0.0,1320660,1300.6473,,2022-11-29 03:00:00.626,2022-11-28 03:40:59.163,74.649994,R5wtjjS0Fd,com.sec.android.app.shealth,9708161f-9855-46b8-887c-35af8c61098d,1669593600000,
,,73d92c48-9633-4dbb-9645-4f3207e0a0b6.extra_data.json,,,,0.0,1940700,1291.1685,,2022-11-17 06:44:09.038,2022-11-16 03:00:00.651,118.71,R5wtjjS0Fd,com.sec.android.app.shealth,73d92c48-9633-4dbb-9645-4f3207e0a0b6,1668556800000,
,,df51753a-785c-4d5f-86c2-a01d82524085.extra_data.json,,,,0.0,4759883,1248.0703,,2022-11-15 03:00:00.856,2022-11-14 03:31:28.354,298.92175,R5wtjjS0Fd,com.sec.android.app.shealth,df51753a-785c-4d5f-86c2-a01d82524085,1668384000000,
,,eff157d1-96f3-41c9-ab25-94ce1d576be2.extra_data.json,,,,0.0,1207343,1302.3796,,2022-11-25 04:45:55.228,2022-11-24 03:00:00.531,69.71001,R5wtjjS0Fd,com.sec.android.app.shealth,eff157d1-96f3-41c9-ab25-94ce1d576be2,1669248000000,
,,bb83a641-c0a4-4283-8a19-5297950f9d04.extra_data.json,,,,0.0,4044651,1259.0044,,2022-11-24 03:00:00.760,2022-11-23 03:00:00.446,239.04,R5wtjjS0Fd,com.sec.android.app.shealth,bb83a641-c0a4-4283-8a19-5297950f9d04,1669161600000,
,,84692756-1728-4e01-90e9-c03f84e0a537.extra_data.json,,,,0.0,2229361,1286.7556,,2022-11-18 03:00:01.017,2022-11-17 06:44:07.954,135.06,R5wtjjS0Fd,com.sec.android.app.shealth,84692756-1728-4e01-90e9-c03f84e0a537,1668643200000,
,,7176c39c-23c3-4f2f-8f29-e5840bc5d232.extra_data.json,,,,0.0,304552,1316.181,,2022-11-20 03:00:00.611,2022-11-19 03:00:02.427,17.16,R5wtjjS0Fd,com.sec.android.app.shealth,7176c39c-23c3-4f2f-8f29-e5840bc5d232,1668816000000,
,,2dabb9b1-1b7d-4bcf-a90e-b31b5f659415.extra_data.json,,,,0.0,3604755,1265.7294,,2022-12-01 03:00:00.806,2022-11-30 03:00:00.651,214.69002,R5wtjjS0Fd,com.sec.android.app.shealth,2dabb9b1-1b7d-4bcf-a90e-b31b5f659415,1669766400000,
,,aa02018b-ef31-4afb-82c3-4ca4c7c7c212.extra_data.json,,,,0.0,2904762,1276.4304,,2022-12-02 03:53:27.167,2022-12-01 03:00:00.549,184.21999,R5wtjjS0Fd,com.sec.android.app.shealth,aa02018b-ef31-4afb-82c3-4ca4c7c7c212,1669852800000,
,,ea1a1508-d71a-432d-93b8-060f7fcd805d.extra_data.json,,,,0.0,1112196,1303.8342,,2022-11-23 03:00:00.729,2022-11-22 03:00:00.621,70.02,R5wtjjS0Fd,com.sec.android.app.shealth,ea1a1508-d71a-432d-93b8-060f7fcd805d,1669075200000,
,,9310eeab-be27-4981-a576-51464f4655b0.extra_data.json,,,,0.0,202101,1317.7472,,2022-12-08 03:00:00.597,2022-12-07 03:53:23.513,11.25,R5wtjjS0Fd,com.sec.android.app.shealth,9310eeab-be27-4981-a576-51464f4655b0,1670371200000,
,,e0bcddd2-560a-46ac-ab93-352f7ea0d0a9.extra_data.json,,,,0.0,872316,1307.5013,,2022-12-11 03:59:37.229,2022-12-10 03:26:10.920,51.250004,R5wtjjS0Fd,com.sec.android.app.shealth,e0bcddd2-560a-46ac-ab93-352f7ea0d0a9,1670630400000,
,,53646fea-0d06-48c4-98de-152776c56c36.extra_data.json,,,,0.0,6115285,1227.3496,,2022-11-28 03:40:59.345,2022-11-27 03:00:00.589,366.40997,R5wtjjS0Fd,com.sec.android.app.shealth,53646fea-0d06-48c4-98de-152776c56c36,1669507200000,
,,f4ba61a8-8177-4c13-8650-2cf8e6e957f5.extra_data.json,,,,0.0,807040,1308.4993,,2022-12-07 03:53:23.633,2022-12-06 04:55:36.703,45.499996,R5wtjjS0Fd,com.sec.android.app.shealth,f4ba61a8-8177-4c13-8650-2cf8e6e957f5,1670284800000,
,,2c6926df-648d-436b-a297-57fb8d0baa8a.extra_data.json,,,,0.0,4823428,1247.0989,,2022-12-06 04:55:37.036,2022-12-05 03:00:00.724,313.50003,R5wtjjS0Fd,com.sec.android.app.shealth,2c6926df-648d-436b-a297-57fb8d0baa8a,1670198400000,
,,d1899334-50fa-41e6-b330-e518ef1558e2.extra_data.json,,,,0.0,2836091,1277.4802,,2022-12-16 03:56:42.910,2022-12-15 03:00:01.537,178.70001,R5wtjjS0Fd,com.sec.android.app.shealth,d1899334-50fa-41e6-b330-e518ef1558e2,1671062400000,
,,825aa07e-a93d-4e03-8dec-57eba79c10f7.extra_data.json,,,,0.0,523595,1312.8325,,2022-11-27 03:00:00.744,2022-11-26 03:00:00.482,29.640001,R5wtjjS0Fd,com.sec.android.app.shealth,825aa07e-a93d-4e03-8dec-57eba79c10f7,1669420800000,
,,5b6acdb6-f639-42d6-a2de-ff4b4c2531ab.extra_data.json,,,,0.0,1092853,1304.1299,,2022-12-10 03:26:11.948,2022-12-09 03:16:57.894,70.240005,R5wtjjS0Fd,com.sec.android.app.shealth,5b6acdb6-f639-42d6-a2de-ff4b4c2531ab,1670544000000,
,,c2513ff3-7b12-4b4f-96b9-990258ba62ac.extra_data.json,,,,0.0,953510,1306.2601,,2022-12-03 03:00:00.603,2022-12-02 03:53:26.827,60.570007,R5wtjjS0Fd,com.sec.android.app.shealth,c2513ff3-7b12-4b4f-96b9-990258ba62ac,1669939200000,
,,372378df-48be-467e-91e0-9b714945df83.extra_data.json,,,,0.0,4379356,1253.8876,,2022-12-18 03:29:56.873,2022-12-17 06:57:37.154,279.99997,R5wtjjS0Fd,com.sec.android.app.shealth,372378df-48be-467e-91e0-9b714945df83,1671235200000,
,,023b27be-00df-4b9f-8f8c-169c7a09b832.extra_data.json,,,,0.0,5538092,1236.1735,,2022-12-24 03:00:02.610,2022-12-23 04:51:38.293,371.12,R5wtjjS0Fd,com.sec.android.app.shealth,023b27be-00df-4b9f-8f8c-169c7a09b832,1671753600000,
,,b31b9f9c-a05f-4032-883c-4458cad78025.extra_data.json,,,,0.0,1377085,1299.7847,,2022-12-15 03:00:01.779,2022-12-14 03:00:00.549,84.68001,R5wtjjS0Fd,com.sec.android.app.shealth,b31b9f9c-a05f-4032-883c-4458cad78025,1670976000000,
,,23a9218b-2a32-406d-bf23-6f78e694db9e.extra_data.json,,,,0.0,907547,1306.9628,,2022-12-23 04:51:38.842,2022-12-22 03:10:10.823,59.249996,R5wtjjS0Fd,com.sec.android.app.shealth,23a9218b-2a32-406d-bf23-6f78e694db9e,1671667200000,
,,124cb18e-46c5-4b8e-bcf2-6d5bc2acdc2a.extra_data.json,,,,0.0,1740792,1294.2246,,2022-11-26 03:00:00.533,2022-11-25 04:45:54.908,102.67998,R5wtjjS0Fd,com.sec.android.app.shealth,124cb18e-46c5-4b8e-bcf2-6d5bc2acdc2a,1669334400000,
,,6b2e95d3-f6cf-46fb-a693-1e3d49d01a4d.extra_data.json,,,,0.0,1793930,1293.4122,,2022-12-22 03:10:11.001,2022-12-21 03:22:10.976,109.56,R5wtjjS0Fd,com.sec.android.app.shealth,6b2e95d3-f6cf-46fb-a693-1e3d49d01a4d,1671580800000,
,,0ca0e8cb-4d17-4974-b608-747ea079df29.extra_data.json,,,,0.0,1528644,1297.4678,,2022-12-27 03:26:54.265,2022-12-26 04:08:18.167,91.74,R5wtjjS0Fd,com.sec.android.app.shealth,0ca0e8cb-4d17-4974-b608-747ea079df29,1672012800000,
,,3fcbf4ab-6aa6-4304-8b30-2f9050115815.extra_data.json,,,,0.0,4242801,1255.9752,,2022-12-09 03:16:58.100,2022-12-08 03:00:00.428,267.99002,R5wtjjS0Fd,com.sec.android.app.shealth,3fcbf4ab-6aa6-4304-8b30-2f9050115815,1670457600000,
,,84841796-85e1-4937-b5b5-dbc9783e9944.extra_data.json,,,,0.0,1046950,1304.8317,,2022-12-14 03:00:00.720,2022-12-13 03:00:01.762,65.17,R5wtjjS0Fd,com.sec.android.app.shealth,84841796-85e1-4937-b5b5-dbc9783e9944,1670889600000,
,,98ddecaf-af8e-40b7-aa33-c707c23a9804.extra_data.json,,,,0.0,809071,1308.4681,,2022-12-12 04:51:56.965,2022-12-11 03:59:36.922,48.15,R5wtjjS0Fd,com.sec.android.app.shealth,98ddecaf-af8e-40b7-aa33-c707c23a9804,1670716800000,
,,227a3c26-7f7c-49d9-b4c6-0b8bb0c12504.extra_data.json,,,,0.0,131399,1318.8281,,2022-12-04 05:49:11.157,2022-12-03 03:00:00.471,7.28,R5wtjjS0Fd,com.sec.android.app.shealth,227a3c26-7f7c-49d9-b4c6-0b8bb0c12504,1670025600000,
,,61c031ea-a7d6-48cf-873a-89756c5c6c59.extra_data.json,,,,0.0,3574416,1266.1931,,2022-12-19 04:52:58.357,2022-12-18 03:29:56.378,235.73416,R5wtjjS0Fd,com.sec.android.app.shealth,61c031ea-a7d6-48cf-873a-89756c5c6c59,1671321600000,
,,7a2c4d88-2acc-4120-815c-fa51b887bcd9.extra_data.json,,,,0.0,2544005,1281.9454,,2022-12-20 03:53:00.170,2022-12-19 04:52:57.797,159.43,R5wtjjS0Fd,com.sec.android.app.shealth,7a2c4d88-2acc-4120-815c-fa51b887bcd9,1671408000000,
,,61810520-0a11-400d-8a65-b0b28b1867c7.extra_data.json,,,,0.0,946263,1306.3708,,2022-12-17 06:57:37.663,2022-12-16 03:56:42.529,60.070004,R5wtjjS0Fd,com.sec.android.app.shealth,61810520-0a11-400d-8a65-b0b28b1867c7,1671148800000,
,,62cb699f-6397-4d19-903e-13c4bf4eb515.extra_data.json,,,,0.0,153410,1318.4916,,2022-12-26 04:08:18.461,2022-12-25 03:00:00.546,8.67,R5wtjjS0Fd,com.sec.android.app.shealth,62cb699f-6397-4d19-903e-13c4bf4eb515,1671926400000,
,,19ad5e81-4c36-4599-8332-af0d6e835f25.extra_data.json,,,,0.0,0,1320.8369,,2023-01-02 03:18:43.265,2023-01-01 03:00:00.347,0.0,R5wtjjS0Fd,com.sec.android.app.shealth,19ad5e81-4c36-4599-8332-af0d6e835f25,1672531200000,
,,b0a29b18-417b-4b96-a1d8-b19e63c15d5e.extra_data.json,,,,0.0,3067967,1273.9354,,2022-12-25 13:55:05.181,2022-12-24 03:00:01.333,194.16997,R5wtjjS0Fd,com.sec.android.app.shealth,b0a29b18-417b-4b96-a1d8-b19e63c15d5e,1671840000000,
,,f49a8456-a3f4-4528-8e46-5edd51bd3377.extra_data.json,,,,0.0,2468634,1283.0978,,2023-01-04 03:00:00.742,2023-01-03 03:00:00.567,155.08,R5wtjjS0Fd,com.sec.android.app.shealth,f49a8456-a3f4-4528-8e46-5edd51bd3377,1672704000000,
,,453f30ed-7b11-4767-b3c8-3a44ac90151d.extra_data.json,,,,0.0,1266453,1301.476,,2022-12-31 03:00:00.796,2022-12-30 03:00:00.508,75.38001,R5wtjjS0Fd,com.sec.android.app.shealth,453f30ed-7b11-4767-b3c8-3a44ac90151d,1672358400000,
,,217c548c-83a9-4f44-89cb-e27ee0ba59bf.extra_data.json,,,,0.0,3819136,1262.4519,,2023-01-16 03:06:31.034,2023-01-15 03:00:00.921,247.76,R5wtjjS0Fd,com.sec.android.app.shealth,217c548c-83a9-4f44-89cb-e27ee0ba59bf,1673740800000,
,,4226413b-763c-43f9-a900-121441ddebae.extra_data.json,,,,0.0,1007507,1305.4347,,2023-01-08 06:59:41.506,2023-01-07 03:49:34.811,65.009995,R5wtjjS0Fd,com.sec.android.app.shealth,4226413b-763c-43f9-a900-121441ddebae,1673049600000,
,,7584ca2b-f523-4cab-b47e-aee6f4446796.extra_data.json,,,,0.0,980486,1305.8477,,2022-12-13 03:00:01.899,2022-12-12 04:51:56.469,62.780003,R5wtjjS0Fd,com.sec.android.app.shealth,7584ca2b-f523-4cab-b47e-aee6f4446796,1670803200000,
,,e6ef43df-4fe6-4931-a746-d16a6a639de9.extra_data.json,,,,0.0,1945249,1291.099,,2023-01-03 03:00:00.695,2023-01-02 03:18:42.980,121.02001,R5wtjjS0Fd,com.sec.android.app.shealth,e6ef43df-4fe6-4931-a746-d16a6a639de9,1672617600000,
,,4374a4c7-5c6a-4c0d-b58c-93db12022b05.extra_data.json,,,,0.0,797035,1308.6522,,2023-01-09 03:49:57.704,2023-01-08 06:59:41.125,47.350006,R5wtjjS0Fd,com.sec.android.app.shealth,4374a4c7-5c6a-4c0d-b58c-93db12022b05,1673136000000,
,,6fa656f0-1503-4735-b6ca-f67fb48d1465.extra_data.json,,,,0.0,120993,1318.9872,,2022-12-05 03:00:00.793,2022-12-04 05:49:10.684,7.1700006,R5wtjjS0Fd,com.sec.android.app.shealth,6fa656f0-1503-4735-b6ca-f67fb48d1465,1670112000000,
,,2c2d2128-82d6-41cb-ab80-43eaa950a989.extra_data.json,,,,0.0,4597225,1250.557,,2023-01-11 03:00:00.818,2023-01-10 03:22:55.106,306.86996,R5wtjjS0Fd,com.sec.android.app.shealth,2c2d2128-82d6-41cb-ab80-43eaa950a989,1673308800000,
,,e8405a72-82ab-4347-90be-52da89340354.extra_data.json,,,,0.0,37352,1320.2659,,2023-01-01 03:00:00.477,2022-12-31 03:00:00.599,2.1799998,R5wtjjS0Fd,com.sec.android.app.shealth,e8405a72-82ab-4347-90be-52da89340354,1672444800000,
,,b056a950-660d-4969-8a3b-f71a4e66a37c.extra_data.json,,,,0.0,4631819,1250.0282,,2023-01-07 03:49:35.856,2023-01-06 03:42:41.315,310.07,R5wtjjS0Fd,com.sec.android.app.shealth,b056a950-660d-4969-8a3b-f71a4e66a37c,1672963200000,
,,1b78b467-691a-4e6b-a5c2-3dd5a7e03544.extra_data.json,,,,0.0,128731,1318.8689,,2022-12-30 03:00:00.730,2022-12-29 03:00:00.567,7.7200007,R5wtjjS0Fd,com.sec.android.app.shealth,1b78b467-691a-4e6b-a5c2-3dd5a7e03544,1672272000000,
,,0f479bfa-f5a7-413f-91ca-d458b69b5446.extra_data.json,,,,0.0,4694666,1249.0674,,2023-01-10 03:22:55.736,2023-01-09 03:49:56.887,329.02484,R5wtjjS0Fd,com.sec.android.app.shealth,0f479bfa-f5a7-413f-91ca-d458b69b5446,1673222400000,
,,e72cd3bf-7802-4c46-ba26-57d208363a5b.extra_data.json,,,,0.0,1028214,1305.118,,2023-01-20 03:00:01.024,2023-01-19 03:00:00.606,65.43,R5wtjjS0Fd,com.sec.android.app.shealth,e72cd3bf-7802-4c46-ba26-57d208363a5b,1674086400000,
,,776b643a-e63a-4e4b-ab67-48d86ee830cf.extra_data.json,,,,0.0,418209,1314.4435,,2022-12-28 03:05:49.980,2022-12-27 03:26:53.800,24.059996,R5wtjjS0Fd,com.sec.android.app.shealth,776b643a-e63a-4e4b-ab67-48d86ee830cf,1672099200000,
,,892bfda8-60c2-4111-a7ef-1eafa8ddb11c.extra_data.json,,,,0.0,1119446,1303.7234,,2023-01-12 04:48:26.383,2023-01-11 03:00:00.636,69.340004,R5wtjjS0Fd,com.sec.android.app.shealth,892bfda8-60c2-4111-a7ef-1eafa8ddb11c,1673395200000,
,,a7820c4c-ee65-4faa-9209-ee90fdc2440a.extra_data.json,,,,0.0,178089,1318.1144,,2023-01-23 03:51:40.085,2023-01-22 03:00:00.477,10.469999,R5wtjjS0Fd,com.sec.android.app.shealth,a7820c4c-ee65-4faa-9209-ee90fdc2440a,1674345600000,
,,89137358-bfb2-40db-b5ae-53e0632287a6.extra_data.json,,,,0.0,4139416,1257.5557,,2023-01-24 03:43:11.505,2023-01-23 03:51:39.919,264.1463,R5wtjjS0Fd,com.sec.android.app.shealth,89137358-bfb2-40db-b5ae-53e0632287a6,1674432000000,
,,d4c2c2c5-8983-4766-af48-92c4b2b8e63c.extra_data.json,,,,0.0,146740,1318.5936,,2023-01-17 03:35:14.363,2023-01-16 03:06:29.970,8.67,R5wtjjS0Fd,com.sec.android.app.shealth,d4c2c2c5-8983-4766-af48-92c4b2b8e63c,1673827200000,
,,c72d1cc2-f7f3-4596-aaff-6bac8d966ada.extra_data.json,,,,0.0,1038219,1304.9652,,2023-01-27 03:00:01.058,2023-01-26 03:00:01.773,68.07001,R5wtjjS0Fd,com.sec.android.app.shealth,c72d1cc2-f7f3-4596-aaff-6bac8d966ada,1674691200000,
,,75d6acda-d2f9-4cd8-844e-211a0180219e.extra_data.json,,,,0.0,0,1320.8369,,2023-01-13 03:00:00.689,2023-01-12 04:48:26.054,0.0,R5wtjjS0Fd,com.sec.android.app.shealth,75d6acda-d2f9-4cd8-844e-211a0180219e,1673481600000,
,,5f0c0f8d-f892-46a7-90b2-55330101c9cf.extra_data.json,,,,0.0,3305052,1270.3109,,2023-01-18 03:15:56.069,2023-01-17 03:35:14.144,201.73,R5wtjjS0Fd,com.sec.android.app.shealth,5f0c0f8d-f892-46a7-90b2-55330101c9cf,1673913600000,
,,308fe8e3-e510-4fe4-a4c5-c5fec14b944e.extra_data.json,,,,0.0,1464028,1298.4556,,2022-12-21 03:22:11.627,2022-12-20 03:52:59.611,90.35999,R5wtjjS0Fd,com.sec.android.app.shealth,308fe8e3-e510-4fe4-a4c5-c5fec14b944e,1671494400000,
,,ed3c7d3f-fcf4-4ea0-a3e7-71ee852ebb1b.extra_data.json,,,,0.0,689588,1310.2949,,2023-01-15 03:00:01.224,2023-01-14 03:54:37.173,40.79,R5wtjjS0Fd,com.sec.android.app.shealth,ed3c7d3f-fcf4-4ea0-a3e7-71ee852ebb1b,1673654400000,
,,1fccb39a-a78e-48da-9399-67cd04ed08be.extra_data.json,,,,0.0,1002838,1305.506,,2023-01-19 03:00:00.803,2023-01-18 03:15:55.872,64.29,R5wtjjS0Fd,com.sec.android.app.shealth,1fccb39a-a78e-48da-9399-67cd04ed08be,1674000000000,
,,a3870797-f58f-48d3-8238-4de7f80c64dc.extra_data.json,,,,0.0,241454,1317.1456,,2023-01-28 03:00:01.065,2023-01-27 03:00:00.911,13.58,R5wtjjS0Fd,com.sec.android.app.shealth,a3870797-f58f-48d3-8238-4de7f80c64dc,1674777600000,
,,7618ca39-d187-4ff1-bd2a-82091ac22cb0.extra_data.json,,,,0.0,1343008,1300.3057,,2023-01-05 03:00:00.784,2023-01-04 03:00:00.551,83.450005,R5wtjjS0Fd,com.sec.android.app.shealth,7618ca39-d187-4ff1-bd2a-82091ac22cb0,1672790400000,
,,c25d9cac-ee69-4b3d-a7ab-9bd2c0967b39.extra_data.json,,,,0.0,4557951,1251.1573,,2023-01-25 03:00:01.107,2023-01-24 03:43:11.033,285.13885,R5wtjjS0Fd,com.sec.android.app.shealth,c25d9cac-ee69-4b3d-a7ab-9bd2c0967b39,1674518400000,
,,f0cbed97-5d90-4a57-b9a4-fb6c7959540c.extra_data.json,,,,0.0,913490,1306.872,,2023-02-09 03:00:00.752,2023-02-08 03:00:00.608,58.71,R5wtjjS0Fd,com.sec.android.app.shealth,f0cbed97-5d90-4a57-b9a4-fb6c7959540c,1675814400000,
,,0da7fc3d-602e-40d6-b73f-d86af3d29877.extra_data.json,,,,0.0,970822,1305.9954,,2023-02-03 03:20:49.777,2023-02-02 03:00:00.697,62.41001,R5wtjjS0Fd,com.sec.android.app.shealth,0da7fc3d-602e-40d6-b73f-d86af3d29877,1675296000000,
,,e5fdab55-6f10-4a63-894e-c2bff70ccf98.extra_data.json,,,,0.0,43355,1320.1741,,2022-12-29 03:00:00.869,2022-12-28 03:05:49.821,2.33,R5wtjjS0Fd,com.sec.android.app.shealth,e5fdab55-6f10-4a63-894e-c2bff70ccf98,1672185600000,
,,5e51b9d9-077f-463f-9edc-7a16792391ce.extra_data.json,,,,0.0,884839,1307.3099,,2023-01-06 03:42:41.645,2023-01-05 03:00:00.571,55.79999,R5wtjjS0Fd,com.sec.android.app.shealth,5e51b9d9-077f-463f-9edc-7a16792391ce,1672876800000,
,,012f1ca9-0e05-41aa-a517-84158d800d82.extra_data.json,,,,0.0,950071,1306.3126,,2023-01-26 03:00:01.878,2023-01-25 03:00:00.781,61.96,R5wtjjS0Fd,com.sec.android.app.shealth,012f1ca9-0e05-41aa-a517-84158d800d82,1674604800000,
,,fdbb1402-37c3-45be-a215-a5f87c7843f3.extra_data.json,,,,0.0,1443298,1298.7725,,2023-01-29 03:00:00.902,2023-01-28 03:00:00.867,85.46,R5wtjjS0Fd,com.sec.android.app.shealth,fdbb1402-37c3-45be-a215-a5f87c7843f3,1674864000000,
,,909893b1-8510-4cbe-92cd-788b241a260c.extra_data.json,,,,0.0,1025666,1305.1571,,2023-02-17 03:00:16.545,2023-02-16 04:35:00.970,62.83,R5wtjjS0Fd,com.sec.android.app.shealth,909893b1-8510-4cbe-92cd-788b241a260c,1676505600000,
,,c67491c1-6f64-4acc-b6dc-919da8a3337a.extra_data.json,,,,0.0,2173656,1287.6072,,2023-01-31 03:35:43.936,2023-01-30 03:58:58.035,141.2,R5wtjjS0Fd,com.sec.android.app.shealth,c67491c1-6f64-4acc-b6dc-919da8a3337a,1675036800000,
,,ce0c8e95-0fb1-4535-ae2f-12f5050ab171.extra_data.json,,,,0.0,4005052,1259.6097,,2023-02-01 03:00:01.815,2023-01-31 03:35:43.231,255.37265,R5wtjjS0Fd,com.sec.android.app.shealth,ce0c8e95-0fb1-4535-ae2f-12f5050ab171,1675123200000,
,,a63e68f0-069e-449c-9cd9-269e9f253268.extra_data.json,,,,0.0,2519056,1282.3269,,2023-02-04 03:00:00.887,2023-02-03 03:20:49.738,162.12999,R5wtjjS0Fd,com.sec.android.app.shealth,a63e68f0-069e-449c-9cd9-269e9f253268,1675382400000,
,,44dd5266-f32d-4749-86e3-3f5ffed36768.extra_data.json,,,,0.0,43488,1320.172,,2023-01-21 03:03:24.932,2023-01-20 03:00:00.694,2.79,R5wtjjS0Fd,com.sec.android.app.shealth,44dd5266-f32d-4749-86e3-3f5ffed36768,1674172800000,
,,abd4904f-bb2a-4072-ac95-7280803524de.extra_data.json,,,,0.0,238786,1317.1864,,2023-02-13 03:10:43.225,2023-02-12 03:00:00.527,13.4,R5wtjjS0Fd,com.sec.android.app.shealth,abd4904f-bb2a-4072-ac95-7280803524de,1676160000000,
,,25111e6d-b5df-4246-ac74-15d12d690825.extra_data.json,,,,0.0,3812953,1262.5465,,2023-02-06 03:00:00.989,2023-02-05 04:00:01.180,230.20833,R5wtjjS0Fd,com.sec.android.app.shealth,25111e6d-b5df-4246-ac74-15d12d690825,1675555200000,
,,7ae42fc4-7043-492e-9964-eb51cae0b885.extra_data.json,,,,0.0,1267907,1301.4539,,2023-02-05 04:00:01.898,2023-02-04 03:00:00.674,71.57,R5wtjjS0Fd,com.sec.android.app.shealth,7ae42fc4-7043-492e-9964-eb51cae0b885,1675468800000,
,,b24f9ef7-b0c0-4690-a884-7368a99ba317.extra_data.json,,,,0.0,1406583,1299.3337,,2023-02-08 03:00:00.804,2023-02-07 04:22:24.109,83.76,R5wtjjS0Fd,com.sec.android.app.shealth,b24f9ef7-b0c0-4690-a884-7368a99ba317,1675728000000,
,,9032450e-f023-4d61-9d13-941ffe094480.extra_data.json,,,,0.0,1156308,1303.1599,,2023-02-16 04:35:01.039,2023-02-15 04:04:23.715,72.65001,R5wtjjS0Fd,com.sec.android.app.shealth,9032450e-f023-4d61-9d13-941ffe094480,1676419200000,
,,c0ea84c8-76e6-4430-9a47-6c0627df87ff.extra_data.json,,,,0.0,2165479,1287.7322,,2023-02-11 03:00:01.190,2023-02-10 03:00:00.359,131.19,R5wtjjS0Fd,com.sec.android.app.shealth,c0ea84c8-76e6-4430-9a47-6c0627df87ff,1675987200000,
,,7b568788-33c8-4057-b55e-ec391ba596d2.extra_data.json,,,,0.0,30015,1320.3779,,2023-02-21 03:00:01.980,2023-02-20 03:00:01.099,1.7099999,R5wtjjS0Fd,com.sec.android.app.shealth,7b568788-33c8-4057-b55e-ec391ba596d2,1676851200000,
,,9634c23f-336a-47d4-ad9b-115f573b5c62.extra_data.json,,,,0.0,1073600,1304.4242,,2023-02-10 03:00:00.427,2023-02-09 03:00:00.582,67.32,R5wtjjS0Fd,com.sec.android.app.shealth,9634c23f-336a-47d4-ad9b-115f573b5c62,1675900800000,
,,2a95736b-8e68-4395-8248-c1fe559b5cc8.extra_data.json,,,,0.0,2977008,1275.3259,,2023-01-14 03:54:38.158,2023-01-13 03:00:00.621,183.27003,R5wtjjS0Fd,com.sec.android.app.shealth,2a95736b-8e68-4395-8248-c1fe559b5cc8,1673568000000,
,,650a2560-a73a-4bc7-a1c2-3ce3c5bfd8f8.extra_data.json,,,,0.0,0,1320.8369,,2023-02-20 03:00:01.405,2023-02-19 03:54:06.949,0.0,R5wtjjS0Fd,com.sec.android.app.shealth,650a2560-a73a-4bc7-a1c2-3ce3c5bfd8f8,1676764800000,
,,ed47c244-b96a-4d8e-8c1e-47ad2209f852.extra_data.json,,,,0.0,2050058,1289.4967,,2023-02-02 03:00:01.236,2023-02-01 03:00:01.587,122.83001,R5wtjjS0Fd,com.sec.android.app.shealth,ed47c244-b96a-4d8e-8c1e-47ad2209f852,1675209600000,
,,95746ad2-2a2a-4019-ade5-62bf71949c6c.extra_data.json,,,,0.0,4369174,1254.0432,,2023-02-12 03:00:00.863,2023-02-11 03:00:00.756,284.9505,R5wtjjS0Fd,com.sec.android.app.shealth,95746ad2-2a2a-4019-ade5-62bf71949c6c,1676073600000,
,,10ec7987-a61f-4cd1-94da-4c7e8dd97474.extra_data.json,,,,0.0,1077602,1304.363,,2023-02-18 03:00:02.027,2023-02-17 03:00:16.354,66.23999,R5wtjjS0Fd,com.sec.android.app.shealth,10ec7987-a61f-4cd1-94da-4c7e8dd97474,1676592000000,
,,ff4fc11c-2163-41e2-bf69-bd0d8c9f7c52.extra_data.json,,,,0.0,1835981,1292.7693,,2023-02-24 04:17:23.442,2023-02-23 03:00:02.029,111.98,R5wtjjS0Fd,com.sec.android.app.shealth,ff4fc11c-2163-41e2-bf69-bd0d8c9f7c52,1677110400000,
,,6df05655-58ca-4b10-aee9-44caa5c70a59.extra_data.json,,,,0.0,75371,1319.6847,,2023-02-19 03:54:07.778,2023-02-18 03:00:01.856,4.4000006,R5wtjjS0Fd,com.sec.android.app.shealth,6df05655-58ca-4b10-aee9-44caa5c70a59,1676678400000,
,,c0945f71-54aa-4766-afbb-a3e464373948.extra_data.json,,,,0.0,5134310,1242.3462,,2023-01-22 03:00:00.692,2023-01-21 03:03:24.758,324.61,R5wtjjS0Fd,com.sec.android.app.shealth,c0945f71-54aa-4766-afbb-a3e464373948,1674259200000,
,,3b3cbf6b-f5ca-4b23-b64b-8cf95e06d909.extra_data.json,,,,0.0,4413506,1253.3656,,2023-02-27 03:00:01.032,2023-02-26 03:00:00.578,281.38,R5wtjjS0Fd,com.sec.android.app.shealth,3b3cbf6b-f5ca-4b23-b64b-8cf95e06d909,1677369600000,
,,e65086a0-eb64-4cee-9712-8775e696c376.extra_data.json,,,,0.0,1100176,1304.018,,2023-02-14 03:00:01.039,2023-02-13 03:10:42.979,69.39,R5wtjjS0Fd,com.sec.android.app.shealth,e65086a0-eb64-4cee-9712-8775e696c376,1676246400000,
,,722c70b0-b3fa-4ad7-9678-84c70d122e0e.extra_data.json,,,,0.0,1255691,1301.6406,,2023-03-09 03:00:02.105,2023-03-08 03:07:42.537,74.45002,R5wtjjS0Fd,com.sec.android.app.shealth,722c70b0-b3fa-4ad7-9678-84c70d122e0e,1678233600000,
,,4c81f8c6-683f-4440-9793-573ad0d29e7d.extra_data.json,,,,0.0,5885359,1230.8646,,2023-02-28 04:55:45.662,2023-02-27 03:00:00.811,380.0653,R5wtjjS0Fd,com.sec.android.app.shealth,4c81f8c6-683f-4440-9793-573ad0d29e7d,1677456000000,
,,6930995e-e9f8-4367-93f4-971ed1362238.extra_data.json,,,,0.0,5348877,1239.066,,2023-03-12 03:00:01.356,2023-03-11 03:41:34.635,348.19904,R5wtjjS0Fd,com.sec.android.app.shealth,6930995e-e9f8-4367-93f4-971ed1362238,1678492800000,
,,1215d810-4a34-4413-89bf-bacc74d9be11.extra_data.json,,,,0.0,1628364,1295.9432,,2023-02-25 04:11:06.626,2023-02-24 04:17:22.598,100.83,R5wtjjS0Fd,com.sec.android.app.shealth,1215d810-4a34-4413-89bf-bacc74d9be11,1677196800000,
,,7e7dd80c-d717-49a3-b980-7e8d279e2ece.extra_data.json,,,,0.0,978826,1305.8732,,2023-03-01 03:59:00.828,2023-02-28 04:55:45.202,63.209995,R5wtjjS0Fd,com.sec.android.app.shealth,7e7dd80c-d717-49a3-b980-7e8d279e2ece,1677542400000,
,,36b2fb39-0425-4d9e-9650-2e8cdd32c3bc.extra_data.json,,,,0.0,2329201,1285.2292,,2023-03-04 03:36:58.317,2023-03-03 03:00:00.591,149.36998,R5wtjjS0Fd,com.sec.android.app.shealth,36b2fb39-0425-4d9e-9650-2e8cdd32c3bc,1677801600000,
,,8568f340-e0e0-4f44-8bb5-7eed5f8fa22a.extra_data.json,,,,0.0,911489,1306.9025,,2023-02-07 04:22:25.192,2023-02-06 03:00:00.677,59.029995,R5wtjjS0Fd,com.sec.android.app.shealth,8568f340-e0e0-4f44-8bb5-7eed5f8fa22a,1675641600000,
,,af36a29e-9b0f-40dc-8130-fcda56060064.extra_data.json,,,,0.0,1085636,1304.2404,,2023-03-07 03:00:00.928,2023-03-06 03:12:48.986,65.92999,R5wtjjS0Fd,com.sec.android.app.shealth,af36a29e-9b0f-40dc-8130-fcda56060064,1678060800000,
,,5bb89a7c-24f0-4f84-91b6-90a231626a67.extra_data.json,,,,0.0,1279763,1301.2726,,2023-03-05 03:06:19.003,2023-03-04 03:36:57.652,70.299995,R5wtjjS0Fd,com.sec.android.app.shealth,5bb89a7c-24f0-4f84-91b6-90a231626a67,1677888000000,
,,4b6e7c10-66b4-48cd-b9da-84a40d7ab8c2.extra_data.json,,,,0.0,2538255,1282.0333,,2023-03-06 03:12:49.769,2023-03-05 03:06:17.767,160.898,R5wtjjS0Fd,com.sec.android.app.shealth,4b6e7c10-66b4-48cd-b9da-84a40d7ab8c2,1677974400000,
,,abba04be-4802-4f7c-9cd8-a626bc0ff9db.extra_data.json,,,,0.0,266770,1316.7587,,2023-01-30 03:58:58.831,2023-01-29 03:00:00.568,15.809999,R5wtjjS0Fd,com.sec.android.app.shealth,abba04be-4802-4f7c-9cd8-a626bc0ff9db,1674950400000,
,,5ee35a55-2da2-4d1f-aefd-9a1c62b7da6e.extra_data.json,,,,0.0,10005,1320.6838,,2023-03-13 04:20:48.303,2023-03-12 03:00:01.061,0.5,R5wtjjS0Fd,com.sec.android.app.shealth,5ee35a55-2da2-4d1f-aefd-9a1c62b7da6e,1678579200000,
,,a84cdf4b-3658-4c68-b009-6cdc79218d77.extra_data.json,,,,0.0,154077,1318.4813,,2023-02-22 03:13:26.778,2023-02-21 03:00:01.731,8.809999,R5wtjjS0Fd,com.sec.android.app.shealth,a84cdf4b-3658-4c68-b009-6cdc79218d77,1676937600000,
,,242550a9-b7f2-45be-936f-803f0555effa.extra_data.json,,,,0.0,893570,1307.1765,,2023-03-14 03:00:01.361,2023-03-13 04:20:47.527,55.929993,R5wtjjS0Fd,com.sec.android.app.shealth,242550a9-b7f2-45be-936f-803f0555effa,1678665600000,
,,1fd7fa0f-9838-4069-80f8-95d14ff6b1f9.extra_data.json,,,,0.0,15341,1320.6023,,2023-02-26 03:00:00.773,2023-02-25 04:11:06.020,0.83,R5wtjjS0Fd,com.sec.android.app.shealth,1fd7fa0f-9838-4069-80f8-95d14ff6b1f9,1677283200000,
,,93816be5-5bdf-43d4-84c4-8c5f3ca497ec.extra_data.json,,,,0.0,620280,1311.3544,,2023-03-08 03:07:42.970,2023-03-07 03:00:00.693,35.359997,R5wtjjS0Fd,com.sec.android.app.shealth,93816be5-5bdf-43d4-84c4-8c5f3ca497ec,1678147200000,
,,0bf1dfaf-17f3-4101-8460-7ce3063046c8.extra_data.json,,,,0.0,4229191,1256.1832,,2023-03-02 03:18:48.951,2023-03-01 03:59:00.465,273.28,R5wtjjS0Fd,com.sec.android.app.shealth,0bf1dfaf-17f3-4101-8460-7ce3063046c8,1677628800000,
,,61e11f8b-c34e-4879-9478-0a4601a6b4b2.extra_data.json,,,,0.0,1711192,1294.6771,,2023-03-10 03:19:51.640,2023-03-09 03:00:01.271,103.17,R5wtjjS0Fd,com.sec.android.app.shealth,61e11f8b-c34e-4879-9478-0a4601a6b4b2,1678320000000,
,,580c5cfd-f4f8-47a7-9dd9-99d5999092ff.extra_data.json,,,,0.0,2529908,1282.161,,2023-02-15 04:04:24.316,2023-02-14 03:00:00.731,156.56,R5wtjjS0Fd,com.sec.android.app.shealth,580c5cfd-f4f8-47a7-9dd9-99d5999092ff,1676332800000,
,,de286c75-2477-41ba-984a-33c0368c1832.extra_data.json,,,,0.0,1769738,1293.7821,,2023-03-15 03:40:05.105,2023-03-14 03:00:01.258,109.34997,R5wtjjS0Fd,com.sec.android.app.shealth,de286c75-2477-41ba-984a-33c0368c1832,1678752000000,
,,9d624920-2150-45eb-a9f3-6b140a043b14.extra_data.json,,,,0.0,3777902,1263.0823,,2023-02-23 03:00:02.424,2023-02-22 03:13:26.080,248.31,R5wtjjS0Fd,com.sec.android.app.shealth,9d624920-2150-45eb-a9f3-6b140a043b14,1677024000000,
,,ff54d03e-9f6f-4e51-becb-0e031c85ecd3.extra_data.json,,,,0.0,1579703,1296.6871,,2023-03-11 03:41:35.166,2023-03-10 03:19:50.990,98.28,R5wtjjS0Fd,com.sec.android.app.shealth,ff54d03e-9f6f-4e51-becb-0e031c85ecd3,1678406400000,
,,5c6164e9-884b-4350-9f90-10f2cc14e763.extra_data.json,,,,0.0,1566453,1296.8898,,2023-03-03 03:00:00.737,2023-03-02 03:18:48.408,95.469986,R5wtjjS0Fd,com.sec.android.app.shealth,5c6164e9-884b-4350-9f90-10f2cc14e763,1677715200000,
,,c18282e7-6039-48b5-9a4d-4581c525cd08.extra_data.json,,,,0.0,1437265,1298.8647,,2023-03-16 03:55:10.265,2023-03-15 03:40:04.985,84.49998,R5wtjjS0Fd,com.sec.android.app.shealth,c18282e7-6039-48b5-9a4d-4581c525cd08,1678838400000,
,,e645d5da-da26-475c-afeb-a0e8e04c78f8.extra_data.json,,,,0.0,1895981,1291.852,,2023-03-17 03:54:22.672,2023-03-16 03:55:10.049,115.49,R5wtjjS0Fd,com.sec.android.app.shealth,e645d5da-da26-475c-afeb-a0e8e04c78f8,1678924800000,
,,8d1e3cc0-7938-4e29-bfb3-60a97b08b6c8.extra_data.json,,,,0.0,1645826,1295.6764,,2023-03-18 03:00:00.813,2023-03-17 03:54:22.251,101.88001,R5wtjjS0Fd,com.sec.android.app.shealth,8d1e3cc0-7938-4e29-bfb3-60a97b08b6c8,1679011200000,
,,6c93596b-998c-406e-8ca0-7ca689ab91ec.extra_data.json,,,,0.0,6067480,1228.0804,,2023-03-19 03:07:55.752,2023-03-18 03:00:00.683,399.36002,R5wtjjS0Fd,com.sec.android.app.shealth,6c93596b-998c-406e-8ca0-7ca689ab91ec,1679097600000,
,,389d56e3-7a3c-4786-95ff-f9db9e3d6225.extra_data.json,,,,0.0,179423,1318.0939,,2023-03-20 04:53:02.886,2023-03-19 03:07:55.034,11.549999,R5wtjjS0Fd,com.sec.android.app.shealth,389d56e3-7a3c-4786-95ff-f9db9e3d6225,1679184000000,
,,3fb9cb40-9a36-45c8-aec4-63a8ad1a28a2.extra_data.json,,,,0.0,3378459,1269.1888,,2023-03-25 03:27:50.430,2023-03-24 03:01:35.384,218.56985,R5wtjjS0Fd,com.sec.android.app.shealth,3fb9cb40-9a36-45c8-aec4-63a8ad1a28a2,1679616000000,
,,19d5eee1-0c96-4551-a148-6427a34bc90d.extra_data.json,,,,0.0,1915384,1291.5555,,2023-03-27 03:40:36.120,2023-03-26 03:44:45.024,113.78001,R5wtjjS0Fd,com.sec.android.app.shealth,19d5eee1-0c96-4551-a148-6427a34bc90d,1679788800000,
,,dc0eb28d-090d-4bc6-9e08-8dd8dfcfb732.extra_data.json,,,,0.0,1090972,1304.1586,,2023-03-21 03:39:23.041,2023-03-20 04:53:02.472,66.7,R5wtjjS0Fd,com.sec.android.app.shealth,dc0eb28d-090d-4bc6-9e08-8dd8dfcfb732,1679270400000,
,,6cb97758-bbf6-4c35-9eda-e12d24db303a.extra_data.json,,,,0.0,3983155,1259.9446,,2023-03-22 04:40:20.366,2023-03-21 03:39:22.719,258.06332,R5wtjjS0Fd,com.sec.android.app.shealth,6cb97758-bbf6-4c35-9eda-e12d24db303a,1679356800000,
,,b37d08ab-dbbf-4206-b53f-166adac9f493.extra_data.json,,,,0.0,35351,1320.2964,,2023-03-26 03:44:45.167,2023-03-25 03:27:49.187,1.9499999,R5wtjjS0Fd,com.sec.android.app.shealth,b37d08ab-dbbf-4206-b53f-166adac9f493,1679702400000,
,,e71df011-be60-44a0-bbef-5f2629789e99.extra_data.json,,,,0.0,4276308,1255.463,,2023-04-03 04:45:59.037,2023-04-02 03:52:55.122,287.70502,R5wtjjS0Fd,com.sec.android.app.shealth,e71df011-be60-44a0-bbef-5f2629789e99,1680393600000,
,,39d8aad7-a012-461e-87f7-81672d014ef7.extra_data.json,,,,0.0,1083605,1304.2712,,2023-03-23 03:00:02.090,2023-03-22 04:40:19.620,66.00001,R5wtjjS0Fd,com.sec.android.app.shealth,39d8aad7-a012-461e-87f7-81672d014ef7,1679443200000,
,,c0920c8e-d170-45c5-b12d-dd833eb9565e.extra_data.json,,,,0.0,1461157,1298.4994,,2023-04-06 04:18:32.874,2023-04-05 04:50:30.162,86.59,R5wtjjS0Fd,com.sec.android.app.shealth,c0920c8e-d170-45c5-b12d-dd833eb9565e,1680652800000,
,,40de326b-e88a-4f2d-a6de-ae48c4a8fe40.extra_data.json,,,,0.0,2522571,1282.2732,,2023-03-30 04:46:08.692,2023-03-29 03:08:27.556,158.31004,R5wtjjS0Fd,com.sec.android.app.shealth,40de326b-e88a-4f2d-a6de-ae48c4a8fe40,1680048000000,
,,05c1d437-bae4-4646-a982-fc099e2af667.extra_data.json,,,,0.0,4641547,1249.8794,,2023-03-24 03:01:35.950,2023-03-23 03:00:01.743,297.85007,R5wtjjS0Fd,com.sec.android.app.shealth,05c1d437-bae4-4646-a982-fc099e2af667,1679529600000,
,,ccad0cd9-5dc7-4f98-878f-34a5e8e3c350.extra_data.json,,,,0.0,874834,1307.4629,,2023-04-04 03:24:44.270,2023-04-03 04:45:58.203,52.34,R5wtjjS0Fd,com.sec.android.app.shealth,ccad0cd9-5dc7-4f98-878f-34a5e8e3c350,1680480000000,
,,5429c5ef-f653-490c-aff2-e05a9244f10a.extra_data.json,,,,0.0,120727,1318.9912,,2023-03-31 03:30:21.683,2023-03-30 04:46:08.320,7.24,R5wtjjS0Fd,com.sec.android.app.shealth,5429c5ef-f653-490c-aff2-e05a9244f10a,1680134400000,
,,93dd747e-4d4c-4b0e-987e-a55d0856da01.extra_data.json,,,,0.0,3329717,1269.9338,,2023-03-29 03:08:28.015,2023-03-28 03:00:38.476,194.61035,R5wtjjS0Fd,com.sec.android.app.shealth,93dd747e-4d4c-4b0e-987e-a55d0856da01,1679961600000,
,,d7db1977-cd1f-4d4d-840d-de61836c4e27.extra_data.json,,,,0.0,3217242,1271.6534,,2023-04-15 03:00:00.750,2023-04-14 03:37:42.284,204.04001,R5wtjjS0Fd,com.sec.android.app.shealth,d7db1977-cd1f-4d4d-840d-de61836c4e27,1681430400000,
,,de3fdc3a-ac4b-498c-8c11-9a83aebee131.extra_data.json,,,,0.0,5028269,1243.9673,,2023-04-01 03:00:01.117,2023-03-31 03:30:21.249,332.78998,R5wtjjS0Fd,com.sec.android.app.shealth,de3fdc3a-ac4b-498c-8c11-9a83aebee131,1680220800000,
,,5b221719-0bbc-4428-bb3e-a2140d2da9ae.extra_data.json,,,,0.0,2557625,1281.7373,,2023-03-28 03:00:38.952,2023-03-27 03:40:35.838,156.638,R5wtjjS0Fd,com.sec.android.app.shealth,5b221719-0bbc-4428-bb3e-a2140d2da9ae,1679875200000,
,,028775d3-8181-411e-a3cc-4b3c11749bb5.extra_data.json,,,,0.0,682221,1310.4073,,2023-04-10 03:00:00.633,2023-04-09 03:00:00.785,41.65,R5wtjjS0Fd,com.sec.android.app.shealth,028775d3-8181-411e-a3cc-4b3c11749bb5,1680998400000,
,,dec51729-0b1a-4362-ae3c-261571153bbe.extra_data.json,,,,0.0,1017542,1305.2812,,2023-04-13 04:45:22.419,2023-04-12 03:00:00.439,65.810005,R5wtjjS0Fd,com.sec.android.app.shealth,dec51729-0b1a-4362-ae3c-261571153bbe,1681257600000,
,,7fafbb65-1113-4e9b-8c32-795387aec34d.extra_data.json,,,,0.0,1417075,1299.1735,,2023-04-07 03:18:25.504,2023-04-06 04:18:32.542,87.29001,R5wtjjS0Fd,com.sec.android.app.shealth,7fafbb65-1113-4e9b-8c32-795387aec34d,1680739200000,
,,2a17154c-576c-4254-bf81-10e09f0e858d.extra_data.json,,,,0.0,5341151,1239.1842,,2023-04-14 03:37:42.869,2023-04-13 04:45:21.823,330.58408,R5wtjjS0Fd,com.sec.android.app.shealth,2a17154c-576c-4254-bf81-10e09f0e858d,1681344000000,
,,784e4e23-4734-4a72-bd7f-48e45bb33e05.extra_data.json,,,,0.0,4068051,1258.6467,,2023-04-02 03:52:55.658,2023-04-01 03:00:00.559,276.59833,R5wtjjS0Fd,com.sec.android.app.shealth,784e4e23-4734-4a72-bd7f-48e45bb33e05,1680307200000,
,,44389a73-bd3b-4e7c-b06d-5476238d990c.extra_data.json,,,,0.0,818139,1308.3296,,2023-04-05 04:50:30.590,2023-04-04 03:24:44.020,47.049995,R5wtjjS0Fd,com.sec.android.app.shealth,44389a73-bd3b-4e7c-b06d-5476238d990c,1680566400000,
,,538530e6-022a-42c1-93fa-c27e76fdc043.extra_data.json,,,,0.0,1395701,1299.5001,,2023-04-18 03:16:51.735,2023-04-17 04:51:08.709,84.16999,R5wtjjS0Fd,com.sec.android.app.shealth,538530e6-022a-42c1-93fa-c27e76fdc043,1681689600000,
,,510683d7-4df6-4edb-bc0e-bc745176ea22.extra_data.json,,,,0.0,283475,1316.5033,,2023-04-12 03:00:00.786,2023-04-11 03:56:46.755,16.24,R5wtjjS0Fd,com.sec.android.app.shealth,510683d7-4df6-4edb-bc0e-bc745176ea22,1681171200000,
,,62efac83-b909-4992-ae71-da90fc262f14.extra_data.json,,,,0.0,2151100,1287.9519,,2023-04-19 03:00:00.782,2023-04-18 03:16:51.496,136.4887,R5wtjjS0Fd,com.sec.android.app.shealth,62efac83-b909-4992-ae71-da90fc262f14,1681776000000,
,,2bc16886-f9a3-4d73-a443-1deb6d31f5d5.extra_data.json,,,,0.0,2339903,1285.0657,,2023-04-11 03:56:47.052,2023-04-10 03:00:00.568,141.26003,R5wtjjS0Fd,com.sec.android.app.shealth,2bc16886-f9a3-4d73-a443-1deb6d31f5d5,1681084800000,
,,823187f8-86cc-4364-9fd4-cd93acaf50de.extra_data.json,,,,0.0,586960,1311.8638,,2023-04-23 03:40:32.134,2023-04-22 03:00:00.533,33.44,R5wtjjS0Fd,com.sec.android.app.shealth,823187f8-86cc-4364-9fd4-cd93acaf50de,1682121600000,
,,bbc497c5-8eee-40e0-8220-febd80e3c8e6.extra_data.json,,,,0.0,0,1320.8369,,2023-05-01 03:00:00.770,2023-04-30 03:37:47.907,0.0,R5wtjjS0Fd,com.sec.android.app.shealth,bbc497c5-8eee-40e0-8220-febd80e3c8e6,1682812800000,
,,2ff6d938-ee7b-4281-b7cc-2b1dbefce95e.extra_data.json,,,,0.0,3808524,1262.6141,,2023-04-27 03:23:56.235,2023-04-26 04:56:34.860,247.32999,R5wtjjS0Fd,com.sec.android.app.shealth,2ff6d938-ee7b-4281-b7cc-2b1dbefce95e,1682467200000,
,,f0fdf80a-612d-41c9-aa4d-c388c45b8362.extra_data.json,,,,0.0,1634000,1295.8572,,2023-04-17 04:51:09.406,2023-04-16 03:00:00.845,93.70999,R5wtjjS0Fd,com.sec.android.app.shealth,f0fdf80a-612d-41c9-aa4d-c388c45b8362,1681603200000,
,,f8dffc3e-071b-49de-906e-7029cd1e6547.extra_data.json,,,,0.0,20010,1320.531,,2023-04-09 03:00:00.876,2023-04-08 04:14:36.804,1.14,R5wtjjS0Fd,com.sec.android.app.shealth,f8dffc3e-071b-49de-906e-7029cd1e6547,1680912000000,
,,39a442cf-14d3-41c9-9568-f1439eac54e5.extra_data.json,,,,0.0,30015,1320.3779,,2023-04-08 04:14:37.335,2023-04-07 03:18:24.585,1.69,R5wtjjS0Fd,com.sec.android.app.shealth,39a442cf-14d3-41c9-9568-f1439eac54e5,1680825600000,
,,1965cdb6-d195-4ed0-89d9-50ffec420a4f.extra_data.json,,,,0.0,5470055,1237.2136,,2023-04-20 03:25:18.465,2023-04-19 03:00:00.570,334.5005,R5wtjjS0Fd,com.sec.android.app.shealth,1965cdb6-d195-4ed0-89d9-50ffec420a4f,1681862400000,
,,55147bce-ab7a-4a0b-a6ef-6439cd5bfdbf.extra_data.json,,,,0.0,3729474,1263.8226,,2023-04-26 04:56:35.888,2023-04-25 03:30:34.309,217.98003,R5wtjjS0Fd,com.sec.android.app.shealth,55147bce-ab7a-4a0b-a6ef-6439cd5bfdbf,1682380800000,
,,b1a6a3ab-862d-4fde-b0f1-48a24a39d9b1.extra_data.json,,,,0.0,3037379,1274.4031,,2023-04-28 03:00:00.687,2023-04-27 03:23:55.117,175.53001,R5wtjjS0Fd,com.sec.android.app.shealth,b1a6a3ab-862d-4fde-b0f1-48a24a39d9b1,1682553600000,
,,1acc6489-9e5a-45b0-b3d8-b94bc0809352.extra_data.json,,,,0.0,1359863,1300.048,,2023-04-25 03:30:34.967,2023-04-24 03:59:23.119,78.09998,R5wtjjS0Fd,com.sec.android.app.shealth,1acc6489-9e5a-45b0-b3d8-b94bc0809352,1682294400000,
,,f8d89cf1-b0c5-4ea3-a0db-f034451166d4.extra_data.json,,,,0.0,76038,1319.6744,,2023-05-04 04:37:52.991,2023-05-03 04:06:59.887,4.25,R5wtjjS0Fd,com.sec.android.app.shealth,f8d89cf1-b0c5-4ea3-a0db-f034451166d4,1683072000000,
,,a362fbf1-2dc0-4d5a-bf24-7658745c95d0.extra_data.json,,,,0.0,912186,1306.8918,,2023-04-21 04:36:58.659,2023-04-20 03:25:18.040,59.1,R5wtjjS0Fd,com.sec.android.app.shealth,a362fbf1-2dc0-4d5a-bf24-7658745c95d0,1681948800000,
,,15c934df-408f-44a2-854f-f474075612e9.extra_data.json,,,,0.0,3629431,1265.352,,2023-04-29 03:54:36.171,2023-04-28 03:00:00.600,206.83,R5wtjjS0Fd,com.sec.android.app.shealth,15c934df-408f-44a2-854f-f474075612e9,1682640000000,
,,d22f7d65-bb10-4c8b-b2be-cc766eb94ac4.extra_data.json,,,,0.0,22011,1320.5004,,2023-04-22 03:00:00.653,2023-04-21 04:36:58.596,1.25,R5wtjjS0Fd,com.sec.android.app.shealth,d22f7d65-bb10-4c8b-b2be-cc766eb94ac4,1682035200000,
,,80cf115b-9932-42ec-8b01-2ee43cc69cd4.extra_data.json,,,,0.0,17342,1320.5717,,2023-05-07 03:00:00.654,2023-05-06 04:18:54.727,0.94,R5wtjjS0Fd,com.sec.android.app.shealth,80cf115b-9932-42ec-8b01-2ee43cc69cd4,1683331200000,
,,430a929b-41de-40ad-bf02-ccf3a4cc19f6.extra_data.json,,,,0.0,650962,1310.8854,,2023-04-30 03:37:48.674,2023-04-29 03:54:34.796,37.489998,R5wtjjS0Fd,com.sec.android.app.shealth,430a929b-41de-40ad-bf02-ccf3a4cc19f6,1682726400000,
,,24716d28-0c2a-427b-adff-0b9bbfae62da.extra_data.json,,,,0.0,938866,1306.484,,2023-05-17 04:55:41.792,2023-05-16 03:00:00.598,60.350006,R5wtjjS0Fd,com.sec.android.app.shealth,24716d28-0c2a-427b-adff-0b9bbfae62da,1684195200000,
,,ad830e1f-8155-4157-a05a-bc98cc808d1b.extra_data.json,,,,0.0,3232237,1271.4241,,2023-05-13 03:11:54.424,2023-05-12 04:59:46.044,187.84067,R5wtjjS0Fd,com.sec.android.app.shealth,ad830e1f-8155-4157-a05a-bc98cc808d1b,1683849600000,
,,4a8c3c63-6c04-4181-83f6-b56dcaee582a.extra_data.json,,,,0.0,19343,1320.5411,,2023-05-14 03:00:00.755,2023-05-13 03:11:53.764,1.09,R5wtjjS0Fd,com.sec.android.app.shealth,4a8c3c63-6c04-4181-83f6-b56dcaee582a,1683936000000,
,,47d177b6-81e9-4d42-b476-4a6cce3e417a.extra_data.json,,,,0.0,1728504,1294.4124,,2023-05-09 03:39:32.081,2023-05-08 03:14:47.701,104.86,R5wtjjS0Fd,com.sec.android.app.shealth,47d177b6-81e9-4d42-b476-4a6cce3e417a,1683504000000,
,,de9595a0-f900-4482-94bf-61d3c6bf6716.extra_data.json,,,,0.0,902818,1307.035,,2023-05-11 03:00:00.781,2023-05-10 03:40:24.248,57.470005,R5wtjjS0Fd,com.sec.android.app.shealth,de9595a0-f900-4482-94bf-61d3c6bf6716,1683676800000,
,,e8927901-616e-411d-b07a-580b0d8fac57.extra_data.json,,,,0.0,110988,1319.14,,2023-05-05 03:00:00.542,2023-05-04 04:37:52.014,6.42,R5wtjjS0Fd,com.sec.android.app.shealth,e8927901-616e-411d-b07a-580b0d8fac57,1683158400000,
,,10cbb483-262d-4877-a1fd-fcfbc2e35a66.extra_data.json,,,,0.0,60697,1319.9089,,2023-05-06 04:18:55.508,2023-05-05 03:00:00.419,3.35,R5wtjjS0Fd,com.sec.android.app.shealth,10cbb483-262d-4877-a1fd-fcfbc2e35a66,1683244800000,
,,2522ea8e-c373-4fb0-a35c-bcae2d200836.extra_data.json,,,,0.0,1355044,1300.1217,,2023-04-16 03:00:00.963,2023-04-15 03:00:00.611,85.22999,R5wtjjS0Fd,com.sec.android.app.shealth,2522ea8e-c373-4fb0-a35c-bcae2d200836,1681516800000,
,,a5d9093c-a568-4a0d-a3cf-f67ce329c262.extra_data.json,,,,0.0,1281097,1301.2522,,2023-05-15 03:14:12.835,2023-05-14 03:00:00.594,76.560005,R5wtjjS0Fd,com.sec.android.app.shealth,a5d9093c-a568-4a0d-a3cf-f67ce329c262,1684022400000,
,,ac4850f3-916a-46bc-9694-eecda6bcc125.extra_data.json,,,,0.0,1882701,1292.055,,2023-05-03 04:07:00.299,2023-05-02 04:19:43.025,107.16998,R5wtjjS0Fd,com.sec.android.app.shealth,ac4850f3-916a-46bc-9694-eecda6bcc125,1682985600000,
,,71cb003f-9c05-4b3f-b3ca-290084ac343a.extra_data.json,,,,0.0,108054,1319.1849,,2023-05-24 03:16:46.256,2023-05-23 03:52:33.254,6.0900006,R5wtjjS0Fd,com.sec.android.app.shealth,71cb003f-9c05-4b3f-b3ca-290084ac343a,1684800000000,
,,45d463d8-1e41-4117-9225-9fb24bbf5332.extra_data.json,,,,0.0,47357,1320.1128,,2023-05-08 03:14:47.991,2023-05-07 03:00:00.511,2.5700002,R5wtjjS0Fd,com.sec.android.app.shealth,45d463d8-1e41-4117-9225-9fb24bbf5332,1683417600000,
,,3051d238-4e63-426e-bc45-013f51628654.extra_data.json,,,,0.0,4723430,1248.6276,,2023-05-12 04:59:46.163,2023-05-11 03:00:00.714,291.41666,R5wtjjS0Fd,com.sec.android.app.shealth,3051d238-4e63-426e-bc45-013f51628654,1683763200000,
,,5d974206-6687-4609-8984-fe185bde9033.extra_data.json,,,,0.0,5319407,1239.5166,,2023-05-27 04:01:59.951,2023-05-26 04:23:42.244,333.20795,R5wtjjS0Fd,com.sec.android.app.shealth,5d974206-6687-4609-8984-fe185bde9033,1685059200000,
,,3e31fcb8-6612-46b2-93c5-810a25ddc545.extra_data.json,,,,0.0,2405966,1284.0557,,2023-05-21 03:47:49.579,2023-05-20 03:22:24.889,150.34998,R5wtjjS0Fd,com.sec.android.app.shealth,3e31fcb8-6612-46b2-93c5-810a25ddc545,1684540800000,
,,d073d200-0e32-4282-8674-ea92fbac6c28.extra_data.json,,,,0.0,3873143,1261.6263,,2023-05-16 03:00:00.954,2023-05-15 03:14:11.926,237.97665,R5wtjjS0Fd,com.sec.android.app.shealth,d073d200-0e32-4282-8674-ea92fbac6c28,1684108800000,
,,0fbd1a3e-4dcf-4d69-8ba6-6431aaf208d3.extra_data.json,,,,0.0,73370,1319.7152,,2023-05-22 03:04:08.865,2023-05-21 03:47:48.931,4.09,R5wtjjS0Fd,com.sec.android.app.shealth,0fbd1a3e-4dcf-4d69-8ba6-6431aaf208d3,1684627200000,
,,68e1de62-14f8-458a-bccf-2539cec83122.extra_data.json,,,,0.0,4997367,1244.4398,,2023-05-28 03:00:06.831,2023-05-27 04:01:59.248,334.96002,R5wtjjS0Fd,com.sec.android.app.shealth,68e1de62-14f8-458a-bccf-2539cec83122,1685145600000,
,,f4d2e5ff-efd2-4c93-be31-c73d785f8cac.extra_data.json,,,,0.0,1758579,1293.9526,,2023-05-25 04:46:05.201,2023-05-24 03:16:45.946,108.19998,R5wtjjS0Fd,com.sec.android.app.shealth,f4d2e5ff-efd2-4c93-be31-c73d785f8cac,1684886400000,
,,e2aefbd8-8ba6-42a0-bba3-3b45897da696.extra_data.json,,,,0.0,60697,1319.9089,,2023-05-02 04:19:44.091,2023-05-01 03:00:00.695,3.4099998,R5wtjjS0Fd,com.sec.android.app.shealth,e2aefbd8-8ba6-42a0-bba3-3b45897da696,1682899200000,
,,a3145fb7-0066-4daa-9cc3-1e32330d4345.extra_data.json,,,,0.0,1051559,1304.7612,,2023-06-06 03:00:01.120,2023-06-05 03:49:04.244,67.38,R5wtjjS0Fd,com.sec.android.app.shealth,a3145fb7-0066-4daa-9cc3-1e32330d4345,1685923200000,
,,1b8500ae-0e07-4df7-9237-ff23b27ba1e1.extra_data.json,,,,0.0,1027607,1305.1273,,2023-05-19 03:27:33.233,2023-05-18 04:51:35.107,64.07,R5wtjjS0Fd,com.sec.android.app.shealth,1b8500ae-0e07-4df7-9237-ff23b27ba1e1,1684368000000,
,,1e4e35b5-6f0a-4a97-a48b-204ff4bd53b3.extra_data.json,,,,0.0,3299444,1270.3967,,2023-05-30 03:00:01.391,2023-05-29 03:50:11.145,202.08632,R5wtjjS0Fd,com.sec.android.app.shealth,1e4e35b5-6f0a-4a97-a48b-204ff4bd53b3,1685318400000,
,,0869f63b-965d-4512-960f-e5c8e62e3433.extra_data.json,,,,0.0,112723,1319.1136,,2023-06-01 04:55:34.014,2023-05-31 03:20:43.568,6.86,R5wtjjS0Fd,com.sec.android.app.shealth,0869f63b-965d-4512-960f-e5c8e62e3433,1685491200000,
,,0be12095-8198-4d4e-840e-93a3fa5008d2.extra_data.json,,,,0.0,3977630,1260.0289,,2023-05-20 03:22:25.091,2023-05-19 03:27:32.343,230.83936,R5wtjjS0Fd,com.sec.android.app.shealth,0be12095-8198-4d4e-840e-93a3fa5008d2,1684454400000,
,,0423acf0-e7b6-49a2-a474-6e08f7d9ead5.extra_data.json,,,,0.0,53360,1320.0211,,2023-06-04 03:56:29.464,2023-06-03 03:00:00.484,3.28,R5wtjjS0Fd,com.sec.android.app.shealth,0423acf0-e7b6-49a2-a474-6e08f7d9ead5,1685750400000,
,,fde0e58a-6175-4b47-8301-c2c8cc668c50.extra_data.json,,,,0.0,16675,1320.582,,2023-05-29 03:50:11.395,2023-05-28 03:00:06.207,0.92,R5wtjjS0Fd,com.sec.android.app.shealth,fde0e58a-6175-4b47-8301-c2c8cc668c50,1685232000000,
,,97652efd-5976-42af-84b4-ed957af9a394.extra_data.json,,,,0.0,462838,1313.7612,,2023-04-24 03:59:23.902,2023-04-23 03:40:31.732,26.380001,R5wtjjS0Fd,com.sec.android.app.shealth,97652efd-5976-42af-84b4-ed957af9a394,1682208000000,
,,5a8c5ab8-d8b3-4934-bf54-4e772a82d6d6.extra_data.json,,,,0.0,44022,1320.1638,,2023-06-05 03:49:04.954,2023-06-04 03:56:28.931,2.43,R5wtjjS0Fd,com.sec.android.app.shealth,5a8c5ab8-d8b3-4934-bf54-4e772a82d6d6,1685836800000,
,,da439d8e-00b5-4fef-b8ef-5a284bb4c70c.extra_data.json,,,,0.0,1452426,1298.6329,,2023-06-14 03:00:01.116,2023-06-13 03:54:50.237,84.54001,R5wtjjS0Fd,com.sec.android.app.shealth,da439d8e-00b5-4fef-b8ef-5a284bb4c70c,1686614400000,
,,8571c650-4dd4-4e0f-a1b4-ae45b7c72ca4.extra_data.json,,,,0.0,947567,1306.351,,2023-06-10 03:00:01.842,2023-06-09 03:01:50.198,59.289997,R5wtjjS0Fd,com.sec.android.app.shealth,8571c650-4dd4-4e0f-a1b4-ae45b7c72ca4,1686268800000,
,,95413242-c03a-490e-8595-bb5fd205e74d.extra_data.json,,,,0.0,972853,1305.9644,,2023-05-10 03:40:24.449,2023-05-09 03:39:31.758,61.859997,R5wtjjS0Fd,com.sec.android.app.shealth,95413242-c03a-490e-8595-bb5fd205e74d,1683590400000,
,,de4a04ef-edfd-4221-a5eb-2d6c1e2b8360.extra_data.json,,,,0.0,891509,1307.2079,,2023-05-23 03:52:34.019,2023-05-22 03:04:07.954,59.689995,R5wtjjS0Fd,com.sec.android.app.shealth,de4a04ef-edfd-4221-a5eb-2d6c1e2b8360,1684713600000,
,,2cf055c4-854b-473d-ae43-83a8d2ca51fb.extra_data.json,,,,0.0,3266199,1270.9049,,2023-06-07 03:31:33.775,2023-06-06 03:00:00.560,195.79999,R5wtjjS0Fd,com.sec.android.app.shealth,2cf055c4-854b-473d-ae43-83a8d2ca51fb,1686009600000,
,,9d4ab64d-265a-43e0-a276-c528466086e9.extra_data.json,,,,0.0,1070295,1304.4747,,2023-06-02 03:09:08.997,2023-06-01 04:55:33.771,65.87,R5wtjjS0Fd,com.sec.android.app.shealth,9d4ab64d-265a-43e0-a276-c528466086e9,1685577600000,
,,bc9792d2-ac9e-4762-bcf7-2fe84b1cbbdc.extra_data.json,,,,0.0,6170507,1226.5055,,2023-06-18 03:00:00.649,2023-06-17 03:15:22.868,366.44928,R5wtjjS0Fd,com.sec.android.app.shealth,bc9792d2-ac9e-4762-bcf7-2fe84b1cbbdc,1686960000000,
,,4648f855-39ff-4723-8af9-5d9b2f4de986.extra_data.json,,,,0.0,880140,1307.3817,,2023-06-23 03:00:01.042,2023-06-22 03:00:00.610,54.190002,R5wtjjS0Fd,com.sec.android.app.shealth,4648f855-39ff-4723-8af9-5d9b2f4de986,1687392000000,
,,d6017e81-8716-47b5-81cf-f6c49af107e9.extra_data.json,,,,0.0,1312993,1300.7645,,2023-06-20 03:00:00.812,2023-06-19 03:00:00.726,81.42999,R5wtjjS0Fd,com.sec.android.app.shealth,d6017e81-8716-47b5-81cf-f6c49af107e9,1687132800000,
,,ce4490ce-677c-45e2-ba1b-d0f4535e428d.extra_data.json,,,,0.0,53360,1320.0211,,2023-06-09 03:01:50.370,2023-06-08 03:00:00.559,3.12,R5wtjjS0Fd,com.sec.android.app.shealth,ce4490ce-677c-45e2-ba1b-d0f4535e428d,1686182400000,
,,205e5d34-0344-401a-9190-baf71976e5d2.extra_data.json,,,,0.0,44689,1320.1537,,2023-06-12 03:00:00.721,2023-06-11 03:00:01.061,2.7,R5wtjjS0Fd,com.sec.android.app.shealth,205e5d34-0344-401a-9190-baf71976e5d2,1686441600000,
,,2688d597-8bb3-4bf6-9295-fe8e9fa30afd.extra_data.json,,,,0.0,4383755,1253.8204,,2023-06-21 03:00:00.743,2023-06-20 03:00:00.575,289.1622,R5wtjjS0Fd,com.sec.android.app.shealth,2688d597-8bb3-4bf6-9295-fe8e9fa30afd,1687219200000,
,,2ef8e40c-0d3d-4b2c-a3f4-e23e4ef0c175.extra_data.json,,,,0.0,2152386,1287.9324,,2023-05-18 04:51:35.900,2023-05-17 04:55:41.494,138.53,R5wtjjS0Fd,com.sec.android.app.shealth,2ef8e40c-0d3d-4b2c-a3f4-e23e4ef0c175,1684281600000,
,,d1dfd61d-dbc1-44bc-8d86-b60dcffe7c7d.extra_data.json,,,,0.0,920857,1306.7593,,2023-06-13 03:54:50.496,2023-06-12 03:00:00.558,56.610004,R5wtjjS0Fd,com.sec.android.app.shealth,d1dfd61d-dbc1-44bc-8d86-b60dcffe7c7d,1686528000000,
,,c1f60546-086e-49d8-90f9-3bacad10c656.extra_data.json,,,,0.0,2235494,1286.6617,,2023-07-04 03:00:00.932,2023-07-03 03:02:25.737,142.85999,R5wtjjS0Fd,com.sec.android.app.shealth,c1f60546-086e-49d8-90f9-3bacad10c656,1688342400000,
,,ae55a9d4-dd1b-4789-b429-b01e55fd60f5.extra_data.json,,,,0.0,43355,1320.1741,,2023-06-22 03:00:00.720,2023-06-21 03:00:00.636,2.45,R5wtjjS0Fd,com.sec.android.app.shealth,ae55a9d4-dd1b-4789-b429-b01e55fd60f5,1687305600000,
,,ffa5b71f-27b7-4aff-92d3-12e99268a59b.extra_data.json,,,,0.0,819919,1308.3024,,2023-06-15 04:13:21.054,2023-06-14 03:00:00.563,45.65,R5wtjjS0Fd,com.sec.android.app.shealth,ffa5b71f-27b7-4aff-92d3-12e99268a59b,1686700800000,
,,cdc21f85-0bba-4416-a399-b6749c194f2b.extra_data.json,,,,0.0,597365,1311.7046,,2023-05-26 04:23:43.458,2023-05-25 04:46:04.208,34.209995,R5wtjjS0Fd,com.sec.android.app.shealth,cdc21f85-0bba-4416-a399-b6749c194f2b,1684972800000,
,,8d13365f-3e5f-4902-a8c8-62ec38b7c118.extra_data.json,,,,0.0,1323935,1300.5973,,2023-06-25 03:09:50.261,2023-06-24 03:26:18.610,75.670006,R5wtjjS0Fd,com.sec.android.app.shealth,8d13365f-3e5f-4902-a8c8-62ec38b7c118,1687564800000,
,,375818bd-9388-4a32-9592-89cb48314e8d.extra_data.json,,,,0.0,4606016,1250.4226,,2023-06-17 03:15:23.252,2023-06-16 03:00:00.556,257.94934,R5wtjjS0Fd,com.sec.android.app.shealth,375818bd-9388-4a32-9592-89cb48314e8d,1686873600000,
,,d9084fbe-4005-4892-a75b-6bab0b8e6e3a.extra_data.json,,,,0.0,2251769,1286.4131,,2023-06-28 03:48:59.793,2023-06-27 04:17:15.607,145.80002,R5wtjjS0Fd,com.sec.android.app.shealth,d9084fbe-4005-4892-a75b-6bab0b8e6e3a,1687824000000,
,,9971514b-1c3b-45aa-9591-c3adf5313cb5.extra_data.json,,,,0.0,88044,1319.4908,,2023-06-26 03:00:00.524,2023-06-25 03:09:49.829,5.1299996,R5wtjjS0Fd,com.sec.android.app.shealth,9971514b-1c3b-45aa-9591-c3adf5313cb5,1687651200000,
,,c1c42857-a866-4e1a-b1b3-85a5edccd62c.extra_data.json,,,,0.0,990862,1305.6891,,2023-06-29 03:53:01.845,2023-06-28 03:48:59.587,58.71,R5wtjjS0Fd,com.sec.android.app.shealth,c1c42857-a866-4e1a-b1b3-85a5edccd62c,1687910400000,
,,d29d71fb-6f78-43e1-94d3-262812a4c5c5.extra_data.json,,,,0.0,1981403,1290.5463,,2023-07-08 03:00:00.946,2023-07-07 03:00:00.458,113.46999,R5wtjjS0Fd,com.sec.android.app.shealth,d29d71fb-6f78-43e1-94d3-262812a4c5c5,1688688000000,
,,25636636-e0ca-4edf-b79d-aba163ee756c.extra_data.json,,,,0.0,905456,1306.9948,,2023-07-01 03:26:03.542,2023-06-30 03:06:23.596,58.369995,R5wtjjS0Fd,com.sec.android.app.shealth,25636636-e0ca-4edf-b79d-aba163ee756c,1688083200000,
,,87480cba-9f56-411b-b69d-cf74f57d454f.extra_data.json,,,,0.0,1547200,1297.1841,,2023-07-11 03:00:01.497,2023-07-10 03:00:00.411,93.42001,R5wtjjS0Fd,com.sec.android.app.shealth,87480cba-9f56-411b-b69d-cf74f57d454f,1688947200000,
,,803c96b3-0fb6-4a88-b192-40a0b23ef1c3.extra_data.json,,,,0.0,876775,1307.4332,,2023-07-12 03:00:01.621,2023-07-11 03:00:01.322,50.650005,R5wtjjS0Fd,com.sec.android.app.shealth,803c96b3-0fb6-4a88-b192-40a0b23ef1c3,1689033600000,
,,37090030-dbc7-4c3a-b8af-5b7a8fa4e7bf.extra_data.json,,,,0.0,3310118,1270.2335,,2023-06-03 03:00:00.856,2023-06-02 03:09:08.842,197.03001,R5wtjjS0Fd,com.sec.android.app.shealth,37090030-dbc7-4c3a-b8af-5b7a8fa4e7bf,1685664000000,
,,75611b47-e6ca-48a8-bf9c-c84179b1d6ab.extra_data.json,,,,0.0,2210251,1287.0477,,2023-07-09 03:00:00.823,2023-07-08 03:00:00.561,127.51999,R5wtjjS0Fd,com.sec.android.app.shealth,75611b47-e6ca-48a8-bf9c-c84179b1d6ab,1688774400000,
,,4dd80ce5-dd00-40c1-9969-92a8528167e4.extra_data.json,,,,0.0,1725289,1294.4615,,2023-06-30 03:06:24.265,2023-06-29 03:53:01.072,97.79998,R5wtjjS0Fd,com.sec.android.app.shealth,4dd80ce5-dd00-40c1-9969-92a8528167e4,1687996800000,
,,11bdfb90-5494-4224-89fb-4c10a45f8ca0.extra_data.json,,,,0.0,30015,1320.3779,,2023-07-06 03:00:00.922,2023-07-05 03:04:53.864,1.8299999,R5wtjjS0Fd,com.sec.android.app.shealth,11bdfb90-5494-4224-89fb-4c10a45f8ca0,1688515200000,
,,82ef3526-bff4-4589-80ac-7f1c38bd9b05.extra_data.json,,,,0.0,63365,1319.8682,,2023-07-03 03:02:26.187,2023-07-02 03:00:00.540,3.4999998,R5wtjjS0Fd,com.sec.android.app.shealth,82ef3526-bff4-4589-80ac-7f1c38bd9b05,1688256000000,
,,88de4a69-8185-4009-860b-11015e456628.extra_data.json,,,,0.0,4044672,1259.004,,2023-05-31 03:20:44.133,2023-05-30 03:00:01.197,243.60999,R5wtjjS0Fd,com.sec.android.app.shealth,88de4a69-8185-4009-860b-11015e456628,1685404800000,
,,06858618-b35c-42b9-94a9-39189709a611.extra_data.json,,,,0.0,4479166,1252.3617,,2023-07-15 03:36:10.745,2023-07-14 03:00:00.470,258.14,R5wtjjS0Fd,com.sec.android.app.shealth,06858618-b35c-42b9-94a9-39189709a611,1689292800000,
,,225a8a74-b6b6-4909-af01-b0c869cccdc1.extra_data.json,,,,0.0,1094974,1304.0974,,2023-07-07 03:00:00.824,2023-07-06 03:00:00.695,66.02,R5wtjjS0Fd,com.sec.android.app.shealth,225a8a74-b6b6-4909-af01-b0c869cccdc1,1688601600000,
,,fa733dc8-25e1-49ea-8b85-881337c831c4.extra_data.json,,,,0.0,188094,1317.9613,,2023-07-17 03:05:08.976,2023-07-16 03:00:00.455,11.14,R5wtjjS0Fd,com.sec.android.app.shealth,fa733dc8-25e1-49ea-8b85-881337c831c4,1689465600000,
,,5cb78e58-b4b6-466e-ae83-4c3a4552d585.extra_data.json,,,,0.0,2872566,1271.4343,,2023-08-20 00:20:53.641,2023-07-25 03:00:00.688,182.00003,R5wtjjS0Fd,com.sec.android.app.shealth,5cb78e58-b4b6-466e-ae83-4c3a4552d585,1690243200000,
,,3c8560fc-03c5-440c-9bcc-77c22f0aa301.extra_data.json,,,,0.0,2261450,1286.265,,2023-07-20 03:00:00.572,2023-07-19 03:44:07.734,127.960014,R5wtjjS0Fd,com.sec.android.app.shealth,3c8560fc-03c5-440c-9bcc-77c22f0aa301,1689724800000,
,,f6daabc3-9d6e-4a1a-b28d-8f5ab15ff3a5.extra_data.json,,,,0.0,110055,1313.4846,,2023-08-20 00:20:54.873,2023-07-30 03:52:42.951,6.17,R5wtjjS0Fd,com.sec.android.app.shealth,f6daabc3-9d6e-4a1a-b28d-8f5ab15ff3a5,1690675200000,
,,7f3cb8e5-5ac4-448e-9eb5-8e6194fbb4a3.extra_data.json,,,,0.0,511559,1313.0164,,2023-07-16 03:00:00.576,2023-07-15 03:36:10.036,30.509996,R5wtjjS0Fd,com.sec.android.app.shealth,7f3cb8e5-5ac4-448e-9eb5-8e6194fbb4a3,1689379200000,
,,f66b0ed6-e3d6-4ed9-ad47-3676d0cc0a8c.extra_data.json,,,,0.0,2641477,1274.9519,,2023-08-18 03:46:14.942,2023-08-17 03:00:01.442,164.35999,R5wtjjS0Fd,com.sec.android.app.shealth,f66b0ed6-e3d6-4ed9-ad47-3676d0cc0a8c,1692230400000,
,,557ed18a-abb3-4a6d-bd24-8513f2e10f40.extra_data.json,,,,0.0,909518,1306.9326,,2023-07-19 03:44:08.774,2023-07-18 03:00:00.527,51.940002,R5wtjjS0Fd,com.sec.android.app.shealth,557ed18a-abb3-4a6d-bd24-8513f2e10f40,1689638400000,
,,c3b876df-351d-452b-a321-bb52f13dddb0.extra_data.json,,,,0.0,99383,1319.3175,,2023-07-14 03:00:00.661,2023-07-13 03:14:12.535,5.51,R5wtjjS0Fd,com.sec.android.app.shealth,c3b876df-351d-452b-a321-bb52f13dddb0,1689206400000,
,,7aebf603-3734-4427-b92f-0fa252a7cc3b.extra_data.json,,,,0.0,1373203,1294.2573,,2023-08-20 00:20:52.605,2023-07-24 04:02:14.186,80.99001,R5wtjjS0Fd,com.sec.android.app.shealth,7aebf603-3734-4427-b92f-0fa252a7cc3b,1690156800000,
,,4262542e-fe06-4f01-9b94-3e416ec4911f.extra_data.json,,,,0.0,962848,1300.5037,,2023-08-20 00:20:53.915,2023-07-27 03:08:59.431,60.94,R5wtjjS0Fd,com.sec.android.app.shealth,4262542e-fe06-4f01-9b94-3e416ec4911f,1690416000000,
,,a5e06bff-a743-4a3a-b070-8a95adeff3f8.extra_data.json,,,,0.0,711629,1309.9578,,2023-06-11 03:00:01.223,2023-06-10 03:00:01.646,38.88,R5wtjjS0Fd,com.sec.android.app.shealth,a5e06bff-a743-4a3a-b070-8a95adeff3f8,1686355200000,
,,ee01e0ac-ad83-4376-83fe-66e8e14d9f33.extra_data.json,,,,0.0,922221,1306.7384,,2023-06-08 03:00:00.673,2023-06-07 03:31:33.427,56.64,R5wtjjS0Fd,com.sec.android.app.shealth,ee01e0ac-ad83-4376-83fe-66e8e14d9f33,1686096000000,
,,62e1c5df-df54-40b3-b04b-004d83727b54.extra_data.json,,,,0.0,124729,1318.93,,2023-06-19 03:00:01.063,2023-06-18 03:00:00.482,6.709999,R5wtjjS0Fd,com.sec.android.app.shealth,62e1c5df-df54-40b3-b04b-004d83727b54,1687046400000,
,,116975e7-5a62-47b5-984c-6fc10c6378e9.extra_data.json,,,,0.0,1678449,1295.1776,,2023-07-22 04:21:27.016,2023-07-21 03:00:01.044,102.289986,R5wtjjS0Fd,com.sec.android.app.shealth,116975e7-5a62-47b5-984c-6fc10c6378e9,1689897600000,
,,62ec3234-b07b-492a-a206-58b08e99f335.extra_data.json,,,,0.0,2466753,1277.6116,,2023-08-19 03:06:59.933,2023-08-18 03:46:13.542,152.53,R5wtjjS0Fd,com.sec.android.app.shealth,62ec3234-b07b-492a-a206-58b08e99f335,1692316800000,
,,c5756ac8-78eb-4ba3-ac1b-36e8eb0af593.extra_data.json,,,,0.0,940230,1300.8479,,2023-08-20 00:20:55.839,2023-08-02 03:00:01.465,59.509995,R5wtjjS0Fd,com.sec.android.app.shealth,c5756ac8-78eb-4ba3-ac1b-36e8eb0af593,1690934400000,
,,8a695c32-a5da-4f1f-a67f-39b0679e7783.extra_data.json,,,,0.0,102051,1319.2769,,2023-07-23 03:00:00.760,2023-07-22 04:21:26.079,5.6499996,R5wtjjS0Fd,com.sec.android.app.shealth,8a695c32-a5da-4f1f-a67f-39b0679e7783,1689984000000,
,,6ac613ce-25ae-4cac-8b13-e493de417bc9.extra_data.json,,,,0.0,2587180,1275.7784,,2023-08-20 00:20:57.262,2023-08-07 03:50:19.631,164.33,R5wtjjS0Fd,com.sec.android.app.shealth,6ac613ce-25ae-4cac-8b13-e493de417bc9,1691366400000,
,,837fd52d-a816-4bbf-9d38-3da7c2453beb.extra_data.json,,,,0.0,2059516,1283.8104,,2023-08-20 00:20:55.742,2023-08-01 03:00:00.655,122.07999,R5wtjjS0Fd,com.sec.android.app.shealth,837fd52d-a816-4bbf-9d38-3da7c2453beb,1690848000000,
,,c69affc1-3e77-42fb-95a7-5e5ca40bccbe.extra_data.json,,,,0.0,1722838,1288.9353,,2023-08-20 00:20:54.593,2023-07-29 04:50:39.731,117.224014,R5wtjjS0Fd,com.sec.android.app.shealth,c69affc1-3e77-42fb-95a7-5e5ca40bccbe,1690588800000,
,,8a2e94d7-703b-4505-8de9-27c904476baf.extra_data.json,,,,0.0,42021,1314.5203,,2023-08-20 00:20:56.658,2023-08-05 03:55:33.826,2.31,R5wtjjS0Fd,com.sec.android.app.shealth,8a2e94d7-703b-4505-8de9-27c904476baf,1691193600000,
,,ec445d77-ce53-4d72-a5f6-d77e951c1065.extra_data.json,,,,0.0,1473740,1298.307,,2023-06-27 04:17:15.916,2023-06-26 03:00:00.427,91.379974,R5wtjjS0Fd,com.sec.android.app.shealth,ec445d77-ce53-4d72-a5f6-d77e951c1065,1687737600000,
,,2c397c65-4ff1-428a-beab-7943f538f2f0.extra_data.json,,,,0.0,5416588,1232.7098,,2023-08-20 00:20:57.852,2023-08-10 04:42:11.686,345.676,R5wtjjS0Fd,com.sec.android.app.shealth,2c397c65-4ff1-428a-beab-7943f538f2f0,1691625600000,
,,e49fee3a-7c06-415d-8810-c0fc6660e7f9.extra_data.json,,,,0.0,2441714,1283.5093,,2023-06-16 03:00:00.649,2023-06-15 04:13:20.800,148.48997,R5wtjjS0Fd,com.sec.android.app.shealth,e49fee3a-7c06-415d-8810-c0fc6660e7f9,1686787200000,
,,1dc6010d-31ee-4a75-9a17-12561ec7994d.extra_data.json,,,,0.0,3106601,1267.872,,2023-08-20 00:20:54.324,2023-07-28 03:00:00.943,206.18234,R5wtjjS0Fd,com.sec.android.app.shealth,1dc6010d-31ee-4a75-9a17-12561ec7994d,1690502400000,
,,202ab215-e943-435e-af41-5398c89e5354.extra_data.json,,,,0.0,46690,1314.4492,,2023-08-20 00:20:57.118,2023-08-06 03:00:00.859,3.4600005,R5wtjjS0Fd,com.sec.android.app.shealth,202ab215-e943-435e-af41-5398c89e5354,1691280000000,
,,e63b04f0-029c-46cb-9c4f-e05a6c21093f.extra_data.json,,,,0.0,1579616,1291.1154,,2023-08-20 00:20:57.625,2023-08-09 03:40:40.712,95.45,R5wtjjS0Fd,com.sec.android.app.shealth,e63b04f0-029c-46cb-9c4f-e05a6c21093f,1691539200000,
,,d660c5fd-caae-4a3e-a655-68cfef7e85af.extra_data.json,,,,0.0,4010704,1254.11,,2023-08-20 00:20:59.273,2023-08-15 03:49:15.917,267.546,R5wtjjS0Fd,com.sec.android.app.shealth,d660c5fd-caae-4a3e-a655-68cfef7e85af,1692057600000,
,,0cc9890e-fd9a-4963-8490-be715eab1564.extra_data.json,,,,0.0,3431349,1268.3801,,2023-07-02 03:00:00.796,2023-07-01 03:26:03.206,202.90399,R5wtjjS0Fd,com.sec.android.app.shealth,0cc9890e-fd9a-4963-8490-be715eab1564,1688169600000,
,,61d6490e-af75-41a9-ae72-d089cb551554.extra_data.json,,,,0.0,1252416,1296.096,,2023-08-20 00:20:59.098,2023-08-14 03:32:43.857,77.45001,R5wtjjS0Fd,com.sec.android.app.shealth,61d6490e-af75-41a9-ae72-d089cb551554,1691971200000,
,,01a6821e-e346-4d2d-94b3-edb1a064bd79.extra_data.json,,,,0.0,1535651,1291.7847,,2023-08-20 00:20:58.771,2023-08-13 03:53:07.945,98.229996,R5wtjjS0Fd,com.sec.android.app.shealth,01a6821e-e346-4d2d-94b3-edb1a064bd79,1691884800000,
,,80dc932f-7f1f-4547-a688-e1ce432a11d6.extra_data.json,,,,0.0,2498919,1282.6348,,2023-07-21 03:00:01.248,2023-07-20 03:00:00.424,144.68997,R5wtjjS0Fd,com.sec.android.app.shealth,80dc932f-7f1f-4547-a688-e1ce432a11d6,1689811200000,
,,737bef0f-0ee2-4b25-be66-6758ffa218d5.extra_data.json,,,,0.0,1374297,1299.8274,,2023-07-13 03:14:13.350,2023-07-12 03:00:01.464,83.149994,R5wtjjS0Fd,com.sec.android.app.shealth,737bef0f-0ee2-4b25-be66-6758ffa218d5,1689120000000,
,,32151b11-3463-4b6d-8df4-37828beb6d7c.extra_data.json,,,,0.0,1473133,1298.3163,,2023-07-05 03:04:54.650,2023-07-04 03:00:00.805,89.509995,R5wtjjS0Fd,com.sec.android.app.shealth,32151b11-3463-4b6d-8df4-37828beb6d7c,1688428800000,
,,852c0918-c657-4fd5-8596-d743d4ada03d.extra_data.json,,,,0.0,3595250,1260.434,,2023-08-26 04:58:07.139,2023-08-25 03:04:50.737,229.11333,R5wtjjS0Fd,com.sec.android.app.shealth,852c0918-c657-4fd5-8596-d743d4ada03d,1692921600000,
,,10389ca1-d509-44ce-912f-d4c795d2bdd1.extra_data.json,,,,0.0,1816308,1287.5126,,2023-08-20 00:20:56.190,2023-08-04 03:31:10.308,122.82999,R5wtjjS0Fd,com.sec.android.app.shealth,10389ca1-d509-44ce-912f-d4c795d2bdd1,1691107200000,
,,1068227d-904a-42ea-99e6-35a62bcc8dc4.extra_data.json,,,,0.0,2688991,1274.2288,,2023-09-03 03:00:00.727,2023-09-02 03:00:00.469,176.8,R5wtjjS0Fd,com.sec.android.app.shealth,1068227d-904a-42ea-99e6-35a62bcc8dc4,1693612800000,
,,4b54949b-2d9e-451a-babf-5e411a2b954d.extra_data.json,,,,0.0,3183118,1266.7073,,2023-08-24 03:00:00.763,2023-08-23 03:28:40.088,212.59499,R5wtjjS0Fd,com.sec.android.app.shealth,4b54949b-2d9e-451a-babf-5e411a2b954d,1692748800000,
,,53cf09b0-6d53-4bec-8dc2-7ef98568f40e.extra_data.json,,,,0.0,15341,1314.9264,,2023-08-21 03:00:00.773,2023-08-20 03:17:03.250,0.86,R5wtjjS0Fd,com.sec.android.app.shealth,53cf09b0-6d53-4bec-8dc2-7ef98568f40e,1692489600000,
,,16d2b558-7410-49d0-a44b-5927c3a38095.extra_data.json,,,,0.0,43355,1314.5,,2023-08-20 00:20:58.375,2023-08-12 03:24:19.926,2.45,R5wtjjS0Fd,com.sec.android.app.shealth,16d2b558-7410-49d0-a44b-5927c3a38095,1691798400000,
,,035fd8d9-c9fb-487e-818c-621f5dff7b9b.extra_data.json,,,,0.0,2424361,1278.2568,,2023-09-02 03:00:00.621,2023-09-01 03:00:00.725,147.20004,R5wtjjS0Fd,com.sec.android.app.shealth,035fd8d9-c9fb-487e-818c-621f5dff7b9b,1693526400000,
,,fdca026d-a7e1-4ce0-a4ae-3fe388e38b10.extra_data.json,,,,0.0,960270,1300.5428,,2023-09-01 03:00:00.930,2023-08-31 06:59:01.136,60.21,R5wtjjS0Fd,com.sec.android.app.shealth,fdca026d-a7e1-4ce0-a4ae-3fe388e38b10,1693440000000,
,,375d2e5a-d9a4-4114-bce4-f74b06318722.extra_data.json,,,,0.0,21344,1320.5106,,2023-06-24 03:26:19.153,2023-06-23 03:00:00.498,1.19,R5wtjjS0Fd,com.sec.android.app.shealth,375d2e5a-d9a4-4114-bce4-f74b06318722,1687478400000,
,,5ce5f3f0-05de-4de7-9734-8845bcb31ab6.extra_data.json,,,,0.0,258129,1311.2307,,2023-08-20 03:17:03.785,2023-08-19 03:06:58.947,14.779999,R5wtjjS0Fd,com.sec.android.app.shealth,5ce5f3f0-05de-4de7-9734-8845bcb31ab6,1692403200000,
,,4840897d-e4f8-4d46-a944-9ea379741898.extra_data.json,,,,0.0,274137,1310.987,,2023-08-20 00:20:53.763,2023-07-26 03:00:00.521,15.600001,R5wtjjS0Fd,com.sec.android.app.shealth,4840897d-e4f8-4d46-a944-9ea379741898,1690329600000,
,,575f9365-334c-49e0-ac2b-f26e43136d01.extra_data.json,,,,0.0,31349,1314.6826,,2023-08-23 03:28:40.595,2023-08-22 03:08:58.076,1.69,R5wtjjS0Fd,com.sec.android.app.shealth,575f9365-334c-49e0-ac2b-f26e43136d01,1692662400000,
,,52cdea12-48b7-46f7-bf47-8a8472752e39.extra_data.json,,,,0.0,966213,1300.4524,,2023-08-25 03:04:50.974,2023-08-24 03:00:00.622,59.729992,R5wtjjS0Fd,com.sec.android.app.shealth,52cdea12-48b7-46f7-bf47-8a8472752e39,1692835200000,
,,8e9266de-0a0c-4c4f-b31c-7596bca07d65.extra_data.json,,,,0.0,5063490,1238.0847,,2023-08-29 03:51:37.142,2023-08-28 04:43:45.347,312.6277,R5wtjjS0Fd,com.sec.android.app.shealth,8e9266de-0a0c-4c4f-b31c-7596bca07d65,1693180800000,
,,0ed4ca83-ac36-406e-8afc-defeee4363dd.extra_data.json,,,,0.0,224112,1317.4108,,2023-07-10 03:00:00.557,2023-07-09 03:00:00.575,12.51,R5wtjjS0Fd,com.sec.android.app.shealth,0ed4ca83-ac36-406e-8afc-defeee4363dd,1688860800000,
,,4e2d1441-eb45-47a6-8805-116eb09b36e4.extra_data.json,,,,0.0,1277348,1295.7164,,2023-09-10 03:00:02.588,2023-09-09 06:39:29.405,73.860016,R5wtjjS0Fd,com.sec.android.app.shealth,4e2d1441-eb45-47a6-8805-116eb09b36e4,1694217600000,
,,8e2de0f5-63df-4f8c-b256-04d22ed1377d.extra_data.json,,,,0.0,2927192,1270.6029,,2023-09-06 03:43:21.464,2023-09-05 04:51:29.204,174.63998,R5wtjjS0Fd,com.sec.android.app.shealth,8e2de0f5-63df-4f8c-b256-04d22ed1377d,1693872000000,
,,532319bd-68ce-4661-aabc-0846fd2fcece.extra_data.json,,,,0.0,36685,1320.276,,2023-07-18 03:00:00.652,2023-07-17 03:05:08.392,2.06,R5wtjjS0Fd,com.sec.android.app.shealth,532319bd-68ce-4661-aabc-0846fd2fcece,1689552000000,
,,620c82b2-d009-4788-8495-711c434d0b94.extra_data.json,,,,0.0,384192,1309.3118,,2023-08-28 04:43:46.088,2023-08-27 04:45:45.595,21.380001,R5wtjjS0Fd,com.sec.android.app.shealth,620c82b2-d009-4788-8495-711c434d0b94,1693094400000,
,,ad179c56-8978-479d-8f30-a3fdd673bb49.extra_data.json,,,,0.0,1231679,1296.4116,,2023-08-20 00:20:56.001,2023-08-03 03:00:00.440,77.19001,R5wtjjS0Fd,com.sec.android.app.shealth,ad179c56-8978-479d-8f30-a3fdd673bb49,1691020800000,
,,e6afaf8b-4c90-4de1-81f9-9eaa00c4406a.extra_data.json,,,,0.0,1419713,1293.5494,,2023-08-20 00:20:57.977,2023-08-11 03:03:31.696,89.719986,R5wtjjS0Fd,com.sec.android.app.shealth,e6afaf8b-4c90-4de1-81f9-9eaa00c4406a,1691712000000,
,,42597979-10b7-44e2-bb2f-020fc695bb21.extra_data.json,,,,0.0,64032,1314.1852,,2023-09-11 04:18:33.463,2023-09-10 03:00:01.643,3.6100001,R5wtjjS0Fd,com.sec.android.app.shealth,42597979-10b7-44e2-bb2f-020fc695bb21,1694304000000,
,,c81c9529-be59-4bc3-9599-e114326cabb2.extra_data.json,,,,0.0,3644502,1259.6841,,2023-09-14 06:34:43.777,2023-09-13 03:35:43.633,236.0,R5wtjjS0Fd,com.sec.android.app.shealth,c81c9529-be59-4bc3-9599-e114326cabb2,1694563200000,
,,bb01580b-1c24-4fd6-aa7c-00ae6eda80ff.extra_data.json,,,,0.0,4121954,1252.4165,,2023-08-31 06:59:01.768,2023-08-30 03:33:04.755,259.11203,R5wtjjS0Fd,com.sec.android.app.shealth,bb01580b-1c24-4fd6-aa7c-00ae6eda80ff,1693353600000,
,,050405d4-52ba-45c4-b470-8d9a729cac41.extra_data.json,,,,0.0,175421,1312.4896,,2023-09-09 06:39:30.788,2023-09-08 04:04:00.197,9.969999,R5wtjjS0Fd,com.sec.android.app.shealth,050405d4-52ba-45c4-b470-8d9a729cac41,1694131200000,
,,26b8b026-fae9-48c1-8cfd-5ba70b2430e1.extra_data.json,,,,0.0,1066443,1298.9268,,2023-09-22 03:00:02.031,2023-09-21 03:51:51.837,60.94999,R5wtjjS0Fd,com.sec.android.app.shealth,26b8b026-fae9-48c1-8cfd-5ba70b2430e1,1695254400000,
,,7f58d093-5d77-4929-8d43-fe79446064a9.extra_data.json,,,,0.0,1718647,1288.999,,2023-09-18 03:01:26.828,2023-09-17 03:00:01.533,101.01002,R5wtjjS0Fd,com.sec.android.app.shealth,7f58d093-5d77-4929-8d43-fe79446064a9,1694908800000,
,,e8b14e3e-557f-415d-8cde-c05f18d55455.extra_data.json,,,,0.0,2522114,1276.7689,,2023-09-27 04:09:00.381,2023-09-26 04:26:06.967,146.90001,R5wtjjS0Fd,com.sec.android.app.shealth,e8b14e3e-557f-415d-8cde-c05f18d55455,1695686400000,
,,cefe4e30-2511-48ba-b4d9-2e4e7c62a394.extra_data.json,,,,0.0,16008,1314.9163,,2023-09-08 04:04:01.901,2023-09-07 03:00:01.113,0.86,R5wtjjS0Fd,com.sec.android.app.shealth,cefe4e30-2511-48ba-b4d9-2e4e7c62a394,1694044800000,
,,a9a178d6-95ba-4d35-b15a-6b48fd2fc01e.extra_data.json,,,,0.0,7956964,1194.041,,2023-09-19 03:54:01.735,2023-09-18 03:01:25.368,482.90997,R5wtjjS0Fd,com.sec.android.app.shealth,a9a178d6-95ba-4d35-b15a-6b48fd2fc01e,1694995200000,
,,6c4f8019-a8b5-4aa6-9ac5-dc46ef8f6586.extra_data.json,,,,0.0,2491947,1277.2281,,2023-09-16 03:00:00.872,2023-09-15 03:00:00.800,156.12003,R5wtjjS0Fd,com.sec.android.app.shealth,6c4f8019-a8b5-4aa6-9ac5-dc46ef8f6586,1694736000000,
,,b55f2715-8f30-4d26-8d8d-604ab024fbd0.extra_data.json,,,,0.0,1383695,1294.0977,,2023-08-20 00:20:55.322,2023-07-31 03:44:44.613,87.28,R5wtjjS0Fd,com.sec.android.app.shealth,b55f2715-8f30-4d26-8d8d-604ab024fbd0,1690761600000,
,,1f4cc54e-6c46-4524-ba73-b3a888437e98.extra_data.json,,,,0.0,1021604,1299.6094,,2023-09-05 04:51:30.068,2023-09-04 03:11:11.525,61.970005,R5wtjjS0Fd,com.sec.android.app.shealth,1f4cc54e-6c46-4524-ba73-b3a888437e98,1693785600000,
,,0445ce37-6788-4c6e-8530-b851ad7b4939.extra_data.json,,,,0.0,1044979,1299.2535,,2023-09-26 04:26:07.703,2023-09-25 03:41:31.151,64.09,R5wtjjS0Fd,com.sec.android.app.shealth,0445ce37-6788-4c6e-8530-b851ad7b4939,1695600000000,
,,0862938b-402e-4f6d-94c3-235aa945d820.extra_data.json,,,,0.0,142738,1312.9872,,2023-08-20 00:20:52.009,2023-07-23 03:00:00.544,7.92,R5wtjjS0Fd,com.sec.android.app.shealth,0862938b-402e-4f6d-94c3-235aa945d820,1690070400000,
,,6d8f05eb-75bc-4e44-ac71-bb97a0350790.extra_data.json,,,,0.0,1010175,1299.7832,,2023-08-22 03:08:58.379,2023-08-21 03:00:00.675,63.999996,R5wtjjS0Fd,com.sec.android.app.shealth,6d8f05eb-75bc-4e44-ac71-bb97a0350790,1692576000000,
,,f30792b7-c073-4a0c-8538-bf574c67ded6.extra_data.json,,,,0.0,934954,1300.9283,,2023-09-30 03:14:51.186,2023-09-29 04:32:28.014,57.140007,R5wtjjS0Fd,com.sec.android.app.shealth,f30792b7-c073-4a0c-8538-bf574c67ded6,1695945600000,
,,e79021f0-bbff-4709-8629-27a2bc313c41.extra_data.json,,,,0.0,177422,1312.4592,,2023-09-13 03:35:43.793,2023-09-12 03:53:03.178,10.02,R5wtjjS0Fd,com.sec.android.app.shealth,e79021f0-bbff-4709-8629-27a2bc313c41,1694476800000,
,,d43ccc62-aad5-4c6b-942b-b0d881fa8b49.extra_data.json,,,,0.0,4032486,1253.7783,,2023-09-24 03:00:00.839,2023-09-23 03:53:33.577,250.315,R5wtjjS0Fd,com.sec.android.app.shealth,d43ccc62-aad5-4c6b-942b-b0d881fa8b49,1695427200000,
,,12910454-b323-4a19-8e4e-eaafdc60d751.extra_data.json,,,,0.0,1004929,1299.8632,,2023-09-07 03:00:01.208,2023-09-06 03:43:20.808,64.46999,R5wtjjS0Fd,com.sec.android.app.shealth,12910454-b323-4a19-8e4e-eaafdc60d751,1693958400000,
,,bb8d2c59-c529-49f1-ae99-88ab97339be9.extra_data.json,,,,0.0,1198449,1296.9174,,2023-08-20 00:20:57.419,2023-08-08 03:00:01.467,72.579994,R5wtjjS0Fd,com.sec.android.app.shealth,bb8d2c59-c529-49f1-ae99-88ab97339be9,1691452800000,
,,ea5dc880-6377-472c-ad5d-fc1727aa2959.extra_data.json,,,,0.0,972943,1300.35,,2023-08-30 03:33:04.909,2023-08-29 03:51:36.951,59.680004,R5wtjjS0Fd,com.sec.android.app.shealth,ea5dc880-6377-472c-ad5d-fc1727aa2959,1693267200000,
,,9a4d9d53-1806-4af6-9d40-3ab51d2f4cf2.extra_data.json,,,,0.0,1066960,1298.919,,2023-08-20 00:20:59.774,2023-08-16 04:29:06.730,66.31,R5wtjjS0Fd,com.sec.android.app.shealth,9a4d9d53-1806-4af6-9d40-3ab51d2f4cf2,1692144000000,
,,3929f108-bd83-4054-8d19-c2056df1a4c3.extra_data.json,,,,0.0,3664201,1259.3843,,2023-09-21 03:51:52.834,2023-09-20 03:53:45.321,218.14,R5wtjjS0Fd,com.sec.android.app.shealth,3929f108-bd83-4054-8d19-c2056df1a4c3,1695168000000,
,,8b973477-72c2-4cab-8e36-159b1a90828c.extra_data.json,,,,0.0,855611,1302.136,,2023-09-29 04:32:29.004,2023-09-28 03:00:01.635,52.370003,R5wtjjS0Fd,com.sec.android.app.shealth,8b973477-72c2-4cab-8e36-159b1a90828c,1695859200000,
,,cc15ad73-a130-4de0-affc-59ea9503539b.extra_data.json,,,,0.0,2208047,1281.5496,,2023-08-27 04:45:46.220,2023-08-26 04:58:06.131,127.56999,R5wtjjS0Fd,com.sec.android.app.shealth,cc15ad73-a130-4de0-affc-59ea9503539b,1693008000000,
,,75940024-4997-4ead-ba3d-ca440a3ca516.extra_data.json,,,,0.0,1051649,1299.152,,2023-09-15 03:00:01.185,2023-09-14 06:34:43.510,65.619995,R5wtjjS0Fd,com.sec.android.app.shealth,75940024-4997-4ead-ba3d-ca440a3ca516,1694649600000,
,,654ae25d-7fbb-4798-a302-5802ce5a00b7.extra_data.json,,,,0.0,1320420,1295.0608,,2023-09-12 03:53:03.400,2023-09-11 04:18:32.965,79.950005,R5wtjjS0Fd,com.sec.android.app.shealth,654ae25d-7fbb-4798-a302-5802ce5a00b7,1694390400000,
,,460f1f8d-c05f-4fc2-a20b-fc7ce1ab8bfc.extra_data.json,,,,0.0,162748,1312.6825,,2023-09-04 03:11:12.910,2023-09-03 03:00:00.530,9.2,R5wtjjS0Fd,com.sec.android.app.shealth,460f1f8d-c05f-4fc2-a20b-fc7ce1ab8bfc,1693699200000,
,,816a54ac-aa2c-462b-9d88-447cf6a96fe7.extra_data.json,,,,0.0,0,1315.1599,,2023-09-17 03:00:01.804,2023-09-16 03:00:00.784,0.0,R5wtjjS0Fd,com.sec.android.app.shealth,816a54ac-aa2c-462b-9d88-447cf6a96fe7,1694822400000,
,,589cdd8b-2fce-4b1b-b923-40cac760f2a9.extra_data.json,,,,0.0,0,1315.1599,,2023-09-23 03:53:33.836,2023-09-22 03:00:01.659,0.0,R5wtjjS0Fd,com.sec.android.app.shealth,589cdd8b-2fce-4b1b-b923-40cac760f2a9,1695340800000,
,,a8c8de51-41bd-4198-94c6-7aa49fc368c3.extra_data.json,,,,0.0,5878195,1225.6835,,2023-09-20 03:53:45.968,2023-09-19 03:54:01.161,352.83002,R5wtjjS0Fd,com.sec.android.app.shealth,a8c8de51-41bd-4198-94c6-7aa49fc368c3,1695081600000,
,,f3e738b3-7803-49b2-8c52-94c0458d8e10.extra_data.json,,,,0.0,48691,1314.4188,,2023-09-25 03:41:31.238,2023-09-24 03:00:00.619,2.81,R5wtjjS0Fd,com.sec.android.app.shealth,f3e738b3-7803-49b2-8c52-94c0458d8e10,1695513600000,
,,4f954b4b-2288-4325-ae9f-1a09ac63f009.extra_data.json,,,,0.0,2222114,1281.3354,,2023-09-28 03:00:01.857,2023-09-27 04:08:59.757,134.98997,R5wtjjS0Fd,com.sec.android.app.shealth,4f954b4b-2288-4325-ae9f-1a09ac63f009,1695772800000,
,,8b637b34-e7ab-4eac-a508-f9c056da5e71.extra_data.json,,,,0.0,900997,1301.4451,,2023-10-01 03:31:02.270,2023-09-30 03:14:50.537,55.69999,R5wtjjS0Fd,com.sec.android.app.shealth,8b637b34-e7ab-4eac-a508-f9c056da5e71,1696032000000,
,,f63e428c-8d40-4e3d-8647-bf8a9aeef15e.extra_data.json,,,,0.0,86710,1313.84,,2023-10-02 03:00:01.785,2023-10-01 03:31:02.128,4.8399997,R5wtjjS0Fd,com.sec.android.app.shealth,f63e428c-8d40-4e3d-8647-bf8a9aeef15e,1696118400000,
,,30452835-b384-4dc9-b51f-a3afd2d35f30.extra_data.json,,,,0.0,918886,1301.1729,,2023-10-03 03:31:31.497,2023-10-02 03:00:01.645,56.62,R5wtjjS0Fd,com.sec.android.app.shealth,30452835-b384-4dc9-b51f-a3afd2d35f30,1696204800000,
,,a524f561-d7a4-4a01-ab7b-bc1798d63bbf.extra_data.json,,,,0.0,881504,1301.7418,,2023-10-04 03:00:00.707,2023-10-03 03:31:30.941,56.58,R5wtjjS0Fd,com.sec.android.app.shealth,a524f561-d7a4-4a01-ab7b-bc1798d63bbf,1696291200000,
,,5a3de97f-70f5-4cad-b3e7-3c33f07a05fd.extra_data.json,,,,0.0,929528,1301.0109,,2023-11-03 12:58:36.375,2023-10-13 03:12:16.041,55.88,R5wtjjS0Fd,com.sec.android.app.shealth,5a3de97f-70f5-4cad-b3e7-3c33f07a05fd,1697155200000,
,,27c188bf-7d21-4d6f-a37f-494cc991f34d.extra_data.json,,,,0.0,654297,1305.2003,,2023-11-03 12:58:36.384,2023-10-14 03:00:00.506,37.289997,R5wtjjS0Fd,com.sec.android.app.shealth,27c188bf-7d21-4d6f-a37f-494cc991f34d,1697241600000,
,,c601d890-2e80-46da-b2c7-18f6e42ea9d3.extra_data.json,,,,0.0,1592039,1290.9263,,2023-10-05 04:15:57.403,2023-10-04 03:00:00.486,94.03001,R5wtjjS0Fd,com.sec.android.app.shealth,c601d890-2e80-46da-b2c7-18f6e42ea9d3,1696377600000,
,,899f9041-09a5-4e1a-86da-131b32f0e95c.extra_data.json,,,,0.0,61364,1314.2258,,2023-11-03 12:58:36.354,2023-10-11 03:00:00.544,3.82,R5wtjjS0Fd,com.sec.android.app.shealth,899f9041-09a5-4e1a-86da-131b32f0e95c,1696982400000,
,,71b0698e-18c4-4f84-a263-759c8c17b2c8.extra_data.json,,,,0.0,1050285,1299.1726,,2023-10-06 03:00:00.761,2023-10-05 04:15:56.985,64.729996,R5wtjjS0Fd,com.sec.android.app.shealth,71b0698e-18c4-4f84-a263-759c8c17b2c8,1696464000000,
,,13c0fe74-7b3c-4f31-83c1-dfc543dcabf3.extra_data.json,,,,0.0,3082701,1268.2357,,2023-10-07 03:00:00.851,2023-10-06 03:00:00.539,191.84001,R5wtjjS0Fd,com.sec.android.app.shealth,13c0fe74-7b3c-4f31-83c1-dfc543dcabf3,1696550400000,
,,e99a613e-b5cb-43d1-acce-c28fa4af97b4.extra_data.json,,,,0.0,0,1315.1599,,2023-10-16 03:00:00.681,2023-10-15 03:00:00.563,0.0,R5wtjjS0Fd,com.sec.android.app.shealth,e99a613e-b5cb-43d1-acce-c28fa4af97b4,1697328000000,
,,c4561a00-39c7-4719-85c8-44aca7e76cca.extra_data.json,,,,0.0,1603895,1290.7457,,2023-11-03 12:58:36.414,2023-10-17 03:12:16.099,95.2,R5wtjjS0Fd,com.sec.android.app.shealth,c4561a00-39c7-4719-85c8-44aca7e76cca,1697500800000,
,,886197a3-b48b-4fe6-a641-ada3a40c3e68.extra_data.json,,,,0.0,164082,1312.6624,,2023-11-03 12:58:36.363,2023-10-12 03:00:00.319,9.24,R5wtjjS0Fd,com.sec.android.app.shealth,886197a3-b48b-4fe6-a641-ada3a40c3e68,1697068800000,
,,9b41c6e9-c3bb-4c82-94f7-648f5fb77185.extra_data.json,,,,0.0,3705586,1258.7544,,2023-11-03 12:58:36.323,2023-10-08 03:22:59.872,212.12329,R5wtjjS0Fd,com.sec.android.app.shealth,9b41c6e9-c3bb-4c82-94f7-648f5fb77185,1696723200000,
,,fa3e9ab6-50fe-4af8-9642-8efeaa47748e.extra_data.json,,,,0.0,1728624,1288.8472,,2023-11-03 12:58:36.492,2023-10-23 03:16:59.163,102.77998,R5wtjjS0Fd,com.sec.android.app.shealth,fa3e9ab6-50fe-4af8-9642-8efeaa47748e,1698019200000,
,,130ddcf6-d012-4332-bb2f-ba25ea4cb4a3.extra_data.json,,,,0.0,888871,1301.6298,,2023-11-03 12:58:36.459,2023-10-20 03:00:00.532,56.02,R5wtjjS0Fd,com.sec.android.app.shealth,130ddcf6-d012-4332-bb2f-ba25ea4cb4a3,1697760000000,
,,c449d590-0f71-4370-b2f6-e0fbd5131850.extra_data.json,,,,0.0,1696056,1289.3429,,2023-11-03 12:58:36.341,2023-10-10 03:00:00.627,100.68004,R5wtjjS0Fd,com.sec.android.app.shealth,c449d590-0f71-4370-b2f6-e0fbd5131850,1696896000000,
,,e01670fd-7ff9-4112-bc13-0cec732f767f.extra_data.json,,,,0.0,4328610,1249.2709,,2023-11-03 12:58:36.401,2023-10-16 03:00:00.525,268.19,R5wtjjS0Fd,com.sec.android.app.shealth,e01670fd-7ff9-4112-bc13-0cec732f767f,1697414400000,
,,338223d1-615b-4b47-aee6-e9d7b15f4fd2.extra_data.json,,,,0.0,2233430,1281.1631,,2023-11-03 12:58:36.441,2023-10-19 03:00:00.382,138.29001,R5wtjjS0Fd,com.sec.android.app.shealth,338223d1-615b-4b47-aee6-e9d7b15f4fd2,1697673600000,
,,900aef4c-1a2c-4a65-8a81-b8fc306b5e23.extra_data.json,,,,0.0,2917039,1270.7574,,2023-11-03 12:58:36.501,2023-10-24 03:00:00.317,180.435,R5wtjjS0Fd,com.sec.android.app.shealth,900aef4c-1a2c-4a65-8a81-b8fc306b5e23,1698105600000,
,,fa4c63b6-a144-4671-8fca-c593a48c1376.extra_data.json,,,,0.0,1135661,1297.873,,2023-11-03 12:58:36.429,2023-10-18 03:43:18.118,70.65001,R5wtjjS0Fd,com.sec.android.app.shealth,fa4c63b6-a144-4671-8fca-c593a48c1376,1697587200000,
,,2e027a00-8e54-4b2c-bb40-61cbf2b18911.extra_data.json,,,,0.0,916368,1301.2112,,2023-11-03 12:58:36.308,2023-10-07 03:00:00.632,54.72001,R5wtjjS0Fd,com.sec.android.app.shealth,2e027a00-8e54-4b2c-bb40-61cbf2b18911,1696636800000,
,,2497d597-1451-44d4-a23b-db629cfe3850.extra_data.json,,,,0.0,1249081,1296.1467,,2023-11-03 12:58:36.333,2023-10-09 03:01:03.279,75.090004,R5wtjjS0Fd,com.sec.android.app.shealth,2497d597-1451-44d4-a23b-db629cfe3850,1696809600000,
,,46f91b66-a4bc-4b1d-90eb-88e46d17e6d8.extra_data.json,,,,0.0,987617,1300.1266,,2023-11-03 12:58:36.514,2023-10-25 03:21:27.477,62.149998,R5wtjjS0Fd,com.sec.android.app.shealth,46f91b66-a4bc-4b1d-90eb-88e46d17e6d8,1698192000000,
,,d199188c-29c8-4100-89ab-0b4927d639a1.extra_data.json,,,,0.0,1379723,1294.1581,,2023-11-03 12:58:36.575,2023-10-31 03:00:00.640,80.29001,R5wtjjS0Fd,com.sec.android.app.shealth,d199188c-29c8-4100-89ab-0b4927d639a1,1698710400000,
,,46a61b3a-b57b-40c0-ab82-08d8a8fdbaec.extra_data.json,,,,0.0,18676,1314.8757,,2023-11-06 08:01:22.384,2023-11-05 03:55:55.213,1.02,R5wtjjS0Fd,com.sec.android.app.shealth,46a61b3a-b57b-40c0-ab82-08d8a8fdbaec,1699142400000,
,,d7999a54-fc8d-4997-9fd7-5db5a144e1f4.extra_data.json,,,,0.0,5946787,1224.6394,,2023-11-03 12:58:36.484,2023-10-22 03:55:15.014,393.58405,R5wtjjS0Fd,com.sec.android.app.shealth,d7999a54-fc8d-4997-9fd7-5db5a144e1f4,1697932800000,
,,6debc5c1-92f6-468d-b537-488a9a0c983d.extra_data.json,,,,0.0,18676,1314.8757,,2023-11-03 12:58:36.471,2023-10-21 03:00:00.428,1.07,R5wtjjS0Fd,com.sec.android.app.shealth,6debc5c1-92f6-468d-b537-488a9a0c983d,1697846400000,
,,0568f8b3-6aa7-4b25-8398-82c3e62b4f50.extra_data.json,,,,0.0,1795931,1287.8228,,2023-11-03 12:58:36.547,2023-10-28 03:56:31.870,108.62001,R5wtjjS0Fd,com.sec.android.app.shealth,0568f8b3-6aa7-4b25-8398-82c3e62b4f50,1698451200000,
,,5401d297-c079-4eed-80e2-c16c97cec9a2.extra_data.json,,,,0.0,1701974,1289.2528,,2023-11-03 12:58:36.568,2023-10-30 03:11:45.390,100.750015,R5wtjjS0Fd,com.sec.android.app.shealth,5401d297-c079-4eed-80e2-c16c97cec9a2,1698624000000,
,,8ce2698f-d4b8-4d1e-b7a1-1ab4d4b41c2c.extra_data.json,,,,0.0,18676,1314.8757,,2023-11-03 12:58:36.557,2023-10-29 03:00:00.402,1.08,R5wtjjS0Fd,com.sec.android.app.shealth,8ce2698f-d4b8-4d1e-b7a1-1ab4d4b41c2c,1698537600000,
,,92cb2423-b50d-48f0-8036-fc6117f6a89c.extra_data.json,,,,0.0,2682711,1274.3243,,2023-11-08 03:00:00.908,2023-11-07 03:00:00.647,152.60002,R5wtjjS0Fd,com.sec.android.app.shealth,92cb2423-b50d-48f0-8036-fc6117f6a89c,1699315200000,
,,d148399a-28f9-4c02-a4b0-be4036d22eee.extra_data.json,,,,0.0,698349,1304.5298,,2023-11-03 12:58:36.600,2023-11-02 03:00:01.614,40.320004,R5wtjjS0Fd,com.sec.android.app.shealth,d148399a-28f9-4c02-a4b0-be4036d22eee,1698883200000,
,,56fc25ac-3375-4716-bb3d-40a5c8599e87.extra_data.json,,,,0.0,22678,1314.8147,,2023-11-03 12:58:36.588,2023-11-01 03:00:00.571,1.27,R5wtjjS0Fd,com.sec.android.app.shealth,56fc25ac-3375-4716-bb3d-40a5c8599e87,1698796800000,
,,d53d51dd-a899-4ab6-8036-05f6a09b8911.extra_data.json,,,,0.0,6399149,1217.7535,,2023-11-07 03:00:00.968,2023-11-06 08:01:21.762,397.1549,R5wtjjS0Fd,com.sec.android.app.shealth,d53d51dd-a899-4ab6-8036-05f6a09b8911,1699228800000,
,,290f77df-88af-4263-a29f-092e8e53a89a.extra_data.json,,,,0.0,961514,1300.524,,2023-11-03 12:58:36.538,2023-10-27 03:00:00.386,60.92,R5wtjjS0Fd,com.sec.android.app.shealth,290f77df-88af-4263-a29f-092e8e53a89a,1698364800000,
,,74aeb1b2-2b3a-435d-9e81-da34e2481cb2.extra_data.json,,,,0.0,2138679,1282.6055,,2023-11-09 03:51:15.869,2023-11-08 03:00:00.600,127.32003,R5wtjjS0Fd,com.sec.android.app.shealth,74aeb1b2-2b3a-435d-9e81-da34e2481cb2,1699401600000,
,,8d9a8b84-374a-4b18-8bfe-794c418cdc76.extra_data.json,,,,0.0,1880003,1286.543,,2023-11-11 03:20:49.940,2023-11-10 03:37:07.284,112.23999,R5wtjjS0Fd,com.sec.android.app.shealth,8d9a8b84-374a-4b18-8bfe-794c418cdc76,1699574400000,
,,5a72f682-caf9-4155-9f61-fe42683d1f5f.extra_data.json,,,,0.0,1943501,1285.5763,,2023-11-03 12:58:36.527,2023-10-26 03:00:00.363,116.18,R5wtjjS0Fd,com.sec.android.app.shealth,5a72f682-caf9-4155-9f61-fe42683d1f5f,1698278400000,
,,c34b0b42-c441-4ae9-8bea-a54f60725cbb.extra_data.json,,,,0.0,107387,1313.5253,,2023-11-13 03:00:00.510,2023-11-12 03:00:01.512,5.8900003,R5wtjjS0Fd,com.sec.android.app.shealth,c34b0b42-c441-4ae9-8bea-a54f60725cbb,1699747200000,
,,b9db32f4-5600-499a-ae64-4fe3c5fc21b4.extra_data.json,,,,0.0,1051589,1299.1528,,2023-11-05 03:55:55.757,2023-11-04 03:54:14.285,64.729996,R5wtjjS0Fd,com.sec.android.app.shealth,b9db32f4-5600-499a-ae64-4fe3c5fc21b4,1699056000000,
,,6282e0be-80fa-452a-9663-dac1bc91a224.extra_data.json,,,,0.0,6591830,1214.8207,,2023-11-17 03:00:00.495,2023-11-16 03:00:01.541,397.40997,R5wtjjS0Fd,com.sec.android.app.shealth,6282e0be-80fa-452a-9663-dac1bc91a224,1700092800000,
,,c12f0d2a-1da7-44cc-9634-a6438f5eb618.extra_data.json,,,,0.0,994359,1300.024,,2023-11-04 03:54:16.047,2023-11-03 03:00:00.450,64.73,R5wtjjS0Fd,com.sec.android.app.shealth,c12f0d2a-1da7-44cc-9634-a6438f5eb618,1698969600000,
,,434e16dc-2dcd-4287-b788-e248fca22dce.extra_data.json,,,,0.0,3576465,1260.7198,,2023-11-20 05:44:03.255,2023-11-19 03:25:05.101,218.95999,R5wtjjS0Fd,com.sec.android.app.shealth,434e16dc-2dcd-4287-b788-e248fca22dce,1700352000000,
,,b4fdb66c-609e-41b8-87b5-c30cd6aabdd2.extra_data.json,,,,0.0,2839606,1271.936,,2023-11-15 03:35:10.007,2023-11-14 03:25:54.823,171.84,R5wtjjS0Fd,com.sec.android.app.shealth,b4fdb66c-609e-41b8-87b5-c30cd6aabdd2,1699920000000,
,,c223a0a1-0a1f-4df1-8d47-73269d45a812.extra_data.json,,,,0.0,891629,1301.5876,,2023-11-12 03:00:01.634,2023-11-11 03:20:48.726,49.96,R5wtjjS0Fd,com.sec.android.app.shealth,c223a0a1-0a1f-4df1-8d47-73269d45a812,1699660800000,
,,ad25d34a-b1ee-4dff-b447-c13b2809976e.extra_data.json,,,,0.0,2182671,1281.9358,,2023-11-14 03:25:54.879,2023-11-13 03:00:00.455,131.13,R5wtjjS0Fd,com.sec.android.app.shealth,ad25d34a-b1ee-4dff-b447-c13b2809976e,1699833600000,
,,2be97b96-a418-4a6a-a20d-446d738a49e2.extra_data.json,,,,0.0,1337125,1294.8065,,2023-11-19 03:25:05.980,2023-11-18 03:47:09.966,82.02,R5wtjjS0Fd,com.sec.android.app.shealth,2be97b96-a418-4a6a-a20d-446d738a49e2,1700265600000,
,,7fdb0be2-bd88-4662-8285-07988d7d7bff.extra_data.json,,,,0.0,1347797,1294.644,,2023-11-10 03:37:07.638,2023-11-09 03:51:15.664,82.320015,R5wtjjS0Fd,com.sec.android.app.shealth,7fdb0be2-bd88-4662-8285-07988d7d7bff,1699488000000,
,,857e2702-146e-4c9d-882d-1f14fec0ab26.extra_data.json,,,,0.0,42021,1314.5203,,2023-11-27 03:00:00.878,2023-11-26 03:00:00.487,2.41,R5wtjjS0Fd,com.sec.android.app.shealth,857e2702-146e-4c9d-882d-1f14fec0ab26,1700956800000,
,,471c00c6-93d8-4a69-ad78-4623421844d7.extra_data.json,,,,0.0,187427,1312.307,,2023-11-16 03:00:01.598,2023-11-15 03:35:09.858,10.27,R5wtjjS0Fd,com.sec.android.app.shealth,471c00c6-93d8-4a69-ad78-4623421844d7,1700006400000,
,,b91e54c8-48d8-48f3-bd1d-03d6010edabe.extra_data.json,,,,0.0,2500013,1277.1052,,2023-11-22 03:43:29.219,2023-11-21 04:34:03.649,159.04997,R5wtjjS0Fd,com.sec.android.app.shealth,b91e54c8-48d8-48f3-bd1d-03d6010edabe,1700524800000,
,,d393f66f-1f15-46bb-a4bf-82bf4a828a21.extra_data.json,,,,0.0,754167,1303.6802,,2023-11-26 03:00:00.706,2023-11-25 03:17:55.547,48.81998,R5wtjjS0Fd,com.sec.android.app.shealth,d393f66f-1f15-46bb-a4bf-82bf4a828a21,1700870400000,
,,6ea61aac-1500-4c79-8629-0ce40354de17.extra_data.json,,,,0.0,92713,1313.7487,,2023-11-18 03:47:10.083,2023-11-17 03:00:00.412,4.8299994,R5wtjjS0Fd,com.sec.android.app.shealth,6ea61aac-1500-4c79-8629-0ce40354de17,1700179200000,
,,2f57da17-a0b7-495c-9519-2230c647de31.extra_data.json,,,,0.0,4828734,1241.6581,,2023-11-30 03:39:07.546,2023-11-29 03:00:00.984,313.00397,R5wtjjS0Fd,com.sec.android.app.shealth,2f57da17-a0b7-495c-9519-2230c647de31,1701216000000,
,,5f811303-0fe2-4daf-ae7a-2ea319fd8e7b.extra_data.json,,,,0.0,1029608,1299.4874,,2023-12-08 03:00:00.640,2023-12-07 03:47:28.800,63.310005,R5wtjjS0Fd,com.sec.android.app.shealth,5f811303-0fe2-4daf-ae7a-2ea319fd8e7b,1701907200000,
,,a1e028af-a551-40f7-b4aa-a528bbd21353.extra_data.json,,,,0.0,2693593,1274.1587,,2023-12-02 03:50:16.203,2023-12-01 03:00:00.509,162.92003,R5wtjjS0Fd,com.sec.android.app.shealth,a1e028af-a551-40f7-b4aa-a528bbd21353,1701388800000,
,,b5f6fdef-a2af-44a1-94d4-23f23a45dfa7.extra_data.json,,,,0.0,1270158,1295.8258,,2023-11-25 03:17:55.644,2023-11-24 04:41:15.780,78.20001,R5wtjjS0Fd,com.sec.android.app.shealth,b5f6fdef-a2af-44a1-94d4-23f23a45dfa7,1700784000000,
,,313af158-1c82-48e1-9336-f9c660c17c8f.extra_data.json,,,,0.0,1785956,1287.9746,,2023-11-23 03:45:15.840,2023-11-22 03:43:29.122,109.67004,R5wtjjS0Fd,com.sec.android.app.shealth,313af158-1c82-48e1-9336-f9c660c17c8f,1700611200000,
,,212906b5-45ed-4e6b-9bf2-3ea083eebb3c.extra_data.json,,,,0.0,2275457,1280.5234,,2023-11-24 04:41:15.871,2023-11-23 03:45:15.769,136.74,R5wtjjS0Fd,com.sec.android.app.shealth,212906b5-45ed-4e6b-9bf2-3ea083eebb3c,1700697600000,
,,02a7781e-d9ee-4eae-91fb-93ebfe2405a3.extra_data.json,,,,0.0,1721197,1288.9602,,2023-12-05 03:55:58.260,2023-12-04 03:00:00.695,103.43999,R5wtjjS0Fd,com.sec.android.app.shealth,02a7781e-d9ee-4eae-91fb-93ebfe2405a3,1701648000000,
,,df25785a-41f0-49b9-9047-aa65d88f1ca3.extra_data.json,,,,0.0,977095,1300.2867,,2023-12-04 03:00:00.779,2023-12-03 03:00:01.652,57.609997,R5wtjjS0Fd,com.sec.android.app.shealth,df25785a-41f0-49b9-9047-aa65d88f1ca3,1701561600000,
,,d6683140-b526-45a5-b28b-4feb607ec16d.extra_data.json,,,,0.0,5112038,1237.3457,,2023-11-21 04:34:03.754,2023-11-20 05:44:03.044,321.66998,R5wtjjS0Fd,com.sec.android.app.shealth,d6683140-b526-45a5-b28b-4feb607ec16d,1700438400000,
,,17f21e2e-64aa-403e-a180-8c06476ef656.extra_data.json,,,,0.0,5682293,1228.6654,,2023-11-28 03:05:10.599,2023-11-27 03:00:00.648,360.1842,R5wtjjS0Fd,com.sec.android.app.shealth,17f21e2e-64aa-403e-a180-8c06476ef656,1701043200000,
,,5ad16024-a3b7-4e0f-95fc-ea855d59f6b1.extra_data.json,,,,0.0,1487110,1292.5234,,2023-12-07 03:47:28.892,2023-12-06 03:00:00.516,90.79,R5wtjjS0Fd,com.sec.android.app.shealth,5ad16024-a3b7-4e0f-95fc-ea855d59f6b1,1701820800000,
,,973f91e2-b5b3-455e-b3b5-3b30f9c9fabb.extra_data.json,,,,0.0,152076,1312.845,,2023-12-10 03:00:01.632,2023-12-09 04:41:26.668,8.46,R5wtjjS0Fd,com.sec.android.app.shealth,973f91e2-b5b3-455e-b3b5-3b30f9c9fabb,1702080000000,
,,45178b01-ef3c-4a1c-b1b6-135e824baee4.extra_data.json,,,,0.0,1025546,1299.5493,,2023-12-01 03:00:00.732,2023-11-30 03:39:06.973,65.299995,R5wtjjS0Fd,com.sec.android.app.shealth,45178b01-ef3c-4a1c-b1b6-135e824baee4,1701302400000,
,,c360e755-0c85-4f9a-ae60-3bfacf1b2cd2.extra_data.json,,292.22998,,0.0,7098879,1207.1024,62600630,2024-01-09 15:12:43.988,2023-12-18 03:44:23.418,462.5652,R5wtjjS0Fd,com.sec.android.app.shealth,c360e755-0c85-4f9a-ae60-3bfacf1b2cd2,1702857600000,
,,61fb1f12-c286-496f-881c-e0ba87968ce5.extra_data.json,,0.0,,0.0,2272776,1280.5642,62600630,2024-01-06 14:53:15.127,2023-12-11 03:00:00.520,139.81001,R5wtjjS0Fd,com.sec.android.app.shealth,61fb1f12-c286-496f-881c-e0ba87968ce5,1702252800000,
,,f3c53841-183e-4488-ab7b-3751b8747a79.extra_data.json,,,,0.0,1914447,1286.0187,,2023-11-29 03:00:01.389,2023-11-28 03:00:00.621,119.60002,R5wtjjS0Fd,com.sec.android.app.shealth,f3c53841-183e-4488-ab7b-3751b8747a79,1701129600000,
,,40229b46-8854-4321-927c-d9014ffada7e.extra_data.json,,,,0.0,1018906,1299.6504,,2023-12-03 03:00:01.751,2023-12-02 03:50:14.902,65.11001,R5wtjjS0Fd,com.sec.android.app.shealth,40229b46-8854-4321-927c-d9014ffada7e,1701475200000,
,,84cb2da0-2c8e-4eb2-8e9e-3d3ca2d5b9fd.extra_data.json,,,,0.0,1154337,1297.5889,,2023-12-06 03:00:00.583,2023-12-05 03:55:57.635,71.369995,R5wtjjS0Fd,com.sec.android.app.shealth,84cb2da0-2c8e-4eb2-8e9e-3d3ca2d5b9fd,1701734400000,
,,82c1a7af-d917-45e9-9956-ab131afa2b5f.extra_data.json,,0.0,,0.0,993710,1300.0338,62600630,2024-01-06 14:53:15.215,2023-12-12 03:00:00.558,58.550007,R5wtjjS0Fd,com.sec.android.app.shealth,82c1a7af-d917-45e9-9956-ab131afa2b5f,1702339200000,
,,7e44c0c8-db24-4ded-ba22-751b5a1bb97c.extra_data.json,,0.0,,0.0,3585872,1260.5767,62600630,2024-01-09 15:12:43.572,2023-12-14 03:00:01.065,220.80997,R5wtjjS0Fd,com.sec.android.app.shealth,7e44c0c8-db24-4ded-ba22-751b5a1bb97c,1702512000000,
,,935dc45a-8cb6-4ed2-9b34-48de91f2a10e.extra_data.json,,0.0,,0.0,284142,1310.8347,62600630,2024-01-09 15:12:43.811,2023-12-15 03:00:00.629,16.300001,R5wtjjS0Fd,com.sec.android.app.shealth,935dc45a-8cb6-4ed2-9b34-48de91f2a10e,1702598400000,
,,e6b51092-9c33-45d5-b7c6-dd6e3a34642a.extra_data.json,,41.52,,0.0,5706932,1228.2904,62600630,2024-01-09 15:12:43.942,2023-12-17 03:00:00.544,362.34448,R5wtjjS0Fd,com.sec.android.app.shealth,e6b51092-9c33-45d5-b7c6-dd6e3a34642a,1702771200000,
,,877c2947-3f29-4249-a8dd-71d7188cee15.extra_data.json,,,,0.0,1322998,1295.0215,,2023-12-09 04:41:26.925,2023-12-08 03:00:00.500,78.630005,R5wtjjS0Fd,com.sec.android.app.shealth,877c2947-3f29-4249-a8dd-71d7188cee15,1701993600000,
,,7ca933ee-12f7-4f4a-8bb8-3bc15675d755.extra_data.json,,0.0,,0.0,272136,1311.0175,62600630,2024-01-06 14:53:15.097,2023-12-10 03:00:01.520,15.56,R5wtjjS0Fd,com.sec.android.app.shealth,7ca933ee-12f7-4f4a-8bb8-3bc15675d755,1702166400000,
,,3058569f-d401-4b71-bd26-8da7fdc1bc88.extra_data.json,,0.0,,0.0,1770218,1288.2141,62600630,2024-01-09 15:12:43.512,2023-12-13 03:08:20.678,103.19,R5wtjjS0Fd,com.sec.android.app.shealth,3058569f-d401-4b71-bd26-8da7fdc1bc88,1702425600000,
,,a36bf585-7643-40c6-931c-497ec6e27038.extra_data.json,,41.76,,0.0,4123258,1252.3967,62600630,2024-01-09 15:12:44.050,2023-12-20 03:00:00.377,255.03001,R5wtjjS0Fd,com.sec.android.app.shealth,a36bf585-7643-40c6-931c-497ec6e27038,1703030400000,
,,d4e9b029-b9a5-4a88-9f07-65cffab04091.extra_data.json,,0.0,,0.0,100717,1313.6267,62610110,2024-01-22 15:16:51.767,2023-12-26 03:47:45.069,5.6100006,R5wtjjS0Fd,com.sec.android.app.shealth,d4e9b029-b9a5-4a88-9f07-65cffab04091,1703548800000,
,,d848df69-450f-48d6-af14-1154ba7b1dcf.extra_data.json,,0.0,,0.0,2485579,1277.3251,62600630,2024-01-09 15:12:44.025,2023-12-19 03:00:00.463,146.59999,R5wtjjS0Fd,com.sec.android.app.shealth,d848df69-450f-48d6-af14-1154ba7b1dcf,1702944000000,
,,7e7e6ccf-4eb1-46d0-86aa-6aa05321e312.extra_data.json,,0.0,,0.0,1014934,1299.7108,62600630,2024-01-09 15:12:44.075,2023-12-21 03:36:27.169,62.820004,R5wtjjS0Fd,com.sec.android.app.shealth,7e7e6ccf-4eb1-46d0-86aa-6aa05321e312,1703116800000,
,,39e5e0b7-76fc-48f0-9e14-1eba7874d453.extra_data.json,,0.0,,0.0,2151989,1282.4028,62610110,2024-01-22 15:16:55.169,2023-12-31 03:26:52.495,131.09998,R5wtjjS0Fd,com.sec.android.app.shealth,39e5e0b7-76fc-48f0-9e14-1eba7874d453,1703980800000,
,,959c93df-9f1f-4700-b133-bbf4cceafbb3.extra_data.json,,0.0,,0.0,52026,1314.368,62610110,2024-01-22 15:16:55.118,2023-12-28 04:55:19.614,2.89,R5wtjjS0Fd,com.sec.android.app.shealth,959c93df-9f1f-4700-b133-bbf4cceafbb3,1703721600000,
,,35fa1c5e-2ef5-4f8a-b5e3-b2417d90fb2d.extra_data.json,,0.0,,0.0,654814,1305.1925,62600630,2024-01-09 15:12:44.101,2023-12-22 03:00:00.586,41.219997,R5wtjjS0Fd,com.sec.android.app.shealth,35fa1c5e-2ef5-4f8a-b5e3-b2417d90fb2d,1703203200000,
,,f2543a30-5392-467e-974b-7eeb5ec116c8.extra_data.json,,0.0,,0.0,3686096,1259.051,62610110,2024-01-22 15:16:51.808,2023-12-27 03:00:00.988,233.55997,R5wtjjS0Fd,com.sec.android.app.shealth,f2543a30-5392-467e-974b-7eeb5ec116c8,1703635200000,
,,ec0c7718-dabd-4bb2-95aa-e0eadd1af81d.extra_data.json,,0.0,,0.0,700260,1304.5007,62600630,2024-01-09 15:12:44.127,2023-12-23 03:00:00.413,38.669994,R5wtjjS0Fd,com.sec.android.app.shealth,ec0c7718-dabd-4bb2-95aa-e0eadd1af81d,1703289600000,
,,b2b20fc4-53df-4f71-98f1-421512c34c8e.extra_data.json,,62.84,,0.0,3247120,1265.733,62610110,2024-01-22 15:16:55.155,2023-12-30 03:35:10.209,202.47002,R5wtjjS0Fd,com.sec.android.app.shealth,b2b20fc4-53df-4f71-98f1-421512c34c8e,1703894400000,
,,4ae42083-f8d3-4999-8f72-1c5889239f1e.extra_data.json,,0.0,,0.0,1912476,1286.0486,62600630,2024-01-09 15:12:43.870,2023-12-16 03:00:00.430,116.70997,R5wtjjS0Fd,com.sec.android.app.shealth,4ae42083-f8d3-4999-8f72-1c5889239f1e,1702684800000,
,,1632d9d9-9d8b-450c-857d-9869fbcc2701.extra_data.json,,0.0,,0.0,264769,1311.1296,62610110,2024-01-22 15:16:55.191,2024-01-02 03:00:00.600,15.28,R5wtjjS0Fd,com.sec.android.app.shealth,1632d9d9-9d8b-450c-857d-9869fbcc2701,1704153600000,
,,da5d6e2a-bd9b-4d9f-82a7-f489aa3f0853.extra_data.json,,0.0,,0.0,1513850,1292.1165,62610110,2024-01-22 15:16:55.231,2024-01-06 03:00:00.562,92.32001,R5wtjjS0Fd,com.sec.android.app.shealth,da5d6e2a-bd9b-4d9f-82a7-f489aa3f0853,1704499200000,
,,6b11aff7-e684-47ef-bfd3-6106a9ccc7f3.extra_data.json,,72.29,,0.0,3084964,1268.2014,62610110,2024-01-22 15:16:55.137,2023-12-29 03:00:00.658,188.599,R5wtjjS0Fd,com.sec.android.app.shealth,6b11aff7-e684-47ef-bfd3-6106a9ccc7f3,1703808000000,
,,7f56626e-b615-4d62-85e1-b09d2877ae01.extra_data.json,,0.0,62600630,0.0,1095791,1298.48,62610110,2024-01-22 15:16:55.363,2024-01-13 03:00:05.486,63.55,R5wtjjS0Fd,com.sec.android.app.shealth,7f56626e-b615-4d62-85e1-b09d2877ae01,1705104000000,
,,f452ce58-0c89-4269-af49-461ce1e3b077.extra_data.json,,96.15,,0.0,4230735,1250.7606,62610110,2024-01-22 15:16:55.223,2024-01-05 03:00:00.955,263.77118,R5wtjjS0Fd,com.sec.android.app.shealth,f452ce58-0c89-4269-af49-461ce1e3b077,1704412800000,
,,8f67dcef-3167-4bd5-86f0-2137887ac708.extra_data.json,,0.0,62600630,0.0,1636518,1290.2491,62610110,2024-01-22 15:16:55.303,2024-01-11 03:00:00.474,100.25,R5wtjjS0Fd,com.sec.android.app.shealth,8f67dcef-3167-4bd5-86f0-2137887ac708,1704931200000,
,,6e7ce936-48b4-4e4c-b302-eee69c3f319a.extra_data.json,,0.0,62600630,0.0,1006930,1299.8326,62610110,2024-01-22 15:16:55.482,2024-01-19 03:00:00.820,61.32,R5wtjjS0Fd,com.sec.android.app.shealth,6e7ce936-48b4-4e4c-b302-eee69c3f319a,1705622400000,
,,243bfab0-f1f3-44b2-99bb-c9a58abe4902.extra_data.json,,0.0,,0.0,0,1315.1599,62600630,2024-01-09 15:12:44.145,2023-12-24 03:00:00.527,0.0,R5wtjjS0Fd,com.sec.android.app.shealth,243bfab0-f1f3-44b2-99bb-c9a58abe4902,1703376000000,
,,1861e648-864a-4f06-8eb8-6cbe913b05e5.extra_data.json,,0.0,,0.0,2428524,1278.1935,62610110,2024-01-22 15:16:55.213,2024-01-04 03:15:42.431,155.84999,R5wtjjS0Fd,com.sec.android.app.shealth,1861e648-864a-4f06-8eb8-6cbe913b05e5,1704326400000,
,,4e00713c-be9f-4bdd-863f-47928930c995.extra_data.json,,47.23,,0.0,1376208,1294.2115,62600630,2024-01-09 15:12:44.171,2023-12-25 03:03:53.910,90.42,R5wtjjS0Fd,com.sec.android.app.shealth,4e00713c-be9f-4bdd-863f-47928930c995,1703462400000,
,,83ae6f2a-b513-415c-ae10-9da62788de36.extra_data.json,,0.0,62600630,0.0,1027637,1299.5175,62610110,2024-01-22 15:16:55.256,2024-01-08 03:00:01.705,63.350002,R5wtjjS0Fd,com.sec.android.app.shealth,83ae6f2a-b513-415c-ae10-9da62788de36,1704672000000,
,,7ac22377-1d0f-42aa-959e-734a8f808679.extra_data.json,,320.39,62600630,0.0,5024671,1238.6755,62610110,2024-01-22 15:16:55.384,2024-01-14 03:05:42.879,336.91385,R5wtjjS0Fd,com.sec.android.app.shealth,7ac22377-1d0f-42aa-959e-734a8f808679,1705190400000,
,,dd8d4ccb-eb24-4bed-b9ef-2bacfe633581.extra_data.json,,0.0,,0.0,969578,1300.4012,62610110,2024-01-22 15:16:55.200,2024-01-03 03:44:55.844,60.620003,R5wtjjS0Fd,com.sec.android.app.shealth,dd8d4ccb-eb24-4bed-b9ef-2bacfe633581,1704240000000,
,,dfedd0cb-841a-4687-9c34-ae037b492d6c.extra_data.json,,0.0,,0.0,33350,1314.6522,62610110,2024-01-22 15:16:55.189,2024-01-01 03:00:00.598,1.89,R5wtjjS0Fd,com.sec.android.app.shealth,dfedd0cb-841a-4687-9c34-ae037b492d6c,1704067200000,
,,b8089fd6-4135-4b0e-9481-0c42ae11c08a.extra_data.json,,0.0,62600630,0.0,1942581,1285.5903,62610110,2024-01-22 15:16:55.337,2024-01-12 03:44:25.637,119.08999,R5wtjjS0Fd,com.sec.android.app.shealth,b8089fd6-4135-4b0e-9481-0c42ae11c08a,1705017600000,
,,98054abd-1762-4488-807f-fdf8f47aa931.extra_data.json,,0.0,62610110,0.0,927737,1301.0381,62610110,2024-01-25 11:20:48.051,2024-01-24 03:29:29.940,51.76,R5wtjjS0Fd,com.sec.android.app.shealth,98054abd-1762-4488-807f-fdf8f47aa931,1706054400000,
,,ca2f48e0-6f86-48df-bfc7-675cce1ad301.extra_data.json,,0.0,62600630,0.0,62031,1314.2157,62610110,2024-01-22 15:16:55.243,2024-01-07 03:00:00.662,3.43,R5wtjjS0Fd,com.sec.android.app.shealth,ca2f48e0-6f86-48df-bfc7-675cce1ad301,1704585600000,
,,f65cbbd9-3698-4190-83c6-b52ec0296218.extra_data.json,,0.0,62600630,0.0,1043585,1299.2747,62610110,2024-01-22 15:16:55.405,2024-01-15 03:00:01.710,65.549995,R5wtjjS0Fd,com.sec.android.app.shealth,f65cbbd9-3698-4190-83c6-b52ec0296218,1705276800000,
,,621d2511-0b0f-4c5f-8985-4385735b40d5.extra_data.json,,0.0,62600630,0.0,1166373,1297.4056,62610110,2024-01-22 15:16:55.421,2024-01-16 04:50:29.345,71.71999,R5wtjjS0Fd,com.sec.android.app.shealth,621d2511-0b0f-4c5f-8985-4385735b40d5,1705363200000,
,,0807373f-064a-4259-912b-4d30490cdd4f.extra_data.json,,0.0,62600630,0.0,1061594,1299.0006,62610110,2024-01-22 15:16:55.457,2024-01-18 03:28:34.904,66.02,R5wtjjS0Fd,com.sec.android.app.shealth,0807373f-064a-4259-912b-4d30490cdd4f,1705536000000,
,,4a44f01b-6735-4e0c-a52e-1fa3d7851ccf.extra_data.json,,0.0,62610110,0.0,148074,1312.906,62610110,2024-01-29 11:55:02.844,2024-01-28 03:11:02.871,8.28,R5wtjjS0Fd,com.sec.android.app.shealth,4a44f01b-6735-4e0c-a52e-1fa3d7851ccf,1706400000000,
,,a19b161c-7dc5-48bf-9bbe-ad7dd8d7b556.extra_data.json,,0.0,62600630,0.0,1522034,1291.992,62610110,2024-01-22 15:16:55.436,2024-01-17 03:00:00.849,88.63999,R5wtjjS0Fd,com.sec.android.app.shealth,a19b161c-7dc5-48bf-9bbe-ad7dd8d7b556,1705449600000,
,,44917183-97e7-4e8a-abff-e76eb49a243a.extra_data.json,,0.0,62600630,0.0,1205636,1296.8081,62610110,2024-01-22 15:16:55.284,2024-01-10 03:35:45.469,74.22,R5wtjjS0Fd,com.sec.android.app.shealth,44917183-97e7-4e8a-abff-e76eb49a243a,1704844800000,
,,1697253d-5f6b-4a48-ab67-0b73acb87f61.extra_data.json,,0.0,62610110,0.0,1669081,1289.7535,62610110,2024-01-27 11:55:02.543,2024-01-26 03:00:00.498,99.829994,R5wtjjS0Fd,com.sec.android.app.shealth,1697253d-5f6b-4a48-ab67-0b73acb87f61,1706227200000,
,,03812bc7-7092-44b9-9183-18f072ce8995.extra_data.json,,0.0,62600630,0.0,960877,1300.5336,62610110,2024-01-23 10:35:06.592,2024-01-22 03:00:00.642,59.69,R5wtjjS0Fd,com.sec.android.app.shealth,03812bc7-7092-44b9-9183-18f072ce8995,1705881600000,
,,e8856b0c-1fe3-428f-8c88-71fae3ab2f9b.extra_data.json,,115.130005,62610110,0.0,4088754,1252.9219,62610110,2024-01-31 11:23:07.301,2024-01-30 03:00:00.436,264.82,R5wtjjS0Fd,com.sec.android.app.shealth,e8856b0c-1fe3-428f-8c88-71fae3ab2f9b,1706572800000,
,,d74bd533-082a-484c-bcea-8cd1f8ca8ef3.extra_data.json,,0.0,62600630,0.0,1126308,1298.0156,62610110,2024-01-22 17:01:16.107,2024-01-21 03:00:01.464,65.08,R5wtjjS0Fd,com.sec.android.app.shealth,d74bd533-082a-484c-bcea-8cd1f8ca8ef3,1705795200000,
,,50043ce3-bcb6-4208-a345-9437d9ac788b.extra_data.json,,0.0,62610110,0.0,1674447,1289.6719,62610110,2024-01-30 11:25:06.461,2024-01-29 03:00:01.592,101.34001,R5wtjjS0Fd,com.sec.android.app.shealth,50043ce3-bcb6-4208-a345-9437d9ac788b,1706486400000,
,,7a9aedab-ddb2-4b07-96c5-b9f666f70cdc.extra_data.json,,0.0,62600630,0.0,714934,1304.2773,62610110,2024-01-22 15:16:55.505,2024-01-20 03:00:00.611,42.309998,R5wtjjS0Fd,com.sec.android.app.shealth,7a9aedab-ddb2-4b07-96c5-b9f666f70cdc,1705708800000,
,,44779e54-26d3-41a6-a2fc-2cc48f81ec2e.extra_data.json,,0.0,62610110,0.0,2825786,1272.1465,62610110,2024-01-28 12:35:02.324,2024-01-27 03:00:00.619,181.48,R5wtjjS0Fd,com.sec.android.app.shealth,44779e54-26d3-41a6-a2fc-2cc48f81ec2e,1706313600000,
,,aa1d29e5-8fde-472a-9d0c-2713aaf4eebf.extra_data.json,,0.0,62600630,0.0,2620980,1275.264,62610110,2024-01-22 15:16:55.272,2024-01-09 03:25:46.354,155.07999,R5wtjjS0Fd,com.sec.android.app.shealth,aa1d29e5-8fde-472a-9d0c-2713aaf4eebf,1704758400000,
,,d93d9d27-03d5-4c93-a908-2cd90d752ee1.extra_data.json,,0.0,62610110,0.0,480210,1307.8503,62610110,2024-02-01 12:55:03.491,2024-01-31 03:00:00.656,26.779999,R5wtjjS0Fd,com.sec.android.app.shealth,d93d9d27-03d5-4c93-a908-2cd90d752ee1,1706659200000,
,,71d4c2eb-b360-464d-bd19-0bcdc3bf1ffd.extra_data.json,,0.0,62610110,0.0,2128067,1282.767,62610110,2024-02-02 11:06:11.075,2024-02-01 03:43:22.534,129.81001,R5wtjjS0Fd,com.sec.android.app.shealth,71d4c2eb-b360-464d-bd19-0bcdc3bf1ffd,1706745600000,
,,55873fee-0f05-46f2-8e76-364391f03238.extra_data.json,,0.0,62620030,0.0,1555841,1291.4773,62620030,2024-02-06 11:20:07.194,2024-02-05 04:49:59.057,95.200005,R5wtjjS0Fd,com.sec.android.app.shealth,55873fee-0f05-46f2-8e76-364391f03238,1707091200000,
,,48d86aec-126f-448e-8f20-c7915cb0db0a.extra_data.json,,0.0,62610110,0.0,1877852,1286.5757,62610110,2024-01-24 13:38:36.486,2024-01-23 03:00:00.748,114.27002,R5wtjjS0Fd,com.sec.android.app.shealth,48d86aec-126f-448e-8f20-c7915cb0db0a,1705968000000,
,,7bc3f9fa-0f8b-41f8-85fa-43b4cdcbfaaf.extra_data.json,,0.0,62620030,0.0,3201787,1266.4231,62620030,2024-02-15 10:35:02.277,2024-02-14 03:00:01.793,189.61005,R5wtjjS0Fd,com.sec.android.app.shealth,7bc3f9fa-0f8b-41f8-85fa-43b4cdcbfaaf,1707868800000,
,,025f794a-e040-4475-9609-94587cb2b104.extra_data.json,,0.0,62610110,0.0,325496,1310.2053,62620030,2024-02-04 12:14:26.412,2024-02-03 03:00:00.554,17.51,R5wtjjS0Fd,com.sec.android.app.shealth,025f794a-e040-4475-9609-94587cb2b104,1706918400000,
,,dbacf1db-1095-4c69-88ab-31b6262e02bf.extra_data.json,,0.0,62620030,0.0,787030,1303.1799,62620030,2024-02-13 10:13:14.035,2024-02-12 03:00:00.516,43.76,R5wtjjS0Fd,com.sec.android.app.shealth,dbacf1db-1095-4c69-88ab-31b6262e02bf,1707696000000,
,,20250e5c-28d8-41a8-87c9-983f9424709c.extra_data.json,,0.0,62620030,0.0,0,1315.1599,62620030,2024-02-18 03:00:01.644,2024-02-17 04:16:54.630,0.0,R5wtjjS0Fd,com.sec.android.app.shealth,20250e5c-28d8-41a8-87c9-983f9424709c,1708128000000,
,,eeff8ce6-89b9-472a-a36e-95d791b7f78f.extra_data.json,,0.0,62610110,0.0,947507,1300.7372,62610110,2024-01-26 11:35:03.365,2024-01-25 03:00:00.444,60.21,R5wtjjS0Fd,com.sec.android.app.shealth,eeff8ce6-89b9-472a-a36e-95d791b7f78f,1706140800000,
,,e02e1e03-3b6c-4229-82dd-0bb3ae75235f.extra_data.json,,0.0,62620030,0.0,3805669,1257.2308,62620030,2024-02-07 09:50:24.796,2024-02-06 03:32:06.668,235.49005,R5wtjjS0Fd,com.sec.android.app.shealth,e02e1e03-3b6c-4229-82dd-0bb3ae75235f,1707177600000,
,,6a678a6f-5e05-4094-b445-53a39cc96fdf.extra_data.json,,0.0,62610110,0.0,372186,1309.4946,62620030,2024-02-05 11:55:02.653,2024-02-04 03:00:01.651,22.24,R5wtjjS0Fd,com.sec.android.app.shealth,6a678a6f-5e05-4094-b445-53a39cc96fdf,1707004800000,
,,f54619a2-3c13-4572-a8f5-2e72f958dbba.extra_data.json,,0.0,62620030,0.0,4583361,1245.3931,62620030,2024-02-10 11:31:13.418,2024-02-09 03:42:59.059,282.25006,R5wtjjS0Fd,com.sec.android.app.shealth,f54619a2-3c13-4572-a8f5-2e72f958dbba,1707436800000,
,,a1c560ec-31a3-4a8f-a55d-533c95569ca9.extra_data.json,,0.0,62620030,0.0,24012,1314.7943,62620030,2024-02-12 10:35:02.347,2024-02-11 03:05:23.925,1.26,R5wtjjS0Fd,com.sec.android.app.shealth,a1c560ec-31a3-4a8f-a55d-533c95569ca9,1707609600000,
,,8608dca7-527e-45c7-8ffe-e72391c22c71.extra_data.json,,0.0,62620030,0.0,3842414,1256.6716,62620030,2024-02-23 09:15:03.571,2024-02-22 03:42:13.820,244.10999,R5wtjjS0Fd,com.sec.android.app.shealth,8608dca7-527e-45c7-8ffe-e72391c22c71,1708560000000,
,,c8a4a9f3-f33c-4dfd-8182-4abc664dc782.extra_data.json,,0.0,62620030,0.0,3080940,1268.2626,62620030,2024-02-09 10:05:21.322,2024-02-08 03:00:00.442,178.98,R5wtjjS0Fd,com.sec.android.app.shealth,c8a4a9f3-f33c-4dfd-8182-4abc664dc782,1707350400000,
,,af4024d0-029a-40a7-9d1e-67d71287f459.extra_data.json,,0.0,62620030,0.0,2507013,1276.9987,62620030,2024-02-14 10:55:03.261,2024-02-13 03:00:00.757,142.69,R5wtjjS0Fd,com.sec.android.app.shealth,af4024d0-029a-40a7-9d1e-67d71287f459,1707782400000,
,,9987e3b3-4439-41bc-91f0-ca8b50494c26.extra_data.json,,0.0,62620030,0.0,3407283,1263.2952,62620030,2024-02-20 10:56:44.892,2024-02-19 03:00:01.618,201.24002,R5wtjjS0Fd,com.sec.android.app.shealth,9987e3b3-4439-41bc-91f0-ca8b50494c26,1708300800000,
,,c6592232-9334-4538-9029-1323ae7adbbc.extra_data.json,,0.0,62610110,0.0,1463158,1292.8881,62610110,2024-02-03 10:55:04.500,2024-02-02 03:00:00.422,87.98998,R5wtjjS0Fd,com.sec.android.app.shealth,c6592232-9334-4538-9029-1323ae7adbbc,1706832000000,
,,31ae74d9-2acc-4517-bc4b-200fa7069978.extra_data.json,,66.95,62620030,0.0,5163015,1236.5697,62620030,2024-02-08 10:11:12.639,2024-02-07 03:00:00.805,319.62003,R5wtjjS0Fd,com.sec.android.app.shealth,31ae74d9-2acc-4517-bc4b-200fa7069978,1707264000000,
,,e02fc2f4-2407-4fae-8f63-37cf39f92c8b.extra_data.json,,0.0,62620030,0.0,4533308,1246.1549,62620030,2024-02-21 10:35:03.317,2024-02-20 03:34:30.139,273.43002,R5wtjjS0Fd,com.sec.android.app.shealth,e02fc2f4-2407-4fae-8f63-37cf39f92c8b,1708387200000,
,,38afe5a6-62bb-4200-85b4-e85e40db5923.extra_data.json,,0.0,62620030,0.0,3988607,1254.4463,62620030,2024-02-29 10:52:47.540,2024-02-28 03:00:00.518,237.60994,R5wtjjS0Fd,com.sec.android.app.shealth,38afe5a6-62bb-4200-85b4-e85e40db5923,1709078400000,
,,0ef0f9e4-33c5-4d76-818e-8e66e5f40d25.extra_data.json,,104.19,62620030,0.0,5169990,1236.4635,62620030,2024-02-25 18:44:18.191,2024-02-24 03:05:14.730,333.87244,R5wtjjS0Fd,com.sec.android.app.shealth,0ef0f9e4-33c5-4d76-818e-8e66e5f40d25,1708732800000,
,,fe5db655-9fd8-44f7-82f9-eef4117b8545.extra_data.json,,0.0,62620030,0.0,16675,1314.9061,62620030,2024-02-26 12:15:07.990,2024-02-25 03:00:00.653,0.93,R5wtjjS0Fd,com.sec.android.app.shealth,fe5db655-9fd8-44f7-82f9-eef4117b8545,1708819200000,
,,3ef9eef2-84ea-4b5d-822d-ed60ad3f9f70.extra_data.json,,0.0,62620030,0.0,3942037,1255.1552,62620030,2024-02-17 11:55:02.777,2024-02-16 03:00:01.492,237.13998,R5wtjjS0Fd,com.sec.android.app.shealth,3ef9eef2-84ea-4b5d-822d-ed60ad3f9f70,1708041600000,
,,0b5b6887-93e9-4552-b040-414f7f803fb5.extra_data.json,,41.6,62620030,0.0,5219379,1235.7118,62620030,2024-02-16 10:45:58.191,2024-02-15 03:00:00.453,316.93994,R5wtjjS0Fd,com.sec.android.app.shealth,0b5b6887-93e9-4552-b040-414f7f803fb5,1707955200000,
,,2f446741-e6ab-4806-acab-ab91b668728e.extra_data.json,,0.0,62620030,0.0,2682951,1274.3207,62620030,2024-02-22 10:15:03.031,2024-02-21 03:00:00.722,156.62003,R5wtjjS0Fd,com.sec.android.app.shealth,2f446741-e6ab-4806-acab-ab91b668728e,1708473600000,
,,f122845d-68d7-4931-88bd-41c4c987016c.extra_data.json,,0.0,62620030,0.0,1543107,1291.6711,62620030,2024-02-27 10:43:05.128,2024-02-26 03:00:00.711,95.45998,R5wtjjS0Fd,com.sec.android.app.shealth,f122845d-68d7-4931-88bd-41c4c987016c,1708905600000,
,,14c24cda-19ad-41d8-8506-e3d7f1cbfabe.extra_data.json,,0.0,62620030,0.0,2792706,1272.65,62620030,2024-03-01 11:15:03.396,2024-02-29 03:00:00.555,174.28,R5wtjjS0Fd,com.sec.android.app.shealth,14c24cda-19ad-41d8-8506-e3d7f1cbfabe,1709164800000,
,,770fc876-8154-496e-8025-b8bf3743c744.extra_data.json,,0.0,62620030,0.0,1637882,1290.2285,62620030,2024-02-11 18:55:53.719,2024-02-10 03:33:20.044,94.45,R5wtjjS0Fd,com.sec.android.app.shealth,770fc876-8154-496e-8025-b8bf3743c744,1707523200000,
,,cfbdc983-36eb-4b1a-90fe-4668b854c0bc.extra_data.json,,0.0,62620030,0.0,1219763,1296.593,62620030,2024-03-03 10:35:03.455,2024-03-02 03:50:15.401,74.180016,R5wtjjS0Fd,com.sec.android.app.shealth,cfbdc983-36eb-4b1a-90fe-4668b854c0bc,1709337600000,
,,c25c5acd-575e-4491-9736-8479c357b423.extra_data.json,,189.97,62620030,0.0,6753854,1212.3544,62660010,2024-04-01 21:30:31.558,2024-03-06 03:15:21.803,421.90402,R5wtjjS0Fd,com.sec.android.app.shealth,c25c5acd-575e-4491-9736-8479c357b423,1709683200000,
,,71062d0c-5452-4c66-9ba6-61a2436272e4.extra_data.json,,0.0,62620030,0.0,4299579,1249.7128,62620030,2024-02-24 10:38:16.956,2024-02-23 03:00:01.008,257.09995,R5wtjjS0Fd,com.sec.android.app.shealth,71062d0c-5452-4c66-9ba6-61a2436272e4,1708646400000,
,,95d9e9b6-0e15-4a68-85d3-fffd4066bef4.extra_data.json,,0.0,62620030,0.0,4731674,1243.1355,62620030,2024-03-02 13:04:28.497,2024-03-01 03:00:02.904,281.5501,R5wtjjS0Fd,com.sec.android.app.shealth,95d9e9b6-0e15-4a68-85d3-fffd4066bef4,1709251200000,
,,f4342529-8ede-4a6b-9133-ab3be5630a46.extra_data.json,,0.0,62620030,0.0,0,1315.1599,62620030,2024-02-19 10:55:02.813,2024-02-18 03:00:00.715,0.0,R5wtjjS0Fd,com.sec.android.app.shealth,f4342529-8ede-4a6b-9133-ab3be5630a46,1708214400000,
,,28c3b0d4-0721-4cb8-ab48-7401800fbe80.extra_data.json,,0.0,62620030,0.0,4736891,1243.0562,62620030,2024-02-28 10:45:29.237,2024-02-27 03:00:01.459,289.99,R5wtjjS0Fd,com.sec.android.app.shealth,28c3b0d4-0721-4cb8-ab48-7401800fbe80,1708992000000,
,,a7144f55-c894-4a74-8e55-f5dd8f9323d1.extra_data.json,,0.0,62650170,0.0,2904852,1270.943,62660010,2024-04-01 21:30:31.724,2024-03-15 03:00:02.206,173.07,R5wtjjS0Fd,com.sec.android.app.shealth,a7144f55-c894-4a74-8e55-f5dd8f9323d1,1710460800000,
,,ce5ec067-fd35-46f7-a977-ef7366cc841f.extra_data.json,,144.35999,62620030,0.0,5180303,1236.3065,62660010,2024-04-01 21:30:31.591,2024-03-07 03:00:00.506,304.86993,R5wtjjS0Fd,com.sec.android.app.shealth,ce5ec067-fd35-46f7-a977-ef7366cc841f,1709769600000,
,,a04970bb-d5e3-4911-aae6-21bd8573af99.extra_data.json,,0.0,62650170,0.0,1004959,1299.8627,62660010,2024-04-01 21:30:31.704,2024-03-14 04:41:25.839,61.53,R5wtjjS0Fd,com.sec.android.app.shealth,a04970bb-d5e3-4911-aae6-21bd8573af99,1710374400000,
,,a93b338c-01ce-4d45-a173-7e7aa45a9bd4.extra_data.json,,43.93,62620030,0.0,3876948,1256.146,62660010,2024-04-01 21:30:31.673,2024-03-12 03:48:44.720,238.82999,R5wtjjS0Fd,com.sec.android.app.shealth,a93b338c-01ce-4d45-a173-7e7aa45a9bd4,1710201600000,
,,bde9a50f-2933-4aca-980d-ad979e0495a0.extra_data.json,,0.0,62620030,0.0,857552,1302.1064,62660010,2024-04-01 21:30:31.627,2024-03-09 03:00:00.422,51.55,R5wtjjS0Fd,com.sec.android.app.shealth,bde9a50f-2933-4aca-980d-ad979e0495a0,1709942400000,
,,81a6dec2-41ce-429c-a534-a45f2489093d.extra_data.json,,0.0,62650170,0.0,2143775,1282.5278,62660010,2024-04-01 21:30:31.764,2024-03-18 03:05:32.979,131.59,R5wtjjS0Fd,com.sec.android.app.shealth,81a6dec2-41ce-429c-a534-a45f2489093d,1710720000000,
,,af085855-0a52-4f83-91aa-d81367898c90.extra_data.json,,0.0,62620030,0.0,3737358,1258.2708,62620030,2024-03-05 10:55:06.106,2024-03-04 03:56:48.004,220.94,R5wtjjS0Fd,com.sec.android.app.shealth,af085855-0a52-4f83-91aa-d81367898c90,1709510400000,
,,2f57cbcf-535c-4755-a657-a4c35793b76a.extra_data.json,,0.0,62650170,0.0,963575,1300.4926,62660010,2024-04-01 21:30:31.735,2024-03-16 03:00:01.256,59.77001,R5wtjjS0Fd,com.sec.android.app.shealth,2f57cbcf-535c-4755-a657-a4c35793b76a,1710547200000,
,,486f64cc-ae22-4b39-8fc6-6da6cd227b6d.extra_data.json,,0.0,62620030,0.0,866950,1301.9634,62660010,2024-04-01 21:30:31.617,2024-03-08 03:00:00.698,52.829998,R5wtjjS0Fd,com.sec.android.app.shealth,486f64cc-ae22-4b39-8fc6-6da6cd227b6d,1709856000000,
,,68ac38f2-6693-4523-af46-408494e4951d.extra_data.json,,0.0,62620030,0.0,488214,1307.7284,62620030,2024-03-04 09:25:31.819,2024-03-03 03:00:01.459,28.789999,R5wtjjS0Fd,com.sec.android.app.shealth,68ac38f2-6693-4523-af46-408494e4951d,1709424000000,
,,98371bfc-fc55-4fed-a005-98b879f67c1b.extra_data.json,,0.0,62620030,0.0,2612335,1275.3955,62660010,2024-04-01 21:30:31.690,2024-03-13 03:53:06.662,157.36,R5wtjjS0Fd,com.sec.android.app.shealth,98371bfc-fc55-4fed-a005-98b879f67c1b,1710288000000,
,,23d54632-58e1-4f78-a94e-87b58d942a32.extra_data.json,,0.0,62620030,0.0,0,1315.1599,62660010,2024-04-01 21:30:31.643,2024-03-10 03:00:00.616,0.0,R5wtjjS0Fd,com.sec.android.app.shealth,23d54632-58e1-4f78-a94e-87b58d942a32,1710028800000,
,,4b354a3b-2be9-4fbb-bbe0-573fd44bdc78.extra_data.json,,0.0,62650170,0.0,12673,1314.967,62660010,2024-04-01 21:30:31.982,2024-03-25 03:00:00.550,0.71,R5wtjjS0Fd,com.sec.android.app.shealth,4b354a3b-2be9-4fbb-bbe0-573fd44bdc78,1711324800000,
,,d89b6df5-6a9d-405e-9b31-f5688669b922.extra_data.json,,0.0,62650170,0.0,1809968,1287.609,62660010,2024-04-01 21:30:32.078,2024-03-28 04:31:39.616,106.47,R5wtjjS0Fd,com.sec.android.app.shealth,d89b6df5-6a9d-405e-9b31-f5688669b922,1711584000000,
,,e8eb0ac4-e930-4a5f-a5fa-7250b40a2096.extra_data.json,,155.16,62650170,0.0,4671426,1244.0526,62660010,2024-04-02 11:15:04.816,2024-04-01 03:24:06.023,300.66602,R5wtjjS0Fd,com.sec.android.app.shealth,e8eb0ac4-e930-4a5f-a5fa-7250b40a2096,1711929600000,
,,04f6764e-012f-4b45-a816-90031692cfbb.extra_data.json,,0.0,62650170,0.0,1652616,1290.0042,62660010,2024-04-01 21:30:31.825,2024-03-20 03:00:00.457,98.33,R5wtjjS0Fd,com.sec.android.app.shealth,04f6764e-012f-4b45-a816-90031692cfbb,1710892800000,
,,1d634ffe-6939-4579-af74-a7a8a3c9ca84.extra_data.json,,0.0,62650170,0.0,1192566,1297.007,62660010,2024-04-01 21:30:31.894,2024-03-22 03:00:00.604,64.090004,R5wtjjS0Fd,com.sec.android.app.shealth,1d634ffe-6939-4579-af74-a7a8a3c9ca84,1711065600000,
,,743cb9a8-73d0-4827-9319-d6698851a8dc.extra_data.json,,0.0,62650170,0.0,87377,1313.8298,62660010,2024-04-01 21:30:31.954,2024-03-24 03:01:35.137,4.8599997,R5wtjjS0Fd,com.sec.android.app.shealth,743cb9a8-73d0-4827-9319-d6698851a8dc,1711238400000,
,,de2ef427-6b8f-4546-95ac-5de7b8eca435.extra_data.json,,273.62,62620030,0.0,8493713,1185.8707,62660010,2024-04-01 21:30:31.526,2024-03-05 03:00:00.692,529.427,R5wtjjS0Fd,com.sec.android.app.shealth,de2ef427-6b8f-4546-95ac-5de7b8eca435,1709596800000,
,,213a8cae-ec89-4f2c-9cd4-14c4524d571b.extra_data.json,,0.0,62650170,0.0,2010968,1284.5494,62660010,2024-04-01 21:30:31.753,2024-03-17 04:32:22.264,124.37002,R5wtjjS0Fd,com.sec.android.app.shealth,213a8cae-ec89-4f2c-9cd4-14c4524d571b,1710633600000,
,,dbd559f3-d6e8-46e3-944a-c8488d77922e.extra_data.json,,0.0,62650170,0.0,367487,1309.566,62660010,2024-04-01 21:30:31.928,2024-03-23 04:53:33.573,21.46,R5wtjjS0Fd,com.sec.android.app.shealth,dbd559f3-d6e8-46e3-944a-c8488d77922e,1711152000000,
,,fd9e6c67-edf2-4f1c-a1cc-9a4f443180e5.extra_data.json,,0.0,62650170,0.0,3558484,1260.9935,62660010,2024-04-01 21:30:31.783,2024-03-19 03:00:00.551,208.20995,R5wtjjS0Fd,com.sec.android.app.shealth,fd9e6c67-edf2-4f1c-a1cc-9a4f443180e5,1710806400000,
,,2f36d7e0-fd50-4cfc-8dd3-f88579961674.extra_data.json,,0.0,62660010,0.0,1007627,1299.8221,62660010,2024-04-06 10:57:27.993,2024-04-05 03:00:00.846,61.77,R5wtjjS0Fd,com.sec.android.app.shealth,2f36d7e0-fd50-4cfc-8dd3-f88579961674,1712275200000,
,,c09a1066-a998-43e0-93bd-6d6f3ccc4ef0.extra_data.json,,0.0,62650170,0.0,2368734,1279.1035,62660010,2024-04-01 21:30:32.030,2024-03-26 04:40:05.004,143.12001,R5wtjjS0Fd,com.sec.android.app.shealth,c09a1066-a998-43e0-93bd-6d6f3ccc4ef0,1711411200000,
,,feacfaed-2137-4fdd-bc4b-70571ab2498f.extra_data.json,,0.0,62620030,0.0,3307379,1264.8158,62660010,2024-04-01 21:30:31.663,2024-03-11 03:25:55.694,198.42004,R5wtjjS0Fd,com.sec.android.app.shealth,feacfaed-2137-4fdd-bc4b-70571ab2498f,1710115200000,
,,e787c0d0-036f-4243-aca0-d9f1c0f4b6c3.extra_data.json,,132.17001,62650170,0.0,3619763,1260.0608,62660010,2024-04-01 21:30:32.049,2024-03-27 03:54:43.895,224.51004,R5wtjjS0Fd,com.sec.android.app.shealth,e787c0d0-036f-4243-aca0-d9f1c0f4b6c3,1711497600000,
,,ba4ca5a1-4cfe-4e62-bfc8-394570456adb.extra_data.json,,0.0,62660010,0.0,20010,1314.8553,62660010,2024-04-03 11:09:36.255,2024-04-02 03:43:56.062,1.08,R5wtjjS0Fd,com.sec.android.app.shealth,ba4ca5a1-4cfe-4e62-bfc8-394570456adb,1712016000000,
,,08632416-b17f-4526-bba5-8b63a68d5657.extra_data.json,,0.0,62660010,0.0,64699,1314.1752,62660010,2024-04-14 15:53:52.404,2024-04-13 03:00:00.929,3.6200001,R5wtjjS0Fd,com.sec.android.app.shealth,08632416-b17f-4526-bba5-8b63a68d5657,1712966400000,
,,0274e35e-478c-4751-8354-09ebedb0d1f8.extra_data.json,,0.0,62650170,0.0,1916658,1285.985,62660010,2024-04-01 21:30:31.859,2024-03-21 03:00:00.721,112.45001,R5wtjjS0Fd,com.sec.android.app.shealth,0274e35e-478c-4751-8354-09ebedb0d1f8,1710979200000,
,,e0462c1e-2f05-4a88-8666-8f2f752e99fd.extra_data.json,,0.0,62650170,0.0,46023,1314.4594,62660010,2024-04-02 00:21:30.237,2024-03-31 03:00:00.457,2.6399999,R5wtjjS0Fd,com.sec.android.app.shealth,e0462c1e-2f05-4a88-8666-8f2f752e99fd,1711843200000,
,,b087447d-ce59-448e-be20-9f47b338957e.extra_data.json,,0.0,62650170,0.0,279473,1310.9059,62660010,2024-04-01 21:30:32.114,2024-03-30 04:20:35.539,16.04,R5wtjjS0Fd,com.sec.android.app.shealth,b087447d-ce59-448e-be20-9f47b338957e,1711756800000,
,,810460ee-3f13-401f-a164-76b377a6fe8f.extra_data.json,,0.0,62660010,0.0,1109071,1298.2778,62660010,2024-04-05 10:18:43.951,2024-04-04 03:00:02.563,66.590004,R5wtjjS0Fd,com.sec.android.app.shealth,810460ee-3f13-401f-a164-76b377a6fe8f,1712188800000,
,,bbdebef9-5001-4540-aa82-17938e41aa8f.extra_data.json,,0.0,62660010,0.0,2225936,1281.2772,62660010,2024-04-07 10:55:01.942,2024-04-06 04:36:30.618,135.47998,R5wtjjS0Fd,com.sec.android.app.shealth,bbdebef9-5001-4540-aa82-17938e41aa8f,1712361600000,
,,b08bd730-1a7d-4ca4-ba71-1b484175f56a.extra_data.json,,0.0,62660010,0.0,1258996,1295.9958,62660010,2024-04-11 11:15:02.390,2024-04-10 04:17:50.218,77.47,R5wtjjS0Fd,com.sec.android.app.shealth,b08bd730-1a7d-4ca4-ba71-1b484175f56a,1712707200000,
,,4d65a012-976b-4489-8abe-b084a165181f.extra_data.json,,0.0,62660010,0.0,2376558,1278.9845,62660010,2024-04-09 11:50:23.225,2024-04-08 03:31:09.626,153.73999,R5wtjjS0Fd,com.sec.android.app.shealth,4d65a012-976b-4489-8abe-b084a165181f,1712534400000,
,,b84f5410-09d6-4ce5-875e-d3eecacbe1dd.extra_data.json,,0.0,62660010,0.0,4377935,1248.52,62660010,2024-04-04 11:55:02.801,2024-04-03 03:23:38.443,274.56,R5wtjjS0Fd,com.sec.android.app.shealth,b84f5410-09d6-4ce5-875e-d3eecacbe1dd,1712102400000,
,,8897e4df-9af7-4186-9d2e-14b07149e182.extra_data.json,,0.0,62660010,0.0,63365,1314.1953,62660010,2024-04-08 13:15:03.323,2024-04-07 03:00:00.507,3.5700002,R5wtjjS0Fd,com.sec.android.app.shealth,8897e4df-9af7-4186-9d2e-14b07149e182,1712448000000,
,,1c2bf8ae-8a88-4efe-8d06-23f0cc8a33c3.extra_data.json,,0.0,62650170,0.0,38019,1314.5812,62660010,2024-04-01 21:30:32.094,2024-03-29 03:00:00.464,2.13,R5wtjjS0Fd,com.sec.android.app.shealth,1c2bf8ae-8a88-4efe-8d06-23f0cc8a33c3,1711670400000,
,,48179900-3854-4359-9f83-0c43c002e7e5.extra_data.json,,0.0,62660010,0.0,1521824,1291.9951,62660010,2024-04-16 12:48:11.580,2024-04-15 03:06:01.459,91.17,R5wtjjS0Fd,com.sec.android.app.shealth,48179900-3854-4359-9f83-0c43c002e7e5,1713139200000,
,,9c761296-caf2-4b85-95e3-4c1022da071e.extra_data.json,,0.0,62660010,0.0,2960580,1270.0947,62660010,2024-04-10 11:35:02.072,2024-04-09 03:05:11.512,189.52992,R5wtjjS0Fd,com.sec.android.app.shealth,9c761296-caf2-4b85-95e3-4c1022da071e,1712620800000,
,,5e194e46-f9a9-4599-8902-4d23f08ceb17.extra_data.json,,0.0,62660010,0.0,22011,1314.825,62660010,2024-04-13 14:35:07.749,2024-04-12 03:00:00.522,1.25,R5wtjjS0Fd,com.sec.android.app.shealth,5e194e46-f9a9-4599-8902-4d23f08ceb17,1712880000000,
,,0944bba7-99bf-45eb-a2c2-7234eeb48745.extra_data.json,,0.0,62660010,0.0,2176638,1282.0276,62660010,2024-04-12 12:45:03.057,2024-04-11 03:00:00.968,132.93001,R5wtjjS0Fd,com.sec.android.app.shealth,0944bba7-99bf-45eb-a2c2-7234eeb48745,1712793600000,
,,07a5ff7c-60cc-492b-9b28-287225eb640b.extra_data.json,,0.0,62660010,0.0,40687,1314.5405,62660010,2024-04-15 13:25:03.069,2024-04-14 03:27:59.957,2.3,R5wtjjS0Fd,com.sec.android.app.shealth,07a5ff7c-60cc-492b-9b28-287225eb640b,1713052800000,
,,27557a1d-7e81-41c2-b618-cda62845a53b.extra_data.json,,0.0,62660010,0.0,255461,1311.2712,62660010,2024-04-24 11:41:12.475,2024-04-23 03:00:01.438,14.57,R5wtjjS0Fd,com.sec.android.app.shealth,27557a1d-7e81-41c2-b618-cda62845a53b,1713830400000,
,,ee9df17d-7fa5-412a-afbf-011c51375744.extra_data.json,,0.0,62660010,0.0,1533800,1291.8127,62660010,2024-04-17 11:20:27.298,2024-04-16 03:23:23.702,94.920006,R5wtjjS0Fd,com.sec.android.app.shealth,ee9df17d-7fa5-412a-afbf-011c51375744,1713225600000,
,,c01ee322-886b-4d99-8148-894dd7cbac3a.extra_data.json,,0.0,62660010,0.0,1957375,1285.3652,62660010,2024-04-18 12:11:23.032,2024-04-17 03:00:01.127,118.55,R5wtjjS0Fd,com.sec.android.app.shealth,c01ee322-886b-4d99-8148-894dd7cbac3a,1713312000000,
,,98db3ffb-f4f0-462d-947a-0206f3d69a73.extra_data.json,,0.0,62660010,0.0,448224,1308.3372,62660010,2024-05-02 12:48:53.741,2024-05-01 03:54:20.792,25.860003,R5wtjjS0Fd,com.sec.android.app.shealth,98db3ffb-f4f0-462d-947a-0206f3d69a73,1714521600000,
,,f9dda04c-095a-476f-bdce-c81e57059f28.extra_data.json,,0.0,62660010,0.0,2500830,1277.0929,62660010,2024-05-01 13:15:03.435,2024-04-30 03:54:16.511,148.87007,R5wtjjS0Fd,com.sec.android.app.shealth,f9dda04c-095a-476f-bdce-c81e57059f28,1714435200000,
,,193c030d-0875-4b25-a604-21b7cb1609b0.extra_data.json,,0.0,62660010,0.0,3210278,1266.2938,62660010,2024-04-19 13:42:33.941,2024-04-18 03:00:00.834,200.46005,R5wtjjS0Fd,com.sec.android.app.shealth,193c030d-0875-4b25-a604-21b7cb1609b0,1713398400000,
,,8115c805-5003-44f4-964a-800d91fc2487.extra_data.json,,0.0,62660010,0.0,149408,1312.8856,62660010,2024-04-20 11:55:04.268,2024-04-19 03:11:23.660,8.34,R5wtjjS0Fd,com.sec.android.app.shealth,8115c805-5003-44f4-964a-800d91fc2487,1713484800000,
,,835fcf9a-4ea0-463d-b459-915ff5796b1b.extra_data.json,,0.0,62660010,0.0,34684,1314.6318,62660010,2024-04-21 11:15:03.758,2024-04-20 03:17:21.458,1.93,R5wtjjS0Fd,com.sec.android.app.shealth,835fcf9a-4ea0-463d-b459-915ff5796b1b,1713571200000,
,,15b5959c-e114-4686-98cf-daae4962d665.extra_data.json,,0.0,62660010,0.0,1803635,1287.7054,62660010,2024-04-22 11:15:03.620,2024-04-21 03:00:00.719,116.05,R5wtjjS0Fd,com.sec.android.app.shealth,15b5959c-e114-4686-98cf-daae4962d665,1713657600000,
,,2f171b7b-0061-44b0-912b-083f9d78cb8d.extra_data.json,,0.0,62660010,0.0,1106980,1298.3098,62660010,2024-04-25 11:32:47.552,2024-04-24 03:00:02.440,68.78,R5wtjjS0Fd,com.sec.android.app.shealth,2f171b7b-0061-44b0-912b-083f9d78cb8d,1713916800000,
,,928db6ad-ad8c-44da-94f6-7f3ec53cb0a5.extra_data.json,,0.0,62660010,0.0,1093580,1298.5137,62660010,2024-04-23 11:14:16.562,2024-04-22 03:32:39.334,67.90001,R5wtjjS0Fd,com.sec.android.app.shealth,928db6ad-ad8c-44da-94f6-7f3ec53cb0a5,1713744000000,
,,5421ef69-b4eb-489b-944b-b3d6ffb82a94.extra_data.json,,0.0,62660010,0.0,102051,1313.6066,62660010,2024-04-29 12:15:05.651,2024-04-28 03:00:00.929,5.749999,R5wtjjS0Fd,com.sec.android.app.shealth,5421ef69-b4eb-489b-944b-b3d6ffb82a94,1714262400000,
,,1eeed04c-ca45-417b-a4b0-4e1b5ec7ab37.extra_data.json,,0.0,62660010,0.0,507587,1307.4336,62660010,2024-05-06 10:55:03.248,2024-05-05 03:00:00.561,28.84,R5wtjjS0Fd,com.sec.android.app.shealth,1eeed04c-ca45-417b-a4b0-4e1b5ec7ab37,1714867200000,
,,13375ce3-725c-42ce-a8bb-1ab99811729d.extra_data.json,,0.0,62660010,0.0,1455701,1293.0015,62660010,2024-05-04 11:35:06.709,2024-05-03 03:59:53.529,88.34,R5wtjjS0Fd,com.sec.android.app.shealth,13375ce3-725c-42ce-a8bb-1ab99811729d,1714694400000,
,,d93bb800-3eb9-44b1-afba-772714a868ff.extra_data.json,,0.0,62660010,0.0,388861,1309.2407,62660010,2024-04-30 11:37:30.450,2024-04-29 04:35:39.726,22.109999,R5wtjjS0Fd,com.sec.android.app.shealth,d93bb800-3eb9-44b1-afba-772714a868ff,1714348800000,
,,7c13eed7-e85a-4eab-ad61-3474904a1dcd.extra_data.json,,0.0,62660010,0.0,0,1315.1599,62660010,2024-04-28 19:13:41.608,2024-04-27 03:00:01.880,0.0,R5wtjjS0Fd,com.sec.android.app.shealth,7c13eed7-e85a-4eab-ad61-3474904a1dcd,1714176000000,
,,08d2d633-c04e-4b89-9b18-4d1eb2139d21.extra_data.json,,0.0,62660010,0.0,3160103,1267.0576,62660010,2024-05-07 10:20:33.383,2024-05-06 03:52:35.570,199.29001,R5wtjjS0Fd,com.sec.android.app.shealth,08d2d633-c04e-4b89-9b18-4d1eb2139d21,1714953600000,
,,fe53c77f-07f4-4e23-b645-8256d4ff1077.extra_data.json,,0.0,62660010,0.0,2665519,1274.5859,62660010,2024-04-27 03:00:02.417,2024-04-26 03:00:00.734,157.86996,R5wtjjS0Fd,com.sec.android.app.shealth,fe53c77f-07f4-4e23-b645-8256d4ff1077,1714089600000,
,,cc9da7c1-bbc6-4edf-aa5a-9568cfbde7ea.extra_data.json,,0.0,62660010,0.0,1378922,1294.1703,62670070,2024-06-04 21:11:51.339,2024-05-09 03:00:00.731,86.58999,R5wtjjS0Fd,com.sec.android.app.shealth,cc9da7c1-bbc6-4edf-aa5a-9568cfbde7ea,1715212800000,
,,bfbd073b-71d6-46f9-8a61-9c9b57f71c66.extra_data.json,,185.06,62660010,0.0,5367250,1233.4609,62660010,2024-04-26 12:07:52.904,2024-04-25 03:00:00.835,345.0475,R5wtjjS0Fd,com.sec.android.app.shealth,bfbd073b-71d6-46f9-8a61-9c9b57f71c66,1714003200000,
,,60f37d6e-abf6-493d-b13d-a49ce6c6d325.extra_data.json,,0.0,62660010,0.0,92713,1313.7487,62670070,2024-06-04 21:11:52.215,2024-05-17 03:00:00.495,5.31,R5wtjjS0Fd,com.sec.android.app.shealth,60f37d6e-abf6-493d-b13d-a49ce6c6d325,1715904000000,
,,41b98b8e-2646-47bf-8042-dc5deaecce60.extra_data.json,,0.0,62660010,0.0,69368,1314.104,62660010,2024-05-05 10:07:27.351,2024-05-04 04:53:36.639,3.9299998,R5wtjjS0Fd,com.sec.android.app.shealth,41b98b8e-2646-47bf-8042-dc5deaecce60,1714780800000,
,,9762a0c2-9f13-4683-b3e0-474da58c4af6.extra_data.json,,0.0,62660010,0.0,2177455,1282.0151,62670070,2024-06-04 21:11:51.920,2024-05-16 03:54:15.848,130.63,R5wtjjS0Fd,com.sec.android.app.shealth,9762a0c2-9f13-4683-b3e0-474da58c4af6,1715817600000,
,,c186fd10-9672-4753-b80c-d60e204112a9.extra_data.json,,0.0,62660010,0.0,1871909,1286.6661,62670070,2024-06-04 21:11:51.699,2024-05-14 04:24:28.556,108.56999,R5wtjjS0Fd,com.sec.android.app.shealth,c186fd10-9672-4753-b80c-d60e204112a9,1715644800000,
,,d43ebc50-a9dc-4c33-af7a-ed6f9430a5cd.extra_data.json,,0.0,62660010,0.0,1196328,1296.9497,62670070,2024-06-04 21:11:51.523,2024-05-13 03:00:00.489,73.54,R5wtjjS0Fd,com.sec.android.app.shealth,d43ebc50-a9dc-4c33-af7a-ed6f9430a5cd,1715558400000,
,,f89fdbc5-772a-4ef3-96b8-03cc8141dda8.extra_data.json,,0.0,62660010,0.0,1534527,1291.8016,62660010,2024-05-03 12:06:48.735,2024-05-02 03:00:01.811,93.33999,R5wtjjS0Fd,com.sec.android.app.shealth,f89fdbc5-772a-4ef3-96b8-03cc8141dda8,1714608000000,
,,6c990a42-888c-4c7a-b6d7-1a52cf0c8785.extra_data.json,,0.0,62660010,0.0,1191232,1297.0272,62670070,2024-06-04 21:11:51.412,2024-05-12 03:33:57.406,67.75,R5wtjjS0Fd,com.sec.android.app.shealth,6c990a42-888c-4c7a-b6d7-1a52cf0c8785,1715472000000,
,,a292a7c0-0529-4b34-8961-959f5914acd2.extra_data.json,,0.0,62660010,0.0,2356031,1279.297,62670070,2024-06-04 21:11:51.324,2024-05-08 03:00:00.916,144.86,R5wtjjS0Fd,com.sec.android.app.shealth,a292a7c0-0529-4b34-8961-959f5914acd2,1715126400000,
,,dab84ba4-4bd7-4111-804e-3e2da2e4473f.extra_data.json,,0.0,62660010,0.0,532206,1307.0587,62670070,2024-06-04 21:11:52.998,2024-05-19 03:02:54.441,29.489998,R5wtjjS0Fd,com.sec.android.app.shealth,dab84ba4-4bd7-4111-804e-3e2da2e4473f,1716076800000,
,,d8ead480-6c49-46d4-9d63-7b99e260703c.extra_data.json,,0.0,62660010,0.0,1818519,1287.4789,62670070,2024-06-04 21:11:53.715,2024-05-22 03:07:58.742,110.56,R5wtjjS0Fd,com.sec.android.app.shealth,d8ead480-6c49-46d4-9d63-7b99e260703c,1716336000000,
,,742ae633-dc99-451d-86d4-105d78b39026.extra_data.json,,0.0,62660010,0.0,1668594,1289.761,62660010,2024-05-08 12:55:04.850,2024-05-07 03:00:00.755,102.21999,R5wtjjS0Fd,com.sec.android.app.shealth,742ae633-dc99-451d-86d4-105d78b39026,1715040000000,
,,642559cd-91fb-4e34-bdee-8168fd18dc7c.extra_data.json,,0.0,62660010,0.0,552246,1306.7537,62670070,2024-06-04 21:11:51.352,2024-05-10 03:22:40.704,32.649994,R5wtjjS0Fd,com.sec.android.app.shealth,642559cd-91fb-4e34-bdee-8168fd18dc7c,1715299200000,
,,0527dc8f-a866-46af-a1d0-3ff48ce44ba5.extra_data.json,,125.86,62660010,0.0,3682585,1259.1045,62670070,2024-06-04 21:11:53.471,2024-05-21 03:02:20.285,221.51599,R5wtjjS0Fd,com.sec.android.app.shealth,0527dc8f-a866-46af-a1d0-3ff48ce44ba5,1716249600000,
,,5dad7368-b3e0-4714-8ac9-e848459b55ee.extra_data.json,,0.0,62660010,0.0,1550505,1291.5585,62670070,2024-06-04 21:11:54.162,2024-05-25 03:23:29.460,94.53999,R5wtjjS0Fd,com.sec.android.app.shealth,5dad7368-b3e0-4714-8ac9-e848459b55ee,1716595200000,
,,076a307d-45a9-49ad-9bf4-6b33b9a916d3.extra_data.json,,0.0,62660010,0.0,3708040,1258.717,62670070,2024-06-04 21:11:53.915,2024-05-23 03:00:00.483,214.31996,R5wtjjS0Fd,com.sec.android.app.shealth,076a307d-45a9-49ad-9bf4-6b33b9a916d3,1716422400000,
,,85036bb6-04c9-4db8-8c00-330803a6dec5.extra_data.json,,0.0,62660010,0.0,10005,1315.0076,62670070,2024-06-04 21:11:52.547,2024-05-18 03:00:00.522,0.54,R5wtjjS0Fd,com.sec.android.app.shealth,85036bb6-04c9-4db8-8c00-330803a6dec5,1715990400000,
,,cd63a7a9-aecb-4028-b3fb-7454b5d0c235.extra_data.json,,0.0,62660010,0.0,60030,1314.2461,62670070,2024-06-04 21:11:51.368,2024-05-11 04:54:16.953,3.35,R5wtjjS0Fd,com.sec.android.app.shealth,cd63a7a9-aecb-4028-b3fb-7454b5d0c235,1715385600000,
,,62951af7-e2df-45f2-878d-679054359181.extra_data.json,,0.0,62660010,0.0,1533800,1291.8127,62670070,2024-06-04 21:11:53.152,2024-05-20 03:21:53.055,92.02001,R5wtjjS0Fd,com.sec.android.app.shealth,62951af7-e2df-45f2-878d-679054359181,1716163200000,
,,fa3b7309-8376-4c62-8a64-d2df1297ee8b.extra_data.json,,0.0,62660010,0.0,2441984,1277.9886,62670070,2024-06-04 21:11:51.859,2024-05-15 03:06:04.334,149.33998,R5wtjjS0Fd,com.sec.android.app.shealth,fa3b7309-8376-4c62-8a64-d2df1297ee8b,1715731200000,
,,3001b14d-9f2e-420d-9414-cd6022377f12.extra_data.json,,0.0,62660010,0.0,767687,1303.4744,62670070,2024-06-04 21:11:55.049,2024-06-02 03:00:00.576,43.87001,R5wtjjS0Fd,com.sec.android.app.shealth,3001b14d-9f2e-420d-9414-cd6022377f12,1717286400000,
,,45b1ffd5-de28-45be-8d1f-df90baba66af.extra_data.json,,0.0,62660010,0.0,2845309,1271.8492,62670070,2024-06-04 21:11:54.770,2024-05-29 03:00:00.445,170.79,R5wtjjS0Fd,com.sec.android.app.shealth,45b1ffd5-de28-45be-8d1f-df90baba66af,1716940800000,
,,888a5278-b526-45a1-8a9a-f5b60256b622.extra_data.json,,0.0,62670070,0.0,1971629,1285.1482,62670070,2024-06-08 11:52:11.700,2024-06-07 03:42:34.168,123.5,R5wtjjS0Fd,com.sec.android.app.shealth,888a5278-b526-45a1-8a9a-f5b60256b622,1717718400000,
,,18af811b-9acc-4c17-8cae-ada5c7b0f06d.extra_data.json,,0.0,62660010,0.0,30682,1314.6929,62670070,2024-06-04 21:11:54.282,2024-05-26 04:20:49.569,1.69,R5wtjjS0Fd,com.sec.android.app.shealth,18af811b-9acc-4c17-8cae-ada5c7b0f06d,1716681600000,
,,71005f93-9c9a-448d-824a-eb10ef878c0d.extra_data.json,,0.0,62660010,0.0,2598729,1275.6027,62670070,2024-06-05 12:35:03.476,2024-06-04 03:00:00.523,157.98,R5wtjjS0Fd,com.sec.android.app.shealth,71005f93-9c9a-448d-824a-eb10ef878c0d,1717459200000,
,,859f7403-5dd6-4555-8465-93ae1bb63e54.extra_data.json,,0.0,62660010,0.0,3165619,1266.9736,62670070,2024-06-04 21:11:54.889,2024-05-31 03:00:00.546,189.86002,R5wtjjS0Fd,com.sec.android.app.shealth,859f7403-5dd6-4555-8465-93ae1bb63e54,1717113600000,
,,8118a697-2a23-4b6e-a489-b34c1ff481b9.extra_data.json,,0.0,62660010,0.0,1919236,1285.9458,62670070,2024-06-04 21:11:54.126,2024-05-24 03:00:02.029,108.18001,R5wtjjS0Fd,com.sec.android.app.shealth,8118a697-2a23-4b6e-a489-b34c1ff481b9,1716508800000,
,,deff799a-913f-4a60-a5f8-ac00e61c476b.extra_data.json,,0.0,62670070,0.0,2161844,1282.2529,62670070,2024-06-11 11:14:24.225,2024-06-10 03:44:33.904,130.23999,R5wtjjS0Fd,com.sec.android.app.shealth,deff799a-913f-4a60-a5f8-ac00e61c476b,1717977600000,
,,eec541c0-8340-49b4-8b92-b0b31745126b.extra_data.json,,0.0,62670070,0.0,103385,1313.5862,62670070,2024-06-10 10:57:18.927,2024-06-09 03:00:00.442,5.91,R5wtjjS0Fd,com.sec.android.app.shealth,eec541c0-8340-49b4-8b92-b0b31745126b,1717891200000,
,,0b8cf849-9486-477a-894c-7d604e101c65.extra_data.json,,0.0,62660010,0.0,1569151,1291.2747,62670070,2024-06-04 21:11:54.661,2024-05-28 03:00:00.396,96.1,R5wtjjS0Fd,com.sec.android.app.shealth,0b8cf849-9486-477a-894c-7d604e101c65,1716854400000,
,,f0c0e451-fde8-45b4-bb5d-85b5a782e7dd.extra_data.json,,0.0,62670070,0.0,863038,1302.023,62701610,2024-07-10 23:12:52.583,2024-06-13 03:29:08.230,49.429996,R5wtjjS0Fd,com.sec.android.app.shealth,f0c0e451-fde8-45b4-bb5d-85b5a782e7dd,1718236800000,
,,3f696601-dccb-4cdc-9a0a-11e37e13f8f2.extra_data.json,,0.0,62660010,0.0,2743468,1273.3994,62670070,2024-06-04 21:11:54.456,2024-05-27 03:13:31.145,162.34001,R5wtjjS0Fd,com.sec.android.app.shealth,3f696601-dccb-4cdc-9a0a-11e37e13f8f2,1716768000000,
,,23fb6fec-841c-4fb5-b7f4-f46e3abb20df.extra_data.json,,0.0,62660010,0.0,954477,1300.631,62670070,2024-06-04 21:11:54.928,2024-06-01 03:00:00.576,52.670002,R5wtjjS0Fd,com.sec.android.app.shealth,23fb6fec-841c-4fb5-b7f4-f46e3abb20df,1717200000000,
,,f8ba13c9-b7bd-4f09-86c7-23c179908a89.extra_data.json,,0.0,62670070,0.0,1234984,1296.3613,62670070,2024-06-07 11:26:57.195,2024-06-06 03:00:00.885,75.920006,R5wtjjS0Fd,com.sec.android.app.shealth,f8ba13c9-b7bd-4f09-86c7-23c179908a89,1717632000000,
,,75934eec-47bd-4004-90f9-06e0eb727812.extra_data.json,,0.0,62670070,0.0,1212486,1296.7037,62701610,2024-07-10 23:12:57.164,2024-06-16 03:00:00.910,71.01001,R5wtjjS0Fd,com.sec.android.app.shealth,75934eec-47bd-4004-90f9-06e0eb727812,1718496000000,
,,83f123c6-7651-49b0-aa72-4a7bb371ad1f.extra_data.json,,0.0,62660010,0.0,36018,1314.6117,62670070,2024-06-04 21:11:54.824,2024-05-30 03:00:00.554,1.98,R5wtjjS0Fd,com.sec.android.app.shealth,83f123c6-7651-49b0-aa72-4a7bb371ad1f,1717027200000,
,,ff752365-1773-4c01-bb36-ec12c7d41d40.extra_data.json,,0.0,62670070,0.0,1229738,1296.4412,62701610,2024-07-10 23:12:52.770,2024-06-15 03:00:00.695,71.96001,R5wtjjS0Fd,com.sec.android.app.shealth,ff752365-1773-4c01-bb36-ec12c7d41d40,1718409600000,
,,c393ff87-6e1c-4c5e-95b7-4eb52ea68961.extra_data.json,,0.0,62670070,0.0,3295077,1265.0029,62701610,2024-07-10 23:12:57.918,2024-06-26 03:00:02.004,190.30997,R5wtjjS0Fd,com.sec.android.app.shealth,c393ff87-6e1c-4c5e-95b7-4eb52ea68961,1719360000000,
,,2fcc393d-ed0d-41d6-9849-25fcd87a162c.extra_data.json,,0.0,62670070,0.0,1090455,1298.5613,62670070,2024-06-06 12:35:06.715,2024-06-05 04:35:58.667,63.73999,R5wtjjS0Fd,com.sec.android.app.shealth,2fcc393d-ed0d-41d6-9849-25fcd87a162c,1717545600000,
,,bc4facdb-765b-455f-a1dd-3dbbe1bfe04e.extra_data.json,,0.0,62670070,0.0,1543775,1291.6609,62701610,2024-07-10 23:12:57.287,2024-06-18 03:00:00.520,94.46,R5wtjjS0Fd,com.sec.android.app.shealth,bc4facdb-765b-455f-a1dd-3dbbe1bfe04e,1718668800000,
,,82bfa2a9-58fe-4243-abf6-e96f326f45a8.extra_data.json,,0.0,62660010,0.0,1441117,1293.2235,62670070,2024-06-04 21:54:47.999,2024-06-03 03:37:48.621,87.14,R5wtjjS0Fd,com.sec.android.app.shealth,82bfa2a9-58fe-4243-abf6-e96f326f45a8,1717372800000,
,,ecd39466-cb3c-4ad4-8b07-f7b459ab9604.extra_data.json,,0.0,62670070,0.0,1337125,1294.8065,62670070,2024-06-09 21:23:52.226,2024-06-08 03:00:02.253,76.179985,R5wtjjS0Fd,com.sec.android.app.shealth,ecd39466-cb3c-4ad4-8b07-f7b459ab9604,1717804800000,
,,d6dc80e6-d776-4f8c-b521-0b8e8cf20e7e.extra_data.json,,0.0,62670070,0.0,972823,1300.3518,62701610,2024-07-10 23:12:52.670,2024-06-14 03:38:38.823,63.550003,R5wtjjS0Fd,com.sec.android.app.shealth,d6dc80e6-d776-4f8c-b521-0b8e8cf20e7e,1718323200000,
,,71ada429-36ca-4f8b-9bbb-fdfe4d4a0b4d.extra_data.json,,0.0,62670070,0.0,1589071,1290.9714,62701610,2024-07-10 23:12:57.640,2024-06-24 03:00:00.863,97.66001,R5wtjjS0Fd,com.sec.android.app.shealth,71ada429-36ca-4f8b-9bbb-fdfe4d4a0b4d,1719187200000,
,,1d5ad889-712f-48c8-8a04-98a7d1976b88.extra_data.json,,0.0,62670070,0.0,112723,1313.4441,62701610,2024-07-10 23:12:57.573,2024-06-23 03:00:03.474,6.3100004,R5wtjjS0Fd,com.sec.android.app.shealth,1d5ad889-712f-48c8-8a04-98a7d1976b88,1719100800000,
,,bca63e1d-0757-4327-b1cd-a86409e731f9.extra_data.json,,0.0,62670070,0.0,1127567,1297.9963,62670070,2024-06-13 10:49:41.105,2024-06-12 03:10:28.244,71.590004,R5wtjjS0Fd,com.sec.android.app.shealth,bca63e1d-0757-4327-b1cd-a86409e731f9,1718150400000,
,,e8ea841f-b2fe-43e4-93cf-806568fee1cc.extra_data.json,,0.0,62670070,0.0,994227,1300.026,62701610,2024-07-10 23:12:57.527,2024-06-22 03:00:00.912,62.879993,R5wtjjS0Fd,com.sec.android.app.shealth,e8ea841f-b2fe-43e4-93cf-806568fee1cc,1719014400000,
,,bcb3f08d-48ca-4f07-a85e-b9712c1c3ae4.extra_data.json,,0.0,62670070,0.0,1126426,1298.0138,62701610,2024-07-10 23:12:57.231,2024-06-17 03:00:01.013,70.240005,R5wtjjS0Fd,com.sec.android.app.shealth,bcb3f08d-48ca-4f07-a85e-b9712c1c3ae4,1718582400000,
,,e4e847c1-f437-4d0a-9564-be819de53fb9.extra_data.json,,0.0,62670070,0.0,2447927,1277.8981,62701610,2024-07-10 23:12:58.095,2024-07-01 04:56:17.125,149.50002,R5wtjjS0Fd,com.sec.android.app.shealth,e4e847c1-f437-4d0a-9564-be819de53fb9,1719792000000,
,,79dd45f1-39c9-43cb-8bfb-ddf052fd00a9.extra_data.json,,0.0,62670070,0.0,3089124,1268.1381,62701610,2024-07-10 23:12:57.406,2024-06-20 03:00:00.612,184.73006,R5wtjjS0Fd,com.sec.android.app.shealth,79dd45f1-39c9-43cb-8bfb-ddf052fd00a9,1718841600000,
,,2049bff3-d063-4ca4-b0d9-22e188299f46.extra_data.json,,0.0,62670070,0.0,1592466,1290.9198,62701610,2024-07-10 23:12:57.486,2024-06-21 06:49:41.425,97.569984,R5wtjjS0Fd,com.sec.android.app.shealth,2049bff3-d063-4ca4-b0d9-22e188299f46,1718928000000,
,,5bce89cb-9957-473d-903e-f0acf593eaa3.extra_data.json,,0.0,62670070,0.0,162081,1312.6927,62701610,2024-07-10 23:12:58.057,2024-06-30 03:00:01.329,9.290001,R5wtjjS0Fd,com.sec.android.app.shealth,5bce89cb-9957-473d-903e-f0acf593eaa3,1719705600000,
,,b7d00e2a-8e8e-42ae-9226-d89f20ec266e.extra_data.json,,0.0,62670070,0.0,981524,1300.2195,62701610,2024-07-10 23:12:57.750,2024-06-25 03:00:02.129,60.050003,R5wtjjS0Fd,com.sec.android.app.shealth,b7d00e2a-8e8e-42ae-9226-d89f20ec266e,1719273600000,
,,4a7c3d7a-3c52-4973-a050-6bb62a73a1dd.extra_data.json,,75.71,62670070,0.0,3821050,1256.9968,62670070,2024-06-12 11:24:59.261,2024-06-11 04:53:47.933,246.55597,R5wtjjS0Fd,com.sec.android.app.shealth,4a7c3d7a-3c52-4973-a050-6bb62a73a1dd,1718064000000,
,,9a2af959-bafc-41f1-8d95-c354ca0ecfb5.extra_data.json,,0.0,62670070,0.0,2745529,1273.3682,62701610,2024-07-10 23:12:57.985,2024-06-28 03:31:54.565,166.52002,R5wtjjS0Fd,com.sec.android.app.shealth,9a2af959-bafc-41f1-8d95-c354ca0ecfb5,1719532800000,
,,0ad87601-026f-4e8e-98d6-0430bbf79916.extra_data.json,,58.03,62670070,0.0,2466092,1277.6216,62701610,2024-07-10 23:12:58.232,2024-07-04 03:00:00.520,137.04367,R5wtjjS0Fd,com.sec.android.app.shealth,0ad87601-026f-4e8e-98d6-0430bbf79916,1720051200000,
,,2f5887bc-3c85-4585-8c5b-92486014b340.extra_data.json,,0.0,62670070,0.0,2186613,1281.8757,62701610,2024-07-10 23:12:58.205,2024-07-03 03:00:00.366,131.61,R5wtjjS0Fd,com.sec.android.app.shealth,2f5887bc-3c85-4585-8c5b-92486014b340,1719964800000,
,,a6d359d1-7471-47b9-9c06-7b672b2a5bf3.extra_data.json,,0.0,62670070,0.0,750315,1303.7388,62701610,2024-07-10 23:12:57.372,2024-06-19 03:00:00.452,44.999996,R5wtjjS0Fd,com.sec.android.app.shealth,a6d359d1-7471-47b9-9c06-7b672b2a5bf3,1718755200000,
,,588e682f-b007-45ce-b050-df2f4c5ce5cd.extra_data.json,,0.0,62670070,0.0,1027547,1299.5189,62701610,2024-07-10 23:12:58.515,2024-07-08 03:00:00.481,57.510006,R5wtjjS0Fd,com.sec.android.app.shealth,588e682f-b007-45ce-b050-df2f4c5ce5cd,1720396800000,
,,e3085aa3-8cd6-4957-9114-d6faa03a8500.extra_data.json,,0.0,62670070,0.0,1759899,1288.3712,62701610,2024-07-10 23:12:58.022,2024-06-29 03:00:00.828,102.029976,R5wtjjS0Fd,com.sec.android.app.shealth,e3085aa3-8cd6-4957-9114-d6faa03a8500,1719619200000,
,,7a7e0f09-81e3-4a0b-8a40-312a9baa758b.extra_data.json,,0.0,62670070,0.0,927707,1301.0386,62701610,2024-07-10 23:12:58.167,2024-07-02 03:00:00.745,53.739998,R5wtjjS0Fd,com.sec.android.app.shealth,7a7e0f09-81e3-4a0b-8a40-312a9baa758b,1719878400000,
,,b305d887-caef-4679-b9ed-cf407759bb0d.extra_data.json,,0.0,62670070,0.0,3311879,1264.7473,62701610,2024-07-10 23:12:58.273,2024-07-05 03:36:32.648,188.01997,R5wtjjS0Fd,com.sec.android.app.shealth,b305d887-caef-4679-b9ed-cf407759bb0d,1720137600000,
,,909b9b11-118d-435a-84a9-930dde970e81.extra_data.json,,0.0,62670070,0.0,1418589,1293.5664,62701610,2024-07-10 23:12:57.955,2024-06-27 03:00:01.822,83.73,R5wtjjS0Fd,com.sec.android.app.shealth,909b9b11-118d-435a-84a9-930dde970e81,1719446400000,
,,bf60fd33-cf74-437b-9e9c-4e01562d4790.extra_data.json,,0.0,62670070,0.0,1768997,1288.2327,62701610,2024-07-10 23:12:58.633,2024-07-09 03:39:53.429,104.81998,R5wtjjS0Fd,com.sec.android.app.shealth,bf60fd33-cf74-437b-9e9c-4e01562d4790,1720483200000,
,,90c48995-b4e7-413e-8c9b-b838fa0d69d3.extra_data.json,,0.0,62701610,0.0,2139376,1282.5948,62710150,2024-08-09 16:09:14.075,2024-07-20 03:00:01.605,118.72,R5wtjjS0Fd,com.sec.android.app.shealth,90c48995-b4e7-413e-8c9b-b838fa0d69d3,1721433600000,
,,5a49a2c3-6f53-47a3-9189-978430f53cb7.extra_data.json,,0.0,62670070,0.0,1918749,1285.9531,62701610,2024-07-11 11:55:02.809,2024-07-10 03:13:54.093,106.28002,R5wtjjS0Fd,com.sec.android.app.shealth,5a49a2c3-6f53-47a3-9189-978430f53cb7,1720569600000,
,,f4f805c2-d867-4087-b68f-4ecd909bdf98.extra_data.json,,0.0,62701610,0.0,12006,1314.9772,62710150,2024-08-09 16:09:15.093,2024-07-28 03:00:01.980,0.67,R5wtjjS0Fd,com.sec.android.app.shealth,f4f805c2-d867-4087-b68f-4ecd909bdf98,1722124800000,
,,0906e122-75d3-4cb9-8cef-ed454c96c8a3.extra_data.json,,0.0,62701610,0.0,2106723,1283.0919,62701610,2024-07-12 10:15:04.669,2024-07-11 03:20:03.798,120.24999,R5wtjjS0Fd,com.sec.android.app.shealth,0906e122-75d3-4cb9-8cef-ed454c96c8a3,1720656000000,
,,161b6452-da71-453e-a8e6-6f098596700b.extra_data.json,,0.0,62670070,0.0,995134,1300.0122,62701610,2024-07-10 23:12:58.366,2024-07-07 03:18:17.668,54.58,R5wtjjS0Fd,com.sec.android.app.shealth,161b6452-da71-453e-a8e6-6f098596700b,1720310400000,
,,2ef107ae-28e7-4e69-b020-415dc91883d8.extra_data.json,,0.0,62701610,0.0,1239106,1296.2986,62710150,2024-08-09 16:09:13.366,2024-07-13 03:00:00.783,65.7,R5wtjjS0Fd,com.sec.android.app.shealth,2ef107ae-28e7-4e69-b020-415dc91883d8,1720828800000,
,,becfda08-4de7-42bd-9d18-432b549cca62.extra_data.json,,0.0,62701610,0.0,3172896,1266.8628,62701610,2024-07-13 12:15:02.822,2024-07-12 03:00:02.337,183.95,R5wtjjS0Fd,com.sec.android.app.shealth,becfda08-4de7-42bd-9d18-432b549cca62,1720742400000,
,,8ff17355-aa0f-4cfa-82fc-3f5e08edf38f.extra_data.json,,0.0,62701610,0.0,1227190,1296.4799,62710150,2024-08-09 16:09:13.795,2024-07-18 03:00:02.446,69.73,R5wtjjS0Fd,com.sec.android.app.shealth,8ff17355-aa0f-4cfa-82fc-3f5e08edf38f,1721260800000,
,,4c11cd0c-0fb8-41cc-a955-8821c36ae636.extra_data.json,,0.0,62670070,0.0,12006,1314.9772,62701610,2024-07-10 23:12:58.319,2024-07-06 03:00:01.410,0.69,R5wtjjS0Fd,com.sec.android.app.shealth,4c11cd0c-0fb8-41cc-a955-8821c36ae636,1720224000000,
,,a4974e0e-c1c7-4609-b25d-68efaa88d377.extra_data.json,,0.0,62701610,0.0,994894,1300.0159,62710150,2024-08-09 16:09:13.584,2024-07-16 03:00:02.059,62.900005,R5wtjjS0Fd,com.sec.android.app.shealth,a4974e0e-c1c7-4609-b25d-68efaa88d377,1721088000000,
,,af141181-9949-4a14-bb0b-c9c0c99456a2.extra_data.json,,0.0,62701610,0.0,47357,1314.439,62710150,2024-08-09 16:09:13.444,2024-07-14 03:00:02.383,2.68,R5wtjjS0Fd,com.sec.android.app.shealth,af141181-9949-4a14-bb0b-c9c0c99456a2,1720915200000,
,,ffb449e8-d942-4314-84d0-0beb184926d9.extra_data.json,,0.0,62701610,0.0,3503301,1261.8335,62710150,2024-08-09 16:09:14.347,2024-07-22 03:28:23.438,198.76001,R5wtjjS0Fd,com.sec.android.app.shealth,ffb449e8-d942-4314-84d0-0beb184926d9,1721606400000,
,,e45e9010-88d9-4057-8492-2628e75cb751.extra_data.json,,0.0,62701610,0.0,3517735,1261.6138,62710150,2024-08-09 16:09:14.973,2024-07-26 03:00:01.369,195.91998,R5wtjjS0Fd,com.sec.android.app.shealth,e45e9010-88d9-4057-8492-2628e75cb751,1721952000000,
,,b32bac1a-d52c-4490-bbd4-0925402ac04e.extra_data.json,,0.0,62701610,0.0,2823568,1272.1802,62710150,2024-08-09 16:09:13.773,2024-07-17 04:26:34.609,163.32004,R5wtjjS0Fd,com.sec.android.app.shealth,b32bac1a-d52c-4490-bbd4-0925402ac04e,1721174400000,
,,55d916bb-8e85-4685-8452-3345bf17f7ba.extra_data.json,,0.0,62701610,0.0,3640920,1259.7386,62710150,2024-08-09 16:09:14.893,2024-07-24 03:00:01.466,232.07997,R5wtjjS0Fd,com.sec.android.app.shealth,55d916bb-8e85-4685-8452-3345bf17f7ba,1721779200000,
,,c6fedff1-0bb1-4a5e-ad34-0fb9e76a22e8.extra_data.json,,0.0,62701610,0.0,798399,1303.0068,62710150,2024-08-09 16:09:13.866,2024-07-19 03:00:01.766,44.190002,R5wtjjS0Fd,com.sec.android.app.shealth,c6fedff1-0bb1-4a5e-ad34-0fb9e76a22e8,1721347200000,
,,96b7df79-35a6-4aed-b5d3-25b4ffd281dd.extra_data.json,,0.0,62701610,0.0,66700,1314.1445,62710150,2024-08-09 16:09:14.227,2024-07-21 03:00:00.956,3.58,R5wtjjS0Fd,com.sec.android.app.shealth,96b7df79-35a6-4aed-b5d3-25b4ffd281dd,1721520000000,
,,5c7f8818-6b63-4b6a-b62a-7214563a07b7.extra_data.json,,0.0,62701610,0.0,1613323,1290.6023,62710150,2024-08-09 16:09:15.427,2024-08-03 03:00:00.939,91.28003,R5wtjjS0Fd,com.sec.android.app.shealth,5c7f8818-6b63-4b6a-b62a-7214563a07b7,1722643200000,
,,c7fc65be-17a4-4b8e-819e-c50dbb1c50c7.extra_data.json,,0.0,62701610,0.0,977582,1300.2793,62710150,2024-08-09 16:09:13.537,2024-07-15 03:00:01.159,56.809994,R5wtjjS0Fd,com.sec.android.app.shealth,c7fc65be-17a4-4b8e-819e-c50dbb1c50c7,1721001600000,
,,d3abcc12-6f0d-44d3-b3c3-9994b6dbd967.extra_data.json,,0.0,62701610,0.0,2054817,1283.882,62710150,2024-08-09 16:09:14.764,2024-07-23 03:00:01.060,111.4,R5wtjjS0Fd,com.sec.android.app.shealth,d3abcc12-6f0d-44d3-b3c3-9994b6dbd967,1721692800000,
,,2090c5f9-5e16-40e3-b7e3-8c7df6068a83.extra_data.json,,0.0,62701610,0.0,76705,1313.9923,62710150,2024-08-09 16:09:15.033,2024-07-27 03:00:01.039,4.34,R5wtjjS0Fd,com.sec.android.app.shealth,2090c5f9-5e16-40e3-b7e3-8c7df6068a83,1722038400000,
,,034b14ea-7db0-49df-9d92-10f239ef54fa.extra_data.json,,0.0,62701610,0.0,4160663,1251.8273,62710150,2024-08-09 16:09:14.936,2024-07-25 03:11:08.790,253.71,R5wtjjS0Fd,com.sec.android.app.shealth,034b14ea-7db0-49df-9d92-10f239ef54fa,1721865600000,
,,37a6226a-86b6-41ae-b86b-bf7ef5d60337.extra_data.json,,0.0,62710150,0.0,533510,1301.397,62720090,2024-09-02 12:59:50.734,2024-08-10 03:00:00.955,30.660002,R5wtjjS0Fd,com.sec.android.app.shealth,37a6226a-86b6-41ae-b86b-bf7ef5d60337,1723248000000,
,,f41a0e3a-e2c9-454e-9be0-4c3c70b207c7.extra_data.json,,0.0,62701610,0.0,4189104,1251.3944,62710150,2024-08-09 16:09:15.334,2024-08-01 04:59:45.873,243.75002,R5wtjjS0Fd,com.sec.android.app.shealth,f41a0e3a-e2c9-454e-9be0-4c3c70b207c7,1722470400000,
,,cf88ae9a-3524-4d4d-9a0f-d44e5f4f9a61.extra_data.json,,43.68,62701610,0.0,5034301,1238.5289,62710150,2024-08-09 16:09:15.389,2024-08-02 04:55:31.581,319.92,R5wtjjS0Fd,com.sec.android.app.shealth,cf88ae9a-3524-4d4d-9a0f-d44e5f4f9a61,1722556800000,
,,953cdd05-b6da-48cc-971c-487f2a188387.extra_data.json,,0.0,62701610,0.0,4073676,1253.1514,62710150,2024-08-09 16:09:15.278,2024-07-31 03:00:02.641,228.91998,R5wtjjS0Fd,com.sec.android.app.shealth,953cdd05-b6da-48cc-971c-487f2a188387,1722384000000,
,,b4b5889a-5f43-402f-816e-f73b2e157589.extra_data.json,,0.0,62701610,0.0,990165,1300.0878,62710150,2024-08-09 16:09:15.478,2024-08-05 06:29:12.644,62.82,R5wtjjS0Fd,com.sec.android.app.shealth,b4b5889a-5f43-402f-816e-f73b2e157589,1722816000000,
,,b940238e-9266-432a-bab5-346c37059aa5.extra_data.json,,0.0,62701610,0.0,2044205,1284.0435,62710150,2024-08-09 16:09:15.210,2024-07-30 03:46:56.809,115.87001,R5wtjjS0Fd,com.sec.android.app.shealth,b940238e-9266-432a-bab5-346c37059aa5,1722297600000,
,,5a47b5b0-2579-4d4a-ab18-27ac8dde675a.extra_data.json,,0.0,62701610,0.0,952476,1300.6615,62710150,2024-08-09 16:09:15.148,2024-07-29 04:56:09.511,52.43,R5wtjjS0Fd,com.sec.android.app.shealth,5a47b5b0-2579-4d4a-ab18-27ac8dde675a,1722211200000,
,,3c210a62-578f-4707-927f-863d31aab3b6.extra_data.json,,0.0,62701610,0.0,488881,1302.0735,62720090,2024-09-02 12:59:48.758,2024-08-06 03:44:01.347,28.0,R5wtjjS0Fd,com.sec.android.app.shealth,3c210a62-578f-4707-927f-863d31aab3b6,1722902400000,
,,157b4afb-5fd8-4351-bb89-256b1384c32f.extra_data.json,,0.0,62710150,0.0,1301684,1289.7546,62720090,2024-09-02 12:59:55.337,2024-08-19 04:44:04.718,79.65999,R5wtjjS0Fd,com.sec.android.app.shealth,157b4afb-5fd8-4351-bb89-256b1384c32f,1724025600000,
,,7accf08a-5bdb-4223-b6ce-fe987c0015b9.extra_data.json,,157.42,62710150,0.0,4524721,1240.906,62720090,2024-09-02 12:59:52.579,2024-08-13 03:49:16.550,292.47998,R5wtjjS0Fd,com.sec.android.app.shealth,7accf08a-5bdb-4223-b6ce-fe987c0015b9,1723507200000,
,,63b30a6c-07e0-4781-b64c-324efe3d128a.extra_data.json,,0.0,62710150,0.0,3265879,1259.9851,62720090,2024-09-02 12:59:52.255,2024-08-12 03:00:02.350,196.03003,R5wtjjS0Fd,com.sec.android.app.shealth,63b30a6c-07e0-4781-b64c-324efe3d128a,1723420800000,
,,d7dad49c-29ca-4258-aa9d-f70c0a196cec.extra_data.json,,0.0,62701610,0.0,1116198,1292.5658,62720090,2024-09-02 12:59:49.314,2024-08-07 03:00:00.937,71.31,R5wtjjS0Fd,com.sec.android.app.shealth,d7dad49c-29ca-4258-aa9d-f70c0a196cec,1722988800000,
,,a79e492b-57aa-4f2f-b9f3-2375e00d0f1f.extra_data.json,,0.0,62710150,0.0,970882,1294.7682,62720090,2024-09-02 12:59:55.646,2024-08-20 03:26:21.461,62.13,R5wtjjS0Fd,com.sec.android.app.shealth,a79e492b-57aa-4f2f-b9f3-2375e00d0f1f,1724112000000,
,,3580656d-0a6f-4c07-945e-9dcab8840db7.extra_data.json,,0.0,62710150,0.0,1002898,1294.283,62720090,2024-09-02 12:59:57.259,2024-08-29 03:00:00.891,61.010006,R5wtjjS0Fd,com.sec.android.app.shealth,3580656d-0a6f-4c07-945e-9dcab8840db7,1724889600000,
,,e2c1d0d8-ea9d-49c5-b13a-e9cef548ff7a.extra_data.json,,0.0,62710150,0.0,16008,1309.2404,62720090,2024-09-02 12:59:51.541,2024-08-11 03:00:01.495,0.9,R5wtjjS0Fd,com.sec.android.app.shealth,e2c1d0d8-ea9d-49c5-b13a-e9cef548ff7a,1723334400000,
,,329e5c1e-dd81-481b-afc4-0ab50f18ca51.extra_data.json,,0.0,62701610,0.0,621614,1305.6978,62710150,2024-08-09 16:09:15.454,2024-08-04 03:00:03.286,39.760002,R5wtjjS0Fd,com.sec.android.app.shealth,329e5c1e-dd81-481b-afc4-0ab50f18ca51,1722729600000,
,,1edb68c7-740a-42c1-8e30-18b7a6dc175a.extra_data.json,,53.31,62710150,0.0,2875417,1265.903,62720090,2024-09-02 12:59:53.668,2024-08-15 03:00:00.725,166.55,R5wtjjS0Fd,com.sec.android.app.shealth,1edb68c7-740a-42c1-8e30-18b7a6dc175a,1723680000000,
,,23a58f94-91b3-4c5f-a0e0-b7e5f3ad9c01.extra_data.json,,0.0,62710150,0.0,2066006,1278.1704,62720090,2024-09-02 12:59:55.696,2024-08-21 03:00:02.346,124.979996,R5wtjjS0Fd,com.sec.android.app.shealth,23a58f94-91b3-4c5f-a0e0-b7e5f3ad9c01,1724198400000,
,,9a372e3f-dbc4-45ba-9f70-560eff40d5ee.extra_data.json,,0.0,62710150,0.0,1773193,1282.6084,62720090,2024-09-02 12:59:53.074,2024-08-14 03:33:12.123,106.27001,R5wtjjS0Fd,com.sec.android.app.shealth,9a372e3f-dbc4-45ba-9f70-560eff40d5ee,1723593600000,
,,d16df324-0cfc-44b5-b5f5-943617cd1044.extra_data.json,,0.0,62720090,0.0,938865,1295.2534,62720090,2024-09-05 12:15:08.598,2024-09-04 04:00:35.223,59.67,R5wtjjS0Fd,com.sec.android.app.shealth,d16df324-0cfc-44b5-b5f5-943617cd1044,1725408000000,
,,c3ec5120-1692-437c-86b9-c0396fa17643.extra_data.json,,0.0,62710150,0.0,1015541,1294.0913,62720090,2024-09-02 12:59:56.227,2024-08-23 03:56:30.238,65.009995,R5wtjjS0Fd,com.sec.android.app.shealth,c3ec5120-1692-437c-86b9-c0396fa17643,1724371200000,
,,6726d831-c977-445c-8592-71a5a3679291.extra_data.json,,0.0,62710150,0.0,86043,1308.179,62720090,2024-09-02 12:59:53.944,2024-08-16 03:11:25.285,5.01,R5wtjjS0Fd,com.sec.android.app.shealth,6726d831-c977-445c-8592-71a5a3679291,1723766400000,
,,b34be680-1b55-4006-a107-b9603e7c7330.extra_data.json,,0.0,62710150,0.0,942898,1295.1924,62720090,2024-09-02 12:59:57.383,2024-08-30 03:11:46.537,57.2,R5wtjjS0Fd,com.sec.android.app.shealth,b34be680-1b55-4006-a107-b9603e7c7330,1724976000000,
,,3a3a2178-50c2-48e6-a84d-0164e353a7bb.extra_data.json,,0.0,62701610,0.0,1040280,1293.7164,62720090,2024-09-02 12:59:49.900,2024-08-09 03:00:00.905,64.130005,R5wtjjS0Fd,com.sec.android.app.shealth,3a3a2178-50c2-48e6-a84d-0164e353a7bb,1723161600000,
,,e88e6531-aebd-480c-b12d-31d1ac9b99fd.extra_data.json,,0.0,62710150,0.0,534267,1301.3856,62720090,2024-09-02 12:59:55.914,2024-08-22 03:00:01.036,30.269999,R5wtjjS0Fd,com.sec.android.app.shealth,e88e6531-aebd-480c-b12d-31d1ac9b99fd,1724284800000,
,,fa00bfed-4232-451a-8b6b-47c7b69ae513.extra_data.json,,0.0,62710150,0.0,1482651,1287.0118,62720090,2024-09-02 12:59:56.968,2024-08-27 03:00:00.997,84.86,R5wtjjS0Fd,com.sec.android.app.shealth,fa00bfed-4232-451a-8b6b-47c7b69ae513,1724716800000,
,,e35a5722-b2e9-4289-9aee-20f9038d7c4c.extra_data.json,,0.0,62710150,0.0,21344,1309.1594,62720090,2024-09-02 12:59:56.738,2024-08-25 03:25:24.725,1.1800001,R5wtjjS0Fd,com.sec.android.app.shealth,e35a5722-b2e9-4289-9aee-20f9038d7c4c,1724544000000,
,,b64d03b2-d046-4b5c-bfe6-073f57dfce49.extra_data.json,,83.71,62710150,0.0,5138124,1231.6093,62720090,2024-09-02 12:59:54.360,2024-08-17 04:45:25.658,310.35446,R5wtjjS0Fd,com.sec.android.app.shealth,b64d03b2-d046-4b5c-bfe6-073f57dfce49,1723852800000,
,,fd84943c-b70e-44ec-b681-bdf8002c6fe5.extra_data.json,,0.0,62720090,0.0,59363,1308.5833,62720090,2024-09-15 12:00:48.736,2024-09-14 03:48:26.337,3.2900002,R5wtjjS0Fd,com.sec.android.app.shealth,fd84943c-b70e-44ec-b681-bdf8002c6fe5,1726272000000,
,,12e511d3-e260-4b0c-8c70-c9ef0ba8a641.extra_data.json,,0.0,62710150,0.0,2142711,1277.0079,62720090,2024-09-02 12:59:57.068,2024-08-28 03:46:37.828,125.42,R5wtjjS0Fd,com.sec.android.app.shealth,12e511d3-e260-4b0c-8c70-c9ef0ba8a641,1724803200000,
,,f2264b2d-eb64-4d0b-9d32-f6fa7a5c1243.extra_data.json,,142.59,62720090,0.0,3683329,1253.6582,62720090,2024-09-07 14:07:12.820,2024-09-06 03:15:36.710,234.07266,R5wtjjS0Fd,com.sec.android.app.shealth,f2264b2d-eb64-4d0b-9d32-f6fa7a5c1243,1725580800000,
,,a6161585-7a22-4ef0-8b21-47d2006d262a.extra_data.json,,0.0,62701610,0.0,73370,1308.371,62720090,2024-09-02 12:59:49.509,2024-08-08 04:41:18.595,4.11,R5wtjjS0Fd,com.sec.android.app.shealth,a6161585-7a22-4ef0-8b21-47d2006d262a,1723075200000,
,,8971c0fb-42cb-4d6c-a3df-a04339dbb387.extra_data.json,,0.0,62720090,0.0,1002231,1294.2931,62720090,2024-09-09 13:15:17.020,2024-09-08 03:00:00.993,61.42,R5wtjjS0Fd,com.sec.android.app.shealth,8971c0fb-42cb-4d6c-a3df-a04339dbb387,1725753600000,
,,f2e503f6-bfc4-4bad-bbcc-88ecf79110b4.extra_data.json,,0.0,62710150,0.0,842301,1296.7169,62720090,2024-09-02 12:59:57.740,2024-08-31 03:00:00.744,48.670002,R5wtjjS0Fd,com.sec.android.app.shealth,f2e503f6-bfc4-4bad-bbcc-88ecf79110b4,1725062400000,
,,cd960612-5a56-45ff-9eab-f31a2f1317bc.extra_data.json,,0.0,62720090,0.0,1484382,1286.9856,62720090,2024-09-21 04:05:17.966,2024-09-20 03:04:03.461,91.27002,R5wtjjS0Fd,com.sec.android.app.shealth,cd960612-5a56-45ff-9eab-f31a2f1317bc,1726790400000,
,,2a5bc8e7-c43c-4f3b-b6e7-a156978a440c.extra_data.json,,0.0,62720090,0.0,988224,1294.5054,62720090,2024-09-13 11:42:17.852,2024-09-12 03:00:01.114,63.280003,R5wtjjS0Fd,com.sec.android.app.shealth,2a5bc8e7-c43c-4f3b-b6e7-a156978a440c,1726099200000,
,,ce9aa6e5-0284-4e65-bc40-d8eca257baf0.extra_data.json,,0.0,62710150,0.0,1060230,1293.4141,62720090,2024-09-03 09:46:06.024,2024-09-02 03:09:07.470,65.84999,R5wtjjS0Fd,com.sec.android.app.shealth,ce9aa6e5-0284-4e65-bc40-d8eca257baf0,1725235200000,
,,f104d1b2-90c7-4814-a6d7-0a9c26788f69.extra_data.json,,0.0,62720090,0.0,46023,1308.7854,62720090,2024-09-08 03:15:03.566,2024-09-07 03:00:00.799,2.59,R5wtjjS0Fd,com.sec.android.app.shealth,f104d1b2-90c7-4814-a6d7-0a9c26788f69,1725667200000,
,,fbfef54e-21b4-4cd5-b690-95087d07f7e6.extra_data.json,,0.0,62720090,0.0,1731202,1283.2448,62720090,2024-09-17 12:50:27.171,2024-09-16 03:00:01.842,99.44,R5wtjjS0Fd,com.sec.android.app.shealth,fbfef54e-21b4-4cd5-b690-95087d07f7e6,1726444800000,
,,461717ef-1120-4312-996a-23c11fa25e02.extra_data.json,,0.0,62710150,0.0,1714737,1283.4943,62720090,2024-09-02 13:00:06.124,2024-09-01 03:00:02.491,99.379974,R5wtjjS0Fd,com.sec.android.app.shealth,461717ef-1120-4312-996a-23c11fa25e02,1725148800000,
,,fcea235e-086c-40a7-bd15-deb475c80c9b.extra_data.json,,0.0,62720090,0.0,2026503,1278.7692,62720090,2024-09-14 10:55:06.544,2024-09-13 03:19:47.018,125.979996,R5wtjjS0Fd,com.sec.android.app.shealth,fcea235e-086c-40a7-bd15-deb475c80c9b,1726185600000,
,,0ed943d9-6cdc-4542-9d64-d52e7a007541.extra_data.json,,0.0,62720090,0.0,1219793,1290.9957,62720090,2024-09-29 09:55:09.912,2024-09-28 03:53:55.819,73.020004,R5wtjjS0Fd,com.sec.android.app.shealth,0ed943d9-6cdc-4542-9d64-d52e7a007541,1727481600000,
,,42bb73f6-8eed-4519-9534-d08cbe153a0e.extra_data.json,,0.0,62720090,0.0,36685,1308.9269,62720090,2024-09-06 11:29:31.136,2024-09-05 03:00:02.352,1.98,R5wtjjS0Fd,com.sec.android.app.shealth,42bb73f6-8eed-4519-9534-d08cbe153a0e,1725494400000,
,,a8268faa-b9d3-47fb-a505-af28d2c6fa13.extra_data.json,,0.0,62710150,0.0,4002,1309.4224,62720090,2024-09-02 12:59:56.320,2024-08-24 06:31:02.194,0.21,R5wtjjS0Fd,com.sec.android.app.shealth,a8268faa-b9d3-47fb-a505-af28d2c6fa13,1724457600000,
,,c05de19f-cfc7-4510-8159-a67226d67ed0.extra_data.json,,0.0,62720090,0.0,1070902,1293.2523,62720090,2024-09-11 10:25:01.083,2024-09-10 03:48:21.275,68.96001,R5wtjjS0Fd,com.sec.android.app.shealth,c05de19f-cfc7-4510-8159-a67226d67ed0,1725926400000,
,,d6706510-7817-49b0-abc0-2c331acb01df.extra_data.json,,0.0,62720090,0.0,215441,1306.2178,62720090,2024-09-24 10:59:12.244,2024-09-23 03:00:00.830,12.24,R5wtjjS0Fd,com.sec.android.app.shealth,d6706510-7817-49b0-abc0-2c331acb01df,1727049600000,
,,3c31d03b-6329-4202-a1d9-7940e3994fe4.extra_data.json,,131.05,62720090,0.0,2802898,1267.0021,62720090,2024-09-10 11:14:14.433,2024-09-09 03:44:28.776,180.75998,R5wtjjS0Fd,com.sec.android.app.shealth,3c31d03b-6329-4202-a1d9-7940e3994fe4,1725840000000,
,,4aa06404-9b37-491e-b000-82437b98f08c.extra_data.json,,0.0,62720090,0.0,907577,1295.7277,62720090,2024-09-23 14:14:40.069,2024-09-22 03:00:01.672,54.319996,R5wtjjS0Fd,com.sec.android.app.shealth,4aa06404-9b37-491e-b000-82437b98f08c,1726963200000,
,,db9cd96c-886f-46c2-99e7-9b09bd2101ca.extra_data.json,,0.0,62720090,0.0,0,1309.4829,62720090,2024-09-22 07:55:03.606,2024-09-21 04:05:16.455,0.0,R5wtjjS0Fd,com.sec.android.app.shealth,db9cd96c-886f-46c2-99e7-9b09bd2101ca,1726876800000,
,,6aaf8c52-4395-4e67-ad77-7fe6452e0c5f.extra_data.json,,0.0,62720090,0.0,2739599,1267.9614,62720090,2024-09-30 19:51:16.511,2024-09-29 03:00:00.878,172.79999,R5wtjjS0Fd,com.sec.android.app.shealth,6aaf8c52-4395-4e67-ad77-7fe6452e0c5f,1727568000000,
,,8cc552aa-abb9-41bb-9909-d69d463e7cb0.extra_data.json,,0.0,62720090,0.0,952146,1295.0522,62720090,2024-09-25 13:15:04.111,2024-09-24 03:30:29.307,61.819996,R5wtjjS0Fd,com.sec.android.app.shealth,8cc552aa-abb9-41bb-9909-d69d463e7cb0,1727136000000,
,,28f0423f-d668-4596-9388-253ca21c035c.extra_data.json,,0.0,62720090,0.0,30015,1309.0281,62720090,2024-10-01 08:53:12.492,2024-09-30 03:00:02.526,1.75,R5wtjjS0Fd,com.sec.android.app.shealth,28f0423f-d668-4596-9388-253ca21c035c,1727654400000,
,,c6f444fc-1208-4a80-b41f-535496bc90f3.extra_data.json,,0.0,62720090,0.0,1127627,1292.3926,62720090,2024-10-02 12:09:31.834,2024-10-01 03:19:12.673,71.26,R5wtjjS0Fd,com.sec.android.app.shealth,c6f444fc-1208-4a80-b41f-535496bc90f3,1727740800000,
,,0c887599-2896-4696-87fd-485137ae8e23.extra_data.json,,0.0,62720090,0.0,1009538,1294.1824,62810050,2024-10-30 01:53:18.923,2024-10-14 03:08:47.608,61.240005,R5wtjjS0Fd,com.sec.android.app.shealth,0c887599-2896-4696-87fd-485137ae8e23,1728864000000,
,,eee6c8b7-a201-43ca-8a30-7e12253791da.extra_data.json,,0.0,62720090,0.0,52026,1308.6945,62720090,2024-09-16 11:08:06.157,2024-09-15 03:00:00.991,3.41,R5wtjjS0Fd,com.sec.android.app.shealth,eee6c8b7-a201-43ca-8a30-7e12253791da,1726358400000,
,,7ef18faa-84db-4179-ae76-327b386c54c7.extra_data.json,,47.0,62720090,0.0,3520133,1256.1316,62810050,2024-10-30 01:53:18.634,2024-10-06 03:00:01.516,220.97997,R5wtjjS0Fd,com.sec.android.app.shealth,7ef18faa-84db-4179-ae76-327b386c54c7,1728172800000,
,,8cc33869-341f-4645-bd03-41bdecb67f39.extra_data.json,,0.0,62720090,0.0,1058289,1293.4435,62810050,2024-10-30 01:53:18.654,2024-10-07 03:50:41.511,66.17,R5wtjjS0Fd,com.sec.android.app.shealth,8cc33869-341f-4645-bd03-41bdecb67f39,1728259200000,
,,259602bc-0eb7-4c27-9a91-269f0eb271bd.extra_data.json,,0.0,62720090,0.0,938836,1295.2539,62810050,2024-10-30 01:53:18.507,2024-10-02 03:00:01.079,60.399986,R5wtjjS0Fd,com.sec.android.app.shealth,259602bc-0eb7-4c27-9a91-269f0eb271bd,1727827200000,
,,973ac325-29e1-4199-9e5c-23b5b8c17766.extra_data.json,,0.0,62710150,0.0,90045,1308.1182,62720090,2024-09-02 12:59:54.529,2024-08-18 03:00:01.026,5.09,R5wtjjS0Fd,com.sec.android.app.shealth,973ac325-29e1-4199-9e5c-23b5b8c17766,1723939200000,
,,7c5a316b-6fd7-444b-bdd8-5762b0d59e6e.extra_data.json,,0.0,62720090,0.0,996925,1294.3734,62720090,2024-09-19 10:36:14.483,2024-09-18 03:23:58.307,61.87999,R5wtjjS0Fd,com.sec.android.app.shealth,7c5a316b-6fd7-444b-bdd8-5762b0d59e6e,1726617600000,
,,dff901a0-75c2-40ce-b67b-a80041eac018.extra_data.json,,0.0,62720090,0.0,1285676,1289.9971,62720090,2024-09-18 12:02:59.118,2024-09-17 03:00:01.330,78.84999,R5wtjjS0Fd,com.sec.android.app.shealth,dff901a0-75c2-40ce-b67b-a80041eac018,1726531200000,
,,ceadeaff-87dc-4dbd-8452-be1945dbce2e.extra_data.json,,0.0,62720090,0.0,2858529,1266.1589,62820030,2024-11-15 23:39:24.513,2024-10-22 04:28:30.248,180.39,R5wtjjS0Fd,com.sec.android.app.shealth,ceadeaff-87dc-4dbd-8452-be1945dbce2e,1729555200000,
,,89571fc0-abb0-4375-921e-57a63c4a4ff7.extra_data.json,,0.0,62720090,0.0,1024272,1293.959,62810050,2024-10-30 01:53:18.964,2024-10-15 03:00:01.030,62.719997,R5wtjjS0Fd,com.sec.android.app.shealth,89571fc0-abb0-4375-921e-57a63c4a4ff7,1728950400000,
,,6285462e-b745-4355-bd38-bec3fdcf2e06.extra_data.json,,0.0,62720090,0.0,94714,1308.0475,62720090,2024-09-27 12:40:53.103,2024-09-26 03:00:01.365,5.39,R5wtjjS0Fd,com.sec.android.app.shealth,6285462e-b745-4355-bd38-bec3fdcf2e06,1727308800000,
,,faaafa66-402a-45fd-875c-3fa1a44cd323.extra_data.json,,0.0,62720090,0.0,1202998,1291.2502,62810050,2024-10-30 01:53:18.693,2024-10-08 03:00:01.963,73.350006,R5wtjjS0Fd,com.sec.android.app.shealth,faaafa66-402a-45fd-875c-3fa1a44cd323,1728345600000,
,,1a5fbf6b-cd4f-4a98-818c-2206d16b728a.extra_data.json,,0.0,62710150,0.0,970822,1294.769,62720090,2024-09-02 12:59:56.894,2024-08-26 04:54:35.657,59.59,R5wtjjS0Fd,com.sec.android.app.shealth,1a5fbf6b-cd4f-4a98-818c-2206d16b728a,1724630400000,
,,04564ad6-e7b0-43a5-80a4-253f108b5364.extra_data.json,,0.0,62720090,0.0,1405039,1288.1881,62810050,2024-10-30 01:53:18.574,2024-10-04 03:00:00.696,86.38001,R5wtjjS0Fd,com.sec.android.app.shealth,04564ad6-e7b0-43a5-80a4-253f108b5364,1728000000000,
,,a94aedc3-b9de-4fbb-bdae-d52b0254471a.extra_data.json,,0.0,62720090,0.0,1018149,1294.0518,62810050,2024-10-30 01:53:18.544,2024-10-03 03:41:25.851,64.84,R5wtjjS0Fd,com.sec.android.app.shealth,a94aedc3-b9de-4fbb-bdae-d52b0254471a,1727913600000,
,,d405a614-4b44-4d6a-8b3b-b63b1a3f21e5.extra_data.json,,0.0,62720090,0.0,1115591,1292.575,62810050,2024-10-30 01:53:19.106,2024-10-18 03:00:01.837,71.520004,R5wtjjS0Fd,com.sec.android.app.shealth,d405a614-4b44-4d6a-8b3b-b63b1a3f21e5,1729209600000,
,,d0ffadd7-b7b0-4df4-b3ca-1bf87d2acb7b.extra_data.json,,0.0,62720090,0.0,1200997,1291.2805,62810050,2024-10-30 01:53:18.819,2024-10-10 03:00:02.800,74.44001,R5wtjjS0Fd,com.sec.android.app.shealth,d0ffadd7-b7b0-4df4-b3ca-1bf87d2acb7b,1728518400000,
,,d93d27af-2eea-4200-bf35-390dbb9b0873.extra_data.json,,0.0,62720090,0.0,292146,1305.0552,62820030,2024-11-15 23:39:24.574,2024-10-24 03:00:01.188,17.06,R5wtjjS0Fd,com.sec.android.app.shealth,d93d27af-2eea-4200-bf35-390dbb9b0873,1729728000000,
,,175cc394-5359-4ea9-9e19-05a191dc3bdc.extra_data.json,,0.0,62720090,0.0,1825339,1281.818,62810050,2024-10-30 01:53:18.759,2024-10-09 03:00:00.748,106.270004,R5wtjjS0Fd,com.sec.android.app.shealth,175cc394-5359-4ea9-9e19-05a191dc3bdc,1728432000000,
,,a2926104-565c-4188-90c3-4570770dbeff.extra_data.json,,0.0,62810050,0.0,1064352,1293.3516,62820030,2024-11-15 23:39:24.736,2024-10-30 03:19:30.094,63.93,R5wtjjS0Fd,com.sec.android.app.shealth,a2926104-565c-4188-90c3-4570770dbeff,1730246400000,
,,4973e764-42a7-4bed-b76f-b2a313320afc.extra_data.json,,0.0,62720090,0.0,3213523,1260.7787,62810050,2024-10-30 01:53:19.009,2024-10-16 03:15:03.123,196.95,R5wtjjS0Fd,com.sec.android.app.shealth,4973e764-42a7-4bed-b76f-b2a313320afc,1729036800000,
,,889682ba-4571-4841-9330-f2299c6ab18f.extra_data.json,,69.0,62720090,0.0,3395044,1258.0276,62820030,2024-11-15 23:39:24.547,2024-10-23 03:21:40.647,214.57715,R5wtjjS0Fd,com.sec.android.app.shealth,889682ba-4571-4841-9330-f2299c6ab18f,1729641600000,
,,b19d8b0d-15f5-47d4-8079-99e0986212b9.extra_data.json,,0.0,62720090,0.0,2984135,1264.2552,62720090,2024-09-04 11:55:03.411,2024-09-03 03:00:01.451,177.39001,R5wtjjS0Fd,com.sec.android.app.shealth,b19d8b0d-15f5-47d4-8079-99e0986212b9,1725321600000,
,,94df4a99-1216-4aae-a72d-ae6288410929.extra_data.json,,89.0,62720090,0.0,3815801,1251.6505,62810050,2024-10-30 01:53:18.867,2024-10-12 03:03:32.807,220.03,R5wtjjS0Fd,com.sec.android.app.shealth,94df4a99-1216-4aae-a72d-ae6288410929,1728691200000,
,,7a48af93-0762-4975-b239-38f44f72abc8.extra_data.json,,0.0,62720090,0.0,1918839,1280.4009,62820030,2024-11-15 23:39:24.630,2024-10-26 03:51:30.573,113.23003,R5wtjjS0Fd,com.sec.android.app.shealth,7a48af93-0762-4975-b239-38f44f72abc8,1729900800000,
,,aabfc055-0e80-47e7-adad-1649e8436235.extra_data.json,,0.0,62720090,0.0,920160,1295.537,62720090,2024-09-26 13:40:15.941,2024-09-25 03:00:01.118,57.999996,R5wtjjS0Fd,com.sec.android.app.shealth,aabfc055-0e80-47e7-adad-1649e8436235,1727222400000,
,,b71b33c1-acb6-4240-85b9-22a637035b34.extra_data.json,,158.0,62720090,0.0,5848165,1220.8478,62810050,2024-10-30 01:53:19.047,2024-10-17 03:00:01.063,357.93967,R5wtjjS0Fd,com.sec.android.app.shealth,b71b33c1-acb6-4240-85b9-22a637035b34,1729123200000,
,,add3d76b-b946-4bb4-82c0-a1bd00a3de65.extra_data.json,,0.0,62720090,0.0,536845,1301.3464,62820030,2024-11-15 23:39:24.425,2024-10-19 04:39:03.653,30.11,R5wtjjS0Fd,com.sec.android.app.shealth,add3d76b-b946-4bb4-82c0-a1bd00a3de65,1729296000000,
,,0c277578-aadc-4655-8f8b-861f4732be77.extra_data.json,,0.0,62720090,0.0,2075464,1278.0271,62820030,2024-11-15 23:39:24.457,2024-10-20 03:33:44.856,122.33001,R5wtjjS0Fd,com.sec.android.app.shealth,0c277578-aadc-4655-8f8b-861f4732be77,1729382400000,
,,e9185270-b6fa-439d-b5f1-ad478d1dd4b5.extra_data.json,,0.0,62720090,0.0,1035551,1293.7881,62820030,2024-11-15 23:39:24.677,2024-10-28 03:00:00.987,65.37001,R5wtjjS0Fd,com.sec.android.app.shealth,e9185270-b6fa-439d-b5f1-ad478d1dd4b5,1730073600000,
,,0d478013-4284-4519-8a60-0e48468ae4f1.extra_data.json,,0.0,62720090,0.0,2375314,1273.4825,62810050,2024-10-30 01:53:18.846,2024-10-11 03:15:25.929,135.40001,R5wtjjS0Fd,com.sec.android.app.shealth,0d478013-4284-4519-8a60-0e48468ae4f1,1728604800000,
,,dc088219-6ce7-4b96-aba6-2323f99d1114.extra_data.json,,0.0,62720090,0.0,498916,1301.9214,62820030,2024-11-15 23:39:24.603,2024-10-25 04:51:14.405,28.880001,R5wtjjS0Fd,com.sec.android.app.shealth,dc088219-6ce7-4b96-aba6-2323f99d1114,1729814400000,
,,ce45199a-ab5d-46c6-aa94-5f105a935308.extra_data.json,,0.0,62720090,0.0,3044195,1263.345,62720090,2024-09-12 10:30:26.370,2024-09-11 03:00:02.604,190.90997,R5wtjjS0Fd,com.sec.android.app.shealth,ce45199a-ab5d-46c6-aa94-5f105a935308,1726012800000,
,,d0575536-a650-41c1-871d-e847072ce564.extra_data.json,,174.0,62810050,0.0,5496808,1226.173,62820030,2024-11-15 23:39:24.785,2024-10-31 04:34:13.517,352.739,R5wtjjS0Fd,com.sec.android.app.shealth,d0575536-a650-41c1-871d-e847072ce564,1730332800000,
,,9b860775-0981-4a9c-94ef-2f92b42078dd.extra_data.json,,190.79999,62720090,0.0,6655263,1208.6154,62720090,2024-09-20 13:08:49.626,2024-09-19 04:25:44.232,404.06494,R5wtjjS0Fd,com.sec.android.app.shealth,9b860775-0981-4a9c-94ef-2f92b42078dd,1726704000000,
,,23f5fb2a-67ec-41a9-8781-116e2c986915.extra_data.json,,0.0,62720090,0.0,1669778,1284.1758,62810050,2024-10-30 01:53:18.897,2024-10-13 03:19:50.537,106.020004,R5wtjjS0Fd,com.sec.android.app.shealth,23f5fb2a-67ec-41a9-8781-116e2c986915,1728777600000,
,,f1e617a8-de77-4d95-94a1-97c51fceab18.extra_data.json,,0.0,62720090,0.0,942837,1295.1932,62720090,2024-09-28 15:32:11.284,2024-09-27 03:27:59.009,61.149998,R5wtjjS0Fd,com.sec.android.app.shealth,f1e617a8-de77-4d95-94a1-97c51fceab18,1727395200000,
,,7f2a1f84-4e4b-49da-8b30-1558a1698de8.extra_data.json,,0.0,62720090,0.0,4026139,1248.4626,62820030,2024-11-15 23:39:24.653,2024-10-27 03:44:50.347,240.92996,R5wtjjS0Fd,com.sec.android.app.shealth,7f2a1f84-4e4b-49da-8b30-1558a1698de8,1729987200000,
,,b5884bf0-e4be-4fb1-be49-00b6290763ac.extra_data.json,,190.0,62720090,0.0,5364462,1228.1788,62810050,2024-10-30 01:53:18.599,2024-10-05 04:47:29.268,317.705,R5wtjjS0Fd,com.sec.android.app.shealth,b5884bf0-e4be-4fb1-be49-00b6290763ac,1728086400000,
,,77d80a34-0505-4ce2-9b61-2029c1e4db5b.extra_data.json,,0.0,62720090,0.0,1569788,1285.691,62820030,2024-11-15 23:39:24.704,2024-10-29 03:25:16.676,95.51002,R5wtjjS0Fd,com.sec.android.app.shealth,77d80a34-0505-4ce2-9b61-2029c1e4db5b,1730160000000,
,,a17b04a5-5bc6-45bb-9f02-9a37389fe08c.extra_data.json,,92.0,62720090,0.0,4341443,1243.6838,62820030,2024-11-15 23:39:24.487,2024-10-21 03:22:22.082,279.8727,R5wtjjS0Fd,com.sec.android.app.shealth,a17b04a5-5bc6-45bb-9f02-9a37389fe08c,1729468800000,
,,b8eab94c-b0a5-4d60-b32c-922d2fb76625.extra_data.json,,0.0,62810050,0.0,1034217,1293.8083,62820030,2024-11-15 23:39:24.813,2024-11-01 03:20:55.245,67.329994,R5wtjjS0Fd,com.sec.android.app.shealth,b8eab94c-b0a5-4d60-b32c-922d2fb76625,1730419200000,
,,70311c40-847d-46c3-868e-39e614439b2b.extra_data.json,,0.0,62810050,0.0,86043,1308.179,62820030,2024-11-15 23:39:24.833,2024-11-02 03:00:02.364,4.9100003,R5wtjjS0Fd,com.sec.android.app.shealth,70311c40-847d-46c3-868e-39e614439b2b,1730505600000,
,,f4e478e0-2bc1-4d39-bd13-a27849a8b073.extra_data.json,,0.0,62810050,0.0,48691,1308.745,62820030,2024-11-15 23:39:24.870,2024-11-03 03:00:03.416,3.05,R5wtjjS0Fd,com.sec.android.app.shealth,f4e478e0-2bc1-4d39-bd13-a27849a8b073,1730592000000,
,,43154bdf-f1ae-44a5-bfdf-d5feb837425a.extra_data.json,,64.0,62810050,0.0,5054150,1232.882,62820030,2024-11-15 23:39:24.899,2024-11-04 03:20:47.685,314.5,R5wtjjS0Fd,com.sec.android.app.shealth,43154bdf-f1ae-44a5-bfdf-d5feb837425a,1730678400000,
,,6a051aed-a7fe-43aa-bfa5-bc76df65faa3.extra_data.json,,0.0,62810050,0.0,85376,1308.189,62820030,2024-11-15 23:39:25.034,2024-11-13 04:59:55.371,4.74,R5wtjjS0Fd,com.sec.android.app.shealth,6a051aed-a7fe-43aa-bfa5-bc76df65faa3,1731456000000,
,,0ecf9196-2255-4dcb-934f-247ff1968c00.extra_data.json,,0.0,62810050,0.0,2098749,1277.6742,62820030,2024-11-15 23:39:24.915,2024-11-05 03:00:02.496,122.950035,R5wtjjS0Fd,com.sec.android.app.shealth,0ecf9196-2255-4dcb-934f-247ff1968c00,1730764800000,
,,aa6bcdc6-0e3e-4180-94f6-99a82e18ff49.extra_data.json,,156.0,62810050,0.0,5179629,1230.9802,62820030,2024-11-15 23:47:54.371,2024-11-14 03:30:58.120,313.053,R5wtjjS0Fd,com.sec.android.app.shealth,aa6bcdc6-0e3e-4180-94f6-99a82e18ff49,1731542400000,
,,0823d9a7-32f1-4b91-aa2b-a238d3d3f02f.extra_data.json,,83.0,62810050,0.0,4868812,1235.6909,62820030,2024-11-15 23:39:24.938,2024-11-06 03:00:01.530,310.2695,R5wtjjS0Fd,com.sec.android.app.shealth,0823d9a7-32f1-4b91-aa2b-a238d3d3f02f,1730851200000,
,,6f531105-eaa8-4199-8473-d114fd057b81.extra_data.json,,0.0,62810050,0.0,990922,1294.4645,62820030,2024-11-15 23:39:24.942,2024-11-07 03:00:01.122,60.88,R5wtjjS0Fd,com.sec.android.app.shealth,6f531105-eaa8-4199-8473-d114fd057b81,1730937600000,
,,37ecb731-c122-4651-ba1b-11b2ae097302.extra_data.json,,0.0,62810050,0.0,716965,1298.6166,62820030,2024-11-15 23:39:24.978,2024-11-09 04:39:18.697,41.300003,R5wtjjS0Fd,com.sec.android.app.shealth,37ecb731-c122-4651-ba1b-11b2ae097302,1731110400000,
,,73535142-de15-41b9-a817-8762c24bd7a3.extra_data.json,,0.0,62810050,0.0,1079543,1293.1213,62820030,2024-11-15 23:39:24.958,2024-11-08 03:00:00.785,68.26,R5wtjjS0Fd,com.sec.android.app.shealth,73535142-de15-41b9-a817-8762c24bd7a3,1731024000000,
,,be5651d5-a2ff-4f8e-8e9f-26ffcdf102b8.extra_data.json,,0.0,62820030,0.0,364182,1303.9634,62850050,2024-12-12 22:44:36.699,2024-11-16 03:00:01.928,21.069998,R5wtjjS0Fd,com.sec.android.app.shealth,be5651d5-a2ff-4f8e-8e9f-26ffcdf102b8,1731715200000,
,,aa638089-14e1-4bec-81e7-cc4e330e7438.extra_data.json,,0.0,62810050,0.0,1647263,1284.517,62820030,2024-11-15 23:39:24.995,2024-11-10 03:13:16.208,107.220024,R5wtjjS0Fd,com.sec.android.app.shealth,aa638089-14e1-4bec-81e7-cc4e330e7438,1731196800000,
,,92c427c3-c429-45ab-8bf0-8f73934c215d.extra_data.json,,0.0,62820030,0.0,5663807,1223.642,62850050,2024-12-12 22:44:36.773,2024-11-22 03:00:01.335,348.04,R5wtjjS0Fd,com.sec.android.app.shealth,92c427c3-c429-45ab-8bf0-8f73934c215d,1732233600000,
,,97f07200-89d0-4037-ad11-f5a36a0bc289.extra_data.json,,0.0,62820030,0.0,143405,1307.3094,62850050,2024-12-12 22:44:36.742,2024-11-20 03:27:02.397,8.11,R5wtjjS0Fd,com.sec.android.app.shealth,97f07200-89d0-4037-ad11-f5a36a0bc289,1732060800000,
,,c705ac26-d503-48e8-8b5d-376f5c58ba3d.extra_data.json,,0.0,62810050,0.0,3329833,1259.0159,62820030,2024-11-15 23:39:25.022,2024-11-12 03:38:47.164,204.07007,R5wtjjS0Fd,com.sec.android.app.shealth,c705ac26-d503-48e8-8b5d-376f5c58ba3d,1731369600000,
,,64aa5b47-ad55-4311-8fc7-e01fc879607c.extra_data.json,,0.0,62820030,0.0,1961687,1279.7515,62850050,2024-12-12 22:44:36.724,2024-11-18 03:00:00.851,119.28,R5wtjjS0Fd,com.sec.android.app.shealth,64aa5b47-ad55-4311-8fc7-e01fc879607c,1731888000000,
,,348a9304-9710-4182-be3d-a9e69d0fd141.extra_data.json,,0.0,62820030,0.0,1226343,1290.8964,62850050,2024-12-12 22:44:36.756,2024-11-21 03:00:00.878,74.479996,R5wtjjS0Fd,com.sec.android.app.shealth,348a9304-9710-4182-be3d-a9e69d0fd141,1732147200000,
,,14ec4458-c514-4bb4-ba8e-ed53c1f4f85a.extra_data.json,,0.0,62810050,0.0,1070355,1293.2606,62820030,2024-11-15 23:39:25.013,2024-11-11 04:58:59.768,65.10999,R5wtjjS0Fd,com.sec.android.app.shealth,14ec4458-c514-4bb4-ba8e-ed53c1f4f85a,1731283200000,
,,7355a2d4-d731-498c-8734-5dd29ebf600e.extra_data.json,,0.0,62820030,0.0,968881,1294.7986,62850050,2024-12-12 22:44:36.852,2024-11-29 03:17:47.190,60.95,R5wtjjS0Fd,com.sec.android.app.shealth,7355a2d4-d731-498c-8734-5dd29ebf600e,1732838400000,
,,651eeace-5401-45f2-97c4-aea794b0078f.extra_data.json,,0.0,62810050,0.0,30015,1309.0281,62850050,2024-12-12 22:44:36.684,2024-11-15 03:14:05.718,1.64,R5wtjjS0Fd,com.sec.android.app.shealth,651eeace-5401-45f2-97c4-aea794b0078f,1731628800000,
,,8ae9350a-40dc-457c-8a2d-8a7396047cfc.extra_data.json,,0.0,62820030,0.0,48691,1308.745,62850050,2024-12-12 22:44:36.787,2024-11-23 03:21:01.763,2.7600002,R5wtjjS0Fd,com.sec.android.app.shealth,8ae9350a-40dc-457c-8a2d-8a7396047cfc,1732320000000,
,,39ca1603-52ce-4562-9ed5-3d2cbc4eb870.extra_data.json,,0.0,62820030,0.0,44689,1308.8057,62850050,2024-12-12 22:44:36.793,2024-11-24 03:00:00.999,2.49,R5wtjjS0Fd,com.sec.android.app.shealth,39ca1603-52ce-4562-9ed5-3d2cbc4eb870,1732406400000,
,,9025c9df-9074-49c8-ad8b-6546f2d36868.extra_data.json,,0.0,62820030,0.0,36685,1308.9269,62850050,2024-12-12 22:44:36.874,2024-12-01 03:23:49.528,2.0900002,R5wtjjS0Fd,com.sec.android.app.shealth,9025c9df-9074-49c8-ad8b-6546f2d36868,1733011200000,
,,495812bf-1230-4837-8d5b-27a5d6acf906.extra_data.json,,0.0,62820030,0.0,1730655,1283.253,62850050,2024-12-12 22:44:36.730,2024-11-19 04:02:06.124,104.04001,R5wtjjS0Fd,com.sec.android.app.shealth,495812bf-1230-4837-8d5b-27a5d6acf906,1731974400000,
,,609a4b02-f148-4305-9062-935aeac839e1.extra_data.json,,0.0,62820030,0.0,986920,1294.5251,62850050,2024-12-12 22:44:36.879,2024-12-02 03:47:29.627,61.230003,R5wtjjS0Fd,com.sec.android.app.shealth,609a4b02-f148-4305-9062-935aeac839e1,1733097600000,
,,a0166e5c-f3e9-4283-af39-b8fe8bcd6fc6.extra_data.json,,0.0,62820030,0.0,12006,1309.3009,62850050,2024-12-12 22:44:36.711,2024-11-17 03:24:57.366,0.66,R5wtjjS0Fd,com.sec.android.app.shealth,a0166e5c-f3e9-4283-af39-b8fe8bcd6fc6,1731801600000,
,,d380bee5-44ed-4acd-ba01-2ba71af9fbff.extra_data.json,,0.0,62820030,0.0,4900830,1235.2057,62850050,2024-12-12 22:44:36.815,2024-11-26 03:00:00.539,311.21005,R5wtjjS0Fd,com.sec.android.app.shealth,d380bee5-44ed-4acd-ba01-2ba71af9fbff,1732579200000,
,,da03434d-b991-43af-8393-b6c953c2e7df.extra_data.json,,0.0,62820030,0.0,990195,1294.4756,62850050,2024-12-12 22:44:36.811,2024-11-25 03:59:36.831,63.410004,R5wtjjS0Fd,com.sec.android.app.shealth,da03434d-b991-43af-8393-b6c953c2e7df,1732492800000,
,,955ad490-b481-41b7-98d3-830b09d69230.extra_data.json,,0.0,62820030,0.0,984222,1294.566,62850050,2024-12-12 22:44:36.956,2024-12-09 03:00:01.463,59.609993,R5wtjjS0Fd,com.sec.android.app.shealth,955ad490-b481-41b7-98d3-830b09d69230,1733702400000,
,,d3ba5b21-7295-462b-a6de-b05b31a5920e.extra_data.json,,0.0,62820030,0.0,76038,1308.3304,62850050,2024-12-12 22:44:36.839,2024-11-28 03:00:00.921,4.12,R5wtjjS0Fd,com.sec.android.app.shealth,d3ba5b21-7295-462b-a6de-b05b31a5920e,1732752000000,
,,70cb3ec8-35da-46f5-980e-32db8a37e654.extra_data.json,,0.0,62820030,0.0,953510,1295.0315,62850050,2024-12-12 22:44:36.923,2024-12-06 03:30:01.789,61.36,R5wtjjS0Fd,com.sec.android.app.shealth,70cb3ec8-35da-46f5-980e-32db8a37e654,1733443200000,
,,c10891ed-0476-4f80-bc4d-092886f829a0.extra_data.json,,0.0,62820030,0.0,3334497,1258.9452,62850050,2024-12-12 22:44:36.962,2024-12-10 03:22:54.837,216.84001,R5wtjjS0Fd,com.sec.android.app.shealth,c10891ed-0476-4f80-bc4d-092886f829a0,1733788800000,
,,d80ca8fb-ad67-414d-b03b-c24445e3060f.extra_data.json,,0.0,62820030,0.0,1094277,1292.898,62850050,2024-12-12 22:44:36.831,2024-11-27 04:42:38.687,66.62,R5wtjjS0Fd,com.sec.android.app.shealth,d80ca8fb-ad67-414d-b03b-c24445e3060f,1732665600000,
,,bfdd5d43-72ee-4992-b018-6d9c4de61198.extra_data.json,,0.0,62820030,0.0,719693,1298.5752,62850050,2024-12-12 22:44:36.861,2024-11-30 04:20:13.182,40.670002,R5wtjjS0Fd,com.sec.android.app.shealth,bfdd5d43-72ee-4992-b018-6d9c4de61198,1732924800000,
,,94a45bd7-a7f5-4e10-ae09-b4842ad61732.extra_data.json,,155.0,62820030,0.0,6976871,1203.7411,62850050,2024-12-12 22:44:36.891,2024-12-03 03:00:02.629,425.81995,R5wtjjS0Fd,com.sec.android.app.shealth,94a45bd7-a7f5-4e10-ae09-b4842ad61732,1733184000000,
,,f9aaa9d9-ebbf-4946-b432-e1cc66d52aa3.extra_data.json,,0.0,62820030,0.0,948264,1295.111,62850050,2024-12-12 22:44:36.913,2024-12-05 03:44:52.678,58.24,R5wtjjS0Fd,com.sec.android.app.shealth,f9aaa9d9-ebbf-4946-b432-e1cc66d52aa3,1733356800000,
,,e60b4c63-44c3-4dd7-b0b1-1912c5ab1881.extra_data.json,,0.0,62850050,0.0,2787386,1267.2372,62850050,2024-12-15 10:38:36.282,2024-12-14 04:15:14.200,165.37001,R5wtjjS0Fd,com.sec.android.app.shealth,e60b4c63-44c3-4dd7-b0b1-1912c5ab1881,1734134400000,
,,b18d99cf-62b9-43b9-8f6e-a3261c13b64e.extra_data.json,,0.0,62820030,0.0,1974597,1279.5558,62850050,2024-12-12 22:44:36.900,2024-12-04 04:58:26.668,119.65001,R5wtjjS0Fd,com.sec.android.app.shealth,b18d99cf-62b9-43b9-8f6e-a3261c13b64e,1733270400000,
,,08a55aba-8f9a-4084-acd1-9919f9b8ccf1.extra_data.json,,47.0,62850050,0.0,1722291,1283.3799,62850050,2024-12-21 15:07:40.625,2024-12-20 03:10:37.845,112.33,R5wtjjS0Fd,com.sec.android.app.shealth,08a55aba-8f9a-4084-acd1-9919f9b8ccf1,1734652800000,
,,a958e73e-b129-4794-8d42-1d11bf709d0c.extra_data.json,,165.0,62850050,0.0,4655831,1238.919,62850050,2024-12-19 13:15:04.299,2024-12-18 03:31:14.887,295.57996,R5wtjjS0Fd,com.sec.android.app.shealth,a958e73e-b129-4794-8d42-1d11bf709d0c,1734480000000,
,,545df555-bd32-4dc1-8804-8d1e2fdfb9c5.extra_data.json,,0.0,62850050,0.0,1442391,1287.622,62850050,2024-12-13 11:42:45.466,2024-12-12 03:00:01.034,87.73998,R5wtjjS0Fd,com.sec.android.app.shealth,545df555-bd32-4dc1-8804-8d1e2fdfb9c5,1733961600000,
,,0133cd13-a525-40b9-abd4-d5e86754bed9.extra_data.json,,0.0,62820030,0.0,89378,1308.1283,62850050,2024-12-12 22:44:36.943,2024-12-08 03:00:00.806,5.05,R5wtjjS0Fd,com.sec.android.app.shealth,0133cd13-a525-40b9-abd4-d5e86754bed9,1733616000000,
,,736165ff-467d-4fe4-bb27-aa47bb0aaa70.extra_data.json,,0.0,62850050,0.0,1063565,1293.3634,62850050,2024-12-14 12:13:19.539,2024-12-13 03:00:00.813,67.780014,R5wtjjS0Fd,com.sec.android.app.shealth,736165ff-467d-4fe4-bb27-aa47bb0aaa70,1734048000000,
,,e2f4d4f2-8c20-4b4a-96d5-38f10a86484a.extra_data.json,,0.0,62820030,0.0,554944,1301.0721,62850050,2024-12-12 22:44:36.932,2024-12-07 04:06:29.071,31.230001,R5wtjjS0Fd,com.sec.android.app.shealth,e2f4d4f2-8c20-4b4a-96d5-38f10a86484a,1733529600000,
,,254f3e4b-1c5c-4983-8b83-d1a53d142dbe.extra_data.json,,0.0,62850050,0.0,653540,1299.5779,62850050,2024-12-23 13:35:03.351,2024-12-22 03:00:01.053,43.01,R5wtjjS0Fd,com.sec.android.app.shealth,254f3e4b-1c5c-4983-8b83-d1a53d142dbe,1734825600000,
,,95e1ad11-7198-499f-91ae-080608738df0.extra_data.json,,0.0,62850050,0.0,114057,1307.7543,62850050,2024-12-22 09:36:39.157,2024-12-21 03:03:06.279,7.2099996,R5wtjjS0Fd,com.sec.android.app.shealth,95e1ad11-7198-499f-91ae-080608738df0,1734739200000,
,,eeeae714-f379-4f87-bfd8-b98047765ed2.extra_data.json,,0.0,62850050,0.0,1073763,1293.209,62850050,2024-12-17 11:31:34.713,2024-12-16 04:50:27.617,67.850006,R5wtjjS0Fd,com.sec.android.app.shealth,eeeae714-f379-4f87-bfd8-b98047765ed2,1734307200000,
,,de94575b-7a14-43f3-8564-4673df75c850.extra_data.json,,0.0,62850050,0.0,84709,1308.1991,62850050,2024-12-25 12:55:11.643,2024-12-24 03:00:01.386,4.7200003,R5wtjjS0Fd,com.sec.android.app.shealth,de94575b-7a14-43f3-8564-4673df75c850,1734998400000,
,,d6f74ac4-2be3-4bce-aaa8-684a2f42c668.extra_data.json,,0.0,62850050,0.0,850125,1296.5984,62850050,2024-12-13 01:04:46.725,2024-12-11 03:26:48.525,53.53,R5wtjjS0Fd,com.sec.android.app.shealth,d6f74ac4-2be3-4bce-aaa8-684a2f42c668,1733875200000,
,,86d37c2c-bbbc-4f32-a9da-c45a3670eae2.extra_data.json,,0.0,62850050,0.0,1015084,1294.0983,62850050,2024-12-28 10:55:01.320,2024-12-27 03:00:01.883,58.149998,R5wtjjS0Fd,com.sec.android.app.shealth,86d37c2c-bbbc-4f32-a9da-c45a3670eae2,1735257600000,
,,230f05ab-0725-4430-a354-8ae44d2b1214.extra_data.json,,0.0,62850050,0.0,840907,1296.7382,62850050,2024-12-16 12:02:54.383,2024-12-15 03:22:12.635,52.08,R5wtjjS0Fd,com.sec.android.app.shealth,230f05ab-0725-4430-a354-8ae44d2b1214,1734220800000,
,,f6302e87-cc1f-423c-b00a-0ce479792343.extra_data.json,,0.0,62850050,0.0,1121077,1292.4918,62850050,2024-12-20 14:59:00.449,2024-12-19 03:00:02.252,68.47998,R5wtjjS0Fd,com.sec.android.app.shealth,f6302e87-cc1f-423c-b00a-0ce479792343,1734566400000,
,,7bfa3620-df0e-4efa-a1a4-fe0578e91382.extra_data.json,,0.0,62850050,0.0,0,1309.4829,62850050,2025-01-02 12:55:02.437,2025-01-01 03:55:23.492,0.0,R5wtjjS0Fd,com.sec.android.app.shealth,7bfa3620-df0e-4efa-a1a4-fe0578e91382,1735689600000,
,,be062fc5-de99-408f-8b86-b53425b9427a.extra_data.json,,153.0,62850050,0.0,4128502,1246.9111,62850050,2025-01-01 03:55:25.163,2024-12-31 03:00:00.991,260.19666,R5wtjjS0Fd,com.sec.android.app.shealth,be062fc5-de99-408f-8b86-b53425b9427a,1735603200000,
,,d76267cc-63f2-4b38-aebe-894bab681c11.extra_data.json,,0.0,62850050,0.0,696895,1298.9208,62850050,2024-12-24 12:35:38.796,2024-12-23 03:46:55.683,42.239994,R5wtjjS0Fd,com.sec.android.app.shealth,d76267cc-63f2-4b38-aebe-894bab681c11,1734912000000,
,,20fd7c43-abe9-49f2-b2af-07beb7cc1f77.extra_data.json,,0.0,62850050,0.0,1571272,1285.6687,62850050,2024-12-29 12:54:18.821,2024-12-28 03:50:51.900,92.31,R5wtjjS0Fd,com.sec.android.app.shealth,20fd7c43-abe9-49f2-b2af-07beb7cc1f77,1735344000000,
,,45a72afb-6b54-422f-bd4b-1f77f651c5fc.extra_data.json,,0.0,62850050,0.0,1471739,1287.1772,62850050,2024-12-18 11:55:47.239,2024-12-17 03:06:05.037,91.13001,R5wtjjS0Fd,com.sec.android.app.shealth,45a72afb-6b54-422f-bd4b-1f77f651c5fc,1734393600000,
,,39e5239f-cad3-404d-acf9-32d314552c75.extra_data.json,,0.0,62850050,0.0,29348,1309.0382,62850050,2024-12-26 13:39:53.100,2024-12-25 03:00:00.871,1.57,R5wtjjS0Fd,com.sec.android.app.shealth,39e5239f-cad3-404d-acf9-32d314552c75,1735084800000,
,,ba6e9413-790f-4dba-b874-cb2cfa166b03.extra_data.json,,0.0,62850050,0.0,1388941,1288.432,62850050,2025-01-03 13:13:24.017,2025-01-02 03:04:43.127,87.159996,R5wtjjS0Fd,com.sec.android.app.shealth,ba6e9413-790f-4dba-b874-cb2cfa166b03,1735776000000,
,,947243e3-304f-4322-a751-b2484443d5b0.extra_data.json,,0.0,62850050,0.0,22011,1309.1494,62850050,2024-12-27 13:14:55.921,2024-12-26 03:16:01.961,1.3,R5wtjjS0Fd,com.sec.android.app.shealth,947243e3-304f-4322-a751-b2484443d5b0,1735171200000,
,,16ce234f-032d-4e85-8d98-92582fad7616.extra_data.json,,0.0,62850050,0.0,1047557,1293.6061,62850050,2025-01-08 12:36:58.594,2025-01-07 03:00:01.167,64.42,R5wtjjS0Fd,com.sec.android.app.shealth,16ce234f-032d-4e85-8d98-92582fad7616,1736208000000,
,,e4be1222-5b59-4272-9797-62da30a49cc3.extra_data.json,,0.0,62850050,0.0,1671989,1284.1421,62850050,2025-01-04 10:59:46.656,2025-01-03 04:09:48.923,99.86,R5wtjjS0Fd,com.sec.android.app.shealth,e4be1222-5b59-4272-9797-62da30a49cc3,1735862400000,
,,aef6adf5-5eec-437c-9d92-da9e567044f2.extra_data.json,,0.0,62850050,0.0,2540790,1270.9746,62850050,2025-01-06 11:55:03.199,2025-01-05 03:00:01.267,164.79,R5wtjjS0Fd,com.sec.android.app.shealth,aef6adf5-5eec-437c-9d92-da9e567044f2,1736035200000,
,,4a97befb-cd6a-45ec-a351-44bac49ed2d1.extra_data.json,,0.0,62850050,0.0,152076,1307.178,62850050,2024-12-31 12:32:50.097,2024-12-30 04:40:00.216,8.449999,R5wtjjS0Fd,com.sec.android.app.shealth,4a97befb-cd6a-45ec-a351-44bac49ed2d1,1735516800000,
,,7e3aa12c-3323-40c5-aecc-4d06471a9c63.extra_data.json,,0.0,62850050,0.0,39353,1308.8865,62850050,2024-12-30 08:32:12.243,2024-12-29 03:24:19.297,2.15,R5wtjjS0Fd,com.sec.android.app.shealth,7e3aa12c-3323-40c5-aecc-4d06471a9c63,1735430400000,
,,a4951d5c-f8cb-4e16-bf8e-41a83f03e1d3.extra_data.json,,0.0,62850050,0.0,274804,1305.3181,62850050,2025-01-12 12:26:58.644,2025-01-11 03:00:01.168,15.860001,R5wtjjS0Fd,com.sec.android.app.shealth,a4951d5c-f8cb-4e16-bf8e-41a83f03e1d3,1736553600000,
,,701548ed-8507-4076-9627-65fa6bcb3e5e.extra_data.json,,205.0,62850050,0.0,4256508,1244.9711,62850050,2025-01-10 09:15:03.666,2025-01-09 03:00:00.940,272.65448,R5wtjjS0Fd,com.sec.android.app.shealth,701548ed-8507-4076-9627-65fa6bcb3e5e,1736380800000,
,,59be329e-01c8-4c2d-88c1-7b19a206f7d8.extra_data.json,,234.0,62850050,0.0,5166108,1231.185,62850050,2025-01-07 12:32:36.255,2025-01-06 03:00:00.935,324.89282,R5wtjjS0Fd,com.sec.android.app.shealth,59be329e-01c8-4c2d-88c1-7b19a206f7d8,1736121600000,
,,f8af6853-7bde-45f0-b726-d56db193fa9d.extra_data.json,,0.0,62850050,0.0,1563695,1285.7834,62920010,2025-02-13 13:45:08.416,2025-01-17 03:05:44.009,98.5,R5wtjjS0Fd,com.sec.android.app.shealth,f8af6853-7bde-45f0-b726-d56db193fa9d,1737072000000,
,,1409389f-573b-49b4-9ccb-acb61f79891a.extra_data.json,,0.0,62850050,0.0,989738,1294.4824,62850050,2025-01-11 11:13:00.663,2025-01-10 03:00:00.852,58.320004,R5wtjjS0Fd,com.sec.android.app.shealth,1409389f-573b-49b4-9ccb-acb61f79891a,1736467200000,
,,2ec104e5-9d99-4b75-9b38-196c8821fc4d.extra_data.json,,0.0,62850050,0.0,162081,1307.0265,62850050,2025-01-05 10:55:01.742,2025-01-04 03:00:07.148,9.099998,R5wtjjS0Fd,com.sec.android.app.shealth,2ec104e5-9d99-4b75-9b38-196c8821fc4d,1735948800000,
,,ae18a999-dbbf-47db-8f66-a2715337c117.extra_data.json,,0.0,62850050,0.0,12006,1309.3009,62930070,2025-02-21 15:48:20.779,2025-01-25 03:08:39.702,0.64000005,R5wtjjS0Fd,com.sec.android.app.shealth,ae18a999-dbbf-47db-8f66-a2715337c117,1737763200000,
,,89c910fa-656e-42ff-aece-1ec320e451b0.extra_data.json,,0.0,62850050,0.0,616975,1300.132,62850050,2025-01-09 11:15:09.356,2025-01-08 06:56:35.201,35.660004,R5wtjjS0Fd,com.sec.android.app.shealth,89c910fa-656e-42ff-aece-1ec320e451b0,1736294400000,
,,6789cf66-58af-401b-9c63-e3613ad1fa8c.extra_data.json,,0.0,62850050,0.0,1240987,1290.6746,62920010,2025-02-13 13:45:08.446,2025-01-18 03:44:05.652,76.9,R5wtjjS0Fd,com.sec.android.app.shealth,6789cf66-58af-401b-9c63-e3613ad1fa8c,1737158400000,
,,5195b6d8-0e46-43af-bff6-8a19fc684a35.extra_data.json,,0.0,62850050,0.0,57362,1308.6136,62850050,2025-01-13 11:55:04.555,2025-01-12 03:00:00.869,3.3999999,R5wtjjS0Fd,com.sec.android.app.shealth,5195b6d8-0e46-43af-bff6-8a19fc684a35,1736640000000,
,,f32770e3-7adf-4af0-8bc9-a4db1e4ff1de.extra_data.json,,0.0,62850050,0.0,1001534,1294.3036,62850050,2025-01-17 12:35:02.744,2025-01-16 04:26:14.667,63.04999,R5wtjjS0Fd,com.sec.android.app.shealth,f32770e3-7adf-4af0-8bc9-a4db1e4ff1de,1736985600000,
,,bd0ae02c-9467-4025-a4ca-f281dfa26595.extra_data.json,,80.0,62850050,0.0,2967617,1264.5056,62920010,2025-02-13 13:45:08.495,2025-01-20 03:00:00.812,202.69101,R5wtjjS0Fd,com.sec.android.app.shealth,bd0ae02c-9467-4025-a4ca-f281dfa26595,1737331200000,
,,7ee3cf03-ae4d-4c70-8dbf-8f9cf1b3ebb3.extra_data.json,,0.0,62850050,0.0,500917,1301.891,62920010,2025-02-13 13:45:08.515,2025-01-21 03:00:01.093,28.03,R5wtjjS0Fd,com.sec.android.app.shealth,7ee3cf03-ae4d-4c70-8dbf-8f9cf1b3ebb3,1737417600000,
,,d368b7d4-e248-4d9d-a023-aa6d309ed67c.extra_data.json,,0.0,62850050,0.0,30015,1309.0281,62850050,2025-01-15 10:55:01.730,2025-01-14 03:27:54.661,1.69,R5wtjjS0Fd,com.sec.android.app.shealth,d368b7d4-e248-4d9d-a023-aa6d309ed67c,1736812800000,
,,8b9b19a1-6966-40f9-af63-a30847f3a62d.extra_data.json,,0.0,62850050,0.0,28681,1309.0482,62930070,2025-02-21 15:48:20.881,2025-01-28 03:17:56.571,1.55,R5wtjjS0Fd,com.sec.android.app.shealth,8b9b19a1-6966-40f9-af63-a30847f3a62d,1738022400000,
,,197d949e-9dae-43f3-8d79-2a7d04349bc2.extra_data.json,,0.0,62850050,0.0,2218022,1275.8665,62850050,2025-01-14 10:19:22.886,2025-01-13 03:15:51.740,136.09,R5wtjjS0Fd,com.sec.android.app.shealth,197d949e-9dae-43f3-8d79-2a7d04349bc2,1736726400000,
,,29604b99-86a9-46b9-bd9a-4edfcff31ba5.extra_data.json,,0.0,62850050,0.0,2014530,1278.9507,62930070,2025-02-21 15:48:20.830,2025-01-26 03:12:19.044,127.10998,R5wtjjS0Fd,com.sec.android.app.shealth,29604b99-86a9-46b9-bd9a-4edfcff31ba5,1737849600000,
,,6d47575d-3791-4eb9-ab45-39e825c1aee8.extra_data.json,,0.0,62850050,0.0,96715,1308.0172,62920010,2025-02-13 13:45:08.598,2025-01-24 03:57:00.994,6.329999,R5wtjjS0Fd,com.sec.android.app.shealth,6d47575d-3791-4eb9-ab45-39e825c1aee8,1737676800000,
,,945126f6-8aa9-4555-95e3-d7b943fa49a3.extra_data.json,,0.0,62850050,0.0,2707270,1268.4514,62930070,2025-02-21 15:48:20.944,2025-01-30 03:00:00.754,170.70001,R5wtjjS0Fd,com.sec.android.app.shealth,945126f6-8aa9-4555-95e3-d7b943fa49a3,1738195200000,
,,3b59f57a-3e51-4fcf-ba7f-3fd9e6aa3e25.extra_data.json,,0.0,62850050,0.0,2205499,1276.0563,62850050,2025-01-16 12:17:46.367,2025-01-15 03:00:02.712,134.34998,R5wtjjS0Fd,com.sec.android.app.shealth,3b59f57a-3e51-4fcf-ba7f-3fd9e6aa3e25,1736899200000,
,,b775c4f1-03e3-47b6-baaf-3bfdaaea49da.extra_data.json,,0.0,62850050,0.0,47357,1308.7651,62930070,2025-02-21 15:48:20.992,2025-02-01 03:00:01.989,2.68,R5wtjjS0Fd,com.sec.android.app.shealth,b775c4f1-03e3-47b6-baaf-3bfdaaea49da,1738368000000,
,,3e2107fe-c3c9-4292-a3b3-c1541b4e23ae.extra_data.json,,0.0,62850050,0.0,1739783,1283.1146,62920010,2025-02-13 13:45:08.531,2025-01-22 03:00:01.532,109.84999,R5wtjjS0Fd,com.sec.android.app.shealth,3e2107fe-c3c9-4292-a3b3-c1541b4e23ae,1737504000000,
,,f03822a4-65ba-4b36-b6e5-7b31b3324917.extra_data.json,,0.0,62850050,0.0,54694,1308.6539,62930070,2025-02-21 15:48:20.916,2025-01-29 05:08:07.997,3.5800004,R5wtjjS0Fd,com.sec.android.app.shealth,f03822a4-65ba-4b36-b6e5-7b31b3324917,1738108800000,
,,169e2538-6f12-43b8-9dc7-116f28864040.extra_data.json,,0.0,62850050,0.0,2561285,1270.664,62920010,2025-02-13 13:45:08.562,2025-01-23 03:00:01.217,162.70999,R5wtjjS0Fd,com.sec.android.app.shealth,169e2538-6f12-43b8-9dc7-116f28864040,1737590400000,
,,0c7c8996-d1ef-4a95-95c9-53476d7b5452.extra_data.json,,0.0,62850050,0.0,1429764,1287.8135,62930070,2025-02-21 15:48:21.251,2025-02-05 03:52:40.825,85.160034,R5wtjjS0Fd,com.sec.android.app.shealth,0c7c8996-d1ef-4a95-95c9-53476d7b5452,1738713600000,
,,87b8ffdd-8728-44c2-9cbf-26e5aced7f19.extra_data.json,,0.0,62850050,0.0,986920,1294.5251,62930070,2025-02-21 15:48:21.275,2025-02-06 03:00:01.990,61.159996,R5wtjjS0Fd,com.sec.android.app.shealth,87b8ffdd-8728-44c2-9cbf-26e5aced7f19,1738800000000,
,,fa9b59dc-e6e4-4c34-8a24-39114fe58136.extra_data.json,,0.0,62850050,0.0,1061564,1293.3938,62930070,2025-02-21 15:48:20.970,2025-01-31 03:26:03.248,65.99999,R5wtjjS0Fd,com.sec.android.app.shealth,fa9b59dc-e6e4-4c34-8a24-39114fe58136,1738281600000,
,,c61457bd-6b2d-445e-82d7-6e9ec7b10d2b.extra_data.json,,0.0,62850050,0.0,178756,1306.7738,62920010,2025-02-13 13:45:08.463,2025-01-19 03:00:01.712,10.21,R5wtjjS0Fd,com.sec.android.app.shealth,c61457bd-6b2d-445e-82d7-6e9ec7b10d2b,1737244800000,
,,b013bcf9-78f2-4e92-a0a4-554fefac2470.extra_data.json,,0.0,62850050,0.0,954177,1295.0214,62930070,2025-02-21 15:48:20.856,2025-01-27 03:42:11.697,61.289993,R5wtjjS0Fd,com.sec.android.app.shealth,b013bcf9-78f2-4e92-a0a4-554fefac2470,1737936000000,
,,1bac4acb-2513-4e8d-b208-83c13848e5ad.extra_data.json,,0.0,62850050,0.0,49358,1308.7349,62930070,2025-02-21 15:48:21.304,2025-02-08 03:29:39.716,2.82,R5wtjjS0Fd,com.sec.android.app.shealth,1bac4acb-2513-4e8d-b208-83c13848e5ad,1738972800000,
,,c4b708f2-b352-446d-b57a-29a7a42d526b.extra_data.json,,0.0,62850050,0.0,1170405,1291.7441,62930070,2025-02-21 15:48:21.025,2025-02-02 03:00:01.195,71.88001,R5wtjjS0Fd,com.sec.android.app.shealth,c4b708f2-b352-446d-b57a-29a7a42d526b,1738454400000,
,,97aa3436-5b74-476a-9d99-b967be4b750f.extra_data.json,,0.0,62920010,0.0,17342,1309.2201,62930070,2025-02-21 15:48:21.513,2025-02-16 03:35:44.216,0.9400001,R5wtjjS0Fd,com.sec.android.app.shealth,97aa3436-5b74-476a-9d99-b967be4b750f,1739664000000,
,,a337407a-f670-41ec-a226-3b1ac5f9fd99.extra_data.json,,0.0,62850050,0.0,2262471,1275.1927,62930070,2025-02-21 15:48:21.328,2025-02-10 04:54:14.909,144.69003,R5wtjjS0Fd,com.sec.android.app.shealth,a337407a-f670-41ec-a226-3b1ac5f9fd99,1739145600000,
,,c5747d3a-2d1a-4116-9345-ccceb11a50a5.extra_data.json,,171.0,62920010,0.0,3637712,1254.3496,62930070,2025-02-21 15:48:21.582,2025-02-18 03:22:31.419,237.73001,R5wtjjS0Fd,com.sec.android.app.shealth,c5747d3a-2d1a-4116-9345-ccceb11a50a5,1739836800000,
,,89838235-53be-42de-9bdc-c51d64c26b0b.extra_data.json,,42.0,62850050,0.0,2853898,1266.2291,62930070,2025-02-21 15:48:21.213,2025-02-04 03:29:47.853,180.50504,R5wtjjS0Fd,com.sec.android.app.shealth,89838235-53be-42de-9bdc-c51d64c26b0b,1738627200000,
,,91d4a1b7-5da5-40c1-87e7-5bcfd254d461.extra_data.json,,0.0,62850050,0.0,11339,1309.3112,62930070,2025-02-21 15:48:21.290,2025-02-07 03:00:01.096,0.64,R5wtjjS0Fd,com.sec.android.app.shealth,91d4a1b7-5da5-40c1-87e7-5bcfd254d461,1738886400000,
,,afabac7e-56e2-47b1-9b25-a4129e3e73d1.extra_data.json,,0.0,62920010,0.0,1599032,1285.2479,62930070,2025-02-21 15:48:21.489,2025-02-15 03:31:46.138,100.11999,R5wtjjS0Fd,com.sec.android.app.shealth,afabac7e-56e2-47b1-9b25-a4129e3e73d1,1739577600000,
,,7899c182-0340-4249-b2b0-72d7922bc5a3.extra_data.json,,0.0,62850050,0.0,2497745,1271.627,62930070,2025-02-21 15:48:21.348,2025-02-11 03:51:19.771,156.8,R5wtjjS0Fd,com.sec.android.app.shealth,7899c182-0340-4249-b2b0-72d7922bc5a3,1739232000000,
,,c462307d-2094-4e84-a2d0-977060587ef8.extra_data.json,,0.0,62850050,0.0,1043555,1293.6669,62930070,2025-02-21 15:48:21.058,2025-02-03 04:22:13.562,66.46,R5wtjjS0Fd,com.sec.android.app.shealth,c462307d-2094-4e84-a2d0-977060587ef8,1738540800000,
,,b3d54ec2-a32f-464c-874a-f92d4bc96c8a.extra_data.json,,0.0,62920010,0.0,1633700,1284.7225,62930070,2025-02-21 15:48:21.558,2025-02-17 03:40:28.657,104.44999,R5wtjjS0Fd,com.sec.android.app.shealth,b3d54ec2-a32f-464c-874a-f92d4bc96c8a,1739750400000,
,,8597653f-603d-4993-9dc8-a2b15f1992af.extra_data.json,,0.0,62930070,0.0,3853453,1251.0797,62930070,2025-02-23 10:55:02.923,2025-02-22 03:00:01.499,244.13997,R5wtjjS0Fd,com.sec.android.app.shealth,8597653f-603d-4993-9dc8-a2b15f1992af,1740182400000,
,,40009196-79ca-42a6-8e7e-69d0ce80096d.extra_data.json,,0.0,62850050,0.0,14007,1309.2706,62930070,2025-02-21 15:48:21.315,2025-02-09 03:11:52.295,0.81,R5wtjjS0Fd,com.sec.android.app.shealth,40009196-79ca-42a6-8e7e-69d0ce80096d,1739059200000,
,,b1fe3467-caa5-4915-aa86-67c2f497e34d.extra_data.json,,0.0,62850050,0.0,961664,1294.908,62930070,2025-02-21 15:48:21.363,2025-02-12 03:14:36.100,57.72001,R5wtjjS0Fd,com.sec.android.app.shealth,b1fe3467-caa5-4915-aa86-67c2f497e34d,1739318400000,
,,92a3f5e6-5880-4683-81f7-a122c704e361.extra_data.json,,0.0,62930070,0.0,1014904,1294.101,62930070,2025-02-27 11:02:54.424,2025-02-26 04:51:49.903,65.26,R5wtjjS0Fd,com.sec.android.app.shealth,92a3f5e6-5880-4683-81f7-a122c704e361,1740528000000,
,,dc1aa09d-d5a0-4fb1-bf95-0de3abd80682.extra_data.json,,96.0,62920010,0.0,3263825,1260.0162,62930070,2025-02-22 12:54:34.304,2025-02-21 04:27:53.682,196.06001,R5wtjjS0Fd,com.sec.android.app.shealth,dc1aa09d-d5a0-4fb1-bf95-0de3abd80682,1740096000000,
,,d449ec90-68f2-4200-92af-11bf06d5ce5b.extra_data.json,,0.0,62850050,0.0,988224,1294.5054,62930070,2025-02-21 15:48:21.398,2025-02-13 03:10:08.061,62.350002,R5wtjjS0Fd,com.sec.android.app.shealth,d449ec90-68f2-4200-92af-11bf06d5ce5b,1739404800000,
,,9f4894db-92be-4ad8-b0f8-2489d32cf734.extra_data.json,,0.0,62930070,0.0,564769,1300.9233,62930070,2025-02-24 10:27:51.400,2025-02-23 05:54:14.096,41.559998,R5wtjjS0Fd,com.sec.android.app.shealth,9f4894db-92be-4ad8-b0f8-2489d32cf734,1740268800000,
,,8e6f9ba4-0eed-4b05-9871-1855ae27b6a2.extra_data.json,,0.0,62930070,0.0,2411464,1272.9347,62930070,2025-02-25 11:22:14.096,2025-02-24 03:23:47.286,152.83,R5wtjjS0Fd,com.sec.android.app.shealth,8e6f9ba4-0eed-4b05-9871-1855ae27b6a2,1740355200000,
,,e3665002-ec42-475c-8efc-bff3eacbb367.extra_data.json,,0.0,62930070,0.0,300817,1304.9237,62930070,2025-03-06 11:27:44.390,2025-03-05 03:00:03.193,17.93,R5wtjjS0Fd,com.sec.android.app.shealth,e3665002-ec42-475c-8efc-bff3eacbb367,1741132800000,
,,64e14359-b4d5-445e-a0ec-14621278cb42.extra_data.json,,0.0,62920010,0.0,82041,1308.2395,62930070,2025-02-21 15:48:21.444,2025-02-14 03:16:08.322,4.63,R5wtjjS0Fd,com.sec.android.app.shealth,64e14359-b4d5-445e-a0ec-14621278cb42,1739491200000,
,,4e877671-d999-44cf-b221-f5ce375329b5.extra_data.json,,0.0,62930070,0.0,1033580,1293.8179,62930070,2025-03-07 13:23:44.582,2025-03-06 03:02:28.088,65.83,R5wtjjS0Fd,com.sec.android.app.shealth,4e877671-d999-44cf-b221-f5ce375329b5,1741219200000,
,,515fe536-1a4f-47ab-acd0-be28c128ad5c.extra_data.json,,0.0,62920010,0.0,2844035,1266.3787,62930070,2025-02-21 15:48:21.609,2025-02-19 03:13:02.430,182.07997,R5wtjjS0Fd,com.sec.android.app.shealth,515fe536-1a4f-47ab-acd0-be28c128ad5c,1739923200000,
,,8936d98f-ba43-4d64-a74f-fc2942649a01.extra_data.json,,0.0,62930070,0.0,116058,1307.724,62930070,2025-03-04 11:50:03.416,2025-03-03 03:07:16.174,6.48,R5wtjjS0Fd,com.sec.android.app.shealth,8936d98f-ba43-4d64-a74f-fc2942649a01,1740960000000,
,,fab61198-b232-4ac3-be67-5c8e91f34742.extra_data.json,,0.0,62930070,0.0,1209001,1291.1593,62930070,2025-02-28 12:23:41.046,2025-02-27 04:59:14.862,74.24001,R5wtjjS0Fd,com.sec.android.app.shealth,fab61198-b232-4ac3-be67-5c8e91f34742,1740614400000,
,,5a55f558-75de-43fd-a7d0-e3c4c985889b.extra_data.json,,0.0,62930070,0.0,1605866,1285.1444,62930070,2025-03-05 14:15:04.926,2025-03-04 03:00:03.716,100.72001,R5wtjjS0Fd,com.sec.android.app.shealth,5a55f558-75de-43fd-a7d0-e3c4c985889b,1741046400000,
,,2b1f4d28-8e77-401a-8472-73ca377f5798.extra_data.json,,0.0,62930070,0.0,1540440,1286.136,62930070,2025-02-26 12:47:35.037,2025-02-25 03:00:00.901,93.649994,R5wtjjS0Fd,com.sec.android.app.shealth,2b1f4d28-8e77-401a-8472-73ca377f5798,1740441600000,
,,abb2ec18-6dd3-42e0-adbf-b3e35f13a835.extra_data.json,,0.0,62920010,0.0,983525,1294.5765,62930070,2025-02-21 15:48:21.627,2025-02-20 04:55:28.157,61.35,R5wtjjS0Fd,com.sec.android.app.shealth,abb2ec18-6dd3-42e0-adbf-b3e35f13a835,1740009600000,
,,cfc71320-b54b-4213-8376-63ca19f97e88.extra_data.json,,0.0,62930070,0.0,1064322,1293.352,62950170,2025-04-04 15:24:28.047,2025-03-11 03:00:01.081,65.46001,R5wtjjS0Fd,com.sec.android.app.shealth,cfc71320-b54b-4213-8376-63ca19f97e88,1741651200000,
,,27cd67eb-076f-496c-a147-77832bef3c70.extra_data.json,,103.0,62930070,0.0,4328367,1243.882,62930070,2025-03-01 11:47:38.403,2025-02-28 03:44:06.112,286.17,R5wtjjS0Fd,com.sec.android.app.shealth,27cd67eb-076f-496c-a147-77832bef3c70,1740700800000,
,,270e233b-72c8-47e9-9248-02e2097355a0.extra_data.json,,0.0,62930070,0.0,1237015,1290.7346,62950170,2025-04-04 15:24:29.878,2025-03-21 03:00:00.980,78.49,R5wtjjS0Fd,com.sec.android.app.shealth,270e233b-72c8-47e9-9248-02e2097355a0,1742515200000,
,,1bdc707d-0a70-4eab-8a78-b1538098d1e1.extra_data.json,,0.0,62930070,0.0,96048,1308.0272,62930070,2025-03-03 10:54:43.845,2025-03-02 03:00:00.949,5.3900003,R5wtjjS0Fd,com.sec.android.app.shealth,1bdc707d-0a70-4eab-8a78-b1538098d1e1,1740873600000,
,,5fbfc181-6220-4111-9197-c5c1e3f0449f.extra_data.json,,0.0,62930070,0.0,20677,1309.1696,62950170,2025-04-04 15:24:26.925,2025-03-09 03:00:01.142,1.1600001,R5wtjjS0Fd,com.sec.android.app.shealth,5fbfc181-6220-4111-9197-c5c1e3f0449f,1741478400000,
,,0f3eb1c4-119e-40a1-b990-8ecf2d5a7083.extra_data.json,,0.0,62930070,0.0,5519107,1225.8351,62950170,2025-04-04 15:24:26.114,2025-03-08 03:00:02.392,354.92004,R5wtjjS0Fd,com.sec.android.app.shealth,0f3eb1c4-119e-40a1-b990-8ecf2d5a7083,1741392000000,
,,dfe1d10e-cf9e-4501-b3bb-ceface2f88d3.extra_data.json,,0.0,62930070,0.0,1144272,1292.1403,62950170,2025-04-04 15:24:29.088,2025-03-13 03:00:01.373,70.240005,R5wtjjS0Fd,com.sec.android.app.shealth,dfe1d10e-cf9e-4501-b3bb-ceface2f88d3,1741824000000,
,,0c86a01f-fef8-4693-9a24-d41494be7512.extra_data.json,,0.0,62930070,0.0,1972566,1279.5865,62950170,2025-04-04 15:24:27.222,2025-03-10 04:06:00.777,121.94,R5wtjjS0Fd,com.sec.android.app.shealth,0c86a01f-fef8-4693-9a24-d41494be7512,1741564800000,
,,15b37198-f5cf-46d7-8372-32f1cb703448.extra_data.json,,0.0,62930070,0.0,101384,1307.9464,62930070,2025-03-02 12:17:23.978,2025-03-01 04:59:10.803,5.7200003,R5wtjjS0Fd,com.sec.android.app.shealth,15b37198-f5cf-46d7-8372-32f1cb703448,1740787200000,
,,e7da9d10-c2b1-4cd4-8bd7-76ff5bd52708.extra_data.json,,0.0,62930070,0.0,1203725,1291.2391,62950170,2025-04-04 15:24:29.955,2025-03-22 04:36:58.917,74.03999,R5wtjjS0Fd,com.sec.android.app.shealth,e7da9d10-c2b1-4cd4-8bd7-76ff5bd52708,1742601600000,
,,fb701539-77e4-4ba6-ba0c-0d4c97013881.extra_data.json,,0.0,62930070,0.0,1900680,1280.6761,62950170,2025-04-04 15:24:29.620,2025-03-18 03:00:02.739,118.31,R5wtjjS0Fd,com.sec.android.app.shealth,fb701539-77e4-4ba6-ba0c-0d4c97013881,1742256000000,
,,56bce1af-af4b-438a-aeb7-df8be7bae2b6.extra_data.json,,0.0,62930070,0.0,1722351,1283.3789,62950170,2025-04-04 15:24:29.165,2025-03-14 03:53:41.279,108.88001,R5wtjjS0Fd,com.sec.android.app.shealth,56bce1af-af4b-438a-aeb7-df8be7bae2b6,1741910400000,
,,42a3c1e9-a1b8-4019-9b6d-488a1d481aa2.extra_data.json,,0.0,62930070,0.0,1084272,1293.0497,62950170,2025-04-04 15:24:29.282,2025-03-15 03:10:34.759,66.50999,R5wtjjS0Fd,com.sec.android.app.shealth,42a3c1e9-a1b8-4019-9b6d-488a1d481aa2,1741996800000,
,,b6f8bfdb-e353-4aec-acfc-3e58481a476c.extra_data.json,,0.0,62930070,0.0,2526603,1271.1897,62950170,2025-04-04 15:24:28.519,2025-03-12 03:34:27.507,160.47003,R5wtjjS0Fd,com.sec.android.app.shealth,b6f8bfdb-e353-4aec-acfc-3e58481a476c,1741737600000,
,,29cf252c-7aca-44fb-be70-e998a6404ebc.extra_data.json,,51.0,62930070,0.0,2801894,1267.0172,62950170,2025-04-04 15:24:29.829,2025-03-20 03:00:00.840,183.36002,R5wtjjS0Fd,com.sec.android.app.shealth,29cf252c-7aca-44fb-be70-e998a6404ebc,1742428800000,
,,19220c06-9f84-4fee-b30b-2e85f4030097.extra_data.json,,0.0,62930070,0.0,954904,1295.0104,62930070,2025-03-08 12:27:13.785,2025-03-07 03:00:01.375,59.73,R5wtjjS0Fd,com.sec.android.app.shealth,19220c06-9f84-4fee-b30b-2e85f4030097,1741305600000,
,,86ea765a-ac71-4cf1-98cd-f608de399fc0.extra_data.json,,288.0,62930070,0.0,6522026,1210.6348,62950170,2025-04-04 15:24:30.274,2025-03-30 03:28:06.826,424.4613,R5wtjjS0Fd,com.sec.android.app.shealth,86ea765a-ac71-4cf1-98cd-f608de399fc0,1743292800000,
,,493334c0-6c2f-4b3e-8f7d-8d302bd416fd.extra_data.json,,0.0,62930070,0.0,82041,1308.2395,62950170,2025-04-04 15:24:30.159,2025-03-27 03:47:17.935,4.66,R5wtjjS0Fd,com.sec.android.app.shealth,493334c0-6c2f-4b3e-8f7d-8d302bd416fd,1743033600000,
,,62ae88b7-edb4-4b43-90f3-d609d51c939c.extra_data.json,,0.0,62930070,0.0,2037842,1278.5973,62950170,2025-04-04 15:24:29.543,2025-03-17 03:09:12.612,131.10999,R5wtjjS0Fd,com.sec.android.app.shealth,62ae88b7-edb4-4b43-90f3-d609d51c939c,1742169600000,
,,16cf4f1f-5480-44f5-a84c-99efd95293b3.extra_data.json,,161.0,62930070,0.0,4258479,1244.9412,62950170,2025-04-04 15:24:29.736,2025-03-19 03:21:06.169,282.4515,R5wtjjS0Fd,com.sec.android.app.shealth,16cf4f1f-5480-44f5-a84c-99efd95293b3,1742342400000,
,,fbc56236-7b4b-494d-9d50-611449a1cff9.extra_data.json,,182.0,62930070,0.0,4584402,1240.0016,62950170,2025-04-04 15:24:30.126,2025-03-26 03:00:03.425,312.857,R5wtjjS0Fd,com.sec.android.app.shealth,fbc56236-7b4b-494d-9d50-611449a1cff9,1742947200000,
,,837d1ce7-d5ba-4972-b62b-b1c78561e101.extra_data.json,,0.0,62930070,0.0,2797952,1267.077,62950170,2025-04-04 15:24:30.232,2025-03-29 03:21:22.519,180.06998,R5wtjjS0Fd,com.sec.android.app.shealth,837d1ce7-d5ba-4972-b62b-b1c78561e101,1743206400000,
,,71af6d24-8978-4bac-9314-82b9c07e688a.extra_data.json,,0.0,62930070,0.0,928771,1295.4065,62950170,2025-04-04 15:24:30.177,2025-03-28 03:00:01.626,60.949997,R5wtjjS0Fd,com.sec.android.app.shealth,71af6d24-8978-4bac-9314-82b9c07e688a,1743120000000,
,,f6a3b347-c339-4651-a598-528b7f7f52b8.extra_data.json,,45.0,62930070,0.0,5062902,1232.7493,62950170,2025-04-04 15:24:30.086,2025-03-25 04:49:52.942,329.82562,R5wtjjS0Fd,com.sec.android.app.shealth,f6a3b347-c339-4651-a598-528b7f7f52b8,1742860800000,
,,fd6b4f13-aff7-434d-8155-9835f7019dc9.extra_data.json,,0.0,62930070,0.0,1024302,1293.9585,62950170,2025-04-04 15:24:29.434,2025-03-16 03:00:01.577,70.95999,R5wtjjS0Fd,com.sec.android.app.shealth,fd6b4f13-aff7-434d-8155-9835f7019dc9,1742083200000,
,,bd2c164f-af84-4909-b294-cbb9a5abd72d.extra_data.json,,0.0,62930070,0.0,17342,1309.2201,62950170,2025-04-04 15:24:30.008,2025-03-23 03:18:58.744,0.94,R5wtjjS0Fd,com.sec.android.app.shealth,bd2c164f-af84-4909-b294-cbb9a5abd72d,1742688000000,
,,891bf32e-a292-4ffc-b960-50c6b582efc8.extra_data.json,,0.0,62930070,0.0,694984,1298.9497,62950170,2025-04-05 10:49:15.683,2025-04-04 03:00:01.300,40.04,R5wtjjS0Fd,com.sec.android.app.shealth,891bf32e-a292-4ffc-b960-50c6b582efc8,1743724800000,
,,a9f6b25a-3beb-4d27-a6be-51dc62ab95a8.extra_data.json,,140.0,62930070,0.0,6151258,1216.2542,62950170,2025-04-04 15:24:30.311,2025-03-31 03:44:16.981,398.52432,R5wtjjS0Fd,com.sec.android.app.shealth,a9f6b25a-3beb-4d27-a6be-51dc62ab95a8,1743379200000,
,,a4e078ff-d0b5-42c5-b163-bf26b87286d1.extra_data.json,,0.0,62930070,0.0,1435204,1287.731,62950170,2025-04-04 15:24:30.424,2025-04-02 03:04:09.217,88.130005,R5wtjjS0Fd,com.sec.android.app.shealth,a4e078ff-d0b5-42c5-b163-bf26b87286d1,1743552000000,
,,7eac81fd-10dd-421d-a4b8-7182eb5817f6.extra_data.json,,0.0,62950170,0.0,1674140,1284.1095,62950170,2025-04-13 11:32:48.472,2025-04-12 03:17:30.103,98.09,R5wtjjS0Fd,com.sec.android.app.shealth,7eac81fd-10dd-421d-a4b8-7182eb5817f6,1744416000000,
,,3ac40b88-ebc8-41e7-b3a1-1460f32971a8.extra_data.json,,0.0,62950170,0.0,1318479,1289.5,62950170,2025-04-08 11:54:40.852,2025-04-07 03:00:01.219,80.50001,R5wtjjS0Fd,com.sec.android.app.shealth,3ac40b88-ebc8-41e7-b3a1-1460f32971a8,1743984000000,
,,5b2ed9b2-0b10-4d77-9200-20502458d971.extra_data.json,,0.0,62950170,0.0,70035,1308.4215,62950170,2025-04-12 10:47:44.296,2025-04-11 03:00:01.013,3.8899996,R5wtjjS0Fd,com.sec.android.app.shealth,5b2ed9b2-0b10-4d77-9200-20502458d971,1744329600000,
,,febb6953-6da6-4844-94f3-8b54bbf91a10.extra_data.json,,0.0,62930070,0.0,88711,1308.1384,62950170,2025-04-04 15:24:30.484,2025-04-03 04:22:11.211,5.0,R5wtjjS0Fd,com.sec.android.app.shealth,febb6953-6da6-4844-94f3-8b54bbf91a10,1743638400000,
,,0d8f1603-9883-452c-8bbb-df4c8ab06c37.extra_data.json,,193.0,62950170,0.0,4448790,1242.0568,62950170,2025-04-15 11:15:02.245,2025-04-14 04:49:37.661,298.03,R5wtjjS0Fd,com.sec.android.app.shealth,0d8f1603-9883-452c-8bbb-df4c8ab06c37,1744588800000,
,,032efa84-f8db-48f1-bd27-b26677b0c117.extra_data.json,,0.0,62950170,0.0,2578202,1270.4076,62950170,2025-04-11 12:35:05.699,2025-04-10 03:00:00.950,162.32,R5wtjjS0Fd,com.sec.android.app.shealth,032efa84-f8db-48f1-bd27-b26677b0c117,1744243200000,
,,c7ce0583-6405-4700-bdb0-6600a155c665.extra_data.json,,0.0,62950170,0.0,69368,1308.4316,62950170,2025-04-07 10:58:18.495,2025-04-06 03:19:11.340,3.87,R5wtjjS0Fd,com.sec.android.app.shealth,c7ce0583-6405-4700-bdb0-6600a155c665,1743897600000,
,,6d4e8cf5-30d1-4605-b22b-c2a8180162bf.extra_data.json,,109.0,62950170,0.0,5362149,1228.2139,62950170,2025-04-16 12:35:02.410,2025-04-15 03:07:35.238,355.22736,R5wtjjS0Fd,com.sec.android.app.shealth,6d4e8cf5-30d1-4605-b22b-c2a8180162bf,1744675200000,
,,abe21920-553c-44c5-b29c-64b96308eb67.extra_data.json,,0.0,62930070,0.0,954904,1295.0104,62950170,2025-04-04 15:24:30.052,2025-03-24 04:31:53.840,59.060005,R5wtjjS0Fd,com.sec.android.app.shealth,abe21920-553c-44c5-b29c-64b96308eb67,1742774400000,
,,ac7d73e2-863d-4e26-b531-dd03604d83c1.extra_data.json,,303.0,62950170,0.0,5569120,1225.077,62950170,2025-04-10 11:52:04.681,2025-04-09 03:00:01.087,386.13434,R5wtjjS0Fd,com.sec.android.app.shealth,ac7d73e2-863d-4e26-b531-dd03604d83c1,1744156800000,
,,2638f615-a835-4b7d-a36c-46e416fa18f1.extra_data.json,,0.0,62950170,0.0,1735991,1283.1721,62950170,2025-04-06 10:33:44.280,2025-04-05 03:49:26.109,106.45,R5wtjjS0Fd,com.sec.android.app.shealth,2638f615-a835-4b7d-a36c-46e416fa18f1,1743811200000,
,,c5364822-47a5-418c-98fb-3608e85c2042.extra_data.json,,93.0,62950170,0.0,2825341,1266.6619,62950170,2025-04-09 11:26:36.512,2025-04-08 04:37:14.632,181.7005,R5wtjjS0Fd,com.sec.android.app.shealth,c5364822-47a5-418c-98fb-3608e85c2042,1744070400000,
,,df5c5845-5ec6-4013-8480-9e2c362dc59a.extra_data.json,,48.0,62950170,0.0,3355264,1258.6304,62950170,2025-04-23 13:05:36.728,2025-04-22 04:25:58.545,207.41653,R5wtjjS0Fd,com.sec.android.app.shealth,df5c5845-5ec6-4013-8480-9e2c362dc59a,1745280000000,
,,025fb98a-8d0d-4c87-9609-cdbdd04c6182.extra_data.json,,0.0,62950170,0.0,155411,1307.1276,62950170,2025-04-20 10:55:04.207,2025-04-19 03:36:53.767,8.77,R5wtjjS0Fd,com.sec.android.app.shealth,025fb98a-8d0d-4c87-9609-cdbdd04c6182,1745020800000,
,,e85d0160-c0e6-4650-9be7-fd37df262959.extra_data.json,,158.0,62930070,0.0,5713810,1222.8842,62950170,2025-04-04 15:24:30.373,2025-04-01 03:34:25.515,378.45502,R5wtjjS0Fd,com.sec.android.app.shealth,e85d0160-c0e6-4650-9be7-fd37df262959,1743465600000,
,,09b47734-ba4a-4e11-a0b1-f74e077e5cdb.extra_data.json,,204.0,62950170,0.0,4322271,1243.9744,62950170,2025-04-22 11:15:02.407,2025-04-21 03:00:00.744,265.22998,R5wtjjS0Fd,com.sec.android.app.shealth,09b47734-ba4a-4e11-a0b1-f74e077e5cdb,1745193600000,
,,38a584fe-43d8-4bfc-9ee4-9bdd53f41eea.extra_data.json,,0.0,62950170,0.0,62031,1308.5427,62950170,2025-05-21 14:51:26.685,2025-04-28 04:58:06.491,3.53,R5wtjjS0Fd,com.sec.android.app.shealth,38a584fe-43d8-4bfc-9ee4-9bdd53f41eea,1745798400000,
,,09a5b061-93bf-40ce-9238-a6a08bc30cb5.extra_data.json,,0.0,62950170,0.0,158079,1307.087,62950170,2025-04-14 10:35:02.562,2025-04-13 03:00:48.219,8.91,R5wtjjS0Fd,com.sec.android.app.shealth,09a5b061-93bf-40ce-9238-a6a08bc30cb5,1744502400000,
,,a6b68edf-c325-4d46-a1b3-79522a1744d8.extra_data.json,,0.0,62950170,0.0,1078269,1293.1406,62950170,2025-04-24 14:38:50.679,2025-04-23 04:32:43.699,67.920006,R5wtjjS0Fd,com.sec.android.app.shealth,a6b68edf-c325-4d46-a1b3-79522a1744d8,1745366400000,
,,f223fcf7-6608-4321-928a-eb9a90fbcf6e.extra_data.json,,165.0,62950170,0.0,5887896,1220.2457,62950170,2025-04-17 13:05:00.885,2025-04-16 03:09:23.961,382.37912,R5wtjjS0Fd,com.sec.android.app.shealth,f223fcf7-6608-4321-928a-eb9a90fbcf6e,1744761600000,
,,fceefdbb-9817-40db-9ba2-6303e23b1a15.extra_data.json,,0.0,62950170,0.0,1245686,1290.6033,62950170,2025-04-21 12:35:07.646,2025-04-20 03:44:06.299,85.930016,R5wtjjS0Fd,com.sec.android.app.shealth,fceefdbb-9817-40db-9ba2-6303e23b1a15,1745107200000,
,,87494af7-9252-4621-bf0a-4b5c92587eec.extra_data.json,,0.0,62950170,0.0,1211939,1291.1147,62950170,2025-05-21 14:51:26.642,2025-04-26 04:31:35.256,68.909996,R5wtjjS0Fd,com.sec.android.app.shealth,87494af7-9252-4621-bf0a-4b5c92587eec,1745625600000,
,,f49b5127-0bd8-4871-82a3-3bce438d237a.extra_data.json,,0.0,62950170,0.0,1209181,1291.1565,62950170,2025-04-19 12:15:03.910,2025-04-18 03:16:43.078,71.75,R5wtjjS0Fd,com.sec.android.app.shealth,f49b5127-0bd8-4871-82a3-3bce438d237a,1744934400000,
,,710fed3b-f237-4c2b-9f1d-67e8f2782c05.extra_data.json,,0.0,62950170,0.0,130732,1307.5015,62950170,2025-05-21 14:51:26.660,2025-04-27 04:22:30.245,7.950001,R5wtjjS0Fd,com.sec.android.app.shealth,710fed3b-f237-4c2b-9f1d-67e8f2782c05,1745712000000,
,,71dc217a-e44c-4556-bd23-06c2d5094f2b.extra_data.json,,0.0,62950170,0.0,1889401,1280.847,62950170,2025-05-21 14:51:26.822,2025-05-01 03:32:47.724,113.21001,R5wtjjS0Fd,com.sec.android.app.shealth,71dc217a-e44c-4556-bd23-06c2d5094f2b,1746057600000,
,,e178b160-24b5-4831-991d-6ced24c5a747.extra_data.json,,0.0,62950170,0.0,1807180,1282.0931,62950170,2025-05-21 14:51:26.782,2025-04-30 03:35:43.021,116.020004,R5wtjjS0Fd,com.sec.android.app.shealth,e178b160-24b5-4831-991d-6ced24c5a747,1745971200000,
,,4ea56934-9190-4e52-90b4-ba546f52fb02.extra_data.json,,0.0,62950170,0.0,78039,1308.3002,62950170,2025-05-21 14:51:26.899,2025-05-05 04:57:48.806,4.9399996,R5wtjjS0Fd,com.sec.android.app.shealth,4ea56934-9190-4e52-90b4-ba546f52fb02,1746403200000,
,,3d86f2d6-b0c6-427d-bcc9-179cfb7292b5.extra_data.json,,0.0,62950170,0.0,2758292,1267.6782,62950170,2025-05-21 14:51:26.914,2025-05-06 03:00:01.175,169.62003,R5wtjjS0Fd,com.sec.android.app.shealth,3d86f2d6-b0c6-427d-bcc9-179cfb7292b5,1746489600000,
,,06ab6e0b-e25a-47a7-b604-ef2155ade89b.extra_data.json,,0.0,62950170,0.0,934197,1295.3241,63010030,2025-06-04 18:10:10.035,2025-05-14 03:46:23.103,60.85,R5wtjjS0Fd,com.sec.android.app.shealth,06ab6e0b-e25a-47a7-b604-ef2155ade89b,1747180800000,
,,7959b2b3-206a-4fd0-b2b1-b9a6cd1af2c2.extra_data.json,,129.0,62950170,0.0,3423969,1257.5891,62950170,2025-05-21 14:51:26.567,2025-04-24 03:33:30.605,231.8725,R5wtjjS0Fd,com.sec.android.app.shealth,7959b2b3-206a-4fd0-b2b1-b9a6cd1af2c2,1745452800000,
,,96b02c78-902b-4e59-81fc-110326301f9e.extra_data.json,,0.0,62950170,0.0,141404,1307.3397,63010030,2025-06-04 18:10:09.773,2025-05-08 03:20:24.498,8.44,R5wtjjS0Fd,com.sec.android.app.shealth,96b02c78-902b-4e59-81fc-110326301f9e,1746662400000,
,,ca0eda0d-fb82-466a-a8b3-55b425766106.extra_data.json,,0.0,62950170,0.0,937682,1295.2714,62950170,2025-05-21 14:51:26.864,2025-05-03 04:02:34.029,57.170002,R5wtjjS0Fd,com.sec.android.app.shealth,ca0eda0d-fb82-466a-a8b3-55b425766106,1746230400000,
,,2a23fe95-e91c-4041-8213-80f51e38c94c.extra_data.json,,0.0,62950170,0.0,1808754,1282.0695,62950170,2025-05-21 14:51:26.735,2025-04-29 03:00:01.154,107.310005,R5wtjjS0Fd,com.sec.android.app.shealth,2a23fe95-e91c-4041-8213-80f51e38c94c,1745884800000,
,,c11324fa-b9b1-4285-8ac2-fcd58662894a.extra_data.json,,0.0,62950170,0.0,933650,1295.3325,62950170,2025-05-21 14:51:26.845,2025-05-02 04:35:58.684,56.959995,R5wtjjS0Fd,com.sec.android.app.shealth,c11324fa-b9b1-4285-8ac2-fcd58662894a,1746144000000,
,,0d72d532-ddb7-46fb-823e-14ee811c8d61.extra_data.json,,0.0,62950170,0.0,1230345,1290.8358,62950170,2025-04-18 14:35:04.250,2025-04-17 03:32:23.851,77.45999,R5wtjjS0Fd,com.sec.android.app.shealth,0d72d532-ddb7-46fb-823e-14ee811c8d61,1744848000000,
,,826899e8-92f8-4f7b-93e1-f039116098ce.extra_data.json,,0.0,62950170,0.0,1108891,1292.6766,62950170,2025-05-21 14:51:26.934,2025-05-07 03:24:10.490,70.75999,R5wtjjS0Fd,com.sec.android.app.shealth,826899e8-92f8-4f7b-93e1-f039116098ce,1746576000000,
,,01f9d3e9-9f30-4ddf-bace-841d2592c771.extra_data.json,,0.0,62950170,0.0,841027,1296.7363,63010030,2025-06-04 18:10:10.099,2025-05-17 03:00:01.480,49.5,R5wtjjS0Fd,com.sec.android.app.shealth,01f9d3e9-9f30-4ddf-bace-841d2592c771,1747440000000,
,,b5d21837-c5f7-4a7d-a091-5c5a699586d2.extra_data.json,,0.0,62950170,0.0,815014,1297.1305,63010030,2025-06-04 18:10:09.999,2025-05-13 03:26:45.438,48.269997,R5wtjjS0Fd,com.sec.android.app.shealth,b5d21837-c5f7-4a7d-a091-5c5a699586d2,1747094400000,
,,4fca5dfb-3b5b-4127-affe-c5cffa39b403.extra_data.json,,0.0,62950170,0.0,2452806,1272.3081,62950170,2025-05-21 14:51:26.883,2025-05-04 04:46:27.664,149.22002,R5wtjjS0Fd,com.sec.android.app.shealth,4fca5dfb-3b5b-4127-affe-c5cffa39b403,1746316800000,
,,13a3110a-1bb7-4a4c-a995-dbb65aad0cf4.extra_data.json,,168.0,62950170,0.0,4119971,1247.0405,63010030,2025-06-04 18:10:10.113,2025-05-18 06:35:34.628,280.27216,R5wtjjS0Fd,com.sec.android.app.shealth,13a3110a-1bb7-4a4c-a995-dbb65aad0cf4,1747526400000,
,,8f041af6-52b1-4efa-856e-796f1999ff94.extra_data.json,,0.0,62950170,0.0,221444,1306.1268,62950170,2025-05-21 14:51:26.609,2025-04-25 03:33:34.999,13.219999,R5wtjjS0Fd,com.sec.android.app.shealth,8f041af6-52b1-4efa-856e-796f1999ff94,1745539200000,
,,47ad700e-3c51-4ecb-a6a4-4c09a1475c85.extra_data.json,,0.0,62950170,0.0,1323785,1289.4196,63010030,2025-06-04 18:10:10.085,2025-05-16 03:00:01.682,84.61001,R5wtjjS0Fd,com.sec.android.app.shealth,47ad700e-3c51-4ecb-a6a4-4c09a1475c85,1747353600000,
,,b11e4de8-fb89-4bb6-b42c-55207def793b.extra_data.json,,0.0,62950170,0.0,2253980,1275.3214,63010030,2025-06-04 18:10:09.787,2025-05-09 03:00:01.560,141.16998,R5wtjjS0Fd,com.sec.android.app.shealth,b11e4de8-fb89-4bb6-b42c-55207def793b,1746748800000,
,,0c0cf93e-69c4-49c8-84ca-4a3a76f3e47a.extra_data.json,,0.0,62950170,0.0,30682,1309.018,63010030,2025-06-04 18:10:09.816,2025-05-10 03:00:01.385,1.71,R5wtjjS0Fd,com.sec.android.app.shealth,0c0cf93e-69c4-49c8-84ca-4a3a76f3e47a,1746835200000,
,,b6df7712-dfdd-45b9-8cca-d476aa768cee.extra_data.json,,0.0,62950170,0.0,1796478,1282.2554,63010030,2025-06-04 18:10:10.055,2025-05-15 03:21:57.356,113.20001,R5wtjjS0Fd,com.sec.android.app.shealth,b6df7712-dfdd-45b9-8cca-d476aa768cee,1747267200000,
,,4b6afc83-c5f7-4381-a123-bc3692105465.extra_data.json,,0.0,62950170,0.0,1243198,1290.641,63010030,2025-06-04 18:10:09.889,2025-05-12 03:00:01.155,74.92001,R5wtjjS0Fd,com.sec.android.app.shealth,4b6afc83-c5f7-4381-a123-bc3692105465,1747008000000,
,,be8b0ff5-923a-470b-9446-e1f6e54de271.extra_data.json,,0.0,62950170,0.0,2449958,1272.3512,63010030,2025-06-04 18:10:09.837,2025-05-11 04:19:18.268,157.50996,R5wtjjS0Fd,com.sec.android.app.shealth,be8b0ff5-923a-470b-9446-e1f6e54de271,1746921600000,
,,e395760c-cc76-438e-9a8f-fa17e43a7bf5.extra_data.json,,0.0,62950170,0.0,965516,1294.8495,63010030,2025-06-04 18:10:10.179,2025-05-23 03:30:37.115,60.37,R5wtjjS0Fd,com.sec.android.app.shealth,e395760c-cc76-438e-9a8f-fa17e43a7bf5,1747958400000,
,,f008b078-7952-4225-8213-798e5040adf2.extra_data.json,,0.0,62950170,0.0,982888,1294.5862,63010030,2025-06-04 18:10:10.198,2025-05-24 03:50:43.603,62.85,R5wtjjS0Fd,com.sec.android.app.shealth,f008b078-7952-4225-8213-798e5040adf2,1748044800000,
,,72d7f88e-651a-4a57-a847-279a09b9b5c5.extra_data.json,,0.0,62950170,0.0,842863,1296.7085,63010030,2025-06-04 18:10:10.221,2025-05-25 03:00:00.878,52.510002,R5wtjjS0Fd,com.sec.android.app.shealth,72d7f88e-651a-4a57-a847-279a09b9b5c5,1748131200000,
,,e7e2e1e4-8b0e-4b2c-8226-88fa6a69e8e7.extra_data.json,,0.0,62950170,0.0,1131719,1292.3306,63010030,2025-06-04 18:10:10.244,2025-05-26 03:50:26.769,68.53,R5wtjjS0Fd,com.sec.android.app.shealth,e7e2e1e4-8b0e-4b2c-8226-88fa6a69e8e7,1748217600000,
,,4598afc3-3990-406d-ad98-e46b3af335d6.extra_data.json,,0.0,62950170,0.0,1955654,1279.8429,63010030,2025-06-04 18:10:10.126,2025-05-19 03:00:01.812,121.72002,R5wtjjS0Fd,com.sec.android.app.shealth,4598afc3-3990-406d-ad98-e46b3af335d6,1747612800000,
,,9c0aae04-28ef-499d-9aea-f662039fd098.extra_data.json,,0.0,62950170,0.0,3311722,1259.2903,63010030,2025-06-04 18:10:10.259,2025-05-27 03:00:00.777,200.69,R5wtjjS0Fd,com.sec.android.app.shealth,9c0aae04-28ef-499d-9aea-f662039fd098,1748304000000,
,,30d32bdd-1cad-453c-8bd5-136c43157bbc.extra_data.json,,0.0,62950170,0.0,2170028,1276.5939,63010030,2025-06-04 18:10:10.137,2025-05-20 04:56:53.352,135.56001,R5wtjjS0Fd,com.sec.android.app.shealth,30d32bdd-1cad-453c-8bd5-136c43157bbc,1747699200000,
,,0b9d60b2-d2b9-429e-bd50-b179c5323355.extra_data.json,,0.0,62950170,0.0,2109524,1277.511,63010030,2025-06-04 18:10:10.152,2025-05-21 04:24:12.923,128.92998,R5wtjjS0Fd,com.sec.android.app.shealth,0b9d60b2-d2b9-429e-bd50-b179c5323355,1747785600000,
,,6f2f30c6-9d3e-4409-8980-95089ea742a2.extra_data.json,,130.0,62950170,0.0,3995446,1248.9277,63010030,2025-06-04 18:10:10.279,2025-05-29 03:00:01.485,237.4165,R5wtjjS0Fd,com.sec.android.app.shealth,6f2f30c6-9d3e-4409-8980-95089ea742a2,1748476800000,
,,c3e5a6c2-651c-42d1-9085-9fb99ca8caab.extra_data.json,,0.0,62950170,0.0,1184929,1291.524,63010030,2025-06-04 18:10:10.168,2025-05-22 03:39:54.572,75.14,R5wtjjS0Fd,com.sec.android.app.shealth,c3e5a6c2-651c-42d1-9085-9fb99ca8caab,1747872000000,
,,2c2ac32c-282a-4e51-81cd-4aefdf8522e4.extra_data.json,,0.0,62950170,0.0,1799472,1282.2101,63010030,2025-06-04 18:10:10.268,2025-05-28 03:00:01.476,103.33999,R5wtjjS0Fd,com.sec.android.app.shealth,2c2ac32c-282a-4e51-81cd-4aefdf8522e4,1748390400000,
,,2a57cec9-cb15-433c-8203-48ff4eca9fa3.extra_data.json,,132.0,63010030,0.0,6323061,1213.6503,63010030,2025-06-12 15:05:20.573,2025-06-11 03:00:01.584,397.58997,R5wtjjS0Fd,com.sec.android.app.shealth,2a57cec9-cb15-433c-8203-48ff4eca9fa3,1749600000000,
,,df5a92cf-8617-40be-ae1f-b4e00ec3c2b3.extra_data.json,,0.0,62950170,0.0,2360760,1273.7031,63010030,2025-06-04 18:53:51.889,2025-06-03 04:14:31.224,147.02997,R5wtjjS0Fd,com.sec.android.app.shealth,df5a92cf-8617-40be-ae1f-b4e00ec3c2b3,1748908800000,
,,afbec17d-bb8f-460d-853c-45ed54f6e1c8.extra_data.json,,0.0,63010030,0.0,109388,1307.825,63010030,2025-06-07 18:46:21.900,2025-06-06 03:19:24.504,6.3500004,R5wtjjS0Fd,com.sec.android.app.shealth,afbec17d-bb8f-460d-853c-45ed54f6e1c8,1749168000000,
,,3b47560c-dfdf-4fc4-8a5e-8b5fb44afa61.extra_data.json,,0.0,62950170,0.0,109388,1307.825,63010030,2025-06-04 18:10:10.291,2025-05-31 03:00:01.237,5.8399997,R5wtjjS0Fd,com.sec.android.app.shealth,3b47560c-dfdf-4fc4-8a5e-8b5fb44afa61,1748649600000,
,,9de00838-69ee-4223-ac8f-7c005faa0210.extra_data.json,,0.0,63010030,0.0,50025,1308.7247,63010030,2025-06-09 13:50:25.584,2025-06-08 04:55:02.087,2.8899999,R5wtjjS0Fd,com.sec.android.app.shealth,9de00838-69ee-4223-ac8f-7c005faa0210,1749340800000,
,,e146d669-0187-4ce9-9316-9bc2907a50b3.extra_data.json,,117.0,62950170,0.0,4771300,1237.169,63010030,2025-06-04 18:10:10.284,2025-05-30 03:45:35.382,306.9968,R5wtjjS0Fd,com.sec.android.app.shealth,e146d669-0187-4ce9-9316-9bc2907a50b3,1748563200000,
,,8ea31906-f816-419c-95ae-c8ee9d128a24.extra_data.json,,0.0,63010030,0.0,124062,1307.6027,63010030,2025-06-08 20:26:44.464,2025-06-07 03:34:59.265,7.449999,R5wtjjS0Fd,com.sec.android.app.shealth,8ea31906-f816-419c-95ae-c8ee9d128a24,1749254400000,
,,32b7e400-6d70-462e-b0f7-cdfc978e830b.extra_data.json,,0.0,62950170,0.0,43355,1308.8259,63010030,2025-06-04 18:10:10.296,2025-06-01 03:46:51.922,2.33,R5wtjjS0Fd,com.sec.android.app.shealth,32b7e400-6d70-462e-b0f7-cdfc978e830b,1748736000000,
,,aa6e7a28-8e7e-44ac-9cda-5c250c4d4bf0.extra_data.json,,0.0,63010030,0.0,63365,1308.5226,63010030,2025-06-06 14:40:52.932,2025-06-05 03:00:01.127,4.27,R5wtjjS0Fd,com.sec.android.app.shealth,aa6e7a28-8e7e-44ac-9cda-5c250c4d4bf0,1749081600000,
,,24a29f5d-aea1-4c52-bafe-9f47d334959e.extra_data.json,,0.0,62950170,0.0,1646980,1284.5212,63010030,2025-06-04 18:10:10.300,2025-06-02 03:47:54.622,108.649994,R5wtjjS0Fd,com.sec.android.app.shealth,24a29f5d-aea1-4c52-bafe-9f47d334959e,1748822400000,
,,8a9043b9-9da2-4823-afc6-2b2653b54c6e.extra_data.json,,0.0,63010030,0.0,35351,1308.9471,63010030,2025-06-16 14:24:33.972,2025-06-15 03:27:29.437,2.14,R5wtjjS0Fd,com.sec.android.app.shealth,8a9043b9-9da2-4823-afc6-2b2653b54c6e,1749945600000,
,,a3c1c7b8-c16e-4a7c-95da-c979106d479a.extra_data.json,,0.0,62950170,0.0,982131,1294.5978,63010030,2025-06-05 15:42:09.612,2025-06-04 04:10:15.437,64.07,R5wtjjS0Fd,com.sec.android.app.shealth,a3c1c7b8-c16e-4a7c-95da-c979106d479a,1748995200000,
,,0ad1da7b-aa74-47c4-a447-3c59ab499a25.extra_data.json,,176.0,63010030,0.0,4244442,1245.1539,63010030,2025-06-11 12:47:07.642,2025-06-10 04:28:38.361,272.88,R5wtjjS0Fd,com.sec.android.app.shealth,0ad1da7b-aa74-47c4-a447-3c59ab499a25,1749513600000,
,,e627ea5d-cef1-47d6-9e01-addc4efe291a.extra_data.json,,0.0,63010030,0.0,24679,1309.1089,63020310,2025-07-14 01:56:33.567,2025-06-19 05:12:54.628,1.44,R5wtjjS0Fd,com.sec.android.app.shealth,e627ea5d-cef1-47d6-9e01-addc4efe291a,1750291200000,
,,a80b2679-d3a0-451b-9f1b-e6768c7551c6.extra_data.json,,0.0,63010030,0.0,1339793,1289.177,63010030,2025-06-15 16:22:51.705,2025-06-14 03:00:00.511,77.53001,R5wtjjS0Fd,com.sec.android.app.shealth,a80b2679-d3a0-451b-9f1b-e6768c7551c6,1749859200000,
,,5f946bd9-303b-4b48-bdf2-60c0ae3a3488.extra_data.json,,0.0,63010030,0.0,0,1309.4829,63020310,2025-07-17 14:41:18.679,2025-06-27 03:00:28.658,0.0,R5wtjjS0Fd,com.sec.android.app.shealth,5f946bd9-303b-4b48-bdf2-60c0ae3a3488,1750982400000,
,,7fd4360c-ebc3-4bec-a2d1-7d504f8dec14.extra_data.json,,0.0,63010030,0.0,106053,1307.8755,63010030,2025-06-10 10:51:46.124,2025-06-09 04:29:09.294,5.82,R5wtjjS0Fd,com.sec.android.app.shealth,7fd4360c-ebc3-4bec-a2d1-7d504f8dec14,1749427200000,
,,b93a2f64-753c-4b1f-8eeb-32ea1036172f.extra_data.json,,0.0,63010030,0.0,1275094,1290.1575,63020310,2025-07-14 01:56:33.521,2025-06-16 03:42:00.320,75.94998,R5wtjjS0Fd,com.sec.android.app.shealth,b93a2f64-753c-4b1f-8eeb-32ea1036172f,1750032000000,
,,6c8977cb-09a8-49a9-a638-e6d511fa5e04.extra_data.json,,0.0,63010030,0.0,129398,1307.5217,63020310,2025-07-17 14:41:18.336,2025-06-23 03:00:00.492,7.499999,R5wtjjS0Fd,com.sec.android.app.shealth,6c8977cb-09a8-49a9-a638-e6d511fa5e04,1750636800000,
,,708b9c06-d503-405d-abff-e8030265b417.extra_data.json,,0.0,63010030,0.0,324162,1304.57,63010030,2025-06-13 08:07:39.121,2025-06-12 03:12:30.958,18.009998,R5wtjjS0Fd,com.sec.android.app.shealth,708b9c06-d503-405d-abff-e8030265b417,1749686400000,
,,2b77c5a3-fd29-4189-9423-54ec0bcf0f7a.extra_data.json,,0.0,63010030,0.0,1091092,1292.9464,63020310,2025-07-17 14:41:18.196,2025-06-21 03:44:24.547,59.51,R5wtjjS0Fd,com.sec.android.app.shealth,2b77c5a3-fd29-4189-9423-54ec0bcf0f7a,1750464000000,
,,2db4d05f-191c-4c7e-ba92-f235283b8e4a.extra_data.json,,0.0,63010030,0.0,55361,1308.6439,63010030,2025-06-14 11:42:11.151,2025-06-13 03:00:01.422,3.05,R5wtjjS0Fd,com.sec.android.app.shealth,2db4d05f-191c-4c7e-ba92-f235283b8e4a,1749772800000,
,,06367216-e44c-44fe-ba34-1f698bbe1bdf.extra_data.json,,0.0,63020270,0.0,1997975,1279.2015,63020310,2025-07-17 14:41:18.820,2025-06-29 03:00:00.884,120.270035,R5wtjjS0Fd,com.sec.android.app.shealth,06367216-e44c-44fe-ba34-1f698bbe1bdf,1751155200000,
,,8f338dd4-850e-481f-a770-bf84c2ab07ac.extra_data.json,,196.0,63010030,0.0,4679358,1238.5623,63020310,2025-07-17 14:41:18.093,2025-06-20 04:17:42.927,280.47598,R5wtjjS0Fd,com.sec.android.app.shealth,8f338dd4-850e-481f-a770-bf84c2ab07ac,1750377600000,
,,6e5c5bf9-9ecf-4ddc-aace-739524b01920.extra_data.json,,0.0,63020270,0.0,23345,1309.1292,63020310,2025-07-17 14:41:18.748,2025-06-28 04:11:12.204,1.32,R5wtjjS0Fd,com.sec.android.app.shealth,6e5c5bf9-9ecf-4ddc-aace-739524b01920,1751068800000,
,,cdd15389-85b6-4cc9-bd14-17ef280be981.extra_data.json,,0.0,63010030,0.0,2354300,1273.801,63020310,2025-07-14 01:56:33.546,2025-06-17 03:00:00.619,132.76004,R5wtjjS0Fd,com.sec.android.app.shealth,cdd15389-85b6-4cc9-bd14-17ef280be981,1750118400000,
,,56506949-6868-48cd-a1d1-ce94f7dc1125.extra_data.json,,0.0,63010030,0.0,4002,1309.4224,63020310,2025-07-17 14:41:18.405,2025-06-24 04:12:37.293,0.22,R5wtjjS0Fd,com.sec.android.app.shealth,56506949-6868-48cd-a1d1-ce94f7dc1125,1750723200000,
,,87453ae3-e959-4649-af7b-b931c946dcd7.extra_data.json,,0.0,63010030,0.0,694317,1298.9598,63020310,2025-07-14 01:56:33.553,2025-06-18 04:46:51.064,39.710003,R5wtjjS0Fd,com.sec.android.app.shealth,87453ae3-e959-4649-af7b-b931c946dcd7,1750204800000,
,,bf5cb3fa-42db-4bf7-994f-8f270b283d0d.extra_data.json,,90.0,63020270,0.0,2154548,1276.8286,63020310,2025-07-17 14:41:19.017,2025-07-02 03:00:30.513,123.039665,R5wtjjS0Fd,com.sec.android.app.shealth,bf5cb3fa-42db-4bf7-994f-8f270b283d0d,1751414400000,
,,b514f7a5-bb3d-4c5d-9e7c-c0a1a098faeb.extra_data.json,,0.0,63010030,0.0,42021,1308.8461,63020310,2025-07-17 14:41:18.557,2025-06-26 03:04:27.411,2.28,R5wtjjS0Fd,com.sec.android.app.shealth,b514f7a5-bb3d-4c5d-9e7c-c0a1a098faeb,1750896000000,
,,9b705b55-e2b2-4002-af44-9c1df5baf188.extra_data.json,,0.0,63020270,0.0,23345,1309.1292,63020310,2025-07-17 14:41:18.898,2025-06-30 03:13:37.409,1.1399994,R5wtjjS0Fd,com.sec.android.app.shealth,9b705b55-e2b2-4002-af44-9c1df5baf188,1751241600000,
,,03e0c46c-1669-47be-96de-6a338d8fbd09.extra_data.json,,0.0,63010030,0.0,19343,1309.1898,63020310,2025-07-17 14:41:18.271,2025-06-22 03:16:10.389,1.2800003,R5wtjjS0Fd,com.sec.android.app.shealth,03e0c46c-1669-47be-96de-6a338d8fbd09,1750550400000,
,,7f0e788c-be0e-43e3-b142-3d138ed4c52e.extra_data.json,,0.0,63010030,0.0,92046,1308.0879,63020310,2025-07-17 14:41:18.470,2025-06-25 04:14:27.864,5.3800006,R5wtjjS0Fd,com.sec.android.app.shealth,7f0e788c-be0e-43e3-b142-3d138ed4c52e,1750809600000,
,,7356019c-dd58-47bc-89fa-6a7eb21fdb3d.extra_data.json,,0.0,63020270,0.0,1486960,1286.9465,63020310,2025-07-17 14:41:19.423,2025-07-12 03:00:00.995,95.14002,R5wtjjS0Fd,com.sec.android.app.shealth,7356019c-dd58-47bc-89fa-6a7eb21fdb3d,1752278400000,
,,c69c8506-4494-428e-8bc2-3e25c3e31423.extra_data.json,,0.0,63020270,0.0,2576291,1270.4365,63020310,2025-07-17 14:41:19.099,2025-07-04 03:26:43.679,148.40993,R5wtjjS0Fd,com.sec.android.app.shealth,c69c8506-4494-428e-8bc2-3e25c3e31423,1751587200000,
,,ac41d74e-28d9-4089-ac97-212107046595.extra_data.json,,0.0,63020270,0.0,1714497,1283.4979,63020310,2025-07-17 14:41:19.397,2025-07-11 03:00:01.029,103.590004,R5wtjjS0Fd,com.sec.android.app.shealth,ac41d74e-28d9-4089-ac97-212107046595,1752192000000,
,,01a210e3-2f87-4e3f-b639-ec36d95ab8b1.extra_data.json,,56.0,63020270,0.0,3893510,1250.4727,63020310,2025-07-17 14:41:19.060,2025-07-03 03:00:00.828,236.30402,R5wtjjS0Fd,com.sec.android.app.shealth,01a210e3-2f87-4e3f-b639-ec36d95ab8b1,1751500800000,
,,18e2932c-1d2b-4d1e-8646-17a66dcce61b.extra_data.json,,0.0,63020270,0.0,42021,1308.8461,63020310,2025-07-17 14:41:19.176,2025-07-05 03:55:39.280,2.28,R5wtjjS0Fd,com.sec.android.app.shealth,18e2932c-1d2b-4d1e-8646-17a66dcce61b,1751673600000,
,,c30c429b-d755-43dc-a04b-f2a426f1bbcc.extra_data.json,,0.0,63020270,0.0,1463855,1287.2966,63020310,2025-07-17 14:41:18.981,2025-07-01 03:20:26.678,80.659996,R5wtjjS0Fd,com.sec.android.app.shealth,c30c429b-d755-43dc-a04b-f2a426f1bbcc,1751328000000,
,,44fa5e55-f698-4427-8f5d-b9d2755b9eee.extra_data.json,,0.0,63020270,0.0,42021,1308.8461,63020310,2025-07-17 14:41:19.335,2025-07-09 04:04:42.293,2.6799998,R5wtjjS0Fd,com.sec.android.app.shealth,44fa5e55-f698-4427-8f5d-b9d2755b9eee,1752019200000,
,,ae640e31-f2be-4842-b8e4-fd241efd5254.extra_data.json,,0.0,63020270,0.0,1649798,1284.4785,63020310,2025-07-17 14:41:19.463,2025-07-13 03:00:00.760,99.170006,R5wtjjS0Fd,com.sec.android.app.shealth,ae640e31-f2be-4842-b8e4-fd241efd5254,1752364800000,
,,32a3a5dc-3f6a-4740-bb3f-66fd80e7eaaa.extra_data.json,,0.0,63020270,0.0,0,1309.4829,63020310,2025-07-17 14:41:19.236,2025-07-06 03:00:00.877,0.0,R5wtjjS0Fd,com.sec.android.app.shealth,32a3a5dc-3f6a-4740-bb3f-66fd80e7eaaa,1751760000000,
,,68146dd0-da9d-4e4e-90b5-9dd15ce761d2.extra_data.json,,0.0,63020310,0.0,1068871,1293.2831,63020310,2025-07-18 11:55:02.743,2025-07-17 03:00:00.557,67.81,R5wtjjS0Fd,com.sec.android.app.shealth,68146dd0-da9d-4e4e-90b5-9dd15ce761d2,1752710400000,
,,655dae73-cbdf-4b6c-881c-32eeb278f67a.extra_data.json,,0.0,63020270,0.0,2003855,1279.1124,63020310,2025-07-17 14:41:19.365,2025-07-10 03:20:03.064,115.06002,R5wtjjS0Fd,com.sec.android.app.shealth,655dae73-cbdf-4b6c-881c-32eeb278f67a,1752105600000,
,,2fca5aac-3057-4c79-862b-b00b7414d7e4.extra_data.json,,0.0,63020310,0.0,1209788,1291.1472,63020310,2025-07-19 11:53:40.571,2025-07-18 03:56:25.200,71.57,R5wtjjS0Fd,com.sec.android.app.shealth,2fca5aac-3057-4c79-862b-b00b7414d7e4,1752796800000,
,,9cd8746d-cb9c-4b60-a3ac-026549753c32.extra_data.json,,0.0,63030110,0.0,38686,1308.8966,63030110,2025-07-27 12:35:02.167,2025-07-26 03:55:15.997,2.7199998,R5wtjjS0Fd,com.sec.android.app.shealth,9cd8746d-cb9c-4b60-a3ac-026549753c32,1753488000000,
,,a298fb57-34a6-476d-b582-3e6ef0d80062.extra_data.json,,0.0,63020270,0.0,1080330,1293.1094,63020310,2025-07-17 14:41:19.272,2025-07-07 03:00:00.915,66.51,R5wtjjS0Fd,com.sec.android.app.shealth,a298fb57-34a6-476d-b582-3e6ef0d80062,1751846400000,
,,81c58a95-cdae-4fde-b111-4aad105ce080.extra_data.json,,150.0,63030110,0.0,4567907,1240.2516,63030110,2025-07-25 11:48:50.268,2025-07-24 04:12:19.442,292.23834,R5wtjjS0Fd,com.sec.android.app.shealth,81c58a95-cdae-4fde-b111-4aad105ce080,1753315200000,
,,32aff6a6-b7d1-4374-a346-85f5aab47047.extra_data.json,,0.0,63020310,0.0,46690,1308.7754,63020310,2025-07-17 15:50:29.058,2025-07-16 03:27:36.073,2.6599998,R5wtjjS0Fd,com.sec.android.app.shealth,32aff6a6-b7d1-4374-a346-85f5aab47047,1752624000000,
,,aa4bca8b-1f94-4b0c-8545-a9905675388a.extra_data.json,,0.0,63020270,0.0,1274974,1290.1593,63020310,2025-07-17 14:41:19.300,2025-07-08 03:00:00.702,78.030014,R5wtjjS0Fd,com.sec.android.app.shealth,aa4bca8b-1f94-4b0c-8545-a9905675388a,1751932800000,
,,03ad12fc-4b63-4aae-bdff-0226c8ad5dae.extra_data.json,,0.0,63030110,0.0,1965169,1279.6987,63030110,2025-07-26 14:05:50.622,2025-07-25 03:26:03.890,122.770004,R5wtjjS0Fd,com.sec.android.app.shealth,03ad12fc-4b63-4aae-bdff-0226c8ad5dae,1753401600000,
,,64bd293e-c55d-47ce-9cc7-fbd1d79022f0.extra_data.json,,0.0,63020310,0.0,2049241,1278.4246,63020310,2025-07-17 14:41:19.559,2025-07-15 03:00:01.294,126.140015,R5wtjjS0Fd,com.sec.android.app.shealth,64bd293e-c55d-47ce-9cc7-fbd1d79022f0,1752537600000,
,,8464fdc5-c88c-4e74-916b-c49e35a1ba2d.extra_data.json,,0.0,63030110,0.0,1221037,1290.9768,63030110,2025-07-29 10:50:15.728,2025-07-28 03:30:00.231,74.090004,R5wtjjS0Fd,com.sec.android.app.shealth,8464fdc5-c88c-4e74-916b-c49e35a1ba2d,1753660800000,
,,364f184b-d7a6-40d5-bf5b-153e747a6ca0.extra_data.json,,0.0,63020310,0.0,28681,1309.0482,63020310,2025-07-21 15:18:54.339,2025-07-20 03:00:01.037,1.56,R5wtjjS0Fd,com.sec.android.app.shealth,364f184b-d7a6-40d5-bf5b-153e747a6ca0,1752969600000,
,,d72fd989-9375-44cf-9529-6bdde95b5ff3.extra_data.json,,0.0,63020310,0.0,2127280,1277.2418,63020310,2025-07-20 12:34:10.931,2025-07-19 03:43:26.047,128.38002,R5wtjjS0Fd,com.sec.android.app.shealth,d72fd989-9375-44cf-9529-6bdde95b5ff3,1752883200000,
,,57b49115-cdf6-44e4-adc8-ab2729b042a9.extra_data.json,,0.0,63030110,0.0,139403,1307.3702,63030110,2025-08-06 11:45:35.446,2025-08-05 03:05:41.004,7.7200003,R5wtjjS0Fd,com.sec.android.app.shealth,57b49115-cdf6-44e4-adc8-ab2729b042a9,1754352000000,
,,702ae615-2ae7-415f-99d6-9f6132291056.extra_data.json,,0.0,63020310,0.0,968881,1294.7986,63030110,2025-07-24 13:55:03.224,2025-07-23 03:00:00.632,63.72,R5wtjjS0Fd,com.sec.android.app.shealth,702ae615-2ae7-415f-99d6-9f6132291056,1753228800000,
,,c767901c-8f30-4a43-a7c3-c147fa7ca148.extra_data.json,,0.0,63030110,0.0,1673203,1284.1238,63030110,2025-08-05 11:19:40.544,2025-08-04 03:41:23.361,98.11,R5wtjjS0Fd,com.sec.android.app.shealth,c767901c-8f30-4a43-a7c3-c147fa7ca148,1754265600000,
,,bafdd527-92b9-4167-9e42-3f1b865acecb.extra_data.json,,153.0,63020310,0.0,2754618,1267.7339,63020310,2025-07-17 14:41:19.518,2025-07-14 03:00:00.758,171.81566,R5wtjjS0Fd,com.sec.android.app.shealth,bafdd527-92b9-4167-9e42-3f1b865acecb,1752451200000,
,,52975526-80d4-4d20-8b85-dc8f60dc9834.extra_data.json,,0.0,63030110,0.0,1350555,1289.0139,63030110,2025-07-28 11:43:53.242,2025-07-27 03:00:00.845,79.05001,R5wtjjS0Fd,com.sec.android.app.shealth,52975526-80d4-4d20-8b85-dc8f60dc9834,1753574400000,
,,f8cf0e1a-ea5b-4f84-a1ef-b9070ab79b90.extra_data.json,,0.0,63020310,0.0,952813,1295.042,63030110,2025-07-23 10:59:33.724,2025-07-22 03:00:00.479,59.890007,R5wtjjS0Fd,com.sec.android.app.shealth,f8cf0e1a-ea5b-4f84-a1ef-b9070ab79b90,1753142400000,
,,bd8a8fff-c59b-422a-acb1-b974d9473556.extra_data.json,,0.0,63030110,0.0,176755,1306.8041,63030110,2025-08-01 11:55:08.628,2025-07-31 03:43:35.459,10.549999,R5wtjjS0Fd,com.sec.android.app.shealth,bd8a8fff-c59b-422a-acb1-b974d9473556,1753920000000,
,,cfde30e9-e765-4da2-b8a7-89a7282ecc0b.extra_data.json,,0.0,63030110,0.0,964849,1294.8596,63030110,2025-07-31 12:19:09.966,2025-07-30 03:01:49.581,63.100002,R5wtjjS0Fd,com.sec.android.app.shealth,cfde30e9-e765-4da2-b8a7-89a7282ecc0b,1753833600000,
,,57a57a3f-7505-4b3b-bfa9-cfcc30e4143e.extra_data.json,,0.0,63020310,0.0,956208,1294.9906,63020310,2025-07-22 11:15:02.490,2025-07-21 03:00:00.714,62.25,R5wtjjS0Fd,com.sec.android.app.shealth,57a57a3f-7505-4b3b-bfa9-cfcc30e4143e,1753056000000,
,,c474f9bf-9992-47a0-8007-92dfe7a3cc66.extra_data.json,,79.0,63030110,0.0,3183894,1261.2277,63030110,2025-08-08 14:26:24.814,2025-08-07 03:00:00.592,207.406,R5wtjjS0Fd,com.sec.android.app.shealth,c474f9bf-9992-47a0-8007-92dfe7a3cc66,1754524800000,
,,7f8ec6a2-8525-4d96-bdd6-8bb751aab464.extra_data.json,,0.0,63030110,0.0,3285012,1259.6952,63030110,2025-07-30 13:45:26.954,2025-07-29 03:45:46.598,198.1,R5wtjjS0Fd,com.sec.android.app.shealth,7f8ec6a2-8525-4d96-bdd6-8bb751aab464,1753747200000,
,,16548bbb-5d70-4ce6-95d4-81f286567029.extra_data.json,,47.0,63030110,0.0,1932136,1280.1993,63030110,2025-08-12 11:49:58.620,2025-08-11 03:00:00.750,121.15083,R5wtjjS0Fd,com.sec.android.app.shealth,16548bbb-5d70-4ce6-95d4-81f286567029,1754870400000,
,,fe527b3b-841f-40df-adf8-c383cc30c150.extra_data.json,,0.0,63030110,0.0,1289131,1289.9448,63030110,2025-08-04 11:45:22.134,2025-08-03 03:00:00.661,80.1,R5wtjjS0Fd,com.sec.android.app.shealth,fe527b3b-841f-40df-adf8-c383cc30c150,1754179200000,
,,ea580f32-92aa-4239-ba45-ee19707d5d8d.extra_data.json,,0.0,63030110,0.0,450892,1297.0017,63030110,2025-08-20 13:05:53.557,2025-08-19 03:05:37.294,27.45,R5wtjjS0Fd,com.sec.android.app.shealth,ea580f32-92aa-4239-ba45-ee19707d5d8d,1755561600000,
,,00ec019e-2292-429e-8bd3-8c56fa3de89f.extra_data.json,,88.0,63030110,0.0,4046839,1248.1488,63030110,2025-08-02 11:55:06.754,2025-08-01 03:50:10.596,259.3738,R5wtjjS0Fd,com.sec.android.app.shealth,00ec019e-2292-429e-8bd3-8c56fa3de89f,1754006400000,
,,0b7f2a5f-c1ab-4612-aca1-1719758bea61.extra_data.json,,0.0,63030110,0.0,1371052,1288.7031,63030110,2025-08-10 12:18:12.296,2025-08-09 03:00:00.884,82.659996,R5wtjjS0Fd,com.sec.android.app.shealth,0b7f2a5f-c1ab-4612-aca1-1719758bea61,1754697600000,
,,5a9d753e-96ec-44c9-910a-de01e3d98ae0.extra_data.json,,0.0,63030110,0.0,132066,1307.4813,63030110,2025-08-11 10:09:17.115,2025-08-10 03:00:00.938,7.5699997,R5wtjjS0Fd,com.sec.android.app.shealth,5a9d753e-96ec-44c9-910a-de01e3d98ae0,1754784000000,
,,d783a633-9dbc-4579-9d21-4cbdb6a212c7.extra_data.json,,0.0,63030110,0.0,494187,1301.993,63030110,2025-08-03 10:35:04.244,2025-08-02 03:00:00.614,28.74,R5wtjjS0Fd,com.sec.android.app.shealth,d783a633-9dbc-4579-9d21-4cbdb6a212c7,1754092800000,
,,03e5dbef-e30c-49c8-8e10-b442c594c3fe.extra_data.json,,0.0,63030110,0.0,1084272,1293.0497,63030110,2025-08-14 15:21:26.960,2025-08-13 03:00:01.118,68.149994,R5wtjjS0Fd,com.sec.android.app.shealth,03e5dbef-e30c-49c8-8e10-b442c594c3fe,1755043200000,
,,cb48a6f0-a42c-45e1-99a8-a49b5a472709.extra_data.json,,0.0,63030110,0.0,102051,1302.266,63030110,2025-08-18 12:15:07.011,2025-08-17 03:00:01.061,5.71,R5wtjjS0Fd,com.sec.android.app.shealth,cb48a6f0-a42c-45e1-99a8-a49b5a472709,1755388800000,
,,72abf418-7aef-46a7-af6e-9d21eace8a03.extra_data.json,,0.0,63030110,0.0,1516428,1280.9224,63030110,2025-08-19 06:31:42.826,2025-08-18 03:00:00.607,94.99999,R5wtjjS0Fd,com.sec.android.app.shealth,72abf418-7aef-46a7-af6e-9d21eace8a03,1755475200000,
,,9998fd0b-86dc-46ea-9696-15a6776bfab3.extra_data.json,,0.0,63030110,0.0,79373,1302.608,63030110,2025-08-26 11:06:11.247,2025-08-25 04:59:55.119,4.49,R5wtjjS0Fd,com.sec.android.app.shealth,9998fd0b-86dc-46ea-9696-15a6776bfab3,1756080000000,
,,8bb71ab7-da2f-4fa0-a320-8f3dae2edad9.extra_data.json,,0.0,63030110,0.0,145406,1301.6117,63030110,2025-08-22 12:14:53.764,2025-08-21 03:00:00.738,8.29,R5wtjjS0Fd,com.sec.android.app.shealth,8bb71ab7-da2f-4fa0-a320-8f3dae2edad9,1755734400000,
,,c21bdbbb-7d3f-4b13-a1a4-33542b6b7896.extra_data.json,,0.0,63030110,0.0,2121750,1277.3256,63030110,2025-08-13 12:31:29.061,2025-08-12 03:00:05.752,134.34996,R5wtjjS0Fd,com.sec.android.app.shealth,c21bdbbb-7d3f-4b13-a1a4-33542b6b7896,1754956800000,
,,5b83ae3a-de28-466b-a3f1-28acebdd16b8.extra_data.json,,71.0,63030110,0.0,2603505,1270.024,63030110,2025-08-07 12:12:52.201,2025-08-06 03:00:00.586,175.22534,R5wtjjS0Fd,com.sec.android.app.shealth,5b83ae3a-de28-466b-a3f1-28acebdd16b8,1754438400000,
,,2cdd0b86-cdda-4e79-99bc-c853469f1104.extra_data.json,,0.0,63030110,0.0,34684,1303.2825,63030110,2025-08-30 12:08:39.236,2025-08-29 03:00:00.503,1.98,R5wtjjS0Fd,com.sec.android.app.shealth,2cdd0b86-cdda-4e79-99bc-c853469f1104,1756425600000,
,,d6467763-6149-4b2f-ab51-4938edbd0b66.extra_data.json,,0.0,63030110,0.0,177422,1306.794,63030110,2025-08-15 12:26:54.437,2025-08-14 03:16:22.329,10.15,R5wtjjS0Fd,com.sec.android.app.shealth,d6467763-6149-4b2f-ab51-4938edbd0b66,1755129600000,
,,7f47a54b-9085-4020-87d3-f9e54f17cdfc.extra_data.json,,0.0,63030110,0.0,184759,1301.0178,63030110,2025-08-25 11:23:55.069,2025-08-24 03:00:00.602,10.549999,R5wtjjS0Fd,com.sec.android.app.shealth,7f47a54b-9085-4020-87d3-f9e54f17cdfc,1755993600000,
,,a737e76d-aef7-4ed9-ae75-5f3b24cb856c.extra_data.json,,0.0,63030110,0.0,1437145,1287.7015,63030110,2025-08-17 12:35:03.601,2025-08-16 03:00:00.898,87.06999,R5wtjjS0Fd,com.sec.android.app.shealth,a737e76d-aef7-4ed9-ae75-5f3b24cb856c,1755302400000,
,,94f874f6-1aae-4ebf-aa14-b36fe171940a.extra_data.json,,147.0,63030110,0.0,2814207,1266.8307,63030110,2025-08-09 12:56:32.736,2025-08-08 03:00:00.655,177.02,R5wtjjS0Fd,com.sec.android.app.shealth,94f874f6-1aae-4ebf-aa14-b36fe171940a,1754611200000,
,,d4ccf1e2-9850-4c7a-95a0-c8a8b92e81f2.extra_data.json,,0.0,63030110,0.0,1607350,1279.5504,63030110,2025-08-27 13:13:41.345,2025-08-26 03:00:00.691,93.81001,R5wtjjS0Fd,com.sec.android.app.shealth,d4ccf1e2-9850-4c7a-95a0-c8a8b92e81f2,1756166400000,
,,81e134fd-8751-4fb6-bdda-4de06c4d6ff0.extra_data.json,,0.0,63030110,0.0,286143,1299.4879,63030110,2025-08-31 10:15:04.095,2025-08-30 03:00:00.520,16.48,R5wtjjS0Fd,com.sec.android.app.shealth,81e134fd-8751-4fb6-bdda-4de06c4d6ff0,1756512000000,
,,c383cc16-d172-4ace-89be-69a71ede568b.extra_data.json,,0.0,63030110,0.0,2796041,1267.106,63030110,2025-08-16 11:34:22.331,2025-08-15 03:00:00.655,173.72003,R5wtjjS0Fd,com.sec.android.app.shealth,c383cc16-d172-4ace-89be-69a71ede568b,1755216000000,
,,3d685a7f-47ae-447c-99af-40cf7b5a5b7a.extra_data.json,,0.0,63030110,0.0,1009748,1288.5685,63030110,2025-08-23 11:22:24.623,2025-08-22 03:00:00.548,60.7,R5wtjjS0Fd,com.sec.android.app.shealth,3d685a7f-47ae-447c-99af-40cf7b5a5b7a,1755820800000,
,,075e2310-73ce-4b7f-be16-cf5d0d4a55e4.extra_data.json,,0.0,63030110,0.0,725102,1292.8639,63030110,2025-09-01 13:35:03.732,2025-08-31 03:00:01.627,45.840008,R5wtjjS0Fd,com.sec.android.app.shealth,075e2310-73ce-4b7f-be16-cf5d0d4a55e4,1756598400000,
,,5a7615b4-809c-4794-a429-53a414046cdf.extra_data.json,,0.0,63030110,0.0,234117,1300.273,63030110,2025-08-24 11:29:27.572,2025-08-23 04:23:06.396,13.5,R5wtjjS0Fd,com.sec.android.app.shealth,5a7615b4-809c-4794-a429-53a414046cdf,1755907200000,
,,c45bf269-1568-4c9a-92eb-caaecebd1bf6.extra_data.json,,0.0,63030110,0.0,48691,1303.0712,63030110,2025-09-02 11:33:10.678,2025-09-01 03:00:45.040,2.73,R5wtjjS0Fd,com.sec.android.app.shealth,c45bf269-1568-4c9a-92eb-caaecebd1bf6,1756684800000,
,,aa5937e1-1d14-48e7-83ab-9d11cc0e9d0b.extra_data.json,,0.0,63030110,0.0,1109618,1287.0614,63030110,2025-08-28 13:55:03.433,2025-08-27 03:08:06.180,70.520004,R5wtjjS0Fd,com.sec.android.app.shealth,aa5937e1-1d14-48e7-83ab-9d11cc0e9d0b,1756252800000,
,,d313d54f-3d45-4df4-a623-f951379fde3b.extra_data.json,,0.0,63030110,0.0,1073143,1287.6118,63030110,2025-09-05 20:49:36.002,2025-09-04 04:30:11.256,63.480003,R5wtjjS0Fd,com.sec.android.app.shealth,d313d54f-3d45-4df4-a623-f951379fde3b,1756944000000,
,,2a8b11cd-a0c5-4234-afa2-605a31e68c28.extra_data.json,,0.0,63030110,0.0,64032,1302.8396,63030110,2025-09-13 11:15:01.637,2025-09-12 03:00:00.388,3.92,R5wtjjS0Fd,com.sec.android.app.shealth,2a8b11cd-a0c5-4234-afa2-605a31e68c28,1757635200000,
,,55c466bd-3baf-456f-9df7-24d74a01413e.extra_data.json,,326.0,63030110,0.0,5839733,1215.6823,63030110,2025-09-08 13:07:31.071,2025-09-07 04:11:44.696,399.31766,R5wtjjS0Fd,com.sec.android.app.shealth,55c466bd-3baf-456f-9df7-24d74a01413e,1757203200000,
,,455a2c1f-a54f-4639-a0a5-c89fc85c2d7d.extra_data.json,,0.0,63030110,0.0,145406,1301.6117,63030110,2025-08-21 12:55:02.037,2025-08-20 04:17:28.495,8.59,R5wtjjS0Fd,com.sec.android.app.shealth,455a2c1f-a54f-4639-a0a5-c89fc85c2d7d,1755648000000,
,,3a3ae949-78cc-4074-aab5-9a3b7f8413a2.extra_data.json,,0.0,63030110,0.0,75371,1302.6686,63030110,2025-09-12 18:35:02.699,2025-09-11 03:00:00.888,4.25,R5wtjjS0Fd,com.sec.android.app.shealth,3a3ae949-78cc-4074-aab5-9a3b7f8413a2,1757548800000,
,,341367e6-eaa6-44f0-8352-9f57c73b23f4.extra_data.json,,0.0,63030110,0.0,1094457,1287.2902,63030110,2025-09-03 10:55:02.939,2025-09-02 03:00:01.473,65.05,R5wtjjS0Fd,com.sec.android.app.shealth,341367e6-eaa6-44f0-8352-9f57c73b23f4,1756771200000,
,,e517ce03-7269-4118-9c88-89bb3014a53f.extra_data.json,,0.0,63030110,0.0,2561077,1265.1583,63030110,2025-09-10 12:55:04.098,2025-09-09 04:47:48.132,166.32996,R5wtjjS0Fd,com.sec.android.app.shealth,e517ce03-7269-4118-9c88-89bb3014a53f,1757376000000,
,,bef578a5-3b6e-40cd-9491-c43789ab6f6d.extra_data.json,,0.0,63030110,0.0,125396,1301.9137,63030110,2025-09-07 10:49:21.050,2025-09-06 04:57:33.602,6.96,R5wtjjS0Fd,com.sec.android.app.shealth,bef578a5-3b6e-40cd-9491-c43789ab6f6d,1757116800000,
,,7e82e40d-459d-4438-80d6-83de3377723d.extra_data.json,,0.0,63030110,0.0,1733293,1277.6499,63030110,2025-09-09 12:20:40.060,2025-09-08 03:52:04.103,105.53,R5wtjjS0Fd,com.sec.android.app.shealth,7e82e40d-459d-4438-80d6-83de3377723d,1757289600000,
,,4aa48d75-c9f6-45d1-8be4-8332d571bede.extra_data.json,,0.0,63030110,0.0,3598569,1249.5023,63030110,2025-08-29 12:55:03.354,2025-08-28 03:00:00.723,237.84001,R5wtjjS0Fd,com.sec.android.app.shealth,4aa48d75-c9f6-45d1-8be4-8332d571bede,1756339200000,
,,4efbd2c2-7773-4cb8-bd46-c9b0385f220e.extra_data.json,,301.0,63030110,0.0,6008201,1213.1401,63030110,2025-09-04 11:15:02.396,2025-09-03 03:59:56.958,397.32733,R5wtjjS0Fd,com.sec.android.app.shealth,4efbd2c2-7773-4cb8-bd46-c9b0385f220e,1756857600000,
,,241f1ab9-804b-49b8-a665-af8346d8d60d.extra_data.json,,0.0,63030110,0.0,899693,1290.2291,63030110,2025-09-20 11:15:03.404,2025-09-19 04:49:34.034,52.550003,R5wtjjS0Fd,com.sec.android.app.shealth,241f1ab9-804b-49b8-a665-af8346d8d60d,1758240000000,
,,f04219ae-62c1-4385-8a45-2b76ce84c98c.extra_data.json,,42.0,63030110,0.0,5107619,1226.7302,63030110,2025-09-21 10:45:03.013,2025-09-20 03:00:01.209,319.21805,R5wtjjS0Fd,com.sec.android.app.shealth,f04219ae-62c1-4385-8a45-2b76ce84c98c,1758326400000,
,,1abb5f4c-9421-430e-b532-445579d2b828.extra_data.json,,0.0,63030110,0.0,30682,1303.3429,63030110,2025-09-11 12:28:33.781,2025-09-10 03:00:00.784,1.72,R5wtjjS0Fd,com.sec.android.app.shealth,1abb5f4c-9421-430e-b532-445579d2b828,1757462400000,
,,7979453e-75d8-415f-aa06-a41c6a03eb72.extra_data.json,,0.0,63030110,0.0,4394540,1237.4907,63030110,2025-09-17 13:30:11.418,2025-09-16 03:30:04.867,261.08,R5wtjjS0Fd,com.sec.android.app.shealth,7979453e-75d8-415f-aa06-a41c6a03eb72,1757980800000,
,,4103907e-1689-4606-a5b0-a9f7b727375a.extra_data.json,,0.0,63051050,0.0,2570630,1265.0142,63051050,2025-09-29 12:15:02.306,2025-09-28 03:44:24.398,150.86,R5wtjjS0Fd,com.sec.android.app.shealth,4103907e-1689-4606-a5b0-a9f7b727375a,1759017600000,
,,d70c5fc0-ca93-432c-86c6-47ee6bf8ecb2.extra_data.json,,0.0,63030110,0.0,1207150,1285.5896,63030110,2025-09-15 13:30:10.764,2025-09-14 03:45:39.183,67.43,R5wtjjS0Fd,com.sec.android.app.shealth,d70c5fc0-ca93-432c-86c6-47ee6bf8ecb2,1757808000000,
,,2cc6b68a-dd49-49ea-b0cb-69c77b8db124.extra_data.json,,0.0,63030110,0.0,2111392,1271.9442,63030110,2025-09-19 13:13:00.868,2025-09-18 03:00:01.162,125.77003,R5wtjjS0Fd,com.sec.android.app.shealth,2cc6b68a-dd49-49ea-b0cb-69c77b8db124,1758153600000,
,,cad3ab64-299c-4c21-9249-c90dad9ccee6.extra_data.json,,0.0,63030110,0.0,26680,1303.4033,63030110,2025-09-06 13:11:17.511,2025-09-05 03:00:00.884,1.4699999,R5wtjjS0Fd,com.sec.android.app.shealth,cad3ab64-299c-4c21-9249-c90dad9ccee6,1757030400000,
,,007d25c4-07b1-4102-adf2-232362b4103d.extra_data.json,,0.0,63030110,0.0,1972506,1274.0402,63030110,2025-09-14 13:15:00.655,2025-09-13 03:00:00.637,114.45999,R5wtjjS0Fd,com.sec.android.app.shealth,007d25c4-07b1-4102-adf2-232362b4103d,1757721600000,
,,900a1440-ded7-40a1-9f88-f1f732362ce9.extra_data.json,,0.0,63030110,0.0,78039,1302.6283,63030110,2025-09-22 14:54:28.916,2025-09-21 04:34:53.379,4.33,R5wtjjS0Fd,com.sec.android.app.shealth,900a1440-ded7-40a1-9f88-f1f732362ce9,1758412800000,
,,b583c886-8dc7-44d3-b794-388df738997c.extra_data.json,,0.0,63030110,0.0,29348,1303.363,63030110,2025-09-23 10:52:24.896,2025-09-22 03:11:22.510,1.6100001,R5wtjjS0Fd,com.sec.android.app.shealth,b583c886-8dc7-44d3-b794-388df738997c,1758499200000,
,,56d2b9db-74d9-4083-9ecd-ec957a45f13b.extra_data.json,,0.0,63051050,0.0,1364382,1283.2169,63051050,2025-10-26 17:39:24.003,2025-09-30 03:00:00.880,83.549995,R5wtjjS0Fd,com.sec.android.app.shealth,56d2b9db-74d9-4083-9ecd-ec957a45f13b,1759190400000,
,,69a2e417-4da3-4df9-ab89-ea73219f35c8.extra_data.json,,0.0,63051050,0.0,676248,1293.6011,63051050,2025-10-26 17:39:23.963,2025-09-29 03:00:00.830,41.75,R5wtjjS0Fd,com.sec.android.app.shealth,69a2e417-4da3-4df9-ab89-ea73219f35c8,1759104000000,
,,a183dbdc-67bd-449e-8fcb-f8e1369f37d4.extra_data.json,,0.0,63051050,0.0,27347,1303.3933,63051050,2025-10-26 17:39:24.193,2025-10-04 03:58:29.384,1.5899999,R5wtjjS0Fd,com.sec.android.app.shealth,a183dbdc-67bd-449e-8fcb-f8e1369f37d4,1759536000000,
,,ae48a958-64a8-49c6-959e-58e57d94ecd7.extra_data.json,,0.0,63051050,0.0,1151609,1286.4277,63051050,2025-09-26 15:20:34.731,2025-09-25 03:00:00.594,71.26,R5wtjjS0Fd,com.sec.android.app.shealth,ae48a958-64a8-49c6-959e-58e57d94ecd7,1758758400000,
,,ca542568-7460-49a2-8061-61ab53e2bf4e.extra_data.json,,114.0,63030110,0.0,3400868,1252.4857,63030110,2025-09-16 11:07:13.976,2025-09-15 03:00:00.472,218.95,R5wtjjS0Fd,com.sec.android.app.shealth,ca542568-7460-49a2-8061-61ab53e2bf4e,1757894400000,
,,318ef602-9cec-4109-8b3a-667036cd10cb.extra_data.json,,0.0,63051050,0.0,3145018,1256.3466,63051050,2025-09-27 03:00:01.638,2025-09-26 03:00:00.752,187.47998,R5wtjjS0Fd,com.sec.android.app.shealth,318ef602-9cec-4109-8b3a-667036cd10cb,1758844800000,
,,7a70b6c0-161d-49d3-8c60-4944a6b89773.extra_data.json,,0.0,63030110,0.0,76705,1302.6484,63030110,2025-09-18 10:09:07.064,2025-09-17 03:48:57.982,4.2999997,R5wtjjS0Fd,com.sec.android.app.shealth,7a70b6c0-161d-49d3-8c60-4944a6b89773,1758067200000,
,,39a1fddc-b5af-4b3b-92a4-8ae935d95293.extra_data.json,,0.0,63051050,0.0,0,1283.4828,63051050,2025-11-04 13:00:59.456,2025-10-08 03:00:00.539,0.0,Yrp2M34ZOI,com.sec.android.app.shealth,39a1fddc-b5af-4b3b-92a4-8ae935d95293,1759881600000,
,,6477ef0e-1525-43b4-8e25-f4da16ffecab.extra_data.json,,0.0,63030110,0.0,1628334,1279.2338,63051050,2025-09-25 01:26:48.951,2025-09-23 04:18:34.495,100.14,R5wtjjS0Fd,com.sec.android.app.shealth,6477ef0e-1525-43b4-8e25-f4da16ffecab,1758585600000,
,,118fed06-e64e-4202-9ab8-3b09907dd7ba.extra_data.json,,0.0,63051050,0.0,0,1303.8059,63051050,2025-10-26 17:39:24.160,2025-10-03 03:00:01.485,0.0,R5wtjjS0Fd,com.sec.android.app.shealth,118fed06-e64e-4202-9ab8-3b09907dd7ba,1759449600000,
,,20edb59d-ae88-4cc7-a4a5-116b7d1337d4.extra_data.json,,0.0,63051050,0.0,0,1303.8059,63051050,2025-09-28 17:35:03.255,2025-09-27 03:00:00.809,0.0,R5wtjjS0Fd,com.sec.android.app.shealth,20edb59d-ae88-4cc7-a4a5-116b7d1337d4,1758931200000,
,,0e15c4d4-a52d-4767-b6d3-90863050ad22.extra_data.json,,0.0,63051050,0.0,2703845,1263.0039,63051050,2025-10-26 17:39:24.093,2025-10-01 03:00:01.590,169.31003,R5wtjjS0Fd,com.sec.android.app.shealth,0e15c4d4-a52d-4767-b6d3-90863050ad22,1759276800000,
,,409208c8-7015-4ef8-abdf-a99afd89d13e.extra_data.json,,0.0,63051050,0.0,62698,1302.8597,63051050,2025-10-26 17:39:24.243,2025-10-06 03:39:24.746,3.62,R5wtjjS0Fd,com.sec.android.app.shealth,409208c8-7015-4ef8-abdf-a99afd89d13e,1759708800000,
,,ff66fdf8-294e-454c-8877-1145b9a818a9.extra_data.json,,0.0,63051050,0.0,382191,1298.0385,63051050,2025-10-26 17:39:24.129,2025-10-02 03:51:49.576,22.369997,R5wtjjS0Fd,com.sec.android.app.shealth,ff66fdf8-294e-454c-8877-1145b9a818a9,1759363200000,
,,15a89b5a-d795-42c3-becd-eabe7cdc25a9.extra_data.json,,0.0,63051050,0.0,478906,1281.141,63051050,2025-11-05 11:54:43.411,2025-10-09 03:41:36.072,27.249998,Yrp2M34ZOI,com.sec.android.app.shealth,15a89b5a-d795-42c3-becd-eabe7cdc25a9,1759968000000,
,,c75738ae-3077-44f7-b16a-4565e1811484.extra_data.json,,0.0,63051050,0.0,2031959,1257.9839,63051050,2025-11-07 18:45:14.032,2025-10-11 03:59:07.327,123.35001,Yrp2M34ZOI,com.sec.android.app.shealth,c75738ae-3077-44f7-b16a-4565e1811484,1760140800000,
,,3d545490-2bf6-46c7-a437-1426b08abf51.extra_data.json,,0.0,63030110,0.0,58696,1302.9202,63051050,2025-09-25 12:55:02.381,2025-09-24 04:21:43.308,3.2599995,R5wtjjS0Fd,com.sec.android.app.shealth,3d545490-2bf6-46c7-a437-1426b08abf51,1758672000000,
,,f3dc5796-ec52-4e0d-93df-e12739ecac27.extra_data.json,,0.0,63051050,0.0,1136418,1271.337,63051050,2025-11-10 17:20:47.451,2025-10-14 03:00:00.595,67.930016,Yrp2M34ZOI,com.sec.android.app.shealth,f3dc5796-ec52-4e0d-93df-e12739ecac27,1760400000000,
,,22709e18-9924-441a-8334-e81e3ba7ef08.extra_data.json,,0.0,63051050,0.0,69368,1287.2474,63051050,2025-11-12 19:05:56.261,2025-10-16 03:00:01.108,3.81,Yrp2M34ZOI,com.sec.android.app.shealth,22709e18-9924-441a-8334-e81e3ba7ef08,1760572800000,
,,276b6465-5b23-4cb1-aa96-0c285ef33c95.extra_data.json,,0.0,63051050,0.0,105386,1286.7103,63051050,2025-11-13 21:29:06.044,2025-10-17 03:00:00.849,5.93,Yrp2M34ZOI,com.sec.android.app.shealth,276b6465-5b23-4cb1-aa96-0c285ef33c95,1760659200000,
,,f9bad3e6-e7ab-4501-8be9-bf20846be458.extra_data.json,,0.0,63051050,0.0,24679,1287.9137,63051050,2025-11-06 11:49:21.909,2025-10-10 03:00:00.558,1.3199999,Yrp2M34ZOI,com.sec.android.app.shealth,f9bad3e6-e7ab-4501-8be9-bf20846be458,1760054400000,
,,f6171ec4-9c0e-4864-bde3-d61b64ef3eca.extra_data.json,,0.0,63051050,0.0,1498359,1265.9402,63060070,2025-11-15 01:31:32.433,2025-10-18 03:00:00.677,93.56,Yrp2M34ZOI,com.sec.android.app.shealth,f6171ec4-9c0e-4864-bde3-d61b64ef3eca,1760745600000,
,,d0c1b0c8-3b77-4bfa-b812-eb14a4dfbdb6.extra_data.json,,0.0,63051050,0.0,48691,1303.0712,63051050,2025-10-26 17:39:24.225,2025-10-05 03:32:18.126,2.78,R5wtjjS0Fd,com.sec.android.app.shealth,d0c1b0c8-3b77-4bfa-b812-eb14a4dfbdb6,1759622400000,
,,e1902d17-bd3b-4c6a-a7bd-18eeeb3ec892.extra_data.json,,0.0,63051050,0.0,1688514,1263.1049,63060070,2025-11-18 23:31:06.107,2025-10-22 04:57:13.592,105.880005,Yrp2M34ZOI,com.sec.android.app.shealth,e1902d17-bd3b-4c6a-a7bd-18eeeb3ec892,1761091200000,
,,286b91a8-47ac-4e70-b0e1-fcbfcc6f2254.extra_data.json,,0.0,63051050,0.0,1581427,1264.7017,63060070,2025-11-20 21:39:10.796,2025-10-24 03:00:01.022,92.03001,Yrp2M34ZOI,com.sec.android.app.shealth,286b91a8-47ac-4e70-b0e1-fcbfcc6f2254,1761264000000,
,,48a71404-1259-4fcf-8830-4c4e4cdb299f.extra_data.json,,0.0,63051050,0.0,2272151,1269.5183,63051050,2025-11-03 12:59:17.712,2025-10-07 03:00:00.884,137.73001,Yrp2M34ZOI,com.sec.android.app.shealth,48a71404-1259-4fcf-8830-4c4e4cdb299f,1759795200000,
,,f3ba4260-66c2-482b-841c-c4360af3907b.extra_data.json,,0.0,63051050,0.0,0,1288.2817,63051050,2025-11-08 13:46:21.388,2025-10-12 03:08:51.319,0.0,Yrp2M34ZOI,com.sec.android.app.shealth,f3ba4260-66c2-482b-841c-c4360af3907b,1760227200000,
,,be7586f2-8da9-4ed7-910f-7e33a61ab025.extra_data.json,,0.0,63051050,0.0,28014,1287.864,63051050,2025-11-09 17:15:20.068,2025-10-13 03:31:20.181,1.5500001,Yrp2M34ZOI,com.sec.android.app.shealth,be7586f2-8da9-4ed7-910f-7e33a61ab025,1760313600000,
,,8895a65c-84f1-46ed-b297-e50e72ef95ee.extra_data.json,,0.0,63051050,0.0,2715971,1247.7848,63060070,2025-11-17 00:45:21.626,2025-10-20 03:00:01.002,174.01,Yrp2M34ZOI,com.sec.android.app.shealth,8895a65c-84f1-46ed-b297-e50e72ef95ee,1760918400000,
,,b162b525-b576-4f64-831b-37720130db82.extra_data.json,,0.0,63051050,0.0,1501664,1265.8909,63051050,2025-11-11 16:59:23.671,2025-10-15 03:14:52.611,95.88,Yrp2M34ZOI,com.sec.android.app.shealth,b162b525-b576-4f64-831b-37720130db82,1760486400000,
,,ca146573-f617-4dbc-bed4-883e762d7d3c.extra_data.json,,0.0,63051050,0.0,727947,1277.4276,63060070,2025-11-16 00:43:16.732,2025-10-19 03:00:01.596,43.11,Yrp2M34ZOI,com.sec.android.app.shealth,ca146573-f617-4dbc-bed4-883e762d7d3c,1760832000000,
,,77bc56ba-03c0-4532-b35f-49ff471206fe.extra_data.json,,0.0,63051050,0.0,3231742,1240.0942,63060070,2025-11-20 01:18:02.210,2025-10-23 03:00:00.804,196.56003,Yrp2M34ZOI,com.sec.android.app.shealth,77bc56ba-03c0-4532-b35f-49ff471206fe,1761177600000,
,,0cfc5d35-1f38-4275-a846-7a840a81d81a.extra_data.json,,121.0,63051050,0.0,4722161,1217.8712,63060070,2025-11-17 18:46:56.044,2025-10-21 03:00:00.925,312.051,Yrp2M34ZOI,com.sec.android.app.shealth,0cfc5d35-1f38-4275-a846-7a840a81d81a,1761004800000,
,,750aeb96-2746-4538-9da1-60d7186e83b9.extra_data.json,,0.0,63051050,0.0,1800720,1261.4318,63060070,2025-11-22 02:31:13.123,2025-10-25 03:00:00.727,106.899994,Yrp2M34ZOI,com.sec.android.app.shealth,750aeb96-2746-4538-9da1-60d7186e83b9,1761350400000,
,,99309d69-a378-49d8-b45e-d022e6a47837.extra_data.json,,0.0,63051050,0.0,2976281,1243.9034,63060070,2025-11-22 22:36:47.051,2025-10-26 03:00:00.773,164.31,Yrp2M34ZOI,com.sec.android.app.shealth,99309d69-a378-49d8-b45e-d022e6a47837,1761436800000,
,,78f5f3ea-aa80-4883-aeed-95cfc3bdd641.extra_data.json,,1007.0,63051050,0.0,17149083,1032.5775,63060070,2025-11-23 22:42:27.828,2025-10-27 04:00:52.394,1202.1499,Yrp2M34ZOI,com.sec.android.app.shealth,78f5f3ea-aa80-4883-aeed-95cfc3bdd641,1761523200000,
,,a87cb52b-d314-4a28-8ae7-c284ccd5f3d4.extra_data.json,,224.0,63051050,0.0,8623880,1159.694,63060070,2025-11-25 02:26:38.770,2025-10-28 03:00:01.756,534.6046,Yrp2M34ZOI,com.sec.android.app.shealth,a87cb52b-d314-4a28-8ae7-c284ccd5f3d4,1761609600000,
,,240eebc9-3ded-48ec-ad75-84c814d689e8.extra_data.json,,166.0,63051050,0.0,7875790,1170.8484,63060070,2025-11-26 01:56:19.831,2025-10-29 03:58:52.312,472.35498,Yrp2M34ZOI,com.sec.android.app.shealth,240eebc9-3ded-48ec-ad75-84c814d689e8,1761696000000,
,,221f06ef-c015-4153-a20d-bbbe0f4fd43f.extra_data.json,,0.0,63051050,0.0,5135941,1211.7014,63060070,2025-11-26 20:24:23.676,2025-10-30 03:00:02.330,276.33994,Yrp2M34ZOI,com.sec.android.app.shealth,221f06ef-c015-4153-a20d-bbbe0f4fd43f,1761782400000,
,,8b8d2a51-930d-4b5d-8d97-c804e327cf7b.extra_data.json,,224.0,63051050,0.0,7956425,1169.6461,63060070,2025-11-27 23:14:27.787,2025-10-31 04:49:22.176,494.74866,Yrp2M34ZOI,com.sec.android.app.shealth,8b8d2a51-930d-4b5d-8d97-c804e327cf7b,1761868800000,
,,3133a02d-1616-4223-a0fa-978fe8ad8ada.extra_data.json,,0.0,63051050,0.0,5744279,1202.6306,63060070,2025-11-29 00:51:45.044,2025-11-01 03:00:00.627,297.17996,Yrp2M34ZOI,com.sec.android.app.shealth,3133a02d-1616-4223-a0fa-978fe8ad8ada,1761955200000,
,,18606bad-53cb-434b-b8a3-91bea0169bd3.extra_data.json,,0.0,63051050,0.0,2528861,1250.5747,63060070,2025-11-30 02:10:22.250,2025-11-02 03:00:00.787,132.19003,Yrp2M34ZOI,com.sec.android.app.shealth,18606bad-53cb-434b-b8a3-91bea0169bd3,1762041600000,
,,6d54f3cf-c387-4652-a2fc-ab81ac047da6.extra_data.json,,0.0,63051050,0.0,7166985,1200.5829,63060070,2025-12-02 01:18:10.757,2025-11-04 04:26:35.519,357.97006,Yrp2M34ZOI,com.sec.android.app.shealth,6d54f3cf-c387-4652-a2fc-ab81ac047da6,1762214400000,
,,54e9a173-b5c8-45e4-b9a5-015f03fb7c31.extra_data.json,,53.0,63051050,0.0,5978969,1218.5844,63060070,2025-12-03 01:26:15.046,2025-11-05 05:53:49.462,328.32346,Yrp2M34ZOI,com.sec.android.app.shealth,54e9a173-b5c8-45e4-b9a5-015f03fb7c31,1762300800000,
,,8c51abd3-5029-403c-9ce3-aa9e2441ae03.extra_data.json,,1363.0,63051050,0.0,22511071,968.0807,63060070,2025-12-03 23:28:20.344,2025-11-06 03:12:40.602,1593.4089,Yrp2M34ZOI,com.sec.android.app.shealth,8c51abd3-5029-403c-9ce3-aa9e2441ae03,1762387200000,
,,3af46f08-2485-4427-a55b-300ba1746533.extra_data.json,,2658.0,63051050,0.0,42200194,669.7402,63060070,2025-12-05 02:56:28.407,2025-11-07 06:43:47.956,2846.6516,Yrp2M34ZOI,com.sec.android.app.shealth,3af46f08-2485-4427-a55b-300ba1746533,1762473600000,
,,c0119c5d-b51d-451f-b60d-e2b538c70e76.extra_data.json,,0.0,63051050,0.0,7714940,1192.2799,63060070,2025-12-06 01:09:14.971,2025-11-08 03:44:57.095,374.29996,Yrp2M34ZOI,com.sec.android.app.shealth,c0119c5d-b51d-451f-b60d-e2b538c70e76,1762560000000,
,,039efe7c-68f6-42ad-92de-ab9cf21b8ab4.extra_data.json,,0.0,63051050,0.0,6406221,1212.1104,63060070,2025-12-07 01:11:28.427,2025-11-09 05:13:55.212,322.72983,Yrp2M34ZOI,com.sec.android.app.shealth,039efe7c-68f6-42ad-92de-ab9cf21b8ab4,1762646400000,
,,d918b61b-d787-4365-b73f-81cefa6ce27a.extra_data.json,,197.0,63051050,0.0,5899792,1219.784,63060070,2025-12-08 02:02:49.090,2025-11-10 05:16:01.580,367.7423,Yrp2M34ZOI,com.sec.android.app.shealth,d918b61b-d787-4365-b73f-81cefa6ce27a,1762732800000,
,,be6ec758-07e9-4574-b804-83dbdc008a8e.extra_data.json,,0.0,63051050,0.0,7230780,1199.6162,63060070,2025-12-09 01:25:01.409,2025-11-11 03:00:00.648,370.53006,Yrp2M34ZOI,com.sec.android.app.shealth,be6ec758-07e9-4574-b804-83dbdc008a8e,1762819200000,
,,b097400f-281c-4179-8252-35487d0cf024.extra_data.json,,46.0,63051050,0.0,5965738,1218.7849,63060070,2025-12-09 22:14:42.324,2025-11-12 07:04:29.302,300.51688,Yrp2M34ZOI,com.sec.android.app.shealth,b097400f-281c-4179-8252-35487d0cf024,1762905600000,
,,df89034c-11c9-495f-a052-3b1ff09a42f6.extra_data.json,,0.0,63051050,0.0,4623243,1239.1271,63060070,2025-12-10 23:54:00.309,2025-11-13 07:06:34.485,224.67001,Yrp2M34ZOI,com.sec.android.app.shealth,df89034c-11c9-495f-a052-3b1ff09a42f6,1762992000000,
,,4b1fa710-56ef-4396-8695-a788d6da576f.extra_data.json,,0.0,63051050,0.0,5419023,1227.069,63060070,2025-12-11 21:57:01.394,2025-11-14 03:29:15.003,263.46997,Yrp2M34ZOI,com.sec.android.app.shealth,4b1fa710-56ef-4396-8695-a788d6da576f,1763078400000,
,,6f9503db-705a-4805-8386-be93d039d19b.extra_data.json,,0.0,63060070,0.0,4803743,1236.392,63060070,2025-12-13 01:27:07.332,2025-11-15 07:31:55.225,230.6701,Yrp2M34ZOI,com.sec.android.app.shealth,6f9503db-705a-4805-8386-be93d039d19b,1763164800000,
,,fe9dda9d-d354-4ae2-a168-4aa68fed4d98.extra_data.json,,0.0,63060070,0.0,6410543,1212.0449,63060070,2025-12-14 01:37:42.112,2025-11-16 06:43:35.011,318.43988,Yrp2M34ZOI,com.sec.android.app.shealth,fe9dda9d-d354-4ae2-a168-4aa68fed4d98,1763251200000,
,,e732cbcf-2201-4fb3-b514-a27c5e212f38.extra_data.json,,91.0,63060070,0.0,3892160,1250.2048,63060070,2025-12-15 00:20:50.517,2025-11-17 06:45:41.213,236.51942,Yrp2M34ZOI,com.sec.android.app.shealth,e732cbcf-2201-4fb3-b514-a27c5e212f38,1763337600000,
,,da456e90-7ef0-4736-9b63-fe6225d8b612.extra_data.json,,184.0,63060070,0.0,5092279,1232.02,63060070,2025-12-16 00:48:58.807,2025-11-18 06:47:47.323,334.30045,Yrp2M34ZOI,com.sec.android.app.shealth,da456e90-7ef0-4736-9b63-fe6225d8b612,1763424000000,
,,6117627f-6c60-41bb-9ce1-4634639a2195.extra_data.json,,0.0,63060070,0.0,1036518,545.67975,63060070,2025-11-19 13:27:13.142,2025-11-19 03:37:42.637,49.339996,Yrp2M34ZOI,com.sec.android.app.shealth,6117627f-6c60-41bb-9ce1-4634639a2195,1763510400000,
,,4b2a41d2-b2c7-4f01-865b-825e72fa9f68.extra_data.json,,73.0,63060070,0.0,6899461,1204.6365,63070030,2025-12-17 22:32:17.799,2025-11-20 03:26:29.768,346.731,Yrp2M34ZOI,com.sec.android.app.shealth,4b2a41d2-b2c7-4f01-865b-825e72fa9f68,1763596800000,
,,a9c22908-a717-4583-b782-2eaafdf0e2f4.extra_data.json,,44.0,63060070,0.0,6703915,1207.5996,63070030,2025-12-19 00:00:46.694,2025-11-21 03:39:10.887,350.11658,Yrp2M34ZOI,com.sec.android.app.shealth,a9c22908-a717-4583-b782-2eaafdf0e2f4,1763683200000,
,,2c1c0cee-0c2e-45a8-83e0-df62d0055e77.extra_data.json,,18.0,63060070,0.0,7569254,1194.4874,63070030,2025-12-20 00:11:35.768,2025-11-22 03:00:02.017,324.15317,Yrp2M34ZOI,com.sec.android.app.shealth,2c1c0cee-0c2e-45a8-83e0-df62d0055e77,1763769600000,
,,a900c5a8-52b5-4eb8-99ae-528af0a5aac0.extra_data.json,,0.0,63060070,0.0,4571193,1239.9158,63070030,2025-12-21 02:01:53.556,2025-11-23 04:46:35.258,218.6,Yrp2M34ZOI,com.sec.android.app.shealth,a900c5a8-52b5-4eb8-99ae-528af0a5aac0,1763856000000,
,,c0fa5fd8-8de2-4f99-aa3b-df706fe7dfaf.extra_data.json,,386.0,63060070,0.0,9165137,1170.3058,63070030,2025-12-21 23:57:14.767,2025-11-24 04:52:26.302,561.891,Yrp2M34ZOI,com.sec.android.app.shealth,c0fa5fd8-8de2-4f99-aa3b-df706fe7dfaf,1763942400000,
,,5c81ff3a-a4e5-4a6a-87bc-cf9b860476f7.extra_data.json,,0.0,63060070,0.0,4015827,1248.331,63070030,2025-12-22 23:38:57.709,2025-11-25 08:26:57.546,198.01996,Yrp2M34ZOI,com.sec.android.app.shealth,5c81ff3a-a4e5-4a6a-87bc-cf9b860476f7,1764028800000,
,,f5cebbfb-e014-4ecc-a27e-81a3b67f0522.extra_data.json,,0.0,63060070,0.0,6712484,1207.4698,63070030,2025-12-24 02:31:09.203,2025-11-26 05:56:36.857,321.78995,Yrp2M34ZOI,com.sec.android.app.shealth,f5cebbfb-e014-4ecc-a27e-81a3b67f0522,1764115200000,
,,029b2cfd-25f0-45dd-a798-3c60b41cf81e.extra_data.json,,0.0,63060070,0.0,5270158,1229.3246,63070030,2025-12-25 01:39:33.689,2025-11-27 03:10:39.156,260.4001,Yrp2M34ZOI,com.sec.android.app.shealth,029b2cfd-25f0-45dd-a798-3c60b41cf81e,1764201600000,
,,2c8ab96e-ea7c-481b-baab-6518eb4a5fd8.extra_data.json,,0.0,63060070,0.0,8554420,1179.5597,63070030,2025-12-25 16:08:59.732,2025-11-28 03:39:32.269,419.04,Yrp2M34ZOI,com.sec.android.app.shealth,2c8ab96e-ea7c-481b-baab-6518eb4a5fd8,1764288000000,
,,f556739d-a6f7-4f36-a509-c2a6aa087123.extra_data.json,,0.0,63060070,0.0,7247142,1199.3683,63070030,2025-12-27 02:56:36.877,2025-11-29 03:00:01.378,353.74985,Yrp2M34ZOI,com.sec.android.app.shealth,f556739d-a6f7-4f36-a509-c2a6aa087123,1764374400000,
,,f3cad6fe-8bdd-4afb-b119-0f5eacfae545.extra_data.json,,0.0,63060070,0.0,2825615,1266.3657,63070030,2025-12-27 17:08:01.505,2025-11-30 03:32:30.208,138.36002,Yrp2M34ZOI,com.sec.android.app.shealth,f3cad6fe-8bdd-4afb-b119-0f5eacfae545,1764460800000,
,,2dc3d435-9aad-40c0-942f-2fb989f0ff66.extra_data.json,,130.0,63060070,0.0,4756359,1237.11,63070030,2025-12-27 17:08:01.508,2025-12-01 05:09:03.372,268.00354,Yrp2M34ZOI,com.sec.android.app.shealth,2dc3d435-9aad-40c0-942f-2fb989f0ff66,1764547200000,
,,c916ddc2-65a6-45e6-87c4-58e6bd1ed57e.extra_data.json,,0.0,63060070,0.0,5619869,1224.0256,63070030,2025-12-27 17:08:01.524,2025-12-02 07:28:00.359,269.28992,Yrp2M34ZOI,com.sec.android.app.shealth,c916ddc2-65a6-45e6-87c4-58e6bd1ed57e,1764633600000,
,,3faec41b-3960-4a58-ab26-a0e8ed87ec02.extra_data.json,,1469.0,63060070,0.0,22111793,974.1308,63070030,2025-12-27 17:08:01.528,2025-12-03 05:26:33.711,1646.71,Yrp2M34ZOI,com.sec.android.app.shealth,3faec41b-3960-4a58-ab26-a0e8ed87ec02,1764720000000,
,,8da398dc-cb27-48bd-bad9-926138f83c79.extra_data.json,,297.0,63060070,0.0,8160397,1185.5302,63070030,2025-12-27 17:08:01.531,2025-12-04 05:28:41.847,488.58844,Yrp2M34ZOI,com.sec.android.app.shealth,8da398dc-cb27-48bd-bad9-926138f83c79,1764806400000,
,,85b8fce1-95a6-478d-af5e-26d4c83f2ca8.extra_data.json,,0.0,63060070,0.0,5135391,1231.3667,63070030,2025-12-27 17:08:01.549,2025-12-05 06:56:46.937,251.48001,Yrp2M34ZOI,com.sec.android.app.shealth,85b8fce1-95a6-478d-af5e-26d4c83f2ca8,1764892800000,
,,9e8ce73c-8d82-4580-98e1-f16a5442882e.extra_data.json,,60.0,63060070,0.0,5335857,1228.3292,63070030,2025-12-27 17:08:01.551,2025-12-06 07:09:24.232,279.99155,Yrp2M34ZOI,com.sec.android.app.shealth,9e8ce73c-8d82-4580-98e1-f16a5442882e,1764979200000,
,,250375e8-11f7-4f7d-9366-4206fd5c8bf7.extra_data.json,,0.0,63060070,0.0,5364400,1227.8966,63070030,2025-12-27 17:08:01.554,2025-12-07 07:11:33.373,260.08,Yrp2M34ZOI,com.sec.android.app.shealth,250375e8-11f7-4f7d-9366-4206fd5c8bf7,1765065600000,
,,4ba2a44c-45cc-44a5-be66-73307d3a317f.extra_data.json,,62.0,63060070,0.0,4236992,1244.9797,63070030,2025-12-27 17:08:01.557,2025-12-08 03:52:54.744,221.36162,Yrp2M34ZOI,com.sec.android.app.shealth,4ba2a44c-45cc-44a5-be66-73307d3a317f,1765152000000,
,,db2caac3-272c-4428-ae7c-c22def0dd363.extra_data.json,,85.0,63060070,0.0,5533690,1225.3315,63070030,2025-12-27 17:08:01.572,2025-12-09 05:25:09.348,328.761,Yrp2M34ZOI,com.sec.android.app.shealth,db2caac3-272c-4428-ae7c-c22def0dd363,1765238400000,
,,93ba20b8-31cd-4450-8f73-10221025cb93.extra_data.json,,116.0,63060070,0.0,7535214,1195.0032,63070030,2026-01-06 12:03:28.210,2025-12-10 04:14:59.247,395.49097,Yrp2M34ZOI,com.sec.android.app.shealth,93ba20b8-31cd-4450-8f73-10221025cb93,1765324800000,
,,a1005e67-77c3-4f43-b053-707c5a36a0d6.extra_data.json,,103.0,63060070,0.0,7633734,1193.5104,63070030,2026-01-06 12:03:28.232,2025-12-11 03:54:20.392,392.81815,Yrp2M34ZOI,com.sec.android.app.shealth,a1005e67-77c3-4f43-b053-707c5a36a0d6,1765411200000,
,,4819b2b7-0cce-42b9-b438-2237c06815ec.extra_data.json,,388.0,63060070,0.0,11040458,1141.8899,63070030,2026-01-06 12:03:28.237,2025-12-12 03:57:22.556,641.86847,Yrp2M34ZOI,com.sec.android.app.shealth,4819b2b7-0cce-42b9-b438-2237c06815ec,1765497600000,
,,720c067c-2e67-46e6-a43a-e3cebf61587d.extra_data.json,,48.0,63060070,0.0,7430796,1196.5854,63070030,2026-01-06 12:03:28.249,2025-12-13 03:00:01.658,362.47513,Yrp2M34ZOI,com.sec.android.app.shealth,720c067c-2e67-46e6-a43a-e3cebf61587d,1765584000000,
,,7450c56e-a564-4bf1-b75e-3a851632d6ff.extra_data.json,,0.0,63060070,0.0,3852847,1250.8005,63070030,2026-01-10 19:01:28.881,2025-12-14 07:37:49.692,186.27998,Yrp2M34ZOI,com.sec.android.app.shealth,7450c56e-a564-4bf1-b75e-3a851632d6ff,1765670400000,
,,c31f2a9a-55d0-4e7d-a9f1-85deeef170b2.extra_data.json,,71.0,63060070,0.0,4544796,1240.3157,63070030,2026-01-10 19:01:28.893,2025-12-15 03:21:04.184,237.78854,Yrp2M34ZOI,com.sec.android.app.shealth,c31f2a9a-55d0-4e7d-a9f1-85deeef170b2,1765756800000,
,,830e2af9-79ae-48fc-95d5-904fb5e8e44a.extra_data.json,,2372.0,63060070,0.0,34960692,779.43713,63070030,2026-01-13 00:48:47.143,2025-12-16 04:08:44.314,2382.37,Yrp2M34ZOI,com.sec.android.app.shealth,830e2af9-79ae-48fc-95d5-904fb5e8e44a,1765843200000,
,,3198dc98-5f79-4f93-ad74-58c17093a3e4.extra_data.json,,0.0,63070030,0.0,5148599,1231.1666,63070030,2026-01-13 23:36:15.958,2025-12-17 04:29:32.648,255.41013,Yrp2M34ZOI,com.sec.android.app.shealth,3198dc98-5f79-4f93-ad74-58c17093a3e4,1765929600000,
,,158273ae-b851-4e96-99bb-1c8bd16154ce.extra_data.json,,0.0,63070030,0.0,4722185,1237.6278,63070030,2026-01-15 00:40:34.500,2025-12-18 04:31:38.705,225.46004,Yrp2M34ZOI,com.sec.android.app.shealth,158273ae-b851-4e96-99bb-1c8bd16154ce,1766016000000,
,,aa16628a-f52e-4238-8929-efa7496603bc.extra_data.json,,175.0,63070030,0.0,8564083,1179.4133,63070030,2026-01-16 01:43:34.607,2025-12-19 03:21:17.819,385.09534,Yrp2M34ZOI,com.sec.android.app.shealth,aa16628a-f52e-4238-8929-efa7496603bc,1766102400000,
,,99e3a5f7-11d5-43a9-b8e5-c10b2bc1200a.extra_data.json,,38.0,63070030,0.0,7055333,1202.2747,63070030,2026-01-16 15:51:52.194,2025-12-20 03:29:19.213,353.46066,Yrp2M34ZOI,com.sec.android.app.shealth,99e3a5f7-11d5-43a9-b8e5-c10b2bc1200a,1766188800000,
,,8cc38d76-d0a1-486d-8296-7cccb6c92f57.extra_data.json,,0.0,63070030,0.0,4445256,1241.824,63070030,2026-01-18 02:00:09.816,2025-12-21 03:00:01.331,207.5501,Yrp2M34ZOI,com.sec.android.app.shealth,8cc38d76-d0a1-486d-8296-7cccb6c92f57,1766275200000,
,,503574ef-b9cf-4625-996f-4c72a40b399a.extra_data.json,,57.0,63070030,0.0,6184768,1215.466,63070030,2026-01-18 13:41:24.208,2025-12-22 06:07:41.231,309.80594,Yrp2M34ZOI,com.sec.android.app.shealth,503574ef-b9cf-4625-996f-4c72a40b399a,1766361600000,
,,1d86251d-887f-4565-ac43-872606d2e284.extra_data.json,,0.0,63070030,0.0,6116732,1216.4968,63070030,2026-01-18 13:41:24.229,2025-12-23 05:39:36.498,293.67996,Yrp2M34ZOI,com.sec.android.app.shealth,1d86251d-887f-4565-ac43-872606d2e284,1766448000000,
,,75156cd5-2a30-475f-be76-e439390a1e19.extra_data.json,,0.0,63070030,0.0,5629871,1223.874,63070030,2026-01-18 13:41:24.232,2025-12-24 03:00:00.631,265.57,Yrp2M34ZOI,com.sec.android.app.shealth,75156cd5-2a30-475f-be76-e439390a1e19,1766534400000,
,,e23b3bb9-4a31-462f-9ca0-ac0d0a0ce341.extra_data.json,,0.0,63070030,0.0,4658052,1238.5997,63070030,2026-01-18 13:41:24.260,2025-12-25 03:42:31.070,224.70998,Yrp2M34ZOI,com.sec.android.app.shealth,e23b3bb9-4a31-462f-9ca0-ac0d0a0ce341,1766620800000,
,,6f0131bc-62a2-49a2-bb8a-abf1eb0aa3fa.extra_data.json,,263.0,63070030,0.0,8760045,1176.4438,63070030,2026-01-18 13:41:24.274,2025-12-26 04:34:05.926,499.75735,Yrp2M34ZOI,com.sec.android.app.shealth,6f0131bc-62a2-49a2-bb8a-abf1eb0aa3fa,1766707200000,
,,d41eb7a6-52d3-4dd7-a5dd-ad5572bd7b51.extra_data.json,,0.0,63070030,0.0,5219653,1230.0898,63070030,2026-01-18 13:41:24.293,2025-12-27 03:00:00.430,253.7301,Yrp2M34ZOI,com.sec.android.app.shealth,d41eb7a6-52d3-4dd7-a5dd-ad5572bd7b51,1766793600000,
,,eaa7ce4a-3fd5-4b88-8779-8098dc400191.extra_data.json,,0.0,63070030,0.0,5471602,1216.8483,63070030,2026-01-18 13:41:24.328,2025-12-28 08:18:33.300,266.58,Yrp2M34ZOI,com.sec.android.app.shealth,eaa7ce4a-3fd5-4b88-8779-8098dc400191,1766880000000,
,,85bdcebf-3810-4c4e-b55c-c1a36358b0d8.extra_data.json,,0.0,63070030,0.0,5056468,1223.0903,63070030,2026-01-18 13:41:24.379,2025-12-29 08:20:43.581,255.84,Yrp2M34ZOI,com.sec.android.app.shealth,85bdcebf-3810-4c4e-b55c-c1a36358b0d8,1766966400000,
,,7d768ac9-cac1-43ff-a7b0-96284f8e1749.extra_data.json,,0.0,63070030,0.0,4297880,1234.4965,63070030,2026-01-18 13:41:24.383,2025-12-30 03:12:14.955,209.71994,Yrp2M34ZOI,com.sec.android.app.shealth,7d768ac9-cac1-43ff-a7b0-96284f8e1749,1767052800000,
,,07b0fe08-939f-43ce-bda6-326e6d2f1e41.extra_data.json,,0.0,63070030,0.0,2757910,1257.6516,63070030,2026-01-18 13:41:24.400,2025-12-31 06:21:38.594,135.47,Yrp2M34ZOI,com.sec.android.app.shealth,07b0fe08-939f-43ce-bda6-326e6d2f1e41,1767139200000,
,,0e61e29e-2230-4dc9-b9d4-e31c214b9ed0.extra_data.json,,0.0,63070030,0.0,4186623,1236.1693,63070030,2026-01-18 13:41:24.405,2026-01-01 04:23:07.950,208.53992,Yrp2M34ZOI,com.sec.android.app.shealth,0e61e29e-2230-4dc9-b9d4-e31c214b9ed0,1767225600000,
,,d8929944-4653-4ba9-be67-2c9c710cec2a.extra_data.json,,3031.0,63070030,0.0,45263759,618.529,63070030,2026-01-18 13:41:24.421,2026-01-02 07:21:37.571,3038.245,Yrp2M34ZOI,com.sec.android.app.shealth,d8929944-4653-4ba9-be67-2c9c710cec2a,1767312000000,
,,fd15e83a-e4f0-4796-ad49-9e6318383aa0.extra_data.json,,2454.0,63070030,0.0,42583219,658.83386,63070030,2026-01-18 13:41:24.437,2026-01-03 07:12:28.565,2519.632,Yrp2M34ZOI,com.sec.android.app.shealth,fd15e83a-e4f0-4796-ad49-9e6318383aa0,1767398400000,
,,79709af4-9b58-4039-9ccb-021e640da8ea.extra_data.json,,0.0,63070030,0.0,5806707,1211.8096,63070030,2026-01-18 13:41:24.446,2026-01-04 07:24:27.932,289.18008,Yrp2M34ZOI,com.sec.android.app.shealth,79709af4-9b58-4039-9ccb-021e640da8ea,1767484800000,
,,0210fcfb-a59a-4a88-a1ab-7aeefa448293.extra_data.json,,0.0,63070030,0.0,8209422,1175.682,63070030,2026-01-18 13:41:24.462,2026-01-05 07:11:56.551,409.8799,Yrp2M34ZOI,com.sec.android.app.shealth,0210fcfb-a59a-4a88-a1ab-7aeefa448293,1767571200000,
,,82e1f89b-326f-4a9d-aae6-9b73a6b637b6.extra_data.json,,0.0,63070030,0.0,5005700,1223.8536,63070030,2026-01-18 13:41:24.469,2026-01-06 03:48:33.000,249.21,Yrp2M34ZOI,com.sec.android.app.shealth,82e1f89b-326f-4a9d-aae6-9b73a6b637b6,1767657600000,
,,e4347397-7f29-4d01-8ee8-2555982002d3.extra_data.json,,0.0,63070030,0.0,7696877,1183.3887,63070030,2026-01-18 13:41:24.485,2026-01-07 07:07:16.880,382.3699,Yrp2M34ZOI,com.sec.android.app.shealth,e4347397-7f29-4d01-8ee8-2555982002d3,1767744000000,
,,56c65d3b-06a7-4c03-907c-b46478103b21.extra_data.json,,0.0,63070030,0.0,5174657,1221.3131,63070030,2026-01-18 13:41:24.537,2026-01-10 13:22:14.817,258.95004,Yrp2M34ZOI,com.sec.android.app.shealth,56c65d3b-06a7-4c03-907c-b46478103b21,1768003200000,
,,03c54ab8-14ee-410c-bd81-0cbf8a73c737.extra_data.json,,0.0,63070030,0.0,7419947,1187.5527,63070030,2026-01-18 13:41:24.519,2026-01-10 13:28:35.301,368.6301,Yrp2M34ZOI,com.sec.android.app.shealth,03c54ab8-14ee-410c-bd81-0cbf8a73c737,1767916800000,
,,586d4d5d-8281-4ed3-8709-e99e501971aa.extra_data.json,,0.0,63070030,0.0,6182653,1206.1567,63070030,2026-01-18 13:41:24.509,2026-01-10 13:28:35.419,308.75992,Yrp2M34ZOI,com.sec.android.app.shealth,586d4d5d-8281-4ed3-8709-e99e501971aa,1767830400000,
,,7d94aadb-a217-4b33-8b79-e4b19d4c782f.extra_data.json,,392.0,63070030,0.0,2539315,1260.9385,63070030,2026-01-18 13:41:24.553,2026-01-11 05:02:17.428,447.929,Yrp2M34ZOI,com.sec.android.app.shealth,7d94aadb-a217-4b33-8b79-e4b19d4c782f,1768089600000,
,,b2457c7d-1b1d-4189-9af9-aca59f4617d1.extra_data.json,,82.0,63070030,0.0,3990364,1239.1202,63070030,2026-01-18 13:41:24.565,2026-01-12 05:15:11.490,215.646,Yrp2M34ZOI,com.sec.android.app.shealth,b2457c7d-1b1d-4189-9af9-aca59f4617d1,1768176000000,
,,dfa41dea-9e72-4406-8b70-e765d61e00f8.extra_data.json,,51.0,63070030,0.0,4653957,1229.1423,63070030,2026-01-18 13:41:24.578,2026-01-13 06:49:01.556,243.9349,Yrp2M34ZOI,com.sec.android.app.shealth,dfa41dea-9e72-4406-8b70-e765d61e00f8,1768262400000,
,,31c018b3-60c8-4a54-94e6-601539bc05ce.extra_data.json,,401.0,63070030,0.0,9008284,1163.6703,63070030,2026-01-18 13:41:24.584,2026-01-14 06:53:55.595,563.7674,Yrp2M34ZOI,com.sec.android.app.shealth,31c018b3-60c8-4a54-94e6-601539bc05ce,1768348800000,
,,c7b57f8a-5da2-48a2-a56e-805e1fd88422.extra_data.json,,355.0,63070030,0.0,9974967,1149.1351,63070030,2026-01-18 13:41:24.592,2026-01-15 06:40:42.120,593.1342,Yrp2M34ZOI,com.sec.android.app.shealth,c7b57f8a-5da2-48a2-a56e-805e1fd88422,1768435200000,
,,9d87d042-b242-430a-b69f-49164dfec859.extra_data.json,,959.0,63070030,0.0,9442782,1157.1371,63070030,2026-01-18 13:41:24.601,2026-01-16 03:48:54.282,1154.5159,Yrp2M34ZOI,com.sec.android.app.shealth,9d87d042-b242-430a-b69f-49164dfec859,1768521600000,
,,121644f2-c9a6-4c41-b213-fd06244b0548.extra_data.json,,0.0,63070030,0.0,7229286,1190.4194,63070030,2026-01-18 13:41:24.655,2026-01-17 03:25:22.637,354.39993,Yrp2M34ZOI,com.sec.android.app.shealth,121644f2-c9a6-4c41-b213-fd06244b0548,1768608000000,
,,d5ac24f3-2b67-4eb0-885f-b1e08883833e.extra_data.json,,0.0,63070030,0.0,350175,627.2208,63070030,2026-01-18 14:41:04.487,2026-01-18 08:00:21.469,18.19,Yrp2M34ZOI,com.sec.android.app.shealth,d5ac24f3-2b67-4eb0-885f-b1e08883833e,1768694400000,
