com.samsung.health.movement,6307003,1
create_sh_ver,start_time,custom,binning_data,modify_sh_ver,update_time,create_time,time_offset,deviceuuid,comment,pkg_name,end_time,datauuid
63001451,2025-10-26 15:16:00.000,,8b9ee183-118b-4e87-b72b-f8f7ef990fea.binning_data.json,63001451,2025-10-26 15:52:50.714,2025-10-26 15:18:59.408,UTC-0300,tWUO8ZL77Z,,com.sec.android.app.shealth,2025-10-26 15:59:59.999,8b9ee183-118b-4e87-b72b-f8f7ef990fea,
63001451,2025-10-26 16:00:00.000,,d50cf3f2-94f7-42c7-a0a0-0518b360c59c.binning_data.json,63001451,2025-10-26 15:52:50.717,2025-10-26 15:44:40.311,UTC-0300,tWUO8ZL77Z,,com.sec.android.app.shealth,2025-10-26 16:10:59.999,d50cf3f2-94f7-42c7-a0a0-0518b360c59c,
63050351,2025-10-26 17:38:00.000,,6670a4fd-4e99-48ff-b580-9a3a81c58cc6.binning_data.json,63050351,2025-10-26 18:18:50.580,2025-10-26 17:58:46.134,UTC-0300,tWUO8ZL77Z,,com.sec.android.app.shealth,2025-10-26 17:59:59.999,6670a4fd-4e99-48ff-b580-9a3a81c58cc6,
63050351,2025-10-26 18:00:00.000,,77a277ba-c1ba-4f8c-95d8-bd66b1213489.binning_data.json,63050351,2025-10-26 19:19:04.366,2025-10-26 18:18:50.585,UTC-0300,tWUO8ZL77Z,,com.sec.android.app.shealth,2025-10-26 18:59:59.999,77a277ba-c1ba-4f8c-95d8-bd66b1213489,
63050351,2025-10-26 19:00:00.000,,733a9b1a-817f-4363-968b-4bff6415a36d.binning_data.json,63050351,2025-10-26 20:19:19.492,2025-10-26 19:19:04.372,UTC-0300,tWUO8ZL77Z,,com.sec.android.app.shealth,2025-10-26 19:59:59.999,733a9b1a-817f-4363-968b-4bff6415a36d,
63050351,2025-10-26 20:00:00.000,,363824c6-6cb4-4350-82db-1bcea89833d0.binning_data.json,63050351,2025-10-26 21:19:34.134,2025-10-26 20:19:19.498,UTC-0300,tWUO8ZL77Z,,com.sec.android.app.shealth,2025-10-26 20:59:59.999,363824c6-6cb4-4350-82db-1bcea89833d0,
63050351,2025-10-26 21:00:00.000,,97992620-3fb3-45b5-85d4-d9b2a52b3fb3.binning_data.json,63050351,2025-10-26 22:19:46.879,2025-10-26 21:19:34.140,UTC-0300,tWUO8ZL77Z,,com.sec.android.app.shealth,2025-10-26 21:59:59.999,97992620-3fb3-45b5-85d4-d9b2a52b3fb3,
63050351,2025-10-26 22:00:00.000,,fca0acfa-b697-44f3-81e2-50f10c1ff7a8.binning_data.json,63050351,2025-10-26 23:19:50.089,2025-10-26 22:19:46.884,UTC-0300,tWUO8ZL77Z,,com.sec.android.app.shealth,2025-10-26 22:59:59.999,fca0acfa-b697-44f3-81e2-50f10c1ff7a8,
63050351,2025-10-26 23:00:00.000,,9698d030-e148-466c-8d3a-30f6a26a841f.binning_data.json,63050351,2025-10-27 00:19:41.398,2025-10-26 23:19:50.120,UTC-0300,tWUO8ZL77Z,,com.sec.android.app.shealth,2025-10-26 23:59:59.999,9698d030-e148-466c-8d3a-30f6a26a841f,
63050351,2025-10-27 00:00:00.000,,f0b00fd3-2404-4511-9890-f2208ebca855.binning_data.json,63050351,2025-10-27 01:19:43.470,2025-10-27 00:19:41.403,UTC-0300,tWUO8ZL77Z,,com.sec.android.app.shealth,2025-10-27 00:59:59.999,f0b00fd3-2404-4511-9890-f2208ebca855,
63050351,2025-10-27 01:00:00.000,,534ded89-0359-4742-932d-4854433b6c16.binning_data.json,63050351,2025-10-27 02:19:48.684,2025-10-27 01:19:43.577,UTC-0300,tWUO8ZL77Z,,com.sec.android.app.shealth,2025-10-27 01:59:59.999,534ded89-0359-4742-932d-4854433b6c16,
63050351,2025-10-27 02:00:00.000,,9ae8b2cb-7a47-4ff9-9a8f-ceb5ee1b1d22.binning_data.json,63050351,2025-10-27 03:19:48.949,2025-10-27 02:19:48.689,UTC-0300,tWUO8ZL77Z,,com.sec.android.app.shealth,2025-10-27 02:59:59.999,9ae8b2cb-7a47-4ff9-9a8f-ceb5ee1b1d22,
63050351,2025-10-27 03:00:00.000,,3820b582-8666-461b-9fe0-5b589a9a8f82.binning_data.json,63050351,2025-10-27 04:19:49.174,2025-10-27 03:19:48.959,UTC-0300,tWUO8ZL77Z,,com.sec.android.app.shealth,2025-10-27 03:59:59.999,3820b582-8666-461b-9fe0-5b589a9a8f82,
63050351,2025-10-27 04:00:00.000,,855544b3-b1e1-4a0e-8be4-54e8a111571f.binning_data.json,63050351,2025-10-27 05:19:52.095,2025-10-27 04:19:49.180,UTC-0300,tWUO8ZL77Z,,com.sec.android.app.shealth,2025-10-27 04:59:59.999,855544b3-b1e1-4a0e-8be4-54e8a111571f,
63050351,2025-10-27 05:00:00.000,,05f61c8d-759c-4483-88f2-07ff9d386578.binning_data.json,63050351,2025-10-27 06:19:51.445,2025-10-27 05:19:52.102,UTC-0300,tWUO8ZL77Z,,com.sec.android.app.shealth,2025-10-27 05:59:59.999,05f61c8d-759c-4483-88f2-07ff9d386578,
63050351,2025-10-27 06:00:00.000,,d603920b-ef7a-49c2-9402-7b8e5761f02c.binning_data.json,63050351,2025-10-27 07:19:48.194,2025-10-27 06:19:51.450,UTC-0300,tWUO8ZL77Z,,com.sec.android.app.shealth,2025-10-27 06:59:59.999,d603920b-ef7a-49c2-9402-7b8e5761f02c,
63050351,2025-10-27 07:00:00.000,,d0b828a7-9559-4dc7-8d99-3c6c5ff47bea.binning_data.json,63050351,2025-10-27 08:19:51.099,2025-10-27 07:19:48.212,UTC-0300,tWUO8ZL77Z,,com.sec.android.app.shealth,2025-10-27 07:59:59.999,d0b828a7-9559-4dc7-8d99-3c6c5ff47bea,
63050351,2025-10-27 08:00:00.000,,be71c3e1-e0da-4c13-8e15-1082824d616a.binning_data.json,63050351,2025-10-27 09:19:49.882,2025-10-27 08:19:51.106,UTC-0300,tWUO8ZL77Z,,com.sec.android.app.shealth,2025-10-27 08:59:59.999,be71c3e1-e0da-4c13-8e15-1082824d616a,
63050351,2025-10-27 09:00:00.000,,0287e776-6f2c-449f-93c0-361a1217245e.binning_data.json,63050351,2025-10-27 10:19:52.013,2025-10-27 09:19:49.895,UTC-0300,tWUO8ZL77Z,,com.sec.android.app.shealth,2025-10-27 09:59:59.999,0287e776-6f2c-449f-93c0-361a1217245e,
63050351,2025-10-27 10:00:00.000,,fac7bee4-3bbe-481e-9e04-e9b554783f70.binning_data.json,63050351,2025-10-27 11:00:00.615,2025-10-27 10:19:52.031,UTC-0300,tWUO8ZL77Z,,com.sec.android.app.shealth,2025-10-27 10:59:59.999,fac7bee4-3bbe-481e-9e04-e9b554783f70,
63050351,2025-10-27 11:00:00.000,,aafaa3cd-4141-4768-a932-c922548db2ac.binning_data.json,63050351,2025-10-27 12:00:04.523,2025-10-27 11:20:04.947,UTC-0300,tWUO8ZL77Z,,com.sec.android.app.shealth,2025-10-27 11:59:59.999,aafaa3cd-4141-4768-a932-c922548db2ac,
63050351,2025-10-27 12:00:00.000,,94e10664-01f4-4cde-9b7e-9aabc156c47c.binning_data.json,63050351,2025-10-27 13:00:12.214,2025-10-27 12:20:06.652,UTC-0300,tWUO8ZL77Z,,com.sec.android.app.shealth,2025-10-27 12:59:59.999,94e10664-01f4-4cde-9b7e-9aabc156c47c,
63050351,2025-10-27 13:00:00.000,,15f1c08e-a7f9-4eb8-9603-42477c8a12c8.binning_data.json,63050351,2025-10-27 14:00:26.665,2025-10-27 13:20:16.985,UTC-0300,tWUO8ZL77Z,,com.sec.android.app.shealth,2025-10-27 13:59:59.999,15f1c08e-a7f9-4eb8-9603-42477c8a12c8,
63050351,2025-10-27 14:00:00.000,,6eee1b4d-90e3-4d5d-8bcb-ecc3d45201d1.binning_data.json,63050351,2025-10-27 15:00:40.621,2025-10-27 14:20:31.522,UTC-0300,tWUO8ZL77Z,,com.sec.android.app.shealth,2025-10-27 14:59:59.999,6eee1b4d-90e3-4d5d-8bcb-ecc3d45201d1,
63050351,2025-10-27 15:00:00.000,,0b67d462-5a4d-46da-a6ae-985b41db9e99.binning_data.json,63050351,2025-10-27 16:00:55.541,2025-10-27 15:20:45.393,UTC-0300,tWUO8ZL77Z,,com.sec.android.app.shealth,2025-10-27 15:59:59.999,0b67d462-5a4d-46da-a6ae-985b41db9e99,
63050351,2025-10-27 16:01:00.000,,6a4256cc-e767-4127-8bdd-acfaaa5cc584.binning_data.json,63050351,2025-10-27 17:01:10.157,2025-10-27 16:21:00.460,UTC-0300,tWUO8ZL77Z,,com.sec.android.app.shealth,2025-10-27 16:59:59.999,6a4256cc-e767-4127-8bdd-acfaaa5cc584,
63050351,2025-10-27 17:00:00.000,,8dba6e2f-5b43-4fa8-a318-82d3f65547ea.binning_data.json,63050351,2025-10-27 18:01:24.276,2025-10-27 17:01:10.263,UTC-0300,tWUO8ZL77Z,,com.sec.android.app.shealth,2025-10-27 17:59:59.999,8dba6e2f-5b43-4fa8-a318-82d3f65547ea,
63050351,2025-10-27 18:00:00.000,,3fb8d37f-ad88-40bf-bbe9-9a8df50857ac.binning_data.json,63050351,2025-10-27 19:01:35.977,2025-10-27 18:01:24.282,UTC-0300,tWUO8ZL77Z,,com.sec.android.app.shealth,2025-10-27 18:59:59.999,3fb8d37f-ad88-40bf-bbe9-9a8df50857ac,
63050351,2025-10-27 19:00:00.000,,648f5205-d0c3-4c64-8624-8c4307be2c7d.binning_data.json,63050351,2025-10-27 20:01:47.558,2025-10-27 19:01:35.984,UTC-0300,tWUO8ZL77Z,,com.sec.android.app.shealth,2025-10-27 19:59:59.999,648f5205-d0c3-4c64-8624-8c4307be2c7d,
63050351,2025-10-27 20:00:00.000,,fbc7271c-dbff-4bc8-8693-162ea9de2039.binning_data.json,63050351,2025-10-27 21:02:01.878,2025-10-27 20:01:47.568,UTC-0300,tWUO8ZL77Z,,com.sec.android.app.shealth,2025-10-27 20:59:59.999,fbc7271c-dbff-4bc8-8693-162ea9de2039,
63050351,2025-10-27 21:00:00.000,,b51e8547-da4e-4feb-96e8-1e72b5a6db1a.binning_data.json,63050351,2025-10-27 22:02:18.135,2025-10-27 21:02:01.991,UTC-0300,tWUO8ZL77Z,,com.sec.android.app.shealth,2025-10-27 21:59:59.999,b51e8547-da4e-4feb-96e8-1e72b5a6db1a,
63050351,2025-10-27 22:00:00.000,,32b8ad34-8d74-41f0-9e85-8b5aabccdb1c.binning_data.json,63050351,2025-10-27 23:02:32.527,2025-10-27 22:02:18.140,UTC-0300,tWUO8ZL77Z,,com.sec.android.app.shealth,2025-10-27 22:59:59.999,32b8ad34-8d74-41f0-9e85-8b5aabccdb1c,
63050351,2025-10-27 23:00:00.000,,e14e0b45-370f-4e90-9c74-6725c964b190.binning_data.json,63050351,2025-10-28 00:02:46.691,2025-10-27 23:02:32.539,UTC-0300,tWUO8ZL77Z,,com.sec.android.app.shealth,2025-10-27 23:59:59.999,e14e0b45-370f-4e90-9c74-6725c964b190,
63050351,2025-10-28 00:00:00.000,,459fdb1a-f009-4b19-91a5-4d679b251a07.binning_data.json,63050351,2025-10-28 01:02:58.813,2025-10-28 00:02:46.696,UTC-0300,tWUO8ZL77Z,,com.sec.android.app.shealth,2025-10-28 00:59:59.999,459fdb1a-f009-4b19-91a5-4d679b251a07,
63050351,2025-10-28 01:00:00.000,,110ccc63-c5e7-43a3-81e1-17810f91b50f.binning_data.json,63050351,2025-10-28 02:03:02.852,2025-10-28 01:02:58.817,UTC-0300,tWUO8ZL77Z,,com.sec.android.app.shealth,2025-10-28 01:59:59.999,110ccc63-c5e7-43a3-81e1-17810f91b50f,
63050351,2025-10-28 02:00:00.000,,30342192-81b8-4c8f-ac80-06f535c500e9.binning_data.json,63050351,2025-10-28 03:03:11.658,2025-10-28 02:03:02.866,UTC-0300,tWUO8ZL77Z,,com.sec.android.app.shealth,2025-10-28 02:59:59.999,30342192-81b8-4c8f-ac80-06f535c500e9,
63050351,2025-10-28 03:00:00.000,,5c584a4d-b36f-4dea-8ca3-62435c0357e3.binning_data.json,63050351,2025-10-28 04:03:27.738,2025-10-28 03:03:11.670,UTC-0300,tWUO8ZL77Z,,com.sec.android.app.shealth,2025-10-28 03:59:59.999,5c584a4d-b36f-4dea-8ca3-62435c0357e3,
63050351,2025-10-28 04:00:00.000,,88693ee8-9f1d-4d5f-a935-c8211a438557.binning_data.json,63050351,2025-10-28 05:03:42.142,2025-10-28 04:03:27.745,UTC-0300,tWUO8ZL77Z,,com.sec.android.app.shealth,2025-10-28 04:59:59.999,88693ee8-9f1d-4d5f-a935-c8211a438557,
63050351,2025-10-28 05:00:00.000,,42d47016-d01f-482a-97ac-7b69df80baec.binning_data.json,63050351,2025-10-28 06:03:57.073,2025-10-28 05:03:42.229,UTC-0300,tWUO8ZL77Z,,com.sec.android.app.shealth,2025-10-28 05:59:59.999,42d47016-d01f-482a-97ac-7b69df80baec,
63050351,2025-10-28 06:00:00.000,,f68fee22-7590-43af-85ce-d44bad05cb96.binning_data.json,63050351,2025-10-28 07:04:12.905,2025-10-28 06:03:57.078,UTC-0300,tWUO8ZL77Z,,com.sec.android.app.shealth,2025-10-28 06:59:59.999,f68fee22-7590-43af-85ce-d44bad05cb96,
63050351,2025-10-28 07:00:00.000,,18f54716-f6de-4ed0-b6cf-dab84df0d1d1.binning_data.json,63050351,2025-10-28 08:04:24.142,2025-10-28 07:04:12.914,UTC-0300,tWUO8ZL77Z,,com.sec.android.app.shealth,2025-10-28 07:59:59.999,18f54716-f6de-4ed0-b6cf-dab84df0d1d1,
63050351,2025-10-28 08:00:00.000,,3e15eaf2-f1e6-4e26-bc80-958dfe362228.binning_data.json,63050351,2025-10-28 09:04:39.403,2025-10-28 08:04:24.148,UTC-0300,tWUO8ZL77Z,,com.sec.android.app.shealth,2025-10-28 08:59:59.999,3e15eaf2-f1e6-4e26-bc80-958dfe362228,
63050351,2025-10-28 09:00:00.000,,40b883d1-24db-4417-90d6-cbee0f719080.binning_data.json,63050351,2025-10-28 10:04:54.622,2025-10-28 09:04:39.415,UTC-0300,tWUO8ZL77Z,,com.sec.android.app.shealth,2025-10-28 09:59:59.999,40b883d1-24db-4417-90d6-cbee0f719080,
63050351,2025-10-28 10:00:00.000,,4d445625-4e96-4873-b5bf-7a2d235bb085.binning_data.json,63050351,2025-10-28 11:05:09.795,2025-10-28 10:04:54.632,UTC-0300,tWUO8ZL77Z,,com.sec.android.app.shealth,2025-10-28 10:59:59.999,4d445625-4e96-4873-b5bf-7a2d235bb085,
63050351,2025-10-28 11:00:00.000,,045ed6c9-d5b0-4ab2-beb5-799cf9c9b19d.binning_data.json,63050351,2025-10-28 12:05:23.390,2025-10-28 11:05:09.799,UTC-0300,tWUO8ZL77Z,,com.sec.android.app.shealth,2025-10-28 11:59:59.999,045ed6c9-d5b0-4ab2-beb5-799cf9c9b19d,
63050351,2025-10-28 12:00:00.000,,ef4f8010-fcaf-427e-9436-750b76c9cc44.binning_data.json,63050351,2025-10-28 13:05:36.382,2025-10-28 12:05:23.396,UTC-0300,tWUO8ZL77Z,,com.sec.android.app.shealth,2025-10-28 12:59:59.999,ef4f8010-fcaf-427e-9436-750b76c9cc44,
63050351,2025-10-28 13:00:00.000,,4096393d-1de3-48b5-8939-473f97991b46.binning_data.json,63050351,2025-10-28 14:05:51.309,2025-10-28 13:05:36.387,UTC-0300,tWUO8ZL77Z,,com.sec.android.app.shealth,2025-10-28 13:59:59.999,4096393d-1de3-48b5-8939-473f97991b46,
63050351,2025-10-28 14:00:00.000,,aee4db70-b1a0-451c-b94d-467735d680b8.binning_data.json,63050351,2025-10-28 15:06:05.494,2025-10-28 14:05:51.398,UTC-0300,tWUO8ZL77Z,,com.sec.android.app.shealth,2025-10-28 14:59:59.999,aee4db70-b1a0-451c-b94d-467735d680b8,
63050351,2025-10-28 15:00:00.000,,4503ce98-f353-49ee-b521-afa3e511aa17.binning_data.json,63050351,2025-10-28 16:06:16.864,2025-10-28 15:06:05.504,UTC-0300,tWUO8ZL77Z,,com.sec.android.app.shealth,2025-10-28 15:59:59.999,4503ce98-f353-49ee-b521-afa3e511aa17,
63050351,2025-10-28 16:00:00.000,,7c5efa83-1e3f-4bf1-a4d0-de72ce930ece.binning_data.json,63050351,2025-10-28 17:06:31.348,2025-10-28 16:06:16.943,UTC-0300,tWUO8ZL77Z,,com.sec.android.app.shealth,2025-10-28 16:59:59.999,7c5efa83-1e3f-4bf1-a4d0-de72ce930ece,
63050351,2025-10-28 17:00:00.000,,3f26c088-5431-4a50-b10a-459d314b9cc2.binning_data.json,63050351,2025-10-28 18:06:44.683,2025-10-28 17:06:31.356,UTC-0300,tWUO8ZL77Z,,com.sec.android.app.shealth,2025-10-28 17:59:59.999,3f26c088-5431-4a50-b10a-459d314b9cc2,
63050351,2025-10-28 18:00:00.000,,4bfe73ab-8a91-49de-a38a-6859f5c8343e.binning_data.json,63050351,2025-10-28 19:07:00.604,2025-10-28 18:06:44.693,UTC-0300,tWUO8ZL77Z,,com.sec.android.app.shealth,2025-10-28 18:59:59.999,4bfe73ab-8a91-49de-a38a-6859f5c8343e,
63050351,2025-10-28 19:00:00.000,,1db8d7f8-28d7-4b65-9668-c8264ee7cb31.binning_data.json,63050351,2025-10-28 20:07:14.819,2025-10-28 19:07:00.690,UTC-0300,tWUO8ZL77Z,,com.sec.android.app.shealth,2025-10-28 19:59:59.999,1db8d7f8-28d7-4b65-9668-c8264ee7cb31,
63050351,2025-10-28 20:00:00.000,,3a1453ba-d246-4eba-8ae5-aa4af66c5a06.binning_data.json,63050351,2025-10-28 21:07:25.864,2025-10-28 20:07:14.924,UTC-0300,tWUO8ZL77Z,,com.sec.android.app.shealth,2025-10-28 20:59:59.999,3a1453ba-d246-4eba-8ae5-aa4af66c5a06,
63050351,2025-10-28 21:00:00.000,,9a431f0b-4f01-40ea-a338-013a5eca7916.binning_data.json,63050351,2025-10-28 22:07:33.252,2025-10-28 21:07:25.883,UTC-0300,tWUO8ZL77Z,,com.sec.android.app.shealth,2025-10-28 21:59:59.999,9a431f0b-4f01-40ea-a338-013a5eca7916,
63050351,2025-10-28 22:00:00.000,,f59ef3e5-ce3b-4b52-a457-8390b8d80669.binning_data.json,63050351,2025-10-28 23:07:37.791,2025-10-28 22:07:33.256,UTC-0300,tWUO8ZL77Z,,com.sec.android.app.shealth,2025-10-28 22:59:59.999,f59ef3e5-ce3b-4b52-a457-8390b8d80669,
63050351,2025-10-28 23:00:00.000,,5eee0e0b-b25f-4f64-af1d-b23286921bb5.binning_data.json,63050351,2025-10-29 00:07:41.305,2025-10-28 23:07:37.800,UTC-0300,tWUO8ZL77Z,,com.sec.android.app.shealth,2025-10-28 23:59:59.999,5eee0e0b-b25f-4f64-af1d-b23286921bb5,
63050351,2025-10-29 00:00:00.000,,441a3ff0-0ea4-4a15-a65a-4ec540e451fa.binning_data.json,63050351,2025-10-29 01:07:55.504,2025-10-29 00:07:41.313,UTC-0300,tWUO8ZL77Z,,com.sec.android.app.shealth,2025-10-29 00:59:59.999,441a3ff0-0ea4-4a15-a65a-4ec540e451fa,
63050351,2025-10-29 01:00:00.000,,8546554e-eb27-4b2d-8319-765761fc4f32.binning_data.json,63050351,2025-10-29 02:08:10.764,2025-10-29 01:07:55.509,UTC-0300,tWUO8ZL77Z,,com.sec.android.app.shealth,2025-10-29 01:59:59.999,8546554e-eb27-4b2d-8319-765761fc4f32,
63050351,2025-10-29 02:00:00.000,,12f53075-0d4d-4cf2-a2c5-1210280a4584.binning_data.json,63050351,2025-10-29 03:08:26.283,2025-10-29 02:08:10.769,UTC-0300,tWUO8ZL77Z,,com.sec.android.app.shealth,2025-10-29 02:59:59.999,12f53075-0d4d-4cf2-a2c5-1210280a4584,
63050351,2025-10-29 03:00:00.000,,d15c9b46-a991-4b53-9c22-a59ad6171cd6.binning_data.json,63050351,2025-10-29 04:08:40.592,2025-10-29 03:08:26.292,UTC-0300,tWUO8ZL77Z,,com.sec.android.app.shealth,2025-10-29 03:59:59.999,d15c9b46-a991-4b53-9c22-a59ad6171cd6,
63050351,2025-10-29 04:00:00.000,,9524d4a7-62da-4d1e-a90e-cbac413f61fa.binning_data.json,63050351,2025-10-29 05:08:55.347,2025-10-29 04:08:40.605,UTC-0300,tWUO8ZL77Z,,com.sec.android.app.shealth,2025-10-29 04:59:59.999,9524d4a7-62da-4d1e-a90e-cbac413f61fa,
63050351,2025-10-29 05:00:00.000,,895c954b-4c76-486f-bc3c-3c41004e2b74.binning_data.json,63050351,2025-10-29 06:09:09.818,2025-10-29 05:08:55.360,UTC-0300,tWUO8ZL77Z,,com.sec.android.app.shealth,2025-10-29 05:59:59.999,895c954b-4c76-486f-bc3c-3c41004e2b74,
63050351,2025-10-29 06:00:00.000,,01124387-1d60-4129-bdfd-53fab430725c.binning_data.json,63050351,2025-10-29 07:09:23.322,2025-10-29 06:09:09.903,UTC-0300,tWUO8ZL77Z,,com.sec.android.app.shealth,2025-10-29 06:59:59.999,01124387-1d60-4129-bdfd-53fab430725c,
63050351,2025-10-29 07:00:00.000,,ba869bb0-1855-41db-ad5b-05b85807a579.binning_data.json,63050351,2025-10-29 08:09:38.231,2025-10-29 07:09:23.329,UTC-0300,tWUO8ZL77Z,,com.sec.android.app.shealth,2025-10-29 07:59:59.999,ba869bb0-1855-41db-ad5b-05b85807a579,
63050351,2025-10-29 08:00:00.000,,fb731d4d-d383-4dee-a0e6-f8a404eb3057.binning_data.json,63050351,2025-10-29 09:09:53.105,2025-10-29 08:09:38.235,UTC-0300,tWUO8ZL77Z,,com.sec.android.app.shealth,2025-10-29 08:59:59.999,fb731d4d-d383-4dee-a0e6-f8a404eb3057,
63050351,2025-10-29 09:00:00.000,,48aafac3-7fd8-4493-b1b9-479d904819c3.binning_data.json,63050351,2025-10-29 10:10:07.451,2025-10-29 09:09:53.134,UTC-0300,tWUO8ZL77Z,,com.sec.android.app.shealth,2025-10-29 09:59:59.999,48aafac3-7fd8-4493-b1b9-479d904819c3,
63050351,2025-10-29 10:00:00.000,,589cba59-e3df-43e5-aa73-13b905e6f301.binning_data.json,63050351,2025-10-29 11:10:20.639,2025-10-29 10:10:07.461,UTC-0300,tWUO8ZL77Z,,com.sec.android.app.shealth,2025-10-29 10:59:59.999,589cba59-e3df-43e5-aa73-13b905e6f301,
63050351,2025-10-29 11:00:00.000,,9da1dff6-df48-4774-bc83-94acfcd33df7.binning_data.json,63050351,2025-10-29 12:10:31.863,2025-10-29 11:10:20.644,UTC-0300,tWUO8ZL77Z,,com.sec.android.app.shealth,2025-10-29 11:59:59.999,9da1dff6-df48-4774-bc83-94acfcd33df7,
63050351,2025-10-29 12:00:00.000,,cc7b911a-5178-412f-b896-01041fbb6fb9.binning_data.json,63050351,2025-10-29 13:10:46.349,2025-10-29 12:10:31.878,UTC-0300,tWUO8ZL77Z,,com.sec.android.app.shealth,2025-10-29 12:59:59.999,cc7b911a-5178-412f-b896-01041fbb6fb9,
63050351,2025-10-29 13:00:00.000,,8a171e05-7618-4d25-ba20-6bedbe27ade6.binning_data.json,63050351,2025-10-29 14:11:01.273,2025-10-29 13:10:46.458,UTC-0300,tWUO8ZL77Z,,com.sec.android.app.shealth,2025-10-29 13:59:59.999,8a171e05-7618-4d25-ba20-6bedbe27ade6,
63050351,2025-10-29 14:00:00.000,,e256c536-f19f-4680-a6bf-ddd21dbfb797.binning_data.json,63050351,2025-10-29 15:11:15.816,2025-10-29 14:11:01.283,UTC-0300,tWUO8ZL77Z,,com.sec.android.app.shealth,2025-10-29 14:59:59.999,e256c536-f19f-4680-a6bf-ddd21dbfb797,
63050351,2025-10-29 15:00:00.000,,4649b546-0f97-4ef0-a81e-5dafcb5dc8dc.binning_data.json,63050351,2025-10-29 16:11:30.894,2025-10-29 15:11:15.939,UTC-0300,tWUO8ZL77Z,,com.sec.android.app.shealth,2025-10-29 15:59:59.999,4649b546-0f97-4ef0-a81e-5dafcb5dc8dc,
63050351,2025-10-29 16:00:00.000,,e4dacf30-3eaf-424f-9f15-941f7b663441.binning_data.json,63050351,2025-10-29 17:11:43.352,2025-10-29 16:11:30.903,UTC-0300,tWUO8ZL77Z,,com.sec.android.app.shealth,2025-10-29 16:59:59.999,e4dacf30-3eaf-424f-9f15-941f7b663441,
63050351,2025-10-29 17:00:00.000,,e464bff3-796e-4be8-99ce-f21536a878d4.binning_data.json,63050351,2025-10-29 18:11:57.041,2025-10-29 17:11:43.356,UTC-0300,tWUO8ZL77Z,,com.sec.android.app.shealth,2025-10-29 17:59:59.999,e464bff3-796e-4be8-99ce-f21536a878d4,
63050351,2025-10-29 18:00:00.000,,2496e381-43af-4660-9f9c-c6d2f1bf8eff.binning_data.json,63050351,2025-10-29 19:12:11.139,2025-10-29 18:11:57.045,UTC-0300,tWUO8ZL77Z,,com.sec.android.app.shealth,2025-10-29 18:59:59.999,2496e381-43af-4660-9f9c-c6d2f1bf8eff,
63050351,2025-10-29 19:00:00.000,,c2d03e30-67a3-4c8c-b2b7-e12b8a363ca0.binning_data.json,63050351,2025-10-29 20:12:24.787,2025-10-29 19:12:11.146,UTC-0300,tWUO8ZL77Z,,com.sec.android.app.shealth,2025-10-29 19:59:59.999,c2d03e30-67a3-4c8c-b2b7-e12b8a363ca0,
63050351,2025-10-29 20:00:00.000,,50607062-0fd5-4699-b858-a51b141aaca2.binning_data.json,63050351,2025-10-29 21:12:39.667,2025-10-29 20:12:24.793,UTC-0300,tWUO8ZL77Z,,com.sec.android.app.shealth,2025-10-29 20:59:59.999,50607062-0fd5-4699-b858-a51b141aaca2,
63050351,2025-10-29 21:00:00.000,,c0eac6da-ff87-43c1-8f51-d161019dfbae.binning_data.json,63050351,2025-10-29 22:12:53.359,2025-10-29 21:12:39.672,UTC-0300,tWUO8ZL77Z,,com.sec.android.app.shealth,2025-10-29 21:59:59.999,c0eac6da-ff87-43c1-8f51-d161019dfbae,
63050351,2025-10-29 22:00:00.000,,659903b1-cb3e-41cf-bbf7-64522c774675.binning_data.json,63050351,2025-10-29 23:13:07.228,2025-10-29 22:12:53.466,UTC-0300,tWUO8ZL77Z,,com.sec.android.app.shealth,2025-10-29 22:59:59.999,659903b1-cb3e-41cf-bbf7-64522c774675,
63050351,2025-10-29 23:00:00.000,,4a2a090a-b638-4dc4-a969-a7426f7b6815.binning_data.json,63050351,2025-10-29 23:33:10.672,2025-10-29 23:13:07.235,UTC-0300,tWUO8ZL77Z,,com.sec.android.app.shealth,2025-10-29 23:32:59.999,4a2a090a-b638-4dc4-a969-a7426f7b6815,
63060051,2025-10-30 00:26:00.000,,efccfc85-d16e-401f-b67b-79897f43b576.binning_data.json,63060051,2025-10-30 01:06:13.877,2025-10-30 00:46:09.359,UTC-0300,tWUO8ZL77Z,,com.sec.android.app.shealth,2025-10-30 00:59:59.999,efccfc85-d16e-401f-b67b-79897f43b576,
63060051,2025-10-30 01:00:00.000,,8977a310-d8b0-422d-8247-63a727e0a15d.binning_data.json,63060051,2025-10-30 02:06:29.088,2025-10-30 01:06:13.884,UTC-0300,tWUO8ZL77Z,,com.sec.android.app.shealth,2025-10-30 01:59:59.999,8977a310-d8b0-422d-8247-63a727e0a15d,
63060051,2025-10-30 02:00:00.000,,a90adda0-2da9-4a55-b098-6817a6769176.binning_data.json,63060051,2025-10-30 03:06:45.022,2025-10-30 02:06:29.108,UTC-0300,tWUO8ZL77Z,,com.sec.android.app.shealth,2025-10-30 02:59:59.999,a90adda0-2da9-4a55-b098-6817a6769176,
63060051,2025-10-30 03:00:00.000,,656484a1-888b-41f8-aaab-f0bdffea5717.binning_data.json,63060051,2025-10-30 04:07:00.420,2025-10-30 03:06:45.030,UTC-0300,tWUO8ZL77Z,,com.sec.android.app.shealth,2025-10-30 03:59:59.999,656484a1-888b-41f8-aaab-f0bdffea5717,
63060051,2025-10-30 04:00:00.000,,e5152af6-7e0f-4ed6-b801-27336459556f.binning_data.json,63060051,2025-10-30 05:07:15.882,2025-10-30 04:07:00.438,UTC-0300,tWUO8ZL77Z,,com.sec.android.app.shealth,2025-10-30 04:59:59.999,e5152af6-7e0f-4ed6-b801-27336459556f,
63060051,2025-10-30 05:00:00.000,,7301539c-fcef-4660-bdf4-3de0b5015ec6.binning_data.json,63060051,2025-10-30 06:07:31.327,2025-10-30 05:07:15.893,UTC-0300,tWUO8ZL77Z,,com.sec.android.app.shealth,2025-10-30 05:59:59.999,7301539c-fcef-4660-bdf4-3de0b5015ec6,
63060051,2025-10-30 06:00:00.000,,eb4f02ba-4621-4773-9fde-ef64b2abf0e0.binning_data.json,63060051,2025-10-30 07:07:46.926,2025-10-30 06:07:31.337,UTC-0300,tWUO8ZL77Z,,com.sec.android.app.shealth,2025-10-30 06:59:59.999,eb4f02ba-4621-4773-9fde-ef64b2abf0e0,
63060051,2025-10-30 07:00:00.000,,996e2177-fa07-4c7f-9717-04f368e274d9.binning_data.json,63060051,2025-10-30 08:08:02.736,2025-10-30 07:07:47.025,UTC-0300,tWUO8ZL77Z,,com.sec.android.app.shealth,2025-10-30 07:59:59.999,996e2177-fa07-4c7f-9717-04f368e274d9,
63060051,2025-10-30 08:00:00.000,,cd149558-4cf8-4b43-a8ef-c40cbd6d5a8e.binning_data.json,63060051,2025-10-30 09:08:18.761,2025-10-30 08:08:02.740,UTC-0300,tWUO8ZL77Z,,com.sec.android.app.shealth,2025-10-30 08:59:59.999,cd149558-4cf8-4b43-a8ef-c40cbd6d5a8e,
63060051,2025-10-30 09:00:00.000,,7d806106-015c-4ab3-b6b3-2abb20c80bd7.binning_data.json,63060051,2025-10-30 10:08:33.297,2025-10-30 09:08:18.769,UTC-0300,tWUO8ZL77Z,,com.sec.android.app.shealth,2025-10-30 09:59:59.999,7d806106-015c-4ab3-b6b3-2abb20c80bd7,
63060051,2025-10-30 10:00:00.000,,083dee5a-49bb-46e4-8852-08bc66084911.binning_data.json,63060051,2025-10-30 11:08:47.468,2025-10-30 10:08:33.304,UTC-0300,tWUO8ZL77Z,,com.sec.android.app.shealth,2025-10-30 10:59:59.999,083dee5a-49bb-46e4-8852-08bc66084911,
63060051,2025-10-30 11:00:00.000,,05585a42-19b6-418f-ab29-62e85e68cd34.binning_data.json,63060051,2025-10-30 12:09:00.379,2025-10-30 11:08:47.473,UTC-0300,tWUO8ZL77Z,,com.sec.android.app.shealth,2025-10-30 11:59:59.999,05585a42-19b6-418f-ab29-62e85e68cd34,
63060051,2025-10-30 12:00:00.000,,1fe8e92f-38cc-4429-bd23-61eaae232120.binning_data.json,63060051,2025-10-30 13:09:12.682,2025-10-30 12:09:00.472,UTC-0300,tWUO8ZL77Z,,com.sec.android.app.shealth,2025-10-30 12:59:59.999,1fe8e92f-38cc-4429-bd23-61eaae232120,
63060051,2025-10-30 13:00:00.000,,7edbbbf7-a2af-4bd8-b107-18c9d0a68892.binning_data.json,63060051,2025-10-30 14:09:24.682,2025-10-30 13:09:12.688,UTC-0300,tWUO8ZL77Z,,com.sec.android.app.shealth,2025-10-30 13:59:59.999,7edbbbf7-a2af-4bd8-b107-18c9d0a68892,
63060051,2025-10-30 14:00:00.000,,dcb6ce0b-b7b3-4160-8016-4f2da26b99ae.binning_data.json,63060051,2025-10-30 15:09:36.394,2025-10-30 14:09:24.688,UTC-0300,tWUO8ZL77Z,,com.sec.android.app.shealth,2025-10-30 14:59:59.999,dcb6ce0b-b7b3-4160-8016-4f2da26b99ae,
63060051,2025-10-30 15:00:00.000,,dc855f2c-15e2-4976-b8b1-6ae72e77a370.binning_data.json,63060051,2025-10-30 16:09:49.725,2025-10-30 15:09:36.400,UTC-0300,tWUO8ZL77Z,,com.sec.android.app.shealth,2025-10-30 15:59:59.999,dc855f2c-15e2-4976-b8b1-6ae72e77a370,
63060051,2025-10-30 16:00:00.000,,1d0348d3-9745-4890-9584-f78c03c2b834.binning_data.json,63060051,2025-10-30 17:09:57.876,2025-10-30 16:09:49.730,UTC-0300,tWUO8ZL77Z,,com.sec.android.app.shealth,2025-10-30 16:59:59.999,1d0348d3-9745-4890-9584-f78c03c2b834,
63060051,2025-10-30 17:00:00.000,,09c6dfab-b5f4-40bb-b881-7a088941b530.binning_data.json,63060051,2025-10-30 18:10:09.014,2025-10-30 17:09:57.885,UTC-0300,tWUO8ZL77Z,,com.sec.android.app.shealth,2025-10-30 17:59:59.999,09c6dfab-b5f4-40bb-b881-7a088941b530,
63060051,2025-10-30 18:00:00.000,,263e8365-7c4f-45c9-acf2-15920f7ff403.binning_data.json,63060051,2025-10-30 19:10:24.376,2025-10-30 18:10:09.018,UTC-0300,tWUO8ZL77Z,,com.sec.android.app.shealth,2025-10-30 18:59:59.999,263e8365-7c4f-45c9-acf2-15920f7ff403,
63060051,2025-10-30 19:00:00.000,,5e1fff1b-7388-4c73-9060-38c3d1352828.binning_data.json,63060051,2025-10-30 20:10:38.550,2025-10-30 19:10:24.383,UTC-0300,tWUO8ZL77Z,,com.sec.android.app.shealth,2025-10-30 19:59:59.999,5e1fff1b-7388-4c73-9060-38c3d1352828,
63060051,2025-10-30 20:00:00.000,,5fa379df-0c11-442d-b3a7-b28e456ef8ac.binning_data.json,63060051,2025-10-30 21:10:51.878,2025-10-30 20:10:38.562,UTC-0300,tWUO8ZL77Z,,com.sec.android.app.shealth,2025-10-30 20:59:59.999,5fa379df-0c11-442d-b3a7-b28e456ef8ac,
63060051,2025-10-30 21:00:00.000,,1bef8926-ce4e-4ad7-bc02-84764d0ccec4.binning_data.json,63060051,2025-10-30 22:11:03.618,2025-10-30 21:10:51.886,UTC-0300,tWUO8ZL77Z,,com.sec.android.app.shealth,2025-10-30 21:59:59.999,1bef8926-ce4e-4ad7-bc02-84764d0ccec4,
63060051,2025-10-30 22:00:00.000,,21a057fb-fb65-486c-beb3-e6321e20892e.binning_data.json,63060051,2025-10-30 23:11:16.537,2025-10-30 22:11:03.625,UTC-0300,tWUO8ZL77Z,,com.sec.android.app.shealth,2025-10-30 22:59:59.999,21a057fb-fb65-486c-beb3-e6321e20892e,
63060051,2025-10-30 23:00:00.000,,257aebf4-9a56-437f-9a2f-c41711dc44f8.binning_data.json,63060051,2025-10-30 23:32:27.623,2025-10-30 23:11:16.544,UTC-0300,tWUO8ZL77Z,,com.sec.android.app.shealth,2025-10-30 23:50:59.999,257aebf4-9a56-437f-9a2f-c41711dc44f8,
63060051,2025-10-31 00:40:00.000,,eb63b2e0-d889-428f-be63-b01d9d6c2699.binning_data.json,63060051,2025-10-31 01:00:30.264,2025-10-31 01:00:30.264,UTC-0300,tWUO8ZL77Z,,com.sec.android.app.shealth,2025-10-31 00:59:59.999,eb63b2e0-d889-428f-be63-b01d9d6c2699,
63060051,2025-10-31 01:00:00.000,,439e3705-439a-4248-9413-ed40b892fcc2.binning_data.json,63060051,2025-10-31 02:00:45.699,2025-10-31 01:20:35.597,UTC-0300,tWUO8ZL77Z,,com.sec.android.app.shealth,2025-10-31 01:59:59.999,439e3705-439a-4248-9413-ed40b892fcc2,
63060051,2025-10-31 02:00:00.000,,1c3f98e1-8319-4b90-9003-afbe7e28ee0c.binning_data.json,63060051,2025-10-31 03:01:00.159,2025-10-31 02:20:50.495,UTC-0300,tWUO8ZL77Z,,com.sec.android.app.shealth,2025-10-31 02:59:59.999,1c3f98e1-8319-4b90-9003-afbe7e28ee0c,
63060051,2025-10-31 03:00:00.000,,160c6b33-f5a3-4e20-ac1b-834381192e6d.binning_data.json,63060051,2025-10-31 04:01:15.036,2025-10-31 03:01:00.181,UTC-0300,tWUO8ZL77Z,,com.sec.android.app.shealth,2025-10-31 03:59:59.999,160c6b33-f5a3-4e20-ac1b-834381192e6d,
63060051,2025-10-31 04:00:00.000,,0a313f16-9ca5-4ddd-870e-1d12b621dd63.binning_data.json,63060051,2025-10-31 05:01:30.167,2025-10-31 04:01:15.139,UTC-0300,tWUO8ZL77Z,,com.sec.android.app.shealth,2025-10-31 04:59:59.999,0a313f16-9ca5-4ddd-870e-1d12b621dd63,
63060051,2025-10-31 05:00:00.000,,a2b894f8-1ae4-4b05-86d9-12cc0dc006b2.binning_data.json,63060051,2025-10-31 06:01:45.525,2025-10-31 05:01:30.171,UTC-0300,tWUO8ZL77Z,,com.sec.android.app.shealth,2025-10-31 05:59:59.999,a2b894f8-1ae4-4b05-86d9-12cc0dc006b2,
63060051,2025-10-31 06:00:00.000,,8af2a69e-d085-4cb8-97c6-5e318f6ea1ec.binning_data.json,63060051,2025-10-31 07:02:01.098,2025-10-31 06:01:45.529,UTC-0300,tWUO8ZL77Z,,com.sec.android.app.shealth,2025-10-31 06:59:59.999,8af2a69e-d085-4cb8-97c6-5e318f6ea1ec,
63060051,2025-10-31 07:00:00.000,,a209e512-acd4-4018-bdc0-673f77729a18.binning_data.json,63060051,2025-10-31 08:02:16.770,2025-10-31 07:02:01.111,UTC-0300,tWUO8ZL77Z,,com.sec.android.app.shealth,2025-10-31 07:59:59.999,a209e512-acd4-4018-bdc0-673f77729a18,
63060051,2025-10-31 08:00:00.000,,b2d4dd80-db36-4f15-93e3-8af20b98abeb.binning_data.json,63060051,2025-10-31 09:02:30.184,2025-10-31 08:02:16.870,UTC-0300,tWUO8ZL77Z,,com.sec.android.app.shealth,2025-10-31 08:59:59.999,b2d4dd80-db36-4f15-93e3-8af20b98abeb,
63060051,2025-10-31 09:00:00.000,,6707e11d-14ed-4291-a7fd-7118dc9ec9c3.binning_data.json,63060051,2025-10-31 10:02:41.487,2025-10-31 09:02:30.188,UTC-0300,tWUO8ZL77Z,,com.sec.android.app.shealth,2025-10-31 09:59:59.999,6707e11d-14ed-4291-a7fd-7118dc9ec9c3,
63060051,2025-10-31 10:00:00.000,,ad7b16e8-e9d1-4784-a6fc-aad4cb16a40d.binning_data.json,63060051,2025-10-31 11:02:54.753,2025-10-31 10:02:41.492,UTC-0300,tWUO8ZL77Z,,com.sec.android.app.shealth,2025-10-31 10:59:59.999,ad7b16e8-e9d1-4784-a6fc-aad4cb16a40d,
63060051,2025-10-31 11:00:00.000,,85c5c587-d5ad-46a0-86be-ea56136d6d6b.binning_data.json,63060051,2025-10-31 12:03:08.374,2025-10-31 11:02:54.756,UTC-0300,tWUO8ZL77Z,,com.sec.android.app.shealth,2025-10-31 11:59:59.999,85c5c587-d5ad-46a0-86be-ea56136d6d6b,
63060051,2025-10-31 12:00:00.000,,32517908-d019-4557-9bf3-f6dd2f16a92d.binning_data.json,63060051,2025-10-31 13:03:21.468,2025-10-31 12:03:08.389,UTC-0300,tWUO8ZL77Z,,com.sec.android.app.shealth,2025-10-31 12:59:59.999,32517908-d019-4557-9bf3-f6dd2f16a92d,
63060051,2025-10-31 13:00:00.000,,46b0b60f-e72a-4c56-933b-28a1ae716ac5.binning_data.json,63060051,2025-10-31 14:03:33.520,2025-10-31 13:03:21.473,UTC-0300,tWUO8ZL77Z,,com.sec.android.app.shealth,2025-10-31 13:59:59.999,46b0b60f-e72a-4c56-933b-28a1ae716ac5,
63060051,2025-10-31 14:00:00.000,,1be2c2df-b766-4519-b9f4-703e0c909ca3.binning_data.json,63060051,2025-10-31 15:03:46.130,2025-10-31 14:03:33.529,UTC-0300,tWUO8ZL77Z,,com.sec.android.app.shealth,2025-10-31 14:59:59.999,1be2c2df-b766-4519-b9f4-703e0c909ca3,
63060051,2025-10-31 15:00:00.000,,17e77911-d15a-4a29-9ad4-164d00e96780.binning_data.json,63060051,2025-10-31 16:03:56.433,2025-10-31 15:03:46.228,UTC-0300,tWUO8ZL77Z,,com.sec.android.app.shealth,2025-10-31 15:59:59.999,17e77911-d15a-4a29-9ad4-164d00e96780,
63060051,2025-10-31 16:00:00.000,,f2364e2e-34c2-42cd-8f03-3ed85bf27150.binning_data.json,63060051,2025-10-31 17:04:07.116,2025-10-31 16:03:56.453,UTC-0300,tWUO8ZL77Z,,com.sec.android.app.shealth,2025-10-31 16:59:59.999,f2364e2e-34c2-42cd-8f03-3ed85bf27150,
63060051,2025-10-31 17:00:00.000,,9ab37188-261b-4993-94ed-10569643e883.binning_data.json,63060051,2025-10-31 18:04:21.664,2025-10-31 17:04:07.124,UTC-0300,tWUO8ZL77Z,,com.sec.android.app.shealth,2025-10-31 17:59:59.999,9ab37188-261b-4993-94ed-10569643e883,
63060051,2025-10-31 18:00:00.000,,6e50de7e-b6fb-444e-8340-9a8bd13e7db0.binning_data.json,63060051,2025-10-31 19:04:33.542,2025-10-31 18:04:21.670,UTC-0300,tWUO8ZL77Z,,com.sec.android.app.shealth,2025-10-31 18:59:59.999,6e50de7e-b6fb-444e-8340-9a8bd13e7db0,
63060051,2025-10-31 19:00:00.000,,eb79e452-78f8-4449-9cb2-df904b29b10c.binning_data.json,63060051,2025-10-31 20:04:41.463,2025-10-31 19:04:33.552,UTC-0300,tWUO8ZL77Z,,com.sec.android.app.shealth,2025-10-31 19:59:59.999,eb79e452-78f8-4449-9cb2-df904b29b10c,
63060051,2025-10-31 20:00:00.000,,c2d65c86-1752-4e55-9ace-27881f639a6b.binning_data.json,63060051,2025-10-31 21:04:52.982,2025-10-31 20:04:41.482,UTC-0300,tWUO8ZL77Z,,com.sec.android.app.shealth,2025-10-31 20:59:59.999,c2d65c86-1752-4e55-9ace-27881f639a6b,
63060051,2025-10-31 21:00:00.000,,4f860a13-e0f2-4c97-88ea-acbfb3bfdbb6.binning_data.json,63060051,2025-10-31 22:01:49.550,2025-10-31 21:04:53.061,UTC-0300,tWUO8ZL77Z,,com.sec.android.app.shealth,2025-10-31 21:59:59.999,4f860a13-e0f2-4c97-88ea-acbfb3bfdbb6,
63060051,2025-10-31 22:00:00.000,,d1625b0d-744b-442a-837c-85ede9c999df.binning_data.json,63060051,2025-10-31 22:01:49.556,2025-10-31 22:01:49.556,UTC-0300,tWUO8ZL77Z,,com.sec.android.app.shealth,2025-10-31 22:04:59.999,d1625b0d-744b-442a-837c-85ede9c999df,
63060051,2025-11-01 00:27:00.000,,be87a1ad-5703-417c-976e-31d93e916759.binning_data.json,63060051,2025-11-01 01:07:33.151,2025-11-01 00:47:27.852,UTC-0300,tWUO8ZL77Z,,com.sec.android.app.shealth,2025-11-01 00:59:59.999,be87a1ad-5703-417c-976e-31d93e916759,
63060051,2025-11-01 01:00:00.000,,91f7d9db-72ec-4724-9761-86c41dfd506e.binning_data.json,63060051,2025-11-01 02:07:47.484,2025-11-01 01:07:33.160,UTC-0300,tWUO8ZL77Z,,com.sec.android.app.shealth,2025-11-01 01:59:59.999,91f7d9db-72ec-4724-9761-86c41dfd506e,
63060051,2025-11-01 02:00:00.000,,a93eee98-b479-4a8f-9c87-7aa596a24c7a.binning_data.json,63060051,2025-11-01 03:08:00.937,2025-11-01 02:07:47.489,UTC-0300,tWUO8ZL77Z,,com.sec.android.app.shealth,2025-11-01 02:59:59.999,a93eee98-b479-4a8f-9c87-7aa596a24c7a,
63060051,2025-11-01 03:00:00.000,,126c62c5-3fdc-41da-9baf-47a1b410ef79.binning_data.json,63060051,2025-11-01 04:08:16.107,2025-11-01 03:08:00.954,UTC-0300,tWUO8ZL77Z,,com.sec.android.app.shealth,2025-11-01 03:59:59.999,126c62c5-3fdc-41da-9baf-47a1b410ef79,
63060051,2025-11-01 04:00:00.000,,45e251c6-0dec-4418-a7bc-32da8d3b32a4.binning_data.json,63060051,2025-11-01 05:08:30.391,2025-11-01 04:08:16.113,UTC-0300,tWUO8ZL77Z,,com.sec.android.app.shealth,2025-11-01 04:59:59.999,45e251c6-0dec-4418-a7bc-32da8d3b32a4,
63060051,2025-11-01 05:00:00.000,,ebbf63d0-8777-45b7-9d16-d9379b5f8b58.binning_data.json,63060051,2025-11-01 06:08:44.997,2025-11-01 05:08:30.406,UTC-0300,tWUO8ZL77Z,,com.sec.android.app.shealth,2025-11-01 05:59:59.999,ebbf63d0-8777-45b7-9d16-d9379b5f8b58,
63060051,2025-11-01 06:00:00.000,,437017c6-931e-49c5-bfc0-f84ea59082fc.binning_data.json,63060051,2025-11-01 07:09:00.043,2025-11-01 06:08:45.119,UTC-0300,tWUO8ZL77Z,,com.sec.android.app.shealth,2025-11-01 06:59:59.999,437017c6-931e-49c5-bfc0-f84ea59082fc,
63060051,2025-11-01 07:00:00.000,,4f851997-5e00-4013-8712-3b37aef72860.binning_data.json,63060051,2025-11-01 08:09:15.183,2025-11-01 07:09:00.054,UTC-0300,tWUO8ZL77Z,,com.sec.android.app.shealth,2025-11-01 07:59:59.999,4f851997-5e00-4013-8712-3b37aef72860,
63060051,2025-11-01 08:00:00.000,,fc37cfb6-0dd5-488a-9f56-955958988e42.binning_data.json,63060051,2025-11-01 09:09:30.316,2025-11-01 08:09:15.200,UTC-0300,tWUO8ZL77Z,,com.sec.android.app.shealth,2025-11-01 08:59:59.999,fc37cfb6-0dd5-488a-9f56-955958988e42,
63060051,2025-11-01 09:00:00.000,,744d223e-58b3-46ec-a59f-d4ad85b70dff.binning_data.json,63060051,2025-11-01 10:09:44.854,2025-11-01 09:09:30.320,UTC-0300,tWUO8ZL77Z,,com.sec.android.app.shealth,2025-11-01 09:59:59.999,744d223e-58b3-46ec-a59f-d4ad85b70dff,
63060051,2025-11-01 10:00:00.000,,cec8e903-a801-443f-a072-5713355cc13b.binning_data.json,63060051,2025-11-01 11:09:59.638,2025-11-01 10:09:44.860,UTC-0300,tWUO8ZL77Z,,com.sec.android.app.shealth,2025-11-01 10:59:59.999,cec8e903-a801-443f-a072-5713355cc13b,
63060051,2025-11-01 11:00:00.000,,ab0ae0d0-a8d9-4425-b6c3-ba93addd57b4.binning_data.json,63060051,2025-11-01 12:10:11.808,2025-11-01 11:09:59.645,UTC-0300,tWUO8ZL77Z,,com.sec.android.app.shealth,2025-11-01 11:59:59.999,ab0ae0d0-a8d9-4425-b6c3-ba93addd57b4,
63060051,2025-11-01 12:00:00.000,,7d4e7239-9b30-4040-993e-90efb513e621.binning_data.json,63060051,2025-11-01 13:10:26.698,2025-11-01 12:10:11.825,UTC-0300,tWUO8ZL77Z,,com.sec.android.app.shealth,2025-11-01 12:59:59.999,7d4e7239-9b30-4040-993e-90efb513e621,
63060051,2025-11-01 13:00:00.000,,4ec5d9b7-60ce-4b0b-9a1a-16e1c0d62d47.binning_data.json,63060051,2025-11-01 14:10:37.892,2025-11-01 13:10:26.703,UTC-0300,tWUO8ZL77Z,,com.sec.android.app.shealth,2025-11-01 13:59:59.999,4ec5d9b7-60ce-4b0b-9a1a-16e1c0d62d47,
63060051,2025-11-01 14:00:00.000,,c2588ae8-b7f2-4443-9aca-8ae5244a2247.binning_data.json,63060051,2025-11-01 15:10:47.579,2025-11-01 14:10:37.897,UTC-0300,tWUO8ZL77Z,,com.sec.android.app.shealth,2025-11-01 14:59:59.999,c2588ae8-b7f2-4443-9aca-8ae5244a2247,
63060051,2025-11-01 15:00:00.000,,f60d735b-2c62-4ccf-afcc-85ea4ffdd092.binning_data.json,63060051,2025-11-01 16:10:59.131,2025-11-01 15:10:47.584,UTC-0300,tWUO8ZL77Z,,com.sec.android.app.shealth,2025-11-01 15:59:59.999,f60d735b-2c62-4ccf-afcc-85ea4ffdd092,
63060051,2025-11-01 16:00:00.000,,98c0dcb9-6900-4351-8cec-3661ab9de592.binning_data.json,63060051,2025-11-01 17:11:12.689,2025-11-01 16:10:59.136,UTC-0300,tWUO8ZL77Z,,com.sec.android.app.shealth,2025-11-01 16:59:59.999,98c0dcb9-6900-4351-8cec-3661ab9de592,
63060051,2025-11-01 17:00:00.000,,9074cbde-7c8e-476a-91cd-3d18623cbcc0.binning_data.json,63060051,2025-11-01 18:11:26.846,2025-11-01 17:11:12.733,UTC-0300,tWUO8ZL77Z,,com.sec.android.app.shealth,2025-11-01 17:59:59.999,9074cbde-7c8e-476a-91cd-3d18623cbcc0,
63060051,2025-11-01 18:00:00.000,,2bff2747-4bb3-47f6-a71e-d7459b3212bb.binning_data.json,63060051,2025-11-01 19:11:42.568,2025-11-01 18:11:26.873,UTC-0300,tWUO8ZL77Z,,com.sec.android.app.shealth,2025-11-01 18:59:59.999,2bff2747-4bb3-47f6-a71e-d7459b3212bb,
63060051,2025-11-01 19:00:00.000,,33550229-d012-4a37-b975-fe43e5779dd1.binning_data.json,63060051,2025-11-01 20:11:58.952,2025-11-01 19:11:42.573,UTC-0300,tWUO8ZL77Z,,com.sec.android.app.shealth,2025-11-01 19:59:59.999,33550229-d012-4a37-b975-fe43e5779dd1,
63060051,2025-11-01 20:00:00.000,,441b5cb4-3706-4f01-be95-9113326b2f1f.binning_data.json,63060051,2025-11-01 21:12:11.545,2025-11-01 20:11:58.966,UTC-0300,tWUO8ZL77Z,,com.sec.android.app.shealth,2025-11-01 20:59:59.999,441b5cb4-3706-4f01-be95-9113326b2f1f,
63060051,2025-11-01 21:00:00.000,,694e6fcb-6c50-45b5-ab1a-ce65b894932c.binning_data.json,63060051,2025-11-01 22:12:22.456,2025-11-01 21:12:11.552,UTC-0300,tWUO8ZL77Z,,com.sec.android.app.shealth,2025-11-01 21:59:59.999,694e6fcb-6c50-45b5-ab1a-ce65b894932c,
63060051,2025-11-01 22:00:00.000,,bd4602f7-8179-4256-9d12-984cd202d621.binning_data.json,63060051,2025-11-01 22:58:04.805,2025-11-01 22:12:22.466,UTC-0300,tWUO8ZL77Z,,com.sec.android.app.shealth,2025-11-01 22:59:59.999,bd4602f7-8179-4256-9d12-984cd202d621,
63060051,2025-11-01 23:00:00.000,,c1265f5c-dd08-4216-bc48-7a60e65e5ea6.binning_data.json,63060051,2025-11-01 22:58:04.829,2025-11-01 22:58:04.829,UTC-0300,tWUO8ZL77Z,,com.sec.android.app.shealth,2025-11-01 23:12:59.999,c1265f5c-dd08-4216-bc48-7a60e65e5ea6,
63060051,2025-11-02 01:03:00.000,,b8478f13-f7d4-459b-b600-e39e6c2aa5ad.binning_data.json,63060051,2025-11-02 02:03:10.655,2025-11-02 01:23:00.150,UTC-0300,tWUO8ZL77Z,,com.sec.android.app.shealth,2025-11-02 01:59:59.999,b8478f13-f7d4-459b-b600-e39e6c2aa5ad,
63060051,2025-11-02 02:00:00.000,,34a60526-bea8-4641-93db-cf1c0853d4d3.binning_data.json,63060051,2025-11-02 03:03:25.204,2025-11-02 02:03:10.664,UTC-0300,tWUO8ZL77Z,,com.sec.android.app.shealth,2025-11-02 02:59:59.999,34a60526-bea8-4641-93db-cf1c0853d4d3,
63060051,2025-11-02 03:00:00.000,,b49f5905-f3de-4284-8154-f45fc5b294b5.binning_data.json,63060051,2025-11-02 04:03:39.342,2025-11-02 03:03:25.208,UTC-0300,tWUO8ZL77Z,,com.sec.android.app.shealth,2025-11-02 03:59:59.999,b49f5905-f3de-4284-8154-f45fc5b294b5,
63060051,2025-11-02 04:00:00.000,,7cfd2fc7-bebe-4b7d-9caa-0338e1161e3a.binning_data.json,63060051,2025-11-02 05:03:53.757,2025-11-02 04:03:39.347,UTC-0300,tWUO8ZL77Z,,com.sec.android.app.shealth,2025-11-02 04:59:59.999,7cfd2fc7-bebe-4b7d-9caa-0338e1161e3a,
63060051,2025-11-02 05:00:00.000,,580facec-44c1-472b-8dbc-4cede669f684.binning_data.json,63060051,2025-11-02 06:04:09.742,2025-11-02 05:03:53.857,UTC-0300,tWUO8ZL77Z,,com.sec.android.app.shealth,2025-11-02 05:59:59.999,580facec-44c1-472b-8dbc-4cede669f684,
63060051,2025-11-02 06:00:00.000,,1f30633a-cff4-4cfe-b1a5-766c4aa5acc4.binning_data.json,63060051,2025-11-02 07:04:25.343,2025-11-02 06:04:09.749,UTC-0300,tWUO8ZL77Z,,com.sec.android.app.shealth,2025-11-02 06:59:59.999,1f30633a-cff4-4cfe-b1a5-766c4aa5acc4,
63060051,2025-11-02 07:00:00.000,,836c9fa0-001c-45c3-90ca-04db8c74b942.binning_data.json,63060051,2025-11-02 08:02:09.873,2025-11-02 07:04:25.348,UTC-0300,tWUO8ZL77Z,,com.sec.android.app.shealth,2025-11-02 07:59:59.999,836c9fa0-001c-45c3-90ca-04db8c74b942,
63060051,2025-11-02 08:00:00.000,,7617ff33-460b-47b6-9401-3e0c905893fe.binning_data.json,63060051,2025-11-02 09:02:24.662,2025-11-02 08:02:09.966,UTC-0300,tWUO8ZL77Z,,com.sec.android.app.shealth,2025-11-02 08:59:59.999,7617ff33-460b-47b6-9401-3e0c905893fe,
63060051,2025-11-02 09:00:00.000,,1d47beae-435c-4fef-8626-23fe862ed756.binning_data.json,63060051,2025-11-02 10:02:39.819,2025-11-02 09:02:24.666,UTC-0300,tWUO8ZL77Z,,com.sec.android.app.shealth,2025-11-02 09:59:59.999,1d47beae-435c-4fef-8626-23fe862ed756,
63060051,2025-11-02 10:00:00.000,,4290de39-5c5f-427e-b339-a5dc2518a1c5.binning_data.json,63060051,2025-11-02 11:02:54.443,2025-11-02 10:02:39.823,UTC-0300,tWUO8ZL77Z,,com.sec.android.app.shealth,2025-11-02 10:59:59.999,4290de39-5c5f-427e-b339-a5dc2518a1c5,
63060051,2025-11-02 11:00:00.000,,22ef92b5-18f9-486b-b815-96fbff4d6140.binning_data.json,63060051,2025-11-02 12:03:08.027,2025-11-02 11:02:54.449,UTC-0300,tWUO8ZL77Z,,com.sec.android.app.shealth,2025-11-02 11:59:59.999,22ef92b5-18f9-486b-b815-96fbff4d6140,
63060051,2025-11-02 12:00:00.000,,708c0298-caec-4f01-91cc-f773fe25bf4c.binning_data.json,63060051,2025-11-02 13:03:20.597,2025-11-02 12:03:08.041,UTC-0300,tWUO8ZL77Z,,com.sec.android.app.shealth,2025-11-02 12:59:59.999,708c0298-caec-4f01-91cc-f773fe25bf4c,
63060051,2025-11-02 13:00:00.000,,10b33901-bf10-425a-afa2-dfdd60848d87.binning_data.json,63060051,2025-11-02 14:03:35.958,2025-11-02 13:03:20.616,UTC-0300,tWUO8ZL77Z,,com.sec.android.app.shealth,2025-11-02 13:59:59.999,10b33901-bf10-425a-afa2-dfdd60848d87,
63060051,2025-11-02 14:00:00.000,,1f00156d-387b-4071-b227-113b551f3be2.binning_data.json,63060051,2025-11-02 15:03:50.764,2025-11-02 14:03:35.962,UTC-0300,tWUO8ZL77Z,,com.sec.android.app.shealth,2025-11-02 14:59:59.999,1f00156d-387b-4071-b227-113b551f3be2,
63060051,2025-11-02 15:00:00.000,,ead8293e-efe1-496b-90c3-2c81028410ea.binning_data.json,63060051,2025-11-02 16:04:05.201,2025-11-02 15:03:50.769,UTC-0300,tWUO8ZL77Z,,com.sec.android.app.shealth,2025-11-02 15:59:59.999,ead8293e-efe1-496b-90c3-2c81028410ea,
63060051,2025-11-02 16:00:00.000,,b8831288-a530-4fb7-82ce-5dee60569e77.binning_data.json,63060051,2025-11-02 17:04:19.838,2025-11-02 16:04:05.212,UTC-0300,tWUO8ZL77Z,,com.sec.android.app.shealth,2025-11-02 16:59:59.999,b8831288-a530-4fb7-82ce-5dee60569e77,
63060051,2025-11-02 17:00:00.000,,6e65dd69-d317-46c9-8650-ee63de9d274e.binning_data.json,63060051,2025-11-02 18:04:31.705,2025-11-02 17:04:19.852,UTC-0300,tWUO8ZL77Z,,com.sec.android.app.shealth,2025-11-02 17:59:59.999,6e65dd69-d317-46c9-8650-ee63de9d274e,
63060051,2025-11-02 18:00:00.000,,2b7211a7-857c-4c1e-ba9d-45e63f98f165.binning_data.json,63060051,2025-11-02 19:04:43.339,2025-11-02 18:04:31.713,UTC-0300,tWUO8ZL77Z,,com.sec.android.app.shealth,2025-11-02 18:59:59.999,2b7211a7-857c-4c1e-ba9d-45e63f98f165,
63060051,2025-11-02 19:00:00.000,,cdf27fb8-9922-45aa-83c6-bed03bb87330.binning_data.json,63060051,2025-11-02 20:04:55.011,2025-11-02 19:04:43.348,UTC-0300,tWUO8ZL77Z,,com.sec.android.app.shealth,2025-11-02 19:59:59.999,cdf27fb8-9922-45aa-83c6-bed03bb87330,
63060051,2025-11-02 20:00:00.000,,85b0d567-6967-407d-baae-27904018b53f.binning_data.json,63060051,2025-11-02 21:05:09.682,2025-11-02 20:04:55.017,UTC-0300,tWUO8ZL77Z,,com.sec.android.app.shealth,2025-11-02 20:59:59.999,85b0d567-6967-407d-baae-27904018b53f,
63060051,2025-11-02 21:00:00.000,,d557cd7f-2d25-4fd4-bfd2-76029cbb9f27.binning_data.json,63060051,2025-11-02 22:05:23.735,2025-11-02 21:05:09.696,UTC-0300,tWUO8ZL77Z,,com.sec.android.app.shealth,2025-11-02 21:59:59.999,d557cd7f-2d25-4fd4-bfd2-76029cbb9f27,
63060051,2025-11-02 22:00:00.000,,c04ae663-62e9-407f-8529-d67ef08fde16.binning_data.json,63060051,2025-11-02 22:13:47.254,2025-11-02 22:05:23.739,UTC-0300,tWUO8ZL77Z,,com.sec.android.app.shealth,2025-11-02 22:24:59.999,c04ae663-62e9-407f-8529-d67ef08fde16,
63060051,2025-11-03 00:35:00.000,,1c81e6cf-ec60-47a1-84d2-1aabc1b961fa.binning_data.json,63060051,2025-11-03 01:15:23.935,2025-11-03 00:55:18.846,UTC-0300,tWUO8ZL77Z,,com.sec.android.app.shealth,2025-11-03 00:59:59.999,1c81e6cf-ec60-47a1-84d2-1aabc1b961fa,
63060051,2025-11-03 01:00:00.000,,9f09fa49-b159-4dde-a9cc-b96ecf1f8886.binning_data.json,63060051,2025-11-03 02:15:38.182,2025-11-03 01:15:23.941,UTC-0300,tWUO8ZL77Z,,com.sec.android.app.shealth,2025-11-03 01:59:59.999,9f09fa49-b159-4dde-a9cc-b96ecf1f8886,
63060051,2025-11-03 02:00:00.000,,de541505-6698-4646-b9c7-58acbf9fb3ac.binning_data.json,63060051,2025-11-03 03:15:52.496,2025-11-03 02:15:38.187,UTC-0300,tWUO8ZL77Z,,com.sec.android.app.shealth,2025-11-03 02:59:59.999,de541505-6698-4646-b9c7-58acbf9fb3ac,
63060051,2025-11-03 03:00:00.000,,7c6b6754-33e2-4e0f-9689-812ddd6379aa.binning_data.json,63060051,2025-11-03 04:16:05.944,2025-11-03 03:15:52.532,UTC-0300,tWUO8ZL77Z,,com.sec.android.app.shealth,2025-11-03 03:59:59.999,7c6b6754-33e2-4e0f-9689-812ddd6379aa,
63060051,2025-11-03 04:00:00.000,,1009e0b4-2ef2-49f5-8059-066d39d60a34.binning_data.json,63060051,2025-11-03 05:16:17.548,2025-11-03 04:16:05.971,UTC-0300,tWUO8ZL77Z,,com.sec.android.app.shealth,2025-11-03 04:59:59.999,1009e0b4-2ef2-49f5-8059-066d39d60a34,
63060051,2025-11-03 05:00:00.000,,884e74f2-0204-4aea-badb-4dfff1b7972c.binning_data.json,63060051,2025-11-03 06:16:30.828,2025-11-03 05:16:17.553,UTC-0300,tWUO8ZL77Z,,com.sec.android.app.shealth,2025-11-03 05:59:59.999,884e74f2-0204-4aea-badb-4dfff1b7972c,
63060051,2025-11-03 06:00:00.000,,0fd4ab8e-ce00-478b-9ba5-8ceb1cc84e96.binning_data.json,63060051,2025-11-03 07:16:44.085,2025-11-03 06:16:30.832,UTC-0300,tWUO8ZL77Z,,com.sec.android.app.shealth,2025-11-03 06:59:59.999,0fd4ab8e-ce00-478b-9ba5-8ceb1cc84e96,
63060051,2025-11-03 07:00:00.000,,5bf9fde4-a6c7-43f9-b3a5-1b7875be4358.binning_data.json,63060051,2025-11-03 08:16:56.961,2025-11-03 07:16:44.130,UTC-0300,tWUO8ZL77Z,,com.sec.android.app.shealth,2025-11-03 07:59:59.999,5bf9fde4-a6c7-43f9-b3a5-1b7875be4358,
63060051,2025-11-03 08:00:00.000,,8f66e8f0-e0a4-44a8-a211-41dd93c39d57.binning_data.json,63060051,2025-11-03 09:17:09.598,2025-11-03 08:16:56.969,UTC-0300,tWUO8ZL77Z,,com.sec.android.app.shealth,2025-11-03 08:59:59.999,8f66e8f0-e0a4-44a8-a211-41dd93c39d57,
63060051,2025-11-03 09:00:00.000,,f4a5e952-4962-4de5-8ce5-f99f33236e4d.binning_data.json,63060051,2025-11-03 10:17:23.317,2025-11-03 09:17:09.709,UTC-0300,tWUO8ZL77Z,,com.sec.android.app.shealth,2025-11-03 09:59:59.999,f4a5e952-4962-4de5-8ce5-f99f33236e4d,
63060051,2025-11-03 10:00:00.000,,4de929df-314a-4831-bb6d-161cb4dc5cf6.binning_data.json,63060051,2025-11-03 11:17:37.179,2025-11-03 10:17:23.318,UTC-0300,tWUO8ZL77Z,,com.sec.android.app.shealth,2025-11-03 10:59:59.999,4de929df-314a-4831-bb6d-161cb4dc5cf6,
63060051,2025-11-03 11:00:00.000,,97409677-add4-48bc-810c-a3760f0125d5.binning_data.json,63060051,2025-11-03 12:17:51.203,2025-11-03 11:17:37.186,UTC-0300,tWUO8ZL77Z,,com.sec.android.app.shealth,2025-11-03 11:59:59.999,97409677-add4-48bc-810c-a3760f0125d5,
63060051,2025-11-03 12:00:00.000,,e32379e1-45b0-45f7-8920-58e15904f142.binning_data.json,63060051,2025-11-03 13:18:04.735,2025-11-03 12:17:51.208,UTC-0300,tWUO8ZL77Z,,com.sec.android.app.shealth,2025-11-03 12:59:59.999,e32379e1-45b0-45f7-8920-58e15904f142,
63060051,2025-11-03 13:00:00.000,,747d00d0-0413-4e1d-af38-65c70ef0939c.binning_data.json,63060051,2025-11-03 14:18:14.384,2025-11-03 13:18:04.740,UTC-0300,tWUO8ZL77Z,,com.sec.android.app.shealth,2025-11-03 13:59:59.999,747d00d0-0413-4e1d-af38-65c70ef0939c,
63060051,2025-11-03 14:00:00.000,,da5aeba9-138b-4f49-834c-7849dc263103.binning_data.json,63060051,2025-11-03 15:18:25.580,2025-11-03 14:18:14.393,UTC-0300,tWUO8ZL77Z,,com.sec.android.app.shealth,2025-11-03 14:59:59.999,da5aeba9-138b-4f49-834c-7849dc263103,
63060051,2025-11-03 15:00:00.000,,dbc67feb-4960-4e7d-b3eb-817cd2a343ce.binning_data.json,63060051,2025-11-03 16:18:38.585,2025-11-03 15:18:25.670,UTC-0300,tWUO8ZL77Z,,com.sec.android.app.shealth,2025-11-03 15:59:59.999,dbc67feb-4960-4e7d-b3eb-817cd2a343ce,
63060051,2025-11-03 16:00:00.000,,e90d965e-aad7-413a-ba4f-a7381ee2545a.binning_data.json,63060051,2025-11-03 17:18:52.005,2025-11-03 16:18:38.589,UTC-0300,tWUO8ZL77Z,,com.sec.android.app.shealth,2025-11-03 16:59:59.999,e90d965e-aad7-413a-ba4f-a7381ee2545a,
63060051,2025-11-03 17:00:00.000,,63dc34eb-6a68-4e51-849d-7ffd8c54e0dd.binning_data.json,63060051,2025-11-03 18:19:04.139,2025-11-03 17:18:52.020,UTC-0300,tWUO8ZL77Z,,com.sec.android.app.shealth,2025-11-03 17:59:59.999,63dc34eb-6a68-4e51-849d-7ffd8c54e0dd,
63060051,2025-11-03 18:00:00.000,,14e5ba24-773d-4225-9f19-b87f542bf47f.binning_data.json,63060051,2025-11-03 19:19:16.638,2025-11-03 18:19:04.148,UTC-0300,tWUO8ZL77Z,,com.sec.android.app.shealth,2025-11-03 18:59:59.999,14e5ba24-773d-4225-9f19-b87f542bf47f,
63060051,2025-11-03 19:00:00.000,,7b0a1a6e-ec87-4e59-9cfb-f39eb65d4f2c.binning_data.json,63060051,2025-11-03 20:19:29.078,2025-11-03 19:19:16.651,UTC-0300,tWUO8ZL77Z,,com.sec.android.app.shealth,2025-11-03 19:59:59.999,7b0a1a6e-ec87-4e59-9cfb-f39eb65d4f2c,
63060051,2025-11-03 20:00:00.000,,ff53f9b9-6b06-4553-9b86-4d8b19ea79dd.binning_data.json,63060051,2025-11-03 21:19:41.720,2025-11-03 20:19:29.084,UTC-0300,tWUO8ZL77Z,,com.sec.android.app.shealth,2025-11-03 20:59:59.999,ff53f9b9-6b06-4553-9b86-4d8b19ea79dd,
63060051,2025-11-03 21:00:00.000,,52ebbf77-aa87-430b-9444-c38c34859443.binning_data.json,63060051,2025-11-03 22:19:55.656,2025-11-03 21:19:41.728,UTC-0300,tWUO8ZL77Z,,com.sec.android.app.shealth,2025-11-03 21:59:59.999,52ebbf77-aa87-430b-9444-c38c34859443,
63060051,2025-11-03 22:00:00.000,,a8dfba59-19e6-4a29-9fe9-3347dfde7220.binning_data.json,63060051,2025-11-03 23:00:04.636,2025-11-03 22:19:55.671,UTC-0300,tWUO8ZL77Z,,com.sec.android.app.shealth,2025-11-03 22:59:59.999,a8dfba59-19e6-4a29-9fe9-3347dfde7220,
63060051,2025-11-03 23:00:00.000,,1133c508-25a5-479a-8b34-821d5cf8b940.binning_data.json,63060051,2025-11-03 23:49:10.695,2025-11-03 23:20:09.181,UTC-0300,tWUO8ZL77Z,,com.sec.android.app.shealth,2025-11-03 23:59:59.999,1133c508-25a5-479a-8b34-821d5cf8b940,
63060051,2025-11-04 00:00:00.000,,31991562-fef6-4f17-a11f-372c63fff699.binning_data.json,63060051,2025-11-03 23:49:10.708,2025-11-03 23:49:10.708,UTC-0300,tWUO8ZL77Z,,com.sec.android.app.shealth,2025-11-04 00:00:59.999,31991562-fef6-4f17-a11f-372c63fff699,
63060051,2025-11-04 01:55:00.000,,ff2d8551-caa5-475e-818e-c33f2fcf0bdd.binning_data.json,63060051,2025-11-04 02:15:25.452,2025-11-04 02:15:25.452,UTC-0300,tWUO8ZL77Z,,com.sec.android.app.shealth,2025-11-04 01:59:59.999,ff2d8551-caa5-475e-818e-c33f2fcf0bdd,
63060051,2025-11-04 02:00:00.000,,118c5fbb-d9e1-4b96-b989-5c8453202bf2.binning_data.json,63060051,2025-11-04 03:15:40.266,2025-11-04 02:15:25.468,UTC-0300,tWUO8ZL77Z,,com.sec.android.app.shealth,2025-11-04 02:59:59.999,118c5fbb-d9e1-4b96-b989-5c8453202bf2,
63060051,2025-11-04 03:00:00.000,,e0132127-3dd3-48a4-ad08-1a7999c5dd11.binning_data.json,63060051,2025-11-04 04:15:56.865,2025-11-04 03:15:40.374,UTC-0300,tWUO8ZL77Z,,com.sec.android.app.shealth,2025-11-04 03:59:59.999,e0132127-3dd3-48a4-ad08-1a7999c5dd11,
63060051,2025-11-04 04:00:00.000,,7ac38148-28cc-46a4-a1f6-1ef862a4a90c.binning_data.json,63060051,2025-11-04 05:16:11.368,2025-11-04 04:15:56.877,UTC-0300,tWUO8ZL77Z,,com.sec.android.app.shealth,2025-11-04 04:59:59.999,7ac38148-28cc-46a4-a1f6-1ef862a4a90c,
63060051,2025-11-04 05:00:00.000,,9f6fc478-ac02-4c0c-bcb9-91541cd36a1e.binning_data.json,63060051,2025-11-04 06:16:25.543,2025-11-04 05:16:11.383,UTC-0300,tWUO8ZL77Z,,com.sec.android.app.shealth,2025-11-04 05:59:59.999,9f6fc478-ac02-4c0c-bcb9-91541cd36a1e,
63060051,2025-11-04 06:00:00.000,,e7535e72-4eb1-441b-b4a5-93a3f4054787.binning_data.json,63060051,2025-11-04 07:16:40.197,2025-11-04 06:16:25.557,UTC-0300,tWUO8ZL77Z,,com.sec.android.app.shealth,2025-11-04 06:59:59.999,e7535e72-4eb1-441b-b4a5-93a3f4054787,
63060051,2025-11-04 07:00:00.000,,b59e7bee-70d8-4f93-8b28-a11d2ec53611.binning_data.json,63060051,2025-11-04 08:16:54.157,2025-11-04 07:16:40.228,UTC-0300,tWUO8ZL77Z,,com.sec.android.app.shealth,2025-11-04 07:59:59.999,b59e7bee-70d8-4f93-8b28-a11d2ec53611,
63060051,2025-11-04 08:00:00.000,,d6ef7f2d-4dc5-4a96-bcca-cd0e0c5ca07c.binning_data.json,63060051,2025-11-04 09:17:07.745,2025-11-04 08:16:54.167,UTC-0300,tWUO8ZL77Z,,com.sec.android.app.shealth,2025-11-04 08:59:59.999,d6ef7f2d-4dc5-4a96-bcca-cd0e0c5ca07c,
63060051,2025-11-04 09:00:00.000,,e1a4a2f5-65e1-40f3-a3f1-4d5ce04fceb1.binning_data.json,63060051,2025-11-04 10:17:20.482,2025-11-04 09:17:07.754,UTC-0300,tWUO8ZL77Z,,com.sec.android.app.shealth,2025-11-04 09:59:59.999,e1a4a2f5-65e1-40f3-a3f1-4d5ce04fceb1,
63060051,2025-11-04 10:00:00.000,,f3fd3350-e823-4b0e-b516-e7c0f3049f59.binning_data.json,63060051,2025-11-04 11:17:33.745,2025-11-04 10:17:20.506,UTC-0300,tWUO8ZL77Z,,com.sec.android.app.shealth,2025-11-04 10:59:59.999,f3fd3350-e823-4b0e-b516-e7c0f3049f59,
63060051,2025-11-04 11:00:00.000,,6f1e4084-ffb6-4be0-929c-2ed53582013a.binning_data.json,63060051,2025-11-04 12:17:45.206,2025-11-04 11:17:33.762,UTC-0300,tWUO8ZL77Z,,com.sec.android.app.shealth,2025-11-04 11:59:59.999,6f1e4084-ffb6-4be0-929c-2ed53582013a,
63060051,2025-11-04 12:00:00.000,,f95fe056-355a-4a1a-bf33-3a56f237dee4.binning_data.json,63060051,2025-11-04 13:17:59.840,2025-11-04 12:17:45.210,UTC-0300,tWUO8ZL77Z,,com.sec.android.app.shealth,2025-11-04 12:59:59.999,f95fe056-355a-4a1a-bf33-3a56f237dee4,
63060051,2025-11-04 13:00:00.000,,6387c0e4-47f7-4cf1-be90-0f688e202a10.binning_data.json,63060051,2025-11-04 14:18:14.807,2025-11-04 13:17:59.848,UTC-0300,tWUO8ZL77Z,,com.sec.android.app.shealth,2025-11-04 13:59:59.999,6387c0e4-47f7-4cf1-be90-0f688e202a10,
63060051,2025-11-04 14:00:00.000,,aca4c2f1-94dc-4e53-b391-8bdf86100ab6.binning_data.json,63060051,2025-11-04 15:18:26.783,2025-11-04 14:18:14.947,UTC-0300,tWUO8ZL77Z,,com.sec.android.app.shealth,2025-11-04 14:59:59.999,aca4c2f1-94dc-4e53-b391-8bdf86100ab6,
63060051,2025-11-04 15:00:00.000,,e45a43e9-e5d8-417a-8426-028be593ec33.binning_data.json,63060051,2025-11-04 16:18:39.588,2025-11-04 15:18:26.796,UTC-0300,tWUO8ZL77Z,,com.sec.android.app.shealth,2025-11-04 15:59:59.999,e45a43e9-e5d8-417a-8426-028be593ec33,
63060051,2025-11-04 16:00:00.000,,043d2f3b-bb62-4ceb-b02a-3ea08c7701bd.binning_data.json,63060051,2025-11-04 17:18:54.107,2025-11-04 16:18:39.593,UTC-0300,tWUO8ZL77Z,,com.sec.android.app.shealth,2025-11-04 16:59:59.999,043d2f3b-bb62-4ceb-b02a-3ea08c7701bd,
63060051,2025-11-04 17:00:00.000,,164ae012-54b9-4fc2-9e08-d0547e6fddf3.binning_data.json,63060051,2025-11-04 18:19:08.486,2025-11-04 17:18:54.121,UTC-0300,tWUO8ZL77Z,,com.sec.android.app.shealth,2025-11-04 17:59:59.999,164ae012-54b9-4fc2-9e08-d0547e6fddf3,
63060051,2025-11-04 18:00:00.000,,dfd2ed0a-077b-4346-8217-3588e8fe4bda.binning_data.json,63060051,2025-11-04 19:19:19.819,2025-11-04 18:19:08.497,UTC-0300,tWUO8ZL77Z,,com.sec.android.app.shealth,2025-11-04 18:59:59.999,dfd2ed0a-077b-4346-8217-3588e8fe4bda,
63060051,2025-11-04 19:00:00.000,,dd6efd64-dfa1-464f-9ded-52291fa2f67e.binning_data.json,63060051,2025-11-04 20:19:31.579,2025-11-04 19:19:19.920,UTC-0300,tWUO8ZL77Z,,com.sec.android.app.shealth,2025-11-04 19:59:59.999,dd6efd64-dfa1-464f-9ded-52291fa2f67e,
63060051,2025-11-04 20:00:00.000,,ae7bb68d-e5bd-40ac-9278-d8ca8552b6fb.binning_data.json,63060051,2025-11-04 21:19:45.930,2025-11-04 20:19:31.604,UTC-0300,tWUO8ZL77Z,,com.sec.android.app.shealth,2025-11-04 20:59:59.999,ae7bb68d-e5bd-40ac-9278-d8ca8552b6fb,
63060051,2025-11-04 21:00:00.000,,5149354b-47ca-41eb-8c03-5ebaa2b0432b.binning_data.json,63060051,2025-11-04 22:19:59.994,2025-11-04 21:19:45.960,UTC-0300,tWUO8ZL77Z,,com.sec.android.app.shealth,2025-11-04 21:59:59.999,5149354b-47ca-41eb-8c03-5ebaa2b0432b,
63060051,2025-11-04 22:00:00.000,,adfbcc3b-d7d3-47bb-8f4c-1cc3736dea76.binning_data.json,63060051,2025-11-04 23:00:08.268,2025-11-04 22:19:59.999,UTC-0300,tWUO8ZL77Z,,com.sec.android.app.shealth,2025-11-04 22:59:59.999,adfbcc3b-d7d3-47bb-8f4c-1cc3736dea76,
63060051,2025-11-04 23:00:00.000,,24d441b7-938c-4e3c-a2ed-88d07a609697.binning_data.json,63060051,2025-11-05 00:00:21.735,2025-11-04 23:20:12.762,UTC-0300,tWUO8ZL77Z,,com.sec.android.app.shealth,2025-11-04 23:59:59.999,24d441b7-938c-4e3c-a2ed-88d07a609697,
63060051,2025-11-05 00:00:00.000,,73687db6-7ee7-43e7-b4b9-86a66cda964c.binning_data.json,63060051,2025-11-05 01:03:00.786,2025-11-05 00:08:23.804,UTC-0300,tWUO8ZL77Z,,com.sec.android.app.shealth,2025-11-05 00:59:59.999,73687db6-7ee7-43e7-b4b9-86a66cda964c,
63060051,2025-11-05 01:00:00.000,,e47b7f97-b45f-4c15-9923-a23c09936bea.binning_data.json,63060051,2025-11-05 02:03:14.888,2025-11-05 01:03:00.790,UTC-0300,tWUO8ZL77Z,,com.sec.android.app.shealth,2025-11-05 01:59:59.999,e47b7f97-b45f-4c15-9923-a23c09936bea,
63060051,2025-11-05 02:00:00.000,,62ec0388-b718-428d-876c-54f72b374aa2.binning_data.json,63060051,2025-11-05 03:03:29.222,2025-11-05 02:03:14.892,UTC-0300,tWUO8ZL77Z,,com.sec.android.app.shealth,2025-11-05 02:59:59.999,62ec0388-b718-428d-876c-54f72b374aa2,
63060051,2025-11-05 03:00:00.000,,a7df7d99-aacf-40af-bee7-6215ccc87cb4.binning_data.json,63060051,2025-11-05 04:03:42.022,2025-11-05 03:03:29.226,UTC-0300,tWUO8ZL77Z,,com.sec.android.app.shealth,2025-11-05 03:59:59.999,a7df7d99-aacf-40af-bee7-6215ccc87cb4,
63060051,2025-11-05 04:00:00.000,,ab612844-5ea5-4de5-8b21-aeace5d10b6d.binning_data.json,63060051,2025-11-05 05:03:53.842,2025-11-05 04:03:42.039,UTC-0300,tWUO8ZL77Z,,com.sec.android.app.shealth,2025-11-05 04:59:59.999,ab612844-5ea5-4de5-8b21-aeace5d10b6d,
63060051,2025-11-05 05:00:00.000,,f7c531b7-6b8e-4b4a-8e31-f4a4af148113.binning_data.json,63060051,2025-11-05 06:04:05.649,2025-11-05 05:03:53.852,UTC-0300,tWUO8ZL77Z,,com.sec.android.app.shealth,2025-11-05 05:59:59.999,f7c531b7-6b8e-4b4a-8e31-f4a4af148113,
63060051,2025-11-05 06:00:00.000,,36b925d6-05ec-4cb5-9e17-0a983ae64ff0.binning_data.json,63060051,2025-11-05 07:04:18.338,2025-11-05 06:04:05.654,UTC-0300,tWUO8ZL77Z,,com.sec.android.app.shealth,2025-11-05 06:59:59.999,36b925d6-05ec-4cb5-9e17-0a983ae64ff0,
63060051,2025-11-05 07:00:00.000,,04416df3-563a-4f6f-a05c-f99f1d127fc1.binning_data.json,63060051,2025-11-05 08:04:30.717,2025-11-05 07:04:18.369,UTC-0300,tWUO8ZL77Z,,com.sec.android.app.shealth,2025-11-05 07:59:59.999,04416df3-563a-4f6f-a05c-f99f1d127fc1,
63060051,2025-11-05 08:00:00.000,,40b6d2f9-97c2-4417-b54b-b4e43f712b94.binning_data.json,63060051,2025-11-05 08:48:36.597,2025-11-05 08:04:30.721,UTC-0300,tWUO8ZL77Z,,com.sec.android.app.shealth,2025-11-05 08:59:59.999,40b6d2f9-97c2-4417-b54b-b4e43f712b94,
63060051,2025-11-05 09:00:00.000,,45e3157a-90e3-4224-9b0b-ace064a02349.binning_data.json,63060051,2025-11-05 08:48:36.613,2025-11-05 08:48:36.613,UTC-0300,tWUO8ZL77Z,,com.sec.android.app.shealth,2025-11-05 09:04:59.999,45e3157a-90e3-4224-9b0b-ace064a02349,
63060051,2025-11-05 12:39:00.000,,8fd668be-be1d-4f76-a03c-38297caf51c6.binning_data.json,63060051,2025-11-05 13:19:56.448,2025-11-05 12:59:52.389,UTC-0300,tWUO8ZL77Z,,com.sec.android.app.shealth,2025-11-05 12:59:59.999,8fd668be-be1d-4f76-a03c-38297caf51c6,
63060051,2025-11-05 13:00:00.000,,855475cb-3029-4c76-a994-abad3504b1df.binning_data.json,63060051,2025-11-05 14:00:02.869,2025-11-05 13:19:56.458,UTC-0300,tWUO8ZL77Z,,com.sec.android.app.shealth,2025-11-05 13:59:59.999,855475cb-3029-4c76-a994-abad3504b1df,
63060051,2025-11-05 14:00:00.000,,2c13fb6b-7091-4cbb-854e-e170d4c5342f.binning_data.json,63060051,2025-11-05 15:00:14.785,2025-11-05 14:20:06.192,UTC-0300,tWUO8ZL77Z,,com.sec.android.app.shealth,2025-11-05 14:59:59.999,2c13fb6b-7091-4cbb-854e-e170d4c5342f,
63060051,2025-11-05 15:00:00.000,,6762f1e9-0a0e-45e4-918c-0bdf5de076f3.binning_data.json,63060051,2025-11-05 16:00:26.993,2025-11-05 15:20:19.754,UTC-0300,tWUO8ZL77Z,,com.sec.android.app.shealth,2025-11-05 15:59:59.999,6762f1e9-0a0e-45e4-918c-0bdf5de076f3,
63060051,2025-11-05 16:00:00.000,,58997d33-7fc7-40dc-9041-58af74067b57.binning_data.json,63060051,2025-11-05 17:00:39.337,2025-11-05 16:20:31.338,UTC-0300,tWUO8ZL77Z,,com.sec.android.app.shealth,2025-11-05 16:59:59.999,58997d33-7fc7-40dc-9041-58af74067b57,
63060051,2025-11-05 17:00:00.000,,82f90e30-8e4c-4432-abbb-2c6c7e6f1978.binning_data.json,63060051,2025-11-05 18:00:52.221,2025-11-05 17:20:44.160,UTC-0300,tWUO8ZL77Z,,com.sec.android.app.shealth,2025-11-05 17:59:59.999,82f90e30-8e4c-4432-abbb-2c6c7e6f1978,
63060051,2025-11-05 18:00:00.000,,18450556-5e2f-4a37-9404-b0bd76c46929.binning_data.json,63060051,2025-11-05 19:00:59.421,2025-11-05 18:20:51.903,UTC-0300,tWUO8ZL77Z,,com.sec.android.app.shealth,2025-11-05 18:59:59.999,18450556-5e2f-4a37-9404-b0bd76c46929,
63060051,2025-11-05 19:01:00.000,,59bef70c-5975-41d9-961b-e627ed005524.binning_data.json,63060051,2025-11-05 20:01:09.603,2025-11-05 19:21:02.377,UTC-0300,tWUO8ZL77Z,,com.sec.android.app.shealth,2025-11-05 19:59:59.999,59bef70c-5975-41d9-961b-e627ed005524,
63060051,2025-11-05 20:00:00.000,,18b55e78-0f44-43b4-b80c-72329e0ea948.binning_data.json,63060051,2025-11-05 21:01:23.067,2025-11-05 20:01:09.611,UTC-0300,tWUO8ZL77Z,,com.sec.android.app.shealth,2025-11-05 20:59:59.999,18b55e78-0f44-43b4-b80c-72329e0ea948,
63060051,2025-11-05 21:00:00.000,,8601366e-aafb-4475-8dd8-3aee01a2490d.binning_data.json,63060051,2025-11-05 22:01:34.835,2025-11-05 21:01:23.072,UTC-0300,tWUO8ZL77Z,,com.sec.android.app.shealth,2025-11-05 21:59:59.999,8601366e-aafb-4475-8dd8-3aee01a2490d,
63060051,2025-11-05 22:00:00.000,,9bad0b9b-ee1d-4262-abeb-431a5f9f6ce6.binning_data.json,63060051,2025-11-05 23:01:50.462,2025-11-05 22:01:34.854,UTC-0300,tWUO8ZL77Z,,com.sec.android.app.shealth,2025-11-05 22:59:59.999,9bad0b9b-ee1d-4262-abeb-431a5f9f6ce6,
63060051,2025-11-05 23:00:00.000,,ae4f78a0-8c94-4bce-b448-d471ba431dc6.binning_data.json,63060051,2025-11-06 00:02:06.731,2025-11-05 23:01:50.468,UTC-0300,tWUO8ZL77Z,,com.sec.android.app.shealth,2025-11-05 23:59:59.999,ae4f78a0-8c94-4bce-b448-d471ba431dc6,
63060051,2025-11-06 00:00:00.000,,f74033e4-6de5-47eb-85b3-fdba79c0a91b.binning_data.json,63060051,2025-11-06 01:02:20.906,2025-11-06 00:02:06.738,UTC-0300,tWUO8ZL77Z,,com.sec.android.app.shealth,2025-11-06 00:59:59.999,f74033e4-6de5-47eb-85b3-fdba79c0a91b,
63060051,2025-11-06 01:00:00.000,,a0c42d70-aece-4af3-897f-eb8dd809f5f5.binning_data.json,63060051,2025-11-06 01:54:48.400,2025-11-06 01:02:20.920,UTC-0300,tWUO8ZL77Z,,com.sec.android.app.shealth,2025-11-06 01:59:59.999,a0c42d70-aece-4af3-897f-eb8dd809f5f5,
63060051,2025-11-06 02:00:00.000,,c6ec584a-5b46-40fb-a684-aa45801f2027.binning_data.json,63060051,2025-11-06 03:02:16.809,2025-11-06 01:54:48.410,UTC-0300,tWUO8ZL77Z,,com.sec.android.app.shealth,2025-11-06 02:59:59.999,c6ec584a-5b46-40fb-a684-aa45801f2027,
63060051,2025-11-06 03:00:00.000,,ccffe079-d418-403d-b6ce-2c08236bc6c9.binning_data.json,63060051,2025-11-06 04:02:33.178,2025-11-06 03:02:16.813,UTC-0300,tWUO8ZL77Z,,com.sec.android.app.shealth,2025-11-06 03:59:59.999,ccffe079-d418-403d-b6ce-2c08236bc6c9,
63060051,2025-11-06 04:00:00.000,,30d6b0c5-5ace-4c3e-a5e1-149180fca0ca.binning_data.json,63060051,2025-11-06 05:02:48.621,2025-11-06 04:02:33.182,UTC-0300,tWUO8ZL77Z,,com.sec.android.app.shealth,2025-11-06 04:59:59.999,30d6b0c5-5ace-4c3e-a5e1-149180fca0ca,
63060051,2025-11-06 05:00:00.000,,e31f1033-53fd-4107-96ea-f82de9587218.binning_data.json,63060051,2025-11-06 06:03:01.641,2025-11-06 05:02:48.627,UTC-0300,tWUO8ZL77Z,,com.sec.android.app.shealth,2025-11-06 05:59:59.999,e31f1033-53fd-4107-96ea-f82de9587218,
63060051,2025-11-06 06:00:00.000,,08322f1a-bc5f-4ce6-8cc8-570999f7a6a8.binning_data.json,63060051,2025-11-06 07:03:14.406,2025-11-06 06:03:01.646,UTC-0300,tWUO8ZL77Z,,com.sec.android.app.shealth,2025-11-06 06:59:59.999,08322f1a-bc5f-4ce6-8cc8-570999f7a6a8,
63060051,2025-11-06 07:00:00.000,,0a91a19a-d1c0-46cf-b078-ffaae74ebd19.binning_data.json,63060051,2025-11-06 08:03:28.196,2025-11-06 07:03:14.410,UTC-0300,tWUO8ZL77Z,,com.sec.android.app.shealth,2025-11-06 07:59:59.999,0a91a19a-d1c0-46cf-b078-ffaae74ebd19,
63060051,2025-11-06 08:00:00.000,,2249a581-bd71-43fe-8e10-3e44802418ff.binning_data.json,63060051,2025-11-06 09:03:40.921,2025-11-06 08:03:28.200,UTC-0300,tWUO8ZL77Z,,com.sec.android.app.shealth,2025-11-06 08:59:59.999,2249a581-bd71-43fe-8e10-3e44802418ff,
63060051,2025-11-06 09:00:00.000,,41f16fad-04e8-42dc-b688-4e4650394607.binning_data.json,63060051,2025-11-06 09:49:10.123,2025-11-06 09:03:40.934,UTC-0300,tWUO8ZL77Z,,com.sec.android.app.shealth,2025-11-06 09:59:59.999,41f16fad-04e8-42dc-b688-4e4650394607,
63060051,2025-11-06 10:00:00.000,,d972b2ba-fee6-498f-8d43-b6663a998b88.binning_data.json,63060051,2025-11-06 11:06:07.361,2025-11-06 09:49:10.147,UTC-0300,tWUO8ZL77Z,,com.sec.android.app.shealth,2025-11-06 10:59:59.999,d972b2ba-fee6-498f-8d43-b6663a998b88,
63060051,2025-11-06 11:00:00.000,,d0a25693-78c4-4029-ad2c-55f3719573f8.binning_data.json,63060051,2025-11-06 12:06:21.077,2025-11-06 11:06:07.366,UTC-0300,tWUO8ZL77Z,,com.sec.android.app.shealth,2025-11-06 11:59:59.999,d0a25693-78c4-4029-ad2c-55f3719573f8,
63060051,2025-11-06 12:00:00.000,,9796d505-83a5-437e-adb4-d269419379d8.binning_data.json,63060051,2025-11-06 13:06:34.361,2025-11-06 12:06:21.085,UTC-0300,tWUO8ZL77Z,,com.sec.android.app.shealth,2025-11-06 12:59:59.999,9796d505-83a5-437e-adb4-d269419379d8,
63060051,2025-11-06 13:00:00.000,,df3679fd-f24e-4c03-a8dd-7692fe8d251f.binning_data.json,63060051,2025-11-06 14:06:47.694,2025-11-06 13:06:34.368,UTC-0300,tWUO8ZL77Z,,com.sec.android.app.shealth,2025-11-06 13:59:59.999,df3679fd-f24e-4c03-a8dd-7692fe8d251f,
63060051,2025-11-06 14:00:00.000,,376db38e-66d5-4a28-95aa-25ba957f9aba.binning_data.json,63060051,2025-11-06 15:05:21.944,2025-11-06 14:06:47.704,UTC-0300,tWUO8ZL77Z,,com.sec.android.app.shealth,2025-11-06 14:59:59.999,376db38e-66d5-4a28-95aa-25ba957f9aba,
63060051,2025-11-06 15:00:00.000,,3057561b-36ff-45d3-973c-565b16aa8d26.binning_data.json,63060051,2025-11-06 16:05:35.560,2025-11-06 15:05:21.949,UTC-0300,tWUO8ZL77Z,,com.sec.android.app.shealth,2025-11-06 15:59:59.999,3057561b-36ff-45d3-973c-565b16aa8d26,
63060051,2025-11-06 16:00:00.000,,7eab3d2b-16d4-4746-8989-dcd03557f9b7.binning_data.json,63060051,2025-11-06 17:05:50.076,2025-11-06 16:05:35.565,UTC-0300,tWUO8ZL77Z,,com.sec.android.app.shealth,2025-11-06 16:59:59.999,7eab3d2b-16d4-4746-8989-dcd03557f9b7,
63060051,2025-11-06 17:00:00.000,,5d687d66-1dd2-4d81-89e4-c5e469804c29.binning_data.json,63060051,2025-11-06 18:06:03.386,2025-11-06 17:05:50.094,UTC-0300,tWUO8ZL77Z,,com.sec.android.app.shealth,2025-11-06 17:59:59.999,5d687d66-1dd2-4d81-89e4-c5e469804c29,
63060051,2025-11-06 18:00:00.000,,52648d6c-583f-4f87-b9b9-8b902e6152aa.binning_data.json,63060051,2025-11-06 19:06:16.191,2025-11-06 18:06:03.391,UTC-0300,tWUO8ZL77Z,,com.sec.android.app.shealth,2025-11-06 18:59:59.999,52648d6c-583f-4f87-b9b9-8b902e6152aa,
63060051,2025-11-06 19:00:00.000,,ff8820a9-7047-4c01-a56e-aa35e91378b2.binning_data.json,63060051,2025-11-06 20:06:28.624,2025-11-06 19:06:16.198,UTC-0300,tWUO8ZL77Z,,com.sec.android.app.shealth,2025-11-06 19:59:59.999,ff8820a9-7047-4c01-a56e-aa35e91378b2,
63060051,2025-11-06 20:00:00.000,,d09d99ec-3078-49e8-994a-b14646b9be6d.binning_data.json,63060051,2025-11-06 21:19:31.184,2025-11-06 20:06:28.631,UTC-0300,tWUO8ZL77Z,,com.sec.android.app.shealth,2025-11-06 20:59:59.999,d09d99ec-3078-49e8-994a-b14646b9be6d,
63060051,2025-11-06 21:00:00.000,,d4ac3fe4-afcf-4e6f-8894-b595c50f54aa.binning_data.json,63060051,2025-11-06 22:19:46.190,2025-11-06 21:19:31.197,UTC-0300,tWUO8ZL77Z,,com.sec.android.app.shealth,2025-11-06 21:59:59.999,d4ac3fe4-afcf-4e6f-8894-b595c50f54aa,
63060051,2025-11-06 22:00:00.000,,81662f94-a4a9-49d8-80a7-4182de508e58.binning_data.json,63060051,2025-11-06 22:59:56.674,2025-11-06 22:19:46.197,UTC-0300,tWUO8ZL77Z,,com.sec.android.app.shealth,2025-11-06 22:58:59.999,81662f94-a4a9-49d8-80a7-4182de508e58,
63060051,2025-11-06 23:00:00.000,,dc15b876-208f-46dd-885d-f3e207919200.binning_data.json,63060051,2025-11-06 23:17:43.259,2025-11-06 23:17:43.259,UTC-0300,tWUO8ZL77Z,,com.sec.android.app.shealth,2025-11-06 23:19:59.999,dc15b876-208f-46dd-885d-f3e207919200,
63060051,2025-11-07 00:12:00.000,,60f69faa-b8b4-404f-a83a-7a87d7acb98f.binning_data.json,63060051,2025-11-07 01:12:42.573,2025-11-07 00:32:32.588,UTC-0300,tWUO8ZL77Z,,com.sec.android.app.shealth,2025-11-07 00:59:59.999,60f69faa-b8b4-404f-a83a-7a87d7acb98f,
63060051,2025-11-07 01:00:00.000,,a1bef8d0-94fc-4c13-b34f-b033f3db3f37.binning_data.json,63060051,2025-11-07 02:12:58.245,2025-11-07 01:12:42.593,UTC-0300,tWUO8ZL77Z,,com.sec.android.app.shealth,2025-11-07 01:59:59.999,a1bef8d0-94fc-4c13-b34f-b033f3db3f37,
63060051,2025-11-07 02:00:00.000,,222684c2-10df-4efa-b42f-a529326c737a.binning_data.json,63060051,2025-11-07 03:13:13.253,2025-11-07 02:12:58.256,UTC-0300,tWUO8ZL77Z,,com.sec.android.app.shealth,2025-11-07 02:59:59.999,222684c2-10df-4efa-b42f-a529326c737a,
63060051,2025-11-07 03:00:00.000,,bcc65e5a-a353-4c1c-9f3f-ef20e635b393.binning_data.json,63060051,2025-11-07 04:13:28.181,2025-11-07 03:13:13.259,UTC-0300,tWUO8ZL77Z,,com.sec.android.app.shealth,2025-11-07 03:59:59.999,bcc65e5a-a353-4c1c-9f3f-ef20e635b393,
63060051,2025-11-07 04:00:00.000,,c2f72d35-e1eb-468e-b9a2-74a1ea63e3e8.binning_data.json,63060051,2025-11-07 05:13:40.005,2025-11-07 04:13:28.191,UTC-0300,tWUO8ZL77Z,,com.sec.android.app.shealth,2025-11-07 04:59:59.999,c2f72d35-e1eb-468e-b9a2-74a1ea63e3e8,
63060051,2025-11-07 05:00:00.000,,2d25e5fb-9109-471b-b397-9d1cb2b039f1.binning_data.json,63060051,2025-11-07 06:13:55.332,2025-11-07 05:13:40.104,UTC-0300,tWUO8ZL77Z,,com.sec.android.app.shealth,2025-11-07 05:59:59.999,2d25e5fb-9109-471b-b397-9d1cb2b039f1,
63060051,2025-11-07 06:00:00.000,,853dc241-d6a3-4fed-821e-75d738da3547.binning_data.json,63060051,2025-11-07 07:14:11.173,2025-11-07 06:13:55.440,UTC-0300,tWUO8ZL77Z,,com.sec.android.app.shealth,2025-11-07 06:59:59.999,853dc241-d6a3-4fed-821e-75d738da3547,
63060051,2025-11-07 07:00:00.000,,65fab6cf-a6a3-4467-b77e-defcbb848ef3.binning_data.json,63060051,2025-11-07 08:14:26.386,2025-11-07 07:14:11.179,UTC-0300,tWUO8ZL77Z,,com.sec.android.app.shealth,2025-11-07 07:59:59.999,65fab6cf-a6a3-4467-b77e-defcbb848ef3,
63060051,2025-11-07 08:00:00.000,,795ab5c6-ad10-4d5f-a334-95550543a579.binning_data.json,63060051,2025-11-07 09:14:41.794,2025-11-07 08:14:26.381,UTC-0300,tWUO8ZL77Z,,com.sec.android.app.shealth,2025-11-07 08:59:59.999,795ab5c6-ad10-4d5f-a334-95550543a579,
63060051,2025-11-07 09:00:00.000,,ea835a1b-48cd-41b8-ab4f-d56a6a99d03b.binning_data.json,63060051,2025-11-07 10:14:56.509,2025-11-07 09:14:41.896,UTC-0300,tWUO8ZL77Z,,com.sec.android.app.shealth,2025-11-07 09:59:59.999,ea835a1b-48cd-41b8-ab4f-d56a6a99d03b,
63060051,2025-11-07 10:00:00.000,,b82923a7-b0ef-4ab3-aa7b-7e9869bf8b6e.binning_data.json,63060051,2025-11-07 11:15:12.483,2025-11-07 10:14:56.516,UTC-0300,tWUO8ZL77Z,,com.sec.android.app.shealth,2025-11-07 10:59:59.999,b82923a7-b0ef-4ab3-aa7b-7e9869bf8b6e,
63060051,2025-11-07 11:00:00.000,,3688c3ad-3f9a-40ef-b2e8-cb694e7ad8db.binning_data.json,63060051,2025-11-07 12:15:27.725,2025-11-07 11:15:12.568,UTC-0300,tWUO8ZL77Z,,com.sec.android.app.shealth,2025-11-07 11:59:59.999,3688c3ad-3f9a-40ef-b2e8-cb694e7ad8db,
63060051,2025-11-07 12:00:00.000,,b3c453a2-629f-4096-b304-14e94cc7b433.binning_data.json,63060051,2025-11-07 13:15:41.193,2025-11-07 12:15:27.746,UTC-0300,tWUO8ZL77Z,,com.sec.android.app.shealth,2025-11-07 12:59:59.999,b3c453a2-629f-4096-b304-14e94cc7b433,
63060051,2025-11-07 13:00:00.000,,e36a7c5d-f2e4-4bd4-8804-5c398affb4b4.binning_data.json,63060051,2025-11-07 14:15:56.576,2025-11-07 13:15:41.286,UTC-0300,tWUO8ZL77Z,,com.sec.android.app.shealth,2025-11-07 13:59:59.999,e36a7c5d-f2e4-4bd4-8804-5c398affb4b4,
63060051,2025-11-07 14:00:00.000,,9ca038d2-84c8-41de-9d88-f73a8626b47a.binning_data.json,63060051,2025-11-07 15:16:09.191,2025-11-07 14:15:56.584,UTC-0300,tWUO8ZL77Z,,com.sec.android.app.shealth,2025-11-07 14:59:59.999,9ca038d2-84c8-41de-9d88-f73a8626b47a,
63060051,2025-11-07 15:00:00.000,,b26ba180-400b-4beb-9897-d57db41a911a.binning_data.json,63060051,2025-11-07 16:16:21.625,2025-11-07 15:16:09.213,UTC-0300,tWUO8ZL77Z,,com.sec.android.app.shealth,2025-11-07 15:59:59.999,b26ba180-400b-4beb-9897-d57db41a911a,
63060051,2025-11-07 16:00:00.000,,29180826-6cae-43bb-b536-1a778b076184.binning_data.json,63060051,2025-11-07 17:16:34.802,2025-11-07 16:16:21.630,UTC-0300,tWUO8ZL77Z,,com.sec.android.app.shealth,2025-11-07 16:59:59.999,29180826-6cae-43bb-b536-1a778b076184,
63060051,2025-11-07 17:00:00.000,,406c91ac-c3bb-43b0-ab6d-4dd969011405.binning_data.json,63060051,2025-11-07 17:39:34.306,2025-11-07 17:16:34.809,UTC-0300,tWUO8ZL77Z,,com.sec.android.app.shealth,2025-11-07 17:56:59.999,406c91ac-c3bb-43b0-ab6d-4dd969011405,
63060051,2025-11-07 19:07:00.000,,4fa64e48-67cf-40d7-8278-696c4e7b4773.binning_data.json,63060051,2025-11-07 20:07:41.645,2025-11-07 19:27:35.933,UTC-0300,tWUO8ZL77Z,,com.sec.android.app.shealth,2025-11-07 19:59:59.999,4fa64e48-67cf-40d7-8278-696c4e7b4773,
63060051,2025-11-07 20:00:00.000,,947a4cbc-2027-4847-8f46-bd6150b8d95b.binning_data.json,63060051,2025-11-07 21:07:54.803,2025-11-07 20:07:41.658,UTC-0300,tWUO8ZL77Z,,com.sec.android.app.shealth,2025-11-07 20:59:59.999,947a4cbc-2027-4847-8f46-bd6150b8d95b,
63060051,2025-11-07 21:00:00.000,,43a4f76b-79cc-45be-a722-562394b94869.binning_data.json,63060051,2025-11-07 22:08:08.527,2025-11-07 21:07:54.810,UTC-0300,tWUO8ZL77Z,,com.sec.android.app.shealth,2025-11-07 21:59:59.999,43a4f76b-79cc-45be-a722-562394b94869,
63060051,2025-11-07 22:00:00.000,,7dd5c4d7-f033-4d2e-b79e-9469b9f7d9d1.binning_data.json,63060051,2025-11-07 23:08:22.442,2025-11-07 22:08:08.539,UTC-0300,tWUO8ZL77Z,,com.sec.android.app.shealth,2025-11-07 22:59:59.999,7dd5c4d7-f033-4d2e-b79e-9469b9f7d9d1,
63060051,2025-11-07 23:00:00.000,,8300d953-7563-4d7b-9a44-bff6234d7a04.binning_data.json,63060051,2025-11-08 00:09:23.745,2025-11-07 23:08:22.451,UTC-0300,tWUO8ZL77Z,,com.sec.android.app.shealth,2025-11-07 23:59:59.999,8300d953-7563-4d7b-9a44-bff6234d7a04,
63060051,2025-11-08 00:00:00.000,,ddfca465-01f1-40b7-9aa7-0d6725a8d1d1.binning_data.json,63060051,2025-11-08 01:09:34.371,2025-11-08 00:09:23.751,UTC-0300,tWUO8ZL77Z,,com.sec.android.app.shealth,2025-11-08 00:59:59.999,ddfca465-01f1-40b7-9aa7-0d6725a8d1d1,
63060051,2025-11-08 01:00:00.000,,084d1120-1337-4947-a184-a539cc6b1f87.binning_data.json,63060051,2025-11-08 02:09:45.737,2025-11-08 01:09:34.388,UTC-0300,tWUO8ZL77Z,,com.sec.android.app.shealth,2025-11-08 01:59:59.999,084d1120-1337-4947-a184-a539cc6b1f87,
63060051,2025-11-08 02:00:00.000,,a5c49073-7000-4b37-9e65-be50ed9158f1.binning_data.json,63060051,2025-11-08 03:09:56.742,2025-11-08 02:09:45.739,UTC-0300,tWUO8ZL77Z,,com.sec.android.app.shealth,2025-11-08 02:59:59.999,a5c49073-7000-4b37-9e65-be50ed9158f1,
63060051,2025-11-08 03:00:00.000,,df5da753-9ee1-4ede-9d31-1a1c98c97e9c.binning_data.json,63060051,2025-11-08 04:10:11.606,2025-11-08 03:09:56.753,UTC-0300,tWUO8ZL77Z,,com.sec.android.app.shealth,2025-11-08 03:59:59.999,df5da753-9ee1-4ede-9d31-1a1c98c97e9c,
63060051,2025-11-08 04:00:00.000,,986efb15-1d85-44a9-92c6-217af335d61d.binning_data.json,63060051,2025-11-08 05:10:25.525,2025-11-08 04:10:11.622,UTC-0300,tWUO8ZL77Z,,com.sec.android.app.shealth,2025-11-08 04:59:59.999,986efb15-1d85-44a9-92c6-217af335d61d,
63060051,2025-11-08 05:00:00.000,,f0e485a3-43a6-4dac-8886-f94781d7c37a.binning_data.json,63060051,2025-11-08 06:10:39.676,2025-11-08 05:10:25.530,UTC-0300,tWUO8ZL77Z,,com.sec.android.app.shealth,2025-11-08 05:59:59.999,f0e485a3-43a6-4dac-8886-f94781d7c37a,
63060051,2025-11-08 06:00:00.000,,e49889cf-3453-46a7-be12-5b7f733f9a3e.binning_data.json,63060051,2025-11-08 07:10:53.799,2025-11-08 06:10:39.687,UTC-0300,tWUO8ZL77Z,,com.sec.android.app.shealth,2025-11-08 06:59:59.999,e49889cf-3453-46a7-be12-5b7f733f9a3e,
63060051,2025-11-08 07:00:00.000,,1dc3534e-061d-422f-b51e-78ca1ca29c6f.binning_data.json,63060051,2025-11-08 08:11:07.606,2025-11-08 07:10:53.806,UTC-0300,tWUO8ZL77Z,,com.sec.android.app.shealth,2025-11-08 07:59:59.999,1dc3534e-061d-422f-b51e-78ca1ca29c6f,
63060051,2025-11-08 08:00:00.000,,41f48cf6-2832-4d28-b9ce-455ac4e9c9f7.binning_data.json,63060051,2025-11-08 09:11:22.078,2025-11-08 08:11:07.615,UTC-0300,tWUO8ZL77Z,,com.sec.android.app.shealth,2025-11-08 08:59:59.999,41f48cf6-2832-4d28-b9ce-455ac4e9c9f7,
63060051,2025-11-08 09:00:00.000,,1f61b303-25dc-4e94-9f6f-659acb1f8bf0.binning_data.json,63060051,2025-11-08 10:11:34.352,2025-11-08 09:11:22.083,UTC-0300,tWUO8ZL77Z,,com.sec.android.app.shealth,2025-11-08 09:59:59.999,1f61b303-25dc-4e94-9f6f-659acb1f8bf0,
63060051,2025-11-08 10:00:00.000,,3435fad4-ccb9-4be8-943c-43eab7d49708.binning_data.json,63060051,2025-11-08 11:11:46.443,2025-11-08 10:11:34.358,UTC-0300,tWUO8ZL77Z,,com.sec.android.app.shealth,2025-11-08 10:59:59.999,3435fad4-ccb9-4be8-943c-43eab7d49708,
63060051,2025-11-08 11:00:00.000,,7c96c3dd-244b-404a-9cc9-446284fad6e0.binning_data.json,63060051,2025-11-08 12:11:55.878,2025-11-08 11:11:46.544,UTC-0300,tWUO8ZL77Z,,com.sec.android.app.shealth,2025-11-08 11:59:59.999,7c96c3dd-244b-404a-9cc9-446284fad6e0,
63060051,2025-11-08 12:00:00.000,,f0d756ef-a026-4d71-8089-48cb0937d3c1.binning_data.json,63060051,2025-11-08 13:12:03.564,2025-11-08 12:11:55.884,UTC-0300,tWUO8ZL77Z,,com.sec.android.app.shealth,2025-11-08 12:59:59.999,f0d756ef-a026-4d71-8089-48cb0937d3c1,
63060051,2025-11-08 13:00:00.000,,9c146176-666d-473e-9466-402550364751.binning_data.json,63060051,2025-11-08 14:12:12.440,2025-11-08 13:12:03.572,UTC-0300,tWUO8ZL77Z,,com.sec.android.app.shealth,2025-11-08 13:59:59.999,9c146176-666d-473e-9466-402550364751,
63060051,2025-11-08 14:00:00.000,,0b1be186-8d69-4312-806c-55d767b3615c.binning_data.json,63060051,2025-11-08 15:12:23.157,2025-11-08 14:12:12.456,UTC-0300,tWUO8ZL77Z,,com.sec.android.app.shealth,2025-11-08 14:59:59.999,0b1be186-8d69-4312-806c-55d767b3615c,
63060051,2025-11-08 15:00:00.000,,f284eddf-d557-41c5-bc45-1d5f4b24a089.binning_data.json,63060051,2025-11-08 16:12:34.988,2025-11-08 15:12:23.163,UTC-0300,tWUO8ZL77Z,,com.sec.android.app.shealth,2025-11-08 15:59:59.999,f284eddf-d557-41c5-bc45-1d5f4b24a089,
63060051,2025-11-08 16:00:00.000,,ecae559c-de2a-4396-af62-12606b911c16.binning_data.json,63060051,2025-11-08 17:12:48.361,2025-11-08 16:12:34.996,UTC-0300,tWUO8ZL77Z,,com.sec.android.app.shealth,2025-11-08 16:59:59.999,ecae559c-de2a-4396-af62-12606b911c16,
63060051,2025-11-08 17:00:00.000,,a7f68736-68dd-44b8-803c-a0572004740f.binning_data.json,63060051,2025-11-08 18:12:58.770,2025-11-08 17:12:48.372,UTC-0300,tWUO8ZL77Z,,com.sec.android.app.shealth,2025-11-08 17:59:59.999,a7f68736-68dd-44b8-803c-a0572004740f,
63060051,2025-11-08 18:00:00.000,,844a6159-d11f-4fc7-968a-8b41d6143d89.binning_data.json,63060051,2025-11-08 18:18:39.342,2025-11-08 18:12:58.777,UTC-0300,tWUO8ZL77Z,,com.sec.android.app.shealth,2025-11-08 18:32:59.999,844a6159-d11f-4fc7-968a-8b41d6143d89,
63060051,2025-11-08 19:40:00.000,,9c7900d8-8785-423e-ae95-130cc8465a96.binning_data.json,63060051,2025-11-08 20:00:20.907,2025-11-08 20:00:20.907,UTC-0300,tWUO8ZL77Z,,com.sec.android.app.shealth,2025-11-08 19:59:59.999,9c7900d8-8785-423e-ae95-130cc8465a96,
63060051,2025-11-08 20:00:00.000,,ede2d50e-56c0-4782-a4e3-64b1f557dec3.binning_data.json,63060051,2025-11-08 21:00:32.905,2025-11-08 20:20:23.938,UTC-0300,tWUO8ZL77Z,,com.sec.android.app.shealth,2025-11-08 20:59:59.999,ede2d50e-56c0-4782-a4e3-64b1f557dec3,
63060051,2025-11-08 21:00:00.000,,89beec23-3d54-425c-8164-11143ca101a7.binning_data.json,63060051,2025-11-08 22:00:45.815,2025-11-08 21:20:37.674,UTC-0300,tWUO8ZL77Z,,com.sec.android.app.shealth,2025-11-08 21:59:59.999,89beec23-3d54-425c-8164-11143ca101a7,
63060051,2025-11-08 22:00:00.000,,70277ff3-0fe2-4fbd-9464-23f1b569a91b.binning_data.json,63060051,2025-11-08 23:00:56.370,2025-11-08 22:20:49.838,UTC-0300,tWUO8ZL77Z,,com.sec.android.app.shealth,2025-11-08 22:59:59.999,70277ff3-0fe2-4fbd-9464-23f1b569a91b,
63060051,2025-11-08 23:00:00.000,,b2d017ee-4408-4bc4-82af-236326c7cd7c.binning_data.json,63060051,2025-11-09 00:16:13.353,2025-11-08 23:20:59.936,UTC-0300,tWUO8ZL77Z,,com.sec.android.app.shealth,2025-11-08 23:59:59.999,b2d017ee-4408-4bc4-82af-236326c7cd7c,
63060051,2025-11-09 00:00:00.000,,07ae0738-8d2a-4278-a9cb-c6a3219ab545.binning_data.json,63060051,2025-11-09 01:16:24.303,2025-11-09 00:16:13.359,UTC-0300,tWUO8ZL77Z,,com.sec.android.app.shealth,2025-11-09 00:59:59.999,07ae0738-8d2a-4278-a9cb-c6a3219ab545,
63060051,2025-11-09 01:00:00.000,,e5080d6c-f855-445d-b2e3-a899d448a56b.binning_data.json,63060051,2025-11-09 02:16:39.205,2025-11-09 01:16:24.310,UTC-0300,tWUO8ZL77Z,,com.sec.android.app.shealth,2025-11-09 01:59:59.999,e5080d6c-f855-445d-b2e3-a899d448a56b,
63060051,2025-11-09 02:00:00.000,,4c6fc37d-6093-4740-a1a9-58bb66f54807.binning_data.json,63060051,2025-11-09 03:16:53.771,2025-11-09 02:16:39.218,UTC-0300,tWUO8ZL77Z,,com.sec.android.app.shealth,2025-11-09 02:59:59.999,4c6fc37d-6093-4740-a1a9-58bb66f54807,
63060051,2025-11-09 03:00:00.000,,5abdb4fe-730d-44d2-835b-07b1d2d6e85f.binning_data.json,63060051,2025-11-09 04:17:08.977,2025-11-09 03:16:53.776,UTC-0300,tWUO8ZL77Z,,com.sec.android.app.shealth,2025-11-09 03:59:59.999,5abdb4fe-730d-44d2-835b-07b1d2d6e85f,
63060051,2025-11-09 04:00:00.000,,742425c3-fd98-4915-a08b-7783be05679b.binning_data.json,63060051,2025-11-09 05:17:24.203,2025-11-09 04:17:08.981,UTC-0300,tWUO8ZL77Z,,com.sec.android.app.shealth,2025-11-09 04:59:59.999,742425c3-fd98-4915-a08b-7783be05679b,
63060051,2025-11-09 05:00:00.000,,953eb6e2-7ca9-4861-9974-7e127d85c32a.binning_data.json,63060051,2025-11-09 06:17:39.668,2025-11-09 05:17:24.210,UTC-0300,tWUO8ZL77Z,,com.sec.android.app.shealth,2025-11-09 05:59:59.999,953eb6e2-7ca9-4861-9974-7e127d85c32a,
63060051,2025-11-09 06:00:00.000,,088dae4b-fad8-438e-ad6e-4e895f1671d8.binning_data.json,63060051,2025-11-09 07:17:54.716,2025-11-09 06:17:39.680,UTC-0300,tWUO8ZL77Z,,com.sec.android.app.shealth,2025-11-09 06:59:59.999,088dae4b-fad8-438e-ad6e-4e895f1671d8,
63060051,2025-11-09 07:00:00.000,,df8b25df-5d1b-4339-bee2-161fe54a7f3c.binning_data.json,63060051,2025-11-09 08:18:10.066,2025-11-09 07:17:54.811,UTC-0300,tWUO8ZL77Z,,com.sec.android.app.shealth,2025-11-09 07:59:59.999,df8b25df-5d1b-4339-bee2-161fe54a7f3c,
63060051,2025-11-09 08:00:00.000,,b9b7b258-2126-4297-8da0-ea123053dc3d.binning_data.json,63060051,2025-11-09 08:55:00.458,2025-11-09 08:18:10.073,UTC-0300,tWUO8ZL77Z,,com.sec.android.app.shealth,2025-11-09 08:58:59.999,b9b7b258-2126-4297-8da0-ea123053dc3d,
63060051,2025-11-09 12:01:00.000,,1f09ce24-2d27-44aa-81cb-f9c1a19af2ee.binning_data.json,63060051,2025-11-09 13:02:04.344,2025-11-09 12:21:58.762,UTC-0300,tWUO8ZL77Z,,com.sec.android.app.shealth,2025-11-09 12:59:59.999,1f09ce24-2d27-44aa-81cb-f9c1a19af2ee,
63060051,2025-11-09 13:00:00.000,,b58e2d52-fcb0-4cb0-b562-ab762764dc3b.binning_data.json,63060051,2025-11-09 14:02:13.129,2025-11-09 13:02:04.355,UTC-0300,tWUO8ZL77Z,,com.sec.android.app.shealth,2025-11-09 13:59:59.999,b58e2d52-fcb0-4cb0-b562-ab762764dc3b,
63060051,2025-11-09 14:00:00.000,,f2b8f35d-8891-461f-b486-ab71707e0c4e.binning_data.json,63060051,2025-11-09 15:02:26.496,2025-11-09 14:02:13.133,UTC-0300,tWUO8ZL77Z,,com.sec.android.app.shealth,2025-11-09 14:59:59.999,f2b8f35d-8891-461f-b486-ab71707e0c4e,
63060051,2025-11-09 15:00:00.000,,2e76097d-a6af-43ef-ab2d-6dfff71d7108.binning_data.json,63060051,2025-11-09 16:02:38.576,2025-11-09 15:02:26.519,UTC-0300,tWUO8ZL77Z,,com.sec.android.app.shealth,2025-11-09 15:59:59.999,2e76097d-a6af-43ef-ab2d-6dfff71d7108,
63060051,2025-11-09 16:00:00.000,,a5b72c86-18cb-4aa4-b9a2-68724a136795.binning_data.json,63060051,2025-11-09 17:02:52.406,2025-11-09 16:02:38.590,UTC-0300,tWUO8ZL77Z,,com.sec.android.app.shealth,2025-11-09 16:59:59.999,a5b72c86-18cb-4aa4-b9a2-68724a136795,
63060051,2025-11-09 17:00:00.000,,d5011c2b-65bd-43d3-912a-40fad2f56dbf.binning_data.json,63060051,2025-11-09 18:03:04.671,2025-11-09 17:02:52.411,UTC-0300,tWUO8ZL77Z,,com.sec.android.app.shealth,2025-11-09 17:59:59.999,d5011c2b-65bd-43d3-912a-40fad2f56dbf,
63060051,2025-11-09 18:00:00.000,,17533dcb-d4bf-42ab-a8b5-c2be37421111.binning_data.json,63060051,2025-11-09 19:03:14.818,2025-11-09 18:03:04.786,UTC-0300,tWUO8ZL77Z,,com.sec.android.app.shealth,2025-11-09 18:59:59.999,17533dcb-d4bf-42ab-a8b5-c2be37421111,
63060051,2025-11-09 19:00:00.000,,8b05e415-4918-4808-b514-a549d9a6bf96.binning_data.json,63060051,2025-11-09 20:03:28.220,2025-11-09 19:03:14.922,UTC-0300,tWUO8ZL77Z,,com.sec.android.app.shealth,2025-11-09 19:59:59.999,8b05e415-4918-4808-b514-a549d9a6bf96,
63060051,2025-11-09 20:00:00.000,,300cf888-5724-417c-b82f-b5fdd5f96585.binning_data.json,63060051,2025-11-09 21:03:41.594,2025-11-09 20:03:28.386,UTC-0300,tWUO8ZL77Z,,com.sec.android.app.shealth,2025-11-09 20:59:59.999,300cf888-5724-417c-b82f-b5fdd5f96585,
63060051,2025-11-09 21:00:00.000,,678a971d-3c2d-4d42-a3b7-7ec1f2c38f43.binning_data.json,63060051,2025-11-09 22:03:51.667,2025-11-09 21:03:41.658,UTC-0300,tWUO8ZL77Z,,com.sec.android.app.shealth,2025-11-09 21:59:59.999,678a971d-3c2d-4d42-a3b7-7ec1f2c38f43,
63060051,2025-11-09 22:00:00.000,,deacb40e-f8f3-4301-a1d7-3e98af358f70.binning_data.json,63060051,2025-11-09 23:04:05.708,2025-11-09 22:03:51.784,UTC-0300,tWUO8ZL77Z,,com.sec.android.app.shealth,2025-11-09 22:59:59.999,deacb40e-f8f3-4301-a1d7-3e98af358f70,
63060051,2025-11-09 23:00:00.000,,a3d968e7-daeb-46ec-8496-395afacc7b4e.binning_data.json,63060051,2025-11-09 23:49:49.590,2025-11-09 23:04:05.798,UTC-0300,tWUO8ZL77Z,,com.sec.android.app.shealth,2025-11-09 23:59:59.999,a3d968e7-daeb-46ec-8496-395afacc7b4e,
63060051,2025-11-10 00:00:00.000,,12de1049-6423-4306-9263-59b24782bde1.binning_data.json,63060051,2025-11-09 23:49:49.603,2025-11-09 23:49:49.603,UTC-0300,tWUO8ZL77Z,,com.sec.android.app.shealth,2025-11-10 00:03:59.999,12de1049-6423-4306-9263-59b24782bde1,
63060051,2025-11-10 01:14:00.000,,4a3acc27-a096-4223-96fd-a24aa0be28df.binning_data.json,63060051,2025-11-10 02:14:39.284,2025-11-10 01:34:29.222,UTC-0300,tWUO8ZL77Z,,com.sec.android.app.shealth,2025-11-10 01:59:59.999,4a3acc27-a096-4223-96fd-a24aa0be28df,
63060051,2025-11-10 02:00:00.000,,99d63b33-6a20-4893-b7ee-55e56c6b1dac.binning_data.json,63060051,2025-11-10 03:14:48.979,2025-11-10 02:14:39.309,UTC-0300,tWUO8ZL77Z,,com.sec.android.app.shealth,2025-11-10 02:59:59.999,99d63b33-6a20-4893-b7ee-55e56c6b1dac,
63060051,2025-11-10 03:00:00.000,,6938cacf-d4e4-4f57-a0fe-eb960b3d4d26.binning_data.json,63060051,2025-11-10 04:15:03.161,2025-11-10 03:14:48.985,UTC-0300,tWUO8ZL77Z,,com.sec.android.app.shealth,2025-11-10 03:59:59.999,6938cacf-d4e4-4f57-a0fe-eb960b3d4d26,
63060051,2025-11-10 04:00:00.000,,3e75fcb1-cd65-4b46-968e-2d5e98853c6a.binning_data.json,63060051,2025-11-10 05:15:17.614,2025-11-10 04:15:03.165,UTC-0300,tWUO8ZL77Z,,com.sec.android.app.shealth,2025-11-10 04:59:59.999,3e75fcb1-cd65-4b46-968e-2d5e98853c6a,
63060051,2025-11-10 05:00:00.000,,f8b7edf0-0d4e-4806-bd12-9a0dc34bb406.binning_data.json,63060051,2025-11-10 06:15:31.060,2025-11-10 05:15:17.711,UTC-0300,tWUO8ZL77Z,,com.sec.android.app.shealth,2025-11-10 05:59:59.999,f8b7edf0-0d4e-4806-bd12-9a0dc34bb406,
63060051,2025-11-10 06:00:00.000,,10b3986f-9d56-484a-a2fa-66afde70bbe6.binning_data.json,63060051,2025-11-10 07:15:45.083,2025-11-10 06:15:31.066,UTC-0300,tWUO8ZL77Z,,com.sec.android.app.shealth,2025-11-10 06:59:59.999,10b3986f-9d56-484a-a2fa-66afde70bbe6,
63060051,2025-11-10 07:00:00.000,,4b54b74d-2888-4d42-9866-db7b49707ce0.binning_data.json,63060051,2025-11-10 08:15:58.882,2025-11-10 07:15:45.099,UTC-0300,tWUO8ZL77Z,,com.sec.android.app.shealth,2025-11-10 07:59:59.999,4b54b74d-2888-4d42-9866-db7b49707ce0,
63060051,2025-11-10 08:00:00.000,,d96db622-964c-4692-88bc-0714517d7d51.binning_data.json,63060051,2025-11-10 09:16:13.238,2025-11-10 08:15:58.890,UTC-0300,tWUO8ZL77Z,,com.sec.android.app.shealth,2025-11-10 08:59:59.999,d96db622-964c-4692-88bc-0714517d7d51,
63060051,2025-11-10 09:00:00.000,,9755dcdf-faa1-4783-aadd-c3c7824907f6.binning_data.json,63060051,2025-11-10 10:16:27.274,2025-11-10 09:16:13.247,UTC-0300,tWUO8ZL77Z,,com.sec.android.app.shealth,2025-11-10 09:59:59.999,9755dcdf-faa1-4783-aadd-c3c7824907f6,
63060051,2025-11-10 10:00:00.000,,a80bf0d5-dced-4c0b-8827-203d723133f0.binning_data.json,63060051,2025-11-10 11:16:38.819,2025-11-10 10:16:27.278,UTC-0300,tWUO8ZL77Z,,com.sec.android.app.shealth,2025-11-10 10:59:59.999,a80bf0d5-dced-4c0b-8827-203d723133f0,
63060051,2025-11-10 11:00:00.000,,e4d8bfd8-ee23-4385-91ea-f3f65efd4fa8.binning_data.json,63060051,2025-11-10 12:16:50.755,2025-11-10 11:16:38.829,UTC-0300,tWUO8ZL77Z,,com.sec.android.app.shealth,2025-11-10 11:59:59.999,e4d8bfd8-ee23-4385-91ea-f3f65efd4fa8,
63060051,2025-11-10 12:00:00.000,,99c5f107-241f-4733-a60c-f837097380ab.binning_data.json,63060051,2025-11-10 13:17:02.994,2025-11-10 12:16:50.760,UTC-0300,tWUO8ZL77Z,,com.sec.android.app.shealth,2025-11-10 12:59:59.999,99c5f107-241f-4733-a60c-f837097380ab,
63060051,2025-11-10 13:00:00.000,,dfbe58c4-9bc3-4193-a206-04da88233c28.binning_data.json,63060051,2025-11-10 14:17:16.919,2025-11-10 13:17:02.999,UTC-0300,tWUO8ZL77Z,,com.sec.android.app.shealth,2025-11-10 13:59:59.999,dfbe58c4-9bc3-4193-a206-04da88233c28,
63060051,2025-11-10 14:00:00.000,,ce27a0c9-dad3-422a-9040-c6df8afec11d.binning_data.json,63060051,2025-11-10 15:17:31.404,2025-11-10 14:17:16.924,UTC-0300,tWUO8ZL77Z,,com.sec.android.app.shealth,2025-11-10 14:59:59.999,ce27a0c9-dad3-422a-9040-c6df8afec11d,
63060051,2025-11-10 15:00:00.000,,951a5c09-8370-43c2-a45c-78f268b03c1a.binning_data.json,63060051,2025-11-10 16:17:44.917,2025-11-10 15:17:31.418,UTC-0300,tWUO8ZL77Z,,com.sec.android.app.shealth,2025-11-10 15:59:59.999,951a5c09-8370-43c2-a45c-78f268b03c1a,
63060051,2025-11-10 16:00:00.000,,113669d9-2349-43dc-aa6f-6b1cacc213b2.binning_data.json,63060051,2025-11-10 17:17:55.940,2025-11-10 16:17:44.980,UTC-0300,tWUO8ZL77Z,,com.sec.android.app.shealth,2025-11-10 16:59:59.999,113669d9-2349-43dc-aa6f-6b1cacc213b2,
63060051,2025-11-10 17:00:00.000,,cbfe3417-c37c-4b8d-9534-919d50629d2f.binning_data.json,63060051,2025-11-10 18:18:09.506,2025-11-10 17:17:55.961,UTC-0300,tWUO8ZL77Z,,com.sec.android.app.shealth,2025-11-10 17:59:59.999,cbfe3417-c37c-4b8d-9534-919d50629d2f,
63060051,2025-11-10 18:00:00.000,,bd961881-f93f-4c6b-baf0-4432eb825762.binning_data.json,63060051,2025-11-10 19:18:21.518,2025-11-10 18:18:09.511,UTC-0300,tWUO8ZL77Z,,com.sec.android.app.shealth,2025-11-10 18:59:59.999,bd961881-f93f-4c6b-baf0-4432eb825762,
63060051,2025-11-10 19:00:00.000,,41509cb6-30ac-45f0-b86b-f52da7dfb15b.binning_data.json,63060051,2025-11-10 20:18:33.483,2025-11-10 19:18:21.528,UTC-0300,tWUO8ZL77Z,,com.sec.android.app.shealth,2025-11-10 19:59:59.999,41509cb6-30ac-45f0-b86b-f52da7dfb15b,
63060051,2025-11-10 20:00:00.000,,e705ed78-75c6-409e-9d0c-ae03afb9ea40.binning_data.json,63060051,2025-11-10 21:18:45.538,2025-11-10 20:18:33.488,UTC-0300,tWUO8ZL77Z,,com.sec.android.app.shealth,2025-11-10 20:59:59.999,e705ed78-75c6-409e-9d0c-ae03afb9ea40,
63060051,2025-11-10 21:00:00.000,,f69816bd-3935-454f-b16c-5ca46f09c2e3.binning_data.json,63060051,2025-11-10 22:18:58.279,2025-11-10 21:18:45.550,UTC-0300,tWUO8ZL77Z,,com.sec.android.app.shealth,2025-11-10 21:59:59.999,f69816bd-3935-454f-b16c-5ca46f09c2e3,
63060051,2025-11-10 22:00:00.000,,76376eeb-e300-4e9f-a734-3ff8ff4c5677.binning_data.json,63060051,2025-11-10 23:19:10.360,2025-11-10 22:18:58.428,UTC-0300,tWUO8ZL77Z,,com.sec.android.app.shealth,2025-11-10 22:59:59.999,76376eeb-e300-4e9f-a734-3ff8ff4c5677,
63060051,2025-11-10 23:00:00.000,,eaac6043-7145-497a-acfd-dbf6a5ee2009.binning_data.json,63060051,2025-11-10 23:22:05.017,2025-11-10 23:19:10.365,UTC-0300,tWUO8ZL77Z,,com.sec.android.app.shealth,2025-11-10 23:40:59.999,eaac6043-7145-497a-acfd-dbf6a5ee2009,
63060051,2025-11-11 08:47:00.000,,1af08c2a-9f16-43c7-b08d-c153df5c45c7.binning_data.json,63060051,2025-11-11 09:07:38.503,2025-11-11 09:07:38.503,UTC-0300,tWUO8ZL77Z,,com.sec.android.app.shealth,2025-11-11 08:59:59.999,1af08c2a-9f16-43c7-b08d-c153df5c45c7,
63060051,2025-11-11 09:00:00.000,,6a121b7e-0ad6-48d0-8b91-fcf673fcadd3.binning_data.json,63060051,2025-11-11 10:07:50.450,2025-11-11 09:07:38.508,UTC-0300,tWUO8ZL77Z,,com.sec.android.app.shealth,2025-11-11 09:59:59.999,6a121b7e-0ad6-48d0-8b91-fcf673fcadd3,
63060051,2025-11-11 10:00:00.000,,378d244d-a93a-48ee-98c4-5cfe0f2c5f2b.binning_data.json,63060051,2025-11-11 11:08:03.661,2025-11-11 10:07:50.455,UTC-0300,tWUO8ZL77Z,,com.sec.android.app.shealth,2025-11-11 10:59:59.999,378d244d-a93a-48ee-98c4-5cfe0f2c5f2b,
63060051,2025-11-11 11:00:00.000,,940cb7ac-2f37-4491-9b69-cb8f119f53ba.binning_data.json,63060051,2025-11-11 12:08:15.966,2025-11-11 11:08:03.666,UTC-0300,tWUO8ZL77Z,,com.sec.android.app.shealth,2025-11-11 11:59:59.999,940cb7ac-2f37-4491-9b69-cb8f119f53ba,
63060051,2025-11-11 12:00:00.000,,cf258e30-571b-4787-b8fd-e38f2864c351.binning_data.json,63060051,2025-11-11 13:08:24.184,2025-11-11 12:08:15.973,UTC-0300,tWUO8ZL77Z,,com.sec.android.app.shealth,2025-11-11 12:59:59.999,cf258e30-571b-4787-b8fd-e38f2864c351,
63060051,2025-11-11 13:00:00.000,,b3b42f15-1c35-478a-bb27-b2dc69753283.binning_data.json,63060051,2025-11-11 14:08:37.429,2025-11-11 13:08:24.252,UTC-0300,tWUO8ZL77Z,,com.sec.android.app.shealth,2025-11-11 13:59:59.999,b3b42f15-1c35-478a-bb27-b2dc69753283,
63060051,2025-11-11 14:00:00.000,,a22a1cb4-0d48-40bb-84ed-02d4172b1d11.binning_data.json,63060051,2025-11-11 15:08:50.095,2025-11-11 14:08:37.437,UTC-0300,tWUO8ZL77Z,,com.sec.android.app.shealth,2025-11-11 14:59:59.999,a22a1cb4-0d48-40bb-84ed-02d4172b1d11,
63060051,2025-11-11 15:00:00.000,,e46d8569-1079-47cf-b439-adedae07224a.binning_data.json,63060051,2025-11-11 16:09:02.717,2025-11-11 15:08:50.222,UTC-0300,tWUO8ZL77Z,,com.sec.android.app.shealth,2025-11-11 15:59:59.999,e46d8569-1079-47cf-b439-adedae07224a,
63060051,2025-11-11 16:00:00.000,,108b76e7-30e6-4a33-b847-88601719d033.binning_data.json,63060051,2025-11-11 17:09:13.980,2025-11-11 16:09:02.759,UTC-0300,tWUO8ZL77Z,,com.sec.android.app.shealth,2025-11-11 16:59:59.999,108b76e7-30e6-4a33-b847-88601719d033,
63060051,2025-11-11 17:00:00.000,,b24569d4-d1b1-4471-a00f-32ee6a845aa0.binning_data.json,63060051,2025-11-11 18:09:26.978,2025-11-11 17:09:14.056,UTC-0300,tWUO8ZL77Z,,com.sec.android.app.shealth,2025-11-11 17:59:59.999,b24569d4-d1b1-4471-a00f-32ee6a845aa0,
63060051,2025-11-11 18:00:00.000,,bdd6e166-0f2b-447a-b7b4-408333481a51.binning_data.json,63060051,2025-11-11 19:09:39.108,2025-11-11 18:09:26.982,UTC-0300,tWUO8ZL77Z,,com.sec.android.app.shealth,2025-11-11 18:59:59.999,bdd6e166-0f2b-447a-b7b4-408333481a51,
63060051,2025-11-11 19:00:00.000,,af45091a-a197-4d86-bda5-a35797beeace.binning_data.json,63060051,2025-11-11 20:09:52.008,2025-11-11 19:09:39.194,UTC-0300,tWUO8ZL77Z,,com.sec.android.app.shealth,2025-11-11 19:59:59.999,af45091a-a197-4d86-bda5-a35797beeace,
63060051,2025-11-11 20:00:00.000,,63a7d85e-3777-413d-b5e2-6b3bac10c9a2.binning_data.json,63060051,2025-11-11 21:10:05.649,2025-11-11 20:09:52.034,UTC-0300,tWUO8ZL77Z,,com.sec.android.app.shealth,2025-11-11 20:59:59.999,63a7d85e-3777-413d-b5e2-6b3bac10c9a2,
63060051,2025-11-11 21:00:00.000,,4f8b8b1a-d2e3-4168-8874-3769fa7b27d6.binning_data.json,63060051,2025-11-11 22:10:18.031,2025-11-11 21:10:05.657,UTC-0300,tWUO8ZL77Z,,com.sec.android.app.shealth,2025-11-11 21:59:59.999,4f8b8b1a-d2e3-4168-8874-3769fa7b27d6,
63060051,2025-11-11 22:00:00.000,,25120615-e240-41cc-b834-d7d82914fdae.binning_data.json,63060051,2025-11-11 23:10:32.554,2025-11-11 22:10:18.038,UTC-0300,tWUO8ZL77Z,,com.sec.android.app.shealth,2025-11-11 22:59:59.999,25120615-e240-41cc-b834-d7d82914fdae,
63060051,2025-11-11 23:00:00.000,,2a168075-12d5-4ca4-9738-196913afa066.binning_data.json,63060051,2025-11-12 00:00:31.346,2025-11-11 23:10:32.560,UTC-0300,tWUO8ZL77Z,,com.sec.android.app.shealth,2025-11-11 23:59:59.999,2a168075-12d5-4ca4-9738-196913afa066,
63060051,2025-11-12 00:00:00.000,,bf29db71-406a-496e-a3c0-9a9280db0baf.binning_data.json,63060051,2025-11-12 00:00:31.359,2025-11-12 00:00:31.359,UTC-0300,tWUO8ZL77Z,,com.sec.android.app.shealth,2025-11-12 00:10:59.999,bf29db71-406a-496e-a3c0-9a9280db0baf,
63060051,2025-11-12 01:24:00.000,,24ebdc6f-3663-42c7-82eb-06d1bf332ffc.binning_data.json,63060051,2025-11-12 02:04:45.308,2025-11-12 01:44:40.400,UTC-0300,tWUO8ZL77Z,,com.sec.android.app.shealth,2025-11-12 01:59:59.999,24ebdc6f-3663-42c7-82eb-06d1bf332ffc,
63060051,2025-11-12 02:00:00.000,,02d1df6a-aa0d-4c7a-b3f7-5fd2b02bf1c6.binning_data.json,63060051,2025-11-12 03:05:01.133,2025-11-12 02:04:45.319,UTC-0300,tWUO8ZL77Z,,com.sec.android.app.shealth,2025-11-12 02:59:59.999,02d1df6a-aa0d-4c7a-b3f7-5fd2b02bf1c6,
63060051,2025-11-12 03:00:00.000,,afa16263-32b8-4bc3-8b5a-ddf0e6b3657e.binning_data.json,63060051,2025-11-12 04:05:16.820,2025-11-12 03:05:01.138,UTC-0300,tWUO8ZL77Z,,com.sec.android.app.shealth,2025-11-12 03:59:59.999,afa16263-32b8-4bc3-8b5a-ddf0e6b3657e,
63060051,2025-11-12 04:00:00.000,,69d2cb84-b9ef-4ad3-a0b1-3d939bc374ac.binning_data.json,63060051,2025-11-12 05:05:31.467,2025-11-12 04:05:16.858,UTC-0300,tWUO8ZL77Z,,com.sec.android.app.shealth,2025-11-12 04:59:59.999,69d2cb84-b9ef-4ad3-a0b1-3d939bc374ac,
63060051,2025-11-12 05:00:00.000,,8f3e9884-f665-4d55-adb5-27eec546c714.binning_data.json,63060051,2025-11-12 06:05:44.673,2025-11-12 05:05:31.508,UTC-0300,tWUO8ZL77Z,,com.sec.android.app.shealth,2025-11-12 05:59:59.999,8f3e9884-f665-4d55-adb5-27eec546c714,
63060051,2025-11-12 06:00:00.000,,aab4ba19-a968-4691-9002-53add0a8c8d1.binning_data.json,63060051,2025-11-12 07:05:58.115,2025-11-12 06:05:44.679,UTC-0300,tWUO8ZL77Z,,com.sec.android.app.shealth,2025-11-12 06:59:59.999,aab4ba19-a968-4691-9002-53add0a8c8d1,
63060051,2025-11-12 07:00:00.000,,11f7324f-a4a0-45cf-88b6-a96693e02755.binning_data.json,63060051,2025-11-12 08:06:12.945,2025-11-12 07:05:58.202,UTC-0300,tWUO8ZL77Z,,com.sec.android.app.shealth,2025-11-12 07:59:59.999,11f7324f-a4a0-45cf-88b6-a96693e02755,
63060051,2025-11-12 08:00:00.000,,5279d470-4482-4859-ac6d-66e62d2570ff.binning_data.json,63060051,2025-11-12 09:06:25.582,2025-11-12 08:06:13.052,UTC-0300,tWUO8ZL77Z,,com.sec.android.app.shealth,2025-11-12 08:59:59.999,5279d470-4482-4859-ac6d-66e62d2570ff,
63060051,2025-11-12 09:00:00.000,,2cc06e64-69b2-4ff5-b68f-b4bf87712f52.binning_data.json,63060051,2025-11-12 09:32:00.490,2025-11-12 09:06:25.591,UTC-0300,tWUO8ZL77Z,,com.sec.android.app.shealth,2025-11-12 09:46:59.999,2cc06e64-69b2-4ff5-b68f-b4bf87712f52,
63060051,2025-11-12 10:28:00.000,,e17ab2cf-9406-4ec0-9a03-efaffdb64f17.binning_data.json,63060051,2025-11-12 11:08:41.644,2025-11-12 10:48:37.598,UTC-0300,tWUO8ZL77Z,,com.sec.android.app.shealth,2025-11-12 10:59:59.999,e17ab2cf-9406-4ec0-9a03-efaffdb64f17,
63060051,2025-11-12 11:00:00.000,,ef2cfa55-1aef-4214-95e8-277ae93c694d.binning_data.json,63060051,2025-11-12 12:08:54.698,2025-11-12 11:08:41.650,UTC-0300,tWUO8ZL77Z,,com.sec.android.app.shealth,2025-11-12 11:59:59.999,ef2cfa55-1aef-4214-95e8-277ae93c694d,
63060051,2025-11-12 12:00:00.000,,d376177c-da80-4d40-855f-3cd0bf2087cb.binning_data.json,63060051,2025-11-12 13:09:05.450,2025-11-12 12:08:54.722,UTC-0300,tWUO8ZL77Z,,com.sec.android.app.shealth,2025-11-12 12:59:59.999,d376177c-da80-4d40-855f-3cd0bf2087cb,
63060051,2025-11-12 13:00:00.000,,40786344-e838-47a4-ac7b-e3e44e43c60a.binning_data.json,63060051,2025-11-12 14:09:17.563,2025-11-12 13:09:05.459,UTC-0300,tWUO8ZL77Z,,com.sec.android.app.shealth,2025-11-12 13:59:59.999,40786344-e838-47a4-ac7b-e3e44e43c60a,
63060051,2025-11-12 14:00:00.000,,691bd291-93e5-4f6f-a551-8539e15e19fb.binning_data.json,63060051,2025-11-12 15:09:29.354,2025-11-12 14:09:17.568,UTC-0300,tWUO8ZL77Z,,com.sec.android.app.shealth,2025-11-12 14:59:59.999,691bd291-93e5-4f6f-a551-8539e15e19fb,
63060051,2025-11-12 15:00:00.000,,1cc1a650-bd48-48d2-835f-354d02d524fa.binning_data.json,63060051,2025-11-12 16:09:40.484,2025-11-12 15:09:29.456,UTC-0300,tWUO8ZL77Z,,com.sec.android.app.shealth,2025-11-12 15:59:59.999,1cc1a650-bd48-48d2-835f-354d02d524fa,
63060051,2025-11-12 16:00:00.000,,b33c0a5f-1f4d-4a3a-a1c6-4d60b256702a.binning_data.json,63060051,2025-11-12 17:09:51.270,2025-11-12 16:09:40.499,UTC-0300,tWUO8ZL77Z,,com.sec.android.app.shealth,2025-11-12 16:59:59.999,b33c0a5f-1f4d-4a3a-a1c6-4d60b256702a,
63060051,2025-11-12 17:00:00.000,,433d2b74-a5b3-437b-b274-1976b1e78ca2.binning_data.json,63060051,2025-11-12 18:09:59.871,2025-11-12 17:09:51.280,UTC-0300,tWUO8ZL77Z,,com.sec.android.app.shealth,2025-11-12 17:59:59.999,433d2b74-a5b3-437b-b274-1976b1e78ca2,
63060051,2025-11-12 18:00:00.000,,5aad5195-3436-48eb-83f2-f87f176acd69.binning_data.json,63060051,2025-11-12 19:10:13.332,2025-11-12 18:09:59.957,UTC-0300,tWUO8ZL77Z,,com.sec.android.app.shealth,2025-11-12 18:59:59.999,5aad5195-3436-48eb-83f2-f87f176acd69,
63060051,2025-11-12 19:00:00.000,,8653db9e-ac77-429c-ad72-ed33b49871b8.binning_data.json,63060051,2025-11-12 20:10:27.162,2025-11-12 19:10:13.339,UTC-0300,tWUO8ZL77Z,,com.sec.android.app.shealth,2025-11-12 19:59:59.999,8653db9e-ac77-429c-ad72-ed33b49871b8,
63060051,2025-11-12 20:00:00.000,,0d365ade-cc37-40d3-ba5c-493dc7b2c28d.binning_data.json,63060051,2025-11-12 21:10:39.436,2025-11-12 20:10:27.172,UTC-0300,tWUO8ZL77Z,,com.sec.android.app.shealth,2025-11-12 20:59:59.999,0d365ade-cc37-40d3-ba5c-493dc7b2c28d,
63060051,2025-11-12 21:00:00.000,,67288c31-db64-468c-b417-ae60bfa666bb.binning_data.json,63060051,2025-11-12 22:10:52.602,2025-11-12 21:10:39.444,UTC-0300,tWUO8ZL77Z,,com.sec.android.app.shealth,2025-11-12 21:59:59.999,67288c31-db64-468c-b417-ae60bfa666bb,
63060051,2025-11-12 22:00:00.000,,dfffa421-c7de-4178-9f72-a6bc96b0f021.binning_data.json,63060051,2025-11-12 23:06:10.057,2025-11-12 22:10:52.614,UTC-0300,tWUO8ZL77Z,,com.sec.android.app.shealth,2025-11-12 22:59:59.999,dfffa421-c7de-4178-9f72-a6bc96b0f021,
63060051,2025-11-12 23:00:00.000,,07283462-2864-44c2-9b5f-c4db5caf3b2c.binning_data.json,63060051,2025-11-12 23:06:10.113,2025-11-12 23:06:10.113,UTC-0300,tWUO8ZL77Z,,com.sec.android.app.shealth,2025-11-12 23:10:59.999,07283462-2864-44c2-9b5f-c4db5caf3b2c,
63060051,2025-11-13 00:09:00.000,,46ecd747-de6c-42e1-a40d-92084faa34a3.binning_data.json,63060051,2025-11-13 01:09:57.205,2025-11-13 00:29:47.545,UTC-0300,tWUO8ZL77Z,,com.sec.android.app.shealth,2025-11-13 00:59:59.999,46ecd747-de6c-42e1-a40d-92084faa34a3,
63060051,2025-11-13 01:00:00.000,,005c4030-c969-4570-be6c-10448eec83e6.binning_data.json,63060051,2025-11-13 02:10:10.635,2025-11-13 01:09:57.244,UTC-0300,tWUO8ZL77Z,,com.sec.android.app.shealth,2025-11-13 01:59:59.999,005c4030-c969-4570-be6c-10448eec83e6,
63060051,2025-11-13 02:00:00.000,,e1664399-2e3c-486d-98c6-38032bdae4ad.binning_data.json,63060051,2025-11-13 03:10:25.628,2025-11-13 02:10:10.650,UTC-0300,tWUO8ZL77Z,,com.sec.android.app.shealth,2025-11-13 02:59:59.999,e1664399-2e3c-486d-98c6-38032bdae4ad,
63060051,2025-11-13 03:00:00.000,,20d86627-f13e-4e5f-837a-785f0e047f62.binning_data.json,63060051,2025-11-13 04:10:40.419,2025-11-13 03:10:25.713,UTC-0300,tWUO8ZL77Z,,com.sec.android.app.shealth,2025-11-13 03:59:59.999,20d86627-f13e-4e5f-837a-785f0e047f62,
63060051,2025-11-13 04:00:00.000,,cfe90924-1b6b-4851-8e60-9deb3137cb6b.binning_data.json,63060051,2025-11-13 05:10:55.279,2025-11-13 04:10:40.521,UTC-0300,tWUO8ZL77Z,,com.sec.android.app.shealth,2025-11-13 04:59:59.999,cfe90924-1b6b-4851-8e60-9deb3137cb6b,
63060051,2025-11-13 05:00:00.000,,f85c703e-f5f4-4e31-889b-8349c2c0a978.binning_data.json,63060051,2025-11-13 06:11:11.212,2025-11-13 05:10:55.284,UTC-0300,tWUO8ZL77Z,,com.sec.android.app.shealth,2025-11-13 05:59:59.999,f85c703e-f5f4-4e31-889b-8349c2c0a978,
63060051,2025-11-13 06:00:00.000,,3bd7dc2e-a836-4fa4-b7c4-63997fbd8a50.binning_data.json,63060051,2025-11-13 07:11:26.558,2025-11-13 06:11:11.217,UTC-0300,tWUO8ZL77Z,,com.sec.android.app.shealth,2025-11-13 06:59:59.999,3bd7dc2e-a836-4fa4-b7c4-63997fbd8a50,
63060051,2025-11-13 07:00:00.000,,0577ac13-a0b8-4c9f-8ae3-e4d911188401.binning_data.json,63060051,2025-11-13 08:11:41.287,2025-11-13 07:11:26.564,UTC-0300,tWUO8ZL77Z,,com.sec.android.app.shealth,2025-11-13 07:59:59.999,0577ac13-a0b8-4c9f-8ae3-e4d911188401,
63060051,2025-11-13 08:00:00.000,,7dcf7723-05b4-4019-9ff1-495751b20244.binning_data.json,63060051,2025-11-13 09:11:53.477,2025-11-13 08:11:41.302,UTC-0300,tWUO8ZL77Z,,com.sec.android.app.shealth,2025-11-13 08:59:59.999,7dcf7723-05b4-4019-9ff1-495751b20244,
63060051,2025-11-13 09:00:00.000,,9bf091cb-1b99-4cf0-a766-c3d7d8a2278e.binning_data.json,63060051,2025-11-13 10:12:06.455,2025-11-13 09:11:53.496,UTC-0300,tWUO8ZL77Z,,com.sec.android.app.shealth,2025-11-13 09:59:59.999,9bf091cb-1b99-4cf0-a766-c3d7d8a2278e,
63060051,2025-11-13 10:00:00.000,,b8948e4c-6352-4cac-8562-27f98b29e69f.binning_data.json,63060051,2025-11-13 11:12:19.386,2025-11-13 10:12:06.467,UTC-0300,tWUO8ZL77Z,,com.sec.android.app.shealth,2025-11-13 10:59:59.999,b8948e4c-6352-4cac-8562-27f98b29e69f,
63060051,2025-11-13 11:00:00.000,,efa7c33d-0158-411b-b8df-4c4d6466834d.binning_data.json,63060051,2025-11-13 12:12:33.727,2025-11-13 11:12:19.464,UTC-0300,tWUO8ZL77Z,,com.sec.android.app.shealth,2025-11-13 11:59:59.999,efa7c33d-0158-411b-b8df-4c4d6466834d,
63060051,2025-11-13 12:00:00.000,,45221998-ec81-45c4-b7dc-4e19cabfd19b.binning_data.json,63060051,2025-11-13 13:12:47.462,2025-11-13 12:12:33.732,UTC-0300,tWUO8ZL77Z,,com.sec.android.app.shealth,2025-11-13 12:59:59.999,45221998-ec81-45c4-b7dc-4e19cabfd19b,
63060051,2025-11-13 13:00:00.000,,74ed0f5a-e74a-4563-b430-292e24a5a386.binning_data.json,63060051,2025-11-13 14:13:00.230,2025-11-13 13:12:47.470,UTC-0300,tWUO8ZL77Z,,com.sec.android.app.shealth,2025-11-13 13:59:59.999,74ed0f5a-e74a-4563-b430-292e24a5a386,
63060051,2025-11-13 14:00:00.000,,d9053527-5968-499f-9067-cffaa1d3983f.binning_data.json,63060051,2025-11-13 15:13:10.148,2025-11-13 14:13:00.248,UTC-0300,tWUO8ZL77Z,,com.sec.android.app.shealth,2025-11-13 14:59:59.999,d9053527-5968-499f-9067-cffaa1d3983f,
63060051,2025-11-13 15:00:00.000,,99d01f1f-7ca8-4246-a06b-ba049a709443.binning_data.json,63060051,2025-11-13 16:13:22.564,2025-11-13 15:13:10.155,UTC-0300,tWUO8ZL77Z,,com.sec.android.app.shealth,2025-11-13 15:59:59.999,99d01f1f-7ca8-4246-a06b-ba049a709443,
63060051,2025-11-13 16:00:00.000,,654286bc-174c-466a-a1ae-7cba25481af7.binning_data.json,63060051,2025-11-13 17:13:36.991,2025-11-13 16:13:22.575,UTC-0300,tWUO8ZL77Z,,com.sec.android.app.shealth,2025-11-13 16:59:59.999,654286bc-174c-466a-a1ae-7cba25481af7,
63060051,2025-11-13 17:00:00.000,,b147accb-b5d1-49c4-9909-9618590be5eb.binning_data.json,63060051,2025-11-13 18:13:50.940,2025-11-13 17:13:37.010,UTC-0300,tWUO8ZL77Z,,com.sec.android.app.shealth,2025-11-13 17:59:59.999,b147accb-b5d1-49c4-9909-9618590be5eb,
63060051,2025-11-13 18:00:00.000,,4cd6df49-6075-4e7b-a8f7-0d3e11b6cfac.binning_data.json,63060051,2025-11-13 19:14:03.803,2025-11-13 18:13:50.946,UTC-0300,tWUO8ZL77Z,,com.sec.android.app.shealth,2025-11-13 18:59:59.999,4cd6df49-6075-4e7b-a8f7-0d3e11b6cfac,
63060051,2025-11-13 19:00:00.000,,b58d7953-3258-40f9-ad3a-581f604ebcbf.binning_data.json,63060051,2025-11-13 20:14:16.638,2025-11-13 19:14:03.811,UTC-0300,tWUO8ZL77Z,,com.sec.android.app.shealth,2025-11-13 19:59:59.999,b58d7953-3258-40f9-ad3a-581f604ebcbf,
63060051,2025-11-13 20:00:00.000,,50c63ef5-b4ed-4273-8cef-6a6d2109d580.binning_data.json,63060051,2025-11-13 21:14:28.228,2025-11-13 20:14:16.646,UTC-0300,tWUO8ZL77Z,,com.sec.android.app.shealth,2025-11-13 20:59:59.999,50c63ef5-b4ed-4273-8cef-6a6d2109d580,
63060051,2025-11-13 21:00:00.000,,fe5a7d75-d01a-49a9-9788-439dff64cdad.binning_data.json,63060051,2025-11-13 22:04:23.641,2025-11-13 21:14:28.245,UTC-0300,tWUO8ZL77Z,,com.sec.android.app.shealth,2025-11-13 21:59:59.999,fe5a7d75-d01a-49a9-9788-439dff64cdad,
63060051,2025-11-13 22:00:00.000,,e18286b8-dbd5-4a5e-b870-31c6069d70c2.binning_data.json,63060051,2025-11-13 22:04:23.702,2025-11-13 22:04:23.702,UTC-0300,tWUO8ZL77Z,,com.sec.android.app.shealth,2025-11-13 22:14:59.999,e18286b8-dbd5-4a5e-b870-31c6069d70c2,
63060051,2025-11-14 00:36:00.000,,6a19e571-48a4-456f-9177-cf92a653f089.binning_data.json,63060051,2025-11-14 01:16:27.291,2025-11-14 00:56:22.060,UTC-0300,tWUO8ZL77Z,,com.sec.android.app.shealth,2025-11-14 00:59:59.999,6a19e571-48a4-456f-9177-cf92a653f089,
63060051,2025-11-14 01:00:00.000,,cfe0fc97-3d31-4f3f-b2f6-dc1a03da324a.binning_data.json,63060051,2025-11-14 02:16:42.948,2025-11-14 01:16:27.297,UTC-0300,tWUO8ZL77Z,,com.sec.android.app.shealth,2025-11-14 01:59:59.999,cfe0fc97-3d31-4f3f-b2f6-dc1a03da324a,
63060051,2025-11-14 02:00:00.000,,7807973d-521b-4491-848f-0b0b1e3880fd.binning_data.json,63060051,2025-11-14 03:16:57.104,2025-11-14 02:16:43.035,UTC-0300,tWUO8ZL77Z,,com.sec.android.app.shealth,2025-11-14 02:59:59.999,7807973d-521b-4491-848f-0b0b1e3880fd,
63060051,2025-11-14 03:00:00.000,,9d04a43d-be09-4d9c-a2f6-f1cc8fe18b08.binning_data.json,63060051,2025-11-14 04:17:09.050,2025-11-14 03:16:57.109,UTC-0300,tWUO8ZL77Z,,com.sec.android.app.shealth,2025-11-14 03:59:59.999,9d04a43d-be09-4d9c-a2f6-f1cc8fe18b08,
63060051,2025-11-14 04:00:00.000,,f7db2869-93d4-4773-9930-b0d34e7cad72.binning_data.json,63060051,2025-11-14 05:17:23.094,2025-11-14 04:17:09.056,UTC-0300,tWUO8ZL77Z,,com.sec.android.app.shealth,2025-11-14 04:59:59.999,f7db2869-93d4-4773-9930-b0d34e7cad72,
63060051,2025-11-14 05:00:00.000,,12e92be3-97bd-44aa-8c66-7a702eb3bc1a.binning_data.json,63060051,2025-11-14 06:17:37.877,2025-11-14 05:17:23.106,UTC-0300,tWUO8ZL77Z,,com.sec.android.app.shealth,2025-11-14 05:59:59.999,12e92be3-97bd-44aa-8c66-7a702eb3bc1a,
63060051,2025-11-14 06:00:00.000,,711e234e-2659-4a86-9ebe-4b08ddd1ab2d.binning_data.json,63060051,2025-11-14 07:17:52.519,2025-11-14 06:17:37.903,UTC-0300,tWUO8ZL77Z,,com.sec.android.app.shealth,2025-11-14 06:59:59.999,711e234e-2659-4a86-9ebe-4b08ddd1ab2d,
63060051,2025-11-14 07:00:00.000,,8e32c0af-7951-4dda-aa86-fbffd1d54de6.binning_data.json,63060051,2025-11-14 08:18:07.958,2025-11-14 07:17:52.523,UTC-0300,tWUO8ZL77Z,,com.sec.android.app.shealth,2025-11-14 07:59:59.999,8e32c0af-7951-4dda-aa86-fbffd1d54de6,
63060051,2025-11-14 08:00:00.000,,26efc445-ea87-4ba8-8f0c-fe6f5a6a4f61.binning_data.json,63060051,2025-11-14 09:18:22.614,2025-11-14 08:18:07.969,UTC-0300,tWUO8ZL77Z,,com.sec.android.app.shealth,2025-11-14 08:59:59.999,26efc445-ea87-4ba8-8f0c-fe6f5a6a4f61,
63060051,2025-11-14 09:00:00.000,,56ca0a32-9ad3-474a-8739-281811b35076.binning_data.json,63060051,2025-11-14 10:18:36.662,2025-11-14 09:18:22.637,UTC-0300,tWUO8ZL77Z,,com.sec.android.app.shealth,2025-11-14 09:59:59.999,56ca0a32-9ad3-474a-8739-281811b35076,
63060051,2025-11-14 10:00:00.000,,a9d4f3ab-e0f9-4bb6-a6f5-a43487b337b3.binning_data.json,63060051,2025-11-14 11:18:49.242,2025-11-14 10:18:36.668,UTC-0300,tWUO8ZL77Z,,com.sec.android.app.shealth,2025-11-14 10:59:59.999,a9d4f3ab-e0f9-4bb6-a6f5-a43487b337b3,
63060051,2025-11-14 11:00:00.000,,735ea882-7e7d-40b0-a69e-0c1afb348133.binning_data.json,63060051,2025-11-14 12:19:01.933,2025-11-14 11:18:49.247,UTC-0300,tWUO8ZL77Z,,com.sec.android.app.shealth,2025-11-14 11:59:59.999,735ea882-7e7d-40b0-a69e-0c1afb348133,
63060051,2025-11-14 12:00:00.000,,a45cd9ca-835d-4cec-a1bf-dec6889d32a7.binning_data.json,63060051,2025-11-14 13:19:15.998,2025-11-14 12:19:01.939,UTC-0300,tWUO8ZL77Z,,com.sec.android.app.shealth,2025-11-14 12:59:59.999,a45cd9ca-835d-4cec-a1bf-dec6889d32a7,
63060051,2025-11-14 13:00:00.000,,26b27f70-6e0d-40f5-b319-72278153040d.binning_data.json,63060051,2025-11-14 14:19:30.272,2025-11-14 13:19:16.004,UTC-0300,tWUO8ZL77Z,,com.sec.android.app.shealth,2025-11-14 13:59:59.999,26b27f70-6e0d-40f5-b319-72278153040d,
63060051,2025-11-14 14:00:00.000,,7756a3c8-691c-4a63-9e92-0ce7c2274208.binning_data.json,63060051,2025-11-14 15:19:44.103,2025-11-14 14:19:30.277,UTC-0300,tWUO8ZL77Z,,com.sec.android.app.shealth,2025-11-14 14:59:59.999,7756a3c8-691c-4a63-9e92-0ce7c2274208,
63060051,2025-11-14 15:00:00.000,,003485d3-6448-4e03-a9bd-7478790e9f8c.binning_data.json,63060051,2025-11-14 16:19:57.114,2025-11-14 15:19:44.111,UTC-0300,tWUO8ZL77Z,,com.sec.android.app.shealth,2025-11-14 15:59:59.999,003485d3-6448-4e03-a9bd-7478790e9f8c,
63060051,2025-11-14 16:00:00.000,,75dc4aa2-9dda-4c3f-b85f-62e33f89221e.binning_data.json,63060051,2025-11-14 17:00:07.098,2025-11-14 16:19:57.120,UTC-0300,tWUO8ZL77Z,,com.sec.android.app.shealth,2025-11-14 16:59:59.999,75dc4aa2-9dda-4c3f-b85f-62e33f89221e,
63060051,2025-11-14 17:00:00.000,,b1d76cd8-23f7-4e71-acec-23243ad76778.binning_data.json,63060051,2025-11-14 18:00:20.997,2025-11-14 17:20:11.756,UTC-0300,tWUO8ZL77Z,,com.sec.android.app.shealth,2025-11-14 17:59:59.999,b1d76cd8-23f7-4e71-acec-23243ad76778,
63060051,2025-11-14 18:00:00.000,,21f10fe4-c727-4fa0-81a8-53e7f12223cc.binning_data.json,63060051,2025-11-14 19:00:34.856,2025-11-14 18:20:25.726,UTC-0300,tWUO8ZL77Z,,com.sec.android.app.shealth,2025-11-14 18:59:59.999,21f10fe4-c727-4fa0-81a8-53e7f12223cc,
63060051,2025-11-14 19:00:00.000,,de865c8d-9a11-41f8-a092-51b36949fe19.binning_data.json,63060051,2025-11-14 20:00:48.258,2025-11-14 19:20:39.122,UTC-0300,tWUO8ZL77Z,,com.sec.android.app.shealth,2025-11-14 19:59:59.999,de865c8d-9a11-41f8-a092-51b36949fe19,
63060051,2025-11-14 20:00:00.000,,66ce61f3-b0b5-4e47-8327-2843aba7cf62.binning_data.json,63060051,2025-11-14 21:01:00.687,2025-11-14 20:20:52.044,UTC-0300,tWUO8ZL77Z,,com.sec.android.app.shealth,2025-11-14 20:59:59.999,66ce61f3-b0b5-4e47-8327-2843aba7cf62,
63060051,2025-11-14 21:00:00.000,,2a687f68-7026-4ba8-ac1c-8ab3b9d27318.binning_data.json,63060051,2025-11-14 22:01:13.767,2025-11-14 21:01:00.761,UTC-0300,tWUO8ZL77Z,,com.sec.android.app.shealth,2025-11-14 21:59:59.999,2a687f68-7026-4ba8-ac1c-8ab3b9d27318,
63060051,2025-11-14 22:00:00.000,,60ae4435-87ab-4d82-81d0-5a12fb868ed2.binning_data.json,63060051,2025-11-14 23:01:26.595,2025-11-14 22:01:13.818,UTC-0300,tWUO8ZL77Z,,com.sec.android.app.shealth,2025-11-14 22:59:59.999,60ae4435-87ab-4d82-81d0-5a12fb868ed2,
63060051,2025-11-14 23:00:00.000,,f99ce938-8bf2-4ac3-a832-7060650b697f.binning_data.json,63060051,2025-11-14 23:50:44.155,2025-11-14 23:01:26.600,UTC-0300,tWUO8ZL77Z,,com.sec.android.app.shealth,2025-11-14 23:59:59.999,f99ce938-8bf2-4ac3-a832-7060650b697f,
63060051,2025-11-15 00:00:00.000,,9b5536d9-557b-40b2-a994-296482af2005.binning_data.json,63060051,2025-11-14 23:50:44.205,2025-11-14 23:50:44.205,UTC-0300,tWUO8ZL77Z,,com.sec.android.app.shealth,2025-11-15 00:00:59.999,9b5536d9-557b-40b2-a994-296482af2005,
63060051,2025-11-15 01:51:00.000,,3aacfbae-286b-4a6c-8c12-6a398bcda32f.binning_data.json,63060051,2025-11-15 02:11:35.495,2025-11-15 02:11:35.495,UTC-0300,tWUO8ZL77Z,,com.sec.android.app.shealth,2025-11-15 01:59:59.999,3aacfbae-286b-4a6c-8c12-6a398bcda32f,
63060051,2025-11-15 02:00:00.000,,1f960b06-25c4-4811-a997-0a9a2d12139c.binning_data.json,63060051,2025-11-15 03:11:47.852,2025-11-15 02:11:35.499,UTC-0300,tWUO8ZL77Z,,com.sec.android.app.shealth,2025-11-15 02:59:59.999,1f960b06-25c4-4811-a997-0a9a2d12139c,
63060051,2025-11-15 03:00:00.000,,e89a0e5e-7d0a-414f-a8de-b9dc417d10b0.binning_data.json,63060051,2025-11-15 04:11:57.530,2025-11-15 03:11:47.885,UTC-0300,tWUO8ZL77Z,,com.sec.android.app.shealth,2025-11-15 03:59:59.999,e89a0e5e-7d0a-414f-a8de-b9dc417d10b0,
63060051,2025-11-15 04:00:00.000,,cd86043d-b831-4483-8bb9-9aa90363feb1.binning_data.json,63060051,2025-11-15 05:12:07.478,2025-11-15 04:11:57.574,UTC-0300,tWUO8ZL77Z,,com.sec.android.app.shealth,2025-11-15 04:59:59.999,cd86043d-b831-4483-8bb9-9aa90363feb1,
63060051,2025-11-15 05:00:00.000,,4cb71319-ce34-499e-962f-012fac8031fc.binning_data.json,63060051,2025-11-15 06:12:20.896,2025-11-15 05:12:07.501,UTC-0300,tWUO8ZL77Z,,com.sec.android.app.shealth,2025-11-15 05:59:59.999,4cb71319-ce34-499e-962f-012fac8031fc,
63060051,2025-11-15 06:00:00.000,,b8b1fb91-61a2-4489-abcf-6566768dda08.binning_data.json,63060051,2025-11-15 07:12:34.997,2025-11-15 06:12:21.002,UTC-0300,tWUO8ZL77Z,,com.sec.android.app.shealth,2025-11-15 06:59:59.999,b8b1fb91-61a2-4489-abcf-6566768dda08,
63060051,2025-11-15 07:00:00.000,,c133f0f8-98d4-4875-aa32-db3e01d6eaa2.binning_data.json,63060051,2025-11-15 08:12:47.400,2025-11-15 07:12:35.002,UTC-0300,tWUO8ZL77Z,,com.sec.android.app.shealth,2025-11-15 07:59:59.999,c133f0f8-98d4-4875-aa32-db3e01d6eaa2,
63060051,2025-11-15 08:00:00.000,,9e5faabd-9bd7-4704-8d93-5c5b9eacd550.binning_data.json,63060051,2025-11-15 09:12:58.039,2025-11-15 08:12:47.406,UTC-0300,tWUO8ZL77Z,,com.sec.android.app.shealth,2025-11-15 08:59:59.999,9e5faabd-9bd7-4704-8d93-5c5b9eacd550,
63060051,2025-11-15 09:00:00.000,,a69190b1-12e2-49e2-9e93-bd6845359772.binning_data.json,63060051,2025-11-15 10:13:11.152,2025-11-15 09:12:58.046,UTC-0300,tWUO8ZL77Z,,com.sec.android.app.shealth,2025-11-15 09:59:59.999,a69190b1-12e2-49e2-9e93-bd6845359772,
63060051,2025-11-15 10:00:00.000,,aa7180c0-2fd7-4dff-a6ef-a398c676cd03.binning_data.json,63060051,2025-11-15 11:13:23.526,2025-11-15 10:13:11.158,UTC-0300,tWUO8ZL77Z,,com.sec.android.app.shealth,2025-11-15 10:59:59.999,aa7180c0-2fd7-4dff-a6ef-a398c676cd03,
63060051,2025-11-15 11:00:00.000,,be4176ee-e454-406f-8438-9223b03187d6.binning_data.json,63060051,2025-11-15 12:13:37.228,2025-11-15 11:13:23.535,UTC-0300,tWUO8ZL77Z,,com.sec.android.app.shealth,2025-11-15 11:59:59.999,be4176ee-e454-406f-8438-9223b03187d6,
63060051,2025-11-15 12:00:00.000,,d0de6eac-966e-4790-95ea-8f0cd0f94187.binning_data.json,63060051,2025-11-15 13:13:50.991,2025-11-15 12:13:37.343,UTC-0300,tWUO8ZL77Z,,com.sec.android.app.shealth,2025-11-15 12:59:59.999,d0de6eac-966e-4790-95ea-8f0cd0f94187,
63060051,2025-11-15 13:00:00.000,,10272f0a-904d-4062-be98-d90707022977.binning_data.json,63060051,2025-11-15 14:13:52.003,2025-11-15 13:13:50.996,UTC-0300,tWUO8ZL77Z,,com.sec.android.app.shealth,2025-11-15 13:59:59.999,10272f0a-904d-4062-be98-d90707022977,
63060051,2025-11-15 14:00:00.000,,68371146-b0f3-4c14-82ff-73e8b75de94a.binning_data.json,63060051,2025-11-15 15:14:04.686,2025-11-15 14:13:52.010,UTC-0300,tWUO8ZL77Z,,com.sec.android.app.shealth,2025-11-15 14:59:59.999,68371146-b0f3-4c14-82ff-73e8b75de94a,
63060051,2025-11-15 15:00:00.000,,01e48cee-725f-471c-88b4-84dbc0a25e54.binning_data.json,63060051,2025-11-15 16:14:19.021,2025-11-15 15:14:04.762,UTC-0300,tWUO8ZL77Z,,com.sec.android.app.shealth,2025-11-15 15:59:59.999,01e48cee-725f-471c-88b4-84dbc0a25e54,
63060051,2025-11-15 16:00:00.000,,2ecb22be-cfd4-4ee3-b6c5-cea0fd951e2f.binning_data.json,63060051,2025-11-15 17:14:31.569,2025-11-15 16:14:19.028,UTC-0300,tWUO8ZL77Z,,com.sec.android.app.shealth,2025-11-15 16:59:59.999,2ecb22be-cfd4-4ee3-b6c5-cea0fd951e2f,
63060051,2025-11-15 17:00:00.000,,4937373d-6207-48e1-abf9-6d762845578d.binning_data.json,63060051,2025-11-15 18:14:47.134,2025-11-15 17:14:31.585,UTC-0300,tWUO8ZL77Z,,com.sec.android.app.shealth,2025-11-15 17:59:59.999,4937373d-6207-48e1-abf9-6d762845578d,
63060051,2025-11-15 18:00:00.000,,1600a115-14be-4058-93da-d99759fb3397.binning_data.json,63060051,2025-11-15 19:14:59.201,2025-11-15 18:14:47.139,UTC-0300,tWUO8ZL77Z,,com.sec.android.app.shealth,2025-11-15 18:59:59.999,1600a115-14be-4058-93da-d99759fb3397,
63060051,2025-11-15 19:00:00.000,,fa2cb05c-8aea-4956-84b3-96832976af5b.binning_data.json,63060051,2025-11-15 20:15:10.340,2025-11-15 19:14:59.212,UTC-0300,tWUO8ZL77Z,,com.sec.android.app.shealth,2025-11-15 19:59:59.999,fa2cb05c-8aea-4956-84b3-96832976af5b,
63060051,2025-11-15 20:00:00.000,,ccc457e7-fdc6-46b4-a4c0-50c8f5575dd2.binning_data.json,63060051,2025-11-15 21:15:23.314,2025-11-15 20:15:10.349,UTC-0300,tWUO8ZL77Z,,com.sec.android.app.shealth,2025-11-15 20:59:59.999,ccc457e7-fdc6-46b4-a4c0-50c8f5575dd2,
63060051,2025-11-15 21:00:00.000,,a6cd5644-d41a-4d1e-8ef0-873c66906097.binning_data.json,63060051,2025-11-15 22:15:35.754,2025-11-15 21:15:23.320,UTC-0300,tWUO8ZL77Z,,com.sec.android.app.shealth,2025-11-15 21:59:59.999,a6cd5644-d41a-4d1e-8ef0-873c66906097,
63060051,2025-11-15 22:00:00.000,,edf7a01e-9547-40cf-a585-d0a9c0e2a680.binning_data.json,63060051,2025-11-15 23:07:27.244,2025-11-15 22:15:35.844,UTC-0300,tWUO8ZL77Z,,com.sec.android.app.shealth,2025-11-15 22:59:59.999,edf7a01e-9547-40cf-a585-d0a9c0e2a680,
63060051,2025-11-15 23:00:00.000,,f6010e60-2ba3-463c-86fa-b31b3237a596.binning_data.json,63060051,2025-11-15 23:07:27.252,2025-11-15 23:07:27.252,UTC-0300,tWUO8ZL77Z,,com.sec.android.app.shealth,2025-11-15 23:15:59.999,f6010e60-2ba3-463c-86fa-b31b3237a596,
63060051,2025-11-16 02:19:00.000,,cd5751e7-97fa-4bff-a99d-43c2904bdbcf.binning_data.json,63060051,2025-11-16 03:19:44.116,2025-11-16 02:39:35.317,UTC-0300,tWUO8ZL77Z,,com.sec.android.app.shealth,2025-11-16 02:59:59.999,cd5751e7-97fa-4bff-a99d-43c2904bdbcf,
63060051,2025-11-16 03:00:00.000,,b573ac9b-db4a-4c0f-9898-42aa8b121812.binning_data.json,63060051,2025-11-16 04:19:57.045,2025-11-16 03:19:44.123,UTC-0300,tWUO8ZL77Z,,com.sec.android.app.shealth,2025-11-16 03:59:59.999,b573ac9b-db4a-4c0f-9898-42aa8b121812,
63060051,2025-11-16 04:00:00.000,,e0b38b70-9d91-470d-adcb-2fd8b44af966.binning_data.json,63060051,2025-11-16 05:00:05.739,2025-11-16 04:19:57.059,UTC-0300,tWUO8ZL77Z,,com.sec.android.app.shealth,2025-11-16 04:59:59.999,e0b38b70-9d91-470d-adcb-2fd8b44af966,
63060051,2025-11-16 05:00:00.000,,073235de-2acf-4382-a3f3-28c2b40316ea.binning_data.json,63060051,2025-11-16 06:00:18.380,2025-11-16 05:20:10.106,UTC-0300,tWUO8ZL77Z,,com.sec.android.app.shealth,2025-11-16 05:59:59.999,073235de-2acf-4382-a3f3-28c2b40316ea,
63060051,2025-11-16 06:00:00.000,,bef6a441-784b-4747-a520-45d5f76ad8f1.binning_data.json,63060051,2025-11-16 07:00:31.745,2025-11-16 06:20:22.604,UTC-0300,tWUO8ZL77Z,,com.sec.android.app.shealth,2025-11-16 06:59:59.999,bef6a441-784b-4747-a520-45d5f76ad8f1,
63060051,2025-11-16 07:00:00.000,,e49a9bf6-d619-42a0-b50d-bbae71b64408.binning_data.json,63060051,2025-11-16 08:00:40.585,2025-11-16 07:20:35.173,UTC-0300,tWUO8ZL77Z,,com.sec.android.app.shealth,2025-11-16 07:59:59.999,e49a9bf6-d619-42a0-b50d-bbae71b64408,
63060051,2025-11-16 08:00:00.000,,0b079546-44be-46ff-8276-45109fd16059.binning_data.json,63060051,2025-11-16 09:00:50.050,2025-11-16 08:20:43.660,UTC-0300,tWUO8ZL77Z,,com.sec.android.app.shealth,2025-11-16 08:59:59.999,0b079546-44be-46ff-8276-45109fd16059,
63060051,2025-11-16 09:00:00.000,,998a9081-401a-45e0-98d6-def950faf023.binning_data.json,63060051,2025-11-16 10:01:02.967,2025-11-16 09:20:54.321,UTC-0300,tWUO8ZL77Z,,com.sec.android.app.shealth,2025-11-16 09:59:59.999,998a9081-401a-45e0-98d6-def950faf023,
63060051,2025-11-16 10:00:00.000,,75812e87-531a-4f92-b0ec-3e7afe921fbd.binning_data.json,63060051,2025-11-16 11:01:14.289,2025-11-16 10:01:02.977,UTC-0300,tWUO8ZL77Z,,com.sec.android.app.shealth,2025-11-16 10:59:59.999,75812e87-531a-4f92-b0ec-3e7afe921fbd,
63060051,2025-11-16 11:00:00.000,,cee931ab-a3e8-44c2-b83b-ae872bb7e626.binning_data.json,63060051,2025-11-16 12:01:28.362,2025-11-16 11:01:14.301,UTC-0300,tWUO8ZL77Z,,com.sec.android.app.shealth,2025-11-16 11:59:59.999,cee931ab-a3e8-44c2-b83b-ae872bb7e626,
63060051,2025-11-16 12:00:00.000,,eb561166-ebb4-4c90-87ec-fdeba67f913b.binning_data.json,63060051,2025-11-16 13:01:41.109,2025-11-16 12:01:28.472,UTC-0300,tWUO8ZL77Z,,com.sec.android.app.shealth,2025-11-16 12:59:59.999,eb561166-ebb4-4c90-87ec-fdeba67f913b,
63060051,2025-11-16 13:00:00.000,,acb37414-45d7-4474-a088-62fd5afc51b8.binning_data.json,63060051,2025-11-16 14:01:54.961,2025-11-16 13:01:41.115,UTC-0300,tWUO8ZL77Z,,com.sec.android.app.shealth,2025-11-16 13:59:59.999,acb37414-45d7-4474-a088-62fd5afc51b8,
63060051,2025-11-16 14:00:00.000,,bb5d6fef-9933-496d-901c-be58e3ee81fd.binning_data.json,63060051,2025-11-16 15:02:09.470,2025-11-16 14:01:54.991,UTC-0300,tWUO8ZL77Z,,com.sec.android.app.shealth,2025-11-16 14:59:59.999,bb5d6fef-9933-496d-901c-be58e3ee81fd,
63060051,2025-11-16 15:00:00.000,,975d843e-8772-42fd-bf6e-b0659f948f1d.binning_data.json,63060051,2025-11-16 16:02:21.155,2025-11-16 15:02:09.477,UTC-0300,tWUO8ZL77Z,,com.sec.android.app.shealth,2025-11-16 15:59:59.999,975d843e-8772-42fd-bf6e-b0659f948f1d,
63060051,2025-11-16 16:00:00.000,,9fae4ce0-44b8-4323-bd5f-25a009b5f636.binning_data.json,63060051,2025-11-16 17:02:36.285,2025-11-16 16:02:21.160,UTC-0300,tWUO8ZL77Z,,com.sec.android.app.shealth,2025-11-16 16:59:59.999,9fae4ce0-44b8-4323-bd5f-25a009b5f636,
63060051,2025-11-16 17:00:00.000,,c9d68fd5-01c4-44c1-b6f3-e765d6bd20ef.binning_data.json,63060051,2025-11-16 18:02:50.290,2025-11-16 17:02:36.299,UTC-0300,tWUO8ZL77Z,,com.sec.android.app.shealth,2025-11-16 17:59:59.999,c9d68fd5-01c4-44c1-b6f3-e765d6bd20ef,
63060051,2025-11-16 18:00:00.000,,75c7b065-fa14-4d63-a28e-fd74736a8571.binning_data.json,63060051,2025-11-16 19:03:02.558,2025-11-16 18:02:50.298,UTC-0300,tWUO8ZL77Z,,com.sec.android.app.shealth,2025-11-16 18:59:59.999,75c7b065-fa14-4d63-a28e-fd74736a8571,
63060051,2025-11-16 19:00:00.000,,22c88ace-5b28-4ae3-a0dd-c89f7557a1b9.binning_data.json,63060051,2025-11-16 20:03:10.298,2025-11-16 19:03:02.565,UTC-0300,tWUO8ZL77Z,,com.sec.android.app.shealth,2025-11-16 19:59:59.999,22c88ace-5b28-4ae3-a0dd-c89f7557a1b9,
63060051,2025-11-16 20:00:00.000,,ecf2982f-8a2b-46a6-9134-1ac7e2dbc296.binning_data.json,63060051,2025-11-16 21:03:22.689,2025-11-16 20:03:10.314,UTC-0300,tWUO8ZL77Z,,com.sec.android.app.shealth,2025-11-16 20:59:59.999,ecf2982f-8a2b-46a6-9134-1ac7e2dbc296,
63060051,2025-11-16 21:00:00.000,,5590b4ad-636e-4e1f-831b-5e0d37ab0f5e.binning_data.json,63060051,2025-11-16 21:33:46.975,2025-11-16 21:03:22.778,UTC-0300,tWUO8ZL77Z,,com.sec.android.app.shealth,2025-11-16 21:42:59.999,5590b4ad-636e-4e1f-831b-5e0d37ab0f5e,
63060051,2025-11-17 01:53:00.000,,e1b3e53c-ce58-43ed-981d-5a94cbbfa0f7.binning_data.json,63060051,2025-11-17 02:13:26.130,2025-11-17 02:13:26.130,UTC-0300,tWUO8ZL77Z,,com.sec.android.app.shealth,2025-11-17 01:59:59.999,e1b3e53c-ce58-43ed-981d-5a94cbbfa0f7,
63060051,2025-11-17 02:00:00.000,,c47d3d83-c9af-4322-bef6-06668e2df620.binning_data.json,63060051,2025-11-17 03:13:40.508,2025-11-17 02:13:26.140,UTC-0300,tWUO8ZL77Z,,com.sec.android.app.shealth,2025-11-17 02:59:59.999,c47d3d83-c9af-4322-bef6-06668e2df620,
63060051,2025-11-17 03:00:00.000,,1200b39c-93e3-4219-8426-2701f5bed0b9.binning_data.json,63060051,2025-11-17 04:13:55.139,2025-11-17 03:13:40.516,UTC-0300,tWUO8ZL77Z,,com.sec.android.app.shealth,2025-11-17 03:59:59.999,1200b39c-93e3-4219-8426-2701f5bed0b9,
63060051,2025-11-17 04:00:00.000,,e3388823-a3c5-42be-ae0f-f54fc24a81ab.binning_data.json,63060051,2025-11-17 05:14:09.745,2025-11-17 04:13:55.151,UTC-0300,tWUO8ZL77Z,,com.sec.android.app.shealth,2025-11-17 04:59:59.999,e3388823-a3c5-42be-ae0f-f54fc24a81ab,
63060051,2025-11-17 05:00:00.000,,2428b77d-9694-4493-8e95-1b5d7a1bf30d.binning_data.json,63060051,2025-11-17 06:14:23.545,2025-11-17 05:14:09.763,UTC-0300,tWUO8ZL77Z,,com.sec.android.app.shealth,2025-11-17 05:59:59.999,2428b77d-9694-4493-8e95-1b5d7a1bf30d,
63060051,2025-11-17 06:00:00.000,,64e45ae4-0b71-428c-826f-fbaadbbbbaf8.binning_data.json,63060051,2025-11-17 07:14:37.152,2025-11-17 06:14:23.550,UTC-0300,tWUO8ZL77Z,,com.sec.android.app.shealth,2025-11-17 06:59:59.999,64e45ae4-0b71-428c-826f-fbaadbbbbaf8,
63060051,2025-11-17 07:00:00.000,,3e9b0251-91fe-40df-8dbf-aa5392e11c16.binning_data.json,63060051,2025-11-17 08:14:49.619,2025-11-17 07:14:37.157,UTC-0300,tWUO8ZL77Z,,com.sec.android.app.shealth,2025-11-17 07:59:59.999,3e9b0251-91fe-40df-8dbf-aa5392e11c16,
63060051,2025-11-17 08:00:00.000,,cba37802-8d32-467e-9dce-946d35feb7d7.binning_data.json,63060051,2025-11-17 09:15:03.327,2025-11-17 08:14:49.625,UTC-0300,tWUO8ZL77Z,,com.sec.android.app.shealth,2025-11-17 08:59:59.999,cba37802-8d32-467e-9dce-946d35feb7d7,
63060051,2025-11-17 09:00:00.000,,92c09509-d92c-42b4-8a30-2c2867c276ed.binning_data.json,63060051,2025-11-17 10:15:17.080,2025-11-17 09:15:03.331,UTC-0300,tWUO8ZL77Z,,com.sec.android.app.shealth,2025-11-17 09:59:59.999,92c09509-d92c-42b4-8a30-2c2867c276ed,
63060051,2025-11-17 10:00:00.000,,b7e92abf-5773-413b-a866-7bf461fafd49.binning_data.json,63060051,2025-11-17 11:15:30.350,2025-11-17 10:15:17.086,UTC-0300,tWUO8ZL77Z,,com.sec.android.app.shealth,2025-11-17 10:59:59.999,b7e92abf-5773-413b-a866-7bf461fafd49,
63060051,2025-11-17 11:00:00.000,,83471cef-e73e-4416-b49f-372b0d8f7025.binning_data.json,63060051,2025-11-17 12:15:42.148,2025-11-17 11:15:30.358,UTC-0300,tWUO8ZL77Z,,com.sec.android.app.shealth,2025-11-17 11:59:59.999,83471cef-e73e-4416-b49f-372b0d8f7025,
63060051,2025-11-17 12:00:00.000,,dc01a8e9-daf2-486e-9918-0c0e2459632b.binning_data.json,63060051,2025-11-17 13:15:53.905,2025-11-17 12:15:42.155,UTC-0300,tWUO8ZL77Z,,com.sec.android.app.shealth,2025-11-17 12:59:59.999,dc01a8e9-daf2-486e-9918-0c0e2459632b,
63060051,2025-11-17 13:00:00.000,,e2545409-1c39-44b4-b86c-58d3af164b21.binning_data.json,63060051,2025-11-17 14:16:06.721,2025-11-17 13:15:53.996,UTC-0300,tWUO8ZL77Z,,com.sec.android.app.shealth,2025-11-17 13:59:59.999,e2545409-1c39-44b4-b86c-58d3af164b21,
63060051,2025-11-17 14:00:00.000,,3b8d6e9d-48c9-447e-a467-6b7ad7f6e0b3.binning_data.json,63060051,2025-11-17 15:16:19.262,2025-11-17 14:16:06.728,UTC-0300,tWUO8ZL77Z,,com.sec.android.app.shealth,2025-11-17 14:59:59.999,3b8d6e9d-48c9-447e-a467-6b7ad7f6e0b3,
63060051,2025-11-17 15:00:00.000,,dd371377-40de-4845-a37f-59f562420cdb.binning_data.json,63060051,2025-11-17 16:16:32.137,2025-11-17 15:16:19.286,UTC-0300,tWUO8ZL77Z,,com.sec.android.app.shealth,2025-11-17 15:59:59.999,dd371377-40de-4845-a37f-59f562420cdb,
63060051,2025-11-17 16:00:00.000,,bfbc60b9-0e35-47c4-af37-e536fadf6237.binning_data.json,63060051,2025-11-17 17:16:46.751,2025-11-17 16:16:32.145,UTC-0300,tWUO8ZL77Z,,com.sec.android.app.shealth,2025-11-17 16:59:59.999,bfbc60b9-0e35-47c4-af37-e536fadf6237,
63060051,2025-11-17 17:00:00.000,,b829dee9-0e76-451a-a821-5a65d2c34c4d.binning_data.json,63060051,2025-11-17 18:08:51.865,2025-11-17 17:16:46.756,UTC-0300,tWUO8ZL77Z,,com.sec.android.app.shealth,2025-11-17 17:59:59.999,b829dee9-0e76-451a-a821-5a65d2c34c4d,
63060051,2025-11-17 18:00:00.000,,886bb27c-649f-47e7-a804-e0df997ad066.binning_data.json,63060051,2025-11-17 18:08:51.896,2025-11-17 18:08:51.896,UTC-0300,tWUO8ZL77Z,,com.sec.android.app.shealth,2025-11-17 18:16:59.999,886bb27c-649f-47e7-a804-e0df997ad066,
63060051,2025-11-17 22:50:00.000,,ccfd3e8b-07aa-4718-9fa4-e123e624fec2.binning_data.json,63060051,2025-11-17 23:10:58.548,2025-11-17 23:10:58.548,UTC-0300,tWUO8ZL77Z,,com.sec.android.app.shealth,2025-11-17 22:59:59.999,ccfd3e8b-07aa-4718-9fa4-e123e624fec2,
63060051,2025-11-17 23:00:00.000,,1bca40b0-4534-4d8f-83d3-79467fbf0d61.binning_data.json,63060051,2025-11-18 00:11:13.184,2025-11-17 23:10:58.556,UTC-0300,tWUO8ZL77Z,,com.sec.android.app.shealth,2025-11-17 23:59:59.999,1bca40b0-4534-4d8f-83d3-79467fbf0d61,
63060051,2025-11-18 00:00:00.000,,07a19c58-9927-40a4-8e8a-2cf0ff32d8a2.binning_data.json,63060051,2025-11-18 01:11:27.609,2025-11-18 00:11:13.190,UTC-0300,tWUO8ZL77Z,,com.sec.android.app.shealth,2025-11-18 00:59:59.999,07a19c58-9927-40a4-8e8a-2cf0ff32d8a2,
63060051,2025-11-18 01:00:00.000,,2d33ca7c-f509-4ed2-a185-fa8a81216719.binning_data.json,63060051,2025-11-18 02:11:43.477,2025-11-18 01:11:27.713,UTC-0300,tWUO8ZL77Z,,com.sec.android.app.shealth,2025-11-18 01:59:59.999,2d33ca7c-f509-4ed2-a185-fa8a81216719,
63060051,2025-11-18 02:00:00.000,,5d9519d3-5d0d-4530-b485-134fa2f84782.binning_data.json,63060051,2025-11-18 03:11:58.004,2025-11-18 02:11:43.481,UTC-0300,tWUO8ZL77Z,,com.sec.android.app.shealth,2025-11-18 02:59:59.999,5d9519d3-5d0d-4530-b485-134fa2f84782,
63060051,2025-11-18 03:00:00.000,,30d09b5b-6926-4ae5-b6c1-46c44f461a11.binning_data.json,63060051,2025-11-18 04:12:12.427,2025-11-18 03:11:58.010,UTC-0300,tWUO8ZL77Z,,com.sec.android.app.shealth,2025-11-18 03:59:59.999,30d09b5b-6926-4ae5-b6c1-46c44f461a11,
63060051,2025-11-18 04:00:00.000,,7a5860a0-af0c-4d6d-b053-d610fd9c1dc3.binning_data.json,63060051,2025-11-18 05:12:26.425,2025-11-18 04:12:12.431,UTC-0300,tWUO8ZL77Z,,com.sec.android.app.shealth,2025-11-18 04:59:59.999,7a5860a0-af0c-4d6d-b053-d610fd9c1dc3,
63060051,2025-11-18 05:00:00.000,,47ae3048-1bad-414d-9c78-9df312a7c881.binning_data.json,63060051,2025-11-18 06:12:39.965,2025-11-18 05:12:26.430,UTC-0300,tWUO8ZL77Z,,com.sec.android.app.shealth,2025-11-18 05:59:59.999,47ae3048-1bad-414d-9c78-9df312a7c881,
63060051,2025-11-18 06:00:00.000,,d0adaa89-af41-4131-8d91-b402cea21554.binning_data.json,63060051,2025-11-18 07:12:53.136,2025-11-18 06:12:39.970,UTC-0300,tWUO8ZL77Z,,com.sec.android.app.shealth,2025-11-18 06:59:59.999,d0adaa89-af41-4131-8d91-b402cea21554,
63060051,2025-11-18 07:00:00.000,,2a5f5730-221f-488a-8e5d-9db45dfb617d.binning_data.json,63060051,2025-11-18 08:13:08.134,2025-11-18 07:12:53.155,UTC-0300,tWUO8ZL77Z,,com.sec.android.app.shealth,2025-11-18 07:59:59.999,2a5f5730-221f-488a-8e5d-9db45dfb617d,
63060051,2025-11-18 08:00:00.000,,d83e0912-b278-438b-9578-25b479ac3eb9.binning_data.json,63060051,2025-11-18 09:13:22.331,2025-11-18 08:13:08.141,UTC-0300,tWUO8ZL77Z,,com.sec.android.app.shealth,2025-11-18 08:59:59.999,d83e0912-b278-438b-9578-25b479ac3eb9,
63060051,2025-11-18 09:00:00.000,,60299f04-6298-4020-bd33-b63a6465b370.binning_data.json,63060051,2025-11-18 10:13:23.805,2025-11-18 09:13:22.338,UTC-0300,tWUO8ZL77Z,,com.sec.android.app.shealth,2025-11-18 09:59:59.999,60299f04-6298-4020-bd33-b63a6465b370,
63060051,2025-11-18 10:00:00.000,,caf03350-ffaa-45f9-a319-4fd3d5a0fc29.binning_data.json,63060051,2025-11-18 11:13:38.388,2025-11-18 10:13:23.813,UTC-0300,tWUO8ZL77Z,,com.sec.android.app.shealth,2025-11-18 10:59:59.999,caf03350-ffaa-45f9-a319-4fd3d5a0fc29,
63060051,2025-11-18 11:00:00.000,,8945de6b-baad-43fc-8590-af13be609997.binning_data.json,63060051,2025-11-18 12:13:49.801,2025-11-18 11:13:38.393,UTC-0300,tWUO8ZL77Z,,com.sec.android.app.shealth,2025-11-18 11:59:59.999,8945de6b-baad-43fc-8590-af13be609997,
63060051,2025-11-18 12:00:00.000,,bde6f1fc-f394-45f6-a2ba-0fac18d02517.binning_data.json,63060051,2025-11-18 13:00:19.749,2025-11-18 12:13:49.902,UTC-0300,tWUO8ZL77Z,,com.sec.android.app.shealth,2025-11-18 12:59:59.999,bde6f1fc-f394-45f6-a2ba-0fac18d02517,
63060051,2025-11-18 13:00:00.000,,ce4442de-1227-46e8-b92f-874e5b59fe7f.binning_data.json,63060051,2025-11-18 13:00:19.762,2025-11-18 13:00:19.762,UTC-0300,tWUO8ZL77Z,,com.sec.android.app.shealth,2025-11-18 13:13:59.999,ce4442de-1227-46e8-b92f-874e5b59fe7f,
63060051,2025-11-18 14:37:00.000,,2ecff799-d648-4e63-9ab1-14640700239c.binning_data.json,63060051,2025-11-18 15:17:49.628,2025-11-18 14:57:45.052,UTC-0300,tWUO8ZL77Z,,com.sec.android.app.shealth,2025-11-18 14:59:59.999,2ecff799-d648-4e63-9ab1-14640700239c,
63060051,2025-11-18 15:00:00.000,,2cb537b2-2f59-466a-87a2-e21a16441c28.binning_data.json,63060051,2025-11-18 16:18:01.528,2025-11-18 15:17:49.644,UTC-0300,tWUO8ZL77Z,,com.sec.android.app.shealth,2025-11-18 15:59:59.999,2cb537b2-2f59-466a-87a2-e21a16441c28,
63060051,2025-11-18 16:00:00.000,,e855f1dd-cadf-42e3-b488-511acd3e778d.binning_data.json,63060051,2025-11-18 17:18:12.605,2025-11-18 16:18:01.536,UTC-0300,tWUO8ZL77Z,,com.sec.android.app.shealth,2025-11-18 16:59:59.999,e855f1dd-cadf-42e3-b488-511acd3e778d,
63060051,2025-11-18 17:00:00.000,,afbb2adf-5d9b-47dd-8dd5-2ff20c0912c4.binning_data.json,63060051,2025-11-18 18:18:26.844,2025-11-18 17:18:12.714,UTC-0300,tWUO8ZL77Z,,com.sec.android.app.shealth,2025-11-18 17:59:59.999,afbb2adf-5d9b-47dd-8dd5-2ff20c0912c4,
63060051,2025-11-18 18:00:00.000,,5689ca9d-4589-40ce-84f4-c55cab8ac141.binning_data.json,63060051,2025-11-18 19:18:41.001,2025-11-18 18:18:26.854,UTC-0300,tWUO8ZL77Z,,com.sec.android.app.shealth,2025-11-18 18:59:59.999,5689ca9d-4589-40ce-84f4-c55cab8ac141,
63060051,2025-11-18 19:00:00.000,,758b0df8-e80d-487c-98ac-29f200cfd23e.binning_data.json,63060051,2025-11-18 20:18:51.829,2025-11-18 19:18:41.011,UTC-0300,tWUO8ZL77Z,,com.sec.android.app.shealth,2025-11-18 19:59:59.999,758b0df8-e80d-487c-98ac-29f200cfd23e,
63060051,2025-11-18 20:00:00.000,,5a9de7c5-10ae-44bf-90ef-0cde2400277a.binning_data.json,63060051,2025-11-18 21:19:05.424,2025-11-18 20:18:51.836,UTC-0300,tWUO8ZL77Z,,com.sec.android.app.shealth,2025-11-18 20:59:59.999,5a9de7c5-10ae-44bf-90ef-0cde2400277a,
63060051,2025-11-18 21:00:00.000,,fca4aa85-26d5-42f4-8634-d2cdd68dc5c0.binning_data.json,63060051,2025-11-18 22:19:19.534,2025-11-18 21:19:05.432,UTC-0300,tWUO8ZL77Z,,com.sec.android.app.shealth,2025-11-18 21:59:59.999,fca4aa85-26d5-42f4-8634-d2cdd68dc5c0,
63060051,2025-11-18 22:00:00.000,,14321bf4-189c-46e2-9701-f0edf978d364.binning_data.json,63060051,2025-11-18 23:19:30.706,2025-11-18 22:19:19.543,UTC-0300,tWUO8ZL77Z,,com.sec.android.app.shealth,2025-11-18 22:59:59.999,14321bf4-189c-46e2-9701-f0edf978d364,
63060051,2025-11-18 23:00:00.000,,e8c4f02e-1d29-4ffd-ad1b-668ccd82281c.binning_data.json,63060051,2025-11-18 23:28:17.383,2025-11-18 23:19:30.796,UTC-0300,tWUO8ZL77Z,,com.sec.android.app.shealth,2025-11-18 23:39:59.999,e8c4f02e-1d29-4ffd-ad1b-668ccd82281c,
63060051,2025-11-19 04:43:00.000,,99945e79-d0fe-4384-9f8f-166ef9acac62.binning_data.json,63060051,2025-11-19 05:03:55.620,2025-11-19 05:03:55.620,UTC-0300,tWUO8ZL77Z,,com.sec.android.app.shealth,2025-11-19 04:59:59.999,99945e79-d0fe-4384-9f8f-166ef9acac62,
63060051,2025-11-19 05:00:00.000,,8d032e2a-431e-4e9e-b94e-a0d83912fbb9.binning_data.json,63060051,2025-11-19 06:04:10.133,2025-11-19 05:03:55.616,UTC-0300,tWUO8ZL77Z,,com.sec.android.app.shealth,2025-11-19 05:59:59.999,8d032e2a-431e-4e9e-b94e-a0d83912fbb9,
63060051,2025-11-19 06:00:00.000,,763f2291-476c-47c8-8a24-eb3903d9e761.binning_data.json,63060051,2025-11-19 07:04:24.338,2025-11-19 06:04:10.144,UTC-0300,tWUO8ZL77Z,,com.sec.android.app.shealth,2025-11-19 06:59:59.999,763f2291-476c-47c8-8a24-eb3903d9e761,
63060051,2025-11-19 07:00:00.000,,ed5b9b8a-c8dd-4229-a2f3-d5f93a8f908e.binning_data.json,63060051,2025-11-19 08:04:38.648,2025-11-19 07:04:24.411,UTC-0300,tWUO8ZL77Z,,com.sec.android.app.shealth,2025-11-19 07:59:59.999,ed5b9b8a-c8dd-4229-a2f3-d5f93a8f908e,
63060051,2025-11-19 08:00:00.000,,de966c78-3f6b-4a74-b5d8-e70792968934.binning_data.json,63060051,2025-11-19 09:04:52.974,2025-11-19 08:04:38.660,UTC-0300,tWUO8ZL77Z,,com.sec.android.app.shealth,2025-11-19 08:59:59.999,de966c78-3f6b-4a74-b5d8-e70792968934,
63060051,2025-11-19 09:00:00.000,,e56badcb-6202-41ee-afa9-7a3fbb6f9a4f.binning_data.json,63060051,2025-11-19 10:05:07.604,2025-11-19 09:04:52.978,UTC-0300,tWUO8ZL77Z,,com.sec.android.app.shealth,2025-11-19 09:59:59.999,e56badcb-6202-41ee-afa9-7a3fbb6f9a4f,
63060051,2025-11-19 10:00:00.000,,3d1f0d78-f987-40fc-a7cf-e373a3af9245.binning_data.json,63060051,2025-11-19 11:05:20.835,2025-11-19 10:05:07.619,UTC-0300,tWUO8ZL77Z,,com.sec.android.app.shealth,2025-11-19 10:59:59.999,3d1f0d78-f987-40fc-a7cf-e373a3af9245,
63060051,2025-11-19 11:00:00.000,,56c07c0b-c339-477d-b222-bc241a5b9722.binning_data.json,63060051,2025-11-19 12:05:24.595,2025-11-19 11:05:20.845,UTC-0300,tWUO8ZL77Z,,com.sec.android.app.shealth,2025-11-19 11:59:59.999,56c07c0b-c339-477d-b222-bc241a5b9722,
63060051,2025-11-19 12:00:00.000,,5d2871a3-a4aa-4113-8d95-ec70055dc721.binning_data.json,63060051,2025-11-19 13:05:38.177,2025-11-19 12:05:24.603,UTC-0300,tWUO8ZL77Z,,com.sec.android.app.shealth,2025-11-19 12:59:59.999,5d2871a3-a4aa-4113-8d95-ec70055dc721,
63060051,2025-11-19 13:00:00.000,,fa924150-c7cc-4b56-968c-4e2553cf89db.binning_data.json,63060051,2025-11-19 14:05:52.090,2025-11-19 13:05:38.183,UTC-0300,tWUO8ZL77Z,,com.sec.android.app.shealth,2025-11-19 13:59:59.999,fa924150-c7cc-4b56-968c-4e2553cf89db,
63060051,2025-11-19 14:00:00.000,,7b9ce793-4478-4d85-8500-8eb9682d1bdb.binning_data.json,63060051,2025-11-19 15:06:06.420,2025-11-19 14:05:52.198,UTC-0300,tWUO8ZL77Z,,com.sec.android.app.shealth,2025-11-19 14:59:59.999,7b9ce793-4478-4d85-8500-8eb9682d1bdb,
63060051,2025-11-19 15:00:00.000,,c1a76fef-5d66-4be0-b0fd-d3e751074bc1.binning_data.json,63060051,2025-11-19 16:06:17.930,2025-11-19 15:06:06.437,UTC-0300,tWUO8ZL77Z,,com.sec.android.app.shealth,2025-11-19 15:59:59.999,c1a76fef-5d66-4be0-b0fd-d3e751074bc1,
63060051,2025-11-19 16:00:00.000,,a7c72b08-d8cd-40a3-9213-bf3362c56aa4.binning_data.json,63060051,2025-11-19 17:06:27.345,2025-11-19 16:06:17.937,UTC-0300,tWUO8ZL77Z,,com.sec.android.app.shealth,2025-11-19 16:59:59.999,a7c72b08-d8cd-40a3-9213-bf3362c56aa4,
63060051,2025-11-19 17:00:00.000,,2e793b4c-38b5-4729-8e0f-92e0362eb659.binning_data.json,63060051,2025-11-19 18:06:40.763,2025-11-19 17:06:27.448,UTC-0300,tWUO8ZL77Z,,com.sec.android.app.shealth,2025-11-19 17:59:59.999,2e793b4c-38b5-4729-8e0f-92e0362eb659,
63060051,2025-11-19 18:00:00.000,,0f23e784-50d3-46e4-a646-1c823391ff1e.binning_data.json,63060051,2025-11-19 19:06:54.915,2025-11-19 18:06:40.778,UTC-0300,tWUO8ZL77Z,,com.sec.android.app.shealth,2025-11-19 18:59:59.999,0f23e784-50d3-46e4-a646-1c823391ff1e,
63060051,2025-11-19 19:00:00.000,,caafed23-5fa1-482e-bd68-f590914a9afb.binning_data.json,63060051,2025-11-19 20:07:06.202,2025-11-19 19:06:54.921,UTC-0300,tWUO8ZL77Z,,com.sec.android.app.shealth,2025-11-19 19:59:59.999,caafed23-5fa1-482e-bd68-f590914a9afb,
63060051,2025-11-19 20:00:00.000,,6d08b3fe-5465-404f-82c7-e6d57c9561eb.binning_data.json,63060051,2025-11-19 21:07:17.547,2025-11-19 20:07:06.211,UTC-0300,tWUO8ZL77Z,,com.sec.android.app.shealth,2025-11-19 20:59:59.999,6d08b3fe-5465-404f-82c7-e6d57c9561eb,
63060051,2025-11-19 21:00:00.000,,afde4b8a-05b8-4965-bb73-353c1dbf4383.binning_data.json,63060051,2025-11-19 22:07:29.275,2025-11-19 21:07:17.559,UTC-0300,tWUO8ZL77Z,,com.sec.android.app.shealth,2025-11-19 21:59:59.999,afde4b8a-05b8-4965-bb73-353c1dbf4383,
63060051,2025-11-19 22:00:00.000,,0a74168f-7f16-42eb-ac00-092ecc48b079.binning_data.json,63060051,2025-11-19 23:07:42.623,2025-11-19 22:07:29.303,UTC-0300,tWUO8ZL77Z,,com.sec.android.app.shealth,2025-11-19 22:59:59.999,0a74168f-7f16-42eb-ac00-092ecc48b079,
63060051,2025-11-19 23:00:00.000,,5bd711c8-9dd2-4561-b7f4-d30d717b0c23.binning_data.json,63060051,2025-11-20 00:07:57.118,2025-11-19 23:07:42.631,UTC-0300,tWUO8ZL77Z,,com.sec.android.app.shealth,2025-11-19 23:59:59.999,5bd711c8-9dd2-4561-b7f4-d30d717b0c23,
63060051,2025-11-20 00:00:00.000,,63b79573-4955-484a-914a-162920a63a30.binning_data.json,63060051,2025-11-20 00:21:02.003,2025-11-20 00:07:57.127,UTC-0300,tWUO8ZL77Z,,com.sec.android.app.shealth,2025-11-20 00:27:59.999,63b79573-4955-484a-914a-162920a63a30,
63060051,2025-11-20 01:28:00.000,,37fa6014-0c3a-46f7-856c-72288aefc568.binning_data.json,63060051,2025-11-20 02:08:07.143,2025-11-20 01:48:02.061,UTC-0300,tWUO8ZL77Z,,com.sec.android.app.shealth,2025-11-20 01:59:59.999,37fa6014-0c3a-46f7-856c-72288aefc568,
63060051,2025-11-20 02:00:00.000,,efd12a29-8241-4268-815c-d23798d7bcae.binning_data.json,63060051,2025-11-20 03:08:23.001,2025-11-20 02:08:07.147,UTC-0300,tWUO8ZL77Z,,com.sec.android.app.shealth,2025-11-20 02:59:59.999,efd12a29-8241-4268-815c-d23798d7bcae,
63060051,2025-11-20 03:00:00.000,,2d5edc3b-ee65-42ee-bd0c-fb26f19f6a2c.binning_data.json,63060051,2025-11-20 04:08:38.769,2025-11-20 03:08:23.006,UTC-0300,tWUO8ZL77Z,,com.sec.android.app.shealth,2025-11-20 03:59:59.999,2d5edc3b-ee65-42ee-bd0c-fb26f19f6a2c,
63060051,2025-11-20 04:00:00.000,,d9d54e06-45f6-4825-b8ba-717b744c63e8.binning_data.json,63060051,2025-11-20 05:08:54.626,2025-11-20 04:08:38.777,UTC-0300,tWUO8ZL77Z,,com.sec.android.app.shealth,2025-11-20 04:59:59.999,d9d54e06-45f6-4825-b8ba-717b744c63e8,
63060051,2025-11-20 05:00:00.000,,d88f45be-0d5f-48a1-accf-08cf35ba7c0b.binning_data.json,63060051,2025-11-20 06:09:10.329,2025-11-20 05:08:54.634,UTC-0300,tWUO8ZL77Z,,com.sec.android.app.shealth,2025-11-20 05:59:59.999,d88f45be-0d5f-48a1-accf-08cf35ba7c0b,
63060051,2025-11-20 06:00:00.000,,fcf7c462-fdf7-471b-89a4-db1d3aa27670.binning_data.json,63060051,2025-11-20 07:09:26.167,2025-11-20 06:09:10.336,UTC-0300,tWUO8ZL77Z,,com.sec.android.app.shealth,2025-11-20 06:59:59.999,fcf7c462-fdf7-471b-89a4-db1d3aa27670,
63060051,2025-11-20 07:00:00.000,,e5dc07b1-a6e1-4e30-9e4c-838a0be2bb65.binning_data.json,63060051,2025-11-20 08:09:42.061,2025-11-20 07:09:26.227,UTC-0300,tWUO8ZL77Z,,com.sec.android.app.shealth,2025-11-20 07:59:59.999,e5dc07b1-a6e1-4e30-9e4c-838a0be2bb65,
63060051,2025-11-20 08:00:00.000,,bd6f26db-d486-4ae4-b046-c37669280eca.binning_data.json,63060051,2025-11-20 09:09:57.116,2025-11-20 08:09:42.085,UTC-0300,tWUO8ZL77Z,,com.sec.android.app.shealth,2025-11-20 08:59:59.999,bd6f26db-d486-4ae4-b046-c37669280eca,
63060051,2025-11-20 09:00:00.000,,8d4e614f-9974-4cc7-9644-6404f0fe2d59.binning_data.json,63060051,2025-11-20 10:10:09.405,2025-11-20 09:09:57.134,UTC-0300,tWUO8ZL77Z,,com.sec.android.app.shealth,2025-11-20 09:59:59.999,8d4e614f-9974-4cc7-9644-6404f0fe2d59,
63060051,2025-11-20 10:00:00.000,,ec3e5e18-2597-4864-9b98-9b6b445641af.binning_data.json,63060051,2025-11-20 11:10:22.554,2025-11-20 10:10:09.446,UTC-0300,tWUO8ZL77Z,,com.sec.android.app.shealth,2025-11-20 10:59:59.999,ec3e5e18-2597-4864-9b98-9b6b445641af,
63060051,2025-11-20 11:00:00.000,,61277a58-bddb-4d6c-ac80-b833e00d3d9f.binning_data.json,63060051,2025-11-20 12:10:35.410,2025-11-20 11:10:22.568,UTC-0300,tWUO8ZL77Z,,com.sec.android.app.shealth,2025-11-20 11:59:59.999,61277a58-bddb-4d6c-ac80-b833e00d3d9f,
63060051,2025-11-20 12:00:00.000,,56f82405-0c26-4bfe-a696-0a3445da6361.binning_data.json,63060051,2025-11-20 13:10:38.284,2025-11-20 12:10:35.512,UTC-0300,tWUO8ZL77Z,,com.sec.android.app.shealth,2025-11-20 12:59:59.999,56f82405-0c26-4bfe-a696-0a3445da6361,
63060051,2025-11-20 13:00:00.000,,21b66d3d-ff02-443a-b0b4-995998f08127.binning_data.json,63060051,2025-11-20 14:10:51.010,2025-11-20 13:10:38.327,UTC-0300,tWUO8ZL77Z,,com.sec.android.app.shealth,2025-11-20 13:59:59.999,21b66d3d-ff02-443a-b0b4-995998f08127,
63060051,2025-11-20 14:00:00.000,,4fcb80e5-45db-4993-9f97-4acd937a93d2.binning_data.json,63060051,2025-11-20 15:11:04.797,2025-11-20 14:10:51.021,UTC-0300,tWUO8ZL77Z,,com.sec.android.app.shealth,2025-11-20 14:59:59.999,4fcb80e5-45db-4993-9f97-4acd937a93d2,
63060051,2025-11-20 15:00:00.000,,9fe08b38-6b6a-446d-8652-fa2f0a9989d0.binning_data.json,63060051,2025-11-20 16:11:12.591,2025-11-20 15:11:04.805,UTC-0300,tWUO8ZL77Z,,com.sec.android.app.shealth,2025-11-20 15:59:59.999,9fe08b38-6b6a-446d-8652-fa2f0a9989d0,
63060051,2025-11-20 16:00:00.000,,79ce9d4a-22b4-4042-b195-8c2bf8541c33.binning_data.json,63060051,2025-11-20 17:11:24.698,2025-11-20 16:11:12.602,UTC-0300,tWUO8ZL77Z,,com.sec.android.app.shealth,2025-11-20 16:59:59.999,79ce9d4a-22b4-4042-b195-8c2bf8541c33,
63060051,2025-11-20 17:00:00.000,,7f1ca35b-ea77-4546-be48-8fab095a9da3.binning_data.json,63060051,2025-11-20 18:11:38.172,2025-11-20 17:11:24.705,UTC-0300,tWUO8ZL77Z,,com.sec.android.app.shealth,2025-11-20 17:59:59.999,7f1ca35b-ea77-4546-be48-8fab095a9da3,
63060051,2025-11-20 18:00:00.000,,fb94a14f-3828-46c5-9b94-1b5bc172f392.binning_data.json,63060051,2025-11-20 19:11:53.373,2025-11-20 18:11:38.181,UTC-0300,tWUO8ZL77Z,,com.sec.android.app.shealth,2025-11-20 18:59:59.999,fb94a14f-3828-46c5-9b94-1b5bc172f392,
63060051,2025-11-20 19:00:00.000,,d8a284fc-d108-4dc3-9081-eea6e83d2503.binning_data.json,63060051,2025-11-20 20:12:03.927,2025-11-20 19:11:53.385,UTC-0300,tWUO8ZL77Z,,com.sec.android.app.shealth,2025-11-20 19:59:59.999,d8a284fc-d108-4dc3-9081-eea6e83d2503,
63060051,2025-11-20 20:00:00.000,,c76a7892-0791-4326-9a6d-619bd104745b.binning_data.json,63060051,2025-11-20 21:12:15.566,2025-11-20 20:12:03.943,UTC-0300,tWUO8ZL77Z,,com.sec.android.app.shealth,2025-11-20 20:59:59.999,c76a7892-0791-4326-9a6d-619bd104745b,
63060051,2025-11-20 21:00:00.000,,8b60625a-ce29-4738-914b-2bc29c5cba01.binning_data.json,63060051,2025-11-20 22:12:26.454,2025-11-20 21:12:15.665,UTC-0300,tWUO8ZL77Z,,com.sec.android.app.shealth,2025-11-20 21:59:59.999,8b60625a-ce29-4738-914b-2bc29c5cba01,
63060051,2025-11-20 22:00:00.000,,08baaa2b-0f96-451a-a302-90058dc1af77.binning_data.json,63060051,2025-11-20 22:32:28.761,2025-11-20 22:12:26.472,UTC-0300,tWUO8ZL77Z,,com.sec.android.app.shealth,2025-11-20 22:31:59.999,08baaa2b-0f96-451a-a302-90058dc1af77,
63060051,2025-11-21 00:57:00.000,,34380153-e9c8-4714-9530-67fdcd18fcf6.binning_data.json,63060051,2025-11-21 00:58:09.764,2025-11-21 00:58:09.764,UTC-0300,tWUO8ZL77Z,,com.sec.android.app.shealth,2025-11-21 00:59:59.999,34380153-e9c8-4714-9530-67fdcd18fcf6,
63060051,2025-11-21 01:00:00.000,,54f395e0-0fe5-42f8-aa29-db925623f2b8.binning_data.json,63060051,2025-11-21 02:11:08.244,2025-11-21 00:58:09.774,UTC-0300,tWUO8ZL77Z,,com.sec.android.app.shealth,2025-11-21 01:59:59.999,54f395e0-0fe5-42f8-aa29-db925623f2b8,
63060051,2025-11-21 02:00:00.000,,5d4daa7e-386f-44f3-ba1a-a6f429de4948.binning_data.json,63060051,2025-11-21 03:11:20.574,2025-11-21 02:11:08.252,UTC-0300,tWUO8ZL77Z,,com.sec.android.app.shealth,2025-11-21 02:59:59.999,5d4daa7e-386f-44f3-ba1a-a6f429de4948,
63060051,2025-11-21 03:00:00.000,,e36ec0e1-8c26-4e8a-93e6-d1600d10d130.binning_data.json,63060051,2025-11-21 04:11:34.182,2025-11-21 03:11:20.677,UTC-0300,tWUO8ZL77Z,,com.sec.android.app.shealth,2025-11-21 03:59:59.999,e36ec0e1-8c26-4e8a-93e6-d1600d10d130,
63060051,2025-11-21 04:00:00.000,,79ae0878-8cec-4dfb-8e9e-a7dbbe5843e6.binning_data.json,63060051,2025-11-21 05:11:49.535,2025-11-21 04:11:34.190,UTC-0300,tWUO8ZL77Z,,com.sec.android.app.shealth,2025-11-21 04:59:59.999,79ae0878-8cec-4dfb-8e9e-a7dbbe5843e6,
63060051,2025-11-21 05:00:00.000,,3f6f2e9e-5344-43ef-91d1-999313be8dfc.binning_data.json,63060051,2025-11-21 06:12:04.715,2025-11-21 05:11:49.542,UTC-0300,tWUO8ZL77Z,,com.sec.android.app.shealth,2025-11-21 05:59:59.999,3f6f2e9e-5344-43ef-91d1-999313be8dfc,
63060051,2025-11-21 06:00:00.000,,38bee0ab-b20f-45e6-9880-bfb12b6fdf54.binning_data.json,63060051,2025-11-21 07:12:18.827,2025-11-21 06:12:04.725,UTC-0300,tWUO8ZL77Z,,com.sec.android.app.shealth,2025-11-21 06:59:59.999,38bee0ab-b20f-45e6-9880-bfb12b6fdf54,
63060051,2025-11-21 07:00:00.000,,ec1bc0b9-bee8-468a-a8ae-7755f2f9228b.binning_data.json,63060051,2025-11-21 08:12:33.572,2025-11-21 07:12:18.834,UTC-0300,tWUO8ZL77Z,,com.sec.android.app.shealth,2025-11-21 07:59:59.999,ec1bc0b9-bee8-468a-a8ae-7755f2f9228b,
63060051,2025-11-21 08:00:00.000,,d55be789-6c51-4610-9d15-6116d0b9f24d.binning_data.json,63060051,2025-11-21 09:12:48.871,2025-11-21 08:12:33.583,UTC-0300,tWUO8ZL77Z,,com.sec.android.app.shealth,2025-11-21 08:59:59.999,d55be789-6c51-4610-9d15-6116d0b9f24d,
63060051,2025-11-21 09:00:00.000,,57e310ac-aa2b-4653-9cfc-152b402a758f.binning_data.json,63060051,2025-11-21 10:13:03.942,2025-11-21 09:12:48.968,UTC-0300,tWUO8ZL77Z,,com.sec.android.app.shealth,2025-11-21 09:59:59.999,57e310ac-aa2b-4653-9cfc-152b402a758f,
63060051,2025-11-21 10:00:00.000,,08d7e933-583a-4227-8105-6084c5fab2b5.binning_data.json,63060051,2025-11-21 11:13:06.142,2025-11-21 10:13:03.947,UTC-0300,tWUO8ZL77Z,,com.sec.android.app.shealth,2025-11-21 10:59:59.999,08d7e933-583a-4227-8105-6084c5fab2b5,
63060051,2025-11-21 11:00:00.000,,12829c6d-4e5e-4759-8d15-01b090142698.binning_data.json,63060051,2025-11-21 12:13:18.127,2025-11-21 11:13:06.152,UTC-0300,tWUO8ZL77Z,,com.sec.android.app.shealth,2025-11-21 11:59:59.999,12829c6d-4e5e-4759-8d15-01b090142698,
63060051,2025-11-21 12:00:00.000,,2550438c-f2c4-4700-b3d3-de67517ce08c.binning_data.json,63060051,2025-11-21 13:13:32.121,2025-11-21 12:13:18.134,UTC-0300,tWUO8ZL77Z,,com.sec.android.app.shealth,2025-11-21 12:59:59.999,2550438c-f2c4-4700-b3d3-de67517ce08c,
63060051,2025-11-21 13:00:00.000,,e4ec4af3-66b1-49fb-9efe-9ef1299a60c3.binning_data.json,63060051,2025-11-21 14:13:46.021,2025-11-21 13:13:32.217,UTC-0300,tWUO8ZL77Z,,com.sec.android.app.shealth,2025-11-21 13:59:59.999,e4ec4af3-66b1-49fb-9efe-9ef1299a60c3,
63060051,2025-11-21 14:00:00.000,,82e1bd5e-3730-4b25-92f4-790f28855b39.binning_data.json,63060051,2025-11-21 15:13:57.421,2025-11-21 14:13:46.028,UTC-0300,tWUO8ZL77Z,,com.sec.android.app.shealth,2025-11-21 14:59:59.999,82e1bd5e-3730-4b25-92f4-790f28855b39,
63060051,2025-11-21 15:00:00.000,,0a5688ec-3961-4076-a98b-dfc261221321.binning_data.json,63060051,2025-11-21 16:14:09.218,2025-11-21 15:13:57.523,UTC-0300,tWUO8ZL77Z,,com.sec.android.app.shealth,2025-11-21 15:59:59.999,0a5688ec-3961-4076-a98b-dfc261221321,
63060051,2025-11-21 16:00:00.000,,73808df3-6723-4ed6-9e5d-cc72a28d7d44.binning_data.json,63060051,2025-11-21 17:14:18.111,2025-11-21 16:14:09.234,UTC-0300,tWUO8ZL77Z,,com.sec.android.app.shealth,2025-11-21 16:59:59.999,73808df3-6723-4ed6-9e5d-cc72a28d7d44,
63060051,2025-11-21 17:00:00.000,,ff52c04e-d817-412e-ad7a-8c6d49f0ee32.binning_data.json,63060051,2025-11-21 18:14:31.324,2025-11-21 17:14:18.125,UTC-0300,tWUO8ZL77Z,,com.sec.android.app.shealth,2025-11-21 17:59:59.999,ff52c04e-d817-412e-ad7a-8c6d49f0ee32,
63060051,2025-11-21 18:00:00.000,,cf5264ed-18a5-45b5-890d-132e104d419a.binning_data.json,63060051,2025-11-21 19:14:44.683,2025-11-21 18:14:31.415,UTC-0300,tWUO8ZL77Z,,com.sec.android.app.shealth,2025-11-21 18:59:59.999,cf5264ed-18a5-45b5-890d-132e104d419a,
63060051,2025-11-21 19:00:00.000,,3c3599ca-d22e-44d0-adad-b1a331759073.binning_data.json,63060051,2025-11-21 20:14:54.051,2025-11-21 19:14:44.690,UTC-0300,tWUO8ZL77Z,,com.sec.android.app.shealth,2025-11-21 19:59:59.999,3c3599ca-d22e-44d0-adad-b1a331759073,
63060051,2025-11-21 20:00:00.000,,40e7e32e-59be-49af-b190-687968971b48.binning_data.json,63060051,2025-11-21 21:15:07.384,2025-11-21 20:14:54.063,UTC-0300,tWUO8ZL77Z,,com.sec.android.app.shealth,2025-11-21 20:59:59.999,40e7e32e-59be-49af-b190-687968971b48,
63060051,2025-11-21 21:00:00.000,,7a2551ee-e17c-4fb0-983d-ae23f02cac18.binning_data.json,63060051,2025-11-21 22:15:19.821,2025-11-21 21:15:07.396,UTC-0300,tWUO8ZL77Z,,com.sec.android.app.shealth,2025-11-21 21:59:59.999,7a2551ee-e17c-4fb0-983d-ae23f02cac18,
63060051,2025-11-21 22:00:00.000,,c4b3da46-4ae3-487b-a357-75c76073a30e.binning_data.json,63060051,2025-11-21 23:15:27.321,2025-11-21 22:15:19.828,UTC-0300,tWUO8ZL77Z,,com.sec.android.app.shealth,2025-11-21 22:59:59.999,c4b3da46-4ae3-487b-a357-75c76073a30e,
63060051,2025-11-21 23:00:00.000,,be10d96b-5c41-4d0c-8014-53975156c7e3.binning_data.json,63060051,2025-11-22 00:15:39.672,2025-11-21 23:15:27.328,UTC-0300,tWUO8ZL77Z,,com.sec.android.app.shealth,2025-11-21 23:59:59.999,be10d96b-5c41-4d0c-8014-53975156c7e3,
63060051,2025-11-22 00:00:00.000,,8eb716af-d36e-40cb-bb7e-b5121ff87805.binning_data.json,63060051,2025-11-22 01:15:53.853,2025-11-22 00:15:39.689,UTC-0300,tWUO8ZL77Z,,com.sec.android.app.shealth,2025-11-22 00:59:59.999,8eb716af-d36e-40cb-bb7e-b5121ff87805,
63060051,2025-11-22 01:00:00.000,,6b960f69-1ff4-4c0f-a322-d1332fe55729.binning_data.json,63060051,2025-11-22 01:35:57.927,2025-11-22 01:15:53.873,UTC-0300,tWUO8ZL77Z,,com.sec.android.app.shealth,2025-11-22 01:34:59.999,6b960f69-1ff4-4c0f-a322-d1332fe55729,
63060051,2025-11-22 02:24:00.000,,10dffe9b-7c92-4f82-b0b0-eaf56e14ce4e.binning_data.json,63060051,2025-11-22 03:04:20.181,2025-11-22 02:44:15.047,UTC-0300,tWUO8ZL77Z,,com.sec.android.app.shealth,2025-11-22 02:59:59.999,10dffe9b-7c92-4f82-b0b0-eaf56e14ce4e,
63060051,2025-11-22 03:00:00.000,,5a2477a7-fb39-4a48-8fb8-8defd6a2662c.binning_data.json,63060051,2025-11-22 04:04:35.245,2025-11-22 03:04:20.306,UTC-0300,tWUO8ZL77Z,,com.sec.android.app.shealth,2025-11-22 03:59:59.999,5a2477a7-fb39-4a48-8fb8-8defd6a2662c,
63060051,2025-11-22 04:00:00.000,,2582b0de-a070-476e-89cf-20275e4527f7.binning_data.json,63060051,2025-11-22 05:04:50.095,2025-11-22 04:04:35.253,UTC-0300,tWUO8ZL77Z,,com.sec.android.app.shealth,2025-11-22 04:59:59.999,2582b0de-a070-476e-89cf-20275e4527f7,
63060051,2025-11-22 05:00:00.000,,bcd96699-d843-4fa4-a134-772851a6e3c0.binning_data.json,63060051,2025-11-22 06:05:05.568,2025-11-22 05:04:50.104,UTC-0300,tWUO8ZL77Z,,com.sec.android.app.shealth,2025-11-22 05:59:59.999,bcd96699-d843-4fa4-a134-772851a6e3c0,
63060051,2025-11-22 06:00:00.000,,77e88607-6adc-40a7-aaaa-90641edf9600.binning_data.json,63060051,2025-11-22 07:05:20.336,2025-11-22 06:05:05.572,UTC-0300,tWUO8ZL77Z,,com.sec.android.app.shealth,2025-11-22 06:59:59.999,77e88607-6adc-40a7-aaaa-90641edf9600,
63060051,2025-11-22 07:00:00.000,,13b77200-ef38-48e7-9223-8a8acfe493fa.binning_data.json,63060051,2025-11-22 08:05:34.856,2025-11-22 07:05:20.365,UTC-0300,tWUO8ZL77Z,,com.sec.android.app.shealth,2025-11-22 07:59:59.999,13b77200-ef38-48e7-9223-8a8acfe493fa,
63060051,2025-11-22 08:00:00.000,,11092e06-97f9-4a77-8a21-65965bcf78ab.binning_data.json,63060051,2025-11-22 09:05:49.495,2025-11-22 08:05:34.864,UTC-0300,tWUO8ZL77Z,,com.sec.android.app.shealth,2025-11-22 08:59:59.999,11092e06-97f9-4a77-8a21-65965bcf78ab,
63060051,2025-11-22 09:00:00.000,,f2c85f55-dc57-4029-872f-f47bfdc56e84.binning_data.json,63060051,2025-11-22 10:05:55.239,2025-11-22 09:05:49.507,UTC-0300,tWUO8ZL77Z,,com.sec.android.app.shealth,2025-11-22 09:59:59.999,f2c85f55-dc57-4029-872f-f47bfdc56e84,
63060051,2025-11-22 10:00:00.000,,6ee5484b-7751-452d-97e0-209c9f49a65f.binning_data.json,63060051,2025-11-22 11:06:05.493,2025-11-22 10:05:55.244,UTC-0300,tWUO8ZL77Z,,com.sec.android.app.shealth,2025-11-22 10:59:59.999,6ee5484b-7751-452d-97e0-209c9f49a65f,
63060051,2025-11-22 11:00:00.000,,17a32951-25ef-4173-848b-dfd52536e0a2.binning_data.json,63060051,2025-11-22 12:06:19.782,2025-11-22 11:06:05.500,UTC-0300,tWUO8ZL77Z,,com.sec.android.app.shealth,2025-11-22 11:59:59.999,17a32951-25ef-4173-848b-dfd52536e0a2,
63060051,2025-11-22 12:00:00.000,,ffa22c41-257e-4349-a1bc-50d7e9ef1673.binning_data.json,63060051,2025-11-22 13:06:34.040,2025-11-22 12:06:19.876,UTC-0300,tWUO8ZL77Z,,com.sec.android.app.shealth,2025-11-22 12:59:59.999,ffa22c41-257e-4349-a1bc-50d7e9ef1673,
63060051,2025-11-22 13:00:00.000,,729aea40-0b85-402d-ad98-a4321297d92a.binning_data.json,63060051,2025-11-22 14:06:45.952,2025-11-22 13:06:34.044,UTC-0300,tWUO8ZL77Z,,com.sec.android.app.shealth,2025-11-22 13:59:59.999,729aea40-0b85-402d-ad98-a4321297d92a,
63060051,2025-11-22 14:00:00.000,,16a261cd-4c27-4045-b608-00866146f805.binning_data.json,63060051,2025-11-22 15:06:58.226,2025-11-22 14:06:45.958,UTC-0300,tWUO8ZL77Z,,com.sec.android.app.shealth,2025-11-22 14:59:59.999,16a261cd-4c27-4045-b608-00866146f805,
63060051,2025-11-22 15:00:00.000,,ef0cd2cb-deec-48c0-b633-0082fc141263.binning_data.json,63060051,2025-11-22 16:07:10.322,2025-11-22 15:06:58.232,UTC-0300,tWUO8ZL77Z,,com.sec.android.app.shealth,2025-11-22 15:59:59.999,ef0cd2cb-deec-48c0-b633-0082fc141263,
63060051,2025-11-22 16:00:00.000,,5e5192e9-b856-4b03-85f0-f4c9282b3100.binning_data.json,63060051,2025-11-22 17:07:24.192,2025-11-22 16:07:10.353,UTC-0300,tWUO8ZL77Z,,com.sec.android.app.shealth,2025-11-22 16:59:59.999,5e5192e9-b856-4b03-85f0-f4c9282b3100,
63060051,2025-11-22 17:00:00.000,,907bd209-56b6-4487-a02f-49dbabed0560.binning_data.json,63060051,2025-11-22 18:03:59.755,2025-11-22 17:07:24.202,UTC-0300,tWUO8ZL77Z,,com.sec.android.app.shealth,2025-11-22 17:59:59.999,907bd209-56b6-4487-a02f-49dbabed0560,
63060051,2025-11-22 18:00:00.000,,34c6ea1b-438a-47ae-89e2-7bc9088ef427.binning_data.json,63060051,2025-11-22 18:03:59.799,2025-11-22 18:03:59.799,UTC-0300,tWUO8ZL77Z,,com.sec.android.app.shealth,2025-11-22 18:06:59.999,34c6ea1b-438a-47ae-89e2-7bc9088ef427,
63060051,2025-11-22 23:53:00.000,,c52c279e-913d-430a-a230-51dff3311c40.binning_data.json,63060051,2025-11-23 00:13:47.738,2025-11-23 00:13:47.738,UTC-0300,tWUO8ZL77Z,,com.sec.android.app.shealth,2025-11-22 23:59:59.999,c52c279e-913d-430a-a230-51dff3311c40,
63060051,2025-11-23 00:00:00.000,,64c14973-bfbd-4e6f-8b91-9c7051db1c2f.binning_data.json,63060051,2025-11-23 01:14:01.265,2025-11-23 00:13:47.744,UTC-0300,tWUO8ZL77Z,,com.sec.android.app.shealth,2025-11-23 00:59:59.999,64c14973-bfbd-4e6f-8b91-9c7051db1c2f,
63060051,2025-11-23 01:00:00.000,,95cb6e6b-07f9-4dea-b2f2-9abcd4bbfe20.binning_data.json,63060051,2025-11-23 02:14:15.086,2025-11-23 01:14:01.377,UTC-0300,tWUO8ZL77Z,,com.sec.android.app.shealth,2025-11-23 01:59:59.999,95cb6e6b-07f9-4dea-b2f2-9abcd4bbfe20,
63060051,2025-11-23 02:00:00.000,,72c96d95-4602-4974-931f-f9b09c03fb82.binning_data.json,63060051,2025-11-23 03:14:29.491,2025-11-23 02:14:15.095,UTC-0300,tWUO8ZL77Z,,com.sec.android.app.shealth,2025-11-23 02:59:59.999,72c96d95-4602-4974-931f-f9b09c03fb82,
63060051,2025-11-23 03:00:00.000,,abe54e59-5a1c-4443-84c6-e5bd1b0ed407.binning_data.json,63060051,2025-11-23 04:14:45.038,2025-11-23 03:14:29.499,UTC-0300,tWUO8ZL77Z,,com.sec.android.app.shealth,2025-11-23 03:59:59.999,abe54e59-5a1c-4443-84c6-e5bd1b0ed407,
63060051,2025-11-23 04:00:00.000,,00af6bf4-8791-45ad-8609-594956181d78.binning_data.json,63060051,2025-11-23 05:14:59.865,2025-11-23 04:14:45.050,UTC-0300,tWUO8ZL77Z,,com.sec.android.app.shealth,2025-11-23 04:59:59.999,00af6bf4-8791-45ad-8609-594956181d78,
63060051,2025-11-23 05:00:00.000,,b0abaee4-afd8-4692-a1c4-39fa40f5ae74.binning_data.json,63060051,2025-11-23 06:15:14.684,2025-11-23 05:14:59.963,UTC-0300,tWUO8ZL77Z,,com.sec.android.app.shealth,2025-11-23 05:59:59.999,b0abaee4-afd8-4692-a1c4-39fa40f5ae74,
63060051,2025-11-23 06:00:00.000,,301683ec-8cdf-4c93-b49a-515e722eb06b.binning_data.json,63060051,2025-11-23 07:15:30.212,2025-11-23 06:15:14.692,UTC-0300,tWUO8ZL77Z,,com.sec.android.app.shealth,2025-11-23 06:59:59.999,301683ec-8cdf-4c93-b49a-515e722eb06b,
63060051,2025-11-23 07:00:00.000,,cbba51f9-11b4-4682-b22f-86e8becb5efd.binning_data.json,63060051,2025-11-23 08:15:45.947,2025-11-23 07:15:30.225,UTC-0300,tWUO8ZL77Z,,com.sec.android.app.shealth,2025-11-23 07:59:59.999,cbba51f9-11b4-4682-b22f-86e8becb5efd,
63060051,2025-11-23 08:00:00.000,,615fbf0e-1b55-4429-b0ea-68cd439225e2.binning_data.json,63060051,2025-11-23 09:16:01.605,2025-11-23 08:15:45.954,UTC-0300,tWUO8ZL77Z,,com.sec.android.app.shealth,2025-11-23 08:59:59.999,615fbf0e-1b55-4429-b0ea-68cd439225e2,
63060051,2025-11-23 09:00:00.000,,34c51590-14be-47ef-b46c-11f56a6a4e83.binning_data.json,63060051,2025-11-23 10:16:16.522,2025-11-23 09:16:01.619,UTC-0300,tWUO8ZL77Z,,com.sec.android.app.shealth,2025-11-23 09:59:59.999,34c51590-14be-47ef-b46c-11f56a6a4e83,
63060051,2025-11-23 10:00:00.000,,59cf78d7-02b0-44a4-b274-73c86e4a93ab.binning_data.json,63060051,2025-11-23 11:16:27.037,2025-11-23 10:16:16.530,UTC-0300,tWUO8ZL77Z,,com.sec.android.app.shealth,2025-11-23 10:59:59.999,59cf78d7-02b0-44a4-b274-73c86e4a93ab,
63060051,2025-11-23 11:00:00.000,,90281822-fe6a-44a5-bdcc-f248bfb20386.binning_data.json,63060051,2025-11-23 12:16:21.505,2025-11-23 11:16:27.046,UTC-0300,tWUO8ZL77Z,,com.sec.android.app.shealth,2025-11-23 11:59:59.999,90281822-fe6a-44a5-bdcc-f248bfb20386,
63060051,2025-11-23 12:00:00.000,,91bf35fe-98f9-4f10-afdc-84bcea403aa6.binning_data.json,63060051,2025-11-23 13:16:34.350,2025-11-23 12:16:21.516,UTC-0300,tWUO8ZL77Z,,com.sec.android.app.shealth,2025-11-23 12:59:59.999,91bf35fe-98f9-4f10-afdc-84bcea403aa6,
63060051,2025-11-23 13:00:00.000,,6c7f8781-b4b1-413a-a3a1-8ef08f1258d4.binning_data.json,63060051,2025-11-23 14:16:48.244,2025-11-23 13:16:34.362,UTC-0300,tWUO8ZL77Z,,com.sec.android.app.shealth,2025-11-23 13:59:59.999,6c7f8781-b4b1-413a-a3a1-8ef08f1258d4,
63060051,2025-11-23 14:00:00.000,,14d978aa-fd65-4e8a-83e1-54cb04b888ed.binning_data.json,63060051,2025-11-23 15:17:00.148,2025-11-23 14:16:48.351,UTC-0300,tWUO8ZL77Z,,com.sec.android.app.shealth,2025-11-23 14:59:59.999,14d978aa-fd65-4e8a-83e1-54cb04b888ed,
63060051,2025-11-23 15:00:00.000,,038794c3-67ba-413c-b2df-15f3df5748a9.binning_data.json,63060051,2025-11-23 16:17:13.282,2025-11-23 15:17:00.270,UTC-0300,tWUO8ZL77Z,,com.sec.android.app.shealth,2025-11-23 15:59:59.999,038794c3-67ba-413c-b2df-15f3df5748a9,
63060051,2025-11-23 16:00:00.000,,5a2c5816-cd04-41f6-9e6b-5ab322076aa1.binning_data.json,63060051,2025-11-23 17:17:27.921,2025-11-23 16:17:13.291,UTC-0300,tWUO8ZL77Z,,com.sec.android.app.shealth,2025-11-23 16:59:59.999,5a2c5816-cd04-41f6-9e6b-5ab322076aa1,
63060051,2025-11-23 17:00:00.000,,a1afcaeb-9452-4796-83a0-511a14e13065.binning_data.json,63060051,2025-11-23 18:17:38.190,2025-11-23 17:17:27.933,UTC-0300,tWUO8ZL77Z,,com.sec.android.app.shealth,2025-11-23 17:59:59.999,a1afcaeb-9452-4796-83a0-511a14e13065,
63060051,2025-11-23 18:00:00.000,,4fcbeedf-0fbd-44d6-af02-9f43a44e0a33.binning_data.json,63060051,2025-11-23 19:17:52.594,2025-11-23 18:17:38.199,UTC-0300,tWUO8ZL77Z,,com.sec.android.app.shealth,2025-11-23 18:59:59.999,4fcbeedf-0fbd-44d6-af02-9f43a44e0a33,
63060051,2025-11-23 19:00:00.000,,edd1129b-50dd-4157-b0ff-5e2568380533.binning_data.json,63060051,2025-11-23 20:18:05.455,2025-11-23 19:17:52.708,UTC-0300,tWUO8ZL77Z,,com.sec.android.app.shealth,2025-11-23 19:59:59.999,edd1129b-50dd-4157-b0ff-5e2568380533,
63060051,2025-11-23 20:00:00.000,,b6b872f7-d3c9-49a6-9970-cf044ee1474c.binning_data.json,63060051,2025-11-23 20:56:10.304,2025-11-23 20:18:05.463,UTC-0300,tWUO8ZL77Z,,com.sec.android.app.shealth,2025-11-23 20:58:59.999,b6b872f7-d3c9-49a6-9970-cf044ee1474c,
63060051,2025-11-23 21:56:00.000,,a501ae96-ed4d-433a-9097-9490e6b6956d.binning_data.json,63060051,2025-11-23 22:16:55.978,2025-11-23 22:16:55.978,UTC-0300,tWUO8ZL77Z,,com.sec.android.app.shealth,2025-11-23 21:59:59.999,a501ae96-ed4d-433a-9097-9490e6b6956d,
63060051,2025-11-23 22:00:00.000,,243b4885-eb79-4650-aacd-df0a2d6f5319.binning_data.json,63060051,2025-11-23 23:17:08.626,2025-11-23 22:16:55.983,UTC-0300,tWUO8ZL77Z,,com.sec.android.app.shealth,2025-11-23 22:59:59.999,243b4885-eb79-4650-aacd-df0a2d6f5319,
63060051,2025-11-23 23:00:00.000,,f63016c4-9900-49d9-9d6e-8724525fa24a.binning_data.json,63060051,2025-11-24 00:17:22.495,2025-11-23 23:17:08.641,UTC-0300,tWUO8ZL77Z,,com.sec.android.app.shealth,2025-11-23 23:59:59.999,f63016c4-9900-49d9-9d6e-8724525fa24a,
63060051,2025-11-24 00:00:00.000,,89f974c7-583f-4fb5-9f73-3a393799cca0.binning_data.json,63060051,2025-11-24 01:17:32.024,2025-11-24 00:17:22.500,UTC-0300,tWUO8ZL77Z,,com.sec.android.app.shealth,2025-11-24 00:59:59.999,89f974c7-583f-4fb5-9f73-3a393799cca0,
63060051,2025-11-24 01:00:00.000,,2e09a700-ef35-45a9-a3b2-40e9352f2edc.binning_data.json,63060051,2025-11-24 02:17:47.569,2025-11-24 01:17:32.031,UTC-0300,tWUO8ZL77Z,,com.sec.android.app.shealth,2025-11-24 01:59:59.999,2e09a700-ef35-45a9-a3b2-40e9352f2edc,
63060051,2025-11-24 02:00:00.000,,f4e7b656-a740-49b3-a052-915564b9cd57.binning_data.json,63060051,2025-11-24 03:18:03.278,2025-11-24 02:17:47.575,UTC-0300,tWUO8ZL77Z,,com.sec.android.app.shealth,2025-11-24 02:59:59.999,f4e7b656-a740-49b3-a052-915564b9cd57,
63060051,2025-11-24 03:00:00.000,,b6151ed4-34d3-4c93-a822-5a057d56cfcb.binning_data.json,63060051,2025-11-24 04:18:17.863,2025-11-24 03:18:03.291,UTC-0300,tWUO8ZL77Z,,com.sec.android.app.shealth,2025-11-24 03:59:59.999,b6151ed4-34d3-4c93-a822-5a057d56cfcb,
63060051,2025-11-24 04:00:00.000,,8c6c493c-886a-4711-ae53-4e5474640726.binning_data.json,63060051,2025-11-24 05:18:32.766,2025-11-24 04:18:17.869,UTC-0300,tWUO8ZL77Z,,com.sec.android.app.shealth,2025-11-24 04:59:59.999,8c6c493c-886a-4711-ae53-4e5474640726,
63060051,2025-11-24 05:00:00.000,,6dbf92d6-1322-4fe0-a8cf-6d3e80926e6f.binning_data.json,63060051,2025-11-24 06:18:48.538,2025-11-24 05:18:32.771,UTC-0300,tWUO8ZL77Z,,com.sec.android.app.shealth,2025-11-24 05:59:59.999,6dbf92d6-1322-4fe0-a8cf-6d3e80926e6f,
63060051,2025-11-24 06:00:00.000,,512264db-9b6c-4abd-b113-5547bb22f462.binning_data.json,63060051,2025-11-24 07:19:03.118,2025-11-24 06:18:48.633,UTC-0300,tWUO8ZL77Z,,com.sec.android.app.shealth,2025-11-24 06:59:59.999,512264db-9b6c-4abd-b113-5547bb22f462,
63060051,2025-11-24 07:00:00.000,,6796b14b-ed49-472f-9ea9-43ce26874e97.binning_data.json,63060051,2025-11-24 08:19:17.731,2025-11-24 07:19:03.123,UTC-0300,tWUO8ZL77Z,,com.sec.android.app.shealth,2025-11-24 07:59:59.999,6796b14b-ed49-472f-9ea9-43ce26874e97,
63060051,2025-11-24 08:00:00.000,,f2ac4e9b-6990-4f98-a461-d61e7d77e3fc.binning_data.json,63060051,2025-11-24 09:19:32.928,2025-11-24 08:19:17.839,UTC-0300,tWUO8ZL77Z,,com.sec.android.app.shealth,2025-11-24 08:59:59.999,f2ac4e9b-6990-4f98-a461-d61e7d77e3fc,
63060051,2025-11-24 09:00:00.000,,7e4979fc-fc05-49e1-a0f4-578df42c2a8a.binning_data.json,63060051,2025-11-24 10:19:44.965,2025-11-24 09:19:32.935,UTC-0300,tWUO8ZL77Z,,com.sec.android.app.shealth,2025-11-24 09:59:59.999,7e4979fc-fc05-49e1-a0f4-578df42c2a8a,
63060051,2025-11-24 10:00:00.000,,1a6ed8f0-7cf2-4be2-add5-af60f9f720ed.binning_data.json,63060051,2025-11-24 11:19:57.908,2025-11-24 10:19:44.975,UTC-0300,tWUO8ZL77Z,,com.sec.android.app.shealth,2025-11-24 10:59:59.999,1a6ed8f0-7cf2-4be2-add5-af60f9f720ed,
63060051,2025-11-24 11:00:00.000,,1200036c-ff10-40f7-bd38-4631f9ac6e67.binning_data.json,63060051,2025-11-24 12:00:07.603,2025-11-24 11:19:57.914,UTC-0300,tWUO8ZL77Z,,com.sec.android.app.shealth,2025-11-24 11:59:59.999,1200036c-ff10-40f7-bd38-4631f9ac6e67,
63060051,2025-11-24 12:00:00.000,,3edf3db8-784c-48db-ba34-db4e0f0420f8.binning_data.json,63060051,2025-11-24 13:00:08.942,2025-11-24 12:20:12.210,UTC-0300,tWUO8ZL77Z,,com.sec.android.app.shealth,2025-11-24 12:59:59.999,3edf3db8-784c-48db-ba34-db4e0f0420f8,
63060051,2025-11-24 13:00:00.000,,c7f42f14-eaab-466d-99ae-c9bcc5f923ce.binning_data.json,63060051,2025-11-24 14:00:21.042,2025-11-24 13:20:13.462,UTC-0300,tWUO8ZL77Z,,com.sec.android.app.shealth,2025-11-24 13:59:59.999,c7f42f14-eaab-466d-99ae-c9bcc5f923ce,
63060051,2025-11-24 14:00:00.000,,d9924ba4-51ef-4462-b7c5-02873843e772.binning_data.json,63060051,2025-11-24 15:00:33.664,2025-11-24 14:20:25.350,UTC-0300,tWUO8ZL77Z,,com.sec.android.app.shealth,2025-11-24 14:59:59.999,d9924ba4-51ef-4462-b7c5-02873843e772,
63060051,2025-11-24 15:00:00.000,,3543c92e-17b5-4072-9bc0-f1093c00118b.binning_data.json,63060051,2025-11-24 16:00:45.511,2025-11-24 15:20:36.819,UTC-0300,tWUO8ZL77Z,,com.sec.android.app.shealth,2025-11-24 15:59:59.999,3543c92e-17b5-4072-9bc0-f1093c00118b,
63060051,2025-11-24 16:00:00.000,,9729702c-a16f-4f0c-a657-b5add5820061.binning_data.json,63060051,2025-11-24 17:00:59.116,2025-11-24 16:20:49.939,UTC-0300,tWUO8ZL77Z,,com.sec.android.app.shealth,2025-11-24 16:59:59.999,9729702c-a16f-4f0c-a657-b5add5820061,
63060051,2025-11-24 17:01:00.000,,b4ad5176-45be-4e4a-8724-1fc2fae4e133.binning_data.json,63060051,2025-11-24 18:01:11.113,2025-11-24 17:21:03.801,UTC-0300,tWUO8ZL77Z,,com.sec.android.app.shealth,2025-11-24 17:59:59.999,b4ad5176-45be-4e4a-8724-1fc2fae4e133,
63060051,2025-11-24 18:00:00.000,,9e3c7d87-785a-46ad-a9ad-2f93ea39b3f9.binning_data.json,63060051,2025-11-24 18:48:04.170,2025-11-24 18:01:11.203,UTC-0300,tWUO8ZL77Z,,com.sec.android.app.shealth,2025-11-24 18:59:59.999,9e3c7d87-785a-46ad-a9ad-2f93ea39b3f9,
63060051,2025-11-24 19:00:00.000,,3417284d-8005-4c0d-aba8-cfb8ea57bf07.binning_data.json,63060051,2025-11-24 20:01:20.168,2025-11-24 18:48:04.228,UTC-0300,tWUO8ZL77Z,,com.sec.android.app.shealth,2025-11-24 19:59:59.999,3417284d-8005-4c0d-aba8-cfb8ea57bf07,
63060051,2025-11-24 20:00:00.000,,d10166ac-6f6c-46c5-99eb-0cc0d4471151.binning_data.json,63060051,2025-11-24 21:01:30.771,2025-11-24 20:01:20.173,UTC-0300,tWUO8ZL77Z,,com.sec.android.app.shealth,2025-11-24 20:59:59.999,d10166ac-6f6c-46c5-99eb-0cc0d4471151,
63060051,2025-11-24 21:00:00.000,,db58c673-3aa6-48fe-af25-579de2b1a609.binning_data.json,63060051,2025-11-24 22:01:43.034,2025-11-24 21:01:30.781,UTC-0300,tWUO8ZL77Z,,com.sec.android.app.shealth,2025-11-24 21:59:59.999,db58c673-3aa6-48fe-af25-579de2b1a609,
63060051,2025-11-24 22:00:00.000,,7bc0df8b-5418-463f-8787-18074b4ac02f.binning_data.json,63060051,2025-11-24 23:01:54.530,2025-11-24 22:01:43.040,UTC-0300,tWUO8ZL77Z,,com.sec.android.app.shealth,2025-11-24 22:59:59.999,7bc0df8b-5418-463f-8787-18074b4ac02f,
63060051,2025-11-24 23:00:00.000,,b158519f-a409-41d2-97a9-730246ae0767.binning_data.json,63060051,2025-11-25 00:02:09.015,2025-11-24 23:01:54.612,UTC-0300,tWUO8ZL77Z,,com.sec.android.app.shealth,2025-11-24 23:59:59.999,b158519f-a409-41d2-97a9-730246ae0767,
63060051,2025-11-25 00:00:00.000,,c24a5eb1-c452-40b5-a718-ba0113881d4b.binning_data.json,63060051,2025-11-25 01:02:20.397,2025-11-25 00:02:09.030,UTC-0300,tWUO8ZL77Z,,com.sec.android.app.shealth,2025-11-25 00:59:59.999,c24a5eb1-c452-40b5-a718-ba0113881d4b,
63060051,2025-11-25 01:00:00.000,,f4939e23-5310-466e-8111-c42f0d22eefd.binning_data.json,63060051,2025-11-25 01:43:38.535,2025-11-25 01:02:20.407,UTC-0300,tWUO8ZL77Z,,com.sec.android.app.shealth,2025-11-25 01:59:59.999,f4939e23-5310-466e-8111-c42f0d22eefd,
63060051,2025-11-25 02:00:00.000,,c40db827-3e52-4022-8b6f-9e906bb7332d.binning_data.json,63060051,2025-11-25 03:15:08.655,2025-11-25 01:43:38.566,UTC-0300,tWUO8ZL77Z,,com.sec.android.app.shealth,2025-11-25 02:59:59.999,c40db827-3e52-4022-8b6f-9e906bb7332d,
63060051,2025-11-25 03:00:00.000,,db0b94f3-f1f3-47c9-b486-66f267fc53d3.binning_data.json,63060051,2025-11-25 04:15:23.667,2025-11-25 03:15:08.733,UTC-0300,tWUO8ZL77Z,,com.sec.android.app.shealth,2025-11-25 03:59:59.999,db0b94f3-f1f3-47c9-b486-66f267fc53d3,
63060051,2025-11-25 04:00:00.000,,0ef055bc-ea3e-475b-81fb-de1d35cc79ca.binning_data.json,63060051,2025-11-25 05:15:37.454,2025-11-25 04:15:23.673,UTC-0300,tWUO8ZL77Z,,com.sec.android.app.shealth,2025-11-25 04:59:59.999,0ef055bc-ea3e-475b-81fb-de1d35cc79ca,
63060051,2025-11-25 05:00:00.000,,b95c9369-b5b0-41e8-8618-05fad0aa1c47.binning_data.json,63060051,2025-11-25 06:15:52.251,2025-11-25 05:15:37.475,UTC-0300,tWUO8ZL77Z,,com.sec.android.app.shealth,2025-11-25 05:59:59.999,b95c9369-b5b0-41e8-8618-05fad0aa1c47,
63060051,2025-11-25 06:00:00.000,,de600aaf-9a00-4ffe-beee-30c35667752e.binning_data.json,63060051,2025-11-25 07:16:08.153,2025-11-25 06:15:52.263,UTC-0300,tWUO8ZL77Z,,com.sec.android.app.shealth,2025-11-25 06:59:59.999,de600aaf-9a00-4ffe-beee-30c35667752e,
63060051,2025-11-25 07:00:00.000,,7b3400cf-9e3e-41bb-9d22-fb5f6e94afee.binning_data.json,63060051,2025-11-25 08:16:23.616,2025-11-25 07:16:08.164,UTC-0300,tWUO8ZL77Z,,com.sec.android.app.shealth,2025-11-25 07:59:59.999,7b3400cf-9e3e-41bb-9d22-fb5f6e94afee,
63060051,2025-11-25 08:00:00.000,,051d6740-acde-4a2d-b9f6-ee2cd9a14430.binning_data.json,63060051,2025-11-25 09:16:39.021,2025-11-25 08:16:23.621,UTC-0300,tWUO8ZL77Z,,com.sec.android.app.shealth,2025-11-25 08:59:59.999,051d6740-acde-4a2d-b9f6-ee2cd9a14430,
63060051,2025-11-25 09:00:00.000,,1ceb4925-cce5-4da8-9f03-8b51399d4818.binning_data.json,63060051,2025-11-25 10:16:53.846,2025-11-25 09:16:39.080,UTC-0300,tWUO8ZL77Z,,com.sec.android.app.shealth,2025-11-25 09:59:59.999,1ceb4925-cce5-4da8-9f03-8b51399d4818,
63060051,2025-11-25 10:00:00.000,,97ab3c0e-970f-43ab-8069-3806fbe6e701.binning_data.json,63060051,2025-11-25 11:17:05.331,2025-11-25 10:16:53.856,UTC-0300,tWUO8ZL77Z,,com.sec.android.app.shealth,2025-11-25 10:59:59.999,97ab3c0e-970f-43ab-8069-3806fbe6e701,
63060051,2025-11-25 11:00:00.000,,0ca8ef69-c529-413f-be23-57cc81ac122b.binning_data.json,63060051,2025-11-25 12:17:16.866,2025-11-25 11:17:05.342,UTC-0300,tWUO8ZL77Z,,com.sec.android.app.shealth,2025-11-25 11:59:59.999,0ca8ef69-c529-413f-be23-57cc81ac122b,
63060051,2025-11-25 12:00:00.000,,1f2cdcdd-252e-41c7-820d-121cce64d187.binning_data.json,63060051,2025-11-25 13:17:31.289,2025-11-25 12:17:16.877,UTC-0300,tWUO8ZL77Z,,com.sec.android.app.shealth,2025-11-25 12:59:59.999,1f2cdcdd-252e-41c7-820d-121cce64d187,
63060051,2025-11-25 13:00:00.000,,f17f75b0-d203-41b8-afcc-a3f997a5e4e6.binning_data.json,63060051,2025-11-25 14:17:33.986,2025-11-25 13:17:31.390,UTC-0300,tWUO8ZL77Z,,com.sec.android.app.shealth,2025-11-25 13:59:59.999,f17f75b0-d203-41b8-afcc-a3f997a5e4e6,
63060051,2025-11-25 14:00:00.000,,bb218317-be41-46e6-abae-784ad5cef4a1.binning_data.json,63060051,2025-11-25 15:17:47.539,2025-11-25 14:17:33.994,UTC-0300,tWUO8ZL77Z,,com.sec.android.app.shealth,2025-11-25 14:59:59.999,bb218317-be41-46e6-abae-784ad5cef4a1,
63060051,2025-11-25 15:00:00.000,,3c0d2584-87ad-41af-8d3c-a9ea39ff3b32.binning_data.json,63060051,2025-11-25 15:45:11.219,2025-11-25 15:17:47.545,UTC-0300,tWUO8ZL77Z,,com.sec.android.app.shealth,2025-11-25 15:57:59.999,3c0d2584-87ad-41af-8d3c-a9ea39ff3b32,
63060051,2025-11-26 01:30:00.000,,ef3010d9-792c-4c87-a44c-e5d56800a01f.binning_data.json,63060051,2025-11-26 02:10:13.649,2025-11-26 01:50:09.296,UTC-0300,tWUO8ZL77Z,,com.sec.android.app.shealth,2025-11-26 01:59:59.999,ef3010d9-792c-4c87-a44c-e5d56800a01f,
63060051,2025-11-26 02:00:00.000,,4519b395-8ddd-442f-9b4c-f4625cb7d1c4.binning_data.json,63060051,2025-11-26 03:10:28.115,2025-11-26 02:10:13.703,UTC-0300,tWUO8ZL77Z,,com.sec.android.app.shealth,2025-11-26 02:59:59.999,4519b395-8ddd-442f-9b4c-f4625cb7d1c4,
63060051,2025-11-26 03:00:00.000,,166ef649-5619-4953-b80a-ad473645947b.binning_data.json,63060051,2025-11-26 04:10:42.694,2025-11-26 03:10:28.262,UTC-0300,tWUO8ZL77Z,,com.sec.android.app.shealth,2025-11-26 03:59:59.999,166ef649-5619-4953-b80a-ad473645947b,
63060051,2025-11-26 04:00:00.000,,debb8667-dcfc-42d6-8bf3-3ff011665cba.binning_data.json,63060051,2025-11-26 05:10:56.948,2025-11-26 04:10:42.699,UTC-0300,tWUO8ZL77Z,,com.sec.android.app.shealth,2025-11-26 04:59:59.999,debb8667-dcfc-42d6-8bf3-3ff011665cba,
63060051,2025-11-26 05:00:00.000,,be2dfab0-1497-4b9f-a0ad-424e4ec744ea.binning_data.json,63060051,2025-11-26 06:11:12.786,2025-11-26 05:10:56.956,UTC-0300,tWUO8ZL77Z,,com.sec.android.app.shealth,2025-11-26 05:59:59.999,be2dfab0-1497-4b9f-a0ad-424e4ec744ea,
63060051,2025-11-26 06:00:00.000,,4c468ff9-430c-42ca-bd85-364f5b6930a3.binning_data.json,63060051,2025-11-26 07:11:28.360,2025-11-26 06:11:12.810,UTC-0300,tWUO8ZL77Z,,com.sec.android.app.shealth,2025-11-26 06:59:59.999,4c468ff9-430c-42ca-bd85-364f5b6930a3,
63060051,2025-11-26 07:00:00.000,,82f924e9-473b-4f8d-99a6-8437dd0e1494.binning_data.json,63060051,2025-11-26 08:11:43.306,2025-11-26 07:11:28.374,UTC-0300,tWUO8ZL77Z,,com.sec.android.app.shealth,2025-11-26 07:59:59.999,82f924e9-473b-4f8d-99a6-8437dd0e1494,
63060051,2025-11-26 08:00:00.000,,f0a8745a-7894-4a8a-9c29-d88bac136d55.binning_data.json,63060051,2025-11-26 09:11:57.316,2025-11-26 08:11:43.318,UTC-0300,tWUO8ZL77Z,,com.sec.android.app.shealth,2025-11-26 08:59:59.999,f0a8745a-7894-4a8a-9c29-d88bac136d55,
63060051,2025-11-26 09:00:00.000,,1bce91d8-b501-42b4-80fa-8ffc81e23fd4.binning_data.json,63060051,2025-11-26 10:12:12.615,2025-11-26 09:11:57.323,UTC-0300,tWUO8ZL77Z,,com.sec.android.app.shealth,2025-11-26 09:59:59.999,1bce91d8-b501-42b4-80fa-8ffc81e23fd4,
63060051,2025-11-26 10:00:00.000,,52a30546-69ac-4bf5-b015-7212eb445699.binning_data.json,63060051,2025-11-26 11:12:25.673,2025-11-26 10:12:12.624,UTC-0300,tWUO8ZL77Z,,com.sec.android.app.shealth,2025-11-26 10:59:59.999,52a30546-69ac-4bf5-b015-7212eb445699,
63060051,2025-11-26 11:00:00.000,,c6012195-df37-4f8f-912c-5a0b143ad6fe.binning_data.json,63060051,2025-11-26 12:12:22.636,2025-11-26 11:12:25.681,UTC-0300,tWUO8ZL77Z,,com.sec.android.app.shealth,2025-11-26 11:59:59.999,c6012195-df37-4f8f-912c-5a0b143ad6fe,
63060051,2025-11-26 12:00:00.000,,7d36ca0c-68b7-45eb-8474-5c70ef828bf8.binning_data.json,63060051,2025-11-26 13:12:35.681,2025-11-26 12:12:22.754,UTC-0300,tWUO8ZL77Z,,com.sec.android.app.shealth,2025-11-26 12:59:59.999,7d36ca0c-68b7-45eb-8474-5c70ef828bf8,
63060051,2025-11-26 13:00:00.000,,1c1ccc4c-ecb7-4fd2-9a09-924ada0075b9.binning_data.json,63060051,2025-11-26 14:12:46.155,2025-11-26 13:12:35.690,UTC-0300,tWUO8ZL77Z,,com.sec.android.app.shealth,2025-11-26 13:59:59.999,1c1ccc4c-ecb7-4fd2-9a09-924ada0075b9,
63060051,2025-11-26 14:00:00.000,,d7056472-25d9-4f15-9471-e812bbcb6dc2.binning_data.json,63060051,2025-11-26 15:12:57.688,2025-11-26 14:12:46.164,UTC-0300,tWUO8ZL77Z,,com.sec.android.app.shealth,2025-11-26 14:59:59.999,d7056472-25d9-4f15-9471-e812bbcb6dc2,
63060051,2025-11-26 15:00:00.000,,c27b3dbb-83ca-4595-96e0-1d43ab0a19e9.binning_data.json,63060051,2025-11-26 16:13:09.224,2025-11-26 15:12:57.704,UTC-0300,tWUO8ZL77Z,,com.sec.android.app.shealth,2025-11-26 15:59:59.999,c27b3dbb-83ca-4595-96e0-1d43ab0a19e9,
63060051,2025-11-26 16:00:00.000,,89fd0070-526d-4be4-b6e3-e423fcb2baba.binning_data.json,63060051,2025-11-26 17:13:19.893,2025-11-26 16:13:09.236,UTC-0300,tWUO8ZL77Z,,com.sec.android.app.shealth,2025-11-26 16:59:59.999,89fd0070-526d-4be4-b6e3-e423fcb2baba,
63060051,2025-11-26 17:00:00.000,,683ac67b-044e-4ddf-9211-faa84ad51f40.binning_data.json,63060051,2025-11-26 18:13:31.448,2025-11-26 17:13:19.902,UTC-0300,tWUO8ZL77Z,,com.sec.android.app.shealth,2025-11-26 17:59:59.999,683ac67b-044e-4ddf-9211-faa84ad51f40,
63060051,2025-11-26 18:00:00.000,,a89ae77d-9cb0-47ce-bddb-a03a9976b869.binning_data.json,63060051,2025-11-26 19:13:43.488,2025-11-26 18:13:31.456,UTC-0300,tWUO8ZL77Z,,com.sec.android.app.shealth,2025-11-26 18:59:59.999,a89ae77d-9cb0-47ce-bddb-a03a9976b869,
63060051,2025-11-26 19:00:00.000,,5745ae73-2958-489d-8eb9-f9cebec22dd7.binning_data.json,63060051,2025-11-26 20:13:49.381,2025-11-26 19:13:43.497,UTC-0300,tWUO8ZL77Z,,com.sec.android.app.shealth,2025-11-26 19:59:59.999,5745ae73-2958-489d-8eb9-f9cebec22dd7,
63060051,2025-11-26 20:00:00.000,,3747dbeb-1708-4a05-bde1-34ca8696a21a.binning_data.json,63060051,2025-11-26 21:14:00.128,2025-11-26 20:13:49.396,UTC-0300,tWUO8ZL77Z,,com.sec.android.app.shealth,2025-11-26 20:59:59.999,3747dbeb-1708-4a05-bde1-34ca8696a21a,
63060051,2025-11-26 21:00:00.000,,54822584-f04e-4878-a2ed-87afe1d7f481.binning_data.json,63060051,2025-11-26 22:14:10.209,2025-11-26 21:14:00.140,UTC-0300,tWUO8ZL77Z,,com.sec.android.app.shealth,2025-11-26 21:59:59.999,54822584-f04e-4878-a2ed-87afe1d7f481,
63060051,2025-11-26 22:00:00.000,,e2660a3f-9966-4db2-a1a8-c0e31d1dbfc6.binning_data.json,63060051,2025-11-26 23:14:24.178,2025-11-26 22:14:10.221,UTC-0300,tWUO8ZL77Z,,com.sec.android.app.shealth,2025-11-26 22:59:59.999,e2660a3f-9966-4db2-a1a8-c0e31d1dbfc6,
63060051,2025-11-26 23:00:00.000,,1d271185-e83a-4d0b-9733-6225a8c7807d.binning_data.json,63060051,2025-11-27 00:14:37.233,2025-11-26 23:14:24.272,UTC-0300,tWUO8ZL77Z,,com.sec.android.app.shealth,2025-11-26 23:59:59.999,1d271185-e83a-4d0b-9733-6225a8c7807d,
63060051,2025-11-27 00:00:00.000,,931534c3-e61d-48ee-be7a-d0b6e8214e19.binning_data.json,63060051,2025-11-27 01:14:51.035,2025-11-27 00:14:37.239,UTC-0300,tWUO8ZL77Z,,com.sec.android.app.shealth,2025-11-27 00:59:59.999,931534c3-e61d-48ee-be7a-d0b6e8214e19,
63060051,2025-11-27 01:00:00.000,,5ddb07af-3631-4884-ab7f-8cbb9c400860.binning_data.json,63060051,2025-11-27 01:31:56.846,2025-11-27 01:14:51.049,UTC-0300,tWUO8ZL77Z,,com.sec.android.app.shealth,2025-11-27 01:33:59.999,5ddb07af-3631-4884-ab7f-8cbb9c400860,
63060051,2025-11-27 03:12:00.000,,360acde4-5a3c-4d23-adf5-e8ecd13d8721.binning_data.json,63060051,2025-11-27 04:12:43.026,2025-11-27 03:32:33.897,UTC-0300,tWUO8ZL77Z,,com.sec.android.app.shealth,2025-11-27 03:59:59.999,360acde4-5a3c-4d23-adf5-e8ecd13d8721,
63060051,2025-11-27 04:00:00.000,,eef34328-b21e-42bf-bc11-48ef795ca83c.binning_data.json,63060051,2025-11-27 05:12:56.335,2025-11-27 04:12:43.030,UTC-0300,tWUO8ZL77Z,,com.sec.android.app.shealth,2025-11-27 04:59:59.999,eef34328-b21e-42bf-bc11-48ef795ca83c,
63060051,2025-11-27 05:00:00.000,,714039bc-1455-4295-9300-e9bd5a0a9989.binning_data.json,63060051,2025-11-27 06:13:10.476,2025-11-27 05:12:56.340,UTC-0300,tWUO8ZL77Z,,com.sec.android.app.shealth,2025-11-27 05:59:59.999,714039bc-1455-4295-9300-e9bd5a0a9989,
63060051,2025-11-27 06:00:00.000,,0c543163-a15c-402d-9312-402cc87974bb.binning_data.json,63060051,2025-11-27 07:13:23.741,2025-11-27 06:13:10.479,UTC-0300,tWUO8ZL77Z,,com.sec.android.app.shealth,2025-11-27 06:59:59.999,0c543163-a15c-402d-9312-402cc87974bb,
63060051,2025-11-27 07:00:00.000,,ab90efb3-405c-4c2b-9b03-d1556255ca45.binning_data.json,63060051,2025-11-27 08:13:36.790,2025-11-27 07:13:23.848,UTC-0300,tWUO8ZL77Z,,com.sec.android.app.shealth,2025-11-27 07:59:59.999,ab90efb3-405c-4c2b-9b03-d1556255ca45,
63060051,2025-11-27 08:00:00.000,,7e321606-f2a5-4387-ab70-783883d076e6.binning_data.json,63060051,2025-11-27 09:13:50.256,2025-11-27 08:13:36.795,UTC-0300,tWUO8ZL77Z,,com.sec.android.app.shealth,2025-11-27 08:59:59.999,7e321606-f2a5-4387-ab70-783883d076e6,
63060051,2025-11-27 09:00:00.000,,73405728-0c20-40b3-b2c5-c5e914ffee7a.binning_data.json,63060051,2025-11-27 10:14:05.931,2025-11-27 09:13:50.263,UTC-0300,tWUO8ZL77Z,,com.sec.android.app.shealth,2025-11-27 09:59:59.999,73405728-0c20-40b3-b2c5-c5e914ffee7a,
63060051,2025-11-27 10:00:00.000,,c12dc1ac-6ac3-4165-b7bf-e4ffd012d8b8.binning_data.json,63060051,2025-11-27 11:14:20.180,2025-11-27 10:14:05.938,UTC-0300,tWUO8ZL77Z,,com.sec.android.app.shealth,2025-11-27 10:59:59.999,c12dc1ac-6ac3-4165-b7bf-e4ffd012d8b8,
63060051,2025-11-27 11:00:00.000,,511bc8c2-1f82-4371-8187-8616820a812e.binning_data.json,63060051,2025-11-27 12:14:31.737,2025-11-27 11:14:20.187,UTC-0300,tWUO8ZL77Z,,com.sec.android.app.shealth,2025-11-27 11:59:59.999,511bc8c2-1f82-4371-8187-8616820a812e,
63060051,2025-11-27 12:00:00.000,,12516420-4082-494f-8953-c486ce2a353f.binning_data.json,63060051,2025-11-27 13:14:43.999,2025-11-27 12:14:31.757,UTC-0300,tWUO8ZL77Z,,com.sec.android.app.shealth,2025-11-27 12:59:59.999,12516420-4082-494f-8953-c486ce2a353f,
63060051,2025-11-27 13:00:00.000,,e517220e-a3f7-465a-ba1d-a9d644a75d23.binning_data.json,63060051,2025-11-27 14:14:44.379,2025-11-27 13:14:44.005,UTC-0300,tWUO8ZL77Z,,com.sec.android.app.shealth,2025-11-27 13:59:59.999,e517220e-a3f7-465a-ba1d-a9d644a75d23,
63060051,2025-11-27 14:00:00.000,,f20d3faa-13c1-4a79-aa46-376f98b51405.binning_data.json,63060051,2025-11-27 15:14:54.914,2025-11-27 14:14:44.385,UTC-0300,tWUO8ZL77Z,,com.sec.android.app.shealth,2025-11-27 14:59:59.999,f20d3faa-13c1-4a79-aa46-376f98b51405,
63060051,2025-11-27 15:00:00.000,,df30c7d4-21d8-4c1c-bd49-fc965603d093.binning_data.json,63060051,2025-11-27 16:15:07.582,2025-11-27 15:14:54.997,UTC-0300,tWUO8ZL77Z,,com.sec.android.app.shealth,2025-11-27 15:59:59.999,df30c7d4-21d8-4c1c-bd49-fc965603d093,
63060051,2025-11-27 16:00:00.000,,dfa14e4f-1e39-432f-ae27-aa1a0ab9469d.binning_data.json,63060051,2025-11-27 17:15:21.416,2025-11-27 16:15:07.590,UTC-0300,tWUO8ZL77Z,,com.sec.android.app.shealth,2025-11-27 16:59:59.999,dfa14e4f-1e39-432f-ae27-aa1a0ab9469d,
63060051,2025-11-27 17:00:00.000,,c2a7a605-ba46-464f-8fd1-04cfe5ce705d.binning_data.json,63060051,2025-11-27 18:15:33.428,2025-11-27 17:15:21.485,UTC-0300,tWUO8ZL77Z,,com.sec.android.app.shealth,2025-11-27 17:59:59.999,c2a7a605-ba46-464f-8fd1-04cfe5ce705d,
63060051,2025-11-27 18:00:00.000,,f16cd9e1-f8cc-4abf-b5d3-6cf8b6f172a1.binning_data.json,63060051,2025-11-27 19:15:45.159,2025-11-27 18:15:33.495,UTC-0300,tWUO8ZL77Z,,com.sec.android.app.shealth,2025-11-27 18:59:59.999,f16cd9e1-f8cc-4abf-b5d3-6cf8b6f172a1,
63060051,2025-11-27 19:00:00.000,,79ed5ede-0068-4741-b292-0396d20f53ca.binning_data.json,63060051,2025-11-27 20:15:58.273,2025-11-27 19:15:45.168,UTC-0300,tWUO8ZL77Z,,com.sec.android.app.shealth,2025-11-27 19:59:59.999,79ed5ede-0068-4741-b292-0396d20f53ca,
63060051,2025-11-27 20:00:00.000,,1723d03f-95a1-4778-980f-4efab44ddc92.binning_data.json,63060051,2025-11-27 21:16:10.832,2025-11-27 20:15:58.282,UTC-0300,tWUO8ZL77Z,,com.sec.android.app.shealth,2025-11-27 20:59:59.999,1723d03f-95a1-4778-980f-4efab44ddc92,
63060051,2025-11-27 21:00:00.000,,bed2fed3-e9d2-40bc-b558-8e81ecffc245.binning_data.json,63060051,2025-11-27 22:16:25.262,2025-11-27 21:16:10.843,UTC-0300,tWUO8ZL77Z,,com.sec.android.app.shealth,2025-11-27 21:59:59.999,bed2fed3-e9d2-40bc-b558-8e81ecffc245,
63060051,2025-11-27 22:00:00.000,,7dfeab55-2acd-42e7-81fe-dd399d72b41e.binning_data.json,63060051,2025-11-27 23:16:37.465,2025-11-27 22:16:25.344,UTC-0300,tWUO8ZL77Z,,com.sec.android.app.shealth,2025-11-27 22:59:59.999,7dfeab55-2acd-42e7-81fe-dd399d72b41e,
63060051,2025-11-27 23:00:00.000,,cfbdf574-ea99-487e-b65c-81c9188e6c43.binning_data.json,63060051,2025-11-27 23:31:21.829,2025-11-27 23:16:37.483,UTC-0300,tWUO8ZL77Z,,com.sec.android.app.shealth,2025-11-27 23:36:59.999,cfbdf574-ea99-487e-b65c-81c9188e6c43,
63060051,2025-11-28 01:38:00.000,,3a2892a4-61dc-424e-a8d9-8b4c4234bc02.binning_data.json,63060051,2025-11-28 02:18:11.900,2025-11-28 01:58:12.676,UTC-0300,tWUO8ZL77Z,,com.sec.android.app.shealth,2025-11-28 01:59:59.999,3a2892a4-61dc-424e-a8d9-8b4c4234bc02,
63060051,2025-11-28 02:00:00.000,,ef1a45d1-c8cf-4dc6-a90c-c0b9ba03cde0.binning_data.json,63060051,2025-11-28 03:18:25.677,2025-11-28 02:18:11.918,UTC-0300,tWUO8ZL77Z,,com.sec.android.app.shealth,2025-11-28 02:59:59.999,ef1a45d1-c8cf-4dc6-a90c-c0b9ba03cde0,
63060051,2025-11-28 03:00:00.000,,2b0208ee-edfb-48ac-8a96-d33f7c3d29ed.binning_data.json,63060051,2025-11-28 04:18:40.044,2025-11-28 03:18:25.682,UTC-0300,tWUO8ZL77Z,,com.sec.android.app.shealth,2025-11-28 03:59:59.999,2b0208ee-edfb-48ac-8a96-d33f7c3d29ed,
63060051,2025-11-28 04:00:00.000,,e44ba3ba-0584-47de-962a-665f20a57df5.binning_data.json,63060051,2025-11-28 05:18:54.798,2025-11-28 04:18:40.056,UTC-0300,tWUO8ZL77Z,,com.sec.android.app.shealth,2025-11-28 04:59:59.999,e44ba3ba-0584-47de-962a-665f20a57df5,
63060051,2025-11-28 05:00:00.000,,b784b053-5bf1-4432-a87e-193adbfd514a.binning_data.json,63060051,2025-11-28 06:19:09.630,2025-11-28 05:18:54.806,UTC-0300,tWUO8ZL77Z,,com.sec.android.app.shealth,2025-11-28 05:59:59.999,b784b053-5bf1-4432-a87e-193adbfd514a,
63060051,2025-11-28 06:00:00.000,,75bbc9ed-57a5-45cf-acd7-0214c5686082.binning_data.json,63060051,2025-11-28 07:19:24.416,2025-11-28 06:19:09.639,UTC-0300,tWUO8ZL77Z,,com.sec.android.app.shealth,2025-11-28 06:59:59.999,75bbc9ed-57a5-45cf-acd7-0214c5686082,
63060051,2025-11-28 07:00:00.000,,e1b688c7-42f0-4cee-85a2-52c24e4b2251.binning_data.json,63060051,2025-11-28 08:19:38.781,2025-11-28 07:19:24.424,UTC-0300,tWUO8ZL77Z,,com.sec.android.app.shealth,2025-11-28 07:59:59.999,e1b688c7-42f0-4cee-85a2-52c24e4b2251,
63060051,2025-11-28 08:00:00.000,,0f914c54-2205-432a-9723-62353f2a394b.binning_data.json,63060051,2025-11-28 09:19:53.328,2025-11-28 08:19:38.910,UTC-0300,tWUO8ZL77Z,,com.sec.android.app.shealth,2025-11-28 08:59:59.999,0f914c54-2205-432a-9723-62353f2a394b,
63060051,2025-11-28 09:00:00.000,,ddd2939d-cd94-47e2-86e8-fa6954cc9fbc.binning_data.json,63060051,2025-11-28 10:00:03.103,2025-11-28 09:19:53.430,UTC-0300,tWUO8ZL77Z,,com.sec.android.app.shealth,2025-11-28 09:59:59.999,ddd2939d-cd94-47e2-86e8-fa6954cc9fbc,
63060051,2025-11-28 10:00:00.000,,1f727fae-7b84-47e7-b3c9-958cfa1315ac.binning_data.json,63060051,2025-11-28 11:00:14.633,2025-11-28 10:20:07.257,UTC-0300,tWUO8ZL77Z,,com.sec.android.app.shealth,2025-11-28 10:59:59.999,1f727fae-7b84-47e7-b3c9-958cfa1315ac,
63060051,2025-11-28 11:00:00.000,,b67041ac-25e2-429b-95c2-7ef4a6c78e22.binning_data.json,63060051,2025-11-28 12:00:18.871,2025-11-28 11:20:19.240,UTC-0300,tWUO8ZL77Z,,com.sec.android.app.shealth,2025-11-28 11:59:59.999,b67041ac-25e2-429b-95c2-7ef4a6c78e22,
63060051,2025-11-28 12:00:00.000,,691db2c8-6868-46aa-9fca-b1c5f94231fd.binning_data.json,63060051,2025-11-28 13:00:32.086,2025-11-28 12:20:22.425,UTC-0300,tWUO8ZL77Z,,com.sec.android.app.shealth,2025-11-28 12:59:59.999,691db2c8-6868-46aa-9fca-b1c5f94231fd,
63060051,2025-11-28 13:00:00.000,,e8f84d33-fbab-4697-8294-dfa0fffed70c.binning_data.json,63060051,2025-11-28 14:00:41.270,2025-11-28 13:20:36.980,UTC-0300,tWUO8ZL77Z,,com.sec.android.app.shealth,2025-11-28 13:59:59.999,e8f84d33-fbab-4697-8294-dfa0fffed70c,
63060051,2025-11-28 14:00:00.000,,b08b257f-6f52-41c5-a287-fee435dfa809.binning_data.json,63060051,2025-11-28 15:00:53.526,2025-11-28 14:20:44.557,UTC-0300,tWUO8ZL77Z,,com.sec.android.app.shealth,2025-11-28 14:59:59.999,b08b257f-6f52-41c5-a287-fee435dfa809,
63060051,2025-11-28 15:00:00.000,,2cd53bc0-86e6-4223-ae5b-aff0a6a8b2f0.binning_data.json,63060051,2025-11-28 16:01:04.669,2025-11-28 15:20:57.544,UTC-0300,tWUO8ZL77Z,,com.sec.android.app.shealth,2025-11-28 15:59:59.999,2cd53bc0-86e6-4223-ae5b-aff0a6a8b2f0,
63060051,2025-11-28 16:00:00.000,,1d12c6e0-ad99-44a0-bb61-42dee93d8439.binning_data.json,63060051,2025-11-28 17:01:18.713,2025-11-28 16:01:04.675,UTC-0300,tWUO8ZL77Z,,com.sec.android.app.shealth,2025-11-28 16:59:59.999,1d12c6e0-ad99-44a0-bb61-42dee93d8439,
63060051,2025-11-28 17:00:00.000,,0d3b4e49-8346-47af-bbb2-1fb2c6b5b8ef.binning_data.json,63060051,2025-11-28 18:01:29.990,2025-11-28 17:01:18.722,UTC-0300,tWUO8ZL77Z,,com.sec.android.app.shealth,2025-11-28 17:59:59.999,0d3b4e49-8346-47af-bbb2-1fb2c6b5b8ef,
63060051,2025-11-28 18:00:00.000,,9ee60fd9-606b-43cb-aee7-79cd3ac92f79.binning_data.json,63060051,2025-11-28 19:01:42.290,2025-11-28 18:01:30.005,UTC-0300,tWUO8ZL77Z,,com.sec.android.app.shealth,2025-11-28 18:59:59.999,9ee60fd9-606b-43cb-aee7-79cd3ac92f79,
63060051,2025-11-28 19:00:00.000,,8fe65f8b-8f0f-4d4a-a9a5-168b9e6bbc54.binning_data.json,63060051,2025-11-28 20:01:51.425,2025-11-28 19:01:42.305,UTC-0300,tWUO8ZL77Z,,com.sec.android.app.shealth,2025-11-28 19:59:59.999,8fe65f8b-8f0f-4d4a-a9a5-168b9e6bbc54,
63060051,2025-11-28 20:00:00.000,,3f11b40d-aa03-4ce9-a729-23a4052aa504.binning_data.json,63060051,2025-11-28 21:02:01.107,2025-11-28 20:01:51.435,UTC-0300,tWUO8ZL77Z,,com.sec.android.app.shealth,2025-11-28 20:59:59.999,3f11b40d-aa03-4ce9-a729-23a4052aa504,
63060051,2025-11-28 21:00:00.000,,81dd8bdf-e8a4-47ae-9ad7-2aecd70589da.binning_data.json,63060051,2025-11-28 22:02:13.927,2025-11-28 21:02:01.115,UTC-0300,tWUO8ZL77Z,,com.sec.android.app.shealth,2025-11-28 21:59:59.999,81dd8bdf-e8a4-47ae-9ad7-2aecd70589da,
63060051,2025-11-28 22:00:00.000,,5d520221-9953-4470-92f2-f61e9126e3b1.binning_data.json,63060051,2025-11-28 23:02:25.407,2025-11-28 22:02:13.940,UTC-0300,tWUO8ZL77Z,,com.sec.android.app.shealth,2025-11-28 22:59:59.999,5d520221-9953-4470-92f2-f61e9126e3b1,
63060051,2025-11-28 23:00:00.000,,004eafa0-5a17-408d-912c-1a047be7786f.binning_data.json,63060051,2025-11-28 23:34:11.084,2025-11-28 23:02:25.413,UTC-0300,tWUO8ZL77Z,,com.sec.android.app.shealth,2025-11-28 23:42:59.999,004eafa0-5a17-408d-912c-1a047be7786f,
63060051,2025-11-29 03:27:00.000,,6cb8dd5a-1ada-4110-b0e4-bac59067dc25.binning_data.json,63060051,2025-11-29 04:07:30.895,2025-11-29 03:47:26.385,UTC-0300,tWUO8ZL77Z,,com.sec.android.app.shealth,2025-11-29 03:59:59.999,6cb8dd5a-1ada-4110-b0e4-bac59067dc25,
63060051,2025-11-29 04:00:00.000,,0d722e52-29b1-4d23-9e48-14b71d28120a.binning_data.json,63060051,2025-11-29 05:07:44.735,2025-11-29 04:07:30.905,UTC-0300,tWUO8ZL77Z,,com.sec.android.app.shealth,2025-11-29 04:59:59.999,0d722e52-29b1-4d23-9e48-14b71d28120a,
63060051,2025-11-29 05:00:00.000,,787bde8c-8f1e-403d-b1f2-f9a10f720b20.binning_data.json,63060051,2025-11-29 06:07:59.759,2025-11-29 05:07:44.802,UTC-0300,tWUO8ZL77Z,,com.sec.android.app.shealth,2025-11-29 05:59:59.999,787bde8c-8f1e-403d-b1f2-f9a10f720b20,
63060051,2025-11-29 06:00:00.000,,0e079032-2a3c-4a72-8b70-c3619c1056ff.binning_data.json,63060051,2025-11-29 07:08:14.149,2025-11-29 06:07:59.851,UTC-0300,tWUO8ZL77Z,,com.sec.android.app.shealth,2025-11-29 06:59:59.999,0e079032-2a3c-4a72-8b70-c3619c1056ff,
63060051,2025-11-29 07:00:00.000,,dd9d3ed9-3ce9-4820-a216-0af7f18e6d0c.binning_data.json,63060051,2025-11-29 08:08:28.433,2025-11-29 07:08:14.154,UTC-0300,tWUO8ZL77Z,,com.sec.android.app.shealth,2025-11-29 07:59:59.999,dd9d3ed9-3ce9-4820-a216-0af7f18e6d0c,
63060051,2025-11-29 08:00:00.000,,35e5882a-aec0-491d-81b9-5e2cdb295364.binning_data.json,63060051,2025-11-29 09:08:42.982,2025-11-29 08:08:28.438,UTC-0300,tWUO8ZL77Z,,com.sec.android.app.shealth,2025-11-29 08:59:59.999,35e5882a-aec0-491d-81b9-5e2cdb295364,
63060051,2025-11-29 09:00:00.000,,38947e16-0458-4b07-b944-f7fe50f030d3.binning_data.json,63060051,2025-11-29 10:08:56.211,2025-11-29 09:08:42.992,UTC-0300,tWUO8ZL77Z,,com.sec.android.app.shealth,2025-11-29 09:59:59.999,38947e16-0458-4b07-b944-f7fe50f030d3,
63060051,2025-11-29 10:00:00.000,,c907ebd5-42ef-4e38-b412-265fa59a35d6.binning_data.json,63060051,2025-11-29 11:09:09.548,2025-11-29 10:08:56.222,UTC-0300,tWUO8ZL77Z,,com.sec.android.app.shealth,2025-11-29 10:59:59.999,c907ebd5-42ef-4e38-b412-265fa59a35d6,
63060051,2025-11-29 11:00:00.000,,541f9a1d-ed1e-4777-bb30-db7533f21fe2.binning_data.json,63060051,2025-11-29 12:09:20.656,2025-11-29 11:09:09.562,UTC-0300,tWUO8ZL77Z,,com.sec.android.app.shealth,2025-11-29 11:59:59.999,541f9a1d-ed1e-4777-bb30-db7533f21fe2,
63060051,2025-11-29 12:00:00.000,,f674bd8d-84d5-440d-9373-36832b4a3a25.binning_data.json,63060051,2025-11-29 13:09:20.251,2025-11-29 12:09:20.662,UTC-0300,tWUO8ZL77Z,,com.sec.android.app.shealth,2025-11-29 12:59:59.999,f674bd8d-84d5-440d-9373-36832b4a3a25,
63060051,2025-11-29 13:00:00.000,,c39991a3-f56c-4f00-96fe-f68c228641ba.binning_data.json,63060051,2025-11-29 14:09:29.955,2025-11-29 13:09:20.261,UTC-0300,tWUO8ZL77Z,,com.sec.android.app.shealth,2025-11-29 13:59:59.999,c39991a3-f56c-4f00-96fe-f68c228641ba,
63060051,2025-11-29 14:00:00.000,,eaba9918-2465-40fe-adaf-9ee4d221f2fb.binning_data.json,63060051,2025-11-29 15:09:38.771,2025-11-29 14:09:29.996,UTC-0300,tWUO8ZL77Z,,com.sec.android.app.shealth,2025-11-29 14:59:59.999,eaba9918-2465-40fe-adaf-9ee4d221f2fb,
63060051,2025-11-29 15:00:00.000,,28f7a339-2270-42dd-9c53-749f080aa591.binning_data.json,63060051,2025-11-29 16:09:50.026,2025-11-29 15:09:38.802,UTC-0300,tWUO8ZL77Z,,com.sec.android.app.shealth,2025-11-29 15:59:59.999,28f7a339-2270-42dd-9c53-749f080aa591,
63060051,2025-11-29 16:00:00.000,,a09f017a-7d6a-495c-8680-f0784b929d80.binning_data.json,63060051,2025-11-29 17:10:01.510,2025-11-29 16:09:50.038,UTC-0300,tWUO8ZL77Z,,com.sec.android.app.shealth,2025-11-29 16:59:59.999,a09f017a-7d6a-495c-8680-f0784b929d80,
63060051,2025-11-29 17:00:00.000,,eec33d31-820a-4111-9a69-aba874e1b0cd.binning_data.json,63060051,2025-11-29 18:10:15.018,2025-11-29 17:10:01.568,UTC-0300,tWUO8ZL77Z,,com.sec.android.app.shealth,2025-11-29 17:59:59.999,eec33d31-820a-4111-9a69-aba874e1b0cd,
63060051,2025-11-29 18:00:00.000,,5cab3680-ef9d-4afc-a5e4-9a6e2d31aec3.binning_data.json,63060051,2025-11-29 19:06:19.286,2025-11-29 18:10:15.025,UTC-0300,tWUO8ZL77Z,,com.sec.android.app.shealth,2025-11-29 18:59:59.999,5cab3680-ef9d-4afc-a5e4-9a6e2d31aec3,
63060051,2025-11-29 19:00:00.000,,985b898d-7555-4ca1-9d1a-da8bf37e6673.binning_data.json,63060051,2025-11-29 19:06:19.297,2025-11-29 19:06:19.297,UTC-0300,tWUO8ZL77Z,,com.sec.android.app.shealth,2025-11-29 19:10:59.999,985b898d-7555-4ca1-9d1a-da8bf37e6673,
63060051,2025-11-29 20:02:00.000,,43003128-b435-409d-9bbe-21a22603377a.binning_data.json,63060051,2025-11-29 21:02:45.880,2025-11-29 20:22:36.759,UTC-0300,tWUO8ZL77Z,,com.sec.android.app.shealth,2025-11-29 20:59:59.999,43003128-b435-409d-9bbe-21a22603377a,
63060051,2025-11-29 21:00:00.000,,af46e8c7-7b76-4f63-934d-aa05712579e0.binning_data.json,63060051,2025-11-29 22:02:59.892,2025-11-29 21:02:45.922,UTC-0300,tWUO8ZL77Z,,com.sec.android.app.shealth,2025-11-29 21:59:59.999,af46e8c7-7b76-4f63-934d-aa05712579e0,
63060051,2025-11-29 22:00:00.000,,45ec83e0-9c96-4abf-b278-d2dc3b8ff934.binning_data.json,63060051,2025-11-29 23:03:10.150,2025-11-29 22:02:59.905,UTC-0300,tWUO8ZL77Z,,com.sec.android.app.shealth,2025-11-29 22:59:59.999,45ec83e0-9c96-4abf-b278-d2dc3b8ff934,
63060051,2025-11-29 23:00:00.000,,749bf314-d479-486c-b4c3-37b5d7b527c8.binning_data.json,63060051,2025-11-30 00:03:24.512,2025-11-29 23:03:10.158,UTC-0300,tWUO8ZL77Z,,com.sec.android.app.shealth,2025-11-29 23:59:59.999,749bf314-d479-486c-b4c3-37b5d7b527c8,
63060051,2025-11-30 00:00:00.000,,ffcc9dbf-8e80-4f13-99b5-f64ac25161ca.binning_data.json,63060051,2025-11-30 01:03:37.537,2025-11-30 00:03:24.625,UTC-0300,tWUO8ZL77Z,,com.sec.android.app.shealth,2025-11-30 00:59:59.999,ffcc9dbf-8e80-4f13-99b5-f64ac25161ca,
63060051,2025-11-30 01:00:00.000,,76461f66-0fc8-47cd-8feb-a901bc97e169.binning_data.json,63060051,2025-11-30 01:53:32.125,2025-11-30 01:06:24.275,UTC-0300,tWUO8ZL77Z,,com.sec.android.app.shealth,2025-11-30 01:59:59.999,76461f66-0fc8-47cd-8feb-a901bc97e169,
63060051,2025-11-30 02:00:00.000,,19c45fab-3ea2-43c7-833d-09443c4fa4fd.binning_data.json,63060051,2025-11-30 01:53:32.142,2025-11-30 01:53:32.142,UTC-0300,tWUO8ZL77Z,,com.sec.android.app.shealth,2025-11-30 02:03:59.999,19c45fab-3ea2-43c7-833d-09443c4fa4fd,
63060051,2025-11-30 11:37:00.000,,5e978211-328f-4efd-87cd-d62993133b3e.binning_data.json,63060051,2025-11-30 12:17:18.753,2025-11-30 11:57:14.760,UTC-0300,tWUO8ZL77Z,,com.sec.android.app.shealth,2025-11-30 11:59:59.999,5e978211-328f-4efd-87cd-d62993133b3e,
63060051,2025-11-30 12:00:00.000,,5ee4d3b5-935f-4df4-90a2-83207a6d951e.binning_data.json,63060051,2025-11-30 13:17:31.604,2025-11-30 12:17:18.759,UTC-0300,tWUO8ZL77Z,,com.sec.android.app.shealth,2025-11-30 12:59:59.999,5ee4d3b5-935f-4df4-90a2-83207a6d951e,
63060051,2025-11-30 13:00:00.000,,6cf00cf7-1707-493a-870d-3307a4110884.binning_data.json,63060051,2025-11-30 14:17:41.823,2025-11-30 13:17:31.621,UTC-0300,tWUO8ZL77Z,,com.sec.android.app.shealth,2025-11-30 13:59:59.999,6cf00cf7-1707-493a-870d-3307a4110884,
63060051,2025-11-30 14:00:00.000,,5d107dcc-6f4b-42bd-b3f8-7e5bfd672102.binning_data.json,63060051,2025-11-30 15:17:53.879,2025-11-30 14:17:41.833,UTC-0300,tWUO8ZL77Z,,com.sec.android.app.shealth,2025-11-30 14:59:59.999,5d107dcc-6f4b-42bd-b3f8-7e5bfd672102,
63060051,2025-11-30 15:00:00.000,,1c9b2288-f355-411a-ba6a-27ea0341c918.binning_data.json,63060051,2025-11-30 16:18:05.781,2025-11-30 15:17:53.894,UTC-0300,tWUO8ZL77Z,,com.sec.android.app.shealth,2025-11-30 15:59:59.999,1c9b2288-f355-411a-ba6a-27ea0341c918,
63060051,2025-11-30 16:00:00.000,,06df7234-a2d0-4905-9e03-68656af58551.binning_data.json,63060051,2025-11-30 17:18:17.916,2025-11-30 16:18:05.928,UTC-0300,tWUO8ZL77Z,,com.sec.android.app.shealth,2025-11-30 16:59:59.999,06df7234-a2d0-4905-9e03-68656af58551,
63060051,2025-11-30 17:00:00.000,,289548fd-1060-430a-942a-d4857748c558.binning_data.json,63060051,2025-11-30 18:18:28.804,2025-11-30 17:18:17.936,UTC-0300,tWUO8ZL77Z,,com.sec.android.app.shealth,2025-11-30 17:59:59.999,289548fd-1060-430a-942a-d4857748c558,
63060051,2025-11-30 18:00:00.000,,cc448b50-5cb3-4310-93da-bcdb11cee868.binning_data.json,63060051,2025-11-30 19:18:41.828,2025-11-30 18:18:28.812,UTC-0300,tWUO8ZL77Z,,com.sec.android.app.shealth,2025-11-30 18:59:59.999,cc448b50-5cb3-4310-93da-bcdb11cee868,
63060051,2025-11-30 19:00:00.000,,f23fe682-5883-43e6-a21a-eccbd3c50a90.binning_data.json,63060051,2025-11-30 20:18:51.551,2025-11-30 19:18:41.834,UTC-0300,tWUO8ZL77Z,,com.sec.android.app.shealth,2025-11-30 19:59:59.999,f23fe682-5883-43e6-a21a-eccbd3c50a90,
63060051,2025-11-30 20:00:00.000,,c3c0d4a7-3424-4a75-ab5e-9aa663026bfa.binning_data.json,63060051,2025-11-30 21:18:59.698,2025-11-30 20:18:51.565,UTC-0300,tWUO8ZL77Z,,com.sec.android.app.shealth,2025-11-30 20:59:59.999,c3c0d4a7-3424-4a75-ab5e-9aa663026bfa,
63060051,2025-11-30 21:00:00.000,,67205962-515a-437c-9850-659c7ef89229.binning_data.json,63060051,2025-11-30 22:19:11.700,2025-11-30 21:18:59.707,UTC-0300,tWUO8ZL77Z,,com.sec.android.app.shealth,2025-11-30 21:59:59.999,67205962-515a-437c-9850-659c7ef89229,
63060051,2025-11-30 22:00:00.000,,4e7cca05-8b57-4bc2-bd77-bc6cd8bc8322.binning_data.json,63060051,2025-11-30 23:19:23.459,2025-11-30 22:19:11.710,UTC-0300,tWUO8ZL77Z,,com.sec.android.app.shealth,2025-11-30 22:59:59.999,4e7cca05-8b57-4bc2-bd77-bc6cd8bc8322,
63060051,2025-11-30 23:00:00.000,,718145ee-6bc5-46d1-84cc-b6f13bc80d03.binning_data.json,63060051,2025-11-30 23:43:28.653,2025-11-30 23:19:23.469,UTC-0300,tWUO8ZL77Z,,com.sec.android.app.shealth,2025-11-30 23:59:59.999,718145ee-6bc5-46d1-84cc-b6f13bc80d03,
63060051,2025-12-01 00:08:00.000,,a980850f-df02-4ae9-90f2-2af48762b35c.binning_data.json,63060051,2025-12-01 01:08:37.007,2025-12-01 00:28:27.325,UTC-0300,tWUO8ZL77Z,,com.sec.android.app.shealth,2025-12-01 00:59:59.999,a980850f-df02-4ae9-90f2-2af48762b35c,
63060051,2025-12-01 01:00:00.000,,3746a47d-2c44-4960-87c0-a0927444ff33.binning_data.json,63060051,2025-12-01 02:08:52.439,2025-12-01 01:08:37.017,UTC-0300,tWUO8ZL77Z,,com.sec.android.app.shealth,2025-12-01 01:59:59.999,3746a47d-2c44-4960-87c0-a0927444ff33,
63060051,2025-12-01 02:00:00.000,,cb8f2d99-277c-4aa8-b040-e5a414b02f05.binning_data.json,63060051,2025-12-01 03:09:07.907,2025-12-01 02:08:52.545,UTC-0300,tWUO8ZL77Z,,com.sec.android.app.shealth,2025-12-01 02:59:59.999,cb8f2d99-277c-4aa8-b040-e5a414b02f05,
63060051,2025-12-01 03:00:00.000,,de0ed119-fee5-420d-adc7-1544ae4d9f4b.binning_data.json,63060051,2025-12-01 04:09:24.201,2025-12-01 03:09:07.917,UTC-0300,tWUO8ZL77Z,,com.sec.android.app.shealth,2025-12-01 03:59:59.999,de0ed119-fee5-420d-adc7-1544ae4d9f4b,
63060051,2025-12-01 04:00:00.000,,3c49c6b3-c8eb-4247-8a60-b4793f61617f.binning_data.json,63060051,2025-12-01 05:09:39.521,2025-12-01 04:09:24.208,UTC-0300,tWUO8ZL77Z,,com.sec.android.app.shealth,2025-12-01 04:59:59.999,3c49c6b3-c8eb-4247-8a60-b4793f61617f,
63060051,2025-12-01 05:00:00.000,,5985c215-d90d-4c76-88c7-59ef493a15a7.binning_data.json,63060051,2025-12-01 06:09:55.547,2025-12-01 05:09:39.525,UTC-0300,tWUO8ZL77Z,,com.sec.android.app.shealth,2025-12-01 05:59:59.999,5985c215-d90d-4c76-88c7-59ef493a15a7,
63060051,2025-12-01 06:00:00.000,,3abfeca2-529f-463c-88d7-cf78fbec6d43.binning_data.json,63060051,2025-12-01 07:10:11.542,2025-12-01 06:09:55.554,UTC-0300,tWUO8ZL77Z,,com.sec.android.app.shealth,2025-12-01 06:59:59.999,3abfeca2-529f-463c-88d7-cf78fbec6d43,
63060051,2025-12-01 07:00:00.000,,23cdfa0a-fa34-413a-a7aa-1bde20a89422.binning_data.json,63060051,2025-12-01 08:10:27.336,2025-12-01 07:10:11.564,UTC-0300,tWUO8ZL77Z,,com.sec.android.app.shealth,2025-12-01 07:59:59.999,23cdfa0a-fa34-413a-a7aa-1bde20a89422,
63060051,2025-12-01 08:00:00.000,,42bfde19-2083-4942-bb66-820787cedd65.binning_data.json,63060051,2025-12-01 09:10:42.916,2025-12-01 08:10:27.355,UTC-0300,tWUO8ZL77Z,,com.sec.android.app.shealth,2025-12-01 08:59:59.999,42bfde19-2083-4942-bb66-820787cedd65,
63060051,2025-12-01 09:00:00.000,,2cc042b3-9af7-492b-9221-3e18af302ec0.binning_data.json,63060051,2025-12-01 10:10:58.265,2025-12-01 09:10:42.922,UTC-0300,tWUO8ZL77Z,,com.sec.android.app.shealth,2025-12-01 09:59:59.999,2cc042b3-9af7-492b-9221-3e18af302ec0,
63060051,2025-12-01 10:00:00.000,,3d2d5022-879a-4e8c-bc84-9ff56a3ddbf1.binning_data.json,63060051,2025-12-01 11:11:01.021,2025-12-01 10:15:14.566,UTC-0300,tWUO8ZL77Z,,com.sec.android.app.shealth,2025-12-01 10:59:59.999,3d2d5022-879a-4e8c-bc84-9ff56a3ddbf1,
63060051,2025-12-01 11:00:00.000,,f9aa3de8-a06a-4a5f-8306-b8df26349576.binning_data.json,63060051,2025-12-01 12:11:14.305,2025-12-01 11:11:01.027,UTC-0300,tWUO8ZL77Z,,com.sec.android.app.shealth,2025-12-01 11:59:59.999,f9aa3de8-a06a-4a5f-8306-b8df26349576,
63060051,2025-12-01 12:00:00.000,,bb60443f-6afc-47fa-8fb3-9bbd15500c70.binning_data.json,63060051,2025-12-01 13:11:23.915,2025-12-01 12:11:14.310,UTC-0300,tWUO8ZL77Z,,com.sec.android.app.shealth,2025-12-01 12:59:59.999,bb60443f-6afc-47fa-8fb3-9bbd15500c70,
63060051,2025-12-01 13:00:00.000,,ccbcae63-ebf2-4b32-92ff-0dd8421226c3.binning_data.json,63060051,2025-12-01 14:11:36.799,2025-12-01 13:11:23.923,UTC-0300,tWUO8ZL77Z,,com.sec.android.app.shealth,2025-12-01 13:59:59.999,ccbcae63-ebf2-4b32-92ff-0dd8421226c3,
63060051,2025-12-01 14:00:00.000,,12e9fb2e-7cc1-47c4-9e1f-01b3139cec8d.binning_data.json,63060051,2025-12-01 15:11:48.857,2025-12-01 14:11:36.814,UTC-0300,tWUO8ZL77Z,,com.sec.android.app.shealth,2025-12-01 14:59:59.999,12e9fb2e-7cc1-47c4-9e1f-01b3139cec8d,
63060051,2025-12-01 15:00:00.000,,b31f0cb2-10f2-4107-8166-18d30766eaa7.binning_data.json,63060051,2025-12-01 16:12:02.817,2025-12-01 15:11:48.864,UTC-0300,tWUO8ZL77Z,,com.sec.android.app.shealth,2025-12-01 15:59:59.999,b31f0cb2-10f2-4107-8166-18d30766eaa7,
63060051,2025-12-01 16:00:00.000,,f21c93e2-e356-497b-8200-5334dd4331da.binning_data.json,63060051,2025-12-01 16:52:12.637,2025-12-01 16:12:02.829,UTC-0300,tWUO8ZL77Z,,com.sec.android.app.shealth,2025-12-01 16:51:59.999,f21c93e2-e356-497b-8200-5334dd4331da,
63060051,2025-12-01 18:31:00.000,,9e51f3c5-d2ea-4c8c-bf19-10dd8b41acc3.binning_data.json,63060051,2025-12-01 19:11:44.757,2025-12-01 18:51:40.060,UTC-0300,tWUO8ZL77Z,,com.sec.android.app.shealth,2025-12-01 18:59:59.999,9e51f3c5-d2ea-4c8c-bf19-10dd8b41acc3,
63060051,2025-12-01 19:00:00.000,,92696ecd-eae0-49bf-94ee-14f307a5fbdd.binning_data.json,63060051,2025-12-01 20:11:52.873,2025-12-01 19:11:44.762,UTC-0300,tWUO8ZL77Z,,com.sec.android.app.shealth,2025-12-01 19:59:59.999,92696ecd-eae0-49bf-94ee-14f307a5fbdd,
63060051,2025-12-01 20:00:00.000,,2c5121d0-ab16-4ae5-8638-b473614be7e4.binning_data.json,63060051,2025-12-01 21:12:05.368,2025-12-01 20:11:52.879,UTC-0300,tWUO8ZL77Z,,com.sec.android.app.shealth,2025-12-01 20:59:59.999,2c5121d0-ab16-4ae5-8638-b473614be7e4,
63060051,2025-12-01 21:00:00.000,,d5164f40-32e2-4cde-acbb-1f6f9c319016.binning_data.json,63060051,2025-12-01 22:12:18.031,2025-12-01 21:12:05.373,UTC-0300,tWUO8ZL77Z,,com.sec.android.app.shealth,2025-12-01 21:59:59.999,d5164f40-32e2-4cde-acbb-1f6f9c319016,
63060051,2025-12-01 22:00:00.000,,5714aac5-274c-43c6-a9dc-08b7bb1639d6.binning_data.json,63060051,2025-12-01 23:12:30.390,2025-12-01 22:12:18.036,UTC-0300,tWUO8ZL77Z,,com.sec.android.app.shealth,2025-12-01 22:59:59.999,5714aac5-274c-43c6-a9dc-08b7bb1639d6,
63060051,2025-12-01 23:00:00.000,,dc924f61-4730-4ea2-9a7c-fa9422274cf1.binning_data.json,63060051,2025-12-02 00:12:41.998,2025-12-01 23:12:30.397,UTC-0300,tWUO8ZL77Z,,com.sec.android.app.shealth,2025-12-01 23:59:59.999,dc924f61-4730-4ea2-9a7c-fa9422274cf1,
63060051,2025-12-02 00:00:00.000,,2ea167e0-039e-4fd7-bce0-bbfe1b885699.binning_data.json,63060051,2025-12-02 01:05:32.682,2025-12-02 00:12:42.009,UTC-0300,tWUO8ZL77Z,,com.sec.android.app.shealth,2025-12-02 00:59:59.999,2ea167e0-039e-4fd7-bce0-bbfe1b885699,
63060051,2025-12-02 01:00:00.000,,67049e28-bd91-4eb7-920a-5946f3d995ff.binning_data.json,63060051,2025-12-02 02:07:31.544,2025-12-02 01:05:32.692,UTC-0300,tWUO8ZL77Z,,com.sec.android.app.shealth,2025-12-02 01:59:59.999,67049e28-bd91-4eb7-920a-5946f3d995ff,
63060051,2025-12-02 02:00:00.000,,c17e7f7a-9410-49a9-af2e-3a2b6bc3b89b.binning_data.json,63060051,2025-12-02 03:07:46.216,2025-12-02 02:07:31.633,UTC-0300,tWUO8ZL77Z,,com.sec.android.app.shealth,2025-12-02 02:59:59.999,c17e7f7a-9410-49a9-af2e-3a2b6bc3b89b,
63060051,2025-12-02 03:00:00.000,,9a34b8f4-5527-446f-843f-a35168dbacd8.binning_data.json,63060051,2025-12-02 04:08:01.554,2025-12-02 03:07:46.233,UTC-0300,tWUO8ZL77Z,,com.sec.android.app.shealth,2025-12-02 03:59:59.999,9a34b8f4-5527-446f-843f-a35168dbacd8,
63060051,2025-12-02 04:00:00.000,,ff2b5290-90bb-4f12-abaa-4a4a9afebb60.binning_data.json,63060051,2025-12-02 05:08:17.562,2025-12-02 04:08:01.569,UTC-0300,tWUO8ZL77Z,,com.sec.android.app.shealth,2025-12-02 04:59:59.999,ff2b5290-90bb-4f12-abaa-4a4a9afebb60,
63060051,2025-12-02 05:00:00.000,,5f81b138-c66b-44ca-a2e1-2cd5b76d9bca.binning_data.json,63060051,2025-12-02 06:08:32.923,2025-12-02 05:08:17.637,UTC-0300,tWUO8ZL77Z,,com.sec.android.app.shealth,2025-12-02 05:59:59.999,5f81b138-c66b-44ca-a2e1-2cd5b76d9bca,
63060051,2025-12-02 06:00:00.000,,7f302059-5d8d-43a8-bc2a-45095355465e.binning_data.json,63060051,2025-12-02 07:08:48.467,2025-12-02 06:08:32.941,UTC-0300,tWUO8ZL77Z,,com.sec.android.app.shealth,2025-12-02 06:59:59.999,7f302059-5d8d-43a8-bc2a-45095355465e,
63060051,2025-12-02 07:00:00.000,,0f40be9d-9b58-4682-af36-db77555f2974.binning_data.json,63060051,2025-12-02 08:09:03.750,2025-12-02 07:08:48.545,UTC-0300,tWUO8ZL77Z,,com.sec.android.app.shealth,2025-12-02 07:59:59.999,0f40be9d-9b58-4682-af36-db77555f2974,
63060051,2025-12-02 08:00:00.000,,4703a7cf-3ca6-4204-8c81-54c1d801ee07.binning_data.json,63060051,2025-12-02 09:09:18.710,2025-12-02 08:09:03.943,UTC-0300,tWUO8ZL77Z,,com.sec.android.app.shealth,2025-12-02 08:59:59.999,4703a7cf-3ca6-4204-8c81-54c1d801ee07,
63060051,2025-12-02 09:00:00.000,,c49557a3-38f2-4832-b4d6-fa828406d223.binning_data.json,63060051,2025-12-02 09:48:24.513,2025-12-02 09:09:18.720,UTC-0300,tWUO8ZL77Z,,com.sec.android.app.shealth,2025-12-02 09:49:59.999,c49557a3-38f2-4832-b4d6-fa828406d223,
63060051,2025-12-02 10:30:00.000,,32010319-e722-4b4c-a343-ef94383de588.binning_data.json,63060051,2025-12-02 11:10:22.522,2025-12-02 10:50:18.757,UTC-0300,tWUO8ZL77Z,,com.sec.android.app.shealth,2025-12-02 10:59:59.999,32010319-e722-4b4c-a343-ef94383de588,
63060051,2025-12-02 11:00:00.000,,bd4c4306-d8ad-40be-b55f-90a0cddf86d8.binning_data.json,63060051,2025-12-02 12:10:34.680,2025-12-02 11:10:22.553,UTC-0300,tWUO8ZL77Z,,com.sec.android.app.shealth,2025-12-02 11:59:59.999,bd4c4306-d8ad-40be-b55f-90a0cddf86d8,
63060051,2025-12-02 12:00:00.000,,c8a19971-5927-4770-a024-4848ce3ccb3f.binning_data.json,63060051,2025-12-02 13:10:45.695,2025-12-02 12:10:34.686,UTC-0300,tWUO8ZL77Z,,com.sec.android.app.shealth,2025-12-02 12:59:59.999,c8a19971-5927-4770-a024-4848ce3ccb3f,
63060051,2025-12-02 13:00:00.000,,087f7d63-a0ad-4077-bf67-a1658345df6c.binning_data.json,63060051,2025-12-02 14:10:56.677,2025-12-02 13:10:45.705,UTC-0300,tWUO8ZL77Z,,com.sec.android.app.shealth,2025-12-02 13:59:59.999,087f7d63-a0ad-4077-bf67-a1658345df6c,
63060051,2025-12-02 14:00:00.000,,8aa2e1cb-fc00-44ac-bfa4-524e2dbb1dcb.binning_data.json,63060051,2025-12-02 15:11:08.825,2025-12-02 14:10:56.685,UTC-0300,tWUO8ZL77Z,,com.sec.android.app.shealth,2025-12-02 14:59:59.999,8aa2e1cb-fc00-44ac-bfa4-524e2dbb1dcb,
63060051,2025-12-02 15:00:00.000,,463c7ad9-b2bb-42d7-84f5-119df3969257.binning_data.json,63060051,2025-12-02 16:11:20.931,2025-12-02 15:11:08.837,UTC-0300,tWUO8ZL77Z,,com.sec.android.app.shealth,2025-12-02 15:59:59.999,463c7ad9-b2bb-42d7-84f5-119df3969257,
63060051,2025-12-02 16:00:00.000,,04d4c70d-0a58-4ea0-8018-5a48efc56e31.binning_data.json,63060051,2025-12-02 17:11:30.025,2025-12-02 16:11:20.938,UTC-0300,tWUO8ZL77Z,,com.sec.android.app.shealth,2025-12-02 16:59:59.999,04d4c70d-0a58-4ea0-8018-5a48efc56e31,
63060051,2025-12-02 17:00:00.000,,bdcf0a74-02e0-49de-b5da-b71aed2d671c.binning_data.json,63060051,2025-12-02 18:11:43.544,2025-12-02 17:11:30.034,UTC-0300,tWUO8ZL77Z,,com.sec.android.app.shealth,2025-12-02 17:59:59.999,bdcf0a74-02e0-49de-b5da-b71aed2d671c,
63060051,2025-12-02 18:00:00.000,,32d64f53-ac8c-4892-88a1-75144af21145.binning_data.json,63060051,2025-12-02 19:11:57.017,2025-12-02 18:11:43.688,UTC-0300,tWUO8ZL77Z,,com.sec.android.app.shealth,2025-12-02 18:59:59.999,32d64f53-ac8c-4892-88a1-75144af21145,
63060051,2025-12-02 19:00:00.000,,4a0ca27f-cda3-485a-82da-365662c59669.binning_data.json,63060051,2025-12-02 20:12:07.312,2025-12-02 19:11:57.026,UTC-0300,tWUO8ZL77Z,,com.sec.android.app.shealth,2025-12-02 19:59:59.999,4a0ca27f-cda3-485a-82da-365662c59669,
63060051,2025-12-02 20:00:00.000,,6ed62166-7384-4ade-83f0-24cbb70c158f.binning_data.json,63060051,2025-12-02 21:12:20.722,2025-12-02 20:12:07.322,UTC-0300,tWUO8ZL77Z,,com.sec.android.app.shealth,2025-12-02 20:59:59.999,6ed62166-7384-4ade-83f0-24cbb70c158f,
63060051,2025-12-02 21:00:00.000,,415f5eb2-c6e5-43e3-964d-57c159c1d40d.binning_data.json,63060051,2025-12-02 22:12:34.584,2025-12-02 21:12:20.731,UTC-0300,tWUO8ZL77Z,,com.sec.android.app.shealth,2025-12-02 21:59:59.999,415f5eb2-c6e5-43e3-964d-57c159c1d40d,
63060051,2025-12-02 22:00:00.000,,c06caa52-ad34-4bc3-a84b-7f753cdbcb62.binning_data.json,63060051,2025-12-02 23:12:46.979,2025-12-02 22:12:34.589,UTC-0300,tWUO8ZL77Z,,com.sec.android.app.shealth,2025-12-02 22:59:59.999,c06caa52-ad34-4bc3-a84b-7f753cdbcb62,
63060051,2025-12-02 23:00:00.000,,1e31fe8c-d834-445a-ac08-a55a18b35f9a.binning_data.json,63060051,2025-12-03 00:07:57.414,2025-12-02 23:12:46.987,UTC-0300,tWUO8ZL77Z,,com.sec.android.app.shealth,2025-12-02 23:59:59.999,1e31fe8c-d834-445a-ac08-a55a18b35f9a,
63060051,2025-12-03 00:00:00.000,,4bc1cf58-0425-4db7-a361-c001f5556b64.binning_data.json,63060051,2025-12-03 00:07:57.479,2025-12-03 00:07:57.479,UTC-0300,tWUO8ZL77Z,,com.sec.android.app.shealth,2025-12-03 00:12:59.999,4bc1cf58-0425-4db7-a361-c001f5556b64,
63060051,2025-12-03 01:21:00.000,,fd34dc27-f3a1-4fc9-b55b-5778eb802b35.binning_data.json,63060051,2025-12-03 02:02:02.912,2025-12-03 01:41:59.069,UTC-0300,tWUO8ZL77Z,,com.sec.android.app.shealth,2025-12-03 01:59:59.999,fd34dc27-f3a1-4fc9-b55b-5778eb802b35,
63060051,2025-12-03 02:00:00.000,,4fe9d192-091b-4d21-a936-f8de62d62a45.binning_data.json,63060051,2025-12-03 03:02:14.500,2025-12-03 02:02:02.918,UTC-0300,tWUO8ZL77Z,,com.sec.android.app.shealth,2025-12-03 02:59:59.999,4fe9d192-091b-4d21-a936-f8de62d62a45,
63060051,2025-12-03 03:00:00.000,,fbe70d94-17b9-4c56-996e-a110d658de8a.binning_data.json,63060051,2025-12-03 04:02:25.891,2025-12-03 03:02:14.505,UTC-0300,tWUO8ZL77Z,,com.sec.android.app.shealth,2025-12-03 03:59:59.999,fbe70d94-17b9-4c56-996e-a110d658de8a,
63060051,2025-12-03 04:00:00.000,,25fe7518-2a82-4ddf-b09d-85167dfa0d94.binning_data.json,63060051,2025-12-03 05:02:36.135,2025-12-03 04:02:25.896,UTC-0300,tWUO8ZL77Z,,com.sec.android.app.shealth,2025-12-03 04:59:59.999,25fe7518-2a82-4ddf-b09d-85167dfa0d94,
63060051,2025-12-03 05:00:00.000,,1ebe8ebf-a854-41f0-8831-594bc9b618cd.binning_data.json,63060051,2025-12-03 06:02:45.005,2025-12-03 05:02:36.140,UTC-0300,tWUO8ZL77Z,,com.sec.android.app.shealth,2025-12-03 05:59:59.999,1ebe8ebf-a854-41f0-8831-594bc9b618cd,
63060051,2025-12-03 06:00:00.000,,c680f5ce-e938-4ce1-9793-9ba2f91d2b91.binning_data.json,63060051,2025-12-03 07:02:54.212,2025-12-03 06:02:45.026,UTC-0300,tWUO8ZL77Z,,com.sec.android.app.shealth,2025-12-03 06:59:59.999,c680f5ce-e938-4ce1-9793-9ba2f91d2b91,
63060051,2025-12-03 07:00:00.000,,e546a6d4-a081-4cfa-b9b2-73a2c0b827c9.binning_data.json,63060051,2025-12-03 08:03:04.118,2025-12-03 07:02:54.218,UTC-0300,tWUO8ZL77Z,,com.sec.android.app.shealth,2025-12-03 07:59:59.999,e546a6d4-a081-4cfa-b9b2-73a2c0b827c9,
63060051,2025-12-03 08:00:00.000,,a979a8b6-51bf-4023-86b2-9969bde9d159.binning_data.json,63060051,2025-12-03 09:03:15.453,2025-12-03 08:03:04.125,UTC-0300,tWUO8ZL77Z,,com.sec.android.app.shealth,2025-12-03 08:59:59.999,a979a8b6-51bf-4023-86b2-9969bde9d159,
63060051,2025-12-03 09:00:00.000,,fdfa9293-9a85-443a-85e6-983eb14a5645.binning_data.json,63060051,2025-12-03 10:03:26.969,2025-12-03 09:03:15.459,UTC-0300,tWUO8ZL77Z,,com.sec.android.app.shealth,2025-12-03 09:59:59.999,fdfa9293-9a85-443a-85e6-983eb14a5645,
63060051,2025-12-03 10:00:00.000,,3fb79f51-aa49-4f14-b334-bbfc0311af55.binning_data.json,63060051,2025-12-03 11:03:37.844,2025-12-03 10:03:26.979,UTC-0300,tWUO8ZL77Z,,com.sec.android.app.shealth,2025-12-03 10:59:59.999,3fb79f51-aa49-4f14-b334-bbfc0311af55,
63060051,2025-12-03 11:00:00.000,,3206f524-9bd1-4701-ab5b-6d274f2fb245.binning_data.json,63060051,2025-12-03 12:03:47.391,2025-12-03 11:03:37.928,UTC-0300,tWUO8ZL77Z,,com.sec.android.app.shealth,2025-12-03 11:59:59.999,3206f524-9bd1-4701-ab5b-6d274f2fb245,
63060051,2025-12-03 12:00:00.000,,5ceb946a-ca7c-4d4e-a0be-d6b5683698e1.binning_data.json,63060051,2025-12-03 13:03:57.821,2025-12-03 12:03:47.402,UTC-0300,tWUO8ZL77Z,,com.sec.android.app.shealth,2025-12-03 12:59:59.999,5ceb946a-ca7c-4d4e-a0be-d6b5683698e1,
63060051,2025-12-03 13:00:00.000,,74459096-a759-4f7a-8e14-43cec300f69e.binning_data.json,63060051,2025-12-03 14:04:09.013,2025-12-03 13:03:57.934,UTC-0300,tWUO8ZL77Z,,com.sec.android.app.shealth,2025-12-03 13:59:59.999,74459096-a759-4f7a-8e14-43cec300f69e,
63060051,2025-12-03 14:00:00.000,,f2d13ecf-bac0-4857-957f-c930d7528122.binning_data.json,63060051,2025-12-03 15:04:19.946,2025-12-03 14:04:09.020,UTC-0300,tWUO8ZL77Z,,com.sec.android.app.shealth,2025-12-03 14:59:59.999,f2d13ecf-bac0-4857-957f-c930d7528122,
63060051,2025-12-03 15:00:00.000,,c9ebf2c2-7f4e-4817-ab46-edfb825b8db6.binning_data.json,63060051,2025-12-03 16:04:30.614,2025-12-03 15:04:19.956,UTC-0300,tWUO8ZL77Z,,com.sec.android.app.shealth,2025-12-03 15:59:59.999,c9ebf2c2-7f4e-4817-ab46-edfb825b8db6,
63060051,2025-12-03 16:00:00.000,,62a7a6cf-627a-4928-a0a9-a36fb62e8576.binning_data.json,63060051,2025-12-03 17:04:42.040,2025-12-03 16:04:30.620,UTC-0300,tWUO8ZL77Z,,com.sec.android.app.shealth,2025-12-03 16:59:59.999,62a7a6cf-627a-4928-a0a9-a36fb62e8576,
63060051,2025-12-03 17:00:00.000,,f585119a-976d-4ac5-b79e-d5132c88cee3.binning_data.json,63060051,2025-12-03 18:04:52.474,2025-12-03 17:04:42.168,UTC-0300,tWUO8ZL77Z,,com.sec.android.app.shealth,2025-12-03 17:59:59.999,f585119a-976d-4ac5-b79e-d5132c88cee3,
63060051,2025-12-03 18:00:00.000,,2844e6cc-1442-414f-be1b-37e91a3759a8.binning_data.json,63060051,2025-12-03 19:05:00.112,2025-12-03 18:04:52.579,UTC-0300,tWUO8ZL77Z,,com.sec.android.app.shealth,2025-12-03 18:59:59.999,2844e6cc-1442-414f-be1b-37e91a3759a8,
63060051,2025-12-03 19:00:00.000,,37ef3e84-6b18-4897-9e26-95e4cbc82af6.binning_data.json,63060051,2025-12-03 20:05:11.732,2025-12-03 19:05:00.266,UTC-0300,tWUO8ZL77Z,,com.sec.android.app.shealth,2025-12-03 19:59:59.999,37ef3e84-6b18-4897-9e26-95e4cbc82af6,
63060051,2025-12-03 20:00:00.000,,e7f1ae76-3370-4f00-8380-68e3d1c8bd79.binning_data.json,63060051,2025-12-03 21:19:22.061,2025-12-03 20:05:11.740,UTC-0300,tWUO8ZL77Z,,com.sec.android.app.shealth,2025-12-03 20:59:59.999,e7f1ae76-3370-4f00-8380-68e3d1c8bd79,
63060051,2025-12-03 21:00:00.000,,1f98c4cd-2e03-478d-9cf6-b8917e4b5b70.binning_data.json,63060051,2025-12-03 22:19:35.223,2025-12-03 20:59:02.730,UTC-0300,tWUO8ZL77Z,,com.sec.android.app.shealth,2025-12-03 21:59:59.999,1f98c4cd-2e03-478d-9cf6-b8917e4b5b70,
63060051,2025-12-03 22:00:00.000,,ede2cb51-bd2f-439b-934b-68322c1ebc96.binning_data.json,63060051,2025-12-03 23:05:03.230,2025-12-03 22:19:35.241,UTC-0300,tWUO8ZL77Z,,com.sec.android.app.shealth,2025-12-03 22:59:59.999,ede2cb51-bd2f-439b-934b-68322c1ebc96,
63060051,2025-12-03 23:00:00.000,,b3637a55-6af4-43b8-a0d4-0924c41293d3.binning_data.json,63060051,2025-12-03 23:49:18.997,2025-12-03 23:05:03.246,UTC-0300,tWUO8ZL77Z,,com.sec.android.app.shealth,2025-12-03 23:59:59.999,b3637a55-6af4-43b8-a0d4-0924c41293d3,
63060051,2025-12-04 00:00:00.000,,325fdd11-29d7-42ff-91cb-42628f4e48c1.binning_data.json,63060051,2025-12-04 01:11:35.313,2025-12-03 23:49:19.003,UTC-0300,tWUO8ZL77Z,,com.sec.android.app.shealth,2025-12-04 00:59:59.999,325fdd11-29d7-42ff-91cb-42628f4e48c1,
63060051,2025-12-04 01:00:00.000,,ac422b61-6fd9-426e-87a6-d38d7e2a4bd0.binning_data.json,63060051,2025-12-04 02:11:48.753,2025-12-04 01:11:35.366,UTC-0300,tWUO8ZL77Z,,com.sec.android.app.shealth,2025-12-04 01:59:59.999,ac422b61-6fd9-426e-87a6-d38d7e2a4bd0,
63060051,2025-12-04 02:00:00.000,,b7a5d952-655d-47f9-8f06-3579b8c77b46.binning_data.json,63060051,2025-12-04 03:12:01.476,2025-12-04 02:11:48.779,UTC-0300,tWUO8ZL77Z,,com.sec.android.app.shealth,2025-12-04 02:59:59.999,b7a5d952-655d-47f9-8f06-3579b8c77b46,
63060051,2025-12-04 03:00:00.000,,0effbe8d-63b2-424e-896c-ca19790548af.binning_data.json,63060051,2025-12-04 04:12:13.743,2025-12-04 03:12:01.482,UTC-0300,tWUO8ZL77Z,,com.sec.android.app.shealth,2025-12-04 03:59:59.999,0effbe8d-63b2-424e-896c-ca19790548af,
63060051,2025-12-04 04:00:00.000,,dd08ca4b-a29f-41bb-a713-469a1a52dcd4.binning_data.json,63060051,2025-12-04 05:12:27.131,2025-12-04 04:12:13.750,UTC-0300,tWUO8ZL77Z,,com.sec.android.app.shealth,2025-12-04 04:59:59.999,dd08ca4b-a29f-41bb-a713-469a1a52dcd4,
63060051,2025-12-04 05:00:00.000,,097f5d32-67bf-42dc-a630-a976e548afc7.binning_data.json,63060051,2025-12-04 06:12:41.352,2025-12-04 05:12:27.236,UTC-0300,tWUO8ZL77Z,,com.sec.android.app.shealth,2025-12-04 05:59:59.999,097f5d32-67bf-42dc-a630-a976e548afc7,
63060051,2025-12-04 06:00:00.000,,91775dcd-553d-4d87-88e5-32a9fa390e23.binning_data.json,63060051,2025-12-04 07:12:54.008,2025-12-04 06:12:41.447,UTC-0300,tWUO8ZL77Z,,com.sec.android.app.shealth,2025-12-04 06:59:59.999,91775dcd-553d-4d87-88e5-32a9fa390e23,
63060051,2025-12-04 07:00:00.000,,ea591ccb-c92c-4a70-8657-91f9509c1c1e.binning_data.json,63060051,2025-12-04 08:13:08.215,2025-12-04 07:12:54.012,UTC-0300,tWUO8ZL77Z,,com.sec.android.app.shealth,2025-12-04 07:59:59.999,ea591ccb-c92c-4a70-8657-91f9509c1c1e,
63060051,2025-12-04 08:00:00.000,,3a3dcb3f-2568-4ff7-a1bc-d3df3c4895e9.binning_data.json,63060051,2025-12-04 09:13:21.865,2025-12-04 08:13:08.220,UTC-0300,tWUO8ZL77Z,,com.sec.android.app.shealth,2025-12-04 08:59:59.999,3a3dcb3f-2568-4ff7-a1bc-d3df3c4895e9,
63060051,2025-12-04 09:00:00.000,,9a62ffbf-8595-4bf9-9405-eb2b7061a8da.binning_data.json,63060051,2025-12-04 10:13:35.484,2025-12-04 09:13:21.870,UTC-0300,tWUO8ZL77Z,,com.sec.android.app.shealth,2025-12-04 09:59:59.999,9a62ffbf-8595-4bf9-9405-eb2b7061a8da,
63060051,2025-12-04 10:00:00.000,,99be7b38-f813-400c-a758-849674d4ac5b.binning_data.json,63060051,2025-12-04 11:13:48.260,2025-12-04 10:13:35.491,UTC-0300,tWUO8ZL77Z,,com.sec.android.app.shealth,2025-12-04 10:59:59.999,99be7b38-f813-400c-a758-849674d4ac5b,
63060051,2025-12-04 11:00:00.000,,9d112dbc-e479-493b-b089-d7016a01a907.binning_data.json,63060051,2025-12-04 12:13:59.431,2025-12-04 11:13:48.265,UTC-0300,tWUO8ZL77Z,,com.sec.android.app.shealth,2025-12-04 11:59:59.999,9d112dbc-e479-493b-b089-d7016a01a907,
63060051,2025-12-04 12:00:00.000,,78ba956c-4a05-430b-b67a-6d82086ac25d.binning_data.json,63060051,2025-12-04 13:14:09.187,2025-12-04 12:13:59.436,UTC-0300,tWUO8ZL77Z,,com.sec.android.app.shealth,2025-12-04 12:59:59.999,78ba956c-4a05-430b-b67a-6d82086ac25d,
63060051,2025-12-04 13:00:00.000,,4a50485f-a28b-46e0-993e-4b4a36510d8b.binning_data.json,63060051,2025-12-04 14:14:17.881,2025-12-04 13:14:09.195,UTC-0300,tWUO8ZL77Z,,com.sec.android.app.shealth,2025-12-04 13:59:59.999,4a50485f-a28b-46e0-993e-4b4a36510d8b,
63060051,2025-12-04 14:00:00.000,,cdcfed26-30bb-4f33-b594-00a6337c2679.binning_data.json,63060051,2025-12-04 15:14:29.284,2025-12-04 14:14:17.887,UTC-0300,tWUO8ZL77Z,,com.sec.android.app.shealth,2025-12-04 14:59:59.999,cdcfed26-30bb-4f33-b594-00a6337c2679,
63060051,2025-12-04 15:00:00.000,,eddf1842-217b-47bd-adfa-88db4d38ead9.binning_data.json,63060051,2025-12-04 16:14:40.194,2025-12-04 15:14:29.289,UTC-0300,tWUO8ZL77Z,,com.sec.android.app.shealth,2025-12-04 15:59:59.999,eddf1842-217b-47bd-adfa-88db4d38ead9,
63060051,2025-12-04 16:00:00.000,,b9e5c918-336d-4c4b-94e3-d9f17ead3190.binning_data.json,63060051,2025-12-04 17:14:49.851,2025-12-04 16:14:40.200,UTC-0300,tWUO8ZL77Z,,com.sec.android.app.shealth,2025-12-04 16:59:59.999,b9e5c918-336d-4c4b-94e3-d9f17ead3190,
63060051,2025-12-04 17:00:00.000,,87d59e41-65b6-4ef0-9d61-10afa93ea1b2.binning_data.json,63060051,2025-12-04 18:14:58.960,2025-12-04 17:14:49.856,UTC-0300,tWUO8ZL77Z,,com.sec.android.app.shealth,2025-12-04 17:59:59.999,87d59e41-65b6-4ef0-9d61-10afa93ea1b2,
63060051,2025-12-04 18:00:00.000,,dd09396a-74cd-4fb6-b771-071ea9007174.binning_data.json,63060051,2025-12-04 19:15:10.035,2025-12-04 18:14:58.970,UTC-0300,tWUO8ZL77Z,,com.sec.android.app.shealth,2025-12-04 18:59:59.999,dd09396a-74cd-4fb6-b771-071ea9007174,
63060051,2025-12-04 19:00:00.000,,03482fe1-e828-4268-a482-6c03c6ef0774.binning_data.json,63060051,2025-12-04 20:15:21.625,2025-12-04 19:15:10.041,UTC-0300,tWUO8ZL77Z,,com.sec.android.app.shealth,2025-12-04 19:59:59.999,03482fe1-e828-4268-a482-6c03c6ef0774,
63060051,2025-12-04 20:00:00.000,,c374b4c6-6171-4927-8dca-f383f3e54ab9.binning_data.json,63060051,2025-12-04 21:15:32.830,2025-12-04 20:15:21.630,UTC-0300,tWUO8ZL77Z,,com.sec.android.app.shealth,2025-12-04 20:59:59.999,c374b4c6-6171-4927-8dca-f383f3e54ab9,
63060051,2025-12-04 21:00:00.000,,07d2302f-357b-40ee-8305-8ec4c8ce2f7f.binning_data.json,63060051,2025-12-04 22:15:43.455,2025-12-04 21:15:32.955,UTC-0300,tWUO8ZL77Z,,com.sec.android.app.shealth,2025-12-04 21:59:59.999,07d2302f-357b-40ee-8305-8ec4c8ce2f7f,
63060051,2025-12-04 22:00:00.000,,fbd53a6a-291b-49c9-9602-bf0905283cf7.binning_data.json,63060051,2025-12-04 22:52:45.289,2025-12-04 22:15:43.476,UTC-0300,tWUO8ZL77Z,,com.sec.android.app.shealth,2025-12-04 22:55:59.999,fbd53a6a-291b-49c9-9602-bf0905283cf7,
63060051,2025-12-04 23:23:00.000,,2d1ff126-dc67-46be-a30c-40ab065b9515.binning_data.json,63060051,2025-12-05 00:03:31.260,2025-12-04 23:43:27.423,UTC-0300,tWUO8ZL77Z,,com.sec.android.app.shealth,2025-12-04 23:59:59.999,2d1ff126-dc67-46be-a30c-40ab065b9515,
63060051,2025-12-05 00:00:00.000,,af6ce093-ca35-4a08-a910-79bd12cab448.binning_data.json,63060051,2025-12-05 00:56:24.668,2025-12-05 00:03:31.265,UTC-0300,tWUO8ZL77Z,,com.sec.android.app.shealth,2025-12-05 00:59:59.999,af6ce093-ca35-4a08-a910-79bd12cab448,
63060051,2025-12-05 01:00:00.000,,36154f38-49a6-4616-8dcf-a61a236a3dae.binning_data.json,63060051,2025-12-05 00:56:24.712,2025-12-05 00:56:24.712,UTC-0300,tWUO8ZL77Z,,com.sec.android.app.shealth,2025-12-05 01:03:59.999,36154f38-49a6-4616-8dcf-a61a236a3dae,
63060051,2025-12-05 12:50:00.000,,6e649fc6-f101-415a-839e-529548cfeebd.binning_data.json,63060051,2025-12-05 13:10:18.012,2025-12-05 13:10:18.012,UTC-0300,tWUO8ZL77Z,,com.sec.android.app.shealth,2025-12-05 12:59:59.999,6e649fc6-f101-415a-839e-529548cfeebd,
63060051,2025-12-05 13:00:00.000,,7aaae4ae-70de-4102-8735-ecfffc03edb2.binning_data.json,63060051,2025-12-05 14:10:27.104,2025-12-05 13:10:18.023,UTC-0300,tWUO8ZL77Z,,com.sec.android.app.shealth,2025-12-05 13:59:59.999,7aaae4ae-70de-4102-8735-ecfffc03edb2,
63060051,2025-12-05 14:00:00.000,,a9df268c-d84c-4b1d-abe3-351af5e99713.binning_data.json,63060051,2025-12-05 15:10:36.547,2025-12-05 14:10:27.190,UTC-0300,tWUO8ZL77Z,,com.sec.android.app.shealth,2025-12-05 14:59:59.999,a9df268c-d84c-4b1d-abe3-351af5e99713,
63060051,2025-12-05 15:00:00.000,,ebb3fdff-40ae-473b-bf34-f0c4ca0586bd.binning_data.json,63060051,2025-12-05 16:10:46.070,2025-12-05 15:10:36.551,UTC-0300,tWUO8ZL77Z,,com.sec.android.app.shealth,2025-12-05 15:59:59.999,ebb3fdff-40ae-473b-bf34-f0c4ca0586bd,
63060051,2025-12-05 16:00:00.000,,a6f663b4-141d-4c5f-ae8c-7c8d4975436e.binning_data.json,63060051,2025-12-05 17:10:55.679,2025-12-05 16:10:46.077,UTC-0300,tWUO8ZL77Z,,com.sec.android.app.shealth,2025-12-05 16:59:59.999,a6f663b4-141d-4c5f-ae8c-7c8d4975436e,
63060051,2025-12-05 17:00:00.000,,99416b88-9f26-40f0-9489-3c3d604d8525.binning_data.json,63060051,2025-12-05 18:11:05.027,2025-12-05 17:10:55.693,UTC-0300,tWUO8ZL77Z,,com.sec.android.app.shealth,2025-12-05 17:59:59.999,99416b88-9f26-40f0-9489-3c3d604d8525,
63060051,2025-12-05 18:00:00.000,,b28425f3-39cb-4832-9869-120824c44cb9.binning_data.json,63060051,2025-12-05 19:11:13.607,2025-12-05 18:11:05.032,UTC-0300,tWUO8ZL77Z,,com.sec.android.app.shealth,2025-12-05 18:59:59.999,b28425f3-39cb-4832-9869-120824c44cb9,
63060051,2025-12-05 19:00:00.000,,1d26d4a6-e1eb-418f-80e8-8bc73ffc4fab.binning_data.json,63060051,2025-12-05 20:11:19.525,2025-12-05 19:11:13.612,UTC-0300,tWUO8ZL77Z,,com.sec.android.app.shealth,2025-12-05 19:59:59.999,1d26d4a6-e1eb-418f-80e8-8bc73ffc4fab,
63060051,2025-12-05 20:00:00.000,,17ec0297-6893-4a20-9591-8629846a1471.binning_data.json,63060051,2025-12-05 21:11:29.840,2025-12-05 20:11:19.531,UTC-0300,tWUO8ZL77Z,,com.sec.android.app.shealth,2025-12-05 20:59:59.999,17ec0297-6893-4a20-9591-8629846a1471,
63060051,2025-12-05 21:00:00.000,,f7735daf-4df0-4a78-9b73-f6000cc836cb.binning_data.json,63060051,2025-12-05 22:11:40.944,2025-12-05 21:11:29.937,UTC-0300,tWUO8ZL77Z,,com.sec.android.app.shealth,2025-12-05 21:59:59.999,f7735daf-4df0-4a78-9b73-f6000cc836cb,
63060051,2025-12-05 22:00:00.000,,7f18a589-78e3-45ff-b6eb-5f7902929a02.binning_data.json,63060051,2025-12-05 23:11:50.874,2025-12-05 22:11:40.951,UTC-0300,tWUO8ZL77Z,,com.sec.android.app.shealth,2025-12-05 22:59:59.999,7f18a589-78e3-45ff-b6eb-5f7902929a02,
63060051,2025-12-05 23:00:00.000,,062fbf63-9c8d-457a-9f31-672a63cf8b02.binning_data.json,63060051,2025-12-05 23:35:22.135,2025-12-05 23:11:50.881,UTC-0300,tWUO8ZL77Z,,com.sec.android.app.shealth,2025-12-05 23:51:59.999,062fbf63-9c8d-457a-9f31-672a63cf8b02,
63060051,2025-12-06 01:40:00.000,,abbe0e05-095b-4d46-9cda-d64399cbcf53.binning_data.json,63060051,2025-12-06 02:00:16.780,2025-12-06 02:00:16.780,UTC-0300,tWUO8ZL77Z,,com.sec.android.app.shealth,2025-12-06 01:59:59.999,abbe0e05-095b-4d46-9cda-d64399cbcf53,
63060051,2025-12-06 02:00:00.000,,a9fc9be7-9aa5-4a73-9b31-00ac72328cc4.binning_data.json,63060051,2025-12-06 03:00:27.782,2025-12-06 02:20:20.490,UTC-0300,tWUO8ZL77Z,,com.sec.android.app.shealth,2025-12-06 02:59:59.999,a9fc9be7-9aa5-4a73-9b31-00ac72328cc4,
63060051,2025-12-06 03:00:00.000,,dc78c4c5-dc93-4228-bde3-3d78308b004c.binning_data.json,63060051,2025-12-06 04:00:38.365,2025-12-06 03:20:31.072,UTC-0300,tWUO8ZL77Z,,com.sec.android.app.shealth,2025-12-06 03:59:59.999,dc78c4c5-dc93-4228-bde3-3d78308b004c,
63060051,2025-12-06 04:00:00.000,,84d4f4ed-186c-402c-a4db-1a544972d149.binning_data.json,63060051,2025-12-06 05:00:49.029,2025-12-06 04:20:41.791,UTC-0300,tWUO8ZL77Z,,com.sec.android.app.shealth,2025-12-06 04:59:59.999,84d4f4ed-186c-402c-a4db-1a544972d149,
63060051,2025-12-06 05:00:00.000,,cad9eef2-e8bd-47c7-aedc-3559e037822e.binning_data.json,63060051,2025-12-06 06:01:00.171,2025-12-06 05:20:52.866,UTC-0300,tWUO8ZL77Z,,com.sec.android.app.shealth,2025-12-06 05:59:59.999,cad9eef2-e8bd-47c7-aedc-3559e037822e,
63060051,2025-12-06 06:00:00.000,,9ef62c82-edf9-4f53-8626-57a4865bdcbf.binning_data.json,63060051,2025-12-06 07:01:11.081,2025-12-06 06:01:00.267,UTC-0300,tWUO8ZL77Z,,com.sec.android.app.shealth,2025-12-06 06:59:59.999,9ef62c82-edf9-4f53-8626-57a4865bdcbf,
63060051,2025-12-06 07:00:00.000,,bc0018bf-42b9-4eb7-92e8-9952875bf380.binning_data.json,63060051,2025-12-06 08:01:24.018,2025-12-06 07:01:11.085,UTC-0300,tWUO8ZL77Z,,com.sec.android.app.shealth,2025-12-06 07:59:59.999,bc0018bf-42b9-4eb7-92e8-9952875bf380,
63060051,2025-12-06 08:00:00.000,,c0250c2b-fd29-487b-821e-ea574a80d7ae.binning_data.json,63060051,2025-12-06 09:01:35.561,2025-12-06 08:01:24.025,UTC-0300,tWUO8ZL77Z,,com.sec.android.app.shealth,2025-12-06 08:59:59.999,c0250c2b-fd29-487b-821e-ea574a80d7ae,
63060051,2025-12-06 09:00:00.000,,599b3a58-a187-41f5-abda-c8da5f0cefc5.binning_data.json,63060051,2025-12-06 10:01:47.781,2025-12-06 09:01:35.571,UTC-0300,tWUO8ZL77Z,,com.sec.android.app.shealth,2025-12-06 09:59:59.999,599b3a58-a187-41f5-abda-c8da5f0cefc5,
63060051,2025-12-06 10:00:00.000,,dfe7c0eb-5748-42d7-a095-0ecb623be3de.binning_data.json,63060051,2025-12-06 11:01:59.152,2025-12-06 10:01:47.789,UTC-0300,tWUO8ZL77Z,,com.sec.android.app.shealth,2025-12-06 10:59:59.999,dfe7c0eb-5748-42d7-a095-0ecb623be3de,
63060051,2025-12-06 11:00:00.000,,f04b17f2-61df-483e-abc1-3c4ac9ad3c58.binning_data.json,63060051,2025-12-06 12:02:08.674,2025-12-06 11:01:59.155,UTC-0300,tWUO8ZL77Z,,com.sec.android.app.shealth,2025-12-06 11:59:59.999,f04b17f2-61df-483e-abc1-3c4ac9ad3c58,
63060051,2025-12-06 12:00:00.000,,59d8206d-bf2e-4265-961f-4bc78bbb4fe8.binning_data.json,63060051,2025-12-06 13:02:16.809,2025-12-06 12:02:08.692,UTC-0300,tWUO8ZL77Z,,com.sec.android.app.shealth,2025-12-06 12:59:59.999,59d8206d-bf2e-4265-961f-4bc78bbb4fe8,
63060051,2025-12-06 13:00:00.000,,8499a932-c1f0-4f17-a722-38a07ecd08ee.binning_data.json,63060051,2025-12-06 14:02:26.398,2025-12-06 13:02:16.940,UTC-0300,tWUO8ZL77Z,,com.sec.android.app.shealth,2025-12-06 13:59:59.999,8499a932-c1f0-4f17-a722-38a07ecd08ee,
63060051,2025-12-06 14:00:00.000,,e35109ee-66d5-4b98-98a8-a4b616bb2573.binning_data.json,63060051,2025-12-06 15:02:37.010,2025-12-06 14:02:26.500,UTC-0300,tWUO8ZL77Z,,com.sec.android.app.shealth,2025-12-06 14:59:59.999,e35109ee-66d5-4b98-98a8-a4b616bb2573,
63060051,2025-12-06 15:00:00.000,,9cb75727-f708-4435-9dcc-62b37160c9fb.binning_data.json,63060051,2025-12-06 16:02:47.484,2025-12-06 15:02:37.099,UTC-0300,tWUO8ZL77Z,,com.sec.android.app.shealth,2025-12-06 15:59:59.999,9cb75727-f708-4435-9dcc-62b37160c9fb,
63060051,2025-12-06 16:00:00.000,,c9d7a151-d0da-48b5-b752-c78d942a2378.binning_data.json,63060051,2025-12-06 17:02:57.560,2025-12-06 16:02:47.491,UTC-0300,tWUO8ZL77Z,,com.sec.android.app.shealth,2025-12-06 16:59:59.999,c9d7a151-d0da-48b5-b752-c78d942a2378,
63060051,2025-12-06 17:00:00.000,,20535c56-ef71-483c-9960-1dabc02addac.binning_data.json,63060051,2025-12-06 18:03:06.785,2025-12-06 17:02:57.569,UTC-0300,tWUO8ZL77Z,,com.sec.android.app.shealth,2025-12-06 17:59:59.999,20535c56-ef71-483c-9960-1dabc02addac,
63060051,2025-12-06 18:00:00.000,,d4a5f407-f0db-450e-9b20-e4564df0199e.binning_data.json,63060051,2025-12-06 19:03:17.452,2025-12-06 18:03:06.893,UTC-0300,tWUO8ZL77Z,,com.sec.android.app.shealth,2025-12-06 18:59:59.999,d4a5f407-f0db-450e-9b20-e4564df0199e,
63060051,2025-12-06 19:00:00.000,,7363dd0a-1e1b-44df-89a6-31d966b95550.binning_data.json,63060051,2025-12-06 20:03:25.417,2025-12-06 19:03:17.460,UTC-0300,tWUO8ZL77Z,,com.sec.android.app.shealth,2025-12-06 19:59:59.999,7363dd0a-1e1b-44df-89a6-31d966b95550,
63060051,2025-12-06 20:00:00.000,,d8915580-0017-4d81-ad8d-65fa28288cbc.binning_data.json,63060051,2025-12-06 21:03:34.720,2025-12-06 20:03:25.424,UTC-0300,tWUO8ZL77Z,,com.sec.android.app.shealth,2025-12-06 20:59:59.999,d8915580-0017-4d81-ad8d-65fa28288cbc,
63060051,2025-12-06 21:00:00.000,,f8de2cf2-2bbb-4b55-8d43-84d3cb252cd6.binning_data.json,63060051,2025-12-06 22:03:46.232,2025-12-06 21:03:34.724,UTC-0300,tWUO8ZL77Z,,com.sec.android.app.shealth,2025-12-06 21:59:59.999,f8de2cf2-2bbb-4b55-8d43-84d3cb252cd6,
63060051,2025-12-06 22:00:00.000,,a2b76283-d060-49ea-9faf-c69b0f2983d1.binning_data.json,63060051,2025-12-06 23:03:56.177,2025-12-06 22:03:46.368,UTC-0300,tWUO8ZL77Z,,com.sec.android.app.shealth,2025-12-06 22:59:59.999,a2b76283-d060-49ea-9faf-c69b0f2983d1,
63060051,2025-12-06 23:00:00.000,,8d363c83-6b74-48d3-85b1-222fa10d379d.binning_data.json,63060051,2025-12-07 00:04:05.103,2025-12-06 23:03:56.292,UTC-0300,tWUO8ZL77Z,,com.sec.android.app.shealth,2025-12-06 23:59:59.999,8d363c83-6b74-48d3-85b1-222fa10d379d,
63060051,2025-12-07 00:00:00.000,,b054af6a-ce11-403a-b8b7-4fdd7a1825c5.binning_data.json,63060051,2025-12-07 01:04:13.862,2025-12-07 00:04:05.163,UTC-0300,tWUO8ZL77Z,,com.sec.android.app.shealth,2025-12-07 00:59:59.999,b054af6a-ce11-403a-b8b7-4fdd7a1825c5,
63060051,2025-12-07 01:00:00.000,,45f2c784-6c6c-45de-bd2e-119bec63c210.binning_data.json,63060051,2025-12-07 02:08:24.089,2025-12-07 01:04:13.881,UTC-0300,tWUO8ZL77Z,,com.sec.android.app.shealth,2025-12-07 01:59:59.999,45f2c784-6c6c-45de-bd2e-119bec63c210,
63060051,2025-12-07 02:00:00.000,,19bf83f6-46f8-4553-b2d2-0eabbe523100.binning_data.json,63060051,2025-12-07 03:08:33.915,2025-12-07 02:08:24.113,UTC-0300,tWUO8ZL77Z,,com.sec.android.app.shealth,2025-12-07 02:59:59.999,19bf83f6-46f8-4553-b2d2-0eabbe523100,
63060051,2025-12-07 03:00:00.000,,e0ceef93-4f9f-4a02-a39a-24322f737c10.binning_data.json,63060051,2025-12-07 04:08:45.489,2025-12-07 03:08:34.010,UTC-0300,tWUO8ZL77Z,,com.sec.android.app.shealth,2025-12-07 03:59:59.999,e0ceef93-4f9f-4a02-a39a-24322f737c10,
63060051,2025-12-07 04:00:00.000,,1acd649e-28d0-49b6-b37a-a81aafe0296f.binning_data.json,63060051,2025-12-07 05:08:55.824,2025-12-07 04:08:45.498,UTC-0300,tWUO8ZL77Z,,com.sec.android.app.shealth,2025-12-07 04:59:59.999,1acd649e-28d0-49b6-b37a-a81aafe0296f,
63060051,2025-12-07 05:00:00.000,,5dadea86-0666-419d-ae94-bae0066eff2c.binning_data.json,63060051,2025-12-07 06:09:04.994,2025-12-07 05:08:55.830,UTC-0300,tWUO8ZL77Z,,com.sec.android.app.shealth,2025-12-07 05:59:59.999,5dadea86-0666-419d-ae94-bae0066eff2c,
63060051,2025-12-07 06:00:00.000,,6bf4a259-ffa7-455d-b374-c507e8f70ac8.binning_data.json,63060051,2025-12-07 07:09:13.735,2025-12-07 06:09:05.013,UTC-0300,tWUO8ZL77Z,,com.sec.android.app.shealth,2025-12-07 06:59:59.999,6bf4a259-ffa7-455d-b374-c507e8f70ac8,
63060051,2025-12-07 07:00:00.000,,92813a67-1f84-4cac-bde9-253a0a781998.binning_data.json,63060051,2025-12-07 08:09:20.627,2025-12-07 07:09:13.752,UTC-0300,tWUO8ZL77Z,,com.sec.android.app.shealth,2025-12-07 07:59:59.999,92813a67-1f84-4cac-bde9-253a0a781998,
63060051,2025-12-07 08:00:00.000,,168595ee-26b9-47ab-b4ff-219fcb030cea.binning_data.json,63060051,2025-12-07 09:09:28.774,2025-12-07 08:09:20.633,UTC-0300,tWUO8ZL77Z,,com.sec.android.app.shealth,2025-12-07 08:59:59.999,168595ee-26b9-47ab-b4ff-219fcb030cea,
63060051,2025-12-07 09:00:00.000,,77627c44-5762-4b5a-9532-9e9e847cc5a0.binning_data.json,63060051,2025-12-07 10:09:36.550,2025-12-07 09:09:28.780,UTC-0300,tWUO8ZL77Z,,com.sec.android.app.shealth,2025-12-07 09:59:59.999,77627c44-5762-4b5a-9532-9e9e847cc5a0,
63060051,2025-12-07 10:00:00.000,,426b5525-68ab-4d31-90f9-f36d56445c8f.binning_data.json,63060051,2025-12-07 11:09:44.128,2025-12-07 10:09:36.560,UTC-0300,tWUO8ZL77Z,,com.sec.android.app.shealth,2025-12-07 10:59:59.999,426b5525-68ab-4d31-90f9-f36d56445c8f,
63060051,2025-12-07 11:00:00.000,,e2b8cad4-2233-4286-aa06-deb1b9fa1dff.binning_data.json,63060051,2025-12-07 12:09:52.791,2025-12-07 11:09:44.140,UTC-0300,tWUO8ZL77Z,,com.sec.android.app.shealth,2025-12-07 11:59:59.999,e2b8cad4-2233-4286-aa06-deb1b9fa1dff,
63060051,2025-12-07 12:00:00.000,,c325e4e5-edfa-4691-9d89-fe986f1da580.binning_data.json,63060051,2025-12-07 13:09:58.568,2025-12-07 12:09:52.802,UTC-0300,tWUO8ZL77Z,,com.sec.android.app.shealth,2025-12-07 12:59:59.999,c325e4e5-edfa-4691-9d89-fe986f1da580,
63060051,2025-12-07 13:00:00.000,,34f57711-a8bc-4976-a0a0-0fb99ef8986f.binning_data.json,63060051,2025-12-07 14:10:08.256,2025-12-07 13:09:58.659,UTC-0300,tWUO8ZL77Z,,com.sec.android.app.shealth,2025-12-07 13:59:59.999,34f57711-a8bc-4976-a0a0-0fb99ef8986f,
63060051,2025-12-07 14:00:00.000,,92cf1982-7d3f-4d6a-881b-9ed331b471d6.binning_data.json,63060051,2025-12-07 15:10:16.293,2025-12-07 14:10:08.264,UTC-0300,tWUO8ZL77Z,,com.sec.android.app.shealth,2025-12-07 14:59:59.999,92cf1982-7d3f-4d6a-881b-9ed331b471d6,
63060051,2025-12-07 15:00:00.000,,1a83058d-87b6-433a-80cf-808dfc6f4e87.binning_data.json,63060051,2025-12-07 16:10:24.325,2025-12-07 15:10:16.299,UTC-0300,tWUO8ZL77Z,,com.sec.android.app.shealth,2025-12-07 15:59:59.999,1a83058d-87b6-433a-80cf-808dfc6f4e87,
63060051,2025-12-07 16:00:00.000,,bf874f09-5208-4eb6-a9a5-6dc30d700109.binning_data.json,63060051,2025-12-07 17:10:31.196,2025-12-07 16:10:24.330,UTC-0300,tWUO8ZL77Z,,com.sec.android.app.shealth,2025-12-07 16:59:59.999,bf874f09-5208-4eb6-a9a5-6dc30d700109,
63060051,2025-12-07 17:00:00.000,,21875b7c-b739-4507-a925-45f7aaa00a5e.binning_data.json,63060051,2025-12-07 18:10:39.726,2025-12-07 17:10:31.208,UTC-0300,tWUO8ZL77Z,,com.sec.android.app.shealth,2025-12-07 17:59:59.999,21875b7c-b739-4507-a925-45f7aaa00a5e,
63060051,2025-12-07 18:00:00.000,,892cf31d-27cd-4764-ad7c-93915449aa63.binning_data.json,63060051,2025-12-07 19:10:47.749,2025-12-07 18:10:39.737,UTC-0300,tWUO8ZL77Z,,com.sec.android.app.shealth,2025-12-07 18:59:59.999,892cf31d-27cd-4764-ad7c-93915449aa63,
63060051,2025-12-07 19:00:00.000,,ae87ec5f-cd7b-4719-bea5-cbafe3ea1eac.binning_data.json,63060051,2025-12-07 20:10:57.157,2025-12-07 19:10:47.754,UTC-0300,tWUO8ZL77Z,,com.sec.android.app.shealth,2025-12-07 19:59:59.999,ae87ec5f-cd7b-4719-bea5-cbafe3ea1eac,
63060051,2025-12-07 20:00:00.000,,84c411c1-dad2-48a3-bfb9-764ac39f78cd.binning_data.json,63060051,2025-12-07 21:11:07.737,2025-12-07 20:10:57.261,UTC-0300,tWUO8ZL77Z,,com.sec.android.app.shealth,2025-12-07 20:59:59.999,84c411c1-dad2-48a3-bfb9-764ac39f78cd,
63060051,2025-12-07 21:00:00.000,,329253bf-d2bd-4c40-9aea-15326010a5be.binning_data.json,63060051,2025-12-07 22:11:15.712,2025-12-07 21:11:07.744,UTC-0300,tWUO8ZL77Z,,com.sec.android.app.shealth,2025-12-07 21:59:59.999,329253bf-d2bd-4c40-9aea-15326010a5be,
63060051,2025-12-07 22:00:00.000,,8224cfd3-bea7-4c20-95e5-78ccfe9abb14.binning_data.json,63060051,2025-12-07 23:11:23.321,2025-12-07 22:11:15.726,UTC-0300,tWUO8ZL77Z,,com.sec.android.app.shealth,2025-12-07 22:59:59.999,8224cfd3-bea7-4c20-95e5-78ccfe9abb14,
63060051,2025-12-07 23:00:00.000,,4df9ded2-05da-40b2-a44b-09155734195e.binning_data.json,63060051,2025-12-08 00:11:32.774,2025-12-07 23:11:23.329,UTC-0300,tWUO8ZL77Z,,com.sec.android.app.shealth,2025-12-07 23:59:59.999,4df9ded2-05da-40b2-a44b-09155734195e,
63060051,2025-12-08 00:00:00.000,,253014f9-4b3f-4822-9af0-9e1985efb08e.binning_data.json,63060051,2025-12-08 00:50:34.507,2025-12-08 00:11:32.779,UTC-0300,tWUO8ZL77Z,,com.sec.android.app.shealth,2025-12-08 00:51:59.999,253014f9-4b3f-4822-9af0-9e1985efb08e,
63060051,2025-12-08 02:11:00.000,,2756ec39-b942-4523-beca-3c3051585e7f.binning_data.json,63060051,2025-12-08 03:11:23.753,2025-12-08 02:31:18.182,UTC-0300,tWUO8ZL77Z,,com.sec.android.app.shealth,2025-12-08 02:59:59.999,2756ec39-b942-4523-beca-3c3051585e7f,
63060051,2025-12-08 03:00:00.000,,db427b81-6355-4dd4-99bf-6c01b05ac174.binning_data.json,63060051,2025-12-08 04:11:30.701,2025-12-08 03:11:23.910,UTC-0300,tWUO8ZL77Z,,com.sec.android.app.shealth,2025-12-08 03:59:59.999,db427b81-6355-4dd4-99bf-6c01b05ac174,
63060051,2025-12-08 04:00:00.000,,f3926ce0-1632-4ce1-a212-96181498c9da.binning_data.json,63060051,2025-12-08 05:11:37.543,2025-12-08 04:11:30.706,UTC-0300,tWUO8ZL77Z,,com.sec.android.app.shealth,2025-12-08 04:59:59.999,f3926ce0-1632-4ce1-a212-96181498c9da,
63060051,2025-12-08 05:00:00.000,,17f77eb3-9516-4320-994e-8529abb88191.binning_data.json,63060051,2025-12-08 06:11:47.313,2025-12-08 05:11:37.549,UTC-0300,tWUO8ZL77Z,,com.sec.android.app.shealth,2025-12-08 05:59:59.999,17f77eb3-9516-4320-994e-8529abb88191,
63060051,2025-12-08 06:00:00.000,,69fd4d2b-309c-4924-a0f9-aab7186e9185.binning_data.json,63060051,2025-12-08 07:11:56.046,2025-12-08 06:11:47.406,UTC-0300,tWUO8ZL77Z,,com.sec.android.app.shealth,2025-12-08 06:59:59.999,69fd4d2b-309c-4924-a0f9-aab7186e9185,
63060051,2025-12-08 07:00:00.000,,b6f83723-c6ac-47a9-a09a-dfcee67a13e7.binning_data.json,63060051,2025-12-08 08:12:04.992,2025-12-08 07:11:56.189,UTC-0300,tWUO8ZL77Z,,com.sec.android.app.shealth,2025-12-08 07:59:59.999,b6f83723-c6ac-47a9-a09a-dfcee67a13e7,
63060051,2025-12-08 08:00:00.000,,a16204c9-cb5c-4094-9ad4-e1d16bb8f4ae.binning_data.json,63060051,2025-12-08 09:12:14.722,2025-12-08 08:12:04.997,UTC-0300,tWUO8ZL77Z,,com.sec.android.app.shealth,2025-12-08 08:59:59.999,a16204c9-cb5c-4094-9ad4-e1d16bb8f4ae,
63060051,2025-12-08 09:00:00.000,,305cfe4c-52b3-4411-83f0-54ac2e913fbe.binning_data.json,63060051,2025-12-08 10:12:23.782,2025-12-08 09:12:14.733,UTC-0300,tWUO8ZL77Z,,com.sec.android.app.shealth,2025-12-08 09:59:59.999,305cfe4c-52b3-4411-83f0-54ac2e913fbe,
63060051,2025-12-08 10:00:00.000,,767b2eab-accd-4d5a-a75a-6f4a1527fb5d.binning_data.json,63060051,2025-12-08 11:12:32.262,2025-12-08 10:12:23.790,UTC-0300,tWUO8ZL77Z,,com.sec.android.app.shealth,2025-12-08 10:59:59.999,767b2eab-accd-4d5a-a75a-6f4a1527fb5d,
63060051,2025-12-08 11:00:00.000,,85f98abf-2621-410a-8a0f-5231e2f33a1f.binning_data.json,63060051,2025-12-08 12:12:40.452,2025-12-08 11:12:32.270,UTC-0300,tWUO8ZL77Z,,com.sec.android.app.shealth,2025-12-08 11:59:59.999,85f98abf-2621-410a-8a0f-5231e2f33a1f,
63060051,2025-12-08 12:00:00.000,,a7ebf362-c1e6-4dd2-ac06-81cb1610d7f1.binning_data.json,63060051,2025-12-08 13:12:48.449,2025-12-08 12:12:40.461,UTC-0300,tWUO8ZL77Z,,com.sec.android.app.shealth,2025-12-08 12:59:59.999,a7ebf362-c1e6-4dd2-ac06-81cb1610d7f1,
63060051,2025-12-08 13:00:00.000,,24c30699-fca9-46ee-9668-6711504d3132.binning_data.json,63060051,2025-12-08 14:12:57.385,2025-12-08 13:12:48.453,UTC-0300,tWUO8ZL77Z,,com.sec.android.app.shealth,2025-12-08 13:59:59.999,24c30699-fca9-46ee-9668-6711504d3132,
63060051,2025-12-08 14:00:00.000,,7fcae00a-33d1-49a9-9ded-f2d6a86ba7c1.binning_data.json,63060051,2025-12-08 15:13:05.396,2025-12-08 14:12:57.389,UTC-0300,tWUO8ZL77Z,,com.sec.android.app.shealth,2025-12-08 14:59:59.999,7fcae00a-33d1-49a9-9ded-f2d6a86ba7c1,
63060051,2025-12-08 15:00:00.000,,36f64f22-9fee-47c6-81f5-ff0092f37390.binning_data.json,63060051,2025-12-08 16:13:13.639,2025-12-08 15:13:05.401,UTC-0300,tWUO8ZL77Z,,com.sec.android.app.shealth,2025-12-08 15:59:59.999,36f64f22-9fee-47c6-81f5-ff0092f37390,
63060051,2025-12-08 16:00:00.000,,51d04c6c-f36c-4bd4-9616-5b9895fa2d91.binning_data.json,63060051,2025-12-08 17:13:20.420,2025-12-08 16:13:13.645,UTC-0300,tWUO8ZL77Z,,com.sec.android.app.shealth,2025-12-08 16:59:59.999,51d04c6c-f36c-4bd4-9616-5b9895fa2d91,
63060051,2025-12-08 17:00:00.000,,e87ed78f-ca36-4e11-9d84-fcc53b9dbe5f.binning_data.json,63060051,2025-12-08 18:13:27.419,2025-12-08 17:13:20.434,UTC-0300,tWUO8ZL77Z,,com.sec.android.app.shealth,2025-12-08 17:59:59.999,e87ed78f-ca36-4e11-9d84-fcc53b9dbe5f,
63060051,2025-12-08 18:00:00.000,,1df460aa-2ac4-4a01-9b10-e47337d9ce4c.binning_data.json,63060051,2025-12-08 19:13:34.974,2025-12-08 18:13:27.424,UTC-0300,tWUO8ZL77Z,,com.sec.android.app.shealth,2025-12-08 18:59:59.999,1df460aa-2ac4-4a01-9b10-e47337d9ce4c,
63060051,2025-12-08 19:00:00.000,,e8a4ce2a-6e51-47dd-954d-c7a2f51474a4.binning_data.json,63060051,2025-12-08 20:13:42.070,2025-12-08 19:13:35.069,UTC-0300,tWUO8ZL77Z,,com.sec.android.app.shealth,2025-12-08 19:59:59.999,e8a4ce2a-6e51-47dd-954d-c7a2f51474a4,
63060051,2025-12-08 20:00:00.000,,fdec5009-0657-4675-a65a-6acaa91f42cd.binning_data.json,63060051,2025-12-08 21:13:49.193,2025-12-08 20:13:42.075,UTC-0300,tWUO8ZL77Z,,com.sec.android.app.shealth,2025-12-08 20:59:59.999,fdec5009-0657-4675-a65a-6acaa91f42cd,
63060051,2025-12-08 21:00:00.000,,5d274789-55b4-474d-ab37-9f0cdeb900e9.binning_data.json,63060051,2025-12-08 22:13:57.155,2025-12-08 21:13:49.201,UTC-0300,tWUO8ZL77Z,,com.sec.android.app.shealth,2025-12-08 21:59:59.999,5d274789-55b4-474d-ab37-9f0cdeb900e9,
63060051,2025-12-08 22:00:00.000,,581ac97d-084f-4cac-9706-c6119ba88867.binning_data.json,63060051,2025-12-08 23:14:06.386,2025-12-08 22:13:57.166,UTC-0300,tWUO8ZL77Z,,com.sec.android.app.shealth,2025-12-08 22:59:59.999,581ac97d-084f-4cac-9706-c6119ba88867,
63060051,2025-12-08 23:00:00.000,,c5f2a551-6c0c-4069-b823-0520acd48475.binning_data.json,63060051,2025-12-08 23:45:22.967,2025-12-08 23:14:06.400,UTC-0300,tWUO8ZL77Z,,com.sec.android.app.shealth,2025-12-08 23:53:59.999,c5f2a551-6c0c-4069-b823-0520acd48475,
63060051,2025-12-09 02:07:00.000,,1b85db3c-2e1f-45fe-a680-d2f948511875.binning_data.json,63060051,2025-12-09 03:07:22.493,2025-12-09 02:27:16.813,UTC-0300,tWUO8ZL77Z,,com.sec.android.app.shealth,2025-12-09 02:59:59.999,1b85db3c-2e1f-45fe-a680-d2f948511875,
63060051,2025-12-09 03:00:00.000,,96a7320f-7d3c-4bb6-84d3-f238dc9e74ab.binning_data.json,63060051,2025-12-09 04:07:31.408,2025-12-09 03:07:22.501,UTC-0300,tWUO8ZL77Z,,com.sec.android.app.shealth,2025-12-09 03:59:59.999,96a7320f-7d3c-4bb6-84d3-f238dc9e74ab,
63060051,2025-12-09 04:00:00.000,,4c2d4dc8-b5b4-4535-be6c-68e33211ff0f.binning_data.json,63060051,2025-12-09 05:07:41.085,2025-12-09 04:07:31.487,UTC-0300,tWUO8ZL77Z,,com.sec.android.app.shealth,2025-12-09 04:59:59.999,4c2d4dc8-b5b4-4535-be6c-68e33211ff0f,
63060051,2025-12-09 05:00:00.000,,ed3a89dd-69bf-45c1-b1ff-42425ed5bd2d.binning_data.json,63060051,2025-12-09 06:07:49.948,2025-12-09 05:07:41.175,UTC-0300,tWUO8ZL77Z,,com.sec.android.app.shealth,2025-12-09 05:59:59.999,ed3a89dd-69bf-45c1-b1ff-42425ed5bd2d,
63060051,2025-12-09 06:00:00.000,,b30b999e-50af-4995-87b7-1cfc9a6ce3ca.binning_data.json,63060051,2025-12-09 07:07:56.192,2025-12-09 06:07:50.052,UTC-0300,tWUO8ZL77Z,,com.sec.android.app.shealth,2025-12-09 06:59:59.999,b30b999e-50af-4995-87b7-1cfc9a6ce3ca,
63060051,2025-12-09 07:00:00.000,,a608e6bd-f168-4a64-a1cf-0e256a856c20.binning_data.json,63060051,2025-12-09 08:08:04.014,2025-12-09 07:07:56.197,UTC-0300,tWUO8ZL77Z,,com.sec.android.app.shealth,2025-12-09 07:59:59.999,a608e6bd-f168-4a64-a1cf-0e256a856c20,
63060051,2025-12-09 08:00:00.000,,105b5759-962a-4b12-88e8-528c784d2397.binning_data.json,63060051,2025-12-09 09:08:10.200,2025-12-09 08:08:04.107,UTC-0300,tWUO8ZL77Z,,com.sec.android.app.shealth,2025-12-09 08:59:59.999,105b5759-962a-4b12-88e8-528c784d2397,
63060051,2025-12-09 09:00:00.000,,732a7319-65ca-472f-b348-d9dd48d4f9c7.binning_data.json,63060051,2025-12-09 10:08:20.448,2025-12-09 09:08:10.209,UTC-0300,tWUO8ZL77Z,,com.sec.android.app.shealth,2025-12-09 09:59:59.999,732a7319-65ca-472f-b348-d9dd48d4f9c7,
63060051,2025-12-09 10:00:00.000,,9248850d-a039-401b-a859-7d6f8f3f4118.binning_data.json,63060051,2025-12-09 11:08:28.316,2025-12-09 10:08:20.523,UTC-0300,tWUO8ZL77Z,,com.sec.android.app.shealth,2025-12-09 10:59:59.999,9248850d-a039-401b-a859-7d6f8f3f4118,
63060051,2025-12-09 11:00:00.000,,700091f2-8126-4a95-9cc6-1a428d071de7.binning_data.json,63060051,2025-12-09 12:08:35.417,2025-12-09 11:08:28.321,UTC-0300,tWUO8ZL77Z,,com.sec.android.app.shealth,2025-12-09 11:59:59.999,700091f2-8126-4a95-9cc6-1a428d071de7,
63060051,2025-12-09 12:00:00.000,,dfb91401-b403-4607-9dc6-2fa98f892db2.binning_data.json,63060051,2025-12-09 13:08:42.874,2025-12-09 12:08:35.443,UTC-0300,tWUO8ZL77Z,,com.sec.android.app.shealth,2025-12-09 12:59:59.999,dfb91401-b403-4607-9dc6-2fa98f892db2,
63060051,2025-12-09 13:00:00.000,,9119a89c-1de9-4d69-b31f-2aef2b969403.binning_data.json,63060051,2025-12-09 14:08:51.320,2025-12-09 13:08:42.877,UTC-0300,tWUO8ZL77Z,,com.sec.android.app.shealth,2025-12-09 13:59:59.999,9119a89c-1de9-4d69-b31f-2aef2b969403,
63060051,2025-12-09 14:00:00.000,,97ce9b3f-26fe-4feb-b2d5-1f1011d13891.binning_data.json,63060051,2025-12-09 15:08:58.835,2025-12-09 14:08:51.329,UTC-0300,tWUO8ZL77Z,,com.sec.android.app.shealth,2025-12-09 14:59:59.999,97ce9b3f-26fe-4feb-b2d5-1f1011d13891,
63060051,2025-12-09 15:00:00.000,,93954163-8695-47aa-82ff-7c260baac2b6.binning_data.json,63060051,2025-12-09 16:09:06.156,2025-12-09 15:08:58.842,UTC-0300,tWUO8ZL77Z,,com.sec.android.app.shealth,2025-12-09 15:59:59.999,93954163-8695-47aa-82ff-7c260baac2b6,
63060051,2025-12-09 16:00:00.000,,e4d7e5cc-8667-488b-a806-6a3dfa63be8f.binning_data.json,63060051,2025-12-09 17:09:13.210,2025-12-09 16:09:06.165,UTC-0300,tWUO8ZL77Z,,com.sec.android.app.shealth,2025-12-09 16:59:59.999,e4d7e5cc-8667-488b-a806-6a3dfa63be8f,
63060051,2025-12-09 17:00:00.000,,4588c506-d20b-41d9-b928-f6ec1de3fd63.binning_data.json,63060051,2025-12-09 18:09:22.549,2025-12-09 17:09:13.216,UTC-0300,tWUO8ZL77Z,,com.sec.android.app.shealth,2025-12-09 17:59:59.999,4588c506-d20b-41d9-b928-f6ec1de3fd63,
63060051,2025-12-09 18:00:00.000,,54ca1a22-2008-4918-b749-ed3c209f152a.binning_data.json,63060051,2025-12-09 19:09:30.943,2025-12-09 18:09:22.555,UTC-0300,tWUO8ZL77Z,,com.sec.android.app.shealth,2025-12-09 18:59:59.999,54ca1a22-2008-4918-b749-ed3c209f152a,
63060051,2025-12-09 19:00:00.000,,21c54b8a-7e9f-4489-8229-425f11195a05.binning_data.json,63060051,2025-12-09 20:09:39.645,2025-12-09 19:09:30.949,UTC-0300,tWUO8ZL77Z,,com.sec.android.app.shealth,2025-12-09 19:59:59.999,21c54b8a-7e9f-4489-8229-425f11195a05,
63060051,2025-12-09 20:00:00.000,,c382fd75-fe94-4999-abb8-f06ed007eaaf.binning_data.json,63060051,2025-12-09 21:09:47.462,2025-12-09 20:09:39.661,UTC-0300,tWUO8ZL77Z,,com.sec.android.app.shealth,2025-12-09 20:59:59.999,c382fd75-fe94-4999-abb8-f06ed007eaaf,
63060051,2025-12-09 21:00:00.000,,5eba0961-3c3d-485d-8084-fef2be14905f.binning_data.json,63060051,2025-12-09 22:09:53.310,2025-12-09 21:09:47.469,UTC-0300,tWUO8ZL77Z,,com.sec.android.app.shealth,2025-12-09 21:59:59.999,5eba0961-3c3d-485d-8084-fef2be14905f,
63060051,2025-12-09 22:00:00.000,,2ec14aac-24b4-4de9-9d4b-cfdf62165b56.binning_data.json,63060051,2025-12-09 22:23:59.237,2025-12-09 22:09:53.319,UTC-0300,tWUO8ZL77Z,,com.sec.android.app.shealth,2025-12-09 22:28:59.999,2ec14aac-24b4-4de9-9d4b-cfdf62165b56,
63060051,2025-12-10 00:54:00.000,,20e988ac-535c-4fb9-ae9b-69a42f79ea93.binning_data.json,63060051,2025-12-10 01:14:41.657,2025-12-10 01:14:41.657,UTC-0300,tWUO8ZL77Z,,com.sec.android.app.shealth,2025-12-10 00:59:59.999,20e988ac-535c-4fb9-ae9b-69a42f79ea93,
63060051,2025-12-10 01:00:00.000,,7e8d0844-3780-4ae1-8739-40caaf180d78.binning_data.json,63060051,2025-12-10 02:14:48.422,2025-12-10 01:14:41.664,UTC-0300,tWUO8ZL77Z,,com.sec.android.app.shealth,2025-12-10 01:59:59.999,7e8d0844-3780-4ae1-8739-40caaf180d78,
63060051,2025-12-10 02:00:00.000,,b4a8ad5f-aa19-4d02-aa61-d4ae714c6281.binning_data.json,63060051,2025-12-10 03:14:54.416,2025-12-10 02:14:48.429,UTC-0300,tWUO8ZL77Z,,com.sec.android.app.shealth,2025-12-10 02:59:59.999,b4a8ad5f-aa19-4d02-aa61-d4ae714c6281,
63060051,2025-12-10 03:00:00.000,,c4811ad0-3882-4994-a502-25f5c5cefd70.binning_data.json,63060051,2025-12-10 04:15:00.811,2025-12-10 03:14:54.430,UTC-0300,tWUO8ZL77Z,,com.sec.android.app.shealth,2025-12-10 03:59:59.999,c4811ad0-3882-4994-a502-25f5c5cefd70,
63060051,2025-12-10 04:00:00.000,,160a791a-afe1-4060-97f8-aca9846a7841.binning_data.json,63060051,2025-12-10 05:15:08.506,2025-12-10 04:15:00.816,UTC-0300,tWUO8ZL77Z,,com.sec.android.app.shealth,2025-12-10 04:59:59.999,160a791a-afe1-4060-97f8-aca9846a7841,
63060051,2025-12-10 05:00:00.000,,0f91dfa4-870d-46cf-8df5-24014c4cd2a3.binning_data.json,63060051,2025-12-10 06:15:14.158,2025-12-10 05:15:08.511,UTC-0300,tWUO8ZL77Z,,com.sec.android.app.shealth,2025-12-10 05:59:59.999,0f91dfa4-870d-46cf-8df5-24014c4cd2a3,
63060051,2025-12-10 06:00:00.000,,ac21f5db-98c6-4011-b27b-bea0d8df25dc.binning_data.json,63060051,2025-12-10 07:15:20.672,2025-12-10 06:15:14.177,UTC-0300,tWUO8ZL77Z,,com.sec.android.app.shealth,2025-12-10 06:59:59.999,ac21f5db-98c6-4011-b27b-bea0d8df25dc,
63060051,2025-12-10 07:00:00.000,,0aadf9d3-6768-46b4-9e4e-4b2de954f09c.binning_data.json,63060051,2025-12-10 08:15:26.271,2025-12-10 07:15:20.705,UTC-0300,tWUO8ZL77Z,,com.sec.android.app.shealth,2025-12-10 07:59:59.999,0aadf9d3-6768-46b4-9e4e-4b2de954f09c,
63060051,2025-12-10 08:00:00.000,,5b6710ff-b866-484e-a368-3a02c8584cf3.binning_data.json,63060051,2025-12-10 09:15:32.885,2025-12-10 08:15:26.336,UTC-0300,tWUO8ZL77Z,,com.sec.android.app.shealth,2025-12-10 08:59:59.999,5b6710ff-b866-484e-a368-3a02c8584cf3,
63060051,2025-12-10 09:00:00.000,,d51df660-3fba-4d47-84ab-a96c6f2c0727.binning_data.json,63060051,2025-12-10 10:15:41.807,2025-12-10 09:15:32.889,UTC-0300,tWUO8ZL77Z,,com.sec.android.app.shealth,2025-12-10 09:59:59.999,d51df660-3fba-4d47-84ab-a96c6f2c0727,
63060051,2025-12-10 10:00:00.000,,2b61436f-74ec-4f4a-a0f5-6cca756e800b.binning_data.json,63060051,2025-12-10 11:15:49.098,2025-12-10 10:15:41.812,UTC-0300,tWUO8ZL77Z,,com.sec.android.app.shealth,2025-12-10 10:59:59.999,2b61436f-74ec-4f4a-a0f5-6cca756e800b,
63060051,2025-12-10 11:00:00.000,,374394c2-be54-4a5b-a7a4-0c8441708d4d.binning_data.json,63060051,2025-12-10 12:15:54.752,2025-12-10 11:15:49.114,UTC-0300,tWUO8ZL77Z,,com.sec.android.app.shealth,2025-12-10 11:59:59.999,374394c2-be54-4a5b-a7a4-0c8441708d4d,
63060051,2025-12-10 12:00:00.000,,71154df3-18f0-4ad6-915b-ed915788b2ea.binning_data.json,63060051,2025-12-10 13:16:03.383,2025-12-10 12:15:54.758,UTC-0300,tWUO8ZL77Z,,com.sec.android.app.shealth,2025-12-10 12:59:59.999,71154df3-18f0-4ad6-915b-ed915788b2ea,
63060051,2025-12-10 13:00:00.000,,d872f86e-1f62-44d3-ae3b-19cc266327a0.binning_data.json,63060051,2025-12-10 14:16:14.143,2025-12-10 13:16:03.394,UTC-0300,tWUO8ZL77Z,,com.sec.android.app.shealth,2025-12-10 13:59:59.999,d872f86e-1f62-44d3-ae3b-19cc266327a0,
63060051,2025-12-10 14:00:00.000,,4c8189a3-45b9-4f5e-9be3-f0757d70749a.binning_data.json,63060051,2025-12-10 15:16:24.294,2025-12-10 14:16:14.182,UTC-0300,tWUO8ZL77Z,,com.sec.android.app.shealth,2025-12-10 14:59:59.999,4c8189a3-45b9-4f5e-9be3-f0757d70749a,
63060051,2025-12-10 15:00:00.000,,343a86da-40ba-4921-8c40-925b93917b26.binning_data.json,63060051,2025-12-10 16:16:33.507,2025-12-10 15:16:24.299,UTC-0300,tWUO8ZL77Z,,com.sec.android.app.shealth,2025-12-10 15:59:59.999,343a86da-40ba-4921-8c40-925b93917b26,
63060051,2025-12-10 16:00:00.000,,f39607ed-e240-4de5-9c81-cf4f75b013a1.binning_data.json,63060051,2025-12-10 17:16:41.179,2025-12-10 16:16:33.572,UTC-0300,tWUO8ZL77Z,,com.sec.android.app.shealth,2025-12-10 16:59:59.999,f39607ed-e240-4de5-9c81-cf4f75b013a1,
63060051,2025-12-10 17:00:00.000,,37396284-f7b5-49a7-a0cf-35310d85e75b.binning_data.json,63060051,2025-12-10 18:16:50.507,2025-12-10 17:16:41.188,UTC-0300,tWUO8ZL77Z,,com.sec.android.app.shealth,2025-12-10 17:59:59.999,37396284-f7b5-49a7-a0cf-35310d85e75b,
63060051,2025-12-10 18:00:00.000,,aa9bdec9-55d2-4ed1-8fef-6b066f9470ad.binning_data.json,63060051,2025-12-10 19:16:59.029,2025-12-10 18:16:50.553,UTC-0300,tWUO8ZL77Z,,com.sec.android.app.shealth,2025-12-10 18:59:59.999,aa9bdec9-55d2-4ed1-8fef-6b066f9470ad,
63060051,2025-12-10 19:00:00.000,,49667209-235f-43c5-a7d3-67b804903fb5.binning_data.json,63060051,2025-12-10 20:17:07.617,2025-12-10 19:16:59.036,UTC-0300,tWUO8ZL77Z,,com.sec.android.app.shealth,2025-12-10 19:59:59.999,49667209-235f-43c5-a7d3-67b804903fb5,
63060051,2025-12-10 20:00:00.000,,9f43bcc0-13a6-42a5-8e00-85512cae95ef.binning_data.json,63060051,2025-12-10 21:17:16.470,2025-12-10 20:17:07.624,UTC-0300,tWUO8ZL77Z,,com.sec.android.app.shealth,2025-12-10 20:59:59.999,9f43bcc0-13a6-42a5-8e00-85512cae95ef,
63060051,2025-12-10 21:00:00.000,,3ceb1cb8-d31b-4ca0-bb20-66367ac7fe93.binning_data.json,63060051,2025-12-10 22:17:25.347,2025-12-10 21:17:16.484,UTC-0300,tWUO8ZL77Z,,com.sec.android.app.shealth,2025-12-10 21:59:59.999,3ceb1cb8-d31b-4ca0-bb20-66367ac7fe93,
63060051,2025-12-10 22:00:00.000,,b4213a7a-9222-417a-89b9-88e4922b14a8.binning_data.json,63060051,2025-12-10 23:07:40.673,2025-12-10 22:17:25.496,UTC-0300,tWUO8ZL77Z,,com.sec.android.app.shealth,2025-12-10 22:59:59.999,b4213a7a-9222-417a-89b9-88e4922b14a8,
63060051,2025-12-10 23:00:00.000,,10432cf3-5ba2-4554-8829-02f5b067d8db.binning_data.json,63060051,2025-12-10 23:07:40.682,2025-12-10 23:07:40.682,UTC-0300,tWUO8ZL77Z,,com.sec.android.app.shealth,2025-12-10 23:16:59.999,10432cf3-5ba2-4554-8829-02f5b067d8db,
63060051,2025-12-11 01:43:00.000,,319ea047-b32e-4db0-8e75-c92a0a93c919.binning_data.json,63060051,2025-12-11 02:03:53.211,2025-12-11 02:03:53.211,UTC-0300,tWUO8ZL77Z,,com.sec.android.app.shealth,2025-12-11 01:59:59.999,319ea047-b32e-4db0-8e75-c92a0a93c919,
63060051,2025-12-11 02:00:00.000,,6bffb45f-2cbe-4a15-a716-5fd35897ec83.binning_data.json,63060051,2025-12-11 03:04:02.521,2025-12-11 02:03:53.236,UTC-0300,tWUO8ZL77Z,,com.sec.android.app.shealth,2025-12-11 02:59:59.999,6bffb45f-2cbe-4a15-a716-5fd35897ec83,
63060051,2025-12-11 03:00:00.000,,360b796e-a1ec-42ed-95e2-d61383d79846.binning_data.json,63060051,2025-12-11 04:04:11.071,2025-12-11 03:04:02.682,UTC-0300,tWUO8ZL77Z,,com.sec.android.app.shealth,2025-12-11 03:59:59.999,360b796e-a1ec-42ed-95e2-d61383d79846,
63060051,2025-12-11 04:00:00.000,,6756d62a-630e-40f0-81e6-6efa25ca0bbc.binning_data.json,63060051,2025-12-11 05:04:20.670,2025-12-11 04:04:11.077,UTC-0300,tWUO8ZL77Z,,com.sec.android.app.shealth,2025-12-11 04:59:59.999,6756d62a-630e-40f0-81e6-6efa25ca0bbc,
63060051,2025-12-11 05:00:00.000,,02e47fda-711e-4cfa-bbb9-2539d860260f.binning_data.json,63060051,2025-12-11 06:04:30.459,2025-12-11 05:04:20.677,UTC-0300,tWUO8ZL77Z,,com.sec.android.app.shealth,2025-12-11 05:59:59.999,02e47fda-711e-4cfa-bbb9-2539d860260f,
63060051,2025-12-11 06:00:00.000,,3aedc122-d0eb-4794-a123-4dc320a3ab7f.binning_data.json,63060051,2025-12-11 07:04:39.640,2025-12-11 06:04:30.553,UTC-0300,tWUO8ZL77Z,,com.sec.android.app.shealth,2025-12-11 06:59:59.999,3aedc122-d0eb-4794-a123-4dc320a3ab7f,
63060051,2025-12-11 07:00:00.000,,ddffe4bf-aa70-49f5-93c9-73a3525301d2.binning_data.json,63060051,2025-12-11 08:04:48.658,2025-12-11 07:04:39.645,UTC-0300,tWUO8ZL77Z,,com.sec.android.app.shealth,2025-12-11 07:59:59.999,ddffe4bf-aa70-49f5-93c9-73a3525301d2,
63060051,2025-12-11 08:00:00.000,,39d6e98a-4fc9-4daa-a496-b4fc731a9044.binning_data.json,63060051,2025-12-11 09:05:01.824,2025-12-11 08:04:48.664,UTC-0300,tWUO8ZL77Z,,com.sec.android.app.shealth,2025-12-11 08:59:59.999,39d6e98a-4fc9-4daa-a496-b4fc731a9044,
63060051,2025-12-11 09:00:00.000,,529129ec-f074-466f-9b6c-5a737808ea94.binning_data.json,63060051,2025-12-11 10:05:04.091,2025-12-11 09:05:01.884,UTC-0300,tWUO8ZL77Z,,com.sec.android.app.shealth,2025-12-11 09:59:59.999,529129ec-f074-466f-9b6c-5a737808ea94,
63060051,2025-12-11 10:00:00.000,,9fc914ad-4202-41be-a418-3ee3771244f3.binning_data.json,63060051,2025-12-11 11:05:14.839,2025-12-11 10:05:04.117,UTC-0300,tWUO8ZL77Z,,com.sec.android.app.shealth,2025-12-11 10:59:59.999,9fc914ad-4202-41be-a418-3ee3771244f3,
63060051,2025-12-11 11:00:00.000,,606d4ed1-b18c-418f-afc2-eabe43d195be.binning_data.json,63060051,2025-12-11 12:05:23.273,2025-12-11 11:05:14.845,UTC-0300,tWUO8ZL77Z,,com.sec.android.app.shealth,2025-12-11 11:59:59.999,606d4ed1-b18c-418f-afc2-eabe43d195be,
63060051,2025-12-11 12:00:00.000,,65bc7229-55ff-4bbf-9184-333f1b007162.binning_data.json,63060051,2025-12-11 13:05:32.468,2025-12-11 12:05:23.281,UTC-0300,tWUO8ZL77Z,,com.sec.android.app.shealth,2025-12-11 12:59:59.999,65bc7229-55ff-4bbf-9184-333f1b007162,
63060051,2025-12-11 13:00:00.000,,b5e855ef-bdf8-4c19-995f-34edb08ef2fd.binning_data.json,63060051,2025-12-11 14:05:41.206,2025-12-11 13:05:32.474,UTC-0300,tWUO8ZL77Z,,com.sec.android.app.shealth,2025-12-11 13:59:59.999,b5e855ef-bdf8-4c19-995f-34edb08ef2fd,
63060051,2025-12-11 14:00:00.000,,3be276e2-7c0b-40f5-9107-ce4f8f306330.binning_data.json,63060051,2025-12-11 15:05:49.914,2025-12-11 14:05:41.213,UTC-0300,tWUO8ZL77Z,,com.sec.android.app.shealth,2025-12-11 14:59:59.999,3be276e2-7c0b-40f5-9107-ce4f8f306330,
63060051,2025-12-11 15:00:00.000,,624af444-c19e-4814-a333-e6d32f7d2baf.binning_data.json,63060051,2025-12-11 16:05:59.157,2025-12-11 15:05:50.003,UTC-0300,tWUO8ZL77Z,,com.sec.android.app.shealth,2025-12-11 15:59:59.999,624af444-c19e-4814-a333-e6d32f7d2baf,
63060051,2025-12-11 16:00:00.000,,a20a170b-f3e7-4ca6-8693-6624070f6f13.binning_data.json,63060051,2025-12-11 17:06:08.762,2025-12-11 16:05:59.163,UTC-0300,tWUO8ZL77Z,,com.sec.android.app.shealth,2025-12-11 16:59:59.999,a20a170b-f3e7-4ca6-8693-6624070f6f13,
63060051,2025-12-11 17:00:00.000,,c52db0ff-d369-4295-bea3-6de81cba4d01.binning_data.json,63060051,2025-12-11 18:06:19.002,2025-12-11 17:06:08.773,UTC-0300,tWUO8ZL77Z,,com.sec.android.app.shealth,2025-12-11 17:59:59.999,c52db0ff-d369-4295-bea3-6de81cba4d01,
63060051,2025-12-11 18:00:00.000,,2b054e50-76c2-4fcb-8470-0c329219f5bd.binning_data.json,63060051,2025-12-11 19:06:28.786,2025-12-11 18:06:19.009,UTC-0300,tWUO8ZL77Z,,com.sec.android.app.shealth,2025-12-11 18:59:59.999,2b054e50-76c2-4fcb-8470-0c329219f5bd,
63060051,2025-12-11 19:00:00.000,,78998ac7-41e0-4137-8c6e-72c5e3bb9469.binning_data.json,63060051,2025-12-11 20:06:38.760,2025-12-11 19:06:28.897,UTC-0300,tWUO8ZL77Z,,com.sec.android.app.shealth,2025-12-11 19:59:59.999,78998ac7-41e0-4137-8c6e-72c5e3bb9469,
63060051,2025-12-11 20:00:00.000,,1077df7a-e0fb-4903-a090-5bac5e92a88d.binning_data.json,63060051,2025-12-11 21:06:47.015,2025-12-11 20:06:38.773,UTC-0300,tWUO8ZL77Z,,com.sec.android.app.shealth,2025-12-11 20:59:59.999,1077df7a-e0fb-4903-a090-5bac5e92a88d,
63060051,2025-12-11 21:00:00.000,,e7f412ff-fdf4-474f-9746-5922378ca69b.binning_data.json,63060051,2025-12-11 22:06:55.200,2025-12-11 21:06:47.025,UTC-0300,tWUO8ZL77Z,,com.sec.android.app.shealth,2025-12-11 21:59:59.999,e7f412ff-fdf4-474f-9746-5922378ca69b,
63060051,2025-12-11 22:00:00.000,,50a0b36d-365d-4711-83a3-74ac05d33aec.binning_data.json,63060051,2025-12-11 23:07:03.165,2025-12-11 22:06:55.206,UTC-0300,tWUO8ZL77Z,,com.sec.android.app.shealth,2025-12-11 22:59:59.999,50a0b36d-365d-4711-83a3-74ac05d33aec,
63060051,2025-12-11 23:00:00.000,,8423a520-8c81-43da-8987-17119a84fe17.binning_data.json,63060051,2025-12-11 23:54:09.131,2025-12-11 23:07:03.188,UTC-0300,tWUO8ZL77Z,,com.sec.android.app.shealth,2025-12-11 23:59:59.999,8423a520-8c81-43da-8987-17119a84fe17,
63060051,2025-12-12 00:00:00.000,,7bad1892-ea11-472a-91b8-9684e26e94c7.binning_data.json,63060051,2025-12-11 23:54:09.200,2025-12-11 23:54:09.200,UTC-0300,tWUO8ZL77Z,,com.sec.android.app.shealth,2025-12-12 00:06:59.999,7bad1892-ea11-472a-91b8-9684e26e94c7,
63060051,2025-12-12 02:33:00.000,,9766bbd0-98ba-40c1-8c6f-c9a1bfc7126b.binning_data.json,63060051,2025-12-12 03:13:53.019,2025-12-12 02:53:50.592,UTC-0300,tWUO8ZL77Z,,com.sec.android.app.shealth,2025-12-12 02:59:59.999,9766bbd0-98ba-40c1-8c6f-c9a1bfc7126b,
63060051,2025-12-12 03:00:00.000,,bdf206db-7354-416b-bbaa-b09471afc8b2.binning_data.json,63060051,2025-12-12 04:14:01.993,2025-12-12 03:13:53.026,UTC-0300,tWUO8ZL77Z,,com.sec.android.app.shealth,2025-12-12 03:59:59.999,bdf206db-7354-416b-bbaa-b09471afc8b2,
63060051,2025-12-12 04:00:00.000,,9c3d8c66-3264-4044-8e2a-229c0a9b2aae.binning_data.json,63060051,2025-12-12 05:14:10.313,2025-12-12 04:14:01.998,UTC-0300,tWUO8ZL77Z,,com.sec.android.app.shealth,2025-12-12 04:59:59.999,9c3d8c66-3264-4044-8e2a-229c0a9b2aae,
63060051,2025-12-12 05:00:00.000,,31081ec8-88f9-4e3e-a82c-59b7e508ff3f.binning_data.json,63060051,2025-12-12 06:14:19.066,2025-12-12 05:14:10.321,UTC-0300,tWUO8ZL77Z,,com.sec.android.app.shealth,2025-12-12 05:59:59.999,31081ec8-88f9-4e3e-a82c-59b7e508ff3f,
63060051,2025-12-12 06:00:00.000,,ee814410-0e43-4611-a178-a1559bc4df6b.binning_data.json,63060051,2025-12-12 07:14:27.341,2025-12-12 06:14:19.071,UTC-0300,tWUO8ZL77Z,,com.sec.android.app.shealth,2025-12-12 06:59:59.999,ee814410-0e43-4611-a178-a1559bc4df6b,
63060051,2025-12-12 07:00:00.000,,c99de8a5-e120-41f2-a453-7b27125019f0.binning_data.json,63060051,2025-12-12 08:14:36.128,2025-12-12 07:14:27.348,UTC-0300,tWUO8ZL77Z,,com.sec.android.app.shealth,2025-12-12 07:59:59.999,c99de8a5-e120-41f2-a453-7b27125019f0,
63060051,2025-12-12 08:00:00.000,,9a196673-9203-4ddb-8317-b3f50eced23f.binning_data.json,63060051,2025-12-12 09:14:44.535,2025-12-12 08:14:36.234,UTC-0300,tWUO8ZL77Z,,com.sec.android.app.shealth,2025-12-12 08:59:59.999,9a196673-9203-4ddb-8317-b3f50eced23f,
63060051,2025-12-12 09:00:00.000,,58bb4be2-e427-4eba-a0ae-758bfbd79d21.binning_data.json,63060051,2025-12-12 10:14:38.065,2025-12-12 09:14:44.543,UTC-0300,tWUO8ZL77Z,,com.sec.android.app.shealth,2025-12-12 09:59:59.999,58bb4be2-e427-4eba-a0ae-758bfbd79d21,
63060051,2025-12-12 10:00:00.000,,1d56de53-0e2a-4a4a-b10b-0f7875a81a97.binning_data.json,63060051,2025-12-12 11:14:46.768,2025-12-12 10:14:38.136,UTC-0300,tWUO8ZL77Z,,com.sec.android.app.shealth,2025-12-12 10:59:59.999,1d56de53-0e2a-4a4a-b10b-0f7875a81a97,
63060051,2025-12-12 11:00:00.000,,f4605134-9294-4d8b-a9f6-6751f065a074.binning_data.json,63060051,2025-12-12 12:14:56.957,2025-12-12 11:14:46.775,UTC-0300,tWUO8ZL77Z,,com.sec.android.app.shealth,2025-12-12 11:59:59.999,f4605134-9294-4d8b-a9f6-6751f065a074,
63060051,2025-12-12 12:00:00.000,,6b480f05-90b1-4f9d-91da-a77cbbbe626d.binning_data.json,63060051,2025-12-12 13:15:05.887,2025-12-12 12:14:57.105,UTC-0300,tWUO8ZL77Z,,com.sec.android.app.shealth,2025-12-12 12:59:59.999,6b480f05-90b1-4f9d-91da-a77cbbbe626d,
63060051,2025-12-12 13:00:00.000,,81b9c854-07ad-4f42-ad29-a1a466f9550d.binning_data.json,63060051,2025-12-12 14:15:17.480,2025-12-12 13:15:05.892,UTC-0300,tWUO8ZL77Z,,com.sec.android.app.shealth,2025-12-12 13:59:59.999,81b9c854-07ad-4f42-ad29-a1a466f9550d,
63060051,2025-12-12 14:00:00.000,,ceef63a8-f950-46fb-89c8-d3d2085fc085.binning_data.json,63060051,2025-12-12 15:15:27.538,2025-12-12 14:15:17.486,UTC-0300,tWUO8ZL77Z,,com.sec.android.app.shealth,2025-12-12 14:59:59.999,ceef63a8-f950-46fb-89c8-d3d2085fc085,
63060051,2025-12-12 15:00:00.000,,d56a62cc-878f-4223-b835-8a4f0099598f.binning_data.json,63060051,2025-12-12 16:15:36.561,2025-12-12 15:15:27.543,UTC-0300,tWUO8ZL77Z,,com.sec.android.app.shealth,2025-12-12 15:59:59.999,d56a62cc-878f-4223-b835-8a4f0099598f,
63060051,2025-12-12 16:00:00.000,,389031bc-88d2-45e1-889f-e9c04ca252af.binning_data.json,63060051,2025-12-12 17:15:44.349,2025-12-12 16:15:36.689,UTC-0300,tWUO8ZL77Z,,com.sec.android.app.shealth,2025-12-12 16:59:59.999,389031bc-88d2-45e1-889f-e9c04ca252af,
63060051,2025-12-12 17:00:00.000,,86588b8c-b140-4458-a935-7fae51683c58.binning_data.json,63060051,2025-12-12 18:06:54.140,2025-12-12 17:15:44.426,UTC-0300,tWUO8ZL77Z,,com.sec.android.app.shealth,2025-12-12 17:59:59.999,86588b8c-b140-4458-a935-7fae51683c58,
63060051,2025-12-12 18:00:00.000,,966498df-78a9-4ec3-9a11-7003149de890.binning_data.json,63060051,2025-12-12 18:06:54.155,2025-12-12 18:06:54.155,UTC-0300,tWUO8ZL77Z,,com.sec.android.app.shealth,2025-12-12 18:14:59.999,966498df-78a9-4ec3-9a11-7003149de890,
63060051,2025-12-12 21:57:00.000,,a94d72dc-9be5-4971-b284-495fd417485e.binning_data.json,63060051,2025-12-12 22:17:10.983,2025-12-12 22:17:10.983,UTC-0300,tWUO8ZL77Z,,com.sec.android.app.shealth,2025-12-12 21:59:59.999,a94d72dc-9be5-4971-b284-495fd417485e,
63060051,2025-12-12 22:00:00.000,,7a6d85e8-4f4b-4226-a75f-815dace0a423.binning_data.json,63060051,2025-12-12 23:17:19.948,2025-12-12 22:17:10.990,UTC-0300,tWUO8ZL77Z,,com.sec.android.app.shealth,2025-12-12 22:59:59.999,7a6d85e8-4f4b-4226-a75f-815dace0a423,
63060051,2025-12-12 23:00:00.000,,c6cf07c2-44d6-4704-9b76-bcd0524680a8.binning_data.json,63060051,2025-12-13 00:17:28.290,2025-12-12 23:17:19.958,UTC-0300,tWUO8ZL77Z,,com.sec.android.app.shealth,2025-12-12 23:59:59.999,c6cf07c2-44d6-4704-9b76-bcd0524680a8,
63060051,2025-12-13 00:00:00.000,,27187ec6-6ec6-4353-ac11-82ef6f51470a.binning_data.json,63060051,2025-12-13 01:17:37.765,2025-12-13 00:17:28.387,UTC-0300,tWUO8ZL77Z,,com.sec.android.app.shealth,2025-12-13 00:59:59.999,27187ec6-6ec6-4353-ac11-82ef6f51470a,
63060051,2025-12-13 01:00:00.000,,8664645a-87f0-40fb-b8b2-f8d38f8ea91d.binning_data.json,63060051,2025-12-13 01:37:40.592,2025-12-13 01:17:37.859,UTC-0300,tWUO8ZL77Z,,com.sec.android.app.shealth,2025-12-13 01:36:59.999,8664645a-87f0-40fb-b8b2-f8d38f8ea91d,
63060051,2025-12-13 02:12:00.000,,75ca86b2-3d08-4238-b1cb-144535fe4e4c.binning_data.json,63060051,2025-12-13 03:12:37.121,2025-12-13 02:32:29.842,UTC-0300,tWUO8ZL77Z,,com.sec.android.app.shealth,2025-12-13 02:59:59.999,75ca86b2-3d08-4238-b1cb-144535fe4e4c,
63060051,2025-12-13 03:00:00.000,,8139d513-1c10-49ac-b867-79847d7f55cf.binning_data.json,63060051,2025-12-13 04:12:47.041,2025-12-13 03:12:37.128,UTC-0300,tWUO8ZL77Z,,com.sec.android.app.shealth,2025-12-13 03:59:59.999,8139d513-1c10-49ac-b867-79847d7f55cf,
63060051,2025-12-13 04:00:00.000,,1a206963-9ba1-4ba2-85be-e88bb63ad2f3.binning_data.json,63060051,2025-12-13 05:12:55.433,2025-12-13 04:12:47.124,UTC-0300,tWUO8ZL77Z,,com.sec.android.app.shealth,2025-12-13 04:59:59.999,1a206963-9ba1-4ba2-85be-e88bb63ad2f3,
63060051,2025-12-13 05:00:00.000,,1e299213-ccbe-41ae-9136-62766cd1c82b.binning_data.json,63060051,2025-12-13 06:13:04.714,2025-12-13 05:12:55.522,UTC-0300,tWUO8ZL77Z,,com.sec.android.app.shealth,2025-12-13 05:59:59.999,1e299213-ccbe-41ae-9136-62766cd1c82b,
63060051,2025-12-13 06:00:00.000,,3877f9c9-12b8-45a6-8f6b-83cad2f74c50.binning_data.json,63060051,2025-12-13 07:13:13.443,2025-12-13 06:13:04.718,UTC-0300,tWUO8ZL77Z,,com.sec.android.app.shealth,2025-12-13 06:59:59.999,3877f9c9-12b8-45a6-8f6b-83cad2f74c50,
63060051,2025-12-13 07:00:00.000,,828d4d87-db38-4ca2-8cd6-80bdb4942e93.binning_data.json,63060051,2025-12-13 08:13:23.016,2025-12-13 07:13:13.449,UTC-0300,tWUO8ZL77Z,,com.sec.android.app.shealth,2025-12-13 07:59:59.999,828d4d87-db38-4ca2-8cd6-80bdb4942e93,
63060051,2025-12-13 08:00:00.000,,bb4a8eea-ef9e-4cc3-9bf5-4fe397bf424d.binning_data.json,63060051,2025-12-13 09:13:34.008,2025-12-13 08:13:23.018,UTC-0300,tWUO8ZL77Z,,com.sec.android.app.shealth,2025-12-13 08:59:59.999,bb4a8eea-ef9e-4cc3-9bf5-4fe397bf424d,
63060051,2025-12-13 09:00:00.000,,f403c39e-835e-4be7-b26c-521d359a4f5a.binning_data.json,63060051,2025-12-13 10:13:44.862,2025-12-13 09:13:34.100,UTC-0300,tWUO8ZL77Z,,com.sec.android.app.shealth,2025-12-13 09:59:59.999,f403c39e-835e-4be7-b26c-521d359a4f5a,
63060051,2025-12-13 10:00:00.000,,fae7d866-9a2d-4622-9f93-423a519b7d05.binning_data.json,63060051,2025-12-13 11:13:53.592,2025-12-13 10:13:44.868,UTC-0300,tWUO8ZL77Z,,com.sec.android.app.shealth,2025-12-13 10:59:59.999,fae7d866-9a2d-4622-9f93-423a519b7d05,
63060051,2025-12-13 11:00:00.000,,3ac70594-1c9a-4c33-bc91-e2b68cdab340.binning_data.json,63060051,2025-12-13 12:14:02.084,2025-12-13 11:13:53.598,UTC-0300,tWUO8ZL77Z,,com.sec.android.app.shealth,2025-12-13 11:59:59.999,3ac70594-1c9a-4c33-bc91-e2b68cdab340,
63060051,2025-12-13 12:00:00.000,,e34d7bd1-b188-4edb-8113-c65cf7353f8e.binning_data.json,63060051,2025-12-13 13:14:10.624,2025-12-13 12:14:02.094,UTC-0300,tWUO8ZL77Z,,com.sec.android.app.shealth,2025-12-13 12:59:59.999,e34d7bd1-b188-4edb-8113-c65cf7353f8e,
63060051,2025-12-13 13:00:00.000,,0c066f5a-7df2-4909-834e-e320ea0403bf.binning_data.json,63060051,2025-12-13 14:14:20.180,2025-12-13 13:14:10.628,UTC-0300,tWUO8ZL77Z,,com.sec.android.app.shealth,2025-12-13 13:59:59.999,0c066f5a-7df2-4909-834e-e320ea0403bf,
63060051,2025-12-13 14:00:00.000,,47e50875-7394-4178-963f-b0d069f1763e.binning_data.json,63060051,2025-12-13 15:14:29.116,2025-12-13 14:14:20.187,UTC-0300,tWUO8ZL77Z,,com.sec.android.app.shealth,2025-12-13 14:59:59.999,47e50875-7394-4178-963f-b0d069f1763e,
63060051,2025-12-13 15:00:00.000,,6e6647bb-1faa-4955-8c90-aae1606b2bbc.binning_data.json,63060051,2025-12-13 16:14:39.007,2025-12-13 15:14:29.148,UTC-0300,tWUO8ZL77Z,,com.sec.android.app.shealth,2025-12-13 15:59:59.999,6e6647bb-1faa-4955-8c90-aae1606b2bbc,
63060051,2025-12-13 16:00:00.000,,70e4591c-6986-4b69-b0b2-f26fc0605419.binning_data.json,63060051,2025-12-13 17:14:46.150,2025-12-13 16:14:39.011,UTC-0300,tWUO8ZL77Z,,com.sec.android.app.shealth,2025-12-13 16:59:59.999,70e4591c-6986-4b69-b0b2-f26fc0605419,
63060051,2025-12-13 17:00:00.000,,45e7bbe7-a3ad-4330-a8c5-f76d6e6294f8.binning_data.json,63060051,2025-12-13 18:14:56.848,2025-12-13 17:14:46.254,UTC-0300,tWUO8ZL77Z,,com.sec.android.app.shealth,2025-12-13 17:59:59.999,45e7bbe7-a3ad-4330-a8c5-f76d6e6294f8,
63060051,2025-12-13 18:00:00.000,,29a496a1-eb4e-4506-9288-c8b00781ae4e.binning_data.json,63060051,2025-12-13 19:15:07.105,2025-12-13 18:14:56.856,UTC-0300,tWUO8ZL77Z,,com.sec.android.app.shealth,2025-12-13 18:59:59.999,29a496a1-eb4e-4506-9288-c8b00781ae4e,
63060051,2025-12-13 19:00:00.000,,aafa4d7c-755e-43d9-b815-97383c89f805.binning_data.json,63060051,2025-12-13 20:15:17.048,2025-12-13 19:15:07.110,UTC-0300,tWUO8ZL77Z,,com.sec.android.app.shealth,2025-12-13 19:59:59.999,aafa4d7c-755e-43d9-b815-97383c89f805,
63060051,2025-12-13 20:00:00.000,,aea83eb3-2452-495f-a40e-58d6e3e65672.binning_data.json,63060051,2025-12-13 21:15:26.590,2025-12-13 20:15:17.053,UTC-0300,tWUO8ZL77Z,,com.sec.android.app.shealth,2025-12-13 20:59:59.999,aea83eb3-2452-495f-a40e-58d6e3e65672,
63060051,2025-12-13 21:00:00.000,,0cd36c28-d212-47d2-9237-ca8d6e949441.binning_data.json,63060051,2025-12-13 22:15:35.866,2025-12-13 21:15:26.596,UTC-0300,tWUO8ZL77Z,,com.sec.android.app.shealth,2025-12-13 21:59:59.999,0cd36c28-d212-47d2-9237-ca8d6e949441,
63060051,2025-12-13 22:00:00.000,,900cb7d4-48e4-447a-a5b0-ee59dfdac809.binning_data.json,63060051,2025-12-13 23:15:44.656,2025-12-13 22:15:35.877,UTC-0300,tWUO8ZL77Z,,com.sec.android.app.shealth,2025-12-13 22:59:59.999,900cb7d4-48e4-447a-a5b0-ee59dfdac809,
63060051,2025-12-13 23:00:00.000,,331d0cc7-f220-4693-ac3f-6d50a24d5a0a.binning_data.json,63060051,2025-12-14 00:15:53.152,2025-12-13 23:15:44.665,UTC-0300,tWUO8ZL77Z,,com.sec.android.app.shealth,2025-12-13 23:59:59.999,331d0cc7-f220-4693-ac3f-6d50a24d5a0a,
63060051,2025-12-14 00:00:00.000,,f20a3d60-fcff-4bca-8ea0-9c80cb8e4453.binning_data.json,63060051,2025-12-14 00:20:41.254,2025-12-14 00:15:53.156,UTC-0300,tWUO8ZL77Z,,com.sec.android.app.shealth,2025-12-14 00:35:59.999,f20a3d60-fcff-4bca-8ea0-9c80cb8e4453,
63060051,2025-12-14 01:58:00.000,,b525d4ca-d938-4370-a13f-e6850c58c667.binning_data.json,63060051,2025-12-14 02:18:46.028,2025-12-14 02:18:46.028,UTC-0300,tWUO8ZL77Z,,com.sec.android.app.shealth,2025-12-14 01:59:59.999,b525d4ca-d938-4370-a13f-e6850c58c667,
63060051,2025-12-14 02:00:00.000,,277ba6e8-a5cd-45cd-af02-94db8f24e91a.binning_data.json,63060051,2025-12-14 03:18:54.892,2025-12-14 02:18:46.032,UTC-0300,tWUO8ZL77Z,,com.sec.android.app.shealth,2025-12-14 02:59:59.999,277ba6e8-a5cd-45cd-af02-94db8f24e91a,
63060051,2025-12-14 03:00:00.000,,33d748a2-7446-4de1-95f0-195ac40f8311.binning_data.json,63060051,2025-12-14 04:19:04.760,2025-12-14 03:18:54.899,UTC-0300,tWUO8ZL77Z,,com.sec.android.app.shealth,2025-12-14 03:59:59.999,33d748a2-7446-4de1-95f0-195ac40f8311,
63060051,2025-12-14 04:00:00.000,,e5a57448-b81d-4b2a-a411-5b8851d0e9ed.binning_data.json,63060051,2025-12-14 05:19:13.851,2025-12-14 04:19:04.817,UTC-0300,tWUO8ZL77Z,,com.sec.android.app.shealth,2025-12-14 04:59:59.999,e5a57448-b81d-4b2a-a411-5b8851d0e9ed,
63060051,2025-12-14 05:00:00.000,,927d384d-a756-4223-a575-7356e2ac453e.binning_data.json,63060051,2025-12-14 06:19:23.901,2025-12-14 05:19:13.854,UTC-0300,tWUO8ZL77Z,,com.sec.android.app.shealth,2025-12-14 05:59:59.999,927d384d-a756-4223-a575-7356e2ac453e,
63060051,2025-12-14 06:00:00.000,,a7eca49e-4b66-4b46-8307-55a1eb6a1df2.binning_data.json,63060051,2025-12-14 07:19:31.443,2025-12-14 06:19:23.967,UTC-0300,tWUO8ZL77Z,,com.sec.android.app.shealth,2025-12-14 06:59:59.999,a7eca49e-4b66-4b46-8307-55a1eb6a1df2,
63060051,2025-12-14 07:00:00.000,,d00bc48b-a056-4228-9d29-d78017fbca51.binning_data.json,63060051,2025-12-14 08:19:41.328,2025-12-14 07:19:31.447,UTC-0300,tWUO8ZL77Z,,com.sec.android.app.shealth,2025-12-14 07:59:59.999,d00bc48b-a056-4228-9d29-d78017fbca51,
63060051,2025-12-14 08:00:00.000,,e506b48c-5a92-4ee9-ab1e-8767268521ec.binning_data.json,63060051,2025-12-14 09:19:50.554,2025-12-14 08:19:41.435,UTC-0300,tWUO8ZL77Z,,com.sec.android.app.shealth,2025-12-14 08:59:59.999,e506b48c-5a92-4ee9-ab1e-8767268521ec,
63060051,2025-12-14 09:00:00.000,,553e9cfb-710e-492c-8116-ea1f14f99b98.binning_data.json,63060051,2025-12-14 10:19:46.830,2025-12-14 09:19:50.559,UTC-0300,tWUO8ZL77Z,,com.sec.android.app.shealth,2025-12-14 09:59:59.999,553e9cfb-710e-492c-8116-ea1f14f99b98,
63060051,2025-12-14 10:00:00.000,,0ab72216-be1e-4086-a81a-ae243e6cc088.binning_data.json,63060051,2025-12-14 11:19:56.637,2025-12-14 10:19:46.835,UTC-0300,tWUO8ZL77Z,,com.sec.android.app.shealth,2025-12-14 10:59:59.999,0ab72216-be1e-4086-a81a-ae243e6cc088,
63060051,2025-12-14 11:00:00.000,,e83f01e5-ee7b-49f1-85b6-b46739314c06.binning_data.json,63060051,2025-12-14 12:00:02.748,2025-12-14 11:19:56.646,UTC-0300,tWUO8ZL77Z,,com.sec.android.app.shealth,2025-12-14 11:59:59.999,e83f01e5-ee7b-49f1-85b6-b46739314c06,
63060051,2025-12-14 12:00:00.000,,df23d026-e732-417f-9a05-3c56b16ec1fd.binning_data.json,63060051,2025-12-14 13:00:11.511,2025-12-14 12:20:05.701,UTC-0300,tWUO8ZL77Z,,com.sec.android.app.shealth,2025-12-14 12:59:59.999,df23d026-e732-417f-9a05-3c56b16ec1fd,
63060051,2025-12-14 13:00:00.000,,2dd85628-8bce-4e37-9566-d61a2e66769d.binning_data.json,63060051,2025-12-14 14:00:20.279,2025-12-14 13:20:14.472,UTC-0300,tWUO8ZL77Z,,com.sec.android.app.shealth,2025-12-14 13:59:59.999,2dd85628-8bce-4e37-9566-d61a2e66769d,
63060051,2025-12-14 14:00:00.000,,ae82566e-96e2-44bc-86e0-fbe46be8edef.binning_data.json,63060051,2025-12-14 15:00:30.016,2025-12-14 14:20:23.129,UTC-0300,tWUO8ZL77Z,,com.sec.android.app.shealth,2025-12-14 14:59:59.999,ae82566e-96e2-44bc-86e0-fbe46be8edef,
63060051,2025-12-14 15:00:00.000,,54863449-ff2c-4730-8a3e-a042b569ef8f.binning_data.json,63060051,2025-12-14 16:00:39.647,2025-12-14 15:20:33.291,UTC-0300,tWUO8ZL77Z,,com.sec.android.app.shealth,2025-12-14 15:59:59.999,54863449-ff2c-4730-8a3e-a042b569ef8f,
63060051,2025-12-14 16:00:00.000,,0f285248-2c98-4516-881a-4f5125006741.binning_data.json,63060051,2025-12-14 17:00:48.838,2025-12-14 16:20:43.025,UTC-0300,tWUO8ZL77Z,,com.sec.android.app.shealth,2025-12-14 16:59:59.999,0f285248-2c98-4516-881a-4f5125006741,
63060051,2025-12-14 17:00:00.000,,2c09b905-619a-4eaa-9a58-b77eb2cf1003.binning_data.json,63060051,2025-12-14 18:00:59.033,2025-12-14 17:20:51.914,UTC-0300,tWUO8ZL77Z,,com.sec.android.app.shealth,2025-12-14 17:59:59.999,2c09b905-619a-4eaa-9a58-b77eb2cf1003,
63060051,2025-12-14 18:01:00.000,,e653dc68-080e-4b34-bf02-d2169609f573.binning_data.json,63060051,2025-12-14 19:01:10.669,2025-12-14 18:21:03.957,UTC-0300,tWUO8ZL77Z,,com.sec.android.app.shealth,2025-12-14 18:59:59.999,e653dc68-080e-4b34-bf02-d2169609f573,
63060051,2025-12-14 19:00:00.000,,ef72bd5d-8c34-4c88-83da-d20ddeb1f60c.binning_data.json,63060051,2025-12-14 20:01:20.595,2025-12-14 19:01:10.677,UTC-0300,tWUO8ZL77Z,,com.sec.android.app.shealth,2025-12-14 19:59:59.999,ef72bd5d-8c34-4c88-83da-d20ddeb1f60c,
63060051,2025-12-14 20:00:00.000,,1f2faf44-f96f-41ea-a284-39391281e14d.binning_data.json,63060051,2025-12-14 21:01:31.337,2025-12-14 20:01:20.605,UTC-0300,tWUO8ZL77Z,,com.sec.android.app.shealth,2025-12-14 20:59:59.999,1f2faf44-f96f-41ea-a284-39391281e14d,
63060051,2025-12-14 21:00:00.000,,d8bb1afd-5114-406e-8f2d-b60d5deb57b7.binning_data.json,63060051,2025-12-14 22:01:41.506,2025-12-14 21:01:31.343,UTC-0300,tWUO8ZL77Z,,com.sec.android.app.shealth,2025-12-14 21:59:59.999,d8bb1afd-5114-406e-8f2d-b60d5deb57b7,
63060051,2025-12-14 22:00:00.000,,d2b3c3c9-36ce-45a8-8d22-a03ce0f33ed0.binning_data.json,63060051,2025-12-14 22:36:35.732,2025-12-14 22:01:41.515,UTC-0300,tWUO8ZL77Z,,com.sec.android.app.shealth,2025-12-14 22:41:59.999,d2b3c3c9-36ce-45a8-8d22-a03ce0f33ed0,
63060051,2025-12-14 23:17:00.000,,46b25a65-0c37-4d75-9e1f-a6fddd91fcb7.binning_data.json,63060051,2025-12-15 00:17:26.431,2025-12-14 23:37:19.303,UTC-0300,tWUO8ZL77Z,,com.sec.android.app.shealth,2025-12-14 23:59:59.999,46b25a65-0c37-4d75-9e1f-a6fddd91fcb7,
63060051,2025-12-15 00:00:00.000,,cdfe0ec0-c617-4160-97f9-6d0f270243e9.binning_data.json,63060051,2025-12-15 01:17:35.068,2025-12-15 00:17:26.441,UTC-0300,tWUO8ZL77Z,,com.sec.android.app.shealth,2025-12-15 00:59:59.999,cdfe0ec0-c617-4160-97f9-6d0f270243e9,
63060051,2025-12-15 01:00:00.000,,8cd2c9f5-a040-46f4-b4d2-4f6dae469d33.binning_data.json,63060051,2025-12-15 02:17:42.851,2025-12-15 01:17:35.075,UTC-0300,tWUO8ZL77Z,,com.sec.android.app.shealth,2025-12-15 01:59:59.999,8cd2c9f5-a040-46f4-b4d2-4f6dae469d33,
63060051,2025-12-15 02:00:00.000,,af801ced-bb24-4961-ad80-f84c0f5eb716.binning_data.json,63060051,2025-12-15 03:17:50.975,2025-12-15 02:17:42.967,UTC-0300,tWUO8ZL77Z,,com.sec.android.app.shealth,2025-12-15 02:59:59.999,af801ced-bb24-4961-ad80-f84c0f5eb716,
63060051,2025-12-15 03:00:00.000,,3746f5e5-9f2a-4c41-aa9b-e4310539fb0f.binning_data.json,63060051,2025-12-15 04:18:00.442,2025-12-15 03:17:51.065,UTC-0300,tWUO8ZL77Z,,com.sec.android.app.shealth,2025-12-15 03:59:59.999,3746f5e5-9f2a-4c41-aa9b-e4310539fb0f,
63060051,2025-12-15 04:00:00.000,,ff06ac88-885f-4814-9fe3-7a1752fa1b05.binning_data.json,63060051,2025-12-15 05:18:11.394,2025-12-15 04:18:00.463,UTC-0300,tWUO8ZL77Z,,com.sec.android.app.shealth,2025-12-15 04:59:59.999,ff06ac88-885f-4814-9fe3-7a1752fa1b05,
63060051,2025-12-15 05:00:00.000,,f1fbb799-0c5c-461e-b931-1072dfdf88b4.binning_data.json,63060051,2025-12-15 06:18:21.741,2025-12-15 05:18:11.422,UTC-0300,tWUO8ZL77Z,,com.sec.android.app.shealth,2025-12-15 05:59:59.999,f1fbb799-0c5c-461e-b931-1072dfdf88b4,
63060051,2025-12-15 06:00:00.000,,74daf164-de5c-45cb-a71e-29cec8ed4e95.binning_data.json,63060051,2025-12-15 07:18:31.763,2025-12-15 06:18:21.745,UTC-0300,tWUO8ZL77Z,,com.sec.android.app.shealth,2025-12-15 06:59:59.999,74daf164-de5c-45cb-a71e-29cec8ed4e95,
63060051,2025-12-15 07:00:00.000,,dd71b4f7-6662-471c-9794-7696018a8f28.binning_data.json,63060051,2025-12-15 08:18:41.911,2025-12-15 07:18:31.779,UTC-0300,tWUO8ZL77Z,,com.sec.android.app.shealth,2025-12-15 07:59:59.999,dd71b4f7-6662-471c-9794-7696018a8f28,
63060051,2025-12-15 08:00:00.000,,1224957a-12ce-4f74-b666-830c5cc67dba.binning_data.json,63060051,2025-12-15 09:18:52.251,2025-12-15 08:18:41.925,UTC-0300,tWUO8ZL77Z,,com.sec.android.app.shealth,2025-12-15 08:59:59.999,1224957a-12ce-4f74-b666-830c5cc67dba,
63060051,2025-12-15 09:00:00.000,,bec3b69a-5fa0-4bd2-88a8-ab2f997fcd8c.binning_data.json,63060051,2025-12-15 10:19:02.252,2025-12-15 09:18:52.345,UTC-0300,tWUO8ZL77Z,,com.sec.android.app.shealth,2025-12-15 09:59:59.999,bec3b69a-5fa0-4bd2-88a8-ab2f997fcd8c,
63060051,2025-12-15 10:00:00.000,,1d156ae4-e095-425c-881a-9418d23ad4ec.binning_data.json,63060051,2025-12-15 11:19:12.831,2025-12-15 10:19:02.258,UTC-0300,tWUO8ZL77Z,,com.sec.android.app.shealth,2025-12-15 10:59:59.999,1d156ae4-e095-425c-881a-9418d23ad4ec,
63060051,2025-12-15 11:00:00.000,,f4b06be2-53d0-40e0-8d0b-16ceb30b43d4.binning_data.json,63060051,2025-12-15 12:10:40.146,2025-12-15 11:19:12.841,UTC-0300,tWUO8ZL77Z,,com.sec.android.app.shealth,2025-12-15 11:59:59.999,f4b06be2-53d0-40e0-8d0b-16ceb30b43d4,
63060051,2025-12-15 12:00:00.000,,1dde5507-d221-4112-9a8c-aba72bcab53a.binning_data.json,63060051,2025-12-15 12:10:40.190,2025-12-15 12:10:40.190,UTC-0300,tWUO8ZL77Z,,com.sec.android.app.shealth,2025-12-15 12:18:59.999,1dde5507-d221-4112-9a8c-aba72bcab53a,
63060051,2025-12-15 15:17:00.000,,68ccf8b6-81a1-4d3f-b20e-74d060a17761.binning_data.json,63060051,2025-12-15 16:18:01.630,2025-12-15 15:37:55.115,UTC-0300,tWUO8ZL77Z,,com.sec.android.app.shealth,2025-12-15 15:59:59.999,68ccf8b6-81a1-4d3f-b20e-74d060a17761,
63060051,2025-12-15 16:00:00.000,,bc3253a4-1dea-48d2-9e3b-47354905bc10.binning_data.json,63060051,2025-12-15 17:18:10.528,2025-12-15 16:18:01.636,UTC-0300,tWUO8ZL77Z,,com.sec.android.app.shealth,2025-12-15 16:59:59.999,bc3253a4-1dea-48d2-9e3b-47354905bc10,
63060051,2025-12-15 17:00:00.000,,d3dd0ffb-d105-4a94-8fda-792a1c5e8050.binning_data.json,63060051,2025-12-15 18:18:18.228,2025-12-15 17:18:10.541,UTC-0300,tWUO8ZL77Z,,com.sec.android.app.shealth,2025-12-15 17:59:59.999,d3dd0ffb-d105-4a94-8fda-792a1c5e8050,
63060051,2025-12-15 18:00:00.000,,89e55cb2-a77a-47aa-b0aa-99a2146165b8.binning_data.json,63060051,2025-12-15 19:18:26.169,2025-12-15 18:18:18.251,UTC-0300,tWUO8ZL77Z,,com.sec.android.app.shealth,2025-12-15 18:59:59.999,89e55cb2-a77a-47aa-b0aa-99a2146165b8,
63060051,2025-12-15 19:00:00.000,,1da92f87-750f-4532-971d-ba08510c5911.binning_data.json,63060051,2025-12-15 20:18:33.379,2025-12-15 19:18:26.180,UTC-0300,tWUO8ZL77Z,,com.sec.android.app.shealth,2025-12-15 19:59:59.999,1da92f87-750f-4532-971d-ba08510c5911,
63060051,2025-12-15 20:00:00.000,,ad396030-83fc-444a-94ec-b5b26a99bfe1.binning_data.json,63060051,2025-12-15 21:18:41.359,2025-12-15 20:18:33.388,UTC-0300,tWUO8ZL77Z,,com.sec.android.app.shealth,2025-12-15 20:59:59.999,ad396030-83fc-444a-94ec-b5b26a99bfe1,
63060051,2025-12-15 21:00:00.000,,c5695313-b4ef-495e-a3ac-f16ab04efd62.binning_data.json,63060051,2025-12-15 22:18:48.716,2025-12-15 21:18:41.368,UTC-0300,tWUO8ZL77Z,,com.sec.android.app.shealth,2025-12-15 21:59:59.999,c5695313-b4ef-495e-a3ac-f16ab04efd62,
63060051,2025-12-15 22:00:00.000,,83a45b6f-1169-474e-8c26-57a16f9a58bd.binning_data.json,63060051,2025-12-15 23:18:55.935,2025-12-15 22:18:48.721,UTC-0300,tWUO8ZL77Z,,com.sec.android.app.shealth,2025-12-15 22:59:59.999,83a45b6f-1169-474e-8c26-57a16f9a58bd,
63060051,2025-12-15 23:00:00.000,,392b2c7c-1477-4edd-b7a1-03d23aff95f6.binning_data.json,63060051,2025-12-16 00:09:54.646,2025-12-15 23:18:55.945,UTC-0300,tWUO8ZL77Z,,com.sec.android.app.shealth,2025-12-15 23:59:59.999,392b2c7c-1477-4edd-b7a1-03d23aff95f6,
63060051,2025-12-16 00:00:00.000,,5d01fda6-f704-4cae-936a-8d18733a849a.binning_data.json,63060051,2025-12-16 01:10:01.786,2025-12-16 00:09:54.652,UTC-0300,tWUO8ZL77Z,,com.sec.android.app.shealth,2025-12-16 00:59:59.999,5d01fda6-f704-4cae-936a-8d18733a849a,
63060051,2025-12-16 01:00:00.000,,850db97b-608e-40af-b6eb-dcb5aca0185e.binning_data.json,63060051,2025-12-16 02:10:09.644,2025-12-16 01:10:01.824,UTC-0300,tWUO8ZL77Z,,com.sec.android.app.shealth,2025-12-16 01:59:59.999,850db97b-608e-40af-b6eb-dcb5aca0185e,
63060051,2025-12-16 02:00:00.000,,0648fd28-14cf-47b0-b426-be3e45434cd6.binning_data.json,63060051,2025-12-16 03:10:18.070,2025-12-16 02:10:09.648,UTC-0300,tWUO8ZL77Z,,com.sec.android.app.shealth,2025-12-16 02:59:59.999,0648fd28-14cf-47b0-b426-be3e45434cd6,
63060051,2025-12-16 03:00:00.000,,72438268-899b-45f7-b438-1fd591e4c439.binning_data.json,63060051,2025-12-16 04:10:26.491,2025-12-16 03:10:18.081,UTC-0300,tWUO8ZL77Z,,com.sec.android.app.shealth,2025-12-16 03:59:59.999,72438268-899b-45f7-b438-1fd591e4c439,
63060051,2025-12-16 04:00:00.000,,34ec899d-1b94-4672-ae46-00ab8036c920.binning_data.json,63060051,2025-12-16 05:10:34.928,2025-12-16 04:10:26.496,UTC-0300,tWUO8ZL77Z,,com.sec.android.app.shealth,2025-12-16 04:59:59.999,34ec899d-1b94-4672-ae46-00ab8036c920,
63060051,2025-12-16 05:00:00.000,,102a0364-3207-4f29-95d5-b34d11550bd3.binning_data.json,63060051,2025-12-16 06:10:42.685,2025-12-16 05:10:34.935,UTC-0300,tWUO8ZL77Z,,com.sec.android.app.shealth,2025-12-16 05:59:59.999,102a0364-3207-4f29-95d5-b34d11550bd3,
63060051,2025-12-16 06:00:00.000,,ffb74a97-dff2-42ad-a472-4aaec318fec7.binning_data.json,63060051,2025-12-16 07:10:50.467,2025-12-16 06:10:42.696,UTC-0300,tWUO8ZL77Z,,com.sec.android.app.shealth,2025-12-16 06:59:59.999,ffb74a97-dff2-42ad-a472-4aaec318fec7,
63060051,2025-12-16 07:00:00.000,,073aee48-8374-4d51-8048-cc61bb6c1ff7.binning_data.json,63060051,2025-12-16 08:10:57.459,2025-12-16 07:10:50.476,UTC-0300,tWUO8ZL77Z,,com.sec.android.app.shealth,2025-12-16 07:59:59.999,073aee48-8374-4d51-8048-cc61bb6c1ff7,
63060051,2025-12-16 08:00:00.000,,6013f325-6257-4182-ae8d-a9a549645194.binning_data.json,63060051,2025-12-16 09:11:05.926,2025-12-16 08:10:57.474,UTC-0300,tWUO8ZL77Z,,com.sec.android.app.shealth,2025-12-16 08:59:59.999,6013f325-6257-4182-ae8d-a9a549645194,
63060051,2025-12-16 09:00:00.000,,f280ad84-2e96-435d-ae88-7c8817891ede.binning_data.json,63060051,2025-12-16 10:11:14.729,2025-12-16 09:11:05.931,UTC-0300,tWUO8ZL77Z,,com.sec.android.app.shealth,2025-12-16 09:59:59.999,f280ad84-2e96-435d-ae88-7c8817891ede,
63060051,2025-12-16 10:00:00.000,,916750f8-1a11-4852-9808-982021279072.binning_data.json,63060051,2025-12-16 11:11:20.133,2025-12-16 10:11:14.740,UTC-0300,tWUO8ZL77Z,,com.sec.android.app.shealth,2025-12-16 10:59:59.999,916750f8-1a11-4852-9808-982021279072,
63060051,2025-12-16 11:00:00.000,,5f18e45c-1046-4b42-9ce0-15a244e9a775.binning_data.json,63060051,2025-12-16 12:11:26.802,2025-12-16 11:11:20.146,UTC-0300,tWUO8ZL77Z,,com.sec.android.app.shealth,2025-12-16 11:59:59.999,5f18e45c-1046-4b42-9ce0-15a244e9a775,
63060051,2025-12-16 12:00:00.000,,93c84898-2130-4adf-bc0f-e20e12c55b63.binning_data.json,63060051,2025-12-16 13:11:33.589,2025-12-16 12:11:26.823,UTC-0300,tWUO8ZL77Z,,com.sec.android.app.shealth,2025-12-16 12:59:59.999,93c84898-2130-4adf-bc0f-e20e12c55b63,
63060051,2025-12-16 13:00:00.000,,48f36fc5-25d5-4354-885f-d5fbad02be0f.binning_data.json,63060051,2025-12-16 14:11:40.147,2025-12-16 13:11:33.594,UTC-0300,tWUO8ZL77Z,,com.sec.android.app.shealth,2025-12-16 13:59:59.999,48f36fc5-25d5-4354-885f-d5fbad02be0f,
63060051,2025-12-16 14:00:00.000,,d3a27766-1431-4f10-9027-f002e48b636c.binning_data.json,63060051,2025-12-16 15:11:50.626,2025-12-16 14:11:40.153,UTC-0300,tWUO8ZL77Z,,com.sec.android.app.shealth,2025-12-16 14:59:59.999,d3a27766-1431-4f10-9027-f002e48b636c,
63060051,2025-12-16 15:00:00.000,,6c544167-3ca4-4d79-bead-4cd4aa198af4.binning_data.json,63060051,2025-12-16 16:12:01.478,2025-12-16 15:11:50.639,UTC-0300,tWUO8ZL77Z,,com.sec.android.app.shealth,2025-12-16 15:59:59.999,6c544167-3ca4-4d79-bead-4cd4aa198af4,
63060051,2025-12-16 16:00:00.000,,8a98edfd-c679-4ea4-88d2-e6030428d605.binning_data.json,63060051,2025-12-16 17:12:13.175,2025-12-16 16:12:01.583,UTC-0300,tWUO8ZL77Z,,com.sec.android.app.shealth,2025-12-16 16:59:59.999,8a98edfd-c679-4ea4-88d2-e6030428d605,
63060051,2025-12-16 17:00:00.000,,cac5c625-6124-4420-a201-d72ecc1317a2.binning_data.json,63060051,2025-12-16 18:12:24.473,2025-12-16 17:12:13.183,UTC-0300,tWUO8ZL77Z,,com.sec.android.app.shealth,2025-12-16 17:59:59.999,cac5c625-6124-4420-a201-d72ecc1317a2,
63060051,2025-12-16 18:00:00.000,,13b61b9a-d63b-4339-81fb-c247d818ac86.binning_data.json,63060051,2025-12-16 19:12:35.377,2025-12-16 18:12:24.486,UTC-0300,tWUO8ZL77Z,,com.sec.android.app.shealth,2025-12-16 18:59:59.999,13b61b9a-d63b-4339-81fb-c247d818ac86,
63060051,2025-12-16 19:00:00.000,,96b78042-b728-4305-a62b-ef42805b9923.binning_data.json,63060051,2025-12-16 20:12:45.884,2025-12-16 19:12:35.386,UTC-0300,tWUO8ZL77Z,,com.sec.android.app.shealth,2025-12-16 19:59:59.999,96b78042-b728-4305-a62b-ef42805b9923,
63060051,2025-12-16 20:00:00.000,,aa7fa041-4770-4af4-a3fa-6b60e2a860cd.binning_data.json,63060051,2025-12-16 21:12:55.974,2025-12-16 20:12:45.894,UTC-0300,tWUO8ZL77Z,,com.sec.android.app.shealth,2025-12-16 20:59:59.999,aa7fa041-4770-4af4-a3fa-6b60e2a860cd,
63060051,2025-12-16 21:00:00.000,,ccbfafdd-77d0-48e8-8a3e-d3cc467a628c.binning_data.json,63060051,2025-12-16 22:13:06.383,2025-12-16 21:12:55.981,UTC-0300,tWUO8ZL77Z,,com.sec.android.app.shealth,2025-12-16 21:59:59.999,ccbfafdd-77d0-48e8-8a3e-d3cc467a628c,
63060051,2025-12-16 22:00:00.000,,6ec92eff-d13a-46fa-851c-3ae890c9fa6f.binning_data.json,63060051,2025-12-16 23:13:18.183,2025-12-16 22:13:06.391,UTC-0300,tWUO8ZL77Z,,com.sec.android.app.shealth,2025-12-16 22:59:59.999,6ec92eff-d13a-46fa-851c-3ae890c9fa6f,
63060051,2025-12-16 23:00:00.000,,5620befb-844b-47f2-8a3f-c8ca4d6911dd.binning_data.json,63060051,2025-12-16 23:36:34.608,2025-12-16 23:13:18.189,UTC-0300,tWUO8ZL77Z,,com.sec.android.app.shealth,2025-12-16 23:52:59.999,5620befb-844b-47f2-8a3f-c8ca4d6911dd,
63060051,2025-12-17 01:23:00.000,,d30642a8-f67c-4a19-abf1-12f5c1a9d93e.binning_data.json,63060051,2025-12-17 02:03:57.018,2025-12-17 01:43:53.513,UTC-0300,tWUO8ZL77Z,,com.sec.android.app.shealth,2025-12-17 01:59:59.999,d30642a8-f67c-4a19-abf1-12f5c1a9d93e,
63060051,2025-12-17 02:00:00.000,,55629f79-4f6d-4aa6-b2f6-e9a637488f7f.binning_data.json,63060051,2025-12-17 03:04:04.167,2025-12-17 02:03:57.024,UTC-0300,tWUO8ZL77Z,,com.sec.android.app.shealth,2025-12-17 02:59:59.999,55629f79-4f6d-4aa6-b2f6-e9a637488f7f,
63060051,2025-12-17 03:00:00.000,,252e8b5d-f428-4b72-a781-b1a87fadf9eb.binning_data.json,63060051,2025-12-17 04:04:14.289,2025-12-17 03:04:04.172,UTC-0300,tWUO8ZL77Z,,com.sec.android.app.shealth,2025-12-17 03:59:59.999,252e8b5d-f428-4b72-a781-b1a87fadf9eb,
63060051,2025-12-17 04:00:00.000,,2037ef24-9a63-4bb4-81b4-101fade45735.binning_data.json,63060051,2025-12-17 05:04:25.907,2025-12-17 04:04:14.300,UTC-0300,tWUO8ZL77Z,,com.sec.android.app.shealth,2025-12-17 04:59:59.999,2037ef24-9a63-4bb4-81b4-101fade45735,
63060051,2025-12-17 05:00:00.000,,fde301e5-ce0d-4212-b576-b07550eace30.binning_data.json,63060051,2025-12-17 06:04:36.754,2025-12-17 05:04:25.914,UTC-0300,tWUO8ZL77Z,,com.sec.android.app.shealth,2025-12-17 05:59:59.999,fde301e5-ce0d-4212-b576-b07550eace30,
63060051,2025-12-17 06:00:00.000,,fe828072-ca22-4294-b596-12b11e38b4ab.binning_data.json,63060051,2025-12-17 07:04:47.786,2025-12-17 06:04:36.758,UTC-0300,tWUO8ZL77Z,,com.sec.android.app.shealth,2025-12-17 06:59:59.999,fe828072-ca22-4294-b596-12b11e38b4ab,
63060051,2025-12-17 07:00:00.000,,2fc190b3-ad0a-4cfd-bfac-4fb66e6f71e4.binning_data.json,63060051,2025-12-17 08:04:59.403,2025-12-17 07:04:47.806,UTC-0300,tWUO8ZL77Z,,com.sec.android.app.shealth,2025-12-17 07:59:59.999,2fc190b3-ad0a-4cfd-bfac-4fb66e6f71e4,
63060051,2025-12-17 08:00:00.000,,42d50432-52c3-4584-bbc7-e99b512bb438.binning_data.json,63060051,2025-12-17 09:05:10.574,2025-12-17 08:04:59.496,UTC-0300,tWUO8ZL77Z,,com.sec.android.app.shealth,2025-12-17 08:59:59.999,42d50432-52c3-4584-bbc7-e99b512bb438,
63060051,2025-12-17 09:00:00.000,,ba53c5e1-e971-4486-9075-f0261dfc8bd6.binning_data.json,63060051,2025-12-17 10:05:20.789,2025-12-17 09:05:10.595,UTC-0300,tWUO8ZL77Z,,com.sec.android.app.shealth,2025-12-17 09:59:59.999,ba53c5e1-e971-4486-9075-f0261dfc8bd6,
63060051,2025-12-17 10:00:00.000,,3dbb0ac2-d233-4424-b411-0bb007f83003.binning_data.json,63060051,2025-12-17 11:05:29.671,2025-12-17 10:05:20.836,UTC-0300,tWUO8ZL77Z,,com.sec.android.app.shealth,2025-12-17 10:59:59.999,3dbb0ac2-d233-4424-b411-0bb007f83003,
63060051,2025-12-17 11:00:00.000,,8398285a-b728-4590-a46b-30965d4999d8.binning_data.json,63060051,2025-12-17 12:05:39.252,2025-12-17 11:05:29.676,UTC-0300,tWUO8ZL77Z,,com.sec.android.app.shealth,2025-12-17 11:59:59.999,8398285a-b728-4590-a46b-30965d4999d8,
63060051,2025-12-17 12:00:00.000,,6defb0e0-6e3f-4cfd-b1ac-10b09d2768b3.binning_data.json,63060051,2025-12-17 13:05:49.543,2025-12-17 12:05:39.258,UTC-0300,tWUO8ZL77Z,,com.sec.android.app.shealth,2025-12-17 12:59:59.999,6defb0e0-6e3f-4cfd-b1ac-10b09d2768b3,
63060051,2025-12-17 13:00:00.000,,c05c2d85-eb02-4242-8d65-cd0a88fb4461.binning_data.json,63060051,2025-12-17 14:05:59.345,2025-12-17 13:05:49.628,UTC-0300,tWUO8ZL77Z,,com.sec.android.app.shealth,2025-12-17 13:59:59.999,c05c2d85-eb02-4242-8d65-cd0a88fb4461,
63060051,2025-12-17 14:00:00.000,,79452e5d-57eb-4862-a14f-0fb7f81fcae5.binning_data.json,63060051,2025-12-17 15:06:08.856,2025-12-17 14:05:59.351,UTC-0300,tWUO8ZL77Z,,com.sec.android.app.shealth,2025-12-17 14:59:59.999,79452e5d-57eb-4862-a14f-0fb7f81fcae5,
63060051,2025-12-17 15:00:00.000,,ccad915c-7cd3-4e0f-9025-def8f57cf0b7.binning_data.json,63060051,2025-12-17 16:06:18.358,2025-12-17 15:06:08.867,UTC-0300,tWUO8ZL77Z,,com.sec.android.app.shealth,2025-12-17 15:59:59.999,ccad915c-7cd3-4e0f-9025-def8f57cf0b7,
63060051,2025-12-17 16:00:00.000,,54b8e013-3fc6-47d0-aa25-266c0252935d.binning_data.json,63060051,2025-12-17 17:06:26.900,2025-12-17 16:06:18.370,UTC-0300,tWUO8ZL77Z,,com.sec.android.app.shealth,2025-12-17 16:59:59.999,54b8e013-3fc6-47d0-aa25-266c0252935d,
63060051,2025-12-17 17:00:00.000,,bdba634a-3d3b-473a-b3c9-ef6a50670af3.binning_data.json,63060051,2025-12-17 18:06:36.264,2025-12-17 17:06:26.906,UTC-0300,tWUO8ZL77Z,,com.sec.android.app.shealth,2025-12-17 17:59:59.999,bdba634a-3d3b-473a-b3c9-ef6a50670af3,
63060051,2025-12-17 18:00:00.000,,b4167c47-25c6-45b8-baa0-61a635682578.binning_data.json,63060051,2025-12-17 19:06:41.453,2025-12-17 18:06:36.341,UTC-0300,tWUO8ZL77Z,,com.sec.android.app.shealth,2025-12-17 18:59:59.999,b4167c47-25c6-45b8-baa0-61a635682578,
63060051,2025-12-17 19:00:00.000,,9cc1b13f-40a7-4c00-98f9-1f9f7e674211.binning_data.json,63060051,2025-12-17 20:06:47.344,2025-12-17 19:06:41.462,UTC-0300,tWUO8ZL77Z,,com.sec.android.app.shealth,2025-12-17 19:59:59.999,9cc1b13f-40a7-4c00-98f9-1f9f7e674211,
63060051,2025-12-17 20:00:00.000,,a9b1cf45-03cc-432c-a550-62733ca63979.binning_data.json,63060051,2025-12-17 21:06:56.609,2025-12-17 20:06:47.351,UTC-0300,tWUO8ZL77Z,,com.sec.android.app.shealth,2025-12-17 20:59:59.999,a9b1cf45-03cc-432c-a550-62733ca63979,
63060051,2025-12-17 21:00:00.000,,a0970124-8f7b-4f8c-855f-186f2210215c.binning_data.json,63060051,2025-12-17 21:58:17.198,2025-12-17 21:06:56.616,UTC-0300,tWUO8ZL77Z,,com.sec.android.app.shealth,2025-12-17 21:59:59.999,a0970124-8f7b-4f8c-855f-186f2210215c,
63060051,2025-12-17 22:00:00.000,,f0032635-cace-46d6-8eb5-47278bac8b9a.binning_data.json,63060051,2025-12-17 21:58:17.212,2025-12-17 21:58:17.212,UTC-0300,tWUO8ZL77Z,,com.sec.android.app.shealth,2025-12-17 22:06:59.999,f0032635-cace-46d6-8eb5-47278bac8b9a,
63060051,2025-12-17 23:18:00.000,,ad672070-e4c7-404f-9f6f-5a8f3092fffc.binning_data.json,63060051,2025-12-18 00:18:11.041,2025-12-17 23:38:05.880,UTC-0300,tWUO8ZL77Z,,com.sec.android.app.shealth,2025-12-17 23:59:59.999,ad672070-e4c7-404f-9f6f-5a8f3092fffc,
63060051,2025-12-18 00:00:00.000,,b2c5611b-abab-4489-979a-f94ae5c00b2b.binning_data.json,63060051,2025-12-18 01:18:18.195,2025-12-18 00:18:11.057,UTC-0300,tWUO8ZL77Z,,com.sec.android.app.shealth,2025-12-18 00:59:59.999,b2c5611b-abab-4489-979a-f94ae5c00b2b,
63060051,2025-12-18 01:00:00.000,,3e2c7271-8849-4896-9dd2-0ff914b24d41.binning_data.json,63060051,2025-12-18 02:18:26.097,2025-12-18 01:18:18.201,UTC-0300,tWUO8ZL77Z,,com.sec.android.app.shealth,2025-12-18 01:59:59.999,3e2c7271-8849-4896-9dd2-0ff914b24d41,
63060051,2025-12-18 02:00:00.000,,4ebcf4e6-8236-4e0b-b3ff-dc6732c47bd5.binning_data.json,63060051,2025-12-18 03:18:34.980,2025-12-18 02:18:26.102,UTC-0300,tWUO8ZL77Z,,com.sec.android.app.shealth,2025-12-18 02:59:59.999,4ebcf4e6-8236-4e0b-b3ff-dc6732c47bd5,
63060051,2025-12-18 03:00:00.000,,3900c750-5b11-4cdd-81cf-83ee98b05ce9.binning_data.json,63060051,2025-12-18 04:18:43.643,2025-12-18 03:18:34.994,UTC-0300,tWUO8ZL77Z,,com.sec.android.app.shealth,2025-12-18 03:59:59.999,3900c750-5b11-4cdd-81cf-83ee98b05ce9,
63060051,2025-12-18 04:00:00.000,,39007c1a-acc5-499c-b4a3-076980395535.binning_data.json,63060051,2025-12-18 05:18:53.310,2025-12-18 04:18:43.649,UTC-0300,tWUO8ZL77Z,,com.sec.android.app.shealth,2025-12-18 04:59:59.999,39007c1a-acc5-499c-b4a3-076980395535,
63060051,2025-12-18 05:00:00.000,,d5dee4f3-04ee-45b5-aa30-1c7807bd8af4.binning_data.json,63060051,2025-12-18 06:19:03.067,2025-12-18 05:18:53.319,UTC-0300,tWUO8ZL77Z,,com.sec.android.app.shealth,2025-12-18 05:59:59.999,d5dee4f3-04ee-45b5-aa30-1c7807bd8af4,
63060051,2025-12-18 06:00:00.000,,88ee3ad6-6db8-4b9d-bc2d-35d37bcb0834.binning_data.json,63060051,2025-12-18 07:19:10.112,2025-12-18 06:19:03.075,UTC-0300,tWUO8ZL77Z,,com.sec.android.app.shealth,2025-12-18 06:59:59.999,88ee3ad6-6db8-4b9d-bc2d-35d37bcb0834,
63060051,2025-12-18 07:00:00.000,,37322760-6420-4cb2-ae2c-c4efced3b4a8.binning_data.json,63060051,2025-12-18 08:19:19.466,2025-12-18 07:19:10.117,UTC-0300,tWUO8ZL77Z,,com.sec.android.app.shealth,2025-12-18 07:59:59.999,37322760-6420-4cb2-ae2c-c4efced3b4a8,
63060051,2025-12-18 08:00:00.000,,d077042b-24bd-49b9-b506-53a5fdb4d97b.binning_data.json,63060051,2025-12-18 09:19:29.626,2025-12-18 08:19:19.471,UTC-0300,tWUO8ZL77Z,,com.sec.android.app.shealth,2025-12-18 08:59:59.999,d077042b-24bd-49b9-b506-53a5fdb4d97b,
63060051,2025-12-18 09:00:00.000,,594e9dbf-877e-421b-b6e4-ec6b007157de.binning_data.json,63060051,2025-12-18 10:19:41.304,2025-12-18 09:19:29.691,UTC-0300,tWUO8ZL77Z,,com.sec.android.app.shealth,2025-12-18 09:59:59.999,594e9dbf-877e-421b-b6e4-ec6b007157de,
63060051,2025-12-18 10:00:00.000,,bcab1766-9f24-457e-96b7-81f98faf74a5.binning_data.json,63060051,2025-12-18 11:19:50.569,2025-12-18 10:19:41.309,UTC-0300,tWUO8ZL77Z,,com.sec.android.app.shealth,2025-12-18 10:59:59.999,bcab1766-9f24-457e-96b7-81f98faf74a5,
63060051,2025-12-18 11:00:00.000,,5507ed27-32b2-4861-aea0-3e96fa0adc74.binning_data.json,63060051,2025-12-18 12:19:58.255,2025-12-18 11:19:50.574,UTC-0300,tWUO8ZL77Z,,com.sec.android.app.shealth,2025-12-18 11:59:59.999,5507ed27-32b2-4861-aea0-3e96fa0adc74,
63060051,2025-12-18 12:00:00.000,,49526fe7-03b1-4cf5-b729-73c07b26f8b0.binning_data.json,63060051,2025-12-18 13:00:03.453,2025-12-18 12:19:58.263,UTC-0300,tWUO8ZL77Z,,com.sec.android.app.shealth,2025-12-18 12:59:59.999,49526fe7-03b1-4cf5-b729-73c07b26f8b0,
63060051,2025-12-18 13:00:00.000,,53072db2-2f5f-4354-b954-084b450e9c3f.binning_data.json,63060051,2025-12-18 14:00:13.051,2025-12-18 13:20:06.612,UTC-0300,tWUO8ZL77Z,,com.sec.android.app.shealth,2025-12-18 13:59:59.999,53072db2-2f5f-4354-b954-084b450e9c3f,
63060051,2025-12-18 14:00:00.000,,bea5abdc-f40e-4714-8de3-b6d3142ae72a.binning_data.json,63060051,2025-12-18 15:00:21.411,2025-12-18 14:20:16.128,UTC-0300,tWUO8ZL77Z,,com.sec.android.app.shealth,2025-12-18 14:59:59.999,bea5abdc-f40e-4714-8de3-b6d3142ae72a,
63060051,2025-12-18 15:00:00.000,,28436d72-1bb3-4049-a6ea-925f433c3ea3.binning_data.json,63060051,2025-12-18 16:00:30.944,2025-12-18 15:20:24.672,UTC-0300,tWUO8ZL77Z,,com.sec.android.app.shealth,2025-12-18 15:59:59.999,28436d72-1bb3-4049-a6ea-925f433c3ea3,
63060051,2025-12-18 16:00:00.000,,ceba3506-b0d6-47eb-ad59-5c58ad2bf73f.binning_data.json,63060051,2025-12-18 17:00:41.909,2025-12-18 16:20:34.545,UTC-0300,tWUO8ZL77Z,,com.sec.android.app.shealth,2025-12-18 16:59:59.999,ceba3506-b0d6-47eb-ad59-5c58ad2bf73f,
63060051,2025-12-18 17:00:00.000,,50406dba-9793-4a87-9d7f-1f6a7e825811.binning_data.json,63060051,2025-12-18 18:00:52.210,2025-12-18 17:20:45.471,UTC-0300,tWUO8ZL77Z,,com.sec.android.app.shealth,2025-12-18 17:59:59.999,50406dba-9793-4a87-9d7f-1f6a7e825811,
63060051,2025-12-18 18:00:00.000,,5bda6f4d-c26f-47f0-959c-2b6a95a6711e.binning_data.json,63060051,2025-12-18 19:01:01.630,2025-12-18 18:20:55.355,UTC-0300,tWUO8ZL77Z,,com.sec.android.app.shealth,2025-12-18 18:59:59.999,5bda6f4d-c26f-47f0-959c-2b6a95a6711e,
63060051,2025-12-18 19:00:00.000,,ef774311-71d0-4473-9caa-30849ee51030.binning_data.json,63060051,2025-12-18 20:01:10.544,2025-12-18 19:01:01.637,UTC-0300,tWUO8ZL77Z,,com.sec.android.app.shealth,2025-12-18 19:59:59.999,ef774311-71d0-4473-9caa-30849ee51030,
63060051,2025-12-18 20:00:00.000,,683dc357-6d2e-41b6-acdb-cdddafef4215.binning_data.json,63060051,2025-12-18 21:01:20.017,2025-12-18 20:01:10.550,UTC-0300,tWUO8ZL77Z,,com.sec.android.app.shealth,2025-12-18 20:59:59.999,683dc357-6d2e-41b6-acdb-cdddafef4215,
63060051,2025-12-18 21:00:00.000,,66807b6e-63e6-4241-a5b6-f2b2f13a8ef1.binning_data.json,63060051,2025-12-18 22:01:29.663,2025-12-18 21:01:20.113,UTC-0300,tWUO8ZL77Z,,com.sec.android.app.shealth,2025-12-18 21:59:59.999,66807b6e-63e6-4241-a5b6-f2b2f13a8ef1,
63060051,2025-12-18 22:00:00.000,,95255c11-1530-42ed-bc17-5ad276be1226.binning_data.json,63060051,2025-12-18 23:01:39.187,2025-12-18 22:01:29.749,UTC-0300,tWUO8ZL77Z,,com.sec.android.app.shealth,2025-12-18 22:59:59.999,95255c11-1530-42ed-bc17-5ad276be1226,
63060051,2025-12-18 23:00:00.000,,bca1293b-9c89-44a3-b8fa-927f3e8c766c.binning_data.json,63060051,2025-12-19 00:00:02.733,2025-12-18 23:01:39.240,UTC-0300,tWUO8ZL77Z,,com.sec.android.app.shealth,2025-12-18 23:59:59.999,bca1293b-9c89-44a3-b8fa-927f3e8c766c,
63060051,2025-12-19 00:00:00.000,,fc628acd-7227-4d2d-80ed-9703aba5d499.binning_data.json,63060051,2025-12-19 00:00:02.743,2025-12-19 00:00:02.743,UTC-0300,tWUO8ZL77Z,,com.sec.android.app.shealth,2025-12-19 00:01:59.999,fc628acd-7227-4d2d-80ed-9703aba5d499,
63060051,2025-12-19 01:19:00.000,,e1d82554-f079-4949-893a-2d112b9129c3.binning_data.json,63060051,2025-12-19 02:19:25.278,2025-12-19 01:39:20.127,UTC-0300,tWUO8ZL77Z,,com.sec.android.app.shealth,2025-12-19 01:59:59.999,e1d82554-f079-4949-893a-2d112b9129c3,
63060051,2025-12-19 02:00:00.000,,d3eca73b-c616-47de-b8ad-2fb01649c471.binning_data.json,63060051,2025-12-19 03:19:34.709,2025-12-19 02:19:25.379,UTC-0300,tWUO8ZL77Z,,com.sec.android.app.shealth,2025-12-19 02:59:59.999,d3eca73b-c616-47de-b8ad-2fb01649c471,
63060051,2025-12-19 03:00:00.000,,cb96ef77-b98a-4ee4-bc57-78bb80a53e52.binning_data.json,63060051,2025-12-19 04:19:41.935,2025-12-19 03:19:34.714,UTC-0300,tWUO8ZL77Z,,com.sec.android.app.shealth,2025-12-19 03:59:59.999,cb96ef77-b98a-4ee4-bc57-78bb80a53e52,
63060051,2025-12-19 04:00:00.000,,98433ad1-7210-468a-8eb4-4f60532d7b88.binning_data.json,63060051,2025-12-19 05:19:47.481,2025-12-19 04:19:41.940,UTC-0300,tWUO8ZL77Z,,com.sec.android.app.shealth,2025-12-19 04:59:59.999,98433ad1-7210-468a-8eb4-4f60532d7b88,
63060051,2025-12-19 05:00:00.000,,94a99624-e4cb-422b-abdf-b84fef65e73b.binning_data.json,63060051,2025-12-19 06:19:52.977,2025-12-19 05:19:47.501,UTC-0300,tWUO8ZL77Z,,com.sec.android.app.shealth,2025-12-19 05:59:59.999,94a99624-e4cb-422b-abdf-b84fef65e73b,
63060051,2025-12-19 06:00:00.000,,c113338f-075f-4c1b-ab18-602178c665cc.binning_data.json,63060051,2025-12-19 07:19:58.152,2025-12-19 06:19:52.984,UTC-0300,tWUO8ZL77Z,,com.sec.android.app.shealth,2025-12-19 06:59:59.999,c113338f-075f-4c1b-ab18-602178c665cc,
63060051,2025-12-19 07:00:00.000,,17d0d17e-3419-4ec0-897f-44d12ac3718a.binning_data.json,63060051,2025-12-19 08:00:01.633,2025-12-19 07:19:58.159,UTC-0300,tWUO8ZL77Z,,com.sec.android.app.shealth,2025-12-19 07:59:59.999,17d0d17e-3419-4ec0-897f-44d12ac3718a,
63060051,2025-12-19 08:00:00.000,,aa28fdeb-f60a-461f-95e3-5af74884e9e5.binning_data.json,63060051,2025-12-19 09:00:07.739,2025-12-19 08:20:03.648,UTC-0300,tWUO8ZL77Z,,com.sec.android.app.shealth,2025-12-19 08:59:59.999,aa28fdeb-f60a-461f-95e3-5af74884e9e5,
63060051,2025-12-19 09:00:00.000,,96bc549b-f09f-4814-bee6-0fc0c2454519.binning_data.json,63060051,2025-12-19 10:00:14.427,2025-12-19 09:20:09.896,UTC-0300,tWUO8ZL77Z,,com.sec.android.app.shealth,2025-12-19 09:59:59.999,96bc549b-f09f-4814-bee6-0fc0c2454519,
63060051,2025-12-19 10:00:00.000,,380286f5-f51c-4883-a8af-93e86e84eba3.binning_data.json,63060051,2025-12-19 11:00:21.561,2025-12-19 10:20:16.522,UTC-0300,tWUO8ZL77Z,,com.sec.android.app.shealth,2025-12-19 10:59:59.999,380286f5-f51c-4883-a8af-93e86e84eba3,
63060051,2025-12-19 11:00:00.000,,8a224c2f-aad7-4cfe-a1e0-ed11068125c4.binning_data.json,63060051,2025-12-19 12:00:30.660,2025-12-19 11:20:24.932,UTC-0300,tWUO8ZL77Z,,com.sec.android.app.shealth,2025-12-19 11:59:59.999,8a224c2f-aad7-4cfe-a1e0-ed11068125c4,
63060051,2025-12-19 12:00:00.000,,d4f6588a-1af4-4181-9e48-c503c3c319dc.binning_data.json,63060051,2025-12-19 13:00:37.641,2025-12-19 12:20:33.421,UTC-0300,tWUO8ZL77Z,,com.sec.android.app.shealth,2025-12-19 12:59:59.999,d4f6588a-1af4-4181-9e48-c503c3c319dc,
63060051,2025-12-19 13:00:00.000,,6d09c372-76c5-449a-b9df-4c979e7eba88.binning_data.json,63060051,2025-12-19 14:00:45.511,2025-12-19 13:20:39.746,UTC-0300,tWUO8ZL77Z,,com.sec.android.app.shealth,2025-12-19 13:59:59.999,6d09c372-76c5-449a-b9df-4c979e7eba88,
63060051,2025-12-19 14:00:00.000,,fb93e631-9406-4632-9a5c-2247bd23fc45.binning_data.json,63060051,2025-12-19 15:00:54.231,2025-12-19 14:20:48.298,UTC-0300,tWUO8ZL77Z,,com.sec.android.app.shealth,2025-12-19 14:59:59.999,fb93e631-9406-4632-9a5c-2247bd23fc45,
63060051,2025-12-19 15:00:00.000,,ce60b747-77e6-48ed-a8a3-ac7433b34abf.binning_data.json,63060051,2025-12-19 16:01:00.993,2025-12-19 15:20:56.983,UTC-0300,tWUO8ZL77Z,,com.sec.android.app.shealth,2025-12-19 15:59:59.999,ce60b747-77e6-48ed-a8a3-ac7433b34abf,
63060051,2025-12-19 16:00:00.000,,982735e6-d410-424a-866e-9275dbc5f1fd.binning_data.json,63060051,2025-12-19 17:01:09.705,2025-12-19 16:01:00.999,UTC-0300,tWUO8ZL77Z,,com.sec.android.app.shealth,2025-12-19 16:59:59.999,982735e6-d410-424a-866e-9275dbc5f1fd,
63060051,2025-12-19 17:00:00.000,,3d34d042-e247-416b-a54c-f069d2fa81a1.binning_data.json,63060051,2025-12-19 18:01:17.228,2025-12-19 17:01:09.805,UTC-0300,tWUO8ZL77Z,,com.sec.android.app.shealth,2025-12-19 17:59:59.999,3d34d042-e247-416b-a54c-f069d2fa81a1,
63060051,2025-12-19 18:00:00.000,,1ac402c4-e152-4430-9c4a-0c2f47423199.binning_data.json,63060051,2025-12-19 19:01:24.285,2025-12-19 18:01:17.232,UTC-0300,tWUO8ZL77Z,,com.sec.android.app.shealth,2025-12-19 18:59:59.999,1ac402c4-e152-4430-9c4a-0c2f47423199,
63060051,2025-12-19 19:00:00.000,,e2f24eef-a63f-469c-8a01-f90479c9ff3a.binning_data.json,63060051,2025-12-19 20:01:30.827,2025-12-19 19:01:24.388,UTC-0300,tWUO8ZL77Z,,com.sec.android.app.shealth,2025-12-19 19:59:59.999,e2f24eef-a63f-469c-8a01-f90479c9ff3a,
63060051,2025-12-19 20:00:00.000,,a45f71b0-bae4-435e-b386-9b9e8cf3066e.binning_data.json,63060051,2025-12-19 21:01:38.812,2025-12-19 20:01:30.834,UTC-0300,tWUO8ZL77Z,,com.sec.android.app.shealth,2025-12-19 20:59:59.999,a45f71b0-bae4-435e-b386-9b9e8cf3066e,
63060051,2025-12-19 21:00:00.000,,548ff708-bd29-48d0-a298-52fd41ff2b2e.binning_data.json,63060051,2025-12-19 22:01:42.020,2025-12-19 21:01:38.820,UTC-0300,tWUO8ZL77Z,,com.sec.android.app.shealth,2025-12-19 21:59:59.999,548ff708-bd29-48d0-a298-52fd41ff2b2e,
63060051,2025-12-19 22:00:00.000,,e3a0a90a-ccd6-4eae-ae1a-eb1ebdf31b98.binning_data.json,63060051,2025-12-19 23:01:48.521,2025-12-19 22:01:42.056,UTC-0300,tWUO8ZL77Z,,com.sec.android.app.shealth,2025-12-19 22:59:59.999,e3a0a90a-ccd6-4eae-ae1a-eb1ebdf31b98,
63060051,2025-12-19 23:00:00.000,,36f9ef51-5d9b-42a4-8e0a-67b3c79987ce.binning_data.json,63060051,2025-12-19 23:36:37.360,2025-12-19 23:01:48.529,UTC-0300,tWUO8ZL77Z,,com.sec.android.app.shealth,2025-12-19 23:41:59.999,36f9ef51-5d9b-42a4-8e0a-67b3c79987ce,
63060051,2025-12-20 02:21:00.000,,371ada35-b0cc-4b60-9fcf-485de366f2b3.binning_data.json,63060051,2025-12-20 03:01:40.383,2025-12-20 02:41:37.557,UTC-0300,tWUO8ZL77Z,,com.sec.android.app.shealth,2025-12-20 02:59:59.999,371ada35-b0cc-4b60-9fcf-485de366f2b3,
63060051,2025-12-20 03:00:00.000,,f0ecfa20-616d-45de-a80a-43939897dfce.binning_data.json,63060051,2025-12-20 04:01:48.985,2025-12-20 03:01:40.393,UTC-0300,tWUO8ZL77Z,,com.sec.android.app.shealth,2025-12-20 03:59:59.999,f0ecfa20-616d-45de-a80a-43939897dfce,
63060051,2025-12-20 04:00:00.000,,7d9fb22b-f31c-4fdd-8077-935e49ac9c72.binning_data.json,63060051,2025-12-20 05:01:54.207,2025-12-20 04:01:48.990,UTC-0300,tWUO8ZL77Z,,com.sec.android.app.shealth,2025-12-20 04:59:59.999,7d9fb22b-f31c-4fdd-8077-935e49ac9c72,
63060051,2025-12-20 05:00:00.000,,06e13715-c8dc-44f6-b133-d0bbcaa7c914.binning_data.json,63060051,2025-12-20 06:02:00.610,2025-12-20 05:01:54.214,UTC-0300,tWUO8ZL77Z,,com.sec.android.app.shealth,2025-12-20 05:59:59.999,06e13715-c8dc-44f6-b133-d0bbcaa7c914,
63060051,2025-12-20 06:00:00.000,,d0bbd4c7-05b0-433c-9bc4-443dd369114d.binning_data.json,63060051,2025-12-20 07:02:07.386,2025-12-20 06:02:00.619,UTC-0300,tWUO8ZL77Z,,com.sec.android.app.shealth,2025-12-20 06:59:59.999,d0bbd4c7-05b0-433c-9bc4-443dd369114d,
63060051,2025-12-20 07:00:00.000,,f8178627-37f0-4e18-b67b-5e8edbe1ee6d.binning_data.json,63060051,2025-12-20 08:02:13.239,2025-12-20 07:02:07.482,UTC-0300,tWUO8ZL77Z,,com.sec.android.app.shealth,2025-12-20 07:59:59.999,f8178627-37f0-4e18-b67b-5e8edbe1ee6d,
63060051,2025-12-20 08:00:00.000,,8cdd7f46-2f29-4b68-9e4a-a6eb5a43fd17.binning_data.json,63060051,2025-12-20 09:02:18.907,2025-12-20 08:02:13.342,UTC-0300,tWUO8ZL77Z,,com.sec.android.app.shealth,2025-12-20 08:59:59.999,8cdd7f46-2f29-4b68-9e4a-a6eb5a43fd17,
63060051,2025-12-20 09:00:00.000,,962ee691-9d6e-4b32-8a63-5c7b832482ad.binning_data.json,63060051,2025-12-20 10:02:26.093,2025-12-20 09:02:19.012,UTC-0300,tWUO8ZL77Z,,com.sec.android.app.shealth,2025-12-20 09:59:59.999,962ee691-9d6e-4b32-8a63-5c7b832482ad,
63060051,2025-12-20 10:00:00.000,,b7997176-b542-4f29-90b6-8fdea8338ef4.binning_data.json,63060051,2025-12-20 11:02:35.260,2025-12-20 10:02:26.099,UTC-0300,tWUO8ZL77Z,,com.sec.android.app.shealth,2025-12-20 10:59:59.999,b7997176-b542-4f29-90b6-8fdea8338ef4,
63060051,2025-12-20 11:00:00.000,,370c5b77-2b27-4863-ba06-f2ed44fbddc2.binning_data.json,63060051,2025-12-20 12:02:42.029,2025-12-20 11:02:35.264,UTC-0300,tWUO8ZL77Z,,com.sec.android.app.shealth,2025-12-20 11:59:59.999,370c5b77-2b27-4863-ba06-f2ed44fbddc2,
63060051,2025-12-20 12:00:00.000,,81089429-2d2d-4143-a3f0-33acc88194a5.binning_data.json,63060051,2025-12-20 13:02:50.740,2025-12-20 12:02:42.043,UTC-0300,tWUO8ZL77Z,,com.sec.android.app.shealth,2025-12-20 12:59:59.999,81089429-2d2d-4143-a3f0-33acc88194a5,
63060051,2025-12-20 13:00:00.000,,23f4767e-399f-4ec4-bdb1-33598d1dfd72.binning_data.json,63060051,2025-12-20 14:03:00.694,2025-12-20 13:02:50.753,UTC-0300,tWUO8ZL77Z,,com.sec.android.app.shealth,2025-12-20 13:59:59.999,23f4767e-399f-4ec4-bdb1-33598d1dfd72,
63060051,2025-12-20 14:00:00.000,,d942ccf9-186e-4657-ae48-5ef99d77c26e.binning_data.json,63060051,2025-12-20 15:03:08.774,2025-12-20 14:03:00.716,UTC-0300,tWUO8ZL77Z,,com.sec.android.app.shealth,2025-12-20 14:59:59.999,d942ccf9-186e-4657-ae48-5ef99d77c26e,
63060051,2025-12-20 15:00:00.000,,c3e5027b-99e0-4629-84cf-3e7912ddeae9.binning_data.json,63060051,2025-12-20 16:03:17.426,2025-12-20 15:03:08.780,UTC-0300,tWUO8ZL77Z,,com.sec.android.app.shealth,2025-12-20 15:59:59.999,c3e5027b-99e0-4629-84cf-3e7912ddeae9,
63060051,2025-12-20 16:00:00.000,,d35398d1-ced3-447c-9cdf-822afe5390c5.binning_data.json,63060051,2025-12-20 17:03:26.190,2025-12-20 16:03:17.552,UTC-0300,tWUO8ZL77Z,,com.sec.android.app.shealth,2025-12-20 16:59:59.999,d35398d1-ced3-447c-9cdf-822afe5390c5,
63060051,2025-12-20 17:00:00.000,,a93637ac-0142-43ea-b80a-2df56b5a04e9.binning_data.json,63060051,2025-12-20 18:03:34.952,2025-12-20 17:03:26.200,UTC-0300,tWUO8ZL77Z,,com.sec.android.app.shealth,2025-12-20 17:59:59.999,a93637ac-0142-43ea-b80a-2df56b5a04e9,
63060051,2025-12-20 18:00:00.000,,22d555a1-c4ab-4c33-938f-c30b7d60664c.binning_data.json,63060051,2025-12-20 19:03:44.396,2025-12-20 18:03:34.968,UTC-0300,tWUO8ZL77Z,,com.sec.android.app.shealth,2025-12-20 18:59:59.999,22d555a1-c4ab-4c33-938f-c30b7d60664c,
63060051,2025-12-20 19:00:00.000,,3f8c1aef-b486-41de-82cf-86f2a5103fb5.binning_data.json,63060051,2025-12-20 20:03:53.859,2025-12-20 19:03:44.476,UTC-0300,tWUO8ZL77Z,,com.sec.android.app.shealth,2025-12-20 19:59:59.999,3f8c1aef-b486-41de-82cf-86f2a5103fb5,
63060051,2025-12-20 20:00:00.000,,4326a759-b8b2-43f7-94ee-d22ae3973112.binning_data.json,63060051,2025-12-20 21:04:03.107,2025-12-20 20:03:53.870,UTC-0300,tWUO8ZL77Z,,com.sec.android.app.shealth,2025-12-20 20:59:59.999,4326a759-b8b2-43f7-94ee-d22ae3973112,
63060051,2025-12-20 21:00:00.000,,eb0a401d-59d8-4a05-b6fd-94a3317ea656.binning_data.json,63060051,2025-12-20 22:04:12.950,2025-12-20 21:04:03.114,UTC-0300,tWUO8ZL77Z,,com.sec.android.app.shealth,2025-12-20 21:59:59.999,eb0a401d-59d8-4a05-b6fd-94a3317ea656,
63060051,2025-12-20 22:00:00.000,,84eff358-98b1-492d-9af6-90c5df381a44.binning_data.json,63060051,2025-12-20 23:04:21.449,2025-12-20 22:04:12.964,UTC-0300,tWUO8ZL77Z,,com.sec.android.app.shealth,2025-12-20 22:59:59.999,84eff358-98b1-492d-9af6-90c5df381a44,
63060051,2025-12-20 23:00:00.000,,688755c6-b47a-4f20-97b0-9a68d584bc78.binning_data.json,63060051,2025-12-21 00:00:17.462,2025-12-20 23:04:21.454,UTC-0300,tWUO8ZL77Z,,com.sec.android.app.shealth,2025-12-20 23:59:59.999,688755c6-b47a-4f20-97b0-9a68d584bc78,
63060051,2025-12-21 00:00:00.000,,739f1bb0-6756-4fcd-bb47-7a952a3f0799.binning_data.json,63060051,2025-12-21 00:12:42.734,2025-12-21 00:00:17.471,UTC-0300,tWUO8ZL77Z,,com.sec.android.app.shealth,2025-12-21 00:19:59.999,739f1bb0-6756-4fcd-bb47-7a952a3f0799,
63060051,2025-12-21 03:33:00.000,,0d4997b1-b245-4ee8-aaa3-0d3af921a9fd.binning_data.json,63060051,2025-12-21 04:13:05.819,2025-12-21 03:53:03.136,UTC-0300,tWUO8ZL77Z,,com.sec.android.app.shealth,2025-12-21 03:59:59.999,0d4997b1-b245-4ee8-aaa3-0d3af921a9fd,
63060051,2025-12-21 04:00:00.000,,831366ac-4e04-4485-97cc-74ab11b5421f.binning_data.json,63060051,2025-12-21 05:13:15.086,2025-12-21 04:13:05.933,UTC-0300,tWUO8ZL77Z,,com.sec.android.app.shealth,2025-12-21 04:59:59.999,831366ac-4e04-4485-97cc-74ab11b5421f,
63060051,2025-12-21 05:00:00.000,,cc878180-c431-4ce4-ba94-5eb7366c050f.binning_data.json,63060051,2025-12-21 06:13:22.604,2025-12-21 05:13:15.092,UTC-0300,tWUO8ZL77Z,,com.sec.android.app.shealth,2025-12-21 05:59:59.999,cc878180-c431-4ce4-ba94-5eb7366c050f,
63060051,2025-12-21 06:00:00.000,,bee2ee9a-f281-4a75-90d7-626489ad6780.binning_data.json,63060051,2025-12-21 07:13:32.634,2025-12-21 06:13:22.611,UTC-0300,tWUO8ZL77Z,,com.sec.android.app.shealth,2025-12-21 06:59:59.999,bee2ee9a-f281-4a75-90d7-626489ad6780,
63060051,2025-12-21 07:00:00.000,,6334ee45-1fe6-4c35-9902-a11396c735a1.binning_data.json,63060051,2025-12-21 08:13:41.051,2025-12-21 07:13:32.640,UTC-0300,tWUO8ZL77Z,,com.sec.android.app.shealth,2025-12-21 07:59:59.999,6334ee45-1fe6-4c35-9902-a11396c735a1,
63060051,2025-12-21 08:00:00.000,,917655d3-73f6-4e6c-bea6-cbc0f32277c1.binning_data.json,63060051,2025-12-21 09:13:48.677,2025-12-21 08:13:41.058,UTC-0300,tWUO8ZL77Z,,com.sec.android.app.shealth,2025-12-21 08:59:59.999,917655d3-73f6-4e6c-bea6-cbc0f32277c1,
63060051,2025-12-21 09:00:00.000,,79eede0f-c2a1-4ecb-b683-9f0246084a05.binning_data.json,63060051,2025-12-21 10:13:56.651,2025-12-21 09:13:48.682,UTC-0300,tWUO8ZL77Z,,com.sec.android.app.shealth,2025-12-21 09:59:59.999,79eede0f-c2a1-4ecb-b683-9f0246084a05,
63060051,2025-12-21 10:00:00.000,,1e0b965f-a95b-434c-8c05-c0395ae360a3.binning_data.json,63060051,2025-12-21 11:14:05.129,2025-12-21 10:13:56.661,UTC-0300,tWUO8ZL77Z,,com.sec.android.app.shealth,2025-12-21 10:59:59.999,1e0b965f-a95b-434c-8c05-c0395ae360a3,
63060051,2025-12-21 11:00:00.000,,c436300b-f9e9-4acd-a6c1-c8736fc82e57.binning_data.json,63060051,2025-12-21 12:14:14.120,2025-12-21 11:14:05.224,UTC-0300,tWUO8ZL77Z,,com.sec.android.app.shealth,2025-12-21 11:59:59.999,c436300b-f9e9-4acd-a6c1-c8736fc82e57,
63060051,2025-12-21 12:00:00.000,,7408c02a-9db6-44c7-945c-09d1a5cfe80c.binning_data.json,63060051,2025-12-21 13:14:22.330,2025-12-21 12:14:14.127,UTC-0300,tWUO8ZL77Z,,com.sec.android.app.shealth,2025-12-21 12:59:59.999,7408c02a-9db6-44c7-945c-09d1a5cfe80c,
63060051,2025-12-21 13:00:00.000,,897f6fa4-c6ca-4326-88df-547b8e33c718.binning_data.json,63060051,2025-12-21 14:14:30.730,2025-12-21 13:14:22.408,UTC-0300,tWUO8ZL77Z,,com.sec.android.app.shealth,2025-12-21 13:59:59.999,897f6fa4-c6ca-4326-88df-547b8e33c718,
63060051,2025-12-21 14:00:00.000,,f542a4f1-1054-419c-b6c2-c3416776cca8.binning_data.json,63060051,2025-12-21 15:14:37.373,2025-12-21 14:14:30.737,UTC-0300,tWUO8ZL77Z,,com.sec.android.app.shealth,2025-12-21 14:59:59.999,f542a4f1-1054-419c-b6c2-c3416776cca8,
63060051,2025-12-21 15:00:00.000,,38f7a375-3b8e-4ca2-9fb4-d3a092e0f483.binning_data.json,63060051,2025-12-21 16:14:46.334,2025-12-21 15:14:37.383,UTC-0300,tWUO8ZL77Z,,com.sec.android.app.shealth,2025-12-21 15:59:59.999,38f7a375-3b8e-4ca2-9fb4-d3a092e0f483,
63060051,2025-12-21 16:00:00.000,,9234d6b6-3fa8-48e7-829f-ba8c46c036da.binning_data.json,63060051,2025-12-21 17:14:55.190,2025-12-21 16:14:46.341,UTC-0300,tWUO8ZL77Z,,com.sec.android.app.shealth,2025-12-21 16:59:59.999,9234d6b6-3fa8-48e7-829f-ba8c46c036da,
63060051,2025-12-21 17:00:00.000,,05785173-da83-487d-b683-ef06a3dcfe27.binning_data.json,63060051,2025-12-21 18:15:05.978,2025-12-21 17:14:55.195,UTC-0300,tWUO8ZL77Z,,com.sec.android.app.shealth,2025-12-21 17:59:59.999,05785173-da83-487d-b683-ef06a3dcfe27,
63060051,2025-12-21 18:00:00.000,,3a0a8f2e-d412-4d38-86fa-336b064756f8.binning_data.json,63060051,2025-12-21 19:15:15.554,2025-12-21 18:15:06.062,UTC-0300,tWUO8ZL77Z,,com.sec.android.app.shealth,2025-12-21 18:59:59.999,3a0a8f2e-d412-4d38-86fa-336b064756f8,
63060051,2025-12-21 19:00:00.000,,7dfa7b74-88f6-4a80-9e01-9b06189effaa.binning_data.json,63060051,2025-12-21 20:15:24.415,2025-12-21 19:15:15.562,UTC-0300,tWUO8ZL77Z,,com.sec.android.app.shealth,2025-12-21 19:59:59.999,7dfa7b74-88f6-4a80-9e01-9b06189effaa,
63060051,2025-12-21 20:00:00.000,,59797eb6-4a3d-4f99-a077-1c45dabfd9d3.binning_data.json,63060051,2025-12-21 21:15:33.847,2025-12-21 20:15:24.424,UTC-0300,tWUO8ZL77Z,,com.sec.android.app.shealth,2025-12-21 20:59:59.999,59797eb6-4a3d-4f99-a077-1c45dabfd9d3,
63060051,2025-12-21 21:00:00.000,,47002498-4e68-460a-b23d-c9ff5d84b803.binning_data.json,63060051,2025-12-21 22:15:44.319,2025-12-21 21:15:33.858,UTC-0300,tWUO8ZL77Z,,com.sec.android.app.shealth,2025-12-21 21:59:59.999,47002498-4e68-460a-b23d-c9ff5d84b803,
63060051,2025-12-21 22:00:00.000,,994e71ad-41dd-4850-a259-2abea8caca17.binning_data.json,63060051,2025-12-21 23:15:53.700,2025-12-21 22:15:44.360,UTC-0300,tWUO8ZL77Z,,com.sec.android.app.shealth,2025-12-21 22:59:59.999,994e71ad-41dd-4850-a259-2abea8caca17,
63060051,2025-12-21 23:00:00.000,,f2e52415-533a-4826-a6dc-9f33e9612539.binning_data.json,63060051,2025-12-22 00:16:03.532,2025-12-21 23:15:53.739,UTC-0300,tWUO8ZL77Z,,com.sec.android.app.shealth,2025-12-21 23:59:59.999,f2e52415-533a-4826-a6dc-9f33e9612539,
63060051,2025-12-22 00:00:00.000,,4209e660-6c39-426c-8928-163000922c2f.binning_data.json,63060051,2025-12-22 00:41:08.566,2025-12-22 00:16:03.548,UTC-0300,tWUO8ZL77Z,,com.sec.android.app.shealth,2025-12-22 00:55:59.999,4209e660-6c39-426c-8928-163000922c2f,
63060051,2025-12-22 02:39:00.000,,f9aebe27-b033-4e2d-ba59-d4fb491a7295.binning_data.json,63060051,2025-12-22 03:19:04.322,2025-12-22 02:59:01.266,UTC-0300,tWUO8ZL77Z,,com.sec.android.app.shealth,2025-12-22 02:59:59.999,f9aebe27-b033-4e2d-ba59-d4fb491a7295,
63060051,2025-12-22 03:00:00.000,,c5c65127-39f3-4f54-be7d-da986d95a738.binning_data.json,63060051,2025-12-22 04:19:09.284,2025-12-22 03:19:04.333,UTC-0300,tWUO8ZL77Z,,com.sec.android.app.shealth,2025-12-22 03:59:59.999,c5c65127-39f3-4f54-be7d-da986d95a738,
63060051,2025-12-22 04:00:00.000,,822453ea-2cc9-4bd6-9c6e-be80d3f39a5d.binning_data.json,63060051,2025-12-22 05:19:18.290,2025-12-22 04:19:09.293,UTC-0300,tWUO8ZL77Z,,com.sec.android.app.shealth,2025-12-22 04:59:59.999,822453ea-2cc9-4bd6-9c6e-be80d3f39a5d,
63060051,2025-12-22 05:00:00.000,,b6192c13-c553-44c3-be58-7222d242e867.binning_data.json,63060051,2025-12-22 06:19:27.209,2025-12-22 05:19:18.303,UTC-0300,tWUO8ZL77Z,,com.sec.android.app.shealth,2025-12-22 05:59:59.999,b6192c13-c553-44c3-be58-7222d242e867,
63060051,2025-12-22 06:00:00.000,,f308fb94-cadd-4a58-a06c-347f5feefe15.binning_data.json,63060051,2025-12-22 07:19:36.611,2025-12-22 06:19:27.214,UTC-0300,tWUO8ZL77Z,,com.sec.android.app.shealth,2025-12-22 06:59:59.999,f308fb94-cadd-4a58-a06c-347f5feefe15,
63060051,2025-12-22 07:00:00.000,,c6a9579e-8200-4dcd-9ede-5bf3d7d7d2b9.binning_data.json,63060051,2025-12-22 08:19:41.637,2025-12-22 07:19:36.616,UTC-0300,tWUO8ZL77Z,,com.sec.android.app.shealth,2025-12-22 07:59:59.999,c6a9579e-8200-4dcd-9ede-5bf3d7d7d2b9,
63060051,2025-12-22 08:00:00.000,,2c548a6b-dddc-4195-ad63-584725aa2344.binning_data.json,63060051,2025-12-22 09:19:49.069,2025-12-22 08:19:41.645,UTC-0300,tWUO8ZL77Z,,com.sec.android.app.shealth,2025-12-22 08:59:59.999,2c548a6b-dddc-4195-ad63-584725aa2344,
63060051,2025-12-22 09:00:00.000,,a266a389-6fd6-42c6-948d-52dd1587e21e.binning_data.json,63060051,2025-12-22 10:19:55.785,2025-12-22 09:19:49.083,UTC-0300,tWUO8ZL77Z,,com.sec.android.app.shealth,2025-12-22 09:59:59.999,a266a389-6fd6-42c6-948d-52dd1587e21e,
63060051,2025-12-22 10:00:00.000,,858b836c-0d23-467b-bef5-0b580172f7e7.binning_data.json,63060051,2025-12-22 11:00:00.917,2025-12-22 10:19:55.801,UTC-0300,tWUO8ZL77Z,,com.sec.android.app.shealth,2025-12-22 10:59:59.999,858b836c-0d23-467b-bef5-0b580172f7e7,
63060051,2025-12-22 11:00:00.000,,050ba6f1-7d76-4659-87e4-da8b87fe9ed4.binning_data.json,63060051,2025-12-22 12:00:08.872,2025-12-22 11:20:03.918,UTC-0300,tWUO8ZL77Z,,com.sec.android.app.shealth,2025-12-22 11:59:59.999,050ba6f1-7d76-4659-87e4-da8b87fe9ed4,
63060051,2025-12-22 12:00:00.000,,40e198df-b26d-463a-8c85-c74f57b08017.binning_data.json,63060051,2025-12-22 13:00:14.287,2025-12-22 12:20:11.986,UTC-0300,tWUO8ZL77Z,,com.sec.android.app.shealth,2025-12-22 12:59:59.999,40e198df-b26d-463a-8c85-c74f57b08017,
63060051,2025-12-22 13:00:00.000,,6b127cc2-120f-41c0-9588-162b8f287736.binning_data.json,63060051,2025-12-22 14:00:22.974,2025-12-22 13:20:17.360,UTC-0300,tWUO8ZL77Z,,com.sec.android.app.shealth,2025-12-22 13:59:59.999,6b127cc2-120f-41c0-9588-162b8f287736,
63060051,2025-12-22 14:00:00.000,,0233da41-b825-4710-be94-50c626793c3c.binning_data.json,63060051,2025-12-22 15:00:32.909,2025-12-22 14:20:26.060,UTC-0300,tWUO8ZL77Z,,com.sec.android.app.shealth,2025-12-22 14:59:59.999,0233da41-b825-4710-be94-50c626793c3c,
63060051,2025-12-22 15:00:00.000,,3bb0bafd-b3fe-4ddf-99f6-60258c729586.binning_data.json,63060051,2025-12-22 16:00:40.241,2025-12-22 15:20:34.412,UTC-0300,tWUO8ZL77Z,,com.sec.android.app.shealth,2025-12-22 15:59:59.999,3bb0bafd-b3fe-4ddf-99f6-60258c729586,
63060051,2025-12-22 16:00:00.000,,bf5cf8ba-cef6-434e-b270-3c169399bcbe.binning_data.json,63060051,2025-12-22 17:00:47.992,2025-12-22 16:20:42.823,UTC-0300,tWUO8ZL77Z,,com.sec.android.app.shealth,2025-12-22 16:59:59.999,bf5cf8ba-cef6-434e-b270-3c169399bcbe,
63060051,2025-12-22 17:00:00.000,,7684ca4b-dcd6-4a96-a689-d43d77928c14.binning_data.json,63060051,2025-12-22 18:00:54.665,2025-12-22 17:20:50.846,UTC-0300,tWUO8ZL77Z,,com.sec.android.app.shealth,2025-12-22 17:59:59.999,7684ca4b-dcd6-4a96-a689-d43d77928c14,
63060051,2025-12-22 18:00:00.000,,3684a8c7-2ee9-437c-88f9-1fd5831aa82e.binning_data.json,63060051,2025-12-22 19:01:04.137,2025-12-22 18:20:57.697,UTC-0300,tWUO8ZL77Z,,com.sec.android.app.shealth,2025-12-22 18:59:59.999,3684a8c7-2ee9-437c-88f9-1fd5831aa82e,
63060051,2025-12-22 19:00:00.000,,e3c217ed-39ad-4419-ace9-99804b32c79f.binning_data.json,63060051,2025-12-22 20:01:13.222,2025-12-22 19:01:04.143,UTC-0300,tWUO8ZL77Z,,com.sec.android.app.shealth,2025-12-22 19:59:59.999,e3c217ed-39ad-4419-ace9-99804b32c79f,
63060051,2025-12-22 20:00:00.000,,1fadf648-0f9f-4f60-99ae-9bc2256d242c.binning_data.json,63060051,2025-12-22 21:01:22.610,2025-12-22 20:01:13.267,UTC-0300,tWUO8ZL77Z,,com.sec.android.app.shealth,2025-12-22 20:59:59.999,1fadf648-0f9f-4f60-99ae-9bc2256d242c,
63060051,2025-12-22 21:00:00.000,,565e804e-5852-4993-9b24-9563ec33a926.binning_data.json,63060051,2025-12-22 22:01:29.756,2025-12-22 21:01:22.621,UTC-0300,tWUO8ZL77Z,,com.sec.android.app.shealth,2025-12-22 21:59:59.999,565e804e-5852-4993-9b24-9563ec33a926,
63060051,2025-12-22 22:00:00.000,,4c037ba5-130a-4574-ab23-3ade4a17ee66.binning_data.json,63060051,2025-12-22 23:01:37.532,2025-12-22 22:01:29.924,UTC-0300,tWUO8ZL77Z,,com.sec.android.app.shealth,2025-12-22 22:59:59.999,4c037ba5-130a-4574-ab23-3ade4a17ee66,
63060051,2025-12-22 23:00:00.000,,711d0079-ea98-4e40-af1b-42cecc3e306a.binning_data.json,63060051,2025-12-23 00:01:45.644,2025-12-22 23:01:37.535,UTC-0300,tWUO8ZL77Z,,com.sec.android.app.shealth,2025-12-22 23:59:59.999,711d0079-ea98-4e40-af1b-42cecc3e306a,
63060051,2025-12-23 00:00:00.000,,b1281e00-0f57-404b-9ef3-c7f34718934b.binning_data.json,63060051,2025-12-23 00:15:05.165,2025-12-23 00:01:45.650,UTC-0300,tWUO8ZL77Z,,com.sec.android.app.shealth,2025-12-23 00:21:59.999,b1281e00-0f57-404b-9ef3-c7f34718934b,
63070031,2025-12-23 07:51:00.000,,b96f8e7d-9a88-42e1-ba08-df77675afabd.binning_data.json,63070031,2025-12-23 08:11:49.267,2025-12-23 08:11:49.267,UTC-0300,tWUO8ZL77Z,,com.sec.android.app.shealth,2025-12-23 07:59:59.999,b96f8e7d-9a88-42e1-ba08-df77675afabd,
63070031,2025-12-23 08:00:00.000,,4a17e875-6ca7-4fe6-99cf-b22425c487fd.binning_data.json,63070031,2025-12-23 09:12:00.252,2025-12-23 08:11:49.289,UTC-0300,tWUO8ZL77Z,,com.sec.android.app.shealth,2025-12-23 08:59:59.999,4a17e875-6ca7-4fe6-99cf-b22425c487fd,
63070031,2025-12-23 09:00:00.000,,bddab202-eeaf-43bc-98b1-23e1c5d2e4ba.binning_data.json,63070031,2025-12-23 10:12:12.367,2025-12-23 09:12:00.258,UTC-0300,tWUO8ZL77Z,,com.sec.android.app.shealth,2025-12-23 09:59:59.999,bddab202-eeaf-43bc-98b1-23e1c5d2e4ba,
63070031,2025-12-23 10:00:00.000,,fed5071b-8050-4b7d-b064-ca53a4920cc4.binning_data.json,63070031,2025-12-23 11:12:13.953,2025-12-23 10:12:12.379,UTC-0300,tWUO8ZL77Z,,com.sec.android.app.shealth,2025-12-23 10:59:59.999,fed5071b-8050-4b7d-b064-ca53a4920cc4,
63070031,2025-12-23 11:00:00.000,,2a878b89-b5ef-48e2-9dfc-485af3cd1589.binning_data.json,63070031,2025-12-23 12:12:22.493,2025-12-23 11:12:13.960,UTC-0300,tWUO8ZL77Z,,com.sec.android.app.shealth,2025-12-23 11:59:59.999,2a878b89-b5ef-48e2-9dfc-485af3cd1589,
63070031,2025-12-23 12:00:00.000,,69fb7ddd-6a46-41ac-9911-00684874912f.binning_data.json,63070031,2025-12-23 13:12:29.490,2025-12-23 12:12:22.499,UTC-0300,tWUO8ZL77Z,,com.sec.android.app.shealth,2025-12-23 12:59:59.999,69fb7ddd-6a46-41ac-9911-00684874912f,
63070031,2025-12-23 13:00:00.000,,9ddcaa69-8bda-4e95-bbc0-c854971f3648.binning_data.json,63070031,2025-12-23 14:12:39.386,2025-12-23 13:12:29.500,UTC-0300,tWUO8ZL77Z,,com.sec.android.app.shealth,2025-12-23 13:59:59.999,9ddcaa69-8bda-4e95-bbc0-c854971f3648,
63070031,2025-12-23 14:00:00.000,,389d6a31-59cf-4449-b0bb-ac8ad0adc6cc.binning_data.json,63070031,2025-12-23 15:12:48.848,2025-12-23 14:12:39.395,UTC-0300,tWUO8ZL77Z,,com.sec.android.app.shealth,2025-12-23 14:59:59.999,389d6a31-59cf-4449-b0bb-ac8ad0adc6cc,
63070031,2025-12-23 15:00:00.000,,9a4b5fea-a5cb-45bf-86a8-445a7b770be1.binning_data.json,63070031,2025-12-23 16:12:58.570,2025-12-23 15:12:48.860,UTC-0300,tWUO8ZL77Z,,com.sec.android.app.shealth,2025-12-23 15:59:59.999,9a4b5fea-a5cb-45bf-86a8-445a7b770be1,
63070031,2025-12-23 16:00:00.000,,d25e3713-8a9a-4a71-a463-c5f93a035374.binning_data.json,63070031,2025-12-23 17:13:09.381,2025-12-23 16:12:58.580,UTC-0300,tWUO8ZL77Z,,com.sec.android.app.shealth,2025-12-23 16:59:59.999,d25e3713-8a9a-4a71-a463-c5f93a035374,
63070031,2025-12-23 17:00:00.000,,cda1b309-e71c-49a5-bcaa-d02fec848e1f.binning_data.json,63070031,2025-12-23 18:13:17.170,2025-12-23 17:13:09.391,UTC-0300,tWUO8ZL77Z,,com.sec.android.app.shealth,2025-12-23 17:59:59.999,cda1b309-e71c-49a5-bcaa-d02fec848e1f,
63070031,2025-12-23 18:00:00.000,,84929eff-fdf2-4005-8537-41307dda9b54.binning_data.json,63070031,2025-12-23 19:13:28.509,2025-12-23 18:13:17.178,UTC-0300,tWUO8ZL77Z,,com.sec.android.app.shealth,2025-12-23 18:59:59.999,84929eff-fdf2-4005-8537-41307dda9b54,
63070031,2025-12-23 19:00:00.000,,be362893-a667-491e-916c-ff0c16c67c34.binning_data.json,63070031,2025-12-23 20:13:39.887,2025-12-23 19:13:28.563,UTC-0300,tWUO8ZL77Z,,com.sec.android.app.shealth,2025-12-23 19:59:59.999,be362893-a667-491e-916c-ff0c16c67c34,
63070031,2025-12-23 20:00:00.000,,bbcce223-892d-4816-aeb9-a32f9f328d4b.binning_data.json,63070031,2025-12-23 21:13:49.882,2025-12-23 20:13:39.896,UTC-0300,tWUO8ZL77Z,,com.sec.android.app.shealth,2025-12-23 20:59:59.999,bbcce223-892d-4816-aeb9-a32f9f328d4b,
63070031,2025-12-23 21:00:00.000,,79416345-0eba-407b-81f8-f240c8acdc7f.binning_data.json,63070031,2025-12-23 22:13:58.339,2025-12-23 21:13:49.902,UTC-0300,tWUO8ZL77Z,,com.sec.android.app.shealth,2025-12-23 21:59:59.999,79416345-0eba-407b-81f8-f240c8acdc7f,
63070031,2025-12-23 22:00:00.000,,c8b92cd5-fd16-4492-8d1e-1af4cbded640.binning_data.json,63070031,2025-12-23 23:12:55.427,2025-12-23 22:13:58.443,UTC-0300,tWUO8ZL77Z,,com.sec.android.app.shealth,2025-12-23 22:59:59.999,c8b92cd5-fd16-4492-8d1e-1af4cbded640,
63070031,2025-12-23 23:00:00.000,,e7dfbce4-774e-4df6-a920-243ed4506bc8.binning_data.json,63070031,2025-12-23 23:12:55.478,2025-12-23 23:12:55.478,UTC-0300,tWUO8ZL77Z,,com.sec.android.app.shealth,2025-12-23 23:13:59.999,e7dfbce4-774e-4df6-a920-243ed4506bc8,
63070031,2025-12-24 00:44:00.000,,12b85cd4-6c50-401f-a837-990ae726f381.binning_data.json,63070031,2025-12-24 01:04:57.322,2025-12-24 01:04:57.322,UTC-0300,tWUO8ZL77Z,,com.sec.android.app.shealth,2025-12-24 00:59:59.999,12b85cd4-6c50-401f-a837-990ae726f381,
63070031,2025-12-24 01:00:00.000,,f6f26d9c-51a3-41c3-aaa1-53c80a78f367.binning_data.json,63070031,2025-12-24 02:05:07.228,2025-12-24 01:04:57.332,UTC-0300,tWUO8ZL77Z,,com.sec.android.app.shealth,2025-12-24 01:59:59.999,f6f26d9c-51a3-41c3-aaa1-53c80a78f367,
63070031,2025-12-24 02:00:00.000,,6ebeb531-a1e2-4e26-a1ac-3f7f85b22b07.binning_data.json,63070031,2025-12-24 03:05:16.398,2025-12-24 02:05:07.235,UTC-0300,tWUO8ZL77Z,,com.sec.android.app.shealth,2025-12-24 02:59:59.999,6ebeb531-a1e2-4e26-a1ac-3f7f85b22b07,
63070031,2025-12-24 03:00:00.000,,94ba7b45-1891-4e02-8e72-a8d262216e78.binning_data.json,63070031,2025-12-24 04:05:28.457,2025-12-24 03:05:16.499,UTC-0300,tWUO8ZL77Z,,com.sec.android.app.shealth,2025-12-24 03:59:59.999,94ba7b45-1891-4e02-8e72-a8d262216e78,
63070031,2025-12-24 04:00:00.000,,78f2a288-67f5-4a15-a012-5ac7a15132c9.binning_data.json,63070031,2025-12-24 05:05:40.439,2025-12-24 04:05:28.470,UTC-0300,tWUO8ZL77Z,,com.sec.android.app.shealth,2025-12-24 04:59:59.999,78f2a288-67f5-4a15-a012-5ac7a15132c9,
63070031,2025-12-24 05:00:00.000,,ddd4985f-4360-4ecf-9a34-ac71c4274ec7.binning_data.json,63070031,2025-12-24 06:05:52.329,2025-12-24 05:05:40.446,UTC-0300,tWUO8ZL77Z,,com.sec.android.app.shealth,2025-12-24 05:59:59.999,ddd4985f-4360-4ecf-9a34-ac71c4274ec7,
63070031,2025-12-24 06:00:00.000,,53f44038-45a5-4f65-8fc5-e1894b1ccd6c.binning_data.json,63070031,2025-12-24 07:06:03.723,2025-12-24 06:05:52.337,UTC-0300,tWUO8ZL77Z,,com.sec.android.app.shealth,2025-12-24 06:59:59.999,53f44038-45a5-4f65-8fc5-e1894b1ccd6c,
63070031,2025-12-24 07:00:00.000,,0d781fab-6e1c-4129-9674-3aafed7d3189.binning_data.json,63070031,2025-12-24 08:06:15.125,2025-12-24 07:06:03.728,UTC-0300,tWUO8ZL77Z,,com.sec.android.app.shealth,2025-12-24 07:59:59.999,0d781fab-6e1c-4129-9674-3aafed7d3189,
63070031,2025-12-24 08:00:00.000,,a70ec4e1-16bc-41d2-93ca-a3a566f717d2.binning_data.json,63070031,2025-12-24 09:06:27.218,2025-12-24 08:06:15.134,UTC-0300,tWUO8ZL77Z,,com.sec.android.app.shealth,2025-12-24 08:59:59.999,a70ec4e1-16bc-41d2-93ca-a3a566f717d2,
63070031,2025-12-24 09:00:00.000,,28f2ac34-3e84-4fc3-8857-8fa010c5b027.binning_data.json,63070031,2025-12-24 10:06:38.542,2025-12-24 09:06:27.246,UTC-0300,tWUO8ZL77Z,,com.sec.android.app.shealth,2025-12-24 09:59:59.999,28f2ac34-3e84-4fc3-8857-8fa010c5b027,
63070031,2025-12-24 10:00:00.000,,6b102dcd-6427-4a30-aedc-96132379e0f9.binning_data.json,63070031,2025-12-24 11:06:41.107,2025-12-24 10:06:38.559,UTC-0300,tWUO8ZL77Z,,com.sec.android.app.shealth,2025-12-24 10:59:59.999,6b102dcd-6427-4a30-aedc-96132379e0f9,
63070031,2025-12-24 11:00:00.000,,1e8e18f3-5f48-4eb5-97f9-92855ee9e0b4.binning_data.json,63070031,2025-12-24 12:06:48.938,2025-12-24 11:06:41.113,UTC-0300,tWUO8ZL77Z,,com.sec.android.app.shealth,2025-12-24 11:59:59.999,1e8e18f3-5f48-4eb5-97f9-92855ee9e0b4,
63070031,2025-12-24 12:00:00.000,,606bdded-e751-480b-9cb6-33d136a0fd5a.binning_data.json,63070031,2025-12-24 13:06:58.534,2025-12-24 12:06:48.947,UTC-0300,tWUO8ZL77Z,,com.sec.android.app.shealth,2025-12-24 12:59:59.999,606bdded-e751-480b-9cb6-33d136a0fd5a,
63070031,2025-12-24 13:00:00.000,,19f0d410-793b-470f-8031-e731c0096995.binning_data.json,63070031,2025-12-24 14:07:09.114,2025-12-24 13:06:58.539,UTC-0300,tWUO8ZL77Z,,com.sec.android.app.shealth,2025-12-24 13:59:59.999,19f0d410-793b-470f-8031-e731c0096995,
63070031,2025-12-24 14:00:00.000,,fad02868-55d9-4db5-b556-ab9be07c6d33.binning_data.json,63070031,2025-12-24 15:07:19.778,2025-12-24 14:07:09.123,UTC-0300,tWUO8ZL77Z,,com.sec.android.app.shealth,2025-12-24 14:59:59.999,fad02868-55d9-4db5-b556-ab9be07c6d33,
63070031,2025-12-24 15:00:00.000,,582714d1-3668-48ce-81bd-b51a0dddca90.binning_data.json,63070031,2025-12-24 16:07:28.816,2025-12-24 15:07:19.796,UTC-0300,tWUO8ZL77Z,,com.sec.android.app.shealth,2025-12-24 15:59:59.999,582714d1-3668-48ce-81bd-b51a0dddca90,
63070031,2025-12-24 16:00:00.000,,e6736aa6-de1e-44c2-ac82-d860697a21c1.binning_data.json,63070031,2025-12-24 17:07:37.555,2025-12-24 16:07:28.821,UTC-0300,tWUO8ZL77Z,,com.sec.android.app.shealth,2025-12-24 16:59:59.999,e6736aa6-de1e-44c2-ac82-d860697a21c1,
63070031,2025-12-24 17:00:00.000,,8c5f6b71-2975-4d88-ab5d-39b886bf2b66.binning_data.json,63070031,2025-12-24 18:07:45.070,2025-12-24 17:07:37.642,UTC-0300,tWUO8ZL77Z,,com.sec.android.app.shealth,2025-12-24 17:59:59.999,8c5f6b71-2975-4d88-ab5d-39b886bf2b66,
63070031,2025-12-24 18:00:00.000,,46472f28-df85-4cdb-9a48-14020a516711.binning_data.json,63070031,2025-12-24 19:07:52.796,2025-12-24 18:07:45.076,UTC-0300,tWUO8ZL77Z,,com.sec.android.app.shealth,2025-12-24 18:59:59.999,46472f28-df85-4cdb-9a48-14020a516711,
63070031,2025-12-24 19:00:00.000,,b1295d9a-c5a7-4687-bc0e-0e3f14e42f75.binning_data.json,63070031,2025-12-24 20:08:01.942,2025-12-24 19:07:52.802,UTC-0300,tWUO8ZL77Z,,com.sec.android.app.shealth,2025-12-24 19:59:59.999,b1295d9a-c5a7-4687-bc0e-0e3f14e42f75,
63070031,2025-12-24 20:00:00.000,,2d7129bb-943b-4ff9-a3d4-f4162ce31d67.binning_data.json,63070031,2025-12-24 21:08:12.185,2025-12-24 20:08:01.947,UTC-0300,tWUO8ZL77Z,,com.sec.android.app.shealth,2025-12-24 20:59:59.999,2d7129bb-943b-4ff9-a3d4-f4162ce31d67,
63070031,2025-12-24 21:00:00.000,,1bc4d5a1-1ba7-4a08-aa94-0217de1443b4.binning_data.json,63070031,2025-12-24 22:08:23.375,2025-12-24 21:08:12.293,UTC-0300,tWUO8ZL77Z,,com.sec.android.app.shealth,2025-12-24 21:59:59.999,1bc4d5a1-1ba7-4a08-aa94-0217de1443b4,
63070031,2025-12-24 22:00:00.000,,b5b47c05-af19-48ea-bf8d-8c4d6cdd545c.binning_data.json,63070031,2025-12-24 23:08:30.925,2025-12-24 22:08:23.381,UTC-0300,tWUO8ZL77Z,,com.sec.android.app.shealth,2025-12-24 22:59:59.999,b5b47c05-af19-48ea-bf8d-8c4d6cdd545c,
63070031,2025-12-24 23:00:00.000,,0c05318b-dd3a-4260-8aea-1b2fbad06bdc.binning_data.json,63070031,2025-12-25 00:08:41.478,2025-12-24 23:08:30.932,UTC-0300,tWUO8ZL77Z,,com.sec.android.app.shealth,2025-12-24 23:59:59.999,0c05318b-dd3a-4260-8aea-1b2fbad06bdc,
63070031,2025-12-25 00:00:00.000,,12dbc39d-4e12-4a36-a6f6-9fdee4ca5076.binning_data.json,63070031,2025-12-25 00:40:00.757,2025-12-25 00:08:41.483,UTC-0300,tWUO8ZL77Z,,com.sec.android.app.shealth,2025-12-25 00:48:59.999,12dbc39d-4e12-4a36-a6f6-9fdee4ca5076,
63070031,2025-12-25 01:43:00.000,,4d222b3f-d9bc-4297-a0ae-48baab45af18.binning_data.json,63070031,2025-12-25 02:03:41.283,2025-12-25 02:03:41.283,UTC-0300,tWUO8ZL77Z,,com.sec.android.app.shealth,2025-12-25 01:59:59.999,4d222b3f-d9bc-4297-a0ae-48baab45af18,
63070031,2025-12-25 02:00:00.000,,98b02533-bc12-42d5-bf55-1681294c5abe.binning_data.json,63070031,2025-12-25 03:03:50.611,2025-12-25 02:03:41.289,UTC-0300,tWUO8ZL77Z,,com.sec.android.app.shealth,2025-12-25 02:59:59.999,98b02533-bc12-42d5-bf55-1681294c5abe,
63070031,2025-12-25 03:00:00.000,,13d4e346-efaf-4c7f-9d3e-1da9a7df023f.binning_data.json,63070031,2025-12-25 04:03:59.712,2025-12-25 03:03:50.615,UTC-0300,tWUO8ZL77Z,,com.sec.android.app.shealth,2025-12-25 03:59:59.999,13d4e346-efaf-4c7f-9d3e-1da9a7df023f,
63070031,2025-12-25 04:00:00.000,,9df380bf-d0a2-490e-8a6e-372a39cbf46d.binning_data.json,63070031,2025-12-25 05:04:08.921,2025-12-25 04:03:59.717,UTC-0300,tWUO8ZL77Z,,com.sec.android.app.shealth,2025-12-25 04:59:59.999,9df380bf-d0a2-490e-8a6e-372a39cbf46d,
63070031,2025-12-25 05:00:00.000,,a9ab849f-a775-41b6-a441-05882cff74b1.binning_data.json,63070031,2025-12-25 06:04:19.090,2025-12-25 05:04:08.926,UTC-0300,tWUO8ZL77Z,,com.sec.android.app.shealth,2025-12-25 05:59:59.999,a9ab849f-a775-41b6-a441-05882cff74b1,
63070031,2025-12-25 06:00:00.000,,2400469c-be6a-493a-8f27-51aa2bee3829.binning_data.json,63070031,2025-12-25 07:04:29.146,2025-12-25 06:04:19.098,UTC-0300,tWUO8ZL77Z,,com.sec.android.app.shealth,2025-12-25 06:59:59.999,2400469c-be6a-493a-8f27-51aa2bee3829,
63070031,2025-12-25 07:00:00.000,,2b138893-1788-4358-9267-a38e6b4c0345.binning_data.json,63070031,2025-12-25 08:04:39.801,2025-12-25 07:04:29.152,UTC-0300,tWUO8ZL77Z,,com.sec.android.app.shealth,2025-12-25 07:59:59.999,2b138893-1788-4358-9267-a38e6b4c0345,
63070031,2025-12-25 08:00:00.000,,9779993b-8a68-43c0-ac5c-744339ff3fcf.binning_data.json,63070031,2025-12-25 09:04:50.719,2025-12-25 08:04:39.810,UTC-0300,tWUO8ZL77Z,,com.sec.android.app.shealth,2025-12-25 08:59:59.999,9779993b-8a68-43c0-ac5c-744339ff3fcf,
63070031,2025-12-25 09:00:00.000,,c66b6c83-af85-4985-a3c7-878646652096.binning_data.json,63070031,2025-12-25 10:05:01.014,2025-12-25 09:04:50.727,UTC-0300,tWUO8ZL77Z,,com.sec.android.app.shealth,2025-12-25 09:59:59.999,c66b6c83-af85-4985-a3c7-878646652096,
63070031,2025-12-25 10:00:00.000,,8a20b039-0a97-437d-8c39-52c31387680d.binning_data.json,63070031,2025-12-25 11:05:10.581,2025-12-25 10:05:01.025,UTC-0300,tWUO8ZL77Z,,com.sec.android.app.shealth,2025-12-25 10:59:59.999,8a20b039-0a97-437d-8c39-52c31387680d,
63070031,2025-12-25 11:00:00.000,,a4d85daf-173a-433b-b923-bbaf23bf86ea.binning_data.json,63070031,2025-12-25 12:05:12.526,2025-12-25 11:05:10.586,UTC-0300,tWUO8ZL77Z,,com.sec.android.app.shealth,2025-12-25 11:59:59.999,a4d85daf-173a-433b-b923-bbaf23bf86ea,
63070031,2025-12-25 12:00:00.000,,b7013f7a-dcdd-4848-b046-1b55180a5482.binning_data.json,63070031,2025-12-25 13:05:22.953,2025-12-25 12:05:12.533,UTC-0300,tWUO8ZL77Z,,com.sec.android.app.shealth,2025-12-25 12:59:59.999,b7013f7a-dcdd-4848-b046-1b55180a5482,
63070031,2025-12-25 13:00:00.000,,6cf24fb3-a1df-474f-b6e4-650c8ac18f22.binning_data.json,63070031,2025-12-25 14:05:27.382,2025-12-25 13:05:22.963,UTC-0300,tWUO8ZL77Z,,com.sec.android.app.shealth,2025-12-25 13:59:59.999,6cf24fb3-a1df-474f-b6e4-650c8ac18f22,
63070031,2025-12-25 14:00:00.000,,a6eb48a2-0f7c-4257-aede-bdfe365420b1.binning_data.json,63070031,2025-12-25 15:05:35.611,2025-12-25 14:05:27.416,UTC-0300,tWUO8ZL77Z,,com.sec.android.app.shealth,2025-12-25 14:59:59.999,a6eb48a2-0f7c-4257-aede-bdfe365420b1,
63070031,2025-12-25 15:00:00.000,,1d8af7a9-03b8-4fdf-8164-71ddcb049781.binning_data.json,63070031,2025-12-25 15:56:06.608,2025-12-25 15:05:35.619,UTC-0300,tWUO8ZL77Z,,com.sec.android.app.shealth,2025-12-25 15:59:59.999,1d8af7a9-03b8-4fdf-8164-71ddcb049781,
63070031,2025-12-25 16:00:00.000,,33e6b373-5e03-49b1-8dd9-361407ab865b.binning_data.json,63070031,2025-12-25 17:00:30.355,2025-12-25 15:56:06.623,UTC-0300,tWUO8ZL77Z,,com.sec.android.app.shealth,2025-12-25 16:59:59.999,33e6b373-5e03-49b1-8dd9-361407ab865b,
63070031,2025-12-25 17:00:00.000,,df9152a9-9f38-4b81-9b3b-8460c54983a3.binning_data.json,63070031,2025-12-25 18:00:40.344,2025-12-25 17:20:34.100,UTC-0300,tWUO8ZL77Z,,com.sec.android.app.shealth,2025-12-25 17:59:59.999,df9152a9-9f38-4b81-9b3b-8460c54983a3,
63070031,2025-12-25 18:00:00.000,,c52d349a-bbae-464f-95bc-785561d5ecab.binning_data.json,63070031,2025-12-25 18:57:14.370,2025-12-25 18:20:43.003,UTC-0300,tWUO8ZL77Z,,com.sec.android.app.shealth,2025-12-25 18:59:59.999,c52d349a-bbae-464f-95bc-785561d5ecab,
63070031,2025-12-25 19:00:00.000,,1cecc7b3-0b29-43f7-8cec-0720e4071879.binning_data.json,63070031,2025-12-25 18:57:14.389,2025-12-25 18:57:14.389,UTC-0300,tWUO8ZL77Z,,com.sec.android.app.shealth,2025-12-25 19:00:59.999,1cecc7b3-0b29-43f7-8cec-0720e4071879,
63070031,2025-12-25 22:32:00.000,,8527436d-c796-489e-beea-ed2dbc1e1fcc.binning_data.json,63070031,2025-12-25 22:33:35.450,2025-12-25 22:33:35.450,UTC-0300,tWUO8ZL77Z,,com.sec.android.app.shealth,2025-12-25 22:51:59.999,8527436d-c796-489e-beea-ed2dbc1e1fcc,
63070031,2025-12-26 01:07:00.000,,59a2be21-47e5-427e-8f47-12faa2e6b55f.binning_data.json,63070031,2025-12-26 02:16:55.234,2025-12-26 01:08:41.204,UTC-0300,tWUO8ZL77Z,,com.sec.android.app.shealth,2025-12-26 01:59:59.999,59a2be21-47e5-427e-8f47-12faa2e6b55f,
63070031,2025-12-26 02:00:00.000,,03095eb7-4c3d-45aa-a90d-9d551be4741d.binning_data.json,63070031,2025-12-26 03:17:03.849,2025-12-26 02:16:55.245,UTC-0300,tWUO8ZL77Z,,com.sec.android.app.shealth,2025-12-26 02:59:59.999,03095eb7-4c3d-45aa-a90d-9d551be4741d,
63070031,2025-12-26 03:00:00.000,,a005cd27-d2a0-47fe-b9b2-db4c8ffaa9ba.binning_data.json,63070031,2025-12-26 04:17:13.194,2025-12-26 03:17:03.860,UTC-0300,tWUO8ZL77Z,,com.sec.android.app.shealth,2025-12-26 03:59:59.999,a005cd27-d2a0-47fe-b9b2-db4c8ffaa9ba,
63070031,2025-12-26 04:00:00.000,,8fc70e80-9842-445f-b100-456750409f4d.binning_data.json,63070031,2025-12-26 05:17:21.524,2025-12-26 04:17:13.204,UTC-0300,tWUO8ZL77Z,,com.sec.android.app.shealth,2025-12-26 04:59:59.999,8fc70e80-9842-445f-b100-456750409f4d,
63070031,2025-12-26 05:00:00.000,,3ef8a3b7-376b-4d87-aa16-0920a92ac397.binning_data.json,63070031,2025-12-26 06:17:30.167,2025-12-26 05:17:21.660,UTC-0300,tWUO8ZL77Z,,com.sec.android.app.shealth,2025-12-26 05:59:59.999,3ef8a3b7-376b-4d87-aa16-0920a92ac397,
63070031,2025-12-26 06:00:00.000,,b2f52832-e906-4ee2-b014-38e6e96d39a3.binning_data.json,63070031,2025-12-26 07:17:39.137,2025-12-26 06:17:30.172,UTC-0300,tWUO8ZL77Z,,com.sec.android.app.shealth,2025-12-26 06:59:59.999,b2f52832-e906-4ee2-b014-38e6e96d39a3,
63070031,2025-12-26 07:00:00.000,,52120851-e15d-4705-b5f5-441f0d452e60.binning_data.json,63070031,2025-12-26 08:17:48.521,2025-12-26 07:17:39.146,UTC-0300,tWUO8ZL77Z,,com.sec.android.app.shealth,2025-12-26 07:59:59.999,52120851-e15d-4705-b5f5-441f0d452e60,
63070031,2025-12-26 08:00:00.000,,58100435-9590-4491-90fb-36f1c45a5da9.binning_data.json,63070031,2025-12-26 09:17:59.201,2025-12-26 08:17:48.537,UTC-0300,tWUO8ZL77Z,,com.sec.android.app.shealth,2025-12-26 08:59:59.999,58100435-9590-4491-90fb-36f1c45a5da9,
63070031,2025-12-26 09:00:00.000,,529d8797-43c4-4ef0-9fea-ac48d87f5a0c.binning_data.json,63070031,2025-12-26 10:18:01.385,2025-12-26 09:17:59.209,UTC-0300,tWUO8ZL77Z,,com.sec.android.app.shealth,2025-12-26 09:59:59.999,529d8797-43c4-4ef0-9fea-ac48d87f5a0c,
63070031,2025-12-26 10:00:00.000,,1e1ca6f7-d2ba-47a5-bb89-1edff000934b.binning_data.json,63070031,2025-12-26 11:18:09.942,2025-12-26 10:18:01.495,UTC-0300,tWUO8ZL77Z,,com.sec.android.app.shealth,2025-12-26 10:59:59.999,1e1ca6f7-d2ba-47a5-bb89-1edff000934b,
63070031,2025-12-26 11:00:00.000,,5621faf9-3718-478d-b9e1-69f49f033763.binning_data.json,63070031,2025-12-26 12:18:20.377,2025-12-26 11:18:09.951,UTC-0300,tWUO8ZL77Z,,com.sec.android.app.shealth,2025-12-26 11:59:59.999,5621faf9-3718-478d-b9e1-69f49f033763,
63070031,2025-12-26 12:00:00.000,,c780ae57-279d-43f5-81a8-e7624d92c48d.binning_data.json,63070031,2025-12-26 13:18:29.025,2025-12-26 12:18:20.516,UTC-0300,tWUO8ZL77Z,,com.sec.android.app.shealth,2025-12-26 12:59:59.999,c780ae57-279d-43f5-81a8-e7624d92c48d,
63070031,2025-12-26 13:00:00.000,,562ef246-10e2-4eaf-9b73-c9f857f3ca09.binning_data.json,63070031,2025-12-26 14:09:56.692,2025-12-26 13:18:29.031,UTC-0300,tWUO8ZL77Z,,com.sec.android.app.shealth,2025-12-26 13:59:59.999,562ef246-10e2-4eaf-9b73-c9f857f3ca09,
63070031,2025-12-26 14:00:00.000,,c30fd732-fc7e-4513-80d9-513f6373d848.binning_data.json,63070031,2025-12-26 15:10:09.161,2025-12-26 13:49:08.424,UTC-0300,tWUO8ZL77Z,,com.sec.android.app.shealth,2025-12-26 14:59:59.999,c30fd732-fc7e-4513-80d9-513f6373d848,
63070031,2025-12-26 15:00:00.000,,43f3d911-7daa-473a-80d8-8e2e003958d6.binning_data.json,63070031,2025-12-26 16:10:21.036,2025-12-26 15:10:09.166,UTC-0300,tWUO8ZL77Z,,com.sec.android.app.shealth,2025-12-26 15:59:59.999,43f3d911-7daa-473a-80d8-8e2e003958d6,
63070031,2025-12-26 16:00:00.000,,2995610e-0cde-4480-ac04-e2d5b9e9319c.binning_data.json,63070031,2025-12-26 17:10:29.173,2025-12-26 16:10:21.042,UTC-0300,tWUO8ZL77Z,,com.sec.android.app.shealth,2025-12-26 16:59:59.999,2995610e-0cde-4480-ac04-e2d5b9e9319c,
63070031,2025-12-26 17:00:00.000,,de934014-37b8-481b-941c-dd2db9b8e4ca.binning_data.json,63070031,2025-12-26 18:10:36.511,2025-12-26 17:10:29.179,UTC-0300,tWUO8ZL77Z,,com.sec.android.app.shealth,2025-12-26 17:59:59.999,de934014-37b8-481b-941c-dd2db9b8e4ca,
63070031,2025-12-26 18:00:00.000,,722784f9-16e3-473a-8db0-45f9617651fa.binning_data.json,63070031,2025-12-26 19:10:44.914,2025-12-26 18:10:36.670,UTC-0300,tWUO8ZL77Z,,com.sec.android.app.shealth,2025-12-26 18:59:59.999,722784f9-16e3-473a-8db0-45f9617651fa,
63070031,2025-12-26 19:00:00.000,,36577e44-ac08-4084-acdd-ddf826225864.binning_data.json,63070031,2025-12-26 20:10:55.419,2025-12-26 19:10:44.921,UTC-0300,tWUO8ZL77Z,,com.sec.android.app.shealth,2025-12-26 19:59:59.999,36577e44-ac08-4084-acdd-ddf826225864,
63070031,2025-12-26 20:00:00.000,,279ac8b8-9d13-4fd9-9c4b-b4d7888ceaef.binning_data.json,63070031,2025-12-26 21:11:04.441,2025-12-26 20:10:55.428,UTC-0300,tWUO8ZL77Z,,com.sec.android.app.shealth,2025-12-26 20:59:59.999,279ac8b8-9d13-4fd9-9c4b-b4d7888ceaef,
63070031,2025-12-26 21:00:00.000,,50134204-442a-4525-993d-1a3ecc7b96da.binning_data.json,63070031,2025-12-26 22:11:14.119,2025-12-26 21:11:04.448,UTC-0300,tWUO8ZL77Z,,com.sec.android.app.shealth,2025-12-26 21:59:59.999,50134204-442a-4525-993d-1a3ecc7b96da,
63070031,2025-12-26 22:00:00.000,,286aa61a-db4d-4148-9f71-fe29cf12e57f.binning_data.json,63070031,2025-12-26 23:03:35.521,2025-12-26 22:11:14.124,UTC-0300,tWUO8ZL77Z,,com.sec.android.app.shealth,2025-12-26 22:59:59.999,286aa61a-db4d-4148-9f71-fe29cf12e57f,
63070031,2025-12-26 23:00:00.000,,585716e2-37bf-4758-baf7-fcf0f17f5418.binning_data.json,63070031,2025-12-26 23:03:35.553,2025-12-26 23:03:35.553,UTC-0300,tWUO8ZL77Z,,com.sec.android.app.shealth,2025-12-26 23:10:59.999,585716e2-37bf-4758-baf7-fcf0f17f5418,
63070031,2025-12-27 00:31:00.000,,a2f4f42d-c767-42ea-bbfb-0edc4bbcb452.binning_data.json,63070031,2025-12-27 01:11:22.521,2025-12-27 00:51:19.750,UTC-0300,tWUO8ZL77Z,,com.sec.android.app.shealth,2025-12-27 00:59:59.999,a2f4f42d-c767-42ea-bbfb-0edc4bbcb452,
63070031,2025-12-27 01:00:00.000,,d5b78d58-7383-4833-a066-a01ca3666ac0.binning_data.json,63070031,2025-12-27 02:11:31.078,2025-12-27 01:11:22.528,UTC-0300,tWUO8ZL77Z,,com.sec.android.app.shealth,2025-12-27 01:59:59.999,d5b78d58-7383-4833-a066-a01ca3666ac0,
63070031,2025-12-27 02:00:00.000,,95661376-8e0a-4f9e-9f0e-e7bf48980880.binning_data.json,63070031,2025-12-27 03:11:38.841,2025-12-27 02:11:31.093,UTC-0300,tWUO8ZL77Z,,com.sec.android.app.shealth,2025-12-27 02:59:59.999,95661376-8e0a-4f9e-9f0e-e7bf48980880,
63070031,2025-12-27 03:00:00.000,,a94d18ee-1a11-42d6-ac4f-a9e963ad948c.binning_data.json,63070031,2025-12-27 04:11:47.147,2025-12-27 03:11:38.852,UTC-0300,tWUO8ZL77Z,,com.sec.android.app.shealth,2025-12-27 03:59:59.999,a94d18ee-1a11-42d6-ac4f-a9e963ad948c,
63070031,2025-12-27 04:00:00.000,,c7a7c304-ee98-467b-aba3-86b3cdea42ac.binning_data.json,63070031,2025-12-27 05:11:57.798,2025-12-27 04:11:47.162,UTC-0300,tWUO8ZL77Z,,com.sec.android.app.shealth,2025-12-27 04:59:59.999,c7a7c304-ee98-467b-aba3-86b3cdea42ac,
63070031,2025-12-27 05:00:00.000,,a7c74073-d3c1-4fc8-8dd4-9ad8d014993a.binning_data.json,63070031,2025-12-27 06:12:03.917,2025-12-27 05:11:57.803,UTC-0300,tWUO8ZL77Z,,com.sec.android.app.shealth,2025-12-27 05:59:59.999,a7c74073-d3c1-4fc8-8dd4-9ad8d014993a,
63070031,2025-12-27 06:00:00.000,,17ed6e1c-a1f9-47b1-87cb-aa191477f9ad.binning_data.json,63070031,2025-12-27 07:12:09.772,2025-12-27 06:12:03.922,UTC-0300,tWUO8ZL77Z,,com.sec.android.app.shealth,2025-12-27 06:59:59.999,17ed6e1c-a1f9-47b1-87cb-aa191477f9ad,
63070031,2025-12-27 07:00:00.000,,c6e9efc8-94ec-47bf-93e6-43a16b5d101a.binning_data.json,63070031,2025-12-27 08:12:05.961,2025-12-27 07:12:09.776,UTC-0300,tWUO8ZL77Z,,com.sec.android.app.shealth,2025-12-27 07:59:59.999,c6e9efc8-94ec-47bf-93e6-43a16b5d101a,
63070031,2025-12-27 08:00:00.000,,0e2f78e9-c21b-450c-aa95-1babca7b8f0f.binning_data.json,63070031,2025-12-27 09:12:12.682,2025-12-27 08:12:05.972,UTC-0300,tWUO8ZL77Z,,com.sec.android.app.shealth,2025-12-27 08:59:59.999,0e2f78e9-c21b-450c-aa95-1babca7b8f0f,
63070031,2025-12-27 09:00:00.000,,f45029e0-b2b4-40c3-978f-ecb2978d2f10.binning_data.json,63070031,2025-12-27 10:12:21.115,2025-12-27 09:12:12.687,UTC-0300,tWUO8ZL77Z,,com.sec.android.app.shealth,2025-12-27 09:59:59.999,f45029e0-b2b4-40c3-978f-ecb2978d2f10,
63070031,2025-12-27 10:00:00.000,,90844142-5d8d-4032-a814-e812c01db086.binning_data.json,63070031,2025-12-27 11:12:28.239,2025-12-27 10:12:21.122,UTC-0300,tWUO8ZL77Z,,com.sec.android.app.shealth,2025-12-27 10:59:59.999,90844142-5d8d-4032-a814-e812c01db086,
63070031,2025-12-27 11:00:00.000,,b5061de4-4020-4e6f-8b79-be150ab81540.binning_data.json,63070031,2025-12-27 12:12:37.166,2025-12-27 11:12:28.250,UTC-0300,tWUO8ZL77Z,,com.sec.android.app.shealth,2025-12-27 11:59:59.999,b5061de4-4020-4e6f-8b79-be150ab81540,
63070031,2025-12-27 12:00:00.000,,f22fc778-eeea-46db-9bd3-de39b1d7159e.binning_data.json,63070031,2025-12-27 13:12:48.023,2025-12-27 12:12:37.176,UTC-0300,tWUO8ZL77Z,,com.sec.android.app.shealth,2025-12-27 12:59:59.999,f22fc778-eeea-46db-9bd3-de39b1d7159e,
63070031,2025-12-27 13:00:00.000,,e3ded17a-3b9d-46ec-b414-8ac1150f060f.binning_data.json,63070031,2025-12-27 14:12:56.145,2025-12-27 13:12:48.064,UTC-0300,tWUO8ZL77Z,,com.sec.android.app.shealth,2025-12-27 13:59:59.999,e3ded17a-3b9d-46ec-b414-8ac1150f060f,
63070031,2025-12-27 14:00:00.000,,33c94ea0-4185-4d61-b5d4-59b175253d0a.binning_data.json,63070031,2025-12-27 15:13:04.136,2025-12-27 14:12:56.176,UTC-0300,tWUO8ZL77Z,,com.sec.android.app.shealth,2025-12-27 14:59:59.999,33c94ea0-4185-4d61-b5d4-59b175253d0a,
63070031,2025-12-27 15:00:00.000,,5c4f4b67-e46e-4a35-849e-615e07022ef2.binning_data.json,63070031,2025-12-27 16:13:10.420,2025-12-27 15:13:04.143,UTC-0300,tWUO8ZL77Z,,com.sec.android.app.shealth,2025-12-27 15:59:59.999,5c4f4b67-e46e-4a35-849e-615e07022ef2,
63070031,2025-12-27 16:00:00.000,,accae7c7-5bb2-484f-a143-8528d0c99cff.binning_data.json,63070031,2025-12-27 17:13:20.563,2025-12-27 16:13:10.441,UTC-0300,tWUO8ZL77Z,,com.sec.android.app.shealth,2025-12-27 16:59:59.999,accae7c7-5bb2-484f-a143-8528d0c99cff,
63070031,2025-12-27 17:00:00.000,,01e633c0-6e03-476f-ab11-74982229f56e.binning_data.json,63070031,2025-12-27 18:13:28.802,2025-12-27 17:13:20.571,UTC-0300,tWUO8ZL77Z,,com.sec.android.app.shealth,2025-12-27 17:59:59.999,01e633c0-6e03-476f-ab11-74982229f56e,
63070031,2025-12-27 18:00:00.000,,23077c9f-0bfc-49ba-8aff-1817bd3c94ab.binning_data.json,63070031,2025-12-27 19:13:36.438,2025-12-27 18:13:28.814,UTC-0300,tWUO8ZL77Z,,com.sec.android.app.shealth,2025-12-27 18:59:59.999,23077c9f-0bfc-49ba-8aff-1817bd3c94ab,
63070031,2025-12-27 19:00:00.000,,c8b147bd-2f78-4f7f-9e62-3198c45fa0d1.binning_data.json,63070031,2025-12-27 20:13:44.074,2025-12-27 19:13:36.444,UTC-0300,tWUO8ZL77Z,,com.sec.android.app.shealth,2025-12-27 19:59:59.999,c8b147bd-2f78-4f7f-9e62-3198c45fa0d1,
63070031,2025-12-27 20:00:00.000,,ca4bd20c-dd1e-4000-bb71-01a85417833f.binning_data.json,63070031,2025-12-27 21:13:52.154,2025-12-27 20:13:44.082,UTC-0300,tWUO8ZL77Z,,com.sec.android.app.shealth,2025-12-27 20:59:59.999,ca4bd20c-dd1e-4000-bb71-01a85417833f,
63070031,2025-12-27 21:00:00.000,,197959e8-8bf2-45a3-802e-15e70c42f773.binning_data.json,63070031,2025-12-27 22:13:58.839,2025-12-27 21:13:52.160,UTC-0300,tWUO8ZL77Z,,com.sec.android.app.shealth,2025-12-27 21:59:59.999,197959e8-8bf2-45a3-802e-15e70c42f773,
63070031,2025-12-27 22:00:00.000,,75531216-146f-4f03-90c3-3c6a6d780e36.binning_data.json,63070031,2025-12-27 23:14:09.202,2025-12-27 22:13:58.843,UTC-0300,tWUO8ZL77Z,,com.sec.android.app.shealth,2025-12-27 22:59:59.999,75531216-146f-4f03-90c3-3c6a6d780e36,
63070031,2025-12-27 23:00:00.000,,d4b0384e-2a7f-4fab-8bae-7b7868dd86f8.binning_data.json,63070031,2025-12-28 00:14:19.554,2025-12-27 23:14:09.207,UTC-0300,tWUO8ZL77Z,,com.sec.android.app.shealth,2025-12-27 23:59:59.999,d4b0384e-2a7f-4fab-8bae-7b7868dd86f8,
63070031,2025-12-28 00:00:00.000,,9afdeb96-8915-4f29-b3cf-24ef31bf3d9a.binning_data.json,63070031,2025-12-28 00:41:29.242,2025-12-28 00:14:19.565,UTC-0300,tWUO8ZL77Z,,com.sec.android.app.shealth,2025-12-28 00:53:59.999,9afdeb96-8915-4f29-b3cf-24ef31bf3d9a,
63070031,2025-12-28 02:27:00.000,,2cc61994-6c7f-4aa4-b97d-831b89e145b0.binning_data.json,63070031,2025-12-28 03:07:53.160,2025-12-28 02:47:50.250,UTC-0300,tWUO8ZL77Z,,com.sec.android.app.shealth,2025-12-28 02:59:59.999,2cc61994-6c7f-4aa4-b97d-831b89e145b0,
63070031,2025-12-28 03:00:00.000,,2c14ea74-616c-47ea-988f-333c99546d80.binning_data.json,63070031,2025-12-28 04:08:01.333,2025-12-28 03:07:53.170,UTC-0300,tWUO8ZL77Z,,com.sec.android.app.shealth,2025-12-28 03:59:59.999,2c14ea74-616c-47ea-988f-333c99546d80,
63070031,2025-12-28 04:00:00.000,,a5ff44bd-f91f-4036-8f43-99b44eaa0c7b.binning_data.json,63070031,2025-12-28 05:08:09.853,2025-12-28 04:08:01.338,UTC-0300,tWUO8ZL77Z,,com.sec.android.app.shealth,2025-12-28 04:59:59.999,a5ff44bd-f91f-4036-8f43-99b44eaa0c7b,
63070031,2025-12-28 05:00:00.000,,d656d4cb-f6e3-4897-a20a-91be4a4d3b06.binning_data.json,63070031,2025-12-28 06:08:18.777,2025-12-28 05:08:09.972,UTC-0300,tWUO8ZL77Z,,com.sec.android.app.shealth,2025-12-28 05:59:59.999,d656d4cb-f6e3-4897-a20a-91be4a4d3b06,
63070031,2025-12-28 06:00:00.000,,3b18c512-f30b-434a-b811-11a2bffb81a6.binning_data.json,63070031,2025-12-28 07:08:27.774,2025-12-28 06:08:18.782,UTC-0300,tWUO8ZL77Z,,com.sec.android.app.shealth,2025-12-28 06:59:59.999,3b18c512-f30b-434a-b811-11a2bffb81a6,
63070031,2025-12-28 07:00:00.000,,fc352eab-52f6-43a8-9947-e1e672327a20.binning_data.json,63070031,2025-12-28 08:08:37.839,2025-12-28 07:08:27.781,UTC-0300,tWUO8ZL77Z,,com.sec.android.app.shealth,2025-12-28 07:59:59.999,fc352eab-52f6-43a8-9947-e1e672327a20,
63070031,2025-12-28 08:00:00.000,,0f980674-13b1-4f3a-b437-4c6f23205236.binning_data.json,63070031,2025-12-28 09:08:38.980,2025-12-28 08:08:37.873,UTC-0300,tWUO8ZL77Z,,com.sec.android.app.shealth,2025-12-28 08:59:59.999,0f980674-13b1-4f3a-b437-4c6f23205236,
63070031,2025-12-28 09:00:00.000,,1f073f49-9daf-49af-9eb2-88a8c8e9a221.binning_data.json,63070031,2025-12-28 10:08:48.400,2025-12-28 09:08:39.107,UTC-0300,tWUO8ZL77Z,,com.sec.android.app.shealth,2025-12-28 09:59:59.999,1f073f49-9daf-49af-9eb2-88a8c8e9a221,
63070031,2025-12-28 10:00:00.000,,1173be6f-f097-4b47-b441-3ec218ba95aa.binning_data.json,63070031,2025-12-28 11:08:57.532,2025-12-28 10:08:48.406,UTC-0300,tWUO8ZL77Z,,com.sec.android.app.shealth,2025-12-28 10:59:59.999,1173be6f-f097-4b47-b441-3ec218ba95aa,
63070031,2025-12-28 11:00:00.000,,69383bac-a6d1-4b7c-84f2-f2f41dc7f53d.binning_data.json,63070031,2025-12-28 12:09:05.955,2025-12-28 11:08:57.552,UTC-0300,tWUO8ZL77Z,,com.sec.android.app.shealth,2025-12-28 11:59:59.999,69383bac-a6d1-4b7c-84f2-f2f41dc7f53d,
63070031,2025-12-28 12:00:00.000,,d9e511e1-0ab5-48d8-a93f-3d18c53fc459.binning_data.json,63070031,2025-12-28 13:09:15.580,2025-12-28 12:09:05.967,UTC-0300,tWUO8ZL77Z,,com.sec.android.app.shealth,2025-12-28 12:59:59.999,d9e511e1-0ab5-48d8-a93f-3d18c53fc459,
63070031,2025-12-28 13:00:00.000,,71ab57e9-9e73-4824-9c6a-2a9f75927a5c.binning_data.json,63070031,2025-12-28 14:09:23.172,2025-12-28 13:09:15.594,UTC-0300,tWUO8ZL77Z,,com.sec.android.app.shealth,2025-12-28 13:59:59.999,71ab57e9-9e73-4824-9c6a-2a9f75927a5c,
63070031,2025-12-28 14:00:00.000,,729a1d1a-c47c-4cde-9a09-b09c769a3b07.binning_data.json,63070031,2025-12-28 15:09:31.869,2025-12-28 14:09:23.178,UTC-0300,tWUO8ZL77Z,,com.sec.android.app.shealth,2025-12-28 14:59:59.999,729a1d1a-c47c-4cde-9a09-b09c769a3b07,
63070031,2025-12-28 15:00:00.000,,65b51580-f474-4ce8-9ef1-0029c61cccbf.binning_data.json,63070031,2025-12-28 16:09:39.304,2025-12-28 15:09:31.876,UTC-0300,tWUO8ZL77Z,,com.sec.android.app.shealth,2025-12-28 15:59:59.999,65b51580-f474-4ce8-9ef1-0029c61cccbf,
63070031,2025-12-28 16:00:00.000,,14c089d5-77a7-4559-80dd-65414088f220.binning_data.json,63070031,2025-12-28 17:09:47.019,2025-12-28 16:09:39.316,UTC-0300,tWUO8ZL77Z,,com.sec.android.app.shealth,2025-12-28 16:59:59.999,14c089d5-77a7-4559-80dd-65414088f220,
63070031,2025-12-28 17:00:00.000,,275aa160-d955-4335-8a4b-664b5dceb044.binning_data.json,63070031,2025-12-28 18:09:55.773,2025-12-28 17:09:47.024,UTC-0300,tWUO8ZL77Z,,com.sec.android.app.shealth,2025-12-28 17:59:59.999,275aa160-d955-4335-8a4b-664b5dceb044,
63070031,2025-12-28 18:00:00.000,,5ac43abb-34a1-490b-93fb-d9f0bc6594dd.binning_data.json,63070031,2025-12-28 19:10:05.022,2025-12-28 18:09:55.779,UTC-0300,tWUO8ZL77Z,,com.sec.android.app.shealth,2025-12-28 18:59:59.999,5ac43abb-34a1-490b-93fb-d9f0bc6594dd,
63070031,2025-12-28 19:00:00.000,,8db9ea24-d88e-4924-b90e-61454a8631bb.binning_data.json,63070031,2025-12-28 20:10:14.404,2025-12-28 19:10:05.072,UTC-0300,tWUO8ZL77Z,,com.sec.android.app.shealth,2025-12-28 19:59:59.999,8db9ea24-d88e-4924-b90e-61454a8631bb,
63070031,2025-12-28 20:00:00.000,,21cc8ce6-f0ab-4509-ac75-bf9991126e08.binning_data.json,63070031,2025-12-28 21:10:22.335,2025-12-28 20:10:14.411,UTC-0300,tWUO8ZL77Z,,com.sec.android.app.shealth,2025-12-28 20:59:59.999,21cc8ce6-f0ab-4509-ac75-bf9991126e08,
63070031,2025-12-28 21:00:00.000,,98f551e3-d37c-4276-bfa3-428ce5400ea9.binning_data.json,63070031,2025-12-28 22:10:28.195,2025-12-28 21:10:22.344,UTC-0300,tWUO8ZL77Z,,com.sec.android.app.shealth,2025-12-28 21:59:59.999,98f551e3-d37c-4276-bfa3-428ce5400ea9,
63070031,2025-12-28 22:00:00.000,,2860cadb-d7de-4ee4-b2cc-b32468567aa7.binning_data.json,63070031,2025-12-28 23:10:38.596,2025-12-28 22:10:28.200,UTC-0300,tWUO8ZL77Z,,com.sec.android.app.shealth,2025-12-28 22:59:59.999,2860cadb-d7de-4ee4-b2cc-b32468567aa7,
63070031,2025-12-28 23:00:00.000,,7d547f30-e5c6-4704-9480-064316dc7cc6.binning_data.json,63070031,2025-12-28 23:29:59.733,2025-12-28 23:10:38.603,UTC-0300,tWUO8ZL77Z,,com.sec.android.app.shealth,2025-12-28 23:29:59.999,7d547f30-e5c6-4704-9480-064316dc7cc6,
63070031,2025-12-29 00:33:00.000,,ea7fbbf6-5ad4-44e8-bd6d-04624f35fc4b.binning_data.json,63070031,2025-12-29 01:13:20.862,2025-12-29 00:53:18.191,UTC-0300,tWUO8ZL77Z,,com.sec.android.app.shealth,2025-12-29 00:59:59.999,ea7fbbf6-5ad4-44e8-bd6d-04624f35fc4b,
63070031,2025-12-29 01:00:00.000,,061b7c64-3419-4f56-8908-ae9b04584513.binning_data.json,63070031,2025-12-29 02:13:23.972,2025-12-29 01:13:20.867,UTC-0300,tWUO8ZL77Z,,com.sec.android.app.shealth,2025-12-29 01:59:59.999,061b7c64-3419-4f56-8908-ae9b04584513,
63070031,2025-12-29 02:00:00.000,,ed336f00-81eb-460a-ad51-00dbafef9d0d.binning_data.json,63070031,2025-12-29 03:13:32.318,2025-12-29 02:13:23.978,UTC-0300,tWUO8ZL77Z,,com.sec.android.app.shealth,2025-12-29 02:59:59.999,ed336f00-81eb-460a-ad51-00dbafef9d0d,
63070031,2025-12-29 03:00:00.000,,9f1d26d7-f614-4f2d-ab4e-c4f58dfaeb16.binning_data.json,63070031,2025-12-29 04:13:41.631,2025-12-29 03:13:32.323,UTC-0300,tWUO8ZL77Z,,com.sec.android.app.shealth,2025-12-29 03:59:59.999,9f1d26d7-f614-4f2d-ab4e-c4f58dfaeb16,
63070031,2025-12-29 04:00:00.000,,2d858102-e037-441b-9084-efea181a5676.binning_data.json,63070031,2025-12-29 05:13:51.291,2025-12-29 04:13:41.637,UTC-0300,tWUO8ZL77Z,,com.sec.android.app.shealth,2025-12-29 04:59:59.999,2d858102-e037-441b-9084-efea181a5676,
63070031,2025-12-29 05:00:00.000,,c8eddbc5-469d-4c9e-9e19-955a11099b1e.binning_data.json,63070031,2025-12-29 06:14:00.930,2025-12-29 05:13:51.296,UTC-0300,tWUO8ZL77Z,,com.sec.android.app.shealth,2025-12-29 05:59:59.999,c8eddbc5-469d-4c9e-9e19-955a11099b1e,
63070031,2025-12-29 06:00:00.000,,00079efc-95e1-491e-aa6c-cc98fd6029ef.binning_data.json,63070031,2025-12-29 07:14:11.812,2025-12-29 06:14:00.935,UTC-0300,tWUO8ZL77Z,,com.sec.android.app.shealth,2025-12-29 06:59:59.999,00079efc-95e1-491e-aa6c-cc98fd6029ef,
63070031,2025-12-29 07:00:00.000,,c0f5154d-4577-4c0a-8505-93287ba79f98.binning_data.json,63070031,2025-12-29 08:14:21.948,2025-12-29 07:14:11.893,UTC-0300,tWUO8ZL77Z,,com.sec.android.app.shealth,2025-12-29 07:59:59.999,c0f5154d-4577-4c0a-8505-93287ba79f98,
63070031,2025-12-29 08:00:00.000,,737e0607-a3f0-4350-94a0-e0b32cd5b6ff.binning_data.json,63070031,2025-12-29 09:14:31.413,2025-12-29 08:14:21.961,UTC-0300,tWUO8ZL77Z,,com.sec.android.app.shealth,2025-12-29 08:59:59.999,737e0607-a3f0-4350-94a0-e0b32cd5b6ff,
63070031,2025-12-29 09:00:00.000,,8d07e771-4a47-415d-aa81-5813f84b0fd2.binning_data.json,63070031,2025-12-29 10:14:41.503,2025-12-29 09:14:31.418,UTC-0300,tWUO8ZL77Z,,com.sec.android.app.shealth,2025-12-29 09:59:59.999,8d07e771-4a47-415d-aa81-5813f84b0fd2,
63070031,2025-12-29 10:00:00.000,,9bbc4510-02fe-4d62-8fc9-19f5e8360d0d.binning_data.json,63070031,2025-12-29 11:14:51.039,2025-12-29 10:14:41.634,UTC-0300,tWUO8ZL77Z,,com.sec.android.app.shealth,2025-12-29 10:59:59.999,9bbc4510-02fe-4d62-8fc9-19f5e8360d0d,
63070031,2025-12-29 11:00:00.000,,7b65de1f-e647-4914-9962-21355e4956ea.binning_data.json,63070031,2025-12-29 12:14:47.303,2025-12-29 11:14:51.131,UTC-0300,tWUO8ZL77Z,,com.sec.android.app.shealth,2025-12-29 11:59:59.999,7b65de1f-e647-4914-9962-21355e4956ea,
63070031,2025-12-29 12:00:00.000,,4913ba7f-dec0-4f6b-88f9-5ed8f9c8dae4.binning_data.json,63070031,2025-12-29 13:14:53.942,2025-12-29 12:14:47.311,UTC-0300,tWUO8ZL77Z,,com.sec.android.app.shealth,2025-12-29 12:59:59.999,4913ba7f-dec0-4f6b-88f9-5ed8f9c8dae4,
63070031,2025-12-29 13:00:00.000,,67859c67-c817-489d-aa64-8cee469f0b66.binning_data.json,63070031,2025-12-29 14:15:02.390,2025-12-29 13:14:53.967,UTC-0300,tWUO8ZL77Z,,com.sec.android.app.shealth,2025-12-29 13:59:59.999,67859c67-c817-489d-aa64-8cee469f0b66,
63070031,2025-12-29 14:00:00.000,,f369c44f-f7d8-43dc-a456-d1284574a2ba.binning_data.json,63070031,2025-12-29 15:15:11.293,2025-12-29 14:15:02.398,UTC-0300,tWUO8ZL77Z,,com.sec.android.app.shealth,2025-12-29 14:59:59.999,f369c44f-f7d8-43dc-a456-d1284574a2ba,
63070031,2025-12-29 15:00:00.000,,8f7849c0-7961-4434-8799-03b43e9f3e06.binning_data.json,63070031,2025-12-29 16:15:22.429,2025-12-29 15:15:11.300,UTC-0300,tWUO8ZL77Z,,com.sec.android.app.shealth,2025-12-29 15:59:59.999,8f7849c0-7961-4434-8799-03b43e9f3e06,
63070031,2025-12-29 16:00:00.000,,edd4efdc-ac8c-4d8a-9480-30f1b20a4b63.binning_data.json,63070031,2025-12-29 17:15:33.083,2025-12-29 16:15:22.514,UTC-0300,tWUO8ZL77Z,,com.sec.android.app.shealth,2025-12-29 16:59:59.999,edd4efdc-ac8c-4d8a-9480-30f1b20a4b63,
63070031,2025-12-29 17:00:00.000,,bad48a63-f311-4cb5-9545-1691b4bf3590.binning_data.json,63070031,2025-12-29 18:15:39.018,2025-12-29 17:15:33.091,UTC-0300,tWUO8ZL77Z,,com.sec.android.app.shealth,2025-12-29 17:59:59.999,bad48a63-f311-4cb5-9545-1691b4bf3590,
63070031,2025-12-29 18:00:00.000,,66f4db52-08bd-469f-bed0-506151e7c5cc.binning_data.json,63070031,2025-12-29 19:15:48.496,2025-12-29 18:15:39.047,UTC-0300,tWUO8ZL77Z,,com.sec.android.app.shealth,2025-12-29 18:59:59.999,66f4db52-08bd-469f-bed0-506151e7c5cc,
63070031,2025-12-29 19:00:00.000,,6afd1630-1249-4c27-a4f2-73ac93c26125.binning_data.json,63070031,2025-12-29 20:15:54.831,2025-12-29 19:15:48.504,UTC-0300,tWUO8ZL77Z,,com.sec.android.app.shealth,2025-12-29 19:59:59.999,6afd1630-1249-4c27-a4f2-73ac93c26125,
63070031,2025-12-29 20:00:00.000,,ef7923dd-57a7-4540-b75d-bf95d33b6d80.binning_data.json,63070031,2025-12-29 21:16:02.452,2025-12-29 20:15:54.837,UTC-0300,tWUO8ZL77Z,,com.sec.android.app.shealth,2025-12-29 20:59:59.999,ef7923dd-57a7-4540-b75d-bf95d33b6d80,
63070031,2025-12-29 21:00:00.000,,6df19343-64e2-4853-933a-bb83573c0ef7.binning_data.json,63070031,2025-12-29 22:16:10.014,2025-12-29 21:16:02.458,UTC-0300,tWUO8ZL77Z,,com.sec.android.app.shealth,2025-12-29 21:59:59.999,6df19343-64e2-4853-933a-bb83573c0ef7,
63070031,2025-12-29 22:00:00.000,,1fe77b5e-499e-4e8a-a3ec-0751a2047144.binning_data.json,63070031,2025-12-29 23:16:17.529,2025-12-29 22:16:10.021,UTC-0300,tWUO8ZL77Z,,com.sec.android.app.shealth,2025-12-29 22:59:59.999,1fe77b5e-499e-4e8a-a3ec-0751a2047144,
63070031,2025-12-29 23:00:00.000,,18db6296-de45-4e2b-82dd-1fe60d517eea.binning_data.json,63070031,2025-12-29 23:29:05.317,2025-12-29 23:16:17.551,UTC-0300,tWUO8ZL77Z,,com.sec.android.app.shealth,2025-12-29 23:36:59.999,18db6296-de45-4e2b-82dd-1fe60d517eea,
63070031,2025-12-30 01:54:00.000,,ec3a3c2e-763f-4f80-803d-5d74152fec98.binning_data.json,63070031,2025-12-30 02:14:11.502,2025-12-30 02:14:11.502,UTC-0300,tWUO8ZL77Z,,com.sec.android.app.shealth,2025-12-30 01:59:59.999,ec3a3c2e-763f-4f80-803d-5d74152fec98,
63070031,2025-12-30 02:00:00.000,,7d88aafa-4c99-48f6-a30c-82e6344bbffe.binning_data.json,63070031,2025-12-30 03:14:18.001,2025-12-30 02:14:11.519,UTC-0300,tWUO8ZL77Z,,com.sec.android.app.shealth,2025-12-30 02:59:59.999,7d88aafa-4c99-48f6-a30c-82e6344bbffe,
63070031,2025-12-30 03:00:00.000,,d7335694-fed1-4299-a7f5-37344b20d28d.binning_data.json,63070031,2025-12-30 04:14:25.426,2025-12-30 03:14:18.187,UTC-0300,tWUO8ZL77Z,,com.sec.android.app.shealth,2025-12-30 03:59:59.999,d7335694-fed1-4299-a7f5-37344b20d28d,
63070031,2025-12-30 04:00:00.000,,49e64331-d651-4346-9338-9d8e6c503aef.binning_data.json,63070031,2025-12-30 05:14:32.775,2025-12-30 04:14:25.510,UTC-0300,tWUO8ZL77Z,,com.sec.android.app.shealth,2025-12-30 04:59:59.999,49e64331-d651-4346-9338-9d8e6c503aef,
63070031,2025-12-30 05:00:00.000,,fc65383e-8961-4896-b056-ee3d6758895a.binning_data.json,63070031,2025-12-30 06:14:41.200,2025-12-30 05:14:32.786,UTC-0300,tWUO8ZL77Z,,com.sec.android.app.shealth,2025-12-30 05:59:59.999,fc65383e-8961-4896-b056-ee3d6758895a,
63070031,2025-12-30 06:00:00.000,,9889e11d-fc29-4ef7-97c8-b3cf2105dcb7.binning_data.json,63070031,2025-12-30 07:14:48.155,2025-12-30 06:14:41.207,UTC-0300,tWUO8ZL77Z,,com.sec.android.app.shealth,2025-12-30 06:59:59.999,9889e11d-fc29-4ef7-97c8-b3cf2105dcb7,
63070031,2025-12-30 07:00:00.000,,7719389a-cc4f-4381-a376-d59143a4631c.binning_data.json,63070031,2025-12-30 08:14:55.090,2025-12-30 07:14:48.164,UTC-0300,tWUO8ZL77Z,,com.sec.android.app.shealth,2025-12-30 07:59:59.999,7719389a-cc4f-4381-a376-d59143a4631c,
63070031,2025-12-30 08:00:00.000,,943713c8-5692-4558-abe6-c334666a8f04.binning_data.json,63070031,2025-12-30 09:15:03.134,2025-12-30 08:14:55.100,UTC-0300,tWUO8ZL77Z,,com.sec.android.app.shealth,2025-12-30 08:59:59.999,943713c8-5692-4558-abe6-c334666a8f04,
63070031,2025-12-30 09:00:00.000,,4b0ea2ea-f9df-493f-adb5-cd12b8debbce.binning_data.json,63070031,2025-12-30 10:15:11.051,2025-12-30 09:15:03.143,UTC-0300,tWUO8ZL77Z,,com.sec.android.app.shealth,2025-12-30 09:59:59.999,4b0ea2ea-f9df-493f-adb5-cd12b8debbce,
63070031,2025-12-30 10:00:00.000,,b463fe29-c7a3-49e8-b7b9-cf00111b6d5d.binning_data.json,63070031,2025-12-30 11:15:21.220,2025-12-30 10:15:11.062,UTC-0300,tWUO8ZL77Z,,com.sec.android.app.shealth,2025-12-30 10:59:59.999,b463fe29-c7a3-49e8-b7b9-cf00111b6d5d,
63070031,2025-12-30 11:00:00.000,,1fa14733-38ce-4ca9-88ab-e6b383bc3634.binning_data.json,63070031,2025-12-30 12:15:18.517,2025-12-30 11:15:21.227,UTC-0300,tWUO8ZL77Z,,com.sec.android.app.shealth,2025-12-30 11:59:59.999,1fa14733-38ce-4ca9-88ab-e6b383bc3634,
63070031,2025-12-30 12:00:00.000,,04f0c941-96e5-4868-b0f9-8955f2dea615.binning_data.json,63070031,2025-12-30 13:15:26.081,2025-12-30 12:15:18.522,UTC-0300,tWUO8ZL77Z,,com.sec.android.app.shealth,2025-12-30 12:59:59.999,04f0c941-96e5-4868-b0f9-8955f2dea615,
63070031,2025-12-30 13:00:00.000,,2005dfe4-b57a-4dd5-b9eb-01d7c7203f4e.binning_data.json,63070031,2025-12-30 14:15:31.455,2025-12-30 13:15:26.086,UTC-0300,tWUO8ZL77Z,,com.sec.android.app.shealth,2025-12-30 13:59:59.999,2005dfe4-b57a-4dd5-b9eb-01d7c7203f4e,
63070031,2025-12-30 14:00:00.000,,d54d0ae3-a161-4d6c-a963-9d3aceff55b7.binning_data.json,63070031,2025-12-30 15:15:39.760,2025-12-30 14:15:31.464,UTC-0300,tWUO8ZL77Z,,com.sec.android.app.shealth,2025-12-30 14:59:59.999,d54d0ae3-a161-4d6c-a963-9d3aceff55b7,
63070031,2025-12-30 15:00:00.000,,c8d7138c-b6a0-40e2-8397-6f6c02f803a8.binning_data.json,63070031,2025-12-30 16:15:46.437,2025-12-30 15:15:39.769,UTC-0300,tWUO8ZL77Z,,com.sec.android.app.shealth,2025-12-30 15:59:59.999,c8d7138c-b6a0-40e2-8397-6f6c02f803a8,
63070031,2025-12-30 16:00:00.000,,73191bd0-38bd-4227-9349-3430701c6433.binning_data.json,63070031,2025-12-30 17:15:54.995,2025-12-30 16:15:46.439,UTC-0300,tWUO8ZL77Z,,com.sec.android.app.shealth,2025-12-30 16:59:59.999,73191bd0-38bd-4227-9349-3430701c6433,
63070031,2025-12-30 17:00:00.000,,c754f233-0afc-42a9-ae2c-9fea81c9a62c.binning_data.json,63070031,2025-12-30 18:16:01.725,2025-12-30 17:15:55.004,UTC-0300,tWUO8ZL77Z,,com.sec.android.app.shealth,2025-12-30 17:59:59.999,c754f233-0afc-42a9-ae2c-9fea81c9a62c,
63070031,2025-12-30 18:00:00.000,,5167c1dd-40b8-4642-93b3-ecfcaa1bf58d.binning_data.json,63070031,2025-12-30 19:16:09.937,2025-12-30 18:16:01.736,UTC-0300,tWUO8ZL77Z,,com.sec.android.app.shealth,2025-12-30 18:59:59.999,5167c1dd-40b8-4642-93b3-ecfcaa1bf58d,
63070031,2025-12-30 19:00:00.000,,6012a90b-2bb9-48a1-8cc6-5613ab1c7d4b.binning_data.json,63070031,2025-12-30 20:16:18.049,2025-12-30 19:16:09.942,UTC-0300,tWUO8ZL77Z,,com.sec.android.app.shealth,2025-12-30 19:59:59.999,6012a90b-2bb9-48a1-8cc6-5613ab1c7d4b,
63070031,2025-12-30 20:00:00.000,,d2b70b1f-a63e-4db4-9ec9-71c2ca2fecfc.binning_data.json,63070031,2025-12-30 21:16:26.648,2025-12-30 20:16:18.057,UTC-0300,tWUO8ZL77Z,,com.sec.android.app.shealth,2025-12-30 20:59:59.999,d2b70b1f-a63e-4db4-9ec9-71c2ca2fecfc,
63070031,2025-12-30 21:00:00.000,,f1449340-bb4a-4918-9afc-12619cafdd15.binning_data.json,63070031,2025-12-30 21:31:41.949,2025-12-30 21:16:26.654,UTC-0300,tWUO8ZL77Z,,com.sec.android.app.shealth,2025-12-30 21:35:59.999,f1449340-bb4a-4918-9afc-12619cafdd15,
63070031,2025-12-30 22:18:00.000,,c0dbc269-8f47-472d-bf3f-d0446e656704.binning_data.json,63070031,2025-12-30 23:18:51.147,2025-12-30 22:38:47.506,UTC-0300,tWUO8ZL77Z,,com.sec.android.app.shealth,2025-12-30 22:59:59.999,c0dbc269-8f47-472d-bf3f-d0446e656704,
63070031,2025-12-30 23:00:00.000,,e5432379-87a7-482f-9d77-8e6cf2de8e4d.binning_data.json,63070031,2025-12-31 00:18:59.043,2025-12-30 23:18:51.152,UTC-0300,tWUO8ZL77Z,,com.sec.android.app.shealth,2025-12-30 23:59:59.999,e5432379-87a7-482f-9d77-8e6cf2de8e4d,
63070031,2025-12-31 00:00:00.000,,e5181037-9841-4591-895b-b96085ce28a1.binning_data.json,63070031,2025-12-31 01:19:06.360,2025-12-31 00:18:59.107,UTC-0300,tWUO8ZL77Z,,com.sec.android.app.shealth,2025-12-31 00:59:59.999,e5181037-9841-4591-895b-b96085ce28a1,
63070031,2025-12-31 01:00:00.000,,6f82cdc4-3369-4216-a555-a7f991d4bc7a.binning_data.json,63070031,2025-12-31 02:19:13.570,2025-12-31 01:19:06.378,UTC-0300,tWUO8ZL77Z,,com.sec.android.app.shealth,2025-12-31 01:59:59.999,6f82cdc4-3369-4216-a555-a7f991d4bc7a,
63070031,2025-12-31 02:00:00.000,,30e98243-b724-4d19-a351-2f2b05fb6f8b.binning_data.json,63070031,2025-12-31 03:19:22.591,2025-12-31 02:19:13.716,UTC-0300,tWUO8ZL77Z,,com.sec.android.app.shealth,2025-12-31 02:59:59.999,30e98243-b724-4d19-a351-2f2b05fb6f8b,
63070031,2025-12-31 03:00:00.000,,f3f062b5-1012-4afe-8cfa-a85554cfb3d2.binning_data.json,63070031,2025-12-31 04:19:32.193,2025-12-31 03:19:22.596,UTC-0300,tWUO8ZL77Z,,com.sec.android.app.shealth,2025-12-31 03:59:59.999,f3f062b5-1012-4afe-8cfa-a85554cfb3d2,
63070031,2025-12-31 04:00:00.000,,60dd686c-cd0e-48b9-8c0d-574c01a4cec0.binning_data.json,63070031,2025-12-31 05:20:22.293,2025-12-31 04:19:32.200,UTC-0300,tWUO8ZL77Z,,com.sec.android.app.shealth,2025-12-31 04:59:59.999,60dd686c-cd0e-48b9-8c0d-574c01a4cec0,
63070031,2025-12-31 05:00:00.000,,c0bf363f-35a2-4ed9-b225-da17eb388520.binning_data.json,63070031,2025-12-31 06:19:51.326,2025-12-31 05:20:22.304,UTC-0300,tWUO8ZL77Z,,com.sec.android.app.shealth,2025-12-31 05:59:59.999,c0bf363f-35a2-4ed9-b225-da17eb388520,
63070031,2025-12-31 06:00:00.000,,074ef357-cae2-4c4c-a441-5e456a27f197.binning_data.json,63070031,2025-12-31 06:59:57.465,2025-12-31 06:19:51.331,UTC-0300,tWUO8ZL77Z,,com.sec.android.app.shealth,2025-12-31 06:58:59.999,074ef357-cae2-4c4c-a441-5e456a27f197,
63070031,2025-12-31 07:00:00.000,,31e4b2bb-27ec-4c3a-a92f-45ad2a20e020.binning_data.json,63070031,2025-12-31 08:00:05.884,2025-12-31 07:20:00.324,UTC-0300,tWUO8ZL77Z,,com.sec.android.app.shealth,2025-12-31 07:59:59.999,31e4b2bb-27ec-4c3a-a92f-45ad2a20e020,
63070031,2025-12-31 08:00:00.000,,d45370b3-5f18-4929-a24e-86ce7059875a.binning_data.json,63070031,2025-12-31 09:00:05.050,2025-12-31 08:20:08.853,UTC-0300,tWUO8ZL77Z,,com.sec.android.app.shealth,2025-12-31 08:59:59.999,d45370b3-5f18-4929-a24e-86ce7059875a,
63070031,2025-12-31 09:00:00.000,,eb9d3ff7-ff09-499f-8991-4058789ee489.binning_data.json,63070031,2025-12-31 10:00:12.628,2025-12-31 09:20:07.573,UTC-0300,tWUO8ZL77Z,,com.sec.android.app.shealth,2025-12-31 09:59:59.999,eb9d3ff7-ff09-499f-8991-4058789ee489,
63070031,2025-12-31 10:00:00.000,,7224a8c0-92cc-4152-b3f7-0f51134648e2.binning_data.json,63070031,2025-12-31 11:00:21.462,2025-12-31 10:20:16.186,UTC-0300,tWUO8ZL77Z,,com.sec.android.app.shealth,2025-12-31 10:59:59.999,7224a8c0-92cc-4152-b3f7-0f51134648e2,
63070031,2025-12-31 11:00:00.000,,d9578b39-4ee0-46a2-acbc-83beb1766583.binning_data.json,63070031,2025-12-31 12:00:30.437,2025-12-31 11:20:24.551,UTC-0300,tWUO8ZL77Z,,com.sec.android.app.shealth,2025-12-31 11:59:59.999,d9578b39-4ee0-46a2-acbc-83beb1766583,
63070031,2025-12-31 12:00:00.000,,1768ca1e-0ce7-4516-b0cb-5fdb68e62bf5.binning_data.json,63070031,2025-12-31 13:00:35.334,2025-12-31 12:20:30.778,UTC-0300,tWUO8ZL77Z,,com.sec.android.app.shealth,2025-12-31 12:59:59.999,1768ca1e-0ce7-4516-b0cb-5fdb68e62bf5,
63070031,2025-12-31 13:00:00.000,,6efc218e-cfdb-4f0a-bb34-e0d43de16273.binning_data.json,63070031,2025-12-31 14:00:44.652,2025-12-31 13:20:38.202,UTC-0300,tWUO8ZL77Z,,com.sec.android.app.shealth,2025-12-31 13:59:59.999,6efc218e-cfdb-4f0a-bb34-e0d43de16273,
63070031,2025-12-31 14:00:00.000,,574e4338-399b-45df-a650-dc645b9c2152.binning_data.json,63070031,2025-12-31 15:00:47.288,2025-12-31 14:20:45.830,UTC-0300,tWUO8ZL77Z,,com.sec.android.app.shealth,2025-12-31 14:59:59.999,574e4338-399b-45df-a650-dc645b9c2152,
63070031,2025-12-31 15:00:00.000,,ed5700e1-0856-4904-b580-976f81eb0370.binning_data.json,63070031,2025-12-31 16:00:55.278,2025-12-31 15:20:49.828,UTC-0300,tWUO8ZL77Z,,com.sec.android.app.shealth,2025-12-31 15:59:59.999,ed5700e1-0856-4904-b580-976f81eb0370,
63070031,2025-12-31 16:00:00.000,,11297b6a-aa54-44f2-a9bc-3b3336910962.binning_data.json,63070031,2025-12-31 17:00:59.665,2025-12-31 16:20:57.656,UTC-0300,tWUO8ZL77Z,,com.sec.android.app.shealth,2025-12-31 16:59:59.999,11297b6a-aa54-44f2-a9bc-3b3336910962,
63070031,2025-12-31 17:01:00.000,,70429170-9ea0-490a-b6b1-26a2ca92c266.binning_data.json,63070031,2025-12-31 18:01:06.613,2025-12-31 17:21:02.564,UTC-0300,tWUO8ZL77Z,,com.sec.android.app.shealth,2025-12-31 17:59:59.999,70429170-9ea0-490a-b6b1-26a2ca92c266,
63070031,2025-12-31 18:00:00.000,,3a4e14ec-55bc-4bce-a4cd-dc7622a4632f.binning_data.json,63070031,2025-12-31 18:57:36.616,2025-12-31 18:01:06.627,UTC-0300,tWUO8ZL77Z,,com.sec.android.app.shealth,2025-12-31 18:59:59.999,3a4e14ec-55bc-4bce-a4cd-dc7622a4632f,
63070031,2025-12-31 19:00:00.000,,970b3c36-0b95-4825-88b4-9889f381a89d.binning_data.json,63070031,2025-12-31 18:57:36.623,2025-12-31 18:57:36.623,UTC-0300,tWUO8ZL77Z,,com.sec.android.app.shealth,2025-12-31 19:00:59.999,970b3c36-0b95-4825-88b4-9889f381a89d,
63070031,2025-12-31 23:46:00.000,,65893cf6-577c-473a-9f85-f1bec90a70b1.binning_data.json,63070031,2026-01-01 00:06:10.109,2026-01-01 00:06:10.109,UTC-0300,tWUO8ZL77Z,,com.sec.android.app.shealth,2025-12-31 23:59:59.999,65893cf6-577c-473a-9f85-f1bec90a70b1,
63070031,2026-01-01 00:00:00.000,,d4979631-9703-4697-a421-ec18e454856f.binning_data.json,63070031,2026-01-01 01:06:17.811,2026-01-01 00:06:10.114,UTC-0300,tWUO8ZL77Z,,com.sec.android.app.shealth,2026-01-01 00:59:59.999,d4979631-9703-4697-a421-ec18e454856f,
63070031,2026-01-01 01:00:00.000,,12f83c56-f024-4a31-a284-c9dfe1d20390.binning_data.json,63070031,2026-01-01 02:06:27.634,2026-01-01 01:06:17.892,UTC-0300,tWUO8ZL77Z,,com.sec.android.app.shealth,2026-01-01 01:59:59.999,12f83c56-f024-4a31-a284-c9dfe1d20390,
63070031,2026-01-01 02:00:00.000,,3202daa6-518c-4ec8-987e-3d8890c478a4.binning_data.json,63070031,2026-01-01 03:06:37.925,2026-01-01 02:06:27.722,UTC-0300,tWUO8ZL77Z,,com.sec.android.app.shealth,2026-01-01 02:59:59.999,3202daa6-518c-4ec8-987e-3d8890c478a4,
63070031,2026-01-01 03:00:00.000,,9ebcfab7-a0eb-4c20-ba45-3517a05c3b78.binning_data.json,63070031,2026-01-01 04:06:48.133,2026-01-01 03:06:37.942,UTC-0300,tWUO8ZL77Z,,com.sec.android.app.shealth,2026-01-01 03:59:59.999,9ebcfab7-a0eb-4c20-ba45-3517a05c3b78,
63070031,2026-01-01 04:00:00.000,,7274166f-b9a2-453a-baed-dfd56f48d024.binning_data.json,63070031,2026-01-01 05:06:59.089,2026-01-01 04:06:48.140,UTC-0300,tWUO8ZL77Z,,com.sec.android.app.shealth,2026-01-01 04:59:59.999,7274166f-b9a2-453a-baed-dfd56f48d024,
63070031,2026-01-01 05:00:00.000,,180b936a-06b9-4ee4-aed3-fc17823a0862.binning_data.json,63070031,2026-01-01 06:07:08.106,2026-01-01 05:06:59.174,UTC-0300,tWUO8ZL77Z,,com.sec.android.app.shealth,2026-01-01 05:59:59.999,180b936a-06b9-4ee4-aed3-fc17823a0862,
63070031,2026-01-01 06:00:00.000,,67ad331d-1ec5-4cb8-8b2f-3500b5a126a2.binning_data.json,63070031,2026-01-01 07:07:15.762,2026-01-01 06:07:08.193,UTC-0300,tWUO8ZL77Z,,com.sec.android.app.shealth,2026-01-01 06:59:59.999,67ad331d-1ec5-4cb8-8b2f-3500b5a126a2,
63070031,2026-01-01 07:00:00.000,,45268144-2faa-4ef0-86aa-340ef229c5a0.binning_data.json,63070031,2026-01-01 08:07:24.241,2026-01-01 07:07:15.785,UTC-0300,tWUO8ZL77Z,,com.sec.android.app.shealth,2026-01-01 07:59:59.999,45268144-2faa-4ef0-86aa-340ef229c5a0,
63070031,2026-01-01 08:00:00.000,,408526cd-30d4-4655-bf7c-0cb53e025a60.binning_data.json,63070031,2026-01-01 09:07:32.654,2026-01-01 08:07:24.392,UTC-0300,tWUO8ZL77Z,,com.sec.android.app.shealth,2026-01-01 08:59:59.999,408526cd-30d4-4655-bf7c-0cb53e025a60,
63070031,2026-01-01 09:00:00.000,,56e51e01-8e8f-4961-8de4-6483f4602722.binning_data.json,63070031,2026-01-01 10:07:31.210,2026-01-01 09:07:32.691,UTC-0300,tWUO8ZL77Z,,com.sec.android.app.shealth,2026-01-01 09:59:59.999,56e51e01-8e8f-4961-8de4-6483f4602722,
63070031,2026-01-01 10:00:00.000,,aba9ed44-3788-4074-9aa1-5a168209303c.binning_data.json,63070031,2026-01-01 11:07:39.929,2026-01-01 10:07:31.217,UTC-0300,tWUO8ZL77Z,,com.sec.android.app.shealth,2026-01-01 10:59:59.999,aba9ed44-3788-4074-9aa1-5a168209303c,
63070031,2026-01-01 11:00:00.000,,36315c4c-76af-4ad6-9d2d-86b8a64f75ea.binning_data.json,63070031,2026-01-01 12:07:49.449,2026-01-01 11:07:39.946,UTC-0300,tWUO8ZL77Z,,com.sec.android.app.shealth,2026-01-01 11:59:59.999,36315c4c-76af-4ad6-9d2d-86b8a64f75ea,
63070031,2026-01-01 12:00:00.000,,4ba8e95f-a9fd-4f73-afc9-7b0388fa920a.binning_data.json,63070031,2026-01-01 13:07:57.035,2026-01-01 12:07:49.455,UTC-0300,tWUO8ZL77Z,,com.sec.android.app.shealth,2026-01-01 12:59:59.999,4ba8e95f-a9fd-4f73-afc9-7b0388fa920a,
63070031,2026-01-01 13:00:00.000,,ee670ef5-eac2-4fda-aa46-e1e2591cd193.binning_data.json,63070031,2026-01-01 14:08:05.322,2026-01-01 13:07:57.042,UTC-0300,tWUO8ZL77Z,,com.sec.android.app.shealth,2026-01-01 13:59:59.999,ee670ef5-eac2-4fda-aa46-e1e2591cd193,
63070031,2026-01-01 14:00:00.000,,4acd9729-e16e-467e-a4cb-7d88b9b02f25.binning_data.json,63070031,2026-01-01 15:08:13.121,2026-01-01 14:08:05.332,UTC-0300,tWUO8ZL77Z,,com.sec.android.app.shealth,2026-01-01 14:59:59.999,4acd9729-e16e-467e-a4cb-7d88b9b02f25,
63070031,2026-01-01 15:00:00.000,,0ab535d5-5be2-46c0-91ab-f42ed548a361.binning_data.json,63070031,2026-01-01 16:08:21.543,2026-01-01 15:08:13.128,UTC-0300,tWUO8ZL77Z,,com.sec.android.app.shealth,2026-01-01 15:59:59.999,0ab535d5-5be2-46c0-91ab-f42ed548a361,
63070031,2026-01-01 16:00:00.000,,a3e39a88-0e25-4ee5-80b6-6f637df486cd.binning_data.json,63070031,2026-01-01 17:08:29.731,2026-01-01 16:08:21.550,UTC-0300,tWUO8ZL77Z,,com.sec.android.app.shealth,2026-01-01 16:59:59.999,a3e39a88-0e25-4ee5-80b6-6f637df486cd,
63070031,2026-01-01 17:00:00.000,,bd76d11c-5c7e-4b63-8140-e9f1fc036d02.binning_data.json,63070031,2026-01-01 18:08:38.269,2026-01-01 17:08:29.828,UTC-0300,tWUO8ZL77Z,,com.sec.android.app.shealth,2026-01-01 17:59:59.999,bd76d11c-5c7e-4b63-8140-e9f1fc036d02,
63070031,2026-01-01 18:00:00.000,,b0cce967-33cc-474a-97be-057f7e8c8353.binning_data.json,63070031,2026-01-01 19:08:45.844,2026-01-01 18:08:38.275,UTC-0300,tWUO8ZL77Z,,com.sec.android.app.shealth,2026-01-01 18:59:59.999,b0cce967-33cc-474a-97be-057f7e8c8353,
63070031,2026-01-01 19:00:00.000,,66d81bd5-88a5-406d-8797-5019a7fc7928.binning_data.json,63070031,2026-01-01 20:08:52.670,2026-01-01 19:08:45.861,UTC-0300,tWUO8ZL77Z,,com.sec.android.app.shealth,2026-01-01 19:59:59.999,66d81bd5-88a5-406d-8797-5019a7fc7928,
63070031,2026-01-01 20:00:00.000,,2537c7e3-4903-4139-8b20-6d21187c4511.binning_data.json,63070031,2026-01-01 21:09:00.884,2026-01-01 20:08:52.678,UTC-0300,tWUO8ZL77Z,,com.sec.android.app.shealth,2026-01-01 20:59:59.999,2537c7e3-4903-4139-8b20-6d21187c4511,
63070031,2026-01-01 21:00:00.000,,190b1667-92c6-4a33-a868-1b17450c0ec0.binning_data.json,63070031,2026-01-01 22:09:09.500,2026-01-01 21:09:00.890,UTC-0300,tWUO8ZL77Z,,com.sec.android.app.shealth,2026-01-01 21:59:59.999,190b1667-92c6-4a33-a868-1b17450c0ec0,
63070031,2026-01-01 22:00:00.000,,f4553a61-1ace-47e7-8995-b535012afddd.binning_data.json,63070031,2026-01-01 23:04:53.135,2026-01-01 22:09:09.509,UTC-0300,tWUO8ZL77Z,,com.sec.android.app.shealth,2026-01-01 22:59:59.999,f4553a61-1ace-47e7-8995-b535012afddd,
63070031,2026-01-01 23:00:00.000,,81afb3ea-7e50-4a85-8e02-a6575caccb3c.binning_data.json,63070031,2026-01-02 00:14:47.088,2026-01-01 23:04:53.131,UTC-0300,tWUO8ZL77Z,,com.sec.android.app.shealth,2026-01-01 23:59:59.999,81afb3ea-7e50-4a85-8e02-a6575caccb3c,
63070031,2026-01-02 00:00:00.000,,243dddd6-cb98-48cf-bc36-efc3f784dfa1.binning_data.json,63070031,2026-01-02 01:14:56.564,2026-01-02 00:14:47.094,UTC-0300,tWUO8ZL77Z,,com.sec.android.app.shealth,2026-01-02 00:59:59.999,243dddd6-cb98-48cf-bc36-efc3f784dfa1,
63070031,2026-01-02 01:00:00.000,,1241554d-4e03-44df-a160-04a232df0b48.binning_data.json,63070031,2026-01-02 02:15:06.409,2026-01-02 01:14:56.570,UTC-0300,tWUO8ZL77Z,,com.sec.android.app.shealth,2026-01-02 01:59:59.999,1241554d-4e03-44df-a160-04a232df0b48,
63070031,2026-01-02 02:00:00.000,,bd8f5689-1171-45b7-9599-7150e3f179df.binning_data.json,63070031,2026-01-02 03:15:16.046,2026-01-02 02:15:06.415,UTC-0300,tWUO8ZL77Z,,com.sec.android.app.shealth,2026-01-02 02:59:59.999,bd8f5689-1171-45b7-9599-7150e3f179df,
63070031,2026-01-02 03:00:00.000,,e95ff4cb-c747-4d94-beb3-57026caedbc0.binning_data.json,63070031,2026-01-02 04:15:23.805,2026-01-02 03:15:16.053,UTC-0300,tWUO8ZL77Z,,com.sec.android.app.shealth,2026-01-02 03:59:59.999,e95ff4cb-c747-4d94-beb3-57026caedbc0,
63070031,2026-01-02 04:00:00.000,,5b19611d-257f-4924-ac52-4ee7b0e434f4.binning_data.json,63070031,2026-01-02 05:15:32.349,2026-01-02 04:15:23.853,UTC-0300,tWUO8ZL77Z,,com.sec.android.app.shealth,2026-01-02 04:59:59.999,5b19611d-257f-4924-ac52-4ee7b0e434f4,
63070031,2026-01-02 05:00:00.000,,f39d0811-dd3a-45cd-b5df-6c76e19d407a.binning_data.json,63070031,2026-01-02 06:15:39.276,2026-01-02 05:15:32.414,UTC-0300,tWUO8ZL77Z,,com.sec.android.app.shealth,2026-01-02 05:59:59.999,f39d0811-dd3a-45cd-b5df-6c76e19d407a,
63070031,2026-01-02 06:00:00.000,,623c4217-2e2b-4cf6-8ae8-a7b351a2f584.binning_data.json,63070031,2026-01-02 07:15:47.549,2026-01-02 06:15:39.294,UTC-0300,tWUO8ZL77Z,,com.sec.android.app.shealth,2026-01-02 06:59:59.999,623c4217-2e2b-4cf6-8ae8-a7b351a2f584,
63070031,2026-01-02 07:00:00.000,,99b301bd-3c22-48cb-9ac1-af0c447e37b5.binning_data.json,63070031,2026-01-02 08:15:55.102,2026-01-02 07:15:47.554,UTC-0300,tWUO8ZL77Z,,com.sec.android.app.shealth,2026-01-02 07:59:59.999,99b301bd-3c22-48cb-9ac1-af0c447e37b5,
63070031,2026-01-02 08:00:00.000,,bc916a29-3c2e-4545-8202-c250817a843f.binning_data.json,63070031,2026-01-02 09:16:03.910,2026-01-02 08:15:55.123,UTC-0300,tWUO8ZL77Z,,com.sec.android.app.shealth,2026-01-02 08:59:59.999,bc916a29-3c2e-4545-8202-c250817a843f,
63070031,2026-01-02 09:00:00.000,,554b06c1-fda2-4e81-873e-0513b5e203dc.binning_data.json,63070031,2026-01-02 09:31:34.502,2026-01-02 09:16:03.998,UTC-0300,tWUO8ZL77Z,,com.sec.android.app.shealth,2026-01-02 09:35:59.999,554b06c1-fda2-4e81-873e-0513b5e203dc,
63070031,2026-01-02 14:27:00.000,,cda01d91-9e81-4a7e-8f1b-9d30098d7347.binning_data.json,63070031,2026-01-02 15:07:45.638,2026-01-02 14:47:41.453,UTC-0300,tWUO8ZL77Z,,com.sec.android.app.shealth,2026-01-02 14:59:59.999,cda01d91-9e81-4a7e-8f1b-9d30098d7347,
63070031,2026-01-02 15:00:00.000,,1133c39c-9686-47db-ae20-009afdd246b0.binning_data.json,63070031,2026-01-02 16:07:58.012,2026-01-02 15:07:45.652,UTC-0300,tWUO8ZL77Z,,com.sec.android.app.shealth,2026-01-02 15:59:59.999,1133c39c-9686-47db-ae20-009afdd246b0,
63070031,2026-01-02 16:00:00.000,,57fcfb67-14a2-4ac5-b15a-a9f00f36b16e.binning_data.json,63070031,2026-01-02 17:08:08.465,2026-01-02 16:07:58.023,UTC-0300,tWUO8ZL77Z,,com.sec.android.app.shealth,2026-01-02 16:59:59.999,57fcfb67-14a2-4ac5-b15a-a9f00f36b16e,
63070031,2026-01-02 17:00:00.000,,31123676-f1a5-4ee1-998f-cdb544077021.binning_data.json,63070031,2026-01-02 18:08:20.982,2026-01-02 17:08:08.475,UTC-0300,tWUO8ZL77Z,,com.sec.android.app.shealth,2026-01-02 17:59:59.999,31123676-f1a5-4ee1-998f-cdb544077021,
63070031,2026-01-02 18:00:00.000,,87d7efaf-3105-4050-b4d0-0b97cbecc124.binning_data.json,63070031,2026-01-02 19:08:31.310,2026-01-02 18:08:20.989,UTC-0300,tWUO8ZL77Z,,com.sec.android.app.shealth,2026-01-02 18:59:59.999,87d7efaf-3105-4050-b4d0-0b97cbecc124,
63070031,2026-01-02 19:00:00.000,,05f37781-e45d-42b5-ae46-086808c5434a.binning_data.json,63070031,2026-01-02 20:08:42.747,2026-01-02 19:08:31.316,UTC-0300,tWUO8ZL77Z,,com.sec.android.app.shealth,2026-01-02 19:59:59.999,05f37781-e45d-42b5-ae46-086808c5434a,
63070031,2026-01-02 20:00:00.000,,8b5a3c70-f4e2-431d-be18-a4b33f6bf419.binning_data.json,63070031,2026-01-02 21:08:54.446,2026-01-02 20:08:42.819,UTC-0300,tWUO8ZL77Z,,com.sec.android.app.shealth,2026-01-02 20:59:59.999,8b5a3c70-f4e2-431d-be18-a4b33f6bf419,
63070031,2026-01-02 21:00:00.000,,c133c274-7dd4-43be-8295-4bbf6c9737c9.binning_data.json,63070031,2026-01-02 22:09:05.976,2026-01-02 21:08:54.452,UTC-0300,tWUO8ZL77Z,,com.sec.android.app.shealth,2026-01-02 21:59:59.999,c133c274-7dd4-43be-8295-4bbf6c9737c9,
63070031,2026-01-02 22:00:00.000,,8fc11f06-50f6-448e-a053-3f05899c26d6.binning_data.json,63070031,2026-01-02 23:09:17.669,2026-01-02 22:09:05.992,UTC-0300,tWUO8ZL77Z,,com.sec.android.app.shealth,2026-01-02 22:59:59.999,8fc11f06-50f6-448e-a053-3f05899c26d6,
63070031,2026-01-02 23:00:00.000,,18b9bb21-7839-44ce-9c98-858c6be9bc8d.binning_data.json,63070031,2026-01-03 00:09:30.497,2026-01-02 23:09:17.680,UTC-0300,tWUO8ZL77Z,,com.sec.android.app.shealth,2026-01-02 23:59:59.999,18b9bb21-7839-44ce-9c98-858c6be9bc8d,
63070031,2026-01-03 00:00:00.000,,599c634d-832b-4455-bd41-d2e218a0f9e3.binning_data.json,63070031,2026-01-03 01:07:01.367,2026-01-03 00:09:30.514,UTC-0300,tWUO8ZL77Z,,com.sec.android.app.shealth,2026-01-03 00:59:59.999,599c634d-832b-4455-bd41-d2e218a0f9e3,
63070031,2026-01-03 01:00:00.000,,9b2326f0-fb89-46cb-b000-39fe89058f75.binning_data.json,63070031,2026-01-03 02:07:12.195,2026-01-03 01:07:01.373,UTC-0300,tWUO8ZL77Z,,com.sec.android.app.shealth,2026-01-03 01:59:59.999,9b2326f0-fb89-46cb-b000-39fe89058f75,
63070031,2026-01-03 02:00:00.000,,71a6eb11-fabd-4c56-b5f8-76d229c163b2.binning_data.json,63070031,2026-01-03 03:07:24.293,2026-01-03 02:07:12.284,UTC-0300,tWUO8ZL77Z,,com.sec.android.app.shealth,2026-01-03 02:59:59.999,71a6eb11-fabd-4c56-b5f8-76d229c163b2,
63070031,2026-01-03 03:00:00.000,,ff1ce1a4-39cb-463d-9b9c-d1e472560cac.binning_data.json,63070031,2026-01-03 04:07:37.353,2026-01-03 03:07:24.384,UTC-0300,tWUO8ZL77Z,,com.sec.android.app.shealth,2026-01-03 03:59:59.999,ff1ce1a4-39cb-463d-9b9c-d1e472560cac,
63070031,2026-01-03 04:00:00.000,,e05866e7-fe8c-4090-8563-321754d44665.binning_data.json,63070031,2026-01-03 05:07:51.028,2026-01-03 04:07:37.358,UTC-0300,tWUO8ZL77Z,,com.sec.android.app.shealth,2026-01-03 04:59:59.999,e05866e7-fe8c-4090-8563-321754d44665,
63070031,2026-01-03 05:00:00.000,,8bd1c8d0-9b47-4f3f-a1c6-c80052849369.binning_data.json,63070031,2026-01-03 06:08:04.667,2026-01-03 05:07:51.037,UTC-0300,tWUO8ZL77Z,,com.sec.android.app.shealth,2026-01-03 05:59:59.999,8bd1c8d0-9b47-4f3f-a1c6-c80052849369,
63070031,2026-01-03 06:00:00.000,,a41711e4-d6ef-4254-ac33-be8f8f8544f1.binning_data.json,63070031,2026-01-03 07:08:17.512,2026-01-03 06:08:04.671,UTC-0300,tWUO8ZL77Z,,com.sec.android.app.shealth,2026-01-03 06:59:59.999,a41711e4-d6ef-4254-ac33-be8f8f8544f1,
63070031,2026-01-03 07:00:00.000,,be0e28be-7c13-40b4-b053-fd43fa627dd9.binning_data.json,63070031,2026-01-03 08:08:30.645,2026-01-03 07:08:17.523,UTC-0300,tWUO8ZL77Z,,com.sec.android.app.shealth,2026-01-03 07:59:59.999,be0e28be-7c13-40b4-b053-fd43fa627dd9,
63070031,2026-01-03 08:00:00.000,,df77ed77-aa07-4c7f-9bec-9d8493935b6b.binning_data.json,63070031,2026-01-03 09:08:44.088,2026-01-03 08:08:30.664,UTC-0300,tWUO8ZL77Z,,com.sec.android.app.shealth,2026-01-03 08:59:59.999,df77ed77-aa07-4c7f-9bec-9d8493935b6b,
63070031,2026-01-03 09:00:00.000,,1a3e956f-ff29-4fea-b131-117996018a25.binning_data.json,63070031,2026-01-03 10:08:50.680,2026-01-03 09:08:44.098,UTC-0300,tWUO8ZL77Z,,com.sec.android.app.shealth,2026-01-03 09:59:59.999,1a3e956f-ff29-4fea-b131-117996018a25,
63070031,2026-01-03 10:00:00.000,,6e68765c-220f-4794-8f09-443aeb23aedb.binning_data.json,63070031,2026-01-03 11:09:04.076,2026-01-03 10:08:50.685,UTC-0300,tWUO8ZL77Z,,com.sec.android.app.shealth,2026-01-03 10:59:59.999,6e68765c-220f-4794-8f09-443aeb23aedb,
63070031,2026-01-03 11:00:00.000,,cb675901-a6f3-425a-addc-fcfcae73336c.binning_data.json,63070031,2026-01-03 12:09:18.230,2026-01-03 11:09:04.082,UTC-0300,tWUO8ZL77Z,,com.sec.android.app.shealth,2026-01-03 11:59:59.999,cb675901-a6f3-425a-addc-fcfcae73336c,
63070031,2026-01-03 12:00:00.000,,e26dc66c-80c0-4849-8e4a-a38ceda4beea.binning_data.json,63070031,2026-01-03 13:09:29.657,2026-01-03 12:09:18.238,UTC-0300,tWUO8ZL77Z,,com.sec.android.app.shealth,2026-01-03 12:59:59.999,e26dc66c-80c0-4849-8e4a-a38ceda4beea,
63070031,2026-01-03 13:00:00.000,,dc5914b5-8c24-483b-b632-d418ca037a85.binning_data.json,63070031,2026-01-03 14:09:43.762,2026-01-03 13:09:29.674,UTC-0300,tWUO8ZL77Z,,com.sec.android.app.shealth,2026-01-03 13:59:59.999,dc5914b5-8c24-483b-b632-d418ca037a85,
63070031,2026-01-03 14:00:00.000,,125d922e-2751-48e3-8ae3-b042869fb02b.binning_data.json,63070031,2026-01-03 15:09:48.035,2026-01-03 14:09:43.778,UTC-0300,tWUO8ZL77Z,,com.sec.android.app.shealth,2026-01-03 14:59:59.999,125d922e-2751-48e3-8ae3-b042869fb02b,
63070031,2026-01-03 15:00:00.000,,f9328de6-a063-4465-8fdf-2058e0eb677a.binning_data.json,63070031,2026-01-03 16:09:55.255,2026-01-03 15:09:48.046,UTC-0300,tWUO8ZL77Z,,com.sec.android.app.shealth,2026-01-03 15:59:59.999,f9328de6-a063-4465-8fdf-2058e0eb677a,
63070031,2026-01-03 16:00:00.000,,9de344d5-fb63-40a0-8622-2ea9788731c1.binning_data.json,63070031,2026-01-03 17:10:03.951,2026-01-03 16:09:55.263,UTC-0300,tWUO8ZL77Z,,com.sec.android.app.shealth,2026-01-03 16:59:59.999,9de344d5-fb63-40a0-8622-2ea9788731c1,
63070031,2026-01-03 17:00:00.000,,cbc3b998-1a97-4eb0-81f9-2b073349abf5.binning_data.json,63070031,2026-01-03 18:10:12.002,2026-01-03 17:10:03.962,UTC-0300,tWUO8ZL77Z,,com.sec.android.app.shealth,2026-01-03 17:59:59.999,cbc3b998-1a97-4eb0-81f9-2b073349abf5,
63070031,2026-01-03 18:00:00.000,,096b9ba0-9674-43f3-aecf-f92fc73e8ce0.binning_data.json,63070031,2026-01-03 18:10:12.009,2026-01-03 18:10:12.009,UTC-0300,tWUO8ZL77Z,,com.sec.android.app.shealth,2026-01-03 18:09:59.999,096b9ba0-9674-43f3-aecf-f92fc73e8ce0,
63070031,2026-01-04 01:10:00.000,,ad2d1b8f-f269-49ed-83fe-b782ecebc512.binning_data.json,63070031,2026-01-04 02:09:53.876,2026-01-04 01:12:45.503,UTC-0300,tWUO8ZL77Z,,com.sec.android.app.shealth,2026-01-04 01:59:59.999,ad2d1b8f-f269-49ed-83fe-b782ecebc512,
63070031,2026-01-04 02:00:00.000,,3a3a094c-c1db-455f-9cbf-08e4f77fbb14.binning_data.json,63070031,2026-01-04 03:10:08.746,2026-01-04 02:09:53.899,UTC-0300,tWUO8ZL77Z,,com.sec.android.app.shealth,2026-01-04 02:59:59.999,3a3a094c-c1db-455f-9cbf-08e4f77fbb14,
63070031,2026-01-04 03:00:00.000,,c0b95fa6-5184-4cb1-acbe-e6df4812509e.binning_data.json,63070031,2026-01-04 04:10:23.548,2026-01-04 03:10:08.905,UTC-0300,tWUO8ZL77Z,,com.sec.android.app.shealth,2026-01-04 03:59:59.999,c0b95fa6-5184-4cb1-acbe-e6df4812509e,
63070031,2026-01-04 04:00:00.000,,37f432b7-2635-4789-8eb0-77407aa9557a.binning_data.json,63070031,2026-01-04 05:10:38.336,2026-01-04 04:10:23.554,UTC-0300,tWUO8ZL77Z,,com.sec.android.app.shealth,2026-01-04 04:59:59.999,37f432b7-2635-4789-8eb0-77407aa9557a,
63070031,2026-01-04 05:00:00.000,,7fc28178-42dc-41fe-b56c-ce12d7529434.binning_data.json,63070031,2026-01-04 06:10:53.721,2026-01-04 05:10:38.341,UTC-0300,tWUO8ZL77Z,,com.sec.android.app.shealth,2026-01-04 05:59:59.999,7fc28178-42dc-41fe-b56c-ce12d7529434,
63070031,2026-01-04 06:00:00.000,,f80c7281-9203-456d-a70f-6ee01d4aa1db.binning_data.json,63070031,2026-01-04 07:11:08.609,2026-01-04 06:10:53.726,UTC-0300,tWUO8ZL77Z,,com.sec.android.app.shealth,2026-01-04 06:59:59.999,f80c7281-9203-456d-a70f-6ee01d4aa1db,
63070031,2026-01-04 07:00:00.000,,add8e4f9-a9b9-428b-b497-6c2ef130a6bb.binning_data.json,63070031,2026-01-04 08:11:23.201,2026-01-04 07:11:08.614,UTC-0300,tWUO8ZL77Z,,com.sec.android.app.shealth,2026-01-04 07:59:59.999,add8e4f9-a9b9-428b-b497-6c2ef130a6bb,
63070031,2026-01-04 08:00:00.000,,49b3b71d-cd24-4d99-a12a-7b12f722e811.binning_data.json,63070031,2026-01-04 09:11:38.597,2026-01-04 08:11:23.210,UTC-0300,tWUO8ZL77Z,,com.sec.android.app.shealth,2026-01-04 08:59:59.999,49b3b71d-cd24-4d99-a12a-7b12f722e811,
63070031,2026-01-04 09:00:00.000,,11a1480e-363e-4879-b16b-bd0e53a440dd.binning_data.json,63070031,2026-01-04 10:11:54.111,2026-01-04 09:11:38.620,UTC-0300,tWUO8ZL77Z,,com.sec.android.app.shealth,2026-01-04 09:59:59.999,11a1480e-363e-4879-b16b-bd0e53a440dd,
63070031,2026-01-04 10:00:00.000,,afa88bf6-7b9e-40c1-b0b4-1a7e114ffd83.binning_data.json,63070031,2026-01-04 11:12:09.413,2026-01-04 10:11:54.129,UTC-0300,tWUO8ZL77Z,,com.sec.android.app.shealth,2026-01-04 10:59:59.999,afa88bf6-7b9e-40c1-b0b4-1a7e114ffd83,
63070031,2026-01-04 11:00:00.000,,543bcce9-c5e9-47b0-be73-0ccb57bc2a0c.binning_data.json,63070031,2026-01-04 12:12:23.404,2026-01-04 11:12:09.421,UTC-0300,tWUO8ZL77Z,,com.sec.android.app.shealth,2026-01-04 11:59:59.999,543bcce9-c5e9-47b0-be73-0ccb57bc2a0c,
63070031,2026-01-04 12:00:00.000,,058d4fd5-591e-4881-ab3f-8634cf0de62b.binning_data.json,63070031,2026-01-04 13:12:36.793,2026-01-04 12:12:23.539,UTC-0300,tWUO8ZL77Z,,com.sec.android.app.shealth,2026-01-04 12:59:59.999,058d4fd5-591e-4881-ab3f-8634cf0de62b,
63070031,2026-01-04 13:00:00.000,,c2243e5e-25b4-4cf8-a2c2-cb59ef157842.binning_data.json,63070031,2026-01-04 14:12:49.065,2026-01-04 13:12:36.799,UTC-0300,tWUO8ZL77Z,,com.sec.android.app.shealth,2026-01-04 13:59:59.999,c2243e5e-25b4-4cf8-a2c2-cb59ef157842,
63070031,2026-01-04 14:00:00.000,,998a3be5-1fdb-47f4-bb9d-2e632ccaaea5.binning_data.json,63070031,2026-01-04 15:13:02.051,2026-01-04 14:12:49.092,UTC-0300,tWUO8ZL77Z,,com.sec.android.app.shealth,2026-01-04 14:59:59.999,998a3be5-1fdb-47f4-bb9d-2e632ccaaea5,
63070031,2026-01-04 15:00:00.000,,90b0956c-361f-4a95-9401-0fe798eb069a.binning_data.json,63070031,2026-01-04 16:12:53.276,2026-01-04 15:13:02.064,UTC-0300,tWUO8ZL77Z,,com.sec.android.app.shealth,2026-01-04 15:59:59.999,90b0956c-361f-4a95-9401-0fe798eb069a,
63070031,2026-01-04 16:00:00.000,,7e940e7a-8643-4437-abc4-2f44c705cc26.binning_data.json,63070031,2026-01-04 16:12:53.285,2026-01-04 16:12:53.285,UTC-0300,tWUO8ZL77Z,,com.sec.android.app.shealth,2026-01-04 16:12:59.999,7e940e7a-8643-4437-abc4-2f44c705cc26,
63070031,2026-01-04 17:02:00.000,,c901aa05-28c7-4991-9124-cd7dc1dc4186.binning_data.json,63070031,2026-01-04 18:02:30.134,2026-01-04 17:22:21.264,UTC-0300,tWUO8ZL77Z,,com.sec.android.app.shealth,2026-01-04 17:59:59.999,c901aa05-28c7-4991-9124-cd7dc1dc4186,
63070031,2026-01-04 18:00:00.000,,d60bcd2f-6f08-4914-82d6-e20d1a8de64d.binning_data.json,63070031,2026-01-04 19:02:42.980,2026-01-04 18:02:30.288,UTC-0300,tWUO8ZL77Z,,com.sec.android.app.shealth,2026-01-04 18:59:59.999,d60bcd2f-6f08-4914-82d6-e20d1a8de64d,
63070031,2026-01-04 19:00:00.000,,ca25d072-5c17-44d8-ac58-54dc061b722e.binning_data.json,63070031,2026-01-04 20:02:56.899,2026-01-04 19:02:43.024,UTC-0300,tWUO8ZL77Z,,com.sec.android.app.shealth,2026-01-04 19:59:59.999,ca25d072-5c17-44d8-ac58-54dc061b722e,
63070031,2026-01-04 20:00:00.000,,00b9086b-345c-4c9c-8964-481bb3a588b8.binning_data.json,63070031,2026-01-04 21:03:09.656,2026-01-04 20:02:56.918,UTC-0300,tWUO8ZL77Z,,com.sec.android.app.shealth,2026-01-04 20:59:59.999,00b9086b-345c-4c9c-8964-481bb3a588b8,
63070031,2026-01-04 21:00:00.000,,afea6c7d-10e0-4204-9c69-89b0b6fa7231.binning_data.json,63070031,2026-01-04 22:03:22.978,2026-01-04 21:03:09.673,UTC-0300,tWUO8ZL77Z,,com.sec.android.app.shealth,2026-01-04 21:59:59.999,afea6c7d-10e0-4204-9c69-89b0b6fa7231,
63070031,2026-01-04 22:00:00.000,,6d375b27-e20d-461b-a0b0-2adf4bf3a331.binning_data.json,63070031,2026-01-04 23:03:36.970,2026-01-04 22:03:22.981,UTC-0300,tWUO8ZL77Z,,com.sec.android.app.shealth,2026-01-04 22:59:59.999,6d375b27-e20d-461b-a0b0-2adf4bf3a331,
63070031,2026-01-04 23:00:00.000,,9ba1a4d8-ddb2-48c7-8df9-7b239942cbf2.binning_data.json,63070031,2026-01-05 00:07:26.041,2026-01-04 23:03:36.985,UTC-0300,tWUO8ZL77Z,,com.sec.android.app.shealth,2026-01-04 23:59:59.999,9ba1a4d8-ddb2-48c7-8df9-7b239942cbf2,
63070031,2026-01-05 00:00:00.000,,c1525e33-b50e-4e31-a9f9-98a137ed4832.binning_data.json,63070031,2026-01-05 01:07:38.786,2026-01-05 00:07:26.094,UTC-0300,tWUO8ZL77Z,,com.sec.android.app.shealth,2026-01-05 00:59:59.999,c1525e33-b50e-4e31-a9f9-98a137ed4832,
63070031,2026-01-05 01:00:00.000,,ce06cbdb-2f8a-4d4a-ab0f-140661f9a25c.binning_data.json,63070031,2026-01-05 02:07:52.473,2026-01-05 01:07:38.889,UTC-0300,tWUO8ZL77Z,,com.sec.android.app.shealth,2026-01-05 01:59:59.999,ce06cbdb-2f8a-4d4a-ab0f-140661f9a25c,
63070031,2026-01-05 02:00:00.000,,4742885c-ea14-4145-9de0-0ae4aa83e183.binning_data.json,63070031,2026-01-05 03:08:06.197,2026-01-05 02:07:52.614,UTC-0300,tWUO8ZL77Z,,com.sec.android.app.shealth,2026-01-05 02:59:59.999,4742885c-ea14-4145-9de0-0ae4aa83e183,
63070031,2026-01-05 03:00:00.000,,36796a55-05ed-4e80-88be-7fb48a8f25c0.binning_data.json,63070031,2026-01-05 04:08:21.328,2026-01-05 03:08:06.303,UTC-0300,tWUO8ZL77Z,,com.sec.android.app.shealth,2026-01-05 03:59:59.999,36796a55-05ed-4e80-88be-7fb48a8f25c0,
63070031,2026-01-05 04:00:00.000,,0429d655-8843-4045-982a-55ff14893293.binning_data.json,63070031,2026-01-05 05:08:36.951,2026-01-05 04:08:21.351,UTC-0300,tWUO8ZL77Z,,com.sec.android.app.shealth,2026-01-05 04:59:59.999,0429d655-8843-4045-982a-55ff14893293,
63070031,2026-01-05 05:00:00.000,,8e796a5b-f013-4dcf-9b6e-3ee21accd520.binning_data.json,63070031,2026-01-05 06:08:51.869,2026-01-05 05:08:36.955,UTC-0300,tWUO8ZL77Z,,com.sec.android.app.shealth,2026-01-05 05:59:59.999,8e796a5b-f013-4dcf-9b6e-3ee21accd520,
63070031,2026-01-05 06:00:00.000,,4b437ad1-932f-42c7-a982-1685a9157a03.binning_data.json,63070031,2026-01-05 07:09:08.297,2026-01-05 06:08:51.971,UTC-0300,tWUO8ZL77Z,,com.sec.android.app.shealth,2026-01-05 06:59:59.999,4b437ad1-932f-42c7-a982-1685a9157a03,
63070031,2026-01-05 07:00:00.000,,6c0db395-e34b-4d34-a77d-c746b17efc05.binning_data.json,63070031,2026-01-05 08:09:24.184,2026-01-05 07:09:08.401,UTC-0300,tWUO8ZL77Z,,com.sec.android.app.shealth,2026-01-05 07:59:59.999,6c0db395-e34b-4d34-a77d-c746b17efc05,
63070031,2026-01-05 08:00:00.000,,244f5f32-6876-4198-b4e8-6118d451e07d.binning_data.json,63070031,2026-01-05 09:09:40.009,2026-01-05 08:09:24.329,UTC-0300,tWUO8ZL77Z,,com.sec.android.app.shealth,2026-01-05 08:59:59.999,244f5f32-6876-4198-b4e8-6118d451e07d,
63070031,2026-01-05 09:00:00.000,,f89b5581-0edf-4c5f-b92c-046b24d9009e.binning_data.json,63070031,2026-01-05 10:09:53.686,2026-01-05 09:09:40.013,UTC-0300,tWUO8ZL77Z,,com.sec.android.app.shealth,2026-01-05 09:59:59.999,f89b5581-0edf-4c5f-b92c-046b24d9009e,
63070031,2026-01-05 10:00:00.000,,de75323e-7864-415d-bd5f-4cb2dd59fecc.binning_data.json,63070031,2026-01-05 11:10:06.659,2026-01-05 10:09:53.770,UTC-0300,tWUO8ZL77Z,,com.sec.android.app.shealth,2026-01-05 10:59:59.999,de75323e-7864-415d-bd5f-4cb2dd59fecc,
63070031,2026-01-05 11:00:00.000,,0fab5671-d61c-48c1-9549-7ff9abad8921.binning_data.json,63070031,2026-01-05 12:10:19.524,2026-01-05 11:10:06.664,UTC-0300,tWUO8ZL77Z,,com.sec.android.app.shealth,2026-01-05 11:59:59.999,0fab5671-d61c-48c1-9549-7ff9abad8921,
63070031,2026-01-05 12:00:00.000,,16a13678-2c80-4c12-9f55-1d75e1259adc.binning_data.json,63070031,2026-01-05 13:10:29.976,2026-01-05 12:10:19.534,UTC-0300,tWUO8ZL77Z,,com.sec.android.app.shealth,2026-01-05 12:59:59.999,16a13678-2c80-4c12-9f55-1d75e1259adc,
63070031,2026-01-05 13:00:00.000,,03a532d7-71fa-4793-bca4-0a8d85a73a93.binning_data.json,63070031,2026-01-05 14:10:40.309,2026-01-05 13:10:29.990,UTC-0300,tWUO8ZL77Z,,com.sec.android.app.shealth,2026-01-05 13:59:59.999,03a532d7-71fa-4793-bca4-0a8d85a73a93,
63070031,2026-01-05 14:00:00.000,,f27dceba-c867-4510-a903-d45d2f54b4a6.binning_data.json,63070031,2026-01-05 15:10:50.294,2026-01-05 14:10:40.314,UTC-0300,tWUO8ZL77Z,,com.sec.android.app.shealth,2026-01-05 14:59:59.999,f27dceba-c867-4510-a903-d45d2f54b4a6,
63070031,2026-01-05 15:00:00.000,,67084bbf-8938-41ba-bc84-f6c85560c38c.binning_data.json,63070031,2026-01-05 15:49:20.312,2026-01-05 15:10:50.305,UTC-0300,tWUO8ZL77Z,,com.sec.android.app.shealth,2026-01-05 15:50:59.999,67084bbf-8938-41ba-bc84-f6c85560c38c,
63070031,2026-01-05 16:53:00.000,,6d90bf43-a50c-4e41-8d5e-6172b5d5ef05.binning_data.json,63070031,2026-01-05 17:13:03.782,2026-01-05 17:13:03.782,UTC-0300,tWUO8ZL77Z,,com.sec.android.app.shealth,2026-01-05 16:59:59.999,6d90bf43-a50c-4e41-8d5e-6172b5d5ef05,
63070031,2026-01-05 17:00:00.000,,9de72cbf-a398-4e8a-8309-4ecb2fe0e0f7.binning_data.json,63070031,2026-01-05 18:13:13.469,2026-01-05 17:13:03.795,UTC-0300,tWUO8ZL77Z,,com.sec.android.app.shealth,2026-01-05 17:59:59.999,9de72cbf-a398-4e8a-8309-4ecb2fe0e0f7,
63070031,2026-01-05 18:00:00.000,,a8695664-0d2a-4aae-aba8-7ac7d2bfee2e.binning_data.json,63070031,2026-01-05 19:13:22.962,2026-01-05 18:13:13.476,UTC-0300,tWUO8ZL77Z,,com.sec.android.app.shealth,2026-01-05 18:59:59.999,a8695664-0d2a-4aae-aba8-7ac7d2bfee2e,
63070031,2026-01-05 19:00:00.000,,cb9091b3-dd1f-471c-9ae5-531e338bd1c9.binning_data.json,63070031,2026-01-05 20:13:33.878,2026-01-05 19:13:22.976,UTC-0300,tWUO8ZL77Z,,com.sec.android.app.shealth,2026-01-05 19:59:59.999,cb9091b3-dd1f-471c-9ae5-531e338bd1c9,
63070031,2026-01-05 20:00:00.000,,74f7ba0a-c9e7-4954-8c51-9ab8bfe7ec7f.binning_data.json,63070031,2026-01-05 21:13:44.513,2026-01-05 20:13:34.005,UTC-0300,tWUO8ZL77Z,,com.sec.android.app.shealth,2026-01-05 20:59:59.999,74f7ba0a-c9e7-4954-8c51-9ab8bfe7ec7f,
63070031,2026-01-05 21:00:00.000,,dd7ebdba-5fff-471d-b38f-b7b064fdbcc7.binning_data.json,63070031,2026-01-05 22:13:55.105,2026-01-05 21:13:44.616,UTC-0300,tWUO8ZL77Z,,com.sec.android.app.shealth,2026-01-05 21:59:59.999,dd7ebdba-5fff-471d-b38f-b7b064fdbcc7,
63070031,2026-01-05 22:00:00.000,,9594d822-fd85-4e36-8db4-9d7f066455f6.binning_data.json,63070031,2026-01-05 23:14:05.638,2026-01-05 22:13:55.194,UTC-0300,tWUO8ZL77Z,,com.sec.android.app.shealth,2026-01-05 22:59:59.999,9594d822-fd85-4e36-8db4-9d7f066455f6,
63070031,2026-01-05 23:00:00.000,,de876d1a-7170-4ad5-b819-803214cb025e.binning_data.json,63070031,2026-01-06 00:14:16.022,2026-01-05 23:14:05.719,UTC-0300,tWUO8ZL77Z,,com.sec.android.app.shealth,2026-01-05 23:59:59.999,de876d1a-7170-4ad5-b819-803214cb025e,
63070031,2026-01-06 00:00:00.000,,43a810dd-65d9-48e5-bd63-3f5a875b7195.binning_data.json,63070031,2026-01-06 01:13:29.293,2026-01-06 00:14:16.030,UTC-0300,tWUO8ZL77Z,,com.sec.android.app.shealth,2026-01-06 00:59:59.999,43a810dd-65d9-48e5-bd63-3f5a875b7195,
63070031,2026-01-06 01:00:00.000,,642acee4-3373-459c-8df4-46fc27c84223.binning_data.json,63070031,2026-01-06 02:13:40.108,2026-01-06 01:13:29.308,UTC-0300,tWUO8ZL77Z,,com.sec.android.app.shealth,2026-01-06 01:59:59.999,642acee4-3373-459c-8df4-46fc27c84223,
63070031,2026-01-06 02:00:00.000,,be57c73e-9212-42ec-a504-c7341b8a155e.binning_data.json,63070031,2026-01-06 03:13:45.838,2026-01-06 02:13:40.255,UTC-0300,tWUO8ZL77Z,,com.sec.android.app.shealth,2026-01-06 02:59:59.999,be57c73e-9212-42ec-a504-c7341b8a155e,
63070031,2026-01-06 03:00:00.000,,40060135-75de-41cb-924f-df62dd0f0795.binning_data.json,63070031,2026-01-06 04:13:54.950,2026-01-06 03:13:45.851,UTC-0300,tWUO8ZL77Z,,com.sec.android.app.shealth,2026-01-06 03:59:59.999,40060135-75de-41cb-924f-df62dd0f0795,
63070031,2026-01-06 04:00:00.000,,87564619-0abc-431e-954c-39ab6b438a01.binning_data.json,63070031,2026-01-06 05:14:05.480,2026-01-06 04:13:54.963,UTC-0300,tWUO8ZL77Z,,com.sec.android.app.shealth,2026-01-06 04:59:59.999,87564619-0abc-431e-954c-39ab6b438a01,
63070031,2026-01-06 05:00:00.000,,08377cb3-dc79-40f2-b739-56f930c7dad0.binning_data.json,63070031,2026-01-06 06:14:16.620,2026-01-06 05:14:05.580,UTC-0300,tWUO8ZL77Z,,com.sec.android.app.shealth,2026-01-06 05:59:59.999,08377cb3-dc79-40f2-b739-56f930c7dad0,
63070031,2026-01-06 06:00:00.000,,c0c49edc-98c7-4b31-99c6-15ef8cf73d6a.binning_data.json,63070031,2026-01-06 07:14:25.685,2026-01-06 06:14:16.790,UTC-0300,tWUO8ZL77Z,,com.sec.android.app.shealth,2026-01-06 06:59:59.999,c0c49edc-98c7-4b31-99c6-15ef8cf73d6a,
63070031,2026-01-06 07:00:00.000,,1bfc3c4a-ffab-47f8-a49c-9b191274a3f7.binning_data.json,63070031,2026-01-06 08:14:36.328,2026-01-06 07:14:25.696,UTC-0300,tWUO8ZL77Z,,com.sec.android.app.shealth,2026-01-06 07:59:59.999,1bfc3c4a-ffab-47f8-a49c-9b191274a3f7,
63070031,2026-01-06 08:00:00.000,,6a943362-9f00-4744-b902-cef924d40cb2.binning_data.json,63070031,2026-01-06 09:09:57.338,2026-01-06 08:14:36.333,UTC-0300,tWUO8ZL77Z,,com.sec.android.app.shealth,2026-01-06 08:59:59.999,6a943362-9f00-4744-b902-cef924d40cb2,
63070031,2026-01-06 09:00:00.000,,36eb7471-a296-43f9-93d7-af76d8776f46.binning_data.json,63070031,2026-01-06 09:09:57.390,2026-01-06 09:09:57.390,UTC-0300,tWUO8ZL77Z,,com.sec.android.app.shealth,2026-01-06 09:13:59.999,36eb7471-a296-43f9-93d7-af76d8776f46,
63070031,2026-01-06 10:40:00.000,,16a40c70-a6eb-40cd-94b5-8c94ea83970f.binning_data.json,63070031,2026-01-06 11:00:09.665,2026-01-06 11:00:09.665,UTC-0300,tWUO8ZL77Z,,com.sec.android.app.shealth,2026-01-06 10:59:59.999,16a40c70-a6eb-40cd-94b5-8c94ea83970f,
63070031,2026-01-06 11:00:00.000,,8249b79a-a6ca-4e07-b2e0-095668787dea.binning_data.json,63070031,2026-01-06 12:00:18.911,2026-01-06 11:20:12.707,UTC-0300,tWUO8ZL77Z,,com.sec.android.app.shealth,2026-01-06 11:59:59.999,8249b79a-a6ca-4e07-b2e0-095668787dea,
63070031,2026-01-06 12:00:00.000,,efa6b46f-2fce-4e6e-9354-68e83bc62b97.binning_data.json,63070031,2026-01-06 13:00:29.547,2026-01-06 12:20:21.953,UTC-0300,tWUO8ZL77Z,,com.sec.android.app.shealth,2026-01-06 12:59:59.999,efa6b46f-2fce-4e6e-9354-68e83bc62b97,
63070031,2026-01-06 13:00:00.000,,bc4cdb22-e969-47aa-9fdc-ef665f68e08d.binning_data.json,63070031,2026-01-06 14:00:39.789,2026-01-06 13:20:32.705,UTC-0300,tWUO8ZL77Z,,com.sec.android.app.shealth,2026-01-06 13:59:59.999,bc4cdb22-e969-47aa-9fdc-ef665f68e08d,
63070031,2026-01-06 14:00:00.000,,ba686b70-96f1-4e4c-bf4b-5af894a06722.binning_data.json,63070031,2026-01-06 15:00:48.633,2026-01-06 14:20:42.829,UTC-0300,tWUO8ZL77Z,,com.sec.android.app.shealth,2026-01-06 14:59:59.999,ba686b70-96f1-4e4c-bf4b-5af894a06722,
63070031,2026-01-06 15:00:00.000,,1bb2c73f-1d51-4e2f-a9a7-d39a6fd8ef3d.binning_data.json,63070031,2026-01-06 16:00:59.719,2026-01-06 15:20:51.952,UTC-0300,tWUO8ZL77Z,,com.sec.android.app.shealth,2026-01-06 15:59:59.999,1bb2c73f-1d51-4e2f-a9a7-d39a6fd8ef3d,
63070031,2026-01-06 16:01:00.000,,9a148657-d95d-460e-bd8a-550b69605a4e.binning_data.json,63070031,2026-01-06 17:01:10.837,2026-01-06 16:21:03.841,UTC-0300,tWUO8ZL77Z,,com.sec.android.app.shealth,2026-01-06 16:59:59.999,9a148657-d95d-460e-bd8a-550b69605a4e,
63070031,2026-01-06 17:00:00.000,,963acb1b-9148-402a-a1ee-0b6e0ec5d303.binning_data.json,63070031,2026-01-06 18:01:20.868,2026-01-06 17:01:10.853,UTC-0300,tWUO8ZL77Z,,com.sec.android.app.shealth,2026-01-06 17:59:59.999,963acb1b-9148-402a-a1ee-0b6e0ec5d303,
63070031,2026-01-06 18:00:00.000,,9e4d4120-d84b-4bcb-9037-e1fbda681eb9.binning_data.json,63070031,2026-01-06 19:01:26.554,2026-01-06 18:01:20.949,UTC-0300,tWUO8ZL77Z,,com.sec.android.app.shealth,2026-01-06 18:59:59.999,9e4d4120-d84b-4bcb-9037-e1fbda681eb9,
63070031,2026-01-06 19:00:00.000,,9a7d1258-3fed-40ec-8748-e902d3131fb8.binning_data.json,63070031,2026-01-06 20:01:35.646,2026-01-06 19:01:26.714,UTC-0300,tWUO8ZL77Z,,com.sec.android.app.shealth,2026-01-06 19:59:59.999,9a7d1258-3fed-40ec-8748-e902d3131fb8,
63070031,2026-01-06 20:00:00.000,,e030ff61-8bd0-4208-8aa7-d0bd8f85d641.binning_data.json,63070031,2026-01-06 21:01:45.066,2026-01-06 20:01:35.653,UTC-0300,tWUO8ZL77Z,,com.sec.android.app.shealth,2026-01-06 20:59:59.999,e030ff61-8bd0-4208-8aa7-d0bd8f85d641,
63070031,2026-01-06 21:00:00.000,,1aeb97bb-3e7f-498f-94cb-e151f839b9d1.binning_data.json,63070031,2026-01-06 22:01:55.290,2026-01-06 21:01:45.115,UTC-0300,tWUO8ZL77Z,,com.sec.android.app.shealth,2026-01-06 21:59:59.999,1aeb97bb-3e7f-498f-94cb-e151f839b9d1,
63070031,2026-01-06 22:00:00.000,,b0dfbaf9-8fa7-43fe-88b9-696d71408d13.binning_data.json,63070031,2026-01-06 23:02:06.303,2026-01-06 22:01:55.311,UTC-0300,tWUO8ZL77Z,,com.sec.android.app.shealth,2026-01-06 22:59:59.999,b0dfbaf9-8fa7-43fe-88b9-696d71408d13,
63070031,2026-01-06 23:00:00.000,,b9ccec1f-0bfd-4a9d-b56c-a91cf6babd33.binning_data.json,63070031,2026-01-06 23:04:24.496,2026-01-06 23:02:06.357,UTC-0300,tWUO8ZL77Z,,com.sec.android.app.shealth,2026-01-06 23:21:59.999,b9ccec1f-0bfd-4a9d-b56c-a91cf6babd33,
63070031,2026-01-07 00:09:00.000,,4778a191-c81a-4d10-9dd2-bcbd362e3ad0.binning_data.json,63070031,2026-01-07 00:10:36.476,2026-01-07 00:10:36.476,UTC-0300,tWUO8ZL77Z,,com.sec.android.app.shealth,2026-01-07 00:28:59.999,4778a191-c81a-4d10-9dd2-bcbd362e3ad0,
63070031,2026-01-07 01:34:00.000,,0c226cb2-906b-4408-b545-c1141abf475b.binning_data.json,63070031,2026-01-07 02:14:43.608,2026-01-07 01:54:39.964,UTC-0300,tWUO8ZL77Z,,com.sec.android.app.shealth,2026-01-07 01:59:59.999,0c226cb2-906b-4408-b545-c1141abf475b,
63070031,2026-01-07 02:00:00.000,,3da14f47-6338-4104-a3a0-4de7dec40ed9.binning_data.json,63070031,2026-01-07 03:14:55.716,2026-01-07 02:14:43.614,UTC-0300,tWUO8ZL77Z,,com.sec.android.app.shealth,2026-01-07 02:59:59.999,3da14f47-6338-4104-a3a0-4de7dec40ed9,
63070031,2026-01-07 03:00:00.000,,79ee658d-d360-4507-a3a4-a7a0a7acf262.binning_data.json,63070031,2026-01-07 04:15:07.744,2026-01-07 03:14:55.722,UTC-0300,tWUO8ZL77Z,,com.sec.android.app.shealth,2026-01-07 03:59:59.999,79ee658d-d360-4507-a3a4-a7a0a7acf262,
63070031,2026-01-07 04:00:00.000,,c6439445-a539-46c3-b914-a6bdd5ee1a7b.binning_data.json,63070031,2026-01-07 05:15:18.873,2026-01-07 04:15:07.750,UTC-0300,tWUO8ZL77Z,,com.sec.android.app.shealth,2026-01-07 04:59:59.999,c6439445-a539-46c3-b914-a6bdd5ee1a7b,
63070031,2026-01-07 05:00:00.000,,5f84d889-925c-4e3a-b56d-a853a4bd1854.binning_data.json,63070031,2026-01-07 06:15:30.824,2026-01-07 05:15:18.881,UTC-0300,tWUO8ZL77Z,,com.sec.android.app.shealth,2026-01-07 05:59:59.999,5f84d889-925c-4e3a-b56d-a853a4bd1854,
63070031,2026-01-07 06:00:00.000,,a9640320-099b-4c27-89b8-0950cb2eb33d.binning_data.json,63070031,2026-01-07 07:15:39.561,2026-01-07 06:15:30.844,UTC-0300,tWUO8ZL77Z,,com.sec.android.app.shealth,2026-01-07 06:59:59.999,a9640320-099b-4c27-89b8-0950cb2eb33d,
63070031,2026-01-07 07:00:00.000,,e41285b2-5ea3-4c01-9e46-e22d9b4b5231.binning_data.json,63070031,2026-01-07 08:15:49.276,2026-01-07 07:15:39.587,UTC-0300,tWUO8ZL77Z,,com.sec.android.app.shealth,2026-01-07 07:59:59.999,e41285b2-5ea3-4c01-9e46-e22d9b4b5231,
63070031,2026-01-07 08:00:00.000,,b8de66ee-60a8-4b0a-9db4-a561a4021e72.binning_data.json,63070031,2026-01-07 09:15:59.133,2026-01-07 08:15:49.285,UTC-0300,tWUO8ZL77Z,,com.sec.android.app.shealth,2026-01-07 08:59:59.999,b8de66ee-60a8-4b0a-9db4-a561a4021e72,
63070031,2026-01-07 09:00:00.000,,e19879e0-e215-4012-a372-871efb393abb.binning_data.json,63070031,2026-01-07 10:16:08.035,2026-01-07 09:15:59.148,UTC-0300,tWUO8ZL77Z,,com.sec.android.app.shealth,2026-01-07 09:59:59.999,e19879e0-e215-4012-a372-871efb393abb,
63070031,2026-01-07 10:00:00.000,,fa551ffb-e212-4fa2-a5e8-ade02fe68ba0.binning_data.json,63070031,2026-01-07 11:16:17.779,2026-01-07 10:16:08.052,UTC-0300,tWUO8ZL77Z,,com.sec.android.app.shealth,2026-01-07 10:59:59.999,fa551ffb-e212-4fa2-a5e8-ade02fe68ba0,
63070031,2026-01-07 11:00:00.000,,fbf186a6-33fd-4a1a-be10-697ced2172fa.binning_data.json,63070031,2026-01-07 12:16:28.015,2026-01-07 11:16:17.868,UTC-0300,tWUO8ZL77Z,,com.sec.android.app.shealth,2026-01-07 11:59:59.999,fbf186a6-33fd-4a1a-be10-697ced2172fa,
63070031,2026-01-07 12:00:00.000,,c2d36463-db08-4348-998f-2031d5c626f6.binning_data.json,63070031,2026-01-07 13:16:39.420,2026-01-07 12:16:28.164,UTC-0300,tWUO8ZL77Z,,com.sec.android.app.shealth,2026-01-07 12:59:59.999,c2d36463-db08-4348-998f-2031d5c626f6,
63070031,2026-01-07 13:00:00.000,,2c915dae-62a3-4a7c-b25b-a76c04ff1a94.binning_data.json,63070031,2026-01-07 14:16:51.916,2026-01-07 13:16:39.484,UTC-0300,tWUO8ZL77Z,,com.sec.android.app.shealth,2026-01-07 13:59:59.999,2c915dae-62a3-4a7c-b25b-a76c04ff1a94,
63070031,2026-01-07 14:00:00.000,,0a1f723d-66fb-4817-b1ed-fc16019c4d03.binning_data.json,63070031,2026-01-07 15:17:04.421,2026-01-07 14:16:51.926,UTC-0300,tWUO8ZL77Z,,com.sec.android.app.shealth,2026-01-07 14:59:59.999,0a1f723d-66fb-4817-b1ed-fc16019c4d03,
63070031,2026-01-07 15:00:00.000,,d182f170-3eb0-4b41-a024-cb75ee7ac104.binning_data.json,63070031,2026-01-07 16:17:16.649,2026-01-07 15:17:04.433,UTC-0300,tWUO8ZL77Z,,com.sec.android.app.shealth,2026-01-07 15:59:59.999,d182f170-3eb0-4b41-a024-cb75ee7ac104,
63070031,2026-01-07 16:00:00.000,,bb1b2481-17de-439a-ac71-4651b7b6f3c8.binning_data.json,63070031,2026-01-07 17:17:29.263,2026-01-07 16:17:16.734,UTC-0300,tWUO8ZL77Z,,com.sec.android.app.shealth,2026-01-07 16:59:59.999,bb1b2481-17de-439a-ac71-4651b7b6f3c8,
63070031,2026-01-07 17:00:00.000,,2c1d1840-f013-4c3e-a888-560cbebec596.binning_data.json,63070031,2026-01-07 18:17:41.033,2026-01-07 17:17:29.363,UTC-0300,tWUO8ZL77Z,,com.sec.android.app.shealth,2026-01-07 17:59:59.999,2c1d1840-f013-4c3e-a888-560cbebec596,
63070031,2026-01-07 18:00:00.000,,ec470963-78ac-42df-be36-4b9cdf2acbcf.binning_data.json,63070031,2026-01-07 19:17:53.057,2026-01-07 18:17:41.135,UTC-0300,tWUO8ZL77Z,,com.sec.android.app.shealth,2026-01-07 18:59:59.999,ec470963-78ac-42df-be36-4b9cdf2acbcf,
63070031,2026-01-07 19:00:00.000,,a851ebea-9b90-4885-b56d-1a6410184669.binning_data.json,63070031,2026-01-07 20:18:04.699,2026-01-07 19:17:53.077,UTC-0300,tWUO8ZL77Z,,com.sec.android.app.shealth,2026-01-07 19:59:59.999,a851ebea-9b90-4885-b56d-1a6410184669,
63070031,2026-01-07 20:00:00.000,,619e6a07-11fa-4d33-93e7-0693fe0a73de.binning_data.json,63070031,2026-01-07 21:18:16.566,2026-01-07 20:18:04.786,UTC-0300,tWUO8ZL77Z,,com.sec.android.app.shealth,2026-01-07 20:59:59.999,619e6a07-11fa-4d33-93e7-0693fe0a73de,
63070031,2026-01-07 21:00:00.000,,90b5c9dc-dae7-45bd-a4d0-9b91805d0c71.binning_data.json,63070031,2026-01-07 22:18:29.555,2026-01-07 21:18:16.574,UTC-0300,tWUO8ZL77Z,,com.sec.android.app.shealth,2026-01-07 21:59:59.999,90b5c9dc-dae7-45bd-a4d0-9b91805d0c71,
63070031,2026-01-07 22:00:00.000,,5d9239b8-c82c-4ba5-927d-1a8d12eb20c6.binning_data.json,63070031,2026-01-07 23:18:41.719,2026-01-07 22:18:29.562,UTC-0300,tWUO8ZL77Z,,com.sec.android.app.shealth,2026-01-07 22:59:59.999,5d9239b8-c82c-4ba5-927d-1a8d12eb20c6,
63070031,2026-01-07 23:00:00.000,,336ff8dd-1cea-4d44-aac0-919e4aff4768.binning_data.json,63070031,2026-01-07 23:21:21.328,2026-01-07 23:18:41.743,UTC-0300,tWUO8ZL77Z,,com.sec.android.app.shealth,2026-01-07 23:38:59.999,336ff8dd-1cea-4d44-aac0-919e4aff4768,
63070031,2026-01-08 00:31:00.000,,704ae058-17b1-40db-a35b-6ef2cc0baac7.binning_data.json,63070031,2026-01-08 01:00:13.540,2026-01-08 00:32:41.358,UTC-0300,tWUO8ZL77Z,,com.sec.android.app.shealth,2026-01-08 00:59:59.999,704ae058-17b1-40db-a35b-6ef2cc0baac7,
63070031,2026-01-08 01:00:00.000,,958e85a9-95eb-4438-b5d1-95cec9f8e686.binning_data.json,63070031,2026-01-08 02:00:25.015,2026-01-08 01:20:17.075,UTC-0300,tWUO8ZL77Z,,com.sec.android.app.shealth,2026-01-08 01:59:59.999,958e85a9-95eb-4438-b5d1-95cec9f8e686,
63070031,2026-01-08 02:00:00.000,,aea78242-eae9-4ae4-b577-6f5664152a04.binning_data.json,63070031,2026-01-08 03:00:36.222,2026-01-08 02:20:28.636,UTC-0300,tWUO8ZL77Z,,com.sec.android.app.shealth,2026-01-08 02:59:59.999,aea78242-eae9-4ae4-b577-6f5664152a04,
63070031,2026-01-08 03:00:00.000,,d8163c52-2710-4eff-b982-184b02ca33a3.binning_data.json,63070031,2026-01-08 04:00:46.684,2026-01-08 03:20:40.081,UTC-0300,tWUO8ZL77Z,,com.sec.android.app.shealth,2026-01-08 03:59:59.999,d8163c52-2710-4eff-b982-184b02ca33a3,
63070031,2026-01-08 04:00:00.000,,aaf177a7-e662-4d93-9002-3ea48ffec108.binning_data.json,63070031,2026-01-08 05:00:57.977,2026-01-08 04:20:50.283,UTC-0300,tWUO8ZL77Z,,com.sec.android.app.shealth,2026-01-08 04:59:59.999,aaf177a7-e662-4d93-9002-3ea48ffec108,
63070031,2026-01-08 05:01:00.000,,dbb83da5-dd64-46be-958f-e644fc9f56ee.binning_data.json,63070031,2026-01-08 06:01:07.840,2026-01-08 05:21:01.258,UTC-0300,tWUO8ZL77Z,,com.sec.android.app.shealth,2026-01-08 05:59:59.999,dbb83da5-dd64-46be-958f-e644fc9f56ee,
63070031,2026-01-08 06:00:00.000,,1ecc72bc-4cff-4dc5-87db-11df84fb02ed.binning_data.json,63070031,2026-01-08 07:01:17.147,2026-01-08 06:01:07.844,UTC-0300,tWUO8ZL77Z,,com.sec.android.app.shealth,2026-01-08 06:59:59.999,1ecc72bc-4cff-4dc5-87db-11df84fb02ed,
63070031,2026-01-08 07:00:00.000,,5a840020-99b6-472c-ae48-dc9598c76bf9.binning_data.json,63070031,2026-01-08 08:01:26.574,2026-01-08 07:01:17.152,UTC-0300,tWUO8ZL77Z,,com.sec.android.app.shealth,2026-01-08 07:59:59.999,5a840020-99b6-472c-ae48-dc9598c76bf9,
63070031,2026-01-08 08:00:00.000,,290ad10e-6a00-435b-859a-f3dd0787f5ab.binning_data.json,63070031,2026-01-08 09:01:36.418,2026-01-08 08:01:26.584,UTC-0300,tWUO8ZL77Z,,com.sec.android.app.shealth,2026-01-08 08:59:59.999,290ad10e-6a00-435b-859a-f3dd0787f5ab,
63070031,2026-01-08 09:00:00.000,,69ea0856-6220-4e91-bf1b-e844eb8d1b36.binning_data.json,63070031,2026-01-08 10:01:48.067,2026-01-08 09:01:36.424,UTC-0300,tWUO8ZL77Z,,com.sec.android.app.shealth,2026-01-08 09:59:59.999,69ea0856-6220-4e91-bf1b-e844eb8d1b36,
63070031,2026-01-08 10:00:00.000,,c9d88fb5-27ed-40a8-964b-1757ead897d6.binning_data.json,63070031,2026-01-08 11:01:58.689,2026-01-08 10:01:48.080,UTC-0300,tWUO8ZL77Z,,com.sec.android.app.shealth,2026-01-08 10:59:59.999,c9d88fb5-27ed-40a8-964b-1757ead897d6,
63070031,2026-01-08 11:00:00.000,,9b3d230d-d425-464b-adba-0c521882cef2.binning_data.json,63070031,2026-01-08 12:02:10.763,2026-01-08 11:01:58.773,UTC-0300,tWUO8ZL77Z,,com.sec.android.app.shealth,2026-01-08 11:59:59.999,9b3d230d-d425-464b-adba-0c521882cef2,
63070031,2026-01-08 12:00:00.000,,7b926bf3-bcc1-43b5-86c5-ee897f2b8300.binning_data.json,63070031,2026-01-08 13:02:21.089,2026-01-08 12:02:10.769,UTC-0300,tWUO8ZL77Z,,com.sec.android.app.shealth,2026-01-08 12:59:59.999,7b926bf3-bcc1-43b5-86c5-ee897f2b8300,
63070031,2026-01-08 13:00:00.000,,b08906ad-3157-4ecf-a9fd-cf2419aa2760.binning_data.json,63070031,2026-01-08 14:02:31.738,2026-01-08 13:02:21.200,UTC-0300,tWUO8ZL77Z,,com.sec.android.app.shealth,2026-01-08 13:59:59.999,b08906ad-3157-4ecf-a9fd-cf2419aa2760,
63070031,2026-01-08 14:00:00.000,,85ee824a-d947-4625-8276-3ec10445e366.binning_data.json,63070031,2026-01-08 15:02:43.063,2026-01-08 14:02:31.754,UTC-0300,tWUO8ZL77Z,,com.sec.android.app.shealth,2026-01-08 14:59:59.999,85ee824a-d947-4625-8276-3ec10445e366,
63070031,2026-01-08 15:00:00.000,,279c5c78-f3c1-41e9-8990-c77a212d68ed.binning_data.json,63070031,2026-01-08 16:02:55.313,2026-01-08 15:02:43.083,UTC-0300,tWUO8ZL77Z,,com.sec.android.app.shealth,2026-01-08 15:59:59.999,279c5c78-f3c1-41e9-8990-c77a212d68ed,
63070031,2026-01-08 16:00:00.000,,f9de2b67-386a-45b9-a24d-555ce1cd0333.binning_data.json,63070031,2026-01-08 17:03:07.286,2026-01-08 16:02:55.319,UTC-0300,tWUO8ZL77Z,,com.sec.android.app.shealth,2026-01-08 16:59:59.999,f9de2b67-386a-45b9-a24d-555ce1cd0333,
63070031,2026-01-08 17:00:00.000,,ddff1941-d839-4e95-95f7-dc84173eb958.binning_data.json,63070031,2026-01-08 18:03:18.782,2026-01-08 17:03:07.291,UTC-0300,tWUO8ZL77Z,,com.sec.android.app.shealth,2026-01-08 17:59:59.999,ddff1941-d839-4e95-95f7-dc84173eb958,
63070031,2026-01-08 18:00:00.000,,defd85b8-7d29-430d-ad40-c51d7e511880.binning_data.json,63070031,2026-01-08 19:03:30.157,2026-01-08 18:03:18.788,UTC-0300,tWUO8ZL77Z,,com.sec.android.app.shealth,2026-01-08 18:59:59.999,defd85b8-7d29-430d-ad40-c51d7e511880,
63070031,2026-01-08 19:00:00.000,,a726cda0-d031-45c0-a1a8-e5c681140933.binning_data.json,63070031,2026-01-08 20:03:40.390,2026-01-08 19:03:30.167,UTC-0300,tWUO8ZL77Z,,com.sec.android.app.shealth,2026-01-08 19:59:59.999,a726cda0-d031-45c0-a1a8-e5c681140933,
63070031,2026-01-08 20:00:00.000,,9ae438ed-1b2d-4459-9bb2-cd77f710492c.binning_data.json,63070031,2026-01-08 21:03:49.800,2026-01-08 20:03:40.530,UTC-0300,tWUO8ZL77Z,,com.sec.android.app.shealth,2026-01-08 20:59:59.999,9ae438ed-1b2d-4459-9bb2-cd77f710492c,
63070031,2026-01-08 21:00:00.000,,c2ef7c73-c241-469d-8cef-878c36130ca8.binning_data.json,63070031,2026-01-08 21:32:47.016,2026-01-08 21:03:49.867,UTC-0300,tWUO8ZL77Z,,com.sec.android.app.shealth,2026-01-08 21:43:59.999,c2ef7c73-c241-469d-8cef-878c36130ca8,
63070031,2026-01-09 00:26:00.000,,01fce59a-5cca-4560-b458-dfcc96e34a3c.binning_data.json,63070031,2026-01-09 01:06:41.064,2026-01-09 00:46:36.947,UTC-0300,tWUO8ZL77Z,,com.sec.android.app.shealth,2026-01-09 00:59:59.999,01fce59a-5cca-4560-b458-dfcc96e34a3c,
63070031,2026-01-09 01:00:00.000,,948cff6b-b644-4df7-9758-d65b9ccf3593.binning_data.json,63070031,2026-01-09 02:06:50.948,2026-01-09 01:06:41.068,UTC-0300,tWUO8ZL77Z,,com.sec.android.app.shealth,2026-01-09 01:59:59.999,948cff6b-b644-4df7-9758-d65b9ccf3593,
63070031,2026-01-09 02:00:00.000,,65376bbe-32d0-4b51-bc08-befd4e5ce5d6.binning_data.json,63070031,2026-01-09 03:07:02.534,2026-01-09 02:06:50.954,UTC-0300,tWUO8ZL77Z,,com.sec.android.app.shealth,2026-01-09 02:59:59.999,65376bbe-32d0-4b51-bc08-befd4e5ce5d6,
63070031,2026-01-09 03:00:00.000,,210ec23a-a256-49db-843c-053412e9df95.binning_data.json,63070031,2026-01-09 04:07:11.908,2026-01-09 03:07:02.540,UTC-0300,tWUO8ZL77Z,,com.sec.android.app.shealth,2026-01-09 03:59:59.999,210ec23a-a256-49db-843c-053412e9df95,
63070031,2026-01-09 04:00:00.000,,561f55f4-2ce7-455e-9567-6d52f42ca2dc.binning_data.json,63070031,2026-01-09 05:07:21.520,2026-01-09 04:07:11.926,UTC-0300,tWUO8ZL77Z,,com.sec.android.app.shealth,2026-01-09 04:59:59.999,561f55f4-2ce7-455e-9567-6d52f42ca2dc,
63070031,2026-01-09 05:00:00.000,,84bd715d-3789-432e-a21e-012bf98a1896.binning_data.json,63070031,2026-01-09 06:07:30.975,2026-01-09 05:07:21.602,UTC-0300,tWUO8ZL77Z,,com.sec.android.app.shealth,2026-01-09 05:59:59.999,84bd715d-3789-432e-a21e-012bf98a1896,
63070031,2026-01-09 06:00:00.000,,6e72ef86-3dfa-4652-a0dd-a4f592b3f35d.binning_data.json,63070031,2026-01-09 07:07:37.182,2026-01-09 06:07:30.997,UTC-0300,tWUO8ZL77Z,,com.sec.android.app.shealth,2026-01-09 06:59:59.999,6e72ef86-3dfa-4652-a0dd-a4f592b3f35d,
63070031,2026-01-09 07:00:00.000,,946ec1fa-c5d8-437e-ae66-d7f8a8e2c04f.binning_data.json,63070031,2026-01-09 08:07:46.840,2026-01-09 07:07:37.281,UTC-0300,tWUO8ZL77Z,,com.sec.android.app.shealth,2026-01-09 07:59:59.999,946ec1fa-c5d8-437e-ae66-d7f8a8e2c04f,
63070031,2026-01-09 08:00:00.000,,c1fa3707-4f54-4c36-a3d7-a7caf112fbba.binning_data.json,63070031,2026-01-09 09:07:58.456,2026-01-09 08:07:46.845,UTC-0300,tWUO8ZL77Z,,com.sec.android.app.shealth,2026-01-09 08:59:59.999,c1fa3707-4f54-4c36-a3d7-a7caf112fbba,
63070031,2026-01-09 09:00:00.000,,1ee51f30-621c-4122-b604-d0108940e259.binning_data.json,63070031,2026-01-09 10:08:11.652,2026-01-09 09:07:58.471,UTC-0300,tWUO8ZL77Z,,com.sec.android.app.shealth,2026-01-09 09:59:59.999,1ee51f30-621c-4122-b604-d0108940e259,
63070031,2026-01-09 10:00:00.000,,a304f757-7de4-475d-a6ed-3e64ac589e2a.binning_data.json,63070031,2026-01-09 11:08:22.579,2026-01-09 10:08:11.657,UTC-0300,tWUO8ZL77Z,,com.sec.android.app.shealth,2026-01-09 10:59:59.999,a304f757-7de4-475d-a6ed-3e64ac589e2a,
63070031,2026-01-09 11:00:00.000,,41c7015f-c769-4466-83e8-d1059e4eeb0c.binning_data.json,63070031,2026-01-09 12:08:33.839,2026-01-09 11:08:22.587,UTC-0300,tWUO8ZL77Z,,com.sec.android.app.shealth,2026-01-09 11:59:59.999,41c7015f-c769-4466-83e8-d1059e4eeb0c,
63070031,2026-01-09 12:00:00.000,,2ada4a03-b417-4412-92f8-be548a4396b1.binning_data.json,63070031,2026-01-09 13:08:45.891,2026-01-09 12:08:33.854,UTC-0300,tWUO8ZL77Z,,com.sec.android.app.shealth,2026-01-09 12:59:59.999,2ada4a03-b417-4412-92f8-be548a4396b1,
63070031,2026-01-09 13:00:00.000,,273385d7-9b76-4557-994f-3344fc81ad0e.binning_data.json,63070031,2026-01-09 14:08:57.750,2026-01-09 13:08:45.922,UTC-0300,tWUO8ZL77Z,,com.sec.android.app.shealth,2026-01-09 13:59:59.999,273385d7-9b76-4557-994f-3344fc81ad0e,
63070031,2026-01-09 14:00:00.000,,44546d5c-7244-4ff1-8790-39966bc75a4d.binning_data.json,63070031,2026-01-09 15:09:08.953,2026-01-09 14:08:57.766,UTC-0300,tWUO8ZL77Z,,com.sec.android.app.shealth,2026-01-09 14:59:59.999,44546d5c-7244-4ff1-8790-39966bc75a4d,
63070031,2026-01-09 15:00:00.000,,793ffcf5-8020-4fbb-8bde-a337ab3cc6fa.binning_data.json,63070031,2026-01-09 16:09:20.060,2026-01-09 15:09:09.133,UTC-0300,tWUO8ZL77Z,,com.sec.android.app.shealth,2026-01-09 15:59:59.999,793ffcf5-8020-4fbb-8bde-a337ab3cc6fa,
63070031,2026-01-09 16:00:00.000,,5fd184cf-1560-48de-a90a-570c8665550e.binning_data.json,63070031,2026-01-09 17:09:31.760,2026-01-09 16:09:20.137,UTC-0300,tWUO8ZL77Z,,com.sec.android.app.shealth,2026-01-09 16:59:59.999,5fd184cf-1560-48de-a90a-570c8665550e,
63070031,2026-01-09 17:00:00.000,,1907f15a-3d80-4606-abfe-df9db5874dc1.binning_data.json,63070031,2026-01-09 18:09:44.012,2026-01-09 17:09:31.785,UTC-0300,tWUO8ZL77Z,,com.sec.android.app.shealth,2026-01-09 17:59:59.999,1907f15a-3d80-4606-abfe-df9db5874dc1,
63070031,2026-01-09 18:00:00.000,,aaa58877-fb0a-4e57-9ceb-d8b53ecf1bba.binning_data.json,63070031,2026-01-09 19:09:51.823,2026-01-09 18:09:44.030,UTC-0300,tWUO8ZL77Z,,com.sec.android.app.shealth,2026-01-09 18:59:59.999,aaa58877-fb0a-4e57-9ceb-d8b53ecf1bba,
63070031,2026-01-09 19:00:00.000,,69fbb95f-40e2-4ca2-bef4-d8fcfab30b2f.binning_data.json,63070031,2026-01-09 20:10:02.971,2026-01-09 19:09:51.898,UTC-0300,tWUO8ZL77Z,,com.sec.android.app.shealth,2026-01-09 19:59:59.999,69fbb95f-40e2-4ca2-bef4-d8fcfab30b2f,
63070031,2026-01-09 20:00:00.000,,eefe1ded-6bbe-4abc-b40d-282477866427.binning_data.json,63070031,2026-01-09 20:58:10.583,2026-01-09 20:10:03.079,UTC-0300,tWUO8ZL77Z,,com.sec.android.app.shealth,2026-01-09 20:59:59.999,eefe1ded-6bbe-4abc-b40d-282477866427,
63070031,2026-01-09 21:00:00.000,,2bbe4668-c597-40c9-8c88-a1c112b0cabf.binning_data.json,63070031,2026-01-09 20:58:10.881,2026-01-09 20:58:10.881,UTC-0300,tWUO8ZL77Z,,com.sec.android.app.shealth,2026-01-09 21:10:59.999,2bbe4668-c597-40c9-8c88-a1c112b0cabf,
63070031,2026-01-09 22:37:00.000,,371d3fae-244c-4ee5-9721-e05fb528cfc7.binning_data.json,63070031,2026-01-09 23:17:27.686,2026-01-09 22:57:23.915,UTC-0300,tWUO8ZL77Z,,com.sec.android.app.shealth,2026-01-09 22:59:59.999,371d3fae-244c-4ee5-9721-e05fb528cfc7,
63070031,2026-01-09 23:00:00.000,,d70eaf9c-5835-4145-9bf9-ad1d660ec5fd.binning_data.json,63070031,2026-01-10 00:17:39.342,2026-01-09 23:17:27.684,UTC-0300,tWUO8ZL77Z,,com.sec.android.app.shealth,2026-01-09 23:59:59.999,d70eaf9c-5835-4145-9bf9-ad1d660ec5fd,
63070031,2026-01-10 00:00:00.000,,c70887e2-86df-44ca-a493-f82722131924.binning_data.json,63070031,2026-01-10 01:17:51.569,2026-01-10 00:17:39.427,UTC-0300,tWUO8ZL77Z,,com.sec.android.app.shealth,2026-01-10 00:59:59.999,c70887e2-86df-44ca-a493-f82722131924,
63070031,2026-01-10 01:00:00.000,,19560843-0e5e-46ba-91d4-4a9aa6de24aa.binning_data.json,63070031,2026-01-10 02:17:08.273,2026-01-10 01:17:51.585,UTC-0300,tWUO8ZL77Z,,com.sec.android.app.shealth,2026-01-10 01:59:59.999,19560843-0e5e-46ba-91d4-4a9aa6de24aa,
63070031,2026-01-10 02:00:00.000,,6617eb17-69d2-43b0-b21f-c42583beeb08.binning_data.json,63070031,2026-01-10 03:17:19.276,2026-01-10 02:17:08.282,UTC-0300,tWUO8ZL77Z,,com.sec.android.app.shealth,2026-01-10 02:59:59.999,6617eb17-69d2-43b0-b21f-c42583beeb08,
63070031,2026-01-10 03:00:00.000,,32c20395-1764-4b0b-8ba8-0097b00d5d49.binning_data.json,63070031,2026-01-10 04:17:30.587,2026-01-10 03:17:19.319,UTC-0300,tWUO8ZL77Z,,com.sec.android.app.shealth,2026-01-10 03:59:59.999,32c20395-1764-4b0b-8ba8-0097b00d5d49,
63070031,2026-01-10 04:00:00.000,,3fb06d45-9876-4608-8361-84bb76280cb8.binning_data.json,63070031,2026-01-10 05:17:41.326,2026-01-10 04:17:30.606,UTC-0300,tWUO8ZL77Z,,com.sec.android.app.shealth,2026-01-10 04:59:59.999,3fb06d45-9876-4608-8361-84bb76280cb8,
63070031,2026-01-10 05:00:00.000,,57c6e598-822e-4459-bf02-4ad3c492071c.binning_data.json,63070031,2026-01-10 06:17:52.862,2026-01-10 05:17:41.332,UTC-0300,tWUO8ZL77Z,,com.sec.android.app.shealth,2026-01-10 05:59:59.999,57c6e598-822e-4459-bf02-4ad3c492071c,
63070031,2026-01-10 06:00:00.000,,f9da0b7f-a15c-4351-b143-598777572e26.binning_data.json,63070031,2026-01-10 07:18:04.474,2026-01-10 06:17:52.883,UTC-0300,tWUO8ZL77Z,,com.sec.android.app.shealth,2026-01-10 06:59:59.999,f9da0b7f-a15c-4351-b143-598777572e26,
63070031,2026-01-10 07:00:00.000,,33eb9d1d-14f5-4152-b8bb-d6048295cc08.binning_data.json,63070031,2026-01-10 08:18:15.480,2026-01-10 07:18:04.487,UTC-0300,tWUO8ZL77Z,,com.sec.android.app.shealth,2026-01-10 07:59:59.999,33eb9d1d-14f5-4152-b8bb-d6048295cc08,
63070031,2026-01-10 08:00:00.000,,eefc1b77-4870-4ccd-8468-b991bd6854ba.binning_data.json,63070031,2026-01-10 09:18:26.468,2026-01-10 08:18:15.575,UTC-0300,tWUO8ZL77Z,,com.sec.android.app.shealth,2026-01-10 08:59:59.999,eefc1b77-4870-4ccd-8468-b991bd6854ba,
63070031,2026-01-10 09:00:00.000,,eef45aac-a671-418a-8335-af3e98fcec39.binning_data.json,63070031,2026-01-10 10:18:39.070,2026-01-10 09:18:26.565,UTC-0300,tWUO8ZL77Z,,com.sec.android.app.shealth,2026-01-10 09:59:59.999,eef45aac-a671-418a-8335-af3e98fcec39,
63070031,2026-01-10 10:00:00.000,,1aef0267-ac6a-4f26-970a-9d57d2cd144d.binning_data.json,63070031,2026-01-10 11:18:52.256,2026-01-10 10:18:39.078,UTC-0300,tWUO8ZL77Z,,com.sec.android.app.shealth,2026-01-10 10:59:59.999,1aef0267-ac6a-4f26-970a-9d57d2cd144d,
63070031,2026-01-10 11:00:00.000,,42d407f3-31df-42bf-b071-354ecd3101d1.binning_data.json,63070031,2026-01-10 12:19:04.370,2026-01-10 11:18:52.351,UTC-0300,tWUO8ZL77Z,,com.sec.android.app.shealth,2026-01-10 11:59:59.999,42d407f3-31df-42bf-b071-354ecd3101d1,
63070031,2026-01-10 12:00:00.000,,7eb0ae16-9833-4615-bde9-d9555af44086.binning_data.json,63070031,2026-01-10 13:19:14.821,2026-01-10 12:19:04.376,UTC-0300,tWUO8ZL77Z,,com.sec.android.app.shealth,2026-01-10 12:59:59.999,7eb0ae16-9833-4615-bde9-d9555af44086,
63070031,2026-01-10 13:00:00.000,,b5cfc0d5-7021-4651-b927-1343a0e1288e.binning_data.json,63070031,2026-01-10 14:19:25.787,2026-01-10 13:19:14.829,UTC-0300,tWUO8ZL77Z,,com.sec.android.app.shealth,2026-01-10 13:59:59.999,b5cfc0d5-7021-4651-b927-1343a0e1288e,
63070031,2026-01-10 14:00:00.000,,7f5d818d-9464-4f5b-b6aa-2dfe9ed03e6d.binning_data.json,63070031,2026-01-10 15:19:36.520,2026-01-10 14:19:25.793,UTC-0300,tWUO8ZL77Z,,com.sec.android.app.shealth,2026-01-10 14:59:59.999,7f5d818d-9464-4f5b-b6aa-2dfe9ed03e6d,
63070031,2026-01-10 15:00:00.000,,09d1f499-b3ec-478e-9125-1d5779ef7358.binning_data.json,63070031,2026-01-10 16:19:49.113,2026-01-10 15:19:36.591,UTC-0300,tWUO8ZL77Z,,com.sec.android.app.shealth,2026-01-10 15:59:59.999,09d1f499-b3ec-478e-9125-1d5779ef7358,
63070031,2026-01-10 16:00:00.000,,9d8d02ed-2d1d-4723-8642-6524244fe98b.binning_data.json,63070031,2026-01-10 16:59:56.388,2026-01-10 16:19:49.128,UTC-0300,tWUO8ZL77Z,,com.sec.android.app.shealth,2026-01-10 16:58:59.999,9d8d02ed-2d1d-4723-8642-6524244fe98b,
63070031,2026-01-10 17:00:00.000,,37ac2576-4914-42ce-8b93-145e7d0d8250.binning_data.json,63070031,2026-01-10 18:01:03.201,2026-01-10 17:17:04.602,UTC-0300,tWUO8ZL77Z,,com.sec.android.app.shealth,2026-01-10 17:59:59.999,37ac2576-4914-42ce-8b93-145e7d0d8250,
63070031,2026-01-10 18:00:00.000,,26aafde5-0826-4ad6-9cad-0d4906864914.binning_data.json,63070031,2026-01-10 18:51:16.516,2026-01-10 18:01:03.318,UTC-0300,tWUO8ZL77Z,,com.sec.android.app.shealth,2026-01-10 18:59:59.999,26aafde5-0826-4ad6-9cad-0d4906864914,
63070031,2026-01-10 19:00:00.000,,71fabd2b-2219-407d-9971-79a245776df0.binning_data.json,63070031,2026-01-10 20:05:14.736,2026-01-10 18:51:16.526,UTC-0300,tWUO8ZL77Z,,com.sec.android.app.shealth,2026-01-10 19:59:59.999,71fabd2b-2219-407d-9971-79a245776df0,
63070031,2026-01-10 20:00:00.000,,b43f5c36-fb35-4baf-bd81-5e0f95dc227f.binning_data.json,63070031,2026-01-10 21:05:25.128,2026-01-10 20:05:14.743,UTC-0300,tWUO8ZL77Z,,com.sec.android.app.shealth,2026-01-10 20:59:59.999,b43f5c36-fb35-4baf-bd81-5e0f95dc227f,
63070031,2026-01-10 21:00:00.000,,fb56b8b7-e293-4a09-bf82-c70db3340a9d.binning_data.json,63070031,2026-01-10 22:05:33.866,2026-01-10 21:05:25.132,UTC-0300,tWUO8ZL77Z,,com.sec.android.app.shealth,2026-01-10 21:59:59.999,fb56b8b7-e293-4a09-bf82-c70db3340a9d,
63070031,2026-01-10 22:00:00.000,,369ef05b-70ea-4e8f-871b-36eadf8cd2e9.binning_data.json,63070031,2026-01-10 22:54:59.542,2026-01-10 22:05:33.937,UTC-0300,tWUO8ZL77Z,,com.sec.android.app.shealth,2026-01-10 22:59:59.999,369ef05b-70ea-4e8f-871b-36eadf8cd2e9,
63070031,2026-01-10 23:00:00.000,,01f3fd2e-1ad7-429b-b0c3-d75a6fbb722b.binning_data.json,63070031,2026-01-10 22:54:59.640,2026-01-10 22:54:59.640,UTC-0300,tWUO8ZL77Z,,com.sec.android.app.shealth,2026-01-10 23:04:59.999,01f3fd2e-1ad7-429b-b0c3-d75a6fbb722b,
63070031,2026-01-11 01:24:00.000,,2e8e7381-ba05-400e-af45-49084f4011fa.binning_data.json,63070031,2026-01-11 02:04:07.812,2026-01-11 01:44:04.640,UTC-0300,tWUO8ZL77Z,,com.sec.android.app.shealth,2026-01-11 01:59:59.999,2e8e7381-ba05-400e-af45-49084f4011fa,
63070031,2026-01-11 02:00:00.000,,5eaeb493-a4f0-4226-bbe7-8658c28b72a3.binning_data.json,63070031,2026-01-11 03:04:18.558,2026-01-11 02:04:07.829,UTC-0300,tWUO8ZL77Z,,com.sec.android.app.shealth,2026-01-11 02:59:59.999,5eaeb493-a4f0-4226-bbe7-8658c28b72a3,
63070031,2026-01-11 03:00:00.000,,a3ba28ad-6a85-4d11-be55-73d567aad8ab.binning_data.json,63070031,2026-01-11 04:04:29.769,2026-01-11 03:04:18.563,UTC-0300,tWUO8ZL77Z,,com.sec.android.app.shealth,2026-01-11 03:59:59.999,a3ba28ad-6a85-4d11-be55-73d567aad8ab,
63070031,2026-01-11 04:00:00.000,,fa1f2500-20e8-42de-9558-aa2291bed655.binning_data.json,63070031,2026-01-11 05:04:40.558,2026-01-11 04:04:29.775,UTC-0300,tWUO8ZL77Z,,com.sec.android.app.shealth,2026-01-11 04:59:59.999,fa1f2500-20e8-42de-9558-aa2291bed655,
63070031,2026-01-11 05:00:00.000,,1b3f9241-fcef-4fe4-9b45-c5d986d18820.binning_data.json,63070031,2026-01-11 06:04:51.970,2026-01-11 05:04:40.652,UTC-0300,tWUO8ZL77Z,,com.sec.android.app.shealth,2026-01-11 05:59:59.999,1b3f9241-fcef-4fe4-9b45-c5d986d18820,
63070031,2026-01-11 06:00:00.000,,ab532890-802f-4c61-92a4-e399045888ca.binning_data.json,63070031,2026-01-11 07:05:02.858,2026-01-11 06:04:51.975,UTC-0300,tWUO8ZL77Z,,com.sec.android.app.shealth,2026-01-11 06:59:59.999,ab532890-802f-4c61-92a4-e399045888ca,
63070031,2026-01-11 07:00:00.000,,9a0ec3a2-7fe9-4536-b962-0f9d7a0bb378.binning_data.json,63070031,2026-01-11 08:05:12.738,2026-01-11 07:05:02.877,UTC-0300,tWUO8ZL77Z,,com.sec.android.app.shealth,2026-01-11 07:59:59.999,9a0ec3a2-7fe9-4536-b962-0f9d7a0bb378,
63070031,2026-01-11 08:00:00.000,,fd075dda-583a-418a-a8b4-0275dd391568.binning_data.json,63070031,2026-01-11 09:05:23.904,2026-01-11 08:05:12.762,UTC-0300,tWUO8ZL77Z,,com.sec.android.app.shealth,2026-01-11 08:59:59.999,fd075dda-583a-418a-a8b4-0275dd391568,
63070031,2026-01-11 09:00:00.000,,48122425-cfd4-4fe8-97c9-910fc79e3fff.binning_data.json,63070031,2026-01-11 10:05:35.410,2026-01-11 09:05:23.960,UTC-0300,tWUO8ZL77Z,,com.sec.android.app.shealth,2026-01-11 09:59:59.999,48122425-cfd4-4fe8-97c9-910fc79e3fff,
63070031,2026-01-11 10:00:00.000,,f67cf206-1d59-4050-84d2-280b2c3a11b6.binning_data.json,63070031,2026-01-11 11:05:46.203,2026-01-11 10:05:35.424,UTC-0300,tWUO8ZL77Z,,com.sec.android.app.shealth,2026-01-11 10:59:59.999,f67cf206-1d59-4050-84d2-280b2c3a11b6,
63070031,2026-01-11 11:00:00.000,,461dd5c8-a117-4dc8-b7fe-0b65eb5f93d2.binning_data.json,63070031,2026-01-11 12:05:56.549,2026-01-11 11:05:46.218,UTC-0300,tWUO8ZL77Z,,com.sec.android.app.shealth,2026-01-11 11:59:59.999,461dd5c8-a117-4dc8-b7fe-0b65eb5f93d2,
63070031,2026-01-11 12:00:00.000,,96404db9-b13b-44c3-aa01-36c8739a837e.binning_data.json,63070031,2026-01-11 13:06:06.483,2026-01-11 12:05:56.554,UTC-0300,tWUO8ZL77Z,,com.sec.android.app.shealth,2026-01-11 12:59:59.999,96404db9-b13b-44c3-aa01-36c8739a837e,
63070031,2026-01-11 13:00:00.000,,8cf13cb2-d2be-4d17-ade9-554e662e2cb4.binning_data.json,63070031,2026-01-11 14:06:16.670,2026-01-11 13:06:06.487,UTC-0300,tWUO8ZL77Z,,com.sec.android.app.shealth,2026-01-11 13:59:59.999,8cf13cb2-d2be-4d17-ade9-554e662e2cb4,
63070031,2026-01-11 14:00:00.000,,eaaae8b7-7d18-4474-83eb-b3ffc6fd6f81.binning_data.json,63070031,2026-01-11 15:06:31.853,2026-01-11 14:06:16.740,UTC-0300,tWUO8ZL77Z,,com.sec.android.app.shealth,2026-01-11 14:59:59.999,eaaae8b7-7d18-4474-83eb-b3ffc6fd6f81,
63070031,2026-01-11 15:00:00.000,,a98f0dc6-9e07-49d0-9cad-3270357b5815.binning_data.json,63070031,2026-01-11 16:06:47.498,2026-01-11 15:06:31.865,UTC-0300,tWUO8ZL77Z,,com.sec.android.app.shealth,2026-01-11 15:59:59.999,a98f0dc6-9e07-49d0-9cad-3270357b5815,
63070031,2026-01-11 16:00:00.000,,774b3396-d703-4077-ae88-5b539cae8a0a.binning_data.json,63070031,2026-01-11 17:07:01.894,2026-01-11 16:06:47.506,UTC-0300,tWUO8ZL77Z,,com.sec.android.app.shealth,2026-01-11 16:59:59.999,774b3396-d703-4077-ae88-5b539cae8a0a,
63070031,2026-01-11 17:00:00.000,,a0e2a84d-ae4c-4b14-bddf-abe72184f292.binning_data.json,63070031,2026-01-11 18:07:16.042,2026-01-11 17:07:01.902,UTC-0300,tWUO8ZL77Z,,com.sec.android.app.shealth,2026-01-11 17:59:59.999,a0e2a84d-ae4c-4b14-bddf-abe72184f292,
63070031,2026-01-11 18:00:00.000,,6c1f4618-00d0-408f-b26b-a7563487ab65.binning_data.json,63070031,2026-01-11 19:07:29.293,2026-01-11 18:07:16.057,UTC-0300,tWUO8ZL77Z,,com.sec.android.app.shealth,2026-01-11 18:59:59.999,6c1f4618-00d0-408f-b26b-a7563487ab65,
63070031,2026-01-11 19:00:00.000,,7cc1150e-607a-41fc-8a22-7dae1fddf390.binning_data.json,63070031,2026-01-11 20:07:41.267,2026-01-11 19:07:29.360,UTC-0300,tWUO8ZL77Z,,com.sec.android.app.shealth,2026-01-11 19:59:59.999,7cc1150e-607a-41fc-8a22-7dae1fddf390,
63070031,2026-01-11 20:00:00.000,,fa8b892b-0ac4-4035-84d8-6f654138da71.binning_data.json,63070031,2026-01-11 21:07:53.790,2026-01-11 20:07:41.345,UTC-0300,tWUO8ZL77Z,,com.sec.android.app.shealth,2026-01-11 20:59:59.999,fa8b892b-0ac4-4035-84d8-6f654138da71,
63070031,2026-01-11 21:00:00.000,,ad59e08e-f5ae-448e-9630-2575bbf7722c.binning_data.json,63070031,2026-01-11 22:08:06.243,2026-01-11 21:07:53.954,UTC-0300,tWUO8ZL77Z,,com.sec.android.app.shealth,2026-01-11 21:59:59.999,ad59e08e-f5ae-448e-9630-2575bbf7722c,
63070031,2026-01-11 22:00:00.000,,8c1aa8dc-05a3-4b0b-a55c-da12e97989cd.binning_data.json,63070031,2026-01-11 22:46:57.752,2026-01-11 22:08:06.255,UTC-0300,tWUO8ZL77Z,,com.sec.android.app.shealth,2026-01-11 22:47:59.999,8c1aa8dc-05a3-4b0b-a55c-da12e97989cd,
63070031,2026-01-11 23:23:00.000,,bca2e6c9-a2bf-408e-9276-79b2e8f17d0e.binning_data.json,63070031,2026-01-12 00:03:58.534,2026-01-11 23:43:53.776,UTC-0300,tWUO8ZL77Z,,com.sec.android.app.shealth,2026-01-11 23:59:59.999,bca2e6c9-a2bf-408e-9276-79b2e8f17d0e,
63070031,2026-01-12 00:00:00.000,,34076543-eff3-4996-bf1b-fa0af006ce25.binning_data.json,63070031,2026-01-12 01:04:12.382,2026-01-12 00:03:58.539,UTC-0300,tWUO8ZL77Z,,com.sec.android.app.shealth,2026-01-12 00:59:59.999,34076543-eff3-4996-bf1b-fa0af006ce25,
63070031,2026-01-12 01:00:00.000,,5d2d5f2d-02e5-4546-a383-3ea44000226a.binning_data.json,63070031,2026-01-12 02:04:22.273,2026-01-12 01:04:12.387,UTC-0300,tWUO8ZL77Z,,com.sec.android.app.shealth,2026-01-12 01:59:59.999,5d2d5f2d-02e5-4546-a383-3ea44000226a,
63070031,2026-01-12 02:00:00.000,,17d7ff7e-ff59-437c-92a4-77c9a02ef4fc.binning_data.json,63070031,2026-01-12 03:04:35.443,2026-01-12 02:04:22.407,UTC-0300,tWUO8ZL77Z,,com.sec.android.app.shealth,2026-01-12 02:59:59.999,17d7ff7e-ff59-437c-92a4-77c9a02ef4fc,
63070031,2026-01-12 03:00:00.000,,25f35313-c1e4-4c81-9c8c-1a2d83bc94b6.binning_data.json,63070031,2026-01-12 04:04:48.662,2026-01-12 03:04:35.563,UTC-0300,tWUO8ZL77Z,,com.sec.android.app.shealth,2026-01-12 03:59:59.999,25f35313-c1e4-4c81-9c8c-1a2d83bc94b6,
63070031,2026-01-12 04:00:00.000,,acb35d2f-9b32-4490-9cb5-c22e21d96748.binning_data.json,63070031,2026-01-12 05:05:03.098,2026-01-12 04:04:48.667,UTC-0300,tWUO8ZL77Z,,com.sec.android.app.shealth,2026-01-12 04:59:59.999,acb35d2f-9b32-4490-9cb5-c22e21d96748,
63070031,2026-01-12 05:00:00.000,,89c6b106-039d-4c2e-8d75-5d5afa8e28dc.binning_data.json,63070031,2026-01-12 06:05:17.481,2026-01-12 05:05:03.178,UTC-0300,tWUO8ZL77Z,,com.sec.android.app.shealth,2026-01-12 05:59:59.999,89c6b106-039d-4c2e-8d75-5d5afa8e28dc,
63070031,2026-01-12 06:00:00.000,,a5eb1ca0-9c2c-44b8-97fb-2b64527ebb2d.binning_data.json,63070031,2026-01-12 07:05:28.868,2026-01-12 06:05:17.526,UTC-0300,tWUO8ZL77Z,,com.sec.android.app.shealth,2026-01-12 06:59:59.999,a5eb1ca0-9c2c-44b8-97fb-2b64527ebb2d,
63070031,2026-01-12 07:00:00.000,,072a0d17-2622-4021-8308-2ec0bd79d174.binning_data.json,63070031,2026-01-12 08:05:39.897,2026-01-12 07:05:28.874,UTC-0300,tWUO8ZL77Z,,com.sec.android.app.shealth,2026-01-12 07:59:59.999,072a0d17-2622-4021-8308-2ec0bd79d174,
63070031,2026-01-12 08:00:00.000,,08e5ddc4-1dea-493a-bf24-e09bea1bdae7.binning_data.json,63070031,2026-01-12 09:05:49.944,2026-01-12 08:05:40.001,UTC-0300,tWUO8ZL77Z,,com.sec.android.app.shealth,2026-01-12 08:59:59.999,08e5ddc4-1dea-493a-bf24-e09bea1bdae7,
63070031,2026-01-12 09:00:00.000,,ee651442-626f-43a4-a1fd-ae63e8f9c53b.binning_data.json,63070031,2026-01-12 10:06:01.048,2026-01-12 09:05:50.016,UTC-0300,tWUO8ZL77Z,,com.sec.android.app.shealth,2026-01-12 09:59:59.999,ee651442-626f-43a4-a1fd-ae63e8f9c53b,
63070031,2026-01-12 10:00:00.000,,d10d6620-e233-445d-af54-0237b2abdb83.binning_data.json,63070031,2026-01-12 11:06:12.448,2026-01-12 10:06:01.066,UTC-0300,tWUO8ZL77Z,,com.sec.android.app.shealth,2026-01-12 10:59:59.999,d10d6620-e233-445d-af54-0237b2abdb83,
63070031,2026-01-12 11:00:00.000,,c5993a5a-9077-40b0-b2cf-bc310f6bb511.binning_data.json,63070031,2026-01-12 12:06:23.769,2026-01-12 11:06:12.453,UTC-0300,tWUO8ZL77Z,,com.sec.android.app.shealth,2026-01-12 11:59:59.999,c5993a5a-9077-40b0-b2cf-bc310f6bb511,
63070031,2026-01-12 12:00:00.000,,279ee555-ae94-4f46-9188-f83081458f28.binning_data.json,63070031,2026-01-12 13:06:34.483,2026-01-12 12:06:23.899,UTC-0300,tWUO8ZL77Z,,com.sec.android.app.shealth,2026-01-12 12:59:59.999,279ee555-ae94-4f46-9188-f83081458f28,
63070031,2026-01-12 13:00:00.000,,880cc37e-1c60-4ecf-91f4-387bd5ee5cc7.binning_data.json,63070031,2026-01-12 14:06:44.318,2026-01-12 13:06:34.494,UTC-0300,tWUO8ZL77Z,,com.sec.android.app.shealth,2026-01-12 13:59:59.999,880cc37e-1c60-4ecf-91f4-387bd5ee5cc7,
63070031,2026-01-12 14:00:00.000,,0cd0e80b-914d-4ae9-bee1-fc5d9dac6a1b.binning_data.json,63070031,2026-01-12 15:06:52.756,2026-01-12 14:06:44.323,UTC-0300,tWUO8ZL77Z,,com.sec.android.app.shealth,2026-01-12 14:59:59.999,0cd0e80b-914d-4ae9-bee1-fc5d9dac6a1b,
63070031,2026-01-12 15:00:00.000,,961bf579-4b85-4af8-a2c2-4c25427bd430.binning_data.json,63070031,2026-01-12 16:07:03.436,2026-01-12 15:06:52.871,UTC-0300,tWUO8ZL77Z,,com.sec.android.app.shealth,2026-01-12 15:59:59.999,961bf579-4b85-4af8-a2c2-4c25427bd430,
63070031,2026-01-12 16:00:00.000,,02f7339f-60a3-48ce-9c0e-5cf8e3d176de.binning_data.json,63070031,2026-01-12 17:07:11.427,2026-01-12 16:07:03.451,UTC-0300,tWUO8ZL77Z,,com.sec.android.app.shealth,2026-01-12 16:59:59.999,02f7339f-60a3-48ce-9c0e-5cf8e3d176de,
63070031,2026-01-12 17:00:00.000,,20386999-1d48-4b2b-a7ab-8b4935240ffb.binning_data.json,63070031,2026-01-12 18:07:21.856,2026-01-12 17:07:11.442,UTC-0300,tWUO8ZL77Z,,com.sec.android.app.shealth,2026-01-12 17:59:59.999,20386999-1d48-4b2b-a7ab-8b4935240ffb,
63070031,2026-01-12 18:00:00.000,,daebe39b-4a1e-4b59-a047-d7026babfceb.binning_data.json,63070031,2026-01-12 19:07:31.496,2026-01-12 18:07:21.941,UTC-0300,tWUO8ZL77Z,,com.sec.android.app.shealth,2026-01-12 18:59:59.999,daebe39b-4a1e-4b59-a047-d7026babfceb,
63070031,2026-01-12 19:00:00.000,,7c2c85a5-e5d2-4029-909d-daf4511d6a9a.binning_data.json,63070031,2026-01-12 20:07:41.721,2026-01-12 19:07:31.519,UTC-0300,tWUO8ZL77Z,,com.sec.android.app.shealth,2026-01-12 19:59:59.999,7c2c85a5-e5d2-4029-909d-daf4511d6a9a,
63070031,2026-01-12 20:00:00.000,,65ce2a14-180c-4d92-b16f-ff174ff5c175.binning_data.json,63070031,2026-01-12 21:07:54.719,2026-01-12 20:07:41.813,UTC-0300,tWUO8ZL77Z,,com.sec.android.app.shealth,2026-01-12 20:59:59.999,65ce2a14-180c-4d92-b16f-ff174ff5c175,
63070031,2026-01-12 21:00:00.000,,0f3c7820-f36e-4598-8d32-722931c8b2a0.binning_data.json,63070031,2026-01-12 22:08:06.892,2026-01-12 21:07:54.740,UTC-0300,tWUO8ZL77Z,,com.sec.android.app.shealth,2026-01-12 21:59:59.999,0f3c7820-f36e-4598-8d32-722931c8b2a0,
63070031,2026-01-12 22:00:00.000,,f0bb6643-60da-40bc-9e47-38dd17daa71e.binning_data.json,63070031,2026-01-12 23:08:17.069,2026-01-12 22:08:06.977,UTC-0300,tWUO8ZL77Z,,com.sec.android.app.shealth,2026-01-12 22:59:59.999,f0bb6643-60da-40bc-9e47-38dd17daa71e,
63070031,2026-01-12 23:00:00.000,,143c79e3-072b-4fb4-bd5e-6c5d6a5e9e5f.binning_data.json,63070031,2026-01-13 00:08:28.709,2026-01-12 23:08:17.148,UTC-0300,tWUO8ZL77Z,,com.sec.android.app.shealth,2026-01-12 23:59:59.999,143c79e3-072b-4fb4-bd5e-6c5d6a5e9e5f,
63070031,2026-01-13 00:00:00.000,,d68dc9df-43fa-4a62-8629-395f6034c764.binning_data.json,63070031,2026-01-13 00:28:33.010,2026-01-13 00:08:28.788,UTC-0300,tWUO8ZL77Z,,com.sec.android.app.shealth,2026-01-13 00:27:59.999,d68dc9df-43fa-4a62-8629-395f6034c764,
63070031,2026-01-13 01:18:00.000,,6b3004f9-51f9-488d-ae25-0b87b1e22dad.binning_data.json,63070031,2026-01-13 02:19:04.205,2026-01-13 01:38:57.531,UTC-0300,tWUO8ZL77Z,,com.sec.android.app.shealth,2026-01-13 01:59:59.999,6b3004f9-51f9-488d-ae25-0b87b1e22dad,
63070031,2026-01-13 02:00:00.000,,a328e23f-8c1a-4ad7-af63-ef852e88a250.binning_data.json,63070031,2026-01-13 03:19:14.783,2026-01-13 02:19:04.210,UTC-0300,tWUO8ZL77Z,,com.sec.android.app.shealth,2026-01-13 02:59:59.999,a328e23f-8c1a-4ad7-af63-ef852e88a250,
63070031,2026-01-13 03:00:00.000,,c8a775e4-966d-4724-ab98-906406206ccb.binning_data.json,63070031,2026-01-13 04:19:24.466,2026-01-13 03:19:14.835,UTC-0300,tWUO8ZL77Z,,com.sec.android.app.shealth,2026-01-13 03:59:59.999,c8a775e4-966d-4724-ab98-906406206ccb,
63070031,2026-01-13 04:00:00.000,,d123b4de-10c9-43de-b2e5-7896e0074e98.binning_data.json,63070031,2026-01-13 05:19:33.137,2026-01-13 04:19:24.505,UTC-0300,tWUO8ZL77Z,,com.sec.android.app.shealth,2026-01-13 04:59:59.999,d123b4de-10c9-43de-b2e5-7896e0074e98,
63070031,2026-01-13 05:00:00.000,,dc1e5dcc-9005-45a2-b674-66160f5356ea.binning_data.json,63070031,2026-01-13 06:19:41.574,2026-01-13 05:19:33.142,UTC-0300,tWUO8ZL77Z,,com.sec.android.app.shealth,2026-01-13 05:59:59.999,dc1e5dcc-9005-45a2-b674-66160f5356ea,
63070031,2026-01-13 06:00:00.000,,d3240a53-4075-4e96-bc06-6b416e36b5df.binning_data.json,63070031,2026-01-13 07:19:50.515,2026-01-13 06:19:41.599,UTC-0300,tWUO8ZL77Z,,com.sec.android.app.shealth,2026-01-13 06:59:59.999,d3240a53-4075-4e96-bc06-6b416e36b5df,
63070031,2026-01-13 07:00:00.000,,edfced78-e201-44e2-9a36-e8730da442d8.binning_data.json,63070031,2026-01-13 07:59:57.268,2026-01-13 07:19:50.519,UTC-0300,tWUO8ZL77Z,,com.sec.android.app.shealth,2026-01-13 07:58:59.999,edfced78-e201-44e2-9a36-e8730da442d8,
63070031,2026-01-13 08:00:00.000,,1d50fe68-fe58-40c0-b223-1f48df33a69b.binning_data.json,63070031,2026-01-13 09:00:07.608,2026-01-13 08:20:00.751,UTC-0300,tWUO8ZL77Z,,com.sec.android.app.shealth,2026-01-13 08:59:59.999,1d50fe68-fe58-40c0-b223-1f48df33a69b,
63070031,2026-01-13 09:00:00.000,,b9e6f682-ce43-4ca3-b999-88f48c9faad1.binning_data.json,63070031,2026-01-13 10:00:15.853,2026-01-13 09:20:10.599,UTC-0300,tWUO8ZL77Z,,com.sec.android.app.shealth,2026-01-13 09:59:59.999,b9e6f682-ce43-4ca3-b999-88f48c9faad1,
63070031,2026-01-13 10:00:00.000,,d385ea23-0518-4e0b-b9f7-846e81fb6733.binning_data.json,63070031,2026-01-13 11:00:23.050,2026-01-13 10:20:18.800,UTC-0300,tWUO8ZL77Z,,com.sec.android.app.shealth,2026-01-13 10:59:59.999,d385ea23-0518-4e0b-b9f7-846e81fb6733,
63070031,2026-01-13 11:00:00.000,,9811edc5-7970-47c7-8112-6823a77de2a4.binning_data.json,63070031,2026-01-13 12:00:29.971,2026-01-13 11:20:24.674,UTC-0300,tWUO8ZL77Z,,com.sec.android.app.shealth,2026-01-13 11:59:59.999,9811edc5-7970-47c7-8112-6823a77de2a4,
63070031,2026-01-13 12:00:00.000,,852de8bf-a0d4-4ae0-90f3-5d1b94d00966.binning_data.json,63070031,2026-01-13 13:00:37.904,2026-01-13 12:20:32.244,UTC-0300,tWUO8ZL77Z,,com.sec.android.app.shealth,2026-01-13 12:59:59.999,852de8bf-a0d4-4ae0-90f3-5d1b94d00966,
63070031,2026-01-13 13:00:00.000,,d43c558f-806b-4282-8f60-0ac469cb8ffe.binning_data.json,63070031,2026-01-13 14:00:45.722,2026-01-13 13:20:40.343,UTC-0300,tWUO8ZL77Z,,com.sec.android.app.shealth,2026-01-13 13:59:59.999,d43c558f-806b-4282-8f60-0ac469cb8ffe,
63070031,2026-01-13 14:00:00.000,,53e4d4fb-4bcf-4c89-85f8-c5ea1ef2e86a.binning_data.json,63070031,2026-01-13 15:00:53.663,2026-01-13 14:20:48.326,UTC-0300,tWUO8ZL77Z,,com.sec.android.app.shealth,2026-01-13 14:59:59.999,53e4d4fb-4bcf-4c89-85f8-c5ea1ef2e86a,
63070031,2026-01-13 15:00:00.000,,4e54945f-c3cb-4085-ba0c-dcfc7b3a4bce.binning_data.json,63070031,2026-01-13 16:00:57.678,2026-01-13 15:20:55.504,UTC-0300,tWUO8ZL77Z,,com.sec.android.app.shealth,2026-01-13 15:59:59.999,4e54945f-c3cb-4085-ba0c-dcfc7b3a4bce,
63070031,2026-01-13 16:00:00.000,,d7938920-1df0-4ebe-a320-26671296a975.binning_data.json,63070031,2026-01-13 17:01:04.525,2026-01-13 16:20:59.516,UTC-0300,tWUO8ZL77Z,,com.sec.android.app.shealth,2026-01-13 16:59:59.999,d7938920-1df0-4ebe-a320-26671296a975,
63070031,2026-01-13 17:00:00.000,,f38443ce-7c02-4da4-913b-e9bf168a58e6.binning_data.json,63070031,2026-01-13 18:01:13.469,2026-01-13 17:01:04.540,UTC-0300,tWUO8ZL77Z,,com.sec.android.app.shealth,2026-01-13 17:59:59.999,f38443ce-7c02-4da4-913b-e9bf168a58e6,
63070031,2026-01-13 18:00:00.000,,b6d9b160-127d-4880-ae40-4fe1d27f680f.binning_data.json,63070031,2026-01-13 19:01:21.067,2026-01-13 18:01:13.558,UTC-0300,tWUO8ZL77Z,,com.sec.android.app.shealth,2026-01-13 18:59:59.999,b6d9b160-127d-4880-ae40-4fe1d27f680f,
63070031,2026-01-13 19:00:00.000,,84a3e7cd-4492-4bfc-9419-cde504229c2b.binning_data.json,63070031,2026-01-13 20:01:26.949,2026-01-13 19:01:21.154,UTC-0300,tWUO8ZL77Z,,com.sec.android.app.shealth,2026-01-13 19:59:59.999,84a3e7cd-4492-4bfc-9419-cde504229c2b,
63070031,2026-01-13 20:00:00.000,,897bcb44-c8cb-40a9-95e2-b93d52f1a073.binning_data.json,63070031,2026-01-13 21:01:33.575,2026-01-13 20:01:27.096,UTC-0300,tWUO8ZL77Z,,com.sec.android.app.shealth,2026-01-13 20:59:59.999,897bcb44-c8cb-40a9-95e2-b93d52f1a073,
63070031,2026-01-13 21:00:00.000,,96824ec6-ac6b-47e0-85c6-085f71cf5add.binning_data.json,63070031,2026-01-13 22:01:38.180,2026-01-13 21:01:33.587,UTC-0300,tWUO8ZL77Z,,com.sec.android.app.shealth,2026-01-13 21:59:59.999,96824ec6-ac6b-47e0-85c6-085f71cf5add,
63070031,2026-01-13 22:00:00.000,,baef2f6e-2777-498c-9892-4d28299927b0.binning_data.json,63070031,2026-01-13 22:19:10.605,2026-01-13 22:01:38.201,UTC-0300,tWUO8ZL77Z,,com.sec.android.app.shealth,2026-01-13 22:21:59.999,baef2f6e-2777-498c-9892-4d28299927b0,
63070031,2026-01-13 23:16:00.000,,08872d30-763a-4894-a835-ec866c1f9b95.binning_data.json,63070031,2026-01-14 00:16:14.988,2026-01-13 23:36:08.792,UTC-0300,tWUO8ZL77Z,,com.sec.android.app.shealth,2026-01-13 23:59:59.999,08872d30-763a-4894-a835-ec866c1f9b95,
63070031,2026-01-14 00:00:00.000,,917eb550-7389-4c8d-9a43-117f22082218.binning_data.json,63070031,2026-01-14 01:16:24.212,2026-01-14 00:16:14.992,UTC-0300,tWUO8ZL77Z,,com.sec.android.app.shealth,2026-01-14 00:59:59.999,917eb550-7389-4c8d-9a43-117f22082218,
63070031,2026-01-14 01:00:00.000,,a080d0a7-e977-49ff-9934-7fa3ffd2b191.binning_data.json,63070031,2026-01-14 02:16:34.538,2026-01-14 01:16:24.303,UTC-0300,tWUO8ZL77Z,,com.sec.android.app.shealth,2026-01-14 01:59:59.999,a080d0a7-e977-49ff-9934-7fa3ffd2b191,
63070031,2026-01-14 02:00:00.000,,e9a3cd79-155b-4cea-8878-dcbee6186e8d.binning_data.json,63070031,2026-01-14 03:16:45.713,2026-01-14 02:16:34.542,UTC-0300,tWUO8ZL77Z,,com.sec.android.app.shealth,2026-01-14 02:59:59.999,e9a3cd79-155b-4cea-8878-dcbee6186e8d,
63070031,2026-01-14 03:00:00.000,,57481b0c-4c42-4354-9044-1fbe4dca6969.binning_data.json,63070031,2026-01-14 04:16:55.299,2026-01-14 03:16:45.718,UTC-0300,tWUO8ZL77Z,,com.sec.android.app.shealth,2026-01-14 03:59:59.999,57481b0c-4c42-4354-9044-1fbe4dca6969,
63070031,2026-01-14 04:00:00.000,,87e0863a-1ac3-4a00-8919-722e01180ffc.binning_data.json,63070031,2026-01-14 05:17:05.117,2026-01-14 04:16:55.305,UTC-0300,tWUO8ZL77Z,,com.sec.android.app.shealth,2026-01-14 04:59:59.999,87e0863a-1ac3-4a00-8919-722e01180ffc,
63070031,2026-01-14 05:00:00.000,,876b4d5a-8c8c-46fe-a952-e768c02c718a.binning_data.json,63070031,2026-01-14 06:17:15.822,2026-01-14 05:17:05.132,UTC-0300,tWUO8ZL77Z,,com.sec.android.app.shealth,2026-01-14 05:59:59.999,876b4d5a-8c8c-46fe-a952-e768c02c718a,
63070031,2026-01-14 06:00:00.000,,86e8a136-3239-4cf1-a33d-046e5cedade5.binning_data.json,63070031,2026-01-14 07:17:26.256,2026-01-14 06:17:15.839,UTC-0300,tWUO8ZL77Z,,com.sec.android.app.shealth,2026-01-14 06:59:59.999,86e8a136-3239-4cf1-a33d-046e5cedade5,
63070031,2026-01-14 07:00:00.000,,504a320c-020c-42c9-a258-0a5a723113d8.binning_data.json,63070031,2026-01-14 08:17:34.456,2026-01-14 07:17:26.261,UTC-0300,tWUO8ZL77Z,,com.sec.android.app.shealth,2026-01-14 07:59:59.999,504a320c-020c-42c9-a258-0a5a723113d8,
63070031,2026-01-14 08:00:00.000,,a4a8a18a-71d0-45c4-9c63-d6c0becc85c1.binning_data.json,63070031,2026-01-14 09:17:43.971,2026-01-14 08:17:34.488,UTC-0300,tWUO8ZL77Z,,com.sec.android.app.shealth,2026-01-14 08:59:59.999,a4a8a18a-71d0-45c4-9c63-d6c0becc85c1,
63070031,2026-01-14 09:00:00.000,,41a79d03-fa56-468c-9022-14856345fda5.binning_data.json,63070031,2026-01-14 10:17:54.695,2026-01-14 09:17:43.983,UTC-0300,tWUO8ZL77Z,,com.sec.android.app.shealth,2026-01-14 09:59:59.999,41a79d03-fa56-468c-9022-14856345fda5,
63070031,2026-01-14 10:00:00.000,,0190777e-e392-45a3-92bb-d94bbecfd698.binning_data.json,63070031,2026-01-14 11:18:03.111,2026-01-14 10:17:54.710,UTC-0300,tWUO8ZL77Z,,com.sec.android.app.shealth,2026-01-14 10:59:59.999,0190777e-e392-45a3-92bb-d94bbecfd698,
63070031,2026-01-14 11:00:00.000,,eca5bc91-d114-4a50-a0a3-5873d00e4646.binning_data.json,63070031,2026-01-14 12:18:12.701,2026-01-14 11:18:03.179,UTC-0300,tWUO8ZL77Z,,com.sec.android.app.shealth,2026-01-14 11:59:59.999,eca5bc91-d114-4a50-a0a3-5873d00e4646,
63070031,2026-01-14 12:00:00.000,,962b355a-e4d8-4850-91ae-df24fd8c216a.binning_data.json,63070031,2026-01-14 13:18:20.427,2026-01-14 12:18:12.788,UTC-0300,tWUO8ZL77Z,,com.sec.android.app.shealth,2026-01-14 12:59:59.999,962b355a-e4d8-4850-91ae-df24fd8c216a,
63070031,2026-01-14 13:00:00.000,,e5f8079e-e492-4688-b32c-c824667c24a3.binning_data.json,63070031,2026-01-14 14:18:30.148,2026-01-14 13:18:20.451,UTC-0300,tWUO8ZL77Z,,com.sec.android.app.shealth,2026-01-14 13:59:59.999,e5f8079e-e492-4688-b32c-c824667c24a3,
63070031,2026-01-14 14:00:00.000,,a63646bd-a9f0-4eea-9655-1e7cd1182b81.binning_data.json,63070031,2026-01-14 15:18:40.777,2026-01-14 14:18:30.151,UTC-0300,tWUO8ZL77Z,,com.sec.android.app.shealth,2026-01-14 14:59:59.999,a63646bd-a9f0-4eea-9655-1e7cd1182b81,
63070031,2026-01-14 15:00:00.000,,3281410d-e921-4dd5-a68f-0307a53de195.binning_data.json,63070031,2026-01-14 16:18:51.137,2026-01-14 15:18:40.850,UTC-0300,tWUO8ZL77Z,,com.sec.android.app.shealth,2026-01-14 15:59:59.999,3281410d-e921-4dd5-a68f-0307a53de195,
63070031,2026-01-14 16:00:00.000,,315594cc-854c-4db4-9c5c-aa00ec2eef2a.binning_data.json,63070031,2026-01-14 17:18:59.623,2026-01-14 16:18:51.150,UTC-0300,tWUO8ZL77Z,,com.sec.android.app.shealth,2026-01-14 16:59:59.999,315594cc-854c-4db4-9c5c-aa00ec2eef2a,
63070031,2026-01-14 17:00:00.000,,d4257ff7-5cc8-4881-aefc-68b5ea339426.binning_data.json,63070031,2026-01-14 18:19:08.506,2026-01-14 17:18:59.633,UTC-0300,tWUO8ZL77Z,,com.sec.android.app.shealth,2026-01-14 17:59:59.999,d4257ff7-5cc8-4881-aefc-68b5ea339426,
63070031,2026-01-14 18:00:00.000,,320e8d6b-9236-4146-8ff6-ec742ca379c5.binning_data.json,63070031,2026-01-14 19:19:17.387,2026-01-14 18:19:08.515,UTC-0300,tWUO8ZL77Z,,com.sec.android.app.shealth,2026-01-14 18:59:59.999,320e8d6b-9236-4146-8ff6-ec742ca379c5,
63070031,2026-01-14 19:00:00.000,,a839de97-0682-4a21-a951-7cbeb353def6.binning_data.json,63070031,2026-01-14 20:19:32.817,2026-01-14 19:19:17.448,UTC-0300,tWUO8ZL77Z,,com.sec.android.app.shealth,2026-01-14 19:59:59.999,a839de97-0682-4a21-a951-7cbeb353def6,
63070031,2026-01-14 20:00:00.000,,690ebf4a-c4a5-42da-8d06-fa90e14d7945.binning_data.json,63070031,2026-01-14 21:19:43.026,2026-01-14 20:19:32.821,UTC-0300,tWUO8ZL77Z,,com.sec.android.app.shealth,2026-01-14 20:59:59.999,690ebf4a-c4a5-42da-8d06-fa90e14d7945,
63070031,2026-01-14 21:00:00.000,,bca5e326-0193-4c1f-9733-4bcb362801c6.binning_data.json,63070031,2026-01-14 22:19:54.531,2026-01-14 21:19:43.124,UTC-0300,tWUO8ZL77Z,,com.sec.android.app.shealth,2026-01-14 21:59:59.999,bca5e326-0193-4c1f-9733-4bcb362801c6,
63070031,2026-01-14 22:00:00.000,,6d359729-15ab-4292-b9c7-5a354910a8ed.binning_data.json,63070031,2026-01-14 23:00:01.576,2026-01-14 22:20:46.592,UTC-0300,tWUO8ZL77Z,,com.sec.android.app.shealth,2026-01-14 22:59:59.999,6d359729-15ab-4292-b9c7-5a354910a8ed,
63070031,2026-01-14 23:00:00.000,,95b962e4-f47a-4a0c-a6ea-106b9b7b38dd.binning_data.json,63070031,2026-01-14 23:29:44.614,2026-01-14 23:20:04.750,UTC-0300,tWUO8ZL77Z,,com.sec.android.app.shealth,2026-01-14 23:39:59.999,95b962e4-f47a-4a0c-a6ea-106b9b7b38dd,
63070031,2026-01-15 00:45:00.000,,e06a183c-9840-4a92-872a-d1814f846eb1.binning_data.json,63070031,2026-01-15 01:05:00.826,2026-01-15 01:05:00.826,UTC-0300,tWUO8ZL77Z,,com.sec.android.app.shealth,2026-01-15 00:59:59.999,e06a183c-9840-4a92-872a-d1814f846eb1,
63070031,2026-01-15 01:00:00.000,,c446bef0-6dc9-4c31-a766-d75b5497d295.binning_data.json,63070031,2026-01-15 02:05:11.132,2026-01-15 01:05:00.838,UTC-0300,tWUO8ZL77Z,,com.sec.android.app.shealth,2026-01-15 01:59:59.999,c446bef0-6dc9-4c31-a766-d75b5497d295,
63070031,2026-01-15 02:00:00.000,,c3334721-85a8-4f5e-9205-2a94aa04f572.binning_data.json,63070031,2026-01-15 03:05:20.667,2026-01-15 02:05:11.176,UTC-0300,tWUO8ZL77Z,,com.sec.android.app.shealth,2026-01-15 02:59:59.999,c3334721-85a8-4f5e-9205-2a94aa04f572,
63070031,2026-01-15 03:00:00.000,,1eebd520-32a6-47a2-8a03-20ac95e56fe2.binning_data.json,63070031,2026-01-15 04:05:28.509,2026-01-15 03:05:20.717,UTC-0300,tWUO8ZL77Z,,com.sec.android.app.shealth,2026-01-15 03:59:59.999,1eebd520-32a6-47a2-8a03-20ac95e56fe2,
63070031,2026-01-15 04:00:00.000,,77eb8246-3d61-4a73-bc55-3a14dc2059b8.binning_data.json,63070031,2026-01-15 05:05:35.914,2026-01-15 04:05:28.528,UTC-0300,tWUO8ZL77Z,,com.sec.android.app.shealth,2026-01-15 04:59:59.999,77eb8246-3d61-4a73-bc55-3a14dc2059b8,
63070031,2026-01-15 05:00:00.000,,860eca10-9e86-4df6-9731-75b7362266b8.binning_data.json,63070031,2026-01-15 06:05:43.692,2026-01-15 05:05:35.925,UTC-0300,tWUO8ZL77Z,,com.sec.android.app.shealth,2026-01-15 05:59:59.999,860eca10-9e86-4df6-9731-75b7362266b8,
63070031,2026-01-15 06:00:00.000,,c9f173fd-15c4-49ea-8e46-a36343dbe98f.binning_data.json,63070031,2026-01-15 07:05:51.093,2026-01-15 06:05:43.721,UTC-0300,tWUO8ZL77Z,,com.sec.android.app.shealth,2026-01-15 06:59:59.999,c9f173fd-15c4-49ea-8e46-a36343dbe98f,
63070031,2026-01-15 07:00:00.000,,faeb823b-14c9-49d4-950d-72e305be8d08.binning_data.json,63070031,2026-01-15 08:05:59.190,2026-01-15 07:05:51.100,UTC-0300,tWUO8ZL77Z,,com.sec.android.app.shealth,2026-01-15 07:59:59.999,faeb823b-14c9-49d4-950d-72e305be8d08,
63070031,2026-01-15 08:00:00.000,,4306411e-6689-4a99-abbf-14615bc4b8da.binning_data.json,63070031,2026-01-15 09:06:07.235,2026-01-15 08:05:59.215,UTC-0300,tWUO8ZL77Z,,com.sec.android.app.shealth,2026-01-15 08:59:59.999,4306411e-6689-4a99-abbf-14615bc4b8da,
63070031,2026-01-15 09:00:00.000,,33fe24d8-7ca3-4aca-8356-070c41ccce5b.binning_data.json,63070031,2026-01-15 10:06:16.619,2026-01-15 09:06:07.252,UTC-0300,tWUO8ZL77Z,,com.sec.android.app.shealth,2026-01-15 09:59:59.999,33fe24d8-7ca3-4aca-8356-070c41ccce5b,
63070031,2026-01-15 10:00:00.000,,17c9fe4f-a045-4e27-942a-88186c3c792d.binning_data.json,63070031,2026-01-15 11:06:27.852,2026-01-15 10:06:16.780,UTC-0300,tWUO8ZL77Z,,com.sec.android.app.shealth,2026-01-15 10:59:59.999,17c9fe4f-a045-4e27-942a-88186c3c792d,
63070031,2026-01-15 11:00:00.000,,cf835bae-404d-43e1-979e-710589b85615.binning_data.json,63070031,2026-01-15 12:06:36.890,2026-01-15 11:06:27.858,UTC-0300,tWUO8ZL77Z,,com.sec.android.app.shealth,2026-01-15 11:59:59.999,cf835bae-404d-43e1-979e-710589b85615,
63070031,2026-01-15 12:00:00.000,,fba1f321-e3c2-4c18-8abe-53856c2a41d7.binning_data.json,63070031,2026-01-15 13:06:48.239,2026-01-15 12:06:36.894,UTC-0300,tWUO8ZL77Z,,com.sec.android.app.shealth,2026-01-15 12:59:59.999,fba1f321-e3c2-4c18-8abe-53856c2a41d7,
63070031,2026-01-15 13:00:00.000,,cbf38a8e-0156-45d8-b026-949b2fe6af0b.binning_data.json,63070031,2026-01-15 14:06:55.842,2026-01-15 13:06:48.244,UTC-0300,tWUO8ZL77Z,,com.sec.android.app.shealth,2026-01-15 13:59:59.999,cbf38a8e-0156-45d8-b026-949b2fe6af0b,
63070031,2026-01-15 14:00:00.000,,88e622c9-2a44-4146-bd47-5fe1b12437dc.binning_data.json,63070031,2026-01-15 15:07:05.569,2026-01-15 14:06:55.850,UTC-0300,tWUO8ZL77Z,,com.sec.android.app.shealth,2026-01-15 14:59:59.999,88e622c9-2a44-4146-bd47-5fe1b12437dc,
63070031,2026-01-15 15:00:00.000,,93f9f1b7-f139-4637-a794-140676e5c4ae.binning_data.json,63070031,2026-01-15 16:07:17.463,2026-01-15 15:07:05.577,UTC-0300,tWUO8ZL77Z,,com.sec.android.app.shealth,2026-01-15 15:59:59.999,93f9f1b7-f139-4637-a794-140676e5c4ae,
63070031,2026-01-15 16:00:00.000,,366cd862-a788-49b3-a5f1-4dce954c811e.binning_data.json,63070031,2026-01-15 17:07:30.559,2026-01-15 16:07:17.562,UTC-0300,tWUO8ZL77Z,,com.sec.android.app.shealth,2026-01-15 16:59:59.999,366cd862-a788-49b3-a5f1-4dce954c811e,
63070031,2026-01-15 17:00:00.000,,34619d88-8ac5-4027-97cc-ee7a2cad8df0.binning_data.json,63070031,2026-01-15 18:07:43.956,2026-01-15 17:07:30.577,UTC-0300,tWUO8ZL77Z,,com.sec.android.app.shealth,2026-01-15 17:59:59.999,34619d88-8ac5-4027-97cc-ee7a2cad8df0,
63070031,2026-01-15 18:00:00.000,,63bdc785-8d49-4918-97f6-30699860a7cc.binning_data.json,63070031,2026-01-15 19:07:55.381,2026-01-15 18:07:43.961,UTC-0300,tWUO8ZL77Z,,com.sec.android.app.shealth,2026-01-15 18:59:59.999,63bdc785-8d49-4918-97f6-30699860a7cc,
63070031,2026-01-15 19:00:00.000,,4ab108fd-40ed-49a0-ac6a-07b51cbe6c3a.binning_data.json,63070031,2026-01-15 20:08:07.053,2026-01-15 19:07:55.511,UTC-0300,tWUO8ZL77Z,,com.sec.android.app.shealth,2026-01-15 19:59:59.999,4ab108fd-40ed-49a0-ac6a-07b51cbe6c3a,
63070031,2026-01-15 20:00:00.000,,655aa733-c689-466b-8a07-9afc77a5615c.binning_data.json,63070031,2026-01-15 21:08:18.698,2026-01-15 20:08:07.071,UTC-0300,tWUO8ZL77Z,,com.sec.android.app.shealth,2026-01-15 20:59:59.999,655aa733-c689-466b-8a07-9afc77a5615c,
63070031,2026-01-15 21:00:00.000,,2c6e98f3-1448-44a5-a77c-c7b6f083ce01.binning_data.json,63070031,2026-01-15 22:08:31.347,2026-01-15 21:08:18.800,UTC-0300,tWUO8ZL77Z,,com.sec.android.app.shealth,2026-01-15 21:59:59.999,2c6e98f3-1448-44a5-a77c-c7b6f083ce01,
63070031,2026-01-15 22:00:00.000,,ca7b36a5-9bff-4213-9943-faf99b756cbe.binning_data.json,63070031,2026-01-15 23:08:41.657,2026-01-15 22:08:31.400,UTC-0300,tWUO8ZL77Z,,com.sec.android.app.shealth,2026-01-15 22:59:59.999,ca7b36a5-9bff-4213-9943-faf99b756cbe,
63070031,2026-01-15 23:00:00.000,,4ec8d78e-2084-4486-b9ce-c45cb0db76cc.binning_data.json,63070031,2026-01-15 23:39:30.536,2026-01-15 23:08:41.665,UTC-0300,tWUO8ZL77Z,,com.sec.android.app.shealth,2026-01-15 23:48:59.999,4ec8d78e-2084-4486-b9ce-c45cb0db76cc,
63070031,2026-01-16 01:42:00.000,,684e2430-1754-4536-b2b9-dbb1bd56746e.binning_data.json,63070031,2026-01-16 02:02:48.317,2026-01-16 02:02:48.317,UTC-0300,tWUO8ZL77Z,,com.sec.android.app.shealth,2026-01-16 01:59:59.999,684e2430-1754-4536-b2b9-dbb1bd56746e,
63070031,2026-01-16 02:00:00.000,,f3c5aa88-f6da-40b4-bd11-7eef503ac6ce.binning_data.json,63070031,2026-01-16 03:03:00.507,2026-01-16 02:02:48.325,UTC-0300,tWUO8ZL77Z,,com.sec.android.app.shealth,2026-01-16 02:59:59.999,f3c5aa88-f6da-40b4-bd11-7eef503ac6ce,
63070031,2026-01-16 03:00:00.000,,e507b737-c7cb-4842-9ea6-d4131b44067b.binning_data.json,63070031,2026-01-16 04:03:12.746,2026-01-16 03:03:00.515,UTC-0300,tWUO8ZL77Z,,com.sec.android.app.shealth,2026-01-16 03:59:59.999,e507b737-c7cb-4842-9ea6-d4131b44067b,
63070031,2026-01-16 04:00:00.000,,d22f86a3-69af-41f6-a120-62e05e9d9ed6.binning_data.json,63070031,2026-01-16 05:03:27.307,2026-01-16 04:03:12.753,UTC-0300,tWUO8ZL77Z,,com.sec.android.app.shealth,2026-01-16 04:59:59.999,d22f86a3-69af-41f6-a120-62e05e9d9ed6,
63070031,2026-01-16 05:00:00.000,,4cae1a42-b95f-4b42-b52f-363bce87ca8a.binning_data.json,63070031,2026-01-16 06:03:39.071,2026-01-16 05:03:27.402,UTC-0300,tWUO8ZL77Z,,com.sec.android.app.shealth,2026-01-16 05:59:59.999,4cae1a42-b95f-4b42-b52f-363bce87ca8a,
63070031,2026-01-16 06:00:00.000,,666bcb22-434a-4b12-9bd4-db85fcccf5dd.binning_data.json,63070031,2026-01-16 07:03:51.519,2026-01-16 06:03:39.076,UTC-0300,tWUO8ZL77Z,,com.sec.android.app.shealth,2026-01-16 06:59:59.999,666bcb22-434a-4b12-9bd4-db85fcccf5dd,
63070031,2026-01-16 07:00:00.000,,f2fbbbe8-70e2-4220-876f-fc74764aa16e.binning_data.json,63070031,2026-01-16 08:04:05.627,2026-01-16 07:03:51.528,UTC-0300,tWUO8ZL77Z,,com.sec.android.app.shealth,2026-01-16 07:59:59.999,f2fbbbe8-70e2-4220-876f-fc74764aa16e,
63070031,2026-01-16 08:00:00.000,,2d01015f-6a64-4301-9b91-6f328b1e3723.binning_data.json,63070031,2026-01-16 09:04:19.824,2026-01-16 08:04:05.634,UTC-0300,tWUO8ZL77Z,,com.sec.android.app.shealth,2026-01-16 08:59:59.999,2d01015f-6a64-4301-9b91-6f328b1e3723,
63070031,2026-01-16 09:00:00.000,,038525de-aca0-40fe-86e4-1a7849059ea8.binning_data.json,63070031,2026-01-16 10:04:31.007,2026-01-16 09:04:19.832,UTC-0300,tWUO8ZL77Z,,com.sec.android.app.shealth,2026-01-16 09:59:59.999,038525de-aca0-40fe-86e4-1a7849059ea8,
63070031,2026-01-16 10:00:00.000,,da87d5b0-f77c-42f2-bade-d8daa266ae6c.binning_data.json,63070031,2026-01-16 11:04:41.892,2026-01-16 10:04:31.101,UTC-0300,tWUO8ZL77Z,,com.sec.android.app.shealth,2026-01-16 10:59:59.999,da87d5b0-f77c-42f2-bade-d8daa266ae6c,
63070031,2026-01-16 11:00:00.000,,ab2ab6bf-4ebf-4097-9fe4-1e9ce962cab2.binning_data.json,63070031,2026-01-16 12:04:52.371,2026-01-16 11:04:41.903,UTC-0300,tWUO8ZL77Z,,com.sec.android.app.shealth,2026-01-16 11:59:59.999,ab2ab6bf-4ebf-4097-9fe4-1e9ce962cab2,
63070031,2026-01-16 12:00:00.000,,409523b5-0b7d-411d-a332-3c4bbd0b7fd4.binning_data.json,63070031,2026-01-16 13:05:05.015,2026-01-16 12:04:52.456,UTC-0300,tWUO8ZL77Z,,com.sec.android.app.shealth,2026-01-16 12:59:59.999,409523b5-0b7d-411d-a332-3c4bbd0b7fd4,
63070031,2026-01-16 13:00:00.000,,1206e914-6006-492b-935b-4cd4af80929b.binning_data.json,63070031,2026-01-16 14:05:16.978,2026-01-16 13:05:05.026,UTC-0300,tWUO8ZL77Z,,com.sec.android.app.shealth,2026-01-16 13:59:59.999,1206e914-6006-492b-935b-4cd4af80929b,
63070031,2026-01-16 14:00:00.000,,ed7debe5-0b18-476e-8ce3-c5468a022116.binning_data.json,63070031,2026-01-16 15:05:29.795,2026-01-16 14:05:16.986,UTC-0300,tWUO8ZL77Z,,com.sec.android.app.shealth,2026-01-16 14:59:59.999,ed7debe5-0b18-476e-8ce3-c5468a022116,
63070031,2026-01-16 15:00:00.000,,89f793e0-11b4-4bc9-bc97-cbb54d73da72.binning_data.json,63070031,2026-01-16 16:05:41.211,2026-01-16 15:05:29.801,UTC-0300,tWUO8ZL77Z,,com.sec.android.app.shealth,2026-01-16 15:59:59.999,89f793e0-11b4-4bc9-bc97-cbb54d73da72,
63070031,2026-01-16 16:00:00.000,,2db7d6e8-1651-4d8a-8d8a-5692c3d23e4d.binning_data.json,63070031,2026-01-16 17:05:53.603,2026-01-16 16:05:41.233,UTC-0300,tWUO8ZL77Z,,com.sec.android.app.shealth,2026-01-16 16:59:59.999,2db7d6e8-1651-4d8a-8d8a-5692c3d23e4d,
63070031,2026-01-16 17:00:00.000,,065d01a3-ea7c-47ce-bebd-c09081740685.binning_data.json,63070031,2026-01-16 18:06:05.747,2026-01-16 17:05:53.612,UTC-0300,tWUO8ZL77Z,,com.sec.android.app.shealth,2026-01-16 17:59:59.999,065d01a3-ea7c-47ce-bebd-c09081740685,
63070031,2026-01-16 18:00:00.000,,f2a47148-cb11-45f7-aecf-4ad030c3ffab.binning_data.json,63070031,2026-01-16 19:06:18.841,2026-01-16 18:06:05.855,UTC-0300,tWUO8ZL77Z,,com.sec.android.app.shealth,2026-01-16 18:59:59.999,f2a47148-cb11-45f7-aecf-4ad030c3ffab,
63070031,2026-01-16 19:00:00.000,,e25ddd97-da86-494c-a05d-11d2d96963aa.binning_data.json,63070031,2026-01-16 20:18:33.031,2026-01-16 19:06:18.909,UTC-0300,tWUO8ZL77Z,,com.sec.android.app.shealth,2026-01-16 19:59:59.999,e25ddd97-da86-494c-a05d-11d2d96963aa,
63070031,2026-01-16 20:00:00.000,,486567b8-4906-4351-8c44-dd351af5296a.binning_data.json,63070031,2026-01-16 21:18:50.294,2026-01-16 20:18:33.124,UTC-0300,tWUO8ZL77Z,,com.sec.android.app.shealth,2026-01-16 20:59:59.999,486567b8-4906-4351-8c44-dd351af5296a,
63070031,2026-01-16 21:00:00.000,,59486a7a-ad06-4cfb-90ea-a0ea3297f1c9.binning_data.json,63070031,2026-01-16 22:19:07.022,2026-01-16 21:18:50.300,UTC-0300,tWUO8ZL77Z,,com.sec.android.app.shealth,2026-01-16 21:59:59.999,59486a7a-ad06-4cfb-90ea-a0ea3297f1c9,
63070031,2026-01-16 22:00:00.000,,dfb596af-66ba-4225-a8d2-2eeda013904d.binning_data.json,63070031,2026-01-16 23:19:22.223,2026-01-16 22:19:07.112,UTC-0300,tWUO8ZL77Z,,com.sec.android.app.shealth,2026-01-16 22:59:59.999,dfb596af-66ba-4225-a8d2-2eeda013904d,
63070031,2026-01-16 23:00:00.000,,299356cc-223d-43cd-a978-1f549d981656.binning_data.json,63070031,2026-01-16 23:37:01.809,2026-01-16 23:19:22.240,UTC-0300,tWUO8ZL77Z,,com.sec.android.app.shealth,2026-01-16 23:39:59.999,299356cc-223d-43cd-a978-1f549d981656,
63070031,2026-01-17 01:25:00.000,,e232dc88-db10-4994-a99d-9a9c6980d45c.binning_data.json,63070031,2026-01-17 02:05:16.613,2026-01-17 01:45:14.040,UTC-0300,tWUO8ZL77Z,,com.sec.android.app.shealth,2026-01-17 01:59:59.999,e232dc88-db10-4994-a99d-9a9c6980d45c,
63070031,2026-01-17 02:00:00.000,,523e990c-2500-475e-ba1c-9f37155e228c.binning_data.json,63070031,2026-01-17 03:05:30.196,2026-01-17 02:05:16.631,UTC-0300,tWUO8ZL77Z,,com.sec.android.app.shealth,2026-01-17 02:59:59.999,523e990c-2500-475e-ba1c-9f37155e228c,
63070031,2026-01-17 03:00:00.000,,25b6184d-7a1f-430c-a073-24209e0eccba.binning_data.json,63070031,2026-01-17 04:05:42.819,2026-01-17 03:05:30.203,UTC-0300,tWUO8ZL77Z,,com.sec.android.app.shealth,2026-01-17 03:59:59.999,25b6184d-7a1f-430c-a073-24209e0eccba,
63070031,2026-01-17 04:00:00.000,,72b1a741-3a35-4193-ac65-5cd7b1cbba26.binning_data.json,63070031,2026-01-17 05:05:53.974,2026-01-17 04:05:42.855,UTC-0300,tWUO8ZL77Z,,com.sec.android.app.shealth,2026-01-17 04:59:59.999,72b1a741-3a35-4193-ac65-5cd7b1cbba26,
63070031,2026-01-17 05:00:00.000,,338436c5-e986-43e3-9063-1f4a339f8d7d.binning_data.json,63070031,2026-01-17 06:06:03.843,2026-01-17 05:05:54.012,UTC-0300,tWUO8ZL77Z,,com.sec.android.app.shealth,2026-01-17 05:59:59.999,338436c5-e986-43e3-9063-1f4a339f8d7d,
63070031,2026-01-17 06:00:00.000,,6790bc98-5c77-4749-bcd0-a4af277fb680.binning_data.json,63070031,2026-01-17 07:06:15.628,2026-01-17 06:06:03.915,UTC-0300,tWUO8ZL77Z,,com.sec.android.app.shealth,2026-01-17 06:59:59.999,6790bc98-5c77-4749-bcd0-a4af277fb680,
63070031,2026-01-17 07:00:00.000,,a4b775a6-8723-46d5-a8de-2f281093fa0b.binning_data.json,63070031,2026-01-17 08:06:25.265,2026-01-17 07:06:15.671,UTC-0300,tWUO8ZL77Z,,com.sec.android.app.shealth,2026-01-17 07:59:59.999,a4b775a6-8723-46d5-a8de-2f281093fa0b,
63070031,2026-01-17 08:00:00.000,,722a3600-0911-4ec1-97cb-8ff66243e73d.binning_data.json,63070031,2026-01-17 09:06:37.180,2026-01-17 08:06:25.288,UTC-0300,tWUO8ZL77Z,,com.sec.android.app.shealth,2026-01-17 08:59:59.999,722a3600-0911-4ec1-97cb-8ff66243e73d,
63070031,2026-01-17 09:00:00.000,,05705399-e9ba-42af-a0ac-f3c49ef1457f.binning_data.json,63070031,2026-01-17 10:06:49.174,2026-01-17 09:06:37.187,UTC-0300,tWUO8ZL77Z,,com.sec.android.app.shealth,2026-01-17 09:59:59.999,05705399-e9ba-42af-a0ac-f3c49ef1457f,
63070031,2026-01-17 10:00:00.000,,e6214b19-c9ca-4e1e-8231-07180765f87d.binning_data.json,63070031,2026-01-17 11:07:00.251,2026-01-17 10:06:49.178,UTC-0300,tWUO8ZL77Z,,com.sec.android.app.shealth,2026-01-17 10:59:59.999,e6214b19-c9ca-4e1e-8231-07180765f87d,
63070031,2026-01-17 11:00:00.000,,f7e9a920-8f03-4bf6-828f-00b600aa4874.binning_data.json,63070031,2026-01-17 12:07:09.325,2026-01-17 11:07:00.270,UTC-0300,tWUO8ZL77Z,,com.sec.android.app.shealth,2026-01-17 11:59:59.999,f7e9a920-8f03-4bf6-828f-00b600aa4874,
63070031,2026-01-17 12:00:00.000,,09b5615b-eaac-471b-b299-ed13be001550.binning_data.json,63070031,2026-01-17 13:07:19.035,2026-01-17 12:07:09.416,UTC-0300,tWUO8ZL77Z,,com.sec.android.app.shealth,2026-01-17 12:59:59.999,09b5615b-eaac-471b-b299-ed13be001550,
63070031,2026-01-17 13:00:00.000,,77ac5cd8-c950-4e6f-baef-0901da2b3338.binning_data.json,63070031,2026-01-17 14:07:30.884,2026-01-17 13:07:19.094,UTC-0300,tWUO8ZL77Z,,com.sec.android.app.shealth,2026-01-17 13:59:59.999,77ac5cd8-c950-4e6f-baef-0901da2b3338,
63070031,2026-01-17 14:00:00.000,,80f30cbd-1ae6-4661-93e1-045a091f61f7.binning_data.json,63070031,2026-01-17 15:07:39.671,2026-01-17 14:07:30.975,UTC-0300,tWUO8ZL77Z,,com.sec.android.app.shealth,2026-01-17 14:59:59.999,80f30cbd-1ae6-4661-93e1-045a091f61f7,
63070031,2026-01-17 15:00:00.000,,64ff71da-cf59-484d-8ba0-128bfb93fcfe.binning_data.json,63070031,2026-01-17 16:07:48.610,2026-01-17 15:07:39.691,UTC-0300,tWUO8ZL77Z,,com.sec.android.app.shealth,2026-01-17 15:59:59.999,64ff71da-cf59-484d-8ba0-128bfb93fcfe,
63070031,2026-01-17 16:00:00.000,,e123db31-c0f5-4a91-ba87-662d646252d0.binning_data.json,63070031,2026-01-17 17:07:59.579,2026-01-17 16:07:48.683,UTC-0300,tWUO8ZL77Z,,com.sec.android.app.shealth,2026-01-17 16:59:59.999,e123db31-c0f5-4a91-ba87-662d646252d0,
63070031,2026-01-17 17:00:00.000,,5ccfacf8-ef86-4193-872b-347ea91b33a3.binning_data.json,63070031,2026-01-17 18:08:10.536,2026-01-17 17:07:59.599,UTC-0300,tWUO8ZL77Z,,com.sec.android.app.shealth,2026-01-17 17:59:59.999,5ccfacf8-ef86-4193-872b-347ea91b33a3,
63070031,2026-01-17 18:00:00.000,,15368114-4342-4205-839a-df97c06cb7bc.binning_data.json,63070031,2026-01-17 19:08:21.898,2026-01-17 18:08:10.549,UTC-0300,tWUO8ZL77Z,,com.sec.android.app.shealth,2026-01-17 18:59:59.999,15368114-4342-4205-839a-df97c06cb7bc,
63070031,2026-01-17 19:00:00.000,,1481e49a-e8b7-4b4d-9183-4aa2c712122c.binning_data.json,63070031,2026-01-17 20:08:33.697,2026-01-17 19:08:21.997,UTC-0300,tWUO8ZL77Z,,com.sec.android.app.shealth,2026-01-17 19:59:59.999,1481e49a-e8b7-4b4d-9183-4aa2c712122c,
63070031,2026-01-17 20:00:00.000,,83858b74-5576-413a-b8b9-1b1ca9c5f7e5.binning_data.json,63070031,2026-01-17 21:08:46.086,2026-01-17 20:08:33.713,UTC-0300,tWUO8ZL77Z,,com.sec.android.app.shealth,2026-01-17 20:59:59.999,83858b74-5576-413a-b8b9-1b1ca9c5f7e5,
63070031,2026-01-17 21:00:00.000,,70fabeb1-67e4-4169-8909-0ec1e8072dc0.binning_data.json,63070031,2026-01-17 22:08:54.970,2026-01-17 21:08:46.104,UTC-0300,tWUO8ZL77Z,,com.sec.android.app.shealth,2026-01-17 21:59:59.999,70fabeb1-67e4-4169-8909-0ec1e8072dc0,
63070031,2026-01-17 22:00:00.000,,13849133-934f-4a5a-9f40-c928e18b75db.binning_data.json,63070031,2026-01-17 23:06:02.564,2026-01-17 22:08:55.076,UTC-0300,tWUO8ZL77Z,,com.sec.android.app.shealth,2026-01-17 22:59:59.999,13849133-934f-4a5a-9f40-c928e18b75db,
63070031,2026-01-17 23:00:00.000,,1dbd64fa-7aef-497f-8882-4c00ed27383e.binning_data.json,63070031,2026-01-17 23:06:02.573,2026-01-17 23:06:02.573,UTC-0300,tWUO8ZL77Z,,com.sec.android.app.shealth,2026-01-17 23:09:59.999,1dbd64fa-7aef-497f-8882-4c00ed27383e,
63070031,2026-01-18 02:02:00.000,,8bcb0192-d33f-49fa-a182-0be37b2a3fcd.binning_data.json,63070031,2026-01-18 03:03:02.326,2026-01-18 02:22:56.430,UTC-0300,tWUO8ZL77Z,,com.sec.android.app.shealth,2026-01-18 02:59:59.999,8bcb0192-d33f-49fa-a182-0be37b2a3fcd,
63070031,2026-01-18 03:00:00.000,,214a479c-6709-4378-a0b8-1d7c3186c581.binning_data.json,63070031,2026-01-18 04:03:11.531,2026-01-18 03:03:02.407,UTC-0300,tWUO8ZL77Z,,com.sec.android.app.shealth,2026-01-18 03:59:59.999,214a479c-6709-4378-a0b8-1d7c3186c581,
63070031,2026-01-18 04:00:00.000,,fdffd486-bc80-42be-865f-3738e9089a5f.binning_data.json,63070031,2026-01-18 05:03:22.356,2026-01-18 04:03:11.532,UTC-0300,tWUO8ZL77Z,,com.sec.android.app.shealth,2026-01-18 04:59:59.999,fdffd486-bc80-42be-865f-3738e9089a5f,
63070031,2026-01-18 05:00:00.000,,6dc1a1c1-29e4-4cd8-9dde-f30882c9a053.binning_data.json,63070031,2026-01-18 06:03:34.140,2026-01-18 05:03:22.373,UTC-0300,tWUO8ZL77Z,,com.sec.android.app.shealth,2026-01-18 05:59:59.999,6dc1a1c1-29e4-4cd8-9dde-f30882c9a053,
63070031,2026-01-18 06:00:00.000,,7ff8f483-4e52-468d-a344-41273131ca7c.binning_data.json,63070031,2026-01-18 07:03:46.012,2026-01-18 06:03:34.145,UTC-0300,tWUO8ZL77Z,,com.sec.android.app.shealth,2026-01-18 06:59:59.999,7ff8f483-4e52-468d-a344-41273131ca7c,
63070031,2026-01-18 07:00:00.000,,205dc91c-08a1-4c97-ab7e-d0ee2e38a393.binning_data.json,63070031,2026-01-18 08:03:56.827,2026-01-18 07:03:46.022,UTC-0300,tWUO8ZL77Z,,com.sec.android.app.shealth,2026-01-18 07:59:59.999,205dc91c-08a1-4c97-ab7e-d0ee2e38a393,
63070031,2026-01-18 08:00:00.000,,fe135f5c-3de0-4320-9f4d-98ba38cc0690.binning_data.json,63070031,2026-01-18 09:04:07.756,2026-01-18 08:03:56.831,UTC-0300,tWUO8ZL77Z,,com.sec.android.app.shealth,2026-01-18 08:59:59.999,fe135f5c-3de0-4320-9f4d-98ba38cc0690,
63070031,2026-01-18 09:00:00.000,,24fbf364-de74-41bd-a004-475d60f160ce.binning_data.json,63070031,2026-01-18 10:04:18.466,2026-01-18 09:04:07.814,UTC-0300,tWUO8ZL77Z,,com.sec.android.app.shealth,2026-01-18 09:59:59.999,24fbf364-de74-41bd-a004-475d60f160ce,
63070031,2026-01-18 10:00:00.000,,01ecaa09-b8a3-416c-868e-a1372df3dae7.binning_data.json,63070031,2026-01-18 11:04:29.709,2026-01-18 10:04:18.495,UTC-0300,tWUO8ZL77Z,,com.sec.android.app.shealth,2026-01-18 10:59:59.999,01ecaa09-b8a3-416c-868e-a1372df3dae7,
63070031,2026-01-18 11:00:00.000,,8ffccb7d-a8d5-4f61-a753-b8dda80829d3.binning_data.json,63070031,2026-01-18 12:04:39.887,2026-01-18 11:04:29.842,UTC-0300,tWUO8ZL77Z,,com.sec.android.app.shealth,2026-01-18 11:59:59.999,8ffccb7d-a8d5-4f61-a753-b8dda80829d3,
63070031,2026-01-18 12:00:00.000,,50cc9543-2a24-4e9d-be4e-e0406cde62d2.binning_data.json,63070031,2026-01-18 13:04:51.283,2026-01-18 12:04:40.056,UTC-0300,tWUO8ZL77Z,,com.sec.android.app.shealth,2026-01-18 12:59:59.999,50cc9543-2a24-4e9d-be4e-e0406cde62d2,
63070031,2026-01-18 13:00:00.000,,9f6f7854-72be-40ae-8665-c8daa064b10d.binning_data.json,63070031,2026-01-18 14:05:03.253,2026-01-18 13:04:51.395,UTC-0300,tWUO8ZL77Z,,com.sec.android.app.shealth,2026-01-18 13:59:59.999,9f6f7854-72be-40ae-8665-c8daa064b10d,
63070031,2026-01-18 14:00:00.000,,55d5e748-6ddb-4e39-95a4-95d8df12a105.binning_data.json,63070031,2026-01-18 15:05:12.692,2026-01-18 14:05:03.370,UTC-0300,tWUO8ZL77Z,,com.sec.android.app.shealth,2026-01-18 14:59:59.999,55d5e748-6ddb-4e39-95a4-95d8df12a105,
63070031,2026-01-18 15:00:00.000,,ca03a5ee-ea74-45b0-8dbb-591742eeb987.binning_data.json,63070031,2026-01-18 16:05:22.621,2026-01-18 15:05:12.707,UTC-0300,tWUO8ZL77Z,,com.sec.android.app.shealth,2026-01-18 15:59:59.999,ca03a5ee-ea74-45b0-8dbb-591742eeb987,
63070031,2026-01-18 16:00:00.000,,c45e065f-3db1-46f6-ad82-faf542762987.binning_data.json,63070031,2026-01-18 17:05:33.631,2026-01-18 16:05:22.677,UTC-0300,tWUO8ZL77Z,,com.sec.android.app.shealth,2026-01-18 16:59:59.999,c45e065f-3db1-46f6-ad82-faf542762987,
63070031,2026-01-18 17:00:00.000,,ef6e7b96-d911-42d5-a43a-5942beb0a36a.binning_data.json,63070031,2026-01-18 18:05:44.251,2026-01-18 17:05:33.768,UTC-0300,tWUO8ZL77Z,,com.sec.android.app.shealth,2026-01-18 17:59:59.999,ef6e7b96-d911-42d5-a43a-5942beb0a36a,
63070031,2026-01-18 18:00:00.000,,4b44b942-933f-4bfc-9ef8-7cfa74c834ae.binning_data.json,63070031,2026-01-18 19:05:54.412,2026-01-18 18:05:44.260,UTC-0300,tWUO8ZL77Z,,com.sec.android.app.shealth,2026-01-18 18:59:59.999,4b44b942-933f-4bfc-9ef8-7cfa74c834ae,
63070031,2026-01-18 19:00:00.000,,bb0201bc-8ab3-4d93-af51-5a1150cebc5e.binning_data.json,63070031,2026-01-18 20:06:04.735,2026-01-18 19:05:54.423,UTC-0300,tWUO8ZL77Z,,com.sec.android.app.shealth,2026-01-18 19:59:59.999,bb0201bc-8ab3-4d93-af51-5a1150cebc5e,
63070031,2026-01-18 20:00:00.000,,4c8400b3-d58c-431d-a7f8-9e4dbf2f6e27.binning_data.json,63070031,2026-01-18 21:06:15.595,2026-01-18 20:06:04.750,UTC-0300,tWUO8ZL77Z,,com.sec.android.app.shealth,2026-01-18 20:59:59.999,4c8400b3-d58c-431d-a7f8-9e4dbf2f6e27,
63070031,2026-01-18 21:00:00.000,,0be3dbd1-ff3a-40f2-b9f2-248a3307f265.binning_data.json,63070031,2026-01-18 22:06:25.769,2026-01-18 21:06:15.686,UTC-0300,tWUO8ZL77Z,,com.sec.android.app.shealth,2026-01-18 21:59:59.999,0be3dbd1-ff3a-40f2-b9f2-248a3307f265,
63070031,2026-01-18 22:00:00.000,,4d1c0289-4d5d-4ab4-8736-7a254938ce6f.binning_data.json,63070031,2026-01-18 23:06:35.581,2026-01-18 22:06:25.774,UTC-0300,tWUO8ZL77Z,,com.sec.android.app.shealth,2026-01-18 22:59:59.999,4d1c0289-4d5d-4ab4-8736-7a254938ce6f,
63070031,2026-01-18 23:00:00.000,,d7b62aad-84f3-4385-9827-083d9633695d.binning_data.json,63070031,2026-01-19 00:06:47.067,2026-01-18 23:06:35.703,UTC-0300,tWUO8ZL77Z,,com.sec.android.app.shealth,2026-01-18 23:59:59.999,d7b62aad-84f3-4385-9827-083d9633695d,
63070031,2026-01-19 00:00:00.000,,9e2512a3-a151-4243-b01a-7d01dcd1a46e.binning_data.json,63070031,2026-01-19 00:40:07.632,2026-01-19 00:06:47.075,UTC-0300,tWUO8ZL77Z,,com.sec.android.app.shealth,2026-01-19 00:46:59.999,9e2512a3-a151-4243-b01a-7d01dcd1a46e,
63070031,2026-01-19 02:00:00.000,,7a5828d2-836e-4f98-a754-7f80cc507e8c.binning_data.json,63070031,2026-01-19 03:00:55.814,2026-01-19 02:20:48.882,UTC-0300,tWUO8ZL77Z,,com.sec.android.app.shealth,2026-01-19 02:59:59.999,7a5828d2-836e-4f98-a754-7f80cc507e8c,
63070031,2026-01-19 03:00:00.000,,034898f2-c979-4569-a686-b6973b1e7336.binning_data.json,63070031,2026-01-19 04:01:06.439,2026-01-19 03:20:59.251,UTC-0300,tWUO8ZL77Z,,com.sec.android.app.shealth,2026-01-19 03:59:59.999,034898f2-c979-4569-a686-b6973b1e7336,
63070031,2026-01-19 04:00:00.000,,0d284910-1c8b-4663-9479-e70a6aa569e2.binning_data.json,63070031,2026-01-19 05:01:16.887,2026-01-19 04:01:06.605,UTC-0300,tWUO8ZL77Z,,com.sec.android.app.shealth,2026-01-19 04:59:59.999,0d284910-1c8b-4663-9479-e70a6aa569e2,
63070031,2026-01-19 05:00:00.000,,05953a51-209a-466e-9359-b1f78b5de151.binning_data.json,63070031,2026-01-19 06:01:28.404,2026-01-19 05:01:16.896,UTC-0300,tWUO8ZL77Z,,com.sec.android.app.shealth,2026-01-19 05:59:59.999,05953a51-209a-466e-9359-b1f78b5de151,
63070031,2026-01-19 06:00:00.000,,e611d57e-ecf9-481a-b1d8-6b2e1d721c24.binning_data.json,63070031,2026-01-19 07:01:39.674,2026-01-19 06:01:28.409,UTC-0300,tWUO8ZL77Z,,com.sec.android.app.shealth,2026-01-19 06:59:59.999,e611d57e-ecf9-481a-b1d8-6b2e1d721c24,
63070031,2026-01-19 07:00:00.000,,ea741c89-ce68-4dee-b97f-f5c3766ee197.binning_data.json,63070031,2026-01-19 08:01:51.267,2026-01-19 07:01:39.678,UTC-0300,tWUO8ZL77Z,,com.sec.android.app.shealth,2026-01-19 07:59:59.999,ea741c89-ce68-4dee-b97f-f5c3766ee197,
63070031,2026-01-19 08:00:00.000,,d58d13ce-4788-4865-a0f5-744160ecbadc.binning_data.json,63070031,2026-01-19 09:02:01.892,2026-01-19 08:01:51.276,UTC-0300,tWUO8ZL77Z,,com.sec.android.app.shealth,2026-01-19 08:59:59.999,d58d13ce-4788-4865-a0f5-744160ecbadc,
63070031,2026-01-19 09:00:00.000,,72a6614b-fe6b-4052-9ef8-348106494c9f.binning_data.json,63070031,2026-01-19 10:02:13.166,2026-01-19 09:02:01.897,UTC-0300,tWUO8ZL77Z,,com.sec.android.app.shealth,2026-01-19 09:59:59.999,72a6614b-fe6b-4052-9ef8-348106494c9f,
63070031,2026-01-19 10:00:00.000,,684961ab-2506-419b-ab81-54a846b2e05c.binning_data.json,63070031,2026-01-19 11:02:24.561,2026-01-19 10:02:13.172,UTC-0300,tWUO8ZL77Z,,com.sec.android.app.shealth,2026-01-19 10:59:59.999,684961ab-2506-419b-ab81-54a846b2e05c,
63070031,2026-01-19 11:00:00.000,,9adf07b4-921d-41fc-92f0-67b857353e63.binning_data.json,63070031,2026-01-19 12:02:36.413,2026-01-19 11:02:24.710,UTC-0300,tWUO8ZL77Z,,com.sec.android.app.shealth,2026-01-19 11:59:59.999,9adf07b4-921d-41fc-92f0-67b857353e63,
63070031,2026-01-19 12:00:00.000,,4d56fef8-3466-4647-b5be-9619c0684dda.binning_data.json,63070031,2026-01-19 13:02:48.839,2026-01-19 12:02:36.422,UTC-0300,tWUO8ZL77Z,,com.sec.android.app.shealth,2026-01-19 12:59:59.999,4d56fef8-3466-4647-b5be-9619c0684dda,
63070031,2026-01-19 13:00:00.000,,d3c6a2be-8392-482f-9a19-810293920dcb.binning_data.json,63070031,2026-01-19 14:03:01.099,2026-01-19 13:02:48.861,UTC-0300,tWUO8ZL77Z,,com.sec.android.app.shealth,2026-01-19 13:59:59.999,d3c6a2be-8392-482f-9a19-810293920dcb,
63070031,2026-01-19 14:00:00.000,,4bd5ab01-9ef3-461d-8b24-c795e7069fb0.binning_data.json,63070031,2026-01-19 15:03:11.771,2026-01-19 14:03:01.105,UTC-0300,tWUO8ZL77Z,,com.sec.android.app.shealth,2026-01-19 14:59:59.999,4bd5ab01-9ef3-461d-8b24-c795e7069fb0,
63070031,2026-01-19 15:00:00.000,,d51904ac-7c96-4202-b580-7385a2c92a23.binning_data.json,63070031,2026-01-19 16:03:23.363,2026-01-19 15:03:11.780,UTC-0300,tWUO8ZL77Z,,com.sec.android.app.shealth,2026-01-19 15:59:59.999,d51904ac-7c96-4202-b580-7385a2c92a23,
63070031,2026-01-19 16:00:00.000,,1667feb6-1a21-4249-999b-8d56ef88e8ee.binning_data.json,63070031,2026-01-19 17:03:34.410,2026-01-19 16:03:23.407,UTC-0300,tWUO8ZL77Z,,com.sec.android.app.shealth,2026-01-19 16:59:59.999,1667feb6-1a21-4249-999b-8d56ef88e8ee,
63070031,2026-01-19 17:00:00.000,,fa289d22-6b95-4c08-865d-1ac019ac8264.binning_data.json,63070031,2026-01-19 18:03:45.323,2026-01-19 17:03:34.428,UTC-0300,tWUO8ZL77Z,,com.sec.android.app.shealth,2026-01-19 17:59:59.999,fa289d22-6b95-4c08-865d-1ac019ac8264,
63070031,2026-01-19 18:00:00.000,,e5c929f5-9d20-4709-8c59-a42c3d018bc7.binning_data.json,63070031,2026-01-19 19:03:57.163,2026-01-19 18:03:45.408,UTC-0300,tWUO8ZL77Z,,com.sec.android.app.shealth,2026-01-19 18:59:59.999,e5c929f5-9d20-4709-8c59-a42c3d018bc7,
63070031,2026-01-19 19:00:00.000,,0e06fac3-d1ef-4c19-8e78-2fde774fc6d5.binning_data.json,63070031,2026-01-19 20:04:07.596,2026-01-19 19:03:57.183,UTC-0300,tWUO8ZL77Z,,com.sec.android.app.shealth,2026-01-19 19:59:59.999,0e06fac3-d1ef-4c19-8e78-2fde774fc6d5,
63070031,2026-01-19 20:00:00.000,,6c7cd78e-6c29-411c-a363-06713e59cf99.binning_data.json,63070031,2026-01-19 21:04:19.986,2026-01-19 20:04:07.601,UTC-0300,tWUO8ZL77Z,,com.sec.android.app.shealth,2026-01-19 20:59:59.999,6c7cd78e-6c29-411c-a363-06713e59cf99,
63070031,2026-01-19 21:00:00.000,,2dd145e5-bf11-482d-b99b-935d823f61c0.binning_data.json,63070031,2026-01-19 22:04:30.873,2026-01-19 21:04:20.062,UTC-0300,tWUO8ZL77Z,,com.sec.android.app.shealth,2026-01-19 21:59:59.999,2dd145e5-bf11-482d-b99b-935d823f61c0,
63070031,2026-01-19 22:00:00.000,,68d6047e-9698-4d07-b0d1-d48d3e996cb9.binning_data.json,63070031,2026-01-19 23:04:40.209,2026-01-19 22:04:30.889,UTC-0300,tWUO8ZL77Z,,com.sec.android.app.shealth,2026-01-19 22:59:59.999,68d6047e-9698-4d07-b0d1-d48d3e996cb9,
63070031,2026-01-19 23:00:00.000,,e13ec430-e8ba-40e0-a6da-6aab2b6f4667.binning_data.json,63070031,2026-01-19 23:23:53.195,2026-01-19 23:04:40.221,UTC-0300,tWUO8ZL77Z,,com.sec.android.app.shealth,2026-01-19 23:23:59.999,e13ec430-e8ba-40e0-a6da-6aab2b6f4667,
63070031,2026-01-20 01:12:00.000,,b3730102-477c-453c-95d5-6546dd72d96b.binning_data.json,63070031,2026-01-20 02:12:38.817,2026-01-20 01:32:31.465,UTC-0300,tWUO8ZL77Z,,com.sec.android.app.shealth,2026-01-20 01:59:59.999,b3730102-477c-453c-95d5-6546dd72d96b,
63070031,2026-01-20 02:00:00.000,,517705db-6fd1-4f4c-b7b7-c1d870b86527.binning_data.json,63070031,2026-01-20 03:12:48.503,2026-01-20 02:12:38.827,UTC-0300,tWUO8ZL77Z,,com.sec.android.app.shealth,2026-01-20 02:59:59.999,517705db-6fd1-4f4c-b7b7-c1d870b86527,
63070031,2026-01-20 03:00:00.000,,8735e6c6-2198-408e-b283-64e8f6e079f9.binning_data.json,63070031,2026-01-20 04:12:59.685,2026-01-20 03:12:48.515,UTC-0300,tWUO8ZL77Z,,com.sec.android.app.shealth,2026-01-20 03:59:59.999,8735e6c6-2198-408e-b283-64e8f6e079f9,
63070031,2026-01-20 04:00:00.000,,9ba923c9-11df-427d-ad5e-b775c57c94d1.binning_data.json,63070031,2026-01-20 05:13:11.551,2026-01-20 04:12:59.706,UTC-0300,tWUO8ZL77Z,,com.sec.android.app.shealth,2026-01-20 04:59:59.999,9ba923c9-11df-427d-ad5e-b775c57c94d1,
63070031,2026-01-20 05:00:00.000,,5e1953dc-6d8f-4659-b29c-1a61b7b23dbb.binning_data.json,63070031,2026-01-20 06:13:24.404,2026-01-20 05:13:11.572,UTC-0300,tWUO8ZL77Z,,com.sec.android.app.shealth,2026-01-20 05:59:59.999,5e1953dc-6d8f-4659-b29c-1a61b7b23dbb,
63070031,2026-01-20 06:00:00.000,,6966f922-64e4-4821-aabb-d52f17ae5287.binning_data.json,63070031,2026-01-20 07:13:36.372,2026-01-20 06:13:24.418,UTC-0300,tWUO8ZL77Z,,com.sec.android.app.shealth,2026-01-20 06:59:59.999,6966f922-64e4-4821-aabb-d52f17ae5287,
63070031,2026-01-20 07:00:00.000,,e49bd077-4f3e-4647-945a-80b351a54de2.binning_data.json,63070031,2026-01-20 08:13:47.183,2026-01-20 07:13:36.377,UTC-0300,tWUO8ZL77Z,,com.sec.android.app.shealth,2026-01-20 07:59:59.999,e49bd077-4f3e-4647-945a-80b351a54de2,
63070031,2026-01-20 08:00:00.000,,6d5226b4-60f5-4a19-a9e7-8d330c43da26.binning_data.json,63070031,2026-01-20 09:13:58.592,2026-01-20 08:13:47.194,UTC-0300,tWUO8ZL77Z,,com.sec.android.app.shealth,2026-01-20 08:59:59.999,6d5226b4-60f5-4a19-a9e7-8d330c43da26,
63070031,2026-01-20 09:00:00.000,,c5572be2-4433-4224-bd49-cdc79ad4baba.binning_data.json,63070031,2026-01-20 10:14:09.385,2026-01-20 09:13:58.616,UTC-0300,tWUO8ZL77Z,,com.sec.android.app.shealth,2026-01-20 09:59:59.999,c5572be2-4433-4224-bd49-cdc79ad4baba,
63070031,2026-01-20 10:00:00.000,,d3051de5-3067-4656-9c98-8eb158185479.binning_data.json,63070031,2026-01-20 11:14:21.587,2026-01-20 10:14:09.394,UTC-0300,tWUO8ZL77Z,,com.sec.android.app.shealth,2026-01-20 10:59:59.999,d3051de5-3067-4656-9c98-8eb158185479,
63070031,2026-01-20 11:00:00.000,,8811bae8-36fd-46f9-89f7-035176ab3035.binning_data.json,63070031,2026-01-20 12:14:32.705,2026-01-20 11:14:21.595,UTC-0300,tWUO8ZL77Z,,com.sec.android.app.shealth,2026-01-20 11:59:59.999,8811bae8-36fd-46f9-89f7-035176ab3035,
63070031,2026-01-20 12:00:00.000,,5312e5c2-6e30-4983-8123-5594b3c4d391.binning_data.json,63070031,2026-01-20 13:14:41.788,2026-01-20 12:14:32.717,UTC-0300,tWUO8ZL77Z,,com.sec.android.app.shealth,2026-01-20 12:59:59.999,5312e5c2-6e30-4983-8123-5594b3c4d391,
63070031,2026-01-20 13:00:00.000,,f9b837a3-e37c-4aa0-8edc-0178f08c6952.binning_data.json,63070031,2026-01-20 14:14:50.944,2026-01-20 13:14:41.799,UTC-0300,tWUO8ZL77Z,,com.sec.android.app.shealth,2026-01-20 13:59:59.999,f9b837a3-e37c-4aa0-8edc-0178f08c6952,
63070031,2026-01-20 14:00:00.000,,26586568-f1ae-4a8e-b3f3-cd68ff3fcdf5.binning_data.json,63070031,2026-01-20 15:14:59.296,2026-01-20 14:14:51.003,UTC-0300,tWUO8ZL77Z,,com.sec.android.app.shealth,2026-01-20 14:59:59.999,26586568-f1ae-4a8e-b3f3-cd68ff3fcdf5,
63070031,2026-01-20 15:00:00.000,,1ad655f7-e387-4ec5-a959-9d1ca084dd6f.binning_data.json,63070031,2026-01-20 16:15:08.957,2026-01-20 15:14:59.386,UTC-0300,tWUO8ZL77Z,,com.sec.android.app.shealth,2026-01-20 15:59:59.999,1ad655f7-e387-4ec5-a959-9d1ca084dd6f,
63070031,2026-01-20 16:00:00.000,,e31e3883-9c31-411d-8af2-17e610183e09.binning_data.json,63070031,2026-01-20 17:15:19.450,2026-01-20 16:15:08.984,UTC-0300,tWUO8ZL77Z,,com.sec.android.app.shealth,2026-01-20 16:59:59.999,e31e3883-9c31-411d-8af2-17e610183e09,
63070031,2026-01-20 17:00:00.000,,c8210c0a-62ea-43b8-bc60-8da6605e3366.binning_data.json,63070031,2026-01-20 18:15:29.057,2026-01-20 17:15:19.542,UTC-0300,tWUO8ZL77Z,,com.sec.android.app.shealth,2026-01-20 17:59:59.999,c8210c0a-62ea-43b8-bc60-8da6605e3366,
63070031,2026-01-20 18:00:00.000,,8433dfc4-d9c6-426a-ad06-f3329897cb9f.binning_data.json,63070031,2026-01-20 19:15:37.478,2026-01-20 18:15:29.141,UTC-0300,tWUO8ZL77Z,,com.sec.android.app.shealth,2026-01-20 18:59:59.999,8433dfc4-d9c6-426a-ad06-f3329897cb9f,
63070031,2026-01-20 19:00:00.000,,ec4c8102-412c-466e-a7f9-b5b02c7bb4e7.binning_data.json,63070031,2026-01-20 20:15:45.687,2026-01-20 19:15:37.489,UTC-0300,tWUO8ZL77Z,,com.sec.android.app.shealth,2026-01-20 19:59:59.999,ec4c8102-412c-466e-a7f9-b5b02c7bb4e7,
63070031,2026-01-20 20:00:00.000,,67bd024e-cd4f-4e55-8cb2-92898b810da2.binning_data.json,63070031,2026-01-20 21:15:54.575,2026-01-20 20:15:45.803,UTC-0300,tWUO8ZL77Z,,com.sec.android.app.shealth,2026-01-20 20:59:59.999,67bd024e-cd4f-4e55-8cb2-92898b810da2,
63070031,2026-01-20 21:00:00.000,,60a07ae6-7a64-4854-b817-f980687fcc29.binning_data.json,63070031,2026-01-20 22:16:02.612,2026-01-20 21:15:54.585,UTC-0300,tWUO8ZL77Z,,com.sec.android.app.shealth,2026-01-20 21:59:59.999,60a07ae6-7a64-4854-b817-f980687fcc29,
63070031,2026-01-20 22:00:00.000,,89a9fd1c-a60c-4535-b004-1e3e04506ca7.binning_data.json,63070031,2026-01-20 23:16:14.206,2026-01-20 22:16:02.636,UTC-0300,tWUO8ZL77Z,,com.sec.android.app.shealth,2026-01-20 22:59:59.999,89a9fd1c-a60c-4535-b004-1e3e04506ca7,
63070031,2026-01-20 23:00:00.000,,186af21e-29ff-4a2a-9d8c-d9f997ba5bbc.binning_data.json,63070031,2026-01-20 23:28:13.475,2026-01-20 23:16:14.220,UTC-0300,tWUO8ZL77Z,,com.sec.android.app.shealth,2026-01-20 23:36:59.999,186af21e-29ff-4a2a-9d8c-d9f997ba5bbc,
63070031,2026-01-21 01:23:00.000,,487add9e-55aa-454e-b9b0-ddcba793d607.binning_data.json,63070031,2026-01-21 02:03:59.016,2026-01-21 01:43:55.487,UTC-0300,tWUO8ZL77Z,,com.sec.android.app.shealth,2026-01-21 01:59:59.999,487add9e-55aa-454e-b9b0-ddcba793d607,
63070031,2026-01-21 02:00:00.000,,7eb1939f-7307-4c7e-b1d4-1d54145b71be.binning_data.json,63070031,2026-01-21 03:04:10.360,2026-01-21 02:03:59.024,UTC-0300,tWUO8ZL77Z,,com.sec.android.app.shealth,2026-01-21 02:59:59.999,7eb1939f-7307-4c7e-b1d4-1d54145b71be,
63070031,2026-01-21 03:00:00.000,,54542617-820f-46aa-8aee-7553ed0a49d0.binning_data.json,63070031,2026-01-21 04:11:35.206,2026-01-21 03:04:10.442,UTC-0300,tWUO8ZL77Z,,com.sec.android.app.shealth,2026-01-21 03:59:59.999,54542617-820f-46aa-8aee-7553ed0a49d0,
63070031,2026-01-21 04:00:00.000,,11588dfb-2552-4d2b-baab-01a5ba7d22f2.binning_data.json,63070031,2026-01-21 05:11:46.528,2026-01-21 04:11:35.303,UTC-0300,tWUO8ZL77Z,,com.sec.android.app.shealth,2026-01-21 04:59:59.999,11588dfb-2552-4d2b-baab-01a5ba7d22f2,
63070031,2026-01-21 05:00:00.000,,ba6142b0-96b7-4f28-bd21-1c839a2bf880.binning_data.json,63070031,2026-01-21 06:11:57.448,2026-01-21 05:11:46.532,UTC-0300,tWUO8ZL77Z,,com.sec.android.app.shealth,2026-01-21 05:59:59.999,ba6142b0-96b7-4f28-bd21-1c839a2bf880,
63070031,2026-01-21 06:00:00.000,,2e790919-67ac-497e-ae2c-92c21cb5a7d2.binning_data.json,63070031,2026-01-21 07:12:09.169,2026-01-21 06:11:57.453,UTC-0300,tWUO8ZL77Z,,com.sec.android.app.shealth,2026-01-21 06:59:59.999,2e790919-67ac-497e-ae2c-92c21cb5a7d2,
63070031,2026-01-21 07:00:00.000,,435d538c-edcd-4ef1-b755-e24beeedeb1f.binning_data.json,63070031,2026-01-21 08:12:22.254,2026-01-21 07:12:09.173,UTC-0300,tWUO8ZL77Z,,com.sec.android.app.shealth,2026-01-21 07:59:59.999,435d538c-edcd-4ef1-b755-e24beeedeb1f,
63070031,2026-01-21 08:00:00.000,,e36a01c0-4661-43ca-aff7-f6eb41fd3117.binning_data.json,63070031,2026-01-21 09:12:34.252,2026-01-21 08:12:22.261,UTC-0300,tWUO8ZL77Z,,com.sec.android.app.shealth,2026-01-21 08:59:59.999,e36a01c0-4661-43ca-aff7-f6eb41fd3117,
63070031,2026-01-21 09:00:00.000,,dfd44ee2-21fd-44ff-ac56-3afbcd2ab0f5.binning_data.json,63070031,2026-01-21 10:12:47.377,2026-01-21 09:12:34.257,UTC-0300,tWUO8ZL77Z,,com.sec.android.app.shealth,2026-01-21 09:59:59.999,dfd44ee2-21fd-44ff-ac56-3afbcd2ab0f5,
63070031,2026-01-21 10:00:00.000,,c3a04224-b822-4072-8c50-52f4d1fc7732.binning_data.json,63070031,2026-01-21 11:12:59.595,2026-01-21 10:12:47.387,UTC-0300,tWUO8ZL77Z,,com.sec.android.app.shealth,2026-01-21 10:59:59.999,c3a04224-b822-4072-8c50-52f4d1fc7732,
63070031,2026-01-21 11:00:00.000,,0909b433-4ada-4c4a-a2aa-214757b653f4.binning_data.json,63070031,2026-01-21 12:13:11.637,2026-01-21 11:12:59.629,UTC-0300,tWUO8ZL77Z,,com.sec.android.app.shealth,2026-01-21 11:59:59.999,0909b433-4ada-4c4a-a2aa-214757b653f4,
63070031,2026-01-21 12:00:00.000,,9e62c96d-d3ac-4e68-a650-6d124ffb7abc.binning_data.json,63070031,2026-01-21 13:13:25.040,2026-01-21 12:13:11.736,UTC-0300,tWUO8ZL77Z,,com.sec.android.app.shealth,2026-01-21 12:59:59.999,9e62c96d-d3ac-4e68-a650-6d124ffb7abc,
63070031,2026-01-21 13:00:00.000,,da851bb5-3f82-47cb-bf1c-da0060707f5d.binning_data.json,63070031,2026-01-21 14:13:36.362,2026-01-21 13:13:25.050,UTC-0300,tWUO8ZL77Z,,com.sec.android.app.shealth,2026-01-21 13:59:59.999,da851bb5-3f82-47cb-bf1c-da0060707f5d,
63070031,2026-01-21 14:00:00.000,,655981c8-03ee-4b56-94cd-6b7d537cf1b6.binning_data.json,63070031,2026-01-21 15:13:43.796,2026-01-21 14:13:36.379,UTC-0300,tWUO8ZL77Z,,com.sec.android.app.shealth,2026-01-21 14:59:59.999,655981c8-03ee-4b56-94cd-6b7d537cf1b6,
63070031,2026-01-21 15:00:00.000,,ea6ef52d-2688-4d68-b8e5-be92f4d84867.binning_data.json,63070031,2026-01-21 16:13:54.398,2026-01-21 15:13:43.803,UTC-0300,tWUO8ZL77Z,,com.sec.android.app.shealth,2026-01-21 15:59:59.999,ea6ef52d-2688-4d68-b8e5-be92f4d84867,
63070031,2026-01-21 16:00:00.000,,94270323-ff59-4961-8c56-99663594604d.binning_data.json,63070031,2026-01-21 17:14:05.162,2026-01-21 16:13:54.418,UTC-0300,tWUO8ZL77Z,,com.sec.android.app.shealth,2026-01-21 16:59:59.999,94270323-ff59-4961-8c56-99663594604d,
63070031,2026-01-21 17:00:00.000,,df6af34f-9d3d-48be-9f6a-21fad1947edb.binning_data.json,63070031,2026-01-21 18:14:16.683,2026-01-21 17:14:05.181,UTC-0300,tWUO8ZL77Z,,com.sec.android.app.shealth,2026-01-21 17:59:59.999,df6af34f-9d3d-48be-9f6a-21fad1947edb,
63070031,2026-01-21 18:00:00.000,,826b6ba0-9eda-42eb-bdeb-480d50c5f1c3.binning_data.json,63070031,2026-01-21 19:14:27.381,2026-01-21 18:14:16.702,UTC-0300,tWUO8ZL77Z,,com.sec.android.app.shealth,2026-01-21 18:59:59.999,826b6ba0-9eda-42eb-bdeb-480d50c5f1c3,
63070031,2026-01-21 19:00:00.000,,ee296b70-2a6e-404b-b216-81de0c577635.binning_data.json,63070031,2026-01-21 20:14:38.741,2026-01-21 19:14:27.478,UTC-0300,tWUO8ZL77Z,,com.sec.android.app.shealth,2026-01-21 19:59:59.999,ee296b70-2a6e-404b-b216-81de0c577635,
63070031,2026-01-21 20:00:00.000,,675482ed-3cca-4efb-8a54-6a83dac8de96.binning_data.json,63070031,2026-01-21 21:14:48.670,2026-01-21 20:14:38.780,UTC-0300,tWUO8ZL77Z,,com.sec.android.app.shealth,2026-01-21 20:59:59.999,675482ed-3cca-4efb-8a54-6a83dac8de96,
63070031,2026-01-21 21:00:00.000,,f017305f-93fb-41db-a461-86dc331f257e.binning_data.json,63070031,2026-01-21 22:14:57.866,2026-01-21 21:14:48.744,UTC-0300,tWUO8ZL77Z,,com.sec.android.app.shealth,2026-01-21 21:59:59.999,f017305f-93fb-41db-a461-86dc331f257e,
63070031,2026-01-21 22:00:00.000,,3b0be140-1ca3-4050-bd21-307b175cadb9.binning_data.json,63070031,2026-01-21 23:15:09.857,2026-01-21 22:14:58.017,UTC-0300,tWUO8ZL77Z,,com.sec.android.app.shealth,2026-01-21 22:59:59.999,3b0be140-1ca3-4050-bd21-307b175cadb9,
63070031,2026-01-21 23:00:00.000,,83476d3a-1b55-4b67-b1de-376fbc16fe8b.binning_data.json,63070031,2026-01-22 00:15:21.698,2026-01-21 23:15:09.880,UTC-0300,tWUO8ZL77Z,,com.sec.android.app.shealth,2026-01-21 23:59:59.999,83476d3a-1b55-4b67-b1de-376fbc16fe8b,
63070031,2026-01-22 00:00:00.000,,08b14cfe-d06e-478f-8d9b-a0d9fcc2a195.binning_data.json,63070031,2026-01-22 00:57:58.024,2026-01-22 00:15:21.787,UTC-0300,tWUO8ZL77Z,,com.sec.android.app.shealth,2026-01-22 00:59:59.999,08b14cfe-d06e-478f-8d9b-a0d9fcc2a195,
63070031,2026-01-22 01:00:00.000,,ed8918d1-1a6b-420f-8145-8cee1b7d0c6a.binning_data.json,63070031,2026-01-22 00:57:58.063,2026-01-22 00:57:58.063,UTC-0300,tWUO8ZL77Z,,com.sec.android.app.shealth,2026-01-22 01:14:59.999,ed8918d1-1a6b-420f-8145-8cee1b7d0c6a,
63070031,2026-01-22 04:05:00.000,,efbe6902-aa88-4166-8f07-81fe26ac038a.binning_data.json,63070031,2026-01-22 05:05:47.520,2026-01-22 04:25:41.659,UTC-0300,tWUO8ZL77Z,,com.sec.android.app.shealth,2026-01-22 04:59:59.999,efbe6902-aa88-4166-8f07-81fe26ac038a,
63070031,2026-01-22 05:00:00.000,,dcb367a5-cade-4347-83cf-ed5d9ef97e5e.binning_data.json,63070031,2026-01-22 06:05:56.681,2026-01-22 05:05:47.523,UTC-0300,tWUO8ZL77Z,,com.sec.android.app.shealth,2026-01-22 05:59:59.999,dcb367a5-cade-4347-83cf-ed5d9ef97e5e,
63070031,2026-01-22 06:00:00.000,,0ed822fb-8d00-4baa-87c0-eb6150850548.binning_data.json,63070031,2026-01-22 07:06:07.404,2026-01-22 06:05:56.703,UTC-0300,tWUO8ZL77Z,,com.sec.android.app.shealth,2026-01-22 06:59:59.999,0ed822fb-8d00-4baa-87c0-eb6150850548,
63070031,2026-01-22 07:00:00.000,,85406f50-3008-4d05-872d-5095611a1acc.binning_data.json,63070031,2026-01-22 08:06:18.032,2026-01-22 07:06:07.481,UTC-0300,tWUO8ZL77Z,,com.sec.android.app.shealth,2026-01-22 07:59:59.999,85406f50-3008-4d05-872d-5095611a1acc,
63070031,2026-01-22 08:00:00.000,,bf463e35-18ad-4528-9796-e90ae892602b.binning_data.json,63070031,2026-01-22 09:06:26.979,2026-01-22 08:06:18.039,UTC-0300,tWUO8ZL77Z,,com.sec.android.app.shealth,2026-01-22 08:59:59.999,bf463e35-18ad-4528-9796-e90ae892602b,
63070031,2026-01-22 09:00:00.000,,cac28977-aa23-42f0-a567-aeedfadf309f.binning_data.json,63070031,2026-01-22 10:06:37.248,2026-01-22 09:06:27.171,UTC-0300,tWUO8ZL77Z,,com.sec.android.app.shealth,2026-01-22 09:59:59.999,cac28977-aa23-42f0-a567-aeedfadf309f,
63070031,2026-01-22 10:00:00.000,,b5f6e21e-7f40-4a4d-969a-919186382be3.binning_data.json,63070031,2026-01-22 11:06:47.198,2026-01-22 10:06:37.265,UTC-0300,tWUO8ZL77Z,,com.sec.android.app.shealth,2026-01-22 10:59:59.999,b5f6e21e-7f40-4a4d-969a-919186382be3,
63070031,2026-01-22 11:00:00.000,,5b3abdc5-f4ea-4f2d-8bbe-b53f7dc58638.binning_data.json,63070031,2026-01-22 12:06:58.341,2026-01-22 11:06:47.241,UTC-0300,tWUO8ZL77Z,,com.sec.android.app.shealth,2026-01-22 11:59:59.999,5b3abdc5-f4ea-4f2d-8bbe-b53f7dc58638,
63070031,2026-01-22 12:00:00.000,,e177fb67-29c3-40b7-96bd-8fc20e64feec.binning_data.json,63070031,2026-01-22 13:07:09.363,2026-01-22 12:06:58.348,UTC-0300,tWUO8ZL77Z,,com.sec.android.app.shealth,2026-01-22 12:59:59.999,e177fb67-29c3-40b7-96bd-8fc20e64feec,
63070031,2026-01-22 13:00:00.000,,af05873c-949b-4ad9-872d-ff4319ad0406.binning_data.json,63070031,2026-01-22 14:07:18.594,2026-01-22 13:07:09.437,UTC-0300,tWUO8ZL77Z,,com.sec.android.app.shealth,2026-01-22 13:59:59.999,af05873c-949b-4ad9-872d-ff4319ad0406,
63070031,2026-01-22 14:00:00.000,,ea764053-4c48-489b-8de5-c339b62f9510.binning_data.json,63070031,2026-01-22 15:07:29.679,2026-01-22 14:07:18.709,UTC-0300,tWUO8ZL77Z,,com.sec.android.app.shealth,2026-01-22 14:59:59.999,ea764053-4c48-489b-8de5-c339b62f9510,
63070031,2026-01-22 15:00:00.000,,3159b75c-45db-4fd5-a312-de0631e2f948.binning_data.json,63070031,2026-01-22 16:07:40.286,2026-01-22 15:07:29.707,UTC-0300,tWUO8ZL77Z,,com.sec.android.app.shealth,2026-01-22 15:59:59.999,3159b75c-45db-4fd5-a312-de0631e2f948,
63070031,2026-01-22 16:00:00.000,,fdd7fe0e-f44b-46c1-93a5-f0e67a284cdd.binning_data.json,63070031,2026-01-22 17:07:52.485,2026-01-22 16:07:40.293,UTC-0300,tWUO8ZL77Z,,com.sec.android.app.shealth,2026-01-22 16:59:59.999,fdd7fe0e-f44b-46c1-93a5-f0e67a284cdd,
63070031,2026-01-22 17:00:00.000,,7ab551ab-04c1-4e49-9a9d-f76995976dc8.binning_data.json,63070031,2026-01-22 18:08:04.004,2026-01-22 17:07:52.489,UTC-0300,tWUO8ZL77Z,,com.sec.android.app.shealth,2026-01-22 17:59:59.999,7ab551ab-04c1-4e49-9a9d-f76995976dc8,
63070031,2026-01-22 18:00:00.000,,91bc4a86-c435-4885-8bd1-d7e5af09054e.binning_data.json,63070031,2026-01-22 19:08:13.936,2026-01-22 18:08:04.092,UTC-0300,tWUO8ZL77Z,,com.sec.android.app.shealth,2026-01-22 18:59:59.999,91bc4a86-c435-4885-8bd1-d7e5af09054e,
63070031,2026-01-22 19:00:00.000,,0545f5ee-5046-4966-89e9-c4b7d7e39d45.binning_data.json,63070031,2026-01-22 20:08:24.440,2026-01-22 19:08:13.986,UTC-0300,tWUO8ZL77Z,,com.sec.android.app.shealth,2026-01-22 19:59:59.999,0545f5ee-5046-4966-89e9-c4b7d7e39d45,
63070031,2026-01-22 20:00:00.000,,9899c600-ffc0-45df-8966-28c50362b1c7.binning_data.json,63070031,2026-01-22 21:08:34.995,2026-01-22 20:08:24.593,UTC-0300,tWUO8ZL77Z,,com.sec.android.app.shealth,2026-01-22 20:59:59.999,9899c600-ffc0-45df-8966-28c50362b1c7,
63070031,2026-01-22 21:00:00.000,,b9c6ad2c-3a1d-4c76-af84-6ed314fa54b8.binning_data.json,63070031,2026-01-22 22:08:45.815,2026-01-22 21:08:35.114,UTC-0300,tWUO8ZL77Z,,com.sec.android.app.shealth,2026-01-22 21:59:59.999,b9c6ad2c-3a1d-4c76-af84-6ed314fa54b8,
63070031,2026-01-22 22:00:00.000,,e82dd064-6a80-4dcb-af56-241c9abc1aca.binning_data.json,63070031,2026-01-22 23:08:56.396,2026-01-22 22:08:45.826,UTC-0300,tWUO8ZL77Z,,com.sec.android.app.shealth,2026-01-22 22:59:59.999,e82dd064-6a80-4dcb-af56-241c9abc1aca,
63070031,2026-01-22 23:00:00.000,,6ce89a31-e7ce-436e-b21c-3df125dee97c.binning_data.json,63070031,2026-01-23 00:06:55.762,2026-01-22 23:08:56.488,UTC-0300,tWUO8ZL77Z,,com.sec.android.app.shealth,2026-01-22 23:59:59.999,6ce89a31-e7ce-436e-b21c-3df125dee97c,
63070031,2026-01-23 00:00:00.000,,34372f58-d0e9-40e4-a945-7cc44d20f0fd.binning_data.json,63070031,2026-01-23 00:06:55.830,2026-01-23 00:06:55.830,UTC-0300,tWUO8ZL77Z,,com.sec.android.app.shealth,2026-01-23 00:08:59.999,34372f58-d0e9-40e4-a945-7cc44d20f0fd,
63070031,2026-01-23 01:18:00.000,,f7973622-c657-423c-bb23-88e04787c49b.binning_data.json,63070031,2026-01-23 02:18:24.771,2026-01-23 01:38:16.089,UTC-0300,tWUO8ZL77Z,,com.sec.android.app.shealth,2026-01-23 01:59:59.999,f7973622-c657-423c-bb23-88e04787c49b,
63070031,2026-01-23 02:00:00.000,,9bc9df3b-b055-4ec7-b4e2-b6816a6a3976.binning_data.json,63070031,2026-01-23 03:18:38.385,2026-01-23 02:18:24.781,UTC-0300,tWUO8ZL77Z,,com.sec.android.app.shealth,2026-01-23 02:59:59.999,9bc9df3b-b055-4ec7-b4e2-b6816a6a3976,
63070031,2026-01-23 03:00:00.000,,a35b58f0-92db-4c36-941a-fd5cf30a2f44.binning_data.json,63070031,2026-01-23 04:18:49.716,2026-01-23 03:18:38.409,UTC-0300,tWUO8ZL77Z,,com.sec.android.app.shealth,2026-01-23 03:59:59.999,a35b58f0-92db-4c36-941a-fd5cf30a2f44,
63070031,2026-01-23 04:00:00.000,,11fa0dad-bbf4-49e6-88ef-76cc89b8792b.binning_data.json,63070031,2026-01-23 05:19:00.704,2026-01-23 04:18:49.722,UTC-0300,tWUO8ZL77Z,,com.sec.android.app.shealth,2026-01-23 04:59:59.999,11fa0dad-bbf4-49e6-88ef-76cc89b8792b,
63070031,2026-01-23 05:00:00.000,,ead0b67d-236f-4709-8a70-2877bf510f41.binning_data.json,63070031,2026-01-23 06:19:11.727,2026-01-23 05:19:00.709,UTC-0300,tWUO8ZL77Z,,com.sec.android.app.shealth,2026-01-23 05:59:59.999,ead0b67d-236f-4709-8a70-2877bf510f41,
63070031,2026-01-23 06:00:00.000,,3ac9f02d-1f55-4cfa-8daa-a436946b2820.binning_data.json,63070031,2026-01-23 07:19:22.214,2026-01-23 06:19:11.738,UTC-0300,tWUO8ZL77Z,,com.sec.android.app.shealth,2026-01-23 06:59:59.999,3ac9f02d-1f55-4cfa-8daa-a436946b2820,
63070031,2026-01-23 07:00:00.000,,024db8b5-9311-495f-a27d-84755616ff01.binning_data.json,63070031,2026-01-23 08:19:33.939,2026-01-23 07:19:22.219,UTC-0300,tWUO8ZL77Z,,com.sec.android.app.shealth,2026-01-23 07:59:59.999,024db8b5-9311-495f-a27d-84755616ff01,
63070031,2026-01-23 08:00:00.000,,461b20f3-b2b3-47b4-9b80-3752d2ef05ac.binning_data.json,63070031,2026-01-23 09:19:44.864,2026-01-23 08:19:34.043,UTC-0300,tWUO8ZL77Z,,com.sec.android.app.shealth,2026-01-23 08:59:59.999,461b20f3-b2b3-47b4-9b80-3752d2ef05ac,
63070031,2026-01-23 09:00:00.000,,1259a30f-766a-47e0-8522-4bde5634fdae.binning_data.json,63070031,2026-01-23 10:19:56.026,2026-01-23 09:19:45.014,UTC-0300,tWUO8ZL77Z,,com.sec.android.app.shealth,2026-01-23 09:59:59.999,1259a30f-766a-47e0-8522-4bde5634fdae,
63070031,2026-01-23 10:00:00.000,,5a7c78a4-b438-4eda-bd82-e8187d6d74ef.binning_data.json,63070031,2026-01-23 11:00:02.287,2026-01-23 10:19:56.032,UTC-0300,tWUO8ZL77Z,,com.sec.android.app.shealth,2026-01-23 10:59:59.999,5a7c78a4-b438-4eda-bd82-e8187d6d74ef,
63070031,2026-01-23 11:00:00.000,,440f7e1f-13d4-4c65-bd13-7a5aa68d57a4.binning_data.json,63070031,2026-01-23 12:00:12.579,2026-01-23 11:20:05.586,UTC-0300,tWUO8ZL77Z,,com.sec.android.app.shealth,2026-01-23 11:59:59.999,440f7e1f-13d4-4c65-bd13-7a5aa68d57a4,
63070031,2026-01-23 12:00:00.000,,ac1066d3-a7f3-4494-87d1-0afdea3b009d.binning_data.json,63070031,2026-01-23 13:00:23.377,2026-01-23 12:20:16.426,UTC-0300,tWUO8ZL77Z,,com.sec.android.app.shealth,2026-01-23 12:59:59.999,ac1066d3-a7f3-4494-87d1-0afdea3b009d,
63070031,2026-01-23 13:00:00.000,,fa0cea4c-8c7a-4e37-a552-4a5ebbbdd9a1.binning_data.json,63070031,2026-01-23 14:00:36.060,2026-01-23 13:20:27.534,UTC-0300,tWUO8ZL77Z,,com.sec.android.app.shealth,2026-01-23 13:59:59.999,fa0cea4c-8c7a-4e37-a552-4a5ebbbdd9a1,
63070031,2026-01-23 14:00:00.000,,a2305975-41e0-4da1-8f11-b4324ffb7a37.binning_data.json,63070031,2026-01-23 15:00:47.096,2026-01-23 14:20:39.810,UTC-0300,tWUO8ZL77Z,,com.sec.android.app.shealth,2026-01-23 14:59:59.999,a2305975-41e0-4da1-8f11-b4324ffb7a37,
63070031,2026-01-23 15:00:00.000,,9c658145-2dc8-4f3c-b26b-2b8229588274.binning_data.json,63070031,2026-01-23 16:00:57.199,2026-01-23 15:20:50.802,UTC-0300,tWUO8ZL77Z,,com.sec.android.app.shealth,2026-01-23 15:59:59.999,9c658145-2dc8-4f3c-b26b-2b8229588274,
63070031,2026-01-23 16:01:00.000,,a7594ab9-178b-44bb-ac4b-935435ca132f.binning_data.json,63070031,2026-01-23 17:01:09.177,2026-01-23 16:21:00.724,UTC-0300,tWUO8ZL77Z,,com.sec.android.app.shealth,2026-01-23 16:59:59.999,a7594ab9-178b-44bb-ac4b-935435ca132f,
63070031,2026-01-23 17:00:00.000,,9360e792-5855-42ed-9bfb-fa9f02402112.binning_data.json,63070031,2026-01-23 18:01:21.131,2026-01-23 17:01:09.297,UTC-0300,tWUO8ZL77Z,,com.sec.android.app.shealth,2026-01-23 17:59:59.999,9360e792-5855-42ed-9bfb-fa9f02402112,
63070031,2026-01-23 18:00:00.000,,1419db46-81cd-47a8-983c-c441f5324753.binning_data.json,63070031,2026-01-23 19:01:33.678,2026-01-23 18:01:21.227,UTC-0300,tWUO8ZL77Z,,com.sec.android.app.shealth,2026-01-23 18:59:59.999,1419db46-81cd-47a8-983c-c441f5324753,
63070031,2026-01-23 19:00:00.000,,278c9690-1521-4d62-9c2d-141d5238eaa9.binning_data.json,63070031,2026-01-23 20:01:47.780,2026-01-23 19:01:33.684,UTC-0300,tWUO8ZL77Z,,com.sec.android.app.shealth,2026-01-23 19:59:59.999,278c9690-1521-4d62-9c2d-141d5238eaa9,
63070031,2026-01-23 20:00:00.000,,9fc32f01-6f58-4de3-acee-4b514ee22e50.binning_data.json,63070031,2026-01-23 21:02:02.327,2026-01-23 20:01:47.796,UTC-0300,tWUO8ZL77Z,,com.sec.android.app.shealth,2026-01-23 20:59:59.999,9fc32f01-6f58-4de3-acee-4b514ee22e50,
63070031,2026-01-23 21:00:00.000,,ddd1dc3f-aea3-4187-b565-3e32ea9c428e.binning_data.json,63070031,2026-01-23 22:02:13.996,2026-01-23 21:02:02.334,UTC-0300,tWUO8ZL77Z,,com.sec.android.app.shealth,2026-01-23 21:59:59.999,ddd1dc3f-aea3-4187-b565-3e32ea9c428e,
63070031,2026-01-23 22:00:00.000,,37ab77b2-d08c-42fe-9f06-17093f01605b.binning_data.json,63070031,2026-01-23 23:02:27.610,2026-01-23 22:02:14.003,UTC-0300,tWUO8ZL77Z,,com.sec.android.app.shealth,2026-01-23 22:59:59.999,37ab77b2-d08c-42fe-9f06-17093f01605b,
63070031,2026-01-23 23:00:00.000,,0d94ea87-b320-48e7-be47-dd4b517eba89.binning_data.json,63070031,2026-01-24 00:02:39.224,2026-01-23 23:02:27.624,UTC-0300,tWUO8ZL77Z,,com.sec.android.app.shealth,2026-01-23 23:59:59.999,0d94ea87-b320-48e7-be47-dd4b517eba89,
63070031,2026-01-24 00:00:00.000,,878eda6e-5bd2-46cc-a463-78f59ab53aa5.binning_data.json,63070031,2026-01-24 01:02:52.056,2026-01-24 00:02:39.231,UTC-0300,tWUO8ZL77Z,,com.sec.android.app.shealth,2026-01-24 00:59:59.999,878eda6e-5bd2-46cc-a463-78f59ab53aa5,
63070031,2026-01-24 01:00:00.000,,6f9cab5a-baff-47eb-9ddd-1864039f5b2b.binning_data.json,63070031,2026-01-24 02:03:04.313,2026-01-24 01:02:52.069,UTC-0300,tWUO8ZL77Z,,com.sec.android.app.shealth,2026-01-24 01:59:59.999,6f9cab5a-baff-47eb-9ddd-1864039f5b2b,
63070031,2026-01-24 02:00:00.000,,2145024b-de78-484e-9cac-9939a53e500b.binning_data.json,63070031,2026-01-24 03:04:50.703,2026-01-24 02:03:04.317,UTC-0300,tWUO8ZL77Z,,com.sec.android.app.shealth,2026-01-24 02:59:59.999,2145024b-de78-484e-9cac-9939a53e500b,
63070031,2026-01-24 03:00:00.000,,78262bfa-4898-413d-bddb-2f6dc57d44a0.binning_data.json,63070031,2026-01-24 04:05:02.175,2026-01-24 03:04:50.720,UTC-0300,tWUO8ZL77Z,,com.sec.android.app.shealth,2026-01-24 03:59:59.999,78262bfa-4898-413d-bddb-2f6dc57d44a0,
63070031,2026-01-24 04:00:00.000,,9551ec9f-bccd-415c-ab50-f92605eae3f9.binning_data.json,63070031,2026-01-24 05:05:15.396,2026-01-24 04:05:02.182,UTC-0300,tWUO8ZL77Z,,com.sec.android.app.shealth,2026-01-24 04:59:59.999,9551ec9f-bccd-415c-ab50-f92605eae3f9,
63070031,2026-01-24 05:00:00.000,,fca8330b-2028-48e2-86cf-4d4ee15ddb31.binning_data.json,63070031,2026-01-24 06:05:26.634,2026-01-24 05:05:15.404,UTC-0300,tWUO8ZL77Z,,com.sec.android.app.shealth,2026-01-24 05:59:59.999,fca8330b-2028-48e2-86cf-4d4ee15ddb31,
63070031,2026-01-24 06:00:00.000,,565b591d-af53-4022-bc00-9c24f25d4f42.binning_data.json,63070031,2026-01-24 07:05:35.744,2026-01-24 06:05:26.688,UTC-0300,tWUO8ZL77Z,,com.sec.android.app.shealth,2026-01-24 06:59:59.999,565b591d-af53-4022-bc00-9c24f25d4f42,
63070031,2026-01-24 07:00:00.000,,58333622-38e3-4ab2-b185-ef36e33fe2d0.binning_data.json,63070031,2026-01-24 08:05:45.791,2026-01-24 07:05:35.788,UTC-0300,tWUO8ZL77Z,,com.sec.android.app.shealth,2026-01-24 07:59:59.999,58333622-38e3-4ab2-b185-ef36e33fe2d0,
63070031,2026-01-24 08:00:00.000,,15ea45d3-34e1-4fb3-bb64-e3e81c26dc4c.binning_data.json,63070031,2026-01-24 09:05:54.663,2026-01-24 08:05:45.817,UTC-0300,tWUO8ZL77Z,,com.sec.android.app.shealth,2026-01-24 08:59:59.999,15ea45d3-34e1-4fb3-bb64-e3e81c26dc4c,
63070031,2026-01-24 09:00:00.000,,50f6e277-3c04-4bd7-8011-286c752e2c18.binning_data.json,63070031,2026-01-24 10:06:04.967,2026-01-24 09:05:54.690,UTC-0300,tWUO8ZL77Z,,com.sec.android.app.shealth,2026-01-24 09:59:59.999,50f6e277-3c04-4bd7-8011-286c752e2c18,
63070031,2026-01-24 10:00:00.000,,9365ae76-1538-4efb-9a78-341faab556b3.binning_data.json,63070031,2026-01-24 11:06:16.360,2026-01-24 10:06:04.985,UTC-0300,tWUO8ZL77Z,,com.sec.android.app.shealth,2026-01-24 10:59:59.999,9365ae76-1538-4efb-9a78-341faab556b3,
63070031,2026-01-24 11:00:00.000,,837480d8-1148-4964-8cd8-f41830d748e5.binning_data.json,63070031,2026-01-24 12:06:27.080,2026-01-24 11:06:16.367,UTC-0300,tWUO8ZL77Z,,com.sec.android.app.shealth,2026-01-24 11:59:59.999,837480d8-1148-4964-8cd8-f41830d748e5,
63070031,2026-01-24 12:00:00.000,,85e14596-bc02-4490-9e09-6d8c542b6d78.binning_data.json,63070031,2026-01-24 13:06:38.519,2026-01-24 12:06:27.088,UTC-0300,tWUO8ZL77Z,,com.sec.android.app.shealth,2026-01-24 12:59:59.999,85e14596-bc02-4490-9e09-6d8c542b6d78,
63070031,2026-01-24 13:00:00.000,,476fb048-9860-433e-9c87-d4bd493822f2.binning_data.json,63070031,2026-01-24 14:06:50.864,2026-01-24 13:06:38.526,UTC-0300,tWUO8ZL77Z,,com.sec.android.app.shealth,2026-01-24 13:59:59.999,476fb048-9860-433e-9c87-d4bd493822f2,
63070031,2026-01-24 14:00:00.000,,6816667e-15af-4fb5-a009-ee1405050593.binning_data.json,63070031,2026-01-24 15:07:03.827,2026-01-24 14:06:50.870,UTC-0300,tWUO8ZL77Z,,com.sec.android.app.shealth,2026-01-24 14:59:59.999,6816667e-15af-4fb5-a009-ee1405050593,
63070031,2026-01-24 15:00:00.000,,e8d68a2b-c58c-4c9d-920d-de012e5dc936.binning_data.json,63070031,2026-01-24 16:07:16.858,2026-01-24 15:07:03.842,UTC-0300,tWUO8ZL77Z,,com.sec.android.app.shealth,2026-01-24 15:59:59.999,e8d68a2b-c58c-4c9d-920d-de012e5dc936,
63070031,2026-01-24 16:00:00.000,,81bb362f-2535-4491-89b6-e3b15b7a9e07.binning_data.json,63070031,2026-01-24 17:07:29.526,2026-01-24 16:07:16.864,UTC-0300,tWUO8ZL77Z,,com.sec.android.app.shealth,2026-01-24 16:59:59.999,81bb362f-2535-4491-89b6-e3b15b7a9e07,
63070031,2026-01-24 17:00:00.000,,a81d3ad7-e8b3-42b8-9bfa-29f0998e0462.binning_data.json,63070031,2026-01-24 18:07:42.605,2026-01-24 17:07:29.599,UTC-0300,tWUO8ZL77Z,,com.sec.android.app.shealth,2026-01-24 17:59:59.999,a81d3ad7-e8b3-42b8-9bfa-29f0998e0462,
63070031,2026-01-24 18:00:00.000,,d4df5c32-eac2-4aca-9f7b-e597674d03d1.binning_data.json,63070031,2026-01-24 19:07:50.147,2026-01-24 18:07:42.633,UTC-0300,tWUO8ZL77Z,,com.sec.android.app.shealth,2026-01-24 18:59:59.999,d4df5c32-eac2-4aca-9f7b-e597674d03d1,
63070031,2026-01-24 19:00:00.000,,713e36be-6f83-43a3-8485-f80f266ee6ed.binning_data.json,63070031,2026-01-24 20:08:00.896,2026-01-24 19:07:50.159,UTC-0300,tWUO8ZL77Z,,com.sec.android.app.shealth,2026-01-24 19:59:59.999,713e36be-6f83-43a3-8485-f80f266ee6ed,
63070031,2026-01-24 20:00:00.000,,63a09b83-0963-4325-95de-fbc17e7f3251.binning_data.json,63070031,2026-01-24 21:08:13.488,2026-01-24 20:08:00.900,UTC-0300,tWUO8ZL77Z,,com.sec.android.app.shealth,2026-01-24 20:59:59.999,63a09b83-0963-4325-95de-fbc17e7f3251,
63070031,2026-01-24 21:00:00.000,,3cd374e1-6550-4b40-ba9f-d22de9b2ce20.binning_data.json,63070031,2026-01-24 22:08:25.362,2026-01-24 21:08:13.497,UTC-0300,tWUO8ZL77Z,,com.sec.android.app.shealth,2026-01-24 21:59:59.999,3cd374e1-6550-4b40-ba9f-d22de9b2ce20,
63070031,2026-01-24 22:00:00.000,,248ca27d-396b-43f9-885d-2857f44ef6e4.binning_data.json,63070031,2026-01-24 23:08:36.404,2026-01-24 22:08:25.375,UTC-0300,tWUO8ZL77Z,,com.sec.android.app.shealth,2026-01-24 22:59:59.999,248ca27d-396b-43f9-885d-2857f44ef6e4,
63070031,2026-01-24 23:00:00.000,,ebfa9ab2-1c58-4ca9-ba8f-a69be2fb654b.binning_data.json,63070031,2026-01-25 00:08:50.051,2026-01-24 23:08:36.417,UTC-0300,tWUO8ZL77Z,,com.sec.android.app.shealth,2026-01-24 23:59:59.999,ebfa9ab2-1c58-4ca9-ba8f-a69be2fb654b,
63070031,2026-01-25 00:00:00.000,,68db991b-d4c9-465a-8b7c-74a2a50044fd.binning_data.json,63070031,2026-01-25 01:09:01.542,2026-01-25 00:08:50.069,UTC-0300,tWUO8ZL77Z,,com.sec.android.app.shealth,2026-01-25 00:59:59.999,68db991b-d4c9-465a-8b7c-74a2a50044fd,
63070031,2026-01-25 01:00:00.000,,fad7d582-9207-4822-b1fc-ec778bd6d2ee.binning_data.json,63070031,2026-01-25 01:41:32.217,2026-01-25 01:09:01.554,UTC-0300,tWUO8ZL77Z,,com.sec.android.app.shealth,2026-01-25 01:48:59.999,fad7d582-9207-4822-b1fc-ec778bd6d2ee,
63070031,2026-01-25 02:33:00.000,,d142c07f-5b8d-4e1f-a72a-a07813ff6d41.binning_data.json,63070031,2026-01-25 03:13:08.879,2026-01-25 02:53:05.131,UTC-0300,tWUO8ZL77Z,,com.sec.android.app.shealth,2026-01-25 02:59:59.999,d142c07f-5b8d-4e1f-a72a-a07813ff6d41,
63070031,2026-01-25 03:00:00.000,,c13e5ead-abf3-4239-8792-7d8ade89f14b.binning_data.json,63070031,2026-01-25 04:13:20.550,2026-01-25 03:13:08.888,UTC-0300,tWUO8ZL77Z,,com.sec.android.app.shealth,2026-01-25 03:59:59.999,c13e5ead-abf3-4239-8792-7d8ade89f14b,
63070031,2026-01-25 04:00:00.000,,2cfd88b6-b683-428a-85bd-573b8d0939a7.binning_data.json,63070031,2026-01-25 05:13:31.414,2026-01-25 04:13:20.557,UTC-0300,tWUO8ZL77Z,,com.sec.android.app.shealth,2026-01-25 04:59:59.999,2cfd88b6-b683-428a-85bd-573b8d0939a7,
63070031,2026-01-25 05:00:00.000,,879f29b9-fd29-4041-bce2-8d84f60f1753.binning_data.json,63070031,2026-01-25 06:13:44.368,2026-01-25 05:13:31.419,UTC-0300,tWUO8ZL77Z,,com.sec.android.app.shealth,2026-01-25 05:59:59.999,879f29b9-fd29-4041-bce2-8d84f60f1753,
63070031,2026-01-25 06:00:00.000,,17540ea2-69eb-4e6c-a54b-8cd2bb93316b.binning_data.json,63070031,2026-01-25 07:13:57.317,2026-01-25 06:13:44.374,UTC-0300,tWUO8ZL77Z,,com.sec.android.app.shealth,2026-01-25 06:59:59.999,17540ea2-69eb-4e6c-a54b-8cd2bb93316b,
63070031,2026-01-25 07:00:00.000,,5259c853-c6c9-420f-b313-955c22ba97d4.binning_data.json,63070031,2026-01-25 08:14:10.679,2026-01-25 07:13:57.323,UTC-0300,tWUO8ZL77Z,,com.sec.android.app.shealth,2026-01-25 07:59:59.999,5259c853-c6c9-420f-b313-955c22ba97d4,
63070031,2026-01-25 08:00:00.000,,51c88d79-5f71-4a82-853b-e501635a2f46.binning_data.json,63070031,2026-01-25 09:14:22.747,2026-01-25 08:14:10.687,UTC-0300,tWUO8ZL77Z,,com.sec.android.app.shealth,2026-01-25 08:59:59.999,51c88d79-5f71-4a82-853b-e501635a2f46,
63070031,2026-01-25 09:00:00.000,,542552b3-9a44-409b-95ce-084628604154.binning_data.json,63070031,2026-01-25 10:14:34.420,2026-01-25 09:14:22.756,UTC-0300,tWUO8ZL77Z,,com.sec.android.app.shealth,2026-01-25 09:59:59.999,542552b3-9a44-409b-95ce-084628604154,
63070031,2026-01-25 10:00:00.000,,a153e9c4-7135-4531-a17a-6f00312a2241.binning_data.json,63070031,2026-01-25 11:14:46.868,2026-01-25 10:14:34.429,UTC-0300,tWUO8ZL77Z,,com.sec.android.app.shealth,2026-01-25 10:59:59.999,a153e9c4-7135-4531-a17a-6f00312a2241,
63070031,2026-01-25 11:00:00.000,,b0a2d7fb-7083-46e9-80f5-9c7d8406ac32.binning_data.json,63070031,2026-01-25 12:14:57.491,2026-01-25 11:14:47.001,UTC-0300,tWUO8ZL77Z,,com.sec.android.app.shealth,2026-01-25 11:59:59.999,b0a2d7fb-7083-46e9-80f5-9c7d8406ac32,
63070031,2026-01-25 12:00:00.000,,622cd99e-eafe-41ec-bbd3-899125bdb1b7.binning_data.json,63070031,2026-01-25 13:15:11.533,2026-01-25 12:14:57.498,UTC-0300,tWUO8ZL77Z,,com.sec.android.app.shealth,2026-01-25 12:59:59.999,622cd99e-eafe-41ec-bbd3-899125bdb1b7,
63070031,2026-01-25 13:00:00.000,,2018fabd-2730-4264-8198-3cf41f903859.binning_data.json,63070031,2026-01-25 14:15:22.570,2026-01-25 13:15:11.541,UTC-0300,tWUO8ZL77Z,,com.sec.android.app.shealth,2026-01-25 13:59:59.999,2018fabd-2730-4264-8198-3cf41f903859,
63070031,2026-01-25 14:00:00.000,,0a56c024-6b1f-4583-92e6-7b17d2b262a2.binning_data.json,63070031,2026-01-25 15:15:34.634,2026-01-25 14:15:22.577,UTC-0300,tWUO8ZL77Z,,com.sec.android.app.shealth,2026-01-25 14:59:59.999,0a56c024-6b1f-4583-92e6-7b17d2b262a2,
63070031,2026-01-25 15:00:00.000,,98a77fe3-24dc-4ac8-aa11-e5c5b0dedbc4.binning_data.json,63070031,2026-01-25 16:15:47.765,2026-01-25 15:15:34.639,UTC-0300,tWUO8ZL77Z,,com.sec.android.app.shealth,2026-01-25 15:59:59.999,98a77fe3-24dc-4ac8-aa11-e5c5b0dedbc4,
63070031,2026-01-25 16:00:00.000,,b0d4637e-5891-4f88-9718-53d37d3043e5.binning_data.json,63070031,2026-01-25 17:16:02.681,2026-01-25 16:15:47.867,UTC-0300,tWUO8ZL77Z,,com.sec.android.app.shealth,2026-01-25 16:59:59.999,b0d4637e-5891-4f88-9718-53d37d3043e5,
63070031,2026-01-25 17:00:00.000,,305b0f70-ab41-4928-8c3f-f61a91bd0edb.binning_data.json,63070031,2026-01-25 18:16:13.721,2026-01-25 17:16:02.690,UTC-0300,tWUO8ZL77Z,,com.sec.android.app.shealth,2026-01-25 17:59:59.999,305b0f70-ab41-4928-8c3f-f61a91bd0edb,
63070031,2026-01-25 18:00:00.000,,4a1b4bea-f939-4421-b90b-e4f2d818338d.binning_data.json,63070031,2026-01-25 19:16:24.241,2026-01-25 18:16:13.736,UTC-0300,tWUO8ZL77Z,,com.sec.android.app.shealth,2026-01-25 18:59:59.999,4a1b4bea-f939-4421-b90b-e4f2d818338d,
63070031,2026-01-25 19:00:00.000,,b666a245-ea24-4ebd-89b8-7f6747c7273f.binning_data.json,63070031,2026-01-25 20:16:35.668,2026-01-25 19:16:24.249,UTC-0300,tWUO8ZL77Z,,com.sec.android.app.shealth,2026-01-25 19:59:59.999,b666a245-ea24-4ebd-89b8-7f6747c7273f,
63070031,2026-01-25 20:00:00.000,,e4dd96e9-04ae-4076-be54-874d5e6ace62.binning_data.json,63070031,2026-01-25 21:16:49.307,2026-01-25 20:16:35.679,UTC-0300,tWUO8ZL77Z,,com.sec.android.app.shealth,2026-01-25 20:59:59.999,e4dd96e9-04ae-4076-be54-874d5e6ace62,
63070031,2026-01-25 21:00:00.000,,e97eeddc-4df8-4124-a396-11a1183057b0.binning_data.json,63070031,2026-01-25 22:17:01.569,2026-01-25 21:16:49.341,UTC-0300,tWUO8ZL77Z,,com.sec.android.app.shealth,2026-01-25 21:59:59.999,e97eeddc-4df8-4124-a396-11a1183057b0,
63070031,2026-01-25 22:00:00.000,,1b86ea63-88af-4c47-a393-9b08c20bc303.binning_data.json,63070031,2026-01-25 23:17:14.366,2026-01-25 22:17:01.576,UTC-0300,tWUO8ZL77Z,,com.sec.android.app.shealth,2026-01-25 22:59:59.999,1b86ea63-88af-4c47-a393-9b08c20bc303,
63070031,2026-01-25 23:00:00.000,,76208c7b-bed5-4990-98a2-109209c96354.binning_data.json,63070031,2026-01-26 00:06:26.505,2026-01-25 23:17:14.376,UTC-0300,tWUO8ZL77Z,,com.sec.android.app.shealth,2026-01-25 23:59:59.999,76208c7b-bed5-4990-98a2-109209c96354,
63070031,2026-01-26 00:00:00.000,,b9d64c91-83cd-4b61-8247-d295780f0143.binning_data.json,63070031,2026-01-26 00:06:26.529,2026-01-26 00:06:26.529,UTC-0300,tWUO8ZL77Z,,com.sec.android.app.shealth,2026-01-26 00:16:59.999,b9d64c91-83cd-4b61-8247-d295780f0143,
63070031,2026-01-26 02:22:00.000,,003a893d-bdb8-42bc-98d6-e2ce53e6bec4.binning_data.json,63070031,2026-01-26 03:04:45.280,2026-01-26 02:42:52.187,UTC-0300,tWUO8ZL77Z,,com.sec.android.app.shealth,2026-01-26 02:59:59.999,003a893d-bdb8-42bc-98d6-e2ce53e6bec4,
63070031,2026-01-26 03:00:00.000,,55e8d64e-c2d6-4676-87eb-56d00c84969b.binning_data.json,63070031,2026-01-26 04:03:07.016,2026-01-26 03:04:45.526,UTC-0300,tWUO8ZL77Z,,com.sec.android.app.shealth,2026-01-26 03:59:59.999,55e8d64e-c2d6-4676-87eb-56d00c84969b,
63070031,2026-01-26 04:00:00.000,,2a0eb6bd-0343-4d67-9e4d-e31afc7a2b94.binning_data.json,63070031,2026-01-26 05:03:19.329,2026-01-26 04:03:07.021,UTC-0300,tWUO8ZL77Z,,com.sec.android.app.shealth,2026-01-26 04:59:59.999,2a0eb6bd-0343-4d67-9e4d-e31afc7a2b94,
63070031,2026-01-26 05:00:00.000,,869ee634-a285-413e-8bb6-59d938258017.binning_data.json,63070031,2026-01-26 06:03:30.472,2026-01-26 05:03:19.334,UTC-0300,tWUO8ZL77Z,,com.sec.android.app.shealth,2026-01-26 05:59:59.999,869ee634-a285-413e-8bb6-59d938258017,
63070031,2026-01-26 06:00:00.000,,485e381b-9b18-4647-9fb7-1067f1e81ec3.binning_data.json,63070031,2026-01-26 07:03:40.334,2026-01-26 06:03:30.484,UTC-0300,tWUO8ZL77Z,,com.sec.android.app.shealth,2026-01-26 06:59:59.999,485e381b-9b18-4647-9fb7-1067f1e81ec3,
63070031,2026-01-26 07:00:00.000,,9354c56f-b386-40d4-a4e9-0a9b44279dfc.binning_data.json,63070031,2026-01-26 08:03:52.796,2026-01-26 07:03:40.339,UTC-0300,tWUO8ZL77Z,,com.sec.android.app.shealth,2026-01-26 07:59:59.999,9354c56f-b386-40d4-a4e9-0a9b44279dfc,
63070031,2026-01-26 08:00:00.000,,f57582f0-5de0-4cbc-a4d0-73b7a8d1dece.binning_data.json,63070031,2026-01-26 09:04:01.690,2026-01-26 08:03:52.803,UTC-0300,tWUO8ZL77Z,,com.sec.android.app.shealth,2026-01-26 08:59:59.999,f57582f0-5de0-4cbc-a4d0-73b7a8d1dece,
63070031,2026-01-26 09:00:00.000,,da290033-6650-48da-ba4d-bcb6693639d6.binning_data.json,63070031,2026-01-26 10:04:11.009,2026-01-26 09:04:01.698,UTC-0300,tWUO8ZL77Z,,com.sec.android.app.shealth,2026-01-26 09:59:59.999,da290033-6650-48da-ba4d-bcb6693639d6,
63070031,2026-01-26 10:00:00.000,,32e92bc6-d978-43ea-89b4-a406aed62ef0.binning_data.json,63070031,2026-01-26 11:04:21.181,2026-01-26 10:04:11.018,UTC-0300,tWUO8ZL77Z,,com.sec.android.app.shealth,2026-01-26 10:59:59.999,32e92bc6-d978-43ea-89b4-a406aed62ef0,
63070031,2026-01-26 11:00:00.000,,54d3ac34-f04b-43ab-a5e8-05a5952ff7ec.binning_data.json,63070031,2026-01-26 12:04:31.135,2026-01-26 11:04:21.195,UTC-0300,tWUO8ZL77Z,,com.sec.android.app.shealth,2026-01-26 11:59:59.999,54d3ac34-f04b-43ab-a5e8-05a5952ff7ec,
63070031,2026-01-26 12:00:00.000,,2bcedce4-3b9a-42d8-8ea2-ad1947a8994a.binning_data.json,63070031,2026-01-26 13:04:36.984,2026-01-26 12:04:31.270,UTC-0300,tWUO8ZL77Z,,com.sec.android.app.shealth,2026-01-26 12:59:59.999,2bcedce4-3b9a-42d8-8ea2-ad1947a8994a,
63070031,2026-01-26 13:00:00.000,,fc1250f7-5cd2-43ef-8106-83545768b7e4.binning_data.json,63070031,2026-01-26 14:04:46.170,2026-01-26 13:04:36.993,UTC-0300,tWUO8ZL77Z,,com.sec.android.app.shealth,2026-01-26 13:59:59.999,fc1250f7-5cd2-43ef-8106-83545768b7e4,
63070031,2026-01-26 14:00:00.000,,bd821fb3-acca-4ca7-9064-de09a5b3a38b.binning_data.json,63070031,2026-01-26 15:04:56.272,2026-01-26 14:04:46.244,UTC-0300,tWUO8ZL77Z,,com.sec.android.app.shealth,2026-01-26 14:59:59.999,bd821fb3-acca-4ca7-9064-de09a5b3a38b,
63070031,2026-01-26 15:00:00.000,,8d38b1cf-9155-4c50-84cd-77c73b19f016.binning_data.json,63070031,2026-01-26 16:05:07.590,2026-01-26 15:04:56.277,UTC-0300,tWUO8ZL77Z,,com.sec.android.app.shealth,2026-01-26 15:59:59.999,8d38b1cf-9155-4c50-84cd-77c73b19f016,
63070031,2026-01-26 16:00:00.000,,427e26f4-5b92-4ced-9556-a53d1b80a7e9.binning_data.json,63070031,2026-01-26 17:05:19.674,2026-01-26 16:05:07.601,UTC-0300,tWUO8ZL77Z,,com.sec.android.app.shealth,2026-01-26 16:59:59.999,427e26f4-5b92-4ced-9556-a53d1b80a7e9,
63070031,2026-01-26 17:00:00.000,,8e9ec960-787f-4075-a55e-a874e0c97625.binning_data.json,63070031,2026-01-26 18:05:32.048,2026-01-26 17:05:19.764,UTC-0300,tWUO8ZL77Z,,com.sec.android.app.shealth,2026-01-26 17:59:59.999,8e9ec960-787f-4075-a55e-a874e0c97625,
63070031,2026-01-26 18:00:00.000,,4375a63d-42c4-4bd2-8f45-10d246f7ed64.binning_data.json,63070031,2026-01-26 19:05:43.394,2026-01-26 18:05:32.053,UTC-0300,tWUO8ZL77Z,,com.sec.android.app.shealth,2026-01-26 18:59:59.999,4375a63d-42c4-4bd2-8f45-10d246f7ed64,
63070031,2026-01-26 19:00:00.000,,dbbb1f05-7a80-48a1-8314-123e14b411c4.binning_data.json,63070031,2026-01-26 20:05:53.939,2026-01-26 19:05:43.409,UTC-0300,tWUO8ZL77Z,,com.sec.android.app.shealth,2026-01-26 19:59:59.999,dbbb1f05-7a80-48a1-8314-123e14b411c4,
63070031,2026-01-26 20:00:00.000,,3a6e8311-bc58-4d6c-ae31-caa1d20bca62.binning_data.json,63070031,2026-01-26 21:06:05.689,2026-01-26 20:05:54.073,UTC-0300,tWUO8ZL77Z,,com.sec.android.app.shealth,2026-01-26 20:59:59.999,3a6e8311-bc58-4d6c-ae31-caa1d20bca62,
63070031,2026-01-26 21:00:00.000,,9e62c7c1-3042-40a9-a1b0-d9b83bb4b3ab.binning_data.json,63070031,2026-01-26 22:06:17.955,2026-01-26 21:06:05.697,UTC-0300,tWUO8ZL77Z,,com.sec.android.app.shealth,2026-01-26 21:59:59.999,9e62c7c1-3042-40a9-a1b0-d9b83bb4b3ab,
63070031,2026-01-26 22:00:00.000,,cfc9adbf-5a53-4db7-bf69-52cef0cdd81a.binning_data.json,63070031,2026-01-26 23:06:28.984,2026-01-26 22:06:17.966,UTC-0300,tWUO8ZL77Z,,com.sec.android.app.shealth,2026-01-26 22:59:59.999,cfc9adbf-5a53-4db7-bf69-52cef0cdd81a,
63070031,2026-01-26 23:00:00.000,,6feb43ab-3c85-43d8-b771-97778eb8c60b.binning_data.json,63070031,2026-01-27 00:06:38.980,2026-01-26 23:06:28.995,UTC-0300,tWUO8ZL77Z,,com.sec.android.app.shealth,2026-01-26 23:59:59.999,6feb43ab-3c85-43d8-b771-97778eb8c60b,
63070031,2026-01-27 00:00:00.000,,76e67d3d-6db5-4236-94e8-13184ccf3b27.binning_data.json,63070031,2026-01-27 01:06:50.486,2026-01-27 00:06:38.995,UTC-0300,tWUO8ZL77Z,,com.sec.android.app.shealth,2026-01-27 00:59:59.999,76e67d3d-6db5-4236-94e8-13184ccf3b27,
63070031,2026-01-27 01:00:00.000,,c50b76dc-f8f3-46a3-9076-d5ee417b33f7.binning_data.json,63070031,2026-01-27 01:17:30.759,2026-01-27 01:06:50.495,UTC-0300,tWUO8ZL77Z,,com.sec.android.app.shealth,2026-01-27 01:26:59.999,c50b76dc-f8f3-46a3-9076-d5ee417b33f7,
63070031,2026-01-27 02:40:00.000,,a643e6c0-1dab-4ac5-86c5-3b1bf5e1fa29.binning_data.json,63070031,2026-01-27 03:00:52.254,2026-01-27 03:00:52.254,UTC-0300,tWUO8ZL77Z,,com.sec.android.app.shealth,2026-01-27 02:59:59.999,a643e6c0-1dab-4ac5-86c5-3b1bf5e1fa29,
63070031,2026-01-27 03:00:00.000,,d7fd6aa0-c8cc-4dda-af3f-328d03d2bc3c.binning_data.json,63070031,2026-01-27 04:01:05.695,2026-01-27 03:20:56.745,UTC-0300,tWUO8ZL77Z,,com.sec.android.app.shealth,2026-01-27 03:59:59.999,d7fd6aa0-c8cc-4dda-af3f-328d03d2bc3c,
63070031,2026-01-27 04:00:00.000,,cd7e963b-710d-4625-a75c-7c82a4099403.binning_data.json,63070031,2026-01-27 05:01:15.368,2026-01-27 04:01:05.701,UTC-0300,tWUO8ZL77Z,,com.sec.android.app.shealth,2026-01-27 04:59:59.999,cd7e963b-710d-4625-a75c-7c82a4099403,
63070031,2026-01-27 05:00:00.000,,d2dbc333-f10a-49ae-8bfc-f6fd3a72abb2.binning_data.json,63070031,2026-01-27 06:01:25.972,2026-01-27 05:01:15.374,UTC-0300,tWUO8ZL77Z,,com.sec.android.app.shealth,2026-01-27 05:59:59.999,d2dbc333-f10a-49ae-8bfc-f6fd3a72abb2,
63070031,2026-01-27 06:00:00.000,,e1579944-ab63-4463-8083-8da3b802f614.binning_data.json,63070031,2026-01-27 07:01:37.224,2026-01-27 06:01:26.079,UTC-0300,tWUO8ZL77Z,,com.sec.android.app.shealth,2026-01-27 06:59:59.999,e1579944-ab63-4463-8083-8da3b802f614,
63070031,2026-01-27 07:00:00.000,,7b163a6c-4761-4141-bec3-ce07c627ccc9.binning_data.json,63070031,2026-01-27 08:01:48.554,2026-01-27 07:01:37.230,UTC-0300,tWUO8ZL77Z,,com.sec.android.app.shealth,2026-01-27 07:59:59.999,7b163a6c-4761-4141-bec3-ce07c627ccc9,
63070031,2026-01-27 08:00:00.000,,a77251b8-e407-46bf-aaf5-4dcbda6b2c32.binning_data.json,63070031,2026-01-27 09:01:59.120,2026-01-27 08:01:48.559,UTC-0300,tWUO8ZL77Z,,com.sec.android.app.shealth,2026-01-27 08:59:59.999,a77251b8-e407-46bf-aaf5-4dcbda6b2c32,
63070031,2026-01-27 09:00:00.000,,311e9b27-773f-416f-82f1-b59b698c9fd1.binning_data.json,63070031,2026-01-27 10:02:11.282,2026-01-27 09:01:59.126,UTC-0300,tWUO8ZL77Z,,com.sec.android.app.shealth,2026-01-27 09:59:59.999,311e9b27-773f-416f-82f1-b59b698c9fd1,
63070031,2026-01-27 10:00:00.000,,4479c13f-5033-4ff4-9b52-227b846c9548.binning_data.json,63070031,2026-01-27 11:02:22.841,2026-01-27 10:02:11.287,UTC-0300,tWUO8ZL77Z,,com.sec.android.app.shealth,2026-01-27 10:59:59.999,4479c13f-5033-4ff4-9b52-227b846c9548,
63070031,2026-01-27 11:00:00.000,,82b45cfd-2098-4873-80a4-73ee6149438d.binning_data.json,63070031,2026-01-27 12:02:34.733,2026-01-27 11:02:22.986,UTC-0300,tWUO8ZL77Z,,com.sec.android.app.shealth,2026-01-27 11:59:59.999,82b45cfd-2098-4873-80a4-73ee6149438d,
63070031,2026-01-27 12:00:00.000,,ed412dc9-4090-40ab-8fea-b1ab44171a91.binning_data.json,63070031,2026-01-27 13:02:44.982,2026-01-27 12:02:34.748,UTC-0300,tWUO8ZL77Z,,com.sec.android.app.shealth,2026-01-27 12:59:59.999,ed412dc9-4090-40ab-8fea-b1ab44171a91,
63070031,2026-01-27 13:00:00.000,,19401d7b-3163-4b39-890e-e16e0ac032e3.binning_data.json,63070031,2026-01-27 14:02:55.558,2026-01-27 13:02:44.990,UTC-0300,tWUO8ZL77Z,,com.sec.android.app.shealth,2026-01-27 13:59:59.999,19401d7b-3163-4b39-890e-e16e0ac032e3,
63070031,2026-01-27 14:00:00.000,,eee8022b-c837-457a-8108-f6197d6d2e6c.binning_data.json,63070031,2026-01-27 15:03:07.211,2026-01-27 14:02:55.571,UTC-0300,tWUO8ZL77Z,,com.sec.android.app.shealth,2026-01-27 14:59:59.999,eee8022b-c837-457a-8108-f6197d6d2e6c,
63070031,2026-01-27 15:00:00.000,,eb30866e-1f21-4a45-a2cf-6313c4273e16.binning_data.json,63070031,2026-01-27 16:03:19.567,2026-01-27 15:03:07.368,UTC-0300,tWUO8ZL77Z,,com.sec.android.app.shealth,2026-01-27 15:59:59.999,eb30866e-1f21-4a45-a2cf-6313c4273e16,
63070031,2026-01-27 16:00:00.000,,e1d7935a-6781-48cb-a93f-ac08789a27ed.binning_data.json,63070031,2026-01-27 17:03:31.579,2026-01-27 16:03:19.721,UTC-0300,tWUO8ZL77Z,,com.sec.android.app.shealth,2026-01-27 16:59:59.999,e1d7935a-6781-48cb-a93f-ac08789a27ed,
63070031,2026-01-27 17:00:00.000,,7d7d466d-8ed7-400c-ba33-4cb5c6cfcdba.binning_data.json,63070031,2026-01-27 18:03:45.323,2026-01-27 17:03:31.598,UTC-0300,tWUO8ZL77Z,,com.sec.android.app.shealth,2026-01-27 17:59:59.999,7d7d466d-8ed7-400c-ba33-4cb5c6cfcdba,
63070031,2026-01-27 18:00:00.000,,2598094e-9e5b-4c07-b961-c7b1d4acb648.binning_data.json,63070031,2026-01-27 19:03:56.670,2026-01-27 18:03:45.329,UTC-0300,tWUO8ZL77Z,,com.sec.android.app.shealth,2026-01-27 18:59:59.999,2598094e-9e5b-4c07-b961-c7b1d4acb648,
63070031,2026-01-27 19:00:00.000,,bebc27d8-017c-46ee-9f1c-5b30bd7abcf3.binning_data.json,63070031,2026-01-27 20:04:09.877,2026-01-27 19:03:56.681,UTC-0300,tWUO8ZL77Z,,com.sec.android.app.shealth,2026-01-27 19:59:59.999,bebc27d8-017c-46ee-9f1c-5b30bd7abcf3,
63070031,2026-01-27 20:00:00.000,,8609b718-3b43-4c4e-b6ee-b2c1cba44824.binning_data.json,63070031,2026-01-27 21:04:24.325,2026-01-27 20:04:09.891,UTC-0300,tWUO8ZL77Z,,com.sec.android.app.shealth,2026-01-27 20:59:59.999,8609b718-3b43-4c4e-b6ee-b2c1cba44824,
63070031,2026-01-27 21:00:00.000,,a88b7220-647c-4c80-a3a8-b253909e9a75.binning_data.json,63070031,2026-01-27 22:04:34.740,2026-01-27 21:04:24.334,UTC-0300,tWUO8ZL77Z,,com.sec.android.app.shealth,2026-01-27 21:59:59.999,a88b7220-647c-4c80-a3a8-b253909e9a75,
63070031,2026-01-27 22:00:00.000,,3eb4392e-a509-4047-ad74-969ccaf260a9.binning_data.json,63070031,2026-01-27 23:04:43.995,2026-01-27 22:04:34.820,UTC-0300,tWUO8ZL77Z,,com.sec.android.app.shealth,2026-01-27 22:59:59.999,3eb4392e-a509-4047-ad74-969ccaf260a9,
63070031,2026-01-27 23:00:00.000,,e4c10782-6ffe-4a66-9383-cf779316bbc0.binning_data.json,63070031,2026-01-27 23:55:21.647,2026-01-27 23:04:44.003,UTC-0300,tWUO8ZL77Z,,com.sec.android.app.shealth,2026-01-27 23:59:59.999,e4c10782-6ffe-4a66-9383-cf779316bbc0,
63070031,2026-01-28 00:00:00.000,,b2c6880b-a34f-4719-9f77-ed3914708218.binning_data.json,63070031,2026-01-28 01:11:38.382,2026-01-27 23:55:21.659,UTC-0300,tWUO8ZL77Z,,com.sec.android.app.shealth,2026-01-28 00:59:59.999,b2c6880b-a34f-4719-9f77-ed3914708218,
63070031,2026-01-28 01:00:00.000,,89d68d19-06eb-4b37-9bd1-76f10604d233.binning_data.json,63070031,2026-01-28 01:30:17.047,2026-01-28 01:11:38.400,UTC-0300,tWUO8ZL77Z,,com.sec.android.app.shealth,2026-01-28 01:31:59.999,89d68d19-06eb-4b37-9bd1-76f10604d233,
63070031,2026-01-28 02:05:00.000,,7031569a-a1bc-4800-867b-166bb801d2b8.binning_data.json,63070031,2026-01-28 03:06:01.678,2026-01-28 02:25:53.624,UTC-0300,tWUO8ZL77Z,,com.sec.android.app.shealth,2026-01-28 02:59:59.999,7031569a-a1bc-4800-867b-166bb801d2b8,
63070031,2026-01-28 03:00:00.000,,fddfed32-8446-4315-b507-dba78bb0bdef.binning_data.json,63070031,2026-01-28 04:06:10.637,2026-01-28 03:06:01.685,UTC-0300,tWUO8ZL77Z,,com.sec.android.app.shealth,2026-01-28 03:59:59.999,fddfed32-8446-4315-b507-dba78bb0bdef,
63070031,2026-01-28 04:00:00.000,,1fa5a149-b1bd-48bf-ac82-3f3020bf291d.binning_data.json,63070031,2026-01-28 05:06:13.978,2026-01-28 04:06:10.759,UTC-0300,tWUO8ZL77Z,,com.sec.android.app.shealth,2026-01-28 04:59:59.999,1fa5a149-b1bd-48bf-ac82-3f3020bf291d,
63070031,2026-01-28 05:00:00.000,,6887b28b-ae37-49b5-bb5d-094c02baf2a0.binning_data.json,63070031,2026-01-28 06:06:23.823,2026-01-28 05:06:13.990,UTC-0300,tWUO8ZL77Z,,com.sec.android.app.shealth,2026-01-28 05:59:59.999,6887b28b-ae37-49b5-bb5d-094c02baf2a0,
63070031,2026-01-28 06:00:00.000,,69f32602-927f-49ba-b9f8-be21e83e6174.binning_data.json,63070031,2026-01-28 07:06:35.089,2026-01-28 06:06:23.838,UTC-0300,tWUO8ZL77Z,,com.sec.android.app.shealth,2026-01-28 06:59:59.999,69f32602-927f-49ba-b9f8-be21e83e6174,
63070031,2026-01-28 07:00:00.000,,96dcf9eb-293a-43c3-88ab-5f826951d415.binning_data.json,63070031,2026-01-28 08:06:45.974,2026-01-28 07:06:35.109,UTC-0300,tWUO8ZL77Z,,com.sec.android.app.shealth,2026-01-28 07:59:59.999,96dcf9eb-293a-43c3-88ab-5f826951d415,
63070031,2026-01-28 08:00:00.000,,a45af97d-ae0a-437e-841e-aeb25f68dd2d.binning_data.json,63070031,2026-01-28 09:06:54.590,2026-01-28 08:06:45.994,UTC-0300,tWUO8ZL77Z,,com.sec.android.app.shealth,2026-01-28 08:59:59.999,a45af97d-ae0a-437e-841e-aeb25f68dd2d,
63070031,2026-01-28 09:00:00.000,,a9152b7f-0607-40ea-b11e-b21adec49314.binning_data.json,63070031,2026-01-28 10:07:05.315,2026-01-28 09:06:54.619,UTC-0300,tWUO8ZL77Z,,com.sec.android.app.shealth,2026-01-28 09:59:59.999,a9152b7f-0607-40ea-b11e-b21adec49314,
63070031,2026-01-28 10:00:00.000,,bcc63fe6-ae27-40f8-aef6-39cb490acd7e.binning_data.json,63070031,2026-01-28 11:07:11.198,2026-01-28 10:07:05.322,UTC-0300,tWUO8ZL77Z,,com.sec.android.app.shealth,2026-01-28 10:59:59.999,bcc63fe6-ae27-40f8-aef6-39cb490acd7e,
63070031,2026-01-28 11:00:00.000,,fd3e0e63-95e3-4cb8-ac4a-d770f0e01706.binning_data.json,63070031,2026-01-28 12:07:21.381,2026-01-28 11:07:11.205,UTC-0300,tWUO8ZL77Z,,com.sec.android.app.shealth,2026-01-28 11:59:59.999,fd3e0e63-95e3-4cb8-ac4a-d770f0e01706,
63070031,2026-01-28 12:00:00.000,,0b1ed527-c34d-41a0-93e4-c308d06994b5.binning_data.json,63070031,2026-01-28 13:07:32.206,2026-01-28 12:07:21.387,UTC-0300,tWUO8ZL77Z,,com.sec.android.app.shealth,2026-01-28 12:59:59.999,0b1ed527-c34d-41a0-93e4-c308d06994b5,
63070031,2026-01-28 13:00:00.000,,9a742900-ef48-4a72-bf6c-2350dd047375.binning_data.json,63070031,2026-01-28 14:07:44.300,2026-01-28 13:07:32.214,UTC-0300,tWUO8ZL77Z,,com.sec.android.app.shealth,2026-01-28 13:59:59.999,9a742900-ef48-4a72-bf6c-2350dd047375,
63070031,2026-01-28 14:00:00.000,,210f68c8-574a-4328-9317-01ef7b42d408.binning_data.json,63070031,2026-01-28 15:07:55.339,2026-01-28 14:07:44.339,UTC-0300,tWUO8ZL77Z,,com.sec.android.app.shealth,2026-01-28 14:59:59.999,210f68c8-574a-4328-9317-01ef7b42d408,
63070031,2026-01-28 15:00:00.000,,2839099a-ba99-4208-ab74-f5144a1da3ab.binning_data.json,63070031,2026-01-28 16:08:04.456,2026-01-28 15:07:55.382,UTC-0300,tWUO8ZL77Z,,com.sec.android.app.shealth,2026-01-28 15:59:59.999,2839099a-ba99-4208-ab74-f5144a1da3ab,
63070031,2026-01-28 16:00:00.000,,2bd277e8-facb-4c4b-abd2-f2f7f8263a03.binning_data.json,63070031,2026-01-28 17:08:14.949,2026-01-28 16:08:04.465,UTC-0300,tWUO8ZL77Z,,com.sec.android.app.shealth,2026-01-28 16:59:59.999,2bd277e8-facb-4c4b-abd2-f2f7f8263a03,
63070031,2026-01-28 17:00:00.000,,81b54306-5c22-40bb-b002-d4bcf213caa7.binning_data.json,63070031,2026-01-28 18:08:25.210,2026-01-28 17:08:14.963,UTC-0300,tWUO8ZL77Z,,com.sec.android.app.shealth,2026-01-28 17:59:59.999,81b54306-5c22-40bb-b002-d4bcf213caa7,
63070031,2026-01-28 18:00:00.000,,d30982f8-fbae-4014-892d-d6d6fa342505.binning_data.json,63070031,2026-01-28 19:08:36.442,2026-01-28 18:08:25.254,UTC-0300,tWUO8ZL77Z,,com.sec.android.app.shealth,2026-01-28 18:59:59.999,d30982f8-fbae-4014-892d-d6d6fa342505,
63070031,2026-01-28 19:00:00.000,,0319cc67-d90c-4756-8d23-a401b938ffb6.binning_data.json,63070031,2026-01-28 20:08:45.720,2026-01-28 19:08:36.545,UTC-0300,tWUO8ZL77Z,,com.sec.android.app.shealth,2026-01-28 19:59:59.999,0319cc67-d90c-4756-8d23-a401b938ffb6,
63070031,2026-01-28 20:00:00.000,,9905ec5e-7c51-44a6-ae22-ba14d31dc091.binning_data.json,63070031,2026-01-28 21:08:57.383,2026-01-28 20:08:45.734,UTC-0300,tWUO8ZL77Z,,com.sec.android.app.shealth,2026-01-28 20:59:59.999,9905ec5e-7c51-44a6-ae22-ba14d31dc091,
63070031,2026-01-28 21:00:00.000,,1756d03e-9acb-43e3-aa37-96562f8dc25c.binning_data.json,63070031,2026-01-28 22:09:07.771,2026-01-28 21:08:57.417,UTC-0300,tWUO8ZL77Z,,com.sec.android.app.shealth,2026-01-28 21:59:59.999,1756d03e-9acb-43e3-aa37-96562f8dc25c,
63070031,2026-01-28 22:00:00.000,,dc0eb9bb-9158-48bd-912d-6d30813e9fbb.binning_data.json,63070031,2026-01-28 23:09:20.147,2026-01-28 22:09:07.780,UTC-0300,tWUO8ZL77Z,,com.sec.android.app.shealth,2026-01-28 22:59:59.999,dc0eb9bb-9158-48bd-912d-6d30813e9fbb,
63070031,2026-01-28 23:00:00.000,,747419ed-afd3-4086-9e78-e1b2062d4d65.binning_data.json,63070031,2026-01-29 00:09:28.737,2026-01-28 23:09:20.158,UTC-0300,tWUO8ZL77Z,,com.sec.android.app.shealth,2026-01-28 23:59:59.999,747419ed-afd3-4086-9e78-e1b2062d4d65,
63070031,2026-01-29 00:00:00.000,,26c5498c-9d88-4a55-aebb-00fa8ae49dcd.binning_data.json,63070031,2026-01-29 00:26:28.889,2026-01-29 00:09:28.749,UTC-0300,tWUO8ZL77Z,,com.sec.android.app.shealth,2026-01-29 00:29:59.999,26c5498c-9d88-4a55-aebb-00fa8ae49dcd,
63070031,2026-01-29 02:25:00.000,,8e4d2d55-863c-4433-b152-d3e011efb38e.binning_data.json,63070031,2026-01-29 03:05:04.863,2026-01-29 02:45:00.681,UTC-0300,tWUO8ZL77Z,,com.sec.android.app.shealth,2026-01-29 02:59:59.999,8e4d2d55-863c-4433-b152-d3e011efb38e,
63070031,2026-01-29 03:00:00.000,,8c6611ec-440f-413e-a380-2b04d08d212f.binning_data.json,63070031,2026-01-29 04:05:15.205,2026-01-29 03:05:04.870,UTC-0300,tWUO8ZL77Z,,com.sec.android.app.shealth,2026-01-29 03:59:59.999,8c6611ec-440f-413e-a380-2b04d08d212f,
63070031,2026-01-29 04:00:00.000,,11320da9-2ded-4894-840c-f4d8c9649547.binning_data.json,63070031,2026-01-29 05:05:26.029,2026-01-29 04:05:15.265,UTC-0300,tWUO8ZL77Z,,com.sec.android.app.shealth,2026-01-29 04:59:59.999,11320da9-2ded-4894-840c-f4d8c9649547,
63070031,2026-01-29 05:00:00.000,,4a493f75-0455-46ab-9322-c1d33ac0644a.binning_data.json,63070031,2026-01-29 06:05:37.091,2026-01-29 05:05:26.050,UTC-0300,tWUO8ZL77Z,,com.sec.android.app.shealth,2026-01-29 05:59:59.999,4a493f75-0455-46ab-9322-c1d33ac0644a,
63070031,2026-01-29 06:00:00.000,,78e3b05f-3efc-465e-b34c-803ba24f1d58.binning_data.json,63070031,2026-01-29 07:05:41.418,2026-01-29 06:05:37.101,UTC-0300,tWUO8ZL77Z,,com.sec.android.app.shealth,2026-01-29 06:59:59.999,78e3b05f-3efc-465e-b34c-803ba24f1d58,
63070031,2026-01-29 07:00:00.000,,34e9c63c-abf7-4e97-8a75-5c95f0ade9ed.binning_data.json,63070031,2026-01-29 08:05:52.324,2026-01-29 07:05:41.445,UTC-0300,tWUO8ZL77Z,,com.sec.android.app.shealth,2026-01-29 07:59:59.999,34e9c63c-abf7-4e97-8a75-5c95f0ade9ed,
63070031,2026-01-29 08:00:00.000,,428890b9-c4fc-4dc1-8b84-b41d393b814a.binning_data.json,63070031,2026-01-29 09:06:03.925,2026-01-29 08:05:52.340,UTC-0300,tWUO8ZL77Z,,com.sec.android.app.shealth,2026-01-29 08:59:59.999,428890b9-c4fc-4dc1-8b84-b41d393b814a,
63070031,2026-01-29 09:00:00.000,,54d5c8b1-3583-4550-8ebf-4dbbb6df0d38.binning_data.json,63070031,2026-01-29 10:06:14.431,2026-01-29 09:06:03.935,UTC-0300,tWUO8ZL77Z,,com.sec.android.app.shealth,2026-01-29 09:59:59.999,54d5c8b1-3583-4550-8ebf-4dbbb6df0d38,
63070031,2026-01-29 10:00:00.000,,e803a278-e283-43b9-b9dd-060370622a68.binning_data.json,63070031,2026-01-29 11:06:24.773,2026-01-29 10:06:14.456,UTC-0300,tWUO8ZL77Z,,com.sec.android.app.shealth,2026-01-29 10:59:59.999,e803a278-e283-43b9-b9dd-060370622a68,
63070031,2026-01-29 11:00:00.000,,498bb45d-0db5-43e8-af30-6a84b14ead4f.binning_data.json,63070031,2026-01-29 12:06:28.288,2026-01-29 11:06:24.807,UTC-0300,tWUO8ZL77Z,,com.sec.android.app.shealth,2026-01-29 11:59:59.999,498bb45d-0db5-43e8-af30-6a84b14ead4f,
63070031,2026-01-29 12:00:00.000,,42036411-de3b-44cf-a0f7-b94b32350bc0.binning_data.json,63070031,2026-01-29 13:06:39.576,2026-01-29 12:06:28.300,UTC-0300,tWUO8ZL77Z,,com.sec.android.app.shealth,2026-01-29 12:59:59.999,42036411-de3b-44cf-a0f7-b94b32350bc0,
63070031,2026-01-29 13:00:00.000,,1e8d54d1-2f44-4bca-90b0-3c6284d6423d.binning_data.json,63070031,2026-01-29 14:06:51.414,2026-01-29 13:06:39.588,UTC-0300,tWUO8ZL77Z,,com.sec.android.app.shealth,2026-01-29 13:59:59.999,1e8d54d1-2f44-4bca-90b0-3c6284d6423d,
63070031,2026-01-29 14:00:00.000,,c053d044-8416-482c-96b8-c43084487b69.binning_data.json,63070031,2026-01-29 15:07:04.142,2026-01-29 14:06:51.429,UTC-0300,tWUO8ZL77Z,,com.sec.android.app.shealth,2026-01-29 14:59:59.999,c053d044-8416-482c-96b8-c43084487b69,
63070031,2026-01-29 15:00:00.000,,bc7a3146-517c-49ba-b8a9-9306c614ac23.binning_data.json,63070031,2026-01-29 16:07:12.868,2026-01-29 15:07:04.157,UTC-0300,tWUO8ZL77Z,,com.sec.android.app.shealth,2026-01-29 15:59:59.999,bc7a3146-517c-49ba-b8a9-9306c614ac23,
63070031,2026-01-29 16:00:00.000,,b269f450-463b-4268-bbaf-e80b321ed87d.binning_data.json,63070031,2026-01-29 17:07:26.545,2026-01-29 16:07:12.889,UTC-0300,tWUO8ZL77Z,,com.sec.android.app.shealth,2026-01-29 16:59:59.999,b269f450-463b-4268-bbaf-e80b321ed87d,
63070031,2026-01-29 17:00:00.000,,85b32980-9e20-4c56-9aa5-bce552a89459.binning_data.json,63070031,2026-01-29 18:07:37.527,2026-01-29 17:07:26.566,UTC-0300,tWUO8ZL77Z,,com.sec.android.app.shealth,2026-01-29 17:59:59.999,85b32980-9e20-4c56-9aa5-bce552a89459,
63070031,2026-01-29 18:00:00.000,,cd97e105-0d13-4ed7-8b9f-0cd8ea1a305f.binning_data.json,63070031,2026-01-29 19:07:49.486,2026-01-29 18:07:37.560,UTC-0300,tWUO8ZL77Z,,com.sec.android.app.shealth,2026-01-29 18:59:59.999,cd97e105-0d13-4ed7-8b9f-0cd8ea1a305f,
63070031,2026-01-29 19:00:00.000,,89f8249a-191a-4230-b16b-b3d2fd4ad1dd.binning_data.json,63070031,2026-01-29 20:08:01.841,2026-01-29 19:07:49.499,UTC-0300,tWUO8ZL77Z,,com.sec.android.app.shealth,2026-01-29 19:59:59.999,89f8249a-191a-4230-b16b-b3d2fd4ad1dd,
63070031,2026-01-29 20:00:00.000,,7333e651-d57e-4e0c-8ef2-db331e2e7e2d.binning_data.json,63070031,2026-01-29 21:08:13.409,2026-01-29 20:08:01.847,UTC-0300,tWUO8ZL77Z,,com.sec.android.app.shealth,2026-01-29 20:59:59.999,7333e651-d57e-4e0c-8ef2-db331e2e7e2d,
63070031,2026-01-29 21:00:00.000,,1a8211e2-186a-4df6-97e4-213a80bd0c5e.binning_data.json,63070031,2026-01-29 22:08:22.461,2026-01-29 21:08:13.416,UTC-0300,tWUO8ZL77Z,,com.sec.android.app.shealth,2026-01-29 21:59:59.999,1a8211e2-186a-4df6-97e4-213a80bd0c5e,
63070031,2026-01-29 22:00:00.000,,676f8ced-8bff-4178-95d3-af4be99aa34c.binning_data.json,63070031,2026-01-29 22:33:43.625,2026-01-29 22:08:22.571,UTC-0300,tWUO8ZL77Z,,com.sec.android.app.shealth,2026-01-29 22:47:59.999,676f8ced-8bff-4178-95d3-af4be99aa34c,
63070031,2026-01-30 00:20:00.000,,1f5d490e-77c6-4de2-ad2f-7d765800a7a9.binning_data.json,63070031,2026-01-30 01:00:55.419,2026-01-30 00:40:55.547,UTC-0300,tWUO8ZL77Z,,com.sec.android.app.shealth,2026-01-30 00:59:59.999,1f5d490e-77c6-4de2-ad2f-7d765800a7a9,
63070031,2026-01-30 01:00:00.000,,e4a2afaf-f8d8-4eaa-80d4-fbf5372332cc.binning_data.json,63070031,2026-01-30 02:01:06.248,2026-01-30 01:20:59.146,UTC-0300,tWUO8ZL77Z,,com.sec.android.app.shealth,2026-01-30 01:59:59.999,e4a2afaf-f8d8-4eaa-80d4-fbf5372332cc,
63070031,2026-01-30 02:00:00.000,,da31ebf9-b961-41e3-a107-e956d54963fd.binning_data.json,63070031,2026-01-30 03:01:17.534,2026-01-30 02:01:06.254,UTC-0300,tWUO8ZL77Z,,com.sec.android.app.shealth,2026-01-30 02:59:59.999,da31ebf9-b961-41e3-a107-e956d54963fd,
63070031,2026-01-30 03:00:00.000,,95efe03f-d535-40de-93dc-610232797450.binning_data.json,63070031,2026-01-30 04:01:29.234,2026-01-30 03:01:17.609,UTC-0300,tWUO8ZL77Z,,com.sec.android.app.shealth,2026-01-30 03:59:59.999,95efe03f-d535-40de-93dc-610232797450,
63070031,2026-01-30 04:00:00.000,,3114fd34-6104-40aa-968a-89fe2fa0c6a7.binning_data.json,63070031,2026-01-30 05:01:40.171,2026-01-30 04:01:29.238,UTC-0300,tWUO8ZL77Z,,com.sec.android.app.shealth,2026-01-30 04:59:59.999,3114fd34-6104-40aa-968a-89fe2fa0c6a7,
63070031,2026-01-30 05:00:00.000,,a4357710-045b-4b50-b0ca-8234fecc3415.binning_data.json,63070031,2026-01-30 06:01:54.228,2026-01-30 05:01:40.176,UTC-0300,tWUO8ZL77Z,,com.sec.android.app.shealth,2026-01-30 05:59:59.999,a4357710-045b-4b50-b0ca-8234fecc3415,
63070031,2026-01-30 06:00:00.000,,3c696024-993b-440e-b9c4-0f2489e5934d.binning_data.json,63070031,2026-01-30 07:02:07.730,2026-01-30 06:01:54.236,UTC-0300,tWUO8ZL77Z,,com.sec.android.app.shealth,2026-01-30 06:59:59.999,3c696024-993b-440e-b9c4-0f2489e5934d,
63070031,2026-01-30 07:00:00.000,,c7980acc-dbf2-42c8-886b-761f1d2ec114.binning_data.json,63070031,2026-01-30 08:02:21.273,2026-01-30 07:02:07.740,UTC-0300,tWUO8ZL77Z,,com.sec.android.app.shealth,2026-01-30 07:59:59.999,c7980acc-dbf2-42c8-886b-761f1d2ec114,
63070031,2026-01-30 08:00:00.000,,f85b7c8b-9e55-4e30-8f5b-38b7d6511a30.binning_data.json,63070031,2026-01-30 09:06:18.610,2026-01-30 08:02:30.020,UTC-0300,tWUO8ZL77Z,,com.sec.android.app.shealth,2026-01-30 08:59:59.999,f85b7c8b-9e55-4e30-8f5b-38b7d6511a30,
63070031,2026-01-30 09:00:00.000,,cc111588-724d-48eb-bdc8-379b2dedff5f.binning_data.json,63070031,2026-01-30 10:04:03.171,2026-01-30 09:06:18.671,UTC-0300,tWUO8ZL77Z,,com.sec.android.app.shealth,2026-01-30 09:59:59.999,cc111588-724d-48eb-bdc8-379b2dedff5f,
63070031,2026-01-30 10:00:00.000,,f654af2f-020b-48c3-8c06-6ad82591425f.binning_data.json,63070031,2026-01-30 11:02:43.150,2026-01-30 10:04:03.178,UTC-0300,tWUO8ZL77Z,,com.sec.android.app.shealth,2026-01-30 10:59:59.999,f654af2f-020b-48c3-8c06-6ad82591425f,
63070031,2026-01-30 11:00:00.000,,8d2976c9-9075-4cd6-a22c-3696a7bc147b.binning_data.json,63070031,2026-01-30 12:02:52.271,2026-01-30 11:02:43.161,UTC-0300,tWUO8ZL77Z,,com.sec.android.app.shealth,2026-01-30 11:59:59.999,8d2976c9-9075-4cd6-a22c-3696a7bc147b,
63070031,2026-01-30 12:00:00.000,,2bb353cd-699d-430b-827e-29546332a129.binning_data.json,63070031,2026-01-30 13:03:01.886,2026-01-30 12:02:52.282,UTC-0300,tWUO8ZL77Z,,com.sec.android.app.shealth,2026-01-30 12:59:59.999,2bb353cd-699d-430b-827e-29546332a129,
63070031,2026-01-30 13:00:00.000,,610d140b-cd55-4a27-a8c8-1896688a5b8e.binning_data.json,63070031,2026-01-30 14:03:12.432,2026-01-30 13:03:01.910,UTC-0300,tWUO8ZL77Z,,com.sec.android.app.shealth,2026-01-30 13:59:59.999,610d140b-cd55-4a27-a8c8-1896688a5b8e,
63070031,2026-01-30 14:00:00.000,,3725bed9-f69f-4c41-b84c-39be4042d95f.binning_data.json,63070031,2026-01-30 15:03:22.844,2026-01-30 14:03:12.451,UTC-0300,tWUO8ZL77Z,,com.sec.android.app.shealth,2026-01-30 14:59:59.999,3725bed9-f69f-4c41-b84c-39be4042d95f,
63070031,2026-01-30 15:00:00.000,,c41f1c6b-bf36-4ac3-b744-d54ed045fa4d.binning_data.json,63070031,2026-01-30 16:03:33.014,2026-01-30 15:03:22.947,UTC-0300,tWUO8ZL77Z,,com.sec.android.app.shealth,2026-01-30 15:59:59.999,c41f1c6b-bf36-4ac3-b744-d54ed045fa4d,
63070031,2026-01-30 16:00:00.000,,45f6d73d-d031-4637-8c93-edfe11fcbb93.binning_data.json,63070031,2026-01-30 17:03:43.917,2026-01-30 16:03:33.098,UTC-0300,tWUO8ZL77Z,,com.sec.android.app.shealth,2026-01-30 16:59:59.999,45f6d73d-d031-4637-8c93-edfe11fcbb93,
63070031,2026-01-30 17:00:00.000,,1514bda1-34e4-43e8-996d-c5b40b2b47b1.binning_data.json,63070031,2026-01-30 18:03:55.764,2026-01-30 17:03:43.934,UTC-0300,tWUO8ZL77Z,,com.sec.android.app.shealth,2026-01-30 17:59:59.999,1514bda1-34e4-43e8-996d-c5b40b2b47b1,
63070031,2026-01-30 18:00:00.000,,92941046-69f2-4ce7-a1de-95881309eae1.binning_data.json,63070031,2026-01-30 19:17:26.774,2026-01-30 18:03:55.873,UTC-0300,tWUO8ZL77Z,,com.sec.android.app.shealth,2026-01-30 18:59:59.999,92941046-69f2-4ce7-a1de-95881309eae1,
63070031,2026-01-30 19:00:00.000,,46b871db-93a4-42f3-82ed-9ad8b815d3ed.binning_data.json,63070031,2026-01-30 20:17:39.397,2026-01-30 19:17:26.792,UTC-0300,tWUO8ZL77Z,,com.sec.android.app.shealth,2026-01-30 19:59:59.999,46b871db-93a4-42f3-82ed-9ad8b815d3ed,
63070031,2026-01-30 20:00:00.000,,84817d98-4efe-4bfb-a683-6c84ed906d4f.binning_data.json,63070031,2026-01-30 21:17:50.605,2026-01-30 20:17:39.402,UTC-0300,tWUO8ZL77Z,,com.sec.android.app.shealth,2026-01-30 20:59:59.999,84817d98-4efe-4bfb-a683-6c84ed906d4f,
63070031,2026-01-30 21:00:00.000,,b4de86f4-3df0-4f8c-8f61-ba159b7a36e1.binning_data.json,63070031,2026-01-30 22:18:00.629,2026-01-30 21:17:50.618,UTC-0300,tWUO8ZL77Z,,com.sec.android.app.shealth,2026-01-30 21:59:59.999,b4de86f4-3df0-4f8c-8f61-ba159b7a36e1,
63070031,2026-01-30 22:00:00.000,,75aa3ae3-2b47-438c-b458-14597ee1e2f8.binning_data.json,63070031,2026-01-30 23:18:10.657,2026-01-30 22:18:00.728,UTC-0300,tWUO8ZL77Z,,com.sec.android.app.shealth,2026-01-30 22:59:59.999,75aa3ae3-2b47-438c-b458-14597ee1e2f8,
63070031,2026-01-30 23:00:00.000,,75fcfb31-e2f5-4a8c-a95b-923dbacec134.binning_data.json,63070031,2026-01-30 23:20:43.445,2026-01-30 23:18:10.674,UTC-0300,tWUO8ZL77Z,,com.sec.android.app.shealth,2026-01-30 23:37:59.999,75fcfb31-e2f5-4a8c-a95b-923dbacec134,
63070031,2026-01-31 02:46:00.000,,ae98bca9-ba54-47f2-a901-26f6dd3c07a1.binning_data.json,63070031,2026-01-31 03:06:31.257,2026-01-31 03:06:31.257,UTC-0300,tWUO8ZL77Z,,com.sec.android.app.shealth,2026-01-31 02:59:59.999,ae98bca9-ba54-47f2-a901-26f6dd3c07a1,
63070031,2026-01-31 03:00:00.000,,bd58921f-2a31-4cc7-a66c-a2d026aa0b82.binning_data.json,63070031,2026-01-31 04:06:40.603,2026-01-31 03:06:31.261,UTC-0300,tWUO8ZL77Z,,com.sec.android.app.shealth,2026-01-31 03:59:59.999,bd58921f-2a31-4cc7-a66c-a2d026aa0b82,
63070031,2026-01-31 04:00:00.000,,fb86d8e2-7089-4a48-b452-a36cd6c93d3a.binning_data.json,63070031,2026-01-31 05:06:50.248,2026-01-31 04:06:40.780,UTC-0300,tWUO8ZL77Z,,com.sec.android.app.shealth,2026-01-31 04:59:59.999,fb86d8e2-7089-4a48-b452-a36cd6c93d3a,
63070031,2026-01-31 05:00:00.000,,41ec039d-0f54-47bd-9714-048935f351a6.binning_data.json,63070031,2026-01-31 06:06:58.207,2026-01-31 05:06:50.260,UTC-0300,tWUO8ZL77Z,,com.sec.android.app.shealth,2026-01-31 05:59:59.999,41ec039d-0f54-47bd-9714-048935f351a6,
63070031,2026-01-31 06:00:00.000,,93a3613e-2731-4466-b972-bd73ed6d8485.binning_data.json,63070031,2026-01-31 07:07:07.407,2026-01-31 06:06:58.212,UTC-0300,tWUO8ZL77Z,,com.sec.android.app.shealth,2026-01-31 06:59:59.999,93a3613e-2731-4466-b972-bd73ed6d8485,
63070031,2026-01-31 07:00:00.000,,f2c4fa49-c232-4969-b5f5-cab95b420757.binning_data.json,63070031,2026-01-31 08:07:17.831,2026-01-31 07:07:07.543,UTC-0300,tWUO8ZL77Z,,com.sec.android.app.shealth,2026-01-31 07:59:59.999,f2c4fa49-c232-4969-b5f5-cab95b420757,
63070031,2026-01-31 08:00:00.000,,342bba8e-0402-41c8-99cc-5d2e8a9ad051.binning_data.json,63070031,2026-01-31 09:07:29.276,2026-01-31 08:07:17.836,UTC-0300,tWUO8ZL77Z,,com.sec.android.app.shealth,2026-01-31 08:59:59.999,342bba8e-0402-41c8-99cc-5d2e8a9ad051,
63070031,2026-01-31 09:00:00.000,,b56ecaeb-f24f-4a69-98fc-051d10a62248.binning_data.json,63070031,2026-01-31 10:07:32.857,2026-01-31 09:07:29.287,UTC-0300,tWUO8ZL77Z,,com.sec.android.app.shealth,2026-01-31 09:59:59.999,b56ecaeb-f24f-4a69-98fc-051d10a62248,
63070031,2026-01-31 10:00:00.000,,291a893f-776c-4b81-b11d-b3bf91633734.binning_data.json,63070031,2026-01-31 11:07:42.540,2026-01-31 10:07:32.864,UTC-0300,tWUO8ZL77Z,,com.sec.android.app.shealth,2026-01-31 10:59:59.999,291a893f-776c-4b81-b11d-b3bf91633734,
63070031,2026-01-31 11:00:00.000,,32f35ff4-3b5e-4c92-bc00-2962ae222f5e.binning_data.json,63070031,2026-01-31 12:07:50.349,2026-01-31 11:07:42.548,UTC-0300,tWUO8ZL77Z,,com.sec.android.app.shealth,2026-01-31 11:59:59.999,32f35ff4-3b5e-4c92-bc00-2962ae222f5e,
63070031,2026-01-31 12:00:00.000,,97ae9961-19bd-4946-adaf-31e134fbbaa1.binning_data.json,63070031,2026-01-31 13:07:58.832,2026-01-31 12:07:50.362,UTC-0300,tWUO8ZL77Z,,com.sec.android.app.shealth,2026-01-31 12:59:59.999,97ae9961-19bd-4946-adaf-31e134fbbaa1,
63070031,2026-01-31 13:00:00.000,,a258f5d9-c977-46d6-a72d-4bec0764dd89.binning_data.json,63070031,2026-01-31 14:08:09.295,2026-01-31 13:07:58.844,UTC-0300,tWUO8ZL77Z,,com.sec.android.app.shealth,2026-01-31 13:59:59.999,a258f5d9-c977-46d6-a72d-4bec0764dd89,
63070031,2026-01-31 14:00:00.000,,1cbe02fe-218a-48ac-82e3-826de0d848e4.binning_data.json,63070031,2026-01-31 15:08:21.364,2026-01-31 14:08:09.420,UTC-0300,tWUO8ZL77Z,,com.sec.android.app.shealth,2026-01-31 14:59:59.999,1cbe02fe-218a-48ac-82e3-826de0d848e4,
63070031,2026-01-31 15:00:00.000,,abec4d65-1cbb-4f9a-890a-2589771976d9.binning_data.json,63070031,2026-01-31 16:08:31.125,2026-01-31 15:08:21.447,UTC-0300,tWUO8ZL77Z,,com.sec.android.app.shealth,2026-01-31 15:59:59.999,abec4d65-1cbb-4f9a-890a-2589771976d9,
63070031,2026-01-31 16:00:00.000,,78d5e0d3-f44b-450e-92dc-86dc37453ce6.binning_data.json,63070031,2026-01-31 17:08:42.737,2026-01-31 16:08:31.131,UTC-0300,tWUO8ZL77Z,,com.sec.android.app.shealth,2026-01-31 16:59:59.999,78d5e0d3-f44b-450e-92dc-86dc37453ce6,
63070031,2026-01-31 17:00:00.000,,ca0debd3-c876-4342-9e32-de4b23873483.binning_data.json,63070031,2026-01-31 18:08:55.468,2026-01-31 17:08:42.877,UTC-0300,tWUO8ZL77Z,,com.sec.android.app.shealth,2026-01-31 17:59:59.999,ca0debd3-c876-4342-9e32-de4b23873483,
63070031,2026-01-31 18:00:00.000,,6ba825a7-3e62-4f16-9332-6e65ca9b64e8.binning_data.json,63070031,2026-01-31 19:09:08.318,2026-01-31 18:08:55.567,UTC-0300,tWUO8ZL77Z,,com.sec.android.app.shealth,2026-01-31 18:59:59.999,6ba825a7-3e62-4f16-9332-6e65ca9b64e8,
63070031,2026-01-31 19:00:00.000,,32b4eb1d-54eb-45a6-b161-38f58db64242.binning_data.json,63070031,2026-01-31 20:09:16.863,2026-01-31 19:09:08.329,UTC-0300,tWUO8ZL77Z,,com.sec.android.app.shealth,2026-01-31 19:59:59.999,32b4eb1d-54eb-45a6-b161-38f58db64242,
63070031,2026-01-31 20:00:00.000,,ed3bfcae-8562-4a68-8a49-2bee5b32d772.binning_data.json,63070031,2026-01-31 21:09:28.582,2026-01-31 20:09:16.872,UTC-0300,tWUO8ZL77Z,,com.sec.android.app.shealth,2026-01-31 20:59:59.999,ed3bfcae-8562-4a68-8a49-2bee5b32d772,
63070031,2026-01-31 21:00:00.000,,412e4b07-0a95-4ce6-a8c9-2b813ba2c054.binning_data.json,63070031,2026-01-31 22:09:37.266,2026-01-31 21:09:28.588,UTC-0300,tWUO8ZL77Z,,com.sec.android.app.shealth,2026-01-31 21:59:59.999,412e4b07-0a95-4ce6-a8c9-2b813ba2c054,
63070031,2026-01-31 22:00:00.000,,65200d13-a909-4efd-b805-636ecb0cdb08.binning_data.json,63070031,2026-01-31 23:09:49.207,2026-01-31 22:09:37.274,UTC-0300,tWUO8ZL77Z,,com.sec.android.app.shealth,2026-01-31 22:59:59.999,65200d13-a909-4efd-b805-636ecb0cdb08,
63070031,2026-01-31 23:00:00.000,,8c37f29f-2bff-4ac8-bdbe-bb22c8d115be.binning_data.json,63070031,2026-02-01 00:10:01.346,2026-01-31 23:09:49.221,UTC-0300,tWUO8ZL77Z,,com.sec.android.app.shealth,2026-01-31 23:59:59.999,8c37f29f-2bff-4ac8-bdbe-bb22c8d115be,
63070031,2026-02-01 00:00:00.000,,fb8441ab-de6d-43fc-ab66-733eec4b1e2f.binning_data.json,63070031,2026-02-01 00:39:03.722,2026-02-01 00:10:01.355,UTC-0300,tWUO8ZL77Z,,com.sec.android.app.shealth,2026-02-01 00:50:59.999,fb8441ab-de6d-43fc-ab66-733eec4b1e2f,
63070031,2026-02-01 01:54:00.000,,76e22561-f049-4a7f-9773-eaf028d9026a.binning_data.json,63070031,2026-02-01 02:14:11.201,2026-02-01 02:14:11.201,UTC-0300,tWUO8ZL77Z,,com.sec.android.app.shealth,2026-02-01 01:59:59.999,76e22561-f049-4a7f-9773-eaf028d9026a,
63070031,2026-02-01 02:00:00.000,,2c013413-c224-4d84-a228-367be6a56bb1.binning_data.json,63070031,2026-02-01 03:14:22.739,2026-02-01 02:14:11.324,UTC-0300,tWUO8ZL77Z,,com.sec.android.app.shealth,2026-02-01 02:59:59.999,2c013413-c224-4d84-a228-367be6a56bb1,
63070031,2026-02-01 03:00:00.000,,4b3cefea-65cb-4a37-8f55-18917baa52ac.binning_data.json,63070031,2026-02-01 04:14:34.473,2026-02-01 03:14:22.744,UTC-0300,tWUO8ZL77Z,,com.sec.android.app.shealth,2026-02-01 03:59:59.999,4b3cefea-65cb-4a37-8f55-18917baa52ac,
63070031,2026-02-01 04:00:00.000,,9cd66e28-2169-4883-8dfd-a2ef258d2782.binning_data.json,63070031,2026-02-01 05:14:47.336,2026-02-01 04:14:34.478,UTC-0300,tWUO8ZL77Z,,com.sec.android.app.shealth,2026-02-01 04:59:59.999,9cd66e28-2169-4883-8dfd-a2ef258d2782,
63070031,2026-02-01 05:00:00.000,,35c3ace5-b4fa-473f-b945-444ba00529a9.binning_data.json,63070031,2026-02-01 06:14:59.503,2026-02-01 05:14:47.410,UTC-0300,tWUO8ZL77Z,,com.sec.android.app.shealth,2026-02-01 05:59:59.999,35c3ace5-b4fa-473f-b945-444ba00529a9,
63070031,2026-02-01 06:00:00.000,,b8c18296-8449-4b47-9515-3517d596fec4.binning_data.json,63070031,2026-02-01 07:15:11.747,2026-02-01 06:14:59.511,UTC-0300,tWUO8ZL77Z,,com.sec.android.app.shealth,2026-02-01 06:59:59.999,b8c18296-8449-4b47-9515-3517d596fec4,
63070031,2026-02-01 07:00:00.000,,736ae6b1-ef48-473e-96e4-b1c2a28a7d41.binning_data.json,63070031,2026-02-01 08:15:23.816,2026-02-01 07:15:11.773,UTC-0300,tWUO8ZL77Z,,com.sec.android.app.shealth,2026-02-01 07:59:59.999,736ae6b1-ef48-473e-96e4-b1c2a28a7d41,
63070031,2026-02-01 08:00:00.000,,f4273293-8af3-4abf-8914-f9a1279e8df5.binning_data.json,63070031,2026-02-01 09:15:35.443,2026-02-01 08:15:23.841,UTC-0300,tWUO8ZL77Z,,com.sec.android.app.shealth,2026-02-01 08:59:59.999,f4273293-8af3-4abf-8914-f9a1279e8df5,
63070031,2026-02-01 09:00:00.000,,4f4c2f7b-6ebf-4b79-93a2-f441eb690263.binning_data.json,63070031,2026-02-01 10:15:47.792,2026-02-01 09:15:35.476,UTC-0300,tWUO8ZL77Z,,com.sec.android.app.shealth,2026-02-01 09:59:59.999,4f4c2f7b-6ebf-4b79-93a2-f441eb690263,
63070031,2026-02-01 10:00:00.000,,b375475d-75c8-4353-a3de-f63a3b940931.binning_data.json,63070031,2026-02-01 11:15:58.393,2026-02-01 10:15:47.797,UTC-0300,tWUO8ZL77Z,,com.sec.android.app.shealth,2026-02-01 10:59:59.999,b375475d-75c8-4353-a3de-f63a3b940931,
63070031,2026-02-01 11:00:00.000,,bd1fb5d8-c615-4061-95e2-2fd1f00ee56b.binning_data.json,63070031,2026-02-01 12:15:56.259,2026-02-01 11:15:58.546,UTC-0300,tWUO8ZL77Z,,com.sec.android.app.shealth,2026-02-01 11:59:59.999,bd1fb5d8-c615-4061-95e2-2fd1f00ee56b,
63070031,2026-02-01 12:00:00.000,,42171e4c-cfa3-4cce-a6f8-547659917d5f.binning_data.json,63070031,2026-02-01 13:16:04.232,2026-02-01 12:15:56.268,UTC-0300,tWUO8ZL77Z,,com.sec.android.app.shealth,2026-02-01 12:59:59.999,42171e4c-cfa3-4cce-a6f8-547659917d5f,
63070031,2026-02-01 13:00:00.000,,e47410e7-e18c-483c-bd00-9290c36e7cf3.binning_data.json,63070031,2026-02-01 14:16:16.738,2026-02-01 13:16:04.339,UTC-0300,tWUO8ZL77Z,,com.sec.android.app.shealth,2026-02-01 13:59:59.999,e47410e7-e18c-483c-bd00-9290c36e7cf3,
63070031,2026-02-01 14:00:00.000,,5ff408cd-d84c-4af1-9e8d-45f335a1b22a.binning_data.json,63070031,2026-02-01 15:16:27.003,2026-02-01 14:16:16.747,UTC-0300,tWUO8ZL77Z,,com.sec.android.app.shealth,2026-02-01 14:59:59.999,5ff408cd-d84c-4af1-9e8d-45f335a1b22a,
63070031,2026-02-01 15:00:00.000,,f5c32600-9998-424c-978d-5aa108b054eb.binning_data.json,63070031,2026-02-01 16:16:37.024,2026-02-01 15:16:27.016,UTC-0300,tWUO8ZL77Z,,com.sec.android.app.shealth,2026-02-01 15:59:59.999,f5c32600-9998-424c-978d-5aa108b054eb,
63070031,2026-02-01 16:00:00.000,,9ddd4ed1-3131-4095-b8a1-5b5032fcc1bb.binning_data.json,63070031,2026-02-01 17:16:47.398,2026-02-01 16:16:37.035,UTC-0300,tWUO8ZL77Z,,com.sec.android.app.shealth,2026-02-01 16:59:59.999,9ddd4ed1-3131-4095-b8a1-5b5032fcc1bb,
63070031,2026-02-01 17:00:00.000,,9b5c7d8e-f726-43ff-ba4f-bfffbcba8d48.binning_data.json,63070031,2026-02-01 18:17:00.121,2026-02-01 17:16:47.412,UTC-0300,tWUO8ZL77Z,,com.sec.android.app.shealth,2026-02-01 17:59:59.999,9b5c7d8e-f726-43ff-ba4f-bfffbcba8d48,
63070031,2026-02-01 18:00:00.000,,5e1bfc0f-e4d2-4aac-a231-be65c9f689be.binning_data.json,63070031,2026-02-01 19:17:12.064,2026-02-01 18:17:00.129,UTC-0300,tWUO8ZL77Z,,com.sec.android.app.shealth,2026-02-01 18:59:59.999,5e1bfc0f-e4d2-4aac-a231-be65c9f689be,
63070031,2026-02-01 19:00:00.000,,4b0f182b-5f70-4563-b44a-419b9e392dde.binning_data.json,63070031,2026-02-01 20:17:23.165,2026-02-01 19:17:12.073,UTC-0300,tWUO8ZL77Z,,com.sec.android.app.shealth,2026-02-01 19:59:59.999,4b0f182b-5f70-4563-b44a-419b9e392dde,
63070031,2026-02-01 20:00:00.000,,f634dba3-0827-49d0-890e-de467b09dab3.binning_data.json,63070031,2026-02-01 21:17:33.021,2026-02-01 20:17:23.266,UTC-0300,tWUO8ZL77Z,,com.sec.android.app.shealth,2026-02-01 20:59:59.999,f634dba3-0827-49d0-890e-de467b09dab3,
63070031,2026-02-01 21:00:00.000,,5e7d922f-b291-4982-b296-28c35be5875d.binning_data.json,63070031,2026-02-01 22:17:43.229,2026-02-01 21:17:33.027,UTC-0300,tWUO8ZL77Z,,com.sec.android.app.shealth,2026-02-01 21:59:59.999,5e7d922f-b291-4982-b296-28c35be5875d,
63070031,2026-02-01 22:00:00.000,,574d3c67-0627-417d-b3e9-ee56f7e7dc63.binning_data.json,63070031,2026-02-01 22:43:38.579,2026-02-01 22:17:43.408,UTC-0300,tWUO8ZL77Z,,com.sec.android.app.shealth,2026-02-01 22:57:59.999,574d3c67-0627-417d-b3e9-ee56f7e7dc63,
63070031,2026-02-02 00:06:00.000,,61faa7a9-66b6-4b98-a317-17904ca6ac43.binning_data.json,63070031,2026-02-02 01:06:11.614,2026-02-02 00:26:06.077,UTC-0300,tWUO8ZL77Z,,com.sec.android.app.shealth,2026-02-02 00:59:59.999,61faa7a9-66b6-4b98-a317-17904ca6ac43,
63070031,2026-02-02 01:00:00.000,,47f02a66-49db-4fae-a4c2-7187aa41aba7.binning_data.json,63070031,2026-02-02 02:06:20.421,2026-02-02 01:06:11.631,UTC-0300,tWUO8ZL77Z,,com.sec.android.app.shealth,2026-02-02 01:59:59.999,47f02a66-49db-4fae-a4c2-7187aa41aba7,
63070031,2026-02-02 02:00:00.000,,7f35b959-9129-4ba9-b9ca-b8f07224e52b.binning_data.json,63070031,2026-02-02 03:06:31.263,2026-02-02 02:06:20.431,UTC-0300,tWUO8ZL77Z,,com.sec.android.app.shealth,2026-02-02 02:59:59.999,7f35b959-9129-4ba9-b9ca-b8f07224e52b,
63070031,2026-02-02 03:00:00.000,,414bd5e5-e252-4c3d-a5d9-b714bf73a6b0.binning_data.json,63070031,2026-02-02 04:06:44.052,2026-02-02 03:06:31.278,UTC-0300,tWUO8ZL77Z,,com.sec.android.app.shealth,2026-02-02 03:59:59.999,414bd5e5-e252-4c3d-a5d9-b714bf73a6b0,
63070031,2026-02-02 04:00:00.000,,0b694de6-80ff-4382-b215-af4123118a71.binning_data.json,63070031,2026-02-02 05:06:55.646,2026-02-02 04:06:44.114,UTC-0300,tWUO8ZL77Z,,com.sec.android.app.shealth,2026-02-02 04:59:59.999,0b694de6-80ff-4382-b215-af4123118a71,
63070031,2026-02-02 05:00:00.000,,b2186d87-b87f-43ef-b5f3-5c9521e3fa6e.binning_data.json,63070031,2026-02-02 06:07:06.351,2026-02-02 05:06:55.671,UTC-0300,tWUO8ZL77Z,,com.sec.android.app.shealth,2026-02-02 05:59:59.999,b2186d87-b87f-43ef-b5f3-5c9521e3fa6e,
63070031,2026-02-02 06:00:00.000,,dca6fc63-bfeb-4a72-a8d0-9694175dfa83.binning_data.json,63070031,2026-02-02 07:07:19.011,2026-02-02 06:07:06.356,UTC-0300,tWUO8ZL77Z,,com.sec.android.app.shealth,2026-02-02 06:59:59.999,dca6fc63-bfeb-4a72-a8d0-9694175dfa83,
63070031,2026-02-02 07:00:00.000,,80fb66f9-6b18-44b1-94e7-229dbeec6d7c.binning_data.json,63070031,2026-02-02 08:07:28.743,2026-02-02 07:07:19.016,UTC-0300,tWUO8ZL77Z,,com.sec.android.app.shealth,2026-02-02 07:59:59.999,80fb66f9-6b18-44b1-94e7-229dbeec6d7c,
63070031,2026-02-02 08:00:00.000,,523a799e-29fe-41cd-865e-8680f12dd6c7.binning_data.json,63070031,2026-02-02 09:07:39.423,2026-02-02 08:07:28.780,UTC-0300,tWUO8ZL77Z,,com.sec.android.app.shealth,2026-02-02 08:59:59.999,523a799e-29fe-41cd-865e-8680f12dd6c7,
63070031,2026-02-02 09:00:00.000,,261db293-1dc3-4e0a-93e7-d8ebf3d56d85.binning_data.json,63070031,2026-02-02 10:07:50.249,2026-02-02 09:07:39.507,UTC-0300,tWUO8ZL77Z,,com.sec.android.app.shealth,2026-02-02 09:59:59.999,261db293-1dc3-4e0a-93e7-d8ebf3d56d85,
63070031,2026-02-02 10:00:00.000,,ec1ecb9b-91c1-4e82-a4b6-a72d4a7d80d9.binning_data.json,63070031,2026-02-02 11:08:01.537,2026-02-02 10:07:50.300,UTC-0300,tWUO8ZL77Z,,com.sec.android.app.shealth,2026-02-02 10:59:59.999,ec1ecb9b-91c1-4e82-a4b6-a72d4a7d80d9,
63070031,2026-02-02 11:00:00.000,,829c6551-5e66-4326-aaa0-1d1c994dc2f1.binning_data.json,63070031,2026-02-02 12:08:03.448,2026-02-02 11:08:01.604,UTC-0300,tWUO8ZL77Z,,com.sec.android.app.shealth,2026-02-02 11:59:59.999,829c6551-5e66-4326-aaa0-1d1c994dc2f1,
63070031,2026-02-02 12:00:00.000,,660e98a2-afcd-4fc5-8645-d2a5d9730392.binning_data.json,63070031,2026-02-02 13:08:15.659,2026-02-02 12:08:03.471,UTC-0300,tWUO8ZL77Z,,com.sec.android.app.shealth,2026-02-02 12:59:59.999,660e98a2-afcd-4fc5-8645-d2a5d9730392,
63070031,2026-02-02 13:00:00.000,,fcbb690f-0d78-4708-beb1-60bf3f661300.binning_data.json,63070031,2026-02-02 14:08:27.377,2026-02-02 13:08:15.672,UTC-0300,tWUO8ZL77Z,,com.sec.android.app.shealth,2026-02-02 13:59:59.999,fcbb690f-0d78-4708-beb1-60bf3f661300,
63070031,2026-02-02 14:00:00.000,,93d999c5-b2db-4ab3-9f1c-9fc88d8ee46a.binning_data.json,63070031,2026-02-02 15:08:38.227,2026-02-02 14:08:27.392,UTC-0300,tWUO8ZL77Z,,com.sec.android.app.shealth,2026-02-02 14:59:59.999,93d999c5-b2db-4ab3-9f1c-9fc88d8ee46a,
63070031,2026-02-02 15:00:00.000,,c224c6cc-3ade-4aa8-b481-d07ef84b3206.binning_data.json,63070031,2026-02-02 16:08:49.482,2026-02-02 15:08:38.235,UTC-0300,tWUO8ZL77Z,,com.sec.android.app.shealth,2026-02-02 15:59:59.999,c224c6cc-3ade-4aa8-b481-d07ef84b3206,
63070031,2026-02-02 16:00:00.000,,ceab95be-7f01-4f4c-898b-1a2504056c7a.binning_data.json,63070031,2026-02-02 17:09:02.886,2026-02-02 16:08:49.488,UTC-0300,tWUO8ZL77Z,,com.sec.android.app.shealth,2026-02-02 16:59:59.999,ceab95be-7f01-4f4c-898b-1a2504056c7a,
63070031,2026-02-02 17:00:00.000,,29b7c8b7-394b-4b10-b4c4-f421af0d4da7.binning_data.json,63070031,2026-02-02 18:09:16.944,2026-02-02 17:09:03.045,UTC-0300,tWUO8ZL77Z,,com.sec.android.app.shealth,2026-02-02 17:59:59.999,29b7c8b7-394b-4b10-b4c4-f421af0d4da7,
63070031,2026-02-02 18:00:00.000,,fb3546c2-67c5-4c3c-9b75-69d3dca2c92c.binning_data.json,63070031,2026-02-02 19:09:29.798,2026-02-02 18:09:17.036,UTC-0300,tWUO8ZL77Z,,com.sec.android.app.shealth,2026-02-02 18:59:59.999,fb3546c2-67c5-4c3c-9b75-69d3dca2c92c,
63070031,2026-02-02 19:00:00.000,,cddf4d45-57a8-4767-8fbf-c042a83f1544.binning_data.json,63070031,2026-02-02 20:09:41.789,2026-02-02 19:09:29.815,UTC-0300,tWUO8ZL77Z,,com.sec.android.app.shealth,2026-02-02 19:59:59.999,cddf4d45-57a8-4767-8fbf-c042a83f1544,
63070031,2026-02-02 20:00:00.000,,60fc991f-862e-4b21-81bb-aa832702d357.binning_data.json,63070031,2026-02-02 21:09:53.088,2026-02-02 20:09:41.794,UTC-0300,tWUO8ZL77Z,,com.sec.android.app.shealth,2026-02-02 20:59:59.999,60fc991f-862e-4b21-81bb-aa832702d357,
63070031,2026-02-02 21:00:00.000,,7b7d19e7-cc95-46b7-95ff-9c339322dbf4.binning_data.json,63070031,2026-02-02 22:10:03.726,2026-02-02 21:09:53.102,UTC-0300,tWUO8ZL77Z,,com.sec.android.app.shealth,2026-02-02 21:59:59.999,7b7d19e7-cc95-46b7-95ff-9c339322dbf4,
63070031,2026-02-02 22:00:00.000,,a48b5898-8152-4f5d-9744-1d366b69213e.binning_data.json,63070031,2026-02-02 22:37:08.357,2026-02-02 22:10:03.734,UTC-0300,tWUO8ZL77Z,,com.sec.android.app.shealth,2026-02-02 22:50:59.999,a48b5898-8152-4f5d-9744-1d366b69213e,
63070031,2026-02-03 00:33:00.000,,79e58540-8d43-4aa2-b707-10be65522e05.binning_data.json,63070031,2026-02-03 01:13:28.033,2026-02-03 00:53:23.723,UTC-0300,tWUO8ZL77Z,,com.sec.android.app.shealth,2026-02-03 00:59:59.999,79e58540-8d43-4aa2-b707-10be65522e05,
63070031,2026-02-03 01:00:00.000,,d87b2f87-9ff3-4ba2-8f9c-4c98fecf54df.binning_data.json,63070031,2026-02-03 02:13:35.545,2026-02-03 01:13:28.048,UTC-0300,tWUO8ZL77Z,,com.sec.android.app.shealth,2026-02-03 01:59:59.999,d87b2f87-9ff3-4ba2-8f9c-4c98fecf54df,
63070031,2026-02-03 02:00:00.000,,dfd9e91a-44ad-4751-aaff-4d2f983be239.binning_data.json,63070031,2026-02-03 03:13:43.441,2026-02-03 02:13:35.565,UTC-0300,tWUO8ZL77Z,,com.sec.android.app.shealth,2026-02-03 02:59:59.999,dfd9e91a-44ad-4751-aaff-4d2f983be239,
63070031,2026-02-03 03:00:00.000,,3d8e2c6f-3224-4e37-8a77-f02819679d73.binning_data.json,63070031,2026-02-03 04:13:52.003,2026-02-03 03:13:43.446,UTC-0300,tWUO8ZL77Z,,com.sec.android.app.shealth,2026-02-03 03:59:59.999,3d8e2c6f-3224-4e37-8a77-f02819679d73,
63070031,2026-02-03 04:00:00.000,,64b21f5f-0433-41ca-8f2d-5223c7e515f7.binning_data.json,63070031,2026-02-03 05:13:57.390,2026-02-03 04:13:52.104,UTC-0300,tWUO8ZL77Z,,com.sec.android.app.shealth,2026-02-03 04:59:59.999,64b21f5f-0433-41ca-8f2d-5223c7e515f7,
63070031,2026-02-03 05:00:00.000,,64f257b2-f050-4f37-94ca-badd92c85f5d.binning_data.json,63070031,2026-02-03 06:14:06.234,2026-02-03 05:13:57.466,UTC-0300,tWUO8ZL77Z,,com.sec.android.app.shealth,2026-02-03 05:59:59.999,64f257b2-f050-4f37-94ca-badd92c85f5d,
63070031,2026-02-03 06:00:00.000,,0b17cc62-45fe-4ff1-bb39-3646addb9b19.binning_data.json,63070031,2026-02-03 07:14:15.099,2026-02-03 06:14:06.239,UTC-0300,tWUO8ZL77Z,,com.sec.android.app.shealth,2026-02-03 06:59:59.999,0b17cc62-45fe-4ff1-bb39-3646addb9b19,
63070031,2026-02-03 07:00:00.000,,db65294a-c160-4b3a-8a4f-5f1e79c1c93b.binning_data.json,63070031,2026-02-03 08:14:24.210,2026-02-03 07:14:15.117,UTC-0300,tWUO8ZL77Z,,com.sec.android.app.shealth,2026-02-03 07:59:59.999,db65294a-c160-4b3a-8a4f-5f1e79c1c93b,
63070031,2026-02-03 08:00:00.000,,9df0b639-267e-4f5e-9ebf-24bd4eeb52fd.binning_data.json,63070031,2026-02-03 09:14:32.418,2026-02-03 08:14:24.218,UTC-0300,tWUO8ZL77Z,,com.sec.android.app.shealth,2026-02-03 08:59:59.999,9df0b639-267e-4f5e-9ebf-24bd4eeb52fd,
63070031,2026-02-03 09:00:00.000,,5f4d3f89-e733-4735-ad09-ab53bdf363e8.binning_data.json,63070031,2026-02-03 10:14:37.170,2026-02-03 09:14:32.423,UTC-0300,tWUO8ZL77Z,,com.sec.android.app.shealth,2026-02-03 09:59:59.999,5f4d3f89-e733-4735-ad09-ab53bdf363e8,
63070031,2026-02-03 10:00:00.000,,62d1ad1d-f0c5-4a76-b914-5b9beb61a4c1.binning_data.json,63070031,2026-02-03 11:14:47.956,2026-02-03 10:14:37.178,UTC-0300,tWUO8ZL77Z,,com.sec.android.app.shealth,2026-02-03 10:59:59.999,62d1ad1d-f0c5-4a76-b914-5b9beb61a4c1,
63070031,2026-02-03 11:00:00.000,,5d6b9c2f-75c2-43c8-aa8f-d29598ca56b4.binning_data.json,63070031,2026-02-03 12:14:58.122,2026-02-03 11:14:47.963,UTC-0300,tWUO8ZL77Z,,com.sec.android.app.shealth,2026-02-03 11:59:59.999,5d6b9c2f-75c2-43c8-aa8f-d29598ca56b4,
63070031,2026-02-03 12:00:00.000,,f0fa7471-df1b-42e3-b016-0585baeb51ad.binning_data.json,63070031,2026-02-03 13:15:07.096,2026-02-03 12:14:58.127,UTC-0300,tWUO8ZL77Z,,com.sec.android.app.shealth,2026-02-03 12:59:59.999,f0fa7471-df1b-42e3-b016-0585baeb51ad,
63070031,2026-02-03 13:00:00.000,,5f4bb6ed-fae5-439c-82a3-882a66dc2edd.binning_data.json,63070031,2026-02-03 14:15:16.659,2026-02-03 13:15:07.102,UTC-0300,tWUO8ZL77Z,,com.sec.android.app.shealth,2026-02-03 13:59:59.999,5f4bb6ed-fae5-439c-82a3-882a66dc2edd,
63070031,2026-02-03 14:00:00.000,,79cdb468-2ab0-4e9f-81d5-71f9d21367aa.binning_data.json,63070031,2026-02-03 15:15:25.749,2026-02-03 14:15:16.669,UTC-0300,tWUO8ZL77Z,,com.sec.android.app.shealth,2026-02-03 14:59:59.999,79cdb468-2ab0-4e9f-81d5-71f9d21367aa,
63070031,2026-02-03 15:00:00.000,,397b0b6d-8710-4af0-826e-789c5f96a055.binning_data.json,63070031,2026-02-03 16:15:34.157,2026-02-03 15:15:25.759,UTC-0300,tWUO8ZL77Z,,com.sec.android.app.shealth,2026-02-03 15:59:59.999,397b0b6d-8710-4af0-826e-789c5f96a055,
63070031,2026-02-03 16:00:00.000,,23f14e0c-e272-4b75-8254-773fff552bf7.binning_data.json,63070031,2026-02-03 17:15:44.805,2026-02-03 16:15:34.244,UTC-0300,tWUO8ZL77Z,,com.sec.android.app.shealth,2026-02-03 16:59:59.999,23f14e0c-e272-4b75-8254-773fff552bf7,
63070031,2026-02-03 17:00:00.000,,4f8fdf52-ccfc-42c1-9ec1-685b1ac54e3b.binning_data.json,63070031,2026-02-03 18:15:54.163,2026-02-03 17:15:44.816,UTC-0300,tWUO8ZL77Z,,com.sec.android.app.shealth,2026-02-03 17:59:59.999,4f8fdf52-ccfc-42c1-9ec1-685b1ac54e3b,
63070031,2026-02-03 18:00:00.000,,59a0942e-e2a9-454f-b805-debe7b3f3668.binning_data.json,63070031,2026-02-03 19:16:04.952,2026-02-03 18:15:54.309,UTC-0300,tWUO8ZL77Z,,com.sec.android.app.shealth,2026-02-03 18:59:59.999,59a0942e-e2a9-454f-b805-debe7b3f3668,
63070031,2026-02-03 19:00:00.000,,2e40cf3c-87cc-467e-82bf-f707028b8156.binning_data.json,63070031,2026-02-03 20:16:16.528,2026-02-03 19:16:04.981,UTC-0300,tWUO8ZL77Z,,com.sec.android.app.shealth,2026-02-03 19:59:59.999,2e40cf3c-87cc-467e-82bf-f707028b8156,
63070031,2026-02-03 20:00:00.000,,3dbccd90-8367-45f6-8029-f50f349384d3.binning_data.json,63070031,2026-02-03 21:16:26.877,2026-02-03 20:16:16.760,UTC-0300,tWUO8ZL77Z,,com.sec.android.app.shealth,2026-02-03 20:59:59.999,3dbccd90-8367-45f6-8029-f50f349384d3,
63070031,2026-02-03 21:00:00.000,,5d4481ea-43b3-4cf8-ab14-50b1cc7b4007.binning_data.json,63070031,2026-02-03 22:16:33.284,2026-02-03 21:16:26.882,UTC-0300,tWUO8ZL77Z,,com.sec.android.app.shealth,2026-02-03 21:59:59.999,5d4481ea-43b3-4cf8-ab14-50b1cc7b4007,
63070031,2026-02-03 22:00:00.000,,fd109688-dde0-40c8-a5aa-8a831345ffb2.binning_data.json,63070031,2026-02-03 23:13:31.634,2026-02-03 22:16:33.291,UTC-0300,tWUO8ZL77Z,,com.sec.android.app.shealth,2026-02-03 22:59:59.999,fd109688-dde0-40c8-a5aa-8a831345ffb2,
63070031,2026-02-03 23:00:00.000,,59173fa7-e48d-407f-87be-ac28d56f3756.binning_data.json,63070031,2026-02-03 23:13:31.644,2026-02-03 23:13:31.644,UTC-0300,tWUO8ZL77Z,,com.sec.android.app.shealth,2026-02-03 23:16:59.999,59173fa7-e48d-407f-87be-ac28d56f3756,
63070031,2026-02-04 00:41:00.000,,6b459e00-2bae-4b48-8049-9358816e2404.binning_data.json,63070031,2026-02-04 01:01:43.197,2026-02-04 01:01:43.197,UTC-0300,tWUO8ZL77Z,,com.sec.android.app.shealth,2026-02-04 00:59:59.999,6b459e00-2bae-4b48-8049-9358816e2404,
63070031,2026-02-04 01:00:00.000,,db05e4fb-3fc2-4886-948c-40b365bf5396.binning_data.json,63070031,2026-02-04 02:01:54.571,2026-02-04 01:01:43.216,UTC-0300,tWUO8ZL77Z,,com.sec.android.app.shealth,2026-02-04 01:59:59.999,db05e4fb-3fc2-4886-948c-40b365bf5396,
63070031,2026-02-04 02:00:00.000,,932abf08-9993-4eb7-8359-e8b0a4708693.binning_data.json,63070031,2026-02-04 03:02:05.968,2026-02-04 02:01:54.575,UTC-0300,tWUO8ZL77Z,,com.sec.android.app.shealth,2026-02-04 02:59:59.999,932abf08-9993-4eb7-8359-e8b0a4708693,
63070031,2026-02-04 03:00:00.000,,0415d14a-216d-490d-968e-b4bbdcea6800.binning_data.json,63070031,2026-02-04 04:02:17.431,2026-02-04 03:02:05.973,UTC-0300,tWUO8ZL77Z,,com.sec.android.app.shealth,2026-02-04 03:59:59.999,0415d14a-216d-490d-968e-b4bbdcea6800,
63070031,2026-02-04 04:00:00.000,,93a7dc5d-3d52-4148-bb36-5924a4fd9b45.binning_data.json,63070031,2026-02-04 05:02:26.159,2026-02-04 04:02:17.441,UTC-0300,tWUO8ZL77Z,,com.sec.android.app.shealth,2026-02-04 04:59:59.999,93a7dc5d-3d52-4148-bb36-5924a4fd9b45,
63070031,2026-02-04 05:00:00.000,,cbc16c7e-cecb-4dfb-9200-5123d3f65fa2.binning_data.json,63070031,2026-02-04 06:02:35.523,2026-02-04 05:02:26.166,UTC-0300,tWUO8ZL77Z,,com.sec.android.app.shealth,2026-02-04 05:59:59.999,cbc16c7e-cecb-4dfb-9200-5123d3f65fa2,
63070031,2026-02-04 06:00:00.000,,1cdce81d-9218-4d22-a225-6d79911552a5.binning_data.json,63070031,2026-02-04 07:02:45.027,2026-02-04 06:02:35.600,UTC-0300,tWUO8ZL77Z,,com.sec.android.app.shealth,2026-02-04 06:59:59.999,1cdce81d-9218-4d22-a225-6d79911552a5,
63070031,2026-02-04 07:00:00.000,,f9b290ea-cf86-4119-b02a-9fee108f0bb8.binning_data.json,63070031,2026-02-04 08:02:54.449,2026-02-04 07:02:45.035,UTC-0300,tWUO8ZL77Z,,com.sec.android.app.shealth,2026-02-04 07:59:59.999,f9b290ea-cf86-4119-b02a-9fee108f0bb8,
63070031,2026-02-04 08:00:00.000,,4cb24438-6443-4b2e-bc73-03c9c0e4a6d9.binning_data.json,63070031,2026-02-04 09:03:05.436,2026-02-04 08:02:54.453,UTC-0300,tWUO8ZL77Z,,com.sec.android.app.shealth,2026-02-04 08:59:59.999,4cb24438-6443-4b2e-bc73-03c9c0e4a6d9,
63070031,2026-02-04 09:00:00.000,,71b8e15e-1c3d-4427-8b2f-7c5099be9065.binning_data.json,63070031,2026-02-04 10:03:04.328,2026-02-04 09:03:05.443,UTC-0300,tWUO8ZL77Z,,com.sec.android.app.shealth,2026-02-04 09:59:59.999,71b8e15e-1c3d-4427-8b2f-7c5099be9065,
63070031,2026-02-04 10:00:00.000,,c0471fb2-0213-41a9-a8ae-0b62de3114d8.binning_data.json,63070031,2026-02-04 11:03:08.965,2026-02-04 10:03:04.413,UTC-0300,tWUO8ZL77Z,,com.sec.android.app.shealth,2026-02-04 10:59:59.999,c0471fb2-0213-41a9-a8ae-0b62de3114d8,
63070031,2026-02-04 11:00:00.000,,6b7165b6-7efc-41bd-9d4d-9c83b2b4bbe2.binning_data.json,63070031,2026-02-04 12:03:19.710,2026-02-04 11:03:08.977,UTC-0300,tWUO8ZL77Z,,com.sec.android.app.shealth,2026-02-04 11:59:59.999,6b7165b6-7efc-41bd-9d4d-9c83b2b4bbe2,
63070031,2026-02-04 12:00:00.000,,8a4ea303-b184-417a-8cd6-e96625199ffe.binning_data.json,63070031,2026-02-04 13:03:31.125,2026-02-04 12:03:19.725,UTC-0300,tWUO8ZL77Z,,com.sec.android.app.shealth,2026-02-04 12:59:59.999,8a4ea303-b184-417a-8cd6-e96625199ffe,
63070031,2026-02-04 13:00:00.000,,484d7284-2703-4d82-b6f9-e8027b05645c.binning_data.json,63070031,2026-02-04 14:03:41.924,2026-02-04 13:03:31.209,UTC-0300,tWUO8ZL77Z,,com.sec.android.app.shealth,2026-02-04 13:59:59.999,484d7284-2703-4d82-b6f9-e8027b05645c,
63070031,2026-02-04 14:00:00.000,,ab090d7c-8f45-4f13-a94b-becc97b8b739.binning_data.json,63070031,2026-02-04 15:03:52.775,2026-02-04 14:03:41.997,UTC-0300,tWUO8ZL77Z,,com.sec.android.app.shealth,2026-02-04 14:59:59.999,ab090d7c-8f45-4f13-a94b-becc97b8b739,
63070031,2026-02-04 15:00:00.000,,9b68dba5-c52f-4f42-99df-86841f3e0940.binning_data.json,63070031,2026-02-04 16:04:04.422,2026-02-04 15:03:52.858,UTC-0300,tWUO8ZL77Z,,com.sec.android.app.shealth,2026-02-04 15:59:59.999,9b68dba5-c52f-4f42-99df-86841f3e0940,
63070031,2026-02-04 16:00:00.000,,f8c4eabb-850e-42b6-98e2-3ff07b4febf6.binning_data.json,63070031,2026-02-04 17:04:13.733,2026-02-04 16:04:04.428,UTC-0300,tWUO8ZL77Z,,com.sec.android.app.shealth,2026-02-04 16:59:59.999,f8c4eabb-850e-42b6-98e2-3ff07b4febf6,
63070031,2026-02-04 17:00:00.000,,e38e24df-e540-4dfc-8778-d62d2e512dd1.binning_data.json,63070031,2026-02-04 18:04:22.126,2026-02-04 17:04:13.790,UTC-0300,tWUO8ZL77Z,,com.sec.android.app.shealth,2026-02-04 17:59:59.999,e38e24df-e540-4dfc-8778-d62d2e512dd1,
63070031,2026-02-04 18:00:00.000,,5a985b15-c26e-41aa-b1cf-47ef5855b6f8.binning_data.json,63070031,2026-02-04 19:04:22.775,2026-02-04 18:04:22.226,UTC-0300,tWUO8ZL77Z,,com.sec.android.app.shealth,2026-02-04 18:59:59.999,5a985b15-c26e-41aa-b1cf-47ef5855b6f8,
63070031,2026-02-04 19:00:00.000,,8419c2f9-f06d-4d35-8b65-6ae388a31440.binning_data.json,63070031,2026-02-04 20:04:33.534,2026-02-04 19:04:22.782,UTC-0300,tWUO8ZL77Z,,com.sec.android.app.shealth,2026-02-04 19:59:59.999,8419c2f9-f06d-4d35-8b65-6ae388a31440,
63070031,2026-02-04 20:00:00.000,,e3019a32-3751-4388-953e-9e1a2d698ef5.binning_data.json,63070031,2026-02-04 21:04:41.104,2026-02-04 20:04:33.543,UTC-0300,tWUO8ZL77Z,,com.sec.android.app.shealth,2026-02-04 20:59:59.999,e3019a32-3751-4388-953e-9e1a2d698ef5,
63070031,2026-02-04 21:00:00.000,,0054f07f-df2f-4175-bb4b-22e23b299bc2.binning_data.json,63070031,2026-02-04 22:04:52.863,2026-02-04 21:04:41.169,UTC-0300,tWUO8ZL77Z,,com.sec.android.app.shealth,2026-02-04 21:59:59.999,0054f07f-df2f-4175-bb4b-22e23b299bc2,
63070031,2026-02-04 22:00:00.000,,0e6b31de-ead9-47c2-9518-8f97e83a481c.binning_data.json,63070031,2026-02-04 23:05:02.296,2026-02-04 22:04:52.870,UTC-0300,tWUO8ZL77Z,,com.sec.android.app.shealth,2026-02-04 22:59:59.999,0e6b31de-ead9-47c2-9518-8f97e83a481c,
63070031,2026-02-04 23:00:00.000,,fbeb4a56-4606-48b2-b39b-c48b516fdf74.binning_data.json,63070031,2026-02-05 00:05:12.825,2026-02-04 23:05:02.458,UTC-0300,tWUO8ZL77Z,,com.sec.android.app.shealth,2026-02-04 23:59:59.999,fbeb4a56-4606-48b2-b39b-c48b516fdf74,
63070031,2026-02-05 00:00:00.000,,a7f1a604-46ed-4963-a30b-b6a7baf56c1f.binning_data.json,63070031,2026-02-05 01:05:24.535,2026-02-05 00:05:12.905,UTC-0300,tWUO8ZL77Z,,com.sec.android.app.shealth,2026-02-05 00:59:59.999,a7f1a604-46ed-4963-a30b-b6a7baf56c1f,
63070031,2026-02-05 01:00:00.000,,27aca63c-d338-41bf-813e-33f68a68350b.binning_data.json,63070031,2026-02-05 01:27:29.336,2026-02-05 01:05:24.546,UTC-0300,tWUO8ZL77Z,,com.sec.android.app.shealth,2026-02-05 01:44:59.999,27aca63c-d338-41bf-813e-33f68a68350b,
63070031,2026-02-05 02:22:00.000,,b064fb57-f92f-469a-afdc-9144386f997f.binning_data.json,63070031,2026-02-05 03:02:26.021,2026-02-05 02:42:21.529,UTC-0300,tWUO8ZL77Z,,com.sec.android.app.shealth,2026-02-05 02:59:59.999,b064fb57-f92f-469a-afdc-9144386f997f,
63070031,2026-02-05 03:00:00.000,,d01bd5d1-db7e-4a1c-879d-ff4ff7c4628e.binning_data.json,63070031,2026-02-05 04:02:39.287,2026-02-05 03:02:26.110,UTC-0300,tWUO8ZL77Z,,com.sec.android.app.shealth,2026-02-05 03:59:59.999,d01bd5d1-db7e-4a1c-879d-ff4ff7c4628e,
63070031,2026-02-05 04:00:00.000,,d338aaec-9b77-41cf-8aa2-926a38a9505b.binning_data.json,63070031,2026-02-05 05:02:51.064,2026-02-05 04:02:39.294,UTC-0300,tWUO8ZL77Z,,com.sec.android.app.shealth,2026-02-05 04:59:59.999,d338aaec-9b77-41cf-8aa2-926a38a9505b,
63070031,2026-02-05 05:00:00.000,,a0484dac-ad09-4bc3-bb0c-093bf74f04a5.binning_data.json,63070031,2026-02-05 06:03:03.150,2026-02-05 05:02:51.075,UTC-0300,tWUO8ZL77Z,,com.sec.android.app.shealth,2026-02-05 05:59:59.999,a0484dac-ad09-4bc3-bb0c-093bf74f04a5,
63070031,2026-02-05 06:00:00.000,,ec950b99-c794-4273-aa38-f59e335eaa27.binning_data.json,63070031,2026-02-05 07:03:13.989,2026-02-05 06:03:03.164,UTC-0300,tWUO8ZL77Z,,com.sec.android.app.shealth,2026-02-05 06:59:59.999,ec950b99-c794-4273-aa38-f59e335eaa27,
63070031,2026-02-05 07:00:00.000,,1a02c119-d80e-45a6-b4eb-0004e8e100df.binning_data.json,63070031,2026-02-05 08:03:26.336,2026-02-05 07:03:13.994,UTC-0300,tWUO8ZL77Z,,com.sec.android.app.shealth,2026-02-05 07:59:59.999,1a02c119-d80e-45a6-b4eb-0004e8e100df,
63070031,2026-02-05 08:00:00.000,,18bc0655-6d49-401d-b539-f41047f1e472.binning_data.json,63070031,2026-02-05 09:03:38.412,2026-02-05 08:03:26.486,UTC-0300,tWUO8ZL77Z,,com.sec.android.app.shealth,2026-02-05 08:59:59.999,18bc0655-6d49-401d-b539-f41047f1e472,
63070031,2026-02-05 09:00:00.000,,41895f0d-d62a-47c7-a5fd-985f667e094d.binning_data.json,63070031,2026-02-05 10:03:43.482,2026-02-05 09:03:38.420,UTC-0300,tWUO8ZL77Z,,com.sec.android.app.shealth,2026-02-05 09:59:59.999,41895f0d-d62a-47c7-a5fd-985f667e094d,
63070031,2026-02-05 10:00:00.000,,61c4fd7f-c56d-4735-b5c8-8887be31e59f.binning_data.json,63070031,2026-02-05 11:03:54.214,2026-02-05 10:03:43.489,UTC-0300,tWUO8ZL77Z,,com.sec.android.app.shealth,2026-02-05 10:59:59.999,61c4fd7f-c56d-4735-b5c8-8887be31e59f,
63070031,2026-02-05 11:00:00.000,,34310e91-63cd-4a77-8e3c-9911bb51f913.binning_data.json,63070031,2026-02-05 12:04:04.848,2026-02-05 11:03:54.301,UTC-0300,tWUO8ZL77Z,,com.sec.android.app.shealth,2026-02-05 11:59:59.999,34310e91-63cd-4a77-8e3c-9911bb51f913,
63070031,2026-02-05 12:00:00.000,,35072cb5-ace1-4d70-83b2-f1666a27b570.binning_data.json,63070031,2026-02-05 13:04:14.765,2026-02-05 12:04:04.854,UTC-0300,tWUO8ZL77Z,,com.sec.android.app.shealth,2026-02-05 12:59:59.999,35072cb5-ace1-4d70-83b2-f1666a27b570,
63070031,2026-02-05 13:00:00.000,,13e13997-6f44-4212-a02c-5d9c4c96ed1d.binning_data.json,63070031,2026-02-05 14:04:26.950,2026-02-05 13:04:14.774,UTC-0300,tWUO8ZL77Z,,com.sec.android.app.shealth,2026-02-05 13:59:59.999,13e13997-6f44-4212-a02c-5d9c4c96ed1d,
63070031,2026-02-05 14:00:00.000,,085b3d37-670e-462c-90a4-63c5e4dbe7b9.binning_data.json,63070031,2026-02-05 15:04:39.441,2026-02-05 14:04:27.020,UTC-0300,tWUO8ZL77Z,,com.sec.android.app.shealth,2026-02-05 14:59:59.999,085b3d37-670e-462c-90a4-63c5e4dbe7b9,
63070031,2026-02-05 15:00:00.000,,67d13cb8-1695-4d97-a6d8-b6f64392c69c.binning_data.json,63070031,2026-02-05 16:04:50.757,2026-02-05 15:04:39.452,UTC-0300,tWUO8ZL77Z,,com.sec.android.app.shealth,2026-02-05 15:59:59.999,67d13cb8-1695-4d97-a6d8-b6f64392c69c,
63070031,2026-02-05 16:00:00.000,,a0b94182-e8f3-4d87-a545-6e389aa98783.binning_data.json,63070031,2026-02-05 17:05:00.908,2026-02-05 16:04:50.768,UTC-0300,tWUO8ZL77Z,,com.sec.android.app.shealth,2026-02-05 16:59:59.999,a0b94182-e8f3-4d87-a545-6e389aa98783,
63070031,2026-02-05 17:00:00.000,,a501066b-9cad-4110-b604-253121362c9b.binning_data.json,63070031,2026-02-05 18:05:13.966,2026-02-05 17:05:00.914,UTC-0300,tWUO8ZL77Z,,com.sec.android.app.shealth,2026-02-05 17:59:59.999,a501066b-9cad-4110-b604-253121362c9b,
63070031,2026-02-05 18:00:00.000,,8612d347-cfc1-4b29-bf81-3fcc3194b073.binning_data.json,63070031,2026-02-05 19:05:25.967,2026-02-05 18:05:13.973,UTC-0300,tWUO8ZL77Z,,com.sec.android.app.shealth,2026-02-05 18:59:59.999,8612d347-cfc1-4b29-bf81-3fcc3194b073,
63070031,2026-02-05 19:00:00.000,,a456a8a4-1819-46a7-ab17-c31f190fbfee.binning_data.json,63070031,2026-02-05 20:05:36.440,2026-02-05 19:05:25.975,UTC-0300,tWUO8ZL77Z,,com.sec.android.app.shealth,2026-02-05 19:59:59.999,a456a8a4-1819-46a7-ab17-c31f190fbfee,
63070031,2026-02-05 20:00:00.000,,0392e686-6b7f-4794-8f87-0bcb3ea608a0.binning_data.json,63070031,2026-02-05 21:05:49.061,2026-02-05 20:05:36.449,UTC-0300,tWUO8ZL77Z,,com.sec.android.app.shealth,2026-02-05 20:59:59.999,0392e686-6b7f-4794-8f87-0bcb3ea608a0,
63070031,2026-02-05 21:00:00.000,,c122579c-0465-47a4-b8b3-6c1597c85cee.binning_data.json,63070031,2026-02-05 22:06:00.454,2026-02-05 21:05:49.070,UTC-0300,tWUO8ZL77Z,,com.sec.android.app.shealth,2026-02-05 21:59:59.999,c122579c-0465-47a4-b8b3-6c1597c85cee,
63070031,2026-02-05 22:00:00.000,,caf65bb5-a037-4ee3-892b-d9de42c9bb47.binning_data.json,63070031,2026-02-05 22:40:03.791,2026-02-05 22:06:00.578,UTC-0300,tWUO8ZL77Z,,com.sec.android.app.shealth,2026-02-05 22:46:59.999,caf65bb5-a037-4ee3-892b-d9de42c9bb47,
63070031,2026-02-06 00:44:00.000,,c74320e0-4074-45df-a8d7-defdf38e484e.binning_data.json,63070031,2026-02-06 01:04:11.221,2026-02-06 01:04:11.221,UTC-0300,tWUO8ZL77Z,,com.sec.android.app.shealth,2026-02-06 00:59:59.999,c74320e0-4074-45df-a8d7-defdf38e484e,
63070031,2026-02-06 01:00:00.000,,52af1bf5-5d63-495e-8d24-0955ee051455.binning_data.json,63070031,2026-02-06 02:04:23.651,2026-02-06 01:04:11.228,UTC-0300,tWUO8ZL77Z,,com.sec.android.app.shealth,2026-02-06 01:59:59.999,52af1bf5-5d63-495e-8d24-0955ee051455,
63070031,2026-02-06 02:00:00.000,,d6bb6be3-95ad-465b-986b-5dad22df6ba3.binning_data.json,63070031,2026-02-06 03:04:36.330,2026-02-06 02:04:23.741,UTC-0300,tWUO8ZL77Z,,com.sec.android.app.shealth,2026-02-06 02:59:59.999,d6bb6be3-95ad-465b-986b-5dad22df6ba3,
63070031,2026-02-06 03:00:00.000,,e79a4063-a7cb-4af5-9c01-b55e3cf227ed.binning_data.json,63070031,2026-02-06 04:04:48.293,2026-02-06 03:04:36.338,UTC-0300,tWUO8ZL77Z,,com.sec.android.app.shealth,2026-02-06 03:59:59.999,e79a4063-a7cb-4af5-9c01-b55e3cf227ed,
63070031,2026-02-06 04:00:00.000,,33124392-ee3d-43e4-8ed7-71722cf638ab.binning_data.json,63070031,2026-02-06 05:05:02.997,2026-02-06 04:04:48.389,UTC-0300,tWUO8ZL77Z,,com.sec.android.app.shealth,2026-02-06 04:59:59.999,33124392-ee3d-43e4-8ed7-71722cf638ab,
63070031,2026-02-06 05:00:00.000,,280c4087-cba4-4f4c-b819-e5d7035dd9aa.binning_data.json,63070031,2026-02-06 06:05:14.441,2026-02-06 05:05:03.057,UTC-0300,tWUO8ZL77Z,,com.sec.android.app.shealth,2026-02-06 05:59:59.999,280c4087-cba4-4f4c-b819-e5d7035dd9aa,
63070031,2026-02-06 06:00:00.000,,37e4b07d-051a-4892-969a-76e68a2d0b4e.binning_data.json,63070031,2026-02-06 07:05:26.510,2026-02-06 06:05:14.455,UTC-0300,tWUO8ZL77Z,,com.sec.android.app.shealth,2026-02-06 06:59:59.999,37e4b07d-051a-4892-969a-76e68a2d0b4e,
63070031,2026-02-06 07:00:00.000,,08a463e8-b159-498a-80ce-8a36208e0d53.binning_data.json,63070031,2026-02-06 08:05:40.371,2026-02-06 07:05:26.524,UTC-0300,tWUO8ZL77Z,,com.sec.android.app.shealth,2026-02-06 07:59:59.999,08a463e8-b159-498a-80ce-8a36208e0d53,
63070031,2026-02-06 08:00:00.000,,d3ac9d6b-6482-4aed-aa7f-71dc877b2232.binning_data.json,63070031,2026-02-06 09:05:52.448,2026-02-06 08:05:40.473,UTC-0300,tWUO8ZL77Z,,com.sec.android.app.shealth,2026-02-06 08:59:59.999,d3ac9d6b-6482-4aed-aa7f-71dc877b2232,
63070031,2026-02-06 09:00:00.000,,698b5106-cf17-42d2-8603-bbbebfb00cf1.binning_data.json,63070031,2026-02-06 10:06:03.773,2026-02-06 09:05:52.464,UTC-0300,tWUO8ZL77Z,,com.sec.android.app.shealth,2026-02-06 09:59:59.999,698b5106-cf17-42d2-8603-bbbebfb00cf1,
63070031,2026-02-06 10:00:00.000,,b8b6c62f-b08e-4dc0-bf72-379f8058efe9.binning_data.json,63070031,2026-02-06 11:06:15.421,2026-02-06 10:06:03.784,UTC-0300,tWUO8ZL77Z,,com.sec.android.app.shealth,2026-02-06 10:59:59.999,b8b6c62f-b08e-4dc0-bf72-379f8058efe9,
63070031,2026-02-06 11:00:00.000,,a8e58134-24c4-4430-94a0-ba672d1680c9.binning_data.json,63070031,2026-02-06 12:06:16.775,2026-02-06 11:06:15.430,UTC-0300,tWUO8ZL77Z,,com.sec.android.app.shealth,2026-02-06 11:59:59.999,a8e58134-24c4-4430-94a0-ba672d1680c9,
63070031,2026-02-06 12:00:00.000,,7e08f16a-e9bf-48a9-9d99-d81881ed7ccf.binning_data.json,63070031,2026-02-06 13:06:27.751,2026-02-06 12:06:16.787,UTC-0300,tWUO8ZL77Z,,com.sec.android.app.shealth,2026-02-06 12:59:59.999,7e08f16a-e9bf-48a9-9d99-d81881ed7ccf,
63070031,2026-02-06 13:00:00.000,,59ed8245-77a8-41e9-abe5-8ca6196d94a9.binning_data.json,63070031,2026-02-06 13:06:27.771,2026-02-06 13:06:27.771,UTC-0300,tWUO8ZL77Z,,com.sec.android.app.shealth,2026-02-06 13:05:59.999,59ed8245-77a8-41e9-abe5-8ca6196d94a9,
