com.samsung.shealth.activity.day_summary,6307003,6
movement_type,create_sh_ver,energy_type,exercise_time,step_count,exercise_calorie_target,active_time,target,others_time,modify_sh_ver,update_time,floors_target,create_time,floor_count,dynamic_active_time_target,exercise_time_target,goal,longest_active_time,score,move_hourly_count,duration_type,move_hourly_target,distance,dynamic_active_time,calorie,extra_data,deviceuuid,run_time,pkg_name,walk_time,longest_idle_time,datauuid,day_time
,,,,0,,0,90,0,,2022-09-25 00:28:49.454,,2022-09-25 00:28:49.454,,,,-1,0,0,,,,0.0,,0.0,78795e19-8a29-494c-bda1-183e997c12f9.extra_data.json,R5wtjjS0Fd,0,com.sec.android.app.shealth,0,-1,78795e19-8a29-494c-bda1-183e997c12f9,2022-09-24 00:00:00.000,
,,,,0,,0,90,0,,2022-09-25 00:28:49.472,,2022-09-25 00:28:49.472,,,,-1,0,0,,,,0.0,,0.0,2d646b36-011e-43fe-b830-74c47dd30e13.extra_data.json,R5wtjjS0Fd,0,com.sec.android.app.shealth,0,-1,2d646b36-011e-43fe-b830-74c47dd30e13,2022-08-28 00:00:00.000,
,,,,0,,0,90,0,,2022-09-25 00:28:49.483,,2022-09-25 00:28:49.483,,,,-1,0,0,,,,0.0,,0.0,c2ff6832-e275-40cd-9858-89c7ef3428f5.extra_data.json,R5wtjjS0Fd,0,com.sec.android.app.shealth,0,-1,c2ff6832-e275-40cd-9858-89c7ef3428f5,2022-08-29 00:00:00.000,
,,,,0,,0,90,0,,2022-09-25 00:28:49.504,,2022-09-25 00:28:49.504,,,,-1,0,0,,,,0.0,,0.0,d25b2fc0-1ecd-4343-8b91-f41a4a230ca0.extra_data.json,R5wtjjS0Fd,0,com.sec.android.app.shealth,0,-1,d25b2fc0-1ecd-4343-8b91-f41a4a230ca0,2022-08-30 00:00:00.000,
,,,,0,,0,90,0,,2022-09-25 00:28:49.528,,2022-09-25 00:28:49.528,,,,-1,0,0,,,,0.0,,0.0,c2c2d845-369a-4189-83f0-20c52971880c.extra_data.json,R5wtjjS0Fd,0,com.sec.android.app.shealth,0,-1,c2c2d845-369a-4189-83f0-20c52971880c,2022-08-31 00:00:00.000,
,,,,0,,0,90,0,,2022-09-25 00:28:49.553,,2022-09-25 00:28:49.553,,,,-1,0,0,,,,0.0,,0.0,34d43469-4b20-49e4-bab0-24c19eedf86f.extra_data.json,R5wtjjS0Fd,0,com.sec.android.app.shealth,0,-1,34d43469-4b20-49e4-bab0-24c19eedf86f,2022-09-01 00:00:00.000,
,,,,0,,0,90,0,,2022-09-25 00:28:49.563,,2022-09-25 00:28:49.563,,,,-1,0,0,,,,0.0,,0.0,040501fd-0ba7-48d8-b698-465e874e9b04.extra_data.json,R5wtjjS0Fd,0,com.sec.android.app.shealth,0,-1,040501fd-0ba7-48d8-b698-465e874e9b04,2022-09-02 00:00:00.000,
,,,,0,,0,90,0,,2022-09-25 00:28:49.578,,2022-09-25 00:28:49.578,,,,-1,0,0,,,,0.0,,0.0,84477c5a-b01a-4dc7-a43a-bbc5f71cb1fe.extra_data.json,R5wtjjS0Fd,0,com.sec.android.app.shealth,0,-1,84477c5a-b01a-4dc7-a43a-bbc5f71cb1fe,2022-09-03 00:00:00.000,
,,,,0,,0,90,0,,2022-09-25 00:28:49.597,,2022-09-25 00:28:49.597,,,,-1,0,0,,,,0.0,,0.0,25a76933-91d7-4f00-92f1-bc159223efc4.extra_data.json,R5wtjjS0Fd,0,com.sec.android.app.shealth,0,-1,25a76933-91d7-4f00-92f1-bc159223efc4,2022-09-04 00:00:00.000,
,,,,0,,0,90,0,,2022-09-25 00:28:49.620,,2022-09-25 00:28:49.620,,,,-1,0,0,,,,0.0,,0.0,914dcbf6-a521-402c-9ef8-0a354d7c08ab.extra_data.json,R5wtjjS0Fd,0,com.sec.android.app.shealth,0,-1,914dcbf6-a521-402c-9ef8-0a354d7c08ab,2022-09-05 00:00:00.000,
,,,,0,,0,90,0,,2022-09-25 00:28:49.636,,2022-09-25 00:28:49.636,,,,-1,0,0,,,,0.0,,0.0,afe1b0cc-7111-4130-9f08-eef697adf9b7.extra_data.json,R5wtjjS0Fd,0,com.sec.android.app.shealth,0,-1,afe1b0cc-7111-4130-9f08-eef697adf9b7,2022-09-06 00:00:00.000,
,,,,0,,0,90,0,,2022-09-25 00:28:49.648,,2022-09-25 00:28:49.648,,,,-1,0,0,,,,0.0,,0.0,06a111fb-bd88-4da6-a377-4438d9f29900.extra_data.json,R5wtjjS0Fd,0,com.sec.android.app.shealth,0,-1,06a111fb-bd88-4da6-a377-4438d9f29900,2022-09-07 00:00:00.000,
,,,,0,,0,90,0,,2022-09-25 00:28:49.660,,2022-09-25 00:28:49.660,,,,-1,0,0,,,,0.0,,0.0,1100bfdd-420c-4778-98e3-95240edebbf1.extra_data.json,R5wtjjS0Fd,0,com.sec.android.app.shealth,0,-1,1100bfdd-420c-4778-98e3-95240edebbf1,2022-09-08 00:00:00.000,
,,,,0,,0,90,0,,2022-09-25 00:28:49.674,,2022-09-25 00:28:49.674,,,,-1,0,0,,,,0.0,,0.0,37068dd8-85c1-4ac5-9c4b-b231bbb16353.extra_data.json,R5wtjjS0Fd,0,com.sec.android.app.shealth,0,-1,37068dd8-85c1-4ac5-9c4b-b231bbb16353,2022-09-09 00:00:00.000,
,,,,0,,0,90,0,,2022-09-25 00:28:49.681,,2022-09-25 00:28:49.681,,,,-1,0,0,,,,0.0,,0.0,683d2c8e-1328-4804-8db2-cf646fec3ea7.extra_data.json,R5wtjjS0Fd,0,com.sec.android.app.shealth,0,-1,683d2c8e-1328-4804-8db2-cf646fec3ea7,2022-09-10 00:00:00.000,
,,,,0,,0,90,0,,2022-09-25 00:28:49.687,,2022-09-25 00:28:49.687,,,,-1,0,0,,,,0.0,,0.0,db2cf938-ae30-406f-8db6-b824ce2cf8a8.extra_data.json,R5wtjjS0Fd,0,com.sec.android.app.shealth,0,-1,db2cf938-ae30-406f-8db6-b824ce2cf8a8,2022-09-11 00:00:00.000,
,,,,0,,0,90,0,,2022-09-25 00:28:49.701,,2022-09-25 00:28:49.701,,,,-1,0,0,,,,0.0,,0.0,0cbe0eef-7f56-44e8-bacd-c2bece673f9c.extra_data.json,R5wtjjS0Fd,0,com.sec.android.app.shealth,0,-1,0cbe0eef-7f56-44e8-bacd-c2bece673f9c,2022-09-12 00:00:00.000,
,,,,0,,0,90,0,,2022-09-25 00:28:49.711,,2022-09-25 00:28:49.711,,,,-1,0,0,,,,0.0,,0.0,dcf1eca3-6663-4643-a2ac-9a2f185147b0.extra_data.json,R5wtjjS0Fd,0,com.sec.android.app.shealth,0,-1,dcf1eca3-6663-4643-a2ac-9a2f185147b0,2022-09-13 00:00:00.000,
,,,,0,,0,90,0,,2022-09-25 00:28:49.722,,2022-09-25 00:28:49.722,,,,-1,0,0,,,,0.0,,0.0,01578596-d948-482c-a0cc-4b1421935465.extra_data.json,R5wtjjS0Fd,0,com.sec.android.app.shealth,0,-1,01578596-d948-482c-a0cc-4b1421935465,2022-09-14 00:00:00.000,
,,,,0,,0,90,0,,2022-09-25 00:28:49.746,,2022-09-25 00:28:49.746,,,,-1,0,0,,,,0.0,,0.0,2ea56728-6610-47f9-8693-b91a8649f554.extra_data.json,R5wtjjS0Fd,0,com.sec.android.app.shealth,0,-1,2ea56728-6610-47f9-8693-b91a8649f554,2022-09-15 00:00:00.000,
,,,,0,,0,90,0,,2022-09-25 00:28:49.796,,2022-09-25 00:28:49.796,,,,-1,0,0,,,,0.0,,0.0,12413d4d-ffca-4660-8d22-a38f38b70952.extra_data.json,R5wtjjS0Fd,0,com.sec.android.app.shealth,0,-1,12413d4d-ffca-4660-8d22-a38f38b70952,2022-09-16 00:00:00.000,
,,,,0,,0,90,0,,2022-09-25 00:28:49.809,,2022-09-25 00:28:49.809,,,,-1,0,0,,,,0.0,,0.0,d83214cd-fb19-441d-bd59-1def7c730442.extra_data.json,R5wtjjS0Fd,0,com.sec.android.app.shealth,0,-1,d83214cd-fb19-441d-bd59-1def7c730442,2022-09-17 00:00:00.000,
,,,,0,,0,90,0,,2022-09-25 00:28:49.826,,2022-09-25 00:28:49.826,,,,-1,0,0,,,,0.0,,0.0,80671bf7-f2cd-4bfa-90fc-6c4af93115e4.extra_data.json,R5wtjjS0Fd,0,com.sec.android.app.shealth,0,-1,80671bf7-f2cd-4bfa-90fc-6c4af93115e4,2022-09-18 00:00:00.000,
,,,,0,,0,90,0,,2022-09-25 00:28:49.834,,2022-09-25 00:28:49.834,,,,-1,0,0,,,,0.0,,0.0,b2ecd24b-71f1-4516-b8bd-4e4b9b511fdf.extra_data.json,R5wtjjS0Fd,0,com.sec.android.app.shealth,0,-1,b2ecd24b-71f1-4516-b8bd-4e4b9b511fdf,2022-09-19 00:00:00.000,
,,,,0,,0,90,0,,2022-09-25 00:28:49.852,,2022-09-25 00:28:49.852,,,,-1,0,0,,,,0.0,,0.0,c61cc11d-189b-4759-a274-c20b90204907.extra_data.json,R5wtjjS0Fd,0,com.sec.android.app.shealth,0,-1,c61cc11d-189b-4759-a274-c20b90204907,2022-09-20 00:00:00.000,
,,,,0,,0,90,0,,2022-09-25 00:28:49.866,,2022-09-25 00:28:49.866,,,,-1,0,0,,,,0.0,,0.0,2cbf55c6-15a9-459d-a898-46735d6fec2c.extra_data.json,R5wtjjS0Fd,0,com.sec.android.app.shealth,0,-1,2cbf55c6-15a9-459d-a898-46735d6fec2c,2022-09-21 00:00:00.000,
,,,,0,,0,90,0,,2022-09-25 00:28:49.880,,2022-09-25 00:28:49.880,,,,-1,0,0,,,,0.0,,0.0,3f0295cc-4abb-4075-9df5-52e70769c706.extra_data.json,R5wtjjS0Fd,0,com.sec.android.app.shealth,0,-1,3f0295cc-4abb-4075-9df5-52e70769c706,2022-09-22 00:00:00.000,
,,,,0,,0,90,0,,2022-09-25 00:28:49.907,,2022-09-25 00:28:49.907,,,,-1,0,0,,,,0.0,,0.0,c8d65add-664f-4a59-9272-45dca96ec7e3.extra_data.json,R5wtjjS0Fd,0,com.sec.android.app.shealth,0,-1,c8d65add-664f-4a59-9272-45dca96ec7e3,2022-09-23 00:00:00.000,
,,,,0,,0,90,0,,2022-09-25 04:51:07.904,,2022-09-25 04:51:07.904,,,,-1,0,0,,,,0.0,,0.0,6f534717-6c02-4e43-a018-ce8b836c3290.extra_data.json,R5wtjjS0Fd,0,com.sec.android.app.shealth,0,-1,6f534717-6c02-4e43-a018-ce8b836c3290,2022-09-25 00:00:00.000,
,,,,0,,0,90,0,,2022-09-26 03:00:00.585,,2022-09-26 03:00:00.585,,,,-1,0,0,,,,0.0,,0.0,c911a7e4-c79b-4452-b717-3fcb1ef19748.extra_data.json,R5wtjjS0Fd,0,com.sec.android.app.shealth,0,-1,c911a7e4-c79b-4452-b717-3fcb1ef19748,2022-09-26 00:00:00.000,
,,,,371,,247457,90,0,,2022-09-27 19:15:02.655,,2022-09-27 04:44:57.261,,,,-1,40687,4,,,,270.83,,14.039999,6cd68d1d-cf51-48ac-9ac8-859e6e476145.extra_data.json,R5wtjjS0Fd,0,com.sec.android.app.shealth,247457,48360000,6cd68d1d-cf51-48ac-9ac8-859e6e476145,2022-09-27 00:00:00.000,
,,,,1009,,668304,90,0,,2022-09-29 03:12:38.190,,2022-09-28 04:43:28.584,,,,-1,60000,12,,,,746.13,,38.23,2fbdb32c-6536-4f8a-9bc9-987d1136a1c9.extra_data.json,R5wtjjS0Fd,0,com.sec.android.app.shealth,668304,23879999,2fbdb32c-6536-4f8a-9bc9-987d1136a1c9,2022-09-28 00:00:00.000,
,,,,2473,,1548324,90,0,,2022-09-29 19:13:21.996,,2022-09-29 03:12:37.905,,,,-1,300000,27,,,,1851.9104,,94.51,c9d39ca4-d1cb-4e22-8f2b-59ad67c49b73.extra_data.json,R5wtjjS0Fd,314,com.sec.android.app.shealth,1548010,34200000,c9d39ca4-d1cb-4e22-8f2b-59ad67c49b73,2022-09-29 00:00:00.000,
,,,,1602,,1012963,90,0,,2022-10-01 03:00:00.692,,2022-09-30 04:20:03.697,,,,-1,360000,17,,,,1194.0001,,62.480003,bf317c8d-75ca-4524-84b1-9e3042a0bfe3.extra_data.json,R5wtjjS0Fd,0,com.sec.android.app.shealth,1012963,43439999,bf317c8d-75ca-4524-84b1-9e3042a0bfe3,2022-09-30 00:00:00.000,
,,,,1703,,1098399,90,0,,2022-10-01 19:55:02.861,,2022-10-01 03:00:00.593,,,,-1,240000,20,,,,1280.46,,61.04,5389dfb4-6e9a-483c-ad7f-83acf83d1490.extra_data.json,R5wtjjS0Fd,0,com.sec.android.app.shealth,1098399,30660000,5389dfb4-6e9a-483c-ad7f-83acf83d1490,2022-10-01 00:00:00.000,
,,,,215,,143405,90,0,,2022-10-03 01:55:01.962,,2022-10-02 03:51:16.750,,,,-1,52026,2,,,,159.59999,,7.8399987,c34caed4-fbdf-4891-a21c-2f14548e5e5e.extra_data.json,R5wtjjS0Fd,0,com.sec.android.app.shealth,143405,55920000,c34caed4-fbdf-4891-a21c-2f14548e5e5e,2022-10-02 00:00:00.000,
,,,,4780,,2762301,90,0,,2022-10-03 18:23:07.054,,2022-10-03 03:00:00.386,,,,-1,2040000,51,,,,3629.5898,,172.59,7fe9e251-3baf-43d6-9d6b-2722fe501235.extra_data.json,R5wtjjS0Fd,0,com.sec.android.app.shealth,2762301,33900000,7fe9e251-3baf-43d6-9d6b-2722fe501235,2022-10-03 00:00:00.000,
,,,,7976,,4807936,90,0,,2022-10-05 00:15:02.157,,2022-10-04 03:23:48.908,,,,-1,1620000,88,,,,6087.3237,,291.53098,1197e5cb-8ec4-4136-8d11-7e8454f92cc0.extra_data.json,R5wtjjS0Fd,2000,com.sec.android.app.shealth,4805936,34560000,1197e5cb-8ec4-4136-8d11-7e8454f92cc0,2022-10-04 00:00:00.000,
,,,,2740,,1706433,90,0,,2022-10-05 18:56:31.532,,2022-10-05 03:00:00.489,,,,-1,240000,31,,,,2043.2198,,104.03003,f14626d6-3db8-4f4c-863d-192639a4b2a2.extra_data.json,R5wtjjS0Fd,0,com.sec.android.app.shealth,1706433,49440000,f14626d6-3db8-4f4c-863d-192639a4b2a2,2022-10-05 00:00:00.000,
,,,,2922,,1814427,90,0,,2022-10-06 22:57:02.658,,2022-10-06 03:37:24.866,,,,-1,360000,33,,,,2186.8198,,108.399994,dd7bce6b-50ba-4b71-b9ce-aa252fa8902c.extra_data.json,R5wtjjS0Fd,0,com.sec.android.app.shealth,1814427,25680000,dd7bce6b-50ba-4b71-b9ce-aa252fa8902c,2022-10-06 00:00:00.000,
,,,,3493,,2209958,90,0,,2022-10-07 23:56:08.711,,2022-10-07 03:19:24.839,,,,-1,180000,40,,,,2563.4998,,135.48,97244b68-c290-4bfd-9ccb-e4a02bd9bddc.extra_data.json,R5wtjjS0Fd,0,com.sec.android.app.shealth,2209958,28560000,97244b68-c290-4bfd-9ccb-e4a02bd9bddc,2022-10-07 00:00:00.000,
,,,,1592,,1010325,90,0,,2022-10-09 00:31:22.412,,2022-10-08 03:00:01.733,,,,-1,120000,17,,,,1197.5598,,58.610004,1e4fd73f-f448-45ee-aba4-2e1c4a2155a5.extra_data.json,R5wtjjS0Fd,0,com.sec.android.app.shealth,1010325,26820000,1e4fd73f-f448-45ee-aba4-2e1c4a2155a5,2022-10-08 00:00:00.000,
,,,,1646,,1071082,90,0,,2022-10-09 23:55:02.638,,2022-10-09 03:01:03.255,,,,-1,240000,18,,,,1204.06,,63.350002,9dc9d5c3-52b2-43f3-a5fb-644f868ff993.extra_data.json,R5wtjjS0Fd,0,com.sec.android.app.shealth,1071082,24660000,9dc9d5c3-52b2-43f3-a5fb-644f868ff993,2022-10-09 00:00:00.000,
,,,,2903,,1846503,90,0,,2022-10-10 21:55:03.659,,2022-10-10 03:00:01.737,,,,-1,300000,33,,,,2158.1802,,111.15001,4d6dc41d-96c8-4dd4-a810-53c268dee65b.extra_data.json,R5wtjjS0Fd,0,com.sec.android.app.shealth,1846503,26280000,4d6dc41d-96c8-4dd4-a810-53c268dee65b,2022-10-10 00:00:00.000,
,,,,1402,,837452,90,0,,2022-10-12 03:00:00.596,,2022-10-11 03:00:01.493,,,,-1,360000,14,,,,1059.02,,52.58,f2ee6a27-3a3f-47eb-b9a4-cd3321f56787.extra_data.json,R5wtjjS0Fd,0,com.sec.android.app.shealth,837452,38759999,f2ee6a27-3a3f-47eb-b9a4-cd3321f56787,2022-10-11 00:00:00.000,
,,,,719,,470205,90,0,,2022-10-12 20:05:49.380,,2022-10-12 03:00:00.547,,,,-1,60000,7,,,,530.61,,26.37,7e005ece-4e87-49b1-a55e-c23522e63de6.extra_data.json,R5wtjjS0Fd,0,com.sec.android.app.shealth,470205,56280000,7e005ece-4e87-49b1-a55e-c23522e63de6,2022-10-12 00:00:00.000,
,,,,7266,,4436021,90,0,,2022-10-14 00:25:55.988,,2022-10-13 03:14:37.699,,,,-1,1140000,81,,,,5485.1807,,285.02002,9ad41aa1-4470-4563-9816-97a2626aef82.extra_data.json,R5wtjjS0Fd,0,com.sec.android.app.shealth,4436021,38040000,9ad41aa1-4470-4563-9816-97a2626aef82,2022-10-13 00:00:00.000,
,,,,6408,,3828291,90,0,,2022-10-14 19:55:02.967,,2022-10-14 03:37:40.530,,,,-1,1740000,70,,,,4862.4077,,247.63336,2dbf860b-7fd3-4dd4-b840-019969d174c9.extra_data.json,R5wtjjS0Fd,0,com.sec.android.app.shealth,3828291,26340000,2dbf860b-7fd3-4dd4-b840-019969d174c9,2022-10-14 00:00:00.000,
,,,,0,,0,90,0,,2022-10-15 03:56:02.890,,2022-10-15 03:56:02.890,,,,-1,0,0,,,,0.0,,0.0,4f283908-55a8-4087-a4b2-15937a1be0ae.extra_data.json,R5wtjjS0Fd,0,com.sec.android.app.shealth,0,-1,4f283908-55a8-4087-a4b2-15937a1be0ae,2022-10-15 00:00:00.000,
,,,,63,,42021,90,0,,2022-10-16 21:05:35.000,,2022-10-16 03:00:01.574,,,,-1,20010,0,,,,45.87,,2.3500001,fb5ba54c-f63f-4e40-a8b8-0b44b566509b.extra_data.json,R5wtjjS0Fd,0,com.sec.android.app.shealth,42021,57900000,fb5ba54c-f63f-4e40-a8b8-0b44b566509b,2022-10-16 00:00:00.000,
,,,,2886,,1819943,90,0,,2022-10-18 02:05:14.783,,2022-10-17 03:00:01.503,,,,-1,360000,33,,,,2152.8196,,112.07,78f26569-855f-4a20-ae49-4b8e39a323c2.extra_data.json,R5wtjjS0Fd,0,com.sec.android.app.shealth,1819943,33120000,78f26569-855f-4a20-ae49-4b8e39a323c2,2022-10-17 00:00:00.000,
,,,,5957,,3650385,90,0,,2022-10-18 20:02:40.981,,2022-10-18 03:06:54.861,,,,-1,1020000,66,,,,4461.9795,,235.74998,f8910ef0-a5f2-443e-973b-5f7de96b783f.extra_data.json,R5wtjjS0Fd,0,com.sec.android.app.shealth,3650385,38700000,f8910ef0-a5f2-443e-973b-5f7de96b783f,2022-10-18 00:00:00.000,
,,,,4032,,2505911,90,0,,2022-10-19 22:13:28.036,,2022-10-19 03:00:01.550,,,,-1,360000,45,,,,3016.56,,157.76999,d8e5b95c-ffae-4fc2-b076-78bf2c8e16a2.extra_data.json,R5wtjjS0Fd,3200,com.sec.android.app.shealth,2502711,33720000,d8e5b95c-ffae-4fc2-b076-78bf2c8e16a2,2022-10-19 00:00:00.000,
,,,,1783,,1114894,90,0,,2022-10-20 22:15:27.180,,2022-10-20 05:27:59.248,,,,-1,360000,20,,,,1314.59,,70.46001,c7c52222-9628-43cf-ad15-5136e4b60360.extra_data.json,R5wtjjS0Fd,0,com.sec.android.app.shealth,1114894,28320000,c7c52222-9628-43cf-ad15-5136e4b60360,2022-10-20 00:00:00.000,
,,,,1660,,995531,90,0,,2022-10-22 00:28:17.951,,2022-10-21 03:12:22.777,,,,-1,360000,17,,,,1247.8602,,65.21,dd3e3a27-b0ea-41d7-ace8-e18b4360bdf5.extra_data.json,R5wtjjS0Fd,0,com.sec.android.app.shealth,995531,32820000,dd3e3a27-b0ea-41d7-ace8-e18b4360bdf5,2022-10-21 00:00:00.000,
,,,,8278,,5029231,90,0,,2022-10-22 23:35:32.661,,2022-10-22 03:00:01.644,,,,-1,780000,92,,,,6271.996,,329.87952,70787eaf-1f1c-422e-aee8-fc4b74ffbc16.extra_data.json,R5wtjjS0Fd,0,com.sec.android.app.shealth,5029231,21960000,70787eaf-1f1c-422e-aee8-fc4b74ffbc16,2022-10-22 00:00:00.000,
,,,,193,,128731,90,0,,2022-10-24 01:15:01.917,,2022-10-23 03:00:00.514,,,,-1,27347,2,,,,143.29999,,7.0999994,60c221be-f67e-4491-8451-2559be6960db.extra_data.json,R5wtjjS0Fd,0,com.sec.android.app.shealth,128731,39300000,60c221be-f67e-4491-8451-2559be6960db,2022-10-23 00:00:00.000,
,,,,2811,,1787897,90,0,,2022-10-24 22:23:52.591,,2022-10-24 03:42:36.736,,,,-1,360000,32,,,,2069.16,,110.25001,361b874a-62a2-46b0-b7e3-e47aa794156e.extra_data.json,R5wtjjS0Fd,0,com.sec.android.app.shealth,1787897,34380000,361b874a-62a2-46b0-b7e3-e47aa794156e,2022-10-24 00:00:00.000,
,,,,7374,,4569211,90,0,,2022-10-26 01:35:03.886,,2022-10-25 03:24:10.343,,,,-1,1620000,84,,,,5594.006,,288.68262,06530314-e333-4054-8acf-cbc5de53a753.extra_data.json,R5wtjjS0Fd,0,com.sec.android.app.shealth,4569211,22380000,06530314-e333-4054-8acf-cbc5de53a753,2022-10-25 00:00:00.000,
,,,,13511,,8247258,90,0,,2022-10-27 00:36:51.088,,2022-10-26 03:26:17.756,,,,-1,1260000,152,,,,10279.842,,526.66925,5e010de2-1b39-4b62-b5d6-d5b8c4b83c9f.extra_data.json,R5wtjjS0Fd,800,com.sec.android.app.shealth,8246458,23340000,5e010de2-1b39-4b62-b5d6-d5b8c4b83c9f,2022-10-26 00:00:00.000,
,,,,1790,,1112286,90,0,,2022-10-27 22:40:25.042,,2022-10-27 03:14:26.837,,,,-1,240000,20,,,,1324.0503,,69.06,04b586cc-de11-422c-9fa8-4a4000a48011.extra_data.json,R5wtjjS0Fd,0,com.sec.android.app.shealth,1112286,22620000,04b586cc-de11-422c-9fa8-4a4000a48011,2022-10-27 00:00:00.000,
,,,,1691,,1074357,90,0,,2022-10-28 23:17:28.008,,2022-10-28 04:05:27.653,,,,-1,360000,18,,,,1247.56,,65.61,71a1d662-b9b7-4218-89d4-01cb605b4924.extra_data.json,R5wtjjS0Fd,0,com.sec.android.app.shealth,1074357,21720000,71a1d662-b9b7-4218-89d4-01cb605b4924,2022-10-28 00:00:00.000,
,,,,3931,,2523628,90,0,,2022-10-30 00:24:26.909,,2022-10-29 04:59:55.558,,,,-1,180000,46,,,,2955.4492,,144.43002,046d2226-d876-43bc-845f-74aa7a0f613f.extra_data.json,R5wtjjS0Fd,0,com.sec.android.app.shealth,2523628,26760000,046d2226-d876-43bc-845f-74aa7a0f613f,2022-10-29 00:00:00.000,
,,,,658,,438886,90,0,,2022-10-31 00:16:00.169,,2022-10-30 03:50:00.941,,,,-1,60000,7,,,,483.6599,,25.32,36b537d4-1295-4e55-b746-3b5a1781a734.extra_data.json,R5wtjjS0Fd,0,com.sec.android.app.shealth,438886,39900000,36b537d4-1295-4e55-b746-3b5a1781a734,2022-10-30 00:00:00.000,
,,,,1045,,680947,90,0,,2022-10-31 21:54:16.921,,2022-10-31 03:00:00.621,,,,-1,60000,12,,,,777.61,,40.020008,f10e0152-8970-4b4f-9c59-26cfb862fb46.extra_data.json,R5wtjjS0Fd,0,com.sec.android.app.shealth,680947,28620000,f10e0152-8970-4b4f-9c59-26cfb862fb46,2022-10-31 00:00:00.000,
,,,,7461,,4678685,90,0,,2022-11-02 00:36:00.443,,2022-11-01 03:00:01.706,,,,-1,180000,85,,,,5620.85,,269.13995,ea44e55c-172b-451d-b3dc-f3dec728fb2e.extra_data.json,R5wtjjS0Fd,400,com.sec.android.app.shealth,4678285,22560000,ea44e55c-172b-451d-b3dc-f3dec728fb2e,2022-11-01 00:00:00.000,
,,,,2457,,1601954,90,0,,2022-11-03 00:12:19.109,,2022-11-02 03:00:00.639,,,,-1,120000,28,,,,1837.2198,,90.91,276b36c7-0c61-476c-af10-d818cd738fba.extra_data.json,R5wtjjS0Fd,0,com.sec.android.app.shealth,1601954,37860000,276b36c7-0c61-476c-af10-d818cd738fba,2022-11-02 00:00:00.000,
,,,,4245,,2717635,90,0,,2022-11-03 22:55:02.891,,2022-11-03 03:00:00.694,,,,-1,240000,50,,,,3187.571,,157.79001,aef8b166-a45a-4f06-90ab-d6cc7c79bd8f.extra_data.json,R5wtjjS0Fd,0,com.sec.android.app.shealth,2717635,27360000,aef8b166-a45a-4f06-90ab-d6cc7c79bd8f,2022-11-03 00:00:00.000,
,,,,1304,,869768,90,0,,2022-11-04 21:28:12.990,,2022-11-04 03:00:00.676,,,,-1,46690,15,,,,946.74994,,50.460003,adaa666b-c17e-4a6d-b018-02746172fab8.extra_data.json,R5wtjjS0Fd,0,com.sec.android.app.shealth,869768,34920000,adaa666b-c17e-4a6d-b018-02746172fab8,2022-11-04 00:00:00.000,
,,,,6625,,3937682,90,0,,2022-11-06 00:15:02.873,,2022-11-05 03:47:53.681,,,,-1,1680000,72,,,,4994.841,,237.23,67c9b240-018b-450f-aa62-3674cad3cbd7.extra_data.json,R5wtjjS0Fd,0,com.sec.android.app.shealth,3937682,20220000,67c9b240-018b-450f-aa62-3674cad3cbd7,2022-11-05 00:00:00.000,
,,,,1316,,877772,90,0,,2022-11-06 23:15:03.321,,2022-11-06 03:00:00.478,,,,-1,50692,15,,,,948.8201,,50.449997,7d70d410-4dae-4ca5-9946-3c6af7582205.extra_data.json,R5wtjjS0Fd,0,com.sec.android.app.shealth,877772,30600000,7d70d410-4dae-4ca5-9946-3c6af7582205,2022-11-06 00:00:00.000,
,,,,2851,,1796508,90,0,,2022-11-08 02:25:37.129,,2022-11-07 03:09:08.851,,,,-1,300000,32,,,,2126.6204,,110.03,ad3b8b7c-256a-4eba-a56f-9ee16472a5ff.extra_data.json,R5wtjjS0Fd,0,com.sec.android.app.shealth,1796508,25860000,ad3b8b7c-256a-4eba-a56f-9ee16472a5ff,2022-11-07 00:00:00.000,
,,,,8894,,5504555,90,0,,2022-11-08 22:32:41.293,,2022-11-08 03:00:01.430,,,,-1,600000,101,,,,6638.4595,,351.00998,fe50f3fa-6f91-4a9d-9406-7c25d22a66fa.extra_data.json,R5wtjjS0Fd,0,com.sec.android.app.shealth,5504555,26100000,fe50f3fa-6f91-4a9d-9406-7c25d22a66fa,2022-11-08 00:00:00.000,
,,,,1557,,964789,90,0,,2022-11-10 00:44:54.211,,2022-11-09 03:00:00.545,,,,-1,420000,17,,,,1146.4899,,62.4,a38d0036-24df-4fa0-9a0e-e0d0490b1d7e.extra_data.json,R5wtjjS0Fd,0,com.sec.android.app.shealth,964789,28320000,a38d0036-24df-4fa0-9a0e-e0d0490b1d7e,2022-11-09 00:00:00.000,
,,,,3556,,2249371,90,0,,2022-11-11 00:14:20.405,,2022-11-10 03:34:45.360,,,,-1,180000,41,,,,2650.8103,,134.52998,71bf7518-9f58-4437-a62a-bd92475ef148.extra_data.json,R5wtjjS0Fd,0,com.sec.android.app.shealth,2249371,24600000,71bf7518-9f58-4437-a62a-bd92475ef148,2022-11-10 00:00:00.000,
,,,,4035,,2465329,90,0,,2022-11-12 01:34:49.512,,2022-11-11 03:23:32.838,,,,-1,240000,45,,,,3035.1296,,146.45999,feb378dd-54ae-4608-aa09-b1a231ae5c7d.extra_data.json,R5wtjjS0Fd,1747,com.sec.android.app.shealth,2463582,26640000,feb378dd-54ae-4608-aa09-b1a231ae5c7d,2022-11-11 00:00:00.000,
,,,,7379,,4352983,90,0,,2022-11-13 00:31:13.051,,2022-11-12 03:38:50.453,,,,-1,1620000,80,,,,5631.66,,274.04996,33caf623-6099-4769-b067-41299a864c24.extra_data.json,R5wtjjS0Fd,0,com.sec.android.app.shealth,4352983,26100000,33caf623-6099-4769-b067-41299a864c24,2022-11-12 00:00:00.000,
,,,,103,,68701,90,0,,2022-11-14 03:31:28.443,,2022-11-13 03:59:41.108,,,,-1,18009,1,,,,72.53,,3.8500001,fe244fde-cb82-4a59-8527-273c440007d3.extra_data.json,R5wtjjS0Fd,0,com.sec.android.app.shealth,68701,48479999,fe244fde-cb82-4a59-8527-273c440007d3,2022-11-13 00:00:00.000,
,,,,7614,,4759883,90,0,,2022-11-14 19:31:16.540,,2022-11-14 03:31:28.211,,,,-1,755000,87,,,,5714.2144,,298.92175,9c45d88a-87a3-4f0a-9143-4105e08468aa.extra_data.json,R5wtjjS0Fd,0,com.sec.android.app.shealth,4759883,34560000,9c45d88a-87a3-4f0a-9143-4105e08468aa,2022-11-14 00:00:00.000,
,,,,120,,80040,90,0,,2022-11-16 00:55:03.787,,2022-11-15 03:00:00.663,,,,-1,14674,1,,,,86.21001,,4.42,565f8ff0-3b89-45e0-a015-0259dbacf04a.extra_data.json,R5wtjjS0Fd,0,com.sec.android.app.shealth,80040,33300000,565f8ff0-3b89-45e0-a015-0259dbacf04a,2022-11-15 00:00:00.000,
,,,,3039,,1940700,90,0,,2022-11-16 21:39:56.882,,2022-11-16 03:00:00.546,,,,-1,180000,35,,,,2245.71,,118.71,a64ab1ca-89e0-40b1-aa15-8967314fc522.extra_data.json,R5wtjjS0Fd,0,com.sec.android.app.shealth,1940700,27120000,a64ab1ca-89e0-40b1-aa15-8967314fc522,2022-11-16 00:00:00.000,
,,,,3551,,2229361,90,0,,2022-11-18 00:35:03.261,,2022-11-17 06:44:07.816,,,,-1,300000,41,,,,2645.4497,,135.06,caeb4d49-35e0-47b2-962c-52866ca513b4.extra_data.json,R5wtjjS0Fd,0,com.sec.android.app.shealth,2229361,26520000,caeb4d49-35e0-47b2-962c-52866ca513b4,2022-11-17 00:00:00.000,
,,,,1663,,1026183,90,0,,2022-11-19 00:55:03.095,,2022-11-18 03:00:00.587,,,,-1,360000,18,,,,1241.4999,,64.78999,9124c191-054b-47f3-b658-e0e45d6a3082.extra_data.json,R5wtjjS0Fd,0,com.sec.android.app.shealth,1026183,25260000,9124c191-054b-47f3-b658-e0e45d6a3082,2022-11-18 00:00:00.000,
,,,,457,,304552,90,0,,2022-11-20 00:15:03.848,,2022-11-19 03:00:02.288,,,,-1,42688,5,,,,339.01,,17.16,8ff112ab-cbe7-42d1-a091-8ff6e67185dc.extra_data.json,R5wtjjS0Fd,400,com.sec.android.app.shealth,304152,31080000,8ff112ab-cbe7-42d1-a091-8ff6e67185dc,2022-11-19 00:00:00.000,
,,,,403,,268801,90,0,,2022-11-20 22:52:18.968,,2022-11-20 03:00:00.333,,,,-1,26680,4,,,,290.71002,,15.1900015,361cbccf-9831-4b4c-baf4-714a978c3b23.extra_data.json,R5wtjjS0Fd,0,com.sec.android.app.shealth,268801,30120000,361cbccf-9831-4b4c-baf4-714a978c3b23,2022-11-20 00:00:00.000,
,,,,1698,,1025546,90,0,,2022-11-21 22:58:15.313,,2022-11-21 03:51:50.720,,,,-1,240000,18,,,,1285.41,,60.369995,74f57f52-3bac-4379-9d61-2f57ac25cdea.extra_data.json,R5wtjjS0Fd,0,com.sec.android.app.shealth,1025546,32580000,74f57f52-3bac-4379-9d61-2f57ac25cdea,2022-11-21 00:00:00.000,
,,,,1769,,1112196,90,0,,2022-11-22 22:35:02.278,,2022-11-22 03:00:00.531,,,,-1,360000,20,,,,1298.9099,,70.02,958b9e96-d302-4357-81b6-895ead25a89b.extra_data.json,R5wtjjS0Fd,0,com.sec.android.app.shealth,1112196,48420000,958b9e96-d302-4357-81b6-895ead25a89b,2022-11-22 00:00:00.000,
,,,,6317,,4044651,90,0,,2022-11-24 03:00:00.588,,2022-11-23 03:00:00.405,,,,-1,300000,74,,,,4712.2583,,239.04,72b817c8-6024-466f-812e-cf66bda0d55b.extra_data.json,R5wtjjS0Fd,1200,com.sec.android.app.shealth,4043451,19439999,72b817c8-6024-466f-812e-cf66bda0d55b,2022-11-23 00:00:00.000,
,,,,1825,,1207343,90,0,,2022-11-24 20:31:11.129,,2022-11-24 03:00:00.437,,,,-1,60000,22,,,,1342.9398,,69.71001,f90c0bba-1c81-467d-bca6-60c8a77f4174.extra_data.json,R5wtjjS0Fd,800,com.sec.android.app.shealth,1206543,30600000,f90c0bba-1c81-467d-bca6-60c8a77f4174,2022-11-24 00:00:00.000,
,,,,2660,,1740792,90,0,,2022-11-25 23:35:02.979,,2022-11-25 04:45:54.868,,,,-1,300000,31,,,,1949.2202,,102.67998,3c6a8f59-a9b8-4ca1-b2bd-0ce43096f9e6.extra_data.json,R5wtjjS0Fd,2800,com.sec.android.app.shealth,1737992,28080000,3c6a8f59-a9b8-4ca1-b2bd-0ce43096f9e6,2022-11-25 00:00:00.000,
,,,,785,,523595,90,0,,2022-11-26 20:35:01.958,,2022-11-26 03:00:00.411,,,,-1,40020,8,,,,587.02,,29.640001,c5e55981-651b-49df-9f26-530344e74bc2.extra_data.json,R5wtjjS0Fd,0,com.sec.android.app.shealth,523595,44040000,c5e55981-651b-49df-9f26-530344e74bc2,2022-11-26 00:00:00.000,
,,,,9278,,6115285,90,0,,2022-11-27 23:00:16.922,,2022-11-27 03:00:00.495,,,,-1,180000,112,,,,6774.1987,,366.40997,eaeb99ec-c77d-4a5e-93c7-3ddfb5f60830.extra_data.json,R5wtjjS0Fd,38692,com.sec.android.app.shealth,6076593,29280000,eaeb99ec-c77d-4a5e-93c7-3ddfb5f60830,2022-11-27 00:00:00.000,
,,,,1980,,1320660,90,0,,2022-11-28 19:42:41.103,,2022-11-28 03:40:58.699,,,,-1,49358,24,,,,1470.2499,,74.649994,76639fca-b3d5-4c8a-ace3-612f240ed058.extra_data.json,R5wtjjS0Fd,0,com.sec.android.app.shealth,1320660,30300000,76639fca-b3d5-4c8a-ace3-612f240ed058,2022-11-28 00:00:00.000,
,,,,443,,295481,90,0,,2022-11-29 18:35:02.184,,2022-11-29 03:00:00.391,,,,-1,38019,4,,,,321.56,,16.970001,a131ab9c-682e-4c39-84f8-9f0a000e7f85.extra_data.json,R5wtjjS0Fd,0,com.sec.android.app.shealth,295481,45240000,a131ab9c-682e-4c39-84f8-9f0a000e7f85,2022-11-29 00:00:00.000,
,,,,5861,,3604755,90,0,,2022-11-30 21:52:43.410,,2022-11-30 03:00:00.525,,,,-1,300000,66,,,,4482.5894,,214.69002,052e6ec0-59a2-49be-b4f6-90d2212bd9d6.extra_data.json,R5wtjjS0Fd,400,com.sec.android.app.shealth,3604355,38160000,052e6ec0-59a2-49be-b4f6-90d2212bd9d6,2022-11-30 00:00:00.000,
,,,,4693,,2904762,90,0,,2022-12-01 20:06:04.459,,2022-12-01 03:00:00.494,,,,-1,420000,53,,,,3532.19,,184.21999,8d81c62c-874b-4e13-862c-151beb6ea6b5.extra_data.json,R5wtjjS0Fd,0,com.sec.android.app.shealth,2904762,37980000,8d81c62c-874b-4e13-862c-151beb6ea6b5,2022-12-01 00:00:00.000,
,,,,1539,,953510,90,0,,2022-12-02 21:01:19.951,,2022-12-02 03:53:26.763,,,,-1,240000,16,,,,1154.08,,60.570007,de6591a2-754c-4a9e-ab79-51e3b7b604ab.extra_data.json,R5wtjjS0Fd,0,com.sec.android.app.shealth,953510,27900000,de6591a2-754c-4a9e-ab79-51e3b7b604ab,2022-12-02 00:00:00.000,
,,,,197,,131399,90,0,,2022-12-03 22:30:15.940,,2022-12-03 03:00:00.387,,,,-1,26680,2,,,,140.47998,,7.28,76e93a85-687b-4223-9822-93e2353a1619.extra_data.json,R5wtjjS0Fd,0,com.sec.android.app.shealth,131399,26340000,76e93a85-687b-4223-9822-93e2353a1619,2022-12-03 00:00:00.000,
,,,,183,,120993,90,0,,2022-12-05 03:00:00.553,,2022-12-04 05:49:10.588,,,,-1,31349,1,,,,135.73001,,7.1700006,ebea09e7-66b1-4446-8df7-95ab7853575a.extra_data.json,R5wtjjS0Fd,1600,com.sec.android.app.shealth,119393,55199999,ebea09e7-66b1-4446-8df7-95ab7853575a,2022-12-04 00:00:00.000,
,,,,8013,,4823428,90,0,,2022-12-06 04:55:36.512,,2022-12-05 03:00:00.516,,,,-1,1080000,88,,,,6065.9097,,313.49994,f62fa197-801b-4229-af06-fcaf3c537564.extra_data.json,R5wtjjS0Fd,0,com.sec.android.app.shealth,4823428,34739999,f62fa197-801b-4229-af06-fcaf3c537564,2022-12-05 00:00:00.000,
,,,,1228,,807040,90,0,,2022-12-06 23:32:30.927,,2022-12-06 04:55:36.363,,,,-1,120000,14,,,,910.24994,,45.499996,5431f75f-670c-4a05-a2c4-1e350ef84cb9.extra_data.json,R5wtjjS0Fd,0,com.sec.android.app.shealth,807040,25800000,5431f75f-670c-4a05-a2c4-1e350ef84cb9,2022-12-06 00:00:00.000,
,,,,303,,202101,90,0,,2022-12-08 02:02:55.386,,2022-12-07 03:53:22.827,,,,-1,20010,3,,,,218.40999,,11.25,98264c1a-5114-4f74-bf54-156466f0219b.extra_data.json,R5wtjjS0Fd,0,com.sec.android.app.shealth,202101,28500000,98264c1a-5114-4f74-bf54-156466f0219b,2022-12-07 00:00:00.000,
,,,,6772,,4242801,90,0,,2022-12-08 20:55:03.119,,2022-12-08 03:00:00.372,,,,-1,660000,77,,,,5055.8193,,267.99002,11c9df41-0524-40b7-a97c-d011e2f61783.extra_data.json,R5wtjjS0Fd,0,com.sec.android.app.shealth,4242801,26040000,11c9df41-0524-40b7-a97c-d011e2f61783,2022-12-08 00:00:00.000,
,,,,1797,,1092853,90,0,,2022-12-10 00:15:02.883,,2022-12-09 03:16:57.409,,,,-1,360000,20,,,,1344.7,,70.240005,fadc13ca-fdfb-421a-b126-6a817085f240.extra_data.json,R5wtjjS0Fd,0,com.sec.android.app.shealth,1092853,20280000,fadc13ca-fdfb-421a-b126-6a817085f240,2022-12-09 00:00:00.000,
,,,,1334,,872316,90,0,,2022-12-11 03:59:36.867,,2022-12-10 03:26:10.877,,,,-1,60000,15,,,,983.18,,51.250004,e25f56d5-507e-4182-b460-386ec9009a97.extra_data.json,R5wtjjS0Fd,0,com.sec.android.app.shealth,872316,49319999,e25f56d5-507e-4182-b460-386ec9009a97,2022-12-10 00:00:00.000,
,,,,1213,,809071,90,0,,2022-12-11 23:57:03.533,,2022-12-11 03:59:36.788,,,,-1,50025,14,,,,845.37994,,48.15,f5ab88aa-cc95-4542-a4c1-6e55be506a91.extra_data.json,R5wtjjS0Fd,0,com.sec.android.app.shealth,809071,33120000,f5ab88aa-cc95-4542-a4c1-6e55be506a91,2022-12-11 00:00:00.000,
,,,,1591,,980486,90,0,,2022-12-12 23:15:04.057,,2022-12-12 04:51:56.218,,,,-1,360000,17,,,,1182.45,,62.780003,eb9ef797-c4ba-45c2-90e7-1c2804903f73.extra_data.json,R5wtjjS0Fd,1600,com.sec.android.app.shealth,978886,29220000,eb9ef797-c4ba-45c2-90e7-1c2804903f73,2022-12-12 00:00:00.000,
,,,,1654,,1046950,90,0,,2022-12-14 00:15:02.117,,2022-12-13 03:00:01.732,,,,-1,360000,18,,,,1230.8798,,65.17,e04db8ae-ffb4-4794-8013-ea97a700891e.extra_data.json,R5wtjjS0Fd,0,com.sec.android.app.shealth,1046950,26700000,e04db8ae-ffb4-4794-8013-ea97a700891e,2022-12-13 00:00:00.000,
,,,,2165,,1377085,90,0,,2022-12-15 00:15:00.952,,2022-12-14 03:00:00.471,,,,-1,360000,24,,,,1600.2102,,84.68001,6c117863-6dee-42e8-9d06-b94b02e3a285.extra_data.json,R5wtjjS0Fd,0,com.sec.android.app.shealth,1377085,36360000,6c117863-6dee-42e8-9d06-b94b02e3a285,2022-12-14 00:00:00.000,
,,,,4623,,2836091,90,0,,2022-12-16 01:05:05.386,,2022-12-15 03:00:01.439,,,,-1,360000,52,,,,3469.21,,178.70001,d8d5d117-84a1-4d4a-aea2-e42157266d89.extra_data.json,R5wtjjS0Fd,0,com.sec.android.app.shealth,2836091,26640000,d8d5d117-84a1-4d4a-aea2-e42157266d89,2022-12-15 00:00:00.000,
,,,,1523,,946263,90,0,,2022-12-16 23:35:04.329,,2022-12-16 03:56:42.185,,,,-1,300000,16,,,,1137.6698,,60.070004,096fec4e-3c56-4664-8f6b-f41024e2459d.extra_data.json,R5wtjjS0Fd,0,com.sec.android.app.shealth,946263,40260000,096fec4e-3c56-4664-8f6b-f41024e2459d,2022-12-16 00:00:00.000,
,,,,7048,,4379356,90,0,,2022-12-17 22:51:13.128,,2022-12-17 06:57:36.967,,,,-1,1020000,80,,,,5252.8306,,280.0,0bbaa4f3-bd8b-449d-8cdd-1cdbe9d0bcff.extra_data.json,R5wtjjS0Fd,0,com.sec.android.app.shealth,4379356,25260000,0bbaa4f3-bd8b-449d-8cdd-1cdbe9d0bcff,2022-12-17 00:00:00.000,
,,,,5891,,3574416,90,0,,2022-12-18 23:15:02.717,,2022-12-18 03:29:55.864,,,,-1,960000,65,,,,4437.961,,235.73418,d2b8a11f-04c6-4743-ac61-5ab646c198d9.extra_data.json,R5wtjjS0Fd,0,com.sec.android.app.shealth,3574416,31080000,d2b8a11f-04c6-4743-ac61-5ab646c198d9,2022-12-18 00:00:00.000,
,,,,4051,,2544005,90,0,,2022-12-19 19:49:08.337,,2022-12-19 04:52:57.600,,,,-1,360000,46,,,,3034.1196,,159.43,41510c12-17d7-4b97-8715-6bffc9543cfc.extra_data.json,R5wtjjS0Fd,0,com.sec.android.app.shealth,2544005,29580000,41510c12-17d7-4b97-8715-6bffc9543cfc,2022-12-19 00:00:00.000,
,,,,2365,,1464028,90,0,,2022-12-21 03:22:11.051,,2022-12-20 03:52:58.771,,,,-1,300000,26,,,,1796.2797,,90.35999,26604917-171c-46ee-909e-fcbde2159e11.extra_data.json,R5wtjjS0Fd,7600,com.sec.android.app.shealth,1456428,32819999,26604917-171c-46ee-909e-fcbde2159e11,2022-12-20 00:00:00.000,
,,,,2878,,1793930,90,0,,2022-12-21 22:35:02.140,,2022-12-21 03:22:10.947,,,,-1,300000,32,,,,2167.1199,,109.56,8aa54794-9d0c-4f2c-934d-64a0552d5bcf.extra_data.json,R5wtjjS0Fd,0,com.sec.android.app.shealth,1793930,28560000,8aa54794-9d0c-4f2c-934d-64a0552d5bcf,2022-12-21 00:00:00.000,
,,,,1505,,907547,90,0,,2022-12-22 20:45:59.197,,2022-12-22 03:10:10.688,,,,-1,360000,16,,,,1132.24,,59.249996,c581e6f5-d350-4608-92f5-fda69782679c.extra_data.json,R5wtjjS0Fd,0,com.sec.android.app.shealth,907547,23640000,c581e6f5-d350-4608-92f5-fda69782679c,2022-12-22 00:00:00.000,
,,,,9437,,5538092,90,0,,2022-12-23 20:37:15.275,,2022-12-23 04:51:37.766,,,,-1,1320000,102,,,,7221.9326,,371.11993,037de78d-cc11-4bb6-ba2f-8c0f73e1a862.extra_data.json,R5wtjjS0Fd,0,com.sec.android.app.shealth,5538092,27900000,037de78d-cc11-4bb6-ba2f-8c0f73e1a862,2022-12-23 00:00:00.000,
,,,,4930,,3067967,90,0,,2022-12-25 13:55:05.110,,2022-12-24 03:00:01.085,,,,-1,420000,56,,,,3651.35,,194.16997,3894b26a-4846-4223-8ff5-beb905618147.extra_data.json,R5wtjjS0Fd,0,com.sec.android.app.shealth,3067967,36480000,3894b26a-4846-4223-8ff5-beb905618147,2022-12-24 00:00:00.000,
,,,,230,,153410,90,0,,2022-12-25 20:55:07.307,,2022-12-25 03:00:00.472,,,,-1,26680,2,,,,166.87999,,8.67,01220400-4981-4d94-b7cb-ed596af9984b.extra_data.json,R5wtjjS0Fd,0,com.sec.android.app.shealth,153410,38220000,01220400-4981-4d94-b7cb-ed596af9984b,2022-12-25 00:00:00.000,
,,,,2333,,1528644,90,0,,2022-12-26 23:15:03.073,,2022-12-26 04:08:17.984,,,,-1,120000,27,,,,1693.9298,,91.74,98350415-8b79-4ac0-8301-331575aa7d24.extra_data.json,R5wtjjS0Fd,0,com.sec.android.app.shealth,1528644,34200000,98350415-8b79-4ac0-8301-331575aa7d24,2022-12-26 00:00:00.000,
,,,,627,,418209,90,0,,2022-12-27 23:35:01.956,,2022-12-27 03:26:53.721,,,,-1,46023,6,,,,456.96002,,24.059996,c1d850e5-c394-4819-8de6-269a11894747.extra_data.json,R5wtjjS0Fd,0,com.sec.android.app.shealth,418209,51360000,c1d850e5-c394-4819-8de6-269a11894747,2022-12-27 00:00:00.000,
,,,,65,,43355,90,0,,2022-12-29 01:27:09.934,,2022-12-28 03:05:49.706,,,,-1,12006,0,,,,46.46,,2.33,0f9452e1-d240-479c-a708-99f996c810e6.extra_data.json,R5wtjjS0Fd,0,com.sec.android.app.shealth,43355,42000000,0f9452e1-d240-479c-a708-99f996c810e6,2022-12-28 00:00:00.000,
,,,,193,,128731,90,0,,2022-12-29 23:44:06.084,,2022-12-29 03:00:00.441,,,,-1,33350,2,,,,133.51001,,7.7200007,3e1b7e77-5d03-40f9-8450-96de8efa2770.extra_data.json,R5wtjjS0Fd,0,com.sec.android.app.shealth,128731,31200000,3e1b7e77-5d03-40f9-8450-96de8efa2770,2022-12-29 00:00:00.000,
,,,,2009,,1266453,90,0,,2022-12-30 21:13:20.926,,2022-12-30 03:00:00.393,,,,-1,120000,23,,,,1519.7101,,75.38001,885e471e-89f4-497b-8a9b-9a6e344ae7d5.extra_data.json,R5wtjjS0Fd,0,com.sec.android.app.shealth,1266453,27060000,885e471e-89f4-497b-8a9b-9a6e344ae7d5,2022-12-30 00:00:00.000,
,,,,56,,37352,90,0,,2023-01-01 03:00:00.380,,2022-12-31 03:00:00.522,,,,-1,16675,0,,,,39.29,,2.1799998,3ab3f0dd-b705-4fa9-93f9-99b534c504f9.extra_data.json,R5wtjjS0Fd,0,com.sec.android.app.shealth,37352,57179999,3ab3f0dd-b705-4fa9-93f9-99b534c504f9,2022-12-31 00:00:00.000,
,,,,0,,0,90,0,,2023-01-01 03:00:00.305,,2023-01-01 03:00:00.305,,,,-1,0,0,,,,0.0,,0.0,143805ce-5af1-436e-95c5-3519aad6023c.extra_data.json,R5wtjjS0Fd,0,com.sec.android.app.shealth,0,-1,143805ce-5af1-436e-95c5-3519aad6023c,2023-01-01 00:00:00.000,
,,,,3077,,1945249,90,0,,2023-01-02 21:20:08.026,,2023-01-02 03:18:42.802,,,,-1,240000,35,,,,2282.05,,121.02001,edd1446f-d27f-4aed-a3a0-d1a303e2debb.extra_data.json,R5wtjjS0Fd,0,com.sec.android.app.shealth,1945249,33360000,edd1446f-d27f-4aed-a3a0-d1a303e2debb,2023-01-02 00:00:00.000,
,,,,3937,,2468634,90,0,,2023-01-04 03:00:00.528,,2023-01-03 03:00:00.355,,,,-1,480000,45,,,,2923.6497,,155.08,db281384-3f10-4497-ba9c-04322097efba.extra_data.json,R5wtjjS0Fd,0,com.sec.android.app.shealth,2468634,19319999,db281384-3f10-4497-ba9c-04322097efba,2023-01-03 00:00:00.000,
,,,,2130,,1343008,90,0,,2023-01-04 20:28:29.428,,2023-01-04 03:00:00.436,,,,-1,360000,24,,,,1596.0701,,83.450005,a20e15df-1b4b-4396-a959-71cdeda8e7de.extra_data.json,R5wtjjS0Fd,0,com.sec.android.app.shealth,1343008,29100000,a20e15df-1b4b-4396-a959-71cdeda8e7de,2023-01-04 00:00:00.000,
,,,,1413,,884839,90,0,,2023-01-06 00:35:05.238,,2023-01-05 03:00:00.507,,,,-1,300000,15,,,,1048.1,,55.79999,faa3d99e-8ab6-462d-b9ea-44ebcce7b1dd.extra_data.json,R5wtjjS0Fd,0,com.sec.android.app.shealth,884839,29880000,faa3d99e-8ab6-462d-b9ea-44ebcce7b1dd,2023-01-05 00:00:00.000,
,,,,7744,,4631819,90,0,,2023-01-06 22:53:49.134,,2023-01-06 03:42:41.129,,,,-1,1260000,85,,,,5860.0605,,310.06998,b04f213f-c38a-4d73-8e0e-64912328a0a2.extra_data.json,R5wtjjS0Fd,0,com.sec.android.app.shealth,4631819,36480000,b04f213f-c38a-4d73-8e0e-64912328a0a2,2023-01-06 00:00:00.000,
,,,,1651,,1007507,90,0,,2023-01-07 19:14:06.279,,2023-01-07 03:49:34.481,,,,-1,300000,17,,,,1235.4299,,65.009995,1a299bc9-ca53-4959-8b60-14cb0c739a3c.extra_data.json,R5wtjjS0Fd,0,com.sec.android.app.shealth,1007507,34380000,1a299bc9-ca53-4959-8b60-14cb0c739a3c,2023-01-07 00:00:00.000,
,,,,1207,,797035,90,0,,2023-01-08 19:32:16.796,,2023-01-08 06:59:40.967,,,,-1,60000,14,,,,899.11993,,47.350006,f53c3fdd-ba3a-4003-b757-151af9286bd5.extra_data.json,R5wtjjS0Fd,0,com.sec.android.app.shealth,797035,27600000,f53c3fdd-ba3a-4003-b757-151af9286bd5,2023-01-08 00:00:00.000,
,,,,7990,,4694666,90,0,,2023-01-10 03:22:55.104,,2023-01-09 03:49:56.604,,,,-1,1440000,86,,,,6197.198,,329.0248,eb365c27-8888-42f3-b065-a8757b58afb6.extra_data.json,R5wtjjS0Fd,0,com.sec.android.app.shealth,4694666,36359999,eb365c27-8888-42f3-b065-a8757b58afb6,2023-01-09 00:00:00.000,
,,,,7566,,4597225,90,0,,2023-01-10 18:01:57.872,,2023-01-10 03:22:54.754,,,,-1,1500000,84,,,,5794.2383,,306.87003,848e4396-5d89-40a2-8d08-4174aa8a413a.extra_data.json,R5wtjjS0Fd,0,com.sec.android.app.shealth,4597225,35280000,848e4396-5d89-40a2-8d08-4174aa8a413a,2023-01-10 00:00:00.000,
,,,,1778,,1119446,90,0,,2023-01-11 22:36:30.623,,2023-01-11 03:00:00.414,,,,-1,180000,20,,,,1337.7599,,69.340004,f93c66f9-3c5b-49ab-9a63-ef50d72f4b45.extra_data.json,R5wtjjS0Fd,400,com.sec.android.app.shealth,1119046,20160000,f93c66f9-3c5b-49ab-9a63-ef50d72f4b45,2023-01-11 00:00:00.000,
,,,,0,,0,90,0,,2023-01-12 04:48:25.746,,2023-01-12 04:48:25.746,,,,-1,0,0,,,,0.0,,0.0,efc61488-5f2e-4db3-b460-9a129287d732.extra_data.json,R5wtjjS0Fd,0,com.sec.android.app.shealth,0,-1,efc61488-5f2e-4db3-b460-9a129287d732,2023-01-12 00:00:00.000,
,,,,4674,,2977008,90,0,,2023-01-13 23:55:01.856,,2023-01-13 03:00:00.526,,,,-1,360000,54,,,,3456.0305,,183.27003,5caf113c-2907-4582-9152-ca22c2e92af9.extra_data.json,R5wtjjS0Fd,0,com.sec.android.app.shealth,2977008,29400000,5caf113c-2907-4582-9152-ca22c2e92af9,2023-01-13 00:00:00.000,
,,,,1048,,689588,90,0,,2023-01-15 00:59:21.368,,2023-01-14 03:54:36.965,,,,-1,120000,12,,,,770.70984,,40.79,df164865-9db2-4546-acef-825bd7daffb8.extra_data.json,R5wtjjS0Fd,0,com.sec.android.app.shealth,689588,13620000,df164865-9db2-4546-acef-825bd7daffb8,2023-01-14 00:00:00.000,
,,,,6212,,3819136,90,0,,2023-01-16 00:35:00.930,,2023-01-15 03:00:00.843,,,,-1,960000,70,,,,4663.4604,,247.76003,8679e2e8-4742-42f4-8abf-47af670103dc.extra_data.json,R5wtjjS0Fd,0,com.sec.android.app.shealth,3819136,36420000,8679e2e8-4742-42f4-8abf-47af670103dc,2023-01-15 00:00:00.000,
,,,,220,,146740,90,0,,2023-01-17 00:32:33.099,,2023-01-16 03:06:29.673,,,,-1,24679,2,,,,157.09,,8.67,f3cfa971-73db-481c-9ea8-3eb9d43ff4d5.extra_data.json,R5wtjjS0Fd,0,com.sec.android.app.shealth,146740,35340000,f3cfa971-73db-481c-9ea8-3eb9d43ff4d5,2023-01-16 00:00:00.000,
,,,,5158,,3305052,90,0,,2023-01-17 21:49:23.133,,2023-01-17 03:35:13.932,,,,-1,360000,61,,,,3835.3098,,201.73,4da0cf99-6f97-4ded-acdb-e069fad3220c.extra_data.json,R5wtjjS0Fd,0,com.sec.android.app.shealth,3305052,22560000,4da0cf99-6f97-4ded-acdb-e069fad3220c,2023-01-17 00:00:00.000,
,,,,1637,,1002838,90,0,,2023-01-19 03:00:00.673,,2023-01-18 03:15:55.649,,,,-1,300000,17,,,,1226.53,,64.29,f2163af1-2971-4a30-b108-2b89d444a734.extra_data.json,R5wtjjS0Fd,0,com.sec.android.app.shealth,1002838,28199999,f2163af1-2971-4a30-b108-2b89d444a734,2023-01-18 00:00:00.000,
,,,,1671,,1028214,90,0,,2023-01-19 22:47:01.578,,2023-01-19 03:00:00.559,,,,-1,300000,18,,,,1242.4602,,65.43,47168e26-db67-4e0c-bf85-8e2c855e1e1a.extra_data.json,R5wtjjS0Fd,0,com.sec.android.app.shealth,1028214,25140000,47168e26-db67-4e0c-bf85-8e2c855e1e1a,2023-01-19 00:00:00.000,
,,,,66,,43488,90,0,,2023-01-20 23:35:04.036,,2023-01-20 03:00:00.548,,,,-1,25346,0,,,,49.84,,2.79,162a071a-0ef3-479c-bbb8-fef2883bd30c.extra_data.json,R5wtjjS0Fd,800,com.sec.android.app.shealth,42688,45360000,162a071a-0ef3-479c-bbb8-fef2883bd30c,2023-01-20 00:00:00.000,
,,,,8186,,5134310,90,0,,2023-01-22 00:38:04.310,,2023-01-21 03:03:24.659,,,,-1,600000,94,,,,6048.0415,,324.61,a9dfe9d3-3247-4a8a-b600-787e03df413a.extra_data.json,R5wtjjS0Fd,0,com.sec.android.app.shealth,5134310,29040000,a9dfe9d3-3247-4a8a-b600-787e03df413a,2023-01-21 00:00:00.000,
,,,,267,,178089,90,0,,2023-01-23 01:15:03.193,,2023-01-22 03:00:00.434,,,,-1,24679,2,,,,193.21,,10.469999,3b586e94-94ad-49dc-ab5b-a84b82563b35.extra_data.json,R5wtjjS0Fd,0,com.sec.android.app.shealth,178089,62700000,3b586e94-94ad-49dc-ab5b-a84b82563b35,2023-01-22 00:00:00.000,
,,,,6659,,4139416,90,0,,2023-01-23 22:34:38.968,,2023-01-23 03:51:39.756,,,,-1,900000,75,,,,5038.6533,,264.14636,48f1759d-6674-432f-bb94-c6e828bd8f11.extra_data.json,R5wtjjS0Fd,0,com.sec.android.app.shealth,4139416,26880000,48f1759d-6674-432f-bb94-c6e828bd8f11,2023-01-23 00:00:00.000,
,,,,7136,,4557951,90,0,,2023-01-24 23:23:10.380,,2023-01-24 03:43:10.769,,,,-1,1080000,83,,,,5444.859,,285.13882,28a8bb05-7b54-4227-91df-68089cdcf1cd.extra_data.json,R5wtjjS0Fd,0,com.sec.android.app.shealth,4557951,29040000,28a8bb05-7b54-4227-91df-68089cdcf1cd,2023-01-24 00:00:00.000,
,,,,1562,,950071,90,0,,2023-01-26 01:40:56.474,,2023-01-25 03:00:00.682,,,,-1,300000,16,,,,1173.4,,61.96,dd0223f2-bbf6-4b00-9ff6-93472845b933.extra_data.json,R5wtjjS0Fd,1200,com.sec.android.app.shealth,948871,35820000,dd0223f2-bbf6-4b00-9ff6-93472845b933,2023-01-25 00:00:00.000,
,,,,1712,,1038219,90,0,,2023-01-27 03:00:00.751,,2023-01-26 03:00:01.688,,,,-1,360000,18,,,,1280.99,,68.07001,8a436cea-92c7-4110-a198-9c0993858c52.extra_data.json,R5wtjjS0Fd,0,com.sec.android.app.shealth,1038219,29519999,8a436cea-92c7-4110-a198-9c0993858c52,2023-01-26 00:00:00.000,
,,,,362,,241454,90,0,,2023-01-27 22:29:30.665,,2023-01-27 03:00:00.669,,,,-1,42688,4,,,,265.74,,13.58,105c1f99-ef35-4b39-8838-9e45713f0c03.extra_data.json,R5wtjjS0Fd,0,com.sec.android.app.shealth,241454,38940000,105c1f99-ef35-4b39-8838-9e45713f0c03,2023-01-27 00:00:00.000,
,,,,2210,,1443298,90,0,,2023-01-28 23:55:02.282,,2023-01-28 03:00:00.570,,,,-1,120000,26,,,,1664.2701,,85.46,e5004182-5a19-444a-9e12-5de4a7fef122.extra_data.json,R5wtjjS0Fd,0,com.sec.android.app.shealth,1443298,22020000,e5004182-5a19-444a-9e12-5de4a7fef122,2023-01-28 00:00:00.000,
,,,,407,,266770,90,0,,2023-01-29 22:35:03.858,,2023-01-29 03:00:00.488,,,,-1,120000,4,,,,304.39,,15.809999,719b793d-7f8d-4b01-b1a4-b10f4194ff78.extra_data.json,R5wtjjS0Fd,0,com.sec.android.app.shealth,266770,28380000,719b793d-7f8d-4b01-b1a4-b10f4194ff78,2023-01-29 00:00:00.000,
,,,,3545,,2173656,90,0,,2023-01-31 00:04:54.389,,2023-01-30 03:58:57.890,,,,-1,360000,40,,,,2653.6099,,141.2,893d2f23-8f08-454a-9a0d-afda546edde3.extra_data.json,R5wtjjS0Fd,1200,com.sec.android.app.shealth,2172456,25560000,893d2f23-8f08-454a-9a0d-afda546edde3,2023-01-30 00:00:00.000,
,,,,6539,,4005052,90,0,,2023-02-01 00:55:04.136,,2023-01-31 03:35:43.163,,,,-1,1380000,73,,,,4945.561,,255.3727,fdd07300-d18e-4830-a7bb-5c42e9b8caf8.extra_data.json,R5wtjjS0Fd,0,com.sec.android.app.shealth,4005052,25080000,fdd07300-d18e-4830-a7bb-5c42e9b8caf8,2023-01-31 00:00:00.000,
,,,,3191,,2050058,90,0,,2023-02-02 00:01:16.180,,2023-02-01 03:00:01.371,,,,-1,360000,37,,,,2395.03,,122.83001,a3412d04-f7fa-4770-9f93-d31de8070ad7.extra_data.json,R5wtjjS0Fd,0,com.sec.android.app.shealth,2050058,25080000,a3412d04-f7fa-4770-9f93-d31de8070ad7,2023-02-01 00:00:00.000,
,,,,1590,,970822,90,0,,2023-02-02 23:35:02.318,,2023-02-02 03:00:00.526,,,,-1,360000,17,,,,1189.45,,62.41001,8cf9cb0a-e18f-48f4-9586-32ab66d14ede.extra_data.json,R5wtjjS0Fd,0,com.sec.android.app.shealth,970822,24900000,8cf9cb0a-e18f-48f4-9586-32ab66d14ede,2023-02-02 00:00:00.000,
,,,,4072,,2519056,90,0,,2023-02-04 00:15:02.427,,2023-02-03 03:20:49.498,,,,-1,660000,45,,,,3040.0793,,162.13,6df52179-bd92-438a-9bb5-0b27edadceb6.extra_data.json,R5wtjjS0Fd,0,com.sec.android.app.shealth,2519056,29640000,6df52179-bd92-438a-9bb5-0b27edadceb6,2023-02-03 00:00:00.000,
,,,,1936,,1267907,90,0,,2023-02-05 01:44:32.201,,2023-02-04 03:00:00.440,,,,-1,120000,23,,,,1430.6204,,71.57,ef607542-9fe8-4c42-949f-ca0131aa1e0d.extra_data.json,R5wtjjS0Fd,0,com.sec.android.app.shealth,1267907,27060000,ef607542-9fe8-4c42-949f-ca0131aa1e0d,2023-02-04 00:00:00.000,
,,,,5827,,3812953,90,0,,2023-02-06 00:59:53.243,,2023-02-05 04:00:00.788,,,,-1,1260000,70,,,,4388.225,,230.20836,0332bf33-d446-47b6-a69a-e36c1949cfc9.extra_data.json,R5wtjjS0Fd,0,com.sec.android.app.shealth,3812953,37200000,0332bf33-d446-47b6-a69a-e36c1949cfc9,2023-02-05 00:00:00.000,
,,,,1499,,911489,90,0,,2023-02-07 01:55:01.642,,2023-02-06 03:00:00.534,,,,-1,360000,16,,,,1123.6,,59.029995,105c92aa-4051-412e-89e2-3a04c880e2dd.extra_data.json,R5wtjjS0Fd,0,com.sec.android.app.shealth,911489,41640000,105c92aa-4051-412e-89e2-3a04c880e2dd,2023-02-06 00:00:00.000,
,,,,2183,,1406583,90,0,,2023-02-08 01:36:41.285,,2023-02-07 04:22:23.702,,,,-1,240000,25,,,,1616.0898,,83.76,a67fe53d-dcaa-4e43-ae37-d8198c72cad5.extra_data.json,R5wtjjS0Fd,0,com.sec.android.app.shealth,1406583,32640000,a67fe53d-dcaa-4e43-ae37-d8198c72cad5,2023-02-07 00:00:00.000,
,,,,1487,,913490,90,0,,2023-02-09 03:00:00.648,,2023-02-08 03:00:00.499,,,,-1,360000,16,,,,1116.9401,,58.71,114522f2-e08e-423f-9ef7-874f0df33b03.extra_data.json,R5wtjjS0Fd,0,com.sec.android.app.shealth,913490,34379999,114522f2-e08e-423f-9ef7-874f0df33b03,2023-02-08 00:00:00.000,
,,,,1748,,1073600,90,0,,2023-02-10 02:48:39.169,,2023-02-09 03:00:00.497,,,,-1,360000,18,,,,1312.6499,,67.32,a3aae8c3-dde3-4db2-ab37-7137bf894b83.extra_data.json,R5wtjjS0Fd,0,com.sec.android.app.shealth,1073600,29640000,a3aae8c3-dde3-4db2-ab37-7137bf894b83,2023-02-09 00:00:00.000,
,,,,3372,,2165479,90,0,,2023-02-11 00:10:48.059,,2023-02-10 03:00:00.257,,,,-1,240000,40,,,,2511.48,,131.19,3186e23c-2a44-404b-b5c9-9fe5f13019f5.extra_data.json,R5wtjjS0Fd,0,com.sec.android.app.shealth,2165479,23160000,3186e23c-2a44-404b-b5c9-9fe5f13019f5,2023-02-10 00:00:00.000,
,,,,7120,,4369174,90,0,,2023-02-12 00:01:39.044,,2023-02-11 03:00:00.456,,,,-1,900000,80,,,,5394.273,,284.95053,dc087cdc-85bb-4a56-8075-70458fbc6833.extra_data.json,R5wtjjS0Fd,358,com.sec.android.app.shealth,4368816,31560000,dc087cdc-85bb-4a56-8075-70458fbc6833,2023-02-11 00:00:00.000,
,,,,358,,238786,90,0,,2023-02-13 00:46:45.293,,2023-02-12 03:00:00.435,,,,-1,39353,3,,,,256.84,,13.4,e27122b8-be29-4934-ae2e-c1cdd6d2b533.extra_data.json,R5wtjjS0Fd,0,com.sec.android.app.shealth,238786,28500000,e27122b8-be29-4934-ae2e-c1cdd6d2b533,2023-02-12 00:00:00.000,
,,,,1752,,1100176,90,0,,2023-02-13 21:35:02.459,,2023-02-13 03:10:42.839,,,,-1,240000,20,,,,1304.82,,69.39,50e289cd-c687-4783-a316-7c93b3ea6a39.extra_data.json,R5wtjjS0Fd,1200,com.sec.android.app.shealth,1098976,33420000,50e289cd-c687-4783-a316-7c93b3ea6a39,2023-02-13 00:00:00.000,
,,,,3963,,2529908,90,0,,2023-02-14 22:55:01.430,,2023-02-14 03:00:00.598,,,,-1,660000,46,,,,2944.9004,,156.56001,ba006330-92ef-471d-8d51-398ad18d6f24.extra_data.json,R5wtjjS0Fd,0,com.sec.android.app.shealth,2529908,24180000,ba006330-92ef-471d-8d51-398ad18d6f24,2023-02-14 00:00:00.000,
,,,,1839,,1156308,90,0,,2023-02-15 23:35:02.840,,2023-02-15 04:04:22.977,,,,-1,360000,21,,,,1357.25,,72.65001,5f10600c-0568-49f4-a9d6-d41cf13cb88a.extra_data.json,R5wtjjS0Fd,0,com.sec.android.app.shealth,1156308,27420000,5f10600c-0568-49f4-a9d6-d41cf13cb88a,2023-02-15 00:00:00.000,
,,,,1592,,1025666,90,0,,2023-02-17 03:00:16.128,,2023-02-16 04:35:00.744,,,,-1,300000,18,,,,1180.6501,,62.83,919a26d0-0980-4a03-b6e2-8f2069470996.extra_data.json,R5wtjjS0Fd,0,com.sec.android.app.shealth,1025666,33539999,919a26d0-0980-4a03-b6e2-8f2069470996,2023-02-16 00:00:00.000,
,,,,1689,,1077602,90,0,,2023-02-18 01:02:23.008,,2023-02-17 03:00:15.888,,,,-1,300000,18,,,,1241.7902,,66.23999,6e9500f9-8c9c-45f4-9707-2f7c92dd5012.extra_data.json,R5wtjjS0Fd,0,com.sec.android.app.shealth,1077602,33240000,6e9500f9-8c9c-45f4-9707-2f7c92dd5012,2023-02-17 00:00:00.000,
,,,,113,,75371,90,0,,2023-02-19 01:55:03.201,,2023-02-18 03:00:01.825,,,,-1,30015,1,,,,79.39,,4.4000006,01ea47e4-cac3-49e3-a372-71d00635d00e.extra_data.json,R5wtjjS0Fd,0,com.sec.android.app.shealth,75371,41520000,01ea47e4-cac3-49e3-a372-71d00635d00e,2023-02-18 00:00:00.000,
,,,,0,,0,90,0,,2023-02-19 03:54:06.717,,2023-02-19 03:54:06.717,,,,-1,0,0,,,,0.0,,0.0,d82f8f08-29c6-448c-bff2-167c7a1e11df.extra_data.json,R5wtjjS0Fd,0,com.sec.android.app.shealth,0,-1,d82f8f08-29c6-448c-bff2-167c7a1e11df,2023-02-19 00:00:00.000,
,,,,45,,30015,90,0,,2023-02-21 03:00:01.645,,2023-02-20 03:00:01.036,,,,-1,9338,0,,,,32.949997,,1.7099999,5ebc3425-7101-4d2f-bbe2-9b2ca2c0747e.extra_data.json,R5wtjjS0Fd,0,com.sec.android.app.shealth,30015,51179999,5ebc3425-7101-4d2f-bbe2-9b2ca2c0747e,2023-02-20 00:00:00.000,
,,,,231,,154077,90,0,,2023-02-21 21:14:38.195,,2023-02-21 03:00:01.546,,,,-1,26680,2,,,,169.06,,8.809999,415c6ad1-b103-42a7-bec9-3d05b371d4c4.extra_data.json,R5wtjjS0Fd,0,com.sec.android.app.shealth,154077,44400000,415c6ad1-b103-42a7-bec9-3d05b371d4c4,2023-02-21 00:00:00.000,
,,,,6306,,3777902,90,0,,2023-02-23 03:00:02.269,,2023-02-22 03:13:25.782,,,,-1,1080000,68,,,,4778.3296,,248.31,e9700fb8-75b2-4326-a347-daa9b00dc33d.extra_data.json,R5wtjjS0Fd,0,com.sec.android.app.shealth,3777902,37559999,e9700fb8-75b2-4326-a347-daa9b00dc33d,2023-02-22 00:00:00.000,
,,,,2861,,1835981,90,0,,2023-02-23 21:35:01.821,,2023-02-23 03:00:01.909,,,,-1,360000,33,,,,2116.1003,,111.98,1700b2ea-0406-48d2-83c4-9a682fee03f6.extra_data.json,R5wtjjS0Fd,0,com.sec.android.app.shealth,1835981,28860000,1700b2ea-0406-48d2-83c4-9a682fee03f6,2023-02-23 00:00:00.000,
,,,,2658,,1628364,90,0,,2023-02-25 04:11:06.045,,2023-02-24 04:17:21.947,,,,-1,360000,30,,,,1949.68,,100.83,fe9e93f5-2b5d-4db8-bfeb-f6bd64f3f84e.extra_data.json,R5wtjjS0Fd,0,com.sec.android.app.shealth,1628364,37979999,fe9e93f5-2b5d-4db8-bfeb-f6bd64f3f84e,2023-02-24 00:00:00.000,
,,,,23,,15341,90,0,,2023-02-25 16:50:32.482,,2023-02-25 04:11:05.883,,,,-1,10672,0,,,,17.07,,0.83,ef8f1dd1-e01d-4771-a9b5-b60cbe01f301.extra_data.json,R5wtjjS0Fd,0,com.sec.android.app.shealth,15341,46260000,ef8f1dd1-e01d-4771-a9b5-b60cbe01f301,2023-02-25 00:00:00.000,
,,,,7075,,4413506,90,0,,2023-02-27 03:00:00.826,,2023-02-26 03:00:00.532,,,,-1,1380000,81,,,,5366.2036,,281.38,247861d9-519e-4b4f-940b-35eb3abe407a.extra_data.json,R5wtjjS0Fd,0,com.sec.android.app.shealth,4413506,35039999,247861d9-519e-4b4f-940b-35eb3abe407a,2023-02-26 00:00:00.000,
,,,,9565,,5885359,90,0,,2023-02-27 22:44:09.371,,2023-02-27 03:00:00.579,,,,-1,1320000,108,,,,7325.287,,380.0653,f4e1a4e4-8a58-4403-8cae-5440f7b79b03.extra_data.json,R5wtjjS0Fd,0,com.sec.android.app.shealth,5885359,23760000,f4e1a4e4-8a58-4403-8cae-5440f7b79b03,2023-02-27 00:00:00.000,
,,,,1600,,978826,90,0,,2023-03-01 03:59:00.078,,2023-02-28 04:55:45.100,,,,-1,360000,17,,,,1188.8301,,63.209995,e2505c79-28bf-49cb-b11a-c85f50d7c4c2.extra_data.json,R5wtjjS0Fd,0,com.sec.android.app.shealth,978826,32279999,e2505c79-28bf-49cb-b11a-c85f50d7c4c2,2023-02-28 00:00:00.000,
,,,,6800,,4229191,90,0,,2023-03-02 03:18:48.271,,2023-03-01 03:58:59.936,,,,-1,1440000,77,,,,5149.9194,,273.27997,e2d9ede2-f1e5-47f9-b56b-85f248d0e2ee.extra_data.json,R5wtjjS0Fd,0,com.sec.android.app.shealth,4229191,26819999,e2d9ede2-f1e5-47f9-b56b-85f248d0e2ee,2023-03-01 00:00:00.000,
,,,,2473,,1566453,90,0,,2023-03-02 23:13:24.997,,2023-03-02 03:18:47.985,,,,-1,180000,28,,,,1835.7798,,95.469986,b05199c2-36c4-4c8b-83d2-3957c44e31fc.extra_data.json,R5wtjjS0Fd,0,com.sec.android.app.shealth,1566453,24300000,b05199c2-36c4-4c8b-83d2-3957c44e31fc,2023-03-02 00:00:00.000,
,,,,3800,,2329201,90,0,,2023-03-04 00:21:17.212,,2023-03-03 03:00:00.442,,,,-1,420000,42,,,,2834.3699,,149.36998,c4a43235-6aa9-4c83-b8e1-0dccf4fc7a75.extra_data.json,R5wtjjS0Fd,0,com.sec.android.app.shealth,2329201,29700000,c4a43235-6aa9-4c83-b8e1-0dccf4fc7a75,2023-03-03 00:00:00.000,
,,,,2029,,1279763,90,0,,2023-03-05 03:06:17.818,,2023-03-04 03:36:57.438,,,,-1,120000,23,,,,1539.0702,,70.299995,a947ab73-a329-4f12-a5c3-a0143c89ea2b.extra_data.json,R5wtjjS0Fd,0,com.sec.android.app.shealth,1279763,52079999,a947ab73-a329-4f12-a5c3-a0143c89ea2b,2023-03-04 00:00:00.000,
,,,,3997,,2538255,90,0,,2023-03-06 03:12:49.140,,2023-03-05 03:06:17.326,,,,-1,960000,46,,,,3015.1917,,160.898,4b72d8e0-647e-466e-8225-2a0c16086aed.extra_data.json,R5wtjjS0Fd,0,com.sec.android.app.shealth,2538255,39059999,4b72d8e0-647e-466e-8225-2a0c16086aed,2023-03-05 00:00:00.000,
,,,,1705,,1085636,90,0,,2023-03-07 00:15:01.927,,2023-03-06 03:12:48.744,,,,-1,120000,20,,,,1268.92,,65.92999,e2b31bb1-0599-4f3a-bc86-6fba532bb012.extra_data.json,R5wtjjS0Fd,0,com.sec.android.app.shealth,1085636,37140000,e2b31bb1-0599-4f3a-bc86-6fba532bb012,2023-03-06 00:00:00.000,
,,,,931,,620280,90,0,,2023-03-07 23:35:01.777,,2023-03-07 03:00:00.500,,,,-1,60000,11,,,,676.74,,35.359997,f27aec1d-d4f1-4ccf-89b3-e94ce9c98fed.extra_data.json,R5wtjjS0Fd,0,com.sec.android.app.shealth,620280,24060000,f27aec1d-d4f1-4ccf-89b3-e94ce9c98fed,2023-03-07 00:00:00.000,
,,,,2007,,1255691,90,0,,2023-03-08 22:15:02.843,,2023-03-08 03:07:42.123,,,,-1,420000,22,,,,1497.99,,74.45002,86441ef0-3237-4678-80aa-c22a5b34107f.extra_data.json,R5wtjjS0Fd,0,com.sec.android.app.shealth,1255691,27180000,86441ef0-3237-4678-80aa-c22a5b34107f,2023-03-08 00:00:00.000,
,,,,2662,,1711192,90,0,,2023-03-09 22:54:04.211,,2023-03-09 03:00:00.933,,,,-1,240000,31,,,,1973.8002,,103.17,0e4ac469-4d92-4354-bc6d-99c2204ac7b4.extra_data.json,R5wtjjS0Fd,0,com.sec.android.app.shealth,1711192,30000000,0e4ac469-4d92-4354-bc6d-99c2204ac7b4,2023-03-09 00:00:00.000,
,,,,2499,,1579703,90,0,,2023-03-11 00:15:01.285,,2023-03-10 03:19:50.576,,,,-1,420000,28,,,,1836.3601,,98.28,34b24abc-bded-4a56-a4d7-87b826e54d88.extra_data.json,R5wtjjS0Fd,0,com.sec.android.app.shealth,1579703,27900000,34b24abc-bded-4a56-a4d7-87b826e54d88,2023-03-10 00:00:00.000,
,,,,8862,,5348877,90,0,,2023-03-12 00:15:02.041,,2023-03-11 03:41:34.362,,,,-1,780000,98,,,,6753.4355,,348.19904,ae054e72-4cdc-4f17-b943-687ad6583e0d.extra_data.json,R5wtjjS0Fd,0,com.sec.android.app.shealth,5348877,29340000,ae054e72-4cdc-4f17-b943-687ad6583e0d,2023-03-11 00:00:00.000,
,,,,15,,10005,90,0,,2023-03-12 16:42:53.254,,2023-03-12 03:00:00.945,,,,-1,10005,0,,,,10.91,,0.5,4bae40f6-0259-4f15-a186-b5b27acc8fda.extra_data.json,R5wtjjS0Fd,0,com.sec.android.app.shealth,10005,49320000,4bae40f6-0259-4f15-a186-b5b27acc8fda,2023-03-12 00:00:00.000,
,,,,1438,,893570,90,0,,2023-03-14 01:25:04.482,,2023-03-13 04:20:47.305,,,,-1,180000,15,,,,1073.6,,55.929993,97568392-1f14-4e09-8ebf-4101c50552db.extra_data.json,R5wtjjS0Fd,0,com.sec.android.app.shealth,893570,24420000,97568392-1f14-4e09-8ebf-4101c50552db,2023-03-13 00:00:00.000,
,,,,2800,,1769738,90,0,,2023-03-14 19:59:47.178,,2023-03-14 03:00:01.163,,,,-1,360000,32,,,,2080.24,,109.34997,71fed6a1-319e-41f2-93fc-176521365fef.extra_data.json,R5wtjjS0Fd,0,com.sec.android.app.shealth,1769738,26220000,71fed6a1-319e-41f2-93fc-176521365fef,2023-03-14 00:00:00.000,
,,,,2177,,1437265,90,0,,2023-03-15 23:41:40.967,,2023-03-15 03:40:04.865,,,,-1,60000,25,,,,1623.8903,,84.49998,60084d6a-c9cc-4194-b6b5-99ec49b1f503.extra_data.json,R5wtjjS0Fd,0,com.sec.android.app.shealth,1437265,32220000,60084d6a-c9cc-4194-b6b5-99ec49b1f503,2023-03-15 00:00:00.000,
,,,,2985,,1895981,90,0,,2023-03-16 22:12:29.331,,2023-03-16 03:55:09.827,,,,-1,240000,34,,,,2215.6704,,115.49,52143a97-3d17-4b8c-9656-994fb0ca35b9.extra_data.json,R5wtjjS0Fd,0,com.sec.android.app.shealth,1895981,29520000,52143a97-3d17-4b8c-9656-994fb0ca35b9,2023-03-16 00:00:00.000,
,,,,2599,,1645826,90,0,,2023-03-18 01:15:02.379,,2023-03-17 03:54:22.136,,,,-1,240000,30,,,,1937.5605,,101.88001,c2fe2df2-6bef-4b8a-a3c9-a9e4db437ccc.extra_data.json,R5wtjjS0Fd,0,com.sec.android.app.shealth,1645826,27180000,c2fe2df2-6bef-4b8a-a3c9-a9e4db437ccc,2023-03-17 00:00:00.000,
,,,,10032,,6067480,90,0,,2023-03-18 22:24:38.835,,2023-03-18 03:00:00.564,,,,-1,1020000,112,,,,7567.349,,399.35992,66e470b9-93bc-4a60-894b-7add286d9c03.extra_data.json,R5wtjjS0Fd,0,com.sec.android.app.shealth,6067480,30900000,66e470b9-93bc-4a60-894b-7add286d9c03,2023-03-18 00:00:00.000,
,,,,269,,179423,90,0,,2023-03-19 21:55:01.773,,2023-03-19 03:07:54.791,,,,-1,51359,2,,,,175.92,,11.549999,b73fe2be-4b3b-419d-9ece-eca1ee6d5492.extra_data.json,R5wtjjS0Fd,0,com.sec.android.app.shealth,179423,53700000,b73fe2be-4b3b-419d-9ece-eca1ee6d5492,2023-03-19 00:00:00.000,
,,,,1716,,1090972,90,0,,2023-03-21 00:11:41.579,,2023-03-20 04:53:02.217,,,,-1,360000,20,,,,1282.7301,,66.7,65b5a7ed-9727-460f-8d13-2716a3111bd5.extra_data.json,R5wtjjS0Fd,0,com.sec.android.app.shealth,1090972,27720000,65b5a7ed-9727-460f-8d13-2716a3111bd5,2023-03-20 00:00:00.000,
,,,,6486,,3983155,90,0,,2023-03-21 21:04:37.856,,2023-03-21 03:39:22.505,,,,-1,1052000,73,,,,4953.9717,,258.06332,917cc2c9-24df-4514-9a8d-f5b5f146d4a1.extra_data.json,R5wtjjS0Fd,2000,com.sec.android.app.shealth,3981155,31200000,917cc2c9-24df-4514-9a8d-f5b5f146d4a1,2023-03-21 00:00:00.000,
,,,,1708,,1083605,90,0,,2023-03-22 21:01:37.177,,2023-03-22 04:40:18.971,,,,-1,300000,20,,,,1248.5499,,66.00001,f953af62-f285-4e3b-952e-cabdf61f3cbe.extra_data.json,R5wtjjS0Fd,0,com.sec.android.app.shealth,1083605,24540000,f953af62-f285-4e3b-952e-cabdf61f3cbe,2023-03-22 00:00:00.000,
,,,,7551,,4641547,90,0,,2023-03-23 22:35:02.923,,2023-03-23 03:00:01.661,,,,-1,660000,85,,,,5637.511,,297.85007,816954ca-1adc-40e6-b5cf-dfe7d7a2cfe2.extra_data.json,R5wtjjS0Fd,0,com.sec.android.app.shealth,4641547,26700000,816954ca-1adc-40e6-b5cf-dfe7d7a2cfe2,2023-03-23 00:00:00.000,
,,,,5512,,3378459,90,0,,2023-03-24 23:15:01.653,,2023-03-24 03:01:35.032,,,,-1,960000,62,,,,4144.056,,218.56985,d573b972-6970-4597-ab04-5960f5b2abc4.extra_data.json,R5wtjjS0Fd,0,com.sec.android.app.shealth,3378459,29940000,d573b972-6970-4597-ab04-5960f5b2abc4,2023-03-24 00:00:00.000,
,,,,53,,35351,90,0,,2023-03-25 19:55:46.923,,2023-03-25 03:27:48.968,,,,-1,15341,0,,,,35.989998,,1.9499999,22d302d2-839c-4f0a-9507-38e17fbc9ee0.extra_data.json,R5wtjjS0Fd,0,com.sec.android.app.shealth,35351,35580000,22d302d2-839c-4f0a-9507-38e17fbc9ee0,2023-03-25 00:00:00.000,
,,,,2946,,1915384,90,0,,2023-03-26 21:47:59.870,,2023-03-26 03:44:44.890,,,,-1,120000,34,,,,2178.27,,113.78001,8fe25a56-aeb7-49a2-8216-fe469bf8a00f.extra_data.json,R5wtjjS0Fd,0,com.sec.android.app.shealth,1915384,28560000,8fe25a56-aeb7-49a2-8216-fe469bf8a00f,2023-03-26 00:00:00.000,
,,,,4365,,2557625,90,0,,2023-03-27 19:38:03.096,,2023-03-27 03:40:35.710,,,,-1,1047000,46,,,,3329.062,,156.638,66d96c4e-2d0a-4d06-9721-2fb20fd28e52.extra_data.json,R5wtjjS0Fd,0,com.sec.android.app.shealth,2557625,32400000,66d96c4e-2d0a-4d06-9721-2fb20fd28e52,2023-03-27 00:00:00.000,
,,,,5724,,3329717,90,0,,2023-03-28 20:43:17.805,,2023-03-28 03:00:38.080,,,,-1,1500000,61,,,,4347.8228,,194.61038,8220acc3-5831-4ca5-907d-bf569f34e9e9.extra_data.json,R5wtjjS0Fd,0,com.sec.android.app.shealth,3329717,29640000,8220acc3-5831-4ca5-907d-bf569f34e9e9,2023-03-28 00:00:00.000,
,,,,4114,,2522571,90,0,,2023-03-30 04:46:08.358,,2023-03-29 03:08:27.432,,,,-1,360000,46,,,,3077.89,,158.31004,1f369c5f-bc08-40ba-a8fa-2cdd2e67b4a0.extra_data.json,R5wtjjS0Fd,0,com.sec.android.app.shealth,2522571,31859999,1f369c5f-bc08-40ba-a8fa-2cdd2e67b4a0,2023-03-29 00:00:00.000,
,,,,181,,120727,90,0,,2023-03-30 20:15:05.338,,2023-03-30 04:46:08.127,,,,-1,25346,2,,,,124.85,,7.24,f70be13d-62b3-425e-a6e6-8f3b5540e245.extra_data.json,R5wtjjS0Fd,0,com.sec.android.app.shealth,120727,45180000,f70be13d-62b3-425e-a6e6-8f3b5540e245,2023-03-30 00:00:00.000,
,,,,8368,,5028269,90,0,,2023-04-01 03:00:00.684,,2023-03-31 03:30:20.999,,,,-1,900000,92,,,,6343.831,,332.78998,db8da87c-38f4-453d-a003-0da0dae98daa.extra_data.json,R5wtjjS0Fd,0,com.sec.android.app.shealth,5028269,34019999,db8da87c-38f4-453d-a003-0da0dae98daa,2023-03-31 00:00:00.000,
,,,,6894,,4068051,90,0,,2023-04-01 23:57:16.355,,2023-04-01 03:00:00.458,,,,-1,1740000,74,,,,5246.1133,,276.59833,06ae9d33-086d-4c6a-a500-e4feb08d2abe.extra_data.json,R5wtjjS0Fd,3200,com.sec.android.app.shealth,4064851,29220000,06ae9d33-086d-4c6a-a500-e4feb08d2abe,2023-04-01 00:00:00.000,
,,,,7312,,4276308,90,0,,2023-04-02 22:54:01.802,,2023-04-02 03:52:55.011,,,,-1,1320000,78,,,,5620.5474,,287.70502,3889896f-f314-49ba-8aff-1c2b0f2e35bd.extra_data.json,R5wtjjS0Fd,0,com.sec.android.app.shealth,4276308,35340000,3889896f-f314-49ba-8aff-1c2b0f2e35bd,2023-04-02 00:00:00.000,
,,,,1430,,874834,90,0,,2023-04-04 01:25:05.037,,2023-04-03 04:45:57.837,,,,-1,300000,15,,,,1065.95,,52.34,1e4c19ed-5b65-492a-8625-4d09411ff31d.extra_data.json,R5wtjjS0Fd,0,com.sec.android.app.shealth,874834,32040000,1e4c19ed-5b65-492a-8625-4d09411ff31d,2023-04-03 00:00:00.000,
,,,,1403,,818139,90,0,,2023-04-05 04:50:30.097,,2023-04-04 03:24:43.784,,,,-1,300000,14,,,,1056.76,,47.049995,aa616a14-b324-4cf0-9f36-811fa630a90f.extra_data.json,R5wtjjS0Fd,0,com.sec.android.app.shealth,818139,50999999,aa616a14-b324-4cf0-9f36-811fa630a90f,2023-04-04 00:00:00.000,
,,,,2309,,1461157,90,0,,2023-04-06 04:18:32.550,,2023-04-05 04:50:30.011,,,,-1,180000,26,,,,1710.5098,,86.59,6aec0c89-419a-4f8e-99b2-c985b5293335.extra_data.json,R5wtjjS0Fd,0,com.sec.android.app.shealth,1461157,30119999,6aec0c89-419a-4f8e-99b2-c985b5293335,2023-04-05 00:00:00.000,
,,,,2248,,1417075,90,0,,2023-04-07 00:35:03.144,,2023-04-06 04:18:32.351,,,,-1,360000,25,,,,1659.7505,,87.29001,e95bd931-b240-439f-9b27-9bf96db6cf20.extra_data.json,R5wtjjS0Fd,0,com.sec.android.app.shealth,1417075,36840000,e95bd931-b240-439f-9b27-9bf96db6cf20,2023-04-06 00:00:00.000,
,,,,45,,30015,90,0,,2023-04-07 22:15:02.582,,2023-04-07 03:18:24.075,,,,-1,16675,0,,,,31.09,,1.69,1b04be72-fba5-416c-914a-d2c5a5765239.extra_data.json,R5wtjjS0Fd,0,com.sec.android.app.shealth,30015,43980000,1b04be72-fba5-416c-914a-d2c5a5765239,2023-04-07 00:00:00.000,
,,,,30,,20010,90,0,,2023-04-08 18:23:12.832,,2023-04-08 04:14:36.716,,,,-1,10005,0,,,,18.539999,,1.14,910f7dea-1378-4ecd-9869-0d5b787d1872.extra_data.json,R5wtjjS0Fd,0,com.sec.android.app.shealth,20010,38160000,910f7dea-1378-4ecd-9869-0d5b787d1872,2023-04-08 00:00:00.000,
,,,,1052,,682221,90,0,,2023-04-09 20:51:40.632,,2023-04-09 03:00:00.768,,,,-1,120000,12,,,,762.33,,41.65,4bf7d4ae-9f03-44df-8139-3f716654b7ca.extra_data.json,R5wtjjS0Fd,0,com.sec.android.app.shealth,682221,32220000,4bf7d4ae-9f03-44df-8139-3f716654b7ca,2023-04-09 00:00:00.000,
,,,,3782,,2339903,90,0,,2023-04-10 21:15:01.206,,2023-04-10 03:00:00.417,,,,-1,480000,42,,,,2827.9805,,141.26003,7c68f212-4862-4e89-abcc-ac0276a0582e.extra_data.json,R5wtjjS0Fd,0,com.sec.android.app.shealth,2339903,31320000,7c68f212-4862-4e89-abcc-ac0276a0582e,2023-04-10 00:00:00.000,
,,,,425,,283475,90,0,,2023-04-11 22:35:00.885,,2023-04-11 03:56:46.555,,,,-1,48024,4,,,,306.05,,16.24,565dea1f-dd73-4ce6-b842-f0442c42bd1e.extra_data.json,R5wtjjS0Fd,0,com.sec.android.app.shealth,283475,32520000,565dea1f-dd73-4ce6-b842-f0442c42bd1e,2023-04-11 00:00:00.000,
,,,,1679,,1017542,90,0,,2023-04-13 04:45:21.801,,2023-04-12 03:00:00.406,,,,-1,300000,17,,,,1259.5299,,65.810005,aa397db2-b8f8-4e95-9ae3-6cf8edded72b.extra_data.json,R5wtjjS0Fd,0,com.sec.android.app.shealth,1017542,42839999,aa397db2-b8f8-4e95-9ae3-6cf8edded72b,2023-04-12 00:00:00.000,
,,,,8923,,5341151,90,0,,2023-04-13 22:07:43.043,,2023-04-13 04:45:21.716,,,,-1,660000,98,,,,6727.3765,,330.5841,76ae008b-e7d6-4aa9-b464-91348fdcf992.extra_data.json,R5wtjjS0Fd,0,com.sec.android.app.shealth,5341151,33060000,76ae008b-e7d6-4aa9-b464-91348fdcf992,2023-04-13 00:00:00.000,
,,,,5346,,3217242,90,0,,2023-04-14 19:15:46.087,,2023-04-14 03:37:42.179,,,,-1,1260000,58,,,,4143.355,,204.04001,b6c94d7e-cc83-4453-ab95-b8025ca4088f.extra_data.json,R5wtjjS0Fd,0,com.sec.android.app.shealth,3217242,29460000,b6c94d7e-cc83-4453-ab95-b8025ca4088f,2023-04-14 00:00:00.000,
,,,,2140,,1355044,90,0,,2023-04-15 23:55:02.707,,2023-04-15 03:00:00.463,,,,-1,300000,24,,,,1569.2101,,85.22999,388bc1d9-a991-4d54-b108-3900e281ff71.extra_data.json,R5wtjjS0Fd,0,com.sec.android.app.shealth,1355044,37260000,388bc1d9-a991-4d54-b108-3900e281ff71,2023-04-15 00:00:00.000,
,,,,2499,,1634000,90,0,,2023-04-17 04:51:08.368,,2023-04-16 03:00:00.787,,,,-1,180000,30,,,,1867.8999,,93.70999,8f104c1d-81e0-4b9d-a725-c75bc69d3254.extra_data.json,R5wtjjS0Fd,0,com.sec.android.app.shealth,1634000,38459999,8f104c1d-81e0-4b9d-a725-c75bc69d3254,2023-04-16 00:00:00.000,
,,,,2315,,1395701,90,0,,2023-04-17 23:38:31.933,,2023-04-17 04:51:08.271,,,,-1,300000,25,,,,1697.3302,,84.16999,78822bfc-7410-4303-8af4-9d501da29e9c.extra_data.json,R5wtjjS0Fd,0,com.sec.android.app.shealth,1395701,38220000,78822bfc-7410-4303-8af4-9d501da29e9c,2023-04-17 00:00:00.000,
,,,,3498,,2151100,90,0,,2023-04-18 22:55:02.467,,2023-04-18 03:16:51.156,,,,-1,659411,38,,,,2626.489,,136.48863,f9f8358e-f387-4caf-898c-ddc53206ba42.extra_data.json,R5wtjjS0Fd,0,com.sec.android.app.shealth,2151100,32520000,f9f8358e-f387-4caf-898c-ddc53206ba42,2023-04-18 00:00:00.000,
,,,,8990,,5470055,90,0,,2023-04-20 01:16:37.244,,2023-04-19 03:00:00.432,,,,-1,1500000,101,,,,6776.3765,,334.50052,7151641f-500a-4227-955d-c3a0a8ffbe3d.extra_data.json,R5wtjjS0Fd,6000,com.sec.android.app.shealth,5464055,28320000,7151641f-500a-4227-955d-c3a0a8ffbe3d,2023-04-19 00:00:00.000,
,,,,1507,,912186,90,0,,2023-04-20 21:55:02.098,,2023-04-20 03:25:17.691,,,,-1,360000,16,,,,1128.6301,,59.1,91af8f98-8dc8-4e87-a95f-7f318cbdfc04.extra_data.json,R5wtjjS0Fd,0,com.sec.android.app.shealth,912186,27960000,91af8f98-8dc8-4e87-a95f-7f318cbdfc04,2023-04-20 00:00:00.000,
,,,,33,,22011,90,0,,2023-04-21 18:00:47.943,,2023-04-21 04:36:58.434,,,,-1,18009,0,,,,22.27,,1.25,e302b133-5f4f-4fd8-a7f9-ca701be29d0e.extra_data.json,R5wtjjS0Fd,0,com.sec.android.app.shealth,22011,33420000,e302b133-5f4f-4fd8-a7f9-ca701be29d0e,2023-04-21 00:00:00.000,
,,,,880,,586960,90,0,,2023-04-23 00:15:02.961,,2023-04-22 03:00:00.448,,,,-1,53360,10,,,,649.69,,33.44,0152b053-46b7-4610-8b65-2b11bf81595e.extra_data.json,R5wtjjS0Fd,0,com.sec.android.app.shealth,586960,37440000,0152b053-46b7-4610-8b65-2b11bf81595e,2023-04-22 00:00:00.000,
,,,,698,,462838,90,0,,2023-04-24 00:06:43.777,,2023-04-23 03:40:31.570,,,,-1,120000,7,,,,520.49,,26.380001,16f68f3a-d78a-4460-a527-95a32349cc01.extra_data.json,R5wtjjS0Fd,0,com.sec.android.app.shealth,462838,55140000,16f68f3a-d78a-4460-a527-95a32349cc01,2023-04-23 00:00:00.000,
,,,,2104,,1359863,90,0,,2023-04-25 03:30:34.358,,2023-04-24 03:59:22.874,,,,-1,120000,24,,,,1565.8402,,78.09998,096bb0d3-bfb4-4609-9c5b-b10a38e98fe1.extra_data.json,R5wtjjS0Fd,0,com.sec.android.app.shealth,1359863,46319999,096bb0d3-bfb4-4609-9c5b-b10a38e98fe1,2023-04-24 00:00:00.000,
,,,,5748,,3729474,90,0,,2023-04-25 21:21:00.036,,2023-04-25 03:30:34.103,,,,-1,180000,68,,,,4279.3604,,217.98003,f1955f0b-7f93-4b08-b05d-e80614cd16ce.extra_data.json,R5wtjjS0Fd,0,com.sec.android.app.shealth,3729474,24180000,f1955f0b-7f93-4b08-b05d-e80614cd16ce,2023-04-25 00:00:00.000,
,,,,6561,,3808524,90,0,,2023-04-26 21:15:05.907,,2023-04-26 04:56:33.863,,,,-1,1320000,70,,,,5108.4727,,247.33,dcc43c6b-d05a-41b4-a579-1d56cef99671.extra_data.json,R5wtjjS0Fd,0,com.sec.android.app.shealth,3808524,28800000,dcc43c6b-d05a-41b4-a579-1d56cef99671,2023-04-26 00:00:00.000,
,,,,4733,,3037379,90,0,,2023-04-28 03:00:00.611,,2023-04-27 03:23:54.744,,,,-1,240000,55,,,,3534.45,,175.53001,e200865e-5d57-41a0-8cbc-f311119106d7.extra_data.json,R5wtjjS0Fd,4800,com.sec.android.app.shealth,3032579,41219999,e200865e-5d57-41a0-8cbc-f311119106d7,2023-04-27 00:00:00.000,
,,,,5926,,3629431,90,0,,2023-04-29 03:54:34.838,,2023-04-28 03:00:00.481,,,,-1,1020000,66,,,,4507.3496,,206.83,7e9625f7-5d1a-46ab-a426-9d569c35146b.extra_data.json,R5wtjjS0Fd,0,com.sec.android.app.shealth,3629431,29519999,7e9625f7-5d1a-46ab-a426-9d569c35146b,2023-04-28 00:00:00.000,
,,,,1000,,650962,90,0,,2023-04-30 03:37:47.612,,2023-04-29 03:54:34.703,,,,-1,60000,11,,,,740.47003,,37.489998,189690af-0953-4f7e-bccc-20b258affe48.extra_data.json,R5wtjjS0Fd,0,com.sec.android.app.shealth,650962,48959999,189690af-0953-4f7e-bccc-20b258affe48,2023-04-29 00:00:00.000,
,,,,0,,0,90,0,,2023-04-30 03:37:47.403,,2023-04-30 03:37:47.403,,,,-1,0,0,,,,0.0,,0.0,3d28ce76-302f-463e-a8a6-8f139fbfd3b1.extra_data.json,R5wtjjS0Fd,0,com.sec.android.app.shealth,0,-1,3d28ce76-302f-463e-a8a6-8f139fbfd3b1,2023-04-30 00:00:00.000,
,,,,91,,60697,90,0,,2023-05-01 23:42:07.715,,2023-05-01 03:00:00.567,,,,-1,34684,1,,,,65.090004,,3.4099998,772d5019-645e-4c40-bf2b-9be4800d7651.extra_data.json,R5wtjjS0Fd,0,com.sec.android.app.shealth,60697,49860000,772d5019-645e-4c40-bf2b-9be4800d7651,2023-05-01 00:00:00.000,
,,,,2932,,1882701,90,0,,2023-05-02 20:52:25.592,,2023-05-02 04:19:42.799,,,,-1,120000,34,,,,2187.6797,,107.16998,b57f4762-dea6-4f18-98fd-4be0db765202.extra_data.json,R5wtjjS0Fd,0,com.sec.android.app.shealth,1882701,30600000,b57f4762-dea6-4f18-98fd-4be0db765202,2023-05-02 00:00:00.000,
,,,,114,,76038,90,0,,2023-05-04 04:37:52.187,,2023-05-03 04:06:59.561,,,,-1,18676,1,,,,79.04,,4.25,7de77d27-78a8-4991-89f1-93b88777fa2b.extra_data.json,R5wtjjS0Fd,0,com.sec.android.app.shealth,76038,40199999,7de77d27-78a8-4991-89f1-93b88777fa2b,2023-05-03 00:00:00.000,
,,,,168,,110988,90,0,,2023-05-04 21:54:57.659,,2023-05-04 04:37:51.791,,,,-1,39353,1,,,,122.02,,6.42,98bcf965-fa01-4af9-9c9f-5032185e1bfa.extra_data.json,R5wtjjS0Fd,1600,com.sec.android.app.shealth,109388,30180000,98bcf965-fa01-4af9-9c9f-5032185e1bfa,2023-05-04 00:00:00.000,
,,,,91,,60697,90,0,,2023-05-05 22:56:58.836,,2023-05-05 03:00:00.332,,,,-1,22678,1,,,,66.020004,,3.35,0b69de72-5f51-4a6d-8f70-ba332b977751.extra_data.json,R5wtjjS0Fd,0,com.sec.android.app.shealth,60697,35880000,0b69de72-5f51-4a6d-8f70-ba332b977751,2023-05-05 00:00:00.000,
,,,,26,,17342,90,0,,2023-05-06 15:10:42.203,,2023-05-06 04:18:54.456,,,,-1,17342,0,,,,19.54,,0.94,35880753-bb43-400c-995d-84370327f739.extra_data.json,R5wtjjS0Fd,0,com.sec.android.app.shealth,17342,43800000,35880753-bb43-400c-995d-84370327f739,2023-05-06 00:00:00.000,
,,,,71,,47357,90,0,,2023-05-07 22:49:38.398,,2023-05-07 03:00:00.489,,,,-1,22011,0,,,,52.050003,,2.5700002,adde4ae8-e9ce-46bb-9fe7-d0853f357169.extra_data.json,R5wtjjS0Fd,0,com.sec.android.app.shealth,47357,35160000,adde4ae8-e9ce-46bb-9fe7-d0853f357169,2023-05-07 00:00:00.000,
,,,,2810,,1728504,90,0,,2023-05-09 03:39:31.792,,2023-05-08 03:14:47.644,,,,-1,300000,31,,,,2083.07,,104.86,afce3224-fcce-44bc-9b5e-790ce6ca748f.extra_data.json,R5wtjjS0Fd,0,com.sec.android.app.shealth,1728504,25919999,afce3224-fcce-44bc-9b5e-790ce6ca748f,2023-05-08 00:00:00.000,
,,,,1582,,972853,90,0,,2023-05-09 23:10:25.369,,2023-05-09 03:39:31.720,,,,-1,300000,17,,,,1177.6,,61.859997,69ea6714-bd23-49a3-b057-f57a37e38dd5.extra_data.json,R5wtjjS0Fd,0,com.sec.android.app.shealth,972853,27840000,69ea6714-bd23-49a3-b057-f57a37e38dd5,2023-05-09 00:00:00.000,
,,,,1535,,902818,90,0,,2023-05-11 03:00:00.609,,2023-05-10 03:40:24.081,,,,-1,240000,16,,,,1160.8201,,57.470005,dda25e3e-261c-4bd4-b2b9-0c6852a8abc3.extra_data.json,R5wtjjS0Fd,0,com.sec.android.app.shealth,902818,40859999,dda25e3e-261c-4bd4-b2b9-0c6852a8abc3,2023-05-10 00:00:00.000,
,,,,7558,,4723430,90,0,,2023-05-11 23:45:03.220,,2023-05-11 03:00:00.542,,,,-1,1108000,86,,,,5773.735,,291.4167,b5739753-93e3-4fd7-8e56-ac62ab5bd86a.extra_data.json,R5wtjjS0Fd,400,com.sec.android.app.shealth,4723030,40380000,b5739753-93e3-4fd7-8e56-ac62ab5bd86a,2023-05-11 00:00:00.000,
,,,,5239,,3232237,90,0,,2023-05-12 22:52:24.223,,2023-05-12 04:59:45.732,,,,-1,1409000,58,,,,4040.3757,,187.84067,b09ecb73-33f4-4ac3-9f84-4a1335430b0d.extra_data.json,R5wtjjS0Fd,0,com.sec.android.app.shealth,3232237,38640000,b09ecb73-33f4-4ac3-9f84-4a1335430b0d,2023-05-12 00:00:00.000,
,,,,29,,19343,90,0,,2023-05-13 22:01:11.382,,2023-05-13 03:11:53.657,,,,-1,19343,0,,,,16.35,,1.09,d22816ee-3c44-47ea-a278-c684ff89abe8.extra_data.json,R5wtjjS0Fd,0,com.sec.android.app.shealth,19343,68400000,d22816ee-3c44-47ea-a278-c684ff89abe8,2023-05-13 00:00:00.000,
,,,,1963,,1281097,90,0,,2023-05-14 23:55:02.637,,2023-05-14 03:00:00.493,,,,-1,180000,23,,,,1445.0302,,76.560005,504e873d-ccd2-4ee1-93ef-e6f99caeee8e.extra_data.json,R5wtjjS0Fd,0,com.sec.android.app.shealth,1281097,28980000,504e873d-ccd2-4ee1-93ef-e6f99caeee8e,2023-05-14 00:00:00.000,
,,,,6574,,3873143,90,0,,2023-05-15 22:37:25.072,,2023-05-15 03:14:11.859,,,,-1,1320000,71,,,,5050.7905,,237.97664,51439788-9984-474f-8a6e-efe4b602a35f.extra_data.json,R5wtjjS0Fd,0,com.sec.android.app.shealth,3873143,32640000,51439788-9984-474f-8a6e-efe4b602a35f,2023-05-15 00:00:00.000,
,,,,1540,,938866,90,0,,2023-05-17 00:35:02.027,,2023-05-16 03:00:00.459,,,,-1,360000,16,,,,1150.96,,60.350006,7fa5f0ae-f41d-4eec-879d-8a10e53824fd.extra_data.json,R5wtjjS0Fd,0,com.sec.android.app.shealth,938866,28380000,7fa5f0ae-f41d-4eec-879d-8a10e53824fd,2023-05-16 00:00:00.000,
,,,,3562,,2152386,90,0,,2023-05-17 20:55:03.442,,2023-05-17 04:55:41.389,,,,-1,420000,38,,,,2676.79,,138.53,36ca62eb-cce0-4402-a6c5-9615652ee8a1.extra_data.json,R5wtjjS0Fd,0,com.sec.android.app.shealth,2152386,31020000,36ca62eb-cce0-4402-a6c5-9615652ee8a1,2023-05-17 00:00:00.000,
,,,,1647,,1027607,90,0,,2023-05-18 22:15:02.926,,2023-05-18 04:51:34.904,,,,-1,360000,18,,,,1225.22,,64.07,d9756e88-0ef2-4cc7-a9fc-3ba0f868d28e.extra_data.json,R5wtjjS0Fd,0,com.sec.android.app.shealth,1027607,31860000,d9756e88-0ef2-4cc7-a9fc-3ba0f868d28e,2023-05-18 00:00:00.000,
,,,,6352,,3977630,90,0,,2023-05-19 22:15:01.723,,2023-05-19 03:27:32.233,,,,-1,1106000,73,,,,4870.2646,,230.83934,3c59ecd5-d77e-48a8-83f1-5cd4cea213b8.extra_data.json,R5wtjjS0Fd,0,com.sec.android.app.shealth,3977630,37140000,3c59ecd5-d77e-48a8-83f1-5cd4cea213b8,2023-05-19 00:00:00.000,
,,,,3910,,2405966,90,0,,2023-05-21 03:47:49.165,,2023-05-20 03:22:24.690,,,,-1,360000,44,,,,2944.25,,150.34998,b0da93e2-768b-4f46-b999-efe82f975d30.extra_data.json,R5wtjjS0Fd,1406,com.sec.android.app.shealth,2404560,45599999,b0da93e2-768b-4f46-b999-efe82f975d30,2023-05-20 00:00:00.000,
,,,,110,,73370,90,0,,2023-05-21 19:20:29.442,,2023-05-21 03:47:48.779,,,,-1,16675,1,,,,80.22,,4.09,592cad16-91ea-4d70-8a99-72fd92f55009.extra_data.json,R5wtjjS0Fd,0,com.sec.android.app.shealth,73370,30120000,592cad16-91ea-4d70-8a99-72fd92f55009,2023-05-21 00:00:00.000,
,,,,1505,,891509,90,0,,2023-05-23 00:09:22.960,,2023-05-22 03:04:07.442,,,,-1,240000,15,,,,1133.6901,,59.689995,b7464373-5eb3-4dfe-b2cd-1027a14dde1f.extra_data.json,R5wtjjS0Fd,0,com.sec.android.app.shealth,891509,33300000,b7464373-5eb3-4dfe-b2cd-1027a14dde1f,2023-05-22 00:00:00.000,
,,,,162,,108054,90,0,,2023-05-23 23:22:03.904,,2023-05-23 03:52:32.677,,,,-1,22678,1,,,,118.20001,,6.0900006,c2205749-cdb2-4c56-87ca-824bfc172120.extra_data.json,R5wtjjS0Fd,0,com.sec.android.app.shealth,108054,25320000,c2205749-cdb2-4c56-87ca-824bfc172120,2023-05-23 00:00:00.000,
,,,,2784,,1758579,90,0,,2023-05-25 04:46:04.604,,2023-05-24 03:16:45.740,,,,-1,300000,32,,,,2063.92,,108.19998,8116a6b2-f86e-4fb8-b066-86c655c5440a.extra_data.json,R5wtjjS0Fd,0,com.sec.android.app.shealth,1758579,25559999,8116a6b2-f86e-4fb8-b066-86c655c5440a,2023-05-24 00:00:00.000,
,,,,896,,597365,90,0,,2023-05-25 19:26:03.329,,2023-05-25 04:46:04.050,,,,-1,50025,10,,,,658.84,,34.209995,60750c41-89f9-4c53-8758-78fc8501e1ab.extra_data.json,R5wtjjS0Fd,400,com.sec.android.app.shealth,596965,30720000,60750c41-89f9-4c53-8758-78fc8501e1ab,2023-05-25 00:00:00.000,
,,,,8704,,5319407,90,0,,2023-05-26 22:22:19.358,,2023-05-26 04:23:42.011,,,,-1,1737000,97,,,,6624.4883,,333.20804,c494db57-d410-4fd9-bed7-d0116515830b.extra_data.json,R5wtjjS0Fd,0,com.sec.android.app.shealth,5319407,31740000,c494db57-d410-4fd9-bed7-d0116515830b,2023-05-26 00:00:00.000,
,,,,8567,,4997367,90,0,,2023-05-28 02:13:00.565,,2023-05-27 04:01:58.933,,,,-1,2440000,92,,,,6578.486,,334.96,6fdb7fd0-4681-4d68-a248-dcca098badfb.extra_data.json,R5wtjjS0Fd,6800,com.sec.android.app.shealth,4990567,31440000,6fdb7fd0-4681-4d68-a248-dcca098badfb,2023-05-27 00:00:00.000,
,,,,25,,16675,90,0,,2023-05-29 03:50:11.244,,2023-05-28 03:00:05.771,,,,-1,12006,0,,,,18.130001,,0.92,b7e1ab79-550e-483f-a578-ba623038ef66.extra_data.json,R5wtjjS0Fd,0,com.sec.android.app.shealth,16675,46139999,b7e1ab79-550e-483f-a578-ba623038ef66,2023-05-28 00:00:00.000,
,,,,5500,,3299444,90,0,,2023-05-29 23:55:38.430,,2023-05-29 03:50:11.030,,,,-1,720000,60,,,,4182.1924,,202.0863,31c3006c-21f0-4bcc-9be8-0154235b19eb.extra_data.json,R5wtjjS0Fd,0,com.sec.android.app.shealth,3299444,36300000,31c3006c-21f0-4bcc-9be8-0154235b19eb,2023-05-29 00:00:00.000,
,,,,6740,,4044672,90,0,,2023-05-30 21:35:02.696,,2023-05-30 03:00:00.525,,,,-1,1200000,74,,,,5125.43,,243.61,b7bd6f54-a391-4776-aff6-f45929031ddf.extra_data.json,R5wtjjS0Fd,0,com.sec.android.app.shealth,4044672,37560000,b7bd6f54-a391-4776-aff6-f45929031ddf,2023-05-30 00:00:00.000,
,,,,169,,112723,90,0,,2023-05-31 19:11:37.710,,2023-05-31 03:20:43.537,,,,-1,24679,1,,,,114.909996,,6.86,63588ba5-ef8b-47a7-8826-b32376d020a7.extra_data.json,R5wtjjS0Fd,0,com.sec.android.app.shealth,112723,43080000,63588ba5-ef8b-47a7-8826-b32376d020a7,2023-05-31 00:00:00.000,
,,,,1744,,1070295,90,0,,2023-06-01 22:32:57.302,,2023-06-01 04:55:33.535,,,,-1,180000,18,,,,1307.53,,65.87,7cbfd31b-f331-4b1d-af70-c24d3b7fba98.extra_data.json,R5wtjjS0Fd,0,com.sec.android.app.shealth,1070295,34980000,7cbfd31b-f331-4b1d-af70-c24d3b7fba98,2023-06-01 00:00:00.000,
,,,,5472,,3310118,90,0,,2023-06-02 21:35:01.887,,2023-06-02 03:09:08.682,,,,-1,480000,61,,,,4122.35,,197.03001,39a9535b-f03c-4c88-be0e-a010585eb1f1.extra_data.json,R5wtjjS0Fd,0,com.sec.android.app.shealth,3310118,32640000,39a9535b-f03c-4c88-be0e-a010585eb1f1,2023-06-02 00:00:00.000,
,,,,80,,53360,90,0,,2023-06-04 00:55:02.642,,2023-06-03 03:00:00.422,,,,-1,18009,0,,,,54.79,,3.28,6d777250-f7a9-43ae-b0b3-b73d7f70a403.extra_data.json,R5wtjjS0Fd,0,com.sec.android.app.shealth,53360,29220000,6d777250-f7a9-43ae-b0b3-b73d7f70a403,2023-06-03 00:00:00.000,
,,,,66,,44022,90,0,,2023-06-04 17:05:09.790,,2023-06-04 03:56:28.382,,,,-1,20677,0,,,,46.07,,2.43,fe6d24a7-4a56-4ace-af19-c35ec517af1e.extra_data.json,R5wtjjS0Fd,0,com.sec.android.app.shealth,44022,36060000,fe6d24a7-4a56-4ace-af19-c35ec517af1e,2023-06-04 00:00:00.000,
,,,,1699,,1051559,90,0,,2023-06-06 02:15:01.904,,2023-06-05 03:49:04.049,,,,-1,360000,18,,,,1267.4001,,67.38,69eac66f-f502-4439-8869-bb0d6b0abe21.extra_data.json,R5wtjjS0Fd,0,com.sec.android.app.shealth,1051559,25320000,69eac66f-f502-4439-8869-bb0d6b0abe21,2023-06-05 00:00:00.000,
,,,,5139,,3266199,90,0,,2023-06-06 23:28:50.042,,2023-06-06 03:00:00.518,,,,-1,840000,60,,,,3871.3296,,195.79999,e7b0485a-c0ed-439b-aef4-aeee92f648dc.extra_data.json,R5wtjjS0Fd,800,com.sec.android.app.shealth,3265399,18540000,e7b0485a-c0ed-439b-aef4-aeee92f648dc,2023-06-06 00:00:00.000,
,,,,1491,,922221,90,0,,2023-06-08 00:55:01.596,,2023-06-07 03:31:33.128,,,,-1,360000,16,,,,1120.23,,56.64,3ae728c0-ac1e-4f32-aff1-f502745aa30a.extra_data.json,R5wtjjS0Fd,0,com.sec.android.app.shealth,922221,30960000,3ae728c0-ac1e-4f32-aff1-f502745aa30a,2023-06-07 00:00:00.000,
,,,,80,,53360,90,0,,2023-06-09 00:56:33.052,,2023-06-08 03:00:00.489,,,,-1,29348,0,,,,54.32,,3.12,4829df4d-0f0d-4a9e-bed3-21e343166ea7.extra_data.json,R5wtjjS0Fd,0,com.sec.android.app.shealth,53360,39360000,4829df4d-0f0d-4a9e-bed3-21e343166ea7,2023-06-08 00:00:00.000,
,,,,1554,,947567,90,0,,2023-06-10 02:29:18.519,,2023-06-09 03:01:50.014,,,,-1,300000,16,,,,1165.4801,,59.289997,66b7e4b0-d2ee-444a-94d6-d89feb86429f.extra_data.json,R5wtjjS0Fd,0,com.sec.android.app.shealth,947567,28080000,66b7e4b0-d2ee-444a-94d6-d89feb86429f,2023-06-09 00:00:00.000,
,,,,1093,,711629,90,0,,2023-06-11 01:35:01.085,,2023-06-10 03:00:01.533,,,,-1,120000,12,,,,825.25,,38.88,f9d1b77e-a16e-43c2-ac12-afe01ee9cd7f.extra_data.json,R5wtjjS0Fd,0,com.sec.android.app.shealth,711629,36180000,f9d1b77e-a16e-43c2-ac12-afe01ee9cd7f,2023-06-10 00:00:00.000,
,,,,67,,44689,90,0,,2023-06-12 00:03:33.938,,2023-06-11 03:00:00.993,,,,-1,12673,0,,,,47.63,,2.7,7d66c318-96e3-44eb-a4d2-72780fc0cefd.extra_data.json,R5wtjjS0Fd,0,com.sec.android.app.shealth,44689,35100000,7d66c318-96e3-44eb-a4d2-72780fc0cefd,2023-06-11 00:00:00.000,
,,,,1498,,920857,90,0,,2023-06-12 22:36:03.944,,2023-06-12 03:00:00.437,,,,-1,360000,16,,,,1123.1702,,56.610004,92de56ec-b3a2-417b-867a-14636611c73e.extra_data.json,R5wtjjS0Fd,0,com.sec.android.app.shealth,920857,29340000,92de56ec-b3a2-417b-867a-14636611c73e,2023-06-12 00:00:00.000,
,,,,2371,,1452426,90,0,,2023-06-13 22:55:01.494,,2023-06-13 03:54:50.121,,,,-1,360000,26,,,,1766.5498,,84.54001,311b77fb-f02b-4c73-9d87-f7ab88651821.extra_data.json,R5wtjjS0Fd,0,com.sec.android.app.shealth,1452426,26640000,311b77fb-f02b-4c73-9d87-f7ab88651821,2023-06-13 00:00:00.000,
,,,,1243,,819919,90,0,,2023-06-14 18:35:03.293,,2023-06-14 03:00:00.482,,,,-1,60000,14,,,,909.9401,,45.65,50b1fdcc-4ec7-4ab1-827f-75ab78f848bd.extra_data.json,R5wtjjS0Fd,1600,com.sec.android.app.shealth,818319,47940000,50b1fdcc-4ec7-4ab1-827f-75ab78f848bd,2023-06-14 00:00:00.000,
,,,,4031,,2441714,90,0,,2023-06-15 21:54:05.782,,2023-06-15 04:13:20.732,,,,-1,600000,44,,,,3039.7297,,148.48997,9930d990-e05e-4cb1-9d07-7ff13f934940.extra_data.json,R5wtjjS0Fd,0,com.sec.android.app.shealth,2441714,34740000,9930d990-e05e-4cb1-9d07-7ff13f934940,2023-06-15 00:00:00.000,
,,,,7616,,4606016,90,0,,2023-06-16 20:58:25.155,,2023-06-16 03:00:00.389,,,,-1,1500000,84,,,,5795.639,,257.94937,7952319f-9513-4020-8e74-89ec675d916d.extra_data.json,R5wtjjS0Fd,0,com.sec.android.app.shealth,4606016,36960000,7952319f-9513-4020-8e74-89ec675d916d,2023-06-16 00:00:00.000,
,,,,10421,,6170507,90,0,,2023-06-18 00:55:01.132,,2023-06-17 03:15:22.476,,,,-1,1111000,113,,,,8017.9316,,366.44922,05dc14a6-c32e-463b-8e37-1b0fee42dc33.extra_data.json,R5wtjjS0Fd,1600,com.sec.android.app.shealth,6168907,33720000,05dc14a6-c32e-463b-8e37-1b0fee42dc33,2023-06-17 00:00:00.000,
,,,,187,,124729,90,0,,2023-06-18 16:15:34.621,,2023-06-18 03:00:00.358,,,,-1,26680,2,,,,140.16,,6.709999,30fb7b7a-cf12-4573-8c65-5e7a911b9d64.extra_data.json,R5wtjjS0Fd,0,com.sec.android.app.shealth,124729,39180000,30fb7b7a-cf12-4573-8c65-5e7a911b9d64,2023-06-18 00:00:00.000,
,,,,2121,,1312993,90,0,,2023-06-19 21:43:59.335,,2023-06-19 03:00:00.416,,,,-1,240000,23,,,,1573.2601,,81.42999,98fc8fcd-3500-467b-a5a3-fe18e43fe6f1.extra_data.json,R5wtjjS0Fd,0,com.sec.android.app.shealth,1312993,27960000,98fc8fcd-3500-467b-a5a3-fe18e43fe6f1,2023-06-19 00:00:00.000,
,,,,7466,,4383755,90,0,,2023-06-21 03:00:00.672,,2023-06-20 03:00:00.449,,,,-1,1320000,81,,,,5757.395,,289.16217,0b1d77dc-4286-49b7-9154-821147d16203.extra_data.json,R5wtjjS0Fd,0,com.sec.android.app.shealth,4383755,30899999,0b1d77dc-4286-49b7-9154-821147d16203,2023-06-20 00:00:00.000,
,,,,65,,43355,90,0,,2023-06-22 00:39:27.083,,2023-06-21 03:00:00.484,,,,-1,12673,0,,,,44.399998,,2.45,9afea544-1a28-414f-ada0-2d724a9c90f9.extra_data.json,R5wtjjS0Fd,0,com.sec.android.app.shealth,43355,47280000,9afea544-1a28-414f-ada0-2d724a9c90f9,2023-06-21 00:00:00.000,
,,,,1458,,880140,90,0,,2023-06-22 17:11:19.648,,2023-06-22 03:00:00.549,,,,-1,360000,15,,,,1097.3201,,54.190002,34efb154-31fa-403e-98d2-f874337a95a4.extra_data.json,R5wtjjS0Fd,0,com.sec.android.app.shealth,880140,45000000,34efb154-31fa-403e-98d2-f874337a95a4,2023-06-22 00:00:00.000,
,,,,32,,21344,90,0,,2023-06-23 18:44:54.961,,2023-06-23 03:00:00.412,,,,-1,21344,0,,,,24.07,,1.19,3bed56a0-6509-4182-8218-edee5d18734d.extra_data.json,R5wtjjS0Fd,0,com.sec.android.app.shealth,21344,56520000,3bed56a0-6509-4182-8218-edee5d18734d,2023-06-23 00:00:00.000,
,,,,2033,,1323935,90,0,,2023-06-24 19:35:01.395,,2023-06-24 03:26:18.113,,,,-1,120000,24,,,,1507.1605,,75.670006,9f86de47-04cc-4ebb-834d-6ccf4848b77b.extra_data.json,R5wtjjS0Fd,0,com.sec.android.app.shealth,1323935,28980000,9f86de47-04cc-4ebb-834d-6ccf4848b77b,2023-06-24 00:00:00.000,
,,,,132,,88044,90,0,,2023-06-26 02:55:02.609,,2023-06-25 03:09:49.704,,,,-1,20010,1,,,,95.58001,,5.1299996,a8e2bf56-ed6d-4906-8196-cf1eddc85ae2.extra_data.json,R5wtjjS0Fd,0,com.sec.android.app.shealth,88044,39120000,a8e2bf56-ed6d-4906-8196-cf1eddc85ae2,2023-06-25 00:00:00.000,
,,,,2343,,1473740,90,0,,2023-06-26 19:55:02.640,,2023-06-26 03:00:00.378,,,,-1,240000,26,,,,1754.4701,,91.379974,68590ace-de90-4b45-a581-bdd0df78bbc7.extra_data.json,R5wtjjS0Fd,0,com.sec.android.app.shealth,1473740,34980000,68590ace-de90-4b45-a581-bdd0df78bbc7,2023-06-26 00:00:00.000,
,,,,3721,,2251769,90,0,,2023-06-28 01:55:03.422,,2023-06-27 04:17:15.003,,,,-1,480000,41,,,,2771.55,,145.80002,ce5e5d78-5484-4637-80f6-3b237d926ad6.extra_data.json,R5wtjjS0Fd,0,com.sec.android.app.shealth,2251769,33600000,ce5e5d78-5484-4637-80f6-3b237d926ad6,2023-06-27 00:00:00.000,
,,,,1623,,990862,90,0,,2023-06-28 22:11:31.305,,2023-06-28 03:48:59.505,,,,-1,300000,17,,,,1218.0201,,58.71,bd78c83c-e8f7-4b8a-86fe-0f1b8fdd19db.extra_data.json,R5wtjjS0Fd,0,com.sec.android.app.shealth,990862,36660000,bd78c83c-e8f7-4b8a-86fe-0f1b8fdd19db,2023-06-28 00:00:00.000,
,,,,2679,,1725289,90,0,,2023-06-29 23:35:02.548,,2023-06-29 03:53:00.478,,,,-1,180000,31,,,,2001.75,,97.79998,737a4a0d-75ed-4d35-a78a-8479259a801f.extra_data.json,R5wtjjS0Fd,0,com.sec.android.app.shealth,1725289,34800000,737a4a0d-75ed-4d35-a78a-8479259a801f,2023-06-29 00:00:00.000,
,,,,1543,,905456,90,0,,2023-07-01 00:47:01.761,,2023-06-30 03:06:23.429,,,,-1,360000,16,,,,1153.3099,,58.369995,df4494e8-2bd1-46a3-aff3-35b6155fcd27.extra_data.json,R5wtjjS0Fd,0,com.sec.android.app.shealth,905456,41100000,df4494e8-2bd1-46a3-aff3-35b6155fcd27,2023-06-30 00:00:00.000,
,,,,5513,,3431349,90,0,,2023-07-02 02:12:59.769,,2023-07-01 03:26:02.889,,,,-1,1500000,63,,,,4218.047,,202.90398,58e489bb-699a-44c3-a70c-b8975cc28d2b.extra_data.json,R5wtjjS0Fd,0,com.sec.android.app.shealth,3431349,36240000,58e489bb-699a-44c3-a70c-b8975cc28d2b,2023-07-01 00:00:00.000,
,,,,95,,63365,90,0,,2023-07-02 22:12:27.815,,2023-07-02 03:00:00.456,,,,-1,16008,1,,,,65.04,,3.4999998,65bafc7b-fd42-4fdf-910c-39378c3d0ecd.extra_data.json,R5wtjjS0Fd,0,com.sec.android.app.shealth,63365,36660000,65bafc7b-fd42-4fdf-910c-39378c3d0ecd,2023-07-02 00:00:00.000,
,,,,3771,,2235494,90,0,,2023-07-03 22:35:02.652,,2023-07-03 03:02:25.552,,,,-1,480000,41,,,,2834.7803,,142.85999,40ee9e9c-451f-4b7c-9169-65a8668d6a69.extra_data.json,R5wtjjS0Fd,400,com.sec.android.app.shealth,2235094,31080000,40ee9e9c-451f-4b7c-9169-65a8668d6a69,2023-07-03 00:00:00.000,
,,,,2350,,1473133,90,0,,2023-07-04 21:33:00.791,,2023-07-04 03:00:00.724,,,,-1,240000,26,,,,1723.87,,89.509995,86bb0dbf-324b-4c21-9860-2472b3ce29ce.extra_data.json,R5wtjjS0Fd,0,com.sec.android.app.shealth,1473133,34980000,86bb0dbf-324b-4c21-9860-2472b3ce29ce,2023-07-04 00:00:00.000,
,,,,45,,30015,90,0,,2023-07-05 21:55:02.365,,2023-07-05 03:04:53.579,,,,-1,18009,0,,,,31.86,,1.8299999,6265455b-6210-4531-98f6-69822810f083.extra_data.json,R5wtjjS0Fd,0,com.sec.android.app.shealth,30015,34260000,6265455b-6210-4531-98f6-69822810f083,2023-07-05 00:00:00.000,
,,,,1741,,1094974,90,0,,2023-07-06 22:35:03.657,,2023-07-06 03:00:00.660,,,,-1,300000,20,,,,1304.1299,,66.02,448aa804-71c3-4b38-b0fd-7874ef20bfeb.extra_data.json,R5wtjjS0Fd,0,com.sec.android.app.shealth,1094974,29460000,448aa804-71c3-4b38-b0fd-7874ef20bfeb,2023-07-06 00:00:00.000,
,,,,2991,,1981403,90,0,,2023-07-07 22:04:11.536,,2023-07-07 03:00:00.422,,,,-1,120000,36,,,,2201.07,,113.46999,04912afc-0592-4eb9-9200-323729fd68c8.extra_data.json,R5wtjjS0Fd,1200,com.sec.android.app.shealth,1980203,31920000,04912afc-0592-4eb9-9200-323729fd68c8,2023-07-07 00:00:00.000,
,,,,3576,,2210251,90,0,,2023-07-08 22:35:05.109,,2023-07-08 03:00:00.471,,,,-1,300000,40,,,,2713.7097,,127.51999,576485d2-b251-489d-bfb2-d58cf3e21915.extra_data.json,R5wtjjS0Fd,7600,com.sec.android.app.shealth,2202651,32400000,576485d2-b251-489d-bfb2-d58cf3e21915,2023-07-08 00:00:00.000,
,,,,336,,224112,90,0,,2023-07-10 01:30:16.265,,2023-07-09 03:00:00.510,,,,-1,23345,3,,,,244.06,,12.51,fbbbd1bb-db2b-48e8-a8d6-70f80e415007.extra_data.json,R5wtjjS0Fd,0,com.sec.android.app.shealth,224112,56220000,fbbbd1bb-db2b-48e8-a8d6-70f80e415007,2023-07-09 00:00:00.000,
,,,,2424,,1547200,90,0,,2023-07-10 23:28:20.924,,2023-07-10 03:00:00.362,,,,-1,240000,27,,,,1776.1805,,93.42001,00e98899-1fb4-4050-881c-888e79a2ff35.extra_data.json,R5wtjjS0Fd,0,com.sec.android.app.shealth,1547200,28680000,00e98899-1fb4-4050-881c-888e79a2ff35,2023-07-10 00:00:00.000,
,,,,1519,,876775,90,0,,2023-07-12 00:35:59.010,,2023-07-11 03:00:01.225,,,,-1,300000,15,,,,1152.7899,,50.650005,289e56b3-4d9d-4e4a-807f-a91eee4689ce.extra_data.json,R5wtjjS0Fd,0,com.sec.android.app.shealth,876775,39000000,289e56b3-4d9d-4e4a-807f-a91eee4689ce,2023-07-11 00:00:00.000,
,,,,2271,,1374297,90,0,,2023-07-12 17:15:03.684,,2023-07-12 03:00:01.411,,,,-1,360000,24,,,,1693.8202,,83.149994,61d23753-fc56-429b-ad1d-f091d5679cdf.extra_data.json,R5wtjjS0Fd,0,com.sec.android.app.shealth,1374297,36300000,61d23753-fc56-429b-ad1d-f091d5679cdf,2023-07-12 00:00:00.000,
,,,,149,,99383,90,0,,2023-07-14 00:26:39.722,,2023-07-13 03:14:12.349,,,,-1,19343,1,,,,108.25,,5.51,e5e442da-09fd-4c05-bab3-5a9a67ed8fb5.extra_data.json,R5wtjjS0Fd,0,com.sec.android.app.shealth,99383,41760000,e5e442da-09fd-4c05-bab3-5a9a67ed8fb5,2023-07-13 00:00:00.000,
,,,,7716,,4479166,90,0,,2023-07-14 21:05:23.612,,2023-07-14 03:00:00.418,,,,-1,1260000,82,,,,5940.8784,,258.13995,ce49b215-177c-4748-b857-3a8cec1f749b.extra_data.json,R5wtjjS0Fd,1220,com.sec.android.app.shealth,4477946,40380000,ce49b215-177c-4748-b857-3a8cec1f749b,2023-07-14 00:00:00.000,
,,,,773,,511559,90,0,,2023-07-15 21:55:02.687,,2023-07-15 03:36:09.699,,,,-1,120000,8,,,,556.64,,30.509996,04d4e516-8965-4883-a5f2-b25cc4243601.extra_data.json,R5wtjjS0Fd,0,com.sec.android.app.shealth,511559,37260000,04d4e516-8965-4883-a5f2-b25cc4243601,2023-07-15 00:00:00.000,
,,,,282,,188094,90,0,,2023-07-16 19:14:07.577,,2023-07-16 03:00:00.424,,,,-1,50692,3,,,,197.79001,,11.14,9e0775bd-0552-4a0e-8623-d450826a0316.extra_data.json,R5wtjjS0Fd,0,com.sec.android.app.shealth,188094,56100000,9e0775bd-0552-4a0e-8623-d450826a0316,2023-07-16 00:00:00.000,
,,,,55,,36685,90,0,,2023-07-18 03:00:00.549,,2023-07-17 03:05:08.327,,,,-1,32016,0,,,,38.98,,2.06,ad05ea2c-0dea-49c4-b2d6-45da5ce21d05.extra_data.json,R5wtjjS0Fd,0,com.sec.android.app.shealth,36685,55499999,ad05ea2c-0dea-49c4-b2d6-45da5ce21d05,2023-07-17 00:00:00.000,
,,,,1489,,909518,90,0,,2023-07-18 16:46:44.813,,2023-07-18 03:00:00.463,,,,-1,300000,16,,,,1125.5,,51.940002,eddf6a48-1828-4a7d-a0d6-84c6c269fd56.extra_data.json,R5wtjjS0Fd,0,com.sec.android.app.shealth,909518,40980000,eddf6a48-1828-4a7d-a0d6-84c6c269fd56,2023-07-18 00:00:00.000,
,,,,3578,,2261450,90,0,,2023-07-19 20:31:38.742,,2023-07-19 03:44:07.598,,,,-1,300000,41,,,,2687.4304,,127.960014,d7df6d6f-1306-496a-8a56-563c2383844f.extra_data.json,R5wtjjS0Fd,800,com.sec.android.app.shealth,2260650,37740000,d7df6d6f-1306-496a-8a56-563c2383844f,2023-07-19 00:00:00.000,
,,,,3886,,2498919,90,0,,2023-07-20 20:23:35.146,,2023-07-20 03:00:00.357,,,,-1,180000,45,,,,2914.89,,144.68997,a5fd66fb-31f0-4ea5-96e4-10668793f0eb.extra_data.json,R5wtjjS0Fd,0,com.sec.android.app.shealth,2498919,36240000,a5fd66fb-31f0-4ea5-96e4-10668793f0eb,2023-07-20 00:00:00.000,
,,,,2729,,1678449,90,0,,2023-07-22 00:38:41.401,,2023-07-21 03:00:01.011,,,,-1,360000,30,,,,2047.7603,,102.289986,090c8e6f-eadd-4575-b812-021af0865a5b.extra_data.json,R5wtjjS0Fd,0,com.sec.android.app.shealth,1678449,34440000,090c8e6f-eadd-4575-b812-021af0865a5b,2023-07-21 00:00:00.000,
,,,,153,,102051,90,0,,2023-07-22 21:35:01.582,,2023-07-22 04:21:25.842,,,,-1,18676,1,,,,112.28,,5.6499996,4e658eaf-40c6-4ee6-a48d-47c1a686d039.extra_data.json,R5wtjjS0Fd,0,com.sec.android.app.shealth,102051,41700000,4e658eaf-40c6-4ee6-a48d-47c1a686d039,2023-07-22 00:00:00.000,
,,,,214,,142738,90,0,,2023-07-23 22:40:34.445,,2023-07-23 03:00:00.463,,,,-1,31349,2,,,,156.61,,7.92,4cb16415-ebda-45dd-ad00-1e08c9e19632.extra_data.json,R5wtjjS0Fd,0,com.sec.android.app.shealth,142738,27600000,4cb16415-ebda-45dd-ad00-1e08c9e19632,2023-07-23 00:00:00.000,
,,,,2123,,1373203,90,0,,2023-07-25 00:20:51.095,,2023-07-24 04:02:13.901,,,,-1,120000,24,,,,1571.3301,,80.99001,522e8e1b-e77c-4d94-bf50-4e821141bc15.extra_data.json,R5wtjjS0Fd,0,com.sec.android.app.shealth,1373203,27840000,522e8e1b-e77c-4d94-bf50-4e821141bc15,2023-07-24 00:00:00.000,
,,,,4719,,2872566,90,0,,2023-07-26 01:15:03.126,,2023-07-25 03:00:00.612,,,,-1,480000,52,,,,3558.0898,,182.00003,68a3103d-c1a5-463b-adf7-9f27a1ea454c.extra_data.json,R5wtjjS0Fd,0,com.sec.android.app.shealth,2872566,30840000,68a3103d-c1a5-463b-adf7-9f27a1ea454c,2023-07-25 00:00:00.000,
,,,,411,,274137,90,0,,2023-07-27 01:55:06.935,,2023-07-26 03:00:00.444,,,,-1,47357,4,,,,298.40994,,15.600001,c27761d8-905b-4d05-bea5-3fc108d3c9e3.extra_data.json,R5wtjjS0Fd,0,com.sec.android.app.shealth,274137,26280000,c27761d8-905b-4d05-bea5-3fc108d3c9e3,2023-07-26 00:00:00.000,
,,,,1592,,962848,90,0,,2023-07-28 00:31:12.194,,2023-07-27 03:08:59.260,,,,-1,360000,17,,,,1196.56,,60.94,6313c4d4-c218-4867-a62a-3ed5a81deb2d.extra_data.json,R5wtjjS0Fd,0,com.sec.android.app.shealth,962848,37140000,6313c4d4-c218-4867-a62a-3ed5a81deb2d,2023-07-27 00:00:00.000,
,,,,5297,,3106601,90,0,,2023-07-29 04:50:39.693,,2023-07-28 03:00:00.912,,,,-1,1259416,56,,,,4095.8413,,206.18233,d34a27e1-ce4b-45ce-adfc-fc8dea01448a.extra_data.json,R5wtjjS0Fd,2800,com.sec.android.app.shealth,3103801,42299999,d34a27e1-ce4b-45ce-adfc-fc8dea01448a,2023-07-28 00:00:00.000,
,,,,2889,,1722838,90,0,,2023-07-30 00:29:23.642,,2023-07-29 04:50:39.558,,,,-1,660000,31,,,,2188.9087,,117.224,d13c71dc-452f-4042-a538-8845edc3c3bd.extra_data.json,R5wtjjS0Fd,0,com.sec.android.app.shealth,1722838,37860000,d13c71dc-452f-4042-a538-8845edc3c3bd,2023-07-29 00:00:00.000,
,,,,165,,110055,90,0,,2023-07-31 00:35:02.258,,2023-07-30 03:52:42.652,,,,-1,18009,1,,,,119.44999,,6.17,80488fba-7235-463f-b69d-09d42932f986.extra_data.json,R5wtjjS0Fd,0,com.sec.android.app.shealth,110055,24720000,80488fba-7235-463f-b69d-09d42932f986,2023-07-30 00:00:00.000,
,,,,2210,,1383695,90,0,,2023-08-01 00:36:38.571,,2023-07-31 03:44:44.442,,,,-1,360000,25,,,,1644.1399,,87.28,f0d542f3-7e84-4da5-8979-8a3ff8f1ea9e.extra_data.json,R5wtjjS0Fd,0,com.sec.android.app.shealth,1383695,25260000,f0d542f3-7e84-4da5-8979-8a3ff8f1ea9e,2023-07-31 00:00:00.000,
,,,,3183,,2059516,90,0,,2023-08-01 21:00:45.716,,2023-08-01 03:00:00.541,,,,-1,120000,37,,,,2395.5393,,122.07999,9c6365f3-fd18-41c1-af5e-a135456a069e.extra_data.json,R5wtjjS0Fd,0,com.sec.android.app.shealth,2059516,29640000,9c6365f3-fd18-41c1-af5e-a135456a069e,2023-08-01 00:00:00.000,
,,,,1508,,940230,90,0,,2023-08-02 23:55:02.032,,2023-08-02 03:00:01.409,,,,-1,360000,16,,,,1132.9,,59.509995,fad6dc23-7817-436a-83fe-61a99684e95c.extra_data.json,R5wtjjS0Fd,0,com.sec.android.app.shealth,940230,37320000,fad6dc23-7817-436a-83fe-61a99684e95c,2023-08-02 00:00:00.000,
,,,,1980,,1231679,90,0,,2023-08-03 22:29:49.535,,2023-08-03 03:00:00.376,,,,-1,240000,22,,,,1466.7301,,77.19001,ab1701cb-4566-48b2-bc49-985bdf407db3.extra_data.json,R5wtjjS0Fd,0,com.sec.android.app.shealth,1231679,37680000,ab1701cb-4566-48b2-bc49-985bdf407db3,2023-08-03 00:00:00.000,
,,,,3034,,1816308,90,0,,2023-08-04 22:59:00.688,,2023-08-04 03:31:09.896,,,,-1,480000,33,,,,2257.35,,122.82999,140e6868-d9c4-4a70-a0f8-2ecf2a990ca7.extra_data.json,R5wtjjS0Fd,0,com.sec.android.app.shealth,1816308,36060000,140e6868-d9c4-4a70-a0f8-2ecf2a990ca7,2023-08-04 00:00:00.000,
,,,,63,,42021,90,0,,2023-08-06 02:01:26.754,,2023-08-05 03:55:33.364,,,,-1,14007,0,,,,46.649998,,2.31,58596647-f9c8-44f3-bc90-ccf35929e26a.extra_data.json,R5wtjjS0Fd,0,com.sec.android.app.shealth,42021,53160000,58596647-f9c8-44f3-bc90-ccf35929e26a,2023-08-05 00:00:00.000,
,,,,70,,46690,90,0,,2023-08-06 19:15:01.367,,2023-08-06 03:00:00.780,,,,-1,23345,0,,,,45.59001,,3.4600005,c6f95d6f-e445-4bcf-8f67-51678f33d528.extra_data.json,R5wtjjS0Fd,0,com.sec.android.app.shealth,46690,43080000,c6f95d6f-e445-4bcf-8f67-51678f33d528,2023-08-06 00:00:00.000,
,,,,4331,,2587180,90,0,,2023-08-07 21:35:01.293,,2023-08-07 03:50:18.606,,,,-1,480000,47,,,,3288.92,,164.33,d9f756c1-1075-4c89-95a5-9ed6e2d25970.extra_data.json,R5wtjjS0Fd,2235,com.sec.android.app.shealth,2584945,34440000,d9f756c1-1075-4c89-95a5-9ed6e2d25970,2023-08-07 00:00:00.000,
,,,,1864,,1198449,90,0,,2023-08-08 20:58:03.429,,2023-08-08 03:00:01.441,,,,-1,60000,21,,,,1381.44,,72.579994,319f4353-fad7-456d-96e9-e6d917c76e67.extra_data.json,R5wtjjS0Fd,0,com.sec.android.app.shealth,1198449,31320000,319f4353-fad7-456d-96e9-e6d917c76e67,2023-08-08 00:00:00.000,
,,,,2511,,1579616,90,0,,2023-08-10 00:14:26.586,,2023-08-09 03:40:40.571,,,,-1,240000,28,,,,1895.4598,,95.45,5da32dfa-9ad4-4648-9c13-29bd1283e058.extra_data.json,R5wtjjS0Fd,400,com.sec.android.app.shealth,1579216,19740000,5da32dfa-9ad4-4648-9c13-29bd1283e058,2023-08-09 00:00:00.000,
,,,,8991,,5416588,90,0,,2023-08-10 21:52:24.328,,2023-08-10 04:42:11.560,,,,-1,1312000,100,,,,6824.191,,345.676,5d2ab22b-8649-4af0-88ac-8f42e44f1a73.extra_data.json,R5wtjjS0Fd,0,com.sec.android.app.shealth,5416588,36360000,5d2ab22b-8649-4af0-88ac-8f42e44f1a73,2023-08-10 00:00:00.000,
,,,,2281,,1419713,90,0,,2023-08-11 22:39:59.857,,2023-08-11 03:03:31.521,,,,-1,360000,25,,,,1686.4797,,89.719986,73d6cd17-6841-4ff7-a0e9-248656d901ec.extra_data.json,R5wtjjS0Fd,0,com.sec.android.app.shealth,1419713,30720000,73d6cd17-6841-4ff7-a0e9-248656d901ec,2023-08-11 00:00:00.000,
,,,,65,,43355,90,0,,2023-08-12 23:15:03.023,,2023-08-12 03:24:19.697,,,,-1,19343,0,,,,46.510002,,2.45,034451be-4659-470f-ac21-86d31edce7a2.extra_data.json,R5wtjjS0Fd,0,com.sec.android.app.shealth,43355,59040000,034451be-4659-470f-ac21-86d31edce7a2,2023-08-12 00:00:00.000,
,,,,2490,,1535651,90,0,,2023-08-13 20:06:53.430,,2023-08-13 03:53:07.680,,,,-1,360000,27,,,,1855.5502,,98.229996,653853fb-f0ab-47cd-968d-ca60602e3765.extra_data.json,R5wtjjS0Fd,0,com.sec.android.app.shealth,1535651,43800000,653853fb-f0ab-47cd-968d-ca60602e3765,2023-08-13 00:00:00.000,
,,,,1964,,1252416,90,0,,2023-08-14 19:34:18.036,,2023-08-14 03:32:43.414,,,,-1,360000,22,,,,1452.5499,,77.45001,21ca0894-3109-43e9-bace-8b725604fd7c.extra_data.json,R5wtjjS0Fd,0,com.sec.android.app.shealth,1252416,44880000,21ca0894-3109-43e9-bace-8b725604fd7c,2023-08-14 00:00:00.000,
,,,,6760,,4010704,90,0,,2023-08-15 20:35:01.699,,2023-08-15 03:49:15.518,,,,-1,900000,73,,,,5202.568,,267.54602,5ca78c5d-b32f-4be8-a3f3-c46f6ff8427b.extra_data.json,R5wtjjS0Fd,0,com.sec.android.app.shealth,4010704,37020000,5ca78c5d-b32f-4be8-a3f3-c46f6ff8427b,2023-08-15 00:00:00.000,
,,,,1698,,1066960,90,0,,2023-08-16 22:25:50.936,,2023-08-16 04:29:06.325,,,,-1,360000,18,,,,1273.6199,,66.31,3f3ecdc4-7e97-455f-8105-6cedc3db9fa5.extra_data.json,R5wtjjS0Fd,0,com.sec.android.app.shealth,1066960,38280000,3f3ecdc4-7e97-455f-8105-6cedc3db9fa5,2023-08-16 00:00:00.000,
,,,,4175,,2641477,90,0,,2023-08-18 03:46:13.611,,2023-08-17 03:00:01.301,,,,-1,300000,48,,,,3087.43,,164.35999,1069a0bc-3ba6-44b2-9773-72837256a0ea.extra_data.json,R5wtjjS0Fd,0,com.sec.android.app.shealth,2641477,35039999,1069a0bc-3ba6-44b2-9773-72837256a0ea,2023-08-17 00:00:00.000,
,,,,3882,,2466753,90,0,,2023-08-18 19:37:01.573,,2023-08-18 03:46:13.472,,,,-1,480000,45,,,,2870.0798,,152.53,bd12012a-84d6-45f1-9d7e-b9b205e11117.extra_data.json,R5wtjjS0Fd,0,com.sec.android.app.shealth,2466753,36180000,bd12012a-84d6-45f1-9d7e-b9b205e11117,2023-08-18 00:00:00.000,
,,,,387,,258129,90,0,,2023-08-19 16:15:01.433,,2023-08-19 03:06:58.350,,,,-1,44022,4,,,,284.66,,14.779999,05d00a50-4892-4dbc-8c9b-ff5a4b876f0d.extra_data.json,R5wtjjS0Fd,0,com.sec.android.app.shealth,258129,42720000,05d00a50-4892-4dbc-8c9b-ff5a4b876f0d,2023-08-19 00:00:00.000,
,,,,23,,15341,90,0,,2023-08-21 03:00:00.645,,2023-08-20 03:17:02.635,,,,-1,15341,0,,,,16.76,,0.86,3556abae-6b94-4f46-afa9-7d909b649bfb.extra_data.json,R5wtjjS0Fd,0,com.sec.android.app.shealth,15341,46199999,3556abae-6b94-4f46-afa9-7d909b649bfb,2023-08-20 00:00:00.000,
,,,,1622,,1010175,90,0,,2023-08-21 22:27:02.779,,2023-08-21 03:00:00.540,,,,-1,360000,17,,,,1200.4901,,63.999996,d6a63aa8-d4cb-49b5-8d96-d3d180e66fb0.extra_data.json,R5wtjjS0Fd,0,com.sec.android.app.shealth,1010175,41760000,d6a63aa8-d4cb-49b5-8d96-d3d180e66fb0,2023-08-21 00:00:00.000,
,,,,47,,31349,90,0,,2023-08-23 00:41:58.303,,2023-08-22 03:08:57.850,,,,-1,10005,0,,,,33.72,,1.69,f03642fa-3fa9-48c2-8df1-8e92a084caeb.extra_data.json,R5wtjjS0Fd,0,com.sec.android.app.shealth,31349,37560000,f03642fa-3fa9-48c2-8df1-8e92a084caeb,2023-08-22 00:00:00.000,
,,,,5385,,3183118,90,0,,2023-08-23 23:17:13.432,,2023-08-23 03:28:39.608,,,,-1,900000,58,,,,4027.2646,,212.59505,6754102f-8fca-4eab-9841-d53966644b2d.extra_data.json,R5wtjjS0Fd,0,com.sec.android.app.shealth,3183118,31920000,6754102f-8fca-4eab-9841-d53966644b2d,2023-08-23 00:00:00.000,
,,,,1588,,966213,90,0,,2023-08-24 23:15:43.382,,2023-08-24 03:00:00.531,,,,-1,360000,17,,,,1188.3201,,59.729992,030e25a5-188b-4323-b989-5378a17abbee.extra_data.json,R5wtjjS0Fd,0,com.sec.android.app.shealth,966213,29880000,030e25a5-188b-4323-b989-5378a17abbee,2023-08-24 00:00:00.000,
,,,,5916,,3595250,90,0,,2023-08-25 23:00:24.998,,2023-08-25 03:04:50.568,,,,-1,656000,65,,,,4387.8213,,229.11333,e847c6d5-2c7c-48d7-a8a7-4d9f256fa413.extra_data.json,R5wtjjS0Fd,0,com.sec.android.app.shealth,3595250,28500000,e847c6d5-2c7c-48d7-a8a7-4d9f256fa413,2023-08-25 00:00:00.000,
,,,,3512,,2208047,90,0,,2023-08-27 04:45:45.495,,2023-08-26 04:58:05.895,,,,-1,240000,40,,,,2638.4097,,127.56999,8965acfb-e540-4bb2-929f-a4e2609f73d8.extra_data.json,R5wtjjS0Fd,0,com.sec.android.app.shealth,2208047,40799999,8965acfb-e540-4bb2-929f-a4e2609f73d8,2023-08-26 00:00:00.000,
,,,,576,,384192,90,0,,2023-08-27 22:25:01.988,,2023-08-27 04:45:45.014,,,,-1,50692,6,,,,431.13995,,21.380001,26b6948d-08a1-4cb3-b0f0-f4d8debd6236.extra_data.json,R5wtjjS0Fd,0,com.sec.android.app.shealth,384192,57720000,26b6948d-08a1-4cb3-b0f0-f4d8debd6236,2023-08-27 00:00:00.000,
,,,,8410,,5063490,90,0,,2023-08-28 21:55:02.210,,2023-08-28 04:43:45.050,,,,-1,1260000,93,,,,6322.8174,,312.62762,8d37dc1e-c9f2-4247-8048-b9d248142fca.extra_data.json,R5wtjjS0Fd,0,com.sec.android.app.shealth,5063490,29940000,8d37dc1e-c9f2-4247-8048-b9d248142fca,2023-08-28 00:00:00.000,
,,,,1558,,972943,90,0,,2023-08-30 03:33:04.662,,2023-08-29 03:51:36.853,,,,-1,180000,17,,,,1156.4099,,59.680004,312a7a7c-5dde-4a8f-870c-8030b65043ae.extra_data.json,R5wtjjS0Fd,0,com.sec.android.app.shealth,972943,35759999,312a7a7c-5dde-4a8f-870c-8030b65043ae,2023-08-29 00:00:00.000,
,,,,6977,,4121954,90,0,,2023-08-30 22:01:12.143,,2023-08-30 03:33:04.575,,,,-1,660000,75,,,,5262.398,,259.11206,6697b75d-d742-4727-8faa-95d1b7e9d2fc.extra_data.json,R5wtjjS0Fd,0,com.sec.android.app.shealth,4121954,32040000,6697b75d-d742-4727-8faa-95d1b7e9d2fc,2023-08-30 00:00:00.000,
,,,,1532,,960270,90,0,,2023-08-31 22:35:01.838,,2023-08-31 06:59:00.883,,,,-1,360000,17,,,,1144.5199,,60.21,0ba260bf-b250-45a2-af6c-6af9887202a9.extra_data.json,R5wtjjS0Fd,0,com.sec.android.app.shealth,960270,35700000,0ba260bf-b250-45a2-af6c-6af9887202a9,2023-08-31 00:00:00.000,
,,,,3797,,2424361,90,0,,2023-09-02 01:35:03.916,,2023-09-01 03:00:00.626,,,,-1,360000,44,,,,2807.4995,,147.20004,478b6bfa-c6ab-49ac-bab4-747d06e87a6e.extra_data.json,R5wtjjS0Fd,1600,com.sec.android.app.shealth,2422761,30480000,478b6bfa-c6ab-49ac-bab4-747d06e87a6e,2023-09-01 00:00:00.000,
,,,,4692,,2688991,90,0,,2023-09-02 22:55:03.523,,2023-09-02 03:00:00.411,,,,-1,1200000,48,,,,3552.3906,,176.79999,7b4da01f-9d4d-4516-b67d-47554b285f3f.extra_data.json,R5wtjjS0Fd,0,com.sec.android.app.shealth,2688991,30240000,7b4da01f-9d4d-4516-b67d-47554b285f3f,2023-09-02 00:00:00.000,
,,,,244,,162748,90,0,,2023-09-03 22:15:01.907,,2023-09-03 03:00:00.443,,,,-1,36685,2,,,,178.32,,9.2,4dd7618f-c0b0-4a16-9289-17a1b71a26d6.extra_data.json,R5wtjjS0Fd,0,com.sec.android.app.shealth,162748,56100000,4dd7618f-c0b0-4a16-9289-17a1b71a26d6,2023-09-03 00:00:00.000,
,,,,1622,,1021604,90,0,,2023-09-04 18:55:02.063,,2023-09-04 03:11:10.947,,,,-1,240000,18,,,,1217.45,,61.970005,126eb5e8-3c6d-4a15-8657-6fb5bfe6621d.extra_data.json,R5wtjjS0Fd,0,com.sec.android.app.shealth,1021604,36720000,126eb5e8-3c6d-4a15-8657-6fb5bfe6621d,2023-09-04 00:00:00.000,
,,,,4349,,2927192,90,0,,2023-09-05 20:15:06.387,,2023-09-05 04:51:28.925,,,,-1,948000,53,,,,3269.1443,,174.63997,001aef30-98ae-4713-b923-265d366e9502.extra_data.json,R5wtjjS0Fd,0,com.sec.android.app.shealth,2927192,38160000,001aef30-98ae-4713-b923-265d366e9502,2023-09-05 00:00:00.000,
,,,,1611,,1004929,90,0,,2023-09-06 20:49:05.670,,2023-09-06 03:43:20.676,,,,-1,300000,17,,,,1187.08,,64.46999,265f7a56-052b-49a0-b339-76253e3303b9.extra_data.json,R5wtjjS0Fd,0,com.sec.android.app.shealth,1004929,33420000,265f7a56-052b-49a0-b339-76253e3303b9,2023-09-06 00:00:00.000,
,,,,24,,16008,90,0,,2023-09-08 04:03:59.790,,2023-09-07 03:00:01.034,,,,-1,16008,0,,,,17.02,,0.86,a1ec79c0-113c-4110-b095-ec8595d057c8.extra_data.json,R5wtjjS0Fd,0,com.sec.android.app.shealth,16008,46619999,a1ec79c0-113c-4110-b095-ec8595d057c8,2023-09-07 00:00:00.000,
,,,,263,,175421,90,0,,2023-09-08 15:55:02.831,,2023-09-08 04:03:59.710,,,,-1,33350,2,,,,192.51001,,9.969999,55935bed-c6ca-4d84-9cce-cf8b82319899.extra_data.json,R5wtjjS0Fd,0,com.sec.android.app.shealth,175421,42960000,55935bed-c6ca-4d84-9cce-cf8b82319899,2023-09-08 00:00:00.000,
,,,,1935,,1277348,90,0,,2023-09-10 00:12:42.495,,2023-09-09 06:39:29.211,,,,-1,60000,23,,,,1430.9402,,73.860016,9658e3ca-6098-4597-8b58-b69df5b628ea.extra_data.json,R5wtjjS0Fd,800,com.sec.android.app.shealth,1276548,33960000,9658e3ca-6098-4597-8b58-b69df5b628ea,2023-09-09 00:00:00.000,
,,,,96,,64032,90,0,,2023-09-10 22:15:02.831,,2023-09-10 03:00:01.538,,,,-1,23345,1,,,,68.21,,3.6100001,8a663db3-10c0-441a-a3cc-1a559a66e068.extra_data.json,R5wtjjS0Fd,0,com.sec.android.app.shealth,64032,40680000,8a663db3-10c0-441a-a3cc-1a559a66e068,2023-09-10 00:00:00.000,
,,,,2034,,1320420,90,0,,2023-09-11 22:15:02.738,,2023-09-11 04:18:32.862,,,,-1,360000,24,,,,1496.5903,,79.950005,1bdfea79-1026-40b2-bc16-d11945c77c69.extra_data.json,R5wtjjS0Fd,0,com.sec.android.app.shealth,1320420,34080000,1bdfea79-1026-40b2-bc16-d11945c77c69,2023-09-11 00:00:00.000,
,,,,266,,177422,90,0,,2023-09-12 22:14:20.865,,2023-09-12 03:53:03.128,,,,-1,36018,2,,,,192.12001,,10.02,627f0b3c-93ca-40ba-81f1-ff3a488baa52.extra_data.json,R5wtjjS0Fd,0,com.sec.android.app.shealth,177422,30180000,627f0b3c-93ca-40ba-81f1-ff3a488baa52,2023-09-12 00:00:00.000,
,,,,5964,,3644502,90,0,,2023-09-14 06:34:43.438,,2023-09-13 03:35:43.283,,,,-1,1500000,66,,,,4449.4697,,236.0,8eaceffa-f619-435e-bff7-f75747f99e63.extra_data.json,R5wtjjS0Fd,0,com.sec.android.app.shealth,3644502,39359999,8eaceffa-f619-435e-bff7-f75747f99e63,2023-09-13 00:00:00.000,
,,,,1655,,1051649,90,0,,2023-09-14 22:55:02.412,,2023-09-14 06:34:42.940,,,,-1,300000,18,,,,1220.9398,,65.619995,f5228750-463c-41a8-b42a-d1e469150c3b.extra_data.json,R5wtjjS0Fd,0,com.sec.android.app.shealth,1051649,39120000,f5228750-463c-41a8-b42a-d1e469150c3b,2023-09-14 00:00:00.000,
,,,,4032,,2491947,90,0,,2023-09-16 03:00:00.741,,2023-09-15 03:00:00.752,,,,-1,420000,45,,,,3006.9604,,156.12003,7f99932a-9af3-42bc-addd-96eb0d90b92e.extra_data.json,R5wtjjS0Fd,4000,com.sec.android.app.shealth,2487947,37019999,7f99932a-9af3-42bc-addd-96eb0d90b92e,2023-09-15 00:00:00.000,
,,,,0,,0,90,0,,2023-09-16 03:00:00.567,,2023-09-16 03:00:00.567,,,,-1,0,0,,,,0.0,,0.0,769f4583-c296-4d1c-bf54-31dfac134399.extra_data.json,R5wtjjS0Fd,0,com.sec.android.app.shealth,0,-1,769f4583-c296-4d1c-bf54-31dfac134399,2023-09-16 00:00:00.000,
,,,,2636,,1718647,90,0,,2023-09-17 20:55:06.329,,2023-09-17 03:00:01.457,,,,-1,180000,31,,,,1943.7902,,101.01002,fb96564e-d01c-4912-a327-3ac047d48c1d.extra_data.json,R5wtjjS0Fd,4000,com.sec.android.app.shealth,1714647,25260000,fb96564e-d01c-4912-a327-3ac047d48c1d,2023-09-17 00:00:00.000,
,,,,12707,,7956964,90,0,,2023-09-18 21:26:06.616,,2023-09-18 03:01:24.841,,,,-1,1620000,146,,,,9713.272,,482.91,8d2c18f1-075f-46a2-af43-ba0d871c33ed.extra_data.json,R5wtjjS0Fd,5021,com.sec.android.app.shealth,7951943,30960000,8d2c18f1-075f-46a2-af43-ba0d871c33ed,2023-09-18 00:00:00.000,
,,,,9155,,5878195,90,0,,2023-09-20 01:53:39.204,,2023-09-19 03:54:00.804,,,,-1,1020000,107,,,,6882.9917,,352.83002,bc5988ff-2819-46b3-a4c2-2463f247d976.extra_data.json,R5wtjjS0Fd,0,com.sec.android.app.shealth,5878195,26580000,bc5988ff-2819-46b3-a4c2-2463f247d976,2023-09-19 00:00:00.000,
,,,,5503,,3664201,90,0,,2023-09-21 02:15:01.890,,2023-09-20 03:53:45.064,,,,-1,60000,67,,,,4001.58,,218.14,9517f0ad-37aa-4978-a5b2-0cb1648f9cd7.extra_data.json,R5wtjjS0Fd,400,com.sec.android.app.shealth,3663801,21060000,9517f0ad-37aa-4978-a5b2-0cb1648f9cd7,2023-09-20 00:00:00.000,
,,,,1642,,1066443,90,0,,2023-09-21 22:15:07.327,,2023-09-21 03:51:51.560,,,,-1,180000,18,,,,1212.4,,60.94999,d94fc3c7-a095-4a16-b190-449e5de59267.extra_data.json,R5wtjjS0Fd,0,com.sec.android.app.shealth,1066443,20280000,d94fc3c7-a095-4a16-b190-449e5de59267,2023-09-21 00:00:00.000,
,,,,0,,0,90,0,,2023-09-22 03:00:01.623,,2023-09-22 03:00:01.623,,,,-1,0,0,,,,0.0,,0.0,07dbb0b0-e8de-4201-8f36-b2e4b3eedfe1.extra_data.json,R5wtjjS0Fd,0,com.sec.android.app.shealth,0,-1,07dbb0b0-e8de-4201-8f36-b2e4b3eedfe1,2023-09-22 00:00:00.000,
,,,,6487,,4032486,90,0,,2023-09-24 01:15:03.882,,2023-09-23 03:53:33.280,,,,-1,780000,74,,,,4877.426,,250.315,0719d658-9026-4232-8d53-f440645885d4.extra_data.json,R5wtjjS0Fd,0,com.sec.android.app.shealth,4032486,41280000,0719d658-9026-4232-8d53-f440645885d4,2023-09-23 00:00:00.000,
,,,,73,,48691,90,0,,2023-09-25 03:41:31.055,,2023-09-24 03:00:00.549,,,,-1,17342,0,,,,52.14,,2.81,4a738d71-b097-4105-bdca-4c6bc1ed8f56.extra_data.json,R5wtjjS0Fd,0,com.sec.android.app.shealth,48691,29879999,4a738d71-b097-4105-bdca-4c6bc1ed8f56,2023-09-24 00:00:00.000,
,,,,1648,,1044979,90,0,,2023-09-25 22:45:03.195,,2023-09-25 03:41:30.860,,,,-1,180000,18,,,,1200.53,,64.09,1ab8a16e-df05-4b77-b111-935aa399a56f.extra_data.json,R5wtjjS0Fd,0,com.sec.android.app.shealth,1044979,36720000,1ab8a16e-df05-4b77-b111-935aa399a56f,2023-09-25 00:00:00.000,
,,,,4034,,2522114,90,0,,2023-09-27 04:08:59.480,,2023-09-26 04:26:06.845,,,,-1,360000,46,,,,3035.2,,146.90001,c027bf0e-1a0a-41cf-92e6-21fe5981c510.extra_data.json,R5wtjjS0Fd,0,com.sec.android.app.shealth,2522114,36299999,c027bf0e-1a0a-41cf-92e6-21fe5981c510,2023-09-26 00:00:00.000,
,,,,3446,,2222114,90,0,,2023-09-27 20:35:03.056,,2023-09-27 04:08:59.280,,,,-1,240000,41,,,,2533.2502,,134.98997,a36f3d9e-4a1d-4243-a77f-d636fc28cc66.extra_data.json,R5wtjjS0Fd,0,com.sec.android.app.shealth,2222114,24180000,a36f3d9e-4a1d-4243-a77f-d636fc28cc66,2023-09-27 00:00:00.000,
,,,,1340,,855611,90,0,,2023-09-29 04:32:28.030,,2023-09-28 03:00:01.577,,,,-1,300000,15,,,,997.4601,,52.370003,05011e44-131d-4091-8e85-6c806b6300fe.extra_data.json,R5wtjjS0Fd,0,com.sec.android.app.shealth,855611,43979999,05011e44-131d-4091-8e85-6c806b6300fe,2023-09-28 00:00:00.000,
,,,,1476,,934954,90,0,,2023-09-29 21:55:02.584,,2023-09-29 04:32:27.829,,,,-1,120000,16,,,,1089.2701,,57.140007,3d4d5516-f6d5-4ab1-b53c-70f3d2fa3ae7.extra_data.json,R5wtjjS0Fd,0,com.sec.android.app.shealth,934954,42360000,3d4d5516-f6d5-4ab1-b53c-70f3d2fa3ae7,2023-09-29 00:00:00.000,
,,,,1404,,900997,90,0,,2023-10-01 03:31:02.083,,2023-09-30 03:14:50.064,,,,-1,180000,16,,,,1014.55994,,55.69999,b2d64c55-364f-426a-b5aa-291e1ee07c42.extra_data.json,R5wtjjS0Fd,0,com.sec.android.app.shealth,900997,35759999,b2d64c55-364f-426a-b5aa-291e1ee07c42,2023-09-30 00:00:00.000,
,,,,130,,86710,90,0,,2023-10-02 00:20:25.942,,2023-10-01 03:31:01.935,,,,-1,25346,1,,,,94.78,,4.8399997,c4236b34-d3d9-46b1-9b6c-6f7e796995a0.extra_data.json,R5wtjjS0Fd,0,com.sec.android.app.shealth,86710,40200000,c4236b34-d3d9-46b1-9b6c-6f7e796995a0,2023-10-01 00:00:00.000,
,,,,1483,,918886,90,0,,2023-10-02 22:35:02.049,,2023-10-02 03:00:01.522,,,,-1,180000,16,,,,1113.3899,,56.62,a4afbab4-31df-4c41-aa9f-00c139f8fb7d.extra_data.json,R5wtjjS0Fd,0,com.sec.android.app.shealth,918886,40860000,a4afbab4-31df-4c41-aa9f-00c139f8fb7d,2023-10-02 00:00:00.000,
,,,,1430,,881504,90,0,,2023-10-03 17:14:53.707,,2023-10-03 03:31:30.828,,,,-1,240000,15,,,,1069.79,,56.58,0d4b0b55-fa87-4593-941a-930a98e9a9be.extra_data.json,R5wtjjS0Fd,0,com.sec.android.app.shealth,881504,40260000,0d4b0b55-fa87-4593-941a-930a98e9a9be,2023-10-03 00:00:00.000,
,,,,2425,,1592039,90,0,,2023-10-04 22:50:49.711,,2023-10-04 03:00:00.428,,,,-1,60000,28,,,,1804.5702,,94.03001,7f7914b0-0664-443f-b9e7-cbb75dbbb92a.extra_data.json,R5wtjjS0Fd,0,com.sec.android.app.shealth,1592039,35760000,7f7914b0-0664-443f-b9e7-cbb75dbbb92a,2023-10-04 00:00:00.000,
,,,,1655,,1050285,90,0,,2023-10-06 00:15:02.063,,2023-10-05 04:15:56.853,,,,-1,300000,18,,,,1229.8398,,64.729996,7588c48c-7c88-4e28-aa71-ca284678f330.extra_data.json,R5wtjjS0Fd,0,com.sec.android.app.shealth,1050285,25380000,7588c48c-7c88-4e28-aa71-ca284678f330,2023-10-05 00:00:00.000,
,,,,4871,,3082701,90,0,,2023-10-06 19:38:13.818,,2023-10-06 03:00:00.489,,,,-1,660000,56,,,,3651.9102,,191.84001,7deff336-d9bd-4416-910e-f6ec66594f17.extra_data.json,R5wtjjS0Fd,0,com.sec.android.app.shealth,3082701,31500000,7deff336-d9bd-4416-910e-f6ec66594f17,2023-10-06 00:00:00.000,
,,,,1426,,916368,90,0,,2023-10-08 01:16:43.781,,2023-10-07 03:00:00.503,,,,-1,240000,16,,,,1057.8501,,54.72001,97bbbca2-ab86-4f8a-b4bf-b9acffaf9ea4.extra_data.json,R5wtjjS0Fd,0,com.sec.android.app.shealth,916368,26040000,97bbbca2-ab86-4f8a-b4bf-b9acffaf9ea4,2023-10-07 00:00:00.000,
,,,,5489,,3705586,90,0,,2023-10-09 00:22:49.041,,2023-10-08 03:22:59.625,,,,-1,1300000,67,,,,4108.2466,,212.12329,fab00ba5-35db-4b74-a0b2-058228142c82.extra_data.json,R5wtjjS0Fd,0,com.sec.android.app.shealth,3705586,29940000,fab00ba5-35db-4b74-a0b2-058228142c82,2023-10-08 00:00:00.000,
,,,,2034,,1249081,90,0,,2023-10-10 03:00:00.532,,2023-10-09 03:01:02.194,,,,-1,240000,22,,,,1513.1399,,75.090004,c888509f-1a67-4107-8e8d-e8e30e77a14a.extra_data.json,R5wtjjS0Fd,0,com.sec.android.app.shealth,1249081,29219999,c888509f-1a67-4107-8e8d-e8e30e77a14a,2023-10-09 00:00:00.000,
,,,,2777,,1696056,90,0,,2023-10-10 22:57:10.714,,2023-10-10 03:00:00.452,,,,-1,240000,31,,,,2082.6697,,100.68004,8d633ab0-6bee-4cb3-9279-8cd51645414e.extra_data.json,R5wtjjS0Fd,3600,com.sec.android.app.shealth,1692456,29880000,8d633ab0-6bee-4cb3-9279-8cd51645414e,2023-10-10 00:00:00.000,
,,,,92,,61364,90,0,,2023-10-12 02:55:02.080,,2023-10-11 03:00:00.472,,,,-1,20010,1,,,,59.980003,,3.82,196abe42-4f66-4e38-8694-4cf7404b3edb.extra_data.json,R5wtjjS0Fd,0,com.sec.android.app.shealth,61364,50520000,196abe42-4f66-4e38-8694-4cf7404b3edb,2023-10-11 00:00:00.000,
,,,,246,,164082,90,0,,2023-10-13 01:01:06.871,,2023-10-12 03:00:00.260,,,,-1,24679,2,,,,176.68,,9.24,300f1c78-9e8a-4581-9ee9-0046a7de23f4.extra_data.json,R5wtjjS0Fd,0,com.sec.android.app.shealth,164082,44040000,300f1c78-9e8a-4581-9ee9-0046a7de23f4,2023-10-12 00:00:00.000,
,,,,1519,,929528,90,0,,2023-10-14 03:00:00.469,,2023-10-13 03:12:15.843,,,,-1,240000,16,,,,1137.8899,,55.88,ae42dc60-0cbc-4b16-bd75-f2141a7c7cee.extra_data.json,R5wtjjS0Fd,0,com.sec.android.app.shealth,929528,34799999,ae42dc60-0cbc-4b16-bd75-f2141a7c7cee,2023-10-13 00:00:00.000,
,,,,989,,654297,90,0,,2023-10-14 17:55:02.575,,2023-10-14 03:00:00.393,,,,-1,60000,11,,,,721.36,,37.289997,a9ecfc43-03e2-4211-af20-8c74e404e538.extra_data.json,R5wtjjS0Fd,0,com.sec.android.app.shealth,654297,48060000,a9ecfc43-03e2-4211-af20-8c74e404e538,2023-10-14 00:00:00.000,
,,,,0,,0,90,0,,2023-10-15 03:00:00.497,,2023-10-15 03:00:00.497,,,,-1,0,0,,,,0.0,,0.0,33aed5c8-3fb9-4c6f-95d9-31f9b51ef949.extra_data.json,R5wtjjS0Fd,0,com.sec.android.app.shealth,0,-1,33aed5c8-3fb9-4c6f-95d9-31f9b51ef949,2023-10-15 00:00:00.000,
,,,,6902,,4328610,90,0,,2023-10-16 23:55:03.210,,2023-10-16 03:00:00.385,,,,-1,1548000,80,,,,5208.362,,268.1899,f7b380ba-cb5c-4ee4-a5e0-28597a65c23c.extra_data.json,R5wtjjS0Fd,0,com.sec.android.app.shealth,4328610,30120000,f7b380ba-cb5c-4ee4-a5e0-28597a65c23c,2023-10-16 00:00:00.000,
,,,,2478,,1603895,90,0,,2023-10-17 23:43:58.570,,2023-10-17 03:12:15.602,,,,-1,240000,28,,,,1833.7898,,95.2,fd8e0d24-e870-46c5-8d79-26cd5ab86607.extra_data.json,R5wtjjS0Fd,0,com.sec.android.app.shealth,1603895,44880000,fd8e0d24-e870-46c5-8d79-26cd5ab86607,2023-10-17 00:00:00.000,
,,,,1805,,1135661,90,0,,2023-10-19 02:05:03.276,,2023-10-18 03:43:17.788,,,,-1,300000,20,,,,1333.4302,,70.65001,38126591-8939-46c1-9ad0-99d7e478fc77.extra_data.json,R5wtjjS0Fd,0,com.sec.android.app.shealth,1135661,28140000,38126591-8939-46c1-9ad0-99d7e478fc77,2023-10-18 00:00:00.000,
,,,,4056,,2233430,90,0,,2023-10-20 00:28:05.360,,2023-10-19 03:00:00.292,,,,-1,2040000,41,,,,3096.96,,138.29001,5bf8f593-eaa7-45c4-8727-b33cfdfff011.extra_data.json,R5wtjjS0Fd,0,com.sec.android.app.shealth,2233430,30780000,5bf8f593-eaa7-45c4-8727-b33cfdfff011,2023-10-19 00:00:00.000,
,,,,1437,,888871,90,0,,2023-10-20 18:11:32.993,,2023-10-20 03:00:00.453,,,,-1,240000,15,,,,1073.97,,56.02,7881e998-3440-4936-9909-2ef181936268.extra_data.json,R5wtjjS0Fd,0,com.sec.android.app.shealth,888871,37080000,7881e998-3440-4936-9909-2ef181936268,2023-10-20 00:00:00.000,
,,,,28,,18676,90,0,,2023-10-22 00:15:02.093,,2023-10-21 03:00:00.384,,,,-1,18676,0,,,,18.74,,1.07,1a509353-543f-4bea-90a5-8fd456f0f5ac.extra_data.json,R5wtjjS0Fd,0,com.sec.android.app.shealth,18676,76440000,1a509353-543f-4bea-90a5-8fd456f0f5ac,2023-10-21 00:00:00.000,
,,,,9825,,5946787,90,0,,2023-10-23 03:16:59.075,,2023-10-22 03:55:14.771,,,,-1,1012000,110,,,,7480.2554,,393.58405,93f497f7-f69e-477c-9b01-f9de534acc7a.extra_data.json,R5wtjjS0Fd,0,com.sec.android.app.shealth,5946787,48839999,93f497f7-f69e-477c-9b01-f9de534acc7a,2023-10-22 00:00:00.000,
,,,,2687,,1728624,90,0,,2023-10-23 21:10:54.956,,2023-10-23 03:16:58.883,,,,-1,360000,31,,,,1992.0201,,102.77998,96ab7446-04d7-471b-9da7-a049ea45e96f.extra_data.json,R5wtjjS0Fd,0,com.sec.android.app.shealth,1728624,38820000,96ab7446-04d7-471b-9da7-a049ea45e96f,2023-10-23 00:00:00.000,
,,,,4536,,2917039,90,0,,2023-10-25 01:11:47.183,,2023-10-24 03:00:00.286,,,,-1,1380000,53,,,,3426.8472,,180.435,efc982a8-19c9-441c-94df-d3add5daf2de.extra_data.json,R5wtjjS0Fd,0,com.sec.android.app.shealth,2917039,30000000,efc982a8-19c9-441c-94df-d3add5daf2de,2023-10-24 00:00:00.000,
,,,,1569,,987617,90,0,,2023-10-25 23:17:01.805,,2023-10-25 03:21:26.837,,,,-1,300000,17,,,,1157.46,,62.149998,050a68e1-1fe0-4939-b87a-dd736e7dd259.extra_data.json,R5wtjjS0Fd,0,com.sec.android.app.shealth,987617,29880000,050a68e1-1fe0-4939-b87a-dd736e7dd259,2023-10-25 00:00:00.000,
,,,,3044,,1943501,90,0,,2023-10-27 02:02:15.008,,2023-10-26 03:00:00.336,,,,-1,360000,35,,,,2271.9194,,116.18,4f1c4637-f948-4e08-990b-b79337772175.extra_data.json,R5wtjjS0Fd,800,com.sec.android.app.shealth,1942701,29760000,4f1c4637-f948-4e08-990b-b79337772175,2023-10-26 00:00:00.000,
,,,,1564,,961514,90,0,,2023-10-27 23:16:01.262,,2023-10-27 03:00:00.311,,,,-1,240000,17,,,,1170.49,,60.92,1d187405-fa18-44fb-97ae-ded6575cd460.extra_data.json,R5wtjjS0Fd,0,com.sec.android.app.shealth,961514,32220000,1d187405-fa18-44fb-97ae-ded6575cd460,2023-10-27 00:00:00.000,
,,,,2809,,1795931,90,0,,2023-10-28 23:35:02.743,,2023-10-28 03:56:31.669,,,,-1,240000,32,,,,2070.0298,,108.62001,9806bfd1-f641-416b-b095-2ba0a065812d.extra_data.json,R5wtjjS0Fd,0,com.sec.android.app.shealth,1795931,34380000,9806bfd1-f641-416b-b095-2ba0a065812d,2023-10-28 00:00:00.000,
,,,,28,,18676,90,0,,2023-10-29 16:54:17.290,,2023-10-29 03:00:00.374,,,,-1,13340,0,,,,17.08,,1.08,db65ceea-57eb-471e-acf1-5a4c6ee7e679.extra_data.json,R5wtjjS0Fd,0,com.sec.android.app.shealth,18676,49920000,db65ceea-57eb-471e-acf1-5a4c6ee7e679,2023-10-29 00:00:00.000,
,,,,2619,,1701974,90,0,,2023-10-30 23:35:03.306,,2023-10-30 03:11:44.835,,,,-1,180000,31,,,,1945.6597,,100.750015,e9d0f3e8-8d46-4ca5-8674-4ace9764245b.extra_data.json,R5wtjjS0Fd,0,com.sec.android.app.shealth,1701974,34200000,e9d0f3e8-8d46-4ca5-8674-4ace9764245b,2023-10-30 00:00:00.000,
,,,,2181,,1379723,90,0,,2023-11-01 01:15:02.321,,2023-10-31 03:00:00.441,,,,-1,180000,24,,,,1641.22,,80.29001,3224c1f6-6a2a-46f8-86ad-07585f33f4fc.extra_data.json,R5wtjjS0Fd,0,com.sec.android.app.shealth,1379723,37260000,3224c1f6-6a2a-46f8-86ad-07585f33f4fc,2023-10-31 00:00:00.000,
,,,,34,,22678,90,0,,2023-11-01 18:15:04.392,,2023-11-01 03:00:00.441,,,,-1,7337,0,,,,24.34,,1.27,4aa5f37d-7ccb-48bb-9a30-c5233913edf1.extra_data.json,R5wtjjS0Fd,0,com.sec.android.app.shealth,22678,32940000,4aa5f37d-7ccb-48bb-9a30-c5233913edf1,2023-11-01 00:00:00.000,
,,,,1047,,698349,90,0,,2023-11-03 02:30:39.651,,2023-11-02 03:00:01.460,,,,-1,60000,12,,,,757.8999,,40.320004,304f422b-4a97-472d-b872-8ff091328aa0.extra_data.json,R5wtjjS0Fd,0,com.sec.android.app.shealth,698349,42600000,304f422b-4a97-472d-b872-8ff091328aa0,2023-11-02 00:00:00.000,
,,,,1574,,994359,90,0,,2023-11-04 01:39:52.162,,2023-11-03 03:00:00.344,,,,-1,240000,17,,,,1148.18,,64.73,6714815c-23eb-4dad-b196-b1bfe478b676.extra_data.json,R5wtjjS0Fd,2800,com.sec.android.app.shealth,991559,35460000,6714815c-23eb-4dad-b196-b1bfe478b676,2023-11-03 00:00:00.000,
,,,,1698,,1051589,90,0,,2023-11-05 00:19:38.795,,2023-11-04 03:54:13.950,,,,-1,360000,18,,,,1264.1702,,64.729996,dbfde81c-f5db-46ec-aaa4-9ec2c1c29abd.extra_data.json,R5wtjjS0Fd,0,com.sec.android.app.shealth,1051589,36780000,dbfde81c-f5db-46ec-aaa4-9ec2c1c29abd,2023-11-04 00:00:00.000,
,,,,28,,18676,90,0,,2023-11-06 08:01:21.721,,2023-11-05 03:55:54.616,,,,-1,18676,0,,,,17.73,,1.02,e0636554-1d46-45ac-880a-476862e41f55.extra_data.json,R5wtjjS0Fd,0,com.sec.android.app.shealth,18676,54359999,e0636554-1d46-45ac-880a-476862e41f55,2023-11-05 00:00:00.000,
,,,,10299,,6399149,90,0,,2023-11-06 23:15:02.938,,2023-11-06 08:01:21.504,,,,-1,1080000,117,,,,7854.907,,397.155,e8311e7f-dc29-47e7-b8ff-efa0b15269ad.extra_data.json,R5wtjjS0Fd,0,com.sec.android.app.shealth,6399149,32100000,e8311e7f-dc29-47e7-b8ff-efa0b15269ad,2023-11-06 00:00:00.000,
,,,,4384,,2682711,90,0,,2023-11-07 23:25:41.269,,2023-11-07 03:00:00.587,,,,-1,360000,48,,,,3306.0295,,152.60002,46e2cdca-9d7e-41a4-ae15-903f3573c182.extra_data.json,R5wtjjS0Fd,0,com.sec.android.app.shealth,2682711,30660000,46e2cdca-9d7e-41a4-ae15-903f3573c182,2023-11-07 00:00:00.000,
,,,,3416,,2138679,90,0,,2023-11-08 21:08:29.135,,2023-11-08 03:00:00.541,,,,-1,180000,38,,,,2550.1106,,127.32003,4beddd99-ad0d-4ba4-8e7b-030e6cdb74b9.extra_data.json,R5wtjjS0Fd,0,com.sec.android.app.shealth,2138679,35220000,4beddd99-ad0d-4ba4-8e7b-030e6cdb74b9,2023-11-08 00:00:00.000,
,,,,2099,,1347797,90,0,,2023-11-10 00:58:45.184,,2023-11-09 03:51:15.617,,,,-1,300000,24,,,,1544.8599,,82.320015,4e42576c-2f60-4dd0-ab40-26078a0670b0.extra_data.json,R5wtjjS0Fd,0,com.sec.android.app.shealth,1347797,27000000,4e42576c-2f60-4dd0-ab40-26078a0670b0,2023-11-09 00:00:00.000,
,,,,2938,,1880003,90,0,,2023-11-10 23:35:01.536,,2023-11-10 03:37:07.053,,,,-1,360000,34,,,,2180.2295,,112.23999,7324ed9d-520b-49ea-bb49-dc65e00b6ce9.extra_data.json,R5wtjjS0Fd,0,com.sec.android.app.shealth,1880003,28740000,7324ed9d-520b-49ea-bb49-dc65e00b6ce9,2023-11-10 00:00:00.000,
,,,,1433,,891629,90,0,,2023-11-12 02:33:40.832,,2023-11-11 03:20:48.333,,,,-1,120000,15,,,,1079.0798,,49.96,b4cfd4aa-0efc-4706-a347-a7fac178908c.extra_data.json,R5wtjjS0Fd,0,com.sec.android.app.shealth,891629,35400000,b4cfd4aa-0efc-4706-a347-a7fac178908c,2023-11-11 00:00:00.000,
,,,,161,,107387,90,0,,2023-11-12 23:15:03.284,,2023-11-12 03:00:01.484,,,,-1,31349,1,,,,113.8,,5.8900003,8fe31fd9-6b44-42c1-a5b5-5961c6f2cc9f.extra_data.json,R5wtjjS0Fd,0,com.sec.android.app.shealth,107387,27720000,8fe31fd9-6b44-42c1-a5b5-5961c6f2cc9f,2023-11-12 00:00:00.000,
,,,,3426,,2182671,90,0,,2023-11-13 22:15:01.619,,2023-11-13 03:00:00.412,,,,-1,360000,40,,,,2548.6504,,131.13,42b48815-343f-4d7b-811f-756d9d8ce079.extra_data.json,R5wtjjS0Fd,0,com.sec.android.app.shealth,2182671,34800000,42b48815-343f-4d7b-811f-756d9d8ce079,2023-11-13 00:00:00.000,
,,,,4414,,2839606,90,0,,2023-11-14 20:17:00.843,,2023-11-14 03:25:54.691,,,,-1,420000,52,,,,3242.7905,,171.84,9e692ea5-0982-4878-84b0-ab208a0b53bc.extra_data.json,R5wtjjS0Fd,0,com.sec.android.app.shealth,2839606,41700000,9e692ea5-0982-4878-84b0-ab208a0b53bc,2023-11-14 00:00:00.000,
,,,,281,,187427,90,0,,2023-11-15 23:18:56.249,,2023-11-15 03:35:09.787,,,,-1,40687,3,,,,209.47002,,10.27,9f223e23-439d-4f5e-b0f8-acf456d94097.extra_data.json,R5wtjjS0Fd,0,com.sec.android.app.shealth,187427,33420000,9f223e23-439d-4f5e-b0f8-acf456d94097,2023-11-15 00:00:00.000,
,,,,10867,,6591830,90,0,,2023-11-17 01:52:01.615,,2023-11-16 03:00:01.497,,,,-1,1246000,121,,,,8221.489,,397.41,86e816ed-621d-4b76-91f7-525461de77f1.extra_data.json,R5wtjjS0Fd,2400,com.sec.android.app.shealth,6589430,32760000,86e816ed-621d-4b76-91f7-525461de77f1,2023-11-16 00:00:00.000,
,,,,139,,92713,90,0,,2023-11-18 03:47:10.024,,2023-11-17 03:00:00.379,,,,-1,24679,1,,,,105.420006,,4.8299994,acd2a8a7-4084-4010-ba7c-f33d483bf520.extra_data.json,R5wtjjS0Fd,0,com.sec.android.app.shealth,92713,45779999,acd2a8a7-4084-4010-ba7c-f33d483bf520,2023-11-17 00:00:00.000,
,,,,2092,,1337125,90,0,,2023-11-18 23:23:54.905,,2023-11-18 03:47:09.932,,,,-1,180000,24,,,,1536.7402,,82.02,eaf13ff7-828a-4d00-8367-f90946a4a4d7.extra_data.json,R5wtjjS0Fd,0,com.sec.android.app.shealth,1337125,31320000,eaf13ff7-828a-4d00-8367-f90946a4a4d7,2023-11-18 00:00:00.000,
,,,,5772,,3576465,90,0,,2023-11-20 01:07:27.778,,2023-11-19 03:25:05.047,,,,-1,1620000,65,,,,4357.93,,218.95999,01084cad-c9bb-4f77-9899-8c655b147eb6.extra_data.json,R5wtjjS0Fd,0,com.sec.android.app.shealth,3576465,38640000,01084cad-c9bb-4f77-9899-8c655b147eb6,2023-11-19 00:00:00.000,
,,,,8261,,5112038,90,0,,2023-11-20 19:55:02.128,,2023-11-20 05:44:03.014,,,,-1,420000,94,,,,6164.3594,,321.66998,35716e71-2fd3-4cf1-8800-9062e273cd83.extra_data.json,R5wtjjS0Fd,1200,com.sec.android.app.shealth,5110838,27120000,35716e71-2fd3-4cf1-8800-9062e273cd83,2023-11-20 00:00:00.000,
,,,,4118,,2500013,90,0,,2023-11-21 22:55:02.450,,2023-11-21 04:34:03.588,,,,-1,540000,45,,,,3067.5295,,159.04997,27ca3e41-03d1-4d4b-8b41-5ff1e23af08d.extra_data.json,R5wtjjS0Fd,0,com.sec.android.app.shealth,2500013,34620000,27ca3e41-03d1-4d4b-8b41-5ff1e23af08d,2023-11-21 00:00:00.000,
,,,,2829,,1785956,90,0,,2023-11-22 21:07:12.747,,2023-11-22 03:43:29.102,,,,-1,300000,32,,,,2108.4197,,109.67004,57b882bb-d599-4d63-b9ba-1c292542c2a6.extra_data.json,R5wtjjS0Fd,0,com.sec.android.app.shealth,1785956,34200000,57b882bb-d599-4d63-b9ba-1c292542c2a6,2023-11-22 00:00:00.000,
,,,,3538,,2275457,90,0,,2023-11-23 19:01:50.956,,2023-11-23 03:45:15.745,,,,-1,360000,41,,,,2663.4102,,136.74,ba5fb50f-a3eb-4d95-9d8d-320ccc8cd8ce.extra_data.json,R5wtjjS0Fd,1198,com.sec.android.app.shealth,2274259,31800000,ba5fb50f-a3eb-4d95-9d8d-320ccc8cd8ce,2023-11-23 00:00:00.000,
,,,,1981,,1270158,90,0,,2023-11-25 00:03:09.049,,2023-11-24 04:41:15.747,,,,-1,240000,23,,,,1463.41,,78.20001,f817f643-41dc-4d2b-9257-c521b4e1f5fb.extra_data.json,R5wtjjS0Fd,400,com.sec.android.app.shealth,1269758,27360000,f817f643-41dc-4d2b-9257-c521b4e1f5fb,2023-11-24 00:00:00.000,
,,,,1239,,754167,90,0,,2023-11-26 02:26:43.007,,2023-11-25 03:17:55.517,,,,-1,300000,13,,,,915.97,,48.81998,f96dc79e-cbec-4a45-b113-630668fc2ecf.extra_data.json,R5wtjjS0Fd,0,com.sec.android.app.shealth,754167,43440000,f96dc79e-cbec-4a45-b113-630668fc2ecf,2023-11-25 00:00:00.000,
,,,,63,,42021,90,0,,2023-11-27 03:00:00.833,,2023-11-26 03:00:00.420,,,,-1,37352,0,,,,43.739998,,2.41,f8d5f2f8-72f3-4f2d-9bc9-bf947ace657a.extra_data.json,R5wtjjS0Fd,0,com.sec.android.app.shealth,42021,51539999,f8d5f2f8-72f3-4f2d-9bc9-bf947ace657a,2023-11-26 00:00:00.000,
,,,,9317,,5682293,90,0,,2023-11-28 03:05:10.513,,2023-11-27 03:00:00.562,,,,-1,1243000,104,,,,7100.0254,,360.1842,2db1fb3f-8817-4206-9bcb-07f6757fe42a.extra_data.json,R5wtjjS0Fd,0,com.sec.android.app.shealth,5682293,31380000,2db1fb3f-8817-4206-9bcb-07f6757fe42a,2023-11-27 00:00:00.000,
,,,,3098,,1914447,90,0,,2023-11-28 22:35:02.995,,2023-11-28 03:00:00.569,,,,-1,300000,34,,,,2308.8198,,119.60002,a3d12eba-422c-496b-918e-419f21029a0b.extra_data.json,R5wtjjS0Fd,0,com.sec.android.app.shealth,1914447,30060000,a3d12eba-422c-496b-918e-419f21029a0b,2023-11-28 00:00:00.000,
,,,,7916,,4828734,90,0,,2023-11-29 20:47:58.207,,2023-11-29 03:00:00.784,,,,-1,900000,88,,,,5967.7056,,313.00397,6a96afcf-7b06-44ae-802d-daed5f20720f.extra_data.json,R5wtjjS0Fd,0,com.sec.android.app.shealth,4828734,28980000,6a96afcf-7b06-44ae-802d-daed5f20720f,2023-11-29 00:00:00.000,
,,,,1659,,1025546,90,0,,2023-12-01 03:00:00.651,,2023-11-30 03:39:06.877,,,,-1,300000,18,,,,1229.5499,,65.299995,9810439e-080c-46be-812b-b8a95267e4a5.extra_data.json,R5wtjjS0Fd,0,com.sec.android.app.shealth,1025546,40379999,9810439e-080c-46be-812b-b8a95267e4a5,2023-11-30 00:00:00.000,
,,,,4174,,2693593,90,0,,2023-12-02 03:50:14.219,,2023-12-01 03:00:00.487,,,,-1,360000,48,,,,3076.76,,162.92003,9c346a8e-a107-44b9-b4d2-4c626f0e13de.extra_data.json,R5wtjjS0Fd,0,com.sec.android.app.shealth,2693593,38579999,9c346a8e-a107-44b9-b4d2-4c626f0e13de,2023-12-01 00:00:00.000,
,,,,1643,,1018906,90,0,,2023-12-02 23:33:12.615,,2023-12-02 03:50:14.113,,,,-1,300000,17,,,,1214.6096,,65.11001,3ba5094c-3aa8-4bb9-8ea9-069d10eef1a2.extra_data.json,R5wtjjS0Fd,0,com.sec.android.app.shealth,1018906,33480000,3ba5094c-3aa8-4bb9-8ea9-069d10eef1a2,2023-12-02 00:00:00.000,
,,,,1495,,977095,90,0,,2023-12-04 00:05:16.041,,2023-12-03 03:00:01.556,,,,-1,120000,17,,,,1114.6599,,57.609997,bb812ea9-a834-4a39-86b3-5eef6030196b.extra_data.json,R5wtjjS0Fd,0,com.sec.android.app.shealth,977095,28740000,bb812ea9-a834-4a39-86b3-5eef6030196b,2023-12-03 00:00:00.000,
,,,,2688,,1721197,90,0,,2023-12-05 00:19:59.994,,2023-12-04 03:00:00.653,,,,-1,240000,31,,,,1996.2402,,103.43999,e6db2cd6-351d-4f8a-94a0-e6b4e16ae4be.extra_data.json,R5wtjjS0Fd,0,com.sec.android.app.shealth,1721197,20880000,e6db2cd6-351d-4f8a-94a0-e6b4e16ae4be,2023-12-04 00:00:00.000,
,,,,1834,,1154337,90,0,,2023-12-05 23:55:11.050,,2023-12-05 03:55:57.447,,,,-1,300000,21,,,,1359.58,,71.369995,b71b366b-5aa5-47a7-a846-f432c53cf51c.extra_data.json,R5wtjjS0Fd,0,com.sec.android.app.shealth,1154337,25560000,b71b366b-5aa5-47a7-a846-f432c53cf51c,2023-12-05 00:00:00.000,
,,,,2384,,1487110,90,0,,2023-12-06 22:23:28.951,,2023-12-06 03:00:00.493,,,,-1,300000,26,,,,1778.6099,,90.79,b32483e3-295f-4abf-81c3-7d5fa11c0904.extra_data.json,R5wtjjS0Fd,0,com.sec.android.app.shealth,1487110,30960000,b32483e3-295f-4abf-81c3-7d5fa11c0904,2023-12-06 00:00:00.000,
,,,,1603,,1029608,90,0,,2023-12-08 03:00:00.592,,2023-12-07 03:47:28.746,,,,-1,360000,18,,,,1179.32,,63.310005,6171ea58-cf2b-40db-afab-5c06a727a8e7.extra_data.json,R5wtjjS0Fd,0,com.sec.android.app.shealth,1029608,34799999,6171ea58-cf2b-40db-afab-5c06a727a8e7,2023-12-07 00:00:00.000,
,,,,2091,,1322998,90,0,,2023-12-08 20:29:38.149,,2023-12-08 03:00:00.456,,,,-1,180000,24,,,,1570.45,,78.630005,1f63a405-07da-4ab4-933a-4749187cac64.extra_data.json,R5wtjjS0Fd,0,com.sec.android.app.shealth,1322998,26040000,1f63a405-07da-4ab4-933a-4749187cac64,2023-12-08 00:00:00.000,
,,,,228,,152076,90,0,,2023-12-09 23:16:14.790,,2023-12-09 04:41:26.637,,,,-1,40020,2,,,,167.89,,8.46,0bb15ecf-03b9-491a-af92-69786674bca5.extra_data.json,R5wtjjS0Fd,0,com.sec.android.app.shealth,152076,33000000,0bb15ecf-03b9-491a-af92-69786674bca5,2023-12-09 00:00:00.000,
0,,0,0,408,300,272136,90,0,62600630,2024-01-06 14:53:15.016,10,2023-12-10 03:00:01.495,0.0,30,30,-1,41354,4,5,0,8,291.39,0,15.56,38264f9a-6bd1-413c-9665-b7eb785c6249.extra_data.json,R5wtjjS0Fd,0,com.sec.android.app.shealth,272136,27000000,38264f9a-6bd1-413c-9665-b7eb785c6249,2023-12-10 00:00:00.000,
0,,0,0,3614,300,2272776,90,0,62600630,2024-01-06 14:53:14.853,10,2023-12-11 03:00:00.423,0.0,30,30,-1,240000,41,9,0,8,2679.7002,0,139.81001,3e78d6b5-f15a-4673-b632-e749a6ade712.extra_data.json,R5wtjjS0Fd,0,com.sec.android.app.shealth,2272776,23460000,3e78d6b5-f15a-4673-b632-e749a6ade712,2023-12-11 00:00:00.000,
0,,0,0,1559,300,993710,90,0,62600630,2024-01-06 14:53:14.711,10,2023-12-12 03:00:00.500,0.0,30,30,-1,120000,17,3,0,8,1171.8999,0,58.550007,40f8bc7f-daab-4480-a3ea-dfe2b4565a0a.extra_data.json,R5wtjjS0Fd,0,com.sec.android.app.shealth,993710,30120000,40f8bc7f-daab-4480-a3ea-dfe2b4565a0a,2023-12-12 00:00:00.000,
0,,0,0,2654,300,1770218,90,0,62600630,2024-01-06 14:53:14.573,10,2023-12-13 03:08:20.247,0.0,30,30,-1,52693,32,6,0,8,1951.7997,0,103.19,a08f6022-31c2-40a0-8e1a-ec8ef4d890ef.extra_data.json,R5wtjjS0Fd,0,com.sec.android.app.shealth,1770218,23760000,a08f6022-31c2-40a0-8e1a-ec8ef4d890ef,2023-12-13 00:00:00.000,
0,,0,0,5647,300,3585872,90,0,62600630,2024-01-06 14:53:14.430,10,2023-12-14 03:00:00.944,0.0,30,30,-1,420000,65,6,0,8,4196.5903,0,220.80997,0050a934-b16c-4a1c-9e7d-6930484f888c.extra_data.json,R5wtjjS0Fd,800,com.sec.android.app.shealth,3585072,31440000,0050a934-b16c-4a1c-9e7d-6930484f888c,2023-12-14 00:00:00.000,
0,,0,0,426,300,284142,90,0,62600630,2024-01-06 14:53:14.240,10,2023-12-15 03:00:00.502,0.0,30,30,-1,60000,4,5,0,8,315.96997,0,16.300001,fad7bdee-bf2c-43d5-970c-124c148c89bc.extra_data.json,R5wtjjS0Fd,0,com.sec.android.app.shealth,284142,31499999,fad7bdee-bf2c-43d5-970c-124c148c89bc,2023-12-15 00:00:00.000,
0,,0,0,3032,300,1912476,90,0,62600630,2024-01-06 14:53:10.039,10,2023-12-16 03:00:00.405,0.0,30,30,-1,360000,34,6,0,8,2227.6904,0,116.70997,1edc3f30-d2b0-4f19-a752-1ed1fcc77210.extra_data.json,R5wtjjS0Fd,0,com.sec.android.app.shealth,1912476,31200000,1edc3f30-d2b0-4f19-a752-1ed1fcc77210,2023-12-16 00:00:00.000,
0,,0,637000,9179,300,5706932,90,0,62600630,2024-01-06 14:53:09.879,10,2023-12-17 03:00:00.504,0.0,30,30,-1,637000,105,6,0,8,6878.3975,0,362.34448,75a3a72a-417b-448f-9fb4-fce559fce56e.extra_data.json,R5wtjjS0Fd,800,com.sec.android.app.shealth,5706132,26640000,75a3a72a-417b-448f-9fb4-fce559fce56e,2023-12-17 00:00:00.000,
0,,0,4309000,11672,300,7098879,90,0,62600630,2024-01-06 14:53:09.700,10,2023-12-18 03:44:22.030,0.0,30,30,-1,2220000,131,11,0,8,8819.494,0,462.56506,a498fc26-7c51-41a3-88a7-7dc3a87927df.extra_data.json,R5wtjjS0Fd,0,com.sec.android.app.shealth,7098879,21240000,a498fc26-7c51-41a3-88a7-7dc3a87927df,2023-12-18 00:00:00.000,
0,,0,0,3840,300,2485579,90,0,62600630,2024-01-06 14:53:09.528,10,2023-12-19 03:00:00.412,0.0,30,30,-1,180000,45,7,0,8,2852.8206,0,146.59999,a9f5ca28-91b7-4a31-b9c5-2be36a939217.extra_data.json,R5wtjjS0Fd,0,com.sec.android.app.shealth,2485579,32760000,a9f5ca28-91b7-4a31-b9c5-2be36a939217,2023-12-19 00:00:00.000,
0,,0,660000,6866,300,4123258,90,0,62600630,2024-01-06 14:53:09.365,10,2023-12-20 03:00:00.365,0.0,30,30,-1,660000,75,5,0,8,5146.1294,0,255.03001,a1528658-d4ed-4427-a326-ea0d909d811c.extra_data.json,R5wtjjS0Fd,0,com.sec.android.app.shealth,4123258,32400000,a1528658-d4ed-4427-a326-ea0d909d811c,2023-12-20 00:00:00.000,
0,,0,0,1622,300,1014934,90,0,62600630,2024-01-06 14:53:09.177,10,2023-12-21 03:36:27.015,0.0,30,30,-1,360000,17,5,0,8,1200.6099,0,62.820004,cd673610-7b9e-4e95-a7fc-e2c5304dca45.extra_data.json,R5wtjjS0Fd,0,com.sec.android.app.shealth,1014934,33719999,cd673610-7b9e-4e95-a7fc-e2c5304dca45,2023-12-21 00:00:00.000,
0,,0,0,1057,300,654814,90,0,62600630,2024-01-06 14:53:09.034,10,2023-12-22 03:00:00.511,0.0,30,30,-1,180000,11,4,0,8,765.58,0,41.219997,abee89d1-4348-4545-bee5-85192b7b8b9c.extra_data.json,R5wtjjS0Fd,0,com.sec.android.app.shealth,654814,38340000,abee89d1-4348-4545-bee5-85192b7b8b9c,2023-12-22 00:00:00.000,
0,,0,0,1072,300,700260,90,0,62600630,2024-01-06 14:53:08.850,10,2023-12-23 03:00:00.405,0.0,30,30,-1,60000,12,3,0,8,801.62006,0,38.669994,cab630cb-720f-47f8-8d6f-a2be5ead9ee6.extra_data.json,R5wtjjS0Fd,0,com.sec.android.app.shealth,700260,39300000,cab630cb-720f-47f8-8d6f-a2be5ead9ee6,2023-12-23 00:00:00.000,
0,,0,0,0,300,0,90,0,62600630,2024-01-06 14:53:08.695,10,2023-12-24 03:00:00.504,0.0,30,30,-1,0,0,0,0,8,0.0,0,0.0,7ca26af4-b761-46ec-a069-ac997c377919.extra_data.json,R5wtjjS0Fd,0,com.sec.android.app.shealth,0,-1,7ca26af4-b761-46ec-a069-ac997c377919,2023-12-24 00:00:00.000,
0,,0,660000,2215,300,1376208,90,0,62600630,2024-01-06 14:53:08.591,10,2023-12-25 03:03:53.069,0.0,30,30,-1,1020000,24,4,0,8,1704.3601,0,90.41999,3a281e5b-9c15-4769-991e-5612204d17bc.extra_data.json,R5wtjjS0Fd,0,com.sec.android.app.shealth,1376208,36420000,3a281e5b-9c15-4769-991e-5612204d17bc,2023-12-25 00:00:00.000,
0,,0,0,151,300,100717,90,0,62600630,2024-01-06 14:53:08.431,10,2023-12-26 03:47:44.801,0.0,30,30,-1,18009,1,4,0,8,108.549995,0,5.6100006,0976f9a6-5de4-4465-a371-9a7c9f553f56.extra_data.json,R5wtjjS0Fd,0,com.sec.android.app.shealth,100717,32340000,0976f9a6-5de4-4465-a371-9a7c9f553f56,2023-12-26 00:00:00.000,
0,,0,0,5935,300,3686096,90,0,62600630,2024-01-06 14:53:08.267,10,2023-12-27 03:00:00.913,0.0,30,30,-1,600000,67,6,0,8,4416.16,0,233.55997,d7ecc9da-867f-4fe4-9b86-6de57c576c6a.extra_data.json,R5wtjjS0Fd,0,com.sec.android.app.shealth,3686096,33960000,d7ecc9da-867f-4fe4-9b86-6de57c576c6a,2023-12-27 00:00:00.000,
0,,0,0,78,300,52026,90,0,62600630,2024-01-06 14:53:08.115,10,2023-12-28 04:55:19.217,0.0,30,30,-1,22011,0,2,0,8,57.050003,0,2.89,536e3501-41d5-44fa-80a1-a8ecfbbad096.extra_data.json,R5wtjjS0Fd,0,com.sec.android.app.shealth,52026,38220000,536e3501-41d5-44fa-80a1-a8ecfbbad096,2023-12-28 00:00:00.000,
0,,0,1122000,5441,300,3084964,90,0,62600630,2024-01-06 14:53:07.970,10,2023-12-29 03:00:00.547,0.0,30,30,-1,1182000,56,2,0,8,4202.41,0,188.59901,fb1917ec-a5bf-4279-8353-04abc8a36cb3.extra_data.json,R5wtjjS0Fd,0,com.sec.android.app.shealth,3084964,43979999,fb1917ec-a5bf-4279-8353-04abc8a36cb3,2023-12-29 00:00:00.000,
0,,0,1020000,5165,300,3247120,90,0,62600630,2024-01-06 14:53:07.778,10,2023-12-30 03:35:10.106,0.0,30,30,-1,1020000,60,4,0,8,3923.2603,0,202.46999,9445eb87-0f53-4c40-9365-dc3bf2eeb485.extra_data.json,R5wtjjS0Fd,0,com.sec.android.app.shealth,3247120,27300000,9445eb87-0f53-4c40-9365-dc3bf2eeb485,2023-12-30 00:00:00.000,
0,,0,0,3343,300,2151989,90,0,62600630,2024-01-06 14:53:07.610,10,2023-12-31 03:26:51.968,0.0,30,30,-1,420000,38,3,0,8,2453.2896,0,131.09998,04d656e5-ff4a-4513-be47-2bbdf4a3ce89.extra_data.json,R5wtjjS0Fd,0,com.sec.android.app.shealth,2151989,39660000,04d656e5-ff4a-4513-be47-2bbdf4a3ce89,2023-12-31 00:00:00.000,
0,,0,0,50,300,33350,90,0,62600630,2024-01-06 14:53:07.441,10,2024-01-01 03:00:00.534,0.0,30,30,-1,16675,0,1,0,8,35.88,0,1.89,d4518144-5e26-458f-9a6b-2095a153ed03.extra_data.json,R5wtjjS0Fd,0,com.sec.android.app.shealth,33350,39720000,d4518144-5e26-458f-9a6b-2095a153ed03,2024-01-01 00:00:00.000,
0,,0,0,399,300,264769,90,0,62600630,2024-01-06 14:53:07.308,10,2024-01-02 03:00:00.541,0.0,30,30,-1,60000,4,2,0,8,297.08002,0,15.28,db353da7-94df-4804-ba80-f8f991019826.extra_data.json,R5wtjjS0Fd,0,com.sec.android.app.shealth,264769,58980000,db353da7-94df-4804-ba80-f8f991019826,2024-01-02 00:00:00.000,
0,,0,0,1545,300,969578,90,0,62600630,2024-01-06 14:53:07.177,10,2024-01-03 03:44:55.801,0.0,30,30,-1,360000,17,5,0,8,1154.52,0,60.620003,e795cc1d-e775-4796-8ab5-c879965c16ea.extra_data.json,R5wtjjS0Fd,0,com.sec.android.app.shealth,969578,34740000,e795cc1d-e775-4796-8ab5-c879965c16ea,2024-01-03 00:00:00.000,
0,,0,0,3947,300,2428524,90,0,62600630,2024-01-06 14:53:06.999,10,2024-01-04 03:15:42.232,0.0,30,30,-1,480000,44,5,0,8,2950.6401,0,155.84999,0304b77b-421c-4257-8434-dc86ec684b4c.extra_data.json,R5wtjjS0Fd,0,com.sec.android.app.shealth,2428524,31560000,0304b77b-421c-4257-8434-dc86ec684b4c,2024-01-04 00:00:00.000,
0,,0,1551000,6930,300,4230735,90,0,62600630,2024-01-06 14:53:06.793,10,2024-01-05 03:00:00.875,0.0,30,30,-1,900000,77,9,0,8,5175.3506,0,263.77115,3af0fb1b-68b5-40f5-af5c-53bbfc601c2f.extra_data.json,R5wtjjS0Fd,0,com.sec.android.app.shealth,4230735,33600000,3af0fb1b-68b5-40f5-af5c-53bbfc601c2f,2024-01-05 00:00:00.000,
0,,0,0,2411,300,1513850,90,0,62600630,2024-01-07 02:32:44.607,10,2024-01-06 03:00:00.500,0.0,30,30,-1,180000,27,6,0,8,1811.2197,0,92.32001,34c16ec4-010f-4e1e-aaed-cad03a651887.extra_data.json,R5wtjjS0Fd,0,com.sec.android.app.shealth,1513850,32040000,34c16ec4-010f-4e1e-aaed-cad03a651887,2024-01-06 00:00:00.000,
0,62600630,0,0,93,300,62031,90,0,62600630,2024-01-08 02:18:15.499,10,2024-01-07 03:00:00.604,0.0,30,30,-1,26680,1,2,0,8,67.29,0,3.43,f0f187b5-e379-416b-84b3-925b993812bf.extra_data.json,R5wtjjS0Fd,0,com.sec.android.app.shealth,62031,35100000,f0f187b5-e379-416b-84b3-925b993812bf,2024-01-07 00:00:00.000,
0,62600630,0,0,1601,300,1027637,90,0,62600630,2024-01-08 19:15:05.045,10,2024-01-08 03:00:01.630,0.0,30,30,-1,360000,18,5,0,8,1182.84,0,63.350002,a7d13779-e877-4f74-9f88-0af97aaeae5c.extra_data.json,R5wtjjS0Fd,0,com.sec.android.app.shealth,1027637,32220000,a7d13779-e877-4f74-9f88-0af97aaeae5c,2024-01-08 00:00:00.000,
0,62600630,0,0,4032,300,2620980,90,0,62600630,2024-01-09 17:33:04.329,10,2024-01-09 03:25:46.198,0.0,30,30,-1,360000,47,6,0,8,3009.3608,0,155.07999,832982c1-3293-4483-85e3-04203fc7b49b.extra_data.json,R5wtjjS0Fd,0,com.sec.android.app.shealth,2620980,34680000,832982c1-3293-4483-85e3-04203fc7b49b,2024-01-09 00:00:00.000,
0,62600630,0,0,1891,300,1205636,90,0,62600630,2024-01-11 00:02:00.953,10,2024-01-10 03:35:45.087,0.0,30,30,-1,420000,22,6,0,8,1397.9396,0,74.22,4a27b9ea-fbc0-4885-9ab1-6c0bf56039d0.extra_data.json,R5wtjjS0Fd,0,com.sec.android.app.shealth,1205636,27540000,4a27b9ea-fbc0-4885-9ab1-6c0bf56039d0,2024-01-10 00:00:00.000,
0,62600630,0,0,2537,300,1636518,90,0,62600630,2024-01-11 19:15:03.097,10,2024-01-11 03:00:00.436,0.0,30,30,-1,180000,30,3,0,8,1861.7101,0,100.25,01e6a410-74ee-47c2-a49a-f05e05bc2920.extra_data.json,R5wtjjS0Fd,0,com.sec.android.app.shealth,1636518,28560000,01e6a410-74ee-47c2-a49a-f05e05bc2920,2024-01-11 00:00:00.000,
0,62600630,0,0,3089,300,1942581,90,0,62600630,2024-01-12 23:53:17.613,10,2024-01-12 03:44:25.575,0.0,30,30,-1,360000,35,5,0,8,2324.9504,0,119.08999,8d37f3ca-f74f-43a6-9d58-c7537613b723.extra_data.json,R5wtjjS0Fd,0,com.sec.android.app.shealth,1942581,30540000,8d37f3ca-f74f-43a6-9d58-c7537613b723,2024-01-12 00:00:00.000,
0,62600630,0,0,1673,300,1095791,90,0,62600630,2024-01-13 21:40:43.294,10,2024-01-13 03:00:05.419,0.0,30,30,-1,120000,20,4,0,8,1244.6599,0,63.55,1a0f5b49-9bb4-4e91-ab0c-9acc240ee9da.extra_data.json,R5wtjjS0Fd,0,com.sec.android.app.shealth,1095791,31260000,1a0f5b49-9bb4-4e91-ab0c-9acc240ee9da,2024-01-13 00:00:00.000,
0,62600630,0,4738195,8373,300,5024671,90,0,62600630,2024-01-15 03:00:02.215,10,2024-01-14 03:05:42.761,0.0,30,30,-1,1620000,92,3,0,8,6368.9087,0,336.9138,948218e0-d2f1-45be-9f99-8aa7b6f5b571.extra_data.json,R5wtjjS0Fd,0,com.sec.android.app.shealth,5024671,48299999,948218e0-d2f1-45be-9f99-8aa7b6f5b571,2024-01-14 00:00:00.000,
0,62600630,0,0,1664,300,1043585,90,0,62600630,2024-01-16 00:33:37.332,10,2024-01-15 03:00:01.653,0.0,30,30,-1,300000,18,5,0,8,1233.1299,0,65.549995,f7751328-9dd6-4b9e-b53c-5ae0047f1e6f.extra_data.json,R5wtjjS0Fd,0,com.sec.android.app.shealth,1043585,29940000,f7751328-9dd6-4b9e-b53c-5ae0047f1e6f,2024-01-15 00:00:00.000,
0,62600630,0,0,1832,300,1166373,90,0,62600630,2024-01-17 00:17:13.727,10,2024-01-16 04:50:29.307,0.0,30,30,-1,180000,21,7,0,8,1350.5999,0,71.71999,8273b0eb-379b-475b-b914-c9fcee3bcf5d.extra_data.json,R5wtjjS0Fd,0,com.sec.android.app.shealth,1166373,25020000,8273b0eb-379b-475b-b914-c9fcee3bcf5d,2024-01-16 00:00:00.000,
0,62600630,0,0,2320,300,1522034,90,0,62600630,2024-01-17 19:55:06.153,10,2024-01-17 03:00:00.788,0.0,30,30,-1,120000,27,5,0,8,1724.95,0,88.63999,fabee2e4-4148-41f7-b6ba-d9b629dedeef.extra_data.json,R5wtjjS0Fd,0,com.sec.android.app.shealth,1522034,35160000,fabee2e4-4148-41f7-b6ba-d9b629dedeef,2024-01-17 00:00:00.000,
0,62600630,0,0,1689,300,1061594,90,0,62600630,2024-01-18 18:55:06.080,10,2024-01-18 03:28:34.519,0.0,30,30,-1,180000,18,6,0,8,1255.9498,0,66.02,2ed09b96-c7ee-4971-86bf-d7ae1925058e.extra_data.json,R5wtjjS0Fd,0,com.sec.android.app.shealth,1061594,31020000,2ed09b96-c7ee-4971-86bf-d7ae1925058e,2024-01-18 00:00:00.000,
0,62600630,0,0,1602,300,1006930,90,0,62600630,2024-01-19 23:01:44.383,10,2024-01-19 03:00:00.593,0.0,30,30,-1,360000,17,4,0,8,1189.2401,0,61.32,3eade887-d97c-42f8-9210-92fc08b05911.extra_data.json,R5wtjjS0Fd,0,com.sec.android.app.shealth,1006930,31560000,3eade887-d97c-42f8-9210-92fc08b05911,2024-01-19 00:00:00.000,
0,62600630,0,0,1106,300,714934,90,0,62600630,2024-01-21 02:33:44.631,10,2024-01-20 03:00:00.533,0.0,30,30,-1,120000,12,6,0,8,812.73016,0,42.309998,74448e61-42e0-44e6-bb36-fd28f07d40ab.extra_data.json,R5wtjjS0Fd,0,com.sec.android.app.shealth,714934,31680000,74448e61-42e0-44e6-bb36-fd28f07d40ab,2024-01-20 00:00:00.000,
0,62600630,0,0,1752,300,1126308,90,0,62600630,2024-01-22 00:55:03.266,10,2024-01-21 03:00:01.436,0.0,30,30,-1,60000,20,9,0,8,1325.6101,0,65.08,80edc05a-a4c6-452f-b7bc-56f0c538c9a5.extra_data.json,R5wtjjS0Fd,12197,com.sec.android.app.shealth,1114111,22560000,80edc05a-a4c6-452f-b7bc-56f0c538c9a5,2024-01-21 00:00:00.000,
0,62600630,0,0,1554,300,960877,90,0,62610110,2024-01-23 10:35:06.504,10,2024-01-22 03:00:00.548,0.0,30,30,-1,300000,17,2,0,8,1167.15,0,59.69,3716aeca-d082-4afb-bb74-e442364c5f63.extra_data.json,R5wtjjS0Fd,0,com.sec.android.app.shealth,960877,35879999,3716aeca-d082-4afb-bb74-e442364c5f63,2024-01-22 00:00:00.000,
0,62610110,0,0,3071,300,1877852,90,0,62610110,2024-01-23 23:08:23.959,10,2024-01-23 03:00:00.616,0.0,30,30,-1,300000,34,5,0,8,2270.8804,0,114.27002,9e8b9a98-331b-4bc4-bce0-68265136b18b.extra_data.json,R5wtjjS0Fd,0,com.sec.android.app.shealth,1877852,27180000,9e8b9a98-331b-4bc4-bce0-68265136b18b,2024-01-23 00:00:00.000,
0,62610110,0,0,1406,300,927737,90,0,62610110,2024-01-25 02:07:41.275,10,2024-01-24 03:29:29.859,0.0,30,30,-1,180000,16,4,0,8,1056.94,0,51.76,9b27910d-1f73-435a-87ba-fea6b3fdf2be.extra_data.json,R5wtjjS0Fd,0,com.sec.android.app.shealth,927737,38280000,9b27910d-1f73-435a-87ba-fea6b3fdf2be,2024-01-24 00:00:00.000,
0,62610110,0,0,1567,300,947507,90,0,62610110,2024-01-26 11:35:03.297,10,2024-01-25 03:00:00.415,0.0,30,30,-1,300000,16,3,0,8,1164.2799,0,60.21,de44a249-f733-4717-b01b-604fb632a407.extra_data.json,R5wtjjS0Fd,0,com.sec.android.app.shealth,947507,36059999,de44a249-f733-4717-b01b-604fb632a407,2024-01-25 00:00:00.000,
0,62610110,0,0,2698,300,1669081,90,0,62610110,2024-01-27 00:07:56.135,10,2024-01-26 03:00:00.466,0.0,30,30,-1,360000,30,7,0,8,2028.8599,0,99.829994,9fb53eb4-a0da-488b-b3e6-feab6c9d4057.extra_data.json,R5wtjjS0Fd,0,com.sec.android.app.shealth,1669081,30780000,9fb53eb4-a0da-488b-b3e6-feab6c9d4057,2024-01-26 00:00:00.000,
0,62610110,0,0,4628,300,2825786,90,0,62610110,2024-01-27 23:20:59.975,10,2024-01-27 03:00:00.564,0.0,30,30,-1,480000,52,3,0,8,3465.8604,0,181.48,9622999e-5c83-4f8d-9bd7-1f8171a29171.extra_data.json,R5wtjjS0Fd,0,com.sec.android.app.shealth,2825786,31920000,9622999e-5c83-4f8d-9bd7-1f8171a29171,2024-01-27 00:00:00.000,
0,62610110,0,0,222,300,148074,90,0,62610110,2024-01-29 01:02:00.615,10,2024-01-28 03:11:02.808,0.0,30,30,-1,34684,2,4,0,8,165.97,0,8.28,1e25f50a-039b-4b31-82a4-80ec29976f1a.extra_data.json,R5wtjjS0Fd,0,com.sec.android.app.shealth,148074,34140000,1e25f50a-039b-4b31-82a4-80ec29976f1a,2024-01-28 00:00:00.000,
0,62610110,0,0,2677,300,1674447,90,0,62610110,2024-01-29 22:25:07.001,10,2024-01-29 03:00:01.523,0.0,30,30,-1,240000,30,5,0,8,2008.8301,0,101.34001,ef4d09f5-f5c2-491f-aad0-a96577a92d75.extra_data.json,R5wtjjS0Fd,0,com.sec.android.app.shealth,1674447,31680000,ef4d09f5-f5c2-491f-aad0-a96577a92d75,2024-01-29 00:00:00.000,
0,62610110,0,1680000,6645,300,4088754,90,0,62610110,2024-01-31 11:23:07.113,10,2024-01-30 03:00:00.393,0.0,30,30,-1,1020000,75,6,0,8,5048.36,0,264.82,4f01e045-1b4b-45e7-8b6f-c1592bd1fdb3.extra_data.json,R5wtjjS0Fd,0,com.sec.android.app.shealth,4088754,30000000,4f01e045-1b4b-45e7-8b6f-c1592bd1fdb3,2024-01-30 00:00:00.000,
0,62610110,0,0,728,300,480210,90,0,62610110,2024-01-31 22:06:03.297,10,2024-01-31 03:00:00.559,0.0,30,30,-1,60000,8,4,0,8,541.45996,0,26.779999,11a2cad7-2c1b-482e-8493-fe36fa6bda34.extra_data.json,R5wtjjS0Fd,0,com.sec.android.app.shealth,480210,30120000,11a2cad7-2c1b-482e-8493-fe36fa6bda34,2024-01-31 00:00:00.000,
0,62610110,0,0,3296,300,2128067,90,0,62610110,2024-02-01 23:48:28.724,10,2024-02-01 03:43:22.494,0.0,30,30,-1,300000,38,10,0,8,2425.9897,0,129.81001,6a3b9233-37f9-4d20-afc9-acb5e6d0003f.extra_data.json,R5wtjjS0Fd,0,com.sec.android.app.shealth,2128067,34980000,6a3b9233-37f9-4d20-afc9-acb5e6d0003f,2024-02-01 00:00:00.000,
0,62610110,0,0,2261,300,1463158,90,0,62610110,2024-02-03 10:55:04.381,10,2024-02-02 03:00:00.380,0.0,30,30,-1,360000,26,6,0,8,1666.61,0,87.98998,a078b02f-1df2-4fec-9374-293746a51356.extra_data.json,R5wtjjS0Fd,0,com.sec.android.app.shealth,1463158,39239999,a078b02f-1df2-4fec-9374-293746a51356,2024-02-02 00:00:00.000,
0,62610110,0,0,488,300,325496,90,0,62610110,2024-02-04 03:00:02.939,10,2024-02-03 03:00:00.506,0.0,30,30,-1,50025,5,3,0,8,363.61,0,17.51,00d7c7c1-e200-4d33-8dae-7e4a4b8a677c.extra_data.json,R5wtjjS0Fd,0,com.sec.android.app.shealth,325496,49859999,00d7c7c1-e200-4d33-8dae-7e4a4b8a677c,2024-02-03 00:00:00.000,
0,62610110,0,0,558,300,372186,90,0,62620030,2024-02-05 04:50:00.040,10,2024-02-04 03:00:01.596,0.0,30,30,-1,50025,6,3,0,8,405.74002,0,22.24,aaa5acb8-4a34-44fc-8d84-11317fae4991.extra_data.json,R5wtjjS0Fd,0,com.sec.android.app.shealth,372186,46259999,aaa5acb8-4a34-44fc-8d84-11317fae4991,2024-02-04 00:00:00.000,
0,62620030,0,0,2424,300,1555841,90,0,62620030,2024-02-05 19:38:27.330,10,2024-02-05 04:49:58.771,0.0,30,30,-1,300000,27,5,0,8,1799.18,0,95.200005,a46edc74-9095-49a7-a811-c5d84bbe13af.extra_data.json,R5wtjjS0Fd,0,com.sec.android.app.shealth,1555841,31560000,a46edc74-9095-49a7-a811-c5d84bbe13af,2024-02-05 00:00:00.000,
0,62620030,0,0,6011,300,3805669,90,0,62620030,2024-02-06 23:15:02.383,10,2024-02-06 03:32:06.061,0.0,30,30,-1,420000,70,9,0,8,4445.4004,0,235.49005,a78a01d7-28a3-494c-8c54-6cbd04c8d82d.extra_data.json,R5wtjjS0Fd,0,com.sec.android.app.shealth,3805669,30000000,a78a01d7-28a3-494c-8c54-6cbd04c8d82d,2024-02-06 00:00:00.000,
0,62620030,0,1010320,8380,300,5163015,90,0,62620030,2024-02-08 10:11:12.596,10,2024-02-07 03:00:00.719,0.0,30,30,-1,1010320,95,11,0,8,6289.68,0,319.62,798d35e7-2e73-4afb-b30c-fa450b552675.extra_data.json,R5wtjjS0Fd,0,com.sec.android.app.shealth,5163015,24600000,798d35e7-2e73-4afb-b30c-fa450b552675,2024-02-07 00:00:00.000,
0,62620030,0,0,4970,300,3080940,90,0,62620030,2024-02-09 01:26:21.328,10,2024-02-08 03:00:00.400,0.0,30,30,-1,360000,56,10,0,8,3749.5105,0,178.98,91d7f291-c63d-40d4-baa1-6d8560551483.extra_data.json,R5wtjjS0Fd,0,com.sec.android.app.shealth,3080940,25860000,91d7f291-c63d-40d4-baa1-6d8560551483,2024-02-08 00:00:00.000,
0,62620030,0,0,7283,300,4583361,90,0,62620030,2024-02-09 20:29:33.295,10,2024-02-09 03:42:59.009,0.0,30,30,-1,480000,84,11,0,8,5415.5493,0,282.25006,50edd462-b391-4680-a470-6ccd422df77c.extra_data.json,R5wtjjS0Fd,0,com.sec.android.app.shealth,4583361,25500000,50edd462-b391-4680-a470-6ccd422df77c,2024-02-09 00:00:00.000,
0,62620030,0,0,2561,300,1637882,90,0,62620030,2024-02-11 01:51:45.174,10,2024-02-10 03:33:19.969,0.0,30,30,-1,120000,30,5,0,8,1921.85,0,94.45,439ed217-2beb-4dee-bdec-ff99141da468.extra_data.json,R5wtjjS0Fd,0,com.sec.android.app.shealth,1637882,31200000,439ed217-2beb-4dee-bdec-ff99141da468,2024-02-10 00:00:00.000,
0,62620030,0,0,36,300,24012,90,0,62620030,2024-02-11 20:35:02.695,10,2024-02-11 03:05:23.892,0.0,30,30,-1,12673,0,1,0,8,26.8,0,1.26,93f6944f-1805-4f1d-bb29-2251a56c1070.extra_data.json,R5wtjjS0Fd,0,com.sec.android.app.shealth,24012,57300000,93f6944f-1805-4f1d-bb29-2251a56c1070,2024-02-11 00:00:00.000,
0,62620030,0,0,1181,300,787030,90,0,62620030,2024-02-12 21:06:55.726,10,2024-02-12 03:00:00.464,0.0,30,30,-1,60000,14,6,0,8,864.57007,0,43.76,2411a968-efb3-4bd5-a82d-1312faea64a3.extra_data.json,R5wtjjS0Fd,0,com.sec.android.app.shealth,787030,26160000,2411a968-efb3-4bd5-a82d-1312faea64a3,2024-02-12 00:00:00.000,
0,62620030,0,0,3897,300,2507013,90,0,62620030,2024-02-14 03:00:02.273,10,2024-02-13 03:00:00.684,0.0,30,30,-1,240000,45,10,0,8,2914.7002,0,142.69,e472e44a-ed70-4124-9055-f12c6b49e13d.extra_data.json,R5wtjjS0Fd,0,com.sec.android.app.shealth,2507013,26279999,e472e44a-ed70-4124-9055-f12c6b49e13d,2024-02-13 00:00:00.000,
0,62620030,0,0,4957,300,3201787,90,0,62620030,2024-02-14 20:56:57.344,10,2024-02-14 03:00:01.698,0.0,30,30,-1,180000,58,10,0,8,3688.8901,0,189.61005,4ed09abb-b32c-4b51-96a7-a6a74b68e48a.extra_data.json,R5wtjjS0Fd,0,com.sec.android.app.shealth,3201787,27480000,4ed09abb-b32c-4b51-96a7-a6a74b68e48a,2024-02-14 00:00:00.000,
0,62620030,0,660000,8286,300,5219379,90,0,62620030,2024-02-16 02:31:19.098,10,2024-02-15 03:00:00.400,0.0,30,30,-1,660000,95,11,0,8,6206.8096,0,316.93994,58fae100-6180-4ed2-b2f6-2155ab876ce2.extra_data.json,R5wtjjS0Fd,0,com.sec.android.app.shealth,5219379,27120000,58fae100-6180-4ed2-b2f6-2155ab876ce2,2024-02-15 00:00:00.000,
0,62620030,0,0,6256,300,3942037,90,0,62620030,2024-02-16 21:15:05.100,10,2024-02-16 03:00:01.447,0.0,30,30,-1,420000,72,9,0,8,4660.868,0,237.13998,22974ace-de03-42ee-b951-6d129a300b19.extra_data.json,R5wtjjS0Fd,0,com.sec.android.app.shealth,3942037,27900000,22974ace-de03-42ee-b951-6d129a300b19,2024-02-16 00:00:00.000,
0,62620030,0,0,1707,300,1080106,90,0,62620030,2024-02-18 00:10:48.317,10,2024-02-17 04:16:54.370,0.0,30,30,-1,360000,18,5,0,8,1265.6,0,67.76999,fd3fa2e5-b135-431e-8202-fbd85e4709b9.extra_data.json,R5wtjjS0Fd,1200,com.sec.android.app.shealth,1078906,31620000,fd3fa2e5-b135-431e-8202-fbd85e4709b9,2024-02-17 00:00:00.000,
0,62620030,0,0,0,300,0,90,0,62620030,2024-02-18 09:34:27.420,10,2024-02-18 03:00:00.679,0.0,30,30,-1,0,0,0,0,8,0.0,0,0.0,7f32780e-d87d-4b27-93a8-c7fabc9c8c35.extra_data.json,R5wtjjS0Fd,0,com.sec.android.app.shealth,0,-1,7f32780e-d87d-4b27-93a8-c7fabc9c8c35,2024-02-18 00:00:00.000,
0,62620030,0,0,5370,300,3407283,90,0,62620030,2024-02-19 19:35:14.546,10,2024-02-19 03:00:01.528,0.0,30,30,-1,300000,62,9,0,8,4016.6206,0,201.24002,3905c6c9-2700-44d1-bb4b-4e2eb8b8dba4.extra_data.json,R5wtjjS0Fd,0,com.sec.android.app.shealth,3407283,28140000,3905c6c9-2700-44d1-bb4b-4e2eb8b8dba4,2024-02-19 00:00:00.000,
0,62620030,0,0,7105,300,4533308,90,0,62620030,2024-02-20 21:55:08.314,10,2024-02-20 03:34:29.975,0.0,30,30,-1,180000,83,10,0,8,5330.3096,0,273.43002,9b0cedf4-b290-4a6b-9270-4633b819e83d.extra_data.json,R5wtjjS0Fd,3173,com.sec.android.app.shealth,4530135,28560000,9b0cedf4-b290-4a6b-9270-4633b819e83d,2024-02-20 00:00:00.000,
0,62620030,0,0,4268,300,2682951,90,0,62620030,2024-02-21 20:55:03.247,10,2024-02-21 03:00:00.621,0.0,30,30,-1,180000,48,9,0,8,3240.059,0,156.62003,cb4c8e54-31e7-41a3-8069-25accdba5403.extra_data.json,R5wtjjS0Fd,0,com.sec.android.app.shealth,2682951,26400000,cb4c8e54-31e7-41a3-8069-25accdba5403,2024-02-21 00:00:00.000,
0,62620030,0,0,6281,300,3842414,90,0,62620030,2024-02-23 03:00:01.757,10,2024-02-22 03:42:13.769,0.0,30,30,-1,360000,71,7,0,8,4744.9907,0,244.10999,b5d94287-4560-44a9-b1d9-0ceda005b803.extra_data.json,R5wtjjS0Fd,0,com.sec.android.app.shealth,3842414,38639999,b5d94287-4560-44a9-b1d9-0ceda005b803,2024-02-22 00:00:00.000,
0,62620030,0,0,6714,300,4299579,90,0,62620030,2024-02-23 21:00:55.800,10,2024-02-23 03:00:00.915,0.0,30,30,-1,360000,78,10,0,8,5021.4717,0,257.09995,5a942acc-0beb-46bb-9899-86207b92efd8.extra_data.json,R5wtjjS0Fd,0,com.sec.android.app.shealth,4299579,22380000,5a942acc-0beb-46bb-9899-86207b92efd8,2024-02-23 00:00:00.000,
0,62620030,0,1465000,8442,300,5169990,90,0,62620030,2024-02-25 18:44:18.068,10,2024-02-24 03:05:14.695,0.0,30,30,-1,840000,95,9,0,8,6460.638,0,333.8724,835718f2-3ec9-4eae-a69c-4762da5d62e6.extra_data.json,R5wtjjS0Fd,0,com.sec.android.app.shealth,5169990,27300000,835718f2-3ec9-4eae-a69c-4762da5d62e6,2024-02-24 00:00:00.000,
0,62620030,0,0,25,300,16675,90,0,62620030,2024-02-25 18:44:18.217,10,2024-02-25 03:00:00.579,0.0,30,30,-1,16675,0,1,0,8,16.97,0,0.93,9862b429-ebff-460b-9bc8-c848c8b7d525.extra_data.json,R5wtjjS0Fd,0,com.sec.android.app.shealth,16675,56520000,9862b429-ebff-460b-9bc8-c848c8b7d525,2024-02-25 00:00:00.000,
0,62620030,0,0,2410,300,1543107,90,0,62620030,2024-02-26 23:15:25.092,10,2024-02-26 03:00:00.658,0.0,30,30,-1,240000,27,8,0,8,1765.8702,0,95.45998,ff6a16ae-51a3-4a9f-b716-28d82a3886b2.extra_data.json,R5wtjjS0Fd,2000,com.sec.android.app.shealth,1541107,33120000,ff6a16ae-51a3-4a9f-b716-28d82a3886b2,2024-02-26 00:00:00.000,
0,62620030,0,0,7463,300,4736891,90,0,62620030,2024-02-27 22:37:45.157,10,2024-02-27 03:00:01.369,0.0,30,30,-1,420000,86,11,0,8,5532.3267,0,289.99,0ff640ba-5d5a-4068-9f45-a2d5bbecefae.extra_data.json,R5wtjjS0Fd,0,com.sec.android.app.shealth,4736891,27720000,0ff640ba-5d5a-4068-9f45-a2d5bbecefae,2024-02-27 00:00:00.000,
0,62620030,0,0,6352,300,3988607,90,0,62620030,2024-02-28 21:39:20.227,10,2024-02-28 03:00:00.461,0.0,30,30,-1,180000,73,11,0,8,4801.8687,0,237.60994,336352d8-fc8f-4ca4-bdda-498e985a435a.extra_data.json,R5wtjjS0Fd,0,com.sec.android.app.shealth,3988607,27900000,336352d8-fc8f-4ca4-bdda-498e985a435a,2024-02-28 00:00:00.000,
0,62620030,0,0,4488,300,2792706,90,0,62620030,2024-02-29 20:35:02.118,10,2024-02-29 03:00:00.503,0.0,30,30,-1,360000,51,8,0,8,3368.1506,0,174.28,bfe4d435-0285-4e27-899e-bc11703f509c.extra_data.json,R5wtjjS0Fd,0,com.sec.android.app.shealth,2792706,28320000,bfe4d435-0285-4e27-899e-bc11703f509c,2024-02-29 00:00:00.000,
0,62620030,0,0,7398,300,4731674,90,0,62620030,2024-03-01 23:15:01.863,10,2024-03-01 03:00:02.760,0.0,30,30,-1,300000,86,11,0,8,5566.1304,0,281.5501,0654636e-9a4e-4696-82cf-40a612dcf8c4.extra_data.json,R5wtjjS0Fd,2000,com.sec.android.app.shealth,4729674,29520000,0654636e-9a4e-4696-82cf-40a612dcf8c4,2024-03-01 00:00:00.000,
0,62620030,0,0,1893,300,1219763,90,0,62620030,2024-03-02 23:35:03.230,10,2024-03-02 03:50:15.244,0.0,30,30,-1,300000,22,6,0,8,1395.6501,0,74.180016,965af51f-2841-4696-96c8-a494700d0470.extra_data.json,R5wtjjS0Fd,0,com.sec.android.app.shealth,1219763,36240000,965af51f-2841-4696-96c8-a494700d0470,2024-03-02 00:00:00.000,
0,62620030,0,0,750,300,488214,90,0,62620030,2024-03-04 00:35:02.703,10,2024-03-03 03:00:01.362,0.0,30,30,-1,60000,8,5,0,8,553.56,0,28.789999,54cfe1b1-0a2b-4682-a643-c9f9af91125d.extra_data.json,R5wtjjS0Fd,0,com.sec.android.app.shealth,488214,26520000,54cfe1b1-0a2b-4682-a643-c9f9af91125d,2024-03-03 00:00:00.000,
0,62620030,0,0,5914,300,3737358,90,0,62620030,2024-03-05 00:55:02.306,10,2024-03-04 03:56:47.975,0.0,30,30,-1,480000,68,11,0,8,4432.221,0,220.94,52c58ddb-1f18-4f5b-8147-bfb725837671.extra_data.json,R5wtjjS0Fd,0,com.sec.android.app.shealth,3737358,23100000,52c58ddb-1f18-4f5b-8147-bfb725837671,2024-03-04 00:00:00.000,
0,62620030,0,4305000,14021,300,8493713,90,0,62620030,2024-03-05 20:26:45.036,10,2024-03-05 03:00:00.608,0.0,30,30,-1,1200000,156,10,0,8,10682.09,0,529.4269,2331f444-1c4e-462d-a90f-bda1507c1ee4.extra_data.json,R5wtjjS0Fd,0,com.sec.android.app.shealth,8493713,27780000,2331f444-1c4e-462d-a90f-bda1507c1ee4,2024-03-05 00:00:00.000,
0,62620030,0,2872000,11065,300,6753854,90,0,62620030,2024-03-07 09:33:22.119,10,2024-03-06 03:15:21.608,0.0,30,30,-1,1057000,124,9,0,8,8422.008,0,421.90402,89c891d3-803d-4b40-849d-24815c2bcd8c.extra_data.json,R5wtjjS0Fd,0,com.sec.android.app.shealth,6753854,32220000,89c891d3-803d-4b40-849d-24815c2bcd8c,2024-03-06 00:00:00.000,
0,62620030,0,2460000,8050,300,5180303,90,0,62620030,2024-03-08 11:55:07.161,10,2024-03-07 03:00:00.480,0.0,30,30,-1,1320000,95,9,0,8,6103.3423,0,304.8699,154fbe76-fff7-47b2-8051-f623511daff7.extra_data.json,R5wtjjS0Fd,0,com.sec.android.app.shealth,5180303,23580000,154fbe76-fff7-47b2-8051-f623511daff7,2024-03-07 00:00:00.000,
0,62620030,0,0,1391,300,866950,90,0,62620030,2024-03-09 12:55:03.448,10,2024-03-08 03:00:00.638,0.0,30,30,-1,180000,15,3,0,8,1041.6901,0,52.829998,5811096e-1cfa-4fe8-a40c-13e21fd84ff2.extra_data.json,R5wtjjS0Fd,0,com.sec.android.app.shealth,866950,35639999,5811096e-1cfa-4fe8-a40c-13e21fd84ff2,2024-03-08 00:00:00.000,
0,62620030,0,0,1310,300,857552,90,0,62660010,2024-04-01 21:30:30.516,10,2024-03-09 03:00:00.374,0.0,30,30,-1,360000,15,2,0,8,965.41003,0,51.55,ee6c7ec2-8eff-4f45-b49c-392e9b1dd92a.extra_data.json,R5wtjjS0Fd,0,com.sec.android.app.shealth,857552,46799999,ee6c7ec2-8eff-4f45-b49c-392e9b1dd92a,2024-03-09 00:00:00.000,
0,62620030,0,0,0,300,0,90,0,62620030,2024-03-10 09:23:50.799,10,2024-03-10 03:00:00.531,0.0,30,30,-1,0,0,0,0,8,0.0,0,0.0,75a3c90d-63cf-4083-9b39-0856cd0350d7.extra_data.json,R5wtjjS0Fd,0,com.sec.android.app.shealth,0,-1,75a3c90d-63cf-4083-9b39-0856cd0350d7,2024-03-10 00:00:00.000,
0,62620030,0,0,5166,300,3307379,90,0,62620030,2024-03-11 22:03:48.163,10,2024-03-11 03:25:55.590,0.0,30,30,-1,360000,61,9,0,8,3835.9492,0,198.42004,7e1d58e9-8ead-4b01-8479-7e25fc78176c.extra_data.json,R5wtjjS0Fd,1600,com.sec.android.app.shealth,3305779,32520000,7e1d58e9-8ead-4b01-8479-7e25fc78176c,2024-03-11 00:00:00.000,
0,62620030,0,660000,6148,300,3876948,90,0,62620030,2024-03-12 19:55:02.296,10,2024-03-12 03:48:44.328,0.0,30,30,-1,660000,71,8,0,8,4576.501,0,238.83,cc326b53-714b-4b7e-8467-efd628cb91b9.extra_data.json,R5wtjjS0Fd,0,com.sec.android.app.shealth,3876948,33060000,cc326b53-714b-4b7e-8467-efd628cb91b9,2024-03-12 00:00:00.000,
0,62620030,0,0,4177,300,2612335,90,0,62650170,2024-03-14 00:34:47.424,10,2024-03-13 03:53:06.565,0.0,30,30,-1,360000,47,6,0,8,3102.47,0,157.36,f5270924-bdf3-428e-acfb-30475d551e9f.extra_data.json,R5wtjjS0Fd,1600,com.sec.android.app.shealth,2610735,47880000,f5270924-bdf3-428e-acfb-30475d551e9f,2024-03-13 00:00:00.000,
0,62650170,0,0,1567,300,1004959,90,0,62650170,2024-03-15 01:02:40.283,10,2024-03-14 04:41:25.800,0.0,30,30,-1,360000,17,6,0,8,1159.3502,0,61.53,be7e574a-2558-43f6-81ba-9943a1243d38.extra_data.json,R5wtjjS0Fd,0,com.sec.android.app.shealth,1004959,31260000,be7e574a-2558-43f6-81ba-9943a1243d38,2024-03-14 00:00:00.000,
0,62650170,0,0,4608,300,2904852,90,0,62650170,2024-03-15 20:46:03.195,10,2024-03-15 03:00:02.161,0.0,30,30,-1,360000,53,7,0,8,3461.0496,0,173.07,6afbe44b-d933-4a0a-b954-7c72e0a14322.extra_data.json,R5wtjjS0Fd,0,com.sec.android.app.shealth,2904852,31140000,6afbe44b-d933-4a0a-b954-7c72e0a14322,2024-03-15 00:00:00.000,
0,62650170,0,0,1527,300,963575,90,0,62650170,2024-03-17 04:32:23.498,10,2024-03-16 03:00:01.087,0.0,30,30,-1,240000,17,3,0,8,1125.5902,0,59.77001,83b8e82e-109a-4c6c-9083-3e0cc1b855de.extra_data.json,R5wtjjS0Fd,0,com.sec.android.app.shealth,963575,39959999,83b8e82e-109a-4c6c-9083-3e0cc1b855de,2024-03-16 00:00:00.000,
0,62650170,0,0,3146,300,2010968,90,0,62650170,2024-03-17 19:26:11.976,10,2024-03-17 04:32:22.152,0.0,30,30,-1,300000,36,3,0,8,2311.0994,0,124.37002,14103b23-7434-4883-99fc-f5045d0a2fec.extra_data.json,R5wtjjS0Fd,1200,com.sec.android.app.shealth,2009768,38880000,14103b23-7434-4883-99fc-f5045d0a2fec,2024-03-17 00:00:00.000,
0,62650170,0,0,3600,300,2143775,90,0,62650170,2024-03-18 22:59:34.174,10,2024-03-18 03:05:32.916,0.0,30,30,-1,360000,38,7,0,8,2707.1501,0,131.59,8fc50cbd-9539-46e6-92b9-fef58a5942e0.extra_data.json,R5wtjjS0Fd,0,com.sec.android.app.shealth,2143775,38100000,8fc50cbd-9539-46e6-92b9-fef58a5942e0,2024-03-18 00:00:00.000,
0,62650170,0,0,5498,300,3558484,90,0,62650170,2024-03-19 22:15:03.084,10,2024-03-19 03:00:00.489,0.0,30,30,-1,240000,65,9,0,8,4085.68,0,208.20995,c105bc97-d626-45da-a699-c6d42d94605f.extra_data.json,R5wtjjS0Fd,2400,com.sec.android.app.shealth,3556084,36420000,c105bc97-d626-45da-a699-c6d42d94605f,2024-03-19 00:00:00.000,
0,62650170,0,0,2542,300,1652616,90,0,62650170,2024-03-20 21:45:37.588,10,2024-03-20 03:00:00.421,0.0,30,30,-1,240000,30,8,0,8,1863.9801,0,98.33,69d677d9-57ba-47e9-894f-a2f7c1319054.extra_data.json,R5wtjjS0Fd,0,com.sec.android.app.shealth,1652616,34380000,69d677d9-57ba-47e9-894f-a2f7c1319054,2024-03-20 00:00:00.000,
0,62650170,0,0,2953,300,1916658,90,0,62650170,2024-03-21 20:15:13.905,10,2024-03-21 03:00:00.660,0.0,30,30,-1,240000,34,9,0,8,2190.76,0,112.45001,4a35d822-ba46-469f-9cf9-de0ff9539033.extra_data.json,R5wtjjS0Fd,0,com.sec.android.app.shealth,1916658,31260000,4a35d822-ba46-469f-9cf9-de0ff9539033,2024-03-21 00:00:00.000,
0,62650170,0,0,1788,300,1192566,90,0,62650170,2024-03-22 23:35:02.029,10,2024-03-22 03:00:00.538,0.0,30,30,-1,60000,21,5,0,8,1349.6602,0,64.090004,7af4b3c4-7560-4379-9a70-b34e715611f2.extra_data.json,R5wtjjS0Fd,0,com.sec.android.app.shealth,1192566,32700000,7af4b3c4-7560-4379-9a70-b34e715611f2,2024-03-22 00:00:00.000,
0,62650170,0,0,554,300,367487,90,0,62650170,2024-03-23 23:23:08.919,10,2024-03-23 04:53:33.418,0.0,30,30,-1,60000,6,3,0,8,400.63,0,21.46,249a47e8-96ba-4dba-aee6-cc1420f7cbd4.extra_data.json,R5wtjjS0Fd,0,com.sec.android.app.shealth,367487,35880000,249a47e8-96ba-4dba-aee6-cc1420f7cbd4,2024-03-23 00:00:00.000,
0,62650170,0,0,131,300,87377,90,0,62650170,2024-03-25 00:35:04.350,10,2024-03-24 03:01:34.807,0.0,30,30,-1,24679,1,3,0,8,93.88999,0,4.8599997,f2762ee4-25aa-4572-89ef-cb63078c9a05.extra_data.json,R5wtjjS0Fd,0,com.sec.android.app.shealth,87377,42780000,f2762ee4-25aa-4572-89ef-cb63078c9a05,2024-03-24 00:00:00.000,
0,62650170,0,0,19,300,12673,90,0,62660010,2024-04-01 21:30:27.999,10,2024-03-25 03:00:00.500,0.0,30,30,-1,8671,0,0,0,8,13.69,0,0.71,79953463-ea0a-4ac4-ae12-0affaf08c00e.extra_data.json,R5wtjjS0Fd,0,com.sec.android.app.shealth,12673,30060000,79953463-ea0a-4ac4-ae12-0affaf08c00e,2024-03-25 00:00:00.000,
0,62650170,0,0,3716,300,2368734,90,0,62650170,2024-03-26 18:55:01.996,10,2024-03-26 04:40:04.312,0.0,30,30,-1,240000,43,6,0,8,2772.2598,0,143.12001,29a57d05-e313-45a7-9aa8-48a6a776af68.extra_data.json,R5wtjjS0Fd,0,com.sec.android.app.shealth,2368734,32940000,29a57d05-e313-45a7-9aa8-48a6a776af68,2024-03-26 00:00:00.000,
0,62650170,0,2040000,6046,300,3619763,90,0,62650170,2024-03-27 18:36:02.599,10,2024-03-27 03:54:43.842,0.0,30,30,-1,1200000,66,7,0,8,4646.3394,0,224.51003,f3d26948-2b42-4276-b68f-36c80edf45ff.extra_data.json,R5wtjjS0Fd,0,com.sec.android.app.shealth,3619763,33840000,f3d26948-2b42-4276-b68f-36c80edf45ff,2024-03-27 00:00:00.000,
0,62650170,0,0,2803,300,1809968,90,0,62650170,2024-03-28 23:05:53.468,10,2024-03-28 04:31:39.555,0.0,30,30,-1,420000,33,7,0,8,2056.43,0,106.47,92134498-9f38-46fd-9a89-1f7e03ab8174.extra_data.json,R5wtjjS0Fd,0,com.sec.android.app.shealth,1809968,36120000,92134498-9f38-46fd-9a89-1f7e03ab8174,2024-03-28 00:00:00.000,
0,62650170,0,0,57,300,38019,90,0,62650170,2024-03-29 16:55:03.957,10,2024-03-29 03:00:00.414,0.0,30,30,-1,14674,0,1,0,8,41.34,0,2.13,b7879382-aa18-4b10-a8b8-7416671a061d.extra_data.json,R5wtjjS0Fd,0,com.sec.android.app.shealth,38019,42000000,b7879382-aa18-4b10-a8b8-7416671a061d,2024-03-29 00:00:00.000,
0,62650170,0,0,419,300,279473,90,0,62650170,2024-03-30 22:55:06.003,10,2024-03-30 04:20:35.475,0.0,30,30,-1,35351,4,3,0,8,307.63998,0,16.04,2165cd69-53c5-4942-9305-1a62ae6b0d81.extra_data.json,R5wtjjS0Fd,0,com.sec.android.app.shealth,279473,41280000,2165cd69-53c5-4942-9305-1a62ae6b0d81,2024-03-30 00:00:00.000,
0,62650170,0,0,69,300,46023,90,0,62650170,2024-04-01 00:55:05.086,10,2024-03-31 03:00:00.400,0.0,30,30,-1,20010,0,1,0,8,49.6,0,2.6399999,cd8db87c-ab4a-42ba-9e6c-5ad626dde7c9.extra_data.json,R5wtjjS0Fd,0,com.sec.android.app.shealth,46023,27960000,cd8db87c-ab4a-42ba-9e6c-5ad626dde7c9,2024-03-31 00:00:00.000,
0,62650170,0,2322000,7634,300,4671426,90,0,62660010,2024-04-02 00:21:30.325,10,2024-04-01 03:24:05.969,0.0,30,30,-1,1242000,85,6,0,8,5808.011,0,300.66595,08f34ead-abca-4444-88cf-4e13261a84e9.extra_data.json,R5wtjjS0Fd,1600,com.sec.android.app.shealth,4669826,29880000,08f34ead-abca-4444-88cf-4e13261a84e9,2024-04-01 00:00:00.000,
0,62660010,0,0,30,300,20010,90,0,62660010,2024-04-03 03:23:39.070,10,2024-04-02 03:43:55.988,0.0,30,30,-1,16008,0,1,0,8,22.480001,0,1.08,b5e92e7b-ca9a-4104-b6b2-d28695040270.extra_data.json,R5wtjjS0Fd,0,com.sec.android.app.shealth,20010,55019999,b5e92e7b-ca9a-4104-b6b2-d28695040270,2024-04-02 00:00:00.000,
0,62660010,0,0,7018,300,4377935,90,0,62660010,2024-04-03 23:35:05.008,10,2024-04-03 03:23:38.234,0.0,30,30,-1,600000,80,5,0,8,5228.1904,0,274.56,4a18600e-d670-42ff-a07c-a66948e34405.extra_data.json,R5wtjjS0Fd,400,com.sec.android.app.shealth,4377535,28980000,4a18600e-d670-42ff-a07c-a66948e34405,2024-04-03 00:00:00.000,
0,62660010,0,0,1706,300,1109071,90,0,62660010,2024-04-04 22:55:04.823,10,2024-04-04 03:00:02.473,0.0,30,30,-1,180000,20,4,0,8,1253.81,0,66.590004,5a118ede-d319-4120-b998-90659979d522.extra_data.json,R5wtjjS0Fd,0,com.sec.android.app.shealth,1109071,30900000,5a118ede-d319-4120-b998-90659979d522,2024-04-04 00:00:00.000,
0,62660010,0,0,1563,300,1007627,90,0,62660010,2024-04-06 04:36:30.977,10,2024-04-05 03:00:00.644,0.0,30,30,-1,240000,17,3,0,8,1152.5701,0,61.77,816cc579-83c4-4772-aa3a-450f5af21440.extra_data.json,R5wtjjS0Fd,0,com.sec.android.app.shealth,1007627,28559999,816cc579-83c4-4772-aa3a-450f5af21440,2024-04-05 00:00:00.000,
0,62660010,0,0,3549,300,2225936,90,0,62660010,2024-04-07 00:45:34.240,10,2024-04-06 04:36:30.566,0.0,30,30,-1,420000,41,8,0,8,2648.56,0,135.47998,f7205f5f-22d7-40fc-ae03-88aef566d1ba.extra_data.json,R5wtjjS0Fd,0,com.sec.android.app.shealth,2225936,28560000,f7205f5f-22d7-40fc-ae03-88aef566d1ba,2024-04-06 00:00:00.000,
0,62660010,0,0,95,300,63365,90,0,62660010,2024-04-08 03:31:10.064,10,2024-04-07 03:00:00.459,0.0,30,30,-1,16008,1,2,0,8,68.37,0,3.5700002,d74f4886-ec8f-4c58-8c4d-ef24356446c9.extra_data.json,R5wtjjS0Fd,0,com.sec.android.app.shealth,63365,33299999,d74f4886-ec8f-4c58-8c4d-ef24356446c9,2024-04-07 00:00:00.000,
0,62660010,0,0,3930,300,2376558,90,0,62660010,2024-04-08 21:26:52.801,10,2024-04-08 03:31:09.557,0.0,30,30,-1,360000,43,6,0,8,2933.8904,0,153.73999,c4d0d33f-cd00-4073-8c29-173460c44191.extra_data.json,R5wtjjS0Fd,0,com.sec.android.app.shealth,2376558,36780000,c4d0d33f-cd00-4073-8c29-173460c44191,2024-04-08 00:00:00.000,
0,62660010,0,0,4826,300,2960580,90,0,62660010,2024-04-09 21:55:05.902,10,2024-04-09 03:05:11.255,0.0,30,30,-1,420000,54,9,0,8,3610.3408,0,189.52992,6a4b9d30-b992-4feb-bca1-d0e9e1cea214.extra_data.json,R5wtjjS0Fd,0,com.sec.android.app.shealth,2960580,30960000,6a4b9d30-b992-4feb-bca1-d0e9e1cea214,2024-04-09 00:00:00.000,
0,62660010,0,0,1955,300,1258996,90,0,62660010,2024-04-10 21:15:06.492,10,2024-04-10 04:17:50.162,0.0,30,30,-1,240000,22,7,0,8,1439.6798,0,77.47,bae49b87-14d6-4ece-b3a2-964237b23f59.extra_data.json,R5wtjjS0Fd,0,com.sec.android.app.shealth,1258996,30660000,bae49b87-14d6-4ece-b3a2-964237b23f59,2024-04-10 00:00:00.000,
0,62660010,0,0,3385,300,2176638,90,0,62660010,2024-04-11 22:43:22.257,10,2024-04-11 03:00:00.856,0.0,30,30,-1,240000,40,8,0,8,2498.7598,0,132.93001,02534fb5-964d-470e-8b99-b4a9b33d707e.extra_data.json,R5wtjjS0Fd,0,com.sec.android.app.shealth,2176638,29400000,02534fb5-964d-470e-8b99-b4a9b33d707e,2024-04-11 00:00:00.000,
0,62660010,0,0,33,300,22011,90,0,62660010,2024-04-13 14:35:07.645,10,2024-04-12 03:00:00.450,0.0,30,30,-1,22011,0,1,0,8,23.17,0,1.25,aa3ad31a-812f-4460-b808-f0335de1a016.extra_data.json,R5wtjjS0Fd,0,com.sec.android.app.shealth,22011,51539999,aa3ad31a-812f-4460-b808-f0335de1a016,2024-04-12 00:00:00.000,
0,62660010,0,0,97,300,64699,90,0,62660010,2024-04-13 22:43:20.925,10,2024-04-13 03:00:00.729,0.0,30,30,-1,30015,1,2,0,8,69.32,0,3.6200001,ffdfe9f5-295e-4276-ab5e-0b291a1df13e.extra_data.json,R5wtjjS0Fd,0,com.sec.android.app.shealth,64699,41400000,ffdfe9f5-295e-4276-ab5e-0b291a1df13e,2024-04-13 00:00:00.000,
0,62660010,0,0,61,300,40687,90,0,62660010,2024-04-14 16:15:03.680,10,2024-04-14 03:27:59.850,0.0,30,30,-1,11339,0,2,0,8,43.68,0,2.3,19082e8d-6d17-4b98-945c-c7ab65f1fb72.extra_data.json,R5wtjjS0Fd,0,com.sec.android.app.shealth,40687,46380000,19082e8d-6d17-4b98-945c-c7ab65f1fb72,2024-04-14 00:00:00.000,
0,62660010,0,0,2376,300,1521824,90,0,62660010,2024-04-15 20:31:03.047,10,2024-04-15 03:06:01.404,0.0,30,30,-1,360000,27,5,0,8,1778.6702,0,91.17,4f645498-e447-4faf-b7f6-e96053015f2e.extra_data.json,R5wtjjS0Fd,0,com.sec.android.app.shealth,1521824,37320000,4f645498-e447-4faf-b7f6-e96053015f2e,2024-04-15 00:00:00.000,
0,62660010,0,0,2425,300,1533800,90,0,62660010,2024-04-16 21:36:00.576,10,2024-04-16 03:23:23.562,0.0,30,30,-1,300000,27,5,0,8,1808.6898,0,94.920006,9722e797-6457-4953-b8c0-526c5e4409bf.extra_data.json,R5wtjjS0Fd,0,com.sec.android.app.shealth,1533800,34680000,9722e797-6457-4953-b8c0-526c5e4409bf,2024-04-16 00:00:00.000,
0,62660010,0,0,3026,300,1957375,90,0,62660010,2024-04-17 20:58:28.825,10,2024-04-17 03:00:00.948,0.0,30,30,-1,300000,35,6,0,8,2254.42,0,118.55,8e9c23ce-468c-4adb-8a4b-11c2a5e1d2c1.extra_data.json,R5wtjjS0Fd,0,com.sec.android.app.shealth,1957375,29700000,8e9c23ce-468c-4adb-8a4b-11c2a5e1d2c1,2024-04-17 00:00:00.000,
0,62660010,0,0,5087,300,3210278,90,0,62660010,2024-04-18 18:35:02.170,10,2024-04-18 03:00:00.719,0.0,30,30,-1,420000,58,6,0,8,3758.2998,0,200.46005,a59137f2-b21b-4939-97ca-e6999c42f670.extra_data.json,R5wtjjS0Fd,1935,com.sec.android.app.shealth,3208343,33060000,a59137f2-b21b-4939-97ca-e6999c42f670,2024-04-18 00:00:00.000,
0,62660010,0,0,224,300,149408,90,0,62660010,2024-04-19 22:35:07.064,10,2024-04-19 03:11:23.465,0.0,30,30,-1,26013,2,4,0,8,164.73001,0,8.34,ef718cb0-6521-49f4-a008-abe1199714c0.extra_data.json,R5wtjjS0Fd,0,com.sec.android.app.shealth,149408,38340000,ef718cb0-6521-49f4-a008-abe1199714c0,2024-04-19 00:00:00.000,
0,62660010,0,0,52,300,34684,90,0,62660010,2024-04-21 11:15:03.643,10,2024-04-20 03:17:21.252,0.0,30,30,-1,10672,0,0,0,8,37.99,0,1.93,10c2b349-760d-4972-ae86-b999bbc90bbb.extra_data.json,R5wtjjS0Fd,0,com.sec.android.app.shealth,34684,31920000,10c2b349-760d-4972-ae86-b999bbc90bbb,2024-04-20 00:00:00.000,
0,62660010,0,0,2937,300,1803635,90,0,62660010,2024-04-22 03:32:40.106,10,2024-04-21 03:00:00.596,0.0,30,30,-1,480000,33,2,0,8,2182.3599,0,116.05,7c3fdbfb-1713-409c-ba43-bdf06b3e4a52.extra_data.json,R5wtjjS0Fd,0,com.sec.android.app.shealth,1803635,53759999,7c3fdbfb-1713-409c-ba43-bdf06b3e4a52,2024-04-21 00:00:00.000,
0,62660010,0,0,1728,300,1093580,90,0,62660010,2024-04-22 22:15:31.357,10,2024-04-22 03:32:39.201,0.0,30,30,-1,300000,20,3,0,8,1286.7599,0,67.90001,997b871c-f47f-4040-b1ae-318bc2a8b23a.extra_data.json,R5wtjjS0Fd,0,com.sec.android.app.shealth,1093580,32820000,997b871c-f47f-4040-b1ae-318bc2a8b23a,2024-04-22 00:00:00.000,
0,62660010,0,0,383,300,255461,90,0,62660010,2024-04-24 01:33:10.871,10,2024-04-23 03:00:01.389,0.0,30,30,-1,25346,4,4,0,8,276.0,0,14.57,9baa64b0-c598-4bdf-99f8-e5541705d6b2.extra_data.json,R5wtjjS0Fd,0,com.sec.android.app.shealth,255461,29640000,9baa64b0-c598-4bdf-99f8-e5541705d6b2,2024-04-23 00:00:00.000,
0,62660010,0,0,1793,300,1106980,90,0,62660010,2024-04-24 22:55:03.132,10,2024-04-24 03:00:02.159,0.0,30,30,-1,300000,20,7,0,8,1341.6096,0,68.78,673646fc-5233-4a0d-a7dd-1a0713ea6c57.extra_data.json,R5wtjjS0Fd,0,com.sec.android.app.shealth,1106980,31200000,673646fc-5233-4a0d-a7dd-1a0713ea6c57,2024-04-24 00:00:00.000,
0,62660010,0,2755000,8989,300,5367250,90,0,62660010,2024-04-26 12:07:52.817,10,2024-04-25 03:00:00.703,0.0,30,30,-1,1320000,98,8,0,8,6849.1753,0,345.04755,a52f24e3-0b40-4f92-8f0f-1baafe0fcbb2.extra_data.json,R5wtjjS0Fd,0,com.sec.android.app.shealth,5367250,30359999,a52f24e3-0b40-4f92-8f0f-1baafe0fcbb2,2024-04-25 00:00:00.000,
0,62660010,0,0,4188,300,2665519,90,0,62660010,2024-04-26 22:40:03.207,10,2024-04-26 03:00:00.633,0.0,30,30,-1,360000,48,8,0,8,3110.4902,0,157.86996,d395d6b5-f842-4959-bf78-9e1c21804465.extra_data.json,R5wtjjS0Fd,0,com.sec.android.app.shealth,2665519,32820000,d395d6b5-f842-4959-bf78-9e1c21804465,2024-04-26 00:00:00.000,
0,62660010,0,0,0,300,0,90,0,62660010,2024-04-27 09:00:02.989,10,2024-04-27 03:00:01.737,0.0,30,30,-1,0,0,0,0,8,0.0,0,0.0,2ebf6a33-5466-4bab-9b33-a569506d920d.extra_data.json,R5wtjjS0Fd,0,com.sec.android.app.shealth,0,-1,2ebf6a33-5466-4bab-9b33-a569506d920d,2024-04-27 00:00:00.000,
0,62660010,0,0,153,300,102051,90,0,62660010,2024-04-28 23:03:24.805,10,2024-04-28 03:00:00.764,0.0,30,30,-1,22011,1,2,0,8,109.57,0,5.749999,d74fc63b-fd66-4377-94b0-cfc6b5c0d40d.extra_data.json,R5wtjjS0Fd,0,com.sec.android.app.shealth,102051,58380000,d74fc63b-fd66-4377-94b0-cfc6b5c0d40d,2024-04-28 00:00:00.000,
0,62660010,0,0,583,300,388861,90,0,62660010,2024-04-30 03:54:16.879,10,2024-04-29 04:35:39.266,0.0,30,30,-1,42021,6,4,0,8,429.44,0,22.109999,8456f1bb-0f2e-4a66-9514-19d35b03db86.extra_data.json,R5wtjjS0Fd,0,com.sec.android.app.shealth,388861,41159999,8456f1bb-0f2e-4a66-9514-19d35b03db86,2024-04-29 00:00:00.000,
0,62660010,0,0,3953,300,2500830,90,0,62660010,2024-04-30 20:38:01.887,10,2024-04-30 03:54:16.437,0.0,30,30,-1,180000,45,6,0,8,2949.5505,0,148.87007,2a8a1ad4-b082-4428-a7ec-ce7a9ebdd723.extra_data.json,R5wtjjS0Fd,0,com.sec.android.app.shealth,2500830,31020000,2a8a1ad4-b082-4428-a7ec-ce7a9ebdd723,2024-04-30 00:00:00.000,
0,62660010,0,0,672,300,448224,90,0,62660010,2024-05-01 23:35:01.560,10,2024-05-01 03:54:20.695,0.0,30,30,-1,60000,7,3,0,8,479.29,0,25.860003,97bdf909-c495-4791-9d23-f7b207b9da40.extra_data.json,R5wtjjS0Fd,0,com.sec.android.app.shealth,448224,35940000,97bdf909-c495-4791-9d23-f7b207b9da40,2024-05-01 00:00:00.000,
0,62660010,0,0,2422,300,1534527,90,0,62660010,2024-05-02 20:15:03.968,10,2024-05-02 03:00:01.747,0.0,30,30,-1,120000,27,5,0,8,1796.0397,0,93.33999,4b0d527f-be7b-431b-92e4-bde0b8b1dfa9.extra_data.json,R5wtjjS0Fd,0,com.sec.android.app.shealth,1534527,35280000,4b0d527f-be7b-431b-92e4-bde0b8b1dfa9,2024-05-02 00:00:00.000,
0,62660010,0,0,2341,300,1455701,90,0,62660010,2024-05-03 21:25:33.024,10,2024-05-03 03:59:53.470,0.0,30,30,-1,300000,26,7,0,8,1745.7302,0,88.34,3c850520-2351-40bc-b092-219a82316a48.extra_data.json,R5wtjjS0Fd,0,com.sec.android.app.shealth,1455701,32760000,3c850520-2351-40bc-b092-219a82316a48,2024-05-03 00:00:00.000,
0,62660010,0,0,104,300,69368,90,0,62660010,2024-05-05 00:35:05.931,10,2024-05-04 04:53:36.584,0.0,30,30,-1,32016,1,2,0,8,74.3,0,3.9299998,890b4861-febf-4ffa-8122-63498a400adb.extra_data.json,R5wtjjS0Fd,0,com.sec.android.app.shealth,69368,30660000,890b4861-febf-4ffa-8122-63498a400adb,2024-05-04 00:00:00.000,
0,62660010,0,0,761,300,507587,90,0,62660010,2024-05-05 22:35:08.564,10,2024-05-05 03:00:00.520,0.0,30,30,-1,38686,8,7,0,8,553.1,0,28.84,623d416c-41ce-41bc-8450-60d7b1affec2.extra_data.json,R5wtjjS0Fd,0,com.sec.android.app.shealth,507587,25620000,623d416c-41ce-41bc-8450-60d7b1affec2,2024-05-05 00:00:00.000,
0,62660010,0,0,5090,300,3160103,90,0,62660010,2024-05-06 23:55:05.073,10,2024-05-06 03:52:35.515,0.0,30,30,-1,480000,57,6,0,8,3788.6404,0,199.29001,f5134ca5-00b0-44d7-8481-206dce0e7150.extra_data.json,R5wtjjS0Fd,0,com.sec.android.app.shealth,3160103,27360000,f5134ca5-00b0-44d7-8481-206dce0e7150,2024-05-06 00:00:00.000,
0,62660010,0,0,2643,300,1668594,90,0,62660010,2024-05-08 12:55:04.691,10,2024-05-07 03:00:00.714,0.0,30,30,-1,240000,30,4,0,8,1966.1306,0,102.21999,65f3981c-17a7-431a-9258-0df5d3c83cf8.extra_data.json,R5wtjjS0Fd,0,com.sec.android.app.shealth,1668594,36479999,65f3981c-17a7-431a-9258-0df5d3c83cf8,2024-05-07 00:00:00.000,
0,62660010,0,0,3734,300,2356031,90,0,62660010,2024-05-08 20:52:04.190,10,2024-05-08 03:00:00.755,0.0,30,30,-1,300000,43,6,0,8,2784.3704,0,144.86,6d02b602-ac57-44fe-a132-934260a2918b.extra_data.json,R5wtjjS0Fd,0,com.sec.android.app.shealth,2356031,35040000,6d02b602-ac57-44fe-a132-934260a2918b,2024-05-08 00:00:00.000,
0,62660010,0,0,2232,300,1378922,90,0,62660010,2024-05-09 22:00:14.090,10,2024-05-09 03:00:00.588,0.0,30,30,-1,300000,24,7,0,8,1678.3998,0,86.58999,cc01c9bb-03a6-4708-ad31-84ceaf571b44.extra_data.json,R5wtjjS0Fd,1200,com.sec.android.app.shealth,1377722,29100000,cc01c9bb-03a6-4708-ad31-84ceaf571b44,2024-05-09 00:00:00.000,
0,62660010,0,0,848,300,552246,90,0,62660010,2024-05-10 22:50:06.283,10,2024-05-10 03:22:40.644,0.0,30,30,-1,120000,10,5,0,8,632.58,0,32.649994,c19d5b9d-e860-493e-9bc2-b8825d4c39db.extra_data.json,R5wtjjS0Fd,0,com.sec.android.app.shealth,552246,48720000,c19d5b9d-e860-493e-9bc2-b8825d4c39db,2024-05-10 00:00:00.000,
0,62660010,0,0,90,300,60030,90,0,62660010,2024-05-11 23:55:26.339,10,2024-05-11 04:54:16.896,0.0,30,30,-1,13340,1,2,0,8,64.61,0,3.35,9f3fb1dc-ea56-4582-b168-b23c6246e2fd.extra_data.json,R5wtjjS0Fd,0,com.sec.android.app.shealth,60030,37500000,9f3fb1dc-ea56-4582-b168-b23c6246e2fd,2024-05-11 00:00:00.000,
0,62660010,0,0,1793,300,1191232,90,0,62660010,2024-05-12 22:35:02.661,10,2024-05-12 03:33:57.166,0.0,30,30,-1,60000,21,7,0,8,1339.5599,0,67.75,cc05bc28-fa56-453d-ae5f-8b271d69a728.extra_data.json,R5wtjjS0Fd,0,com.sec.android.app.shealth,1191232,28680000,cc05bc28-fa56-453d-ae5f-8b271d69a728,2024-05-12 00:00:00.000,
0,62660010,0,0,1868,300,1196328,90,0,62660010,2024-05-13 22:55:05.245,10,2024-05-13 03:00:00.459,0.0,30,30,-1,360000,21,8,0,8,1376.5497,0,73.54,9425f952-96a8-46ee-8e80-88c4cb8dbfec.extra_data.json,R5wtjjS0Fd,0,com.sec.android.app.shealth,1196328,29880000,9425f952-96a8-46ee-8e80-88c4cb8dbfec,2024-05-13 00:00:00.000,
0,62660010,0,0,3046,300,1871909,90,0,62660010,2024-05-14 22:15:03.981,10,2024-05-14 04:24:28.468,0.0,30,30,-1,300000,34,5,0,8,2296.13,0,108.56999,729bdd73-fedb-4063-a133-1e20efb30d55.extra_data.json,R5wtjjS0Fd,0,com.sec.android.app.shealth,1871909,41040000,729bdd73-fedb-4063-a133-1e20efb30d55,2024-05-14 00:00:00.000,
0,62660010,0,0,4004,300,2441984,90,0,62660010,2024-05-16 03:54:16.162,10,2024-05-15 03:06:04.151,0.0,30,30,-1,360000,44,9,0,8,3016.2407,0,149.33998,a342c2ad-986f-445e-b926-1164d8763ffa.extra_data.json,R5wtjjS0Fd,0,com.sec.android.app.shealth,2441984,30779999,a342c2ad-986f-445e-b926-1164d8763ffa,2024-05-15 00:00:00.000,
0,62660010,0,0,3357,300,2177455,90,0,62660010,2024-05-16 22:35:23.338,10,2024-05-16 03:54:15.710,0.0,30,30,-1,360000,40,7,0,8,2468.5007,0,130.63,d259b62c-3785-4942-9df1-e5c1a43c8725.extra_data.json,R5wtjjS0Fd,0,com.sec.android.app.shealth,2177455,31140000,d259b62c-3785-4942-9df1-e5c1a43c8725,2024-05-16 00:00:00.000,
0,62660010,0,0,139,300,92713,90,0,62660010,2024-05-17 21:51:56.038,10,2024-05-17 03:00:00.437,0.0,30,30,-1,28014,1,4,0,8,96.61,0,5.31,d5f3bab6-f217-4ae0-8e6f-f5407d7518e5.extra_data.json,R5wtjjS0Fd,0,com.sec.android.app.shealth,92713,34080000,d5f3bab6-f217-4ae0-8e6f-f5407d7518e5,2024-05-17 00:00:00.000,
0,62660010,0,0,15,300,10005,90,0,62670070,2024-06-04 21:11:49.898,10,2024-05-18 03:00:00.478,0.0,30,30,-1,10005,0,0,0,8,10.93,0,0.54,f92eeed9-cfda-4c56-8ed0-9dfa7a4760a5.extra_data.json,R5wtjjS0Fd,0,com.sec.android.app.shealth,10005,85919999,f92eeed9-cfda-4c56-8ed0-9dfa7a4760a5,2024-05-18 00:00:00.000,
0,62660010,0,0,830,300,532206,90,0,62660010,2024-05-19 23:25:28.971,10,2024-05-19 03:02:54.139,0.0,30,30,-1,120000,8,2,0,8,615.06,0,29.489998,c22533a6-5bc7-4f08-86d3-80baa6d69882.extra_data.json,R5wtjjS0Fd,0,com.sec.android.app.shealth,532206,28800000,c22533a6-5bc7-4f08-86d3-80baa6d69882,2024-05-19 00:00:00.000,
0,62660010,0,0,2385,300,1533800,90,0,62660010,2024-05-21 01:15:05.157,10,2024-05-20 03:21:52.997,0.0,30,30,-1,360000,27,10,0,8,1766.2106,0,92.02001,e9f0e017-b653-41fe-b928-6b0971333d97.extra_data.json,R5wtjjS0Fd,0,com.sec.android.app.shealth,1533800,19920000,e9f0e017-b653-41fe-b928-6b0971333d97,2024-05-20 00:00:00.000,
0,62660010,0,2083078,6084,300,3682585,90,0,62660010,2024-05-21 23:04:25.167,10,2024-05-21 03:02:20.250,0.0,30,30,-1,1380000,67,8,0,8,4581.7754,0,221.516,cbf1caff-8fe2-4916-b2af-05cbbf95ce7d.extra_data.json,R5wtjjS0Fd,0,com.sec.android.app.shealth,3682585,28200000,cbf1caff-8fe2-4916-b2af-05cbbf95ce7d,2024-05-21 00:00:00.000,
0,62660010,0,0,2911,300,1818519,90,0,62660010,2024-05-23 00:34:50.444,10,2024-05-22 03:07:58.684,0.0,30,30,-1,360000,33,6,0,8,2178.8699,0,110.56,78d7fa22-29da-4432-a36f-c4277f78e18a.extra_data.json,R5wtjjS0Fd,0,com.sec.android.app.shealth,1818519,29100000,78d7fa22-29da-4432-a36f-c4277f78e18a,2024-05-22 00:00:00.000,
0,62660010,0,0,5829,300,3708040,90,0,62660010,2024-05-24 01:36:30.955,10,2024-05-23 03:00:00.445,0.0,30,30,-1,300000,67,10,0,8,4363.27,0,214.31996,1934c235-f470-4570-a395-03f7e86d0c5d.extra_data.json,R5wtjjS0Fd,0,com.sec.android.app.shealth,3708040,28920000,1934c235-f470-4570-a395-03f7e86d0c5d,2024-05-23 00:00:00.000,
0,62660010,0,0,3161,300,1919236,90,0,62660010,2024-05-25 00:55:02.804,10,2024-05-24 03:00:01.957,0.0,30,30,-1,300000,34,8,0,8,2393.78,0,108.18001,c716aefd-34d1-4d43-81ff-972bf464e2f6.extra_data.json,R5wtjjS0Fd,0,com.sec.android.app.shealth,1919236,32520000,c716aefd-34d1-4d43-81ff-972bf464e2f6,2024-05-24 00:00:00.000,
0,62660010,0,0,2429,300,1550505,90,0,62660010,2024-05-25 18:35:31.259,10,2024-05-25 03:23:29.433,0.0,30,30,-1,300000,27,4,0,8,1792.4998,0,94.53999,10ee988d-688c-4db4-8651-c1a8a3e44588.extra_data.json,R5wtjjS0Fd,0,com.sec.android.app.shealth,1550505,35400000,10ee988d-688c-4db4-8651-c1a8a3e44588,2024-05-25 00:00:00.000,
0,62660010,0,0,46,300,30682,90,0,62660010,2024-05-26 15:33:17.234,10,2024-05-26 04:20:49.490,0.0,30,30,-1,22678,0,1,0,8,33.739998,0,1.69,184c21d1-c4be-403a-91e8-3b7c9d354f68.extra_data.json,R5wtjjS0Fd,0,com.sec.android.app.shealth,30682,44400000,184c21d1-c4be-403a-91e8-3b7c9d354f68,2024-05-26 00:00:00.000,
0,62660010,0,0,4384,300,2743468,90,0,62660010,2024-05-27 21:17:47.222,10,2024-05-27 03:13:30.997,0.0,30,30,-1,360000,50,10,0,8,3258.18,0,162.34001,dba6c3b5-6ba4-4212-be99-a3ed18fc36c9.extra_data.json,R5wtjjS0Fd,0,com.sec.android.app.shealth,2743468,30240000,dba6c3b5-6ba4-4212-be99-a3ed18fc36c9,2024-05-27 00:00:00.000,
0,62660010,0,0,2517,300,1569151,90,0,62660010,2024-05-28 21:35:03.072,10,2024-05-28 03:00:00.357,0.0,30,30,-1,240000,28,4,0,8,1870.4902,0,96.1,0ce385a3-2855-4bbd-9786-c4084f270295.extra_data.json,R5wtjjS0Fd,0,com.sec.android.app.shealth,1569151,41820000,0ce385a3-2855-4bbd-9786-c4084f270295,2024-05-28 00:00:00.000,
0,62660010,0,0,4692,300,2845309,90,0,62660010,2024-05-29 20:55:04.185,10,2024-05-29 03:00:00.419,0.0,30,30,-1,360000,52,6,0,8,3516.6003,0,170.79,8caea3a3-0159-4b79-94e2-7b5c57de7c12.extra_data.json,R5wtjjS0Fd,0,com.sec.android.app.shealth,2845309,35940000,8caea3a3-0159-4b79-94e2-7b5c57de7c12,2024-05-29 00:00:00.000,
0,62660010,0,0,54,300,36018,90,0,62660010,2024-05-30 23:15:25.120,10,2024-05-30 03:00:00.487,0.0,30,30,-1,16008,0,1,0,8,39.05,0,1.98,ee423505-407e-4623-a79c-fdd2ab592cd5.extra_data.json,R5wtjjS0Fd,0,com.sec.android.app.shealth,36018,26040000,ee423505-407e-4623-a79c-fdd2ab592cd5,2024-05-30 00:00:00.000,
0,62660010,0,0,5061,300,3165619,90,0,62660010,2024-05-31 23:22:34.522,10,2024-05-31 03:00:00.472,0.0,30,30,-1,360000,57,8,0,8,3796.2292,0,189.86002,23a84ec2-aca3-4bee-ac74-a947bedba8e2.extra_data.json,R5wtjjS0Fd,0,com.sec.android.app.shealth,3165619,34980000,23a84ec2-aca3-4bee-ac74-a947bedba8e2,2024-05-31 00:00:00.000,
0,62660010,0,0,1431,300,954477,90,0,62660010,2024-06-01 20:43:36.094,10,2024-06-01 03:00:00.511,0.0,30,30,-1,60000,16,6,0,8,1064.8201,0,52.670002,78a867da-8bed-49dc-988a-d64444a65e1e.extra_data.json,R5wtjjS0Fd,0,com.sec.android.app.shealth,954477,25140000,78a867da-8bed-49dc-988a-d64444a65e1e,2024-06-01 00:00:00.000,
0,62660010,0,0,1158,300,767687,90,0,62660010,2024-06-02 21:09:14.379,10,2024-06-02 03:00:00.512,0.0,30,30,-1,60000,13,6,0,8,853.82996,0,43.87001,8c4b3dbe-2a2b-47d5-a898-1800696305ab.extra_data.json,R5wtjjS0Fd,0,com.sec.android.app.shealth,767687,35040000,8c4b3dbe-2a2b-47d5-a898-1800696305ab,2024-06-02 00:00:00.000,
0,62660010,0,0,2242,300,1441117,90,0,62660010,2024-06-03 23:55:01.925,10,2024-06-03 03:37:48.536,0.0,30,30,-1,300000,26,7,0,8,1660.2504,0,87.14,61c6e2bd-ad70-422d-8042-f088c168cbf1.extra_data.json,R5wtjjS0Fd,0,com.sec.android.app.shealth,1441117,34500000,61c6e2bd-ad70-422d-8042-f088c168cbf1,2024-06-03 00:00:00.000,
0,62660010,0,0,4160,300,2598729,90,0,62670070,2024-06-04 23:59:43.807,10,2024-06-04 03:00:00.454,0.0,30,30,-1,540000,47,5,0,8,3058.7302,0,157.98,86000ea7-f888-4379-8aff-2f93582bcf83.extra_data.json,R5wtjjS0Fd,0,com.sec.android.app.shealth,2598729,31500000,86000ea7-f888-4379-8aff-2f93582bcf83,2024-06-04 00:00:00.000,
0,62670070,0,0,1658,300,1090455,90,0,62670070,2024-06-06 12:35:06.631,10,2024-06-05 04:35:58.381,0.0,30,30,-1,120000,20,3,0,8,1229.3201,0,63.73999,f7c41788-704a-4857-959d-b6acd43d590b.extra_data.json,R5wtjjS0Fd,0,com.sec.android.app.shealth,1090455,33899999,f7c41788-704a-4857-959d-b6acd43d590b,2024-06-05 00:00:00.000,
0,62670070,0,0,1962,300,1234984,90,0,62670070,2024-06-06 22:18:47.168,10,2024-06-06 03:00:00.755,0.0,30,30,-1,360000,22,5,0,8,1460.79,0,75.920006,e92872c9-ee7b-43b5-a43e-fc36b27e5113.extra_data.json,R5wtjjS0Fd,0,com.sec.android.app.shealth,1234984,34080000,e92872c9-ee7b-43b5-a43e-fc36b27e5113,2024-06-06 00:00:00.000,
0,62670070,0,0,3436,300,1971629,90,0,62670070,2024-06-07 19:35:02.238,10,2024-06-07 03:42:34.003,0.0,30,30,-1,420000,35,6,0,8,2598.4604,0,123.5,d4a0e387-4891-42ae-91a1-20023d242635.extra_data.json,R5wtjjS0Fd,0,com.sec.android.app.shealth,1971629,30060000,d4a0e387-4891-42ae-91a1-20023d242635,2024-06-07 00:00:00.000,
0,62670070,0,0,2084,300,1337125,90,0,62670070,2024-06-08 23:18:19.745,10,2024-06-08 03:00:02.100,0.0,30,30,-1,60000,24,5,0,8,1559.08,0,76.179985,ab90dbe9-4832-4580-9c31-6dc857bfb86c.extra_data.json,R5wtjjS0Fd,0,com.sec.android.app.shealth,1337125,30900000,ab90dbe9-4832-4580-9c31-6dc857bfb86c,2024-06-08 00:00:00.000,
0,62670070,0,0,155,300,103385,90,0,62670070,2024-06-09 23:55:04.008,10,2024-06-09 03:00:00.391,0.0,30,30,-1,24679,1,2,0,8,111.05,0,5.91,358a036e-9f2f-4241-8798-699f4f21b808.extra_data.json,R5wtjjS0Fd,0,com.sec.android.app.shealth,103385,66180000,358a036e-9f2f-4241-8798-699f4f21b808,2024-06-09 00:00:00.000,
0,62670070,0,0,3536,300,2161844,90,0,62670070,2024-06-11 04:53:48.214,10,2024-06-10 03:44:33.867,0.0,30,30,-1,360000,40,4,0,8,2659.4097,0,130.23999,ec3e3fcd-a728-4d69-aff0-a9b362011621.extra_data.json,R5wtjjS0Fd,1139,com.sec.android.app.shealth,2160705,46559999,ec3e3fcd-a728-4d69-aff0-a9b362011621,2024-06-10 00:00:00.000,
0,62670070,0,1113000,6254,300,3821050,90,0,62670070,2024-06-12 03:10:32.360,10,2024-06-11 04:53:47.892,0.0,30,30,-1,1113000,70,6,0,8,4711.034,0,246.55598,45b3c1f4-37cf-47a0-8a3c-9ced72451f4d.extra_data.json,R5wtjjS0Fd,0,com.sec.android.app.shealth,3821050,29580000,45b3c1f4-37cf-47a0-8a3c-9ced72451f4d,2024-06-11 00:00:00.000,
0,62670070,0,0,1809,300,1127567,90,0,62670070,2024-06-13 01:19:48.484,10,2024-06-12 03:10:27.689,0.0,30,30,-1,360000,20,6,0,8,1342.19,0,71.590004,d441de3e-1491-4b17-b202-b2a73652ebb5.extra_data.json,R5wtjjS0Fd,0,com.sec.android.app.shealth,1127567,30180000,d441de3e-1491-4b17-b202-b2a73652ebb5,2024-06-12 00:00:00.000,
0,62670070,0,0,1333,300,863038,90,0,62670070,2024-06-13 21:36:45.252,10,2024-06-13 03:29:08.057,0.0,30,30,-1,60000,15,4,0,8,998.16003,0,49.429996,ecb02d09-fbe1-497b-a9cc-e6233b1748c6.extra_data.json,R5wtjjS0Fd,0,com.sec.android.app.shealth,863038,28140000,ecb02d09-fbe1-497b-a9cc-e6233b1748c6,2024-06-13 00:00:00.000,
0,62670070,0,0,1591,300,972823,90,0,62670070,2024-06-15 02:28:33.926,10,2024-06-14 03:38:38.515,0.0,30,30,-1,360000,17,5,0,8,1174.25,0,63.550003,d3df7b55-7724-4cf2-af36-7768b1aca053.extra_data.json,R5wtjjS0Fd,0,com.sec.android.app.shealth,972823,37380000,d3df7b55-7724-4cf2-af36-7768b1aca053,2024-06-14 00:00:00.000,
0,62670070,0,0,1970,300,1229738,90,0,62670070,2024-06-15 22:55:07.387,10,2024-06-15 03:00:00.648,0.0,30,30,-1,240000,22,8,0,8,1474.3801,0,71.96001,59db17c3-e401-4aa9-876b-2f899afc397a.extra_data.json,R5wtjjS0Fd,0,com.sec.android.app.shealth,1229738,26100000,59db17c3-e401-4aa9-876b-2f899afc397a,2024-06-15 00:00:00.000,
0,62670070,0,0,1840,300,1212486,90,0,62670070,2024-06-16 22:55:17.818,10,2024-06-16 03:00:00.804,0.0,30,30,-1,120000,22,4,0,8,1357.9701,0,71.01001,7479debe-9670-4b79-9148-02dbeefaa5be.extra_data.json,R5wtjjS0Fd,0,com.sec.android.app.shealth,1212486,33300000,7479debe-9670-4b79-9148-02dbeefaa5be,2024-06-16 00:00:00.000,
0,62670070,0,0,1788,300,1126426,90,0,62670070,2024-06-18 12:06:54.816,10,2024-06-17 03:00:00.858,0.0,30,30,-1,300000,20,6,0,8,1332.0201,0,70.240005,a4cee976-e9b7-499e-a260-d22303ce4ed6.extra_data.json,R5wtjjS0Fd,800,com.sec.android.app.shealth,1125626,33659999,a4cee976-e9b7-499e-a260-d22303ce4ed6,2024-06-17 00:00:00.000,
0,62670070,0,0,2434,300,1543775,90,0,62670070,2024-06-18 20:17:23.811,10,2024-06-18 03:00:00.478,0.0,30,30,-1,360000,27,5,0,8,1797.9198,0,94.46,2f90a12b-462f-49d1-873d-e703de6a6357.extra_data.json,R5wtjjS0Fd,0,com.sec.android.app.shealth,1543775,32760000,2f90a12b-462f-49d1-873d-e703de6a6357,2024-06-18 00:00:00.000,
0,62670070,0,0,1158,300,750315,90,0,62670070,2024-06-19 22:06:37.865,10,2024-06-19 03:00:00.403,0.0,30,30,-1,120000,13,7,0,8,859.09,0,44.999996,0eb92cdd-fd90-4c23-a476-09a14686ced6.extra_data.json,R5wtjjS0Fd,0,com.sec.android.app.shealth,750315,34440000,0eb92cdd-fd90-4c23-a476-09a14686ced6,2024-06-19 00:00:00.000,
0,62670070,0,0,4804,300,3089124,90,0,62670070,2024-06-20 23:55:03.575,10,2024-06-20 03:00:00.544,0.0,30,30,-1,360000,56,9,0,8,3572.1,0,184.73006,3bb12c23-fa41-4793-8fa8-ecd80ac44461.extra_data.json,R5wtjjS0Fd,0,com.sec.android.app.shealth,3089124,31020000,3bb12c23-fa41-4793-8fa8-ecd80ac44461,2024-06-20 00:00:00.000,
0,62670070,0,0,2585,300,1592466,90,0,62670070,2024-06-21 23:01:02.525,10,2024-06-21 06:49:40.600,0.0,30,30,-1,360000,28,4,0,8,1952.4498,0,97.569984,3226f2a9-49da-47cb-bf4c-1ac26ff48c0f.extra_data.json,R5wtjjS0Fd,0,com.sec.android.app.shealth,1592466,27780000,3226f2a9-49da-47cb-bf4c-1ac26ff48c0f,2024-06-21 00:00:00.000,
0,62670070,0,0,1586,300,994227,90,0,62670070,2024-06-23 00:55:05.670,10,2024-06-22 03:00:00.790,0.0,30,30,-1,360000,17,4,0,8,1184.7601,0,62.879993,ff41f4e6-8f60-4bdc-a5e7-e9aedd122e6c.extra_data.json,R5wtjjS0Fd,0,com.sec.android.app.shealth,994227,40200000,ff41f4e6-8f60-4bdc-a5e7-e9aedd122e6c,2024-06-22 00:00:00.000,
0,62670070,0,0,169,300,112723,90,0,62670070,2024-06-23 16:37:25.390,10,2024-06-23 03:00:03.364,0.0,30,30,-1,21344,1,2,0,8,120.71,0,6.3100004,6ff272a6-4177-4010-8ac0-4b81db9b0e8f.extra_data.json,R5wtjjS0Fd,0,com.sec.android.app.shealth,112723,45300000,6ff272a6-4177-4010-8ac0-4b81db9b0e8f,2024-06-23 00:00:00.000,
0,62670070,0,0,2585,300,1589071,90,0,62670070,2024-06-24 23:10:09.943,10,2024-06-24 03:00:00.794,0.0,30,30,-1,360000,28,8,0,8,1928.6799,0,97.66001,4d6edbde-8861-4321-b869-05cb18bba8b4.extra_data.json,R5wtjjS0Fd,0,com.sec.android.app.shealth,1589071,31500000,4d6edbde-8861-4321-b869-05cb18bba8b4,2024-06-24 00:00:00.000,
0,62670070,0,0,1620,300,981524,90,0,62670070,2024-06-25 22:35:06.091,10,2024-06-25 03:00:02.093,0.0,30,30,-1,360000,17,4,0,8,1211.8301,0,60.050003,18b9ccc1-0ded-48b0-8766-e2ebfe414ca1.extra_data.json,R5wtjjS0Fd,0,com.sec.android.app.shealth,981524,44040000,18b9ccc1-0ded-48b0-8766-e2ebfe414ca1,2024-06-25 00:00:00.000,
0,62670070,0,0,5168,300,3295077,90,0,62670070,2024-06-26 22:29:56.667,10,2024-06-26 03:00:01.955,0.0,30,30,-1,360000,60,8,0,8,3897.1404,0,190.30997,38c9dcbb-edc8-4aef-bab5-3701424dec2b.extra_data.json,R5wtjjS0Fd,0,com.sec.android.app.shealth,3295077,30000000,38c9dcbb-edc8-4aef-bab5-3701424dec2b,2024-06-26 00:00:00.000,
0,62670070,0,0,2174,300,1418589,90,0,62670070,2024-06-27 22:15:33.092,10,2024-06-27 03:00:01.724,0.0,30,30,-1,120000,25,6,0,8,1608.8,0,83.73,69cfd70f-8333-4fa1-b77f-11f196ec7cc3.extra_data.json,R5wtjjS0Fd,0,com.sec.android.app.shealth,1418589,32100000,69cfd70f-8333-4fa1-b77f-11f196ec7cc3,2024-06-27 00:00:00.000,
0,62670070,0,0,4379,300,2745529,90,0,62670070,2024-06-28 18:15:04.401,10,2024-06-28 03:31:53.487,0.0,30,30,-1,300000,50,6,0,8,3278.651,0,166.52002,1e0ed502-b0f1-4e27-affc-4b44e7f849d7.extra_data.json,R5wtjjS0Fd,0,com.sec.android.app.shealth,2745529,34500000,1e0ed502-b0f1-4e27-affc-4b44e7f849d7,2024-06-28 00:00:00.000,
0,62670070,0,0,2739,300,1759899,90,0,62670070,2024-06-29 22:55:03.355,10,2024-06-29 03:00:00.726,0.0,30,30,-1,120000,32,4,0,8,2048.86,0,102.029976,6baf1cd2-e9bf-4e4e-8c66-d6b269ded5d7.extra_data.json,R5wtjjS0Fd,1200,com.sec.android.app.shealth,1758699,36660000,6baf1cd2-e9bf-4e4e-8c66-d6b269ded5d7,2024-06-29 00:00:00.000,
0,62670070,0,0,243,300,162081,90,0,62670070,2024-07-01 00:59:00.141,10,2024-06-30 03:00:01.262,0.0,30,30,-1,40687,2,3,0,8,176.34,0,9.290001,b9ec486f-bda1-41d6-b4b4-9d9550b31f67.extra_data.json,R5wtjjS0Fd,0,com.sec.android.app.shealth,162081,25380000,b9ec486f-bda1-41d6-b4b4-9d9550b31f67,2024-06-30 00:00:00.000,
0,62670070,0,0,4048,300,2447927,90,0,62670070,2024-07-02 00:27:15.710,10,2024-07-01 04:56:16.946,0.0,30,30,-1,420000,44,6,0,8,3050.2,0,149.50002,33cc4143-407c-4f1a-a9c1-8a070befddb1.extra_data.json,R5wtjjS0Fd,0,com.sec.android.app.shealth,2447927,36180000,33cc4143-407c-4f1a-a9c1-8a070befddb1,2024-07-01 00:00:00.000,
0,62670070,0,0,1439,300,927707,90,0,62670070,2024-07-03 01:37:01.336,10,2024-07-02 03:00:00.685,0.0,30,30,-1,180000,16,4,0,8,1083.0402,0,53.739998,d2fa710d-7dbc-4d9e-9e14-5117019ec777.extra_data.json,R5wtjjS0Fd,0,com.sec.android.app.shealth,927707,34200000,d2fa710d-7dbc-4d9e-9e14-5117019ec777,2024-07-02 00:00:00.000,
0,62670070,0,0,3484,300,2186613,90,0,62670070,2024-07-04 14:06:34.255,10,2024-07-03 03:00:00.329,0.0,30,30,-1,360000,40,6,0,8,2612.4502,0,131.61,ff903947-9037-4dbe-939f-0d9a7f6e471e.extra_data.json,R5wtjjS0Fd,0,com.sec.android.app.shealth,2186613,35759999,ff903947-9037-4dbe-939f-0d9a7f6e471e,2024-07-03 00:00:00.000,
0,62670070,0,1103000,4041,300,2466092,90,0,62670070,2024-07-05 01:57:19.394,10,2024-07-04 03:00:00.454,0.0,30,30,-1,1103000,45,7,0,8,3084.3838,0,137.04366,2fb5102a-b644-443a-932b-9f90f04419c5.extra_data.json,R5wtjjS0Fd,0,com.sec.android.app.shealth,2466092,39840000,2fb5102a-b644-443a-932b-9f90f04419c5,2024-07-04 00:00:00.000,
0,62670070,0,0,5515,300,3311879,90,0,62670070,2024-07-06 02:55:09.715,10,2024-07-05 03:36:32.621,0.0,30,30,-1,300000,61,9,0,8,4201.6006,0,188.01997,908567bb-7637-4084-93be-34350f6bb882.extra_data.json,R5wtjjS0Fd,9244,com.sec.android.app.shealth,3302635,31020000,908567bb-7637-4084-93be-34350f6bb882,2024-07-05 00:00:00.000,
0,62670070,0,0,18,300,12006,90,0,62701610,2024-07-10 23:12:28.244,10,2024-07-06 03:00:01.378,0.0,30,30,-1,8004,0,0,0,8,11.940001,0,0.69,d1d6ce8e-4da8-44aa-88ff-a03eacbfff8a.extra_data.json,R5wtjjS0Fd,0,com.sec.android.app.shealth,12006,45119999,d1d6ce8e-4da8-44aa-88ff-a03eacbfff8a,2024-07-06 00:00:00.000,
0,62670070,0,0,1493,300,995134,90,0,62670070,2024-07-08 00:50:28.264,10,2024-07-07 03:18:17.604,0.0,30,30,-1,60000,17,7,0,8,1104.8898,0,54.58,c897f14e-fded-4254-8a97-2cd3ba01da7f.extra_data.json,R5wtjjS0Fd,0,com.sec.android.app.shealth,995134,31140000,c897f14e-fded-4254-8a97-2cd3ba01da7f,2024-07-07 00:00:00.000,
0,62670070,0,0,1726,300,1027547,90,0,62670070,2024-07-08 23:35:03.068,10,2024-07-08 03:00:00.428,0.0,30,30,-1,300000,18,7,0,8,1298.45,0,57.510006,2a392487-6b85-4827-a7c6-e75f02601d28.extra_data.json,R5wtjjS0Fd,0,com.sec.android.app.shealth,1027547,32220000,2a392487-6b85-4827-a7c6-e75f02601d28,2024-07-08 00:00:00.000,
0,62670070,0,0,2889,300,1768997,90,0,62670070,2024-07-10 01:35:03.274,10,2024-07-09 03:39:53.094,0.0,30,30,-1,420000,32,5,0,8,2163.3098,0,104.81998,67a14a7c-3542-456a-b43a-94e46a51db04.extra_data.json,R5wtjjS0Fd,1200,com.sec.android.app.shealth,1767797,36900000,67a14a7c-3542-456a-b43a-94e46a51db04,2024-07-09 00:00:00.000,
0,62670070,0,0,3013,300,1918749,90,0,62701610,2024-07-10 23:12:57.299,10,2024-07-10 03:13:53.772,0.0,30,30,-1,120000,34,5,0,8,2273.7102,0,106.28002,d5133796-5062-4cd7-a7e6-aa1d72cfc73a.extra_data.json,R5wtjjS0Fd,0,com.sec.android.app.shealth,1918749,31020000,d5133796-5062-4cd7-a7e6-aa1d72cfc73a,2024-07-10 00:00:00.000,
0,62701610,0,0,3297,300,2106723,90,0,62701610,2024-07-11 19:23:33.855,10,2024-07-11 03:20:03.539,0.0,30,30,-1,360000,38,8,0,8,2477.05,0,120.24999,5c3664a4-5091-44d7-a2ce-cd8881c04a2b.extra_data.json,R5wtjjS0Fd,0,com.sec.android.app.shealth,2106723,32040000,5c3664a4-5091-44d7-a2ce-cd8881c04a2b,2024-07-11 00:00:00.000,
0,62701610,0,0,5125,300,3172896,90,0,62701610,2024-07-13 12:15:02.679,10,2024-07-12 03:00:02.253,0.0,30,30,-1,360000,57,6,0,8,3869.5393,0,183.95,46ed660f-de9e-45ec-adf9-58837c49bc9c.extra_data.json,R5wtjjS0Fd,0,com.sec.android.app.shealth,3172896,33359999,46ed660f-de9e-45ec-adf9-58837c49bc9c,2024-07-12 00:00:00.000,
0,62701610,0,0,1970,300,1239106,90,0,62701610,2024-07-14 00:16:54.207,10,2024-07-13 03:00:00.727,0.0,30,30,-1,180000,22,4,0,8,1496.93,0,65.7,87fa85fd-4626-41d2-8c7a-83c01fc83beb.extra_data.json,R5wtjjS0Fd,0,com.sec.android.app.shealth,1239106,33240000,87fa85fd-4626-41d2-8c7a-83c01fc83beb,2024-07-13 00:00:00.000,
0,62701610,0,0,71,300,47357,90,0,62701610,2024-07-15 01:46:15.702,10,2024-07-14 03:00:02.358,0.0,30,30,-1,21344,0,2,0,8,51.07,0,2.68,ec509a8c-b819-4490-82c8-20922bbd4f94.extra_data.json,R5wtjjS0Fd,0,com.sec.android.app.shealth,47357,40320000,ec509a8c-b819-4490-82c8-20922bbd4f94,2024-07-14 00:00:00.000,
0,62701610,0,0,1604,300,977582,90,0,62701610,2024-07-16 01:35:08.502,10,2024-07-15 03:00:01.023,0.0,30,30,-1,360000,17,3,0,8,1212.3999,0,56.809994,4e309a5c-d07c-4b4e-b3d7-c75cd306de9d.extra_data.json,R5wtjjS0Fd,0,com.sec.android.app.shealth,977582,36480000,4e309a5c-d07c-4b4e-b3d7-c75cd306de9d,2024-07-15 00:00:00.000,
0,62701610,0,0,1665,300,994894,90,0,62701610,2024-07-16 22:54:55.319,10,2024-07-16 03:00:02.010,0.0,30,30,-1,360000,17,6,0,8,1246.5498,0,62.900005,15157614-b3e1-4288-b680-497d4a2506c0.extra_data.json,R5wtjjS0Fd,0,com.sec.android.app.shealth,994894,34380000,15157614-b3e1-4288-b680-497d4a2506c0,2024-07-16 00:00:00.000,
0,62701610,0,0,4499,300,2823568,90,0,62701610,2024-07-17 21:39:22.183,10,2024-07-17 04:26:34.552,0.0,30,30,-1,360000,52,6,0,8,3377.9995,0,163.32004,011187a7-2108-4ba1-be92-442c49c592ba.extra_data.json,R5wtjjS0Fd,0,com.sec.android.app.shealth,2823568,33900000,011187a7-2108-4ba1-be92-442c49c592ba,2024-07-17 00:00:00.000,
0,62701610,0,0,1867,300,1227190,90,0,62701610,2024-07-18 20:55:30.519,10,2024-07-18 03:00:02.417,0.0,30,30,-1,180000,22,6,0,8,1392.48,0,69.73,47cad1ab-0d86-4fbb-9f96-18efb6eb0e0b.extra_data.json,R5wtjjS0Fd,0,com.sec.android.app.shealth,1227190,26280000,47cad1ab-0d86-4fbb-9f96-18efb6eb0e0b,2024-07-18 00:00:00.000,
0,62701610,0,0,1197,300,798399,90,0,62701610,2024-07-19 23:25:21.552,10,2024-07-19 03:00:01.702,0.0,30,30,-1,49358,14,5,0,8,888.43,0,44.190002,30053b56-1c48-45d4-b5e1-9e287eaa0e19.extra_data.json,R5wtjjS0Fd,0,com.sec.android.app.shealth,798399,37440000,30053b56-1c48-45d4-b5e1-9e287eaa0e19,2024-07-19 00:00:00.000,
0,62701610,0,0,3388,300,2139376,90,0,62701610,2024-07-21 00:35:03.154,10,2024-07-20 03:00:01.568,0.0,30,30,-1,240000,38,6,0,8,2558.7092,0,118.72,6e554030-7784-462b-abfa-bdc5259b60a6.extra_data.json,R5wtjjS0Fd,0,com.sec.android.app.shealth,2139376,34860000,6e554030-7784-462b-abfa-bdc5259b60a6,2024-07-20 00:00:00.000,
0,62701610,0,0,100,300,66700,90,0,62701610,2024-07-21 19:56:02.043,10,2024-07-21 03:00:00.888,0.0,30,30,-1,18676,1,2,0,8,75.03,0,3.58,fede0c75-8eba-4d66-a3ec-c9fb87338313.extra_data.json,R5wtjjS0Fd,0,com.sec.android.app.shealth,66700,31380000,fede0c75-8eba-4d66-a3ec-c9fb87338313,2024-07-21 00:00:00.000,
0,62701610,0,0,5505,300,3503301,90,0,62701610,2024-07-22 23:15:24.525,10,2024-07-22 03:28:23.389,0.0,30,30,-1,180000,64,10,0,8,4139.75,0,198.76001,887bf9ec-8c8f-4213-a1e9-a2457dd2be25.extra_data.json,R5wtjjS0Fd,0,com.sec.android.app.shealth,3503301,28740000,887bf9ec-8c8f-4213-a1e9-a2457dd2be25,2024-07-22 00:00:00.000,
0,62701610,0,0,3222,300,2054817,90,0,62701610,2024-07-23 22:33:37.800,10,2024-07-23 03:00:01.003,0.0,30,30,-1,120000,37,7,0,8,2446.14,0,111.4,3ccafe10-d65c-4738-a896-99de81d52d52.extra_data.json,R5wtjjS0Fd,0,com.sec.android.app.shealth,2054817,28560000,3ccafe10-d65c-4738-a896-99de81d52d52,2024-07-23 00:00:00.000,
0,62701610,0,0,6085,300,3640920,90,0,62701610,2024-07-25 01:56:17.231,10,2024-07-24 03:00:01.233,0.0,30,30,-1,420000,66,8,0,8,4624.6294,0,232.07997,f3d2d020-25a5-427f-8ced-d0f25a63f910.extra_data.json,R5wtjjS0Fd,0,com.sec.android.app.shealth,3640920,31860000,f3d2d020-25a5-427f-8ced-d0f25a63f910,2024-07-24 00:00:00.000,
0,62701610,0,0,6677,300,4160663,90,0,62701610,2024-07-25 21:35:47.600,10,2024-07-25 03:11:08.650,0.0,30,30,-1,240000,76,12,0,8,5053.302,0,253.71,02904a63-70b2-4e34-9805-cfaa203f522a.extra_data.json,R5wtjjS0Fd,0,com.sec.android.app.shealth,4160663,27480000,02904a63-70b2-4e34-9805-cfaa203f522a,2024-07-25 00:00:00.000,
0,62701610,0,0,5725,300,3517735,90,0,62701610,2024-07-26 21:52:01.817,10,2024-07-26 03:00:01.282,0.0,30,30,-1,300000,64,10,0,8,4344.3306,0,195.91998,8da64f52-8434-40e3-bdd7-a24951e7daa1.extra_data.json,R5wtjjS0Fd,0,com.sec.android.app.shealth,3517735,28920000,8da64f52-8434-40e3-bdd7-a24951e7daa1,2024-07-26 00:00:00.000,
0,62701610,0,0,115,300,76705,90,0,62701610,2024-07-27 22:46:03.118,10,2024-07-27 03:00:00.983,0.0,30,30,-1,14674,1,3,0,8,83.479996,0,4.34,36037bde-40a2-43be-8a16-40939f82cc74.extra_data.json,R5wtjjS0Fd,0,com.sec.android.app.shealth,76705,36900000,36037bde-40a2-43be-8a16-40939f82cc74,2024-07-27 00:00:00.000,
0,62701610,0,0,18,300,12006,90,0,62710150,2024-08-09 16:09:05.972,10,2024-07-28 03:00:01.948,0.0,30,30,-1,12006,0,0,0,8,12.77,0,0.67,5aebb499-b321-40cd-abca-1282f91f619d.extra_data.json,R5wtjjS0Fd,0,com.sec.android.app.shealth,12006,78000000,5aebb499-b321-40cd-abca-1282f91f619d,2024-07-28 00:00:00.000,
0,62701610,0,0,1428,300,952476,90,0,62701610,2024-07-29 21:49:18.449,10,2024-07-29 04:56:09.464,0.0,30,30,-1,60000,16,6,0,8,1065.45,0,52.43,66427d61-08fc-45e3-abbe-b62baf51a0bd.extra_data.json,R5wtjjS0Fd,0,com.sec.android.app.shealth,952476,37320000,66427d61-08fc-45e3-abbe-b62baf51a0bd,2024-07-29 00:00:00.000,
0,62701610,0,0,3135,300,2044205,90,0,62701610,2024-07-31 03:00:03.115,10,2024-07-30 03:46:56.743,0.0,30,30,-1,120000,37,11,0,8,2355.9001,0,115.87001,e09c165f-45dc-4e20-9410-4a7b895ddc9d.extra_data.json,R5wtjjS0Fd,369,com.sec.android.app.shealth,2043836,23939999,e09c165f-45dc-4e20-9410-4a7b895ddc9d,2024-07-30 00:00:00.000,
0,62701610,0,0,6329,300,4073676,90,0,62701610,2024-07-31 20:54:40.313,10,2024-07-31 03:00:02.565,0.0,30,30,-1,300000,74,10,0,8,4783.58,0,228.91998,1c4057c9-e81c-4fc0-9b4f-0ca68ef660a2.extra_data.json,R5wtjjS0Fd,0,com.sec.android.app.shealth,4073676,26820000,1c4057c9-e81c-4fc0-9b4f-0ca68ef660a2,2024-07-31 00:00:00.000,
0,62701610,0,0,6852,300,4189104,90,0,62701610,2024-08-01 21:54:41.384,10,2024-08-01 04:59:45.836,0.0,30,30,-1,360000,76,10,0,8,5177.91,0,243.75002,32f3d90b-4b74-428d-ba0d-d8911fdae7ba.extra_data.json,R5wtjjS0Fd,0,com.sec.android.app.shealth,4189104,29820000,32f3d90b-4b74-428d-ba0d-d8911fdae7ba,2024-08-01 00:00:00.000,
0,62701610,0,660000,8353,300,5034301,90,0,62701610,2024-08-03 10:44:52.991,10,2024-08-02 04:55:31.516,0.0,30,30,-1,660000,92,8,0,8,6276.9907,0,319.92,9bc523c2-85b7-41dc-8fbb-9f7394daa7f1.extra_data.json,R5wtjjS0Fd,4800,com.sec.android.app.shealth,5029501,31980000,9bc523c2-85b7-41dc-8fbb-9f7394daa7f1,2024-08-02 00:00:00.000,
0,62701610,0,0,2507,300,1613323,90,0,62701610,2024-08-04 00:17:06.137,10,2024-08-03 03:00:00.904,0.0,30,30,-1,120000,28,5,0,8,1869.1802,0,91.28003,4d2f6b54-845b-4733-abcd-19ac499ed6c8.extra_data.json,R5wtjjS0Fd,0,com.sec.android.app.shealth,1613323,39720000,4d2f6b54-845b-4733-abcd-19ac499ed6c8,2024-08-03 00:00:00.000,
0,62701610,0,0,940,300,621614,90,0,62701610,2024-08-05 06:29:14.222,10,2024-08-04 03:00:03.012,0.0,30,30,-1,60000,11,2,0,8,657.5399,0,39.760002,0bf7b241-58de-46d2-bc9c-df12673aac43.extra_data.json,R5wtjjS0Fd,0,com.sec.android.app.shealth,621614,53279999,0bf7b241-58de-46d2-bc9c-df12673aac43,2024-08-04 00:00:00.000,
0,62701610,0,0,1595,300,990165,90,0,62701610,2024-08-05 21:45:53.241,10,2024-08-05 06:29:12.618,0.0,30,30,-1,360000,17,4,0,8,1184.42,0,62.82,ed8d20d9-c384-495f-beb1-8a36bd4d482e.extra_data.json,R5wtjjS0Fd,0,com.sec.android.app.shealth,990165,31920000,ed8d20d9-c384-495f-beb1-8a36bd4d482e,2024-08-05 00:00:00.000,
0,62701610,0,0,741,300,488881,90,0,62701610,2024-08-06 22:37:47.350,10,2024-08-06 03:44:01.255,0.0,30,30,-1,60000,8,6,0,8,542.85,0,28.0,5bd539a7-b7bb-46ac-a6af-758f9a736dbd.extra_data.json,R5wtjjS0Fd,0,com.sec.android.app.shealth,488881,30420000,5bd539a7-b7bb-46ac-a6af-758f9a736dbd,2024-08-06 00:00:00.000,
0,62701610,0,0,1832,300,1116198,90,0,62701610,2024-08-07 21:15:09.219,10,2024-08-07 03:00:00.881,0.0,30,30,-1,360000,20,5,0,8,1372.4303,0,71.31,2eaf4eaa-984b-48c8-bb84-1016e53a37f4.extra_data.json,R5wtjjS0Fd,0,com.sec.android.app.shealth,1116198,31440000,2eaf4eaa-984b-48c8-bb84-1016e53a37f4,2024-08-07 00:00:00.000,
0,62701610,0,0,110,300,73370,90,0,62701610,2024-08-09 01:38:42.297,10,2024-08-08 04:41:18.549,0.0,30,30,-1,12673,1,1,0,8,81.34,0,4.11,66db4d91-5d5d-4fbb-9a8a-3e0388637468.extra_data.json,R5wtjjS0Fd,0,com.sec.android.app.shealth,73370,33480000,66db4d91-5d5d-4fbb-9a8a-3e0388637468,2024-08-08 00:00:00.000,
0,62701610,0,0,1660,300,1040280,90,0,62710150,2024-08-09 22:26:44.085,10,2024-08-09 03:00:00.874,0.0,30,30,-1,360000,18,5,0,8,1234.04,0,64.130005,ca3d54e0-96ed-4c18-ab6b-8a85cd8bc554.extra_data.json,R5wtjjS0Fd,0,com.sec.android.app.shealth,1040280,32940000,ca3d54e0-96ed-4c18-ab6b-8a85cd8bc554,2024-08-09 00:00:00.000,
0,62710150,0,0,863,300,533510,90,0,62710150,2024-08-11 03:00:03.233,10,2024-08-10 03:00:00.882,0.0,30,30,-1,120000,8,2,0,8,645.17,0,30.660002,5cc99afb-68e1-4bbc-9757-47587bc7e93e.extra_data.json,R5wtjjS0Fd,0,com.sec.android.app.shealth,533510,49379999,5cc99afb-68e1-4bbc-9757-47587bc7e93e,2024-08-10 00:00:00.000,
0,62710150,0,0,24,300,16008,90,0,62710150,2024-08-12 03:00:03.940,10,2024-08-11 03:00:01.349,0.0,30,30,-1,10005,0,1,0,8,16.87,0,0.9,6d57ed45-eaaf-4c7e-b738-dc79b98f3fcb.extra_data.json,R5wtjjS0Fd,0,com.sec.android.app.shealth,16008,56459999,6d57ed45-eaaf-4c7e-b738-dc79b98f3fcb,2024-08-11 00:00:00.000,
0,62710150,0,0,5100,300,3265879,90,0,62710150,2024-08-13 01:42:18.147,10,2024-08-12 03:00:02.250,0.0,30,30,-1,300000,60,9,0,8,3777.2705,0,196.03003,15596fd7-7ef6-48cb-9f1e-2e3933f0a786.extra_data.json,R5wtjjS0Fd,0,com.sec.android.app.shealth,3265879,26940000,15596fd7-7ef6-48cb-9f1e-2e3933f0a786,2024-08-12 00:00:00.000,
0,62710150,0,2325000,7414,300,4524721,90,0,62710150,2024-08-14 01:04:14.829,10,2024-08-13 03:49:16.341,0.0,30,30,-1,1200000,83,9,0,8,5621.0947,0,292.47995,3ac504c5-11b4-42a1-ae81-edad015fdf9f.extra_data.json,R5wtjjS0Fd,0,com.sec.android.app.shealth,4524721,22320000,3ac504c5-11b4-42a1-ae81-edad015fdf9f,2024-08-13 00:00:00.000,
0,62710150,0,0,2875,300,1773193,90,0,62710150,2024-08-15 02:55:06.465,10,2024-08-14 03:33:11.457,0.0,30,30,-1,360000,32,5,0,8,2148.91,0,106.27001,f1b4c3b5-f30a-4d0e-b4d9-4ff20b567733.extra_data.json,R5wtjjS0Fd,0,com.sec.android.app.shealth,1773193,29460000,f1b4c3b5-f30a-4d0e-b4d9-4ff20b567733,2024-08-14 00:00:00.000,
0,62710150,0,899396,4785,300,2875417,90,0,62710150,2024-08-15 22:50:00.071,10,2024-08-15 03:00:00.671,0.0,30,30,-1,899396,52,6,0,8,3669.7798,0,166.54994,3d4e91fb-c353-4ec2-8c55-e31eee8075fa.extra_data.json,R5wtjjS0Fd,0,com.sec.android.app.shealth,2875417,38040000,3d4e91fb-c353-4ec2-8c55-e31eee8075fa,2024-08-15 00:00:00.000,
0,62710150,0,0,129,300,86043,90,0,62710150,2024-08-16 23:27:50.513,10,2024-08-16 03:11:25.233,0.0,30,30,-1,26013,1,2,0,8,92.41,0,5.01,5ca35a52-0981-4933-bb06-5a0babba6a19.extra_data.json,R5wtjjS0Fd,0,com.sec.android.app.shealth,86043,43920000,5ca35a52-0981-4933-bb06-5a0babba6a19,2024-08-16 00:00:00.000,
0,62710150,0,1477000,8171,300,5138124,90,0,62710150,2024-08-18 01:56:03.863,10,2024-08-17 04:45:25.510,0.0,30,30,-1,840000,94,8,0,8,6207.138,0,310.35452,ad17fcf9-195b-4f2b-9d1a-e7c291de0167.extra_data.json,R5wtjjS0Fd,0,com.sec.android.app.shealth,5138124,30360000,ad17fcf9-195b-4f2b-9d1a-e7c291de0167,2024-08-17 00:00:00.000,
0,62710150,0,0,135,300,90045,90,0,62710150,2024-08-18 22:43:20.765,10,2024-08-18 03:00:00.919,0.0,30,30,-1,38686,1,2,0,8,94.52998,0,5.09,d982879c-3c19-47d4-9625-606aac57402f.extra_data.json,R5wtjjS0Fd,0,com.sec.android.app.shealth,90045,33060000,d982879c-3c19-47d4-9625-606aac57402f,2024-08-18 00:00:00.000,
0,62710150,0,0,2101,300,1301684,90,0,62710150,2024-08-20 03:26:22.708,10,2024-08-19 04:44:04.671,0.0,30,30,-1,240000,23,6,0,8,1573.1001,0,79.65999,04517078-b054-42f5-a330-30fd6de73ea6.extra_data.json,R5wtjjS0Fd,0,com.sec.android.app.shealth,1301684,35759999,04517078-b054-42f5-a330-30fd6de73ea6,2024-08-19 00:00:00.000,
0,62710150,0,0,1593,300,970882,90,0,62710150,2024-08-21 03:00:04.328,10,2024-08-20 03:26:21.381,0.0,30,30,-1,300000,17,3,0,8,1191.0001,0,62.13,3da623c6-04a8-4c0e-97ef-375d988194be.extra_data.json,R5wtjjS0Fd,0,com.sec.android.app.shealth,970882,46499999,3da623c6-04a8-4c0e-97ef-375d988194be,2024-08-20 00:00:00.000,
0,62710150,0,0,3279,300,2066006,90,0,62710150,2024-08-21 20:46:49.383,10,2024-08-21 03:00:02.193,0.0,30,30,-1,300000,37,7,0,8,2417.3997,0,124.979996,a2c29319-7bd4-421c-8ede-1943aacc1314.extra_data.json,R5wtjjS0Fd,0,com.sec.android.app.shealth,2066006,31080000,a2c29319-7bd4-421c-8ede-1943aacc1314,2024-08-21 00:00:00.000,
0,62710150,0,0,801,300,534267,90,0,62710150,2024-08-22 23:48:36.430,10,2024-08-22 03:00:00.951,0.0,30,30,-1,60000,8,4,0,8,587.92004,0,30.269999,09f1db0a-0de7-4cfd-9ffe-dfb9ec037797.extra_data.json,R5wtjjS0Fd,0,com.sec.android.app.shealth,534267,37740000,09f1db0a-0de7-4cfd-9ffe-dfb9ec037797,2024-08-22 00:00:00.000,
0,62710150,0,0,1646,300,1015541,90,0,62710150,2024-08-23 22:35:03.320,10,2024-08-23 03:56:29.992,0.0,30,30,-1,360000,17,3,0,8,1220.78,0,65.009995,853f3af1-2fb2-4bde-9154-c9618eb8dab8.extra_data.json,R5wtjjS0Fd,0,com.sec.android.app.shealth,1015541,32160000,853f3af1-2fb2-4bde-9154-c9618eb8dab8,2024-08-23 00:00:00.000,
0,62710150,0,0,6,300,4002,90,0,62720090,2024-09-02 12:59:36.413,10,2024-08-24 06:31:02.145,0.0,30,30,-1,4002,0,0,0,8,4.49,0,0.21,5069852d-2cdc-4eb4-bb84-efaacfde3a5b.extra_data.json,R5wtjjS0Fd,0,com.sec.android.app.shealth,4002,48240000,5069852d-2cdc-4eb4-bb84-efaacfde3a5b,2024-08-24 00:00:00.000,
0,62710150,0,0,32,300,21344,90,0,62720090,2024-09-02 12:59:35.401,10,2024-08-25 03:25:24.575,0.0,30,30,-1,12673,0,0,0,8,23.5,0,1.1800001,f5209d79-2739-4acf-ab27-3e6e6fc49364.extra_data.json,R5wtjjS0Fd,0,com.sec.android.app.shealth,21344,45840000,f5209d79-2739-4acf-ab27-3e6e6fc49364,2024-08-25 00:00:00.000,
0,62710150,0,0,1603,300,970822,90,0,62710150,2024-08-26 23:30:26.281,10,2024-08-26 04:54:35.268,0.0,30,30,-1,360000,17,4,0,8,1199.75,0,59.59,93d9ff1a-4a2d-4a41-bf7d-3f887c782ce6.extra_data.json,R5wtjjS0Fd,0,com.sec.android.app.shealth,970822,35880000,93d9ff1a-4a2d-4a41-bf7d-3f887c782ce6,2024-08-26 00:00:00.000,
0,62710150,0,0,2297,300,1482651,90,0,62710150,2024-08-27 22:12:47.176,10,2024-08-27 03:00:00.959,0.0,30,30,-1,60000,26,6,0,8,1711.06,0,84.86,b0448df7-4083-4183-be5b-7af92f6ba8cd.extra_data.json,R5wtjjS0Fd,0,com.sec.android.app.shealth,1482651,32700000,b0448df7-4083-4183-be5b-7af92f6ba8cd,2024-08-27 00:00:00.000,
0,62710150,0,0,3429,300,2142711,90,0,62710150,2024-08-29 02:32:36.617,10,2024-08-28 03:46:37.775,0.0,30,30,-1,300000,38,8,0,8,2557.1104,0,125.42,02fe2302-df07-47c0-8364-167743771427.extra_data.json,R5wtjjS0Fd,0,com.sec.android.app.shealth,2142711,32100000,02fe2302-df07-47c0-8364-167743771427,2024-08-28 00:00:00.000,
0,62710150,0,0,1636,300,1002898,90,0,62710150,2024-08-30 03:11:46.976,10,2024-08-29 03:00:00.806,0.0,30,30,-1,360000,17,4,0,8,1229.9401,0,61.010006,2029761b-d4f7-4862-a926-1383f69845fd.extra_data.json,R5wtjjS0Fd,0,com.sec.android.app.shealth,1002898,34799999,2029761b-d4f7-4862-a926-1383f69845fd,2024-08-29 00:00:00.000,
0,62710150,0,0,1559,300,942898,90,0,62710150,2024-08-30 23:02:55.282,10,2024-08-30 03:11:46.457,0.0,30,30,-1,300000,16,3,0,8,1174.02,0,57.2,c57eb555-c9fd-44c3-9531-f47cb6c44822.extra_data.json,R5wtjjS0Fd,0,com.sec.android.app.shealth,942898,32700000,c57eb555-c9fd-44c3-9531-f47cb6c44822,2024-08-30 00:00:00.000,
0,62710150,0,0,1338,300,842301,90,0,62710150,2024-09-01 00:15:22.504,10,2024-08-31 03:00:00.689,0.0,30,30,-1,60000,15,3,0,8,1000.04,0,48.670002,0cdfb2f5-6b26-436c-989e-624b973baec6.extra_data.json,R5wtjjS0Fd,0,com.sec.android.app.shealth,842301,28260000,0cdfb2f5-6b26-436c-989e-624b973baec6,2024-08-31 00:00:00.000,
0,62710150,0,0,2601,300,1714737,90,0,62710150,2024-09-02 00:47:38.319,10,2024-09-01 03:00:02.433,0.0,30,30,-1,120000,31,6,0,8,1903.0503,0,99.379974,2de016b2-95e4-4b50-ba6d-c26e40a776ff.extra_data.json,R5wtjjS0Fd,0,com.sec.android.app.shealth,1714737,35460000,2de016b2-95e4-4b50-ba6d-c26e40a776ff,2024-09-01 00:00:00.000,
0,62710150,0,0,1698,300,1060230,90,0,62720090,2024-09-03 01:47:53.075,10,2024-09-02 03:09:07.391,0.0,30,30,-1,360000,18,4,0,8,1265.9602,0,65.84999,67863a99-3b49-4f08-9d40-cc1e4a2d9588.extra_data.json,R5wtjjS0Fd,0,com.sec.android.app.shealth,1060230,33960000,67863a99-3b49-4f08-9d40-cc1e4a2d9588,2024-09-02 00:00:00.000,
0,62720090,0,0,4851,300,2984135,90,0,62720090,2024-09-04 00:15:06.454,10,2024-09-03 03:00:01.338,0.0,30,30,-1,420000,54,9,0,8,3635.2996,0,177.39001,e8a44613-e8be-4e24-b714-f60253978e8c.extra_data.json,R5wtjjS0Fd,0,com.sec.android.app.shealth,2984135,24360000,e8a44613-e8be-4e24-b714-f60253978e8c,2024-09-03 00:00:00.000,
0,62720090,0,0,1565,300,938865,90,0,62720090,2024-09-04 21:49:14.433,10,2024-09-04 04:00:35.193,0.0,30,30,-1,300000,16,3,0,8,1181.33,0,59.67,7e061548-857f-4462-9863-8dbe8f6352e2.extra_data.json,R5wtjjS0Fd,2000,com.sec.android.app.shealth,936865,31620000,7e061548-857f-4462-9863-8dbe8f6352e2,2024-09-04 00:00:00.000,
0,62720090,0,0,55,300,36685,90,0,62720090,2024-09-05 23:55:20.597,10,2024-09-05 03:00:02.306,0.0,30,30,-1,18676,0,1,0,8,37.45,0,1.98,ef982f39-908d-4750-85e5-858787124dcb.extra_data.json,R5wtjjS0Fd,0,com.sec.android.app.shealth,36685,32220000,ef982f39-908d-4750-85e5-858787124dcb,2024-09-05 00:00:00.000,
0,62720090,0,2193702,6161,300,3683329,90,0,62720090,2024-09-07 14:07:12.749,10,2024-09-06 03:15:36.375,0.0,30,30,-1,878000,67,5,0,8,4716.412,0,234.07268,8347660c-a507-4be3-bda6-6d7a05552175.extra_data.json,R5wtjjS0Fd,0,com.sec.android.app.shealth,3683329,42599999,8347660c-a507-4be3-bda6-6d7a05552175,2024-09-06 00:00:00.000,
0,62720090,0,0,69,300,46023,90,0,62720090,2024-09-08 01:25:06.626,10,2024-09-07 03:00:00.732,0.0,30,30,-1,20677,0,2,0,8,46.98,0,2.59,93db6202-58e7-4e6f-a30a-193f81bcd22b.extra_data.json,R5wtjjS0Fd,0,com.sec.android.app.shealth,46023,40200000,93db6202-58e7-4e6f-a30a-193f81bcd22b,2024-09-07 00:00:00.000,
0,62720090,0,0,1621,300,1002231,90,0,62720090,2024-09-08 23:55:03.100,10,2024-09-08 03:00:00.943,0.0,30,30,-1,120000,17,5,0,8,1162.5,0,61.42,988ec2b7-795d-4a8d-bc1a-539f83af7e7d.extra_data.json,R5wtjjS0Fd,0,com.sec.android.app.shealth,1002231,31620000,988ec2b7-795d-4a8d-bc1a-539f83af7e7d,2024-09-08 00:00:00.000,
0,62720090,0,1980000,4882,300,2802898,90,0,62720090,2024-09-10 00:58:00.395,10,2024-09-09 03:44:28.709,0.0,30,30,-1,1980000,51,4,0,8,3706.3403,0,180.76001,337fa78a-9a87-4db6-9b22-1a1dc584a399.extra_data.json,R5wtjjS0Fd,0,com.sec.android.app.shealth,2802898,37320000,337fa78a-9a87-4db6-9b22-1a1dc584a399,2024-09-09 00:00:00.000,
0,62720090,0,0,1782,300,1070902,90,0,62720090,2024-09-11 01:15:07.435,10,2024-09-10 03:48:21.232,0.0,30,30,-1,300000,18,6,0,8,1343.2599,0,68.96001,62478b75-de90-499a-b305-209cf09ee29e.extra_data.json,R5wtjjS0Fd,0,com.sec.android.app.shealth,1070902,29580000,62478b75-de90-499a-b305-209cf09ee29e,2024-09-10 00:00:00.000,
0,62720090,0,0,4909,300,3044195,90,0,62720090,2024-09-11 20:03:59.737,10,2024-09-11 03:00:02.563,0.0,30,30,-1,360000,55,8,0,8,3694.0,0,190.90997,9e1aa6a8-f774-4deb-9375-468f504348a4.extra_data.json,R5wtjjS0Fd,0,com.sec.android.app.shealth,3044195,26700000,9e1aa6a8-f774-4deb-9375-468f504348a4,2024-09-11 00:00:00.000,
0,62720090,0,0,1601,300,988224,90,0,62720090,2024-09-12 23:56:02.371,10,2024-09-12 03:00:01.074,0.0,30,30,-1,360000,17,4,0,8,1202.6,0,63.280003,caf12560-28a2-4293-9d15-61acc5ad7bd1.extra_data.json,R5wtjjS0Fd,1558,com.sec.android.app.shealth,986666,33120000,caf12560-28a2-4293-9d15-61acc5ad7bd1,2024-09-12 00:00:00.000,
0,62720090,0,0,3296,300,2026503,90,0,62720090,2024-09-14 01:55:02.868,10,2024-09-13 03:19:46.823,0.0,30,30,-1,360000,36,6,0,8,2465.48,0,125.979996,771dde00-3956-4d1b-97b6-6453aec3ab42.extra_data.json,R5wtjjS0Fd,0,com.sec.android.app.shealth,2026503,31320000,771dde00-3956-4d1b-97b6-6453aec3ab42,2024-09-13 00:00:00.000,
0,62720090,0,0,89,300,59363,90,0,62720090,2024-09-15 01:15:04.532,10,2024-09-14 03:48:26.277,0.0,30,30,-1,23345,0,1,0,8,64.649994,0,3.2900002,5f3f55c4-adc2-4495-9966-806bd9c86e16.extra_data.json,R5wtjjS0Fd,0,com.sec.android.app.shealth,59363,27540000,5f3f55c4-adc2-4495-9966-806bd9c86e16,2024-09-14 00:00:00.000,
0,62720090,0,0,78,300,52026,90,0,62720090,2024-09-15 23:07:13.861,10,2024-09-15 03:00:00.963,0.0,30,30,-1,16008,0,2,0,8,54.439995,0,3.41,9da80577-1106-4292-8910-bf9359a62e26.extra_data.json,R5wtjjS0Fd,0,com.sec.android.app.shealth,52026,32400000,9da80577-1106-4292-8910-bf9359a62e26,2024-09-15 00:00:00.000,
0,62720090,0,0,2866,300,1731202,90,0,62720090,2024-09-16 19:35:07.573,10,2024-09-16 03:00:01.810,0.0,30,30,-1,240000,31,5,0,8,2151.6,0,99.44,2cd2b26c-355c-47cf-90d0-9dcb8d649b90.extra_data.json,R5wtjjS0Fd,0,com.sec.android.app.shealth,1731202,29280000,2cd2b26c-355c-47cf-90d0-9dcb8d649b90,2024-09-16 00:00:00.000,
0,62720090,0,0,2036,300,1285676,90,0,62720090,2024-09-18 00:28:06.333,10,2024-09-17 03:00:01.171,0.0,30,30,-1,360000,23,7,0,8,1499.9198,0,78.84999,72673899-2fd5-4d4d-b2be-f73372cb4d40.extra_data.json,R5wtjjS0Fd,0,com.sec.android.app.shealth,1285676,35400000,72673899-2fd5-4d4d-b2be-f73372cb4d40,2024-09-17 00:00:00.000,
0,62720090,0,0,1628,300,996925,90,0,62720090,2024-09-18 22:25:03.573,10,2024-09-18 03:23:58.275,0.0,30,30,-1,360000,17,4,0,8,1222.1296,0,61.87999,6186c958-3ba7-481f-b834-fe1bbba61abb.extra_data.json,R5wtjjS0Fd,0,com.sec.android.app.shealth,996925,32520000,6186c958-3ba7-481f-b834-fe1bbba61abb,2024-09-18 00:00:00.000,
0,62720090,0,3098000,11028,300,6655263,90,0,62720090,2024-09-20 03:04:07.501,10,2024-09-19 04:25:43.973,0.0,30,30,-1,1380000,122,9,0,8,8408.208,0,404.0649,a62d065a-ace8-413d-8c92-148830ab53a4.extra_data.json,R5wtjjS0Fd,0,com.sec.android.app.shealth,6655263,29279999,a62d065a-ace8-413d-8c92-148830ab53a4,2024-09-19 00:00:00.000,
0,62720090,0,0,2381,300,1484382,90,0,62720090,2024-09-20 17:39:21.586,10,2024-09-20 03:04:02.405,0.0,30,30,-1,300000,26,4,0,8,1771.5797,0,91.27002,80f1906e-c684-4128-b0ce-fe42a34e16ca.extra_data.json,R5wtjjS0Fd,0,com.sec.android.app.shealth,1484382,36360000,80f1906e-c684-4128-b0ce-fe42a34e16ca,2024-09-20 00:00:00.000,
0,62720090,0,0,0,300,0,90,0,62720090,2024-09-21 09:26:35.508,10,2024-09-21 04:05:16.411,0.0,30,30,-1,0,0,0,0,8,0.0,0,0.0,0d43feb9-0382-4397-8fbe-85f0cd587b59.extra_data.json,R5wtjjS0Fd,0,com.sec.android.app.shealth,0,-1,0d43feb9-0382-4397-8fbe-85f0cd587b59,2024-09-21 00:00:00.000,
0,62720090,0,0,1474,300,907577,90,0,62720090,2024-09-23 00:51:48.722,10,2024-09-22 03:00:01.490,0.0,30,30,-1,180000,16,7,0,8,1095.92,0,54.319996,8e376dd8-0a01-48ca-9acf-0bc0673e6dc9.extra_data.json,R5wtjjS0Fd,0,com.sec.android.app.shealth,907577,17220000,8e376dd8-0a01-48ca-9acf-0bc0673e6dc9,2024-09-22 00:00:00.000,
0,62720090,0,0,323,300,215441,90,0,62720090,2024-09-24 00:22:55.263,10,2024-09-23 03:00:00.785,0.0,30,30,-1,46690,3,3,0,8,231.95,0,12.24,759c1b7c-f77e-40f4-9799-f970d570abb0.extra_data.json,R5wtjjS0Fd,0,com.sec.android.app.shealth,215441,40440000,759c1b7c-f77e-40f4-9799-f970d570abb0,2024-09-23 00:00:00.000,
0,62720090,0,0,1562,300,952146,90,0,62720090,2024-09-25 01:02:39.302,10,2024-09-24 03:30:28.763,0.0,30,30,-1,360000,16,5,0,8,1161.6299,0,61.819996,5dbefe2e-24ac-4740-953e-b749d49f6213.extra_data.json,R5wtjjS0Fd,0,com.sec.android.app.shealth,952146,38460000,5dbefe2e-24ac-4740-953e-b749d49f6213,2024-09-24 00:00:00.000,
0,62720090,0,0,1518,300,920160,90,0,62720090,2024-09-26 00:30:54.431,10,2024-09-25 03:00:01.064,0.0,30,30,-1,360000,16,3,0,8,1141.75,0,57.999996,071eda9e-aea8-4504-aad9-801852a552cb.extra_data.json,R5wtjjS0Fd,0,com.sec.android.app.shealth,920160,36180000,071eda9e-aea8-4504-aad9-801852a552cb,2024-09-25 00:00:00.000,
0,62720090,0,0,142,300,94714,90,0,62720090,2024-09-27 00:35:06.660,10,2024-09-26 03:00:01.236,0.0,30,30,-1,18009,1,5,0,8,99.03,0,5.39,d030f069-1530-4455-953f-864822f76cf0.extra_data.json,R5wtjjS0Fd,0,com.sec.android.app.shealth,94714,38400000,d030f069-1530-4455-953f-864822f76cf0,2024-09-26 00:00:00.000,
0,62720090,0,0,1542,300,942837,90,0,62720090,2024-09-28 00:17:16.271,10,2024-09-27 03:27:58.604,0.0,30,30,-1,300000,16,4,0,8,1151.34,0,61.149998,531886ab-7724-4ec3-8b59-7666781b902c.extra_data.json,R5wtjjS0Fd,2000,com.sec.android.app.shealth,940837,35460000,531886ab-7724-4ec3-8b59-7666781b902c,2024-09-27 00:00:00.000,
0,62720090,0,0,1896,300,1219793,90,0,62720090,2024-09-28 17:19:35.074,10,2024-09-28 03:53:55.595,0.0,30,30,-1,120000,22,3,0,8,1399.7399,0,73.020004,dd58803a-e0fc-4c1c-9be8-3f78eb3052bb.extra_data.json,R5wtjjS0Fd,0,com.sec.android.app.shealth,1219793,44940000,dd58803a-e0fc-4c1c-9be8-3f78eb3052bb,2024-09-28 00:00:00.000,
0,62720090,0,0,4351,300,2739599,90,0,62720090,2024-09-30 01:35:03.616,10,2024-09-29 03:00:00.831,0.0,30,30,-1,120000,50,5,0,8,3104.9797,0,172.79999,22196658-d994-4f69-960a-701b939fa7e7.extra_data.json,R5wtjjS0Fd,800,com.sec.android.app.shealth,2738799,24360000,22196658-d994-4f69-960a-701b939fa7e7,2024-09-29 00:00:00.000,
0,62720090,0,0,45,300,30015,90,0,62720090,2024-10-01 00:25:03.609,10,2024-09-30 03:00:02.465,0.0,30,30,-1,18676,0,1,0,8,31.489998,0,1.75,ea73a521-704b-42e5-ba42-0e6f38d0fdcf.extra_data.json,R5wtjjS0Fd,0,com.sec.android.app.shealth,30015,60660000,ea73a521-704b-42e5-ba42-0e6f38d0fdcf,2024-09-30 00:00:00.000,
0,62720090,0,0,1860,300,1127627,90,0,62720090,2024-10-02 02:56:05.594,10,2024-10-01 03:19:12.608,0.0,30,30,-1,300000,20,6,0,8,1385.7599,0,71.26,c71e9eaf-3e4b-48c7-b794-4724f4b8313c.extra_data.json,R5wtjjS0Fd,0,com.sec.android.app.shealth,1127627,21120000,c71e9eaf-3e4b-48c7-b794-4724f4b8313c,2024-10-01 00:00:00.000,
0,62720090,0,0,1550,300,938836,90,0,62720090,2024-10-02 17:51:52.639,10,2024-10-02 03:00:00.976,0.0,30,30,-1,300000,16,3,0,8,1167.39,0,60.399986,6082cfe1-69ad-4ef0-8be9-7bffc3686e8f.extra_data.json,R5wtjjS0Fd,0,com.sec.android.app.shealth,938836,32940000,6082cfe1-69ad-4ef0-8be9-7bffc3686e8f,2024-10-02 00:00:00.000,
0,62720090,0,0,1645,300,1018149,90,0,62720090,2024-10-04 00:30:14.549,10,2024-10-03 03:41:25.678,0.0,30,30,-1,360000,17,5,0,8,1220.92,0,64.84,76b062eb-1412-4b04-bae5-2946e9baf3d1.extra_data.json,R5wtjjS0Fd,0,com.sec.android.app.shealth,1018149,29700000,76b062eb-1412-4b04-bae5-2946e9baf3d1,2024-10-03 00:00:00.000,
0,62720090,0,0,2223,300,1405039,90,0,62720090,2024-10-04 23:27:13.118,10,2024-10-04 03:00:00.647,0.0,30,30,-1,360000,25,7,0,8,1648.1804,0,86.38001,8a99e801-e288-42f3-a14a-b332d1ffefd0.extra_data.json,R5wtjjS0Fd,0,com.sec.android.app.shealth,1405039,29160000,8a99e801-e288-42f3-a14a-b332d1ffefd0,2024-10-04 00:00:00.000,
0,62720090,0,3294000,8309,300,5364462,90,0,62720090,2024-10-06 00:55:02.149,10,2024-10-05 04:47:29.130,0.0,30,30,-1,1740000,98,7,0,8,6284.781,0,317.70493,2dd79003-6933-4eee-b6b9-3a1106781985.extra_data.json,R5wtjjS0Fd,0,com.sec.android.app.shealth,5364462,35520000,2dd79003-6933-4eee-b6b9-3a1106781985,2024-10-05 00:00:00.000,
0,62720090,0,660000,5595,300,3520133,90,0,62720090,2024-10-07 00:58:09.839,10,2024-10-06 03:00:01.478,0.0,30,30,-1,660000,64,8,0,8,4196.6597,0,220.97998,3721c710-2a13-4a10-8106-94a95ea0e17b.extra_data.json,R5wtjjS0Fd,0,com.sec.android.app.shealth,3520133,29880000,3721c710-2a13-4a10-8106-94a95ea0e17b,2024-10-06 00:00:00.000,
0,62720090,0,0,1669,300,1058289,90,0,62720090,2024-10-08 03:00:02.516,10,2024-10-07 03:50:41.265,0.0,30,30,-1,240000,18,4,0,8,1232.5599,0,66.17,fe21d7af-dbb7-495f-b6bf-90818b817799.extra_data.json,R5wtjjS0Fd,0,com.sec.android.app.shealth,1058289,36059999,fe21d7af-dbb7-495f-b6bf-90818b817799,2024-10-07 00:00:00.000,
0,62720090,0,0,1879,300,1202998,90,0,62720090,2024-10-08 23:15:04.721,10,2024-10-08 03:00:01.906,0.0,30,30,-1,360000,22,9,0,8,1393.2,0,73.350006,62d40d1d-a9b0-4449-999b-87ec4edb980f.extra_data.json,R5wtjjS0Fd,0,com.sec.android.app.shealth,1202998,27660000,62d40d1d-a9b0-4449-999b-87ec4edb980f,2024-10-08 00:00:00.000,
0,62720090,0,0,2832,300,1825339,90,0,62720090,2024-10-10 01:55:06.155,10,2024-10-09 03:00:00.720,0.0,30,30,-1,240000,33,10,0,8,2112.2603,0,106.270004,598b2790-fe9d-4b6b-ac07-5870d5dda39c.extra_data.json,R5wtjjS0Fd,0,com.sec.android.app.shealth,1825339,39240000,598b2790-fe9d-4b6b-ac07-5870d5dda39c,2024-10-09 00:00:00.000,
0,62720090,0,0,1891,300,1200997,90,0,62720090,2024-10-10 18:21:42.504,10,2024-10-10 03:00:02.765,0.0,30,30,-1,360000,22,6,0,8,1390.04,0,74.44001,6cbfcaba-c028-4387-a475-9887e02fa030.extra_data.json,R5wtjjS0Fd,0,com.sec.android.app.shealth,1200997,38400000,6cbfcaba-c028-4387-a475-9887e02fa030,2024-10-10 00:00:00.000,
0,62720090,0,0,3882,300,2375314,90,0,62720090,2024-10-12 02:15:09.401,10,2024-10-11 03:15:25.869,0.0,30,30,-1,300000,43,9,0,8,2943.39,0,135.40001,8a78d2f0-be69-446a-baad-3c9c71805540.extra_data.json,R5wtjjS0Fd,0,com.sec.android.app.shealth,2375314,31560000,8a78d2f0-be69-446a-baad-3c9c71805540,2024-10-11 00:00:00.000,
0,62720090,0,1680000,6034,300,3815801,90,0,62720090,2024-10-12 20:20:06.613,10,2024-10-12 03:03:32.723,0.0,30,30,-1,1680000,70,6,0,8,4573.11,0,220.03001,625761c3-0a6b-4513-9c19-08c14d620c5a.extra_data.json,R5wtjjS0Fd,993,com.sec.android.app.shealth,3814808,33360000,625761c3-0a6b-4513-9c19-08c14d620c5a,2024-10-12 00:00:00.000,
0,62720090,0,0,2692,300,1669778,90,0,62720090,2024-10-14 03:08:50.529,10,2024-10-13 03:19:49.928,0.0,30,30,-1,120000,30,2,0,8,1892.32,0,106.020004,646afca7-ab01-4c90-928c-d0b7838e3fcb.extra_data.json,R5wtjjS0Fd,0,com.sec.android.app.shealth,1669778,35339999,646afca7-ab01-4c90-928c-d0b7838e3fcb,2024-10-13 00:00:00.000,
0,62720090,0,0,1668,300,1009538,90,0,62720090,2024-10-14 22:48:27.117,10,2024-10-14 03:08:47.258,0.0,30,30,-1,360000,17,2,0,8,1254.8301,0,61.240005,714259f0-7bac-4ec2-8276-4fcdc94870fe.extra_data.json,R5wtjjS0Fd,0,com.sec.android.app.shealth,1009538,33840000,714259f0-7bac-4ec2-8276-4fcdc94870fe,2024-10-14 00:00:00.000,
0,62720090,0,0,1629,300,1024272,90,0,62720090,2024-10-16 00:54:56.633,10,2024-10-15 03:00:00.984,0.0,30,30,-1,240000,18,7,0,8,1217.2002,0,62.719997,ea28b614-54ab-4e67-80c7-01837dd6a7bb.extra_data.json,R5wtjjS0Fd,0,com.sec.android.app.shealth,1024272,32040000,ea28b614-54ab-4e67-80c7-01837dd6a7bb,2024-10-15 00:00:00.000,
0,62720090,0,0,5052,300,3213523,90,0,62720090,2024-10-16 22:35:06.914,10,2024-10-16 03:15:02.721,0.0,30,30,-1,360000,58,6,0,8,3753.159,0,196.95,c1535875-b4c9-4145-9c30-9537046e230c.extra_data.json,R5wtjjS0Fd,0,com.sec.android.app.shealth,3213523,25860000,c1535875-b4c9-4145-9c30-9537046e230c,2024-10-16 00:00:00.000,
0,62720090,0,2621000,9489,300,5848165,90,0,62720090,2024-10-17 20:55:05.272,10,2024-10-17 03:00:00.990,0.0,30,30,-1,1320000,107,9,0,8,7205.3325,0,357.93967,0ccc1eea-7529-4b26-899c-ae75071a206f.extra_data.json,R5wtjjS0Fd,1200,com.sec.android.app.shealth,5846965,27300000,0ccc1eea-7529-4b26-899c-ae75071a206f,2024-10-17 00:00:00.000,
0,62720090,0,0,1800,300,1115591,90,0,62720090,2024-10-19 04:39:07.407,10,2024-10-18 03:00:01.774,0.0,30,30,-1,360000,20,4,0,8,1330.1499,0,71.520004,43f71ae5-4b57-490a-80bf-0d42ce8f2b57.extra_data.json,R5wtjjS0Fd,0,com.sec.android.app.shealth,1115591,42359999,43f71ae5-4b57-490a-80bf-0d42ce8f2b57,2024-10-18 00:00:00.000,
0,62720090,0,0,862,300,536845,90,0,62720090,2024-10-20 03:33:47.388,10,2024-10-19 04:39:03.490,0.0,30,30,-1,120000,8,5,0,8,651.6601,0,30.11,7b598f63-2407-4a47-b72f-1ed74673b600.extra_data.json,R5wtjjS0Fd,0,com.sec.android.app.shealth,536845,27959999,7b598f63-2407-4a47-b72f-1ed74673b600,2024-10-19 00:00:00.000,
0,62720090,0,0,3221,300,2075464,90,0,62720090,2024-10-20 20:33:48.204,10,2024-10-20 03:33:44.344,0.0,30,30,-1,240000,37,8,0,8,2383.79,0,122.33001,7836b8dd-992a-46c1-8e2c-d360d5dae592.extra_data.json,R5wtjjS0Fd,0,com.sec.android.app.shealth,2075464,25800000,7836b8dd-992a-46c1-8e2c-d360d5dae592,2024-10-20 00:00:00.000,
0,62720090,0,1358000,7267,300,4341443,90,0,62720090,2024-10-22 00:35:02.281,10,2024-10-21 03:22:21.692,0.0,30,30,-1,1358000,80,7,0,8,5502.281,0,279.87262,f8a94711-4978-4bf4-9124-0aa53f07f8d5.extra_data.json,R5wtjjS0Fd,0,com.sec.android.app.shealth,4341443,28740000,f8a94711-4978-4bf4-9124-0aa53f07f8d5,2024-10-21 00:00:00.000,
0,62720090,0,0,4663,300,2858529,90,0,62720090,2024-10-23 01:57:17.060,10,2024-10-22 04:28:30.178,0.0,30,30,-1,600000,52,5,0,8,3500.81,0,180.39,09b10c70-4788-44ac-8e11-c532170f13e2.extra_data.json,R5wtjjS0Fd,0,com.sec.android.app.shealth,2858529,27900000,09b10c70-4788-44ac-8e11-c532170f13e2,2024-10-22 00:00:00.000,
0,62720090,0,1133000,5426,300,3395044,90,0,62720090,2024-10-24 03:00:02.397,10,2024-10-23 03:21:40.131,0.0,30,30,-1,1140000,62,3,0,8,4150.835,0,214.57718,bc7bb0c9-f0f2-44bc-82a6-a77c6edbfcc8.extra_data.json,R5wtjjS0Fd,0,com.sec.android.app.shealth,3395044,33659999,bc7bb0c9-f0f2-44bc-82a6-a77c6edbfcc8,2024-10-23 00:00:00.000,
0,62720090,0,0,438,300,292146,90,0,62720090,2024-10-24 21:35:01.539,10,2024-10-24 03:00:01.076,0.0,30,30,-1,38686,4,4,0,8,311.81,0,17.06,d98ae145-8bab-4170-9ae1-3895d1513b6f.extra_data.json,R5wtjjS0Fd,0,com.sec.android.app.shealth,292146,29220000,d98ae145-8bab-4170-9ae1-3895d1513b6f,2024-10-24 00:00:00.000,
0,62720090,0,0,748,300,498916,90,0,62720090,2024-10-26 01:55:02.585,10,2024-10-25 04:51:14.269,0.0,30,30,-1,46023,8,4,0,8,529.26996,0,28.880001,0c6ac9f1-c104-4777-b66d-52150ee589b0.extra_data.json,R5wtjjS0Fd,0,com.sec.android.app.shealth,498916,35760000,0c6ac9f1-c104-4777-b66d-52150ee589b0,2024-10-25 00:00:00.000,
0,62720090,0,0,2912,300,1918839,90,0,62720090,2024-10-26 21:55:02.530,10,2024-10-26 03:51:30.256,0.0,30,30,-1,120000,34,8,0,8,2137.48,0,113.23003,86f288b6-b7b6-44ac-aa3d-20369f86c3c6.extra_data.json,R5wtjjS0Fd,0,com.sec.android.app.shealth,1918839,23100000,86f288b6-b7b6-44ac-aa3d-20369f86c3c6,2024-10-26 00:00:00.000,
0,62720090,0,0,6115,300,4026139,90,0,62720090,2024-10-27 22:01:22.067,10,2024-10-27 03:44:50.316,0.0,30,30,-1,600000,74,4,0,8,4433.6406,0,240.92996,e548d76f-94ec-491b-9d52-6eec65cbf12f.extra_data.json,R5wtjjS0Fd,0,com.sec.android.app.shealth,4026139,28140000,e548d76f-94ec-491b-9d52-6eec65cbf12f,2024-10-27 00:00:00.000,
0,62720090,0,0,1651,300,1035551,90,0,62720090,2024-10-28 23:49:29.104,10,2024-10-28 03:00:00.833,0.0,30,30,-1,360000,18,3,0,8,1218.4402,0,65.37001,55281e54-8603-4da8-9c52-dd1baf64ad3c.extra_data.json,R5wtjjS0Fd,0,com.sec.android.app.shealth,1035551,34140000,55281e54-8603-4da8-9c52-dd1baf64ad3c,2024-10-28 00:00:00.000,
0,62720090,0,0,2442,300,1569788,90,0,62820030,2024-11-15 23:39:21.378,10,2024-10-29 03:25:16.425,0.0,30,30,-1,360000,28,4,0,8,1790.6998,0,95.51002,42eb9de5-5686-4fe4-8be6-e2106eb2f8ce.extra_data.json,R5wtjjS0Fd,0,com.sec.android.app.shealth,1569788,86400000,42eb9de5-5686-4fe4-8be6-e2106eb2f8ce,2024-10-29 00:00:00.000,
0,62810050,0,0,1629,300,1064352,90,0,62820030,2024-11-15 23:39:20.990,10,2024-10-30 03:19:30.054,0.0,30,30,-1,360000,18,3,0,8,1193.7299,0,63.93,2bd36c14-5cfd-42ec-b282-1046993d7800.extra_data.json,R5wtjjS0Fd,0,com.sec.android.app.shealth,1064352,86400000,2bd36c14-5cfd-42ec-b282-1046993d7800,2024-10-30 00:00:00.000,
0,62810050,0,2683000,8862,300,5496808,90,0,62820030,2024-11-15 23:39:20.618,10,2024-10-31 04:34:13.461,0.0,30,30,-1,1560000,101,6,0,8,6709.279,0,352.73904,358e2626-0b45-49fb-b692-129581d1e7ab.extra_data.json,R5wtjjS0Fd,0,com.sec.android.app.shealth,5496808,86400000,358e2626-0b45-49fb-b692-129581d1e7ab,2024-10-31 00:00:00.000,
0,62810050,0,0,1705,300,1034217,90,0,62820030,2024-11-15 23:39:20.215,10,2024-11-01 03:20:55.200,0.0,30,30,-1,300000,18,5,0,8,1259.29,0,67.329994,d50f0c29-3df2-4835-905d-f9991014e066.extra_data.json,R5wtjjS0Fd,0,com.sec.android.app.shealth,1034217,86400000,d50f0c29-3df2-4835-905d-f9991014e066,2024-11-01 00:00:00.000,
0,62810050,0,0,129,300,86043,90,0,62820030,2024-11-15 23:39:19.871,10,2024-11-02 03:00:02.276,0.0,30,30,-1,26680,1,2,0,8,90.28,0,4.9100003,1e070081-77e9-40da-aed8-f7a0e0789d55.extra_data.json,R5wtjjS0Fd,0,com.sec.android.app.shealth,86043,86400000,1e070081-77e9-40da-aed8-f7a0e0789d55,2024-11-02 00:00:00.000,
0,62810050,0,0,73,300,48691,90,0,62820030,2024-11-15 23:39:19.618,10,2024-11-03 03:00:03.172,0.0,30,30,-1,23345,0,2,0,8,50.739998,0,3.05,3adebc50-b8f1-4b49-a8ad-0b1ac63d01eb.extra_data.json,R5wtjjS0Fd,0,com.sec.android.app.shealth,48691,86400000,3adebc50-b8f1-4b49-a8ad-0b1ac63d01eb,2024-11-03 00:00:00.000,
0,62810050,0,1080000,8360,300,5054150,90,0,62820030,2024-11-15 23:39:19.257,10,2024-11-04 03:20:47.500,0.0,30,30,-1,1080000,93,9,0,8,6280.281,0,314.5,4a950967-edb2-455a-baf4-38448c726da6.extra_data.json,R5wtjjS0Fd,0,com.sec.android.app.shealth,5054150,86400000,4a950967-edb2-455a-baf4-38448c726da6,2024-11-04 00:00:00.000,
0,62810050,0,0,3314,300,2098749,90,0,62820030,2024-11-15 23:39:18.820,10,2024-11-05 03:00:02.438,0.0,30,30,-1,240000,37,9,0,8,2487.7502,0,122.950035,76fde34c-9551-4ed8-a316-f8517ddc4bb9.extra_data.json,R5wtjjS0Fd,0,com.sec.android.app.shealth,2098749,86400000,76fde34c-9551-4ed8-a316-f8517ddc4bb9,2024-11-05 00:00:00.000,
0,62810050,0,1313000,7881,300,4868812,90,0,62820030,2024-11-15 23:39:18.488,10,2024-11-06 03:00:01.311,0.0,30,30,-1,1320000,90,5,0,8,5956.1426,0,310.26956,ceec7c61-2eb1-46f0-b614-9675ecceeee7.extra_data.json,R5wtjjS0Fd,4993,com.sec.android.app.shealth,4863819,86400000,ceec7c61-2eb1-46f0-b614-9675ecceeee7,2024-11-06 00:00:00.000,
0,62810050,0,0,1573,300,990922,90,0,62820030,2024-11-15 23:39:18.180,10,2024-11-07 03:00:01.020,0.0,30,30,-1,240000,17,3,0,8,1174.1101,0,60.88,c75532d3-8478-47ee-b91b-4ef69eba328b.extra_data.json,R5wtjjS0Fd,0,com.sec.android.app.shealth,990922,86400000,c75532d3-8478-47ee-b91b-4ef69eba328b,2024-11-07 00:00:00.000,
0,62810050,0,0,1766,300,1079543,90,0,62820030,2024-11-15 23:39:17.848,10,2024-11-08 03:00:00.720,0.0,30,30,-1,360000,18,7,0,8,1312.7701,0,68.26,63df4e98-3967-4485-b074-a86c4bf1f559.extra_data.json,R5wtjjS0Fd,0,com.sec.android.app.shealth,1079543,86400000,63df4e98-3967-4485-b074-a86c4bf1f559,2024-11-08 00:00:00.000,
0,62810050,0,0,1103,300,716965,90,0,62820030,2024-11-15 23:39:17.502,10,2024-11-09 04:39:18.230,0.0,30,30,-1,60000,12,3,0,8,823.32007,0,41.300003,1b710087-2c5d-4d8b-9a40-295ec18c1e0f.extra_data.json,R5wtjjS0Fd,0,com.sec.android.app.shealth,716965,86400000,1b710087-2c5d-4d8b-9a40-295ec18c1e0f,2024-11-09 00:00:00.000,
0,62810050,0,0,2593,300,1647263,90,0,62820030,2024-11-15 23:39:17.167,10,2024-11-10 03:13:15.944,0.0,30,30,-1,120000,30,4,0,8,1833.3401,0,107.220024,102c1459-5a8c-4e54-94c3-f3aebcc443ad.extra_data.json,R5wtjjS0Fd,800,com.sec.android.app.shealth,1646463,86400000,102c1459-5a8c-4e54-94c3-f3aebcc443ad,2024-11-10 00:00:00.000,
0,62810050,0,0,1676,300,1070355,90,0,62820030,2024-11-15 23:39:16.925,10,2024-11-11 04:58:59.368,0.0,30,30,-1,300000,18,4,0,8,1251.7202,0,65.10999,ee63d995-46d0-4f10-88d0-9aa0c3bdfcce.extra_data.json,R5wtjjS0Fd,0,com.sec.android.app.shealth,1070355,86400000,ee63d995-46d0-4f10-88d0-9aa0c3bdfcce,2024-11-11 00:00:00.000,
0,62810050,0,0,5258,300,3329833,90,0,62820030,2024-11-15 23:39:16.640,10,2024-11-12 03:38:46.942,0.0,30,30,-1,480000,61,10,0,8,3898.7705,0,204.07007,5bc96da8-7f8a-42b6-9125-a1bc9b042fd9.extra_data.json,R5wtjjS0Fd,4048,com.sec.android.app.shealth,3325785,86400000,5bc96da8-7f8a-42b6-9125-a1bc9b042fd9,2024-11-12 00:00:00.000,
0,62810050,0,0,128,300,85376,90,0,62820030,2024-11-15 23:39:16.358,10,2024-11-13 04:59:55.342,0.0,30,30,-1,39353,1,3,0,8,94.5,0,4.74,f87548f4-a113-457c-be8b-912fecb9d707.extra_data.json,R5wtjjS0Fd,0,com.sec.android.app.shealth,85376,86400000,f87548f4-a113-457c-be8b-912fecb9d707,2024-11-13 00:00:00.000,
0,62810050,0,2699000,7939,300,5179629,90,0,62820030,2024-11-15 23:47:54.302,10,2024-11-14 03:30:58.023,0.0,30,30,-1,2160000,95,4,0,8,6063.576,0,313.05304,7d9543d2-671b-4163-99f1-b83e7d9e3889.extra_data.json,R5wtjjS0Fd,3200,com.sec.android.app.shealth,5176429,86400000,7d9543d2-671b-4163-99f1-b83e7d9e3889,2024-11-14 00:00:00.000,
0,62810050,0,0,45,300,30015,90,0,62850050,2024-12-12 22:44:36.628,10,2024-11-15 03:14:05.664,0.0,30,30,-1,9338,0,1,0,8,33.329998,0,1.64,7ca25dbe-5911-47eb-874f-62ae25bd54ac.extra_data.json,R5wtjjS0Fd,0,com.sec.android.app.shealth,30015,86400000,7ca25dbe-5911-47eb-874f-62ae25bd54ac,2024-11-15 00:00:00.000,
0,62820030,0,0,546,300,364182,90,0,62850050,2024-12-12 22:44:36.492,10,2024-11-16 03:00:01.880,0.0,30,30,-1,38019,6,6,0,8,401.25998,0,21.069998,15d374cb-a0ce-4fee-a0f0-e98c4ee77cea.extra_data.json,R5wtjjS0Fd,0,com.sec.android.app.shealth,364182,86400000,15d374cb-a0ce-4fee-a0f0-e98c4ee77cea,2024-11-16 00:00:00.000,
0,62820030,0,0,18,300,12006,90,0,62850050,2024-12-12 22:44:36.336,10,2024-11-17 03:24:57.320,0.0,30,30,-1,12006,0,0,0,8,13.400001,0,0.66,29810888-2172-4d78-9397-f3a97f3a9d65.extra_data.json,R5wtjjS0Fd,0,com.sec.android.app.shealth,12006,86400000,29810888-2172-4d78-9397-f3a97f3a9d65,2024-11-17 00:00:00.000,
0,62820030,0,0,3106,300,1961687,90,0,62850050,2024-12-12 22:44:36.191,10,2024-11-18 03:00:00.789,0.0,30,30,-1,360000,35,6,0,8,2321.6003,0,119.28,655f3f62-eefa-44db-8fa8-505a29dd2c18.extra_data.json,R5wtjjS0Fd,1564,com.sec.android.app.shealth,1960123,86400000,655f3f62-eefa-44db-8fa8-505a29dd2c18,2024-11-18 00:00:00.000,
0,62820030,0,0,2673,300,1730655,90,0,62850050,2024-12-12 22:44:36.044,10,2024-11-19 04:02:06.092,0.0,30,30,-1,180000,31,7,0,8,1974.0603,0,104.04001,ca57f535-3edd-42a3-a439-2bf6b61460f3.extra_data.json,R5wtjjS0Fd,0,com.sec.android.app.shealth,1730655,86400000,ca57f535-3edd-42a3-a439-2bf6b61460f3,2024-11-19 00:00:00.000,
0,62820030,0,0,215,300,143405,90,0,62850050,2024-12-12 22:44:35.784,10,2024-11-20 03:27:02.327,0.0,30,30,-1,42021,2,3,0,8,153.84998,0,8.11,d8f3cbd2-f71c-4596-bf8f-f102c07015de.extra_data.json,R5wtjjS0Fd,0,com.sec.android.app.shealth,143405,86400000,d8f3cbd2-f71c-4596-bf8f-f102c07015de,2024-11-20 00:00:00.000,
0,62820030,0,0,1901,300,1226343,90,0,62850050,2024-12-12 22:44:34.452,10,2024-11-21 03:00:00.829,0.0,30,30,-1,360000,22,6,0,8,1397.7599,0,74.479996,b984b3c1-928d-43b6-97c1-9ea1c6f23e2f.extra_data.json,R5wtjjS0Fd,0,com.sec.android.app.shealth,1226343,86400000,b984b3c1-928d-43b6-97c1-9ea1c6f23e2f,2024-11-21 00:00:00.000,
0,62820030,0,0,8897,300,5663807,90,0,62850050,2024-12-12 22:44:34.293,10,2024-11-22 03:00:00.884,0.0,30,30,-1,540000,104,7,0,8,6601.399,0,348.04,9c84e8c9-cb39-4493-a7d2-7d3f0cdc9768.extra_data.json,R5wtjjS0Fd,1600,com.sec.android.app.shealth,5662207,86400000,9c84e8c9-cb39-4493-a7d2-7d3f0cdc9768,2024-11-22 00:00:00.000,
0,62820030,0,0,73,300,48691,90,0,62850050,2024-12-12 22:44:34.122,10,2024-11-23 03:21:01.522,0.0,30,30,-1,14007,0,2,0,8,49.7,0,2.7600002,a4ab802a-e9b2-461d-9cd7-c1e5c3aa972d.extra_data.json,R5wtjjS0Fd,0,com.sec.android.app.shealth,48691,86400000,a4ab802a-e9b2-461d-9cd7-c1e5c3aa972d,2024-11-23 00:00:00.000,
0,62820030,0,0,67,300,44689,90,0,62850050,2024-12-12 22:44:33.975,10,2024-11-24 03:00:00.882,0.0,30,30,-1,17342,0,1,0,8,49.12,0,2.49,e052a3a5-a154-4e08-9a0e-6e18820924f9.extra_data.json,R5wtjjS0Fd,0,com.sec.android.app.shealth,44689,86400000,e052a3a5-a154-4e08-9a0e-6e18820924f9,2024-11-24 00:00:00.000,
0,62820030,0,0,1610,300,990195,90,0,62850050,2024-12-12 22:44:33.819,10,2024-11-25 03:59:36.782,0.0,30,30,-1,360000,17,3,0,8,1200.48,0,63.410004,183936f3-4e8b-4070-846c-c162f349c5f0.extra_data.json,R5wtjjS0Fd,0,com.sec.android.app.shealth,990195,86400000,183936f3-4e8b-4070-846c-c162f349c5f0,2024-11-25 00:00:00.000,
0,62820030,0,0,8132,300,4900830,90,0,62850050,2024-12-12 22:44:33.689,10,2024-11-26 03:00:00.504,0.0,30,30,-1,480000,90,7,0,8,6109.382,0,311.21005,a9418604-2e52-4f4c-a582-f4bf2effbd32.extra_data.json,R5wtjjS0Fd,2288,com.sec.android.app.shealth,4898542,86400000,a9418604-2e52-4f4c-a582-f4bf2effbd32,2024-11-26 00:00:00.000,
0,62820030,0,0,1705,300,1094277,90,0,62850050,2024-12-12 22:44:33.515,10,2024-11-27 04:42:38.559,0.0,30,30,-1,420000,20,4,0,8,1259.9302,0,66.62,5d0f1220-5441-4629-b036-a7b1b5a95485.extra_data.json,R5wtjjS0Fd,0,com.sec.android.app.shealth,1094277,86400000,5d0f1220-5441-4629-b036-a7b1b5a95485,2024-11-27 00:00:00.000,
0,62820030,0,0,114,300,76038,90,0,62850050,2024-12-12 22:44:33.374,10,2024-11-28 03:00:00.823,0.0,30,30,-1,22678,1,3,0,8,80.67999,0,4.12,7c12a21d-a76d-4a3a-9ebc-4612bd678651.extra_data.json,R5wtjjS0Fd,0,com.sec.android.app.shealth,76038,86400000,7c12a21d-a76d-4a3a-9ebc-4612bd678651,2024-11-28 00:00:00.000,
0,62820030,0,0,1557,300,968881,90,0,62850050,2024-12-12 22:44:33.236,10,2024-11-29 03:17:46.433,0.0,30,30,-1,300000,17,5,0,8,1156.77,0,60.95,f0c0ee23-3550-40a8-bcd0-82500e102547.extra_data.json,R5wtjjS0Fd,0,com.sec.android.app.shealth,968881,86400000,f0c0ee23-3550-40a8-bcd0-82500e102547,2024-11-29 00:00:00.000,
0,62820030,0,0,1079,300,719693,90,0,62850050,2024-12-12 22:44:33.092,10,2024-11-30 04:20:12.728,0.0,30,30,-1,46690,12,6,0,8,789.06995,0,40.670002,790ec878-c3d2-4950-ae41-b3fbb77bf2bc.extra_data.json,R5wtjjS0Fd,0,com.sec.android.app.shealth,719693,86400000,790ec878-c3d2-4950-ae41-b3fbb77bf2bc,2024-11-30 00:00:00.000,
0,62820030,0,0,55,300,36685,90,0,62850050,2024-12-12 22:44:32.951,10,2024-12-01 03:23:49.375,0.0,30,30,-1,16008,0,2,0,8,36.52,0,2.0900002,9128dbf3-369e-42c4-8d82-c86697ca3122.extra_data.json,R5wtjjS0Fd,0,com.sec.android.app.shealth,36685,86400000,9128dbf3-369e-42c4-8d82-c86697ca3122,2024-12-01 00:00:00.000,
0,62820030,0,0,1552,300,986920,90,0,62850050,2024-12-12 22:44:32.822,10,2024-12-02 03:47:29.327,0.0,30,30,-1,300000,17,3,0,8,1145.7699,0,61.230003,a9a8c0cf-6af1-4f2e-b527-5e44a44b7fd0.extra_data.json,R5wtjjS0Fd,0,com.sec.android.app.shealth,986920,86400000,a9a8c0cf-6af1-4f2e-b527-5e44a44b7fd0,2024-12-02 00:00:00.000,
0,62820030,0,2460000,11299,300,6976871,90,0,62850050,2024-12-12 22:44:32.630,10,2024-12-03 03:00:02.545,0.0,30,30,-1,960000,128,10,0,8,8543.079,0,425.81998,19c6d096-7967-437c-ada1-739e17a7b63a.extra_data.json,R5wtjjS0Fd,0,com.sec.android.app.shealth,6976871,86400000,19c6d096-7967-437c-ada1-739e17a7b63a,2024-12-03 00:00:00.000,
0,62820030,0,0,3140,300,1974597,90,0,62850050,2024-12-12 22:44:32.434,10,2024-12-04 04:58:26.003,0.0,30,30,-1,180000,35,6,0,8,2320.1104,0,119.65001,aa1414ca-64cd-46d7-9e5f-da6f16432f72.extra_data.json,R5wtjjS0Fd,0,com.sec.android.app.shealth,1974597,86400000,aa1414ca-64cd-46d7-9e5f-da6f16432f72,2024-12-04 00:00:00.000,
0,62820030,0,0,1506,300,948264,90,0,62850050,2024-12-12 22:44:32.318,10,2024-12-05 03:44:52.216,0.0,30,30,-1,240000,16,5,0,8,1124.5697,0,58.24,cca9f1a5-e45c-4ecc-83f3-838c22d512da.extra_data.json,R5wtjjS0Fd,0,com.sec.android.app.shealth,948264,86400000,cca9f1a5-e45c-4ecc-83f3-838c22d512da,2024-12-05 00:00:00.000,
0,62820030,0,0,1553,300,953510,90,0,62850050,2024-12-12 22:44:32.154,10,2024-12-06 03:30:01.279,0.0,30,30,-1,360000,16,3,0,8,1148.0299,0,61.36,fe41116e-7c64-4ce1-877d-bfb26d5767e0.extra_data.json,R5wtjjS0Fd,0,com.sec.android.app.shealth,953510,86400000,fe41116e-7c64-4ce1-877d-bfb26d5767e0,2024-12-06 00:00:00.000,
0,62820030,0,0,832,300,554944,90,0,62850050,2024-12-12 22:44:32.005,10,2024-12-07 04:06:29.005,0.0,30,30,-1,46023,10,3,0,8,610.6199,0,31.230001,2aa35b65-64ed-4763-b927-cb22438d4000.extra_data.json,R5wtjjS0Fd,0,com.sec.android.app.shealth,554944,86400000,2aa35b65-64ed-4763-b927-cb22438d4000,2024-12-07 00:00:00.000,
0,62820030,0,0,134,300,89378,90,0,62850050,2024-12-12 22:44:31.859,10,2024-12-08 03:00:00.719,0.0,30,30,-1,29348,1,1,0,8,97.119995,0,5.05,eef936f5-01b8-48dc-9107-7221baf827ea.extra_data.json,R5wtjjS0Fd,0,com.sec.android.app.shealth,89378,86400000,eef936f5-01b8-48dc-9107-7221baf827ea,2024-12-08 00:00:00.000,
0,62820030,0,0,1595,300,984222,90,0,62850050,2024-12-12 22:44:31.697,10,2024-12-09 03:00:01.139,0.0,30,30,-1,360000,17,3,0,8,1191.02,0,59.609993,8ec0d879-dd53-4404-809a-bfcdb6331133.extra_data.json,R5wtjjS0Fd,0,com.sec.android.app.shealth,984222,86400000,8ec0d879-dd53-4404-809a-bfcdb6331133,2024-12-09 00:00:00.000,
0,62820030,0,0,5523,300,3334497,90,0,62850050,2024-12-12 22:44:31.538,10,2024-12-10 03:22:53.802,0.0,30,30,-1,540000,61,5,0,8,4148.18,0,216.84001,93300921-11b1-4428-9632-3cee08fe5d57.extra_data.json,R5wtjjS0Fd,0,com.sec.android.app.shealth,3334497,86400000,93300921-11b1-4428-9632-3cee08fe5d57,2024-12-10 00:00:00.000,
0,62850050,0,0,1381,300,850125,90,0,62850050,2024-12-13 01:04:46.588,10,2024-12-11 03:26:48.410,0.0,30,30,-1,360000,15,2,0,8,1031.5499,0,53.53,e9b0b789-8bbd-41aa-b846-5b24b607ddeb.extra_data.json,R5wtjjS0Fd,0,com.sec.android.app.shealth,850125,86400000,e9b0b789-8bbd-41aa-b846-5b24b607ddeb,2024-12-11 00:00:00.000,
0,62850050,0,0,2262,300,1442391,90,0,62850050,2024-12-13 11:42:45.378,10,2024-12-12 03:00:00.983,0.0,30,30,-1,360000,26,10,0,8,1668.1698,0,87.73998,7bc22ae0-abb8-48d2-9519-9d0b078555f8.extra_data.json,R5wtjjS0Fd,0,com.sec.android.app.shealth,1442391,86400000,7bc22ae0-abb8-48d2-9519-9d0b078555f8,2024-12-12 00:00:00.000,
0,62850050,0,0,1729,300,1063565,90,0,62850050,2024-12-14 12:13:19.358,10,2024-12-13 03:00:00.772,0.0,30,30,-1,360000,18,3,0,8,1293.1001,0,67.780014,90d1ff28-cd46-4b08-883a-fbbc8880995d.extra_data.json,R5wtjjS0Fd,0,com.sec.android.app.shealth,1063565,86400000,90d1ff28-cd46-4b08-883a-fbbc8880995d,2024-12-13 00:00:00.000,
0,62850050,0,0,4472,300,2787386,90,0,62850050,2024-12-15 10:38:36.156,10,2024-12-14 04:15:13.802,0.0,30,30,-1,240000,51,6,0,8,3355.1401,0,165.37001,c2dbccaa-9643-4040-a3e2-167919de0270.extra_data.json,R5wtjjS0Fd,1200,com.sec.android.app.shealth,2786186,86400000,c2dbccaa-9643-4040-a3e2-167919de0270,2024-12-14 00:00:00.000,
0,62850050,0,0,1337,300,840907,90,0,62850050,2024-12-16 12:02:54.261,10,2024-12-15 03:22:12.377,0.0,30,30,-1,240000,15,3,0,8,996.10004,0,52.08,72f1203a-2e0f-4d62-8871-190300dce688.extra_data.json,R5wtjjS0Fd,0,com.sec.android.app.shealth,840907,86400000,72f1203a-2e0f-4d62-8871-190300dce688,2024-12-15 00:00:00.000,
0,62850050,0,0,1732,300,1073763,90,0,62850050,2024-12-17 11:31:34.612,10,2024-12-16 04:50:27.500,0.0,30,30,-1,300000,18,3,0,8,1285.33,0,67.850006,819ce95d-f25d-4d82-a304-1157f136a717.extra_data.json,R5wtjjS0Fd,800,com.sec.android.app.shealth,1072963,86400000,819ce95d-f25d-4d82-a304-1157f136a717,2024-12-16 00:00:00.000,
0,62850050,0,0,2303,300,1471739,90,0,62850050,2024-12-18 11:55:46.919,10,2024-12-17 03:06:04.925,0.0,30,30,-1,420000,26,7,0,8,1689.6598,0,91.13001,9f315691-b2d8-42e7-b72c-b82523976eb5.extra_data.json,R5wtjjS0Fd,0,com.sec.android.app.shealth,1471739,86400000,9f315691-b2d8-42e7-b72c-b82523976eb5,2024-12-17 00:00:00.000,
0,62850050,0,2640000,7399,300,4655831,90,0,62850050,2024-12-19 13:15:04.171,10,2024-12-18 03:31:14.661,0.0,30,30,-1,1920000,85,3,0,8,5646.9097,0,295.58002,7bb3ab58-b545-44a6-8f75-1fe9ab352329.extra_data.json,R5wtjjS0Fd,0,com.sec.android.app.shealth,4655831,86400000,7bb3ab58-b545-44a6-8f75-1fe9ab352329,2024-12-18 00:00:00.000,
0,62850050,0,0,1763,300,1121077,90,0,62850050,2024-12-20 14:59:00.258,10,2024-12-19 03:00:02.187,0.0,30,30,-1,120000,20,4,0,8,1314.11,0,68.47998,51077630-3a2f-4a0a-b6f4-809b10f1ee57.extra_data.json,R5wtjjS0Fd,0,com.sec.android.app.shealth,1121077,86400000,51077630-3a2f-4a0a-b6f4-809b10f1ee57,2024-12-19 00:00:00.000,
0,62850050,0,660000,2774,300,1722291,90,0,62850050,2024-12-21 15:07:40.501,10,2024-12-20 03:10:37.677,0.0,30,30,-1,660000,31,4,0,8,2126.0403,0,112.33,8c94e296-502f-48da-a5e4-326d58afa163.extra_data.json,R5wtjjS0Fd,0,com.sec.android.app.shealth,1722291,86400000,8c94e296-502f-48da-a5e4-326d58afa163,2024-12-20 00:00:00.000,
0,62850050,0,0,171,300,114057,90,0,62850050,2024-12-22 09:36:38.939,10,2024-12-21 03:03:06.087,0.0,30,30,-1,17342,1,4,0,8,117.59,0,7.2099996,0f3f5edd-7892-4643-9564-50c17d81a0c2.extra_data.json,R5wtjjS0Fd,0,com.sec.android.app.shealth,114057,86400000,0f3f5edd-7892-4643-9564-50c17d81a0c2,2024-12-21 00:00:00.000,
0,62850050,0,0,1098,300,653540,90,0,62850050,2024-12-23 13:35:03.203,10,2024-12-22 03:00:00.957,0.0,30,30,-1,120000,11,5,0,8,782.95996,0,43.01,23e4a363-b6ab-4346-9a63-2c95b962763a.extra_data.json,R5wtjjS0Fd,0,com.sec.android.app.shealth,653540,86400000,23e4a363-b6ab-4346-9a63-2c95b962763a,2024-12-22 00:00:00.000,
0,62850050,0,0,1093,300,696895,90,0,62850050,2024-12-24 12:35:38.610,10,2024-12-23 03:46:55.315,0.0,30,30,-1,120000,12,4,0,8,817.87,0,42.239994,364f86ea-7c52-486a-8c84-afd6b9fc7b4a.extra_data.json,R5wtjjS0Fd,0,com.sec.android.app.shealth,696895,86400000,364f86ea-7c52-486a-8c84-afd6b9fc7b4a,2024-12-23 00:00:00.000,
0,62850050,0,0,127,300,84709,90,0,62850050,2024-12-25 12:55:11.542,10,2024-12-24 03:00:01.285,0.0,30,30,-1,22678,1,2,0,8,89.98,0,4.7200003,dcdb2f9b-465c-4e76-91cf-5358d5923dac.extra_data.json,R5wtjjS0Fd,0,com.sec.android.app.shealth,84709,86400000,dcdb2f9b-465c-4e76-91cf-5358d5923dac,2024-12-24 00:00:00.000,
0,62850050,0,0,44,300,29348,90,0,62850050,2024-12-26 13:39:52.957,10,2024-12-25 03:00:00.799,0.0,30,30,-1,20010,0,1,0,8,32.88,0,1.57,29c4cb42-6153-46c1-897c-04b27680ef3d.extra_data.json,R5wtjjS0Fd,0,com.sec.android.app.shealth,29348,86400000,29c4cb42-6153-46c1-897c-04b27680ef3d,2024-12-25 00:00:00.000,
0,62850050,0,0,33,300,22011,90,0,62850050,2024-12-27 13:14:55.830,10,2024-12-26 03:16:01.795,0.0,30,30,-1,12006,0,1,0,8,21.89,0,1.3,07081cd2-1162-4f5f-b6bb-f5035d5df05a.extra_data.json,R5wtjjS0Fd,0,com.sec.android.app.shealth,22011,86400000,07081cd2-1162-4f5f-b6bb-f5035d5df05a,2024-12-26 00:00:00.000,
0,62850050,0,0,1559,300,1015084,90,0,62850050,2024-12-28 10:55:01.085,10,2024-12-27 03:00:01.835,0.0,30,30,-1,120000,17,5,0,8,1152.9501,0,58.149998,1b30d1a3-029a-4b6c-8d4d-af42105ac14b.extra_data.json,R5wtjjS0Fd,0,com.sec.android.app.shealth,1015084,86400000,1b30d1a3-029a-4b6c-8d4d-af42105ac14b,2024-12-27 00:00:00.000,
0,62850050,0,0,2426,300,1571272,90,0,62850050,2024-12-29 12:54:18.629,10,2024-12-28 03:50:51.235,0.0,30,30,-1,120000,28,5,0,8,1804.1799,0,92.31,5f70162f-afb4-46a9-a485-86c0ccbad656.extra_data.json,R5wtjjS0Fd,0,com.sec.android.app.shealth,1571272,86400000,5f70162f-afb4-46a9-a485-86c0ccbad656,2024-12-28 00:00:00.000,
0,62850050,0,0,59,300,39353,90,0,62850050,2024-12-30 08:32:12.130,10,2024-12-29 03:24:18.907,0.0,30,30,-1,16008,0,2,0,8,43.35,0,2.15,f343d3b0-2159-4229-8b48-7a8f352f5c12.extra_data.json,R5wtjjS0Fd,0,com.sec.android.app.shealth,39353,86400000,f343d3b0-2159-4229-8b48-7a8f352f5c12,2024-12-29 00:00:00.000,
0,62850050,0,0,228,300,152076,90,0,62850050,2024-12-31 12:32:49.926,10,2024-12-30 04:40:00.106,0.0,30,30,-1,42021,2,4,0,8,170.7,0,8.449999,87461d79-b174-4ee2-85d0-a6d5f7af9ac0.extra_data.json,R5wtjjS0Fd,0,com.sec.android.app.shealth,152076,86400000,87461d79-b174-4ee2-85d0-a6d5f7af9ac0,2024-12-30 00:00:00.000,
0,62850050,0,2458000,6518,300,4128502,90,0,62850050,2025-01-01 03:55:24.952,10,2024-12-31 03:00:00.897,0.0,30,30,-1,1858000,75,5,0,8,4967.744,0,260.19666,7df16d73-2a62-43b1-9597-cd817d696e2d.extra_data.json,R5wtjjS0Fd,2000,com.sec.android.app.shealth,4126502,86400000,7df16d73-2a62-43b1-9597-cd817d696e2d,2024-12-31 00:00:00.000,
0,62850050,0,0,0,300,0,90,0,62850050,2025-01-02 12:55:02.271,10,2025-01-01 03:55:23.435,0.0,30,30,-1,0,0,0,0,8,0.0,0,0.0,d1d27492-f3be-492d-98f2-4b4923770964.extra_data.json,R5wtjjS0Fd,0,com.sec.android.app.shealth,0,86400000,d1d27492-f3be-492d-98f2-4b4923770964,2025-01-01 00:00:00.000,
0,62850050,0,0,2198,300,1388941,90,0,62850050,2025-01-03 13:13:23.874,10,2025-01-02 03:04:42.489,0.0,30,30,-1,360000,25,3,0,8,1619.04,0,87.159996,bf8c49d0-3995-452b-9272-5e716e46e582.extra_data.json,R5wtjjS0Fd,0,com.sec.android.app.shealth,1388941,86400000,bf8c49d0-3995-452b-9272-5e716e46e582,2025-01-02 00:00:00.000,
0,62850050,0,0,2592,300,1671989,90,0,62850050,2025-01-04 10:59:46.521,10,2025-01-03 04:09:48.778,0.0,30,30,-1,120000,30,8,0,8,1923.1401,0,99.86,a4402e9d-fe0f-4d71-9474-7614c0b3092a.extra_data.json,R5wtjjS0Fd,0,com.sec.android.app.shealth,1671989,86400000,a4402e9d-fe0f-4d71-9474-7614c0b3092a,2025-01-03 00:00:00.000,
0,62850050,0,0,243,300,162081,90,0,62850050,2025-01-05 10:55:01.619,10,2025-01-04 03:00:07.053,0.0,30,30,-1,36018,2,5,0,8,175.65002,0,9.099998,06ceea89-d6ae-4b6c-ba15-2776530bf312.extra_data.json,R5wtjjS0Fd,0,com.sec.android.app.shealth,162081,86400000,06ceea89-d6ae-4b6c-ba15-2776530bf312,2025-01-04 00:00:00.000,
0,62850050,0,0,3988,300,2540790,90,0,62850050,2025-01-06 11:55:03.037,10,2025-01-05 03:00:01.162,0.0,30,30,-1,120000,46,5,0,8,2855.2007,0,164.79,d8f68b11-43ef-4058-87db-61a3aae686c4.extra_data.json,R5wtjjS0Fd,0,com.sec.android.app.shealth,2540790,86400000,d8f68b11-43ef-4058-87db-61a3aae686c4,2025-01-05 00:00:00.000,
0,62850050,0,3695000,8075,300,5166108,90,0,62850050,2025-01-07 12:32:36.128,10,2025-01-06 03:00:00.898,0.0,30,30,-1,2316000,95,7,0,8,6150.3364,0,324.89288,650e5a12-ef02-497e-939d-1557cc7d1c38.extra_data.json,R5wtjjS0Fd,0,com.sec.android.app.shealth,5166108,86400000,650e5a12-ef02-497e-939d-1557cc7d1c38,2025-01-06 00:00:00.000,
0,62850050,0,0,1644,300,1047557,90,0,62850050,2025-01-08 12:36:58.503,10,2025-01-07 03:00:00.984,0.0,30,30,-1,240000,18,5,0,8,1210.22,0,64.42,b6fce1bd-c26d-40ba-bf88-cd2e9ffdc2b9.extra_data.json,R5wtjjS0Fd,0,com.sec.android.app.shealth,1047557,86400000,b6fce1bd-c26d-40ba-bf88-cd2e9ffdc2b9,2025-01-07 00:00:00.000,
0,62850050,0,0,925,300,616975,90,0,62850050,2025-01-09 11:15:09.177,10,2025-01-08 06:56:35.141,0.0,30,30,-1,46690,11,3,0,8,678.2,0,35.660004,0fcb5ca3-af3f-450c-b14f-c80b33b5f558.extra_data.json,R5wtjjS0Fd,0,com.sec.android.app.shealth,616975,86400000,0fcb5ca3-af3f-450c-b14f-c80b33b5f558,2025-01-08 00:00:00.000,
0,62850050,0,3117000,6863,300,4256508,90,0,62850050,2025-01-10 09:15:03.488,10,2025-01-09 03:00:00.872,0.0,30,30,-1,1740000,77,8,0,8,5188.219,0,272.65448,e49aa19f-574a-4ce8-ab87-def855afa3aa.extra_data.json,R5wtjjS0Fd,0,com.sec.android.app.shealth,4256508,86400000,e49aa19f-574a-4ce8-ab87-def855afa3aa,2025-01-09 00:00:00.000,
0,62850050,0,0,1524,300,989738,90,0,62850050,2025-01-11 11:13:00.529,10,2025-01-10 03:00:00.780,0.0,30,30,-1,60000,17,7,0,8,1117.8702,0,58.320004,b12e1afa-76ec-405e-a8eb-200f0e8216dc.extra_data.json,R5wtjjS0Fd,0,com.sec.android.app.shealth,989738,86400000,b12e1afa-76ec-405e-a8eb-200f0e8216dc,2025-01-10 00:00:00.000,
0,62850050,0,0,412,300,274804,90,0,62850050,2025-01-12 12:26:58.472,10,2025-01-11 03:00:01.079,0.0,30,30,-1,52693,4,6,0,8,300.65002,0,15.860001,8c36b007-0823-4f22-99a3-03b2f92cae2c.extra_data.json,R5wtjjS0Fd,0,com.sec.android.app.shealth,274804,86400000,8c36b007-0823-4f22-99a3-03b2f92cae2c,2025-01-11 00:00:00.000,
0,62850050,0,0,86,300,57362,90,0,62850050,2025-01-13 11:55:04.371,10,2025-01-12 03:00:00.820,0.0,30,30,-1,18009,0,2,0,8,61.56,0,3.3999999,baf2b004-df65-439a-a790-26334ee3e870.extra_data.json,R5wtjjS0Fd,0,com.sec.android.app.shealth,57362,86400000,baf2b004-df65-439a-a790-26334ee3e870,2025-01-12 00:00:00.000,
0,62850050,0,0,3519,300,2218022,90,0,62850050,2025-01-14 10:19:22.728,10,2025-01-13 03:15:51.496,0.0,30,30,-1,180000,40,8,0,8,2641.83,0,136.09,48fd1a28-1083-4c00-810d-7a321dce478f.extra_data.json,R5wtjjS0Fd,0,com.sec.android.app.shealth,2218022,86400000,48fd1a28-1083-4c00-810d-7a321dce478f,2025-01-13 00:00:00.000,
0,62850050,0,0,45,300,30015,90,0,62850050,2025-01-15 10:55:01.600,10,2025-01-14 03:27:54.300,0.0,30,30,-1,17342,0,1,0,8,32.02,0,1.69,cf29c748-5cc1-4d12-b0cc-884fdee202bd.extra_data.json,R5wtjjS0Fd,0,com.sec.android.app.shealth,30015,86400000,cf29c748-5cc1-4d12-b0cc-884fdee202bd,2025-01-14 00:00:00.000,
0,62850050,0,0,3468,300,2205499,90,0,62850050,2025-01-16 12:17:46.221,10,2025-01-15 03:00:02.409,0.0,30,30,-1,180000,40,8,0,8,2573.2598,0,134.34998,7cd2b38b-dacc-4a35-be82-ca584b29666e.extra_data.json,R5wtjjS0Fd,0,com.sec.android.app.shealth,2205499,86400000,7cd2b38b-dacc-4a35-be82-ca584b29666e,2025-01-15 00:00:00.000,
0,62850050,0,0,1613,300,1001534,90,0,62850050,2025-01-17 12:35:02.650,10,2025-01-16 04:26:14.513,0.0,30,30,-1,360000,17,2,0,8,1201.3,0,63.04999,807c7da4-bb35-44e7-8654-10df375c842f.extra_data.json,R5wtjjS0Fd,0,com.sec.android.app.shealth,1001534,86400000,807c7da4-bb35-44e7-8654-10df375c842f,2025-01-16 00:00:00.000,
0,62850050,0,0,2513,300,1563695,90,0,62920010,2025-02-13 13:45:08.295,10,2025-01-17 03:05:43.350,0.0,30,30,-1,360000,28,4,0,8,1882.02,0,98.5,3749e4df-8adb-4101-88d1-e0a1366a318b.extra_data.json,R5wtjjS0Fd,0,com.sec.android.app.shealth,1563695,86400000,3749e4df-8adb-4101-88d1-e0a1366a318b,2025-01-17 00:00:00.000,
0,62850050,0,0,1960,300,1240987,90,0,62920010,2025-02-13 13:45:07.972,10,2025-01-18 03:44:05.391,0.0,30,30,-1,300000,22,7,0,8,1445.9299,0,76.9,0feaf026-28a8-4a93-82ea-339c31cf330a.extra_data.json,R5wtjjS0Fd,0,com.sec.android.app.shealth,1240987,86400000,0feaf026-28a8-4a93-82ea-339c31cf330a,2025-01-18 00:00:00.000,
0,62850050,0,0,268,300,178756,90,0,62920010,2025-02-13 13:45:07.625,10,2025-01-19 03:00:01.487,0.0,30,30,-1,42688,2,1,0,8,194.88,0,10.21,f3fa364a-0656-4c6f-9123-d21512a21b87.extra_data.json,R5wtjjS0Fd,0,com.sec.android.app.shealth,178756,86400000,f3fa364a-0656-4c6f-9123-d21512a21b87,2025-01-19 00:00:00.000,
0,62850050,0,1131000,4956,300,2967617,90,0,62920010,2025-02-13 13:45:07.266,10,2025-01-20 03:00:00.738,0.0,30,30,-1,1200000,54,3,0,8,3786.8584,0,202.69102,5d833202-90f0-4ddc-9412-30ee17b8dc5e.extra_data.json,R5wtjjS0Fd,0,com.sec.android.app.shealth,2967617,86400000,5d833202-90f0-4ddc-9412-30ee17b8dc5e,2025-01-20 00:00:00.000,
0,62850050,0,0,751,300,500917,90,0,62920010,2025-02-13 13:45:06.851,10,2025-01-21 03:00:01.001,0.0,30,30,-1,44022,8,2,0,8,557.08997,0,28.03,bb80c0a2-70c9-472b-86d4-007343a70c79.extra_data.json,R5wtjjS0Fd,0,com.sec.android.app.shealth,500917,86400000,bb80c0a2-70c9-472b-86d4-007343a70c79,2025-01-21 00:00:00.000,
0,62850050,0,0,2782,300,1739783,90,0,62920010,2025-02-13 13:45:06.539,10,2025-01-22 03:00:01.224,0.0,30,30,-1,300000,31,5,0,8,2088.28,0,109.84999,3c2159c3-77ca-4739-b047-2d175cae8640.extra_data.json,R5wtjjS0Fd,0,com.sec.android.app.shealth,1739783,86400000,3c2159c3-77ca-4739-b047-2d175cae8640,2025-01-22 00:00:00.000,
0,62850050,0,0,4133,300,2561285,90,0,62920010,2025-02-13 13:45:06.267,10,2025-01-23 03:00:01.105,0.0,30,30,-1,420000,46,6,0,8,3089.66,0,162.70999,fbdd0f52-0071-4019-ac7a-b5bdb9da1598.extra_data.json,R5wtjjS0Fd,4000,com.sec.android.app.shealth,2557285,86400000,fbdd0f52-0071-4019-ac7a-b5bdb9da1598,2025-01-23 00:00:00.000,
0,62850050,0,0,145,300,96715,90,0,62920010,2025-02-13 13:45:05.947,10,2025-01-24 03:57:00.823,0.0,30,30,-1,40687,1,2,0,8,98.11001,0,6.329999,c6fd3daa-75ca-4c29-9319-052e2f76ac28.extra_data.json,R5wtjjS0Fd,0,com.sec.android.app.shealth,96715,86400000,c6fd3daa-75ca-4c29-9319-052e2f76ac28,2025-01-24 00:00:00.000,
0,62850050,0,0,18,300,12006,90,0,62930070,2025-02-21 15:48:20.637,10,2025-01-25 03:08:39.385,0.0,30,30,-1,12006,0,0,0,8,12.889999,0,0.64000005,8a6a8285-962e-471b-9161-47c5bb7402b6.extra_data.json,R5wtjjS0Fd,0,com.sec.android.app.shealth,12006,86400000,8a6a8285-962e-471b-9161-47c5bb7402b6,2025-01-25 00:00:00.000,
0,62850050,0,0,3134,300,2014530,90,0,62930070,2025-02-21 15:48:20.345,10,2025-01-26 03:12:18.843,0.0,30,30,-1,120000,36,4,0,8,2284.7097,0,127.10998,616181f0-8045-498e-83a4-69bbefb3379e.extra_data.json,R5wtjjS0Fd,400,com.sec.android.app.shealth,2014130,86400000,616181f0-8045-498e-83a4-69bbefb3379e,2025-01-26 00:00:00.000,
0,62850050,0,0,1556,300,954177,90,0,62930070,2025-02-21 15:48:20.021,10,2025-01-27 03:42:11.575,0.0,30,30,-1,360000,16,3,0,8,1167.0299,0,61.289993,ce0a2371-a34c-49da-a559-a3baccd493cc.extra_data.json,R5wtjjS0Fd,0,com.sec.android.app.shealth,954177,86400000,ce0a2371-a34c-49da-a559-a3baccd493cc,2025-01-27 00:00:00.000,
0,62850050,0,0,43,300,28681,90,0,62930070,2025-02-21 15:48:19.680,10,2025-01-28 03:17:56.254,0.0,30,30,-1,24679,0,1,0,8,31.560001,0,1.55,7eb1b4f3-2079-4356-9654-475d0526808e.extra_data.json,R5wtjjS0Fd,0,com.sec.android.app.shealth,28681,86400000,7eb1b4f3-2079-4356-9654-475d0526808e,2025-01-28 00:00:00.000,
0,62850050,0,0,82,300,54694,90,0,62930070,2025-02-21 15:48:19.283,10,2025-01-29 05:08:07.894,0.0,30,30,-1,26013,0,2,0,8,53.399998,0,3.5800004,e3ef5756-c324-4885-8eba-fef30d77189f.extra_data.json,R5wtjjS0Fd,0,com.sec.android.app.shealth,54694,86400000,e3ef5756-c324-4885-8eba-fef30d77189f,2025-01-29 00:00:00.000,
0,62850050,0,0,4336,300,2707270,90,0,62930070,2025-02-21 15:48:18.905,10,2025-01-30 03:00:00.716,0.0,30,30,-1,540000,50,8,0,8,3211.1802,0,170.70001,eff9bdf9-cfb6-4fe8-9bea-9d8f3634b422.extra_data.json,R5wtjjS0Fd,0,com.sec.android.app.shealth,2707270,86400000,eff9bdf9-cfb6-4fe8-9bea-9d8f3634b422,2025-01-30 00:00:00.000,
0,62850050,0,0,1694,300,1061564,90,0,62930070,2025-02-21 15:48:18.580,10,2025-01-31 03:26:02.727,0.0,30,30,-1,360000,18,3,0,8,1266.49,0,65.99999,427d412f-c1ae-422d-bf51-4096f270d043.extra_data.json,R5wtjjS0Fd,733,com.sec.android.app.shealth,1060831,86400000,427d412f-c1ae-422d-bf51-4096f270d043,2025-01-31 00:00:00.000,
0,62850050,0,0,71,300,47357,90,0,62930070,2025-02-21 15:48:18.244,10,2025-02-01 03:00:01.767,0.0,30,30,-1,23345,0,1,0,8,50.7,0,2.68,e16e4d0c-cb00-451d-a86b-0c8f6d9860c4.extra_data.json,R5wtjjS0Fd,0,com.sec.android.app.shealth,47357,86400000,e16e4d0c-cb00-451d-a86b-0c8f6d9860c4,2025-02-01 00:00:00.000,
0,62850050,0,0,1854,300,1170405,90,0,62930070,2025-02-21 15:48:17.916,10,2025-02-02 03:00:01.095,0.0,30,30,-1,180000,21,5,0,8,1385.57,0,71.88001,b0336869-c09e-44a9-a61d-29f5df3caaf7.extra_data.json,R5wtjjS0Fd,0,com.sec.android.app.shealth,1170405,86400000,b0336869-c09e-44a9-a61d-29f5df3caaf7,2025-02-02 00:00:00.000,
0,62850050,0,0,1699,300,1043555,90,0,62930070,2025-02-21 15:48:17.605,10,2025-02-03 04:22:13.298,0.0,30,30,-1,360000,18,5,0,8,1268.28,0,66.46,7ec60f04-6eea-4301-ab89-99136610d158.extra_data.json,R5wtjjS0Fd,0,com.sec.android.app.shealth,1043555,86400000,7ec60f04-6eea-4301-ab89-99136610d158,2025-02-03 00:00:00.000,
0,62850050,0,650000,4594,300,2853898,90,0,62930070,2025-02-21 15:48:17.226,10,2025-02-04 03:29:46.937,0.0,30,30,-1,659341,52,5,0,8,3456.2466,0,180.50507,48ca1e2e-a9d1-4357-91aa-9ff9bfe8f468.extra_data.json,R5wtjjS0Fd,0,com.sec.android.app.shealth,2853898,86400000,48ca1e2e-a9d1-4357-91aa-9ff9bfe8f468,2025-02-04 00:00:00.000,
0,62850050,0,0,2196,300,1429764,90,0,62930070,2025-02-21 15:48:16.876,10,2025-02-05 03:52:40.570,0.0,30,30,-1,120000,25,6,0,8,1594.04,0,85.160034,ebeab284-da71-4b58-ac2b-5041a74d5df6.extra_data.json,R5wtjjS0Fd,1200,com.sec.android.app.shealth,1428564,86400000,ebeab284-da71-4b58-ac2b-5041a74d5df6,2025-02-05 00:00:00.000,
0,62850050,0,0,1548,300,986920,90,0,62930070,2025-02-21 15:48:16.423,10,2025-02-06 03:00:01.778,0.0,30,30,-1,240000,17,3,0,8,1141.7101,0,61.159996,6e0fb5f4-1472-438f-826f-ca1f40e84186.extra_data.json,R5wtjjS0Fd,0,com.sec.android.app.shealth,986920,86400000,6e0fb5f4-1472-438f-826f-ca1f40e84186,2025-02-06 00:00:00.000,
0,62850050,0,0,17,300,11339,90,0,62930070,2025-02-21 15:48:15.996,10,2025-02-07 03:00:00.960,0.0,30,30,-1,11339,0,0,0,8,11.95,0,0.64,8a804df3-aa8a-4f18-8fb5-14c2d838574b.extra_data.json,R5wtjjS0Fd,0,com.sec.android.app.shealth,11339,86400000,8a804df3-aa8a-4f18-8fb5-14c2d838574b,2025-02-07 00:00:00.000,
0,62850050,0,0,74,300,49358,90,0,62930070,2025-02-21 15:48:15.589,10,2025-02-08 03:29:39.364,0.0,30,30,-1,20677,0,2,0,8,52.21,0,2.82,8577d6cc-fdba-42ab-ae32-e14806b051ca.extra_data.json,R5wtjjS0Fd,0,com.sec.android.app.shealth,49358,86400000,8577d6cc-fdba-42ab-ae32-e14806b051ca,2025-02-08 00:00:00.000,
0,62850050,0,0,21,300,14007,90,0,62930070,2025-02-21 15:48:15.175,10,2025-02-09 03:11:51.831,0.0,30,30,-1,14007,0,1,0,8,12.23,0,0.81,ffce3bdd-654e-4dd6-b47a-163d930cd67e.extra_data.json,R5wtjjS0Fd,0,com.sec.android.app.shealth,14007,86400000,ffce3bdd-654e-4dd6-b47a-163d930cd67e,2025-02-09 00:00:00.000,
0,62850050,0,0,3676,300,2262471,90,0,62930070,2025-02-21 15:48:14.758,10,2025-02-10 04:54:14.506,0.0,30,30,-1,360000,41,6,0,8,2731.8806,0,144.69003,646169b1-e3da-4410-8ecd-f2519ab51757.extra_data.json,R5wtjjS0Fd,0,com.sec.android.app.shealth,2262471,86400000,646169b1-e3da-4410-8ecd-f2519ab51757,2025-02-10 00:00:00.000,
0,62850050,0,0,3963,300,2497745,90,0,62930070,2025-02-21 15:48:14.434,10,2025-02-11 03:51:19.433,0.0,30,30,-1,420000,45,8,0,8,2936.25,0,156.8,79807421-601f-45f4-9af1-b6020ed9fb0b.extra_data.json,R5wtjjS0Fd,400,com.sec.android.app.shealth,2497345,86400000,79807421-601f-45f4-9af1-b6020ed9fb0b,2025-02-11 00:00:00.000,
0,62850050,0,0,1490,300,961664,90,0,62930070,2025-02-21 15:48:14.143,10,2025-02-12 03:14:35.792,0.0,30,30,-1,360000,17,4,0,8,1104.6298,0,57.72001,f67f3802-3eae-477c-a615-d9099dfa945f.extra_data.json,R5wtjjS0Fd,0,com.sec.android.app.shealth,961664,86400000,f67f3802-3eae-477c-a615-d9099dfa945f,2025-02-12 00:00:00.000,
0,62850050,0,0,1583,300,988224,90,0,62930070,2025-02-21 15:48:13.829,10,2025-02-13 03:10:07.786,0.0,30,30,-1,300000,17,4,0,8,1184.8298,0,62.350002,19276538-d7de-4676-b9c6-7744f974b8d1.extra_data.json,R5wtjjS0Fd,0,com.sec.android.app.shealth,988224,86400000,19276538-d7de-4676-b9c6-7744f974b8d1,2025-02-13 00:00:00.000,
0,62920010,0,0,123,300,82041,90,0,62930070,2025-02-21 15:48:13.452,10,2025-02-14 03:16:08.282,0.0,30,30,-1,21344,1,4,0,8,88.64,0,4.63,5d3f32a6-fab0-4e32-a7fd-2a1992d65576.extra_data.json,R5wtjjS0Fd,0,com.sec.android.app.shealth,82041,86400000,5d3f32a6-fab0-4e32-a7fd-2a1992d65576,2025-02-14 00:00:00.000,
0,62920010,0,0,2541,300,1599032,90,0,62930070,2025-02-21 15:48:13.003,10,2025-02-15 03:31:45.613,0.0,30,30,-1,180000,28,3,0,8,1921.3202,0,100.11999,f8ad3500-3be5-45d1-b90d-b2764fc5d03a.extra_data.json,R5wtjjS0Fd,1200,com.sec.android.app.shealth,1597832,86400000,f8ad3500-3be5-45d1-b90d-b2764fc5d03a,2025-02-15 00:00:00.000,
0,62920010,0,0,26,300,17342,90,0,62930070,2025-02-21 15:48:12.552,10,2025-02-16 03:35:44.094,0.0,30,30,-1,17342,0,1,0,8,18.339998,0,0.9400001,1996b9a0-6439-4aeb-ac55-3d988d533099.extra_data.json,R5wtjjS0Fd,0,com.sec.android.app.shealth,17342,86400000,1996b9a0-6439-4aeb-ac55-3d988d533099,2025-02-16 00:00:00.000,
0,62920010,0,0,2651,300,1633700,90,0,62930070,2025-02-21 15:48:12.056,10,2025-02-17 03:40:28.267,0.0,30,30,-1,360000,30,3,0,8,1985.69,0,104.44999,c3ac212a-1662-4419-bdae-e738115a82d8.extra_data.json,R5wtjjS0Fd,0,com.sec.android.app.shealth,1633700,86400000,c3ac212a-1662-4419-bdae-e738115a82d8,2025-02-17 00:00:00.000,
0,62920010,0,2580000,5888,300,3637712,90,0,62930070,2025-02-21 15:48:11.604,10,2025-02-18 03:22:31.049,0.0,30,30,-1,1500000,66,7,0,8,4527.9194,0,237.73001,57c86220-7ebb-461c-b57b-461f84bf764a.extra_data.json,R5wtjjS0Fd,0,com.sec.android.app.shealth,3637712,86400000,57c86220-7ebb-461c-b57b-461f84bf764a,2025-02-18 00:00:00.000,
0,62920010,0,0,4583,300,2844035,90,0,62930070,2025-02-21 15:48:11.017,10,2025-02-19 03:13:01.833,0.0,30,30,-1,360000,52,6,0,8,3423.9004,0,182.07997,04504947-8878-4ebd-ae7e-2918a8ea8e18.extra_data.json,R5wtjjS0Fd,0,com.sec.android.app.shealth,2844035,86400000,04504947-8878-4ebd-ae7e-2918a8ea8e18,2025-02-19 00:00:00.000,
0,62920010,0,0,1551,300,983525,90,0,62930070,2025-02-21 15:48:10.413,10,2025-02-20 04:55:27.847,0.0,30,30,-1,360000,17,4,0,8,1149.8602,0,61.35,9030bb64-fe89-4066-870b-f70127bd63ce.extra_data.json,R5wtjjS0Fd,0,com.sec.android.app.shealth,983525,86400000,9030bb64-fe89-4066-870b-f70127bd63ce,2025-02-20 00:00:00.000,
0,62920010,0,1680000,4892,300,3263825,90,0,62930070,2025-02-22 12:54:34.178,10,2025-02-21 04:27:53.551,0.0,30,30,-1,900000,60,3,0,8,3691.3003,0,196.06003,b6e0918f-8b44-44f7-a36b-6ca440343bd9.extra_data.json,R5wtjjS0Fd,0,com.sec.android.app.shealth,3263825,86400000,b6e0918f-8b44-44f7-a36b-6ca440343bd9,2025-02-21 00:00:00.000,
0,62930070,0,0,6144,300,3853453,90,0,62930070,2025-02-23 10:55:02.733,10,2025-02-22 03:00:01.405,0.0,30,30,-1,660000,71,4,0,8,4552.952,0,244.13997,b1e2cd17-79b3-45b4-9723-975ed78a0ad9.extra_data.json,R5wtjjS0Fd,0,com.sec.android.app.shealth,3853453,86400000,b1e2cd17-79b3-45b4-9723-975ed78a0ad9,2025-02-22 00:00:00.000,
0,62930070,0,0,945,300,564769,90,0,62930070,2025-02-24 10:27:51.284,10,2025-02-23 05:54:13.325,0.0,30,30,-1,120000,10,2,0,8,667.94006,0,41.559998,d5d73d13-87ab-4202-980b-1ec10368c3f4.extra_data.json,R5wtjjS0Fd,0,com.sec.android.app.shealth,564769,86400000,d5d73d13-87ab-4202-980b-1ec10368c3f4,2025-02-23 00:00:00.000,
0,62930070,0,0,3862,300,2411464,90,0,62930070,2025-02-25 11:22:13.991,10,2025-02-24 03:23:46.881,0.0,30,30,-1,360000,44,6,0,8,2900.7397,0,152.83,7040d4c2-4dd0-4d3b-a895-38c24c06ad4e.extra_data.json,R5wtjjS0Fd,2800,com.sec.android.app.shealth,2408664,86400000,7040d4c2-4dd0-4d3b-a895-38c24c06ad4e,2025-02-24 00:00:00.000,
0,62930070,0,0,2400,300,1540440,90,0,62930070,2025-02-26 12:47:34.910,10,2025-02-25 03:00:00.814,0.0,30,30,-1,300000,27,7,0,8,1768.6603,0,93.649994,e56df7f8-5723-4fe5-a67f-80e82b7b7783.extra_data.json,R5wtjjS0Fd,0,com.sec.android.app.shealth,1540440,86400000,e56df7f8-5723-4fe5-a67f-80e82b7b7783,2025-02-25 00:00:00.000,
0,62930070,0,0,1651,300,1014904,90,0,62930070,2025-02-27 11:02:54.229,10,2025-02-26 04:51:49.385,0.0,30,30,-1,360000,17,5,0,8,1236.1799,0,65.26,dec59a24-160c-49e0-8d38-6c77e5b21e1d.extra_data.json,R5wtjjS0Fd,0,com.sec.android.app.shealth,1014904,86400000,dec59a24-160c-49e0-8d38-6c77e5b21e1d,2025-02-26 00:00:00.000,
0,62930070,0,0,1904,300,1209001,90,0,62930070,2025-02-28 12:23:40.913,10,2025-02-27 04:59:14.705,0.0,30,30,-1,180000,22,6,0,8,1412.4099,0,74.24001,711178a2-20ce-4353-bb74-e0e3b4b77944.extra_data.json,R5wtjjS0Fd,0,com.sec.android.app.shealth,1209001,86400000,711178a2-20ce-4353-bb74-e0e3b4b77944,2025-02-27 00:00:00.000,
0,62930070,0,1500000,7198,300,4328367,90,0,62930070,2025-03-01 11:47:38.314,10,2025-02-28 03:44:05.980,0.0,30,30,-1,1500000,80,5,0,8,5467.8,0,286.17,54ab0b6d-c510-451b-91e6-2c39dbfda011.extra_data.json,R5wtjjS0Fd,2255,com.sec.android.app.shealth,4326112,86400000,54ab0b6d-c510-451b-91e6-2c39dbfda011,2025-02-28 00:00:00.000,
0,62930070,0,0,152,300,101384,90,0,62930070,2025-03-02 12:17:23.860,10,2025-03-01 04:59:10.352,0.0,30,30,-1,24679,1,3,0,8,108.920006,0,5.7200003,e9490caa-01ad-4694-aaa3-4585c78a0793.extra_data.json,R5wtjjS0Fd,0,com.sec.android.app.shealth,101384,86400000,e9490caa-01ad-4694-aaa3-4585c78a0793,2025-03-01 00:00:00.000,
0,62930070,0,0,144,300,96048,90,0,62930070,2025-03-03 10:54:43.697,10,2025-03-02 03:00:00.840,0.0,30,30,-1,26680,1,3,0,8,105.76001,0,5.3900003,f0cf9733-8cc3-4246-b376-ef91bfaa1924.extra_data.json,R5wtjjS0Fd,0,com.sec.android.app.shealth,96048,86400000,f0cf9733-8cc3-4246-b376-ef91bfaa1924,2025-03-02 00:00:00.000,
0,62930070,0,0,174,300,116058,90,0,62930070,2025-03-04 11:50:03.296,10,2025-03-03 03:07:16.129,0.0,30,30,-1,24679,1,5,0,8,126.53001,0,6.48,716d17e9-9af1-4313-89e1-a7a0166a7e21.extra_data.json,R5wtjjS0Fd,0,com.sec.android.app.shealth,116058,86400000,716d17e9-9af1-4313-89e1-a7a0166a7e21,2025-03-03 00:00:00.000,
0,62930070,0,0,2532,300,1605866,90,0,62930070,2025-03-05 14:15:04.729,10,2025-03-04 03:00:03.017,0.0,30,30,-1,120000,28,7,0,8,1867.47,0,100.72001,37cf72f4-6027-4b9d-bfb4-889be1600d21.extra_data.json,R5wtjjS0Fd,0,com.sec.android.app.shealth,1605866,86400000,37cf72f4-6027-4b9d-bfb4-889be1600d21,2025-03-04 00:00:00.000,
0,62930070,0,0,451,300,300817,90,0,62930070,2025-03-06 11:27:44.261,10,2025-03-05 03:00:02.872,0.0,30,30,-1,49358,5,2,0,8,326.19,0,17.93,54066a03-f9d6-4fcf-af48-fa225fc4b0ae.extra_data.json,R5wtjjS0Fd,0,com.sec.android.app.shealth,300817,86400000,54066a03-f9d6-4fcf-af48-fa225fc4b0ae,2025-03-05 00:00:00.000,
0,62930070,0,0,1663,300,1033580,90,0,62930070,2025-03-07 13:23:44.463,10,2025-03-06 03:02:27.676,0.0,30,30,-1,360000,18,4,0,8,1234.5898,0,65.83,8b1c30b2-c2da-4fcc-9070-ca458043945e.extra_data.json,R5wtjjS0Fd,0,com.sec.android.app.shealth,1033580,86400000,8b1c30b2-c2da-4fcc-9070-ca458043945e,2025-03-06 00:00:00.000,
0,62930070,0,0,1505,300,954904,90,0,62930070,2025-03-08 12:27:13.690,10,2025-03-07 03:00:01.073,0.0,30,30,-1,360000,16,2,0,8,1114.4102,0,59.73,ea29cf06-be88-4c2b-aeb7-9c988fd5228f.extra_data.json,R5wtjjS0Fd,0,com.sec.android.app.shealth,954904,86400000,ea29cf06-be88-4c2b-aeb7-9c988fd5228f,2025-03-07 00:00:00.000,
0,62930070,0,0,8927,300,5519107,90,0,62950170,2025-04-04 15:24:25.764,10,2025-03-08 03:00:02.255,0.0,30,30,-1,420000,101,6,0,8,6680.219,0,354.92004,52adc155-ed2f-437f-8436-2d1ce6e0caec.extra_data.json,R5wtjjS0Fd,4000,com.sec.android.app.shealth,5515107,86400000,52adc155-ed2f-437f-8436-2d1ce6e0caec,2025-03-08 00:00:00.000,
0,62930070,0,0,31,300,20677,90,0,62950170,2025-04-04 15:24:25.268,10,2025-03-09 03:00:01.074,0.0,30,30,-1,12673,0,1,0,8,19.350002,0,1.1600001,36da29d0-4800-4166-a67e-e9a6bd2479c2.extra_data.json,R5wtjjS0Fd,0,com.sec.android.app.shealth,20677,86400000,36da29d0-4800-4166-a67e-e9a6bd2479c2,2025-03-09 00:00:00.000,
0,62930070,0,0,3111,300,1972566,90,0,62950170,2025-04-04 15:24:24.685,10,2025-03-10 04:06:00.449,0.0,30,30,-1,420000,35,7,0,8,2329.86,0,121.94,c4a93518-1ee9-477e-816e-6fcb091c5026.extra_data.json,R5wtjjS0Fd,0,com.sec.android.app.shealth,1972566,86400000,c4a93518-1ee9-477e-816e-6fcb091c5026,2025-03-10 00:00:00.000,
0,62930070,0,0,1672,300,1064322,90,0,62950170,2025-04-04 15:24:24.160,10,2025-03-11 03:00:00.946,0.0,30,30,-1,360000,18,5,0,8,1244.5798,0,65.46001,e375e0c3-227e-4ac7-941a-83a2fb2b7fb6.extra_data.json,R5wtjjS0Fd,0,com.sec.android.app.shealth,1064322,86400000,e375e0c3-227e-4ac7-941a-83a2fb2b7fb6,2025-03-11 00:00:00.000,
0,62930070,0,0,4052,300,2526603,90,0,62950170,2025-04-04 15:24:23.645,10,2025-03-12 03:34:27.423,0.0,30,30,-1,360000,46,4,0,8,3016.09,0,160.47003,e2378742-75dd-4728-bf35-322653d4f7cf.extra_data.json,R5wtjjS0Fd,0,com.sec.android.app.shealth,2526603,86400000,e2378742-75dd-4728-bf35-322653d4f7cf,2025-03-12 00:00:00.000,
0,62930070,0,0,1790,300,1144272,90,0,62950170,2025-04-04 15:24:23.089,10,2025-03-13 03:00:01.194,0.0,30,30,-1,420000,21,9,0,8,1323.4099,0,70.240005,b49d864a-142a-420e-841d-b70590098f03.extra_data.json,R5wtjjS0Fd,0,com.sec.android.app.shealth,1144272,86400000,b49d864a-142a-420e-841d-b70590098f03,2025-03-13 00:00:00.000,
0,62930070,0,0,2757,300,1722351,90,0,62950170,2025-04-04 15:24:22.507,10,2025-03-14 03:53:40.888,0.0,30,30,-1,600000,31,5,0,8,2065.8997,0,108.88001,2757d942-75de-4a3a-83b5-2d90138bd043.extra_data.json,R5wtjjS0Fd,0,com.sec.android.app.shealth,1722351,86400000,2757d942-75de-4a3a-83b5-2d90138bd043,2025-03-14 00:00:00.000,
0,62930070,0,0,1681,300,1084272,90,0,62950170,2025-04-04 15:24:21.955,10,2025-03-15 03:10:34.377,0.0,30,30,-1,300000,20,3,0,8,1232.05,0,66.50999,1affce59-8514-4883-a5b4-394e9c6470dd.extra_data.json,R5wtjjS0Fd,0,com.sec.android.app.shealth,1084272,86400000,1affce59-8514-4883-a5b4-394e9c6470dd,2025-03-15 00:00:00.000,
0,62930070,0,0,1665,300,1024302,90,0,62950170,2025-04-04 15:24:21.379,10,2025-03-16 03:00:01.487,0.0,30,30,-1,120000,18,1,0,8,1198.83,0,70.95999,74609977-387e-4a45-85a6-d343472c5cc2.extra_data.json,R5wtjjS0Fd,0,com.sec.android.app.shealth,1024302,86400000,74609977-387e-4a45-85a6-d343472c5cc2,2025-03-16 00:00:00.000,
0,62930070,0,0,3288,300,2037842,90,0,62950170,2025-04-04 15:24:20.750,10,2025-03-17 03:09:12.426,0.0,30,30,-1,360000,36,5,0,8,2461.86,0,131.10999,f064a24b-9199-442d-ab61-2cbcb228e4a9.extra_data.json,R5wtjjS0Fd,0,com.sec.android.app.shealth,2037842,86400000,f064a24b-9199-442d-ab61-2cbcb228e4a9,2025-03-17 00:00:00.000,
0,62930070,0,0,2978,300,1900680,90,0,62950170,2025-04-04 15:24:20.108,10,2025-03-18 03:00:02.586,0.0,30,30,-1,180000,34,5,0,8,2203.02,0,118.31,1636a2e1-d5cc-495e-b435-1ca1b997ca75.extra_data.json,R5wtjjS0Fd,0,com.sec.android.app.shealth,1900680,86400000,1636a2e1-d5cc-495e-b435-1ca1b997ca75,2025-03-18 00:00:00.000,
0,62930070,0,2383000,6966,300,4258479,90,0,62950170,2025-04-04 15:24:19.651,10,2025-03-19 03:21:05.806,0.0,30,30,-1,1380000,77,4,0,8,5420.537,0,282.45145,33c202c1-ac30-41b8-aff1-6a6413b46b64.extra_data.json,R5wtjjS0Fd,0,com.sec.android.app.shealth,4258479,86400000,33c202c1-ac30-41b8-aff1-6a6413b46b64,2025-03-19 00:00:00.000,
0,62930070,0,780000,4555,300,2801894,90,0,62950170,2025-04-04 15:24:18.954,10,2025-03-20 03:00:00.750,0.0,30,30,-1,780000,51,6,0,8,3446.9604,0,183.36,0632bc1f-ade3-45f4-a466-2290028366a7.extra_data.json,R5wtjjS0Fd,0,com.sec.android.app.shealth,2801894,86400000,0632bc1f-ade3-45f4-a466-2290028366a7,2025-03-20 00:00:00.000,
0,62930070,0,0,1967,300,1237015,90,0,62950170,2025-04-04 15:24:18.301,10,2025-03-21 03:00:00.930,0.0,30,30,-1,300000,22,7,0,8,1453.2604,0,78.49,4e120ead-efab-43a1-ae86-d61d4c4c2da8.extra_data.json,R5wtjjS0Fd,0,com.sec.android.app.shealth,1237015,86400000,4e120ead-efab-43a1-ae86-d61d4c4c2da8,2025-03-21 00:00:00.000,
0,62930070,0,0,1902,300,1203725,90,0,62950170,2025-04-04 15:24:17.751,10,2025-03-22 04:36:58.620,0.0,30,30,-1,120000,22,6,0,8,1442.86,0,74.03999,e9081520-3518-4070-913d-d935674ddb3a.extra_data.json,R5wtjjS0Fd,0,com.sec.android.app.shealth,1203725,86400000,e9081520-3518-4070-913d-d935674ddb3a,2025-03-22 00:00:00.000,
0,62930070,0,0,26,300,17342,90,0,62950170,2025-04-04 15:24:17.140,10,2025-03-23 03:18:58.611,0.0,30,30,-1,17342,0,1,0,8,19.11,0,0.94,263d81ca-653a-446a-81ff-06ae632424ec.extra_data.json,R5wtjjS0Fd,0,com.sec.android.app.shealth,17342,86400000,263d81ca-653a-446a-81ff-06ae632424ec,2025-03-23 00:00:00.000,
0,62930070,0,0,1493,300,954904,90,0,62950170,2025-04-04 15:24:16.706,10,2025-03-24 04:31:53.591,0.0,30,30,-1,300000,16,4,0,8,1110.6898,0,59.060005,2a125435-7fde-42d5-a644-ae95a7c216d4.extra_data.json,R5wtjjS0Fd,0,com.sec.android.app.shealth,954904,86400000,2a125435-7fde-42d5-a644-ae95a7c216d4,2025-03-24 00:00:00.000,
0,62930070,0,646000,8276,300,5062902,90,0,62950170,2025-04-04 15:24:16.133,10,2025-03-25 04:49:52.646,0.0,30,30,-1,660000,93,7,0,8,6212.196,0,329.82562,bbf80274-bc4f-4d08-9916-158d2742339d.extra_data.json,R5wtjjS0Fd,0,com.sec.android.app.shealth,5062902,86400000,bbf80274-bc4f-4d08-9916-158d2742339d,2025-03-25 00:00:00.000,
0,62930070,0,2634000,7694,300,4584402,90,0,62950170,2025-04-04 15:24:15.655,10,2025-03-26 03:00:03.213,0.0,30,30,-1,1380000,84,7,0,8,5865.1943,0,312.85703,4dafe787-cdad-43aa-acb5-f59feac69f89.extra_data.json,R5wtjjS0Fd,0,com.sec.android.app.shealth,4584402,86400000,4dafe787-cdad-43aa-acb5-f59feac69f89,2025-03-26 00:00:00.000,
0,62930070,0,0,123,300,82041,90,0,62950170,2025-04-04 15:24:15.161,10,2025-03-27 03:47:17.224,0.0,30,30,-1,28681,1,2,0,8,88.53001,0,4.66,7eeea3fb-323c-4e0b-92c2-f9277a06d403.extra_data.json,R5wtjjS0Fd,0,com.sec.android.app.shealth,82041,86400000,7eeea3fb-323c-4e0b-92c2-f9277a06d403,2025-03-27 00:00:00.000,
0,62930070,0,0,1538,300,928771,90,0,62950170,2025-04-04 15:24:14.678,10,2025-03-28 03:00:01.527,0.0,30,30,-1,360000,16,2,0,8,1145.14,0,60.949997,1994b6d1-d112-4556-b104-9fc123e69406.extra_data.json,R5wtjjS0Fd,0,com.sec.android.app.shealth,928771,86400000,1994b6d1-d112-4556-b104-9fc123e69406,2025-03-28 00:00:00.000,
0,62930070,0,0,4553,300,2797952,90,0,62950170,2025-04-04 15:24:14.132,10,2025-03-29 03:21:22.247,0.0,30,30,-1,540000,51,4,0,8,3397.77,0,180.06998,dc39a116-adae-4472-ab97-7c6fdcf6a796.extra_data.json,R5wtjjS0Fd,1341,com.sec.android.app.shealth,2796611,86400000,dc39a116-adae-4472-ab97-7c6fdcf6a796,2025-03-29 00:00:00.000,
0,62930070,0,4403000,10453,300,6522026,90,0,62950170,2025-04-04 15:24:13.686,10,2025-03-30 03:28:06.621,0.0,30,30,-1,2039703,120,8,0,8,7942.2188,0,424.46124,48c45608-8f7f-4070-b265-7df106b2e5d6.extra_data.json,R5wtjjS0Fd,1116,com.sec.android.app.shealth,6520910,86400000,48c45608-8f7f-4070-b265-7df106b2e5d6,2025-03-30 00:00:00.000,
0,62930070,0,2147000,10001,300,6151258,90,0,62950170,2025-04-04 15:24:13.146,10,2025-03-31 03:44:16.681,0.0,30,30,-1,1495000,113,9,0,8,7537.9785,0,398.5242,108cf265-288f-47ff-b74f-ec1c6f6cc711.extra_data.json,R5wtjjS0Fd,0,com.sec.android.app.shealth,6151258,86400000,108cf265-288f-47ff-b74f-ec1c6f6cc711,2025-03-31 00:00:00.000,
0,62930070,0,2271000,9415,300,5713810,90,0,62950170,2025-04-04 15:24:12.574,10,2025-04-01 03:34:25.454,0.0,30,30,-1,1371000,105,9,0,8,7098.69,0,378.45496,0ca3ddcf-4642-4180-abe2-4aa19d7a2551.extra_data.json,R5wtjjS0Fd,0,com.sec.android.app.shealth,5713810,86400000,0ca3ddcf-4642-4180-abe2-4aa19d7a2551,2025-04-01 00:00:00.000,
0,62930070,0,0,2250,300,1435204,90,0,62950170,2025-04-04 15:24:11.991,10,2025-04-02 03:04:08.729,0.0,30,30,-1,120000,25,4,0,8,1696.74,0,88.130005,cd424299-a898-4163-bcee-49898c181cec.extra_data.json,R5wtjjS0Fd,0,com.sec.android.app.shealth,1435204,86400000,cd424299-a898-4163-bcee-49898c181cec,2025-04-02 00:00:00.000,
0,62930070,0,0,133,300,88711,90,0,62950170,2025-04-04 15:24:11.538,10,2025-04-03 04:22:10.847,0.0,30,30,-1,33350,1,3,0,8,97.09,0,5.0,f36a3d4b-b30c-4793-8822-7749addc12fa.extra_data.json,R5wtjjS0Fd,0,com.sec.android.app.shealth,88711,86400000,f36a3d4b-b30c-4793-8822-7749addc12fa,2025-04-03 00:00:00.000,
0,62930070,0,0,1049,300,694984,90,0,62950170,2025-04-05 10:49:15.556,10,2025-04-04 03:00:00.971,0.0,30,30,-1,60000,12,6,0,8,765.31006,0,40.04,a70bff97-df7f-4c81-94b4-17e5fd4c4760.extra_data.json,R5wtjjS0Fd,0,com.sec.android.app.shealth,694984,86400000,a70bff97-df7f-4c81-94b4-17e5fd4c4760,2025-04-04 00:00:00.000,
0,62950170,0,0,2735,300,1735991,90,0,62950170,2025-04-06 10:33:44.144,10,2025-04-05 03:49:25.644,0.0,30,30,-1,60000,31,9,0,8,2028.8801,0,106.45,a9e62e66-5c18-4a0e-a63a-b67a8c3fc389.extra_data.json,R5wtjjS0Fd,0,com.sec.android.app.shealth,1735991,86400000,a9e62e66-5c18-4a0e-a63a-b67a8c3fc389,2025-04-05 00:00:00.000,
0,62950170,0,0,104,300,69368,90,0,62950170,2025-04-07 10:58:18.317,10,2025-04-06 03:19:10.880,0.0,30,30,-1,27347,1,1,0,8,76.81,0,3.87,d31f2789-c3b9-404a-a04f-1b4fa4dbc57b.extra_data.json,R5wtjjS0Fd,0,com.sec.android.app.shealth,69368,86400000,d31f2789-c3b9-404a-a04f-1b4fa4dbc57b,2025-04-06 00:00:00.000,
0,62950170,0,0,2057,300,1318479,90,0,62950170,2025-04-08 11:54:40.700,10,2025-04-07 03:00:01.035,0.0,30,30,-1,300000,23,7,0,8,1532.8501,0,80.50001,b221bb52-2a2c-4c3d-b511-e66f1e49271e.extra_data.json,R5wtjjS0Fd,0,com.sec.android.app.shealth,1318479,86400000,b221bb52-2a2c-4c3d-b511-e66f1e49271e,2025-04-07 00:00:00.000,
0,62950170,0,1459000,4528,300,2825341,90,0,62950170,2025-04-09 11:26:36.387,10,2025-04-08 04:37:14.349,0.0,30,30,-1,830000,52,6,0,8,3437.1824,0,181.7005,4140e373-c6f8-4976-b3f6-338efb537d81.extra_data.json,R5wtjjS0Fd,0,com.sec.android.app.shealth,2825341,86400000,4140e373-c6f8-4976-b3f6-338efb537d81,2025-04-08 00:00:00.000,
0,62950170,0,4298000,9492,300,5569120,90,0,62950170,2025-04-10 11:52:04.504,10,2025-04-09 03:00:00.975,0.0,30,30,-1,2258000,102,5,0,8,7201.117,0,386.13437,ebff9ae3-388e-4f85-92bb-9aa5def2fda0.extra_data.json,R5wtjjS0Fd,0,com.sec.android.app.shealth,5569120,86400000,ebff9ae3-388e-4f85-92bb-9aa5def2fda0,2025-04-09 00:00:00.000,
0,62950170,0,0,4071,300,2578202,90,0,62950170,2025-04-11 12:35:05.491,10,2025-04-10 03:00:00.891,0.0,30,30,-1,360000,46,6,0,8,3031.039,0,162.32,b9a10b43-b0b5-4cc4-9509-0ddadcb729f5.extra_data.json,R5wtjjS0Fd,0,com.sec.android.app.shealth,2578202,86400000,b9a10b43-b0b5-4cc4-9509-0ddadcb729f5,2025-04-10 00:00:00.000,
0,62950170,0,0,105,300,70035,90,0,62950170,2025-04-12 10:47:43.969,10,2025-04-11 03:00:00.963,0.0,30,30,-1,12673,1,1,0,8,76.33,0,3.8899996,6e12f300-28e4-4bf9-a63c-11c511f585b1.extra_data.json,R5wtjjS0Fd,0,com.sec.android.app.shealth,70035,86400000,6e12f300-28e4-4bf9-a63c-11c511f585b1,2025-04-11 00:00:00.000,
0,62950170,0,0,2514,300,1674140,90,0,62950170,2025-04-13 11:32:48.356,10,2025-04-12 03:17:29.805,0.0,30,30,-1,60000,30,8,0,8,1847.59,0,98.09,3ee2a128-165d-46c6-a26a-1db2f6cc660f.extra_data.json,R5wtjjS0Fd,0,com.sec.android.app.shealth,1674140,86400000,3ee2a128-165d-46c6-a26a-1db2f6cc660f,2025-04-12 00:00:00.000,
0,62950170,0,0,237,300,158079,90,0,62950170,2025-04-14 10:35:02.410,10,2025-04-13 03:00:47.730,0.0,30,30,-1,25346,2,4,0,8,173.31001,0,8.91,b5bc1bd2-b1ee-4be1-bc30-6e1f7a355805.extra_data.json,R5wtjjS0Fd,0,com.sec.android.app.shealth,158079,86400000,b5bc1bd2-b1ee-4be1-bc30-6e1f7a355805,2025-04-13 00:00:00.000,
0,62950170,0,2819000,7409,300,4448790,90,0,62950170,2025-04-15 11:15:02.082,10,2025-04-14 04:49:37.348,0.0,30,30,-1,1619906,82,7,0,8,5607.8013,0,298.03006,2f72fd43-5cda-4b63-8764-d977dbdb5aa8.extra_data.json,R5wtjjS0Fd,400,com.sec.android.app.shealth,4448390,86400000,2f72fd43-5cda-4b63-8764-d977dbdb5aa8,2025-04-14 00:00:00.000,
0,62950170,0,1555000,8930,300,5362149,90,0,62950170,2025-04-16 12:35:02.237,10,2025-04-15 03:07:34.778,0.0,30,30,-1,899905,98,11,0,8,6704.46,0,355.2273,a8321c10-0683-4af4-ae58-a3a715592853.extra_data.json,R5wtjjS0Fd,0,com.sec.android.app.shealth,5362149,86400000,a8321c10-0683-4af4-ae58-a3a715592853,2025-04-15 00:00:00.000,
0,62950170,0,2507000,9581,300,5887896,90,0,62950170,2025-04-17 13:05:00.692,10,2025-04-16 03:09:23.696,0.0,30,30,-1,1620000,108,8,0,8,7204.8164,0,382.37918,cdb1929e-e7a1-4c67-8b9a-e500b8036814.extra_data.json,R5wtjjS0Fd,0,com.sec.android.app.shealth,5887896,86400000,cdb1929e-e7a1-4c67-8b9a-e500b8036814,2025-04-16 00:00:00.000,
0,62950170,0,0,1958,300,1230345,90,0,62950170,2025-04-18 14:35:04.054,10,2025-04-17 03:32:23.713,0.0,30,30,-1,180000,22,5,0,8,1454.2599,0,77.45999,89ee12b1-ab39-4b02-9f02-ccbd0f25524a.extra_data.json,R5wtjjS0Fd,0,com.sec.android.app.shealth,1230345,86400000,89ee12b1-ab39-4b02-9f02-ccbd0f25524a,2025-04-17 00:00:00.000,
0,62950170,0,0,1846,300,1209181,90,0,62950170,2025-04-19 12:15:03.771,10,2025-04-18 03:16:42.717,0.0,30,30,-1,60000,22,2,0,8,1370.8302,0,71.75,1256a2f4-96ea-405b-bbd9-2057e60d2ef7.extra_data.json,R5wtjjS0Fd,0,com.sec.android.app.shealth,1209181,86400000,1256a2f4-96ea-405b-bbd9-2057e60d2ef7,2025-04-18 00:00:00.000,
0,62950170,0,0,233,300,155411,90,0,62950170,2025-04-20 10:55:04.025,10,2025-04-19 03:36:53.502,0.0,30,30,-1,25346,2,4,0,8,169.75,0,8.77,3b7a30cf-0019-48f7-8c2a-c231f6cf8987.extra_data.json,R5wtjjS0Fd,0,com.sec.android.app.shealth,155411,86400000,3b7a30cf-0019-48f7-8c2a-c231f6cf8987,2025-04-19 00:00:00.000,
0,62950170,0,0,2026,300,1245686,90,0,62950170,2025-04-21 12:35:07.255,10,2025-04-20 03:44:05.978,0.0,30,30,-1,420000,22,6,0,8,1449.0303,0,85.930016,2b09f089-25cf-45a2-8a48-91374cbfda67.extra_data.json,R5wtjjS0Fd,0,com.sec.android.app.shealth,1245686,86400000,2b09f089-25cf-45a2-8a48-91374cbfda67,2025-04-20 00:00:00.000,
0,62950170,0,3360000,6662,300,4322271,90,0,62950170,2025-04-22 11:15:02.217,10,2025-04-21 03:00:00.709,0.0,30,30,-1,1740000,80,3,0,8,4986.6997,0,265.23,215cdcf7-9372-4fd5-a171-78f59d90c0a6.extra_data.json,R5wtjjS0Fd,0,com.sec.android.app.shealth,4322271,86400000,215cdcf7-9372-4fd5-a171-78f59d90c0a6,2025-04-21 00:00:00.000,
0,62950170,0,837000,5240,300,3355264,90,0,62950170,2025-04-23 13:05:36.585,10,2025-04-22 04:25:58.183,0.0,30,30,-1,840000,61,6,0,8,3925.747,0,207.41652,3bbac47d-2f73-4674-8530-40f5d14d9d3f.extra_data.json,R5wtjjS0Fd,0,com.sec.android.app.shealth,3355264,86400000,3bbac47d-2f73-4674-8530-40f5d14d9d3f,2025-04-22 00:00:00.000,
0,62950170,0,0,1733,300,1078269,90,0,62950170,2025-04-24 14:38:50.545,10,2025-04-23 04:32:43.608,0.0,30,30,-1,300000,18,4,0,8,1289.1196,0,67.920006,1916e098-b96e-4944-88b8-1de20896e471.extra_data.json,R5wtjjS0Fd,0,com.sec.android.app.shealth,1078269,86400000,1916e098-b96e-4944-88b8-1de20896e471,2025-04-23 00:00:00.000,
0,62950170,0,1892000,5764,300,3423969,90,0,62950170,2025-05-21 14:51:26.363,10,2025-04-24 03:33:30.503,0.0,30,30,-1,1185000,63,8,0,8,4386.4146,0,231.87251,fd4e33d2-b88e-4ef1-8683-4d63d2673402.extra_data.json,R5wtjjS0Fd,2000,com.sec.android.app.shealth,3421969,86400000,fd4e33d2-b88e-4ef1-8683-4d63d2673402,2025-04-24 00:00:00.000,
0,62950170,0,0,332,300,221444,90,0,62950170,2025-05-21 14:51:26.095,10,2025-04-25 03:33:34.821,0.0,30,30,-1,27347,3,5,0,8,240.3,0,13.219999,6849609f-8c00-4e2c-911d-3e811f75d10c.extra_data.json,R5wtjjS0Fd,0,com.sec.android.app.shealth,221444,86400000,6849609f-8c00-4e2c-911d-3e811f75d10c,2025-04-25 00:00:00.000,
0,62950170,0,0,1817,300,1211939,90,0,62950170,2025-05-21 14:51:25.822,10,2025-04-26 04:31:35.125,0.0,30,30,-1,46690,22,6,0,8,1352.7,0,68.909996,5e0356e5-a7c6-42d5-a932-1cb115e490ab.extra_data.json,R5wtjjS0Fd,0,com.sec.android.app.shealth,1211939,86400000,5e0356e5-a7c6-42d5-a932-1cb115e490ab,2025-04-26 00:00:00.000,
0,62950170,0,0,196,300,130732,90,0,62950170,2025-05-21 14:51:25.489,10,2025-04-27 04:22:29.736,0.0,30,30,-1,28681,2,3,0,8,137.81,0,7.950001,06ae9e46-20ad-48b7-9383-d7c57c370637.extra_data.json,R5wtjjS0Fd,0,com.sec.android.app.shealth,130732,86400000,06ae9e46-20ad-48b7-9383-d7c57c370637,2025-04-27 00:00:00.000,
0,62950170,0,0,93,300,62031,90,0,62950170,2025-05-21 14:51:25.237,10,2025-04-28 04:58:05.897,0.0,30,30,-1,22011,1,3,0,8,67.76,0,3.53,b182f620-b92e-4b50-8a38-e3d3fb859113.extra_data.json,R5wtjjS0Fd,0,com.sec.android.app.shealth,62031,86400000,b182f620-b92e-4b50-8a38-e3d3fb859113,2025-04-28 00:00:00.000,
0,62950170,0,0,2755,300,1808754,90,0,62950170,2025-05-21 14:51:24.943,10,2025-04-29 03:00:01.106,0.0,30,30,-1,240000,33,6,0,8,2034.8497,0,107.310005,faf51127-d96b-4bb4-b14d-e978c73dfa93.extra_data.json,R5wtjjS0Fd,0,com.sec.android.app.shealth,1808754,86400000,faf51127-d96b-4bb4-b14d-e978c73dfa93,2025-04-29 00:00:00.000,
0,62950170,0,0,2952,300,1807180,90,0,62950170,2025-05-21 14:51:24.610,10,2025-04-30 03:35:42.563,0.0,30,30,-1,420000,33,5,0,8,2209.4502,0,116.020004,4f7b4b76-52a6-4bc6-ba0b-12c8eeec4116.extra_data.json,R5wtjjS0Fd,0,com.sec.android.app.shealth,1807180,86400000,4f7b4b76-52a6-4bc6-ba0b-12c8eeec4116,2025-04-30 00:00:00.000,
0,62950170,0,0,2897,300,1889401,90,0,62950170,2025-05-21 14:51:24.316,10,2025-05-01 03:32:47.588,0.0,30,30,-1,180000,34,6,0,8,2158.7498,0,113.21001,c27cd895-038c-4862-9910-ed6f7aed580b.extra_data.json,R5wtjjS0Fd,0,com.sec.android.app.shealth,1889401,86400000,c27cd895-038c-4862-9910-ed6f7aed580b,2025-05-01 00:00:00.000,
0,62950170,0,0,1464,300,933650,90,0,62950170,2025-05-21 14:51:24.029,10,2025-05-02 04:35:58.393,0.0,30,30,-1,180000,16,5,0,8,1079.0099,0,56.959995,27fae619-005b-4ab5-9d54-37a673b881d3.extra_data.json,R5wtjjS0Fd,0,com.sec.android.app.shealth,933650,86400000,27fae619-005b-4ab5-9d54-37a673b881d3,2025-05-02 00:00:00.000,
0,62950170,0,0,1466,300,937682,90,0,62950170,2025-05-21 14:51:23.687,10,2025-05-03 04:02:33.892,0.0,30,30,-1,120000,16,6,0,8,1102.1702,0,57.170002,8211b6cd-9072-4d58-8892-df22e35195e7.extra_data.json,R5wtjjS0Fd,0,com.sec.android.app.shealth,937682,86400000,8211b6cd-9072-4d58-8892-df22e35195e7,2025-05-03 00:00:00.000,
0,62950170,0,0,3783,300,2452806,90,0,62950170,2025-05-21 14:51:23.364,10,2025-05-04 04:46:27.599,0.0,30,30,-1,360000,44,3,0,8,2785.8303,0,149.22002,ae496d52-98ce-4263-b8d1-febdf52a7b7c.extra_data.json,R5wtjjS0Fd,0,com.sec.android.app.shealth,2452806,86400000,ae496d52-98ce-4263-b8d1-febdf52a7b7c,2025-05-04 00:00:00.000,
0,62950170,0,0,117,300,78039,90,0,62950170,2025-05-21 14:51:23.046,10,2025-05-05 04:57:48.709,0.0,30,30,-1,27347,1,3,0,8,79.649994,0,4.9399996,8cf51a93-c0dd-44b9-8d4b-044bd54bf870.extra_data.json,R5wtjjS0Fd,0,com.sec.android.app.shealth,78039,86400000,8cf51a93-c0dd-44b9-8d4b-044bd54bf870,2025-05-05 00:00:00.000,
0,62950170,0,0,4303,300,2758292,90,0,62950170,2025-05-21 14:51:22.780,10,2025-05-06 03:00:01.113,0.0,30,30,-1,240000,50,10,0,8,3210.3198,0,169.62003,fb701a0d-0e06-40ae-9cea-e74c6e1d21bc.extra_data.json,R5wtjjS0Fd,0,com.sec.android.app.shealth,2758292,86400000,fb701a0d-0e06-40ae-9cea-e74c6e1d21bc,2025-05-06 00:00:00.000,
0,62950170,0,0,1792,300,1108891,90,0,62950170,2025-05-21 14:51:22.411,10,2025-05-07 03:24:10.261,0.0,30,30,-1,360000,20,6,0,8,1330.5201,0,70.75999,7273a4fc-5928-41ab-a3cb-de3badfc1f14.extra_data.json,R5wtjjS0Fd,0,com.sec.android.app.shealth,1108891,86400000,7273a4fc-5928-41ab-a3cb-de3badfc1f14,2025-05-07 00:00:00.000,
0,62950170,0,0,212,300,141404,90,0,63010030,2025-06-04 18:10:09.694,10,2025-05-08 03:20:24.054,0.0,30,30,-1,39353,2,2,0,8,150.11002,0,8.44,af354fcc-6f10-46bd-afc0-9e26a5b1a2b6.extra_data.json,R5wtjjS0Fd,0,com.sec.android.app.shealth,141404,86400000,af354fcc-6f10-46bd-afc0-9e26a5b1a2b6,2025-05-08 00:00:00.000,
0,62950170,0,0,3565,300,2253980,90,0,63010030,2025-06-04 18:10:09.616,10,2025-05-09 03:00:01.255,0.0,30,30,-1,360000,41,9,0,8,2631.5393,0,141.16998,236b67c9-e5c3-4f20-be78-d74374e564ba.extra_data.json,R5wtjjS0Fd,0,com.sec.android.app.shealth,2253980,86400000,236b67c9-e5c3-4f20-be78-d74374e564ba,2025-05-09 00:00:00.000,
0,62950170,0,0,46,300,30682,90,0,63010030,2025-06-04 18:10:09.518,10,2025-05-10 03:00:01.130,0.0,30,30,-1,12673,0,0,0,8,32.930004,0,1.71,92631000-71a8-4cd9-a791-344d223de77d.extra_data.json,R5wtjjS0Fd,0,com.sec.android.app.shealth,30682,86400000,92631000-71a8-4cd9-a791-344d223de77d,2025-05-10 00:00:00.000,
0,62950170,0,0,3994,300,2449958,90,0,63010030,2025-06-04 18:10:09.444,10,2025-05-11 04:19:17.937,0.0,30,30,-1,480000,44,7,0,8,3004.8699,0,157.50996,e3bd1fc7-fbd1-408d-a817-1c859f3f82d8.extra_data.json,R5wtjjS0Fd,0,com.sec.android.app.shealth,2449958,86400000,e3bd1fc7-fbd1-408d-a817-1c859f3f82d8,2025-05-11 00:00:00.000,
0,62950170,0,0,1914,300,1243198,90,0,63010030,2025-06-04 18:10:09.349,10,2025-05-12 03:00:00.997,0.0,30,30,-1,60000,22,6,0,8,1416.4901,0,74.92001,052a7075-f774-4a0f-8f02-b4ccb0592940.extra_data.json,R5wtjjS0Fd,0,com.sec.android.app.shealth,1243198,86400000,052a7075-f774-4a0f-8f02-b4ccb0592940,2025-05-12 00:00:00.000,
0,62950170,0,0,1253,300,815014,90,0,63010030,2025-06-04 18:10:09.210,10,2025-05-13 03:26:44.785,0.0,30,30,-1,120000,14,5,0,8,944.6699,0,48.269997,1db6c782-3640-4ef0-85cf-2d34e40cde79.extra_data.json,R5wtjjS0Fd,0,com.sec.android.app.shealth,815014,86400000,1db6c782-3640-4ef0-85cf-2d34e40cde79,2025-05-13 00:00:00.000,
0,62950170,0,0,1533,300,934197,90,0,63010030,2025-06-04 18:10:09.062,10,2025-05-14 03:46:22.865,0.0,30,30,-1,300000,16,3,0,8,1148.29,0,60.85,2b412550-0fea-4a04-a721-7403bb99f3ac.extra_data.json,R5wtjjS0Fd,0,com.sec.android.app.shealth,934197,86400000,2b412550-0fea-4a04-a721-7403bb99f3ac,2025-05-14 00:00:00.000,
0,62950170,0,0,2885,300,1796478,90,0,63010030,2025-06-04 18:10:08.929,10,2025-05-15 03:21:56.945,0.0,30,30,-1,300000,32,6,0,8,2171.85,0,113.20001,1e629539-d9c1-4435-b5f0-1858169b9195.extra_data.json,R5wtjjS0Fd,0,com.sec.android.app.shealth,1796478,86400000,1e629539-d9c1-4435-b5f0-1858169b9195,2025-05-15 00:00:00.000,
0,62950170,0,0,2107,300,1323785,90,0,63010030,2025-06-04 18:10:08.812,10,2025-05-16 03:00:01.446,0.0,30,30,-1,120000,24,4,0,8,1578.8501,0,84.61001,56f8c798-07a8-4d2e-a876-92413b440c67.extra_data.json,R5wtjjS0Fd,0,com.sec.android.app.shealth,1323785,86400000,56f8c798-07a8-4d2e-a876-92413b440c67,2025-05-16 00:00:00.000,
0,62950170,0,0,1270,300,841027,90,0,63010030,2025-06-04 18:10:08.718,10,2025-05-17 03:00:01.370,0.0,30,30,-1,240000,15,2,0,8,944.7898,0,49.5,4b21f4a1-cb26-4547-b978-7271dce5c7ea.extra_data.json,R5wtjjS0Fd,0,com.sec.android.app.shealth,841027,86400000,4b21f4a1-cb26-4547-b978-7271dce5c7ea,2025-05-17 00:00:00.000,
0,62950170,0,2379000,6835,300,4119971,90,0,63010030,2025-06-04 18:10:08.623,10,2025-05-18 06:35:34.540,0.0,30,30,-1,1140000,75,4,0,8,5189.1963,0,280.2722,b6f4c096-80e9-465b-880f-f25cc66582b9.extra_data.json,R5wtjjS0Fd,0,com.sec.android.app.shealth,4119971,86400000,b6f4c096-80e9-465b-880f-f25cc66582b9,2025-05-18 00:00:00.000,
0,62950170,0,0,3088,300,1955654,90,0,63010030,2025-06-04 18:10:08.432,10,2025-05-19 03:00:01.398,0.0,30,30,-1,360000,35,8,0,8,2302.46,0,121.72002,f376e608-cc60-4842-ab00-660acc0ac6e2.extra_data.json,R5wtjjS0Fd,400,com.sec.android.app.shealth,1955254,86400000,f376e608-cc60-4842-ab00-660acc0ac6e2,2025-05-19 00:00:00.000,
0,62950170,0,0,3430,300,2170028,90,0,63010030,2025-06-04 18:10:08.353,10,2025-05-20 04:56:53.027,0.0,30,30,-1,180000,40,8,0,8,2556.0596,0,135.56001,6d69f8b9-1481-4b98-91d8-ef89de68b08f.extra_data.json,R5wtjjS0Fd,0,com.sec.android.app.shealth,2170028,86400000,6d69f8b9-1481-4b98-91d8-ef89de68b08f,2025-05-20 00:00:00.000,
0,62950170,0,0,3281,300,2109524,90,0,63010030,2025-06-04 18:10:08.239,10,2025-05-21 04:24:12.600,0.0,30,30,-1,360000,38,6,0,8,2443.1594,0,128.92998,8c1ee39b-56cb-4bbd-ab5b-6ba596a2a2de.extra_data.json,R5wtjjS0Fd,800,com.sec.android.app.shealth,2108724,86400000,8c1ee39b-56cb-4bbd-ab5b-6ba596a2a2de,2025-05-21 00:00:00.000,
0,62950170,0,0,1923,300,1184929,90,0,63010030,2025-06-04 18:10:08.149,10,2025-05-22 03:39:54.343,0.0,30,30,-1,360000,21,5,0,8,1432.7599,0,75.14,853ddb1c-b60d-403b-8b7a-3587f2156490.extra_data.json,R5wtjjS0Fd,0,com.sec.android.app.shealth,1184929,86400000,853ddb1c-b60d-403b-8b7a-3587f2156490,2025-05-22 00:00:00.000,
0,62950170,0,0,1533,300,965516,90,0,63010030,2025-06-04 18:10:08.069,10,2025-05-23 03:30:37.075,0.0,30,30,-1,240000,17,3,0,8,1139.03,0,60.37,c805c8b6-c8c1-43b5-92b5-546adee0e743.extra_data.json,R5wtjjS0Fd,0,com.sec.android.app.shealth,965516,86400000,c805c8b6-c8c1-43b5-92b5-546adee0e743,2025-05-23 00:00:00.000,
0,62950170,0,0,1619,300,982888,90,0,63010030,2025-06-04 18:10:07.982,10,2025-05-24 03:50:43.468,0.0,30,30,-1,300000,17,3,0,8,1207.7799,0,62.85,2fada644-128b-447d-bbdb-68bc4f800848.extra_data.json,R5wtjjS0Fd,0,com.sec.android.app.shealth,982888,86400000,2fada644-128b-447d-bbdb-68bc4f800848,2025-05-24 00:00:00.000,
0,62950170,0,0,1290,300,842863,90,0,63010030,2025-06-04 18:10:07.905,10,2025-05-25 03:00:00.839,0.0,30,30,-1,60000,14,5,0,8,882.18,0,52.510002,94084c35-3296-4475-ac29-f20fd2ebaeb7.extra_data.json,R5wtjjS0Fd,3200,com.sec.android.app.shealth,839663,86400000,94084c35-3296-4475-ac29-f20fd2ebaeb7,2025-05-25 00:00:00.000,
0,62950170,0,0,1769,300,1131719,90,0,63010030,2025-06-04 18:10:07.826,10,2025-05-26 03:50:26.604,0.0,30,30,-1,180000,20,3,0,8,1317.4999,0,68.53,acf29d97-d4ce-4fcb-b470-d7c78effbf5c.extra_data.json,R5wtjjS0Fd,0,com.sec.android.app.shealth,1131719,86400000,acf29d97-d4ce-4fcb-b470-d7c78effbf5c,2025-05-26 00:00:00.000,
0,62950170,0,0,5163,300,3311722,90,0,63010030,2025-06-04 18:10:07.746,10,2025-05-27 03:00:00.688,0.0,30,30,-1,480000,61,8,0,8,3841.7896,0,200.69,a9b0054c-fecc-4a78-a97c-64f03880e81e.extra_data.json,R5wtjjS0Fd,0,com.sec.android.app.shealth,3311722,86400000,a9b0054c-fecc-4a78-a97c-64f03880e81e,2025-05-27 00:00:00.000,
0,62950170,0,0,2954,300,1799472,90,0,63010030,2025-06-04 18:10:07.660,10,2025-05-28 03:00:01.097,0.0,30,30,-1,360000,32,4,0,8,2233.8496,0,103.33999,76651b14-d068-4329-9847-27774066a270.extra_data.json,R5wtjjS0Fd,1600,com.sec.android.app.shealth,1797872,86400000,76651b14-d068-4329-9847-27774066a270,2025-05-28 00:00:00.000,
0,62950170,0,2181000,6565,300,3995446,90,0,63010030,2025-06-04 18:10:07.578,10,2025-05-29 03:00:01.437,0.0,30,30,-1,1200000,73,9,0,8,5014.6636,0,237.41649,cc3a2334-3a4c-4d9f-8c3e-4bf99a7a6f0b.extra_data.json,R5wtjjS0Fd,0,com.sec.android.app.shealth,3995446,86400000,cc3a2334-3a4c-4d9f-8c3e-4bf99a7a6f0b,2025-05-29 00:00:00.000,
0,62950170,0,1783000,7779,300,4771300,90,0,63010030,2025-06-04 18:10:07.418,10,2025-05-30 03:45:35.159,0.0,30,30,-1,1140000,87,6,0,8,5900.36,0,306.99677,beada7de-b746-4b4a-91fa-559b4ab67862.extra_data.json,R5wtjjS0Fd,3600,com.sec.android.app.shealth,4767700,86400000,beada7de-b746-4b4a-91fa-559b4ab67862,2025-05-30 00:00:00.000,
0,62950170,0,0,164,300,109388,90,0,63010030,2025-06-04 18:10:07.093,10,2025-05-31 03:00:00.979,0.0,30,30,-1,23345,1,4,0,8,121.73,0,5.8399997,564740ae-79b1-4063-a6e6-e38fdea96f45.extra_data.json,R5wtjjS0Fd,0,com.sec.android.app.shealth,109388,86400000,564740ae-79b1-4063-a6e6-e38fdea96f45,2025-05-31 00:00:00.000,
0,62950170,0,0,65,300,43355,90,0,63010030,2025-06-04 18:10:06.820,10,2025-06-01 03:46:51.458,0.0,30,30,-1,16675,0,1,0,8,47.72,0,2.33,28a96560-cf10-4a08-820c-f34a55fcf702.extra_data.json,R5wtjjS0Fd,0,com.sec.android.app.shealth,43355,86400000,28a96560-cf10-4a08-820c-f34a55fcf702,2025-06-01 00:00:00.000,
0,62950170,0,0,2720,300,1646980,90,0,63010030,2025-06-04 18:10:06.554,10,2025-06-02 03:47:54.556,0.0,30,30,-1,480000,30,3,0,8,2029.07,0,108.649994,d1af486a-90d3-4bed-acbd-54aaaccc72ea.extra_data.json,R5wtjjS0Fd,0,com.sec.android.app.shealth,1646980,86400000,d1af486a-90d3-4bed-acbd-54aaaccc72ea,2025-06-02 00:00:00.000,
0,62950170,0,0,3726,300,2360760,90,0,63010030,2025-06-04 18:53:51.717,10,2025-06-03 04:14:31.109,0.0,30,30,-1,360000,43,9,0,8,2758.43,0,147.02997,1014a0a4-52e2-4aa6-9912-76bbc64d192b.extra_data.json,R5wtjjS0Fd,6708,com.sec.android.app.shealth,2354052,86400000,1014a0a4-52e2-4aa6-9912-76bbc64d192b,2025-06-03 00:00:00.000,
0,62950170,0,0,1626,300,982131,90,0,63010030,2025-06-05 15:42:09.427,10,2025-06-04 04:10:15.192,0.0,30,30,-1,360000,17,5,0,8,1205.36,0,64.07,9fb8e842-bf61-4e2e-ac0a-c52dd7d8a716.extra_data.json,R5wtjjS0Fd,0,com.sec.android.app.shealth,982131,86400000,9fb8e842-bf61-4e2e-ac0a-c52dd7d8a716,2025-06-04 00:00:00.000,
0,63010030,0,0,95,300,63365,90,0,63010030,2025-06-06 14:40:52.758,10,2025-06-05 03:00:00.994,0.0,30,30,-1,24679,1,2,0,8,60.819996,0,4.27,403a3088-988e-4d6c-a884-94aeb5a7737a.extra_data.json,R5wtjjS0Fd,0,com.sec.android.app.shealth,63365,86400000,403a3088-988e-4d6c-a884-94aeb5a7737a,2025-06-05 00:00:00.000,
0,63010030,0,0,164,300,109388,90,0,63010030,2025-06-07 18:46:21.748,10,2025-06-06 03:19:24.453,0.0,30,30,-1,23345,1,3,0,8,113.73,0,6.3500004,e370a9d8-01f9-40a4-8168-a36d636a29a1.extra_data.json,R5wtjjS0Fd,0,com.sec.android.app.shealth,109388,86400000,e370a9d8-01f9-40a4-8168-a36d636a29a1,2025-06-06 00:00:00.000,
0,63010030,0,0,186,300,124062,90,0,63010030,2025-06-08 20:26:44.301,10,2025-06-07 03:34:58.743,0.0,30,30,-1,42688,2,2,0,8,129.15,0,7.449999,a3da9519-e270-4a4e-bb8b-21a8b903f70f.extra_data.json,R5wtjjS0Fd,0,com.sec.android.app.shealth,124062,86400000,a3da9519-e270-4a4e-bb8b-21a8b903f70f,2025-06-07 00:00:00.000,
0,63010030,0,0,75,300,50025,90,0,63010030,2025-06-09 13:50:25.396,10,2025-06-08 04:55:02.031,0.0,30,30,-1,16008,0,2,0,8,48.879997,0,2.8899999,55ad4946-241e-4238-b9f1-ce85070a3485.extra_data.json,R5wtjjS0Fd,0,com.sec.android.app.shealth,50025,86400000,55ad4946-241e-4238-b9f1-ce85070a3485,2025-06-08 00:00:00.000,
0,63010030,0,0,159,300,106053,90,0,63010030,2025-06-10 10:51:46.014,10,2025-06-09 04:29:08.902,0.0,30,30,-1,16008,1,3,0,8,111.799995,0,5.82,a3b353cb-e5c5-4e8e-adc3-1f49f87e7fa4.extra_data.json,R5wtjjS0Fd,0,com.sec.android.app.shealth,106053,86400000,a3b353cb-e5c5-4e8e-adc3-1f49f87e7fa4,2025-06-09 00:00:00.000,
0,63010030,0,2700000,6995,300,4244442,90,0,63010030,2025-06-11 12:47:07.518,10,2025-06-10 04:28:38.246,0.0,30,30,-1,1380000,77,9,0,8,5316.4595,0,272.88,858e70af-340b-4f65-900c-cec174190e43.extra_data.json,R5wtjjS0Fd,0,com.sec.android.app.shealth,4244442,86400000,858e70af-340b-4f65-900c-cec174190e43,2025-06-10 00:00:00.000,
0,63010030,0,2040000,10180,300,6323061,90,0,63010030,2025-06-12 15:05:20.423,10,2025-06-11 03:00:01.523,0.0,30,30,-1,720000,116,7,0,8,7633.912,0,397.59,73c943b4-4c5a-4ee0-8793-15bd8e1275e6.extra_data.json,R5wtjjS0Fd,1894,com.sec.android.app.shealth,6321167,86400000,73c943b4-4c5a-4ee0-8793-15bd8e1275e6,2025-06-11 00:00:00.000,
0,63010030,0,0,486,300,324162,90,0,63010030,2025-06-13 08:07:38.985,10,2025-06-12 03:12:30.761,0.0,30,30,-1,38686,5,5,0,8,359.31003,0,18.009998,117deccd-5d0e-47ee-832c-f076291a1b5e.extra_data.json,R5wtjjS0Fd,0,com.sec.android.app.shealth,324162,86400000,117deccd-5d0e-47ee-832c-f076291a1b5e,2025-06-12 00:00:00.000,
0,63010030,0,0,83,300,55361,90,0,63010030,2025-06-14 11:42:10.910,10,2025-06-13 03:00:01.007,0.0,30,30,-1,30682,0,1,0,8,59.93,0,3.05,e06626af-4bf9-41dc-b102-2647f231ef13.extra_data.json,R5wtjjS0Fd,0,com.sec.android.app.shealth,55361,86400000,e06626af-4bf9-41dc-b102-2647f231ef13,2025-06-13 00:00:00.000,
0,63010030,0,0,2118,300,1339793,90,0,63010030,2025-06-15 16:22:51.566,10,2025-06-14 03:00:00.450,0.0,30,30,-1,180000,24,4,0,8,1568.2802,0,77.53001,f3f6aab2-66ad-4ae7-8661-73e526dd40b4.extra_data.json,R5wtjjS0Fd,0,com.sec.android.app.shealth,1339793,86400000,f3f6aab2-66ad-4ae7-8661-73e526dd40b4,2025-06-14 00:00:00.000,
0,63010030,0,0,53,300,35351,90,0,63010030,2025-06-16 14:24:33.845,10,2025-06-15 03:27:28.910,0.0,30,30,-1,20677,0,2,0,8,36.560005,0,2.14,74964f5e-d503-432f-8ec7-3749f38527d9.extra_data.json,R5wtjjS0Fd,0,com.sec.android.app.shealth,35351,86400000,74964f5e-d503-432f-8ec7-3749f38527d9,2025-06-15 00:00:00.000,
0,63010030,0,0,2009,300,1275094,90,0,63020310,2025-07-14 01:56:33.385,10,2025-06-16 03:42:00.048,0.0,30,30,-1,240000,23,6,0,8,1502.1099,0,75.94998,18af3a6b-ccf3-4f98-8ed8-9d01cd0cf247.extra_data.json,R5wtjjS0Fd,0,com.sec.android.app.shealth,1275094,86400000,18af3a6b-ccf3-4f98-8ed8-9d01cd0cf247,2025-06-16 00:00:00.000,
0,63010030,0,0,3634,300,2354300,90,0,63020310,2025-07-14 01:56:33.235,10,2025-06-17 03:00:00.516,0.0,30,30,-1,180000,43,10,0,8,2706.1602,0,132.76004,2b13fddf-8e44-48b2-ac65-daa90c925da4.extra_data.json,R5wtjjS0Fd,0,com.sec.android.app.shealth,2354300,86400000,2b13fddf-8e44-48b2-ac65-daa90c925da4,2025-06-17 00:00:00.000,
0,63010030,0,0,1046,300,694317,90,0,63020310,2025-07-14 01:56:28.797,10,2025-06-18 04:46:50.830,0.0,30,30,-1,60000,12,6,0,8,770.64984,0,39.710003,91b9ce11-2270-4800-bc93-92a6215e48be.extra_data.json,R5wtjjS0Fd,0,com.sec.android.app.shealth,694317,86400000,91b9ce11-2270-4800-bc93-92a6215e48be,2025-06-18 00:00:00.000,
0,63010030,0,0,37,300,24679,90,0,63020310,2025-07-14 01:56:28.616,10,2025-06-19 05:12:54.439,0.0,30,30,-1,18009,0,1,0,8,26.82,0,1.44,421d122b-d0dc-49a3-92b6-bae2916e3e39.extra_data.json,R5wtjjS0Fd,0,com.sec.android.app.shealth,24679,86400000,421d122b-d0dc-49a3-92b6-bae2916e3e39,2025-06-19 00:00:00.000,
0,63010030,0,3288000,7435,300,4679358,90,0,63020310,2025-07-17 14:41:17.958,10,2025-06-20 04:17:42.566,0.0,30,30,-1,3288000,85,5,0,8,5586.8213,0,280.47598,87c03509-b46b-420e-afb5-8c4f683a5268.extra_data.json,R5wtjjS0Fd,2982,com.sec.android.app.shealth,4676376,86400000,87c03509-b46b-420e-afb5-8c4f683a5268,2025-06-20 00:00:00.000,
0,63010030,0,0,1718,300,1091092,90,0,63020310,2025-07-17 14:41:17.709,10,2025-06-21 03:44:23.711,0.0,30,30,-1,120000,20,4,0,8,1305.39,0,59.51,7a05215f-ac23-41a3-9c08-80b53dbfe6ef.extra_data.json,R5wtjjS0Fd,0,com.sec.android.app.shealth,1091092,86400000,7a05215f-ac23-41a3-9c08-80b53dbfe6ef,2025-06-21 00:00:00.000,
0,63010030,0,0,29,300,19343,90,0,63020310,2025-07-17 14:41:17.539,10,2025-06-22 03:16:09.987,0.0,30,30,-1,19343,0,1,0,8,19.52,0,1.2800003,30fdde95-9d29-4859-8fe4-8cff601a4d93.extra_data.json,R5wtjjS0Fd,0,com.sec.android.app.shealth,19343,86400000,30fdde95-9d29-4859-8fe4-8cff601a4d93,2025-06-22 00:00:00.000,
0,63010030,0,0,194,300,129398,90,0,63020310,2025-07-17 14:41:17.410,10,2025-06-23 03:00:00.443,0.0,30,30,-1,30015,2,2,0,8,139.59,0,7.499999,a964498a-8714-4f9f-b115-f02b586e32f8.extra_data.json,R5wtjjS0Fd,0,com.sec.android.app.shealth,129398,86400000,a964498a-8714-4f9f-b115-f02b586e32f8,2025-06-23 00:00:00.000,
0,63010030,0,0,6,300,4002,90,0,63020310,2025-07-17 14:41:17.265,10,2025-06-24 04:12:37.189,0.0,30,30,-1,4002,0,0,0,8,4.22,0,0.22,e8a95d48-39e8-45a5-bba4-4181a1f047d4.extra_data.json,R5wtjjS0Fd,0,com.sec.android.app.shealth,4002,86400000,e8a95d48-39e8-45a5-bba4-4181a1f047d4,2025-06-24 00:00:00.000,
0,63010030,0,0,138,300,92046,90,0,63020310,2025-07-17 14:41:17.136,10,2025-06-25 04:14:27.470,0.0,30,30,-1,20677,1,3,0,8,99.84999,0,5.3800006,ef6dc4ab-4fd2-46e4-9e1e-ad508415f582.extra_data.json,R5wtjjS0Fd,0,com.sec.android.app.shealth,92046,86400000,ef6dc4ab-4fd2-46e4-9e1e-ad508415f582,2025-06-25 00:00:00.000,
0,63010030,0,0,63,300,42021,90,0,63020310,2025-07-17 14:41:16.955,10,2025-06-26 03:04:27.272,0.0,30,30,-1,23345,0,2,0,8,45.6,0,2.28,54698c13-0c02-41ae-a0c4-4d626168b2e1.extra_data.json,R5wtjjS0Fd,0,com.sec.android.app.shealth,42021,86400000,54698c13-0c02-41ae-a0c4-4d626168b2e1,2025-06-26 00:00:00.000,
0,63010030,0,0,0,300,0,90,0,63020310,2025-07-17 14:41:16.848,10,2025-06-27 03:00:28.524,0.0,30,30,-1,0,0,0,0,8,0.0,0,0.0,08c745cf-4035-42e2-a638-00b57b372369.extra_data.json,R5wtjjS0Fd,0,com.sec.android.app.shealth,0,86400000,08c745cf-4035-42e2-a638-00b57b372369,2025-06-27 00:00:00.000,
0,63020270,0,0,35,300,23345,90,0,63020310,2025-07-17 14:41:16.687,10,2025-06-28 04:11:11.873,0.0,30,30,-1,23345,0,1,0,8,22.7,0,1.32,4979e569-a7bb-4eab-93c6-57b9991c5a6b.extra_data.json,R5wtjjS0Fd,0,com.sec.android.app.shealth,23345,86400000,4979e569-a7bb-4eab-93c6-57b9991c5a6b,2025-06-28 00:00:00.000,
0,63020270,0,0,3024,300,1997975,90,0,63020310,2025-07-17 14:41:16.540,10,2025-06-29 03:00:00.727,0.0,30,30,-1,60000,36,7,0,8,2156.9404,0,120.270035,9a1e1464-5988-4eba-a1d0-18b7498dc358.extra_data.json,R5wtjjS0Fd,400,com.sec.android.app.shealth,1997575,86400000,9a1e1464-5988-4eba-a1d0-18b7498dc358,2025-06-29 00:00:00.000,
0,63020270,0,0,35,300,23345,90,0,63020310,2025-07-17 14:41:16.349,10,2025-06-30 03:13:37.247,0.0,30,30,-1,23345,0,1,0,8,22.48,0,1.1399994,729518ce-d4fb-4913-b3fc-516cb11e45bb.extra_data.json,R5wtjjS0Fd,0,com.sec.android.app.shealth,23345,86400000,729518ce-d4fb-4913-b3fc-516cb11e45bb,2025-06-30 00:00:00.000,
0,63020270,0,0,2256,300,1463855,90,0,63020310,2025-07-17 14:41:16.195,10,2025-07-01 03:20:26.029,0.0,30,30,-1,180000,26,6,0,8,1671.5403,0,80.659996,9c870f11-5184-49f5-9a6f-558a29891ba0.extra_data.json,R5wtjjS0Fd,0,com.sec.android.app.shealth,1463855,86400000,9c870f11-5184-49f5-9a6f-558a29891ba0,2025-07-01 00:00:00.000,
0,63020270,0,1604000,3630,300,2154548,90,0,63020310,2025-07-17 14:41:15.950,10,2025-07-02 03:00:30.140,0.0,30,30,-1,900000,38,2,0,8,2788.9521,0,123.039665,0d264d58-fe66-4f79-925f-3dce7436001f.extra_data.json,R5wtjjS0Fd,0,com.sec.android.app.shealth,2154548,86400000,0d264d58-fe66-4f79-925f-3dce7436001f,2025-07-02 00:00:00.000,
0,63020270,0,945000,6617,300,3893510,90,0,63020310,2025-07-17 14:41:15.641,10,2025-07-03 03:00:00.656,0.0,30,30,-1,959566,71,6,0,8,5003.927,0,236.304,3953e5fb-ee05-4ace-8364-f5a4dd5e7c84.extra_data.json,R5wtjjS0Fd,400,com.sec.android.app.shealth,3893110,86400000,3953e5fb-ee05-4ace-8364-f5a4dd5e7c84,2025-07-03 00:00:00.000,
0,63020270,0,0,4041,300,2576291,90,0,63020310,2025-07-17 14:41:15.258,10,2025-07-04 03:26:43.118,0.0,30,30,-1,120000,46,6,0,8,2989.16,0,148.40993,3c281ac3-68a4-497f-be70-75064e04bfdd.extra_data.json,R5wtjjS0Fd,1901,com.sec.android.app.shealth,2574390,86400000,3c281ac3-68a4-497f-be70-75064e04bfdd,2025-07-04 00:00:00.000,
0,63020270,0,0,63,300,42021,90,0,63020310,2025-07-17 14:41:15.042,10,2025-07-05 03:55:39.065,0.0,30,30,-1,11339,0,1,0,8,46.69,0,2.28,ceb2d136-e6a8-4a4b-8c10-f1eb8c9970ea.extra_data.json,R5wtjjS0Fd,0,com.sec.android.app.shealth,42021,86400000,ceb2d136-e6a8-4a4b-8c10-f1eb8c9970ea,2025-07-05 00:00:00.000,
0,63020270,0,0,0,300,0,90,0,63020310,2025-07-17 14:41:14.760,10,2025-07-06 03:00:00.762,0.0,30,30,-1,0,0,0,0,8,0.0,0,0.0,034d74de-8238-454f-8bf1-2363f9eb7a72.extra_data.json,R5wtjjS0Fd,0,com.sec.android.app.shealth,0,86400000,034d74de-8238-454f-8bf1-2363f9eb7a72,2025-07-06 00:00:00.000,
0,63020270,0,0,1698,300,1080330,90,0,63020310,2025-07-17 14:41:14.598,10,2025-07-07 03:00:00.749,0.0,30,30,-1,180000,20,7,0,8,1262.4,0,66.51,b3e76150-97a3-4313-a570-4a9aee15f0ae.extra_data.json,R5wtjjS0Fd,0,com.sec.android.app.shealth,1080330,86400000,b3e76150-97a3-4313-a570-4a9aee15f0ae,2025-07-07 00:00:00.000,
0,63020270,0,0,2033,300,1274974,90,0,63020310,2025-07-17 14:41:14.393,10,2025-07-08 03:00:00.601,0.0,30,30,-1,300000,23,5,0,8,1519.0602,0,78.030014,30d279e3-e02d-483e-a7b1-1b6890973037.extra_data.json,R5wtjjS0Fd,0,com.sec.android.app.shealth,1274974,86400000,30d279e3-e02d-483e-a7b1-1b6890973037,2025-07-08 00:00:00.000,
0,63020270,0,0,63,300,42021,90,0,63020310,2025-07-17 14:41:14.194,10,2025-07-09 04:04:41.890,0.0,30,30,-1,12673,0,1,0,8,43.39,0,2.6799998,d7476146-e621-4636-ab51-5f404aa592dc.extra_data.json,R5wtjjS0Fd,0,com.sec.android.app.shealth,42021,86400000,d7476146-e621-4636-ab51-5f404aa592dc,2025-07-09 00:00:00.000,
0,63020270,0,0,3137,300,2003855,90,0,63020310,2025-07-17 14:41:13.877,10,2025-07-10 03:20:02.982,0.0,30,30,-1,360000,36,7,0,8,2335.15,0,115.06002,a713a17c-dc77-4096-b7dd-25b7a135ae9a.extra_data.json,R5wtjjS0Fd,0,com.sec.android.app.shealth,2003855,86400000,a713a17c-dc77-4096-b7dd-25b7a135ae9a,2025-07-10 00:00:00.000,
0,63020270,0,0,2669,300,1714497,90,0,63020310,2025-07-17 14:41:13.313,10,2025-07-11 03:00:00.886,0.0,30,30,-1,300000,31,5,0,8,1957.3298,0,103.590004,7029e145-8e83-48de-916a-27b19b8be5e9.extra_data.json,R5wtjjS0Fd,0,com.sec.android.app.shealth,1714497,86400000,7029e145-8e83-48de-916a-27b19b8be5e9,2025-07-11 00:00:00.000,
0,63020270,0,0,2389,300,1486960,90,0,63020310,2025-07-17 14:41:13.006,10,2025-07-12 03:00:00.850,0.0,30,30,-1,360000,26,4,0,8,1772.7201,0,95.14002,8f2edee1-c533-4e9d-bc75-e72b0df621b0.extra_data.json,R5wtjjS0Fd,0,com.sec.android.app.shealth,1486960,86400000,8f2edee1-c533-4e9d-bc75-e72b0df621b0,2025-07-12 00:00:00.000,
0,63020270,0,0,2609,300,1649798,90,0,63020310,2025-07-17 14:41:12.692,10,2025-07-13 03:00:00.678,0.0,30,30,-1,180000,30,3,0,8,1960.2799,0,99.170006,cc73a64d-07a5-4a03-9752-40fcb0d23ec0.extra_data.json,R5wtjjS0Fd,0,com.sec.android.app.shealth,1649798,86400000,cc73a64d-07a5-4a03-9752-40fcb0d23ec0,2025-07-13 00:00:00.000,
0,63020310,0,2443000,4580,300,2754618,90,0,63020310,2025-07-17 14:41:12.359,10,2025-07-14 03:00:00.695,0.0,30,30,-1,1680000,50,4,0,8,3506.6553,0,171.81569,55c65c98-9c0f-45c2-9e7a-437fe3ec4152.extra_data.json,R5wtjjS0Fd,0,com.sec.android.app.shealth,2754618,86400000,55c65c98-9c0f-45c2-9e7a-437fe3ec4152,2025-07-14 00:00:00.000,
0,63020310,0,0,3204,300,2049241,90,0,63020310,2025-07-17 14:41:11.613,10,2025-07-15 03:00:01.253,0.0,30,30,-1,360000,37,9,0,8,2368.1301,0,126.140015,38f9cbd2-a43d-49ff-a33f-5fa44245f382.extra_data.json,R5wtjjS0Fd,0,com.sec.android.app.shealth,2049241,86400000,38f9cbd2-a43d-49ff-a33f-5fa44245f382,2025-07-15 00:00:00.000,
0,63020310,0,0,70,300,46690,90,0,63020310,2025-07-17 15:50:28.966,10,2025-07-16 03:27:35.921,0.0,30,30,-1,20010,0,2,0,8,50.01,0,2.6599998,6571a354-df92-4ce6-ac43-428a72602a00.extra_data.json,R5wtjjS0Fd,0,com.sec.android.app.shealth,46690,86400000,6571a354-df92-4ce6-ac43-428a72602a00,2025-07-16 00:00:00.000,
0,63020310,0,0,1715,300,1068871,90,0,63020310,2025-07-18 11:55:02.598,10,2025-07-17 03:00:00.510,0.0,30,30,-1,360000,18,6,0,8,1269.1998,0,67.81,8a3e5c5e-9612-4c32-9842-8e7393ddad93.extra_data.json,R5wtjjS0Fd,0,com.sec.android.app.shealth,1068871,86400000,8a3e5c5e-9612-4c32-9842-8e7393ddad93,2025-07-17 00:00:00.000,
0,63020310,0,0,1906,300,1209788,90,0,63020310,2025-07-19 11:53:40.375,10,2025-07-18 03:56:24.894,0.0,30,30,-1,120000,22,4,0,8,1421.26,0,71.57,2fc73ce8-a020-4dda-b698-79f654c5951e.extra_data.json,R5wtjjS0Fd,0,com.sec.android.app.shealth,1209788,86400000,2fc73ce8-a020-4dda-b698-79f654c5951e,2025-07-18 00:00:00.000,
0,63020310,0,0,3451,300,2127280,90,0,63020310,2025-07-20 12:34:10.810,10,2025-07-19 03:43:25.714,0.0,30,30,-1,180000,38,7,0,8,2595.5298,0,128.38002,75b6a86e-6dd0-4eea-a492-bcbce74bb42d.extra_data.json,R5wtjjS0Fd,0,com.sec.android.app.shealth,2127280,86400000,75b6a86e-6dd0-4eea-a492-bcbce74bb42d,2025-07-19 00:00:00.000,
0,63020310,0,0,43,300,28681,90,0,63020310,2025-07-21 15:18:54.210,10,2025-07-20 03:00:00.987,0.0,30,30,-1,13340,0,1,0,8,27.93,0,1.56,f0aee703-3c2f-4f36-8606-0fe08cc60366.extra_data.json,R5wtjjS0Fd,0,com.sec.android.app.shealth,28681,86400000,f0aee703-3c2f-4f36-8606-0fe08cc60366,2025-07-20 00:00:00.000,
0,63020310,0,0,1591,300,956208,90,0,63020310,2025-07-22 11:15:02.338,10,2025-07-21 03:00:00.654,0.0,30,30,-1,300000,16,4,0,8,1199.8102,0,62.25,d8e5c305-b0b5-462d-b31b-761d9788f797.extra_data.json,R5wtjjS0Fd,0,com.sec.android.app.shealth,956208,86400000,d8e5c305-b0b5-462d-b31b-761d9788f797,2025-07-21 00:00:00.000,
0,63020310,0,0,1565,300,952813,90,0,63030110,2025-07-23 10:59:33.448,10,2025-07-22 03:00:00.419,0.0,30,30,-1,360000,16,2,0,8,1180.8099,0,59.890007,a4b4b652-0f06-4e94-9588-1d55b63b512d.extra_data.json,R5wtjjS0Fd,0,com.sec.android.app.shealth,952813,86400000,a4b4b652-0f06-4e94-9588-1d55b63b512d,2025-07-22 00:00:00.000,
0,63020310,0,0,1623,300,968881,90,0,63030110,2025-07-24 13:55:03.041,10,2025-07-23 03:00:00.597,0.0,30,30,-1,300000,17,5,0,8,1218.1702,0,63.72,84551af7-3290-4fb0-aa3b-623ec7560252.extra_data.json,R5wtjjS0Fd,0,com.sec.android.app.shealth,968881,86400000,84551af7-3290-4fb0-aa3b-623ec7560252,2025-07-23 00:00:00.000,
0,63030110,0,2330000,7418,300,4567907,90,0,63030110,2025-07-25 11:48:50.115,10,2025-07-24 04:12:19.098,0.0,30,30,-1,1320000,84,5,0,8,5655.4805,0,292.23834,a01bc703-384f-413f-9572-6a309a2f657c.extra_data.json,R5wtjjS0Fd,0,com.sec.android.app.shealth,4567907,86400000,a01bc703-384f-413f-9572-6a309a2f657c,2025-07-24 00:00:00.000,
0,63030110,0,0,3123,300,1965169,90,0,63030110,2025-07-26 14:05:50.433,10,2025-07-25 03:26:03.646,0.0,30,30,-1,300000,35,4,0,8,2321.2202,0,122.770004,017fc436-ec49-459b-9624-b47aaf97b57f.extra_data.json,R5wtjjS0Fd,0,com.sec.android.app.shealth,1965169,86400000,017fc436-ec49-459b-9624-b47aaf97b57f,2025-07-25 00:00:00.000,
0,63030110,0,0,58,300,38686,90,0,63030110,2025-07-27 12:35:01.998,10,2025-07-26 03:55:15.560,0.0,30,30,-1,21344,0,2,0,8,37.09,0,2.7199998,c62593b0-77b4-4e73-a8b8-2262e3ac667b.extra_data.json,R5wtjjS0Fd,0,com.sec.android.app.shealth,38686,86400000,c62593b0-77b4-4e73-a8b8-2262e3ac667b,2025-07-26 00:00:00.000,
0,63030110,0,0,2044,300,1350555,90,0,63030110,2025-07-28 11:43:53.026,10,2025-07-27 03:00:00.678,0.0,30,30,-1,180000,24,4,0,8,1518.76,0,79.05001,1399a97d-ebc7-4f35-abb6-4ccbcc703b8f.extra_data.json,R5wtjjS0Fd,0,com.sec.android.app.shealth,1350555,86400000,1399a97d-ebc7-4f35-abb6-4ccbcc703b8f,2025-07-27 00:00:00.000,
0,63030110,0,0,1893,300,1221037,90,0,63030110,2025-07-29 10:50:15.589,10,2025-07-28 03:30:00.052,0.0,30,30,-1,300000,22,7,0,8,1392.5701,0,74.090004,73199fcd-89ad-4982-a989-4aaa53d12bfc.extra_data.json,R5wtjjS0Fd,0,com.sec.android.app.shealth,1221037,86400000,73199fcd-89ad-4982-a989-4aaa53d12bfc,2025-07-28 00:00:00.000,
0,63030110,0,0,5208,300,3285012,90,0,63030110,2025-07-30 13:45:26.773,10,2025-07-29 03:45:46.464,0.0,30,30,-1,300000,60,10,0,8,3899.4702,0,198.1,ae426bfe-7d2b-4e18-96aa-1fd41d9adedf.extra_data.json,R5wtjjS0Fd,0,com.sec.android.app.shealth,3285012,86400000,ae426bfe-7d2b-4e18-96aa-1fd41d9adedf,2025-07-29 00:00:00.000,
0,63030110,0,0,1610,300,964849,90,0,63030110,2025-07-31 12:19:09.780,10,2025-07-30 03:01:49.365,0.0,30,30,-1,300000,17,4,0,8,1212.3499,0,63.100002,7d165232-e234-45a2-9810-d4b77824dc74.extra_data.json,R5wtjjS0Fd,0,com.sec.android.app.shealth,964849,86400000,7d165232-e234-45a2-9810-d4b77824dc74,2025-07-30 00:00:00.000,
0,63030110,0,0,265,300,176755,90,0,63030110,2025-08-01 11:55:08.461,10,2025-07-31 03:43:35.153,0.0,30,30,-1,30682,2,5,0,8,180.64001,0,10.549999,5aee6814-4835-45fa-a2fa-6c9545eb7748.extra_data.json,R5wtjjS0Fd,0,com.sec.android.app.shealth,176755,86400000,5aee6814-4835-45fa-a2fa-6c9545eb7748,2025-07-31 00:00:00.000,
0,63030110,0,1379000,6572,300,4046839,90,0,63030110,2025-08-02 11:55:06.584,10,2025-08-01 03:50:10.451,0.0,30,30,-1,720000,74,7,0,8,4974.292,0,259.37384,e9a5fc93-ad1f-4c24-b652-276abee7e726.extra_data.json,R5wtjjS0Fd,0,com.sec.android.app.shealth,4046839,86400000,e9a5fc93-ad1f-4c24-b652-276abee7e726,2025-08-01 00:00:00.000,
0,63030110,0,0,759,300,494187,90,0,63030110,2025-08-03 10:35:03.963,10,2025-08-02 03:00:00.572,0.0,30,30,-1,120000,8,4,0,8,568.44995,0,28.74,cfa653d9-9c52-41fa-b6d1-9da92207465e.extra_data.json,R5wtjjS0Fd,0,com.sec.android.app.shealth,494187,86400000,cfa653d9-9c52-41fa-b6d1-9da92207465e,2025-08-02 00:00:00.000,
0,63030110,0,0,1992,300,1289131,90,0,63030110,2025-08-04 11:45:21.958,10,2025-08-03 03:00:00.577,0.0,30,30,-1,120000,23,5,0,8,1425.5399,0,80.1,b1a324c2-5d66-42fe-bf66-bdf156abf926.extra_data.json,R5wtjjS0Fd,0,com.sec.android.app.shealth,1289131,86400000,b1a324c2-5d66-42fe-bf66-bdf156abf926,2025-08-03 00:00:00.000,
0,63030110,0,0,2659,300,1673203,90,0,63030110,2025-08-05 11:19:40.410,10,2025-08-04 03:41:23.241,0.0,30,30,-1,180000,30,7,0,8,2016.7003,0,98.11,abcd56b5-6125-43b9-ac31-142141ef2129.extra_data.json,R5wtjjS0Fd,0,com.sec.android.app.shealth,1673203,86400000,abcd56b5-6125-43b9-ac31-142141ef2129,2025-08-04 00:00:00.000,
0,63030110,0,0,209,300,139403,90,0,63030110,2025-08-06 11:45:35.317,10,2025-08-05 03:05:40.738,0.0,30,30,-1,46023,2,2,0,8,154.99998,0,7.7200003,3e90a5b8-2edf-40f3-a07f-36f8f7dd268a.extra_data.json,R5wtjjS0Fd,0,com.sec.android.app.shealth,139403,86400000,3e90a5b8-2edf-40f3-a07f-36f8f7dd268a,2025-08-05 00:00:00.000,
0,63030110,0,1004000,4445,300,2603505,90,0,63030110,2025-08-07 12:12:52.037,10,2025-08-06 03:00:00.529,0.0,30,30,-1,1020000,47,7,0,8,3405.894,0,175.22533,1f484b31-20dd-4a67-96c3-c9df0344970e.extra_data.json,R5wtjjS0Fd,0,com.sec.android.app.shealth,2603505,86400000,1f484b31-20dd-4a67-96c3-c9df0344970e,2025-08-06 00:00:00.000,
0,63030110,0,1193000,5486,300,3183894,90,0,63030110,2025-08-08 14:26:24.663,10,2025-08-07 03:00:00.528,0.0,30,30,-1,1193610,58,8,0,8,4167.46,0,207.40604,3932ff9a-1f67-4d10-ab32-aa91eb6eac26.extra_data.json,R5wtjjS0Fd,0,com.sec.android.app.shealth,3183894,86400000,3932ff9a-1f67-4d10-ab32-aa91eb6eac26,2025-08-07 00:00:00.000,
0,63030110,0,2340000,4718,300,2814207,90,0,63030110,2025-08-09 12:56:32.620,10,2025-08-08 03:00:00.601,0.0,30,30,-1,1200000,51,4,0,8,3594.4602,0,177.02,0605029f-f20a-4270-b2b9-fac2a11e560a.extra_data.json,R5wtjjS0Fd,0,com.sec.android.app.shealth,2814207,86400000,0605029f-f20a-4270-b2b9-fac2a11e560a,2025-08-08 00:00:00.000,
0,63030110,0,0,2191,300,1371052,90,0,63030110,2025-08-10 12:18:12.150,10,2025-08-09 03:00:00.783,0.0,30,30,-1,180000,24,6,0,8,1651.5499,0,82.659996,9d66187e-d1cc-4807-98db-9e15be14442b.extra_data.json,R5wtjjS0Fd,0,com.sec.android.app.shealth,1371052,86400000,9d66187e-d1cc-4807-98db-9e15be14442b,2025-08-09 00:00:00.000,
0,63030110,0,0,198,300,132066,90,0,63030110,2025-08-11 10:09:17.018,10,2025-08-10 03:00:00.822,0.0,30,30,-1,28014,2,2,0,8,146.01001,0,7.5699997,af702368-fc43-4f59-8576-13a3bdefb157.extra_data.json,R5wtjjS0Fd,0,com.sec.android.app.shealth,132066,86400000,af702368-fc43-4f59-8576-13a3bdefb157,2025-08-10 00:00:00.000,
0,63030110,0,763000,2990,300,1932136,90,0,63030110,2025-08-12 11:49:58.464,10,2025-08-11 03:00:00.630,0.0,30,30,-1,780000,35,6,0,8,2265.1257,0,121.15083,c94963f4-b9b9-4e83-be07-d5eafd236ef8.extra_data.json,R5wtjjS0Fd,0,com.sec.android.app.shealth,1932136,86400000,c94963f4-b9b9-4e83-be07-d5eafd236ef8,2025-08-11 00:00:00.000,
0,63030110,0,0,3399,300,2121750,90,0,63030110,2025-08-13 12:31:28.923,10,2025-08-12 03:00:05.364,0.0,30,30,-1,300000,38,7,0,8,2533.47,0,134.34996,32b2739f-e5a7-4ec8-b4d6-8ce8c39fcbe8.extra_data.json,R5wtjjS0Fd,1200,com.sec.android.app.shealth,2120550,86400000,32b2739f-e5a7-4ec8-b4d6-8ce8c39fcbe8,2025-08-12 00:00:00.000,
0,63030110,0,0,1737,300,1084272,90,0,63030110,2025-08-14 15:21:26.811,10,2025-08-13 03:00:00.948,0.0,30,30,-1,360000,20,7,0,8,1288.4401,0,68.149994,c42ad43b-7778-483d-9fa9-d8831f376c93.extra_data.json,R5wtjjS0Fd,0,com.sec.android.app.shealth,1084272,86400000,c42ad43b-7778-483d-9fa9-d8831f376c93,2025-08-13 00:00:00.000,
0,63030110,0,0,266,300,177422,90,0,63030110,2025-08-15 12:26:54.299,10,2025-08-14 03:16:22.107,0.0,30,30,-1,53360,2,2,0,8,193.71,0,10.15,ddd8a1d4-3279-4d49-91e0-eca236a64f42.extra_data.json,R5wtjjS0Fd,0,com.sec.android.app.shealth,177422,86400000,ddd8a1d4-3279-4d49-91e0-eca236a64f42,2025-08-14 00:00:00.000,
0,63030110,0,0,4488,300,2796041,90,0,63030110,2025-08-16 11:34:22.123,10,2025-08-15 03:00:00.514,0.0,30,30,-1,540000,51,9,0,8,3370.47,0,173.72003,ea9c8916-909a-4a4e-95fc-c00fe79e557a.extra_data.json,R5wtjjS0Fd,0,com.sec.android.app.shealth,2796041,86400000,ea9c8916-909a-4a4e-95fc-c00fe79e557a,2025-08-15 00:00:00.000,
0,63030110,0,0,2319,300,1437145,90,0,63030110,2025-08-17 12:35:03.422,10,2025-08-16 03:00:00.710,0.0,30,30,-1,120000,25,7,0,8,1755.8597,0,87.06999,573ec4e7-34bd-411f-9f8a-203cb206ddc3.extra_data.json,R5wtjjS0Fd,0,com.sec.android.app.shealth,1437145,86400000,573ec4e7-34bd-411f-9f8a-203cb206ddc3,2025-08-16 00:00:00.000,
0,63030110,0,0,153,300,102051,90,0,63030110,2025-08-18 12:15:06.811,10,2025-08-17 03:00:00.766,0.0,30,30,-1,28014,1,3,0,8,110.630005,0,5.71,ad8f8f19-884a-428c-aa23-f5f85174cf74.extra_data.json,R5wtjjS0Fd,0,com.sec.android.app.shealth,102051,86400000,ad8f8f19-884a-428c-aa23-f5f85174cf74,2025-08-17 00:00:00.000,
0,63030110,0,0,2422,300,1516428,90,0,63030110,2025-08-19 06:31:42.712,10,2025-08-18 03:00:00.536,0.0,30,30,-1,300000,27,6,0,8,1805.5399,0,94.99999,87dcc1e0-830d-422a-9fb7-841e7b836acf.extra_data.json,R5wtjjS0Fd,0,com.sec.android.app.shealth,1516428,86400000,87dcc1e0-830d-422a-9fb7-841e7b836acf,2025-08-18 00:00:00.000,
0,63030110,0,0,676,300,450892,90,0,63030110,2025-08-20 13:05:53.441,10,2025-08-19 03:05:37.002,0.0,30,30,-1,60000,7,5,0,8,483.81,0,27.45,0c27cf07-09f8-4356-9307-fbd9d7826dca.extra_data.json,R5wtjjS0Fd,0,com.sec.android.app.shealth,450892,86400000,0c27cf07-09f8-4356-9307-fbd9d7826dca,2025-08-19 00:00:00.000,
0,63030110,0,0,218,300,145406,90,0,63030110,2025-08-21 12:55:01.894,10,2025-08-20 04:17:28.136,0.0,30,30,-1,18676,2,4,0,8,151.41,0,8.59,cca56b98-7c0d-428b-83ed-1f903b610d7d.extra_data.json,R5wtjjS0Fd,0,com.sec.android.app.shealth,145406,86400000,cca56b98-7c0d-428b-83ed-1f903b610d7d,2025-08-20 00:00:00.000,
0,63030110,0,0,218,300,145406,90,0,63030110,2025-08-22 12:14:53.598,10,2025-08-21 03:00:00.640,0.0,30,30,-1,26013,2,6,0,8,156.59999,0,8.29,097fbf20-cda7-44e4-b2ea-3574e1b08b57.extra_data.json,R5wtjjS0Fd,0,com.sec.android.app.shealth,145406,86400000,097fbf20-cda7-44e4-b2ea-3574e1b08b57,2025-08-21 00:00:00.000,
0,63030110,0,0,1551,300,1009748,90,0,63030110,2025-08-23 11:22:24.454,10,2025-08-22 03:00:00.492,0.0,30,30,-1,120000,17,5,0,8,1130.29,0,60.7,7fc9c05c-1737-40ec-a5d2-ca94ddf41755.extra_data.json,R5wtjjS0Fd,0,com.sec.android.app.shealth,1009748,86400000,7fc9c05c-1737-40ec-a5d2-ca94ddf41755,2025-08-22 00:00:00.000,
0,63030110,0,0,351,300,234117,90,0,63030110,2025-08-24 11:29:27.399,10,2025-08-23 04:23:06.083,0.0,30,30,-1,34684,3,4,0,8,251.17,0,13.5,64f721e7-69a9-4b4f-8725-66c5a201d8e6.extra_data.json,R5wtjjS0Fd,0,com.sec.android.app.shealth,234117,86400000,64f721e7-69a9-4b4f-8725-66c5a201d8e6,2025-08-23 00:00:00.000,
0,63030110,0,0,277,300,184759,90,0,63030110,2025-08-25 11:23:54.824,10,2025-08-24 03:00:00.540,0.0,30,30,-1,34684,3,5,0,8,201.28,0,10.549999,8c76ed37-3f94-47f2-b14d-e13b7b9e8fd0.extra_data.json,R5wtjjS0Fd,0,com.sec.android.app.shealth,184759,86400000,8c76ed37-3f94-47f2-b14d-e13b7b9e8fd0,2025-08-24 00:00:00.000,
0,63030110,0,0,119,300,79373,90,0,63030110,2025-08-26 11:06:10.963,10,2025-08-25 04:59:54.952,0.0,30,30,-1,18009,1,2,0,8,86.64001,0,4.49,9cf62692-d63e-4bda-9c4c-0ddead5f8126.extra_data.json,R5wtjjS0Fd,0,com.sec.android.app.shealth,79373,86400000,9cf62692-d63e-4bda-9c4c-0ddead5f8126,2025-08-25 00:00:00.000,
0,63030110,0,0,2471,300,1607350,90,0,63030110,2025-08-27 13:13:40.797,10,2025-08-26 03:00:00.512,0.0,30,30,-1,120000,28,7,0,8,1845.9897,0,93.81001,9e2a510b-d157-4e21-9950-2352c44fee57.extra_data.json,R5wtjjS0Fd,0,com.sec.android.app.shealth,1607350,86400000,9e2a510b-d157-4e21-9950-2352c44fee57,2025-08-26 00:00:00.000,
0,63030110,0,0,1788,300,1109618,90,0,63030110,2025-08-28 13:55:03.244,10,2025-08-27 03:08:05.884,0.0,30,30,-1,300000,20,4,0,8,1324.59,0,70.520004,993bd8b9-62c9-4dc3-b9e0-09b065a9b0c8.extra_data.json,R5wtjjS0Fd,0,com.sec.android.app.shealth,1109618,86400000,993bd8b9-62c9-4dc3-b9e0-09b065a9b0c8,2025-08-27 00:00:00.000,
0,63030110,0,0,6066,300,3598569,90,0,63030110,2025-08-29 12:55:03.180,10,2025-08-28 03:00:00.627,0.0,30,30,-1,540000,65,7,0,8,4552.629,0,237.84001,b6f1ca44-f69c-4ed7-baa5-e508e358c9bb.extra_data.json,R5wtjjS0Fd,0,com.sec.android.app.shealth,3598569,86400000,b6f1ca44-f69c-4ed7-baa5-e508e358c9bb,2025-08-28 00:00:00.000,
0,63030110,0,0,52,300,34684,90,0,63030110,2025-08-30 12:08:39.112,10,2025-08-29 03:00:00.418,0.0,30,30,-1,14674,0,1,0,8,34.96,0,1.98,ed6b7a72-7f7b-43e5-b58e-d0ccf4cecc57.extra_data.json,R5wtjjS0Fd,0,com.sec.android.app.shealth,34684,86400000,ed6b7a72-7f7b-43e5-b58e-d0ccf4cecc57,2025-08-29 00:00:00.000,
0,63030110,0,0,429,300,286143,90,0,63030110,2025-08-31 10:15:03.911,10,2025-08-30 03:00:00.469,0.0,30,30,-1,45356,4,5,0,8,310.39,0,16.48,673f23b4-3312-403b-b7e1-9b84afa0ae97.extra_data.json,R5wtjjS0Fd,0,com.sec.android.app.shealth,286143,86400000,673f23b4-3312-403b-b7e1-9b84afa0ae97,2025-08-30 00:00:00.000,
0,63030110,0,0,1132,300,725102,90,0,63030110,2025-09-01 13:35:03.568,10,2025-08-31 03:00:01.568,0.0,30,30,-1,60000,13,5,0,8,813.2798,0,45.840008,27129576-dbc3-48db-9056-d70e2541e435.extra_data.json,R5wtjjS0Fd,800,com.sec.android.app.shealth,724302,86400000,27129576-dbc3-48db-9056-d70e2541e435,2025-08-31 00:00:00.000,
0,63030110,0,0,73,300,48691,90,0,63030110,2025-09-02 11:33:10.531,10,2025-09-01 03:00:44.618,0.0,30,30,-1,17342,0,2,0,8,52.83,0,2.73,3be1420a-94dd-4622-90d2-6fb54b42499f.extra_data.json,R5wtjjS0Fd,0,com.sec.android.app.shealth,48691,86400000,3be1420a-94dd-4622-90d2-6fb54b42499f,2025-09-01 00:00:00.000,
0,63030110,0,0,1692,300,1094457,90,0,63030110,2025-09-03 10:55:02.740,10,2025-09-02 03:00:01.266,0.0,30,30,-1,120000,20,2,0,8,1253.1898,0,65.05,fd82dbdb-91cb-4260-b02b-d7d371bca0a3.extra_data.json,R5wtjjS0Fd,0,com.sec.android.app.shealth,1094457,86400000,fd82dbdb-91cb-4260-b02b-d7d371bca0a3,2025-09-02 00:00:00.000,
0,63030110,0,4463000,9942,300,6008201,90,0,63030110,2025-09-04 11:15:02.238,10,2025-09-03 03:59:56.394,0.0,30,30,-1,2460000,111,8,0,8,7528.5117,0,397.3273,b10fd14a-1a24-4ba3-a5bf-bd6d1228ceeb.extra_data.json,R5wtjjS0Fd,0,com.sec.android.app.shealth,6008201,86400000,b10fd14a-1a24-4ba3-a5bf-bd6d1228ceeb,2025-09-03 00:00:00.000,
0,63030110,0,0,1642,300,1073143,90,0,63030110,2025-09-05 20:49:35.847,10,2025-09-04 04:30:10.783,0.0,30,30,-1,120000,18,4,0,8,1200.2802,0,63.480003,4ab31615-129c-4627-853a-f481b50934a6.extra_data.json,R5wtjjS0Fd,0,com.sec.android.app.shealth,1073143,86400000,4ab31615-129c-4627-853a-f481b50934a6,2025-09-04 00:00:00.000,
0,63030110,0,0,40,300,26680,90,0,63030110,2025-09-06 13:11:17.368,10,2025-09-05 03:00:00.720,0.0,30,30,-1,20010,0,1,0,8,30.02,0,1.4699999,81abc52e-a9ec-45c0-b73e-63ea4d0d5848.extra_data.json,R5wtjjS0Fd,0,com.sec.android.app.shealth,26680,86400000,81abc52e-a9ec-45c0-b73e-63ea4d0d5848,2025-09-05 00:00:00.000,
0,63030110,0,0,188,300,125396,90,0,63030110,2025-09-07 10:49:20.914,10,2025-09-06 04:57:32.944,0.0,30,30,-1,26680,2,3,0,8,136.43,0,6.96,44252775-e151-4bc7-97f4-312921bd85d2.extra_data.json,R5wtjjS0Fd,0,com.sec.android.app.shealth,125396,86400000,44252775-e151-4bc7-97f4-312921bd85d2,2025-09-06 00:00:00.000,
0,63030110,0,4666000,9801,300,5839733,90,0,63030110,2025-09-08 13:07:30.801,10,2025-09-07 04:11:44.294,0.0,30,30,-1,2100000,107,5,0,8,7523.809,0,399.31766,f13e2821-5f63-4381-9b3f-6aa378310b86.extra_data.json,R5wtjjS0Fd,0,com.sec.android.app.shealth,5839733,86400000,f13e2821-5f63-4381-9b3f-6aa378310b86,2025-09-07 00:00:00.000,
0,63030110,0,0,2688,300,1733293,90,0,63030110,2025-09-09 12:20:39.919,10,2025-09-08 03:52:04.057,0.0,30,30,-1,180000,31,4,0,8,2022.6305,0,105.53,751ad0e2-63fe-451d-8a9a-94029325b34b.extra_data.json,R5wtjjS0Fd,0,com.sec.android.app.shealth,1733293,86400000,751ad0e2-63fe-451d-8a9a-94029325b34b,2025-09-08 00:00:00.000,
0,63030110,0,0,4173,300,2561077,90,0,63030110,2025-09-10 12:55:03.889,10,2025-09-09 04:47:47.645,0.0,30,30,-1,660000,46,5,0,8,3097.25,0,166.32996,dfa5cb60-5def-49cb-a438-70f66ca2b56d.extra_data.json,R5wtjjS0Fd,2065,com.sec.android.app.shealth,2559012,86400000,dfa5cb60-5def-49cb-a438-70f66ca2b56d,2025-09-09 00:00:00.000,
0,63030110,0,0,46,300,30682,90,0,63030110,2025-09-11 12:28:33.643,10,2025-09-10 03:00:00.640,0.0,30,30,-1,13340,0,1,0,8,32.76,0,1.72,2e77ef8d-aafc-4e19-97ec-a3a2c761c285.extra_data.json,R5wtjjS0Fd,0,com.sec.android.app.shealth,30682,86400000,2e77ef8d-aafc-4e19-97ec-a3a2c761c285,2025-09-10 00:00:00.000,
0,63030110,0,0,113,300,75371,90,0,63030110,2025-09-12 18:35:02.526,10,2025-09-11 03:00:00.715,0.0,30,30,-1,26013,1,2,0,8,82.07,0,4.25,dc23594f-a673-4f27-88a1-5a19a48e4c38.extra_data.json,R5wtjjS0Fd,0,com.sec.android.app.shealth,75371,86400000,dc23594f-a673-4f27-88a1-5a19a48e4c38,2025-09-11 00:00:00.000,
0,63030110,0,0,96,300,64032,90,0,63030110,2025-09-13 11:15:01.493,10,2025-09-12 03:00:00.344,0.0,30,30,-1,22011,1,3,0,8,65.93,0,3.92,4b409163-26f7-4525-a5f4-0a86d87ec7a1.extra_data.json,R5wtjjS0Fd,0,com.sec.android.app.shealth,64032,86400000,4b409163-26f7-4525-a5f4-0a86d87ec7a1,2025-09-12 00:00:00.000,
0,63030110,0,0,3335,300,1972506,90,0,63030110,2025-09-14 13:15:00.497,10,2025-09-13 03:00:00.571,0.0,30,30,-1,180000,35,5,0,8,2534.7205,0,114.45999,621ee718-386b-46dd-945c-dc7fadcd329a.extra_data.json,R5wtjjS0Fd,1551,com.sec.android.app.shealth,1970955,86400000,621ee718-386b-46dd-945c-dc7fadcd329a,2025-09-13 00:00:00.000,
0,63030110,0,0,1878,300,1207150,90,0,63030110,2025-09-15 13:30:10.611,10,2025-09-14 03:45:38.776,0.0,30,30,-1,180000,22,2,0,8,1421.2098,0,67.43,ac8c6472-81fd-476f-aefc-d23b4e225bec.extra_data.json,R5wtjjS0Fd,0,com.sec.android.app.shealth,1207150,86400000,ac8c6472-81fd-476f-aefc-d23b4e225bec,2025-09-14 00:00:00.000,
0,63030110,0,1724000,5463,300,3400868,90,0,63030110,2025-09-16 11:07:13.711,10,2025-09-15 03:00:00.391,0.0,30,30,-1,900000,62,5,0,8,4158.8223,0,218.94998,e20f4e6d-e1c2-411b-842f-e5355b1c3db0.extra_data.json,R5wtjjS0Fd,0,com.sec.android.app.shealth,3400868,86400000,e20f4e6d-e1c2-411b-842f-e5355b1c3db0,2025-09-15 00:00:00.000,
0,63030110,0,0,7078,300,4394540,90,0,63030110,2025-09-17 13:30:11.274,10,2025-09-16 03:30:04.794,0.0,30,30,-1,360000,81,9,0,8,5332.38,0,261.08,b0390ac5-2ab0-4fd2-bb7f-e13a2c3d8d15.extra_data.json,R5wtjjS0Fd,0,com.sec.android.app.shealth,4394540,86400000,b0390ac5-2ab0-4fd2-bb7f-e13a2c3d8d15,2025-09-16 00:00:00.000,
0,63030110,0,0,115,300,76705,90,0,63030110,2025-09-18 10:09:06.949,10,2025-09-17 03:48:57.923,0.0,30,30,-1,24012,1,1,0,8,83.34,0,4.2999997,945941ab-fc2f-405c-9c32-3b802888e20a.extra_data.json,R5wtjjS0Fd,0,com.sec.android.app.shealth,76705,86400000,945941ab-fc2f-405c-9c32-3b802888e20a,2025-09-17 00:00:00.000,
0,63030110,0,0,3249,300,2111392,90,0,63030110,2025-09-19 13:13:00.771,10,2025-09-18 03:00:01.099,0.0,30,30,-1,420000,38,6,0,8,2408.3398,0,125.77003,7afb9803-3895-4710-a47c-ab8aab8b3253.extra_data.json,R5wtjjS0Fd,0,com.sec.android.app.shealth,2111392,86400000,7afb9803-3895-4710-a47c-ab8aab8b3253,2025-09-18 00:00:00.000,
0,63030110,0,0,1374,300,899693,90,0,63030110,2025-09-20 11:15:03.118,10,2025-09-19 04:49:33.795,0.0,30,30,-1,120000,15,5,0,8,1013.48004,0,52.550003,d9ef794a-fedb-41c1-a7dd-774ff25ed8db.extra_data.json,R5wtjjS0Fd,0,com.sec.android.app.shealth,899693,86400000,d9ef794a-fedb-41c1-a7dd-774ff25ed8db,2025-09-19 00:00:00.000,
0,63030110,0,621000,8354,300,5107619,90,0,63030110,2025-09-21 10:45:02.843,10,2025-09-20 03:00:00.659,0.0,30,30,-1,621000,94,4,0,8,6363.0254,0,319.21802,b5a90c53-208d-42eb-af77-be617c3c886d.extra_data.json,R5wtjjS0Fd,1366,com.sec.android.app.shealth,5106253,86400000,b5a90c53-208d-42eb-af77-be617c3c886d,2025-09-20 00:00:00.000,
0,63030110,0,0,117,300,78039,90,0,63030110,2025-09-22 14:54:28.764,10,2025-09-21 04:34:53.289,0.0,30,30,-1,17342,1,3,0,8,84.880005,0,4.33,0ed4bc79-d596-4a73-9f14-cc06ee9756de.extra_data.json,R5wtjjS0Fd,0,com.sec.android.app.shealth,78039,86400000,0ed4bc79-d596-4a73-9f14-cc06ee9756de,2025-09-21 00:00:00.000,
0,63030110,0,0,44,300,29348,90,0,63030110,2025-09-23 10:52:24.646,10,2025-09-22 03:11:22.308,0.0,30,30,-1,14007,0,2,0,8,30.669998,0,1.6100001,dd1eb90a-1bd0-4bf9-a3aa-9fc06f6ab59a.extra_data.json,R5wtjjS0Fd,0,com.sec.android.app.shealth,29348,86400000,dd1eb90a-1bd0-4bf9-a3aa-9fc06f6ab59a,2025-09-22 00:00:00.000,
0,63030110,0,0,2632,300,1628334,90,0,63051050,2025-09-25 01:26:48.822,10,2025-09-23 04:18:34.041,0.0,30,30,-1,420000,30,7,0,8,1970.4698,0,100.14,10fa6642-0c9c-4a68-bbb4-db7f728d9eae.extra_data.json,R5wtjjS0Fd,0,com.sec.android.app.shealth,1628334,86400000,10fa6642-0c9c-4a68-bbb4-db7f728d9eae,2025-09-23 00:00:00.000,
0,63030110,0,0,88,300,58696,90,0,63051050,2025-09-25 12:55:02.170,10,2025-09-24 04:21:43.089,0.0,30,30,-1,17342,0,1,0,8,63.860004,0,3.2599995,0c9eae25-33a2-4a28-8188-225cf6aaf7c8.extra_data.json,R5wtjjS0Fd,0,com.sec.android.app.shealth,58696,86400000,0c9eae25-33a2-4a28-8188-225cf6aaf7c8,2025-09-24 00:00:00.000,
0,63051050,0,0,1909,300,1151609,90,0,63051050,2025-09-26 15:20:33.304,10,2025-09-25 03:00:00.552,0.0,30,30,-1,360000,21,2,0,8,1427.2201,0,71.26,cc3d41cb-e857-4e08-b311-ca1443db1f91.extra_data.json,R5wtjjS0Fd,0,com.sec.android.app.shealth,1151609,86400000,cc3d41cb-e857-4e08-b311-ca1443db1f91,2025-09-25 00:00:00.000,
0,63051050,0,0,4844,300,3145018,90,0,63051050,2025-09-27 03:00:01.325,10,2025-09-26 03:00:00.674,0.0,30,30,-1,180000,57,8,0,8,3587.4497,0,187.47998,0aa0f0d0-94ff-4eed-9ff2-4fdc0aec3e93.extra_data.json,R5wtjjS0Fd,1200,com.sec.android.app.shealth,3143818,86400000,0aa0f0d0-94ff-4eed-9ff2-4fdc0aec3e93,2025-09-26 00:00:00.000,
0,63051050,0,0,0,300,0,90,0,63051050,2025-09-28 17:35:03.092,10,2025-09-27 03:00:00.680,0.0,30,30,-1,0,0,0,0,8,0.0,0,0.0,c01c9877-9c4e-4981-956d-8fec4afa79f4.extra_data.json,R5wtjjS0Fd,0,com.sec.android.app.shealth,0,86400000,c01c9877-9c4e-4981-956d-8fec4afa79f4,2025-09-27 00:00:00.000,
0,63051050,0,0,3898,300,2570630,90,0,63051050,2025-09-29 12:15:02.119,10,2025-09-28 03:44:24.094,0.0,30,30,-1,120000,46,5,0,8,2853.7297,0,150.86,7f45f84c-a0b6-4536-aedf-4a462cb0a8da.extra_data.json,R5wtjjS0Fd,2800,com.sec.android.app.shealth,2567830,86400000,7f45f84c-a0b6-4536-aedf-4a462cb0a8da,2025-09-28 00:00:00.000,
0,63051050,0,0,1060,300,676248,90,0,63051050,2025-10-26 17:39:23.797,10,2025-09-29 03:00:00.701,0.0,30,30,-1,60000,12,2,0,8,779.94006,0,41.75,ac237837-be8d-4e69-a297-32b0231225f3.extra_data.json,R5wtjjS0Fd,0,com.sec.android.app.shealth,676248,86400000,ac237837-be8d-4e69-a297-32b0231225f3,2025-09-29 00:00:00.000,
0,63051050,0,0,2146,300,1364382,90,0,63051050,2025-10-26 17:39:23.574,10,2025-09-30 03:00:00.701,0.0,30,30,-1,180000,24,4,0,8,1586.9001,0,83.549995,f372c671-969a-41ae-bf28-acb0609c3a1c.extra_data.json,R5wtjjS0Fd,0,com.sec.android.app.shealth,1364382,86400000,f372c671-969a-41ae-bf28-acb0609c3a1c,2025-09-30 00:00:00.000,
0,63051050,0,0,4283,300,2703845,90,0,63051050,2025-10-26 17:39:23.386,10,2025-10-01 03:00:01.548,0.0,30,30,-1,660000,50,6,0,8,3161.6506,0,169.31003,f4f658d4-5652-46e5-a03a-b7d57f1b4506.extra_data.json,R5wtjjS0Fd,0,com.sec.android.app.shealth,2703845,86400000,f4f658d4-5652-46e5-a03a-b7d57f1b4506,2025-10-01 00:00:00.000,
0,63051050,0,0,573,300,382191,90,0,63051050,2025-10-26 17:39:23.168,10,2025-10-02 03:51:49.134,0.0,30,30,-1,40687,6,2,0,8,414.03,0,22.369997,d3cfc7a1-2017-499a-bf2b-fb82a8feb820.extra_data.json,R5wtjjS0Fd,0,com.sec.android.app.shealth,382191,86400000,d3cfc7a1-2017-499a-bf2b-fb82a8feb820,2025-10-02 00:00:00.000,
0,63051050,0,0,0,300,0,90,0,63051050,2025-10-26 17:39:23.034,10,2025-10-03 03:00:01.407,0.0,30,30,-1,0,0,0,0,8,0.0,0,0.0,5a865c7f-5d69-4f7d-a961-d8989acc644c.extra_data.json,R5wtjjS0Fd,0,com.sec.android.app.shealth,0,86400000,5a865c7f-5d69-4f7d-a961-d8989acc644c,2025-10-03 00:00:00.000,
0,63051050,0,0,41,300,27347,90,0,63051050,2025-10-26 17:39:22.830,10,2025-10-04 03:58:29.179,0.0,30,30,-1,12673,0,1,0,8,28.669998,0,1.5899999,a403e817-1b11-4e80-ba55-e3843cff9734.extra_data.json,R5wtjjS0Fd,0,com.sec.android.app.shealth,27347,86400000,a403e817-1b11-4e80-ba55-e3843cff9734,2025-10-04 00:00:00.000,
0,63051050,0,0,73,300,48691,90,0,63051050,2025-10-26 17:39:22.679,10,2025-10-05 03:32:17.942,0.0,30,30,-1,30015,0,1,0,8,49.79,0,2.78,82647254-178d-4fa8-99bd-5f6aae2a9be9.extra_data.json,R5wtjjS0Fd,0,com.sec.android.app.shealth,48691,86400000,82647254-178d-4fa8-99bd-5f6aae2a9be9,2025-10-05 00:00:00.000,
0,63051050,0,0,94,300,62698,90,0,63051050,2025-10-26 17:39:22.483,10,2025-10-06 03:39:24.363,0.0,30,30,-1,40687,1,1,0,8,68.0,0,3.62,78563b2c-1571-4e49-95e4-e89795cd48d4.extra_data.json,R5wtjjS0Fd,0,com.sec.android.app.shealth,62698,86400000,78563b2c-1571-4e49-95e4-e89795cd48d4,2025-10-06 00:00:00.000,
0,63051050,0,0,3609,300,2272151,90,0,63051050,2025-11-03 14:04:57.927,10,2025-10-07 03:00:00.779,0.0,30,30,-1,360000,41,5,0,8,2671.76,0,137.73001,d2c91ac5-8175-454e-a709-0f9b33d01a53.extra_data.json,R5wtjjS0Fd,3448,com.sec.android.app.shealth,2268703,86400000,d2c91ac5-8175-454e-a709-0f9b33d01a53,2025-10-07 00:00:00.000,
0,63051050,0,0,0,300,0,90,0,63051050,2025-11-03 14:04:57.716,10,2025-10-08 03:00:00.494,0.0,30,30,-1,0,0,0,0,8,0.0,0,0.0,ca93a4f3-7418-414f-aef7-867a9ca982b6.extra_data.json,R5wtjjS0Fd,0,com.sec.android.app.shealth,0,86400000,ca93a4f3-7418-414f-aef7-867a9ca982b6,2025-10-08 00:00:00.000,
0,63051050,0,0,718,300,478906,90,0,63051050,2025-11-03 14:04:57.573,10,2025-10-09 03:41:35.895,0.0,30,30,-1,38686,7,5,0,8,532.83997,0,27.249998,70fa4e83-d324-42dd-b899-3d2d94faa92d.extra_data.json,R5wtjjS0Fd,0,com.sec.android.app.shealth,478906,86400000,70fa4e83-d324-42dd-b899-3d2d94faa92d,2025-10-09 00:00:00.000,
0,63051050,0,0,37,300,24679,90,0,63051050,2025-11-03 14:04:57.401,10,2025-10-10 03:00:00.509,0.0,30,30,-1,10005,0,0,0,8,26.150002,0,1.3199999,ad223435-1845-44f6-8e7d-146f96dcd0f2.extra_data.json,R5wtjjS0Fd,0,com.sec.android.app.shealth,24679,86400000,ad223435-1845-44f6-8e7d-146f96dcd0f2,2025-10-10 00:00:00.000,
0,63051050,0,0,3245,300,2031959,90,0,63051050,2025-11-03 14:04:57.224,10,2025-10-11 03:59:07.038,0.0,30,30,-1,240000,36,7,0,8,2436.25,0,123.35001,0adf5429-eb56-4aaf-ad1a-720b1a475646.extra_data.json,R5wtjjS0Fd,0,com.sec.android.app.shealth,2031959,86400000,0adf5429-eb56-4aaf-ad1a-720b1a475646,2025-10-11 00:00:00.000,
0,63051050,0,0,0,300,0,90,0,63051050,2025-11-03 14:04:57.108,10,2025-10-12 03:08:51.048,0.0,30,30,-1,0,0,0,0,8,0.0,0,0.0,7226494f-dc17-4ac6-a39c-eca1dc3ac97b.extra_data.json,R5wtjjS0Fd,0,com.sec.android.app.shealth,0,86400000,7226494f-dc17-4ac6-a39c-eca1dc3ac97b,2025-10-12 00:00:00.000,
0,63051050,0,0,42,300,28014,90,0,63051050,2025-11-03 14:04:56.970,10,2025-10-13 03:31:19.807,0.0,30,30,-1,16008,0,1,0,8,29.51,0,1.5500001,a79853d9-0c72-45e5-81fb-c46c2b6aedb7.extra_data.json,R5wtjjS0Fd,0,com.sec.android.app.shealth,28014,86400000,a79853d9-0c72-45e5-81fb-c46c2b6aedb7,2025-10-13 00:00:00.000,
0,63051050,0,0,1781,300,1136418,90,0,63051050,2025-11-03 14:04:56.755,10,2025-10-14 03:00:00.508,0.0,30,30,-1,120000,20,3,0,8,1323.54,0,67.930016,637e8a60-7b3c-4778-9467-51a04446a487.extra_data.json,R5wtjjS0Fd,0,com.sec.android.app.shealth,1136418,86400000,637e8a60-7b3c-4778-9467-51a04446a487,2025-10-14 00:00:00.000,
0,63051050,0,0,2393,300,1501664,90,0,63051050,2025-11-03 14:04:56.099,10,2025-10-15 03:14:52.363,0.0,30,30,-1,360000,27,5,0,8,1757.3197,0,95.88,a3033cea-3518-4fa0-9d2f-80d8f85f0f48.extra_data.json,R5wtjjS0Fd,0,com.sec.android.app.shealth,1501664,86400000,a3033cea-3518-4fa0-9d2f-80d8f85f0f48,2025-10-15 00:00:00.000,
0,63051050,0,0,104,300,69368,90,0,63051050,2025-11-03 14:04:55.887,10,2025-10-16 03:00:01.024,0.0,30,30,-1,15341,1,2,0,8,76.399994,0,3.81,697c9522-da12-4eae-ae8b-a32cd7d61b17.extra_data.json,R5wtjjS0Fd,0,com.sec.android.app.shealth,69368,86400000,697c9522-da12-4eae-ae8b-a32cd7d61b17,2025-10-16 00:00:00.000,
0,63051050,0,0,158,300,105386,90,0,63051050,2025-11-03 14:04:55.732,10,2025-10-17 03:00:00.709,0.0,30,30,-1,37352,1,1,0,8,115.32,0,5.93,9e28824b-51c1-45b6-9071-52c5df5878f6.extra_data.json,R5wtjjS0Fd,0,com.sec.android.app.shealth,105386,86400000,9e28824b-51c1-45b6-9071-52c5df5878f6,2025-10-17 00:00:00.000,
0,63051050,0,0,2400,300,1498359,90,0,63060070,2025-11-14 12:40:17.026,10,2025-10-18 03:00:00.610,0.0,30,30,-1,300000,26,5,0,8,1789.3003,0,93.56,b76b609d-6cfa-4b4a-8f59-8b5291f0382f.extra_data.json,R5wtjjS0Fd,0,com.sec.android.app.shealth,1498359,86400000,b76b609d-6cfa-4b4a-8f59-8b5291f0382f,2025-10-18 00:00:00.000,
0,63051050,0,0,1145,300,727947,90,0,63060070,2025-11-14 12:40:16.830,10,2025-10-19 03:00:01.566,0.0,30,30,-1,180000,13,4,0,8,850.1299,0,43.11,96d79e10-1afc-4db4-968e-f824d9c083ee.extra_data.json,R5wtjjS0Fd,400,com.sec.android.app.shealth,727547,86400000,96d79e10-1afc-4db4-968e-f824d9c083ee,2025-10-19 00:00:00.000,
0,63051050,0,0,4489,300,2715971,90,0,63060070,2025-11-14 12:40:16.669,10,2025-10-20 03:00:00.751,0.0,30,30,-1,300000,50,8,0,8,3336.189,0,174.01,3950f6a3-4d46-4cb9-8d26-19c3076cb3cf.extra_data.json,R5wtjjS0Fd,0,com.sec.android.app.shealth,2715971,86400000,3950f6a3-4d46-4cb9-8d26-19c3076cb3cf,2025-10-20 00:00:00.000,
0,63051050,0,1719000,7805,300,4722161,90,0,63060070,2025-11-17 21:05:48.028,10,2025-10-21 03:00:00.672,0.0,30,30,-1,960000,86,8,0,8,5951.157,0,312.05096,3d79f5bd-4258-4b84-900f-6319ef6c0ffa.extra_data.json,R5wtjjS0Fd,0,com.sec.android.app.shealth,4722161,86400000,3d79f5bd-4258-4b84-900f-6319ef6c0ffa,2025-10-21 00:00:00.000,
0,63051050,0,0,2670,300,1688514,90,0,63060070,2025-11-17 21:05:47.587,10,2025-10-22 04:57:13.118,0.0,30,30,-1,240000,31,5,0,8,1978.4003,0,105.880005,3a745903-43fc-4f51-8891-3dc4f35d4271.extra_data.json,R5wtjjS0Fd,0,com.sec.android.app.shealth,1688514,86400000,3a745903-43fc-4f51-8891-3dc4f35d4271,2025-10-22 00:00:00.000,
0,63051050,0,0,5182,300,3231742,90,0,63060070,2025-11-17 21:05:47.348,10,2025-10-23 03:00:00.693,0.0,30,30,-1,240000,58,8,0,8,3852.2998,0,196.56003,d18b1266-cc96-4d33-b7cc-ae1231c97e97.extra_data.json,R5wtjjS0Fd,0,com.sec.android.app.shealth,3231742,86400000,d18b1266-cc96-4d33-b7cc-ae1231c97e97,2025-10-23 00:00:00.000,
0,63051050,0,0,2375,300,1581427,90,0,63060070,2025-11-17 21:05:47.137,10,2025-10-24 03:00:00.761,0.0,30,30,-1,60000,28,9,0,8,1734.5098,0,92.03001,d43db5a1-fa13-4370-b09d-3fd588a42d09.extra_data.json,R5wtjjS0Fd,0,com.sec.android.app.shealth,1581427,86400000,d43db5a1-fa13-4370-b09d-3fd588a42d09,2025-10-24 00:00:00.000,
0,63051050,0,0,2752,300,1800720,90,0,63060070,2025-11-17 21:05:46.936,10,2025-10-25 03:00:00.677,0.0,30,30,-1,240000,33,6,0,8,2028.8602,0,106.899994,74c890f2-3a3f-47ca-9e22-3e382810f1ae.extra_data.json,R5wtjjS0Fd,0,com.sec.android.app.shealth,1800720,86400000,74c890f2-3a3f-47ca-9e22-3e382810f1ae,2025-10-25 00:00:00.000,
0,63051050,0,0,4475,300,2976281,90,0,63060070,2025-11-17 21:05:46.753,10,2025-10-26 03:00:00.688,0.0,30,30,-1,50025,54,9,0,8,3330.9404,0,164.31,591f674e-1960-41bf-a323-ab35c59c6c4b.extra_data.json,R5wtjjS0Fd,12800,com.sec.android.app.shealth,2963481,86400000,591f674e-1960-41bf-a323-ab35c59c6c4b,2025-10-26 00:00:00.000,
0,63051050,0,13691000,6550,300,17149083,90,13691969,63060070,2025-11-23 11:47:17.551,10,2025-10-27 04:00:52.309,0.0,30,30,-1,13690942,316,16,0,8,3887.4497,5320000,1202.15,5034ebc5-d50d-4bce-843f-7602d3654225.extra_data.json,R5wtjjS0Fd,1200,com.sec.android.app.shealth,3455914,86400000,5034ebc5-d50d-4bce-843f-7602d3654225,2025-10-27 00:00:00.000,
0,63051050,0,2872000,13555,300,8623880,90,0,63060070,2025-11-23 11:47:14.199,10,2025-10-28 03:00:01.564,0.0,30,30,-1,1608587,157,11,0,8,9801.965,2460000,534.6045,91cb1f8f-e241-437e-b813-2a058bb05509.extra_data.json,R5wtjjS0Fd,52000,com.sec.android.app.shealth,8571880,86400000,91cb1f8f-e241-437e-b813-2a058bb05509,2025-10-28 00:00:00.000,
0,63051050,0,1890000,12381,300,7875790,90,0,63060070,2025-11-23 11:47:13.460,10,2025-10-29 03:58:52.052,0.0,30,30,-1,1226193,145,16,0,8,9026.476,1980000,472.35498,60782e15-d78b-423f-b89e-76b32717e249.extra_data.json,R5wtjjS0Fd,4800,com.sec.android.app.shealth,7870990,86400000,60782e15-d78b-423f-b89e-76b32717e249,2025-10-29 00:00:00.000,
0,63051050,0,0,8126,300,5135941,90,0,63060070,2025-11-23 11:47:12.617,10,2025-10-30 03:00:01.971,0.0,30,30,-1,480000,93,16,0,8,5943.633,0,276.33994,1b20571b-2525-4e79-aae7-b1d51f4f7822.extra_data.json,R5wtjjS0Fd,55486,com.sec.android.app.shealth,5080455,86400000,1b20571b-2525-4e79-aae7-b1d51f4f7822,2025-10-30 00:00:00.000,
0,63051050,0,2787000,12386,300,7956425,90,0,63060070,2025-11-23 11:47:12.297,10,2025-10-31 04:49:21.844,0.0,30,30,-1,1350758,146,19,0,8,8798.373,2220000,494.7488,de565ab2-4683-48f4-a8a9-7768638a7073.extra_data.json,R5wtjjS0Fd,15200,com.sec.android.app.shealth,7941225,86400000,de565ab2-4683-48f4-a8a9-7768638a7073,2025-10-31 00:00:00.000,
0,63051050,0,0,8850,300,5744279,90,0,63060070,2025-11-23 11:47:07.107,10,2025-11-01 03:00:00.596,0.0,30,30,-1,420000,105,15,0,8,6263.7734,0,297.17996,c7385cd6-f76f-4620-ae0a-4937d95bda68.extra_data.json,R5wtjjS0Fd,17200,com.sec.android.app.shealth,5727079,86400000,c7385cd6-f76f-4620-ae0a-4937d95bda68,2025-11-01 00:00:00.000,
0,63051050,0,0,3797,300,2528861,90,0,63060070,2025-11-23 11:47:06.713,10,2025-11-02 03:00:00.600,0.0,30,30,-1,51359,46,15,0,8,2671.1797,0,132.19003,1fd5648d-2d41-4d56-b6c7-c625e16ae9c5.extra_data.json,R5wtjjS0Fd,5600,com.sec.android.app.shealth,2523261,86400000,1fd5648d-2d41-4d56-b6c7-c625e16ae9c5,2025-11-02 00:00:00.000,
0,63051050,0,1951000,8651,300,5953019,90,0,63060070,2025-11-30 13:41:28.182,10,2025-11-03 04:45:41.934,0.0,30,30,-1,674380,110,16,0,8,6072.8765,1860000,363.89264,10596b66-e775-4aa6-adeb-67f721bc881a.extra_data.json,R5wtjjS0Fd,10400,com.sec.android.app.shealth,5942619,86400000,10596b66-e775-4aa6-adeb-67f721bc881a,2025-11-03 00:00:00.000,
0,63051050,0,0,10887,300,7166985,90,0,63060070,2025-11-30 13:41:27.680,10,2025-11-04 03:49:51.225,0.0,30,30,-1,300000,131,15,0,8,7800.452,0,357.97006,12c52da9-518b-4e53-af86-5eacfd1d4749.extra_data.json,R5wtjjS0Fd,27200,com.sec.android.app.shealth,7139785,86400000,12c52da9-518b-4e53-af86-5eacfd1d4749,2025-11-04 00:00:00.000,
0,63051050,0,680000,8761,300,5978969,90,19032,63060070,2025-11-30 13:41:27.383,10,2025-11-05 03:00:01.175,0.0,30,30,-1,661516,110,14,0,8,6443.4575,180000,328.32355,52cf7419-e187-42c6-b815-b773429005bc.extra_data.json,R5wtjjS0Fd,7600,com.sec.android.app.shealth,5952337,86400000,52cf7419-e187-42c6-b815-b773429005bc,2025-11-05 00:00:00.000,
0,63051050,0,18356000,15475,300,22511071,90,13931759,63060070,2025-11-30 13:41:26.892,10,2025-11-06 03:00:00.487,0.0,30,30,-1,13930369,415,14,0,8,10012.392,8602000,1593.409,d797308c-af23-4664-84d8-5cc2085a7c08.extra_data.json,R5wtjjS0Fd,388563,com.sec.android.app.shealth,8190749,86400000,d797308c-af23-4664-84d8-5cc2085a7c08,2025-11-06 00:00:00.000,
0,63051050,0,38541000,8416,300,42200194,90,37835096,63060070,2025-11-30 13:41:24.990,10,2025-11-07 03:25:50.680,0.0,30,30,-1,34582515,780,21,0,8,4320.227,15105000,2846.6511,18843c29-b7bf-44db-a249-fbd4386221e3.extra_data.json,R5wtjjS0Fd,108086,com.sec.android.app.shealth,4257012,86400000,18843c29-b7bf-44db-a249-fbd4386221e3,2025-11-07 00:00:00.000,
0,63051050,0,0,11627,300,7714940,90,0,63060070,2025-11-30 13:41:22.536,10,2025-11-08 03:59:33.169,0.0,30,30,-1,60000,141,17,0,8,7687.5938,0,374.29996,c6881548-65e1-48e2-8f63-54698323027f.extra_data.json,R5wtjjS0Fd,51200,com.sec.android.app.shealth,7663740,86400000,c6881548-65e1-48e2-8f63-54698323027f,2025-11-08 00:00:00.000,
0,63051050,0,0,9699,300,6406221,90,0,63060070,2025-11-30 13:41:22.189,10,2025-11-09 03:12:57.537,0.0,30,30,-1,60000,117,15,0,8,6495.3994,0,322.72983,3b5c3e90-fa95-449c-a56e-954ca71b0beb.extra_data.json,R5wtjjS0Fd,94400,com.sec.android.app.shealth,6311821,86400000,3b5c3e90-fa95-449c-a56e-954ca71b0beb,2025-11-09 00:00:00.000,
0,63051050,0,2400000,9318,300,5899792,90,0,63060070,2025-11-30 13:41:21.502,10,2025-11-10 04:17:28.316,0.0,30,30,-1,1474105,108,15,0,8,5981.605,649000,367.7424,089bd05f-cae0-4d50-bdad-c99d9985d675.extra_data.json,R5wtjjS0Fd,10400,com.sec.android.app.shealth,5889392,86400000,089bd05f-cae0-4d50-bdad-c99d9985d675,2025-11-10 00:00:00.000,
0,63051050,0,0,11218,300,7230780,90,0,63060070,2025-11-30 13:41:19.817,10,2025-11-11 03:20:15.393,0.0,30,30,-1,180000,132,15,0,8,7796.532,0,370.53006,4eddf589-6b76-4111-8df5-c32b6814b0de.extra_data.json,R5wtjjS0Fd,174400,com.sec.android.app.shealth,7056380,86400000,4eddf589-6b76-4111-8df5-c32b6814b0de,2025-11-11 00:00:00.000,
0,63051050,0,704000,8850,300,5965738,90,0,63060070,2025-12-09 12:45:17.961,10,2025-11-12 03:58:12.487,0.0,30,30,-1,704768,110,16,0,8,5875.9136,638000,300.5169,e037c0f6-9621-4504-98b8-46b02a5fadfc.extra_data.json,R5wtjjS0Fd,4800,com.sec.android.app.shealth,5960938,86400000,e037c0f6-9621-4504-98b8-46b02a5fadfc,2025-11-12 00:00:00.000,
0,63051050,0,0,6933,300,4623243,90,0,63060070,2025-12-11 00:01:32.881,10,2025-11-13 03:00:00.622,0.0,30,30,-1,60000,85,17,0,8,4680.3516,0,224.67001,6b6afa47-04f5-4941-aa22-2477f8928d5a.extra_data.json,R5wtjjS0Fd,1600,com.sec.android.app.shealth,4621643,86400000,6b6afa47-04f5-4941-aa22-2477f8928d5a,2025-11-13 00:00:00.000,
0,63051050,0,0,8232,300,5419023,90,0,63060070,2025-12-11 00:01:32.495,10,2025-11-14 03:49:13.822,0.0,30,30,-1,180000,100,15,0,8,5619.1006,0,263.46997,761df69e-c135-4901-b761-ee0c5f08b3ea.extra_data.json,R5wtjjS0Fd,17200,com.sec.android.app.shealth,5401823,86400000,761df69e-c135-4901-b761-ee0c5f08b3ea,2025-11-14 00:00:00.000,
0,63060070,0,0,7252,300,4803743,90,0,63060070,2025-12-11 00:01:32.123,10,2025-11-15 03:03:35.350,0.0,30,30,-1,180000,87,16,0,8,4909.5796,0,230.6701,6beec97e-ce3b-4feb-b417-98102dda7f38.extra_data.json,R5wtjjS0Fd,8800,com.sec.android.app.shealth,4794943,86400000,6beec97e-ce3b-4feb-b417-98102dda7f38,2025-11-15 00:00:00.000,
0,63060070,0,23000,9650,300,6410543,90,23282,63060070,2025-12-11 00:01:31.791,10,2025-11-16 03:00:00.635,0.0,30,30,-1,240000,116,15,0,8,6526.5107,0,318.4399,9eefac9b-4def-42d0-bcaf-f2c1710d23af.extra_data.json,R5wtjjS0Fd,35600,com.sec.android.app.shealth,6351661,86400000,9eefac9b-4def-42d0-bcaf-f2c1710d23af,2025-11-16 00:00:00.000,
0,63060070,0,1407000,5493,300,3892160,90,0,63060070,2025-12-11 00:01:31.449,10,2025-11-17 03:00:01.314,0.0,30,30,-1,713710,71,13,0,8,3787.2346,1078000,236.51944,9061deaa-3d9e-4ab2-8e59-23ce705f186e.extra_data.json,R5wtjjS0Fd,231023,com.sec.android.app.shealth,3661137,86400000,9061deaa-3d9e-4ab2-8e59-23ce705f186e,2025-11-17 00:00:00.000,
0,63060070,0,2704000,7978,300,5092279,90,0,63070030,2025-12-15 18:57:28.069,10,2025-11-18 03:05:32.161,0.0,30,30,-1,870773,93,11,0,8,5646.7837,2204000,334.30032,a0c5e757-479b-47e8-be92-78111ec62f59.extra_data.json,R5wtjjS0Fd,648582,com.sec.android.app.shealth,4443697,86400000,a0c5e757-479b-47e8-be92-78111ec62f59,2025-11-18 00:00:00.000,
0,63060070,0,2195000,12398,300,7815979,90,13498,63070030,2025-12-15 18:57:27.537,10,2025-11-19 03:00:00.547,0.0,30,30,-1,1139809,143,18,0,8,8002.5566,2032000,58675.895,fa115fec-e044-44f2-a589-135a65d39362.extra_data.json,R5wtjjS0Fd,3600,com.sec.android.app.shealth,7798881,86400000,fa115fec-e044-44f2-a589-135a65d39362,2025-11-19 00:00:00.000,
0,63060070,0,1037000,10361,300,6899461,90,0,63070030,2025-12-15 18:57:26.887,10,2025-11-20 04:20:44.226,0.0,30,30,-1,1037561,126,14,0,8,6550.966,318000,346.731,ddea024b-7888-428e-be6f-4e67d78c5d71.extra_data.json,R5wtjjS0Fd,3600,com.sec.android.app.shealth,6895861,86400000,ddea024b-7888-428e-be6f-4e67d78c5d71,2025-11-20 00:00:00.000,
0,63060070,0,756000,10095,300,6703915,90,0,63070030,2025-12-15 18:57:26.482,10,2025-11-21 03:01:21.038,0.0,30,30,-1,756075,123,17,0,8,6345.763,684000,350.11667,abc741ba-b3d9-4e7d-a272-b63f4afa7d0e.extra_data.json,R5wtjjS0Fd,262800,com.sec.android.app.shealth,6441115,86400000,abc741ba-b3d9-4e7d-a272-b63f4afa7d0e,2025-11-21 00:00:00.000,
0,63060070,0,1271000,9843,300,7569254,90,1271113,63070030,2025-12-15 18:57:25.999,10,2025-11-22 03:00:00.749,0.0,30,30,-1,1269874,138,14,0,8,6501.641,20000,324.15317,43d6a2d9-b902-430c-8ca0-111aab6c688f.extra_data.json,R5wtjjS0Fd,13600,com.sec.android.app.shealth,6284541,86400000,43d6a2d9-b902-430c-8ca0-111aab6c688f,2025-11-22 00:00:00.000,
0,63060070,0,0,6938,300,4571193,90,0,63070030,2025-12-15 18:57:25.692,10,2025-11-23 03:00:01.150,0.0,30,30,-1,120000,83,15,0,8,4355.7915,0,218.6,bf1c7503-da72-4457-ac59-f43a19156c76.extra_data.json,R5wtjjS0Fd,16400,com.sec.android.app.shealth,4554793,86400000,bf1c7503-da72-4457-ac59-f43a19156c76,2025-11-23 00:00:00.000,
0,63060070,0,5511000,14305,300,9165137,90,0,63070030,2025-12-15 18:57:25.419,10,2025-11-24 03:51:31.405,0.0,30,30,-1,3218624,168,17,0,8,8771.981,5166000,561.89105,40c91036-b6b5-4e9e-9f6c-4bbb9ae5321b.extra_data.json,R5wtjjS0Fd,6800,com.sec.android.app.shealth,9158337,86400000,40c91036-b6b5-4e9e-9f6c-4bbb9ae5321b,2025-11-24 00:00:00.000,
0,63060070,0,0,6275,300,4015827,90,0,63070030,2025-12-15 18:57:24.541,10,2025-11-25 03:00:00.865,0.0,30,30,-1,360000,73,13,0,8,4416.5493,0,198.01996,ca55e5d3-f89b-4022-b5f6-64fec3e21a7d.extra_data.json,R5wtjjS0Fd,20400,com.sec.android.app.shealth,3995427,86400000,ca55e5d3-f89b-4022-b5f6-64fec3e21a7d,2025-11-25 00:00:00.000,
0,63060070,0,0,10098,300,6712484,90,0,63070030,2025-12-15 18:57:24.322,10,2025-11-26 04:33:05.241,0.0,30,30,-1,60000,123,18,0,8,6802.759,0,321.78995,2ea087a7-4cb5-4a6c-b630-acd41dcd9ff7.extra_data.json,R5wtjjS0Fd,21200,com.sec.android.app.shealth,6691284,86400000,2ea087a7-4cb5-4a6c-b630-acd41dcd9ff7,2025-11-26 00:00:00.000,
0,63060070,0,0,8087,300,5270158,90,0,63070030,2025-12-24 22:26:22.470,10,2025-11-27 03:00:01.091,0.0,30,30,-1,360000,96,14,0,8,5423.531,0,260.4001,c934faa9-aac8-44de-902a-f9e27de027e6.extra_data.json,R5wtjjS0Fd,25200,com.sec.android.app.shealth,5244958,86400000,c934faa9-aac8-44de-902a-f9e27de027e6,2025-11-27 00:00:00.000,
0,63060070,0,0,13110,300,8554420,90,0,63070030,2025-12-24 22:26:22.091,10,2025-11-28 03:00:01.634,0.0,30,30,-1,360000,157,14,0,8,8980.569,0,419.04,519f63de-4ff4-4c82-bc77-06548736fbc4.extra_data.json,R5wtjjS0Fd,24000,com.sec.android.app.shealth,8530420,86400000,519f63de-4ff4-4c82-bc77-06548736fbc4,2025-11-28 00:00:00.000,
0,63060070,0,0,10918,300,7247142,90,0,63070030,2025-12-24 22:26:17.716,10,2025-11-29 03:00:00.806,0.0,30,30,-1,60000,133,17,0,8,7327.0825,0,353.74985,52000bc9-add4-4e76-924e-3cb2e7005919.extra_data.json,R5wtjjS0Fd,46506,com.sec.android.app.shealth,7200636,86400000,52000bc9-add4-4e76-924e-3cb2e7005919,2025-11-29 00:00:00.000,
0,63060070,0,0,4274,300,2825615,90,0,63070030,2025-12-24 22:26:17.387,10,2025-11-30 03:00:01.402,0.0,30,30,-1,60000,51,14,0,8,2873.0205,0,138.36002,fb3465cd-55bf-495c-9c93-e5e3b1ea7548.extra_data.json,R5wtjjS0Fd,7600,com.sec.android.app.shealth,2818015,86400000,fb3465cd-55bf-495c-9c93-e5e3b1ea7548,2025-11-30 00:00:00.000,
0,63060070,0,1958000,6769,300,4756359,90,0,63070030,2025-12-24 22:26:17.161,10,2025-12-01 04:29:39.451,0.0,30,30,-1,1253396,87,17,0,8,3866.576,1622000,268.00357,17aae0f8-cff0-4166-ae90-5114b1180425.extra_data.json,R5wtjjS0Fd,7200,com.sec.android.app.shealth,4749159,86400000,17aae0f8-cff0-4166-ae90-5114b1180425,2025-12-01 00:00:00.000,
0,63060070,0,0,8482,300,5619869,90,0,63070030,2025-12-24 22:26:16.425,10,2025-12-02 03:43:31.010,0.0,30,30,-1,360000,103,16,0,8,5626.7896,0,269.28992,744fd4f6-004f-4085-8518-ebd41a03a967.extra_data.json,R5wtjjS0Fd,6000,com.sec.android.app.shealth,5613869,86400000,744fd4f6-004f-4085-8518-ebd41a03a967,2025-12-02 00:00:00.000,
0,63060070,0,18476000,8798,300,22111793,90,18476915,63070030,2025-12-24 22:26:12.118,10,2025-12-03 03:14:34.919,0.0,30,30,-1,18476422,408,17,0,8,3864.5908,10110000,1646.71,4f3d2494-925d-4971-a4bf-358153e18584.extra_data.json,R5wtjjS0Fd,4000,com.sec.android.app.shealth,3630878,86400000,4f3d2494-925d-4971-a4bf-358153e18584,2025-12-03 00:00:00.000,
0,63060070,0,4380000,11604,300,8160397,90,0,63070030,2025-12-24 22:26:10.924,10,2025-12-04 03:00:00.787,0.0,30,30,-1,1350373,150,15,0,8,7934.0684,2924000,488.58832,78410ea5-c495-447b-9c52-4c5464a0776b.extra_data.json,R5wtjjS0Fd,62000,com.sec.android.app.shealth,8098397,86400000,78410ea5-c495-447b-9c52-4c5464a0776b,2025-12-04 00:00:00.000,
0,63060070,0,0,7832,300,5135391,90,0,63070030,2025-12-24 22:26:06.001,10,2025-12-05 03:00:00.720,0.0,30,30,-1,420000,94,14,0,8,5252.7314,0,251.48001,05282afb-f755-40df-bd79-d2ec764bf798.extra_data.json,R5wtjjS0Fd,31200,com.sec.android.app.shealth,5104191,86400000,05282afb-f755-40df-bd79-d2ec764bf798,2025-12-05 00:00:00.000,
0,63060070,0,900000,7948,300,5335857,90,0,63070030,2025-12-24 22:26:05.585,10,2025-12-06 03:00:01.058,0.0,30,30,-1,912478,97,15,0,8,5354.899,362000,279.99152,3949be58-7b01-4822-8b7c-ca919f5e0aad.extra_data.json,R5wtjjS0Fd,23883,com.sec.android.app.shealth,5311974,86400000,3949be58-7b01-4822-8b7c-ca919f5e0aad,2025-12-06 00:00:00.000,
0,63060070,0,0,8071,300,5364400,90,0,63070030,2025-12-24 22:26:05.108,10,2025-12-07 03:48:24.727,0.0,30,30,-1,60000,97,16,0,8,5404.8403,0,260.08,23d93822-41e4-4cf8-ab0e-c20810caed81.extra_data.json,R5wtjjS0Fd,28400,com.sec.android.app.shealth,5336000,86400000,23d93822-41e4-4cf8-ab0e-c20810caed81,2025-12-07 00:00:00.000,
0,63060070,0,966000,5820,300,4236992,90,0,63070030,2025-12-24 22:26:00.688,10,2025-12-08 03:00:00.738,0.0,30,30,-1,966433,77,15,0,8,3894.4365,450000,221.3617,c72c25fc-541c-496d-b81e-97646bfbc3b0.extra_data.json,R5wtjjS0Fd,4000,com.sec.android.app.shealth,4232992,86400000,c72c25fc-541c-496d-b81e-97646bfbc3b0,2025-12-08 00:00:00.000,
0,63060070,0,976000,8495,300,5533690,90,0,63070030,2025-12-24 22:26:00.135,10,2025-12-09 03:00:00.670,0.0,30,30,-1,644596,102,14,0,8,5926.499,593000,328.76105,6f6853a1-b3b1-4f46-b187-6aeb914a52ea.extra_data.json,R5wtjjS0Fd,553674,com.sec.android.app.shealth,4980016,86400000,6f6853a1-b3b1-4f46-b187-6aeb914a52ea,2025-12-09 00:00:00.000,
0,63060070,0,1800000,10472,300,7535214,90,0,63070030,2025-12-24 22:25:59.502,10,2025-12-10 03:00:00.795,0.0,30,30,-1,1050372,138,17,0,8,7107.159,644000,395.49084,b8cc9b8e-8a15-4f64-80a8-02b4ed5af9de.extra_data.json,R5wtjjS0Fd,30000,com.sec.android.app.shealth,7505214,86400000,b8cc9b8e-8a15-4f64-80a8-02b4ed5af9de,2025-12-10 00:00:00.000,
0,63060070,0,1632000,10799,300,7633734,90,0,63070030,2025-12-24 22:25:55.187,10,2025-12-11 03:51:42.020,0.0,30,30,-1,989115,141,15,0,8,7279.5923,528000,392.81827,a93876f7-3304-4734-a8b5-4f75b324882f.extra_data.json,R5wtjjS0Fd,12000,com.sec.android.app.shealth,7621734,86400000,a93876f7-3304-4734-a8b5-4f75b324882f,2025-12-11 00:00:00.000,
0,63060070,0,5824000,15993,300,11040458,90,0,63070030,2025-12-24 22:25:54.522,10,2025-12-12 03:00:00.585,0.0,30,30,-1,2003192,203,15,0,8,10444.839,2878000,641.86816,20172942-3631-4945-9b21-76566aa85b2d.extra_data.json,R5wtjjS0Fd,14800,com.sec.android.app.shealth,11025658,86400000,20172942-3631-4945-9b21-76566aa85b2d,2025-12-12 00:00:00.000,
0,63060070,0,788000,10897,300,7430796,90,0,63070030,2025-12-24 22:25:53.374,10,2025-12-13 04:48:13.549,0.0,30,30,-1,788948,136,18,0,8,7012.714,652000,362.4752,1b4d922d-ce36-41db-bb7f-0913a2249f88.extra_data.json,R5wtjjS0Fd,5600,com.sec.android.app.shealth,7425196,86400000,1b4d922d-ce36-41db-bb7f-0913a2249f88,2025-12-13 00:00:00.000,
0,63060070,0,0,5800,300,3852847,90,0,63070030,2025-12-24 22:25:52.646,10,2025-12-14 03:00:01.742,0.0,30,30,-1,49358,70,14,0,8,3736.3694,0,186.27998,58c8694c-f133-4e77-a574-209a56816090.extra_data.json,R5wtjjS0Fd,23600,com.sec.android.app.shealth,3829247,86400000,58c8694c-f133-4e77-a574-209a56816090,2025-12-14 00:00:00.000,
0,63060070,0,1104000,6343,300,4544796,90,0,63070030,2026-01-11 17:30:09.143,10,2025-12-15 03:00:01.215,0.0,30,30,-1,1104787,83,14,0,8,4047.6106,840000,237.78856,e0fe1627-9059-4154-a289-92e93dfe8783.extra_data.json,R5wtjjS0Fd,13600,com.sec.android.app.shealth,4531196,86400000,e0fe1627-9059-4154-a289-92e93dfe8783,2025-12-15 00:00:00.000,
0,63070030,0,34744000,7102,300,34960692,90,34744584,63070030,2026-01-11 17:30:08.815,10,2025-12-16 03:25:39.217,0.0,30,30,-1,34743344,646,14,0,8,206.02997,20280000,2382.37,463d0a03-9431-499c-a2ab-76c4f8c5b08e.extra_data.json,R5wtjjS0Fd,0,com.sec.android.app.shealth,216108,86400000,463d0a03-9431-499c-a2ab-76c4f8c5b08e,2025-12-16 00:00:00.000,
0,63070030,0,0,7919,300,5148599,90,0,63070030,2026-01-11 17:30:03.209,10,2025-12-17 03:39:59.319,0.0,30,30,-1,240000,94,15,0,8,5198.5195,0,255.41013,4d0e3f57-b484-4d05-8be7-6888a803e56c.extra_data.json,R5wtjjS0Fd,94398,com.sec.android.app.shealth,5054201,86400000,4d0e3f57-b484-4d05-8be7-6888a803e56c,2025-12-17 00:00:00.000,
0,63070030,0,0,7234,300,4722185,90,0,63070030,2026-01-11 17:30:02.978,10,2025-12-18 04:32:25.138,0.0,30,30,-1,300000,86,15,0,8,4630.3486,0,225.46004,27be1c2f-ed89-4426-82df-cfa7ebcb940a.extra_data.json,R5wtjjS0Fd,16800,com.sec.android.app.shealth,4705385,86400000,27be1c2f-ed89-4426-82df-cfa7ebcb940a,2025-12-18 00:00:00.000,
0,63070030,0,4201000,7554,300,8564083,90,3541505,63070030,2026-01-11 17:30:02.656,10,2025-12-19 03:18:54.168,0.0,30,30,-1,3541243,157,16,0,8,4730.182,509000,385.09534,e3941b84-1b8d-4545-9e2b-576fb2bd22cd.extra_data.json,R5wtjjS0Fd,26000,com.sec.android.app.shealth,4996578,86400000,e3941b84-1b8d-4545-9e2b-576fb2bd22cd,2025-12-19 00:00:00.000,
0,63070030,0,632000,10507,300,7055333,90,0,63070030,2026-01-16 20:30:56.711,10,2025-12-20 03:00:00.751,0.0,30,30,-1,632286,130,16,0,8,6804.464,542000,353.46063,7f5d0b75-18a3-4ced-b000-2e0e31fccd67.extra_data.json,R5wtjjS0Fd,66400,com.sec.android.app.shealth,6988933,86400000,7f5d0b75-18a3-4ced-b000-2e0e31fccd67,2025-12-20 00:00:00.000,
0,63070030,0,0,6670,300,4445256,90,0,63070030,2026-01-17 20:23:12.281,10,2025-12-21 03:18:01.868,0.0,30,30,-1,120000,82,14,0,8,4256.679,0,207.5501,70d9a718-aa39-4630-9ef8-5d370521b973.extra_data.json,R5wtjjS0Fd,4400,com.sec.android.app.shealth,4440856,86400000,70d9a718-aa39-4630-9ef8-5d370521b973,2025-12-21 00:00:00.000,
0,63070030,0,900000,9060,300,6184768,90,0,63070030,2026-01-17 20:23:12.045,10,2025-12-22 03:00:00.764,0.0,30,30,-1,919726,113,14,0,8,5843.708,612000,309.8058,390d2d82-3a0e-4d6a-a41f-e5481cdd5af6.extra_data.json,R5wtjjS0Fd,29200,com.sec.android.app.shealth,6155568,86400000,390d2d82-3a0e-4d6a-a41f-e5481cdd5af6,2025-12-22 00:00:00.000,
0,63070030,0,0,9420,300,6116732,90,0,63070030,2026-01-17 20:23:11.610,10,2025-12-23 03:00:00.582,0.0,30,30,-1,360000,112,17,0,8,6161.2783,0,293.67996,294884e6-0749-40fb-9a97-392410f053be.extra_data.json,R5wtjjS0Fd,16800,com.sec.android.app.shealth,6099932,86400000,294884e6-0749-40fb-9a97-392410f053be,2025-12-23 00:00:00.000,
0,63070030,0,0,8459,300,5629871,90,0,63070030,2026-01-17 20:23:11.329,10,2025-12-24 03:00:00.895,0.0,30,30,-1,60000,103,15,0,8,5439.861,0,265.57,0f37ff39-cf49-4a67-a58b-81e753abed1d.extra_data.json,R5wtjjS0Fd,18400,com.sec.android.app.shealth,5611471,86400000,0f37ff39-cf49-4a67-a58b-81e753abed1d,2025-12-24 00:00:00.000,
0,63070030,0,0,7002,300,4658052,90,0,63070030,2026-01-21 10:26:00.164,10,2025-12-25 03:41:03.456,0.0,30,30,-1,60000,85,10,0,8,4536.85,0,224.70998,fac034f5-5950-4bc2-818b-3a3f8ac2a32a.extra_data.json,R5wtjjS0Fd,18400,com.sec.android.app.shealth,4639652,86400000,fac034f5-5950-4bc2-818b-3a3f8ac2a32a,2025-12-25 00:00:00.000,
0,63070030,0,3827000,12928,300,8760045,90,0,63070030,2026-01-21 10:25:59.858,10,2025-12-26 03:00:00.533,0.0,30,30,-1,1968727,161,16,0,8,8716.48,2905000,499.75742,871ec299-c3da-4d92-9c5c-8b345f9276f6.extra_data.json,R5wtjjS0Fd,10400,com.sec.android.app.shealth,8749645,86400000,871ec299-c3da-4d92-9c5c-8b345f9276f6,2025-12-26 00:00:00.000,
0,63070030,0,0,7905,300,5219653,90,0,63070030,2026-01-21 10:25:59.125,10,2025-12-27 04:02:35.855,0.0,30,30,-1,240000,95,16,0,8,5441.2725,0,253.7301,2df48a17-0900-42da-bdfa-fb9de59e0f0c.extra_data.json,R5wtjjS0Fd,12202,com.sec.android.app.shealth,5207451,86400000,2df48a17-0900-42da-bdfa-fb9de59e0f0c,2025-12-27 00:00:00.000,
0,63070030,0,0,8237,300,5471602,90,0,63070030,2026-01-21 10:25:58.826,10,2025-12-28 03:00:01.252,0.0,30,30,-1,120000,101,15,0,8,5579.1567,0,266.58,30c90848-b59d-40ef-8ecd-778a9c18051f.extra_data.json,R5wtjjS0Fd,11600,com.sec.android.app.shealth,5460002,86400000,30c90848-b59d-40ef-8ecd-778a9c18051f,2025-12-28 00:00:00.000,
0,63070030,0,0,7688,300,5056468,90,0,63070030,2026-01-21 10:25:58.476,10,2025-12-29 04:34:35.147,0.0,30,30,-1,240000,92,14,0,8,5314.8394,0,255.84,c1e609a2-2afb-43f3-8f44-31fc44ebb0d2.extra_data.json,R5wtjjS0Fd,24800,com.sec.android.app.shealth,5031668,86400000,c1e609a2-2afb-43f3-8f44-31fc44ebb0d2,2025-12-29 00:00:00.000,
0,63070030,0,0,6446,300,4297880,90,0,63070030,2026-01-26 23:49:39.939,10,2025-12-30 03:00:00.681,0.0,30,30,-1,50692,78,16,0,8,4323.599,0,209.71994,c48565ce-2cda-48ea-a41a-255dad7d102d.extra_data.json,R5wtjjS0Fd,2400,com.sec.android.app.shealth,4295480,86400000,c48565ce-2cda-48ea-a41a-255dad7d102d,2025-12-30 00:00:00.000,
0,63070030,0,0,4138,300,2757910,90,0,63070030,2026-01-26 23:49:39.819,10,2025-12-31 03:57:02.973,0.0,30,30,-1,51359,50,12,0,8,2773.2588,0,135.47,6c33347f-686a-4be8-ba3f-6cb97f67c1d7.extra_data.json,R5wtjjS0Fd,3200,com.sec.android.app.shealth,2754710,86400000,6c33347f-686a-4be8-ba3f-6cb97f67c1d7,2025-12-31 00:00:00.000,
0,63070030,0,0,6282,300,4186623,90,0,63070030,2026-01-26 23:49:39.721,10,2026-01-01 03:50:07.828,0.0,30,30,-1,60000,76,14,0,8,4226.9004,0,208.53992,ebc7e0ae-35d6-426b-9119-f8f762848ed0.extra_data.json,R5wtjjS0Fd,5200,com.sec.android.app.shealth,4181423,86400000,ebc7e0ae-35d6-426b-9119-f8f762848ed0,2026-01-01 00:00:00.000,
0,63070030,0,45133000,7499,300,45263759,90,45133027,63070030,2026-01-26 23:49:39.615,10,2026-01-02 03:00:01.633,0.0,30,30,-1,45123950,837,16,0,8,142.45001,29820000,3038.245,eaeb6985-8b9c-4fab-9fa2-41f7849cef7c.extra_data.json,R5wtjjS0Fd,0,com.sec.android.app.shealth,130732,86400000,eaeb6985-8b9c-4fab-9fa2-41f7849cef7c,2026-01-02 00:00:00.000,
0,63070030,0,41276000,4704,300,42583219,90,41276050,63070030,2026-01-26 23:49:38.175,10,2026-01-03 03:00:00.739,0.0,30,30,-1,41266973,786,18,0,8,1334.23,14220000,2519.632,742aad3e-cdfb-42b7-a097-c187bdac73c1.extra_data.json,R5wtjjS0Fd,2000,com.sec.android.app.shealth,1305169,86400000,742aad3e-cdfb-42b7-a097-c187bdac73c1,2026-01-03 00:00:00.000,
0,63070030,0,0,8744,300,5806707,90,0,63070030,2026-01-26 23:49:34.675,10,2026-01-04 03:49:26.077,0.0,30,30,-1,60000,106,18,0,8,5802.949,0,289.18008,545fca75-ce4a-4b63-9ea0-393693e29662.extra_data.json,R5wtjjS0Fd,3200,com.sec.android.app.shealth,5803507,86400000,545fca75-ce4a-4b63-9ea0-393693e29662,2026-01-04 00:00:00.000,
0,63070030,0,0,12601,300,8209422,90,0,63070030,2026-02-02 00:43:28.673,10,2026-01-05 03:13:10.952,0.0,30,30,-1,300000,151,17,0,8,8614.022,0,409.8799,5fe2193e-9aa4-4ba5-85ed-5a6a3f7265bc.extra_data.json,R5wtjjS0Fd,15200,com.sec.android.app.shealth,8194222,86400000,5fe2193e-9aa4-4ba5-85ed-5a6a3f7265bc,2026-01-05 00:00:00.000,
0,63070030,0,0,7508,300,5005700,90,0,63070030,2026-02-02 00:43:28.327,10,2026-01-06 03:00:00.781,0.0,30,30,-1,60000,92,16,0,8,5088.511,0,249.21,6a6bc361-1725-400f-9eb7-512e8fc8a196.extra_data.json,R5wtjjS0Fd,3200,com.sec.android.app.shealth,5002500,86400000,6a6bc361-1725-400f-9eb7-512e8fc8a196,2026-01-06 00:00:00.000,
0,63070030,0,0,11678,300,7696877,90,0,63070030,2026-02-02 00:43:27.741,10,2026-01-07 03:40:45.414,0.0,30,30,-1,300000,142,18,0,8,8055.65,0,382.3699,75867b28-e57b-400b-98ea-d525c28bc8f4.extra_data.json,R5wtjjS0Fd,6000,com.sec.android.app.shealth,7690877,86400000,75867b28-e57b-400b-98ea-d525c28bc8f4,2026-01-07 00:00:00.000,
0,63070030,0,0,9285,300,6182653,90,0,63070030,2026-02-02 00:43:27.157,10,2026-01-08 03:00:00.729,0.0,30,30,-1,60000,113,14,0,8,6341.7295,0,308.75992,9c03f1c4-4523-41d8-a1ec-4c2037345b9a.extra_data.json,R5wtjjS0Fd,13600,com.sec.android.app.shealth,6169053,86400000,9c03f1c4-4523-41d8-a1ec-4c2037345b9a,2026-01-08 00:00:00.000,
0,63070030,0,0,11269,300,7419947,90,0,63070030,2026-02-02 00:43:26.712,10,2026-01-09 03:00:01.813,0.0,30,30,-1,300000,136,18,0,8,7631.66,0,368.6301,f4a15942-10e9-4a3e-bcf3-bc89840aea0d.extra_data.json,R5wtjjS0Fd,16000,com.sec.android.app.shealth,7403947,86400000,f4a15942-10e9-4a3e-bcf3-bc89840aea0d,2026-01-09 00:00:00.000,
0,63070030,0,0,7769,300,5174657,90,0,63070030,2026-02-02 00:43:26.344,10,2026-01-10 03:06:38.356,0.0,30,30,-1,60000,95,18,0,8,5204.921,0,258.95004,b3dd8f0f-295a-4d69-bb7c-7d1aa42a7622.extra_data.json,R5wtjjS0Fd,4800,com.sec.android.app.shealth,5169857,86400000,b3dd8f0f-295a-4d69-bb7c-7d1aa42a7622,2026-01-10 00:00:00.000,
0,63070030,0,1437000,8764,300,2539315,90,0,63070030,2026-02-02 00:43:26.101,10,2026-01-11 03:23:56.010,0.0,30,30,-1,66859,46,16,0,8,2107.586,970000,447.929,4d6e1f64-71b9-4a43-b894-96a359423431.extra_data.json,R5wtjjS0Fd,0,com.sec.android.app.shealth,2539315,86400000,4d6e1f64-71b9-4a43-b894-96a359423431,2026-01-11 00:00:00.000,
0,63070030,0,1158000,5263,300,3990364,90,0,63070030,2026-02-02 00:43:25.666,10,2026-01-12 03:00:00.504,0.0,30,30,-1,1079230,73,23,0,8,3567.5886,250000,215.64601,9895f2ae-bf23-4a9e-9324-b99240721b79.extra_data.json,R5wtjjS0Fd,16800,com.sec.android.app.shealth,3973564,86400000,9895f2ae-bf23-4a9e-9324-b99240721b79,2026-01-12 00:00:00.000,
0,63070030,0,801000,6681,300,4653957,90,0,63070030,2026-02-02 00:43:25.283,10,2026-01-13 03:17:44.063,0.0,30,30,-1,801488,85,14,0,8,4596.4023,770000,243.93492,2ce9ad8e-033d-41b3-86cb-8b7a68900bfd.extra_data.json,R5wtjjS0Fd,5200,com.sec.android.app.shealth,4648757,86400000,2ce9ad8e-033d-41b3-86cb-8b7a68900bfd,2026-01-13 00:00:00.000,
0,63070030,0,5700000,10721,300,9008284,90,0,63070030,2026-02-02 00:43:24.851,10,2026-01-14 03:55:49.015,0.0,30,30,-1,4050375,165,14,0,8,7324.8604,4475000,563.7675,b5088bef-9093-4042-b791-e6af92fd3280.extra_data.json,R5wtjjS0Fd,12319,com.sec.android.app.shealth,8995965,86400000,b5088bef-9093-4042-b791-e6af92fd3280,2026-01-14 00:00:00.000,
0,63070030,0,5212000,13594,300,9974967,90,0,63070030,2026-02-02 00:43:24.087,10,2026-01-15 04:45:40.757,0.0,30,30,-1,1283650,183,18,0,8,9223.773,3336000,593.13434,85e2a4ca-7fb6-44c6-824c-edce1ea8c2f8.extra_data.json,R5wtjjS0Fd,24000,com.sec.android.app.shealth,9950967,86400000,85e2a4ca-7fb6-44c6-824c-edce1ea8c2f8,2026-01-15 00:00:00.000,
0,63070030,0,5461000,14042,300,9442782,90,0,63070030,2026-02-02 00:43:23.194,10,2026-01-16 03:00:00.406,0.0,30,30,-1,982448,174,17,0,8,8060.795,3998000,1154.516,d04864c6-348f-4919-8eb1-51afb1c1384d.extra_data.json,R5wtjjS0Fd,5903,com.sec.android.app.shealth,9436879,86400000,d04864c6-348f-4919-8eb1-51afb1c1384d,2026-01-16 00:00:00.000,
0,63070030,0,0,10950,300,7229286,90,0,63070030,2026-02-02 00:43:22.416,10,2026-01-17 03:00:01.766,0.0,30,30,-1,360000,133,15,0,8,7240.979,0,354.39993,902783ae-db20-47fb-879f-693405dc7f3c.extra_data.json,R5wtjjS0Fd,21549,com.sec.android.app.shealth,7207737,86400000,902783ae-db20-47fb-879f-693405dc7f3c,2026-01-17 00:00:00.000,
0,63070030,0,0,10038,300,6671049,90,0,63070030,2026-02-02 00:43:22.114,10,2026-01-18 03:00:00.944,0.0,30,30,-1,60000,122,15,0,8,6682.0713,0,329.83994,3762a042-4ddd-4c27-8678-9ce691e31845.extra_data.json,R5wtjjS0Fd,36400,com.sec.android.app.shealth,6634649,86400000,3762a042-4ddd-4c27-8678-9ce691e31845,2026-01-18 00:00:00.000,
0,63070030,0,0,11351,300,7553172,90,0,63070030,2026-02-02 00:43:21.843,10,2026-01-19 03:00:01.261,0.0,30,30,-1,60000,138,16,0,8,7571.9487,0,364.90982,5915afe2-0e3e-4ab1-8f20-c2459c33e8b3.extra_data.json,R5wtjjS0Fd,18800,com.sec.android.app.shealth,7534372,86400000,5915afe2-0e3e-4ab1-8f20-c2459c33e8b3,2026-01-19 00:00:00.000,
0,63070030,0,2314000,11350,300,7999787,90,0,63070030,2026-02-02 00:43:21.426,10,2026-01-20 03:00:00.763,0.0,30,30,-1,1262651,147,17,0,8,7667.0615,1685000,440.377,ced3394a-0dd3-471e-8a18-abcc7200ee80.extra_data.json,R5wtjjS0Fd,3600,com.sec.android.app.shealth,7996187,86400000,ced3394a-0dd3-471e-8a18-abcc7200ee80,2026-01-20 00:00:00.000,
0,63070030,0,687000,9228,300,6292152,90,0,63070030,2026-02-02 00:43:20.771,10,2026-01-21 03:00:00.375,0.0,30,30,-1,687613,115,17,0,8,6119.646,362000,320.47644,b5d3df47-b38a-4e90-abbe-5db33cab9b7b.extra_data.json,R5wtjjS0Fd,6000,com.sec.android.app.shealth,6286152,86400000,b5d3df47-b38a-4e90-abbe-5db33cab9b7b,2026-01-21 00:00:00.000,
0,63070030,0,750000,6442,300,4475024,90,0,63070030,2026-02-02 00:43:20.292,10,2026-01-22 03:00:00.754,0.0,30,30,-1,750370,82,16,0,8,4362.429,600000,241.64401,e0f16111-2447-44e7-8a64-265b44a84b41.extra_data.json,R5wtjjS0Fd,10000,com.sec.android.app.shealth,4465024,86400000,e0f16111-2447-44e7-8a64-265b44a84b41,2026-01-22 00:00:00.000,
0,63070030,0,3882000,14125,300,9766663,90,0,63070030,2026-02-02 00:43:19.982,10,2026-01-23 03:34:38.351,0.0,30,30,-1,1230251,180,17,0,8,9406.666,3004000,568.83746,39f27178-e882-4521-8ad4-79a6f1585008.extra_data.json,R5wtjjS0Fd,12800,com.sec.android.app.shealth,9753863,86400000,39f27178-e882-4521-8ad4-79a6f1585008,2026-01-23 00:00:00.000,
0,63070030,0,900000,9002,300,6278560,90,0,63070030,2026-02-02 00:43:19.094,10,2026-01-24 03:00:01.692,0.0,30,30,-1,900370,115,16,0,8,5930.464,134000,331.31528,a6511fc2-b1a9-4955-8a9e-62ccad3d20e2.extra_data.json,R5wtjjS0Fd,2400,com.sec.android.app.shealth,6276160,86400000,a6511fc2-b1a9-4955-8a9e-62ccad3d20e2,2026-01-24 00:00:00.000,
0,63070030,0,4121000,16493,300,11183585,90,0,63070030,2026-02-02 00:43:18.629,10,2026-01-25 03:00:00.585,0.0,30,30,-1,1401852,205,17,0,8,10931.904,3271000,660.6997,c458db7a-77ad-46fc-a37d-a6ba7ddb050c.extra_data.json,R5wtjjS0Fd,47365,com.sec.android.app.shealth,11136220,86400000,c458db7a-77ad-46fc-a37d-a6ba7ddb050c,2026-01-25 00:00:00.000,
0,63070030,0,3942000,11919,300,8349134,90,0,63070030,2026-02-02 00:43:17.861,10,2026-01-26 03:00:00.884,0.0,30,30,-1,2036295,154,17,0,8,7611.2266,1916000,481.51077,d83e93cb-bd37-41de-b0c7-5d3f44da8088.extra_data.json,R5wtjjS0Fd,1200,com.sec.android.app.shealth,8347934,86400000,d83e93cb-bd37-41de-b0c7-5d3f44da8088,2026-01-26 00:00:00.000,
0,63070030,0,0,8795,300,5790141,90,0,63070030,2026-02-02 00:43:17.137,10,2026-01-27 03:34:52.203,0.0,30,30,-1,120000,105,16,0,8,5872.3213,0,293.48984,8cab58a9-3475-46b8-b238-4eb8c73242f7.extra_data.json,R5wtjjS0Fd,41069,com.sec.android.app.shealth,5749072,86400000,8cab58a9-3475-46b8-b238-4eb8c73242f7,2026-01-27 00:00:00.000,
0,63070030,0,2443000,11520,300,8458400,90,0,63070030,2026-02-02 00:43:16.863,10,2026-01-28 03:00:00.554,0.0,30,30,-1,1500373,155,16,0,8,7783.4395,1274000,477.41705,64fefec9-afef-4453-a726-bb5ec3a07d61.extra_data.json,R5wtjjS0Fd,12044,com.sec.android.app.shealth,8446356,86400000,64fefec9-afef-4453-a726-bb5ec3a07d61,2026-01-28 00:00:00.000,
0,63070030,0,1500000,6052,300,4203706,90,0,63070030,2026-02-02 00:43:16.080,10,2026-01-29 03:00:00.614,0.0,30,30,-1,1500369,76,13,0,8,4053.7288,1155000,239.3349,7f574012-1c9c-4562-acd8-7c6b5726681c.extra_data.json,R5wtjjS0Fd,4800,com.sec.android.app.shealth,4198906,86400000,7f574012-1c9c-4562-acd8-7c6b5726681c,2026-01-29 00:00:00.000,
0,63070030,0,0,5407,300,3597925,90,0,63070030,2026-02-02 00:43:15.528,10,2026-01-30 03:00:02.646,0.0,30,30,-1,53360,65,13,0,8,3540.6604,0,177.57002,e817ad09-c8cf-4e53-8651-a6fc39247c85.extra_data.json,R5wtjjS0Fd,12800,com.sec.android.app.shealth,3585125,86400000,e817ad09-c8cf-4e53-8651-a6fc39247c85,2026-01-30 00:00:00.000,
0,63070030,0,652000,9800,300,6550205,90,0,63070030,2026-02-02 11:11:32.890,10,2026-01-31 03:00:00.503,0.0,30,30,-1,652570,120,17,0,8,6479.468,584000,347.4476,63bf36e5-c79b-489b-8a90-50d5dc81f575.extra_data.json,R5wtjjS0Fd,94186,com.sec.android.app.shealth,6456019,86400000,63bf36e5-c79b-489b-8a90-50d5dc81f575,2026-01-31 00:00:00.000,
0,63070030,0,927000,8058,300,5570454,90,927204,63070030,2026-02-03 04:19:25.889,10,2026-02-01 03:00:01.415,0.0,30,30,-1,926531,102,14,0,8,5140.7417,926000,340.50302,c6a18449-ff65-4d0e-accc-391fb6b7b924.extra_data.json,R5wtjjS0Fd,5018,com.sec.android.app.shealth,4638232,86400000,c6a18449-ff65-4d0e-accc-391fb6b7b924,2026-02-01 00:00:00.000,
0,63070030,0,4241000,10782,300,8014326,90,0,63070030,2026-02-04 08:19:19.852,10,2026-02-02 03:58:31.104,0.0,30,30,-1,1673423,147,13,0,8,7332.0205,2822000,490.56604,749ebdd7-f400-4754-ab3c-18afcb51aabf.extra_data.json,R5wtjjS0Fd,6400,com.sec.android.app.shealth,8007926,86400000,749ebdd7-f400-4754-ab3c-18afcb51aabf,2026-02-02 00:00:00.000,
0,63070030,0,1579000,8360,300,5586636,90,0,63070030,2026-02-05 09:25:47.358,10,2026-02-03 03:18:12.923,0.0,30,30,-1,829573,102,15,0,8,5947.014,1250000,355.49866,95668a2c-5e30-495f-82f8-178588d6710c.extra_data.json,R5wtjjS0Fd,977020,com.sec.android.app.shealth,4609616,86400000,95668a2c-5e30-495f-82f8-178588d6710c,2026-02-03 00:00:00.000,
0,63070030,0,3003000,12254,300,8445110,90,0,63070030,2026-02-06 03:01:11.665,10,2026-02-04 04:40:04.188,0.0,30,30,-1,1693156,155,18,0,8,8596.367,1200000,502.3984,ea0b65a9-a428-420b-9f53-eec0bb434667.extra_data.json,R5wtjjS0Fd,0,com.sec.android.app.shealth,8445110,86400000,ea0b65a9-a428-420b-9f53-eec0bb434667,2026-02-04 00:00:00.000,
0,63070030,0,687000,8219,300,5533876,90,0,63070030,2026-02-06 03:01:11.309,10,2026-02-05 03:00:01.137,0.0,30,30,-1,687188,102,14,0,8,5510.417,554000,293.9804,926061c4-42c6-4620-b159-19f3bd072e80.extra_data.json,R5wtjjS0Fd,7200,com.sec.android.app.shealth,5526676,86400000,926061c4-42c6-4620-b159-19f3bd072e80,2026-02-05 00:00:00.000,
0,63070030,0,936000,3110,300,2212175,90,0,63070030,2026-02-06 13:28:25.803,10,2026-02-06 03:01:11.127,0.0,30,30,-1,936009,40,5,0,8,2158.237,476000,147.1138,27b5eccc-1499-44c2-a44d-ed98001b0cd0.extra_data.json,R5wtjjS0Fd,68265,com.sec.android.app.shealth,2143910,86400000,27b5eccc-1499-44c2-a44d-ed98001b0cd0,2026-02-06 00:00:00.000,
