com.samsung.shealth.stress,6307003,8
create_sh_ver,start_time,custom,binning_data,tag_id,modify_sh_ver,update_time,create_time,max,min,score,algorithm,time_offset,deviceuuid,comment,pkg_name,end_time,datauuid
63050351,2025-10-26 17:00:00.000,,5e08489d-11cf-425f-8097-66cc76643a6d.binning_data.json,10011,63050351,2025-10-26 18:01:10.867,2025-10-26 18:01:10.867,79.0,0.0,36.0,,UTC-0300,tWUO8ZL77Z,,com.sec.android.app.shealth,2025-10-26 17:59:59.999,5e08489d-11cf-425f-8097-66cc76643a6d,
63050351,2025-10-26 19:00:00.000,,649b18a4-d383-461b-9be7-c77572d0cd64.binning_data.json,10011,63050351,2025-10-26 20:17:42.030,2025-10-26 20:17:42.030,92.0,19.0,43.0,,UTC-0300,tWUO8ZL77Z,,com.sec.android.app.shealth,2025-10-26 19:59:59.999,649b18a4-d383-461b-9be7-c77572d0cd64,
63050351,2025-10-26 18:00:00.000,,8ede44a9-ec12-46f5-9e6b-785d3928d2f5.binning_data.json,10011,63050351,2025-10-26 19:12:56.493,2025-10-26 19:12:56.493,90.0,11.0,46.0,,UTC-0300,tWUO8ZL77Z,,com.sec.android.app.shealth,2025-10-26 18:59:59.999,8ede44a9-ec12-46f5-9e6b-785d3928d2f5,
63050351,2025-10-26 20:00:00.000,,c3fe787a-fd4b-4324-99aa-3c798eabdf41.binning_data.json,10011,63050351,2025-10-26 21:03:11.823,2025-10-26 21:03:11.823,87.0,8.0,35.0,,UTC-0300,tWUO8ZL77Z,,com.sec.android.app.shealth,2025-10-26 20:59:59.999,c3fe787a-fd4b-4324-99aa-3c798eabdf41,
63050351,2025-10-26 21:00:00.000,,81b21091-36ed-4203-ae61-a65b62baa243.binning_data.json,10011,63050351,2025-10-26 22:24:38.905,2025-10-26 22:24:38.905,95.0,3.0,44.0,,UTC-0300,tWUO8ZL77Z,,com.sec.android.app.shealth,2025-10-26 21:59:59.999,81b21091-36ed-4203-ae61-a65b62baa243,
63050351,2025-10-26 22:00:00.000,,43f57caa-c729-4b2e-af15-6f60f12cff7e.binning_data.json,10011,63050351,2025-10-27 12:57:25.426,2025-10-27 12:57:25.426,42.0,19.0,25.0,,UTC-0300,tWUO8ZL77Z,,com.sec.android.app.shealth,2025-10-26 22:59:59.999,43f57caa-c729-4b2e-af15-6f60f12cff7e,
63050351,2025-10-26 23:00:00.000,,dc0d2397-e6bf-470f-b695-2b33f28470fd.binning_data.json,10011,63050351,2025-10-27 13:07:31.874,2025-10-27 13:07:31.874,100.0,100.0,100.0,,UTC-0300,tWUO8ZL77Z,,com.sec.android.app.shealth,2025-10-26 23:59:59.999,dc0d2397-e6bf-470f-b695-2b33f28470fd,
63050351,2025-10-27 12:00:00.000,,a773ad84-05a7-4e85-a35b-3896a65d1ffe.binning_data.json,10011,63050351,2025-10-27 13:10:39.044,2025-10-27 13:10:39.044,10.0,1.0,5.0,,UTC-0300,tWUO8ZL77Z,,com.sec.android.app.shealth,2025-10-27 12:59:59.999,a773ad84-05a7-4e85-a35b-3896a65d1ffe,
63050351,2025-10-27 13:00:00.000,,a953e895-a6c6-401b-8eeb-c9f0ee2e2f78.binning_data.json,10011,63050351,2025-10-27 14:11:17.572,2025-10-27 14:11:17.572,9.0,0.0,1.0,,UTC-0300,tWUO8ZL77Z,,com.sec.android.app.shealth,2025-10-27 13:59:59.999,a953e895-a6c6-401b-8eeb-c9f0ee2e2f78,
63050351,2025-10-27 14:00:00.000,,4aaa585e-eeda-4b14-89ed-221f83b821e1.binning_data.json,10011,63050351,2025-10-27 15:17:08.826,2025-10-27 15:17:08.826,15.0,0.0,2.0,,UTC-0300,tWUO8ZL77Z,,com.sec.android.app.shealth,2025-10-27 14:59:59.999,4aaa585e-eeda-4b14-89ed-221f83b821e1,
63050351,2025-10-27 15:00:00.000,,af1fadcc-63f5-4758-b234-ec9b6661e509.binning_data.json,10011,63050351,2025-10-27 16:16:13.713,2025-10-27 16:16:13.713,1.0,0.0,0.0,,UTC-0300,tWUO8ZL77Z,,com.sec.android.app.shealth,2025-10-27 15:59:59.999,af1fadcc-63f5-4758-b234-ec9b6661e509,
63050351,2025-10-27 16:00:00.000,,e94fdef2-36d9-4541-937f-12253e392841.binning_data.json,10011,63050351,2025-10-27 17:04:49.625,2025-10-27 17:04:49.625,3.0,0.0,0.0,,UTC-0300,tWUO8ZL77Z,,com.sec.android.app.shealth,2025-10-27 16:59:59.999,e94fdef2-36d9-4541-937f-12253e392841,
63050351,2025-10-27 17:00:00.000,,ab6f637e-aeb9-474b-b53f-df684911be9f.binning_data.json,10011,63050351,2025-10-27 18:02:45.971,2025-10-27 18:02:45.971,0.0,0.0,0.0,,UTC-0300,tWUO8ZL77Z,,com.sec.android.app.shealth,2025-10-27 17:59:59.999,ab6f637e-aeb9-474b-b53f-df684911be9f,
63050351,2025-10-27 18:00:00.000,,76434be5-8033-4e8e-a86e-59ba772807a2.binning_data.json,10011,63050351,2025-10-27 19:03:24.566,2025-10-27 19:03:24.566,29.0,0.0,5.0,,UTC-0300,tWUO8ZL77Z,,com.sec.android.app.shealth,2025-10-27 18:59:59.999,76434be5-8033-4e8e-a86e-59ba772807a2,
63050351,2025-10-27 19:00:00.000,,7a41cea4-2654-47b9-afb6-331c887bf3e1.binning_data.json,10011,63050351,2025-10-27 20:02:36.580,2025-10-27 20:02:36.580,48.0,0.0,12.0,,UTC-0300,tWUO8ZL77Z,,com.sec.android.app.shealth,2025-10-27 19:59:59.999,7a41cea4-2654-47b9-afb6-331c887bf3e1,
63050351,2025-10-27 20:00:00.000,,ac25b645-3ec7-4ead-bb41-d518b3f1ad7e.binning_data.json,10011,63050351,2025-10-28 01:49:00.832,2025-10-28 01:49:00.832,57.0,2.0,18.0,,UTC-0300,tWUO8ZL77Z,,com.sec.android.app.shealth,2025-10-27 20:59:59.999,ac25b645-3ec7-4ead-bb41-d518b3f1ad7e,
63050351,2025-10-28 02:00:00.000,,9e541b96-c155-46c6-8f9c-9c9b1cbb43a0.binning_data.json,10011,63050351,2025-10-28 03:19:53.847,2025-10-28 03:19:53.847,1.0,0.0,0.0,,UTC-0300,tWUO8ZL77Z,,com.sec.android.app.shealth,2025-10-28 02:59:59.999,9e541b96-c155-46c6-8f9c-9c9b1cbb43a0,
63050351,2025-10-28 01:00:00.000,,438b7df6-eae8-4841-a819-2db380d6e782.binning_data.json,10011,63050351,2025-10-28 02:36:06.860,2025-10-28 02:36:06.860,59.0,0.0,36.0,,UTC-0300,tWUO8ZL77Z,,com.sec.android.app.shealth,2025-10-28 01:59:59.999,438b7df6-eae8-4841-a819-2db380d6e782,
63050351,2025-10-28 03:00:00.000,,a717be91-f044-4482-b4b7-dc9601434f5b.binning_data.json,10011,63050351,2025-10-28 04:03:00.189,2025-10-28 04:03:00.189,0.0,0.0,0.0,,UTC-0300,tWUO8ZL77Z,,com.sec.android.app.shealth,2025-10-28 03:59:59.999,a717be91-f044-4482-b4b7-dc9601434f5b,
63050351,2025-10-28 04:00:00.000,,09d22d06-51c0-4006-8849-098618f1fb4a.binning_data.json,10011,63050351,2025-10-28 10:21:36.847,2025-10-28 10:21:36.847,0.0,0.0,0.0,,UTC-0300,tWUO8ZL77Z,,com.sec.android.app.shealth,2025-10-28 04:59:59.999,09d22d06-51c0-4006-8849-098618f1fb4a,
63050351,2025-10-28 10:00:00.000,,2922ae48-9171-4e3e-8ee1-2ac4f89f982c.binning_data.json,10011,63050351,2025-10-28 11:17:32.747,2025-10-28 11:17:32.747,1.0,0.0,0.0,,UTC-0300,tWUO8ZL77Z,,com.sec.android.app.shealth,2025-10-28 10:59:59.999,2922ae48-9171-4e3e-8ee1-2ac4f89f982c,
63050351,2025-10-28 11:00:00.000,,9a849fec-60ec-4685-8928-f173145e7949.binning_data.json,10011,63050351,2025-10-28 12:10:07.591,2025-10-28 12:10:07.591,51.0,0.0,7.0,,UTC-0300,tWUO8ZL77Z,,com.sec.android.app.shealth,2025-10-28 11:59:59.999,9a849fec-60ec-4685-8928-f173145e7949,
63050351,2025-10-28 12:00:00.000,,d9dd17a9-7192-4312-a88a-97f5a6240d10.binning_data.json,10011,63050351,2025-10-28 13:34:30.561,2025-10-28 13:34:30.561,34.0,0.0,5.0,,UTC-0300,tWUO8ZL77Z,,com.sec.android.app.shealth,2025-10-28 12:59:59.999,d9dd17a9-7192-4312-a88a-97f5a6240d10,
63050351,2025-10-28 13:00:00.000,,25d15ffb-d4ac-43a7-80a9-b50c85845c1f.binning_data.json,10011,63050351,2025-10-28 14:17:41.069,2025-10-28 14:17:41.069,9.0,0.0,1.0,,UTC-0300,tWUO8ZL77Z,,com.sec.android.app.shealth,2025-10-28 13:59:59.999,25d15ffb-d4ac-43a7-80a9-b50c85845c1f,
63050351,2025-10-28 14:00:00.000,,c2157371-8f45-4b32-9104-cfa247cfdf15.binning_data.json,10011,63050351,2025-10-28 15:11:10.156,2025-10-28 15:11:10.156,99.0,1.0,36.0,,UTC-0300,tWUO8ZL77Z,,com.sec.android.app.shealth,2025-10-28 14:59:59.999,c2157371-8f45-4b32-9104-cfa247cfdf15,
63050351,2025-10-28 15:00:00.000,,234babc2-5385-4b32-80ef-f45c2f9bd626.binning_data.json,10011,63050351,2025-10-28 16:16:25.273,2025-10-28 16:16:25.273,49.0,13.0,28.0,,UTC-0300,tWUO8ZL77Z,,com.sec.android.app.shealth,2025-10-28 15:59:59.999,234babc2-5385-4b32-80ef-f45c2f9bd626,
63050351,2025-10-28 16:00:00.000,,5f5b0ce6-d774-4754-9a20-12bfd9b9bcd6.binning_data.json,10011,63050351,2025-10-28 17:14:31.516,2025-10-28 17:14:31.516,71.0,2.0,37.0,,UTC-0300,tWUO8ZL77Z,,com.sec.android.app.shealth,2025-10-28 16:59:59.999,5f5b0ce6-d774-4754-9a20-12bfd9b9bcd6,
63050351,2025-10-28 17:00:00.000,,076d5cba-849a-4581-8592-dffc3988b295.binning_data.json,10011,63050351,2025-10-28 18:12:36.289,2025-10-28 18:12:36.289,89.0,4.0,31.0,,UTC-0300,tWUO8ZL77Z,,com.sec.android.app.shealth,2025-10-28 17:59:59.999,076d5cba-849a-4581-8592-dffc3988b295,
63050351,2025-10-28 18:00:00.000,,6ced4fd0-a621-4753-a20a-8d10c1e384ea.binning_data.json,10011,63050351,2025-10-28 19:04:29.714,2025-10-28 19:04:29.714,46.0,0.0,16.0,,UTC-0300,tWUO8ZL77Z,,com.sec.android.app.shealth,2025-10-28 18:59:59.999,6ced4fd0-a621-4753-a20a-8d10c1e384ea,
63050351,2025-10-28 19:00:00.000,,88133636-6596-4399-90c1-fab62d7f8bc7.binning_data.json,10011,63050351,2025-10-28 20:15:55.881,2025-10-28 20:15:55.881,0.0,0.0,0.0,,UTC-0300,tWUO8ZL77Z,,com.sec.android.app.shealth,2025-10-28 19:59:59.999,88133636-6596-4399-90c1-fab62d7f8bc7,
63050351,2025-10-28 20:00:00.000,,6bba4632-28a8-436e-a51d-228c9991d6db.binning_data.json,10011,63050351,2025-10-28 21:15:07.594,2025-10-28 21:15:07.594,18.0,2.0,10.0,,UTC-0300,tWUO8ZL77Z,,com.sec.android.app.shealth,2025-10-28 20:59:59.999,6bba4632-28a8-436e-a51d-228c9991d6db,
63050351,2025-10-28 21:00:00.000,,a8948f5f-a284-4a3b-b567-df766c9a7bf3.binning_data.json,10011,63050351,2025-10-29 00:27:43.422,2025-10-29 00:27:43.422,92.0,2.0,14.0,,UTC-0300,tWUO8ZL77Z,,com.sec.android.app.shealth,2025-10-28 21:59:59.999,a8948f5f-a284-4a3b-b567-df766c9a7bf3,
63050351,2025-10-29 00:00:00.000,,0e915dd3-f4da-4090-b43f-f8b66b32dc85.binning_data.json,10011,63050351,2025-10-29 04:59:41.500,2025-10-29 04:59:41.500,0.0,0.0,0.0,,UTC-0300,tWUO8ZL77Z,,com.sec.android.app.shealth,2025-10-29 00:59:59.999,0e915dd3-f4da-4090-b43f-f8b66b32dc85,
63050351,2025-10-29 04:00:00.000,,73ed7759-83c1-4215-abf5-a061d48c65c9.binning_data.json,10011,63050351,2025-10-29 09:57:38.050,2025-10-29 09:57:38.050,0.0,0.0,0.0,,UTC-0300,tWUO8ZL77Z,,com.sec.android.app.shealth,2025-10-29 04:59:59.999,73ed7759-83c1-4215-abf5-a061d48c65c9,
63050351,2025-10-29 05:00:00.000,,86c876b5-03dd-4347-ab9a-70f81eaabb1e.binning_data.json,10011,63050351,2025-10-29 09:58:00.824,2025-10-29 09:58:00.824,0.0,0.0,0.0,,UTC-0300,tWUO8ZL77Z,,com.sec.android.app.shealth,2025-10-29 05:59:59.999,86c876b5-03dd-4347-ab9a-70f81eaabb1e,
63050351,2025-10-29 09:00:00.000,,376da473-bf31-4d26-9d70-fb139ad9a6a7.binning_data.json,10011,63050351,2025-10-29 10:15:20.426,2025-10-29 10:15:20.426,0.0,0.0,0.0,,UTC-0300,tWUO8ZL77Z,,com.sec.android.app.shealth,2025-10-29 09:59:59.999,376da473-bf31-4d26-9d70-fb139ad9a6a7,
63050351,2025-10-29 10:00:00.000,,b5201440-d2ff-4bb9-b732-d5e1010d7bf7.binning_data.json,10011,63050351,2025-10-29 11:01:11.604,2025-10-29 11:01:11.604,92.0,0.0,9.0,,UTC-0300,tWUO8ZL77Z,,com.sec.android.app.shealth,2025-10-29 10:59:59.999,b5201440-d2ff-4bb9-b732-d5e1010d7bf7,
63050351,2025-10-29 11:00:00.000,,1cf5600a-8ce3-41b3-9b4d-dbc9987431f1.binning_data.json,10011,63050351,2025-10-29 12:07:17.930,2025-10-29 12:07:17.930,74.0,6.0,22.0,,UTC-0300,tWUO8ZL77Z,,com.sec.android.app.shealth,2025-10-29 11:59:59.999,1cf5600a-8ce3-41b3-9b4d-dbc9987431f1,
63050351,2025-10-29 12:00:00.000,,61a2f0f8-0769-4c60-be97-314130454eda.binning_data.json,10011,63050351,2025-10-29 13:05:50.824,2025-10-29 13:05:50.824,84.0,2.0,24.0,,UTC-0300,tWUO8ZL77Z,,com.sec.android.app.shealth,2025-10-29 12:59:59.999,61a2f0f8-0769-4c60-be97-314130454eda,
63050351,2025-10-29 13:00:00.000,,d53c5940-72f8-44e9-aefc-9ccdf847890e.binning_data.json,10011,63050351,2025-10-29 14:06:00.902,2025-10-29 14:06:00.902,40.0,0.0,12.0,,UTC-0300,tWUO8ZL77Z,,com.sec.android.app.shealth,2025-10-29 13:59:59.999,d53c5940-72f8-44e9-aefc-9ccdf847890e,
63050351,2025-10-29 14:00:00.000,,161ccf63-4197-49a2-94c0-c18a91a579e9.binning_data.json,10011,63050351,2025-10-29 15:03:22.911,2025-10-29 15:03:22.911,19.0,0.0,2.0,,UTC-0300,tWUO8ZL77Z,,com.sec.android.app.shealth,2025-10-29 14:59:59.999,161ccf63-4197-49a2-94c0-c18a91a579e9,
63050351,2025-10-29 15:00:00.000,,69225ae8-800f-422f-99a8-712dfb4a4ef8.binning_data.json,10011,63050351,2025-10-29 16:16:21.860,2025-10-29 16:16:21.860,45.0,0.0,12.0,,UTC-0300,tWUO8ZL77Z,,com.sec.android.app.shealth,2025-10-29 15:59:59.999,69225ae8-800f-422f-99a8-712dfb4a4ef8,
63050351,2025-10-29 16:00:00.000,,abc0842c-9760-43d5-97f4-c75252300ad8.binning_data.json,10011,63050351,2025-10-29 17:12:06.029,2025-10-29 17:12:06.029,49.0,0.0,25.0,,UTC-0300,tWUO8ZL77Z,,com.sec.android.app.shealth,2025-10-29 16:59:59.999,abc0842c-9760-43d5-97f4-c75252300ad8,
63050351,2025-10-29 17:00:00.000,,d048c513-a9fb-4518-bbf0-432709c57431.binning_data.json,10011,63050351,2025-10-29 18:44:18.394,2025-10-29 18:44:18.394,94.0,0.0,31.0,,UTC-0300,tWUO8ZL77Z,,com.sec.android.app.shealth,2025-10-29 17:59:59.999,d048c513-a9fb-4518-bbf0-432709c57431,
63050351,2025-10-29 18:00:00.000,,9c8313c2-f058-45ef-9188-319cac1b35e5.binning_data.json,10011,63050351,2025-10-29 19:38:45.418,2025-10-29 19:38:45.418,80.0,11.0,48.0,,UTC-0300,tWUO8ZL77Z,,com.sec.android.app.shealth,2025-10-29 18:59:59.999,9c8313c2-f058-45ef-9188-319cac1b35e5,
63050351,2025-10-29 19:00:00.000,,dcf2dd22-a10e-496a-8d04-9f9562876127.binning_data.json,10011,63050351,2025-10-29 20:11:32.624,2025-10-29 20:11:32.624,28.0,0.0,6.0,,UTC-0300,tWUO8ZL77Z,,com.sec.android.app.shealth,2025-10-29 19:59:59.999,dcf2dd22-a10e-496a-8d04-9f9562876127,
63050351,2025-10-29 20:00:00.000,,5dfd065f-bd5f-418c-9d60-0e2ab5ec4231.binning_data.json,10011,63050351,2025-10-29 21:20:29.132,2025-10-29 21:20:29.132,100.0,0.0,16.0,,UTC-0300,tWUO8ZL77Z,,com.sec.android.app.shealth,2025-10-29 20:59:59.999,5dfd065f-bd5f-418c-9d60-0e2ab5ec4231,
63050351,2025-10-29 21:00:00.000,,bd32a5db-c6cd-4c2e-871e-25277de63056.binning_data.json,10011,63050351,2025-10-29 22:26:40.794,2025-10-29 22:26:40.794,10.0,0.0,2.0,,UTC-0300,tWUO8ZL77Z,,com.sec.android.app.shealth,2025-10-29 21:59:59.999,bd32a5db-c6cd-4c2e-871e-25277de63056,
63060051,2025-10-30 00:00:00.000,,52c12483-0124-404a-82db-3d14c70e561a.binning_data.json,10011,63060051,2025-10-30 01:05:30.685,2025-10-30 01:05:30.685,28.0,0.0,3.0,,UTC-0300,tWUO8ZL77Z,,com.sec.android.app.shealth,2025-10-30 00:59:59.999,52c12483-0124-404a-82db-3d14c70e561a,
63060051,2025-10-30 01:00:00.000,,710f0733-0dc7-4441-98c4-357be315b962.binning_data.json,10011,63060051,2025-10-30 03:10:43.099,2025-10-30 03:10:43.099,0.0,0.0,0.0,,UTC-0300,tWUO8ZL77Z,,com.sec.android.app.shealth,2025-10-30 01:59:59.999,710f0733-0dc7-4441-98c4-357be315b962,
63060051,2025-10-30 02:00:00.000,,615f9d79-d9ac-41ff-bd38-9c949619873c.binning_data.json,10011,63060051,2025-10-30 03:20:45.658,2025-10-30 03:20:45.658,0.0,0.0,0.0,,UTC-0300,tWUO8ZL77Z,,com.sec.android.app.shealth,2025-10-30 02:59:59.999,615f9d79-d9ac-41ff-bd38-9c949619873c,
63060051,2025-10-30 03:00:00.000,,c79cd2bf-191b-4a51-bb72-14fbb5c270bc.binning_data.json,10011,63060051,2025-10-30 09:30:06.025,2025-10-30 09:30:06.025,0.0,0.0,0.0,,UTC-0300,tWUO8ZL77Z,,com.sec.android.app.shealth,2025-10-30 03:59:59.999,c79cd2bf-191b-4a51-bb72-14fbb5c270bc,
63060051,2025-10-30 04:00:00.000,,9f133728-d786-4de8-8539-a0404ebaae5e.binning_data.json,10011,63060051,2025-10-30 09:30:25.448,2025-10-30 09:30:25.448,0.0,0.0,0.0,,UTC-0300,tWUO8ZL77Z,,com.sec.android.app.shealth,2025-10-30 04:59:59.999,9f133728-d786-4de8-8539-a0404ebaae5e,
63060051,2025-10-30 09:00:00.000,,49ec6e32-a183-4113-843b-be2a0f9c49f5.binning_data.json,10011,63060051,2025-10-30 10:09:34.902,2025-10-30 09:30:25.526,0.0,0.0,0.0,,UTC-0300,tWUO8ZL77Z,,com.sec.android.app.shealth,2025-10-30 09:59:59.999,49ec6e32-a183-4113-843b-be2a0f9c49f5,
63060051,2025-10-30 10:00:00.000,,a91aeae6-6c7d-4a91-9d25-a961aac10a9d.binning_data.json,10011,63060051,2025-10-30 11:08:21.899,2025-10-30 11:08:21.899,0.0,0.0,0.0,,UTC-0300,tWUO8ZL77Z,,com.sec.android.app.shealth,2025-10-30 10:59:59.999,a91aeae6-6c7d-4a91-9d25-a961aac10a9d,
63060051,2025-10-30 11:00:00.000,,7f402644-3168-4311-9038-8b23e8a1d1af.binning_data.json,10011,63060051,2025-10-30 12:13:43.486,2025-10-30 12:13:43.486,0.0,0.0,0.0,,UTC-0300,tWUO8ZL77Z,,com.sec.android.app.shealth,2025-10-30 11:59:59.999,7f402644-3168-4311-9038-8b23e8a1d1af,
63060051,2025-10-30 12:00:00.000,,e89d87d6-ac71-4c14-915f-5ef3213b2e9e.binning_data.json,10011,63060051,2025-10-30 13:03:59.411,2025-10-30 13:03:59.411,11.0,0.0,1.0,,UTC-0300,tWUO8ZL77Z,,com.sec.android.app.shealth,2025-10-30 12:59:59.999,e89d87d6-ac71-4c14-915f-5ef3213b2e9e,
63060051,2025-10-30 13:00:00.000,,0c818eca-b359-42e4-877c-5fc7d59d3ca5.binning_data.json,10011,63060051,2025-10-30 14:05:16.357,2025-10-30 13:03:59.502,60.0,1.0,20.0,,UTC-0300,tWUO8ZL77Z,,com.sec.android.app.shealth,2025-10-30 13:59:59.999,0c818eca-b359-42e4-877c-5fc7d59d3ca5,
63060051,2025-10-30 15:00:00.000,,6417f455-d6c8-4043-8527-ea926e31074b.binning_data.json,10011,63060051,2025-10-30 16:15:13.829,2025-10-30 16:15:13.829,99.0,0.0,42.0,,UTC-0300,tWUO8ZL77Z,,com.sec.android.app.shealth,2025-10-30 15:59:59.999,6417f455-d6c8-4043-8527-ea926e31074b,
63060051,2025-10-30 14:00:00.000,,8d57c422-6212-4d63-a803-4e9341dfb625.binning_data.json,10011,63060051,2025-10-30 15:14:19.321,2025-10-30 15:14:19.321,93.0,0.0,13.0,,UTC-0300,tWUO8ZL77Z,,com.sec.android.app.shealth,2025-10-30 14:59:59.999,8d57c422-6212-4d63-a803-4e9341dfb625,
63060051,2025-10-30 16:00:00.000,,eba64445-ae65-4ac4-96b8-519ada5e9fea.binning_data.json,10011,63060051,2025-10-30 17:11:44.879,2025-10-30 16:55:53.239,82.0,1.0,15.0,,UTC-0300,tWUO8ZL77Z,,com.sec.android.app.shealth,2025-10-30 16:59:59.999,eba64445-ae65-4ac4-96b8-519ada5e9fea,
63060051,2025-10-30 17:00:00.000,,c5d219da-78be-47b4-9bd6-245b52b3b3e9.binning_data.json,10011,63060051,2025-10-30 18:25:17.711,2025-10-30 17:54:41.207,9.0,0.0,1.0,,UTC-0300,tWUO8ZL77Z,,com.sec.android.app.shealth,2025-10-30 17:59:59.999,c5d219da-78be-47b4-9bd6-245b52b3b3e9,
63060051,2025-10-30 18:00:00.000,,28347ce5-525d-4019-8c31-c69170aa0fba.binning_data.json,10011,63060051,2025-10-30 19:03:49.065,2025-10-30 19:03:49.065,6.0,0.0,1.0,,UTC-0300,tWUO8ZL77Z,,com.sec.android.app.shealth,2025-10-30 18:59:59.999,28347ce5-525d-4019-8c31-c69170aa0fba,
63060051,2025-10-30 19:00:00.000,,594cc674-83cf-40b4-8519-af9439f59964.binning_data.json,10011,63060051,2025-10-30 20:11:43.056,2025-10-30 20:11:43.056,29.0,2.0,9.0,,UTC-0300,tWUO8ZL77Z,,com.sec.android.app.shealth,2025-10-30 19:59:59.999,594cc674-83cf-40b4-8519-af9439f59964,
63060051,2025-10-30 20:00:00.000,,b53ee860-c194-4960-88a3-52b04b00b2a8.binning_data.json,10011,63060051,2025-10-30 21:07:22.412,2025-10-30 21:07:22.412,14.0,0.0,2.0,,UTC-0300,tWUO8ZL77Z,,com.sec.android.app.shealth,2025-10-30 20:59:59.999,b53ee860-c194-4960-88a3-52b04b00b2a8,
63060051,2025-10-30 21:00:00.000,,160aeacf-4165-4a3b-8af6-e3f452c090bd.binning_data.json,10011,63060051,2025-10-30 22:08:00.661,2025-10-30 22:08:00.661,4.0,0.0,1.0,,UTC-0300,tWUO8ZL77Z,,com.sec.android.app.shealth,2025-10-30 21:59:59.999,160aeacf-4165-4a3b-8af6-e3f452c090bd,
63060051,2025-10-30 22:00:00.000,,22674e9d-f967-45c9-9e03-fad792279ad2.binning_data.json,10011,63060051,2025-10-30 23:05:49.347,2025-10-30 23:05:49.347,12.0,0.0,1.0,,UTC-0300,tWUO8ZL77Z,,com.sec.android.app.shealth,2025-10-30 22:59:59.999,22674e9d-f967-45c9-9e03-fad792279ad2,
63060051,2025-10-30 23:00:00.000,,404d80f5-54fe-4887-911e-b1136e87d72c.binning_data.json,10011,63060051,2025-10-31 00:50:38.575,2025-10-30 23:33:30.665,51.0,0.0,8.0,,UTC-0300,tWUO8ZL77Z,,com.sec.android.app.shealth,2025-10-30 23:59:59.999,404d80f5-54fe-4887-911e-b1136e87d72c,
63060051,2025-10-31 00:00:00.000,,8d378be9-dbbe-4b81-9b18-e0d426b4e5fa.binning_data.json,10011,63060051,2025-10-31 01:07:34.294,2025-10-31 01:07:34.294,5.0,0.0,1.0,,UTC-0300,tWUO8ZL77Z,,com.sec.android.app.shealth,2025-10-31 00:59:59.999,8d378be9-dbbe-4b81-9b18-e0d426b4e5fa,
63060051,2025-10-31 01:00:00.000,,a7d9e165-5f2e-4d39-8377-d731898ddd03.binning_data.json,10011,63060051,2025-10-31 02:48:50.847,2025-10-31 02:44:07.833,0.0,0.0,0.0,,UTC-0300,tWUO8ZL77Z,,com.sec.android.app.shealth,2025-10-31 01:59:59.999,a7d9e165-5f2e-4d39-8377-d731898ddd03,
63060051,2025-10-31 02:00:00.000,,0199c2f1-f215-42c8-a80e-e1272524496b.binning_data.json,10011,63060051,2025-10-31 03:24:05.116,2025-10-31 03:24:05.116,0.0,0.0,0.0,,UTC-0300,tWUO8ZL77Z,,com.sec.android.app.shealth,2025-10-31 02:59:59.999,0199c2f1-f215-42c8-a80e-e1272524496b,
63060051,2025-10-31 08:00:00.000,,49b0be20-42a9-4c2e-a46a-350410f6e722.binning_data.json,10011,63060051,2025-10-31 09:03:42.944,2025-10-31 08:42:59.715,0.0,0.0,0.0,,UTC-0300,tWUO8ZL77Z,,com.sec.android.app.shealth,2025-10-31 08:59:59.999,49b0be20-42a9-4c2e-a46a-350410f6e722,
63060051,2025-10-31 03:00:00.000,,069f7f58-3ec3-4b2f-b7c7-21540ac389b7.binning_data.json,10011,63060051,2025-10-31 08:42:59.651,2025-10-31 08:42:39.306,0.0,0.0,0.0,,UTC-0300,tWUO8ZL77Z,,com.sec.android.app.shealth,2025-10-31 03:59:59.999,069f7f58-3ec3-4b2f-b7c7-21540ac389b7,
63060051,2025-10-31 10:00:00.000,,6c50848d-0eb3-4f0f-9832-db41f91fe186.binning_data.json,10011,63060051,2025-10-31 11:16:48.854,2025-10-31 11:16:48.854,100.0,0.0,9.0,,UTC-0300,tWUO8ZL77Z,,com.sec.android.app.shealth,2025-10-31 10:59:59.999,6c50848d-0eb3-4f0f-9832-db41f91fe186,
63060051,2025-10-31 09:00:00.000,,caff6b35-06f8-452f-a4e8-4d8d934d8213.binning_data.json,10011,63060051,2025-10-31 10:04:09.700,2025-10-31 10:04:09.700,16.0,0.0,1.0,,UTC-0300,tWUO8ZL77Z,,com.sec.android.app.shealth,2025-10-31 09:59:59.999,caff6b35-06f8-452f-a4e8-4d8d934d8213,
63060051,2025-10-31 11:00:00.000,,fdde5822-e678-4d1a-9543-b7bbf970d8fa.binning_data.json,10011,63060051,2025-10-31 12:06:10.552,2025-10-31 11:57:55.067,16.0,0.0,5.0,,UTC-0300,tWUO8ZL77Z,,com.sec.android.app.shealth,2025-10-31 11:59:59.999,fdde5822-e678-4d1a-9543-b7bbf970d8fa,
63060051,2025-10-31 12:00:00.000,,6abbbcd1-4947-45e8-9d11-b4285a01fa1c.binning_data.json,10011,63060051,2025-10-31 13:11:29.301,2025-10-31 13:11:29.301,13.0,0.0,3.0,,UTC-0300,tWUO8ZL77Z,,com.sec.android.app.shealth,2025-10-31 12:59:59.999,6abbbcd1-4947-45e8-9d11-b4285a01fa1c,
63060051,2025-10-31 13:00:00.000,,dba6ef29-2864-410c-9eb1-d31ed5645349.binning_data.json,10011,63060051,2025-10-31 14:31:13.488,2025-10-31 14:31:13.488,31.0,0.0,2.0,,UTC-0300,tWUO8ZL77Z,,com.sec.android.app.shealth,2025-10-31 13:59:59.999,dba6ef29-2864-410c-9eb1-d31ed5645349,
63060051,2025-10-31 14:00:00.000,,3a4ae394-5fdf-454d-98e1-ac1f0b698fcb.binning_data.json,10011,63060051,2025-10-31 15:17:26.940,2025-10-31 15:17:26.940,79.0,0.0,22.0,,UTC-0300,tWUO8ZL77Z,,com.sec.android.app.shealth,2025-10-31 14:59:59.999,3a4ae394-5fdf-454d-98e1-ac1f0b698fcb,
63060051,2025-10-31 15:00:00.000,,94e9c92b-46a7-4838-b7be-4686adbced4a.binning_data.json,10011,63060051,2025-10-31 16:08:07.942,2025-10-31 16:08:07.942,84.0,1.0,36.0,,UTC-0300,tWUO8ZL77Z,,com.sec.android.app.shealth,2025-10-31 15:59:59.999,94e9c92b-46a7-4838-b7be-4686adbced4a,
63060051,2025-10-31 16:00:00.000,,ba3c4242-bf76-4ab9-874d-ca4fda02b71d.binning_data.json,10011,63060051,2025-10-31 17:07:46.484,2025-10-31 17:07:46.484,99.0,8.0,59.0,,UTC-0300,tWUO8ZL77Z,,com.sec.android.app.shealth,2025-10-31 16:59:59.999,ba3c4242-bf76-4ab9-874d-ca4fda02b71d,
63060051,2025-10-31 17:00:00.000,,3181abd5-ad60-4ecc-9237-65903da10fdf.binning_data.json,10011,63060051,2025-10-31 18:03:00.915,2025-10-31 18:03:00.915,47.0,0.0,7.0,,UTC-0300,tWUO8ZL77Z,,com.sec.android.app.shealth,2025-10-31 17:59:59.999,3181abd5-ad60-4ecc-9237-65903da10fdf,
63060051,2025-10-31 18:00:00.000,,e36bc677-4be7-443f-94d1-68a13b627f2d.binning_data.json,10011,63060051,2025-10-31 19:10:50.941,2025-10-31 18:29:42.015,35.0,0.0,9.0,,UTC-0300,tWUO8ZL77Z,,com.sec.android.app.shealth,2025-10-31 18:59:59.999,e36bc677-4be7-443f-94d1-68a13b627f2d,
63060051,2025-10-31 19:00:00.000,,dc3f0c8a-a003-4274-9fd2-3acb3a74308f.binning_data.json,10011,63060051,2025-10-31 20:07:30.929,2025-10-31 20:07:30.929,76.0,0.0,19.0,,UTC-0300,tWUO8ZL77Z,,com.sec.android.app.shealth,2025-10-31 19:59:59.999,dc3f0c8a-a003-4274-9fd2-3acb3a74308f,
63060051,2025-10-31 20:00:00.000,,ea19db9a-fece-4405-8774-935008ac72a9.binning_data.json,10011,63060051,2025-10-31 21:05:58.366,2025-10-31 21:05:58.366,57.0,2.0,25.0,,UTC-0300,tWUO8ZL77Z,,com.sec.android.app.shealth,2025-10-31 20:59:59.999,ea19db9a-fece-4405-8774-935008ac72a9,
63060051,2025-10-31 21:00:00.000,,86f5fe61-f0aa-4d9e-9ac0-0e6b32a6c5f7.binning_data.json,10011,63060051,2025-10-31 22:02:00.890,2025-10-31 21:05:58.474,88.0,0.0,18.0,,UTC-0300,tWUO8ZL77Z,,com.sec.android.app.shealth,2025-10-31 21:59:59.999,86f5fe61-f0aa-4d9e-9ac0-0e6b32a6c5f7,
63060051,2025-10-31 22:00:00.000,,b8b2a6eb-6968-414a-a749-a427e3bf6e72.binning_data.json,10011,63060051,2025-11-01 00:29:54.421,2025-10-31 22:02:01.086,4.0,4.0,4.0,,UTC-0300,tWUO8ZL77Z,,com.sec.android.app.shealth,2025-10-31 22:59:59.999,b8b2a6eb-6968-414a-a749-a427e3bf6e72,
63060051,2025-11-01 01:00:00.000,,326d2c08-cc63-4e37-bec1-c0a69e912db3.binning_data.json,10011,63060051,2025-11-01 02:11:06.232,2025-11-01 02:11:06.232,12.0,0.0,1.0,,UTC-0300,tWUO8ZL77Z,,com.sec.android.app.shealth,2025-11-01 01:59:59.999,326d2c08-cc63-4e37-bec1-c0a69e912db3,
63060051,2025-11-01 00:00:00.000,,f14858a5-b4e3-4c6d-8633-f79fb37ddbee.binning_data.json,10011,63060051,2025-11-01 01:07:29.032,2025-11-01 01:07:29.032,85.0,0.0,13.0,,UTC-0300,tWUO8ZL77Z,,com.sec.android.app.shealth,2025-11-01 00:59:59.999,f14858a5-b4e3-4c6d-8633-f79fb37ddbee,
63060051,2025-11-01 02:00:00.000,,3b0417bc-1c2d-4f7f-ac4e-3dfeb3b42da0.binning_data.json,10011,63060051,2025-11-01 03:01:23.363,2025-11-01 02:40:34.179,34.0,0.0,5.0,,UTC-0300,tWUO8ZL77Z,,com.sec.android.app.shealth,2025-11-01 02:59:59.999,3b0417bc-1c2d-4f7f-ac4e-3dfeb3b42da0,
63060051,2025-11-01 03:00:00.000,,ecfcc456-65be-4424-851f-a3bbbeaedc9b.binning_data.json,10011,63060051,2025-11-01 08:32:23.771,2025-11-01 08:32:23.771,1.0,0.0,0.0,,UTC-0300,tWUO8ZL77Z,,com.sec.android.app.shealth,2025-11-01 03:59:59.999,ecfcc456-65be-4424-851f-a3bbbeaedc9b,
63060051,2025-11-01 08:00:00.000,,444784f4-0279-4d15-b292-a92229cb81ba.binning_data.json,10011,63060051,2025-11-01 11:29:48.129,2025-11-01 11:21:50.997,0.0,0.0,0.0,,UTC-0300,tWUO8ZL77Z,,com.sec.android.app.shealth,2025-11-01 08:59:59.999,444784f4-0279-4d15-b292-a92229cb81ba,
63060051,2025-11-01 11:00:00.000,,2d82987a-ddcd-4bc2-b7c4-13b5d5d28e76.binning_data.json,10011,63060051,2025-11-01 12:10:09.764,2025-11-01 12:10:09.764,0.0,0.0,0.0,,UTC-0300,tWUO8ZL77Z,,com.sec.android.app.shealth,2025-11-01 11:59:59.999,2d82987a-ddcd-4bc2-b7c4-13b5d5d28e76,
63060051,2025-11-01 12:00:00.000,,46ff260d-87f0-4243-a56a-4e7043e4321b.binning_data.json,10011,63060051,2025-11-01 13:12:15.343,2025-11-01 12:10:49.236,38.0,0.0,5.0,,UTC-0300,tWUO8ZL77Z,,com.sec.android.app.shealth,2025-11-01 12:59:59.999,46ff260d-87f0-4243-a56a-4e7043e4321b,
63060051,2025-11-01 13:00:00.000,,8fded766-494b-4ded-9f8a-655e587630fa.binning_data.json,10011,63060051,2025-11-01 14:01:32.177,2025-11-01 13:56:40.061,20.0,0.0,4.0,,UTC-0300,tWUO8ZL77Z,,com.sec.android.app.shealth,2025-11-01 13:59:59.999,8fded766-494b-4ded-9f8a-655e587630fa,
63060051,2025-11-01 14:00:00.000,,64443cbe-8f1e-40c3-bdc3-e2427d60321e.binning_data.json,10011,63060051,2025-11-01 15:02:35.958,2025-11-01 14:15:34.069,16.0,0.0,1.0,,UTC-0300,tWUO8ZL77Z,,com.sec.android.app.shealth,2025-11-01 14:59:59.999,64443cbe-8f1e-40c3-bdc3-e2427d60321e,
63060051,2025-11-01 15:00:00.000,,9f8bdb62-13f7-4b1a-a868-dbf0e1ec07c8.binning_data.json,10011,63060051,2025-11-01 16:01:27.031,2025-11-01 15:35:27.737,83.0,0.0,14.0,,UTC-0300,tWUO8ZL77Z,,com.sec.android.app.shealth,2025-11-01 15:59:59.999,9f8bdb62-13f7-4b1a-a868-dbf0e1ec07c8,
63060051,2025-11-01 16:00:00.000,,21301de3-786d-4f9f-88e9-701bca4e0d1e.binning_data.json,10011,63060051,2025-11-01 17:17:11.653,2025-11-01 16:10:59.782,82.0,0.0,40.0,,UTC-0300,tWUO8ZL77Z,,com.sec.android.app.shealth,2025-11-01 16:59:59.999,21301de3-786d-4f9f-88e9-701bca4e0d1e,
63060051,2025-11-01 17:00:00.000,,a9903cc0-bcbb-4d92-b2c9-e18b106fbf53.binning_data.json,10011,63060051,2025-11-01 18:23:02.266,2025-11-01 17:47:54.223,43.0,0.0,8.0,,UTC-0300,tWUO8ZL77Z,,com.sec.android.app.shealth,2025-11-01 17:59:59.999,a9903cc0-bcbb-4d92-b2c9-e18b106fbf53,
63060051,2025-11-01 18:00:00.000,,3f3f907a-6c86-4bbe-9989-484f3eca2702.binning_data.json,10011,63060051,2025-11-01 19:06:39.196,2025-11-01 19:06:39.196,2.0,0.0,0.0,,UTC-0300,tWUO8ZL77Z,,com.sec.android.app.shealth,2025-11-01 18:59:59.999,3f3f907a-6c86-4bbe-9989-484f3eca2702,
63060051,2025-11-01 19:00:00.000,,41cbd79c-245d-403e-9d9e-8fd2a0dc29b9.binning_data.json,10011,63060051,2025-11-01 20:05:53.405,2025-11-01 20:05:53.405,30.0,0.0,10.0,,UTC-0300,tWUO8ZL77Z,,com.sec.android.app.shealth,2025-11-01 19:59:59.999,41cbd79c-245d-403e-9d9e-8fd2a0dc29b9,
63060051,2025-11-01 20:00:00.000,,2fe04012-993e-48b0-9407-a97b109df0b6.binning_data.json,10011,63060051,2025-11-01 21:10:39.948,2025-11-01 20:12:57.861,50.0,1.0,16.0,,UTC-0300,tWUO8ZL77Z,,com.sec.android.app.shealth,2025-11-01 20:59:59.999,2fe04012-993e-48b0-9407-a97b109df0b6,
63060051,2025-11-01 21:00:00.000,,8591065c-c883-4f83-8e5b-12b497429269.binning_data.json,10011,63060051,2025-11-01 22:07:35.634,2025-11-01 21:48:59.393,17.0,0.0,4.0,,UTC-0300,tWUO8ZL77Z,,com.sec.android.app.shealth,2025-11-01 21:59:59.999,8591065c-c883-4f83-8e5b-12b497429269,
63060051,2025-11-01 22:00:00.000,,d230a616-261f-4068-a35e-1e10e1723d30.binning_data.json,10011,63060051,2025-11-02 01:06:19.059,2025-11-01 22:25:00.950,10.0,0.0,0.0,,UTC-0300,tWUO8ZL77Z,,com.sec.android.app.shealth,2025-11-01 22:59:59.999,d230a616-261f-4068-a35e-1e10e1723d30,
63060051,2025-11-02 01:00:00.000,,ca768297-ba8c-4b10-913d-4762a286d54b.binning_data.json,10011,63060051,2025-11-02 03:12:20.008,2025-11-02 03:02:19.288,1.0,0.0,0.0,,UTC-0300,tWUO8ZL77Z,,com.sec.android.app.shealth,2025-11-02 01:59:59.999,ca768297-ba8c-4b10-913d-4762a286d54b,
63060051,2025-11-02 03:00:00.000,,a5b9fb5e-c0cb-4dab-8f89-6c0b8b7ed7a1.binning_data.json,10011,63060051,2025-11-02 07:06:01.811,2025-11-02 07:06:01.811,0.0,0.0,0.0,,UTC-0300,tWUO8ZL77Z,,com.sec.android.app.shealth,2025-11-02 03:59:59.999,a5b9fb5e-c0cb-4dab-8f89-6c0b8b7ed7a1,
63060051,2025-11-02 07:00:00.000,,ac10625d-8cc1-40e6-9242-feb549901590.binning_data.json,10011,63060051,2025-11-02 08:11:34.738,2025-11-02 08:11:34.738,1.0,0.0,0.0,,UTC-0300,tWUO8ZL77Z,,com.sec.android.app.shealth,2025-11-02 07:59:59.999,ac10625d-8cc1-40e6-9242-feb549901590,
63060051,2025-11-02 08:00:00.000,,25221f7a-02d1-4b3a-8b1c-0b7469d06225.binning_data.json,10011,63060051,2025-11-02 11:03:17.167,2025-11-02 10:38:12.351,0.0,0.0,0.0,,UTC-0300,tWUO8ZL77Z,,com.sec.android.app.shealth,2025-11-02 08:59:59.999,25221f7a-02d1-4b3a-8b1c-0b7469d06225,
63060051,2025-11-02 10:00:00.000,,9263be4f-4bdb-40a5-8f67-ac7ef15035e6.binning_data.json,10011,63060051,2025-11-02 11:23:22.153,2025-11-02 11:23:22.153,0.0,0.0,0.0,,UTC-0300,tWUO8ZL77Z,,com.sec.android.app.shealth,2025-11-02 10:59:59.999,9263be4f-4bdb-40a5-8f67-ac7ef15035e6,
63060051,2025-11-02 11:00:00.000,,e94fbf93-d9aa-4a3b-b681-210192befa9c.binning_data.json,10011,63060051,2025-11-02 12:04:54.835,2025-11-02 11:59:36.692,2.0,0.0,0.0,,UTC-0300,tWUO8ZL77Z,,com.sec.android.app.shealth,2025-11-02 11:59:59.999,e94fbf93-d9aa-4a3b-b681-210192befa9c,
63060051,2025-11-02 12:00:00.000,,d8f585bc-0b14-41a9-bbb4-d2f32d9c016c.binning_data.json,10011,63060051,2025-11-02 13:20:14.499,2025-11-02 12:28:42.201,49.0,0.0,3.0,,UTC-0300,tWUO8ZL77Z,,com.sec.android.app.shealth,2025-11-02 12:59:59.999,d8f585bc-0b14-41a9-bbb4-d2f32d9c016c,
63060051,2025-11-02 13:00:00.000,,371dd6ee-13ce-48b4-a2ad-f570539a6f32.binning_data.json,10011,63060051,2025-11-02 14:15:11.979,2025-11-02 14:15:11.979,1.0,0.0,0.0,,UTC-0300,tWUO8ZL77Z,,com.sec.android.app.shealth,2025-11-02 13:59:59.999,371dd6ee-13ce-48b4-a2ad-f570539a6f32,
63060051,2025-11-02 14:00:00.000,,25e72b13-8afd-4f47-97d9-e9e7d048666b.binning_data.json,10011,63060051,2025-11-02 15:09:39.690,2025-11-02 15:09:39.690,21.0,0.0,7.0,,UTC-0300,tWUO8ZL77Z,,com.sec.android.app.shealth,2025-11-02 14:59:59.999,25e72b13-8afd-4f47-97d9-e9e7d048666b,
63060051,2025-11-02 15:00:00.000,,6a438a7b-558d-481e-b757-67189d2d2e8b.binning_data.json,10011,63060051,2025-11-02 16:12:16.490,2025-11-02 16:12:16.490,23.0,0.0,5.0,,UTC-0300,tWUO8ZL77Z,,com.sec.android.app.shealth,2025-11-02 15:59:59.999,6a438a7b-558d-481e-b757-67189d2d2e8b,
63060051,2025-11-02 16:00:00.000,,f7c75628-d8b9-4d30-835a-0b41fa5d2b29.binning_data.json,10011,63060051,2025-11-02 17:14:09.543,2025-11-02 17:14:09.543,65.0,0.0,19.0,,UTC-0300,tWUO8ZL77Z,,com.sec.android.app.shealth,2025-11-02 16:59:59.999,f7c75628-d8b9-4d30-835a-0b41fa5d2b29,
63060051,2025-11-02 17:00:00.000,,b0bfca5a-3082-45e3-b2f5-c8fdbfadf26b.binning_data.json,10011,63060051,2025-11-02 18:16:38.982,2025-11-02 17:26:40.398,98.0,2.0,36.0,,UTC-0300,tWUO8ZL77Z,,com.sec.android.app.shealth,2025-11-02 17:59:59.999,b0bfca5a-3082-45e3-b2f5-c8fdbfadf26b,
63060051,2025-11-02 18:00:00.000,,b42af9ec-245f-4981-8320-95d22ce84542.binning_data.json,10011,63060051,2025-11-02 19:08:41.586,2025-11-02 19:08:41.586,99.0,11.0,43.0,,UTC-0300,tWUO8ZL77Z,,com.sec.android.app.shealth,2025-11-02 18:59:59.999,b42af9ec-245f-4981-8320-95d22ce84542,
63060051,2025-11-02 19:00:00.000,,d121155b-75ee-41a1-b6d5-ce592ec9c0b7.binning_data.json,10011,63060051,2025-11-02 20:24:09.871,2025-11-02 19:36:58.947,99.0,8.0,57.0,,UTC-0300,tWUO8ZL77Z,,com.sec.android.app.shealth,2025-11-02 19:59:59.999,d121155b-75ee-41a1-b6d5-ce592ec9c0b7,
63060051,2025-11-02 20:00:00.000,,7850f533-e8ff-497d-88a8-acec2b5939cc.binning_data.json,10011,63060051,2025-11-02 21:13:38.569,2025-11-02 20:24:11.586,97.0,2.0,55.0,,UTC-0300,tWUO8ZL77Z,,com.sec.android.app.shealth,2025-11-02 20:59:59.999,7850f533-e8ff-497d-88a8-acec2b5939cc,
63060051,2025-11-02 21:00:00.000,,a1dbfbe1-be37-42bf-ab7d-1dd07a2a7176.binning_data.json,10011,63060051,2025-11-02 22:10:52.822,2025-11-02 22:10:52.822,92.0,8.0,39.0,,UTC-0300,tWUO8ZL77Z,,com.sec.android.app.shealth,2025-11-02 21:59:59.999,a1dbfbe1-be37-42bf-ab7d-1dd07a2a7176,
63060051,2025-11-02 22:00:00.000,,ed49ae10-9b22-4b9b-b3c2-5d1cefd074ba.binning_data.json,10011,63060051,2025-11-03 00:46:01.920,2025-11-03 00:46:01.920,98.0,78.0,88.0,,UTC-0300,tWUO8ZL77Z,,com.sec.android.app.shealth,2025-11-02 22:59:59.999,ed49ae10-9b22-4b9b-b3c2-5d1cefd074ba,
63060051,2025-11-03 00:00:00.000,,e0fd4baf-547e-43b8-a5ed-d43de64928d9.binning_data.json,10011,63060051,2025-11-03 01:06:27.811,2025-11-03 00:46:51.073,100.0,3.0,50.0,,UTC-0300,tWUO8ZL77Z,,com.sec.android.app.shealth,2025-11-03 00:59:59.999,e0fd4baf-547e-43b8-a5ed-d43de64928d9,
63060051,2025-11-03 09:00:00.000,,89fa695d-d49a-43e9-9d8d-37e3e73462e9.binning_data.json,10011,63060051,2025-11-03 10:06:20.509,2025-11-03 10:06:20.509,37.0,19.0,28.0,,UTC-0300,tWUO8ZL77Z,,com.sec.android.app.shealth,2025-11-03 09:59:59.999,89fa695d-d49a-43e9-9d8d-37e3e73462e9,
63060051,2025-11-03 01:00:00.000,,6e4e732f-838a-4a61-b97c-d89bb67964f9.binning_data.json,10011,63060051,2025-11-03 09:59:00.136,2025-11-03 09:48:22.343,7.0,0.0,0.0,,UTC-0300,tWUO8ZL77Z,,com.sec.android.app.shealth,2025-11-03 01:59:59.999,6e4e732f-838a-4a61-b97c-d89bb67964f9,
63060051,2025-11-03 10:00:00.000,,f033aeb8-cd30-4a41-ba62-ef1a70dbc941.binning_data.json,10011,63060051,2025-11-03 11:08:41.831,2025-11-03 11:08:41.831,94.0,3.0,41.0,,UTC-0300,tWUO8ZL77Z,,com.sec.android.app.shealth,2025-11-03 10:59:59.999,f033aeb8-cd30-4a41-ba62-ef1a70dbc941,
63060051,2025-11-03 11:00:00.000,,e3391f4e-3d78-43aa-aeb8-fd619ce42a23.binning_data.json,10011,63060051,2025-11-03 12:02:42.821,2025-11-03 12:02:42.821,100.0,1.0,27.0,,UTC-0300,tWUO8ZL77Z,,com.sec.android.app.shealth,2025-11-03 11:59:59.999,e3391f4e-3d78-43aa-aeb8-fd619ce42a23,
63060051,2025-11-03 12:00:00.000,,53ad5f7e-2c20-430c-a28a-204cde2d0645.binning_data.json,10011,63060051,2025-11-03 13:32:37.936,2025-11-03 13:32:37.936,97.0,5.0,54.0,,UTC-0300,tWUO8ZL77Z,,com.sec.android.app.shealth,2025-11-03 12:59:59.999,53ad5f7e-2c20-430c-a28a-204cde2d0645,
63060051,2025-11-03 13:00:00.000,,1da69949-78d5-4b4d-b38b-0c9d6e05300a.binning_data.json,10011,63060051,2025-11-03 14:16:51.612,2025-11-03 14:16:51.612,93.0,34.0,64.0,,UTC-0300,tWUO8ZL77Z,,com.sec.android.app.shealth,2025-11-03 13:59:59.999,1da69949-78d5-4b4d-b38b-0c9d6e05300a,
63060051,2025-11-03 14:00:00.000,,75bb60bb-959b-4c6f-8281-c76e4d12cce5.binning_data.json,10011,63060051,2025-11-03 15:12:17.588,2025-11-03 15:12:17.588,100.0,4.0,56.0,,UTC-0300,tWUO8ZL77Z,,com.sec.android.app.shealth,2025-11-03 14:59:59.999,75bb60bb-959b-4c6f-8281-c76e4d12cce5,
63060051,2025-11-03 15:00:00.000,,1244e35c-0984-4fe2-801b-b857e7596f79.binning_data.json,10011,63060051,2025-11-03 16:12:01.794,2025-11-03 16:12:01.794,82.0,14.0,43.0,,UTC-0300,tWUO8ZL77Z,,com.sec.android.app.shealth,2025-11-03 15:59:59.999,1244e35c-0984-4fe2-801b-b857e7596f79,
63060051,2025-11-03 16:00:00.000,,cc2e49ba-ad87-4be1-ab43-a10bf6c505a8.binning_data.json,10011,63060051,2025-11-03 17:03:00.735,2025-11-03 17:03:00.735,88.0,10.0,35.0,,UTC-0300,tWUO8ZL77Z,,com.sec.android.app.shealth,2025-11-03 16:59:59.999,cc2e49ba-ad87-4be1-ab43-a10bf6c505a8,
63060051,2025-11-03 17:00:00.000,,5d5d48e6-a433-45b4-94a5-b290cc5e6698.binning_data.json,10011,63060051,2025-11-03 18:17:06.656,2025-11-03 17:21:55.709,100.0,6.0,50.0,,UTC-0300,tWUO8ZL77Z,,com.sec.android.app.shealth,2025-11-03 17:59:59.999,5d5d48e6-a433-45b4-94a5-b290cc5e6698,
63060051,2025-11-03 18:00:00.000,,02f4a78f-3fa3-4c3c-adbe-552ddb9a72ab.binning_data.json,10011,63060051,2025-11-03 19:04:58.673,2025-11-03 18:56:02.446,100.0,64.0,96.0,,UTC-0300,tWUO8ZL77Z,,com.sec.android.app.shealth,2025-11-03 18:59:59.999,02f4a78f-3fa3-4c3c-adbe-552ddb9a72ab,
63060051,2025-11-03 19:00:00.000,,b589a3a4-0426-4bf3-8ff8-d19fd26bb56c.binning_data.json,10011,63060051,2025-11-03 20:08:03.169,2025-11-03 20:08:03.169,100.0,22.0,76.0,,UTC-0300,tWUO8ZL77Z,,com.sec.android.app.shealth,2025-11-03 19:59:59.999,b589a3a4-0426-4bf3-8ff8-d19fd26bb56c,
63060051,2025-11-03 20:00:00.000,,299c35c4-c594-4bd4-be88-0693597581f0.binning_data.json,10011,63060051,2025-11-03 21:08:26.066,2025-11-03 21:08:26.066,100.0,12.0,66.0,,UTC-0300,tWUO8ZL77Z,,com.sec.android.app.shealth,2025-11-03 20:59:59.999,299c35c4-c594-4bd4-be88-0693597581f0,
63060051,2025-11-03 21:00:00.000,,70d171c4-8398-4822-9d67-9b1fbde3c515.binning_data.json,10011,63060051,2025-11-03 22:19:59.581,2025-11-03 22:19:59.581,88.0,16.0,49.0,,UTC-0300,tWUO8ZL77Z,,com.sec.android.app.shealth,2025-11-03 21:59:59.999,70d171c4-8398-4822-9d67-9b1fbde3c515,
63060051,2025-11-03 22:00:00.000,,531530ff-917e-4465-85fe-b6c14b389781.binning_data.json,10011,63060051,2025-11-03 23:04:26.798,2025-11-03 22:54:34.913,97.0,11.0,54.0,,UTC-0300,tWUO8ZL77Z,,com.sec.android.app.shealth,2025-11-03 22:59:59.999,531530ff-917e-4465-85fe-b6c14b389781,
63060051,2025-11-03 23:00:00.000,,2d432579-20d2-4d33-bda2-cef1eebc7ac8.binning_data.json,10011,63060051,2025-11-04 01:57:14.815,2025-11-03 23:10:39.417,89.0,17.0,47.0,,UTC-0300,tWUO8ZL77Z,,com.sec.android.app.shealth,2025-11-03 23:59:59.999,2d432579-20d2-4d33-bda2-cef1eebc7ac8,
63060051,2025-11-04 01:00:00.000,,00920e18-174a-4aa2-a073-308eeddd9bc5.binning_data.json,10011,63060051,2025-11-04 02:12:21.824,2025-11-04 02:12:21.824,100.0,0.0,50.0,,UTC-0300,tWUO8ZL77Z,,com.sec.android.app.shealth,2025-11-04 01:59:59.999,00920e18-174a-4aa2-a073-308eeddd9bc5,
63060051,2025-11-04 02:00:00.000,,b211e111-24c9-4466-b30f-bc4051a80b5f.binning_data.json,10011,63060051,2025-11-04 03:22:50.223,2025-11-04 03:22:50.223,61.0,0.0,5.0,,UTC-0300,tWUO8ZL77Z,,com.sec.android.app.shealth,2025-11-04 02:59:59.999,b211e111-24c9-4466-b30f-bc4051a80b5f,
63060051,2025-11-04 03:00:00.000,,48c3bafd-de4d-4be5-a5b3-7788449c8289.binning_data.json,10011,63060051,2025-11-04 04:15:02.582,2025-11-04 04:15:02.582,0.0,0.0,0.0,,UTC-0300,tWUO8ZL77Z,,com.sec.android.app.shealth,2025-11-04 03:59:59.999,48c3bafd-de4d-4be5-a5b3-7788449c8289,
63060051,2025-11-04 04:00:00.000,,1cfab3ef-6ae7-4588-93e2-e88ddcbd3d38.binning_data.json,10011,63060051,2025-11-04 06:40:04.863,2025-11-04 06:29:42.204,0.0,0.0,0.0,,UTC-0300,tWUO8ZL77Z,,com.sec.android.app.shealth,2025-11-04 04:59:59.999,1cfab3ef-6ae7-4588-93e2-e88ddcbd3d38,
63060051,2025-11-04 06:00:00.000,,58b0037c-45fe-441f-a206-3afabc1f5f32.binning_data.json,10011,63060051,2025-11-04 10:47:00.803,2025-11-04 10:36:11.695,0.0,0.0,0.0,,UTC-0300,tWUO8ZL77Z,,com.sec.android.app.shealth,2025-11-04 06:59:59.999,58b0037c-45fe-441f-a206-3afabc1f5f32,
63060051,2025-11-04 10:00:00.000,,3a32833e-ac5d-4897-ade0-3ad95a016c1f.binning_data.json,10011,63060051,2025-11-04 11:12:57.372,2025-11-04 11:12:57.372,84.0,4.0,40.0,,UTC-0300,tWUO8ZL77Z,,com.sec.android.app.shealth,2025-11-04 10:59:59.999,3a32833e-ac5d-4897-ade0-3ad95a016c1f,
63060051,2025-11-04 11:00:00.000,,d9a4f4c1-00c8-4752-b6b7-f13046ee9d19.binning_data.json,10011,63060051,2025-11-04 12:06:59.312,2025-11-04 12:06:59.312,99.0,10.0,62.0,,UTC-0300,tWUO8ZL77Z,,com.sec.android.app.shealth,2025-11-04 11:59:59.999,d9a4f4c1-00c8-4752-b6b7-f13046ee9d19,
63060051,2025-11-04 12:00:00.000,,d74e1e76-0b4f-4201-838c-ea1580be71d7.binning_data.json,10011,63060051,2025-11-04 13:15:26.418,2025-11-04 13:15:26.418,99.0,6.0,65.0,,UTC-0300,tWUO8ZL77Z,,com.sec.android.app.shealth,2025-11-04 12:59:59.999,d74e1e76-0b4f-4201-838c-ea1580be71d7,
63060051,2025-11-04 13:00:00.000,,144d0f1c-e71d-4aa4-b64a-3e8c03f602ae.binning_data.json,10011,63060051,2025-11-04 14:14:10.559,2025-11-04 14:14:10.559,98.0,11.0,60.0,,UTC-0300,tWUO8ZL77Z,,com.sec.android.app.shealth,2025-11-04 13:59:59.999,144d0f1c-e71d-4aa4-b64a-3e8c03f602ae,
63060051,2025-11-04 14:00:00.000,,936eeba3-d2b5-4a63-b341-95b8583d99a9.binning_data.json,10011,63060051,2025-11-04 15:11:38.064,2025-11-04 15:11:38.064,100.0,13.0,52.0,,UTC-0300,tWUO8ZL77Z,,com.sec.android.app.shealth,2025-11-04 14:59:59.999,936eeba3-d2b5-4a63-b341-95b8583d99a9,
63060051,2025-11-04 15:00:00.000,,084eb8ce-50a6-465d-9f79-4b09a8c427ea.binning_data.json,10011,63060051,2025-11-04 16:28:27.724,2025-11-04 16:28:27.724,100.0,17.0,44.0,,UTC-0300,tWUO8ZL77Z,,com.sec.android.app.shealth,2025-11-04 15:59:59.999,084eb8ce-50a6-465d-9f79-4b09a8c427ea,
63060051,2025-11-04 16:00:00.000,,a6bd4083-b589-4af6-a984-3b9deb72dcd3.binning_data.json,10011,63060051,2025-11-04 17:05:53.575,2025-11-04 17:05:53.575,90.0,16.0,50.0,,UTC-0300,tWUO8ZL77Z,,com.sec.android.app.shealth,2025-11-04 16:59:59.999,a6bd4083-b589-4af6-a984-3b9deb72dcd3,
63060051,2025-11-04 17:00:00.000,,5642e99d-8c82-4541-a971-0f9921c6c79a.binning_data.json,10011,63060051,2025-11-04 18:07:13.587,2025-11-04 18:07:13.587,99.0,15.0,43.0,,UTC-0300,tWUO8ZL77Z,,com.sec.android.app.shealth,2025-11-04 17:59:59.999,5642e99d-8c82-4541-a971-0f9921c6c79a,
63060051,2025-11-04 19:00:00.000,,ae7b6246-9b46-4ebe-90e5-035011e24134.binning_data.json,10011,63060051,2025-11-04 20:10:10.441,2025-11-04 20:10:10.441,99.0,1.0,40.0,,UTC-0300,tWUO8ZL77Z,,com.sec.android.app.shealth,2025-11-04 19:59:59.999,ae7b6246-9b46-4ebe-90e5-035011e24134,
63060051,2025-11-04 18:00:00.000,,5d8c38f5-4e2b-4881-bedc-964e92199e2c.binning_data.json,10011,63060051,2025-11-04 19:09:07.702,2025-11-04 19:09:07.702,100.0,8.0,40.0,,UTC-0300,tWUO8ZL77Z,,com.sec.android.app.shealth,2025-11-04 18:59:59.999,5d8c38f5-4e2b-4881-bedc-964e92199e2c,
63060051,2025-11-04 20:00:00.000,,2faff9f2-9b48-4971-9f93-60695a00d495.binning_data.json,10011,63060051,2025-11-04 21:23:07.180,2025-11-04 21:23:07.180,25.0,14.0,18.0,,UTC-0300,tWUO8ZL77Z,,com.sec.android.app.shealth,2025-11-04 20:59:59.999,2faff9f2-9b48-4971-9f93-60695a00d495,
63060051,2025-11-04 21:00:00.000,,c4835520-1159-48e1-9310-682cb8d53e7a.binning_data.json,10011,63060051,2025-11-04 22:03:00.814,2025-11-04 22:03:00.814,97.0,19.0,59.0,,UTC-0300,tWUO8ZL77Z,,com.sec.android.app.shealth,2025-11-04 21:59:59.999,c4835520-1159-48e1-9310-682cb8d53e7a,
63060051,2025-11-04 22:00:00.000,,58cd7d3d-eb5b-4b8e-b9d8-7484d36e6bda.binning_data.json,10011,63060051,2025-11-04 23:03:55.191,2025-11-04 23:03:55.191,97.0,9.0,52.0,,UTC-0300,tWUO8ZL77Z,,com.sec.android.app.shealth,2025-11-04 22:59:59.999,58cd7d3d-eb5b-4b8e-b9d8-7484d36e6bda,
63060051,2025-11-04 23:00:00.000,,bb731289-57ae-48a4-9505-fe7877827294.binning_data.json,10011,63060051,2025-11-05 00:08:11.921,2025-11-04 23:03:55.270,89.0,28.0,55.0,,UTC-0300,tWUO8ZL77Z,,com.sec.android.app.shealth,2025-11-04 23:59:59.999,bb731289-57ae-48a4-9505-fe7877827294,
63060051,2025-11-05 00:00:00.000,,cea10eb5-0f1b-4c2a-975c-ecb8cedff284.binning_data.json,10011,63060051,2025-11-05 01:25:02.303,2025-11-05 01:25:02.303,98.0,8.0,51.0,,UTC-0300,tWUO8ZL77Z,,com.sec.android.app.shealth,2025-11-05 00:59:59.999,cea10eb5-0f1b-4c2a-975c-ecb8cedff284,
63060051,2025-11-05 01:00:00.000,,ed42541c-0662-4ef9-9dac-81be1119a6a2.binning_data.json,10011,63060051,2025-11-05 02:45:11.753,2025-11-05 02:35:10.881,13.0,0.0,2.0,,UTC-0300,tWUO8ZL77Z,,com.sec.android.app.shealth,2025-11-05 01:59:59.999,ed42541c-0662-4ef9-9dac-81be1119a6a2,
63060051,2025-11-05 02:00:00.000,,a68314ac-957e-41df-8d6b-987827392bf6.binning_data.json,10011,63060051,2025-11-05 08:28:00.570,2025-11-05 08:28:00.570,0.0,0.0,0.0,,UTC-0300,tWUO8ZL77Z,,com.sec.android.app.shealth,2025-11-05 02:59:59.999,a68314ac-957e-41df-8d6b-987827392bf6,
63060051,2025-11-05 08:00:00.000,,31e3cf19-d2a9-44cd-84c3-a367ffbb3235.binning_data.json,10011,63060051,2025-11-05 12:41:11.709,2025-11-05 08:49:26.657,86.0,0.0,25.0,,UTC-0300,tWUO8ZL77Z,,com.sec.android.app.shealth,2025-11-05 08:59:59.999,31e3cf19-d2a9-44cd-84c3-a367ffbb3235,
63060051,2025-11-05 12:00:00.000,,861efdbf-0532-4e40-8691-9c196853ce14.binning_data.json,10011,63060051,2025-11-05 13:03:31.192,2025-11-05 13:03:31.192,100.0,45.0,80.0,,UTC-0300,tWUO8ZL77Z,,com.sec.android.app.shealth,2025-11-05 12:59:59.999,861efdbf-0532-4e40-8691-9c196853ce14,
63060051,2025-11-05 13:00:00.000,,9299cd2f-5f4a-4179-ac5c-ebf50f83ac1b.binning_data.json,10011,63060051,2025-11-05 14:13:49.860,2025-11-05 14:13:49.860,96.0,0.0,41.0,,UTC-0300,tWUO8ZL77Z,,com.sec.android.app.shealth,2025-11-05 13:59:59.999,9299cd2f-5f4a-4179-ac5c-ebf50f83ac1b,
63060051,2025-11-05 14:00:00.000,,841cc98c-a4b6-4fe5-a282-0bd1a15055e1.binning_data.json,10011,63060051,2025-11-05 15:05:12.677,2025-11-05 14:24:30.251,100.0,0.0,47.0,,UTC-0300,tWUO8ZL77Z,,com.sec.android.app.shealth,2025-11-05 14:59:59.999,841cc98c-a4b6-4fe5-a282-0bd1a15055e1,
63060051,2025-11-05 15:00:00.000,,7b8d729e-1ba7-4a6e-bb3a-ca6b5e95f3ef.binning_data.json,10011,63060051,2025-11-05 16:09:15.299,2025-11-05 15:48:57.612,99.0,17.0,60.0,,UTC-0300,tWUO8ZL77Z,,com.sec.android.app.shealth,2025-11-05 15:59:59.999,7b8d729e-1ba7-4a6e-bb3a-ca6b5e95f3ef,
63060051,2025-11-05 16:00:00.000,,4b121d62-5ef6-4394-965f-3512aacdc1e9.binning_data.json,10011,63060051,2025-11-05 17:09:35.005,2025-11-05 17:09:35.005,100.0,19.0,67.0,,UTC-0300,tWUO8ZL77Z,,com.sec.android.app.shealth,2025-11-05 16:59:59.999,4b121d62-5ef6-4394-965f-3512aacdc1e9,
63060051,2025-11-05 17:00:00.000,,83c8ac07-40c3-4816-a8ef-2ee6924fef5b.binning_data.json,10011,63060051,2025-11-05 18:09:39.638,2025-11-05 17:38:51.085,100.0,16.0,59.0,,UTC-0300,tWUO8ZL77Z,,com.sec.android.app.shealth,2025-11-05 17:59:59.999,83c8ac07-40c3-4816-a8ef-2ee6924fef5b,
63060051,2025-11-05 18:00:00.000,,5b5b3af8-85eb-4770-b451-cc9061f3a436.binning_data.json,10011,63060051,2025-11-05 19:53:06.267,2025-11-05 18:09:40.004,100.0,2.0,57.0,,UTC-0300,tWUO8ZL77Z,,com.sec.android.app.shealth,2025-11-05 18:59:59.999,5b5b3af8-85eb-4770-b451-cc9061f3a436,
63060051,2025-11-05 19:00:00.000,,d303cb6c-3aa5-4892-b639-27c7a8f5e0fe.binning_data.json,10011,63060051,2025-11-05 20:11:04.860,2025-11-05 20:11:04.860,76.0,18.0,42.0,,UTC-0300,tWUO8ZL77Z,,com.sec.android.app.shealth,2025-11-05 19:59:59.999,d303cb6c-3aa5-4892-b639-27c7a8f5e0fe,
63060051,2025-11-05 20:00:00.000,,3878d3cc-f901-4522-83d0-c686ce72f39f.binning_data.json,10011,63060051,2025-11-05 21:03:05.406,2025-11-05 21:03:05.406,91.0,6.0,44.0,,UTC-0300,tWUO8ZL77Z,,com.sec.android.app.shealth,2025-11-05 20:59:59.999,3878d3cc-f901-4522-83d0-c686ce72f39f,
63060051,2025-11-05 22:00:00.000,,5d575910-9a47-4806-8182-2ffbb6b8df84.binning_data.json,10011,63060051,2025-11-05 23:11:27.109,2025-11-05 23:11:27.109,83.0,0.0,26.0,,UTC-0300,tWUO8ZL77Z,,com.sec.android.app.shealth,2025-11-05 22:59:59.999,5d575910-9a47-4806-8182-2ffbb6b8df84,
63060051,2025-11-05 23:00:00.000,,458d43c4-c013-48f3-aefe-5ec7065a4dc8.binning_data.json,10011,63060051,2025-11-06 00:06:53.543,2025-11-06 00:06:53.543,33.0,2.0,21.0,,UTC-0300,tWUO8ZL77Z,,com.sec.android.app.shealth,2025-11-05 23:59:59.999,458d43c4-c013-48f3-aefe-5ec7065a4dc8,
63060051,2025-11-05 21:00:00.000,,6496852c-7ab1-44da-b49a-1ba8636bd37d.binning_data.json,10011,63060051,2025-11-05 22:05:14.740,2025-11-05 22:05:14.740,97.0,2.0,40.0,,UTC-0300,tWUO8ZL77Z,,com.sec.android.app.shealth,2025-11-05 21:59:59.999,6496852c-7ab1-44da-b49a-1ba8636bd37d,
63060051,2025-11-06 00:00:00.000,,1d9cb994-5ea5-423c-bb29-06f46394f4a6.binning_data.json,10011,63060051,2025-11-06 01:09:02.491,2025-11-06 01:09:02.491,95.0,3.0,34.0,,UTC-0300,tWUO8ZL77Z,,com.sec.android.app.shealth,2025-11-06 00:59:59.999,1d9cb994-5ea5-423c-bb29-06f46394f4a6,
63060051,2025-11-06 01:00:00.000,,e0e61f7b-8393-40fd-a7f1-718b1b16bdb4.binning_data.json,10011,63060051,2025-11-06 02:32:21.995,2025-11-06 02:32:21.995,94.0,8.0,54.0,,UTC-0300,tWUO8ZL77Z,,com.sec.android.app.shealth,2025-11-06 01:59:59.999,e0e61f7b-8393-40fd-a7f1-718b1b16bdb4,
63060051,2025-11-06 02:00:00.000,,2e9bfd28-eb40-4ec1-8f1a-c05914dde57e.binning_data.json,10011,63060051,2025-11-06 03:13:56.084,2025-11-06 03:13:56.084,100.0,1.0,41.0,,UTC-0300,tWUO8ZL77Z,,com.sec.android.app.shealth,2025-11-06 02:59:59.999,2e9bfd28-eb40-4ec1-8f1a-c05914dde57e,
63060051,2025-11-06 03:00:00.000,,a06a61bb-52bc-4859-bb9d-a56c51719988.binning_data.json,10011,63060051,2025-11-06 04:20:16.987,2025-11-06 04:20:16.987,13.0,0.0,2.0,,UTC-0300,tWUO8ZL77Z,,com.sec.android.app.shealth,2025-11-06 03:59:59.999,a06a61bb-52bc-4859-bb9d-a56c51719988,
63060051,2025-11-06 04:00:00.000,,88448aa5-daee-4cde-b8dc-eb2364742103.binning_data.json,10011,63060051,2025-11-06 06:33:51.349,2025-11-06 06:33:51.349,0.0,0.0,0.0,,UTC-0300,tWUO8ZL77Z,,com.sec.android.app.shealth,2025-11-06 04:59:59.999,88448aa5-daee-4cde-b8dc-eb2364742103,
63060051,2025-11-06 05:00:00.000,,fdb2c590-6d3b-4e41-84b3-5b2fae82b67c.binning_data.json,10011,63060051,2025-11-06 09:13:40.375,2025-11-06 06:33:52.986,0.0,0.0,0.0,,UTC-0300,tWUO8ZL77Z,,com.sec.android.app.shealth,2025-11-06 05:59:59.999,fdb2c590-6d3b-4e41-84b3-5b2fae82b67c,
63060051,2025-11-06 09:00:00.000,,3a22979f-38cd-420b-b4df-0cf5d14f7e70.binning_data.json,10011,63060051,2025-11-06 10:49:08.973,2025-11-06 09:13:40.458,64.0,0.0,10.0,,UTC-0300,tWUO8ZL77Z,,com.sec.android.app.shealth,2025-11-06 09:59:59.999,3a22979f-38cd-420b-b4df-0cf5d14f7e70,
63060051,2025-11-06 10:00:00.000,,f113114c-4f16-4711-a503-88160ae01db5.binning_data.json,10011,63060051,2025-11-06 11:33:21.371,2025-11-06 11:33:21.371,95.0,3.0,43.0,,UTC-0300,tWUO8ZL77Z,,com.sec.android.app.shealth,2025-11-06 10:59:59.999,f113114c-4f16-4711-a503-88160ae01db5,
63060051,2025-11-06 11:00:00.000,,e130099d-7658-40c9-988d-554601b9a634.binning_data.json,10011,63060051,2025-11-06 12:39:05.111,2025-11-06 12:39:05.111,56.0,0.0,20.0,,UTC-0300,tWUO8ZL77Z,,com.sec.android.app.shealth,2025-11-06 11:59:59.999,e130099d-7658-40c9-988d-554601b9a634,
63060051,2025-11-06 12:00:00.000,,8ef87257-3410-481f-aa3a-585deaf530d8.binning_data.json,10011,63060051,2025-11-06 13:20:34.411,2025-11-06 13:20:34.411,53.0,12.0,29.0,,UTC-0300,tWUO8ZL77Z,,com.sec.android.app.shealth,2025-11-06 12:59:59.999,8ef87257-3410-481f-aa3a-585deaf530d8,
63060051,2025-11-06 13:00:00.000,,a34013c6-d2a2-41dc-8a26-24822e11e34e.binning_data.json,10011,63060051,2025-11-06 14:14:00.338,2025-11-06 13:24:41.647,99.0,20.0,64.0,,UTC-0300,tWUO8ZL77Z,,com.sec.android.app.shealth,2025-11-06 13:59:59.999,a34013c6-d2a2-41dc-8a26-24822e11e34e,
63060051,2025-11-06 14:00:00.000,,2550c13a-7b7a-43d4-a70d-5483600fb44c.binning_data.json,10011,63060051,2025-11-06 15:20:23.102,2025-11-06 14:14:28.383,100.0,14.0,60.0,,UTC-0300,tWUO8ZL77Z,,com.sec.android.app.shealth,2025-11-06 14:59:59.999,2550c13a-7b7a-43d4-a70d-5483600fb44c,
63060051,2025-11-06 15:00:00.000,,a20710a8-8701-4d45-985c-8adc16bdcf69.binning_data.json,10011,63060051,2025-11-06 16:38:00.342,2025-11-06 16:38:00.342,98.0,15.0,57.0,,UTC-0300,tWUO8ZL77Z,,com.sec.android.app.shealth,2025-11-06 15:59:59.999,a20710a8-8701-4d45-985c-8adc16bdcf69,
63060051,2025-11-06 16:00:00.000,,af039234-a8d0-478b-86d3-a53501e6d116.binning_data.json,10011,63060051,2025-11-06 17:11:14.592,2025-11-06 17:11:14.592,97.0,89.0,92.0,,UTC-0300,tWUO8ZL77Z,,com.sec.android.app.shealth,2025-11-06 16:59:59.999,af039234-a8d0-478b-86d3-a53501e6d116,
63060051,2025-11-06 17:00:00.000,,016cc8c5-d062-44fb-9a1f-26959031f81d.binning_data.json,10011,63060051,2025-11-06 18:13:06.525,2025-11-06 18:13:06.525,100.0,5.0,84.0,,UTC-0300,tWUO8ZL77Z,,com.sec.android.app.shealth,2025-11-06 17:59:59.999,016cc8c5-d062-44fb-9a1f-26959031f81d,
63060051,2025-11-06 18:00:00.000,,e67f8b57-a61f-4b9e-be2c-c8dde8e568db.binning_data.json,10011,63060051,2025-11-06 19:14:00.807,2025-11-06 18:27:47.379,98.0,8.0,40.0,,UTC-0300,tWUO8ZL77Z,,com.sec.android.app.shealth,2025-11-06 18:59:59.999,e67f8b57-a61f-4b9e-be2c-c8dde8e568db,
63060051,2025-11-07 00:00:00.000,,f678e652-f9a4-4859-9509-37139392b05a.binning_data.json,10011,63060051,2025-11-07 01:24:07.713,2025-11-07 01:24:07.713,5.0,0.0,1.0,,UTC-0300,tWUO8ZL77Z,,com.sec.android.app.shealth,2025-11-07 00:59:59.999,f678e652-f9a4-4859-9509-37139392b05a,
63060051,2025-11-07 01:00:00.000,,a038fd43-ecbb-4e56-bcfa-f57d827ed3a0.binning_data.json,10011,63060051,2025-11-07 02:20:26.097,2025-11-07 02:20:26.097,0.0,0.0,0.0,,UTC-0300,tWUO8ZL77Z,,com.sec.android.app.shealth,2025-11-07 01:59:59.999,a038fd43-ecbb-4e56-bcfa-f57d827ed3a0,
63060051,2025-11-07 02:00:00.000,,99ddfde2-49cd-427e-84b1-37e48ea71a0d.binning_data.json,10011,63060051,2025-11-07 03:22:47.750,2025-11-07 03:22:47.750,0.0,0.0,0.0,,UTC-0300,tWUO8ZL77Z,,com.sec.android.app.shealth,2025-11-07 02:59:59.999,99ddfde2-49cd-427e-84b1-37e48ea71a0d,
63060051,2025-11-07 03:00:00.000,,a7fd6f81-8e3d-4c26-9384-959a8376c8bf.binning_data.json,10011,63060051,2025-11-07 04:59:00.779,2025-11-07 04:57:27.405,0.0,0.0,0.0,,UTC-0300,tWUO8ZL77Z,,com.sec.android.app.shealth,2025-11-07 03:59:59.999,a7fd6f81-8e3d-4c26-9384-959a8376c8bf,
63060051,2025-11-07 04:00:00.000,,63f9b4d5-ffdc-4f12-a4c0-b47c640f97a6.binning_data.json,10011,63060051,2025-11-07 05:01:00.889,2025-11-07 05:01:00.889,0.0,0.0,0.0,,UTC-0300,tWUO8ZL77Z,,com.sec.android.app.shealth,2025-11-07 04:59:59.999,63f9b4d5-ffdc-4f12-a4c0-b47c640f97a6,
63060051,2025-11-07 05:00:00.000,,bbb66007-a0e1-42ec-b5c5-a0a2a9ad4890.binning_data.json,10011,63060051,2025-11-07 09:44:32.808,2025-11-07 09:44:32.808,0.0,0.0,0.0,,UTC-0300,tWUO8ZL77Z,,com.sec.android.app.shealth,2025-11-07 05:59:59.999,bbb66007-a0e1-42ec-b5c5-a0a2a9ad4890,
63060051,2025-11-07 09:00:00.000,,03235a3e-8cc7-41c2-a755-b46d76a7e9f4.binning_data.json,10011,63060051,2025-11-07 10:15:40.492,2025-11-07 10:15:40.492,0.0,0.0,0.0,,UTC-0300,tWUO8ZL77Z,,com.sec.android.app.shealth,2025-11-07 09:59:59.999,03235a3e-8cc7-41c2-a755-b46d76a7e9f4,
63060051,2025-11-07 14:00:00.000,,b3bf060a-d09e-40fd-b1d7-86b2a2170c87.binning_data.json,10011,63060051,2025-11-07 15:41:29.206,2025-11-07 15:41:29.206,72.0,0.0,27.0,,UTC-0300,tWUO8ZL77Z,,com.sec.android.app.shealth,2025-11-07 14:59:59.999,b3bf060a-d09e-40fd-b1d7-86b2a2170c87,
63060051,2025-11-07 15:00:00.000,,8a9c9e21-ca51-4d9f-ba85-d140f99413d3.binning_data.json,10011,63060051,2025-11-07 16:08:09.571,2025-11-07 16:08:09.571,93.0,42.0,64.0,,UTC-0300,tWUO8ZL77Z,,com.sec.android.app.shealth,2025-11-07 15:59:59.999,8a9c9e21-ca51-4d9f-ba85-d140f99413d3,
63060051,2025-11-07 10:00:00.000,,20ba8c12-8144-4784-b024-2a806cec47f3.binning_data.json,10011,63060051,2025-11-07 14:39:12.847,2025-11-07 14:39:12.847,0.0,0.0,0.0,,UTC-0300,tWUO8ZL77Z,,com.sec.android.app.shealth,2025-11-07 10:59:59.999,20ba8c12-8144-4784-b024-2a806cec47f3,
63060051,2025-11-07 16:00:00.000,,92df9d03-ad71-4f65-9391-1068e855762a.binning_data.json,10011,63060051,2025-11-07 17:23:25.223,2025-11-07 17:23:25.223,91.0,21.0,56.0,,UTC-0300,tWUO8ZL77Z,,com.sec.android.app.shealth,2025-11-07 16:59:59.999,92df9d03-ad71-4f65-9391-1068e855762a,
63060051,2025-11-07 17:00:00.000,,d9ad11f9-711d-4b21-bd8e-458e86796d09.binning_data.json,10011,63060051,2025-11-07 19:12:35.784,2025-11-07 19:12:35.784,69.0,18.0,38.0,,UTC-0300,tWUO8ZL77Z,,com.sec.android.app.shealth,2025-11-07 17:59:59.999,d9ad11f9-711d-4b21-bd8e-458e86796d09,
63060051,2025-11-07 19:00:00.000,,3558bd81-ed94-41ba-932d-a5210e8bb843.binning_data.json,10011,63060051,2025-11-07 20:40:36.852,2025-11-07 20:40:36.852,100.0,3.0,47.0,,UTC-0300,tWUO8ZL77Z,,com.sec.android.app.shealth,2025-11-07 19:59:59.999,3558bd81-ed94-41ba-932d-a5210e8bb843,
63060051,2025-11-07 20:00:00.000,,a26855d8-e9cc-4691-9a97-5cfdb97cca90.binning_data.json,10011,63060051,2025-11-07 22:03:51.365,2025-11-07 22:03:51.365,73.0,27.0,49.0,,UTC-0300,tWUO8ZL77Z,,com.sec.android.app.shealth,2025-11-07 20:59:59.999,a26855d8-e9cc-4691-9a97-5cfdb97cca90,
63060051,2025-11-07 21:00:00.000,,792c590d-55eb-4f6a-bf4b-5c40a8bc0f07.binning_data.json,10011,63060051,2025-11-07 22:11:00.943,2025-11-07 22:11:00.943,1.0,1.0,1.0,,UTC-0300,tWUO8ZL77Z,,com.sec.android.app.shealth,2025-11-07 21:59:59.999,792c590d-55eb-4f6a-bf4b-5c40a8bc0f07,
63060051,2025-11-07 22:00:00.000,,30caf995-2fec-464b-8da4-8920bef8f3e0.binning_data.json,10011,63060051,2025-11-07 23:10:23.921,2025-11-07 22:30:53.800,94.0,12.0,50.0,,UTC-0300,tWUO8ZL77Z,,com.sec.android.app.shealth,2025-11-07 22:59:59.999,30caf995-2fec-464b-8da4-8920bef8f3e0,
63060051,2025-11-08 00:00:00.000,,8836d0de-cd61-45b9-8318-c5c06d931ad5.binning_data.json,10011,63060051,2025-11-08 01:07:36.301,2025-11-08 01:07:36.301,33.0,0.0,7.0,,UTC-0300,tWUO8ZL77Z,,com.sec.android.app.shealth,2025-11-08 00:59:59.999,8836d0de-cd61-45b9-8318-c5c06d931ad5,
63060051,2025-11-07 23:00:00.000,,1b065c00-c737-4b86-b192-cd68fe856631.binning_data.json,10011,63060051,2025-11-08 00:14:33.587,2025-11-08 00:14:33.587,100.0,2.0,45.0,,UTC-0300,tWUO8ZL77Z,,com.sec.android.app.shealth,2025-11-07 23:59:59.999,1b065c00-c737-4b86-b192-cd68fe856631,
63060051,2025-11-08 01:00:00.000,,a26a4cf1-cd02-43c4-9be2-dd3cd07a9262.binning_data.json,10011,63060051,2025-11-08 02:02:14.692,2025-11-08 01:13:33.450,92.0,8.0,36.0,,UTC-0300,tWUO8ZL77Z,,com.sec.android.app.shealth,2025-11-08 01:59:59.999,a26a4cf1-cd02-43c4-9be2-dd3cd07a9262,
63060051,2025-11-08 02:00:00.000,,a2b790f3-811a-4c95-82ae-4d57055a31a9.binning_data.json,10011,63060051,2025-11-08 09:35:16.713,2025-11-08 09:35:16.713,22.0,0.0,5.0,,UTC-0300,tWUO8ZL77Z,,com.sec.android.app.shealth,2025-11-08 02:59:59.999,a2b790f3-811a-4c95-82ae-4d57055a31a9,
63060051,2025-11-08 09:00:00.000,,f1a2297b-90b8-4685-9431-66d89d6e0541.binning_data.json,10011,63060051,2025-11-08 10:02:15.789,2025-11-08 09:43:00.601,9.0,0.0,1.0,,UTC-0300,tWUO8ZL77Z,,com.sec.android.app.shealth,2025-11-08 09:59:59.999,f1a2297b-90b8-4685-9431-66d89d6e0541,
63060051,2025-11-08 10:00:00.000,,9e1b7d24-1039-4042-8bd5-b7fb624efd1b.binning_data.json,10011,63060051,2025-11-08 11:04:45.362,2025-11-08 11:04:45.362,65.0,0.0,15.0,,UTC-0300,tWUO8ZL77Z,,com.sec.android.app.shealth,2025-11-08 10:59:59.999,9e1b7d24-1039-4042-8bd5-b7fb624efd1b,
63060051,2025-11-08 11:00:00.000,,ffd2f91c-4a2d-441c-ae03-5e6db548bc7d.binning_data.json,10011,63060051,2025-11-08 12:03:03.175,2025-11-08 11:31:49.000,96.0,2.0,49.0,,UTC-0300,tWUO8ZL77Z,,com.sec.android.app.shealth,2025-11-08 11:59:59.999,ffd2f91c-4a2d-441c-ae03-5e6db548bc7d,
63060051,2025-11-08 12:00:00.000,,223807be-22d6-4f8f-8114-226d59db0618.binning_data.json,10011,63060051,2025-11-08 13:40:54.616,2025-11-08 12:19:53.963,97.0,1.0,27.0,,UTC-0300,tWUO8ZL77Z,,com.sec.android.app.shealth,2025-11-08 12:59:59.999,223807be-22d6-4f8f-8114-226d59db0618,
63060051,2025-11-08 13:00:00.000,,80721d29-44d9-4098-b2d8-f2dff4b31cf7.binning_data.json,10011,63060051,2025-11-08 14:39:32.913,2025-11-08 14:39:32.913,53.0,11.0,26.0,,UTC-0300,tWUO8ZL77Z,,com.sec.android.app.shealth,2025-11-08 13:59:59.999,80721d29-44d9-4098-b2d8-f2dff4b31cf7,
63060051,2025-11-08 14:00:00.000,,b30ad4e7-f730-45f6-a04e-8f13fdc0e4fe.binning_data.json,10011,63060051,2025-11-08 15:03:12.189,2025-11-08 14:39:58.778,99.0,5.0,51.0,,UTC-0300,tWUO8ZL77Z,,com.sec.android.app.shealth,2025-11-08 14:59:59.999,b30ad4e7-f730-45f6-a04e-8f13fdc0e4fe,
63060051,2025-11-08 15:00:00.000,,870dba19-50b7-4acb-a19b-eabec5d15ab0.binning_data.json,10011,63060051,2025-11-08 16:31:27.406,2025-11-08 15:47:51.768,76.0,3.0,26.0,,UTC-0300,tWUO8ZL77Z,,com.sec.android.app.shealth,2025-11-08 15:59:59.999,870dba19-50b7-4acb-a19b-eabec5d15ab0,
63060051,2025-11-08 16:00:00.000,,b1160a0d-994f-4242-be28-320fab554a80.binning_data.json,10011,63060051,2025-11-08 17:10:42.677,2025-11-08 17:10:42.677,56.0,10.0,28.0,,UTC-0300,tWUO8ZL77Z,,com.sec.android.app.shealth,2025-11-08 16:59:59.999,b1160a0d-994f-4242-be28-320fab554a80,
63060051,2025-11-08 19:00:00.000,,8772c076-f4c8-44ff-b061-2aaa6dfefaed.binning_data.json,10011,63060051,2025-11-08 20:05:11.444,2025-11-08 19:43:31.358,100.0,6.0,62.0,,UTC-0300,tWUO8ZL77Z,,com.sec.android.app.shealth,2025-11-08 19:59:59.999,8772c076-f4c8-44ff-b061-2aaa6dfefaed,
63060051,2025-11-08 20:00:00.000,,da541064-b5d3-4466-938a-bc84591ea0cb.binning_data.json,10011,63060051,2025-11-08 21:55:46.786,2025-11-08 21:55:46.786,29.0,15.0,19.0,,UTC-0300,tWUO8ZL77Z,,com.sec.android.app.shealth,2025-11-08 20:59:59.999,da541064-b5d3-4466-938a-bc84591ea0cb,
63060051,2025-11-08 21:00:00.000,,146b6aed-360b-421d-a28f-3ad02f05ff5a.binning_data.json,10011,63060051,2025-11-08 22:19:53.548,2025-11-08 22:19:53.548,69.0,23.0,50.0,,UTC-0300,tWUO8ZL77Z,,com.sec.android.app.shealth,2025-11-08 21:59:59.999,146b6aed-360b-421d-a28f-3ad02f05ff5a,
63060051,2025-11-08 22:00:00.000,,02e72038-9eec-468b-9aa2-920a685483e0.binning_data.json,10011,63060051,2025-11-08 23:07:53.364,2025-11-08 23:07:53.364,100.0,0.0,31.0,,UTC-0300,tWUO8ZL77Z,,com.sec.android.app.shealth,2025-11-08 22:59:59.999,02e72038-9eec-468b-9aa2-920a685483e0,
63060051,2025-11-08 17:00:00.000,,3f9c3ac0-1bd1-426f-b791-b74770033507.binning_data.json,10011,63060051,2025-11-08 18:04:07.386,2025-11-08 18:04:07.386,99.0,23.0,70.0,,UTC-0300,tWUO8ZL77Z,,com.sec.android.app.shealth,2025-11-08 17:59:59.999,3f9c3ac0-1bd1-426f-b791-b74770033507,
63060051,2025-11-08 18:00:00.000,,e0d310d0-ca5d-44f9-9bd8-9e41220cdc39.binning_data.json,10011,63060051,2025-11-08 19:41:00.897,2025-11-08 18:18:52.488,94.0,11.0,60.0,,UTC-0300,tWUO8ZL77Z,,com.sec.android.app.shealth,2025-11-08 18:59:59.999,e0d310d0-ca5d-44f9-9bd8-9e41220cdc39,
63060051,2025-11-08 23:00:00.000,,e38f2096-ee44-4201-abc1-940fa1ac23dc.binning_data.json,10011,63060051,2025-11-09 00:14:11.762,2025-11-09 00:14:11.762,86.0,11.0,51.0,,UTC-0300,tWUO8ZL77Z,,com.sec.android.app.shealth,2025-11-08 23:59:59.999,e38f2096-ee44-4201-abc1-940fa1ac23dc,
63060051,2025-11-09 00:00:00.000,,b4c32772-3453-45b6-b6d2-96d97d13f354.binning_data.json,10011,63060051,2025-11-09 01:06:40.423,2025-11-09 00:19:49.614,76.0,1.0,36.0,,UTC-0300,tWUO8ZL77Z,,com.sec.android.app.shealth,2025-11-09 00:59:59.999,b4c32772-3453-45b6-b6d2-96d97d13f354,
63060051,2025-11-09 01:00:00.000,,3047c373-de84-4e89-ad87-f00b33282871.binning_data.json,10011,63060051,2025-11-09 02:37:01.822,2025-11-09 02:37:01.822,77.0,0.0,20.0,,UTC-0300,tWUO8ZL77Z,,com.sec.android.app.shealth,2025-11-09 01:59:59.999,3047c373-de84-4e89-ad87-f00b33282871,
63060051,2025-11-09 02:00:00.000,,d044d96c-ad03-4969-b809-55b589e76479.binning_data.json,10011,63060051,2025-11-09 03:28:13.884,2025-11-09 03:28:13.884,0.0,0.0,0.0,,UTC-0300,tWUO8ZL77Z,,com.sec.android.app.shealth,2025-11-09 02:59:59.999,d044d96c-ad03-4969-b809-55b589e76479,
63060051,2025-11-09 03:00:00.000,,7377db3a-6c35-4560-a957-2f1425c9f1a5.binning_data.json,10011,63060051,2025-11-09 04:12:04.860,2025-11-09 04:12:04.860,0.0,0.0,0.0,,UTC-0300,tWUO8ZL77Z,,com.sec.android.app.shealth,2025-11-09 03:59:59.999,7377db3a-6c35-4560-a957-2f1425c9f1a5,
63060051,2025-11-09 04:00:00.000,,99e717e2-7c7b-4e22-9ceb-32f59523a2ec.binning_data.json,10011,63060051,2025-11-09 08:33:57.251,2025-11-09 08:33:57.251,0.0,0.0,0.0,,UTC-0300,tWUO8ZL77Z,,com.sec.android.app.shealth,2025-11-09 04:59:59.999,99e717e2-7c7b-4e22-9ceb-32f59523a2ec,
63060051,2025-11-09 08:00:00.000,,79ff4d20-d922-422c-8213-a8124636540a.binning_data.json,10011,63060051,2025-11-09 12:07:21.302,2025-11-09 08:33:57.331,46.0,0.0,7.0,,UTC-0300,tWUO8ZL77Z,,com.sec.android.app.shealth,2025-11-09 08:59:59.999,79ff4d20-d922-422c-8213-a8124636540a,
63060051,2025-11-09 12:00:00.000,,2af830ba-cce7-478c-8386-c2a19ecb1d7d.binning_data.json,10011,63060051,2025-11-09 13:02:59.870,2025-11-09 12:40:49.270,93.0,14.0,55.0,,UTC-0300,tWUO8ZL77Z,,com.sec.android.app.shealth,2025-11-09 12:59:59.999,2af830ba-cce7-478c-8386-c2a19ecb1d7d,
63060051,2025-11-09 13:00:00.000,,34a0a408-f7ff-45ea-b1ca-d06a9a284517.binning_data.json,10011,63060051,2025-11-09 14:57:28.948,2025-11-09 14:57:28.948,98.0,2.0,52.0,,UTC-0300,tWUO8ZL77Z,,com.sec.android.app.shealth,2025-11-09 13:59:59.999,34a0a408-f7ff-45ea-b1ca-d06a9a284517,
63060051,2025-11-09 14:00:00.000,,d73cf12b-7b3d-45f0-a8b8-d17daa034246.binning_data.json,10011,63060051,2025-11-09 16:02:15.903,2025-11-09 16:02:15.903,12.0,1.0,6.0,,UTC-0300,tWUO8ZL77Z,,com.sec.android.app.shealth,2025-11-09 14:59:59.999,d73cf12b-7b3d-45f0-a8b8-d17daa034246,
63060051,2025-11-09 15:00:00.000,,e5b5802f-3427-4dbf-a56e-a1356c83fd66.binning_data.json,10011,63060051,2025-11-09 16:05:22.654,2025-11-09 16:05:22.654,33.0,33.0,33.0,,UTC-0300,tWUO8ZL77Z,,com.sec.android.app.shealth,2025-11-09 15:59:59.999,e5b5802f-3427-4dbf-a56e-a1356c83fd66,
63060051,2025-11-09 16:00:00.000,,73a97fbe-ba70-4113-ab44-c05dd2662ad1.binning_data.json,10011,63060051,2025-11-09 17:22:45.987,2025-11-09 17:22:45.987,69.0,1.0,37.0,,UTC-0300,tWUO8ZL77Z,,com.sec.android.app.shealth,2025-11-09 16:59:59.999,73a97fbe-ba70-4113-ab44-c05dd2662ad1,
63060051,2025-11-09 17:00:00.000,,e3cd75d2-caed-48c8-b1e3-b5b912f2dee8.binning_data.json,10011,63060051,2025-11-09 18:28:00.409,2025-11-09 18:28:00.409,88.0,1.0,41.0,,UTC-0300,tWUO8ZL77Z,,com.sec.android.app.shealth,2025-11-09 17:59:59.999,e3cd75d2-caed-48c8-b1e3-b5b912f2dee8,
63060051,2025-11-09 18:00:00.000,,de10874d-7b55-4d76-95eb-d606e795d7e2.binning_data.json,10011,63060051,2025-11-09 19:09:04.319,2025-11-09 19:09:04.319,74.0,7.0,34.0,,UTC-0300,tWUO8ZL77Z,,com.sec.android.app.shealth,2025-11-09 18:59:59.999,de10874d-7b55-4d76-95eb-d606e795d7e2,
63060051,2025-11-09 19:00:00.000,,922cafce-135a-45fb-b281-05ffda4dd630.binning_data.json,10011,63060051,2025-11-09 20:14:02.200,2025-11-09 20:14:02.200,94.0,13.0,48.0,,UTC-0300,tWUO8ZL77Z,,com.sec.android.app.shealth,2025-11-09 19:59:59.999,922cafce-135a-45fb-b281-05ffda4dd630,
63060051,2025-11-09 20:00:00.000,,cfadf98e-18cb-4f88-a9df-1c7af24560d1.binning_data.json,10011,63060051,2025-11-09 21:10:06.193,2025-11-09 21:10:06.193,98.0,11.0,53.0,,UTC-0300,tWUO8ZL77Z,,com.sec.android.app.shealth,2025-11-09 20:59:59.999,cfadf98e-18cb-4f88-a9df-1c7af24560d1,
63060051,2025-11-09 21:00:00.000,,95bef097-1dbb-4710-aeda-3bdb12306be7.binning_data.json,10011,63060051,2025-11-09 22:08:13.181,2025-11-09 22:08:13.181,92.0,0.0,36.0,,UTC-0300,tWUO8ZL77Z,,com.sec.android.app.shealth,2025-11-09 21:59:59.999,95bef097-1dbb-4710-aeda-3bdb12306be7,
63060051,2025-11-09 22:00:00.000,,d9f30f35-0891-4dd6-b22d-4ff1c1066edd.binning_data.json,10011,63060051,2025-11-09 23:07:07.371,2025-11-09 23:07:07.371,64.0,3.0,20.0,,UTC-0300,tWUO8ZL77Z,,com.sec.android.app.shealth,2025-11-09 22:59:59.999,d9f30f35-0891-4dd6-b22d-4ff1c1066edd,
63060051,2025-11-10 01:00:00.000,,e67d6b39-c87d-49eb-8e80-bf993a50c50e.binning_data.json,10011,63060051,2025-11-10 02:10:00.277,2025-11-10 02:10:00.277,3.0,0.0,0.0,,UTC-0300,tWUO8ZL77Z,,com.sec.android.app.shealth,2025-11-10 01:59:59.999,e67d6b39-c87d-49eb-8e80-bf993a50c50e,
63060051,2025-11-09 23:00:00.000,,08ad7a77-32a4-4c49-ba2e-86f7a353c8ac.binning_data.json,10011,63060051,2025-11-10 01:34:53.258,2025-11-09 23:41:50.168,54.0,0.0,14.0,,UTC-0300,tWUO8ZL77Z,,com.sec.android.app.shealth,2025-11-09 23:59:59.999,08ad7a77-32a4-4c49-ba2e-86f7a353c8ac,
63060051,2025-11-10 02:00:00.000,,f731866a-13ed-4622-9741-3b15fc9af6da.binning_data.json,10011,63060051,2025-11-10 10:08:51.710,2025-11-10 06:39:54.541,0.0,0.0,0.0,,UTC-0300,tWUO8ZL77Z,,com.sec.android.app.shealth,2025-11-10 02:59:59.999,f731866a-13ed-4622-9741-3b15fc9af6da,
63060051,2025-11-10 10:00:00.000,,8632d877-71d3-4706-a4dd-60b5937e9970.binning_data.json,10011,63060051,2025-11-10 11:05:57.364,2025-11-10 10:08:51.767,0.0,0.0,0.0,,UTC-0300,tWUO8ZL77Z,,com.sec.android.app.shealth,2025-11-10 10:59:59.999,8632d877-71d3-4706-a4dd-60b5937e9970,
63060051,2025-11-10 11:00:00.000,,16d16487-d09d-4e68-a1e6-337706e1c61b.binning_data.json,10011,63060051,2025-11-10 12:23:09.342,2025-11-10 11:05:58.096,3.0,0.0,0.0,,UTC-0300,tWUO8ZL77Z,,com.sec.android.app.shealth,2025-11-10 11:59:59.999,16d16487-d09d-4e68-a1e6-337706e1c61b,
63060051,2025-11-10 12:00:00.000,,9d6a423d-76e5-4a52-8062-f89851dad998.binning_data.json,10011,63060051,2025-11-10 13:04:18.148,2025-11-10 13:04:18.148,76.0,0.0,14.0,,UTC-0300,tWUO8ZL77Z,,com.sec.android.app.shealth,2025-11-10 12:59:59.999,9d6a423d-76e5-4a52-8062-f89851dad998,
63060051,2025-11-10 13:00:00.000,,6c789ea8-b166-4f35-b1dd-f2855613f7e6.binning_data.json,10011,63060051,2025-11-10 14:19:39.636,2025-11-10 14:19:39.636,98.0,0.0,35.0,,UTC-0300,tWUO8ZL77Z,,com.sec.android.app.shealth,2025-11-10 13:59:59.999,6c789ea8-b166-4f35-b1dd-f2855613f7e6,
63060051,2025-11-10 14:00:00.000,,e0253b8c-2d8f-458f-adda-8a3d73d055c3.binning_data.json,10011,63060051,2025-11-10 15:45:28.552,2025-11-10 15:45:28.552,48.0,0.0,9.0,,UTC-0300,tWUO8ZL77Z,,com.sec.android.app.shealth,2025-11-10 14:59:59.999,e0253b8c-2d8f-458f-adda-8a3d73d055c3,
63060051,2025-11-10 15:00:00.000,,5d4af68b-176a-4bbb-be26-20025f02aa1d.binning_data.json,10011,63060051,2025-11-10 16:11:20.222,2025-11-10 16:11:20.222,35.0,1.0,8.0,,UTC-0300,tWUO8ZL77Z,,com.sec.android.app.shealth,2025-11-10 15:59:59.999,5d4af68b-176a-4bbb-be26-20025f02aa1d,
63060051,2025-11-10 16:00:00.000,,15b3c2d4-d938-45ea-96b7-0a6dd248e7fc.binning_data.json,10011,63060051,2025-11-10 17:07:11.762,2025-11-10 17:07:11.762,100.0,0.0,53.0,,UTC-0300,tWUO8ZL77Z,,com.sec.android.app.shealth,2025-11-10 16:59:59.999,15b3c2d4-d938-45ea-96b7-0a6dd248e7fc,
63060051,2025-11-10 17:00:00.000,,37331265-bc35-42d4-9bcb-222b66487eda.binning_data.json,10011,63060051,2025-11-10 18:11:22.527,2025-11-10 17:07:54.930,66.0,15.0,40.0,,UTC-0300,tWUO8ZL77Z,,com.sec.android.app.shealth,2025-11-10 17:59:59.999,37331265-bc35-42d4-9bcb-222b66487eda,
63060051,2025-11-10 18:00:00.000,,b2bcc519-f52f-447f-b708-bd1f64ef75f3.binning_data.json,10011,63060051,2025-11-10 19:05:12.762,2025-11-10 19:05:12.762,84.0,15.0,49.0,,UTC-0300,tWUO8ZL77Z,,com.sec.android.app.shealth,2025-11-10 18:59:59.999,b2bcc519-f52f-447f-b708-bd1f64ef75f3,
63060051,2025-11-10 19:00:00.000,,1ea03b25-3dec-4e69-ae0b-e85496bf54a2.binning_data.json,10011,63060051,2025-11-10 20:09:31.044,2025-11-10 20:09:31.044,100.0,10.0,54.0,,UTC-0300,tWUO8ZL77Z,,com.sec.android.app.shealth,2025-11-10 19:59:59.999,1ea03b25-3dec-4e69-ae0b-e85496bf54a2,
63060051,2025-11-10 20:00:00.000,,6e5e001b-77e1-48b4-8784-81d3741fc3bb.binning_data.json,10011,63060051,2025-11-10 21:07:40.241,2025-11-10 21:07:40.241,88.0,5.0,33.0,,UTC-0300,tWUO8ZL77Z,,com.sec.android.app.shealth,2025-11-10 20:59:59.999,6e5e001b-77e1-48b4-8784-81d3741fc3bb,
63060051,2025-11-10 21:00:00.000,,0d994afb-b2f1-47bc-804a-b0fb13695ac8.binning_data.json,10011,63060051,2025-11-10 22:03:52.270,2025-11-10 22:03:52.270,100.0,4.0,53.0,,UTC-0300,tWUO8ZL77Z,,com.sec.android.app.shealth,2025-11-10 21:59:59.999,0d994afb-b2f1-47bc-804a-b0fb13695ac8,
63060051,2025-11-10 22:00:00.000,,7c74baff-a357-4965-9235-ec58a346f857.binning_data.json,10011,63060051,2025-11-10 23:07:03.162,2025-11-10 23:07:03.162,99.0,0.0,34.0,,UTC-0300,tWUO8ZL77Z,,com.sec.android.app.shealth,2025-11-10 22:59:59.999,7c74baff-a357-4965-9235-ec58a346f857,
63060051,2025-11-10 23:00:00.000,,5a626313-be88-465e-be27-77c6d6de60f2.binning_data.json,10011,63060051,2025-11-11 08:51:54.856,2025-11-10 23:07:53.277,100.0,2.0,26.0,,UTC-0300,tWUO8ZL77Z,,com.sec.android.app.shealth,2025-11-10 23:59:59.999,5a626313-be88-465e-be27-77c6d6de60f2,
63060051,2025-11-11 08:00:00.000,,c6f9be68-dfc1-49da-94e4-e71456b2811c.binning_data.json,10011,63060051,2025-11-11 09:08:24.441,2025-11-11 09:08:24.441,21.0,3.0,10.0,,UTC-0300,tWUO8ZL77Z,,com.sec.android.app.shealth,2025-11-11 08:59:59.999,c6f9be68-dfc1-49da-94e4-e71456b2811c,
63060051,2025-11-11 09:00:00.000,,daad4bd0-56f8-4a9b-9b01-6fb7a5a50525.binning_data.json,10011,63060051,2025-11-11 10:01:40.680,2025-11-11 10:01:40.680,69.0,0.0,18.0,,UTC-0300,tWUO8ZL77Z,,com.sec.android.app.shealth,2025-11-11 09:59:59.999,daad4bd0-56f8-4a9b-9b01-6fb7a5a50525,
63060051,2025-11-11 10:00:00.000,,b7088aa1-d9bf-484a-813c-e60188854bfb.binning_data.json,10011,63060051,2025-11-11 11:08:46.523,2025-11-11 11:08:46.523,55.0,0.0,25.0,,UTC-0300,tWUO8ZL77Z,,com.sec.android.app.shealth,2025-11-11 10:59:59.999,b7088aa1-d9bf-484a-813c-e60188854bfb,
63060051,2025-11-11 11:00:00.000,,dc8491e5-5e70-4902-a282-ef29a27ad2bc.binning_data.json,10011,63060051,2025-11-11 12:06:18.519,2025-11-11 12:06:18.519,99.0,13.0,58.0,,UTC-0300,tWUO8ZL77Z,,com.sec.android.app.shealth,2025-11-11 11:59:59.999,dc8491e5-5e70-4902-a282-ef29a27ad2bc,
63060051,2025-11-11 12:00:00.000,,c45b722f-9787-49e3-a251-c826a3c6bb83.binning_data.json,10011,63060051,2025-11-11 13:13:45.084,2025-11-11 13:13:45.084,97.0,18.0,62.0,,UTC-0300,tWUO8ZL77Z,,com.sec.android.app.shealth,2025-11-11 12:59:59.999,c45b722f-9787-49e3-a251-c826a3c6bb83,
63060051,2025-11-11 13:00:00.000,,2090adbd-8592-40c1-afb7-53dd2e8379eb.binning_data.json,10011,63060051,2025-11-11 14:11:04.878,2025-11-11 14:11:04.878,72.0,4.0,32.0,,UTC-0300,tWUO8ZL77Z,,com.sec.android.app.shealth,2025-11-11 13:59:59.999,2090adbd-8592-40c1-afb7-53dd2e8379eb,
63060051,2025-11-11 14:00:00.000,,ff598075-b8bf-47f2-b3c3-2b0a687e3d16.binning_data.json,10011,63060051,2025-11-11 15:04:43.710,2025-11-11 15:04:43.710,90.0,8.0,37.0,,UTC-0300,tWUO8ZL77Z,,com.sec.android.app.shealth,2025-11-11 14:59:59.999,ff598075-b8bf-47f2-b3c3-2b0a687e3d16,
63060051,2025-11-11 15:00:00.000,,0395c7bd-8c37-45bf-b784-3e193c27c967.binning_data.json,10011,63060051,2025-11-11 16:14:17.120,2025-11-11 15:25:34.352,100.0,2.0,51.0,,UTC-0300,tWUO8ZL77Z,,com.sec.android.app.shealth,2025-11-11 15:59:59.999,0395c7bd-8c37-45bf-b784-3e193c27c967,
63060051,2025-11-11 16:00:00.000,,4e31dc8a-e89c-49f8-a09e-e2509745e9e5.binning_data.json,10011,63060051,2025-11-11 17:20:00.232,2025-11-11 17:20:00.232,99.0,13.0,56.0,,UTC-0300,tWUO8ZL77Z,,com.sec.android.app.shealth,2025-11-11 16:59:59.999,4e31dc8a-e89c-49f8-a09e-e2509745e9e5,
63060051,2025-11-11 17:00:00.000,,88e9b5a3-100e-4a08-abe8-267f0b89a338.binning_data.json,10011,63060051,2025-11-11 18:06:33.442,2025-11-11 18:06:33.442,98.0,17.0,43.0,,UTC-0300,tWUO8ZL77Z,,com.sec.android.app.shealth,2025-11-11 17:59:59.999,88e9b5a3-100e-4a08-abe8-267f0b89a338,
63060051,2025-11-11 18:00:00.000,,0ef87b54-0bd1-47a6-a65c-02471a15a061.binning_data.json,10011,63060051,2025-11-11 19:15:05.599,2025-11-11 18:45:41.324,97.0,2.0,41.0,,UTC-0300,tWUO8ZL77Z,,com.sec.android.app.shealth,2025-11-11 18:59:59.999,0ef87b54-0bd1-47a6-a65c-02471a15a061,
63060051,2025-11-11 19:00:00.000,,df0598a4-214c-48db-9588-0e83c417bca8.binning_data.json,10011,63060051,2025-11-11 20:09:04.519,2025-11-11 19:51:49.625,99.0,10.0,38.0,,UTC-0300,tWUO8ZL77Z,,com.sec.android.app.shealth,2025-11-11 19:59:59.999,df0598a4-214c-48db-9588-0e83c417bca8,
63060051,2025-11-11 20:00:00.000,,97fb6740-a441-4dea-ad5c-d7609a34bf33.binning_data.json,10011,63060051,2025-11-11 21:06:16.934,2025-11-11 20:51:11.833,99.0,20.0,65.0,,UTC-0300,tWUO8ZL77Z,,com.sec.android.app.shealth,2025-11-11 20:59:59.999,97fb6740-a441-4dea-ad5c-d7609a34bf33,
63060051,2025-11-11 21:00:00.000,,bd7005a4-39cd-4e79-85d4-06b4fbea7561.binning_data.json,10011,63060051,2025-11-11 22:06:01.490,2025-11-11 22:06:01.490,99.0,16.0,63.0,,UTC-0300,tWUO8ZL77Z,,com.sec.android.app.shealth,2025-11-11 21:59:59.999,bd7005a4-39cd-4e79-85d4-06b4fbea7561,
63060051,2025-11-11 22:00:00.000,,4d5f6fba-4d3c-4bbc-b733-a961a0dfeaad.binning_data.json,10011,63060051,2025-11-11 23:01:00.765,2025-11-11 23:01:00.765,93.0,24.0,66.0,,UTC-0300,tWUO8ZL77Z,,com.sec.android.app.shealth,2025-11-11 22:59:59.999,4d5f6fba-4d3c-4bbc-b733-a961a0dfeaad,
63060051,2025-11-11 23:00:00.000,,4c56e88a-3329-4262-9f0f-effabd32d3b9.binning_data.json,10011,63060051,2025-11-12 01:44:40.334,2025-11-12 01:44:40.334,97.0,2.0,52.0,,UTC-0300,tWUO8ZL77Z,,com.sec.android.app.shealth,2025-11-11 23:59:59.999,4c56e88a-3329-4262-9f0f-effabd32d3b9,
63060051,2025-11-12 01:00:00.000,,a45b022d-2dbe-499e-94fc-0277cfa93e64.binning_data.json,10011,63060051,2025-11-12 02:19:44.223,2025-11-12 02:19:44.223,0.0,0.0,0.0,,UTC-0300,tWUO8ZL77Z,,com.sec.android.app.shealth,2025-11-12 01:59:59.999,a45b022d-2dbe-499e-94fc-0277cfa93e64,
63060051,2025-11-12 02:00:00.000,,832a773b-d74c-42e6-ac3c-4440370ab715.binning_data.json,10011,63060051,2025-11-12 03:21:43.080,2025-11-12 03:21:43.080,0.0,0.0,0.0,,UTC-0300,tWUO8ZL77Z,,com.sec.android.app.shealth,2025-11-12 02:59:59.999,832a773b-d74c-42e6-ac3c-4440370ab715,
63060051,2025-11-12 03:00:00.000,,3dbb8ca3-051b-41b7-b275-142da8506956.binning_data.json,10011,63060051,2025-11-12 07:03:00.328,2025-11-12 07:03:00.328,0.0,0.0,0.0,,UTC-0300,tWUO8ZL77Z,,com.sec.android.app.shealth,2025-11-12 03:59:59.999,3dbb8ca3-051b-41b7-b275-142da8506956,
63060051,2025-11-12 07:00:00.000,,25948ba9-6bcf-4901-b7a7-fa7c549960e0.binning_data.json,10011,63060051,2025-11-12 09:30:00.873,2025-11-12 09:30:00.873,0.0,0.0,0.0,,UTC-0300,tWUO8ZL77Z,,com.sec.android.app.shealth,2025-11-12 07:59:59.999,25948ba9-6bcf-4901-b7a7-fa7c549960e0,
63060051,2025-11-12 09:00:00.000,,b53dadf0-6b61-4fad-b335-2682e0d45300.binning_data.json,10011,63060051,2025-11-12 10:35:09.866,2025-11-12 10:35:09.866,0.0,0.0,0.0,,UTC-0300,tWUO8ZL77Z,,com.sec.android.app.shealth,2025-11-12 09:59:59.999,b53dadf0-6b61-4fad-b335-2682e0d45300,
63060051,2025-11-12 10:00:00.000,,dbf8bf89-c90f-48e8-8572-2d3408273336.binning_data.json,10011,63060051,2025-11-12 11:10:12.123,2025-11-12 11:10:12.123,100.0,0.0,21.0,,UTC-0300,tWUO8ZL77Z,,com.sec.android.app.shealth,2025-11-12 10:59:59.999,dbf8bf89-c90f-48e8-8572-2d3408273336,
63060051,2025-11-12 11:00:00.000,,03dee36f-1722-437c-86ec-ded1efa7b711.binning_data.json,10011,63060051,2025-11-12 12:06:00.069,2025-11-12 12:06:00.069,11.0,0.0,1.0,,UTC-0300,tWUO8ZL77Z,,com.sec.android.app.shealth,2025-11-12 11:59:59.999,03dee36f-1722-437c-86ec-ded1efa7b711,
63060051,2025-11-12 12:00:00.000,,02a281e4-0262-469d-9935-b05b03a98289.binning_data.json,10011,63060051,2025-11-12 13:02:33.935,2025-11-12 12:35:33.921,84.0,0.0,23.0,,UTC-0300,tWUO8ZL77Z,,com.sec.android.app.shealth,2025-11-12 12:59:59.999,02a281e4-0262-469d-9935-b05b03a98289,
63060051,2025-11-12 13:00:00.000,,4e5dad20-91b8-44f1-854c-c100ebe7b06c.binning_data.json,10011,63060051,2025-11-12 14:18:18.841,2025-11-12 14:18:18.841,95.0,2.0,33.0,,UTC-0300,tWUO8ZL77Z,,com.sec.android.app.shealth,2025-11-12 13:59:59.999,4e5dad20-91b8-44f1-854c-c100ebe7b06c,
63060051,2025-11-12 14:00:00.000,,229ee14e-2ea6-440f-a47d-46d5920accbc.binning_data.json,10011,63060051,2025-11-12 15:14:43.819,2025-11-12 15:14:43.819,74.0,9.0,35.0,,UTC-0300,tWUO8ZL77Z,,com.sec.android.app.shealth,2025-11-12 14:59:59.999,229ee14e-2ea6-440f-a47d-46d5920accbc,
63060051,2025-11-12 15:00:00.000,,afa5e130-74c8-40cf-98e6-bc73b19696c9.binning_data.json,10011,63060051,2025-11-12 16:19:10.942,2025-11-12 16:19:10.942,100.0,2.0,56.0,,UTC-0300,tWUO8ZL77Z,,com.sec.android.app.shealth,2025-11-12 15:59:59.999,afa5e130-74c8-40cf-98e6-bc73b19696c9,
63060051,2025-11-12 16:00:00.000,,794fe3a7-e2e6-4f89-a2bf-c7344411ffd2.binning_data.json,10011,63060051,2025-11-12 17:08:10.979,2025-11-12 17:08:10.979,89.0,2.0,51.0,,UTC-0300,tWUO8ZL77Z,,com.sec.android.app.shealth,2025-11-12 16:59:59.999,794fe3a7-e2e6-4f89-a2bf-c7344411ffd2,
63060051,2025-11-12 17:00:00.000,,d6404376-62b8-4fc1-b8e0-18b015d716f7.binning_data.json,10011,63060051,2025-11-12 18:25:32.419,2025-11-12 18:25:32.419,96.0,3.0,38.0,,UTC-0300,tWUO8ZL77Z,,com.sec.android.app.shealth,2025-11-12 17:59:59.999,d6404376-62b8-4fc1-b8e0-18b015d716f7,
63060051,2025-11-12 18:00:00.000,,3e810736-b1fa-4560-9314-70347e330eab.binning_data.json,10011,63060051,2025-11-12 19:36:42.756,2025-11-12 19:15:01.810,77.0,0.0,28.0,,UTC-0300,tWUO8ZL77Z,,com.sec.android.app.shealth,2025-11-12 18:59:59.999,3e810736-b1fa-4560-9314-70347e330eab,
63060051,2025-11-12 19:00:00.000,,c4dafd21-2129-4552-8565-57e49ce2c164.binning_data.json,10011,63060051,2025-11-12 20:04:07.093,2025-11-12 19:56:32.727,91.0,16.0,66.0,,UTC-0300,tWUO8ZL77Z,,com.sec.android.app.shealth,2025-11-12 19:59:59.999,c4dafd21-2129-4552-8565-57e49ce2c164,
63060051,2025-11-12 20:00:00.000,,2ae8b088-a33e-46fc-8d09-acec879691a3.binning_data.json,10011,63060051,2025-11-12 21:03:45.646,2025-11-12 20:58:53.486,99.0,7.0,37.0,,UTC-0300,tWUO8ZL77Z,,com.sec.android.app.shealth,2025-11-12 20:59:59.999,2ae8b088-a33e-46fc-8d09-acec879691a3,
63060051,2025-11-12 21:00:00.000,,e003ed9e-9064-4e7d-bb9d-e4e3847cd66b.binning_data.json,10011,63060051,2025-11-12 22:04:52.511,2025-11-12 22:04:52.511,65.0,3.0,30.0,,UTC-0300,tWUO8ZL77Z,,com.sec.android.app.shealth,2025-11-12 21:59:59.999,e003ed9e-9064-4e7d-bb9d-e4e3847cd66b,
63060051,2025-11-12 22:00:00.000,,4a626f52-28b1-4ead-a091-07ef8b67f765.binning_data.json,10011,63060051,2025-11-12 23:05:45.625,2025-11-12 22:08:00.561,87.0,4.0,44.0,,UTC-0300,tWUO8ZL77Z,,com.sec.android.app.shealth,2025-11-12 22:59:59.999,4a626f52-28b1-4ead-a091-07ef8b67f765,
63060051,2025-11-12 23:00:00.000,,f6fb44e7-36f0-47d2-ae0b-69897d68f678.binning_data.json,10011,63060051,2025-11-13 00:11:12.966,2025-11-13 00:11:12.966,30.0,14.0,22.0,,UTC-0300,tWUO8ZL77Z,,com.sec.android.app.shealth,2025-11-12 23:59:59.999,f6fb44e7-36f0-47d2-ae0b-69897d68f678,
63060051,2025-11-13 00:00:00.000,,3daea0df-b4ed-47ac-837e-5ba5e534da60.binning_data.json,10011,63060051,2025-11-13 01:10:03.489,2025-11-13 00:36:39.308,98.0,1.0,25.0,,UTC-0300,tWUO8ZL77Z,,com.sec.android.app.shealth,2025-11-13 00:59:59.999,3daea0df-b4ed-47ac-837e-5ba5e534da60,
63060051,2025-11-13 01:00:00.000,,76aaf6bb-5528-4909-8337-cf467b1bdc39.binning_data.json,10011,63060051,2025-11-13 02:12:42.178,2025-11-13 01:40:24.523,83.0,14.0,51.0,,UTC-0300,tWUO8ZL77Z,,com.sec.android.app.shealth,2025-11-13 01:59:59.999,76aaf6bb-5528-4909-8337-cf467b1bdc39,
63060051,2025-11-13 02:00:00.000,,0ea12eda-e30e-4c24-a2c0-34868904354a.binning_data.json,10011,63060051,2025-11-13 03:16:34.118,2025-11-13 03:16:34.118,98.0,0.0,38.0,,UTC-0300,tWUO8ZL77Z,,com.sec.android.app.shealth,2025-11-13 02:59:59.999,0ea12eda-e30e-4c24-a2c0-34868904354a,
63060051,2025-11-13 03:00:00.000,,80da03f3-94c5-4bd4-a99b-ace54325a05a.binning_data.json,10011,63060051,2025-11-13 04:20:07.087,2025-11-13 04:20:07.087,0.0,0.0,0.0,,UTC-0300,tWUO8ZL77Z,,com.sec.android.app.shealth,2025-11-13 03:59:59.999,80da03f3-94c5-4bd4-a99b-ace54325a05a,
63060051,2025-11-13 04:00:00.000,,a7cc4b26-1c6e-40f2-a4c0-ca12b13e41cd.binning_data.json,10011,63060051,2025-11-13 08:34:51.060,2025-11-13 07:57:10.676,0.0,0.0,0.0,,UTC-0300,tWUO8ZL77Z,,com.sec.android.app.shealth,2025-11-13 04:59:59.999,a7cc4b26-1c6e-40f2-a4c0-ca12b13e41cd,
63060051,2025-11-13 08:00:00.000,,d795af43-0a22-4f33-8f46-14a9543d6797.binning_data.json,10011,63060051,2025-11-13 09:04:00.653,2025-11-13 08:34:51.174,76.0,0.0,18.0,,UTC-0300,tWUO8ZL77Z,,com.sec.android.app.shealth,2025-11-13 08:59:59.999,d795af43-0a22-4f33-8f46-14a9543d6797,
63060051,2025-11-13 09:00:00.000,,702659c4-225d-4211-b4b4-2bce1cee0947.binning_data.json,10011,63060051,2025-11-13 10:01:07.416,2025-11-13 10:01:07.416,100.0,0.0,28.0,,UTC-0300,tWUO8ZL77Z,,com.sec.android.app.shealth,2025-11-13 09:59:59.999,702659c4-225d-4211-b4b4-2bce1cee0947,
63060051,2025-11-13 10:00:00.000,,7e737af7-2cb1-41eb-bd05-f7234c203336.binning_data.json,10011,63060051,2025-11-13 11:13:14.049,2025-11-13 11:13:14.049,97.0,0.0,44.0,,UTC-0300,tWUO8ZL77Z,,com.sec.android.app.shealth,2025-11-13 10:59:59.999,7e737af7-2cb1-41eb-bd05-f7234c203336,
63060051,2025-11-13 11:00:00.000,,abc32e2d-2d1a-461c-b529-b862a2b20d61.binning_data.json,10011,63060051,2025-11-13 12:07:22.452,2025-11-13 12:07:22.452,91.0,15.0,45.0,,UTC-0300,tWUO8ZL77Z,,com.sec.android.app.shealth,2025-11-13 11:59:59.999,abc32e2d-2d1a-461c-b529-b862a2b20d61,
63060051,2025-11-13 12:00:00.000,,d2949589-8747-4485-a053-aeb8ee2665cb.binning_data.json,10011,63060051,2025-11-13 13:30:05.768,2025-11-13 13:30:05.768,100.0,7.0,63.0,,UTC-0300,tWUO8ZL77Z,,com.sec.android.app.shealth,2025-11-13 12:59:59.999,d2949589-8747-4485-a053-aeb8ee2665cb,
63060051,2025-11-13 13:00:00.000,,865eb33c-4eec-49c4-950c-69e8b1334878.binning_data.json,10011,63060051,2025-11-13 14:01:43.623,2025-11-13 14:01:43.623,96.0,6.0,47.0,,UTC-0300,tWUO8ZL77Z,,com.sec.android.app.shealth,2025-11-13 13:59:59.999,865eb33c-4eec-49c4-950c-69e8b1334878,
63060051,2025-11-13 14:00:00.000,,3436ddcd-aa5a-48f5-ad9a-4b08d095b3c6.binning_data.json,10011,63060051,2025-11-13 15:02:00.374,2025-11-13 15:02:00.374,90.0,4.0,45.0,,UTC-0300,tWUO8ZL77Z,,com.sec.android.app.shealth,2025-11-13 14:59:59.999,3436ddcd-aa5a-48f5-ad9a-4b08d095b3c6,
63060051,2025-11-13 15:00:00.000,,4a49630d-15f5-4b3d-8df7-db2c67d069a7.binning_data.json,10011,63060051,2025-11-13 16:04:24.661,2025-11-13 16:04:24.661,90.0,0.0,40.0,,UTC-0300,tWUO8ZL77Z,,com.sec.android.app.shealth,2025-11-13 15:59:59.999,4a49630d-15f5-4b3d-8df7-db2c67d069a7,
63060051,2025-11-13 16:00:00.000,,81ebb7a4-264d-4b53-9d13-d62cf4ce93cb.binning_data.json,10011,63060051,2025-11-13 17:03:41.690,2025-11-13 17:03:41.690,49.0,0.0,20.0,,UTC-0300,tWUO8ZL77Z,,com.sec.android.app.shealth,2025-11-13 16:59:59.999,81ebb7a4-264d-4b53-9d13-d62cf4ce93cb,
63060051,2025-11-13 17:00:00.000,,59477e98-f87f-4f59-ba9d-bb4df37a9d64.binning_data.json,10011,63060051,2025-11-13 18:07:28.367,2025-11-13 18:07:28.367,81.0,1.0,23.0,,UTC-0300,tWUO8ZL77Z,,com.sec.android.app.shealth,2025-11-13 17:59:59.999,59477e98-f87f-4f59-ba9d-bb4df37a9d64,
63060051,2025-11-13 18:00:00.000,,07ce7368-a74a-4ebc-85f6-ef54a9cfa65c.binning_data.json,10011,63060051,2025-11-13 19:01:10.992,2025-11-13 19:01:10.992,85.0,9.0,37.0,,UTC-0300,tWUO8ZL77Z,,com.sec.android.app.shealth,2025-11-13 18:59:59.999,07ce7368-a74a-4ebc-85f6-ef54a9cfa65c,
63060051,2025-11-13 19:00:00.000,,a982f26d-b6a0-4bb2-b33d-fa2c4fce0319.binning_data.json,10011,63060051,2025-11-13 20:09:47.441,2025-11-13 20:09:47.441,88.0,14.0,53.0,,UTC-0300,tWUO8ZL77Z,,com.sec.android.app.shealth,2025-11-13 19:59:59.999,a982f26d-b6a0-4bb2-b33d-fa2c4fce0319,
63060051,2025-11-13 20:00:00.000,,388eab1a-227e-4e8d-a2bb-b500de648488.binning_data.json,10011,63060051,2025-11-13 21:16:58.241,2025-11-13 21:16:58.241,93.0,16.0,56.0,,UTC-0300,tWUO8ZL77Z,,com.sec.android.app.shealth,2025-11-13 20:59:59.999,388eab1a-227e-4e8d-a2bb-b500de648488,
63060051,2025-11-13 21:00:00.000,,81748036-1866-4f64-82b0-e25ca76cd5c0.binning_data.json,10011,63060051,2025-11-13 22:03:19.322,2025-11-13 22:03:19.322,75.0,10.0,45.0,,UTC-0300,tWUO8ZL77Z,,com.sec.android.app.shealth,2025-11-13 21:59:59.999,81748036-1866-4f64-82b0-e25ca76cd5c0,
63060051,2025-11-14 00:00:00.000,,2da9396d-a958-47dd-ba44-a6d260b7a5ab.binning_data.json,10011,63060051,2025-11-14 01:23:20.295,2025-11-14 01:23:20.295,50.0,0.0,13.0,,UTC-0300,tWUO8ZL77Z,,com.sec.android.app.shealth,2025-11-14 00:59:59.999,2da9396d-a958-47dd-ba44-a6d260b7a5ab,
63060051,2025-11-14 01:00:00.000,,7906869b-b664-48c6-addd-2c7eb874612a.binning_data.json,10011,63060051,2025-11-14 02:22:36.884,2025-11-14 02:22:36.884,30.0,0.0,3.0,,UTC-0300,tWUO8ZL77Z,,com.sec.android.app.shealth,2025-11-14 01:59:59.999,7906869b-b664-48c6-addd-2c7eb874612a,
63060051,2025-11-14 02:00:00.000,,7fabce5d-c3d7-4a65-a905-0f980b3249a8.binning_data.json,10011,63060051,2025-11-14 03:52:00.736,2025-11-14 03:51:39.019,0.0,0.0,0.0,,UTC-0300,tWUO8ZL77Z,,com.sec.android.app.shealth,2025-11-14 02:59:59.999,7fabce5d-c3d7-4a65-a905-0f980b3249a8,
63060051,2025-11-14 03:00:00.000,,a92d2d0e-ed3b-47ba-bdf1-5db81c9c85d5.binning_data.json,10011,63060051,2025-11-14 04:01:00.266,2025-11-14 04:01:00.266,84.0,0.0,39.0,,UTC-0300,tWUO8ZL77Z,,com.sec.android.app.shealth,2025-11-14 03:59:59.999,a92d2d0e-ed3b-47ba-bdf1-5db81c9c85d5,
63060051,2025-11-14 04:00:00.000,,b3b20040-95ff-449c-b69f-85034889d4c0.binning_data.json,10011,63060051,2025-11-14 10:19:03.499,2025-11-14 10:06:55.341,0.0,0.0,0.0,,UTC-0300,tWUO8ZL77Z,,com.sec.android.app.shealth,2025-11-14 04:59:59.999,b3b20040-95ff-449c-b69f-85034889d4c0,
63060051,2025-11-14 11:00:00.000,,c2d378c1-942e-4a48-be2f-c91683ce0166.binning_data.json,10011,63060051,2025-11-14 12:05:01.957,2025-11-14 12:05:01.957,80.0,3.0,38.0,,UTC-0300,tWUO8ZL77Z,,com.sec.android.app.shealth,2025-11-14 11:59:59.999,c2d378c1-942e-4a48-be2f-c91683ce0166,
63060051,2025-11-14 10:00:00.000,,990ed76b-4529-431b-9035-6e3b2797ee64.binning_data.json,10011,63060051,2025-11-14 11:18:53.566,2025-11-14 10:45:41.967,85.0,0.0,19.0,,UTC-0300,tWUO8ZL77Z,,com.sec.android.app.shealth,2025-11-14 10:59:59.999,990ed76b-4529-431b-9035-6e3b2797ee64,
63060051,2025-11-14 12:00:00.000,,735bc4b0-ea74-4222-9515-1a6f17d21e22.binning_data.json,10011,63060051,2025-11-14 13:19:21.792,2025-11-14 13:01:57.333,91.0,1.0,33.0,,UTC-0300,tWUO8ZL77Z,,com.sec.android.app.shealth,2025-11-14 12:59:59.999,735bc4b0-ea74-4222-9515-1a6f17d21e22,
63060051,2025-11-14 13:00:00.000,,44120f8d-b541-4792-9512-5e308678f21e.binning_data.json,10011,63060051,2025-11-14 14:12:11.172,2025-11-14 14:12:11.172,97.0,1.0,62.0,,UTC-0300,tWUO8ZL77Z,,com.sec.android.app.shealth,2025-11-14 13:59:59.999,44120f8d-b541-4792-9512-5e308678f21e,
63060051,2025-11-14 14:00:00.000,,d2f24999-6cec-46a1-9b19-a869b7668ff0.binning_data.json,10011,63060051,2025-11-14 15:18:05.266,2025-11-14 15:18:05.266,100.0,21.0,50.0,,UTC-0300,tWUO8ZL77Z,,com.sec.android.app.shealth,2025-11-14 14:59:59.999,d2f24999-6cec-46a1-9b19-a869b7668ff0,
63060051,2025-11-14 15:00:00.000,,16170381-636d-4f94-acba-4d493a8c9e19.binning_data.json,10011,63060051,2025-11-14 16:07:52.868,2025-11-14 15:36:48.442,98.0,20.0,70.0,,UTC-0300,tWUO8ZL77Z,,com.sec.android.app.shealth,2025-11-14 15:59:59.999,16170381-636d-4f94-acba-4d493a8c9e19,
63060051,2025-11-14 16:00:00.000,,0f247c9a-b773-4761-8ba2-e901016c5307.binning_data.json,10011,63060051,2025-11-14 17:07:49.379,2025-11-14 16:16:00.052,99.0,13.0,62.0,,UTC-0300,tWUO8ZL77Z,,com.sec.android.app.shealth,2025-11-14 16:59:59.999,0f247c9a-b773-4761-8ba2-e901016c5307,
63060051,2025-11-14 17:00:00.000,,c8e4abcd-9071-4af7-b34b-02c7804ac355.binning_data.json,10011,63060051,2025-11-14 18:03:42.938,2025-11-14 18:03:42.938,100.0,25.0,61.0,,UTC-0300,tWUO8ZL77Z,,com.sec.android.app.shealth,2025-11-14 17:59:59.999,c8e4abcd-9071-4af7-b34b-02c7804ac355,
63060051,2025-11-14 18:00:00.000,,1b50febb-35f2-49d0-92e4-224eeb76c04e.binning_data.json,10011,63060051,2025-11-14 19:02:27.650,2025-11-14 19:02:27.650,100.0,11.0,43.0,,UTC-0300,tWUO8ZL77Z,,com.sec.android.app.shealth,2025-11-14 18:59:59.999,1b50febb-35f2-49d0-92e4-224eeb76c04e,
63060051,2025-11-14 19:00:00.000,,3a986ef6-f32d-4b85-9555-38c65d3bed51.binning_data.json,10011,63060051,2025-11-14 20:02:45.775,2025-11-14 20:02:45.775,91.0,22.0,58.0,,UTC-0300,tWUO8ZL77Z,,com.sec.android.app.shealth,2025-11-14 19:59:59.999,3a986ef6-f32d-4b85-9555-38c65d3bed51,
63060051,2025-11-14 20:00:00.000,,be243002-029e-4a38-b98e-678fa64d233d.binning_data.json,10011,63060051,2025-11-14 21:11:27.874,2025-11-14 21:11:27.874,85.0,0.0,39.0,,UTC-0300,tWUO8ZL77Z,,com.sec.android.app.shealth,2025-11-14 20:59:59.999,be243002-029e-4a38-b98e-678fa64d233d,
63060051,2025-11-14 21:00:00.000,,6eb5f93f-10c5-4288-a652-6d0f5a655cc0.binning_data.json,10011,63060051,2025-11-14 22:12:37.227,2025-11-14 22:12:37.227,79.0,13.0,41.0,,UTC-0300,tWUO8ZL77Z,,com.sec.android.app.shealth,2025-11-14 21:59:59.999,6eb5f93f-10c5-4288-a652-6d0f5a655cc0,
63060051,2025-11-14 22:00:00.000,,9e382680-b7b2-4d7c-b94c-2c39cf2a210d.binning_data.json,10011,63060051,2025-11-14 23:34:28.281,2025-11-14 22:14:37.694,96.0,36.0,63.0,,UTC-0300,tWUO8ZL77Z,,com.sec.android.app.shealth,2025-11-14 22:59:59.999,9e382680-b7b2-4d7c-b94c-2c39cf2a210d,
63060051,2025-11-15 03:00:00.000,,6e913176-5bb7-4681-9370-126fbdc453bb.binning_data.json,10011,63060051,2025-11-15 04:19:00.363,2025-11-15 04:19:00.363,0.0,0.0,0.0,,UTC-0300,tWUO8ZL77Z,,com.sec.android.app.shealth,2025-11-15 03:59:59.999,6e913176-5bb7-4681-9370-126fbdc453bb,
63060051,2025-11-15 04:00:00.000,,85ff19c6-11bd-434a-8c33-ba2d49ed64a7.binning_data.json,10011,63060051,2025-11-15 07:42:00.763,2025-11-15 07:42:00.763,0.0,0.0,0.0,,UTC-0300,tWUO8ZL77Z,,com.sec.android.app.shealth,2025-11-15 04:59:59.999,85ff19c6-11bd-434a-8c33-ba2d49ed64a7,
63060051,2025-11-14 23:00:00.000,,91dd2273-5229-4478-9cab-943607444ed1.binning_data.json,10011,63060051,2025-11-15 01:53:21.460,2025-11-14 23:52:16.491,90.0,44.0,65.0,,UTC-0300,tWUO8ZL77Z,,com.sec.android.app.shealth,2025-11-14 23:59:59.999,91dd2273-5229-4478-9cab-943607444ed1,
63060051,2025-11-15 01:00:00.000,,dbd95e50-f0fa-4b55-8396-9c44f4552ab7.binning_data.json,10011,63060051,2025-11-15 02:23:32.864,2025-11-15 02:23:32.864,87.0,1.0,40.0,,UTC-0300,tWUO8ZL77Z,,com.sec.android.app.shealth,2025-11-15 01:59:59.999,dbd95e50-f0fa-4b55-8396-9c44f4552ab7,
63060051,2025-11-15 02:00:00.000,,64ba9093-6c7c-4b72-8cc6-7a9d25166849.binning_data.json,10011,63060051,2025-11-15 03:22:56.656,2025-11-15 03:22:56.656,61.0,0.0,9.0,,UTC-0300,tWUO8ZL77Z,,com.sec.android.app.shealth,2025-11-15 02:59:59.999,64ba9093-6c7c-4b72-8cc6-7a9d25166849,
63060051,2025-11-15 07:00:00.000,,3e00b12d-cb55-4bf0-804b-6d9b26ca4188.binning_data.json,10011,63060051,2025-11-15 09:19:40.479,2025-11-15 07:49:30.637,0.0,0.0,0.0,,UTC-0300,tWUO8ZL77Z,,com.sec.android.app.shealth,2025-11-15 07:59:59.999,3e00b12d-cb55-4bf0-804b-6d9b26ca4188,
63060051,2025-11-15 09:00:00.000,,fb30bd4e-bae4-4a3e-b6dc-2a8a4366555a.binning_data.json,10011,63060051,2025-11-15 10:04:00.297,2025-11-15 09:42:28.916,82.0,0.0,36.0,,UTC-0300,tWUO8ZL77Z,,com.sec.android.app.shealth,2025-11-15 09:59:59.999,fb30bd4e-bae4-4a3e-b6dc-2a8a4366555a,
63060051,2025-11-15 10:00:00.000,,5c123a6c-6a8d-4c27-8cc1-7a696a745986.binning_data.json,10011,63060051,2025-11-15 11:04:08.599,2025-11-15 11:04:08.599,100.0,8.0,56.0,,UTC-0300,tWUO8ZL77Z,,com.sec.android.app.shealth,2025-11-15 10:59:59.999,5c123a6c-6a8d-4c27-8cc1-7a696a745986,
63060051,2025-11-15 11:00:00.000,,2178f065-eb07-4dfa-86e8-20a0b5f8ad10.binning_data.json,10011,63060051,2025-11-15 12:02:40.038,2025-11-15 12:02:40.038,85.0,14.0,49.0,,UTC-0300,tWUO8ZL77Z,,com.sec.android.app.shealth,2025-11-15 11:59:59.999,2178f065-eb07-4dfa-86e8-20a0b5f8ad10,
63060051,2025-11-15 12:00:00.000,,3fb343f4-ba54-42d8-bc14-fc2cb08e6c71.binning_data.json,10011,63060051,2025-11-15 13:11:24.157,2025-11-15 13:11:24.157,100.0,17.0,55.0,,UTC-0300,tWUO8ZL77Z,,com.sec.android.app.shealth,2025-11-15 12:59:59.999,3fb343f4-ba54-42d8-bc14-fc2cb08e6c71,
63060051,2025-11-15 13:00:00.000,,2a08c04f-f887-4a9a-a200-9cdc7c18d78b.binning_data.json,10011,63060051,2025-11-15 14:02:05.758,2025-11-15 14:02:05.758,99.0,5.0,53.0,,UTC-0300,tWUO8ZL77Z,,com.sec.android.app.shealth,2025-11-15 13:59:59.999,2a08c04f-f887-4a9a-a200-9cdc7c18d78b,
63060051,2025-11-15 14:00:00.000,,5df19390-cfbd-45ef-b097-7349bccaa80b.binning_data.json,10011,63060051,2025-11-15 15:13:46.328,2025-11-15 15:13:46.328,100.0,7.0,62.0,,UTC-0300,tWUO8ZL77Z,,com.sec.android.app.shealth,2025-11-15 14:59:59.999,5df19390-cfbd-45ef-b097-7349bccaa80b,
63060051,2025-11-15 15:00:00.000,,4d03807a-22f8-4c22-84b4-ad595ae8a15d.binning_data.json,10011,63060051,2025-11-15 16:01:18.659,2025-11-15 16:01:18.659,100.0,21.0,67.0,,UTC-0300,tWUO8ZL77Z,,com.sec.android.app.shealth,2025-11-15 15:59:59.999,4d03807a-22f8-4c22-84b4-ad595ae8a15d,
63060051,2025-11-15 16:00:00.000,,40ee1dbc-a399-4c3a-a471-9b7089f831eb.binning_data.json,10011,63060051,2025-11-15 17:10:07.387,2025-11-15 17:10:07.387,100.0,20.0,57.0,,UTC-0300,tWUO8ZL77Z,,com.sec.android.app.shealth,2025-11-15 16:59:59.999,40ee1dbc-a399-4c3a-a471-9b7089f831eb,
63060051,2025-11-15 18:00:00.000,,c7601971-b1c1-450b-b90f-1a3c536b755e.binning_data.json,10011,63060051,2025-11-15 19:09:58.463,2025-11-15 19:09:58.463,99.0,8.0,41.0,,UTC-0300,tWUO8ZL77Z,,com.sec.android.app.shealth,2025-11-15 18:59:59.999,c7601971-b1c1-450b-b90f-1a3c536b755e,
63060051,2025-11-15 17:00:00.000,,d146b082-7693-4dca-a2d8-124e090f7253.binning_data.json,10011,63060051,2025-11-15 18:16:35.476,2025-11-15 18:16:35.476,98.0,14.0,57.0,,UTC-0300,tWUO8ZL77Z,,com.sec.android.app.shealth,2025-11-15 17:59:59.999,d146b082-7693-4dca-a2d8-124e090f7253,
63060051,2025-11-15 19:00:00.000,,21acdf62-9eaa-4054-883f-88b2b9b670c6.binning_data.json,10011,63060051,2025-11-15 20:28:16.003,2025-11-15 20:28:16.003,100.0,30.0,79.0,,UTC-0300,tWUO8ZL77Z,,com.sec.android.app.shealth,2025-11-15 19:59:59.999,21acdf62-9eaa-4054-883f-88b2b9b670c6,
63060051,2025-11-15 20:00:00.000,,82b785d5-7c0a-4ede-983c-1e7c52e9dd8e.binning_data.json,10011,63060051,2025-11-15 21:17:45.013,2025-11-15 21:17:45.013,100.0,16.0,55.0,,UTC-0300,tWUO8ZL77Z,,com.sec.android.app.shealth,2025-11-15 20:59:59.999,82b785d5-7c0a-4ede-983c-1e7c52e9dd8e,
63060051,2025-11-15 21:00:00.000,,b3e94199-2433-452e-a6b0-01f5723be02f.binning_data.json,10011,63060051,2025-11-15 22:10:00.442,2025-11-15 21:17:45.212,99.0,5.0,71.0,,UTC-0300,tWUO8ZL77Z,,com.sec.android.app.shealth,2025-11-15 21:59:59.999,b3e94199-2433-452e-a6b0-01f5723be02f,
63060051,2025-11-15 22:00:00.000,,95b385ad-9dab-4676-84fc-97a12cc27aa2.binning_data.json,10011,63060051,2025-11-16 02:19:03.081,2025-11-16 02:19:03.081,99.0,9.0,55.0,,UTC-0300,tWUO8ZL77Z,,com.sec.android.app.shealth,2025-11-15 22:59:59.999,95b385ad-9dab-4676-84fc-97a12cc27aa2,
63060051,2025-11-15 23:00:00.000,,1e61d059-e7a4-44df-8ef7-a83c9d8123de.binning_data.json,10011,63060051,2025-11-16 02:25:45.110,2025-11-16 02:25:45.110,97.0,97.0,97.0,,UTC-0300,tWUO8ZL77Z,,com.sec.android.app.shealth,2025-11-15 23:59:59.999,1e61d059-e7a4-44df-8ef7-a83c9d8123de,
63060051,2025-11-16 02:00:00.000,,6b06e616-b73e-4ebc-8285-bce2475daf71.binning_data.json,10011,63060051,2025-11-16 03:09:00.258,2025-11-16 03:09:00.258,97.0,0.0,42.0,,UTC-0300,tWUO8ZL77Z,,com.sec.android.app.shealth,2025-11-16 02:59:59.999,6b06e616-b73e-4ebc-8285-bce2475daf71,
63060051,2025-11-16 03:00:00.000,,3184d344-5aae-4dce-9ae4-bc711aaf5739.binning_data.json,10011,63060051,2025-11-16 06:33:04.713,2025-11-16 06:33:04.713,22.0,2.0,5.0,,UTC-0300,tWUO8ZL77Z,,com.sec.android.app.shealth,2025-11-16 03:59:59.999,3184d344-5aae-4dce-9ae4-bc711aaf5739,
63060051,2025-11-16 06:00:00.000,,e72ea9fa-ca18-4dfb-a987-ef7841db5e36.binning_data.json,10011,63060051,2025-11-16 09:14:18.645,2025-11-16 09:14:18.645,1.0,0.0,0.0,,UTC-0300,tWUO8ZL77Z,,com.sec.android.app.shealth,2025-11-16 06:59:59.999,e72ea9fa-ca18-4dfb-a987-ef7841db5e36,
63060051,2025-11-16 09:00:00.000,,03b8c9ed-003e-413b-a02b-e4018ab3fd0d.binning_data.json,10011,63060051,2025-11-16 10:01:30.021,2025-11-16 09:52:51.139,99.0,0.0,32.0,,UTC-0300,tWUO8ZL77Z,,com.sec.android.app.shealth,2025-11-16 09:59:59.999,03b8c9ed-003e-413b-a02b-e4018ab3fd0d,
63060051,2025-11-16 10:00:00.000,,3d5b37c3-08d8-455d-a4d8-f59ec70b47e4.binning_data.json,10011,63060051,2025-11-16 11:07:01.126,2025-11-16 10:06:57.801,85.0,0.0,31.0,,UTC-0300,tWUO8ZL77Z,,com.sec.android.app.shealth,2025-11-16 10:59:59.999,3d5b37c3-08d8-455d-a4d8-f59ec70b47e4,
63060051,2025-11-16 11:00:00.000,,2838f48a-c175-4b94-b2d0-4dce96e15238.binning_data.json,10011,63060051,2025-11-16 12:25:30.567,2025-11-16 12:25:30.567,72.0,10.0,33.0,,UTC-0300,tWUO8ZL77Z,,com.sec.android.app.shealth,2025-11-16 11:59:59.999,2838f48a-c175-4b94-b2d0-4dce96e15238,
63060051,2025-11-16 12:00:00.000,,f0cf5105-fa1a-4cc4-b495-d0e130523239.binning_data.json,10011,63060051,2025-11-16 13:02:27.985,2025-11-16 13:02:27.985,100.0,11.0,44.0,,UTC-0300,tWUO8ZL77Z,,com.sec.android.app.shealth,2025-11-16 12:59:59.999,f0cf5105-fa1a-4cc4-b495-d0e130523239,
63060051,2025-11-16 13:00:00.000,,85948cc0-8e54-4160-8282-bd6b1754fdd0.binning_data.json,10011,63060051,2025-11-16 14:07:50.626,2025-11-16 14:07:50.626,92.0,3.0,43.0,,UTC-0300,tWUO8ZL77Z,,com.sec.android.app.shealth,2025-11-16 13:59:59.999,85948cc0-8e54-4160-8282-bd6b1754fdd0,
63060051,2025-11-16 14:00:00.000,,1ac4401c-a9ca-4eb0-8ba5-edac7280466a.binning_data.json,10011,63060051,2025-11-16 15:13:40.375,2025-11-16 15:13:40.375,99.0,15.0,64.0,,UTC-0300,tWUO8ZL77Z,,com.sec.android.app.shealth,2025-11-16 14:59:59.999,1ac4401c-a9ca-4eb0-8ba5-edac7280466a,
63060051,2025-11-16 15:00:00.000,,6b5ed624-0fc7-499e-947c-d1dd53a3c701.binning_data.json,10011,63060051,2025-11-16 16:57:53.760,2025-11-16 16:57:53.760,100.0,11.0,60.0,,UTC-0300,tWUO8ZL77Z,,com.sec.android.app.shealth,2025-11-16 15:59:59.999,6b5ed624-0fc7-499e-947c-d1dd53a3c701,
63060051,2025-11-16 16:00:00.000,,286eafbd-44b3-4d46-b5e8-5c89fd5bc96e.binning_data.json,10011,63060051,2025-11-16 17:23:07.073,2025-11-16 17:23:07.073,70.0,35.0,50.0,,UTC-0300,tWUO8ZL77Z,,com.sec.android.app.shealth,2025-11-16 16:59:59.999,286eafbd-44b3-4d46-b5e8-5c89fd5bc96e,
63060051,2025-11-16 17:00:00.000,,250010c0-9145-472d-b371-69501180e72e.binning_data.json,10011,63060051,2025-11-16 18:21:09.825,2025-11-16 17:23:40.836,99.0,32.0,64.0,,UTC-0300,tWUO8ZL77Z,,com.sec.android.app.shealth,2025-11-16 17:59:59.999,250010c0-9145-472d-b371-69501180e72e,
63060051,2025-11-16 18:00:00.000,,28364549-8848-4cc4-9156-fdf989d572ce.binning_data.json,10011,63060051,2025-11-16 19:06:46.109,2025-11-16 19:06:46.109,98.0,17.0,63.0,,UTC-0300,tWUO8ZL77Z,,com.sec.android.app.shealth,2025-11-16 18:59:59.999,28364549-8848-4cc4-9156-fdf989d572ce,
63060051,2025-11-16 19:00:00.000,,af38657c-0d28-450f-853b-4b2b24212c61.binning_data.json,10011,63060051,2025-11-16 20:31:01.651,2025-11-16 20:31:01.651,85.0,19.0,60.0,,UTC-0300,tWUO8ZL77Z,,com.sec.android.app.shealth,2025-11-16 19:59:59.999,af38657c-0d28-450f-853b-4b2b24212c61,
63060051,2025-11-16 20:00:00.000,,e2427594-d997-4225-a185-5838b096ab29.binning_data.json,10011,63060051,2025-11-16 21:15:48.982,2025-11-16 21:15:48.982,86.0,37.0,60.0,,UTC-0300,tWUO8ZL77Z,,com.sec.android.app.shealth,2025-11-16 20:59:59.999,e2427594-d997-4225-a185-5838b096ab29,
63060051,2025-11-16 21:00:00.000,,aa983f9c-8a72-46a8-a271-e2870f0a1d22.binning_data.json,10011,63060051,2025-11-17 02:00:07.613,2025-11-16 22:33:53.783,97.0,11.0,46.0,,UTC-0300,tWUO8ZL77Z,,com.sec.android.app.shealth,2025-11-16 21:59:59.999,aa983f9c-8a72-46a8-a271-e2870f0a1d22,
63060051,2025-11-17 01:00:00.000,,f5f57760-e6cc-4fee-9c31-60428fc97f11.binning_data.json,10011,63060051,2025-11-17 02:03:00.387,2025-11-17 02:03:00.387,100.0,64.0,82.0,,UTC-0300,tWUO8ZL77Z,,com.sec.android.app.shealth,2025-11-17 01:59:59.999,f5f57760-e6cc-4fee-9c31-60428fc97f11,
63060051,2025-11-17 02:00:00.000,,8f513393-df52-48a7-a916-2fe83398f986.binning_data.json,10011,63060051,2025-11-17 03:42:35.928,2025-11-17 03:32:35.175,94.0,0.0,29.0,,UTC-0300,tWUO8ZL77Z,,com.sec.android.app.shealth,2025-11-17 02:59:59.999,8f513393-df52-48a7-a916-2fe83398f986,
63060051,2025-11-17 03:00:00.000,,675add20-7566-4ac0-aced-4785f9c2a3ff.binning_data.json,10011,63060051,2025-11-17 04:17:44.835,2025-11-17 04:17:44.835,0.0,0.0,0.0,,UTC-0300,tWUO8ZL77Z,,com.sec.android.app.shealth,2025-11-17 03:59:59.999,675add20-7566-4ac0-aced-4785f9c2a3ff,
63060051,2025-11-17 04:00:00.000,,2447bc07-e079-4c31-9737-0988723b76ba.binning_data.json,10011,63060051,2025-11-17 06:17:24.798,2025-11-17 06:17:24.798,0.0,0.0,0.0,,UTC-0300,tWUO8ZL77Z,,com.sec.android.app.shealth,2025-11-17 04:59:59.999,2447bc07-e079-4c31-9737-0988723b76ba,
63060051,2025-11-17 06:00:00.000,,4e277517-5f26-4d40-94fc-db0f1bc8aaf3.binning_data.json,10011,63060051,2025-11-17 09:49:22.245,2025-11-17 09:49:22.245,0.0,0.0,0.0,,UTC-0300,tWUO8ZL77Z,,com.sec.android.app.shealth,2025-11-17 06:59:59.999,4e277517-5f26-4d40-94fc-db0f1bc8aaf3,
63060051,2025-11-17 10:00:00.000,,b1891e81-16a0-419c-8e94-8996376660d0.binning_data.json,10011,63060051,2025-11-17 11:09:42.481,2025-11-17 11:09:42.481,88.0,0.0,26.0,,UTC-0300,tWUO8ZL77Z,,com.sec.android.app.shealth,2025-11-17 10:59:59.999,b1891e81-16a0-419c-8e94-8996376660d0,
63060051,2025-11-17 09:00:00.000,,1f62c357-7e12-4499-9d5d-d9ca510ad358.binning_data.json,10011,63060051,2025-11-17 10:01:00.586,2025-11-17 10:00:27.774,91.0,3.0,46.0,,UTC-0300,tWUO8ZL77Z,,com.sec.android.app.shealth,2025-11-17 09:59:59.999,1f62c357-7e12-4499-9d5d-d9ca510ad358,
63060051,2025-11-17 11:00:00.000,,dd9f6a30-8c23-45bd-9500-45329027a337.binning_data.json,10011,63060051,2025-11-17 12:09:48.042,2025-11-17 11:09:42.560,100.0,8.0,64.0,,UTC-0300,tWUO8ZL77Z,,com.sec.android.app.shealth,2025-11-17 11:59:59.999,dd9f6a30-8c23-45bd-9500-45329027a337,
63060051,2025-11-17 12:00:00.000,,b5ed93d3-e0af-4336-b943-ec88590d5d85.binning_data.json,10011,63060051,2025-11-17 13:08:03.331,2025-11-17 12:30:40.460,88.0,1.0,36.0,,UTC-0300,tWUO8ZL77Z,,com.sec.android.app.shealth,2025-11-17 12:59:59.999,b5ed93d3-e0af-4336-b943-ec88590d5d85,
63060051,2025-11-17 13:00:00.000,,f13b7a03-2c49-4b73-b54a-fed5f04875e0.binning_data.json,10011,63060051,2025-11-17 14:06:14.615,2025-11-17 14:06:14.615,97.0,3.0,48.0,,UTC-0300,tWUO8ZL77Z,,com.sec.android.app.shealth,2025-11-17 13:59:59.999,f13b7a03-2c49-4b73-b54a-fed5f04875e0,
63060051,2025-11-17 14:00:00.000,,3c308cf2-def0-4321-a1ef-85ea53e9de82.binning_data.json,10011,63060051,2025-11-17 15:35:19.758,2025-11-17 15:35:19.758,99.0,22.0,70.0,,UTC-0300,tWUO8ZL77Z,,com.sec.android.app.shealth,2025-11-17 14:59:59.999,3c308cf2-def0-4321-a1ef-85ea53e9de82,
63060051,2025-11-17 15:00:00.000,,5aee6c8c-5fe4-4967-8dd1-e7d39e7e2a02.binning_data.json,10011,63060051,2025-11-17 16:25:48.762,2025-11-17 16:25:48.762,89.0,17.0,50.0,,UTC-0300,tWUO8ZL77Z,,com.sec.android.app.shealth,2025-11-17 15:59:59.999,5aee6c8c-5fe4-4967-8dd1-e7d39e7e2a02,
63060051,2025-11-17 16:00:00.000,,ece207d4-9ff4-46f4-a599-168828d78eb9.binning_data.json,10011,63060051,2025-11-17 17:05:18.201,2025-11-17 17:05:18.201,61.0,27.0,45.0,,UTC-0300,tWUO8ZL77Z,,com.sec.android.app.shealth,2025-11-17 16:59:59.999,ece207d4-9ff4-46f4-a599-168828d78eb9,
63060051,2025-11-17 17:00:00.000,,ccaaf2f4-3f15-4a45-9ce6-ea84dd97f93d.binning_data.json,10011,63060051,2025-11-17 18:07:53.786,2025-11-17 17:57:57.307,95.0,8.0,51.0,,UTC-0300,tWUO8ZL77Z,,com.sec.android.app.shealth,2025-11-17 17:59:59.999,ccaaf2f4-3f15-4a45-9ce6-ea84dd97f93d,
63060051,2025-11-17 22:00:00.000,,75b9a647-d796-42d6-925d-fb1ceeaa9015.binning_data.json,10011,63060051,2025-11-17 23:06:26.223,2025-11-17 23:06:26.223,100.0,8.0,48.0,,UTC-0300,tWUO8ZL77Z,,com.sec.android.app.shealth,2025-11-17 22:59:59.999,75b9a647-d796-42d6-925d-fb1ceeaa9015,
63060051,2025-11-17 18:00:00.000,,7f71fad3-c63d-403c-894d-84257ef6001d.binning_data.json,10011,63060051,2025-11-17 22:56:50.343,2025-11-17 20:36:18.912,72.0,42.0,60.0,,UTC-0300,tWUO8ZL77Z,,com.sec.android.app.shealth,2025-11-17 18:59:59.999,7f71fad3-c63d-403c-894d-84257ef6001d,
63060051,2025-11-17 23:00:00.000,,040d5bf7-428e-45c4-8ca2-f899a3e34f81.binning_data.json,10011,63060051,2025-11-18 00:08:00.564,2025-11-18 00:08:00.564,91.0,26.0,61.0,,UTC-0300,tWUO8ZL77Z,,com.sec.android.app.shealth,2025-11-17 23:59:59.999,040d5bf7-428e-45c4-8ca2-f899a3e34f81,
63060051,2025-11-18 00:00:00.000,,94fc48c1-2b97-4d3e-afd4-8f54c89ac225.binning_data.json,10011,63060051,2025-11-18 01:03:01.537,2025-11-18 01:03:01.537,97.0,45.0,79.0,,UTC-0300,tWUO8ZL77Z,,com.sec.android.app.shealth,2025-11-18 00:59:59.999,94fc48c1-2b97-4d3e-afd4-8f54c89ac225,
63060051,2025-11-18 01:00:00.000,,4611fce3-73f6-41e2-86a8-e4f1c75bf303.binning_data.json,10011,63060051,2025-11-18 10:48:54.686,2025-11-18 10:48:54.686,90.0,0.0,24.0,,UTC-0300,tWUO8ZL77Z,,com.sec.android.app.shealth,2025-11-18 01:59:59.999,4611fce3-73f6-41e2-86a8-e4f1c75bf303,
63060051,2025-11-18 02:00:00.000,,a8a030d1-176e-4f9c-b2cd-d999726cde14.binning_data.json,10011,63060051,2025-11-18 10:59:22.702,2025-11-18 10:48:55.881,0.0,0.0,0.0,,UTC-0300,tWUO8ZL77Z,,com.sec.android.app.shealth,2025-11-18 02:59:59.999,a8a030d1-176e-4f9c-b2cd-d999726cde14,
63060051,2025-11-18 10:00:00.000,,ec5ce1d7-e563-4213-9cae-64161b463fa0.binning_data.json,10011,63060051,2025-11-18 11:05:05.676,2025-11-18 11:05:05.676,0.0,0.0,0.0,,UTC-0300,tWUO8ZL77Z,,com.sec.android.app.shealth,2025-11-18 10:59:59.999,ec5ce1d7-e563-4213-9cae-64161b463fa0,
63060051,2025-11-18 11:00:00.000,,e41484e3-2fd0-473f-bccb-c6dab303e8d6.binning_data.json,10011,63060051,2025-11-18 12:25:28.630,2025-11-18 11:39:59.680,96.0,0.0,43.0,,UTC-0300,tWUO8ZL77Z,,com.sec.android.app.shealth,2025-11-18 11:59:59.999,e41484e3-2fd0-473f-bccb-c6dab303e8d6,
63060051,2025-11-18 12:00:00.000,,3cf89dda-6b42-4f5c-99c2-c1ccbd026e3d.binning_data.json,10011,63060051,2025-11-18 14:39:24.539,2025-11-18 14:39:24.539,61.0,2.0,17.0,,UTC-0300,tWUO8ZL77Z,,com.sec.android.app.shealth,2025-11-18 12:59:59.999,3cf89dda-6b42-4f5c-99c2-c1ccbd026e3d,
63060051,2025-11-18 14:00:00.000,,0ea3e7c4-69d6-4730-8e03-9050429c8305.binning_data.json,10011,63060051,2025-11-18 15:32:55.209,2025-11-18 15:32:55.209,99.0,5.0,76.0,,UTC-0300,tWUO8ZL77Z,,com.sec.android.app.shealth,2025-11-18 14:59:59.999,0ea3e7c4-69d6-4730-8e03-9050429c8305,
63060051,2025-11-18 15:00:00.000,,f4277927-77b1-45e1-9ebf-032ba3553114.binning_data.json,10011,63060051,2025-11-18 16:09:00.793,2025-11-18 16:09:00.793,79.0,14.0,39.0,,UTC-0300,tWUO8ZL77Z,,com.sec.android.app.shealth,2025-11-18 15:59:59.999,f4277927-77b1-45e1-9ebf-032ba3553114,
63060051,2025-11-18 17:00:00.000,,77e2dd12-f54a-4b11-bb73-7391b5868da0.binning_data.json,10011,63060051,2025-11-18 18:10:11.893,2025-11-18 18:10:11.893,99.0,5.0,49.0,,UTC-0300,tWUO8ZL77Z,,com.sec.android.app.shealth,2025-11-18 17:59:59.999,77e2dd12-f54a-4b11-bb73-7391b5868da0,
63060051,2025-11-18 16:00:00.000,,2bbc3cb6-8a07-40c5-84fb-c11e793b9450.binning_data.json,10011,63060051,2025-11-18 17:02:00.058,2025-11-18 17:02:00.058,99.0,15.0,53.0,,UTC-0300,tWUO8ZL77Z,,com.sec.android.app.shealth,2025-11-18 16:59:59.999,2bbc3cb6-8a07-40c5-84fb-c11e793b9450,
63060051,2025-11-18 18:00:00.000,,8b6dd65e-7ee7-43dc-8fc8-4a5c30bbb702.binning_data.json,10011,63060051,2025-11-18 19:12:42.736,2025-11-18 19:02:30.368,99.0,1.0,36.0,,UTC-0300,tWUO8ZL77Z,,com.sec.android.app.shealth,2025-11-18 18:59:59.999,8b6dd65e-7ee7-43dc-8fc8-4a5c30bbb702,
63060051,2025-11-18 19:00:00.000,,85afb38c-0841-4c1c-b44e-204762dac7a1.binning_data.json,10011,63060051,2025-11-18 20:12:00.276,2025-11-18 20:12:00.276,77.0,3.0,30.0,,UTC-0300,tWUO8ZL77Z,,com.sec.android.app.shealth,2025-11-18 19:59:59.999,85afb38c-0841-4c1c-b44e-204762dac7a1,
63060051,2025-11-18 20:00:00.000,,82081f5b-b3b7-4987-8198-d46a99203a70.binning_data.json,10011,63060051,2025-11-18 21:04:44.232,2025-11-18 21:04:44.232,53.0,1.0,22.0,,UTC-0300,tWUO8ZL77Z,,com.sec.android.app.shealth,2025-11-18 20:59:59.999,82081f5b-b3b7-4987-8198-d46a99203a70,
63060051,2025-11-18 21:00:00.000,,5d5d12a3-55ac-4115-8e50-4ad9f3a4c18a.binning_data.json,10011,63060051,2025-11-18 22:14:01.856,2025-11-18 21:17:43.355,100.0,10.0,37.0,,UTC-0300,tWUO8ZL77Z,,com.sec.android.app.shealth,2025-11-18 21:59:59.999,5d5d12a3-55ac-4115-8e50-4ad9f3a4c18a,
63060051,2025-11-18 22:00:00.000,,69fbeb19-50dd-40c2-9de4-7702432da3dd.binning_data.json,10011,63060051,2025-11-18 23:10:04.177,2025-11-18 22:33:56.108,42.0,3.0,16.0,,UTC-0300,tWUO8ZL77Z,,com.sec.android.app.shealth,2025-11-18 22:59:59.999,69fbeb19-50dd-40c2-9de4-7702432da3dd,
63060051,2025-11-18 23:00:00.000,,1df0a791-47df-43a1-bcce-15decbd42902.binning_data.json,10011,63060051,2025-11-19 04:45:00.772,2025-11-18 23:29:55.351,6.0,1.0,2.0,,UTC-0300,tWUO8ZL77Z,,com.sec.android.app.shealth,2025-11-18 23:59:59.999,1df0a791-47df-43a1-bcce-15decbd42902,
63060051,2025-11-19 04:00:00.000,,75fa6dab-de09-4f29-8767-3ef631c7d487.binning_data.json,10011,63060051,2025-11-19 09:47:35.434,2025-11-19 05:56:18.588,1.0,0.0,0.0,,UTC-0300,tWUO8ZL77Z,,com.sec.android.app.shealth,2025-11-19 04:59:59.999,75fa6dab-de09-4f29-8767-3ef631c7d487,
63060051,2025-11-19 09:00:00.000,,98d30b5d-a42a-4ef9-a284-c24418e05a13.binning_data.json,10011,63060051,2025-11-19 10:08:35.589,2025-11-19 09:50:24.855,2.0,0.0,0.0,,UTC-0300,tWUO8ZL77Z,,com.sec.android.app.shealth,2025-11-19 09:59:59.999,98d30b5d-a42a-4ef9-a284-c24418e05a13,
63060051,2025-11-19 10:00:00.000,,729d8227-5d95-46fb-8be6-635cdef73cca.binning_data.json,10011,63060051,2025-11-19 11:02:25.517,2025-11-19 11:02:25.517,7.0,0.0,1.0,,UTC-0300,tWUO8ZL77Z,,com.sec.android.app.shealth,2025-11-19 10:59:59.999,729d8227-5d95-46fb-8be6-635cdef73cca,
63060051,2025-11-19 11:00:00.000,,f24a7f2c-c792-4400-92a7-4d53c95f6580.binning_data.json,10011,63060051,2025-11-19 12:02:04.114,2025-11-19 11:52:57.074,53.0,0.0,10.0,,UTC-0300,tWUO8ZL77Z,,com.sec.android.app.shealth,2025-11-19 11:59:59.999,f24a7f2c-c792-4400-92a7-4d53c95f6580,
63060051,2025-11-19 12:00:00.000,,d82f3b79-870e-45c3-a442-2011ca773011.binning_data.json,10011,63060051,2025-11-19 13:08:00.384,2025-11-19 12:02:43.117,51.0,0.0,7.0,,UTC-0300,tWUO8ZL77Z,,com.sec.android.app.shealth,2025-11-19 12:59:59.999,d82f3b79-870e-45c3-a442-2011ca773011,
63060051,2025-11-19 13:00:00.000,,c89bd2df-1c99-40d7-9ece-164571441571.binning_data.json,10011,63060051,2025-11-19 14:01:42.016,2025-11-19 14:01:42.016,91.0,3.0,44.0,,UTC-0300,tWUO8ZL77Z,,com.sec.android.app.shealth,2025-11-19 13:59:59.999,c89bd2df-1c99-40d7-9ece-164571441571,
63060051,2025-11-19 14:00:00.000,,1a0a414c-dfce-431b-a1c3-63c237e24b5a.binning_data.json,10011,63060051,2025-11-19 15:06:06.450,2025-11-19 15:06:06.450,84.0,0.0,27.0,,UTC-0300,tWUO8ZL77Z,,com.sec.android.app.shealth,2025-11-19 14:59:59.999,1a0a414c-dfce-431b-a1c3-63c237e24b5a,
63060051,2025-11-19 15:00:00.000,,916c4cd7-f1bc-4a72-9250-5eea1e51bf1b.binning_data.json,10011,63060051,2025-11-19 16:08:06.604,2025-11-19 15:48:00.706,53.0,8.0,24.0,,UTC-0300,tWUO8ZL77Z,,com.sec.android.app.shealth,2025-11-19 15:59:59.999,916c4cd7-f1bc-4a72-9250-5eea1e51bf1b,
63060051,2025-11-19 16:00:00.000,,e584c5a9-1f19-4084-93b9-a5b021b29082.binning_data.json,10011,63060051,2025-11-19 17:08:57.095,2025-11-19 17:08:57.095,87.0,8.0,43.0,,UTC-0300,tWUO8ZL77Z,,com.sec.android.app.shealth,2025-11-19 16:59:59.999,e584c5a9-1f19-4084-93b9-a5b021b29082,
63060051,2025-11-19 17:00:00.000,,20be0bf9-5610-47e0-8ed1-be64a72215d1.binning_data.json,10011,63060051,2025-11-19 18:12:12.035,2025-11-19 18:12:12.035,85.0,7.0,45.0,,UTC-0300,tWUO8ZL77Z,,com.sec.android.app.shealth,2025-11-19 17:59:59.999,20be0bf9-5610-47e0-8ed1-be64a72215d1,
63060051,2025-11-19 18:00:00.000,,9a8f8d93-45af-4c42-acbc-829a6acdc45b.binning_data.json,10011,63060051,2025-11-19 19:07:27.224,2025-11-19 19:07:27.224,38.0,2.0,16.0,,UTC-0300,tWUO8ZL77Z,,com.sec.android.app.shealth,2025-11-19 18:59:59.999,9a8f8d93-45af-4c42-acbc-829a6acdc45b,
63060051,2025-11-19 19:00:00.000,,9c402152-f0c4-4ea0-87e0-4372cd31a714.binning_data.json,10011,63060051,2025-11-19 20:03:53.089,2025-11-19 20:03:53.089,68.0,0.0,19.0,,UTC-0300,tWUO8ZL77Z,,com.sec.android.app.shealth,2025-11-19 19:59:59.999,9c402152-f0c4-4ea0-87e0-4372cd31a714,
63060051,2025-11-19 20:00:00.000,,46e2fc0e-007e-425e-9b59-191b678f2378.binning_data.json,10011,63060051,2025-11-19 21:03:15.420,2025-11-19 21:03:15.420,91.0,4.0,35.0,,UTC-0300,tWUO8ZL77Z,,com.sec.android.app.shealth,2025-11-19 20:59:59.999,46e2fc0e-007e-425e-9b59-191b678f2378,
63060051,2025-11-19 21:00:00.000,,1ffaca0b-b3fc-43f6-abed-63424dd1c6cd.binning_data.json,10011,63060051,2025-11-19 22:18:09.345,2025-11-19 21:35:38.367,63.0,0.0,15.0,,UTC-0300,tWUO8ZL77Z,,com.sec.android.app.shealth,2025-11-19 21:59:59.999,1ffaca0b-b3fc-43f6-abed-63424dd1c6cd,
63060051,2025-11-19 22:00:00.000,,c9affe5f-b70a-4507-961c-d50ce01d987c.binning_data.json,10011,63060051,2025-11-19 23:04:36.173,2025-11-19 23:04:36.173,41.0,3.0,16.0,,UTC-0300,tWUO8ZL77Z,,com.sec.android.app.shealth,2025-11-19 22:59:59.999,c9affe5f-b70a-4507-961c-d50ce01d987c,
63060051,2025-11-19 23:00:00.000,,db8cdfc0-1e74-4ee5-b748-d34c5a7d233b.binning_data.json,10011,63060051,2025-11-20 00:06:09.929,2025-11-20 00:06:09.929,51.0,0.0,12.0,,UTC-0300,tWUO8ZL77Z,,com.sec.android.app.shealth,2025-11-19 23:59:59.999,db8cdfc0-1e74-4ee5-b748-d34c5a7d233b,
63060051,2025-11-20 00:00:00.000,,53d2bd1e-cd39-429c-b735-090638cbb70c.binning_data.json,10011,63060051,2025-11-20 01:40:21.049,2025-11-20 01:40:21.049,59.0,3.0,14.0,,UTC-0300,tWUO8ZL77Z,,com.sec.android.app.shealth,2025-11-20 00:59:59.999,53d2bd1e-cd39-429c-b735-090638cbb70c,
63060051,2025-11-20 01:00:00.000,,3d8de185-c45c-434b-9324-6a7ad3d6ceb9.binning_data.json,10011,63060051,2025-11-20 09:20:21.288,2025-11-20 09:19:59.179,0.0,0.0,0.0,,UTC-0300,tWUO8ZL77Z,,com.sec.android.app.shealth,2025-11-20 01:59:59.999,3d8de185-c45c-434b-9324-6a7ad3d6ceb9,
63060051,2025-11-20 09:00:00.000,,245996b6-c0a3-4da1-a865-e0931fc14618.binning_data.json,10011,63060051,2025-11-20 10:10:00.584,2025-11-20 09:20:21.347,10.0,0.0,0.0,,UTC-0300,tWUO8ZL77Z,,com.sec.android.app.shealth,2025-11-20 09:59:59.999,245996b6-c0a3-4da1-a865-e0931fc14618,
63060051,2025-11-20 10:00:00.000,,03e7b220-e9df-433f-93d1-7d32e0016c85.binning_data.json,10011,63060051,2025-11-20 11:11:52.062,2025-11-20 11:11:52.062,9.0,0.0,2.0,,UTC-0300,tWUO8ZL77Z,,com.sec.android.app.shealth,2025-11-20 10:59:59.999,03e7b220-e9df-433f-93d1-7d32e0016c85,
63060051,2025-11-20 11:00:00.000,,b50bba21-3e68-4922-afde-c8c1c75e1b71.binning_data.json,10011,63060051,2025-11-20 12:11:13.999,2025-11-20 12:11:13.999,67.0,0.0,8.0,,UTC-0300,tWUO8ZL77Z,,com.sec.android.app.shealth,2025-11-20 11:59:59.999,b50bba21-3e68-4922-afde-c8c1c75e1b71,
63060051,2025-11-20 12:00:00.000,,e65e75c1-a7ac-4125-9173-67121ad56d37.binning_data.json,10011,63060051,2025-11-20 13:07:33.654,2025-11-20 12:53:37.409,99.0,18.0,51.0,,UTC-0300,tWUO8ZL77Z,,com.sec.android.app.shealth,2025-11-20 12:59:59.999,e65e75c1-a7ac-4125-9173-67121ad56d37,
63060051,2025-11-20 14:00:00.000,,470205a0-36a0-45c5-8d1e-76056052532e.binning_data.json,10011,63060051,2025-11-20 15:05:50.479,2025-11-20 15:05:50.479,54.0,0.0,11.0,,UTC-0300,tWUO8ZL77Z,,com.sec.android.app.shealth,2025-11-20 14:59:59.999,470205a0-36a0-45c5-8d1e-76056052532e,
63060051,2025-11-20 13:00:00.000,,01eadadb-f9bf-4f55-85fa-0a030ca9ffe8.binning_data.json,10011,63060051,2025-11-20 14:01:39.096,2025-11-20 14:01:39.096,85.0,3.0,40.0,,UTC-0300,tWUO8ZL77Z,,com.sec.android.app.shealth,2025-11-20 13:59:59.999,01eadadb-f9bf-4f55-85fa-0a030ca9ffe8,
63060051,2025-11-20 15:00:00.000,,e7ce530f-2760-4f16-b304-7318e20058be.binning_data.json,10011,63060051,2025-11-20 16:08:15.610,2025-11-20 16:08:15.610,13.0,0.0,4.0,,UTC-0300,tWUO8ZL77Z,,com.sec.android.app.shealth,2025-11-20 15:59:59.999,e7ce530f-2760-4f16-b304-7318e20058be,
63060051,2025-11-20 16:00:00.000,,925b2e93-0d25-418a-a588-c5ce19945536.binning_data.json,10011,63060051,2025-11-20 17:15:27.907,2025-11-20 17:15:27.907,19.0,0.0,3.0,,UTC-0300,tWUO8ZL77Z,,com.sec.android.app.shealth,2025-11-20 16:59:59.999,925b2e93-0d25-418a-a588-c5ce19945536,
63060051,2025-11-20 17:00:00.000,,0f67fdc5-33e7-421b-afb0-f0622ffabcdb.binning_data.json,10011,63060051,2025-11-20 18:19:40.983,2025-11-20 18:19:40.983,72.0,1.0,23.0,,UTC-0300,tWUO8ZL77Z,,com.sec.android.app.shealth,2025-11-20 17:59:59.999,0f67fdc5-33e7-421b-afb0-f0622ffabcdb,
63060051,2025-11-20 21:00:00.000,,c93bb681-e473-464a-ae3b-423b4ffce0cc.binning_data.json,10011,63060051,2025-11-20 22:11:50.200,2025-11-20 22:11:50.200,98.0,4.0,42.0,,UTC-0300,tWUO8ZL77Z,,com.sec.android.app.shealth,2025-11-20 21:59:59.999,c93bb681-e473-464a-ae3b-423b4ffce0cc,
63060051,2025-11-20 18:00:00.000,,3a95cd26-abe3-4ea9-8d03-2f6429514b0c.binning_data.json,10011,63060051,2025-11-20 19:18:01.770,2025-11-20 19:18:01.770,23.0,1.0,8.0,,UTC-0300,tWUO8ZL77Z,,com.sec.android.app.shealth,2025-11-20 18:59:59.999,3a95cd26-abe3-4ea9-8d03-2f6429514b0c,
63060051,2025-11-20 19:00:00.000,,b71dbbfe-d3d4-4b78-926c-e53411d295b7.binning_data.json,10011,63060051,2025-11-20 20:04:07.633,2025-11-20 19:38:41.276,16.0,0.0,5.0,,UTC-0300,tWUO8ZL77Z,,com.sec.android.app.shealth,2025-11-20 19:59:59.999,b71dbbfe-d3d4-4b78-926c-e53411d295b7,
63060051,2025-11-20 20:00:00.000,,2ab22c8c-8064-4776-8b83-516bb01c7971.binning_data.json,10011,63060051,2025-11-20 21:12:29.501,2025-11-20 21:12:29.501,96.0,2.0,40.0,,UTC-0300,tWUO8ZL77Z,,com.sec.android.app.shealth,2025-11-20 20:59:59.999,2ab22c8c-8064-4776-8b83-516bb01c7971,
63060051,2025-11-21 00:00:00.000,,0edf8e8b-0613-4b8e-852d-b2f34153ed83.binning_data.json,10011,63060051,2025-11-21 01:55:48.092,2025-11-21 01:55:48.092,0.0,0.0,0.0,,UTC-0300,tWUO8ZL77Z,,com.sec.android.app.shealth,2025-11-21 00:59:59.999,0edf8e8b-0613-4b8e-852d-b2f34153ed83,
63060051,2025-11-21 01:00:00.000,,27ca6aaf-2002-4e7a-b503-f0419054b7db.binning_data.json,10011,63060051,2025-11-21 02:17:30.396,2025-11-21 02:17:30.396,81.0,0.0,21.0,,UTC-0300,tWUO8ZL77Z,,com.sec.android.app.shealth,2025-11-21 01:59:59.999,27ca6aaf-2002-4e7a-b503-f0419054b7db,
63060051,2025-11-20 22:00:00.000,,5d212c56-0412-43f9-95b0-59349270b027.binning_data.json,10011,63060051,2025-11-21 01:54:53.913,2025-11-20 22:36:19.298,29.0,0.0,5.0,,UTC-0300,tWUO8ZL77Z,,com.sec.android.app.shealth,2025-11-20 22:59:59.999,5d212c56-0412-43f9-95b0-59349270b027,
63060051,2025-11-21 02:00:00.000,,1a01a131-63fc-4495-bb84-dabfbe20cc94.binning_data.json,10011,63060051,2025-11-21 03:11:47.072,2025-11-21 03:01:24.749,0.0,0.0,0.0,,UTC-0300,tWUO8ZL77Z,,com.sec.android.app.shealth,2025-11-21 02:59:59.999,1a01a131-63fc-4495-bb84-dabfbe20cc94,
63060051,2025-11-21 03:00:00.000,,e3232f43-7029-4c72-aa36-5b57d6878531.binning_data.json,10011,63060051,2025-11-21 06:23:38.517,2025-11-21 06:13:11.812,15.0,0.0,2.0,,UTC-0300,tWUO8ZL77Z,,com.sec.android.app.shealth,2025-11-21 03:59:59.999,e3232f43-7029-4c72-aa36-5b57d6878531,
63060051,2025-11-21 06:00:00.000,,df5c2d48-d4fc-4428-a6ff-b5fa5c0e8488.binning_data.json,10011,63060051,2025-11-21 10:54:36.388,2025-11-21 10:35:56.485,0.0,0.0,0.0,,UTC-0300,tWUO8ZL77Z,,com.sec.android.app.shealth,2025-11-21 06:59:59.999,df5c2d48-d4fc-4428-a6ff-b5fa5c0e8488,
63060051,2025-11-21 10:00:00.000,,e6c2bd12-d82a-4c19-90cb-3ce8c5a5891d.binning_data.json,10011,63060051,2025-11-21 11:12:14.856,2025-11-21 11:12:14.856,2.0,0.0,0.0,,UTC-0300,tWUO8ZL77Z,,com.sec.android.app.shealth,2025-11-21 10:59:59.999,e6c2bd12-d82a-4c19-90cb-3ce8c5a5891d,
63060051,2025-11-21 11:00:00.000,,359b0e80-0f26-4641-9816-021804b2f690.binning_data.json,10011,63060051,2025-11-21 12:11:02.968,2025-11-21 12:11:02.968,52.0,0.0,13.0,,UTC-0300,tWUO8ZL77Z,,com.sec.android.app.shealth,2025-11-21 11:59:59.999,359b0e80-0f26-4641-9816-021804b2f690,
63060051,2025-11-21 12:00:00.000,,f8f759e0-67d5-4f7f-85d4-7354c6975277.binning_data.json,10011,63060051,2025-11-21 13:31:05.453,2025-11-21 13:31:05.453,77.0,0.0,14.0,,UTC-0300,tWUO8ZL77Z,,com.sec.android.app.shealth,2025-11-21 12:59:59.999,f8f759e0-67d5-4f7f-85d4-7354c6975277,
63060051,2025-11-21 13:00:00.000,,2fbc079e-6d91-4e42-a871-040f02e4c424.binning_data.json,10011,63060051,2025-11-21 14:15:29.815,2025-11-21 14:15:29.815,87.0,0.0,9.0,,UTC-0300,tWUO8ZL77Z,,com.sec.android.app.shealth,2025-11-21 13:59:59.999,2fbc079e-6d91-4e42-a871-040f02e4c424,
63060051,2025-11-21 14:00:00.000,,250022e6-7e8d-4dee-a00d-fd97c9cad6a4.binning_data.json,10011,63060051,2025-11-21 15:16:21.924,2025-11-21 14:24:25.022,99.0,0.0,33.0,,UTC-0300,tWUO8ZL77Z,,com.sec.android.app.shealth,2025-11-21 14:59:59.999,250022e6-7e8d-4dee-a00d-fd97c9cad6a4,
63060051,2025-11-21 15:00:00.000,,c428091f-7229-4f3e-9473-975085020f8c.binning_data.json,10011,63060051,2025-11-21 16:03:00.234,2025-11-21 16:03:00.234,77.0,7.0,39.0,,UTC-0300,tWUO8ZL77Z,,com.sec.android.app.shealth,2025-11-21 15:59:59.999,c428091f-7229-4f3e-9473-975085020f8c,
63060051,2025-11-21 16:00:00.000,,b2a8b4a3-e6ce-4297-a639-3531f4c61fe0.binning_data.json,10011,63060051,2025-11-21 17:37:05.648,2025-11-21 17:37:05.648,91.0,12.0,38.0,,UTC-0300,tWUO8ZL77Z,,com.sec.android.app.shealth,2025-11-21 16:59:59.999,b2a8b4a3-e6ce-4297-a639-3531f4c61fe0,
63060051,2025-11-21 17:00:00.000,,6aa93fea-4f6b-456f-93ad-87d66a2ba9e5.binning_data.json,10011,63060051,2025-11-21 18:15:16.626,2025-11-21 18:15:16.626,99.0,25.0,68.0,,UTC-0300,tWUO8ZL77Z,,com.sec.android.app.shealth,2025-11-21 17:59:59.999,6aa93fea-4f6b-456f-93ad-87d66a2ba9e5,
63060051,2025-11-21 18:00:00.000,,bfb88af1-6f91-44d5-9fab-f71f2a96de7d.binning_data.json,10011,63060051,2025-11-21 19:14:01.080,2025-11-21 19:14:01.080,96.0,32.0,62.0,,UTC-0300,tWUO8ZL77Z,,com.sec.android.app.shealth,2025-11-21 18:59:59.999,bfb88af1-6f91-44d5-9fab-f71f2a96de7d,
63060051,2025-11-21 19:00:00.000,,bf382463-881a-4a29-8281-347c9438fc02.binning_data.json,10011,63060051,2025-11-21 20:07:07.336,2025-11-21 20:07:07.336,97.0,31.0,77.0,,UTC-0300,tWUO8ZL77Z,,com.sec.android.app.shealth,2025-11-21 19:59:59.999,bf382463-881a-4a29-8281-347c9438fc02,
63060051,2025-11-21 20:00:00.000,,730d64e4-cbeb-402b-a3cc-aafd61d24927.binning_data.json,10011,63060051,2025-11-21 21:08:08.137,2025-11-21 21:08:08.137,87.0,13.0,65.0,,UTC-0300,tWUO8ZL77Z,,com.sec.android.app.shealth,2025-11-21 20:59:59.999,730d64e4-cbeb-402b-a3cc-aafd61d24927,
63060051,2025-11-21 21:00:00.000,,0601f3fe-9f98-49bc-b433-9becb12f35cc.binning_data.json,10011,63060051,2025-11-21 22:02:00.308,2025-11-21 22:02:00.308,100.0,13.0,57.0,,UTC-0300,tWUO8ZL77Z,,com.sec.android.app.shealth,2025-11-21 21:59:59.999,0601f3fe-9f98-49bc-b433-9becb12f35cc,
63060051,2025-11-21 22:00:00.000,,0762430d-f194-4469-bfaa-31dd508b0440.binning_data.json,10011,63060051,2025-11-21 23:03:00.898,2025-11-21 23:03:00.898,75.0,1.0,26.0,,UTC-0300,tWUO8ZL77Z,,com.sec.android.app.shealth,2025-11-21 22:59:59.999,0762430d-f194-4469-bfaa-31dd508b0440,
63060051,2025-11-21 23:00:00.000,,64d6b82e-4012-4942-95d6-794a5ce22637.binning_data.json,10011,63060051,2025-11-22 00:08:02.851,2025-11-22 00:08:02.851,41.0,0.0,10.0,,UTC-0300,tWUO8ZL77Z,,com.sec.android.app.shealth,2025-11-21 23:59:59.999,64d6b82e-4012-4942-95d6-794a5ce22637,
63060051,2025-11-22 00:00:00.000,,d0a1b146-ce21-4b79-bae4-56b820c32b31.binning_data.json,10011,63060051,2025-11-22 01:11:06.099,2025-11-22 01:11:06.099,63.0,1.0,20.0,,UTC-0300,tWUO8ZL77Z,,com.sec.android.app.shealth,2025-11-22 00:59:59.999,d0a1b146-ce21-4b79-bae4-56b820c32b31,
63060051,2025-11-22 01:00:00.000,,7db30df7-0181-42bd-9db9-dad831e86610.binning_data.json,10011,63060051,2025-11-22 02:25:25.712,2025-11-22 01:36:32.597,53.0,0.0,11.0,,UTC-0300,tWUO8ZL77Z,,com.sec.android.app.shealth,2025-11-22 01:59:59.999,7db30df7-0181-42bd-9db9-dad831e86610,
63060051,2025-11-22 02:00:00.000,,3550b6fc-c23f-4818-8168-6e8267a8cbb9.binning_data.json,10011,63060051,2025-11-22 09:06:39.507,2025-11-22 09:06:18.130,99.0,0.0,36.0,,UTC-0300,tWUO8ZL77Z,,com.sec.android.app.shealth,2025-11-22 02:59:59.999,3550b6fc-c23f-4818-8168-6e8267a8cbb9,
63060051,2025-11-22 09:00:00.000,,06af0ce9-4211-46ab-9bf6-08f3db234e6c.binning_data.json,10011,63060051,2025-11-22 10:03:01.554,2025-11-22 09:06:39.573,1.0,0.0,0.0,,UTC-0300,tWUO8ZL77Z,,com.sec.android.app.shealth,2025-11-22 09:59:59.999,06af0ce9-4211-46ab-9bf6-08f3db234e6c,
63060051,2025-11-22 12:00:00.000,,57e42e89-e731-4e8c-aed5-bf34cc2d781b.binning_data.json,10011,63060051,2025-11-22 13:02:35.674,2025-11-22 13:02:35.674,94.0,0.0,22.0,,UTC-0300,tWUO8ZL77Z,,com.sec.android.app.shealth,2025-11-22 12:59:59.999,57e42e89-e731-4e8c-aed5-bf34cc2d781b,
63060051,2025-11-22 10:00:00.000,,1ad29ac7-3cf8-4d09-9c46-f187760d33fe.binning_data.json,10011,63060051,2025-11-22 11:04:20.503,2025-11-22 11:04:20.503,83.0,0.0,5.0,,UTC-0300,tWUO8ZL77Z,,com.sec.android.app.shealth,2025-11-22 10:59:59.999,1ad29ac7-3cf8-4d09-9c46-f187760d33fe,
63060051,2025-11-22 11:00:00.000,,4082e3b4-08d9-4c92-811c-6d9f2de7d836.binning_data.json,10011,63060051,2025-11-22 12:01:03.568,2025-11-22 12:01:03.568,68.0,0.0,17.0,,UTC-0300,tWUO8ZL77Z,,com.sec.android.app.shealth,2025-11-22 11:59:59.999,4082e3b4-08d9-4c92-811c-6d9f2de7d836,
63060051,2025-11-22 13:00:00.000,,d1f0d5cf-b443-49a5-8f29-9dac69cffc7b.binning_data.json,10011,63060051,2025-11-22 14:09:29.656,2025-11-22 14:09:29.656,80.0,0.0,31.0,,UTC-0300,tWUO8ZL77Z,,com.sec.android.app.shealth,2025-11-22 13:59:59.999,d1f0d5cf-b443-49a5-8f29-9dac69cffc7b,
63060051,2025-11-22 14:00:00.000,,8cc0fea6-07a3-4da8-9c7f-d3faf7f987aa.binning_data.json,10011,63060051,2025-11-22 15:03:46.569,2025-11-22 15:03:46.569,58.0,3.0,30.0,,UTC-0300,tWUO8ZL77Z,,com.sec.android.app.shealth,2025-11-22 14:59:59.999,8cc0fea6-07a3-4da8-9c7f-d3faf7f987aa,
63060051,2025-11-22 15:00:00.000,,4608e285-cebe-4b25-9e35-ad86fbf56464.binning_data.json,10011,63060051,2025-11-22 16:12:11.260,2025-11-22 15:21:26.165,46.0,0.0,22.0,,UTC-0300,tWUO8ZL77Z,,com.sec.android.app.shealth,2025-11-22 15:59:59.999,4608e285-cebe-4b25-9e35-ad86fbf56464,
63060051,2025-11-22 16:00:00.000,,f496a445-c102-410a-8d62-aae288ba6c63.binning_data.json,10011,63060051,2025-11-22 17:07:06.545,2025-11-22 17:07:06.545,20.0,0.0,4.0,,UTC-0300,tWUO8ZL77Z,,com.sec.android.app.shealth,2025-11-22 16:59:59.999,f496a445-c102-410a-8d62-aae288ba6c63,
63060051,2025-11-22 17:00:00.000,,ac2ad9a5-336a-4321-a5db-a960d3eb595e.binning_data.json,10011,63060051,2025-11-22 18:01:00.035,2025-11-22 18:01:00.035,32.0,1.0,16.0,,UTC-0300,tWUO8ZL77Z,,com.sec.android.app.shealth,2025-11-22 17:59:59.999,ac2ad9a5-336a-4321-a5db-a960d3eb595e,
63060051,2025-11-22 18:00:00.000,,9ca191bf-0d87-4aef-a015-02a723c6612b.binning_data.json,10011,63060051,2025-11-22 23:58:50.105,2025-11-22 23:58:50.105,4.0,0.0,1.0,,UTC-0300,tWUO8ZL77Z,,com.sec.android.app.shealth,2025-11-22 18:59:59.999,9ca191bf-0d87-4aef-a015-02a723c6612b,
63060051,2025-11-22 23:00:00.000,,7b9aea3b-d012-491e-8c0d-d7cbf1c8d9b9.binning_data.json,10011,63060051,2025-11-23 00:07:04.769,2025-11-23 00:07:04.769,8.0,0.0,3.0,,UTC-0300,tWUO8ZL77Z,,com.sec.android.app.shealth,2025-11-22 23:59:59.999,7b9aea3b-d012-491e-8c0d-d7cbf1c8d9b9,
63060051,2025-11-23 00:00:00.000,,a25afe8f-992e-4cad-b5be-0215cce9a70b.binning_data.json,10011,63060051,2025-11-23 01:20:23.209,2025-11-23 01:20:23.209,17.0,0.0,5.0,,UTC-0300,tWUO8ZL77Z,,com.sec.android.app.shealth,2025-11-23 00:59:59.999,a25afe8f-992e-4cad-b5be-0215cce9a70b,
63060051,2025-11-23 01:00:00.000,,67c417e3-2ecf-4c07-818a-18ef98d3e642.binning_data.json,10011,63060051,2025-11-23 02:04:06.122,2025-11-23 02:04:06.122,13.0,0.0,3.0,,UTC-0300,tWUO8ZL77Z,,com.sec.android.app.shealth,2025-11-23 01:59:59.999,67c417e3-2ecf-4c07-818a-18ef98d3e642,
63060051,2025-11-23 02:00:00.000,,fc9ad559-8dc6-471b-87b2-61ba069c1d8f.binning_data.json,10011,63060051,2025-11-23 03:21:06.270,2025-11-23 03:21:06.270,35.0,0.0,7.0,,UTC-0300,tWUO8ZL77Z,,com.sec.android.app.shealth,2025-11-23 02:59:59.999,fc9ad559-8dc6-471b-87b2-61ba069c1d8f,
63060051,2025-11-23 04:00:00.000,,914b6086-1a38-46c2-bc94-27da7d55f553.binning_data.json,10011,63060051,2025-11-23 10:06:11.788,2025-11-23 10:06:11.788,0.0,0.0,0.0,,UTC-0300,tWUO8ZL77Z,,com.sec.android.app.shealth,2025-11-23 04:59:59.999,914b6086-1a38-46c2-bc94-27da7d55f553,
63060051,2025-11-23 03:00:00.000,,59026787-9d45-4c32-b354-2d3f1ece7e67.binning_data.json,10011,63060051,2025-11-23 04:03:41.019,2025-11-23 04:03:41.019,0.0,0.0,0.0,,UTC-0300,tWUO8ZL77Z,,com.sec.android.app.shealth,2025-11-23 03:59:59.999,59026787-9d45-4c32-b354-2d3f1ece7e67,
63060051,2025-11-23 05:00:00.000,,d5f05e06-57ac-438a-b15d-cc2021a20869.binning_data.json,10011,63060051,2025-11-23 10:06:35.018,2025-11-23 10:06:35.018,0.0,0.0,0.0,,UTC-0300,tWUO8ZL77Z,,com.sec.android.app.shealth,2025-11-23 05:59:59.999,d5f05e06-57ac-438a-b15d-cc2021a20869,
63060051,2025-11-23 10:00:00.000,,0f74f576-7871-445a-88d2-21266e6e906d.binning_data.json,10011,63060051,2025-11-23 11:05:15.463,2025-11-23 10:06:35.084,97.0,4.0,52.0,,UTC-0300,tWUO8ZL77Z,,com.sec.android.app.shealth,2025-11-23 10:59:59.999,0f74f576-7871-445a-88d2-21266e6e906d,
63060051,2025-11-23 11:00:00.000,,473d1196-7d46-4cc3-b4af-33a031417ccd.binning_data.json,10011,63060051,2025-11-23 12:10:39.851,2025-11-23 12:10:39.851,95.0,28.0,69.0,,UTC-0300,tWUO8ZL77Z,,com.sec.android.app.shealth,2025-11-23 11:59:59.999,473d1196-7d46-4cc3-b4af-33a031417ccd,
63060051,2025-11-23 12:00:00.000,,dfa0e716-6238-4edd-9101-7d5ce40de956.binning_data.json,10011,63060051,2025-11-23 13:08:06.219,2025-11-23 13:08:06.219,100.0,8.0,50.0,,UTC-0300,tWUO8ZL77Z,,com.sec.android.app.shealth,2025-11-23 12:59:59.999,dfa0e716-6238-4edd-9101-7d5ce40de956,
63060051,2025-11-23 13:00:00.000,,4295ea16-27df-4f67-817d-361055e03ac0.binning_data.json,10011,63060051,2025-11-23 14:07:11.232,2025-11-23 14:07:11.232,99.0,1.0,40.0,,UTC-0300,tWUO8ZL77Z,,com.sec.android.app.shealth,2025-11-23 13:59:59.999,4295ea16-27df-4f67-817d-361055e03ac0,
63060051,2025-11-23 14:00:00.000,,7c551fe3-02ca-4ce6-9790-827dfbd61cec.binning_data.json,10011,63060051,2025-11-23 15:15:00.116,2025-11-23 15:15:00.116,92.0,2.0,33.0,,UTC-0300,tWUO8ZL77Z,,com.sec.android.app.shealth,2025-11-23 14:59:59.999,7c551fe3-02ca-4ce6-9790-827dfbd61cec,
63060051,2025-11-23 15:00:00.000,,d844a724-e6a3-459d-9f33-f59ebe39cfaa.binning_data.json,10011,63060051,2025-11-23 16:05:51.457,2025-11-23 15:21:54.630,91.0,14.0,58.0,,UTC-0300,tWUO8ZL77Z,,com.sec.android.app.shealth,2025-11-23 15:59:59.999,d844a724-e6a3-459d-9f33-f59ebe39cfaa,
63060051,2025-11-23 16:00:00.000,,ec720475-4ab6-42d6-9cec-009c51e791b8.binning_data.json,10011,63060051,2025-11-23 17:13:54.022,2025-11-23 17:13:54.022,100.0,6.0,46.0,,UTC-0300,tWUO8ZL77Z,,com.sec.android.app.shealth,2025-11-23 16:59:59.999,ec720475-4ab6-42d6-9cec-009c51e791b8,
63060051,2025-11-23 17:00:00.000,,b2b140e9-af11-4dcb-aba3-4e3d7c920ccb.binning_data.json,10011,63060051,2025-11-23 18:12:02.013,2025-11-23 18:12:02.013,100.0,7.0,62.0,,UTC-0300,tWUO8ZL77Z,,com.sec.android.app.shealth,2025-11-23 17:59:59.999,b2b140e9-af11-4dcb-aba3-4e3d7c920ccb,
63060051,2025-11-23 18:00:00.000,,5d74a2e4-b4f7-421f-9c81-3c98087f3b1d.binning_data.json,10011,63060051,2025-11-23 19:18:14.220,2025-11-23 19:18:14.220,91.0,13.0,46.0,,UTC-0300,tWUO8ZL77Z,,com.sec.android.app.shealth,2025-11-23 18:59:59.999,5d74a2e4-b4f7-421f-9c81-3c98087f3b1d,
63060051,2025-11-23 19:00:00.000,,9c38b65d-ac20-45d3-8276-7237ebb4e4c3.binning_data.json,10011,63060051,2025-11-23 20:14:57.778,2025-11-23 20:14:57.778,91.0,16.0,52.0,,UTC-0300,tWUO8ZL77Z,,com.sec.android.app.shealth,2025-11-23 19:59:59.999,9c38b65d-ac20-45d3-8276-7237ebb4e4c3,
63060051,2025-11-23 22:00:00.000,,0f17e9be-ef45-4488-ae3d-904ea182d589.binning_data.json,10011,63060051,2025-11-23 23:10:00.850,2025-11-23 22:07:37.432,93.0,41.0,70.0,,UTC-0300,tWUO8ZL77Z,,com.sec.android.app.shealth,2025-11-23 22:59:59.999,0f17e9be-ef45-4488-ae3d-904ea182d589,
63060051,2025-11-23 20:00:00.000,,aa011c8c-2892-426b-8560-6917b1c9a7f8.binning_data.json,10011,63060051,2025-11-23 22:06:02.318,2025-11-23 22:06:02.318,94.0,7.0,49.0,,UTC-0300,tWUO8ZL77Z,,com.sec.android.app.shealth,2025-11-23 20:59:59.999,aa011c8c-2892-426b-8560-6917b1c9a7f8,
63060051,2025-11-23 21:00:00.000,,eab555c3-fe64-42dd-a5d0-c969534b1f8f.binning_data.json,10011,63060051,2025-11-23 22:07:36.888,2025-11-23 22:07:36.888,49.0,29.0,39.0,,UTC-0300,tWUO8ZL77Z,,com.sec.android.app.shealth,2025-11-23 21:59:59.999,eab555c3-fe64-42dd-a5d0-c969534b1f8f,
63060051,2025-11-23 23:00:00.000,,947879ce-d833-441a-b244-7cd73afb0f35.binning_data.json,10011,63060051,2025-11-24 00:01:46.850,2025-11-24 00:01:46.850,98.0,11.0,66.0,,UTC-0300,tWUO8ZL77Z,,com.sec.android.app.shealth,2025-11-23 23:59:59.999,947879ce-d833-441a-b244-7cd73afb0f35,
63060051,2025-11-24 00:00:00.000,,2134ebc5-0890-4002-8399-0d941b8053af.binning_data.json,10011,63060051,2025-11-24 01:27:24.711,2025-11-24 01:27:24.711,82.0,0.0,15.0,,UTC-0300,tWUO8ZL77Z,,com.sec.android.app.shealth,2025-11-24 00:59:59.999,2134ebc5-0890-4002-8399-0d941b8053af,
63060051,2025-11-24 01:00:00.000,,af2eb572-7e36-4cb2-a4a2-6dc70bf0ddbe.binning_data.json,10011,63060051,2025-11-24 07:35:00.258,2025-11-24 07:34:32.374,0.0,0.0,0.0,,UTC-0300,tWUO8ZL77Z,,com.sec.android.app.shealth,2025-11-24 01:59:59.999,af2eb572-7e36-4cb2-a4a2-6dc70bf0ddbe,
63060051,2025-11-24 07:00:00.000,,cc85947c-d79a-4627-b728-b45cd5d35bad.binning_data.json,10011,63060051,2025-11-24 10:06:45.985,2025-11-24 10:06:45.985,12.0,0.0,1.0,,UTC-0300,tWUO8ZL77Z,,com.sec.android.app.shealth,2025-11-24 07:59:59.999,cc85947c-d79a-4627-b728-b45cd5d35bad,
63060051,2025-11-24 08:00:00.000,,9dc0447d-7c4a-46db-aa6f-28307c69a8be.binning_data.json,10011,63060051,2025-11-24 10:18:03.364,2025-11-24 10:06:46.331,0.0,0.0,0.0,,UTC-0300,tWUO8ZL77Z,,com.sec.android.app.shealth,2025-11-24 08:59:59.999,9dc0447d-7c4a-46db-aa6f-28307c69a8be,
63060051,2025-11-24 10:00:00.000,,41867689-9a42-4882-a527-d3831ee5bed7.binning_data.json,10011,63060051,2025-11-24 11:04:00.688,2025-11-24 11:04:00.688,91.0,0.0,30.0,,UTC-0300,tWUO8ZL77Z,,com.sec.android.app.shealth,2025-11-24 10:59:59.999,41867689-9a42-4882-a527-d3831ee5bed7,
63060051,2025-11-24 11:00:00.000,,c38255bd-1b4d-47a1-9c3a-6e52d4ed35b2.binning_data.json,10011,63060051,2025-11-24 12:02:36.578,2025-11-24 12:02:36.578,99.0,23.0,54.0,,UTC-0300,tWUO8ZL77Z,,com.sec.android.app.shealth,2025-11-24 11:59:59.999,c38255bd-1b4d-47a1-9c3a-6e52d4ed35b2,
63060051,2025-11-24 12:00:00.000,,f54e7511-4ed3-4432-8d5b-2be377cb01e6.binning_data.json,10011,63060051,2025-11-24 13:15:59.476,2025-11-24 12:20:35.639,98.0,2.0,36.0,,UTC-0300,tWUO8ZL77Z,,com.sec.android.app.shealth,2025-11-24 12:59:59.999,f54e7511-4ed3-4432-8d5b-2be377cb01e6,
63060051,2025-11-24 13:00:00.000,,9831cb24-5498-437d-891a-343ee34b8f04.binning_data.json,10011,63060051,2025-11-24 14:34:16.274,2025-11-24 14:34:16.274,100.0,1.0,54.0,,UTC-0300,tWUO8ZL77Z,,com.sec.android.app.shealth,2025-11-24 13:59:59.999,9831cb24-5498-437d-891a-343ee34b8f04,
63060051,2025-11-24 14:00:00.000,,c092280f-a00c-4540-8cc9-78b115733fa3.binning_data.json,10011,63060051,2025-11-24 15:02:00.886,2025-11-24 15:02:00.886,74.0,14.0,29.0,,UTC-0300,tWUO8ZL77Z,,com.sec.android.app.shealth,2025-11-24 14:59:59.999,c092280f-a00c-4540-8cc9-78b115733fa3,
63060051,2025-11-24 15:00:00.000,,3a43499b-8248-429b-b074-99fbff431014.binning_data.json,10011,63060051,2025-11-24 16:07:45.621,2025-11-24 16:07:45.621,99.0,11.0,58.0,,UTC-0300,tWUO8ZL77Z,,com.sec.android.app.shealth,2025-11-24 15:59:59.999,3a43499b-8248-429b-b074-99fbff431014,
63060051,2025-11-24 16:00:00.000,,2dfa4e37-e9e7-4d73-b1da-7b90bdbb98f2.binning_data.json,10011,63060051,2025-11-24 17:21:04.717,2025-11-24 17:21:04.717,97.0,16.0,55.0,,UTC-0300,tWUO8ZL77Z,,com.sec.android.app.shealth,2025-11-24 16:59:59.999,2dfa4e37-e9e7-4d73-b1da-7b90bdbb98f2,
63060051,2025-11-24 17:00:00.000,,95f20f1b-1eb0-493d-89f9-fb467355dccc.binning_data.json,10011,63060051,2025-11-24 18:16:08.282,2025-11-24 18:04:27.015,98.0,10.0,73.0,,UTC-0300,tWUO8ZL77Z,,com.sec.android.app.shealth,2025-11-24 17:59:59.999,95f20f1b-1eb0-493d-89f9-fb467355dccc,
63060051,2025-11-24 18:00:00.000,,beb598bc-035d-4c1b-b4d0-070506ebc3ce.binning_data.json,10011,63060051,2025-11-24 19:02:29.902,2025-11-24 18:54:07.616,72.0,1.0,35.0,,UTC-0300,tWUO8ZL77Z,,com.sec.android.app.shealth,2025-11-24 18:59:59.999,beb598bc-035d-4c1b-b4d0-070506ebc3ce,
63060051,2025-11-24 19:00:00.000,,c8fbf434-15a4-4a34-b6e6-fb4e5e0aafad.binning_data.json,10011,63060051,2025-11-24 20:58:05.442,2025-11-24 20:58:05.442,100.0,4.0,53.0,,UTC-0300,tWUO8ZL77Z,,com.sec.android.app.shealth,2025-11-24 19:59:59.999,c8fbf434-15a4-4a34-b6e6-fb4e5e0aafad,
63060051,2025-11-24 20:00:00.000,,e512e937-73d8-420d-9c4e-c68ff7145c91.binning_data.json,10011,63060051,2025-11-24 21:10:48.428,2025-11-24 21:10:48.428,57.0,37.0,45.0,,UTC-0300,tWUO8ZL77Z,,com.sec.android.app.shealth,2025-11-24 20:59:59.999,e512e937-73d8-420d-9c4e-c68ff7145c91,
63060051,2025-11-24 21:00:00.000,,264ddbea-f9d8-4344-aa7a-675fddbb71b9.binning_data.json,10011,63060051,2025-11-24 22:11:38.985,2025-11-24 22:11:38.985,97.0,20.0,63.0,,UTC-0300,tWUO8ZL77Z,,com.sec.android.app.shealth,2025-11-24 21:59:59.999,264ddbea-f9d8-4344-aa7a-675fddbb71b9,
63060051,2025-11-24 22:00:00.000,,f9ce8ec6-f0ee-4835-b347-7ef3fb998e95.binning_data.json,10011,63060051,2025-11-24 23:12:08.244,2025-11-24 23:12:08.244,99.0,57.0,81.0,,UTC-0300,tWUO8ZL77Z,,com.sec.android.app.shealth,2025-11-24 22:59:59.999,f9ce8ec6-f0ee-4835-b347-7ef3fb998e95,
63060051,2025-11-24 23:00:00.000,,47157b15-6d1d-441d-9b5d-2ec5adecc67f.binning_data.json,10011,63060051,2025-11-25 00:09:11.981,2025-11-25 00:09:11.981,94.0,9.0,64.0,,UTC-0300,tWUO8ZL77Z,,com.sec.android.app.shealth,2025-11-24 23:59:59.999,47157b15-6d1d-441d-9b5d-2ec5adecc67f,
63060051,2025-11-25 00:00:00.000,,bf6e303a-12d0-4456-a4b8-25304e747b9f.binning_data.json,10011,63060051,2025-11-25 01:09:37.607,2025-11-25 01:09:37.607,98.0,1.0,52.0,,UTC-0300,tWUO8ZL77Z,,com.sec.android.app.shealth,2025-11-25 00:59:59.999,bf6e303a-12d0-4456-a4b8-25304e747b9f,
63060051,2025-11-25 01:00:00.000,,78a19a0c-ffa6-4461-9479-499ae9d55228.binning_data.json,10011,63060051,2025-11-25 02:16:07.517,2025-11-25 02:16:07.517,90.0,53.0,71.0,,UTC-0300,tWUO8ZL77Z,,com.sec.android.app.shealth,2025-11-25 01:59:59.999,78a19a0c-ffa6-4461-9479-499ae9d55228,
63060051,2025-11-25 02:00:00.000,,e41a39ef-37e2-464a-9a4a-30b996784018.binning_data.json,10011,63060051,2025-11-25 03:28:05.816,2025-11-25 03:28:05.816,99.0,0.0,30.0,,UTC-0300,tWUO8ZL77Z,,com.sec.android.app.shealth,2025-11-25 02:59:59.999,e41a39ef-37e2-464a-9a4a-30b996784018,
63060051,2025-11-25 03:00:00.000,,283057f9-96d1-4b76-a0ca-4f468fbd83ad.binning_data.json,10011,63060051,2025-11-25 10:25:33.808,2025-11-25 10:25:33.808,0.0,0.0,0.0,,UTC-0300,tWUO8ZL77Z,,com.sec.android.app.shealth,2025-11-25 03:59:59.999,283057f9-96d1-4b76-a0ca-4f468fbd83ad,
63060051,2025-11-25 04:00:00.000,,9f376f49-b74f-4aee-bb2a-f2c810d31e46.binning_data.json,10011,63060051,2025-11-25 10:26:40.710,2025-11-25 10:25:33.997,0.0,0.0,0.0,,UTC-0300,tWUO8ZL77Z,,com.sec.android.app.shealth,2025-11-25 04:59:59.999,9f376f49-b74f-4aee-bb2a-f2c810d31e46,
63060051,2025-11-25 11:00:00.000,,a4c03f10-cc29-4237-9af5-f5527b3d2c45.binning_data.json,10011,63060051,2025-11-25 12:05:39.886,2025-11-25 11:36:46.096,100.0,13.0,58.0,,UTC-0300,tWUO8ZL77Z,,com.sec.android.app.shealth,2025-11-25 11:59:59.999,a4c03f10-cc29-4237-9af5-f5527b3d2c45,
63060051,2025-11-25 10:00:00.000,,70d4e95d-49c0-4150-9e62-0a25bfdbd6c7.binning_data.json,10011,63060051,2025-11-25 11:06:27.022,2025-11-25 10:26:40.762,100.0,62.0,90.0,,UTC-0300,tWUO8ZL77Z,,com.sec.android.app.shealth,2025-11-25 10:59:59.999,70d4e95d-49c0-4150-9e62-0a25bfdbd6c7,
63060051,2025-11-25 12:00:00.000,,b880c6e5-54bc-41a7-935a-48f77ca1678a.binning_data.json,10011,63060051,2025-11-25 13:26:34.640,2025-11-25 13:26:34.640,100.0,5.0,67.0,,UTC-0300,tWUO8ZL77Z,,com.sec.android.app.shealth,2025-11-25 12:59:59.999,b880c6e5-54bc-41a7-935a-48f77ca1678a,
63060051,2025-11-25 13:00:00.000,,8509c339-0239-4d35-b4fc-26941d6e421b.binning_data.json,10011,63060051,2025-11-25 14:02:13.476,2025-11-25 14:02:13.476,100.0,23.0,86.0,,UTC-0300,tWUO8ZL77Z,,com.sec.android.app.shealth,2025-11-25 13:59:59.999,8509c339-0239-4d35-b4fc-26941d6e421b,
63060051,2025-11-25 14:00:00.000,,97e2aa69-1e0e-4c29-afb0-887e619fd425.binning_data.json,10011,63060051,2025-11-25 15:17:13.958,2025-11-25 15:17:13.958,99.0,12.0,52.0,,UTC-0300,tWUO8ZL77Z,,com.sec.android.app.shealth,2025-11-25 14:59:59.999,97e2aa69-1e0e-4c29-afb0-887e619fd425,
63060051,2025-11-25 15:00:00.000,,3535a3b4-fcfc-41c8-8ad7-c7e2e3eaf525.binning_data.json,10011,63060051,2025-11-26 01:37:32.729,2025-11-25 17:11:43.579,64.0,9.0,23.0,,UTC-0300,tWUO8ZL77Z,,com.sec.android.app.shealth,2025-11-25 15:59:59.999,3535a3b4-fcfc-41c8-8ad7-c7e2e3eaf525,
63060051,2025-11-26 01:00:00.000,,066649db-7234-4366-9a9c-6499919e78cf.binning_data.json,10011,63060051,2025-11-26 08:42:27.452,2025-11-26 08:42:27.452,100.0,6.0,61.0,,UTC-0300,tWUO8ZL77Z,,com.sec.android.app.shealth,2025-11-26 01:59:59.999,066649db-7234-4366-9a9c-6499919e78cf,
63060051,2025-11-26 02:00:00.000,,df6d8521-5e1b-41c7-a800-cf0b6517e071.binning_data.json,10011,63060051,2025-11-26 08:42:53.292,2025-11-26 08:42:53.292,2.0,2.0,2.0,,UTC-0300,tWUO8ZL77Z,,com.sec.android.app.shealth,2025-11-26 02:59:59.999,df6d8521-5e1b-41c7-a800-cf0b6517e071,
63060051,2025-11-26 09:00:00.000,,047d89df-b341-499a-bb5f-3de1d9dc3d98.binning_data.json,10011,63060051,2025-11-26 10:01:00.135,2025-11-26 10:01:00.135,99.0,31.0,76.0,,UTC-0300,tWUO8ZL77Z,,com.sec.android.app.shealth,2025-11-26 09:59:59.999,047d89df-b341-499a-bb5f-3de1d9dc3d98,
63060051,2025-11-26 10:00:00.000,,59773b77-7e85-40db-9067-e9f0d885bc07.binning_data.json,10011,63060051,2025-11-26 11:04:06.805,2025-11-26 11:02:57.622,99.0,12.0,53.0,,UTC-0300,tWUO8ZL77Z,,com.sec.android.app.shealth,2025-11-26 10:59:59.999,59773b77-7e85-40db-9067-e9f0d885bc07,
63060051,2025-11-26 08:00:00.000,,ef123c12-ff38-419a-87bd-5df17d02f115.binning_data.json,10011,63060051,2025-11-26 09:14:21.586,2025-11-26 08:42:53.361,86.0,0.0,36.0,,UTC-0300,tWUO8ZL77Z,,com.sec.android.app.shealth,2025-11-26 08:59:59.999,ef123c12-ff38-419a-87bd-5df17d02f115,
63060051,2025-11-26 11:00:00.000,,886b8bf6-bb06-4423-8515-ef5520ceafc1.binning_data.json,10011,63060051,2025-11-26 12:20:39.567,2025-11-26 11:12:41.038,99.0,5.0,56.0,,UTC-0300,tWUO8ZL77Z,,com.sec.android.app.shealth,2025-11-26 11:59:59.999,886b8bf6-bb06-4423-8515-ef5520ceafc1,
63060051,2025-11-26 12:00:00.000,,5cae8f27-b210-41c6-81be-e7d01e445653.binning_data.json,10011,63060051,2025-11-26 13:18:08.769,2025-11-26 13:18:08.769,99.0,9.0,59.0,,UTC-0300,tWUO8ZL77Z,,com.sec.android.app.shealth,2025-11-26 12:59:59.999,5cae8f27-b210-41c6-81be-e7d01e445653,
63060051,2025-11-26 13:00:00.000,,49bfafd0-60f4-43f1-a0e5-bc37b714291f.binning_data.json,10011,63060051,2025-11-26 14:07:21.645,2025-11-26 14:07:21.645,98.0,19.0,76.0,,UTC-0300,tWUO8ZL77Z,,com.sec.android.app.shealth,2025-11-26 13:59:59.999,49bfafd0-60f4-43f1-a0e5-bc37b714291f,
63060051,2025-11-26 14:00:00.000,,7990ae97-b9c2-4bbb-b01d-697a0756aef4.binning_data.json,10011,63060051,2025-11-26 15:14:27.246,2025-11-26 15:14:27.246,100.0,8.0,64.0,,UTC-0300,tWUO8ZL77Z,,com.sec.android.app.shealth,2025-11-26 14:59:59.999,7990ae97-b9c2-4bbb-b01d-697a0756aef4,
63060051,2025-11-26 15:00:00.000,,b5fbc209-a630-41ec-b265-702c5ab60014.binning_data.json,10011,63060051,2025-11-26 16:06:29.647,2025-11-26 16:06:29.647,100.0,9.0,74.0,,UTC-0300,tWUO8ZL77Z,,com.sec.android.app.shealth,2025-11-26 15:59:59.999,b5fbc209-a630-41ec-b265-702c5ab60014,
63060051,2025-11-26 16:00:00.000,,1de4d523-fd66-4795-a119-368c970b3927.binning_data.json,10011,63060051,2025-11-26 17:14:10.741,2025-11-26 17:14:10.741,89.0,4.0,49.0,,UTC-0300,tWUO8ZL77Z,,com.sec.android.app.shealth,2025-11-26 16:59:59.999,1de4d523-fd66-4795-a119-368c970b3927,
63060051,2025-11-26 17:00:00.000,,9d6f476a-7e01-47cf-a719-2c81d2f24b13.binning_data.json,10011,63060051,2025-11-26 18:07:32.002,2025-11-26 18:07:32.002,100.0,23.0,72.0,,UTC-0300,tWUO8ZL77Z,,com.sec.android.app.shealth,2025-11-26 17:59:59.999,9d6f476a-7e01-47cf-a719-2c81d2f24b13,
63060051,2025-11-26 18:00:00.000,,6e103a03-897d-4208-b881-2f60bb3ab7a1.binning_data.json,10011,63060051,2025-11-26 19:14:06.304,2025-11-26 19:14:06.304,86.0,18.0,49.0,,UTC-0300,tWUO8ZL77Z,,com.sec.android.app.shealth,2025-11-26 18:59:59.999,6e103a03-897d-4208-b881-2f60bb3ab7a1,
63060051,2025-11-26 23:00:00.000,,3b6bc061-bbd0-4359-a64b-329d06ec8d38.binning_data.json,10011,63060051,2025-11-27 00:08:19.528,2025-11-27 00:08:19.528,98.0,20.0,67.0,,UTC-0300,tWUO8ZL77Z,,com.sec.android.app.shealth,2025-11-26 23:59:59.999,3b6bc061-bbd0-4359-a64b-329d06ec8d38,
63060051,2025-11-26 22:00:00.000,,4ecaa158-21f0-4b5c-ab7f-a4956e939dda.binning_data.json,10011,63060051,2025-11-26 23:04:53.194,2025-11-26 23:04:53.194,81.0,14.0,36.0,,UTC-0300,tWUO8ZL77Z,,com.sec.android.app.shealth,2025-11-26 22:59:59.999,4ecaa158-21f0-4b5c-ab7f-a4956e939dda,
63060051,2025-11-27 00:00:00.000,,cc56c5b6-c74f-4b3a-8051-e3fce4606631.binning_data.json,10011,63060051,2025-11-27 01:25:22.087,2025-11-27 01:18:27.015,94.0,15.0,52.0,,UTC-0300,tWUO8ZL77Z,,com.sec.android.app.shealth,2025-11-27 00:59:59.999,cc56c5b6-c74f-4b3a-8051-e3fce4606631,
63060051,2025-11-27 01:00:00.000,,b2046e41-ef64-40bd-973f-704b62e440ba.binning_data.json,10011,63060051,2025-11-27 03:14:00.986,2025-11-27 01:32:28.021,100.0,99.0,99.0,,UTC-0300,tWUO8ZL77Z,,com.sec.android.app.shealth,2025-11-27 01:59:59.999,b2046e41-ef64-40bd-973f-704b62e440ba,
63060051,2025-11-27 03:00:00.000,,78d76b96-a7a9-4969-8b03-96b7a37d3b86.binning_data.json,10011,63060051,2025-11-27 05:10:08.236,2025-11-27 05:10:08.236,100.0,3.0,68.0,,UTC-0300,tWUO8ZL77Z,,com.sec.android.app.shealth,2025-11-27 03:59:59.999,78d76b96-a7a9-4969-8b03-96b7a37d3b86,
63060051,2025-11-26 19:00:00.000,,ef54b269-f618-4d2e-8db2-d20f6359b81b.binning_data.json,10011,63060051,2025-11-26 20:04:38.178,2025-11-26 20:04:38.178,98.0,0.0,56.0,,UTC-0300,tWUO8ZL77Z,,com.sec.android.app.shealth,2025-11-26 19:59:59.999,ef54b269-f618-4d2e-8db2-d20f6359b81b,
63060051,2025-11-27 05:00:00.000,,5c75028c-4bb1-41b6-8f8d-90e7d86fd3b6.binning_data.json,10011,63060051,2025-11-27 08:58:20.917,2025-11-27 08:58:01.053,29.0,0.0,5.0,,UTC-0300,tWUO8ZL77Z,,com.sec.android.app.shealth,2025-11-27 05:59:59.999,5c75028c-4bb1-41b6-8f8d-90e7d86fd3b6,
63060051,2025-11-26 20:00:00.000,,c6ad7728-438e-488b-98ee-d694a55301e8.binning_data.json,10011,63060051,2025-11-26 22:06:19.821,2025-11-26 22:06:19.821,67.0,44.0,53.0,,UTC-0300,tWUO8ZL77Z,,com.sec.android.app.shealth,2025-11-26 20:59:59.999,c6ad7728-438e-488b-98ee-d694a55301e8,
63060051,2025-11-27 11:00:00.000,,594b211f-4c1e-4827-9eb2-7b2eae1b2e50.binning_data.json,10011,63060051,2025-11-27 12:01:20.206,2025-11-27 11:10:20.713,100.0,2.0,57.0,,UTC-0300,tWUO8ZL77Z,,com.sec.android.app.shealth,2025-11-27 11:59:59.999,594b211f-4c1e-4827-9eb2-7b2eae1b2e50,
63060051,2025-11-26 21:00:00.000,,ebb24c8d-c5ee-4316-8189-7756682a506e.binning_data.json,10011,63060051,2025-11-26 22:11:01.640,2025-11-26 22:11:01.640,31.0,31.0,31.0,,UTC-0300,tWUO8ZL77Z,,com.sec.android.app.shealth,2025-11-26 21:59:59.999,ebb24c8d-c5ee-4316-8189-7756682a506e,
63060051,2025-11-27 09:00:00.000,,e89dc462-b749-4a0f-a6c3-641d7b7a6eeb.binning_data.json,10011,63060051,2025-11-27 11:07:00.519,2025-11-27 11:07:00.519,7.0,0.0,3.0,,UTC-0300,tWUO8ZL77Z,,com.sec.android.app.shealth,2025-11-27 09:59:59.999,e89dc462-b749-4a0f-a6c3-641d7b7a6eeb,
63060051,2025-11-27 08:00:00.000,,cc0138bb-9b05-4f73-b60d-db4fb5d5a286.binning_data.json,10011,63060051,2025-11-27 09:11:08.732,2025-11-27 08:58:20.971,3.0,1.0,2.0,,UTC-0300,tWUO8ZL77Z,,com.sec.android.app.shealth,2025-11-27 08:59:59.999,cc0138bb-9b05-4f73-b60d-db4fb5d5a286,
63060051,2025-11-27 04:00:00.000,,5b9f40d7-5059-43a5-8973-9542d4a30fa8.binning_data.json,10011,63060051,2025-11-27 05:13:59.060,2025-11-27 05:13:59.060,4.0,4.0,4.0,,UTC-0300,tWUO8ZL77Z,,com.sec.android.app.shealth,2025-11-27 04:59:59.999,5b9f40d7-5059-43a5-8973-9542d4a30fa8,
63060051,2025-11-27 12:00:00.000,,066862e8-d9be-4d9e-ae6c-55d3f913bdfb.binning_data.json,10011,63060051,2025-11-27 13:14:07.667,2025-11-27 13:14:07.667,100.0,25.0,79.0,,UTC-0300,tWUO8ZL77Z,,com.sec.android.app.shealth,2025-11-27 12:59:59.999,066862e8-d9be-4d9e-ae6c-55d3f913bdfb,
63060051,2025-11-27 13:00:00.000,,e3285135-a8cb-4f06-9785-cb6854a76acd.binning_data.json,10011,63060051,2025-11-27 14:06:15.969,2025-11-27 14:06:15.969,100.0,0.0,51.0,,UTC-0300,tWUO8ZL77Z,,com.sec.android.app.shealth,2025-11-27 13:59:59.999,e3285135-a8cb-4f06-9785-cb6854a76acd,
63060051,2025-11-27 14:00:00.000,,6ede00ac-fbac-471d-8134-204126e30f56.binning_data.json,10011,63060051,2025-11-27 15:34:45.161,2025-11-27 15:34:45.161,100.0,32.0,71.0,,UTC-0300,tWUO8ZL77Z,,com.sec.android.app.shealth,2025-11-27 14:59:59.999,6ede00ac-fbac-471d-8134-204126e30f56,
63060051,2025-11-27 15:00:00.000,,07d3ee63-a569-46de-8314-95493d5e89a2.binning_data.json,10011,63060051,2025-11-27 16:05:13.827,2025-11-27 16:05:13.827,68.0,6.0,29.0,,UTC-0300,tWUO8ZL77Z,,com.sec.android.app.shealth,2025-11-27 15:59:59.999,07d3ee63-a569-46de-8314-95493d5e89a2,
63060051,2025-11-27 16:00:00.000,,5175f8b7-643a-46ce-ace2-df1dca8b3b25.binning_data.json,10011,63060051,2025-11-27 17:07:03.551,2025-11-27 17:07:03.551,99.0,14.0,64.0,,UTC-0300,tWUO8ZL77Z,,com.sec.android.app.shealth,2025-11-27 16:59:59.999,5175f8b7-643a-46ce-ace2-df1dca8b3b25,
63060051,2025-11-27 17:00:00.000,,eedab0e4-e00a-4f2d-8468-d17827989fb1.binning_data.json,10011,63060051,2025-11-27 18:16:17.701,2025-11-27 18:16:17.701,98.0,12.0,68.0,,UTC-0300,tWUO8ZL77Z,,com.sec.android.app.shealth,2025-11-27 17:59:59.999,eedab0e4-e00a-4f2d-8468-d17827989fb1,
63060051,2025-11-27 18:00:00.000,,66252d34-0d4d-4a91-bea8-947ef1acc156.binning_data.json,10011,63060051,2025-11-27 19:11:08.861,2025-11-27 19:11:08.861,98.0,23.0,66.0,,UTC-0300,tWUO8ZL77Z,,com.sec.android.app.shealth,2025-11-27 18:59:59.999,66252d34-0d4d-4a91-bea8-947ef1acc156,
63060051,2025-11-27 19:00:00.000,,f227c482-f39d-4b74-ae70-2636a0edf383.binning_data.json,10011,63060051,2025-11-27 20:11:42.176,2025-11-27 20:11:42.176,99.0,1.0,55.0,,UTC-0300,tWUO8ZL77Z,,com.sec.android.app.shealth,2025-11-27 19:59:59.999,f227c482-f39d-4b74-ae70-2636a0edf383,
63060051,2025-11-27 20:00:00.000,,1e180012-de86-4aca-bcfa-b209a3d44f39.binning_data.json,10011,63060051,2025-11-27 21:21:32.993,2025-11-27 21:21:32.993,71.0,1.0,30.0,,UTC-0300,tWUO8ZL77Z,,com.sec.android.app.shealth,2025-11-27 20:59:59.999,1e180012-de86-4aca-bcfa-b209a3d44f39,
63060051,2025-11-27 21:00:00.000,,e97e85b1-30f0-404c-95a5-684d65489cae.binning_data.json,10011,63060051,2025-11-27 22:28:03.123,2025-11-27 22:28:03.123,86.0,20.0,60.0,,UTC-0300,tWUO8ZL77Z,,com.sec.android.app.shealth,2025-11-27 21:59:59.999,e97e85b1-30f0-404c-95a5-684d65489cae,
63060051,2025-11-27 22:00:00.000,,5b5bb611-3114-4b28-883c-28e20cda01b3.binning_data.json,10011,63060051,2025-11-27 23:09:29.901,2025-11-27 23:09:29.901,89.0,14.0,48.0,,UTC-0300,tWUO8ZL77Z,,com.sec.android.app.shealth,2025-11-27 22:59:59.999,5b5bb611-3114-4b28-883c-28e20cda01b3,
63060051,2025-11-27 23:00:00.000,,7c62f0e5-c534-4284-860b-4a169709f44a.binning_data.json,10011,63060051,2025-11-28 02:01:42.670,2025-11-28 02:01:42.670,98.0,0.0,57.0,,UTC-0300,tWUO8ZL77Z,,com.sec.android.app.shealth,2025-11-27 23:59:59.999,7c62f0e5-c534-4284-860b-4a169709f44a,
63060051,2025-11-28 01:00:00.000,,0d2cfe55-edba-4d5f-a712-26dcc63353cd.binning_data.json,10011,63060051,2025-11-28 02:12:42.387,2025-11-28 02:12:42.387,5.0,4.0,4.0,,UTC-0300,tWUO8ZL77Z,,com.sec.android.app.shealth,2025-11-28 01:59:59.999,0d2cfe55-edba-4d5f-a712-26dcc63353cd,
63060051,2025-11-28 02:00:00.000,,39581e99-5784-49ce-b6f4-c93ac93a5497.binning_data.json,10011,63060051,2025-11-28 03:27:49.194,2025-11-28 02:13:02.956,35.0,1.0,6.0,,UTC-0300,tWUO8ZL77Z,,com.sec.android.app.shealth,2025-11-28 02:59:59.999,39581e99-5784-49ce-b6f4-c93ac93a5497,
63060051,2025-11-28 03:00:00.000,,65dadd56-748e-4f54-8e7e-2d74b0ac2345.binning_data.json,10011,63060051,2025-11-28 10:14:29.796,2025-11-28 10:14:29.796,9.0,1.0,2.0,,UTC-0300,tWUO8ZL77Z,,com.sec.android.app.shealth,2025-11-28 03:59:59.999,65dadd56-748e-4f54-8e7e-2d74b0ac2345,
63060051,2025-11-28 04:00:00.000,,9afaed41-0001-4b4d-bad3-2e306dc58398.binning_data.json,10011,63060051,2025-11-28 10:36:35.178,2025-11-28 10:14:30.634,1.0,1.0,1.0,,UTC-0300,tWUO8ZL77Z,,com.sec.android.app.shealth,2025-11-28 04:59:59.999,9afaed41-0001-4b4d-bad3-2e306dc58398,
63060051,2025-11-28 10:00:00.000,,0d2a18b3-d177-48f4-aeea-9738f6a6f885.binning_data.json,10011,63060051,2025-11-28 11:04:40.680,2025-11-28 10:56:24.157,100.0,13.0,75.0,,UTC-0300,tWUO8ZL77Z,,com.sec.android.app.shealth,2025-11-28 10:59:59.999,0d2a18b3-d177-48f4-aeea-9738f6a6f885,
63060051,2025-11-28 11:00:00.000,,efe78ca2-0906-44b2-96c7-5a985fef5b60.binning_data.json,10011,63060051,2025-11-28 12:16:07.585,2025-11-28 12:16:07.585,99.0,0.0,55.0,,UTC-0300,tWUO8ZL77Z,,com.sec.android.app.shealth,2025-11-28 11:59:59.999,efe78ca2-0906-44b2-96c7-5a985fef5b60,
63060051,2025-11-28 12:00:00.000,,22fb0d62-2efa-4edf-a7c8-1521d4a8fe43.binning_data.json,10011,63060051,2025-11-28 13:07:05.043,2025-11-28 13:07:05.043,100.0,0.0,57.0,,UTC-0300,tWUO8ZL77Z,,com.sec.android.app.shealth,2025-11-28 12:59:59.999,22fb0d62-2efa-4edf-a7c8-1521d4a8fe43,
63060051,2025-11-28 13:00:00.000,,2c652ee5-effc-403f-927a-785629f5e8b3.binning_data.json,10011,63060051,2025-11-28 14:10:35.470,2025-11-28 14:10:35.470,98.0,30.0,60.0,,UTC-0300,tWUO8ZL77Z,,com.sec.android.app.shealth,2025-11-28 13:59:59.999,2c652ee5-effc-403f-927a-785629f5e8b3,
63060051,2025-11-28 14:00:00.000,,ffdae89e-f6f5-4faa-b659-4edaa7fd0dbe.binning_data.json,10011,63060051,2025-11-28 15:06:47.191,2025-11-28 15:06:47.191,82.0,28.0,54.0,,UTC-0300,tWUO8ZL77Z,,com.sec.android.app.shealth,2025-11-28 14:59:59.999,ffdae89e-f6f5-4faa-b659-4edaa7fd0dbe,
63060051,2025-11-28 16:00:00.000,,4c9f3a36-e56f-4421-ae61-d0073a20009c.binning_data.json,10011,63060051,2025-11-28 17:05:06.958,2025-11-28 16:42:21.089,90.0,5.0,31.0,,UTC-0300,tWUO8ZL77Z,,com.sec.android.app.shealth,2025-11-28 16:59:59.999,4c9f3a36-e56f-4421-ae61-d0073a20009c,
63060051,2025-11-28 15:00:00.000,,81cd2eb5-9bab-40b6-8098-734d1031e4ba.binning_data.json,10011,63060051,2025-11-28 16:14:48.856,2025-11-28 16:14:48.856,91.0,5.0,41.0,,UTC-0300,tWUO8ZL77Z,,com.sec.android.app.shealth,2025-11-28 15:59:59.999,81cd2eb5-9bab-40b6-8098-734d1031e4ba,
63060051,2025-11-28 17:00:00.000,,2b0651ab-5475-430e-9a94-5595aef2c0f7.binning_data.json,10011,63060051,2025-11-28 18:19:33.602,2025-11-28 18:19:33.602,89.0,9.0,53.0,,UTC-0300,tWUO8ZL77Z,,com.sec.android.app.shealth,2025-11-28 17:59:59.999,2b0651ab-5475-430e-9a94-5595aef2c0f7,
63060051,2025-11-28 18:00:00.000,,1b5474fc-101f-4d8f-8436-89d6d7041230.binning_data.json,10011,63060051,2025-11-28 19:20:58.581,2025-11-28 19:20:58.581,81.0,14.0,32.0,,UTC-0300,tWUO8ZL77Z,,com.sec.android.app.shealth,2025-11-28 18:59:59.999,1b5474fc-101f-4d8f-8436-89d6d7041230,
63060051,2025-11-28 19:00:00.000,,795c8974-46d1-4955-b3ca-59456a8ec4e1.binning_data.json,10011,63060051,2025-11-28 20:31:04.157,2025-11-28 20:31:04.157,97.0,6.0,33.0,,UTC-0300,tWUO8ZL77Z,,com.sec.android.app.shealth,2025-11-28 19:59:59.999,795c8974-46d1-4955-b3ca-59456a8ec4e1,
63060051,2025-11-28 20:00:00.000,,13ee9475-1520-4090-b266-cbf362fb4c3f.binning_data.json,10011,63060051,2025-11-28 21:20:46.878,2025-11-28 21:20:46.878,22.0,0.0,13.0,,UTC-0300,tWUO8ZL77Z,,com.sec.android.app.shealth,2025-11-28 20:59:59.999,13ee9475-1520-4090-b266-cbf362fb4c3f,
63060051,2025-11-28 21:00:00.000,,652e67bd-fa1f-4bfa-8ff8-b028ab6d6cf2.binning_data.json,10011,63060051,2025-11-28 22:12:09.707,2025-11-28 22:12:09.707,100.0,2.0,33.0,,UTC-0300,tWUO8ZL77Z,,com.sec.android.app.shealth,2025-11-28 21:59:59.999,652e67bd-fa1f-4bfa-8ff8-b028ab6d6cf2,
63060051,2025-11-28 22:00:00.000,,a52c9265-69b8-4895-b6bb-9c2e28989a73.binning_data.json,10011,63060051,2025-11-28 23:15:32.224,2025-11-28 22:54:59.223,98.0,21.0,61.0,,UTC-0300,tWUO8ZL77Z,,com.sec.android.app.shealth,2025-11-28 22:59:59.999,a52c9265-69b8-4895-b6bb-9c2e28989a73,
63060051,2025-11-28 23:00:00.000,,674d1469-f3f6-484c-bd3c-b2110ac62f9f.binning_data.json,10011,63060051,2025-11-29 03:37:44.767,2025-11-29 03:37:44.767,100.0,18.0,67.0,,UTC-0300,tWUO8ZL77Z,,com.sec.android.app.shealth,2025-11-28 23:59:59.999,674d1469-f3f6-484c-bd3c-b2110ac62f9f,
63060051,2025-11-29 03:00:00.000,,4289997f-802a-45e2-8e13-ce797b143dfb.binning_data.json,10011,63060051,2025-11-29 04:14:38.502,2025-11-29 04:14:38.502,100.0,29.0,80.0,,UTC-0300,tWUO8ZL77Z,,com.sec.android.app.shealth,2025-11-29 03:59:59.999,4289997f-802a-45e2-8e13-ce797b143dfb,
63060051,2025-11-29 04:00:00.000,,a446cad3-09e3-4281-a8d8-a868a43a1e0f.binning_data.json,10011,63060051,2025-11-29 09:34:40.005,2025-11-29 09:22:26.073,44.0,28.0,35.0,,UTC-0300,tWUO8ZL77Z,,com.sec.android.app.shealth,2025-11-29 04:59:59.999,a446cad3-09e3-4281-a8d8-a868a43a1e0f,
63060051,2025-11-29 09:00:00.000,,52818c99-8638-4d65-8a44-526fab655455.binning_data.json,10011,63060051,2025-11-29 10:03:16.552,2025-11-29 09:34:40.072,100.0,9.0,54.0,,UTC-0300,tWUO8ZL77Z,,com.sec.android.app.shealth,2025-11-29 09:59:59.999,52818c99-8638-4d65-8a44-526fab655455,
63060051,2025-11-29 10:00:00.000,,f3f45b99-a0c2-43b0-8850-adfcdc318e4b.binning_data.json,10011,63060051,2025-11-29 11:07:16.188,2025-11-29 11:07:16.188,100.0,14.0,83.0,,UTC-0300,tWUO8ZL77Z,,com.sec.android.app.shealth,2025-11-29 10:59:59.999,f3f45b99-a0c2-43b0-8850-adfcdc318e4b,
63060051,2025-11-29 11:00:00.000,,dec9e3f1-5358-4119-ad7f-35d382e3e2d5.binning_data.json,10011,63060051,2025-11-29 12:11:27.818,2025-11-29 12:11:27.818,100.0,17.0,73.0,,UTC-0300,tWUO8ZL77Z,,com.sec.android.app.shealth,2025-11-29 11:59:59.999,dec9e3f1-5358-4119-ad7f-35d382e3e2d5,
63060051,2025-11-29 12:00:00.000,,d8511d8c-2ad1-489c-873d-73f115888944.binning_data.json,10011,63060051,2025-11-29 13:12:38.475,2025-11-29 13:12:38.475,98.0,3.0,61.0,,UTC-0300,tWUO8ZL77Z,,com.sec.android.app.shealth,2025-11-29 12:59:59.999,d8511d8c-2ad1-489c-873d-73f115888944,
63060051,2025-11-29 13:00:00.000,,d0ffe247-b277-4315-b9a8-be43d39ee72e.binning_data.json,10011,63060051,2025-11-29 14:16:01.618,2025-11-29 14:16:01.618,67.0,18.0,36.0,,UTC-0300,tWUO8ZL77Z,,com.sec.android.app.shealth,2025-11-29 13:59:59.999,d0ffe247-b277-4315-b9a8-be43d39ee72e,
63060051,2025-11-29 14:00:00.000,,0ebb485f-ae87-4cac-9513-777eaf9319bd.binning_data.json,10011,63060051,2025-11-29 15:12:31.237,2025-11-29 15:12:31.237,40.0,13.0,24.0,,UTC-0300,tWUO8ZL77Z,,com.sec.android.app.shealth,2025-11-29 14:59:59.999,0ebb485f-ae87-4cac-9513-777eaf9319bd,
63060051,2025-11-29 15:00:00.000,,24265a34-bf10-476f-81b5-b97b8afbc329.binning_data.json,10011,63060051,2025-11-29 16:03:16.563,2025-11-29 16:03:16.563,70.0,14.0,39.0,,UTC-0300,tWUO8ZL77Z,,com.sec.android.app.shealth,2025-11-29 15:59:59.999,24265a34-bf10-476f-81b5-b97b8afbc329,
63060051,2025-11-29 16:00:00.000,,0ae1dd1d-0374-4d56-a047-3edbc5e16bda.binning_data.json,10011,63060051,2025-11-29 17:36:00.416,2025-11-29 17:36:00.416,84.0,4.0,39.0,,UTC-0300,tWUO8ZL77Z,,com.sec.android.app.shealth,2025-11-29 16:59:59.999,0ae1dd1d-0374-4d56-a047-3edbc5e16bda,
63060051,2025-11-29 17:00:00.000,,81e94cbe-64ee-4e5e-a8f8-59d0e40f212f.binning_data.json,10011,63060051,2025-11-29 18:11:11.430,2025-11-29 18:11:11.430,76.0,45.0,62.0,,UTC-0300,tWUO8ZL77Z,,com.sec.android.app.shealth,2025-11-29 17:59:59.999,81e94cbe-64ee-4e5e-a8f8-59d0e40f212f,
63060051,2025-11-29 18:00:00.000,,bb86e1fd-d60e-4c0e-990a-ec733cca3df5.binning_data.json,10011,63060051,2025-11-29 19:05:02.178,2025-11-29 19:05:02.178,88.0,14.0,45.0,,UTC-0300,tWUO8ZL77Z,,com.sec.android.app.shealth,2025-11-29 18:59:59.999,bb86e1fd-d60e-4c0e-990a-ec733cca3df5,
63060051,2025-11-29 19:00:00.000,,31b5ab07-69b3-4a5f-bace-f00e773fa683.binning_data.json,10011,63060051,2025-11-29 20:04:50.028,2025-11-29 19:06:26.196,61.0,29.0,45.0,,UTC-0300,tWUO8ZL77Z,,com.sec.android.app.shealth,2025-11-29 19:59:59.999,31b5ab07-69b3-4a5f-bace-f00e773fa683,
63060051,2025-11-29 20:00:00.000,,fb0cd6d5-4a4d-490f-a741-6fcc364664e3.binning_data.json,10011,63060051,2025-11-29 21:20:26.744,2025-11-29 21:20:26.744,100.0,41.0,82.0,,UTC-0300,tWUO8ZL77Z,,com.sec.android.app.shealth,2025-11-29 20:59:59.999,fb0cd6d5-4a4d-490f-a741-6fcc364664e3,
63060051,2025-11-29 21:00:00.000,,a18bd123-59f9-4755-87ab-9548b68c001e.binning_data.json,10011,63060051,2025-11-29 22:06:56.173,2025-11-29 22:06:56.173,67.0,8.0,35.0,,UTC-0300,tWUO8ZL77Z,,com.sec.android.app.shealth,2025-11-29 21:59:59.999,a18bd123-59f9-4755-87ab-9548b68c001e,
63060051,2025-11-29 22:00:00.000,,f6d8d0f8-0956-4a8b-b2be-d897629023a8.binning_data.json,10011,63060051,2025-11-29 23:05:00.489,2025-11-29 23:05:00.489,98.0,13.0,54.0,,UTC-0300,tWUO8ZL77Z,,com.sec.android.app.shealth,2025-11-29 22:59:59.999,f6d8d0f8-0956-4a8b-b2be-d897629023a8,
63060051,2025-11-29 23:00:00.000,,07eb79c0-bb80-4648-9289-78255b8a624d.binning_data.json,10011,63060051,2025-11-30 00:32:25.430,2025-11-30 00:32:25.430,100.0,10.0,67.0,,UTC-0300,tWUO8ZL77Z,,com.sec.android.app.shealth,2025-11-29 23:59:59.999,07eb79c0-bb80-4648-9289-78255b8a624d,
63060051,2025-11-30 00:00:00.000,,9d45320b-b36f-4538-95fe-0d9076d3a81c.binning_data.json,10011,63060051,2025-11-30 01:11:06.929,2025-11-30 01:11:06.929,74.0,31.0,56.0,,UTC-0300,tWUO8ZL77Z,,com.sec.android.app.shealth,2025-11-30 00:59:59.999,9d45320b-b36f-4538-95fe-0d9076d3a81c,
63060051,2025-11-30 01:00:00.000,,cf292083-5ea5-4744-b019-ff96ded27f75.binning_data.json,10011,63060051,2025-11-30 01:55:24.997,2025-11-30 01:31:40.223,100.0,31.0,77.0,,UTC-0300,tWUO8ZL77Z,,com.sec.android.app.shealth,2025-11-30 01:55:24.943,cf292083-5ea5-4744-b019-ff96ded27f75,
63060051,2025-11-30 11:00:00.000,,3783344b-ea59-4a80-ae27-4ddee2006ba6.binning_data.json,10011,63060051,2025-11-30 12:06:40.317,2025-11-30 12:06:40.317,100.0,12.0,77.0,,UTC-0300,tWUO8ZL77Z,,com.sec.android.app.shealth,2025-11-30 11:59:59.999,3783344b-ea59-4a80-ae27-4ddee2006ba6,
63060051,2025-11-30 12:00:00.000,,bf28ff86-53c4-40ea-8d60-6414485a2189.binning_data.json,10011,63060051,2025-11-30 13:12:20.649,2025-11-30 13:12:20.649,99.0,1.0,38.0,,UTC-0300,tWUO8ZL77Z,,com.sec.android.app.shealth,2025-11-30 12:59:59.999,bf28ff86-53c4-40ea-8d60-6414485a2189,
63060051,2025-11-30 13:00:00.000,,28c48480-281b-484f-9555-683154f93165.binning_data.json,10011,63060051,2025-11-30 14:09:16.470,2025-11-30 14:09:16.470,99.0,6.0,40.0,,UTC-0300,tWUO8ZL77Z,,com.sec.android.app.shealth,2025-11-30 13:59:59.999,28c48480-281b-484f-9555-683154f93165,
63060051,2025-11-30 14:00:00.000,,58d38115-650e-4033-81ab-bd6f8fbd8883.binning_data.json,10011,63060051,2025-11-30 15:12:05.902,2025-11-30 14:09:37.961,100.0,20.0,72.0,,UTC-0300,tWUO8ZL77Z,,com.sec.android.app.shealth,2025-11-30 14:59:59.999,58d38115-650e-4033-81ab-bd6f8fbd8883,
63060051,2025-11-30 15:00:00.000,,b091462e-5f8b-43dc-9fa7-3b4f95574830.binning_data.json,10011,63060051,2025-11-30 16:04:03.774,2025-11-30 16:04:03.774,95.0,17.0,65.0,,UTC-0300,tWUO8ZL77Z,,com.sec.android.app.shealth,2025-11-30 15:59:59.999,b091462e-5f8b-43dc-9fa7-3b4f95574830,
63060051,2025-11-30 16:00:00.000,,62ac2b62-4bbf-4727-9002-1a6ee3aa42a6.binning_data.json,10011,63060051,2025-11-30 17:07:49.996,2025-11-30 17:07:49.996,84.0,39.0,68.0,,UTC-0300,tWUO8ZL77Z,,com.sec.android.app.shealth,2025-11-30 16:59:59.999,62ac2b62-4bbf-4727-9002-1a6ee3aa42a6,
63060051,2025-11-30 17:00:00.000,,33e07fc8-0808-4f34-86e9-3fc3f57da050.binning_data.json,10011,63060051,2025-11-30 18:19:42.067,2025-11-30 17:45:40.637,92.0,29.0,50.0,,UTC-0300,tWUO8ZL77Z,,com.sec.android.app.shealth,2025-11-30 17:59:59.999,33e07fc8-0808-4f34-86e9-3fc3f57da050,
63060051,2025-11-30 18:00:00.000,,98583e84-9aad-40a8-84e4-5dc564d9d076.binning_data.json,10011,63060051,2025-11-30 19:06:48.243,2025-11-30 19:06:48.243,99.0,37.0,75.0,,UTC-0300,tWUO8ZL77Z,,com.sec.android.app.shealth,2025-11-30 18:59:59.999,98583e84-9aad-40a8-84e4-5dc564d9d076,
63060051,2025-11-30 19:00:00.000,,04df0db8-8c88-4117-b8b4-60b656fded40.binning_data.json,10011,63060051,2025-11-30 20:35:38.836,2025-11-30 20:35:38.836,99.0,17.0,65.0,,UTC-0300,tWUO8ZL77Z,,com.sec.android.app.shealth,2025-11-30 19:59:59.999,04df0db8-8c88-4117-b8b4-60b656fded40,
63060051,2025-11-30 20:00:00.000,,a74be477-a8d2-4161-a5b1-ce80c2153367.binning_data.json,10011,63060051,2025-11-30 21:14:19.543,2025-11-30 20:45:40.094,100.0,6.0,44.0,,UTC-0300,tWUO8ZL77Z,,com.sec.android.app.shealth,2025-11-30 20:59:59.999,a74be477-a8d2-4161-a5b1-ce80c2153367,
63060051,2025-11-30 21:00:00.000,,399faeeb-a8a3-4041-b8ae-027bd74515ff.binning_data.json,10011,63060051,2025-11-30 22:03:46.403,2025-11-30 22:03:46.403,99.0,17.0,63.0,,UTC-0300,tWUO8ZL77Z,,com.sec.android.app.shealth,2025-11-30 21:59:59.999,399faeeb-a8a3-4041-b8ae-027bd74515ff,
63060051,2025-11-30 22:00:00.000,,bc781233-072d-493a-92f3-b73e49409189.binning_data.json,10011,63060051,2025-11-30 23:06:05.259,2025-11-30 22:41:33.473,94.0,17.0,60.0,,UTC-0300,tWUO8ZL77Z,,com.sec.android.app.shealth,2025-11-30 22:59:59.999,bc781233-072d-493a-92f3-b73e49409189,
63060051,2025-11-30 23:00:00.000,,29e4bcac-51f2-4717-860a-0841aef5dc17.binning_data.json,10011,63060051,2025-12-01 00:09:00.294,2025-12-01 00:09:00.294,100.0,29.0,94.0,,UTC-0300,tWUO8ZL77Z,,com.sec.android.app.shealth,2025-11-30 23:59:59.999,29e4bcac-51f2-4717-860a-0841aef5dc17,
63060051,2025-12-01 00:00:00.000,,8f375da3-3556-4fd5-a2d7-cf399c15cab6.binning_data.json,10011,63060051,2025-12-01 01:18:38.429,2025-12-01 01:18:38.429,100.0,9.0,72.0,,UTC-0300,tWUO8ZL77Z,,com.sec.android.app.shealth,2025-12-01 00:59:59.999,8f375da3-3556-4fd5-a2d7-cf399c15cab6,
63060051,2025-12-01 01:00:00.000,,49b5d307-8e63-4c74-b22c-1ced45c77a36.binning_data.json,10011,63060051,2025-12-01 02:20:06.605,2025-12-01 02:20:06.605,98.0,9.0,29.0,,UTC-0300,tWUO8ZL77Z,,com.sec.android.app.shealth,2025-12-01 01:59:59.999,49b5d307-8e63-4c74-b22c-1ced45c77a36,
63060051,2025-12-01 02:00:00.000,,05e37844-5017-49cf-8fcf-9c57d9a61bee.binning_data.json,10011,63060051,2025-12-01 10:10:26.280,2025-12-01 10:10:26.280,21.0,1.0,6.0,,UTC-0300,tWUO8ZL77Z,,com.sec.android.app.shealth,2025-12-01 02:59:59.999,05e37844-5017-49cf-8fcf-9c57d9a61bee,
63060051,2025-12-01 03:00:00.000,,df08ae80-7f61-496d-9ca9-27a3b65759ed.binning_data.json,10011,63060051,2025-12-01 10:15:14.978,2025-12-01 10:10:28.680,2.0,2.0,2.0,,UTC-0300,tWUO8ZL77Z,,com.sec.android.app.shealth,2025-12-01 03:59:59.999,df08ae80-7f61-496d-9ca9-27a3b65759ed,
63060051,2025-12-01 10:00:00.000,,d9004b2f-5b1e-412b-a0bf-c86ff416ddce.binning_data.json,10011,63060051,2025-12-01 11:07:20.551,2025-12-01 10:15:34.805,100.0,4.0,80.0,,UTC-0300,tWUO8ZL77Z,,com.sec.android.app.shealth,2025-12-01 10:59:59.999,d9004b2f-5b1e-412b-a0bf-c86ff416ddce,
63060051,2025-12-01 11:00:00.000,,140fade3-25b9-4706-88b6-97fc2e8d8be9.binning_data.json,10011,63060051,2025-12-01 12:13:08.275,2025-12-01 12:13:08.275,98.0,14.0,63.0,,UTC-0300,tWUO8ZL77Z,,com.sec.android.app.shealth,2025-12-01 11:59:59.999,140fade3-25b9-4706-88b6-97fc2e8d8be9,
63060051,2025-12-01 12:00:00.000,,48380ee1-1671-41e1-be2e-66193fa5b79d.binning_data.json,10011,63060051,2025-12-01 13:10:41.036,2025-12-01 12:56:42.752,100.0,6.0,60.0,,UTC-0300,tWUO8ZL77Z,,com.sec.android.app.shealth,2025-12-01 12:59:59.999,48380ee1-1671-41e1-be2e-66193fa5b79d,
63060051,2025-12-01 13:00:00.000,,fd59d055-7422-4d91-ac31-26a8262ab345.binning_data.json,10011,63060051,2025-12-01 14:36:20.789,2025-12-01 14:36:20.789,100.0,48.0,85.0,,UTC-0300,tWUO8ZL77Z,,com.sec.android.app.shealth,2025-12-01 13:59:59.999,fd59d055-7422-4d91-ac31-26a8262ab345,
63060051,2025-12-01 14:00:00.000,,ac47ed22-8d22-4e12-afb8-ea28b0b4929e.binning_data.json,10011,63060051,2025-12-01 15:36:37.056,2025-12-01 15:36:37.056,99.0,23.0,59.0,,UTC-0300,tWUO8ZL77Z,,com.sec.android.app.shealth,2025-12-01 14:59:59.999,ac47ed22-8d22-4e12-afb8-ea28b0b4929e,
63060051,2025-12-01 15:00:00.000,,b15a5103-9ecd-476c-947f-e67e6dbb724a.binning_data.json,10011,63060051,2025-12-01 16:11:20.159,2025-12-01 16:11:20.159,43.0,5.0,29.0,,UTC-0300,tWUO8ZL77Z,,com.sec.android.app.shealth,2025-12-01 15:59:59.999,b15a5103-9ecd-476c-947f-e67e6dbb724a,
63060051,2025-12-01 16:00:00.000,,cddbcfd0-5115-4d15-9ed7-b113f18e06da.binning_data.json,10011,63060051,2025-12-01 17:04:00.228,2025-12-01 17:04:00.228,65.0,9.0,35.0,,UTC-0300,tWUO8ZL77Z,,com.sec.android.app.shealth,2025-12-01 16:59:59.999,cddbcfd0-5115-4d15-9ed7-b113f18e06da,
63060051,2025-12-01 17:00:00.000,,af18486f-e42f-46a7-b90d-1380db9b5947.binning_data.json,10011,63060051,2025-12-01 18:44:31.957,2025-12-01 18:44:31.957,99.0,26.0,51.0,,UTC-0300,tWUO8ZL77Z,,com.sec.android.app.shealth,2025-12-01 17:59:59.999,af18486f-e42f-46a7-b90d-1380db9b5947,
63060051,2025-12-01 18:00:00.000,,03e77139-89b2-4281-8ab5-bf8b130fd9d4.binning_data.json,10011,63060051,2025-12-01 19:01:07.269,2025-12-01 18:44:52.387,100.0,8.0,75.0,,UTC-0300,tWUO8ZL77Z,,com.sec.android.app.shealth,2025-12-01 18:59:59.999,03e77139-89b2-4281-8ab5-bf8b130fd9d4,
63060051,2025-12-01 19:00:00.000,,7f6aeb22-d81c-42ae-a40f-aafdbf17ba4b.binning_data.json,10011,63060051,2025-12-01 20:04:03.258,2025-12-01 20:04:03.258,98.0,1.0,40.0,,UTC-0300,tWUO8ZL77Z,,com.sec.android.app.shealth,2025-12-01 19:59:59.999,7f6aeb22-d81c-42ae-a40f-aafdbf17ba4b,
63060051,2025-12-01 20:00:00.000,,edc7635e-114a-4b02-a060-43d50984972b.binning_data.json,10011,63060051,2025-12-01 21:09:45.956,2025-12-01 21:09:45.956,97.0,50.0,70.0,,UTC-0300,tWUO8ZL77Z,,com.sec.android.app.shealth,2025-12-01 20:59:59.999,edc7635e-114a-4b02-a060-43d50984972b,
63060051,2025-12-01 21:00:00.000,,fec1409e-3bcf-4b33-866a-57d81f3d681e.binning_data.json,10011,63060051,2025-12-01 22:02:41.060,2025-12-01 21:48:42.624,98.0,12.0,45.0,,UTC-0300,tWUO8ZL77Z,,com.sec.android.app.shealth,2025-12-01 21:59:59.999,fec1409e-3bcf-4b33-866a-57d81f3d681e,
63060051,2025-12-01 22:00:00.000,,e6ee6b57-1bb6-4434-86c8-1c92566f8649.binning_data.json,10011,63060051,2025-12-01 23:05:42.306,2025-12-01 23:05:42.306,72.0,11.0,38.0,,UTC-0300,tWUO8ZL77Z,,com.sec.android.app.shealth,2025-12-01 22:59:59.999,e6ee6b57-1bb6-4434-86c8-1c92566f8649,
63060051,2025-12-01 23:00:00.000,,fa5eb1e4-11d9-463e-9509-f47005753b5d.binning_data.json,10011,63060051,2025-12-02 00:10:57.623,2025-12-02 00:10:57.623,99.0,0.0,30.0,,UTC-0300,tWUO8ZL77Z,,com.sec.android.app.shealth,2025-12-01 23:59:59.999,fa5eb1e4-11d9-463e-9509-f47005753b5d,
63060051,2025-12-02 03:00:00.000,,a3013040-44b1-4671-966c-b830a18068af.binning_data.json,10011,63060051,2025-12-02 04:23:22.509,2025-12-02 04:23:22.509,0.0,0.0,0.0,,UTC-0300,tWUO8ZL77Z,,com.sec.android.app.shealth,2025-12-02 03:59:59.999,a3013040-44b1-4671-966c-b830a18068af,
63060051,2025-12-02 00:00:00.000,,856ac2fe-7961-4912-8c65-30d3ce2ab54f.binning_data.json,10011,63060051,2025-12-02 01:27:23.606,2025-12-02 00:30:47.449,81.0,17.0,42.0,,UTC-0300,tWUO8ZL77Z,,com.sec.android.app.shealth,2025-12-02 00:59:59.999,856ac2fe-7961-4912-8c65-30d3ce2ab54f,
63060051,2025-12-02 01:00:00.000,,0fc69cea-bccf-4dfc-9218-10aeae6aa074.binning_data.json,10011,63060051,2025-12-02 02:06:00.145,2025-12-02 02:06:00.145,99.0,0.0,19.0,,UTC-0300,tWUO8ZL77Z,,com.sec.android.app.shealth,2025-12-02 01:59:59.999,0fc69cea-bccf-4dfc-9218-10aeae6aa074,
63060051,2025-12-02 02:00:00.000,,e6a1524d-7c34-4e20-9754-b0bb0f7dbae8.binning_data.json,10011,63060051,2025-12-02 03:13:08.850,2025-12-02 03:13:08.850,21.0,0.0,2.0,,UTC-0300,tWUO8ZL77Z,,com.sec.android.app.shealth,2025-12-02 02:59:59.999,e6a1524d-7c34-4e20-9754-b0bb0f7dbae8,
63060051,2025-12-02 04:00:00.000,,17c1d5e3-f0aa-48dd-b080-5591861c7bdc.binning_data.json,10011,63060051,2025-12-02 08:10:29.140,2025-12-02 08:06:54.891,0.0,0.0,0.0,,UTC-0300,tWUO8ZL77Z,,com.sec.android.app.shealth,2025-12-02 04:59:59.999,17c1d5e3-f0aa-48dd-b080-5591861c7bdc,
63060051,2025-12-02 08:00:00.000,,7efe4d54-4cdc-414a-b3da-d54da908af2c.binning_data.json,10011,63060051,2025-12-02 10:33:04.946,2025-12-02 09:48:26.015,0.0,0.0,0.0,,UTC-0300,tWUO8ZL77Z,,com.sec.android.app.shealth,2025-12-02 08:59:59.999,7efe4d54-4cdc-414a-b3da-d54da908af2c,
63060051,2025-12-02 09:00:00.000,,89e42ba1-1534-467a-afad-3b81f30cec51.binning_data.json,10011,63060051,2025-12-02 10:34:07.610,2025-12-02 10:34:07.610,0.0,0.0,0.0,,UTC-0300,tWUO8ZL77Z,,com.sec.android.app.shealth,2025-12-02 09:59:59.999,89e42ba1-1534-467a-afad-3b81f30cec51,
63060051,2025-12-02 10:00:00.000,,5a041dfb-2545-48f8-86c2-fc5cda8249c8.binning_data.json,10011,63060051,2025-12-02 11:04:10.920,2025-12-02 11:04:10.920,52.0,0.0,17.0,,UTC-0300,tWUO8ZL77Z,,com.sec.android.app.shealth,2025-12-02 10:59:59.999,5a041dfb-2545-48f8-86c2-fc5cda8249c8,
63060051,2025-12-02 11:00:00.000,,10b148aa-7a06-4a22-88f9-d2c4aaa39efb.binning_data.json,10011,63060051,2025-12-02 12:06:48.508,2025-12-02 12:06:48.508,35.0,0.0,6.0,,UTC-0300,tWUO8ZL77Z,,com.sec.android.app.shealth,2025-12-02 11:59:59.999,10b148aa-7a06-4a22-88f9-d2c4aaa39efb,
63060051,2025-12-02 12:00:00.000,,0ab0c6f2-8004-43ec-8c39-62cdbfff2f00.binning_data.json,10011,63060051,2025-12-02 13:08:07.963,2025-12-02 13:08:07.963,58.0,3.0,27.0,,UTC-0300,tWUO8ZL77Z,,com.sec.android.app.shealth,2025-12-02 12:59:59.999,0ab0c6f2-8004-43ec-8c39-62cdbfff2f00,
63060051,2025-12-02 13:00:00.000,,97fd4d49-7021-4bd0-9106-478bbcf92d8c.binning_data.json,10011,63060051,2025-12-02 14:11:03.244,2025-12-02 14:11:03.244,66.0,0.0,17.0,,UTC-0300,tWUO8ZL77Z,,com.sec.android.app.shealth,2025-12-02 13:59:59.999,97fd4d49-7021-4bd0-9106-478bbcf92d8c,
63060051,2025-12-02 19:00:00.000,,d0c3a98b-6040-41ec-94dc-7a34a9e5fa27.binning_data.json,10011,63060051,2025-12-02 20:05:35.334,2025-12-02 19:28:56.923,88.0,3.0,20.0,,UTC-0300,tWUO8ZL77Z,,com.sec.android.app.shealth,2025-12-02 19:59:59.999,d0c3a98b-6040-41ec-94dc-7a34a9e5fa27,
63060051,2025-12-02 14:00:00.000,,02f1f2aa-a93a-488c-aec7-65942aef66d8.binning_data.json,10011,63060051,2025-12-02 15:07:54.368,2025-12-02 15:07:54.368,94.0,0.0,31.0,,UTC-0300,tWUO8ZL77Z,,com.sec.android.app.shealth,2025-12-02 14:59:59.999,02f1f2aa-a93a-488c-aec7-65942aef66d8,
63060051,2025-12-02 15:00:00.000,,c601b243-c46f-407d-ad5e-3b348d0f7930.binning_data.json,10011,63060051,2025-12-02 16:10:28.623,2025-12-02 16:10:28.623,88.0,6.0,36.0,,UTC-0300,tWUO8ZL77Z,,com.sec.android.app.shealth,2025-12-02 15:59:59.999,c601b243-c46f-407d-ad5e-3b348d0f7930,
63060051,2025-12-02 16:00:00.000,,67016e15-e3cf-4c2d-afb1-dcfa1fa2398a.binning_data.json,10011,63060051,2025-12-02 17:02:47.227,2025-12-02 16:59:37.318,88.0,0.0,35.0,,UTC-0300,tWUO8ZL77Z,,com.sec.android.app.shealth,2025-12-02 16:59:59.999,67016e15-e3cf-4c2d-afb1-dcfa1fa2398a,
63060051,2025-12-02 17:00:00.000,,3144f223-2055-4b7f-b1ec-dce0f23ee3f9.binning_data.json,10011,63060051,2025-12-02 18:08:04.127,2025-12-02 18:08:04.127,80.0,5.0,29.0,,UTC-0300,tWUO8ZL77Z,,com.sec.android.app.shealth,2025-12-02 17:59:59.999,3144f223-2055-4b7f-b1ec-dce0f23ee3f9,
63060051,2025-12-02 18:00:00.000,,aafcd15b-8c1d-44e2-9d65-432ceb26c4f4.binning_data.json,10011,63060051,2025-12-02 19:02:20.199,2025-12-02 18:31:41.024,74.0,2.0,20.0,,UTC-0300,tWUO8ZL77Z,,com.sec.android.app.shealth,2025-12-02 18:59:59.999,aafcd15b-8c1d-44e2-9d65-432ceb26c4f4,
63060051,2025-12-02 20:00:00.000,,913e73b7-6916-4655-98e5-9b6d57c4a133.binning_data.json,10011,63060051,2025-12-02 21:01:30.521,2025-12-02 21:01:30.521,27.0,0.0,8.0,,UTC-0300,tWUO8ZL77Z,,com.sec.android.app.shealth,2025-12-02 20:59:59.999,913e73b7-6916-4655-98e5-9b6d57c4a133,
63060051,2025-12-02 21:00:00.000,,6436979e-9859-49bc-a2ce-3d0f3ae1ba66.binning_data.json,10011,63060051,2025-12-02 22:04:12.643,2025-12-02 21:47:57.675,95.0,0.0,15.0,,UTC-0300,tWUO8ZL77Z,,com.sec.android.app.shealth,2025-12-02 21:59:59.999,6436979e-9859-49bc-a2ce-3d0f3ae1ba66,
63060051,2025-12-02 22:00:00.000,,9d84ebbe-c7ed-4732-8ee3-f045d32dc50d.binning_data.json,10011,63060051,2025-12-02 23:04:25.316,2025-12-02 23:04:25.316,47.0,1.0,11.0,,UTC-0300,tWUO8ZL77Z,,com.sec.android.app.shealth,2025-12-02 22:59:59.999,9d84ebbe-c7ed-4732-8ee3-f045d32dc50d,
63060051,2025-12-02 23:00:00.000,,3de02ff5-ec31-40cc-a0c5-30f7dc8bb13d.binning_data.json,10011,63060051,2025-12-03 00:03:52.118,2025-12-03 00:03:52.118,25.0,1.0,11.0,,UTC-0300,tWUO8ZL77Z,,com.sec.android.app.shealth,2025-12-02 23:59:59.999,3de02ff5-ec31-40cc-a0c5-30f7dc8bb13d,
63060051,2025-12-03 01:00:00.000,,43670b98-ae4c-4aeb-82a1-db014de0335a.binning_data.json,10011,63060051,2025-12-03 02:26:11.221,2025-12-03 02:26:11.221,97.0,0.0,20.0,,UTC-0300,tWUO8ZL77Z,,com.sec.android.app.shealth,2025-12-03 01:59:59.999,43670b98-ae4c-4aeb-82a1-db014de0335a,
63060051,2025-12-03 02:00:00.000,,5ca094ac-fa1f-4689-bdd6-0399fcd973cf.binning_data.json,10011,63060051,2025-12-03 10:17:54.317,2025-12-03 09:55:36.370,0.0,0.0,0.0,,UTC-0300,tWUO8ZL77Z,,com.sec.android.app.shealth,2025-12-03 02:59:59.999,5ca094ac-fa1f-4689-bdd6-0399fcd973cf,
63060051,2025-12-03 10:00:00.000,,b89656dd-7cbf-409d-b551-73b4e11e0da7.binning_data.json,10011,63060051,2025-12-03 11:01:00.984,2025-12-03 10:24:59.071,10.0,0.0,2.0,,UTC-0300,tWUO8ZL77Z,,com.sec.android.app.shealth,2025-12-03 10:59:59.999,b89656dd-7cbf-409d-b551-73b4e11e0da7,
63060051,2025-12-03 11:00:00.000,,7cd7e09c-6655-460e-9e52-92344334c289.binning_data.json,10011,63060051,2025-12-03 12:01:06.980,2025-12-03 12:01:06.980,46.0,0.0,6.0,,UTC-0300,tWUO8ZL77Z,,com.sec.android.app.shealth,2025-12-03 11:59:59.999,7cd7e09c-6655-460e-9e52-92344334c289,
63060051,2025-12-03 12:00:00.000,,956732ca-7eee-4b30-a6c8-b0fa28a61370.binning_data.json,10011,63060051,2025-12-03 13:02:55.703,2025-12-03 13:02:55.703,25.0,0.0,4.0,,UTC-0300,tWUO8ZL77Z,,com.sec.android.app.shealth,2025-12-03 12:59:59.999,956732ca-7eee-4b30-a6c8-b0fa28a61370,
63060051,2025-12-03 15:00:00.000,,d0c880a8-569a-4530-8e04-758ece91fc6b.binning_data.json,10011,63060051,2025-12-03 16:06:04.212,2025-12-03 16:06:04.212,38.0,0.0,7.0,,UTC-0300,tWUO8ZL77Z,,com.sec.android.app.shealth,2025-12-03 15:59:59.999,d0c880a8-569a-4530-8e04-758ece91fc6b,
63060051,2025-12-03 13:00:00.000,,141a4ae7-3a74-4509-b3f1-9017dc42b125.binning_data.json,10011,63060051,2025-12-03 14:01:05.253,2025-12-03 14:01:05.253,88.0,0.0,23.0,,UTC-0300,tWUO8ZL77Z,,com.sec.android.app.shealth,2025-12-03 13:59:59.999,141a4ae7-3a74-4509-b3f1-9017dc42b125,
63060051,2025-12-03 14:00:00.000,,38e8468b-ed8d-4b0b-8015-ea0238ffa4bb.binning_data.json,10011,63060051,2025-12-03 15:14:03.610,2025-12-03 15:14:03.610,100.0,0.0,21.0,,UTC-0300,tWUO8ZL77Z,,com.sec.android.app.shealth,2025-12-03 14:59:59.999,38e8468b-ed8d-4b0b-8015-ea0238ffa4bb,
63060051,2025-12-03 16:00:00.000,,f6ab6a1f-9425-41ba-911a-dba9e413e259.binning_data.json,10011,63060051,2025-12-03 17:06:00.889,2025-12-03 17:06:00.889,37.0,0.0,4.0,,UTC-0300,tWUO8ZL77Z,,com.sec.android.app.shealth,2025-12-03 16:59:59.999,f6ab6a1f-9425-41ba-911a-dba9e413e259,
63060051,2025-12-03 17:00:00.000,,a6fe8f96-91b6-47b5-9335-f88ce45df238.binning_data.json,10011,63060051,2025-12-03 18:06:03.189,2025-12-03 17:31:30.600,85.0,0.0,13.0,,UTC-0300,tWUO8ZL77Z,,com.sec.android.app.shealth,2025-12-03 17:59:59.999,a6fe8f96-91b6-47b5-9335-f88ce45df238,
63060051,2025-12-03 18:00:00.000,,a791a7a2-5bde-4315-987e-f96766f544c1.binning_data.json,10011,63060051,2025-12-03 19:09:18.934,2025-12-03 19:09:18.934,56.0,3.0,26.0,,UTC-0300,tWUO8ZL77Z,,com.sec.android.app.shealth,2025-12-03 18:59:59.999,a791a7a2-5bde-4315-987e-f96766f544c1,
63060051,2025-12-03 19:00:00.000,,ece1474a-a0cc-4565-92d6-598ee14ef3cd.binning_data.json,10011,63060051,2025-12-04 01:04:53.394,2025-12-04 01:04:53.394,10.0,0.0,4.0,,UTC-0300,tWUO8ZL77Z,,com.sec.android.app.shealth,2025-12-03 19:59:59.999,ece1474a-a0cc-4565-92d6-598ee14ef3cd,
63060051,2025-12-04 01:00:00.000,,b171d385-4340-479d-8106-872d8e0f8fc9.binning_data.json,10011,63060051,2025-12-04 02:12:07.196,2025-12-04 02:12:07.196,25.0,0.0,2.0,,UTC-0300,tWUO8ZL77Z,,com.sec.android.app.shealth,2025-12-04 01:59:59.999,b171d385-4340-479d-8106-872d8e0f8fc9,
63060051,2025-12-04 02:00:00.000,,c27b1eb0-d68e-4579-bb55-17992c848c57.binning_data.json,10011,63060051,2025-12-04 03:24:44.094,2025-12-04 03:24:44.094,0.0,0.0,0.0,,UTC-0300,tWUO8ZL77Z,,com.sec.android.app.shealth,2025-12-04 02:59:59.999,c27b1eb0-d68e-4579-bb55-17992c848c57,
63060051,2025-12-04 03:00:00.000,,b77d5eb8-1c64-4d14-8172-592b3858470c.binning_data.json,10011,63060051,2025-12-04 09:49:57.654,2025-12-04 09:49:57.654,0.0,0.0,0.0,,UTC-0300,tWUO8ZL77Z,,com.sec.android.app.shealth,2025-12-04 03:59:59.999,b77d5eb8-1c64-4d14-8172-592b3858470c,
63060051,2025-12-04 09:00:00.000,,e30bc227-d785-4c13-b152-64d79d09f708.binning_data.json,10011,63060051,2025-12-04 10:14:07.308,2025-12-04 09:49:57.742,0.0,0.0,0.0,,UTC-0300,tWUO8ZL77Z,,com.sec.android.app.shealth,2025-12-04 09:59:59.999,e30bc227-d785-4c13-b152-64d79d09f708,
63060051,2025-12-04 10:00:00.000,,7da8f00a-345b-49b5-bc74-e492fe87a7bc.binning_data.json,10011,63060051,2025-12-04 11:10:16.317,2025-12-04 11:03:02.932,0.0,0.0,0.0,,UTC-0300,tWUO8ZL77Z,,com.sec.android.app.shealth,2025-12-04 10:59:59.999,7da8f00a-345b-49b5-bc74-e492fe87a7bc,
63060051,2025-12-04 11:00:00.000,,fbc219eb-8444-4d0a-bd01-a2209bc48e1e.binning_data.json,10011,63060051,2025-12-04 12:02:09.095,2025-12-04 11:28:57.922,2.0,0.0,0.0,,UTC-0300,tWUO8ZL77Z,,com.sec.android.app.shealth,2025-12-04 11:59:59.999,fbc219eb-8444-4d0a-bd01-a2209bc48e1e,
63060051,2025-12-04 12:00:00.000,,46803287-0bac-45bc-9fd7-02a88038ba84.binning_data.json,10011,63060051,2025-12-04 13:16:55.610,2025-12-04 12:37:45.798,76.0,0.0,17.0,,UTC-0300,tWUO8ZL77Z,,com.sec.android.app.shealth,2025-12-04 12:59:59.999,46803287-0bac-45bc-9fd7-02a88038ba84,
63060051,2025-12-04 13:00:00.000,,b6bb4171-fae4-48ad-9210-535ad2d9576e.binning_data.json,10011,63060051,2025-12-04 14:05:44.342,2025-12-04 14:05:44.342,99.0,15.0,71.0,,UTC-0300,tWUO8ZL77Z,,com.sec.android.app.shealth,2025-12-04 13:59:59.999,b6bb4171-fae4-48ad-9210-535ad2d9576e,
63060051,2025-12-04 14:00:00.000,,a29a638a-a622-4945-acdd-23de51a00376.binning_data.json,10011,63060051,2025-12-04 15:04:16.959,2025-12-04 14:57:39.016,68.0,0.0,31.0,,UTC-0300,tWUO8ZL77Z,,com.sec.android.app.shealth,2025-12-04 14:59:59.999,a29a638a-a622-4945-acdd-23de51a00376,
63060051,2025-12-04 15:00:00.000,,5d0942e2-a7b7-4b1d-b420-fd6e2818df44.binning_data.json,10011,63060051,2025-12-04 16:21:34.701,2025-12-04 16:21:34.701,76.0,0.0,13.0,,UTC-0300,tWUO8ZL77Z,,com.sec.android.app.shealth,2025-12-04 15:59:59.999,5d0942e2-a7b7-4b1d-b420-fd6e2818df44,
63060051,2025-12-04 19:00:00.000,,b1eeec73-9df4-4219-860b-5e4173db2029.binning_data.json,10011,63060051,2025-12-04 20:04:00.300,2025-12-04 20:04:00.300,55.0,0.0,16.0,,UTC-0300,tWUO8ZL77Z,,com.sec.android.app.shealth,2025-12-04 19:59:59.999,b1eeec73-9df4-4219-860b-5e4173db2029,
63060051,2025-12-04 16:00:00.000,,2caf5e60-dfb6-42a6-87d4-d7031e33564f.binning_data.json,10011,63060051,2025-12-04 17:06:43.393,2025-12-04 17:06:43.393,69.0,1.0,23.0,,UTC-0300,tWUO8ZL77Z,,com.sec.android.app.shealth,2025-12-04 16:59:59.999,2caf5e60-dfb6-42a6-87d4-d7031e33564f,
63060051,2025-12-04 17:00:00.000,,b948c616-a1e0-4093-b562-f14aa1b43cb6.binning_data.json,10011,63060051,2025-12-04 18:13:59.796,2025-12-04 18:13:59.796,96.0,4.0,33.0,,UTC-0300,tWUO8ZL77Z,,com.sec.android.app.shealth,2025-12-04 17:59:59.999,b948c616-a1e0-4093-b562-f14aa1b43cb6,
63060051,2025-12-04 18:00:00.000,,89a9a9b9-16e9-4a7a-8d79-e1a1e898ef75.binning_data.json,10011,63060051,2025-12-04 19:02:30.668,2025-12-04 19:02:30.668,42.0,0.0,10.0,,UTC-0300,tWUO8ZL77Z,,com.sec.android.app.shealth,2025-12-04 18:59:59.999,89a9a9b9-16e9-4a7a-8d79-e1a1e898ef75,
63060051,2025-12-04 20:00:00.000,,1732e37b-e363-44cd-b807-431a78791a58.binning_data.json,10011,63060051,2025-12-04 21:10:52.915,2025-12-04 21:10:52.915,75.0,0.0,21.0,,UTC-0300,tWUO8ZL77Z,,com.sec.android.app.shealth,2025-12-04 20:59:59.999,1732e37b-e363-44cd-b807-431a78791a58,
63060051,2025-12-04 21:00:00.000,,68988f33-e119-4b61-a25a-dfb89610d1f8.binning_data.json,10011,63060051,2025-12-04 22:03:31.779,2025-12-04 22:03:31.779,80.0,15.0,48.0,,UTC-0300,tWUO8ZL77Z,,com.sec.android.app.shealth,2025-12-04 21:59:59.999,68988f33-e119-4b61-a25a-dfb89610d1f8,
63060051,2025-12-04 22:00:00.000,,baca5712-453e-45ad-be73-bbdec7af88f4.binning_data.json,10011,63060051,2025-12-04 23:24:01.947,2025-12-04 22:55:30.983,57.0,5.0,28.0,,UTC-0300,tWUO8ZL77Z,,com.sec.android.app.shealth,2025-12-04 22:59:59.999,baca5712-453e-45ad-be73-bbdec7af88f4,
63060051,2025-12-04 23:00:00.000,,9b630143-37d1-4dcf-842c-97d2fdc95c69.binning_data.json,10011,63060051,2025-12-05 00:07:04.246,2025-12-04 23:59:34.448,97.0,0.0,34.0,,UTC-0300,tWUO8ZL77Z,,com.sec.android.app.shealth,2025-12-04 23:59:59.999,9b630143-37d1-4dcf-842c-97d2fdc95c69,
63060051,2025-12-05 00:00:00.000,,f035ab76-21d1-4e58-997f-2a3edd1c68d7.binning_data.json,10011,63060051,2025-12-05 12:53:38.812,2025-12-05 00:56:25.586,31.0,0.0,5.0,,UTC-0300,tWUO8ZL77Z,,com.sec.android.app.shealth,2025-12-05 00:59:59.999,f035ab76-21d1-4e58-997f-2a3edd1c68d7,
63060051,2025-12-05 12:00:00.000,,730a6957-da7f-4197-b1f1-f393bddc91ee.binning_data.json,10011,63060051,2025-12-05 13:02:00.822,2025-12-05 12:53:59.524,66.0,0.0,24.0,,UTC-0300,tWUO8ZL77Z,,com.sec.android.app.shealth,2025-12-05 12:59:59.999,730a6957-da7f-4197-b1f1-f393bddc91ee,
63060051,2025-12-05 13:00:00.000,,b5b458f4-d4f0-499f-9274-e6898daa2d5b.binning_data.json,10011,63060051,2025-12-05 14:14:52.992,2025-12-05 14:14:52.992,92.0,5.0,45.0,,UTC-0300,tWUO8ZL77Z,,com.sec.android.app.shealth,2025-12-05 13:59:59.999,b5b458f4-d4f0-499f-9274-e6898daa2d5b,
63060051,2025-12-05 14:00:00.000,,34bad07f-144e-4034-9c38-34e4bb658500.binning_data.json,10011,63060051,2025-12-05 15:02:00.832,2025-12-05 15:02:00.832,94.0,0.0,22.0,,UTC-0300,tWUO8ZL77Z,,com.sec.android.app.shealth,2025-12-05 14:59:59.999,34bad07f-144e-4034-9c38-34e4bb658500,
63060051,2025-12-05 15:00:00.000,,1cd2ff31-eb22-4db6-9965-c90e56e0a8c3.binning_data.json,10011,63060051,2025-12-05 16:11:05.797,2025-12-05 16:11:05.797,90.0,0.0,32.0,,UTC-0300,tWUO8ZL77Z,,com.sec.android.app.shealth,2025-12-05 15:59:59.999,1cd2ff31-eb22-4db6-9965-c90e56e0a8c3,
63060051,2025-12-05 16:00:00.000,,591dc7a9-489b-4d27-a5b7-a21f016e0b12.binning_data.json,10011,63060051,2025-12-05 17:19:44.105,2025-12-05 17:19:44.105,61.0,0.0,36.0,,UTC-0300,tWUO8ZL77Z,,com.sec.android.app.shealth,2025-12-05 16:59:59.999,591dc7a9-489b-4d27-a5b7-a21f016e0b12,
63060051,2025-12-05 17:00:00.000,,1d3d3b84-89c7-4fdf-aeea-cebca2d784b4.binning_data.json,10011,63060051,2025-12-05 18:10:42.742,2025-12-05 18:10:42.742,94.0,26.0,71.0,,UTC-0300,tWUO8ZL77Z,,com.sec.android.app.shealth,2025-12-05 17:59:59.999,1d3d3b84-89c7-4fdf-aeea-cebca2d784b4,
63060051,2025-12-05 18:00:00.000,,13903489-0cba-4233-ad69-dff44e680336.binning_data.json,10011,63060051,2025-12-05 19:17:43.890,2025-12-05 19:17:43.890,99.0,15.0,58.0,,UTC-0300,tWUO8ZL77Z,,com.sec.android.app.shealth,2025-12-05 18:59:59.999,13903489-0cba-4233-ad69-dff44e680336,
63060051,2025-12-05 19:00:00.000,,51842560-d9c7-40a2-8d85-6465e5ca2b80.binning_data.json,10011,63060051,2025-12-05 20:19:23.078,2025-12-05 20:19:23.078,79.0,9.0,49.0,,UTC-0300,tWUO8ZL77Z,,com.sec.android.app.shealth,2025-12-05 19:59:59.999,51842560-d9c7-40a2-8d85-6465e5ca2b80,
63060051,2025-12-05 20:00:00.000,,477ca490-ff1f-4cc7-9269-13becc2331ef.binning_data.json,10011,63060051,2025-12-05 21:14:18.792,2025-12-05 21:14:18.792,66.0,8.0,29.0,,UTC-0300,tWUO8ZL77Z,,com.sec.android.app.shealth,2025-12-05 20:59:59.999,477ca490-ff1f-4cc7-9269-13becc2331ef,
63060051,2025-12-05 21:00:00.000,,c76c5fb6-11a1-4961-9d83-1af9ac889963.binning_data.json,10011,63060051,2025-12-05 22:05:47.872,2025-12-05 22:05:47.872,74.0,4.0,40.0,,UTC-0300,tWUO8ZL77Z,,com.sec.android.app.shealth,2025-12-05 21:59:59.999,c76c5fb6-11a1-4961-9d83-1af9ac889963,
63060051,2025-12-05 22:00:00.000,,94e04b42-4dc0-408e-95af-e8d8ad9da286.binning_data.json,10011,63060051,2025-12-05 23:15:00.199,2025-12-05 23:15:00.199,83.0,0.0,22.0,,UTC-0300,tWUO8ZL77Z,,com.sec.android.app.shealth,2025-12-05 22:59:59.999,94e04b42-4dc0-408e-95af-e8d8ad9da286,
63060051,2025-12-05 23:00:00.000,,cf8b5eed-b89d-48f6-863c-2c9277deef47.binning_data.json,10011,63060051,2025-12-06 02:00:16.698,2025-12-06 02:00:16.698,12.0,0.0,2.0,,UTC-0300,tWUO8ZL77Z,,com.sec.android.app.shealth,2025-12-05 23:59:59.999,cf8b5eed-b89d-48f6-863c-2c9277deef47,
63060051,2025-12-06 01:00:00.000,,2386b880-1ecd-40b7-9b48-fec5ade632d4.binning_data.json,10011,63060051,2025-12-06 02:20:20.496,2025-12-06 02:20:20.496,0.0,0.0,0.0,,UTC-0300,tWUO8ZL77Z,,com.sec.android.app.shealth,2025-12-06 01:59:59.999,2386b880-1ecd-40b7-9b48-fec5ade632d4,
63060051,2025-12-06 02:00:00.000,,aa5c89ea-5e88-4cf1-9abf-5868034096ae.binning_data.json,10011,63060051,2025-12-06 03:19:36.867,2025-12-06 03:19:36.867,57.0,0.0,8.0,,UTC-0300,tWUO8ZL77Z,,com.sec.android.app.shealth,2025-12-06 02:59:59.999,aa5c89ea-5e88-4cf1-9abf-5868034096ae,
63060051,2025-12-06 03:00:00.000,,3aba2bc2-eab4-40b5-9bcf-1fcb4d306a8e.binning_data.json,10011,63060051,2025-12-06 04:27:12.870,2025-12-06 04:27:12.870,0.0,0.0,0.0,,UTC-0300,tWUO8ZL77Z,,com.sec.android.app.shealth,2025-12-06 03:59:59.999,3aba2bc2-eab4-40b5-9bcf-1fcb4d306a8e,
63060051,2025-12-06 04:00:00.000,,3fb3311c-dbc3-4055-94ae-854c588b33ce.binning_data.json,10011,63060051,2025-12-06 06:25:42.213,2025-12-06 06:15:42.780,0.0,0.0,0.0,,UTC-0300,tWUO8ZL77Z,,com.sec.android.app.shealth,2025-12-06 04:59:59.999,3fb3311c-dbc3-4055-94ae-854c588b33ce,
63060051,2025-12-06 06:00:00.000,,8abc89f3-77e9-4333-ac82-358c40df55a1.binning_data.json,10011,63060051,2025-12-06 11:51:18.848,2025-12-06 07:56:35.922,0.0,0.0,0.0,,UTC-0300,tWUO8ZL77Z,,com.sec.android.app.shealth,2025-12-06 06:59:59.999,8abc89f3-77e9-4333-ac82-358c40df55a1,
63060051,2025-12-06 11:00:00.000,,508309ae-cba6-4958-9824-2713a47fafc0.binning_data.json,10011,63060051,2025-12-06 12:03:29.011,2025-12-06 12:03:29.011,60.0,0.0,19.0,,UTC-0300,tWUO8ZL77Z,,com.sec.android.app.shealth,2025-12-06 11:59:59.999,508309ae-cba6-4958-9824-2713a47fafc0,
63060051,2025-12-06 12:00:00.000,,93908643-c074-417e-8240-da80ab311eb9.binning_data.json,10011,63060051,2025-12-06 13:04:01.825,2025-12-06 12:06:42.829,93.0,3.0,42.0,,UTC-0300,tWUO8ZL77Z,,com.sec.android.app.shealth,2025-12-06 12:59:59.999,93908643-c074-417e-8240-da80ab311eb9,
63060051,2025-12-06 13:00:00.000,,1bb744b5-bb84-49c5-ad27-b0bf122e2a14.binning_data.json,10011,63060051,2025-12-06 14:06:00.278,2025-12-06 14:06:00.278,92.0,7.0,33.0,,UTC-0300,tWUO8ZL77Z,,com.sec.android.app.shealth,2025-12-06 13:59:59.999,1bb744b5-bb84-49c5-ad27-b0bf122e2a14,
63060051,2025-12-06 14:00:00.000,,6be8a520-b0f5-4098-8010-d6f758905aa3.binning_data.json,10011,63060051,2025-12-06 15:14:40.672,2025-12-06 15:14:40.672,46.0,0.0,14.0,,UTC-0300,tWUO8ZL77Z,,com.sec.android.app.shealth,2025-12-06 14:59:59.999,6be8a520-b0f5-4098-8010-d6f758905aa3,
63060051,2025-12-06 15:00:00.000,,c7b6639c-8a1b-4e1f-b150-ecd22edadf24.binning_data.json,10011,63060051,2025-12-06 16:24:02.246,2025-12-06 16:24:02.246,94.0,8.0,49.0,,UTC-0300,tWUO8ZL77Z,,com.sec.android.app.shealth,2025-12-06 15:59:59.999,c7b6639c-8a1b-4e1f-b150-ecd22edadf24,
63060051,2025-12-06 16:00:00.000,,2ab9d07b-03b7-475f-98ec-95ad3aaffe6f.binning_data.json,10011,63060051,2025-12-06 17:24:01.315,2025-12-06 16:33:38.764,100.0,9.0,56.0,,UTC-0300,tWUO8ZL77Z,,com.sec.android.app.shealth,2025-12-06 16:59:59.999,2ab9d07b-03b7-475f-98ec-95ad3aaffe6f,
63060051,2025-12-06 17:00:00.000,,0f95a08d-f4be-4c74-ae11-4b8a662a9e25.binning_data.json,10011,63060051,2025-12-06 18:03:03.673,2025-12-06 18:03:03.673,91.0,1.0,50.0,,UTC-0300,tWUO8ZL77Z,,com.sec.android.app.shealth,2025-12-06 17:59:59.999,0f95a08d-f4be-4c74-ae11-4b8a662a9e25,
63060051,2025-12-06 18:00:00.000,,b94467a3-d83b-4cce-b740-3839930a8fe3.binning_data.json,10011,63060051,2025-12-06 19:07:05.106,2025-12-06 19:07:05.106,57.0,9.0,30.0,,UTC-0300,tWUO8ZL77Z,,com.sec.android.app.shealth,2025-12-06 18:59:59.999,b94467a3-d83b-4cce-b740-3839930a8fe3,
63060051,2025-12-06 19:00:00.000,,ea8d1581-8038-486c-88db-eb45ccedcf6b.binning_data.json,10011,63060051,2025-12-06 20:21:56.214,2025-12-06 19:14:34.080,97.0,25.0,60.0,,UTC-0300,tWUO8ZL77Z,,com.sec.android.app.shealth,2025-12-06 19:59:59.999,ea8d1581-8038-486c-88db-eb45ccedcf6b,
63060051,2025-12-06 20:00:00.000,,e7207fb5-555a-4f1a-a051-44d26a89fa35.binning_data.json,10011,63060051,2025-12-06 21:12:01.992,2025-12-06 21:12:01.992,60.0,2.0,33.0,,UTC-0300,tWUO8ZL77Z,,com.sec.android.app.shealth,2025-12-06 20:59:59.999,e7207fb5-555a-4f1a-a051-44d26a89fa35,
63060051,2025-12-06 21:00:00.000,,c769515b-925d-4929-956a-72be49975738.binning_data.json,10011,63060051,2025-12-06 22:10:35.741,2025-12-06 22:10:35.741,98.0,9.0,53.0,,UTC-0300,tWUO8ZL77Z,,com.sec.android.app.shealth,2025-12-06 21:59:59.999,c769515b-925d-4929-956a-72be49975738,
63060051,2025-12-06 22:00:00.000,,c0aa6ec9-e6b4-47b6-9c2e-0d519d201b64.binning_data.json,10011,63060051,2025-12-06 23:04:17.448,2025-12-06 23:04:17.448,100.0,4.0,56.0,,UTC-0300,tWUO8ZL77Z,,com.sec.android.app.shealth,2025-12-06 22:59:59.999,c0aa6ec9-e6b4-47b6-9c2e-0d519d201b64,
63060051,2025-12-06 23:00:00.000,,97ff74b9-3ff2-429e-8edd-df30cbe0ed15.binning_data.json,10011,63060051,2025-12-07 00:12:28.326,2025-12-07 00:12:28.326,81.0,13.0,51.0,,UTC-0300,tWUO8ZL77Z,,com.sec.android.app.shealth,2025-12-06 23:59:59.999,97ff74b9-3ff2-429e-8edd-df30cbe0ed15,
63060051,2025-12-07 01:00:00.000,,1734e69a-8a49-47a1-a00e-5d20b79bdaf6.binning_data.json,10011,63060051,2025-12-07 02:16:33.165,2025-12-07 02:16:33.165,97.0,0.0,54.0,,UTC-0300,tWUO8ZL77Z,,com.sec.android.app.shealth,2025-12-07 01:59:59.999,1734e69a-8a49-47a1-a00e-5d20b79bdaf6,
63060051,2025-12-07 00:00:00.000,,bb80db04-c844-4f71-9af1-fac832b55986.binning_data.json,10011,63060051,2025-12-07 01:25:00.107,2025-12-07 01:25:00.107,82.0,25.0,48.0,,UTC-0300,tWUO8ZL77Z,,com.sec.android.app.shealth,2025-12-07 00:59:59.999,bb80db04-c844-4f71-9af1-fac832b55986,
63060051,2025-12-07 02:00:00.000,,85a29efe-a3ea-4a47-909d-97338d7562f4.binning_data.json,10011,63060051,2025-12-07 04:07:23.126,2025-12-07 04:07:23.126,9.0,0.0,1.0,,UTC-0300,tWUO8ZL77Z,,com.sec.android.app.shealth,2025-12-07 02:59:59.999,85a29efe-a3ea-4a47-909d-97338d7562f4,
63060051,2025-12-07 03:00:00.000,,81913d46-4320-4ca7-860d-b76304c20dbd.binning_data.json,10011,63060051,2025-12-07 04:17:23.073,2025-12-07 04:07:23.186,0.0,0.0,0.0,,UTC-0300,tWUO8ZL77Z,,com.sec.android.app.shealth,2025-12-07 03:59:59.999,81913d46-4320-4ca7-860d-b76304c20dbd,
63060051,2025-12-07 04:00:00.000,,62e476ae-fd80-44af-aa16-d0cb1d1b06ad.binning_data.json,10011,63060051,2025-12-07 05:20:18.662,2025-12-07 05:20:18.662,0.0,0.0,0.0,,UTC-0300,tWUO8ZL77Z,,com.sec.android.app.shealth,2025-12-07 04:59:59.999,62e476ae-fd80-44af-aa16-d0cb1d1b06ad,
63060051,2025-12-07 05:00:00.000,,f3b58cb7-5961-455a-9268-d0f31f0c71e7.binning_data.json,10011,63060051,2025-12-07 10:40:18.283,2025-12-07 10:40:18.283,1.0,0.0,0.0,,UTC-0300,tWUO8ZL77Z,,com.sec.android.app.shealth,2025-12-07 05:59:59.999,f3b58cb7-5961-455a-9268-d0f31f0c71e7,
63060051,2025-12-07 06:00:00.000,,74a02ef1-a0fe-4f18-abb3-f153529690c1.binning_data.json,10011,63060051,2025-12-07 10:40:42.541,2025-12-07 10:40:42.541,0.0,0.0,0.0,,UTC-0300,tWUO8ZL77Z,,com.sec.android.app.shealth,2025-12-07 06:59:59.999,74a02ef1-a0fe-4f18-abb3-f153529690c1,
63060051,2025-12-07 10:00:00.000,,9f310e93-fc92-4a6f-8475-6f59152f329f.binning_data.json,10011,63060051,2025-12-07 11:01:45.924,2025-12-07 10:40:42.608,25.0,0.0,12.0,,UTC-0300,tWUO8ZL77Z,,com.sec.android.app.shealth,2025-12-07 10:59:59.999,9f310e93-fc92-4a6f-8475-6f59152f329f,
63060051,2025-12-07 11:00:00.000,,e082b41d-e7f6-4851-a76b-dacbcda04b69.binning_data.json,10011,63060051,2025-12-07 12:02:11.720,2025-12-07 11:01:46.336,100.0,5.0,52.0,,UTC-0300,tWUO8ZL77Z,,com.sec.android.app.shealth,2025-12-07 11:59:59.999,e082b41d-e7f6-4851-a76b-dacbcda04b69,
63060051,2025-12-07 12:00:00.000,,1e77ae72-e89c-4bcf-add8-33eceb8cb7c8.binning_data.json,10011,63060051,2025-12-07 13:12:14.851,2025-12-07 13:12:14.851,96.0,2.0,36.0,,UTC-0300,tWUO8ZL77Z,,com.sec.android.app.shealth,2025-12-07 12:59:59.999,1e77ae72-e89c-4bcf-add8-33eceb8cb7c8,
63060051,2025-12-07 13:00:00.000,,df9ddb6e-2678-4548-b5ca-b59a92048c6a.binning_data.json,10011,63060051,2025-12-07 14:13:21.754,2025-12-07 14:13:21.754,93.0,12.0,53.0,,UTC-0300,tWUO8ZL77Z,,com.sec.android.app.shealth,2025-12-07 13:59:59.999,df9ddb6e-2678-4548-b5ca-b59a92048c6a,
63060051,2025-12-07 14:00:00.000,,8062eed5-780d-4e56-ae86-f19354eaaf78.binning_data.json,10011,63060051,2025-12-07 15:18:53.387,2025-12-07 14:49:28.349,78.0,12.0,40.0,,UTC-0300,tWUO8ZL77Z,,com.sec.android.app.shealth,2025-12-07 14:59:59.999,8062eed5-780d-4e56-ae86-f19354eaaf78,
63060051,2025-12-07 15:00:00.000,,bc0e577d-5adc-4bf9-9f55-a7319a59bd85.binning_data.json,10011,63060051,2025-12-07 16:03:28.684,2025-12-07 16:03:28.684,91.0,1.0,44.0,,UTC-0300,tWUO8ZL77Z,,com.sec.android.app.shealth,2025-12-07 15:59:59.999,bc0e577d-5adc-4bf9-9f55-a7319a59bd85,
63060051,2025-12-07 16:00:00.000,,f50582de-a8f7-4bed-8dda-86e1d21e3cea.binning_data.json,10011,63060051,2025-12-07 17:03:00.357,2025-12-07 17:03:00.357,96.0,12.0,56.0,,UTC-0300,tWUO8ZL77Z,,com.sec.android.app.shealth,2025-12-07 16:59:59.999,f50582de-a8f7-4bed-8dda-86e1d21e3cea,
63060051,2025-12-07 17:00:00.000,,fe0e3193-a60d-40fb-a00e-639bf3ef6ec8.binning_data.json,10011,63060051,2025-12-07 18:20:22.511,2025-12-07 18:20:22.511,90.0,0.0,42.0,,UTC-0300,tWUO8ZL77Z,,com.sec.android.app.shealth,2025-12-07 17:59:59.999,fe0e3193-a60d-40fb-a00e-639bf3ef6ec8,
63060051,2025-12-07 18:00:00.000,,a0496be1-30dd-4ef2-bcc4-7a92fb5f94e4.binning_data.json,10011,63060051,2025-12-07 19:05:16.784,2025-12-07 19:05:16.784,98.0,27.0,72.0,,UTC-0300,tWUO8ZL77Z,,com.sec.android.app.shealth,2025-12-07 18:59:59.999,a0496be1-30dd-4ef2-bcc4-7a92fb5f94e4,
63060051,2025-12-07 19:00:00.000,,4ff6d57b-3217-43fb-91e0-426e63d08c8c.binning_data.json,10011,63060051,2025-12-07 20:07:29.725,2025-12-07 20:07:29.725,99.0,8.0,70.0,,UTC-0300,tWUO8ZL77Z,,com.sec.android.app.shealth,2025-12-07 19:59:59.999,4ff6d57b-3217-43fb-91e0-426e63d08c8c,
63060051,2025-12-07 20:00:00.000,,91f672fd-2a1c-4ebc-8c4f-fce383a86d99.binning_data.json,10011,63060051,2025-12-07 21:26:00.867,2025-12-07 21:26:00.867,93.0,31.0,60.0,,UTC-0300,tWUO8ZL77Z,,com.sec.android.app.shealth,2025-12-07 20:59:59.999,91f672fd-2a1c-4ebc-8c4f-fce383a86d99,
63060051,2025-12-07 22:00:00.000,,0f5f3d3b-15b3-4176-ab7e-cad858b6fc69.binning_data.json,10011,63060051,2025-12-07 23:10:38.520,2025-12-07 23:10:38.520,98.0,15.0,49.0,,UTC-0300,tWUO8ZL77Z,,com.sec.android.app.shealth,2025-12-07 22:59:59.999,0f5f3d3b-15b3-4176-ab7e-cad858b6fc69,
63060051,2025-12-07 23:00:00.000,,eaf769b7-4483-46cf-8ae9-1ae010bd68fd.binning_data.json,10011,63060051,2025-12-08 00:19:17.365,2025-12-08 00:19:17.365,90.0,21.0,64.0,,UTC-0300,tWUO8ZL77Z,,com.sec.android.app.shealth,2025-12-07 23:59:59.999,eaf769b7-4483-46cf-8ae9-1ae010bd68fd,
63060051,2025-12-07 21:00:00.000,,8b04da07-8fc9-4faf-ae3d-1f4c6168f6f7.binning_data.json,10011,63060051,2025-12-07 22:37:08.465,2025-12-07 22:37:08.465,93.0,57.0,78.0,,UTC-0300,tWUO8ZL77Z,,com.sec.android.app.shealth,2025-12-07 21:59:59.999,8b04da07-8fc9-4faf-ae3d-1f4c6168f6f7,
63060051,2025-12-08 00:00:00.000,,76a5b859-caed-41f5-99d3-134963619f94.binning_data.json,10011,63060051,2025-12-08 02:17:34.252,2025-12-08 01:41:17.026,97.0,13.0,51.0,,UTC-0300,tWUO8ZL77Z,,com.sec.android.app.shealth,2025-12-08 00:59:59.999,76a5b859-caed-41f5-99d3-134963619f94,
63060051,2025-12-08 02:00:00.000,,ef57e095-bbb6-490f-bb65-750005f045c1.binning_data.json,10011,63060051,2025-12-08 03:24:20.740,2025-12-08 03:24:20.740,89.0,0.0,9.0,,UTC-0300,tWUO8ZL77Z,,com.sec.android.app.shealth,2025-12-08 02:59:59.999,ef57e095-bbb6-490f-bb65-750005f045c1,
63060051,2025-12-08 03:00:00.000,,1fa111db-2402-4717-8c84-8c8eb5768322.binning_data.json,10011,63060051,2025-12-08 04:20:29.774,2025-12-08 04:20:29.774,5.0,0.0,0.0,,UTC-0300,tWUO8ZL77Z,,com.sec.android.app.shealth,2025-12-08 03:59:59.999,1fa111db-2402-4717-8c84-8c8eb5768322,
63060051,2025-12-08 04:00:00.000,,d98d28af-1920-4791-9a0b-0dbf90de1f08.binning_data.json,10011,63060051,2025-12-08 11:05:30.990,2025-12-08 11:05:30.990,0.0,0.0,0.0,,UTC-0300,tWUO8ZL77Z,,com.sec.android.app.shealth,2025-12-08 04:59:59.999,d98d28af-1920-4791-9a0b-0dbf90de1f08,
63060051,2025-12-08 05:00:00.000,,9775df69-2942-401e-82d8-10be468af49a.binning_data.json,10011,63060051,2025-12-08 11:10:49.399,2025-12-08 11:05:31.146,0.0,0.0,0.0,,UTC-0300,tWUO8ZL77Z,,com.sec.android.app.shealth,2025-12-08 05:59:59.999,9775df69-2942-401e-82d8-10be468af49a,
63060051,2025-12-08 11:00:00.000,,0f61b06f-52ee-4c72-8dab-f0f4e17a7961.binning_data.json,10011,63060051,2025-12-08 12:05:34.047,2025-12-08 11:58:47.031,83.0,0.0,14.0,,UTC-0300,tWUO8ZL77Z,,com.sec.android.app.shealth,2025-12-08 11:59:59.999,0f61b06f-52ee-4c72-8dab-f0f4e17a7961,
63060051,2025-12-08 12:00:00.000,,38ebddbd-f8f9-4e90-af0a-d726f637f047.binning_data.json,10011,63060051,2025-12-08 13:08:48.260,2025-12-08 13:08:48.260,42.0,0.0,9.0,,UTC-0300,tWUO8ZL77Z,,com.sec.android.app.shealth,2025-12-08 12:59:59.999,38ebddbd-f8f9-4e90-af0a-d726f637f047,
63060051,2025-12-08 13:00:00.000,,38c78ea6-5097-48d6-8473-9801f7b77571.binning_data.json,10011,63060051,2025-12-08 14:10:29.393,2025-12-08 14:10:29.393,89.0,0.0,31.0,,UTC-0300,tWUO8ZL77Z,,com.sec.android.app.shealth,2025-12-08 13:59:59.999,38c78ea6-5097-48d6-8473-9801f7b77571,
63060051,2025-12-08 14:00:00.000,,ead81072-8658-4892-b44f-7b535e9493be.binning_data.json,10011,63060051,2025-12-08 15:10:18.987,2025-12-08 15:10:18.987,100.0,2.0,51.0,,UTC-0300,tWUO8ZL77Z,,com.sec.android.app.shealth,2025-12-08 14:59:59.999,ead81072-8658-4892-b44f-7b535e9493be,
63060051,2025-12-08 15:00:00.000,,dc357300-27e5-4427-a07e-91b83cb3eb75.binning_data.json,10011,63060051,2025-12-08 16:11:28.029,2025-12-08 16:11:28.029,99.0,1.0,35.0,,UTC-0300,tWUO8ZL77Z,,com.sec.android.app.shealth,2025-12-08 15:59:59.999,dc357300-27e5-4427-a07e-91b83cb3eb75,
63060051,2025-12-08 16:00:00.000,,90c5b1db-9555-432b-8a6b-d0466c7ab49d.binning_data.json,10011,63060051,2025-12-08 17:02:16.619,2025-12-08 16:17:52.621,65.0,0.0,35.0,,UTC-0300,tWUO8ZL77Z,,com.sec.android.app.shealth,2025-12-08 16:59:59.999,90c5b1db-9555-432b-8a6b-d0466c7ab49d,
63060051,2025-12-08 17:00:00.000,,293c92e0-56d7-4133-b120-c81909d2a61e.binning_data.json,10011,63060051,2025-12-08 18:07:39.012,2025-12-08 18:07:39.012,98.0,5.0,44.0,,UTC-0300,tWUO8ZL77Z,,com.sec.android.app.shealth,2025-12-08 17:59:59.999,293c92e0-56d7-4133-b120-c81909d2a61e,
63060051,2025-12-08 19:00:00.000,,f6d9526c-4531-4a6e-81d7-4189c2e10a5d.binning_data.json,10011,63060051,2025-12-08 20:09:41.270,2025-12-08 20:09:41.270,100.0,2.0,46.0,,UTC-0300,tWUO8ZL77Z,,com.sec.android.app.shealth,2025-12-08 19:59:59.999,f6d9526c-4531-4a6e-81d7-4189c2e10a5d,
63060051,2025-12-08 18:00:00.000,,07cfa4f4-61ad-46f3-8b96-d0cdafd2e3bc.binning_data.json,10011,63060051,2025-12-08 19:21:02.557,2025-12-08 18:58:00.276,100.0,2.0,43.0,,UTC-0300,tWUO8ZL77Z,,com.sec.android.app.shealth,2025-12-08 18:59:59.999,07cfa4f4-61ad-46f3-8b96-d0cdafd2e3bc,
63060051,2025-12-08 20:00:00.000,,78449b76-52b5-4b12-8a4b-e1ea605f26cb.binning_data.json,10011,63060051,2025-12-08 21:10:46.717,2025-12-08 21:10:46.717,90.0,1.0,50.0,,UTC-0300,tWUO8ZL77Z,,com.sec.android.app.shealth,2025-12-08 20:59:59.999,78449b76-52b5-4b12-8a4b-e1ea605f26cb,
63060051,2025-12-08 21:00:00.000,,74aade60-2c9b-413d-98e0-30c9a4c463f4.binning_data.json,10011,63060051,2025-12-08 22:12:40.366,2025-12-08 22:12:40.366,94.0,5.0,42.0,,UTC-0300,tWUO8ZL77Z,,com.sec.android.app.shealth,2025-12-08 21:59:59.999,74aade60-2c9b-413d-98e0-30c9a4c463f4,
63060051,2025-12-08 22:00:00.000,,18bace0e-e5b8-4bcc-8838-3ebd1151f408.binning_data.json,10011,63060051,2025-12-08 23:20:52.735,2025-12-08 23:20:52.735,57.0,25.0,45.0,,UTC-0300,tWUO8ZL77Z,,com.sec.android.app.shealth,2025-12-08 22:59:59.999,18bace0e-e5b8-4bcc-8838-3ebd1151f408,
63060051,2025-12-08 23:00:00.000,,d93ab1b1-e0a8-45cb-9b97-a6a26929a0ee.binning_data.json,10011,63060051,2025-12-09 02:13:29.518,2025-12-09 02:13:29.518,88.0,15.0,56.0,,UTC-0300,tWUO8ZL77Z,,com.sec.android.app.shealth,2025-12-08 23:59:59.999,d93ab1b1-e0a8-45cb-9b97-a6a26929a0ee,
63060051,2025-12-09 04:00:00.000,,6b5138e3-7821-4f70-b20a-dcceb335e05c.binning_data.json,10011,63060051,2025-12-09 05:14:07.937,2025-12-09 05:14:07.937,1.0,0.0,0.0,,UTC-0300,tWUO8ZL77Z,,com.sec.android.app.shealth,2025-12-09 04:59:59.999,6b5138e3-7821-4f70-b20a-dcceb335e05c,
63060051,2025-12-09 05:00:00.000,,acc30a43-c30e-4e50-a464-72ad05886227.binning_data.json,10011,63060051,2025-12-09 09:08:43.887,2025-12-09 09:08:43.887,0.0,0.0,0.0,,UTC-0300,tWUO8ZL77Z,,com.sec.android.app.shealth,2025-12-09 05:59:59.999,acc30a43-c30e-4e50-a464-72ad05886227,
63060051,2025-12-09 02:00:00.000,,349c1615-caf7-426e-93e1-8e797bdcd71f.binning_data.json,10011,63060051,2025-12-09 03:17:09.708,2025-12-09 02:18:56.555,100.0,0.0,62.0,,UTC-0300,tWUO8ZL77Z,,com.sec.android.app.shealth,2025-12-09 02:59:59.999,349c1615-caf7-426e-93e1-8e797bdcd71f,
63060051,2025-12-09 03:00:00.000,,da7e4b95-3f60-4f1c-8714-180ce7b8565d.binning_data.json,10011,63060051,2025-12-09 04:04:52.831,2025-12-09 04:04:52.831,0.0,0.0,0.0,,UTC-0300,tWUO8ZL77Z,,com.sec.android.app.shealth,2025-12-09 03:59:59.999,da7e4b95-3f60-4f1c-8714-180ce7b8565d,
63060051,2025-12-09 09:00:00.000,,7ccb12f3-b632-4d5c-a052-9e43295e08fc.binning_data.json,10011,63060051,2025-12-09 10:31:45.478,2025-12-09 09:08:43.977,0.0,0.0,0.0,,UTC-0300,tWUO8ZL77Z,,com.sec.android.app.shealth,2025-12-09 09:59:59.999,7ccb12f3-b632-4d5c-a052-9e43295e08fc,
63060051,2025-12-09 10:00:00.000,,d3a7f5fc-6d9a-4a51-8b42-d66a637a512b.binning_data.json,10011,63060051,2025-12-09 11:16:44.447,2025-12-09 11:16:44.447,88.0,1.0,24.0,,UTC-0300,tWUO8ZL77Z,,com.sec.android.app.shealth,2025-12-09 10:59:59.999,d3a7f5fc-6d9a-4a51-8b42-d66a637a512b,
63060051,2025-12-09 11:00:00.000,,7da1b5c8-5dc9-4222-803d-03f5c2f88e8c.binning_data.json,10011,63060051,2025-12-09 12:20:29.208,2025-12-09 12:20:29.208,97.0,1.0,35.0,,UTC-0300,tWUO8ZL77Z,,com.sec.android.app.shealth,2025-12-09 11:59:59.999,7da1b5c8-5dc9-4222-803d-03f5c2f88e8c,
63060051,2025-12-09 12:00:00.000,,aef296ba-b9c1-40ca-a8f9-17d97e502b40.binning_data.json,10011,63060051,2025-12-09 13:21:34.615,2025-12-09 13:21:34.615,0.0,0.0,0.0,,UTC-0300,tWUO8ZL77Z,,com.sec.android.app.shealth,2025-12-09 12:59:59.999,aef296ba-b9c1-40ca-a8f9-17d97e502b40,
63060051,2025-12-09 13:00:00.000,,b641fff5-f725-41ef-ae8b-13c373111fbc.binning_data.json,10011,63060051,2025-12-09 14:16:07.999,2025-12-09 14:16:07.999,88.0,14.0,50.0,,UTC-0300,tWUO8ZL77Z,,com.sec.android.app.shealth,2025-12-09 13:59:59.999,b641fff5-f725-41ef-ae8b-13c373111fbc,
63060051,2025-12-09 14:00:00.000,,bff09de2-0c31-4f34-96a9-5a96ca6782b0.binning_data.json,10011,63060051,2025-12-09 15:23:12.066,2025-12-09 14:20:49.249,100.0,11.0,51.0,,UTC-0300,tWUO8ZL77Z,,com.sec.android.app.shealth,2025-12-09 14:59:59.999,bff09de2-0c31-4f34-96a9-5a96ca6782b0,
63060051,2025-12-09 15:00:00.000,,ca3e3981-a1aa-4463-8896-ddb4b6e95513.binning_data.json,10011,63060051,2025-12-09 16:14:01.929,2025-12-09 16:14:01.929,98.0,12.0,59.0,,UTC-0300,tWUO8ZL77Z,,com.sec.android.app.shealth,2025-12-09 15:59:59.999,ca3e3981-a1aa-4463-8896-ddb4b6e95513,
63060051,2025-12-09 16:00:00.000,,c0dd2d42-f3fc-4592-9b8a-2ec3789170b6.binning_data.json,10011,63060051,2025-12-09 17:12:17.824,2025-12-09 17:12:17.824,100.0,18.0,60.0,,UTC-0300,tWUO8ZL77Z,,com.sec.android.app.shealth,2025-12-09 16:59:59.999,c0dd2d42-f3fc-4592-9b8a-2ec3789170b6,
63060051,2025-12-09 17:00:00.000,,ddadfd36-8a3a-4b13-a896-7c5717bb9aac.binning_data.json,10011,63060051,2025-12-09 18:13:02.283,2025-12-09 18:13:02.283,98.0,8.0,64.0,,UTC-0300,tWUO8ZL77Z,,com.sec.android.app.shealth,2025-12-09 17:59:59.999,ddadfd36-8a3a-4b13-a896-7c5717bb9aac,
63060051,2025-12-09 18:00:00.000,,c23a093b-36fe-4d82-842e-bcf3d54e5494.binning_data.json,10011,63060051,2025-12-09 19:08:49.487,2025-12-09 19:08:49.487,100.0,0.0,50.0,,UTC-0300,tWUO8ZL77Z,,com.sec.android.app.shealth,2025-12-09 18:59:59.999,c23a093b-36fe-4d82-842e-bcf3d54e5494,
63060051,2025-12-09 19:00:00.000,,d0fabfa8-b14c-4239-97aa-37551543e2e4.binning_data.json,10011,63060051,2025-12-09 20:02:13.298,2025-12-09 19:45:49.233,99.0,1.0,51.0,,UTC-0300,tWUO8ZL77Z,,com.sec.android.app.shealth,2025-12-09 19:59:59.999,d0fabfa8-b14c-4239-97aa-37551543e2e4,
63060051,2025-12-09 20:00:00.000,,ad4cad84-8d4a-45c7-a40a-3893035cdd0b.binning_data.json,10011,63060051,2025-12-09 21:01:00.375,2025-12-09 20:59:23.995,98.0,0.0,43.0,,UTC-0300,tWUO8ZL77Z,,com.sec.android.app.shealth,2025-12-09 20:59:59.999,ad4cad84-8d4a-45c7-a40a-3893035cdd0b,
63060051,2025-12-09 21:00:00.000,,d61e13ad-2585-457c-a266-b8074922803f.binning_data.json,10011,63060051,2025-12-09 22:02:54.765,2025-12-09 21:45:32.123,98.0,1.0,47.0,,UTC-0300,tWUO8ZL77Z,,com.sec.android.app.shealth,2025-12-09 21:59:59.999,d61e13ad-2585-457c-a266-b8074922803f,
63060051,2025-12-09 22:00:00.000,,7b00c178-2417-40dd-a541-27e10cd64af6.binning_data.json,10011,63060051,2025-12-10 01:02:12.810,2025-12-09 22:02:55.351,87.0,1.0,50.0,,UTC-0300,tWUO8ZL77Z,,com.sec.android.app.shealth,2025-12-09 22:59:59.999,7b00c178-2417-40dd-a541-27e10cd64af6,
63060051,2025-12-10 00:00:00.000,,818e5c33-ade2-49e0-89cc-ec13b009eb24.binning_data.json,10011,63060051,2025-12-10 01:11:28.125,2025-12-10 01:11:28.125,100.0,13.0,56.0,,UTC-0300,tWUO8ZL77Z,,com.sec.android.app.shealth,2025-12-10 00:59:59.999,818e5c33-ade2-49e0-89cc-ec13b009eb24,
63060051,2025-12-10 01:00:00.000,,f32a6ae1-e544-4746-bb8f-26b2d2866b99.binning_data.json,10011,63060051,2025-12-10 02:15:52.607,2025-12-10 02:15:52.607,43.0,0.0,5.0,,UTC-0300,tWUO8ZL77Z,,com.sec.android.app.shealth,2025-12-10 01:59:59.999,f32a6ae1-e544-4746-bb8f-26b2d2866b99,
63060051,2025-12-10 02:00:00.000,,14b9c938-f1ec-4f07-be4f-7a0a328737f0.binning_data.json,10011,63060051,2025-12-10 04:08:00.886,2025-12-10 04:07:38.803,0.0,0.0,0.0,,UTC-0300,tWUO8ZL77Z,,com.sec.android.app.shealth,2025-12-10 02:59:59.999,14b9c938-f1ec-4f07-be4f-7a0a328737f0,
63060051,2025-12-10 04:00:00.000,,baa44c9a-6540-4cb1-8b62-15e9d2077bd4.binning_data.json,10011,63060051,2025-12-10 09:04:30.404,2025-12-10 09:04:30.404,0.0,0.0,0.0,,UTC-0300,tWUO8ZL77Z,,com.sec.android.app.shealth,2025-12-10 04:59:59.999,baa44c9a-6540-4cb1-8b62-15e9d2077bd4,
63060051,2025-12-10 09:00:00.000,,714d93ca-2d34-4252-9626-e6026cc6f6f6.binning_data.json,10011,63060051,2025-12-10 10:08:08.225,2025-12-10 09:04:30.506,44.0,0.0,9.0,,UTC-0300,tWUO8ZL77Z,,com.sec.android.app.shealth,2025-12-10 09:59:59.999,714d93ca-2d34-4252-9626-e6026cc6f6f6,
63060051,2025-12-10 10:00:00.000,,c9b1e851-3387-4882-bed0-5686ea4e1972.binning_data.json,10011,63060051,2025-12-10 11:12:44.830,2025-12-10 11:12:44.830,40.0,0.0,4.0,,UTC-0300,tWUO8ZL77Z,,com.sec.android.app.shealth,2025-12-10 10:59:59.999,c9b1e851-3387-4882-bed0-5686ea4e1972,
63060051,2025-12-10 11:00:00.000,,b317fe68-6814-4b3c-8de4-2900cca2df6c.binning_data.json,10011,63060051,2025-12-10 12:09:35.160,2025-12-10 11:32:33.254,99.0,0.0,24.0,,UTC-0300,tWUO8ZL77Z,,com.sec.android.app.shealth,2025-12-10 11:59:59.999,b317fe68-6814-4b3c-8de4-2900cca2df6c,
63060051,2025-12-10 12:00:00.000,,7049b13c-fe37-49f2-96c5-5b82fa181a40.binning_data.json,10011,63060051,2025-12-10 13:05:09.380,2025-12-10 13:05:09.380,100.0,2.0,51.0,,UTC-0300,tWUO8ZL77Z,,com.sec.android.app.shealth,2025-12-10 12:59:59.999,7049b13c-fe37-49f2-96c5-5b82fa181a40,
63060051,2025-12-10 13:00:00.000,,a44f70b8-69ab-4c8d-af5c-774b8e34c1c5.binning_data.json,10011,63060051,2025-12-10 14:15:37.813,2025-12-10 14:15:37.813,74.0,0.0,36.0,,UTC-0300,tWUO8ZL77Z,,com.sec.android.app.shealth,2025-12-10 13:59:59.999,a44f70b8-69ab-4c8d-af5c-774b8e34c1c5,
63060051,2025-12-10 14:00:00.000,,362ab394-205c-4efd-a6f4-66aa5dc10ec8.binning_data.json,10011,63060051,2025-12-10 15:26:33.399,2025-12-10 15:26:33.399,89.0,9.0,52.0,,UTC-0300,tWUO8ZL77Z,,com.sec.android.app.shealth,2025-12-10 14:59:59.999,362ab394-205c-4efd-a6f4-66aa5dc10ec8,
63060051,2025-12-10 15:00:00.000,,ccf057c4-a32b-4545-82de-2a2a0ec7504a.binning_data.json,10011,63060051,2025-12-10 16:16:25.511,2025-12-10 16:16:25.511,86.0,18.0,43.0,,UTC-0300,tWUO8ZL77Z,,com.sec.android.app.shealth,2025-12-10 15:59:59.999,ccf057c4-a32b-4545-82de-2a2a0ec7504a,
63060051,2025-12-10 16:00:00.000,,aa906e76-4181-4a83-9e1e-da311b7e7df9.binning_data.json,10011,63060051,2025-12-10 17:04:12.876,2025-12-10 17:04:12.876,96.0,19.0,69.0,,UTC-0300,tWUO8ZL77Z,,com.sec.android.app.shealth,2025-12-10 16:59:59.999,aa906e76-4181-4a83-9e1e-da311b7e7df9,
63060051,2025-12-10 17:00:00.000,,df643226-b1c4-454c-b527-c626ca2a8880.binning_data.json,10011,63060051,2025-12-10 18:27:53.224,2025-12-10 17:12:14.164,97.0,9.0,55.0,,UTC-0300,tWUO8ZL77Z,,com.sec.android.app.shealth,2025-12-10 17:59:59.999,df643226-b1c4-454c-b527-c626ca2a8880,
63060051,2025-12-10 18:00:00.000,,75f1df08-6841-4f2b-b7ad-b5f019c62349.binning_data.json,10011,63060051,2025-12-10 20:10:48.028,2025-12-10 20:10:48.028,57.0,15.0,30.0,,UTC-0300,tWUO8ZL77Z,,com.sec.android.app.shealth,2025-12-10 18:59:59.999,75f1df08-6841-4f2b-b7ad-b5f019c62349,
63060051,2025-12-10 20:00:00.000,,2026ee96-9c8a-4dfe-b522-46e241e32029.binning_data.json,10011,63060051,2025-12-10 21:15:01.943,2025-12-10 21:15:01.943,71.0,2.0,29.0,,UTC-0300,tWUO8ZL77Z,,com.sec.android.app.shealth,2025-12-10 20:59:59.999,2026ee96-9c8a-4dfe-b522-46e241e32029,
63060051,2025-12-10 21:00:00.000,,12c65d8c-c32a-4fa7-9667-5a719edbf0f0.binning_data.json,10011,63060051,2025-12-10 22:03:05.263,2025-12-10 22:03:05.263,99.0,3.0,34.0,,UTC-0300,tWUO8ZL77Z,,com.sec.android.app.shealth,2025-12-10 21:59:59.999,12c65d8c-c32a-4fa7-9667-5a719edbf0f0,
63060051,2025-12-10 22:00:00.000,,1671ddd3-c47e-4806-b2fe-07512cfc52eb.binning_data.json,10011,63060051,2025-12-11 01:26:13.780,2025-12-11 01:26:13.780,100.0,6.0,49.0,,UTC-0300,tWUO8ZL77Z,,com.sec.android.app.shealth,2025-12-10 22:59:59.999,1671ddd3-c47e-4806-b2fe-07512cfc52eb,
63060051,2025-12-10 23:00:00.000,,728bbb76-0cf3-4a5e-9be3-11935a757587.binning_data.json,10011,63060051,2025-12-11 01:51:52.386,2025-12-11 01:26:14.091,91.0,91.0,91.0,,UTC-0300,tWUO8ZL77Z,,com.sec.android.app.shealth,2025-12-10 23:59:59.999,728bbb76-0cf3-4a5e-9be3-11935a757587,
63060051,2025-12-11 02:00:00.000,,eee1e673-a240-47fc-b313-508d033d6e9d.binning_data.json,10011,63060051,2025-12-11 03:24:22.096,2025-12-11 03:24:22.096,81.0,0.0,10.0,,UTC-0300,tWUO8ZL77Z,,com.sec.android.app.shealth,2025-12-11 02:59:59.999,eee1e673-a240-47fc-b313-508d033d6e9d,
63060051,2025-12-11 03:00:00.000,,aaca61d7-e733-435d-9e41-d378d8e6658c.binning_data.json,10011,63060051,2025-12-11 10:42:55.330,2025-12-11 10:42:55.330,1.0,0.0,0.0,,UTC-0300,tWUO8ZL77Z,,com.sec.android.app.shealth,2025-12-11 03:59:59.999,aaca61d7-e733-435d-9e41-d378d8e6658c,
63060051,2025-12-11 01:00:00.000,,bdd17f2a-9a78-439c-8df9-b42ba8c00947.binning_data.json,10011,63060051,2025-12-11 02:20:03.100,2025-12-11 02:20:03.100,99.0,1.0,58.0,,UTC-0300,tWUO8ZL77Z,,com.sec.android.app.shealth,2025-12-11 01:59:59.999,bdd17f2a-9a78-439c-8df9-b42ba8c00947,
63060051,2025-12-11 10:00:00.000,,a1eff022-2c83-435b-8015-a54fb084f82b.binning_data.json,10011,63060051,2025-12-11 11:04:28.941,2025-12-11 10:42:56.192,97.0,3.0,65.0,,UTC-0300,tWUO8ZL77Z,,com.sec.android.app.shealth,2025-12-11 10:59:59.999,a1eff022-2c83-435b-8015-a54fb084f82b,
63060051,2025-12-11 11:00:00.000,,5cb1fe5b-68e8-4e34-aa3c-42c6184fd789.binning_data.json,10011,63060051,2025-12-11 12:17:29.077,2025-12-11 12:17:29.077,92.0,2.0,35.0,,UTC-0300,tWUO8ZL77Z,,com.sec.android.app.shealth,2025-12-11 11:59:59.999,5cb1fe5b-68e8-4e34-aa3c-42c6184fd789,
63060051,2025-12-11 12:00:00.000,,d5d7888d-c404-4132-b27a-69d9eba5e0b7.binning_data.json,10011,63060051,2025-12-11 13:31:27.071,2025-12-11 13:31:27.071,100.0,0.0,65.0,,UTC-0300,tWUO8ZL77Z,,com.sec.android.app.shealth,2025-12-11 12:59:59.999,d5d7888d-c404-4132-b27a-69d9eba5e0b7,
63060051,2025-12-11 13:00:00.000,,23a581fa-a6e5-452f-91b3-8d9a396d5b56.binning_data.json,10011,63060051,2025-12-11 14:09:20.695,2025-12-11 14:09:20.695,98.0,11.0,55.0,,UTC-0300,tWUO8ZL77Z,,com.sec.android.app.shealth,2025-12-11 13:59:59.999,23a581fa-a6e5-452f-91b3-8d9a396d5b56,
63060051,2025-12-11 15:00:00.000,,93fe1e50-637c-4432-a5e3-d601991f97ad.binning_data.json,10011,63060051,2025-12-11 16:17:45.656,2025-12-11 16:17:45.656,100.0,9.0,64.0,,UTC-0300,tWUO8ZL77Z,,com.sec.android.app.shealth,2025-12-11 15:59:59.999,93fe1e50-637c-4432-a5e3-d601991f97ad,
63060051,2025-12-11 16:00:00.000,,c2499738-4cf2-4485-9662-a6cb7975b4e8.binning_data.json,10011,63060051,2025-12-11 17:18:31.286,2025-12-11 17:18:31.286,79.0,20.0,56.0,,UTC-0300,tWUO8ZL77Z,,com.sec.android.app.shealth,2025-12-11 16:59:59.999,c2499738-4cf2-4485-9662-a6cb7975b4e8,
63060051,2025-12-11 14:00:00.000,,20461b5f-0bc9-4ddf-bf2c-15fb791a705f.binning_data.json,10011,63060051,2025-12-11 15:06:27.236,2025-12-11 15:06:27.236,100.0,24.0,73.0,,UTC-0300,tWUO8ZL77Z,,com.sec.android.app.shealth,2025-12-11 14:59:59.999,20461b5f-0bc9-4ddf-bf2c-15fb791a705f,
63060051,2025-12-11 17:00:00.000,,d8468d2d-7771-4d82-b094-d49345a04075.binning_data.json,10011,63060051,2025-12-11 18:10:30.308,2025-12-11 18:10:30.308,99.0,8.0,65.0,,UTC-0300,tWUO8ZL77Z,,com.sec.android.app.shealth,2025-12-11 17:59:59.999,d8468d2d-7771-4d82-b094-d49345a04075,
63060051,2025-12-11 18:00:00.000,,6f9d72b8-7161-4ed6-9163-fd69308504d4.binning_data.json,10011,63060051,2025-12-11 19:13:36.311,2025-12-11 19:13:36.311,94.0,6.0,40.0,,UTC-0300,tWUO8ZL77Z,,com.sec.android.app.shealth,2025-12-11 18:59:59.999,6f9d72b8-7161-4ed6-9163-fd69308504d4,
63060051,2025-12-11 21:00:00.000,,a56cdb63-ade4-41bd-ae86-55b02c4cbb41.binning_data.json,10011,63060051,2025-12-11 22:10:02.582,2025-12-11 22:10:02.582,100.0,5.0,47.0,,UTC-0300,tWUO8ZL77Z,,com.sec.android.app.shealth,2025-12-11 21:59:59.999,a56cdb63-ade4-41bd-ae86-55b02c4cbb41,
63060051,2025-12-11 19:00:00.000,,972e261a-892b-4721-8a76-1509650906df.binning_data.json,10011,63060051,2025-12-11 20:48:15.784,2025-12-11 20:48:15.784,100.0,0.0,69.0,,UTC-0300,tWUO8ZL77Z,,com.sec.android.app.shealth,2025-12-11 19:59:59.999,972e261a-892b-4721-8a76-1509650906df,
63060051,2025-12-11 20:00:00.000,,ce2e16b6-89cf-4433-8015-4bc3d36a22aa.binning_data.json,10011,63060051,2025-12-11 21:04:46.407,2025-12-11 21:04:46.407,40.0,6.0,22.0,,UTC-0300,tWUO8ZL77Z,,com.sec.android.app.shealth,2025-12-11 20:59:59.999,ce2e16b6-89cf-4433-8015-4bc3d36a22aa,
63060051,2025-12-11 22:00:00.000,,a8322022-83e9-4737-a7ce-0203c95f9214.binning_data.json,10011,63060051,2025-12-11 23:00:55.192,2025-12-11 23:00:55.192,98.0,15.0,59.0,,UTC-0300,tWUO8ZL77Z,,com.sec.android.app.shealth,2025-12-11 22:59:59.999,a8322022-83e9-4737-a7ce-0203c95f9214,
63060051,2025-12-11 23:00:00.000,,9d6d05c3-3a58-414a-9058-535f0cb92864.binning_data.json,10011,63060051,2025-12-12 02:37:14.045,2025-12-11 23:00:55.287,100.0,10.0,73.0,,UTC-0300,tWUO8ZL77Z,,com.sec.android.app.shealth,2025-12-11 23:59:59.999,9d6d05c3-3a58-414a-9058-535f0cb92864,
63060051,2025-12-12 02:00:00.000,,26ac4186-8519-4324-b845-154876fcd7e0.binning_data.json,10011,63060051,2025-12-12 03:10:01.633,2025-12-12 03:10:01.633,99.0,5.0,46.0,,UTC-0300,tWUO8ZL77Z,,com.sec.android.app.shealth,2025-12-12 02:59:59.999,26ac4186-8519-4324-b845-154876fcd7e0,
63060051,2025-12-12 03:00:00.000,,8d4a29f9-7962-45fe-b79e-694c12fe43fd.binning_data.json,10011,63060051,2025-12-12 04:27:00.249,2025-12-12 04:17:00.397,47.0,3.0,23.0,,UTC-0300,tWUO8ZL77Z,,com.sec.android.app.shealth,2025-12-12 03:59:59.999,8d4a29f9-7962-45fe-b79e-694c12fe43fd,
63060051,2025-12-12 04:00:00.000,,02438415-fd81-46bc-b35b-e0786e3457e1.binning_data.json,10011,63060051,2025-12-12 10:31:59.443,2025-12-12 10:10:38.774,0.0,0.0,0.0,,UTC-0300,tWUO8ZL77Z,,com.sec.android.app.shealth,2025-12-12 04:59:59.999,02438415-fd81-46bc-b35b-e0786e3457e1,
63060051,2025-12-12 10:00:00.000,,7550616d-8102-4b01-96b2-14bf479d935f.binning_data.json,10011,63060051,2025-12-12 11:09:05.792,2025-12-12 10:32:23.369,100.0,0.0,52.0,,UTC-0300,tWUO8ZL77Z,,com.sec.android.app.shealth,2025-12-12 10:59:59.999,7550616d-8102-4b01-96b2-14bf479d935f,
63060051,2025-12-12 11:00:00.000,,f6cb1184-b6ff-4428-9cd6-7092f648ec68.binning_data.json,10011,63060051,2025-12-12 12:18:30.316,2025-12-12 12:18:30.316,98.0,2.0,54.0,,UTC-0300,tWUO8ZL77Z,,com.sec.android.app.shealth,2025-12-12 11:59:59.999,f6cb1184-b6ff-4428-9cd6-7092f648ec68,
63060051,2025-12-12 12:00:00.000,,eb160442-78cf-4e8a-97c8-909226743ced.binning_data.json,10011,63060051,2025-12-12 14:18:19.437,2025-12-12 14:18:19.437,59.0,11.0,32.0,,UTC-0300,tWUO8ZL77Z,,com.sec.android.app.shealth,2025-12-12 12:59:59.999,eb160442-78cf-4e8a-97c8-909226743ced,
63060051,2025-12-12 13:00:00.000,,f6c11ee0-9d7a-492c-ac09-009c6661c0cf.binning_data.json,10011,63060051,2025-12-12 14:19:00.567,2025-12-12 14:19:00.567,15.0,15.0,15.0,,UTC-0300,tWUO8ZL77Z,,com.sec.android.app.shealth,2025-12-12 13:59:59.999,f6c11ee0-9d7a-492c-ac09-009c6661c0cf,
63060051,2025-12-12 14:00:00.000,,9147e64b-b063-485d-932e-482a1e8856ed.binning_data.json,10011,63060051,2025-12-12 15:53:16.012,2025-12-12 15:53:16.012,100.0,27.0,66.0,,UTC-0300,tWUO8ZL77Z,,com.sec.android.app.shealth,2025-12-12 14:59:59.999,9147e64b-b063-485d-932e-482a1e8856ed,
63060051,2025-12-12 15:00:00.000,,e75be5df-4a10-459e-90d5-34d8755a1cf6.binning_data.json,10011,63060051,2025-12-12 16:10:34.643,2025-12-12 16:10:34.643,39.0,6.0,25.0,,UTC-0300,tWUO8ZL77Z,,com.sec.android.app.shealth,2025-12-12 15:59:59.999,e75be5df-4a10-459e-90d5-34d8755a1cf6,
63060051,2025-12-12 16:00:00.000,,fcf8ffb2-34da-4f96-9e07-910ec86156ef.binning_data.json,10011,63060051,2025-12-12 17:04:42.266,2025-12-12 17:04:42.266,100.0,26.0,59.0,,UTC-0300,tWUO8ZL77Z,,com.sec.android.app.shealth,2025-12-12 16:59:59.999,fcf8ffb2-34da-4f96-9e07-910ec86156ef,
63060051,2025-12-12 17:00:00.000,,3648c32b-cdce-471c-8ad1-a39c4f945030.binning_data.json,10011,63060051,2025-12-12 18:02:34.920,2025-12-12 18:02:34.920,100.0,5.0,60.0,,UTC-0300,tWUO8ZL77Z,,com.sec.android.app.shealth,2025-12-12 17:59:59.999,3648c32b-cdce-471c-8ad1-a39c4f945030,
63060051,2025-12-12 18:00:00.000,,11dd210f-7dee-4e19-8d21-c93d223c94de.binning_data.json,10011,63060051,2025-12-12 22:03:32.419,2025-12-12 22:03:32.419,100.0,63.0,90.0,,UTC-0300,tWUO8ZL77Z,,com.sec.android.app.shealth,2025-12-12 18:59:59.999,11dd210f-7dee-4e19-8d21-c93d223c94de,
63060051,2025-12-12 21:00:00.000,,1e368a23-a1bb-4a15-82b6-75e40f3c23f7.binning_data.json,10011,63060051,2025-12-12 22:16:13.595,2025-12-12 22:16:13.595,100.0,17.0,58.0,,UTC-0300,tWUO8ZL77Z,,com.sec.android.app.shealth,2025-12-12 21:59:59.999,1e368a23-a1bb-4a15-82b6-75e40f3c23f7,
63060051,2025-12-12 22:00:00.000,,630c954b-3acd-4f13-8fa7-d425f103b8b2.binning_data.json,10011,63060051,2025-12-12 23:01:13.393,2025-12-12 22:57:53.457,85.0,10.0,42.0,,UTC-0300,tWUO8ZL77Z,,com.sec.android.app.shealth,2025-12-12 22:59:59.999,630c954b-3acd-4f13-8fa7-d425f103b8b2,
63060051,2025-12-12 23:00:00.000,,f1438491-f698-4e10-8b13-eb534832b5f1.binning_data.json,10011,63060051,2025-12-13 00:44:29.410,2025-12-13 00:44:29.410,64.0,11.0,37.0,,UTC-0300,tWUO8ZL77Z,,com.sec.android.app.shealth,2025-12-12 23:59:59.999,f1438491-f698-4e10-8b13-eb534832b5f1,
63060051,2025-12-13 00:00:00.000,,a2bef792-1804-4a46-94da-e1f5f133036f.binning_data.json,10011,63060051,2025-12-13 01:16:06.547,2025-12-13 01:16:06.547,65.0,35.0,45.0,,UTC-0300,tWUO8ZL77Z,,com.sec.android.app.shealth,2025-12-13 00:59:59.999,a2bef792-1804-4a46-94da-e1f5f133036f,
63060051,2025-12-13 01:00:00.000,,9ebf49d5-1b77-4506-80c8-2ca89823d480.binning_data.json,10011,63060051,2025-12-13 02:23:49.431,2025-12-13 02:23:49.431,98.0,42.0,73.0,,UTC-0300,tWUO8ZL77Z,,com.sec.android.app.shealth,2025-12-13 01:59:59.999,9ebf49d5-1b77-4506-80c8-2ca89823d480,
63060051,2025-12-13 02:00:00.000,,ea85ecf2-1f5d-494d-8684-b745d9538a40.binning_data.json,10011,63060051,2025-12-13 03:24:28.365,2025-12-13 03:24:28.365,100.0,0.0,22.0,,UTC-0300,tWUO8ZL77Z,,com.sec.android.app.shealth,2025-12-13 02:59:59.999,ea85ecf2-1f5d-494d-8684-b745d9538a40,
63060051,2025-12-13 03:00:00.000,,3374b2ac-046a-474b-8c18-baa1ce2a76da.binning_data.json,10011,63060051,2025-12-13 04:06:01.002,2025-12-13 04:06:01.002,10.0,0.0,3.0,,UTC-0300,tWUO8ZL77Z,,com.sec.android.app.shealth,2025-12-13 03:59:59.999,3374b2ac-046a-474b-8c18-baa1ce2a76da,
63060051,2025-12-13 04:00:00.000,,8b9f5ccd-57c9-4982-a17a-d9a56ee2b6d1.binning_data.json,10011,63060051,2025-12-13 06:39:48.356,2025-12-13 06:38:12.907,26.0,0.0,5.0,,UTC-0300,tWUO8ZL77Z,,com.sec.android.app.shealth,2025-12-13 04:59:59.999,8b9f5ccd-57c9-4982-a17a-d9a56ee2b6d1,
63060051,2025-12-13 07:00:00.000,,8f77363d-28ad-49db-b70b-cf0520c5d093.binning_data.json,10011,63060051,2025-12-13 10:30:36.927,2025-12-13 10:17:15.808,0.0,0.0,0.0,,UTC-0300,tWUO8ZL77Z,,com.sec.android.app.shealth,2025-12-13 07:59:59.999,8f77363d-28ad-49db-b70b-cf0520c5d093,
63060051,2025-12-13 06:00:00.000,,16eedfc5-384b-4aa8-83b4-b4cad4f75ac0.binning_data.json,10011,63060051,2025-12-13 10:17:14.815,2025-12-13 10:17:14.815,98.0,0.0,63.0,,UTC-0300,tWUO8ZL77Z,,com.sec.android.app.shealth,2025-12-13 06:59:59.999,16eedfc5-384b-4aa8-83b4-b4cad4f75ac0,
63060051,2025-12-13 10:00:00.000,,2b6fd264-9733-4a5a-bbff-54ecb9a89522.binning_data.json,10011,63060051,2025-12-13 11:12:20.576,2025-12-13 11:12:20.576,99.0,19.0,70.0,,UTC-0300,tWUO8ZL77Z,,com.sec.android.app.shealth,2025-12-13 10:59:59.999,2b6fd264-9733-4a5a-bbff-54ecb9a89522,
63060051,2025-12-13 11:00:00.000,,744df0af-1c49-4d81-b3b7-8a52eb037ecc.binning_data.json,10011,63060051,2025-12-13 12:09:53.283,2025-12-13 12:08:45.627,98.0,0.0,46.0,,UTC-0300,tWUO8ZL77Z,,com.sec.android.app.shealth,2025-12-13 11:59:59.999,744df0af-1c49-4d81-b3b7-8a52eb037ecc,
63060051,2025-12-13 12:00:00.000,,1de34455-a5e9-44ac-8ec8-d89b410e9357.binning_data.json,10011,63060051,2025-12-13 13:17:31.075,2025-12-13 13:17:31.075,99.0,10.0,63.0,,UTC-0300,tWUO8ZL77Z,,com.sec.android.app.shealth,2025-12-13 12:59:59.999,1de34455-a5e9-44ac-8ec8-d89b410e9357,
63060051,2025-12-13 13:00:00.000,,cdc3c328-7334-4d04-946d-02aefd71b695.binning_data.json,10011,63060051,2025-12-13 14:18:35.790,2025-12-13 14:18:35.790,99.0,11.0,61.0,,UTC-0300,tWUO8ZL77Z,,com.sec.android.app.shealth,2025-12-13 13:59:59.999,cdc3c328-7334-4d04-946d-02aefd71b695,
63060051,2025-12-13 14:00:00.000,,a1292f39-2460-4db2-bd27-468073508368.binning_data.json,10011,63060051,2025-12-13 15:06:18.888,2025-12-13 15:06:18.888,95.0,32.0,58.0,,UTC-0300,tWUO8ZL77Z,,com.sec.android.app.shealth,2025-12-13 14:59:59.999,a1292f39-2460-4db2-bd27-468073508368,
63060051,2025-12-13 15:00:00.000,,abfad382-1efd-4c18-9d72-40008bf435b9.binning_data.json,10011,63060051,2025-12-13 16:06:03.353,2025-12-13 16:06:03.353,89.0,16.0,48.0,,UTC-0300,tWUO8ZL77Z,,com.sec.android.app.shealth,2025-12-13 15:59:59.999,abfad382-1efd-4c18-9d72-40008bf435b9,
63060051,2025-12-13 16:00:00.000,,47c8dde5-8f9c-43d0-9d6d-01b27f75dd47.binning_data.json,10011,63060051,2025-12-13 17:08:50.175,2025-12-13 17:08:50.175,98.0,0.0,53.0,,UTC-0300,tWUO8ZL77Z,,com.sec.android.app.shealth,2025-12-13 16:59:59.999,47c8dde5-8f9c-43d0-9d6d-01b27f75dd47,
63060051,2025-12-13 17:00:00.000,,f466d17f-17ed-4fc4-be12-cf3ec0868f97.binning_data.json,10011,63060051,2025-12-13 18:13:26.290,2025-12-13 18:13:26.290,97.0,10.0,44.0,,UTC-0300,tWUO8ZL77Z,,com.sec.android.app.shealth,2025-12-13 17:59:59.999,f466d17f-17ed-4fc4-be12-cf3ec0868f97,
63060051,2025-12-13 18:00:00.000,,8a346a24-3a26-41b5-af3c-4b83567c532a.binning_data.json,10011,63060051,2025-12-13 19:14:08.282,2025-12-13 19:14:08.282,62.0,14.0,29.0,,UTC-0300,tWUO8ZL77Z,,com.sec.android.app.shealth,2025-12-13 18:59:59.999,8a346a24-3a26-41b5-af3c-4b83567c532a,
63060051,2025-12-13 19:00:00.000,,1fcd1d0b-085e-4049-853f-b848baa56cd9.binning_data.json,10011,63060051,2025-12-13 20:08:13.381,2025-12-13 19:57:37.600,91.0,0.0,26.0,,UTC-0300,tWUO8ZL77Z,,com.sec.android.app.shealth,2025-12-13 19:59:59.999,1fcd1d0b-085e-4049-853f-b848baa56cd9,
63060051,2025-12-13 20:00:00.000,,5987dac1-a016-44ea-952e-72f06efd96c8.binning_data.json,10011,63060051,2025-12-13 21:02:03.890,2025-12-13 20:17:00.688,53.0,0.0,12.0,,UTC-0300,tWUO8ZL77Z,,com.sec.android.app.shealth,2025-12-13 20:59:59.999,5987dac1-a016-44ea-952e-72f06efd96c8,
63060051,2025-12-13 21:00:00.000,,78c81c84-a00e-4994-b1a0-66e759a52552.binning_data.json,10011,63060051,2025-12-13 22:05:39.603,2025-12-13 22:05:39.603,66.0,1.0,18.0,,UTC-0300,tWUO8ZL77Z,,com.sec.android.app.shealth,2025-12-13 21:59:59.999,78c81c84-a00e-4994-b1a0-66e759a52552,
63060051,2025-12-13 22:00:00.000,,b00b4db4-96bc-4e0b-a518-d2549c80c0e1.binning_data.json,10011,63060051,2025-12-13 23:03:58.335,2025-12-13 23:03:58.335,82.0,0.0,14.0,,UTC-0300,tWUO8ZL77Z,,com.sec.android.app.shealth,2025-12-13 22:59:59.999,b00b4db4-96bc-4e0b-a518-d2549c80c0e1,
63060051,2025-12-13 23:00:00.000,,36ae2f52-7608-430a-941f-345eef83b1d1.binning_data.json,10011,63060051,2025-12-14 00:09:57.152,2025-12-14 00:09:57.152,39.0,0.0,9.0,,UTC-0300,tWUO8ZL77Z,,com.sec.android.app.shealth,2025-12-13 23:59:59.999,36ae2f52-7608-430a-941f-345eef83b1d1,
63060051,2025-12-14 00:00:00.000,,2eae1e6c-ca7f-4e76-901a-dac0eea70643.binning_data.json,10011,63060051,2025-12-14 02:14:10.417,2025-12-14 00:10:43.454,14.0,0.0,4.0,,UTC-0300,tWUO8ZL77Z,,com.sec.android.app.shealth,2025-12-14 00:59:59.999,2eae1e6c-ca7f-4e76-901a-dac0eea70643,
63060051,2025-12-14 02:00:00.000,,bfe47eff-9a0b-4f87-a85a-b38238c3165f.binning_data.json,10011,63060051,2025-12-14 05:00:33.428,2025-12-14 05:00:33.428,37.0,0.0,7.0,,UTC-0300,tWUO8ZL77Z,,com.sec.android.app.shealth,2025-12-14 02:59:59.999,bfe47eff-9a0b-4f87-a85a-b38238c3165f,
63060051,2025-12-14 03:00:00.000,,5a9fa74a-5e52-4793-8e5e-98dea8a47653.binning_data.json,10011,63060051,2025-12-14 05:02:13.506,2025-12-14 05:00:33.946,0.0,0.0,0.0,,UTC-0300,tWUO8ZL77Z,,com.sec.android.app.shealth,2025-12-14 03:59:59.999,5a9fa74a-5e52-4793-8e5e-98dea8a47653,
63060051,2025-12-14 01:00:00.000,,b2606c92-1cfe-44f1-9b79-4bdc0e86a0cb.binning_data.json,10011,63060051,2025-12-14 02:17:08.629,2025-12-14 02:17:08.629,12.0,12.0,12.0,,UTC-0300,tWUO8ZL77Z,,com.sec.android.app.shealth,2025-12-14 01:59:59.999,b2606c92-1cfe-44f1-9b79-4bdc0e86a0cb,
63060051,2025-12-14 05:00:00.000,,e3eb2415-689b-4c29-8454-138fc4d45445.binning_data.json,10011,63060051,2025-12-14 06:20:09.694,2025-12-14 06:20:09.694,0.0,0.0,0.0,,UTC-0300,tWUO8ZL77Z,,com.sec.android.app.shealth,2025-12-14 05:59:59.999,e3eb2415-689b-4c29-8454-138fc4d45445,
63060051,2025-12-14 06:00:00.000,,98f9cd0e-3444-41aa-9d2a-08b96192bc6b.binning_data.json,10011,63060051,2025-12-14 10:07:00.199,2025-12-14 09:54:25.749,0.0,0.0,0.0,,UTC-0300,tWUO8ZL77Z,,com.sec.android.app.shealth,2025-12-14 06:59:59.999,98f9cd0e-3444-41aa-9d2a-08b96192bc6b,
63060051,2025-12-14 10:00:00.000,,effcc70f-2dfb-4fc7-a249-1124af8a18bb.binning_data.json,10011,63060051,2025-12-14 11:07:53.375,2025-12-14 11:07:53.375,0.0,0.0,0.0,,UTC-0300,tWUO8ZL77Z,,com.sec.android.app.shealth,2025-12-14 10:59:59.999,effcc70f-2dfb-4fc7-a249-1124af8a18bb,
63060051,2025-12-14 11:00:00.000,,4a59b6b7-6a6c-4fdb-9276-b65cc0b6f91d.binning_data.json,10011,63060051,2025-12-14 12:05:05.696,2025-12-14 11:10:33.905,10.0,0.0,2.0,,UTC-0300,tWUO8ZL77Z,,com.sec.android.app.shealth,2025-12-14 11:59:59.999,4a59b6b7-6a6c-4fdb-9276-b65cc0b6f91d,
63060051,2025-12-14 12:00:00.000,,0c5cce3c-500d-4904-a3c5-3d34819f1c59.binning_data.json,10011,63060051,2025-12-14 13:27:38.056,2025-12-14 13:27:38.056,7.0,0.0,1.0,,UTC-0300,tWUO8ZL77Z,,com.sec.android.app.shealth,2025-12-14 12:59:59.999,0c5cce3c-500d-4904-a3c5-3d34819f1c59,
63060051,2025-12-14 13:00:00.000,,f4c5158f-151b-4a44-a8b9-8bb4022c7547.binning_data.json,10011,63060051,2025-12-14 14:07:44.127,2025-12-14 14:07:44.127,0.0,0.0,0.0,,UTC-0300,tWUO8ZL77Z,,com.sec.android.app.shealth,2025-12-14 13:59:59.999,f4c5158f-151b-4a44-a8b9-8bb4022c7547,
63060051,2025-12-14 14:00:00.000,,68f8d77d-88aa-466e-8ca6-ffd81e7f21f9.binning_data.json,10011,63060051,2025-12-14 15:13:39.326,2025-12-14 15:13:39.326,50.0,0.0,14.0,,UTC-0300,tWUO8ZL77Z,,com.sec.android.app.shealth,2025-12-14 14:59:59.999,68f8d77d-88aa-466e-8ca6-ffd81e7f21f9,
63060051,2025-12-14 15:00:00.000,,47cf8d46-31db-49f5-a070-4878883fc5ab.binning_data.json,10011,63060051,2025-12-14 16:07:42.802,2025-12-14 16:07:42.802,98.0,7.0,56.0,,UTC-0300,tWUO8ZL77Z,,com.sec.android.app.shealth,2025-12-14 15:59:59.999,47cf8d46-31db-49f5-a070-4878883fc5ab,
63060051,2025-12-14 16:00:00.000,,11cc4760-9b16-4ea9-ae58-b1c39a141e07.binning_data.json,10011,63060051,2025-12-14 17:17:49.711,2025-12-14 17:17:49.711,70.0,17.0,36.0,,UTC-0300,tWUO8ZL77Z,,com.sec.android.app.shealth,2025-12-14 16:59:59.999,11cc4760-9b16-4ea9-ae58-b1c39a141e07,
63060051,2025-12-14 17:00:00.000,,7312ac96-18be-41aa-b34c-705fcb6e6973.binning_data.json,10011,63060051,2025-12-14 18:09:21.705,2025-12-14 18:09:21.705,98.0,9.0,39.0,,UTC-0300,tWUO8ZL77Z,,com.sec.android.app.shealth,2025-12-14 17:59:59.999,7312ac96-18be-41aa-b34c-705fcb6e6973,
63060051,2025-12-14 18:00:00.000,,74ca46a5-0b3d-4d05-8dc2-aff43130cdf9.binning_data.json,10011,63060051,2025-12-14 19:05:16.850,2025-12-14 19:05:16.850,97.0,21.0,61.0,,UTC-0300,tWUO8ZL77Z,,com.sec.android.app.shealth,2025-12-14 18:59:59.999,74ca46a5-0b3d-4d05-8dc2-aff43130cdf9,
63060051,2025-12-14 19:00:00.000,,fa7f480e-bbd2-4554-9cf3-1e5f7a6638d8.binning_data.json,10011,63060051,2025-12-14 20:11:00.582,2025-12-14 20:11:00.582,98.0,5.0,33.0,,UTC-0300,tWUO8ZL77Z,,com.sec.android.app.shealth,2025-12-14 19:59:59.999,fa7f480e-bbd2-4554-9cf3-1e5f7a6638d8,
63060051,2025-12-14 20:00:00.000,,7d4c98b1-d911-48d4-adb1-e8808c3732bb.binning_data.json,10011,63060051,2025-12-14 21:02:37.051,2025-12-14 21:02:37.051,89.0,1.0,31.0,,UTC-0300,tWUO8ZL77Z,,com.sec.android.app.shealth,2025-12-14 20:59:59.999,7d4c98b1-d911-48d4-adb1-e8808c3732bb,
63060051,2025-12-14 21:00:00.000,,64794e82-ffeb-4bdd-91e0-89a9d31e6728.binning_data.json,10011,63060051,2025-12-14 22:08:37.310,2025-12-14 22:08:37.310,80.0,0.0,33.0,,UTC-0300,tWUO8ZL77Z,,com.sec.android.app.shealth,2025-12-14 21:59:59.999,64794e82-ffeb-4bdd-91e0-89a9d31e6728,
63060051,2025-12-14 22:00:00.000,,908f7611-b091-419a-b12a-d8c632c994e9.binning_data.json,10011,63060051,2025-12-14 23:19:17.854,2025-12-14 22:37:08.741,83.0,29.0,53.0,,UTC-0300,tWUO8ZL77Z,,com.sec.android.app.shealth,2025-12-14 22:59:59.999,908f7611-b091-419a-b12a-d8c632c994e9,
63060051,2025-12-14 23:00:00.000,,ff546f76-6647-4716-8aa1-73416d20b851.binning_data.json,10011,63060051,2025-12-15 02:34:06.918,2025-12-15 02:34:06.918,89.0,0.0,12.0,,UTC-0300,tWUO8ZL77Z,,com.sec.android.app.shealth,2025-12-14 23:59:59.999,ff546f76-6647-4716-8aa1-73416d20b851,
63060051,2025-12-15 00:00:00.000,,0077954c-b620-47dc-a989-d59447d1d260.binning_data.json,10011,63060051,2025-12-15 02:38:21.366,2025-12-15 02:34:07.052,0.0,0.0,0.0,,UTC-0300,tWUO8ZL77Z,,com.sec.android.app.shealth,2025-12-15 00:59:59.999,0077954c-b620-47dc-a989-d59447d1d260,
63060051,2025-12-15 02:00:00.000,,f0595c6c-ea51-4b9b-9e4f-9b8c300b3426.binning_data.json,10011,63060051,2025-12-15 03:07:21.957,2025-12-15 03:07:21.957,0.0,0.0,0.0,,UTC-0300,tWUO8ZL77Z,,com.sec.android.app.shealth,2025-12-15 02:59:59.999,f0595c6c-ea51-4b9b-9e4f-9b8c300b3426,
63060051,2025-12-15 03:00:00.000,,6e080df2-ec45-471b-8e38-7ae494967c27.binning_data.json,10011,63060051,2025-12-15 10:21:25.688,2025-12-15 10:00:39.349,0.0,0.0,0.0,,UTC-0300,tWUO8ZL77Z,,com.sec.android.app.shealth,2025-12-15 03:59:59.999,6e080df2-ec45-471b-8e38-7ae494967c27,
63060051,2025-12-15 10:00:00.000,,1d847904-6bc5-4bb0-9952-93a55cfe4016.binning_data.json,10011,63060051,2025-12-15 11:12:05.549,2025-12-15 10:21:25.758,89.0,0.0,10.0,,UTC-0300,tWUO8ZL77Z,,com.sec.android.app.shealth,2025-12-15 10:59:59.999,1d847904-6bc5-4bb0-9952-93a55cfe4016,
63060051,2025-12-15 11:00:00.000,,fec769eb-7895-4b4d-82c0-28b4b5499cff.binning_data.json,10011,63060051,2025-12-15 12:04:16.608,2025-12-15 12:04:16.608,21.0,0.0,3.0,,UTC-0300,tWUO8ZL77Z,,com.sec.android.app.shealth,2025-12-15 11:59:59.999,fec769eb-7895-4b4d-82c0-28b4b5499cff,
63060051,2025-12-15 12:00:00.000,,957e6ffa-5242-4c73-a7ca-356f400aa21b.binning_data.json,10011,63060051,2025-12-15 15:47:10.222,2025-12-15 13:43:19.536,9.0,0.0,2.0,,UTC-0300,tWUO8ZL77Z,,com.sec.android.app.shealth,2025-12-15 12:59:59.999,957e6ffa-5242-4c73-a7ca-356f400aa21b,
63060051,2025-12-15 15:00:00.000,,b5df8283-f101-440b-be04-454a95ed2ca1.binning_data.json,10011,63060051,2025-12-15 16:07:09.065,2025-12-15 16:07:09.065,98.0,60.0,83.0,,UTC-0300,tWUO8ZL77Z,,com.sec.android.app.shealth,2025-12-15 15:59:59.999,b5df8283-f101-440b-be04-454a95ed2ca1,
63060051,2025-12-15 16:00:00.000,,4d271ff1-2da7-4435-a9f6-da8789ab0e2c.binning_data.json,10011,63060051,2025-12-15 17:10:21.535,2025-12-15 17:10:21.535,98.0,13.0,64.0,,UTC-0300,tWUO8ZL77Z,,com.sec.android.app.shealth,2025-12-15 16:59:59.999,4d271ff1-2da7-4435-a9f6-da8789ab0e2c,
63060051,2025-12-15 17:00:00.000,,82960033-a8a0-4cfd-acf7-bed40a6efac8.binning_data.json,10011,63060051,2025-12-15 18:14:52.137,2025-12-15 18:14:52.137,94.0,15.0,67.0,,UTC-0300,tWUO8ZL77Z,,com.sec.android.app.shealth,2025-12-15 17:59:59.999,82960033-a8a0-4cfd-acf7-bed40a6efac8,
63060051,2025-12-15 18:00:00.000,,b5512719-3714-4521-a257-4e73f4418c53.binning_data.json,10011,63060051,2025-12-15 19:06:29.179,2025-12-15 19:06:29.179,89.0,0.0,24.0,,UTC-0300,tWUO8ZL77Z,,com.sec.android.app.shealth,2025-12-15 18:59:59.999,b5512719-3714-4521-a257-4e73f4418c53,
63060051,2025-12-15 19:00:00.000,,aa7f16c6-8354-42f0-b850-889dee0e0b64.binning_data.json,10011,63060051,2025-12-15 20:06:17.409,2025-12-15 19:12:16.308,94.0,10.0,46.0,,UTC-0300,tWUO8ZL77Z,,com.sec.android.app.shealth,2025-12-15 19:59:59.999,aa7f16c6-8354-42f0-b850-889dee0e0b64,
63060051,2025-12-15 20:00:00.000,,a6c3abe7-0f4c-4cea-92f3-50ecd8f5eb51.binning_data.json,10011,63060051,2025-12-15 21:03:33.284,2025-12-15 21:03:33.284,86.0,11.0,31.0,,UTC-0300,tWUO8ZL77Z,,com.sec.android.app.shealth,2025-12-15 20:59:59.999,a6c3abe7-0f4c-4cea-92f3-50ecd8f5eb51,
63060051,2025-12-15 21:00:00.000,,6ac74220-2fe0-4427-8162-7de79d865065.binning_data.json,10011,63060051,2025-12-15 22:20:08.921,2025-12-15 21:29:00.973,95.0,7.0,44.0,,UTC-0300,tWUO8ZL77Z,,com.sec.android.app.shealth,2025-12-15 21:59:59.999,6ac74220-2fe0-4427-8162-7de79d865065,
63060051,2025-12-15 23:00:00.000,,720ce133-c9de-449a-9e51-5926c54742fd.binning_data.json,10011,63060051,2025-12-16 00:06:20.504,2025-12-15 23:13:59.119,91.0,1.0,43.0,,UTC-0300,tWUO8ZL77Z,,com.sec.android.app.shealth,2025-12-15 23:59:59.999,720ce133-c9de-449a-9e51-5926c54742fd,
63060051,2025-12-15 22:00:00.000,,c6ee2824-f8ef-4c99-abfd-706b0cbd9dc0.binning_data.json,10011,63060051,2025-12-15 23:08:17.115,2025-12-15 22:35:50.336,97.0,7.0,37.0,,UTC-0300,tWUO8ZL77Z,,com.sec.android.app.shealth,2025-12-15 22:59:59.999,c6ee2824-f8ef-4c99-abfd-706b0cbd9dc0,
63060051,2025-12-16 00:00:00.000,,09299b25-c313-4fcc-b8de-4bba14a4e1a8.binning_data.json,10011,63060051,2025-12-16 01:03:54.847,2025-12-16 00:06:20.982,98.0,1.0,61.0,,UTC-0300,tWUO8ZL77Z,,com.sec.android.app.shealth,2025-12-16 00:59:59.999,09299b25-c313-4fcc-b8de-4bba14a4e1a8,
63060051,2025-12-16 01:00:00.000,,cc51e8b7-b5ca-4cbb-bc75-19a39c7af010.binning_data.json,10011,63060051,2025-12-16 02:20:55.038,2025-12-16 02:20:55.038,100.0,0.0,49.0,,UTC-0300,tWUO8ZL77Z,,com.sec.android.app.shealth,2025-12-16 01:59:59.999,cc51e8b7-b5ca-4cbb-bc75-19a39c7af010,
63060051,2025-12-16 02:00:00.000,,63891824-a7d2-4ac3-8c94-04a5a6968cc1.binning_data.json,10011,63060051,2025-12-16 03:20:01.432,2025-12-16 03:20:01.432,0.0,0.0,0.0,,UTC-0300,tWUO8ZL77Z,,com.sec.android.app.shealth,2025-12-16 02:59:59.999,63891824-a7d2-4ac3-8c94-04a5a6968cc1,
63060051,2025-12-16 03:00:00.000,,cd4cdfa9-19aa-4d01-a703-ba198568063d.binning_data.json,10011,63060051,2025-12-16 09:51:11.050,2025-12-16 09:22:18.362,0.0,0.0,0.0,,UTC-0300,tWUO8ZL77Z,,com.sec.android.app.shealth,2025-12-16 03:59:59.999,cd4cdfa9-19aa-4d01-a703-ba198568063d,
63060051,2025-12-16 09:00:00.000,,284af317-15d5-4c23-9f6c-474447575650.binning_data.json,10011,63060051,2025-12-16 10:05:48.586,2025-12-16 10:05:48.586,0.0,0.0,0.0,,UTC-0300,tWUO8ZL77Z,,com.sec.android.app.shealth,2025-12-16 09:59:59.999,284af317-15d5-4c23-9f6c-474447575650,
63060051,2025-12-16 10:00:00.000,,d5c3d36d-12ee-4ef8-bac5-0a5098364e4f.binning_data.json,10011,63060051,2025-12-16 11:02:51.368,2025-12-16 11:02:51.368,33.0,0.0,7.0,,UTC-0300,tWUO8ZL77Z,,com.sec.android.app.shealth,2025-12-16 10:59:59.999,d5c3d36d-12ee-4ef8-bac5-0a5098364e4f,
63060051,2025-12-16 11:00:00.000,,6ccb992b-2111-4504-82a0-b72cce1bdcd1.binning_data.json,10011,63060051,2025-12-16 12:10:23.535,2025-12-16 12:10:23.535,28.0,0.0,8.0,,UTC-0300,tWUO8ZL77Z,,com.sec.android.app.shealth,2025-12-16 11:59:59.999,6ccb992b-2111-4504-82a0-b72cce1bdcd1,
63060051,2025-12-16 12:00:00.000,,2af577c9-10ce-42a2-8ddf-559520d67382.binning_data.json,10011,63060051,2025-12-16 13:08:08.509,2025-12-16 13:08:08.509,1.0,0.0,0.0,,UTC-0300,tWUO8ZL77Z,,com.sec.android.app.shealth,2025-12-16 12:59:59.999,2af577c9-10ce-42a2-8ddf-559520d67382,
63060051,2025-12-16 13:00:00.000,,e16f46bf-16dd-4bcd-ad02-ed6c9ea1f280.binning_data.json,10011,63060051,2025-12-16 14:12:00.361,2025-12-16 14:12:00.361,62.0,0.0,11.0,,UTC-0300,tWUO8ZL77Z,,com.sec.android.app.shealth,2025-12-16 13:59:59.999,e16f46bf-16dd-4bcd-ad02-ed6c9ea1f280,
63060051,2025-12-17 02:00:00.000,,8bf0ef8e-0d5c-4fbf-9d53-ee26e6df5c8d.binning_data.json,10011,63060051,2025-12-17 03:25:51.414,2025-12-17 03:25:51.414,0.0,0.0,0.0,,UTC-0300,tWUO8ZL77Z,,com.sec.android.app.shealth,2025-12-17 02:59:59.999,8bf0ef8e-0d5c-4fbf-9d53-ee26e6df5c8d,
63060051,2025-12-16 14:00:00.000,,f15cd320-724c-4713-aff7-7aebc630e66f.binning_data.json,10011,63060051,2025-12-17 01:36:37.415,2025-12-17 01:36:37.415,11.0,0.0,5.0,,UTC-0300,tWUO8ZL77Z,,com.sec.android.app.shealth,2025-12-16 14:59:59.999,f15cd320-724c-4713-aff7-7aebc630e66f,
63060051,2025-12-17 01:00:00.000,,881c51d9-a140-4f6f-899d-6fab15a58e89.binning_data.json,10011,63060051,2025-12-17 02:24:03.472,2025-12-17 02:24:03.472,25.0,0.0,7.0,,UTC-0300,tWUO8ZL77Z,,com.sec.android.app.shealth,2025-12-17 01:59:59.999,881c51d9-a140-4f6f-899d-6fab15a58e89,
63060051,2025-12-17 03:00:00.000,,b0e2f52e-7fef-4536-b295-3d5d3dd60ce3.binning_data.json,10011,63060051,2025-12-17 09:45:30.903,2025-12-17 09:45:30.903,0.0,0.0,0.0,,UTC-0300,tWUO8ZL77Z,,com.sec.android.app.shealth,2025-12-17 03:59:59.999,b0e2f52e-7fef-4536-b295-3d5d3dd60ce3,
63060051,2025-12-17 09:00:00.000,,018aea0b-599b-4e88-855f-a0ada239d69f.binning_data.json,10011,63060051,2025-12-17 10:18:00.004,2025-12-17 09:52:41.131,88.0,0.0,29.0,,UTC-0300,tWUO8ZL77Z,,com.sec.android.app.shealth,2025-12-17 09:59:59.999,018aea0b-599b-4e88-855f-a0ada239d69f,
63060051,2025-12-17 10:00:00.000,,d73daf47-6b15-4473-8bf4-533f894ce354.binning_data.json,10011,63060051,2025-12-17 11:07:37.564,2025-12-17 11:07:37.564,42.0,0.0,11.0,,UTC-0300,tWUO8ZL77Z,,com.sec.android.app.shealth,2025-12-17 10:59:59.999,d73daf47-6b15-4473-8bf4-533f894ce354,
63060051,2025-12-17 11:00:00.000,,284a865d-e20b-4928-817d-b98f3ff36ee9.binning_data.json,10011,63060051,2025-12-17 12:19:31.115,2025-12-17 12:19:31.115,77.0,0.0,38.0,,UTC-0300,tWUO8ZL77Z,,com.sec.android.app.shealth,2025-12-17 11:59:59.999,284a865d-e20b-4928-817d-b98f3ff36ee9,
63060051,2025-12-17 12:00:00.000,,6d5b6843-6f5e-4bf7-98dd-7d8e95fc8859.binning_data.json,10011,63060051,2025-12-17 13:03:04.875,2025-12-17 13:03:04.875,94.0,6.0,48.0,,UTC-0300,tWUO8ZL77Z,,com.sec.android.app.shealth,2025-12-17 12:59:59.999,6d5b6843-6f5e-4bf7-98dd-7d8e95fc8859,
63060051,2025-12-17 13:00:00.000,,2d83fa8e-2251-4223-b7ac-ec6c364b7a18.binning_data.json,10011,63060051,2025-12-17 14:01:07.666,2025-12-17 14:01:07.666,97.0,0.0,34.0,,UTC-0300,tWUO8ZL77Z,,com.sec.android.app.shealth,2025-12-17 13:59:59.999,2d83fa8e-2251-4223-b7ac-ec6c364b7a18,
63060051,2025-12-17 14:00:00.000,,0c494d50-6896-462b-8b39-5aa4aae6e61a.binning_data.json,10011,63060051,2025-12-17 15:08:42.542,2025-12-17 14:54:35.266,98.0,12.0,51.0,,UTC-0300,tWUO8ZL77Z,,com.sec.android.app.shealth,2025-12-17 14:59:59.999,0c494d50-6896-462b-8b39-5aa4aae6e61a,
63060051,2025-12-17 15:00:00.000,,1667442f-7b7d-4fce-8ebc-2ce87e9cf91b.binning_data.json,10011,63060051,2025-12-17 16:05:01.009,2025-12-17 16:05:01.009,99.0,4.0,43.0,,UTC-0300,tWUO8ZL77Z,,com.sec.android.app.shealth,2025-12-17 15:59:59.999,1667442f-7b7d-4fce-8ebc-2ce87e9cf91b,
63060051,2025-12-17 16:00:00.000,,91dea6fb-ae7d-4560-b2c4-abbe9e5ea3a7.binning_data.json,10011,63060051,2025-12-17 17:08:24.267,2025-12-17 17:08:24.267,90.0,13.0,52.0,,UTC-0300,tWUO8ZL77Z,,com.sec.android.app.shealth,2025-12-17 16:59:59.999,91dea6fb-ae7d-4560-b2c4-abbe9e5ea3a7,
63060051,2025-12-17 17:00:00.000,,6d09421c-c5e5-4318-b548-94bae5594327.binning_data.json,10011,63060051,2025-12-17 18:04:46.316,2025-12-17 18:04:46.316,96.0,1.0,40.0,,UTC-0300,tWUO8ZL77Z,,com.sec.android.app.shealth,2025-12-17 17:59:59.999,6d09421c-c5e5-4318-b548-94bae5594327,
63060051,2025-12-17 18:00:00.000,,84c4497e-f4e3-4669-9112-216e01cfa427.binning_data.json,10011,63060051,2025-12-17 19:02:28.200,2025-12-17 19:02:28.200,99.0,30.0,65.0,,UTC-0300,tWUO8ZL77Z,,com.sec.android.app.shealth,2025-12-17 18:59:59.999,84c4497e-f4e3-4669-9112-216e01cfa427,
63060051,2025-12-17 19:00:00.000,,3406e1a7-bc64-4177-b24e-fffd784e0e40.binning_data.json,10011,63060051,2025-12-17 20:03:55.565,2025-12-17 20:03:55.565,99.0,19.0,50.0,,UTC-0300,tWUO8ZL77Z,,com.sec.android.app.shealth,2025-12-17 19:59:59.999,3406e1a7-bc64-4177-b24e-fffd784e0e40,
63060051,2025-12-17 20:00:00.000,,0c30bfac-7d20-4ceb-8ac9-0cd7d31dd005.binning_data.json,10011,63060051,2025-12-17 21:07:45.413,2025-12-17 20:38:41.858,88.0,4.0,38.0,,UTC-0300,tWUO8ZL77Z,,com.sec.android.app.shealth,2025-12-17 20:59:59.999,0c30bfac-7d20-4ceb-8ac9-0cd7d31dd005,
63060051,2025-12-17 21:00:00.000,,44241758-fff4-4279-81f5-26aa065eec8d.binning_data.json,10011,63060051,2025-12-17 23:28:23.300,2025-12-17 23:28:23.300,85.0,0.0,36.0,,UTC-0300,tWUO8ZL77Z,,com.sec.android.app.shealth,2025-12-17 21:59:59.999,44241758-fff4-4279-81f5-26aa065eec8d,
63060051,2025-12-17 23:00:00.000,,423a6148-e2d5-4d48-b748-a8261f2b4577.binning_data.json,10011,63060051,2025-12-18 00:08:49.392,2025-12-17 23:32:47.197,97.0,40.0,64.0,,UTC-0300,tWUO8ZL77Z,,com.sec.android.app.shealth,2025-12-17 23:59:59.999,423a6148-e2d5-4d48-b748-a8261f2b4577,
63060051,2025-12-18 00:00:00.000,,cab1b4f0-29a3-45d8-9267-3feadd21f6fa.binning_data.json,10011,63060051,2025-12-18 01:07:50.083,2025-12-18 00:11:41.334,73.0,0.0,22.0,,UTC-0300,tWUO8ZL77Z,,com.sec.android.app.shealth,2025-12-18 00:59:59.999,cab1b4f0-29a3-45d8-9267-3feadd21f6fa,
63060051,2025-12-18 01:00:00.000,,c84d6cfc-e6cb-4c86-87b1-67fb506bcae7.binning_data.json,10011,63060051,2025-12-18 06:07:50.658,2025-12-18 06:07:50.658,1.0,0.0,0.0,,UTC-0300,tWUO8ZL77Z,,com.sec.android.app.shealth,2025-12-18 01:59:59.999,c84d6cfc-e6cb-4c86-87b1-67fb506bcae7,
63060051,2025-12-18 06:00:00.000,,242d24d5-e99d-475f-864c-db429463dc1a.binning_data.json,10011,63060051,2025-12-18 10:49:14.438,2025-12-18 06:07:50.775,23.0,0.0,2.0,,UTC-0300,tWUO8ZL77Z,,com.sec.android.app.shealth,2025-12-18 06:59:59.999,242d24d5-e99d-475f-864c-db429463dc1a,
63060051,2025-12-18 07:00:00.000,,0ed6b8dc-b0a0-4702-957d-afc60fc28b6e.binning_data.json,10011,63060051,2025-12-18 10:49:34.981,2025-12-18 10:49:34.981,0.0,0.0,0.0,,UTC-0300,tWUO8ZL77Z,,com.sec.android.app.shealth,2025-12-18 07:59:59.999,0ed6b8dc-b0a0-4702-957d-afc60fc28b6e,
63060051,2025-12-18 10:00:00.000,,9eba8f1c-5fc2-467d-8637-cd6661d74ea5.binning_data.json,10011,63060051,2025-12-18 11:28:46.546,2025-12-18 10:49:35.082,0.0,0.0,0.0,,UTC-0300,tWUO8ZL77Z,,com.sec.android.app.shealth,2025-12-18 10:59:59.999,9eba8f1c-5fc2-467d-8637-cd6661d74ea5,
63060051,2025-12-18 11:00:00.000,,75013657-4f20-4fd2-8d90-e2812ab685f6.binning_data.json,10011,63060051,2025-12-18 12:04:03.700,2025-12-18 12:04:03.700,60.0,0.0,10.0,,UTC-0300,tWUO8ZL77Z,,com.sec.android.app.shealth,2025-12-18 11:59:59.999,75013657-4f20-4fd2-8d90-e2812ab685f6,
63060051,2025-12-18 12:00:00.000,,55d3b26d-36b5-49e9-a698-b17a53da179c.binning_data.json,10011,63060051,2025-12-18 13:08:31.588,2025-12-18 13:08:31.588,39.0,0.0,9.0,,UTC-0300,tWUO8ZL77Z,,com.sec.android.app.shealth,2025-12-18 12:59:59.999,55d3b26d-36b5-49e9-a698-b17a53da179c,
63060051,2025-12-18 13:00:00.000,,cb3afd5d-f8b3-4b2e-8077-9feda2db26a0.binning_data.json,10011,63060051,2025-12-18 14:14:51.314,2025-12-18 13:10:58.174,100.0,8.0,53.0,,UTC-0300,tWUO8ZL77Z,,com.sec.android.app.shealth,2025-12-18 13:59:59.999,cb3afd5d-f8b3-4b2e-8077-9feda2db26a0,
63060051,2025-12-18 14:00:00.000,,01f43623-98e3-4a65-b9e0-7d2f65289ff1.binning_data.json,10011,63060051,2025-12-18 15:12:53.567,2025-12-18 15:12:53.567,100.0,0.0,84.0,,UTC-0300,tWUO8ZL77Z,,com.sec.android.app.shealth,2025-12-18 14:59:59.999,01f43623-98e3-4a65-b9e0-7d2f65289ff1,
63060051,2025-12-18 15:00:00.000,,92fb312b-add5-453d-abfb-45d4cd1a5117.binning_data.json,10011,63060051,2025-12-18 16:13:46.790,2025-12-18 16:13:46.790,96.0,11.0,41.0,,UTC-0300,tWUO8ZL77Z,,com.sec.android.app.shealth,2025-12-18 15:59:59.999,92fb312b-add5-453d-abfb-45d4cd1a5117,
63060051,2025-12-18 16:00:00.000,,1375b01b-e502-45eb-aa4c-21916a532522.binning_data.json,10011,63060051,2025-12-18 17:12:49.156,2025-12-18 17:12:49.156,79.0,12.0,45.0,,UTC-0300,tWUO8ZL77Z,,com.sec.android.app.shealth,2025-12-18 16:59:59.999,1375b01b-e502-45eb-aa4c-21916a532522,
63060051,2025-12-18 17:00:00.000,,50151094-1092-463f-bac6-6eb197c7bf2f.binning_data.json,10011,63060051,2025-12-18 18:01:47.474,2025-12-18 18:01:47.474,99.0,11.0,49.0,,UTC-0300,tWUO8ZL77Z,,com.sec.android.app.shealth,2025-12-18 17:59:59.999,50151094-1092-463f-bac6-6eb197c7bf2f,
63060051,2025-12-18 18:00:00.000,,2a0a0499-cb93-403d-b35c-3e64308efffb.binning_data.json,10011,63060051,2025-12-18 19:05:00.249,2025-12-18 18:01:48.302,64.0,0.0,23.0,,UTC-0300,tWUO8ZL77Z,,com.sec.android.app.shealth,2025-12-18 18:59:59.999,2a0a0499-cb93-403d-b35c-3e64308efffb,
63060051,2025-12-18 21:00:00.000,,de98cbb2-e097-449e-ba00-2caf7f50f295.binning_data.json,10011,63060051,2025-12-18 22:16:37.831,2025-12-18 22:16:37.831,98.0,2.0,64.0,,UTC-0300,tWUO8ZL77Z,,com.sec.android.app.shealth,2025-12-18 21:59:59.999,de98cbb2-e097-449e-ba00-2caf7f50f295,
63060051,2025-12-18 22:00:00.000,,869b97d7-f230-4e84-8209-f4b6942cbef6.binning_data.json,10011,63060051,2025-12-18 23:01:09.131,2025-12-18 23:01:09.131,93.0,5.0,47.0,,UTC-0300,tWUO8ZL77Z,,com.sec.android.app.shealth,2025-12-18 22:59:59.999,869b97d7-f230-4e84-8209-f4b6942cbef6,
63060051,2025-12-18 19:00:00.000,,2a5f303a-098b-4bb5-99f4-76831ffaafa2.binning_data.json,10011,63060051,2025-12-18 20:12:34.155,2025-12-18 20:12:34.155,90.0,1.0,40.0,,UTC-0300,tWUO8ZL77Z,,com.sec.android.app.shealth,2025-12-18 19:59:59.999,2a5f303a-098b-4bb5-99f4-76831ffaafa2,
63060051,2025-12-18 20:00:00.000,,4bcc7671-38c1-466a-8e64-8789037cea00.binning_data.json,10011,63060051,2025-12-18 21:13:00.107,2025-12-18 21:13:00.107,90.0,2.0,34.0,,UTC-0300,tWUO8ZL77Z,,com.sec.android.app.shealth,2025-12-18 20:59:59.999,4bcc7671-38c1-466a-8e64-8789037cea00,
63060051,2025-12-18 23:00:00.000,,3fae7fa4-0b51-4bab-bb4f-d10e5b31d718.binning_data.json,10011,63060051,2025-12-19 01:32:17.675,2025-12-19 01:32:17.675,84.0,5.0,37.0,,UTC-0300,tWUO8ZL77Z,,com.sec.android.app.shealth,2025-12-18 23:59:59.999,3fae7fa4-0b51-4bab-bb4f-d10e5b31d718,
63060051,2025-12-19 02:00:00.000,,12576cef-128c-48da-a6f0-7ddf215ac851.binning_data.json,10011,63060051,2025-12-19 03:23:25.110,2025-12-19 03:23:25.110,50.0,0.0,31.0,,UTC-0300,tWUO8ZL77Z,,com.sec.android.app.shealth,2025-12-19 02:59:59.999,12576cef-128c-48da-a6f0-7ddf215ac851,
63060051,2025-12-19 01:00:00.000,,e6df5f2c-d015-45a8-8204-c3e2c0008608.binning_data.json,10011,63060051,2025-12-19 02:51:47.497,2025-12-19 02:50:32.472,20.0,0.0,2.0,,UTC-0300,tWUO8ZL77Z,,com.sec.android.app.shealth,2025-12-19 01:59:59.999,e6df5f2c-d015-45a8-8204-c3e2c0008608,
63060051,2025-12-19 03:00:00.000,,e3b6fef1-3cd0-4820-93ce-44e620383e06.binning_data.json,10011,63060051,2025-12-19 10:16:43.679,2025-12-19 10:08:19.176,0.0,0.0,0.0,,UTC-0300,tWUO8ZL77Z,,com.sec.android.app.shealth,2025-12-19 03:59:59.999,e3b6fef1-3cd0-4820-93ce-44e620383e06,
63060051,2025-12-19 10:00:00.000,,959a4098-3427-4d71-beb6-615fe7fc6a4e.binning_data.json,10011,63060051,2025-12-19 11:13:58.502,2025-12-19 10:16:43.762,51.0,0.0,9.0,,UTC-0300,tWUO8ZL77Z,,com.sec.android.app.shealth,2025-12-19 10:59:59.999,959a4098-3427-4d71-beb6-615fe7fc6a4e,
63060051,2025-12-19 11:00:00.000,,485050d5-d65c-4d92-847b-9a65424688dd.binning_data.json,10011,63060051,2025-12-19 12:07:51.742,2025-12-19 11:53:58.361,87.0,0.0,13.0,,UTC-0300,tWUO8ZL77Z,,com.sec.android.app.shealth,2025-12-19 11:59:59.999,485050d5-d65c-4d92-847b-9a65424688dd,
63060051,2025-12-19 12:00:00.000,,1e7905de-1356-4e52-9314-eb0457d0a5fc.binning_data.json,10011,63060051,2025-12-19 13:01:00.580,2025-12-19 13:01:00.580,84.0,2.0,25.0,,UTC-0300,tWUO8ZL77Z,,com.sec.android.app.shealth,2025-12-19 12:59:59.999,1e7905de-1356-4e52-9314-eb0457d0a5fc,
63060051,2025-12-19 13:00:00.000,,ed2bce6a-ceeb-4f1a-844a-898422e6b9f1.binning_data.json,10011,63060051,2025-12-19 14:08:09.376,2025-12-19 14:08:09.376,97.0,0.0,35.0,,UTC-0300,tWUO8ZL77Z,,com.sec.android.app.shealth,2025-12-19 13:59:59.999,ed2bce6a-ceeb-4f1a-844a-898422e6b9f1,
63060051,2025-12-19 14:00:00.000,,553116ae-6f1c-4bc2-96db-c2d8dd6079b1.binning_data.json,10011,63060051,2025-12-19 15:06:14.230,2025-12-19 14:17:00.667,100.0,0.0,28.0,,UTC-0300,tWUO8ZL77Z,,com.sec.android.app.shealth,2025-12-19 14:59:59.999,553116ae-6f1c-4bc2-96db-c2d8dd6079b1,
63060051,2025-12-19 15:00:00.000,,8941271f-b58b-4250-b83f-58d1ac238339.binning_data.json,10011,63060051,2025-12-19 16:08:09.850,2025-12-19 16:08:09.850,93.0,2.0,34.0,,UTC-0300,tWUO8ZL77Z,,com.sec.android.app.shealth,2025-12-19 15:59:59.999,8941271f-b58b-4250-b83f-58d1ac238339,
63060051,2025-12-19 16:00:00.000,,508d1ae4-c5c5-4cee-a304-f97b9688b27f.binning_data.json,10011,63060051,2025-12-19 17:27:04.007,2025-12-19 17:27:04.007,95.0,0.0,30.0,,UTC-0300,tWUO8ZL77Z,,com.sec.android.app.shealth,2025-12-19 16:59:59.999,508d1ae4-c5c5-4cee-a304-f97b9688b27f,
63060051,2025-12-19 17:00:00.000,,a7ef14e3-5e7c-4329-9740-6340188061ff.binning_data.json,10011,63060051,2025-12-19 18:10:19.508,2025-12-19 17:27:04.142,93.0,0.0,32.0,,UTC-0300,tWUO8ZL77Z,,com.sec.android.app.shealth,2025-12-19 17:59:59.999,a7ef14e3-5e7c-4329-9740-6340188061ff,
63060051,2025-12-19 18:00:00.000,,a08774de-4511-4878-8243-34f83865ec76.binning_data.json,10011,63060051,2025-12-19 19:08:23.423,2025-12-19 19:08:23.423,60.0,0.0,15.0,,UTC-0300,tWUO8ZL77Z,,com.sec.android.app.shealth,2025-12-19 18:59:59.999,a08774de-4511-4878-8243-34f83865ec76,
63060051,2025-12-19 19:00:00.000,,206a235a-83c2-4e00-a46c-97271b9baff1.binning_data.json,10011,63060051,2025-12-19 20:10:01.045,2025-12-19 20:10:01.045,69.0,2.0,26.0,,UTC-0300,tWUO8ZL77Z,,com.sec.android.app.shealth,2025-12-19 19:59:59.999,206a235a-83c2-4e00-a46c-97271b9baff1,
63060051,2025-12-19 20:00:00.000,,2478bfaa-69b0-4622-81b8-1490f52755ef.binning_data.json,10011,63060051,2025-12-19 21:09:00.078,2025-12-19 21:09:00.078,98.0,3.0,38.0,,UTC-0300,tWUO8ZL77Z,,com.sec.android.app.shealth,2025-12-19 20:59:59.999,2478bfaa-69b0-4622-81b8-1490f52755ef,
63060051,2025-12-19 21:00:00.000,,c3b6f171-ec7b-4651-a306-67843e479461.binning_data.json,10011,63060051,2025-12-19 22:07:40.841,2025-12-19 21:42:33.971,95.0,5.0,59.0,,UTC-0300,tWUO8ZL77Z,,com.sec.android.app.shealth,2025-12-19 21:59:59.999,c3b6f171-ec7b-4651-a306-67843e479461,
63060051,2025-12-19 22:00:00.000,,3f16a0b4-9d5d-49c9-87e3-aeb38a070e2b.binning_data.json,10011,63060051,2025-12-19 23:04:05.503,2025-12-19 22:14:30.435,98.0,7.0,62.0,,UTC-0300,tWUO8ZL77Z,,com.sec.android.app.shealth,2025-12-19 22:59:59.999,3f16a0b4-9d5d-49c9-87e3-aeb38a070e2b,
63060051,2025-12-19 23:00:00.000,,7babbe4e-b186-4a98-887a-a273de173a23.binning_data.json,10011,63060051,2025-12-20 02:29:21.119,2025-12-20 02:29:21.119,62.0,11.0,36.0,,UTC-0300,tWUO8ZL77Z,,com.sec.android.app.shealth,2025-12-19 23:59:59.999,7babbe4e-b186-4a98-887a-a273de173a23,
63060051,2025-12-20 02:00:00.000,,ced2816c-ed9d-41df-acf0-e8d4bae2836d.binning_data.json,10011,63060051,2025-12-20 03:14:16.632,2025-12-20 03:14:16.632,76.0,0.0,32.0,,UTC-0300,tWUO8ZL77Z,,com.sec.android.app.shealth,2025-12-20 02:59:59.999,ced2816c-ed9d-41df-acf0-e8d4bae2836d,
63060051,2025-12-20 03:00:00.000,,29c0b7dd-7faf-4ad4-82cb-ab387908d45e.binning_data.json,10011,63060051,2025-12-20 09:08:18.194,2025-12-20 09:08:18.194,0.0,0.0,0.0,,UTC-0300,tWUO8ZL77Z,,com.sec.android.app.shealth,2025-12-20 03:59:59.999,29c0b7dd-7faf-4ad4-82cb-ab387908d45e,
63060051,2025-12-20 09:00:00.000,,73821075-f58d-4bbf-995e-5c42c28a6a51.binning_data.json,10011,63060051,2025-12-20 10:45:37.590,2025-12-20 09:08:18.288,3.0,0.0,0.0,,UTC-0300,tWUO8ZL77Z,,com.sec.android.app.shealth,2025-12-20 09:59:59.999,73821075-f58d-4bbf-995e-5c42c28a6a51,
63060051,2025-12-20 10:00:00.000,,ee7ff771-4e8f-498c-8f2d-5becfa1b1a80.binning_data.json,10011,63060051,2025-12-20 11:27:53.559,2025-12-20 10:45:37.851,40.0,0.0,17.0,,UTC-0300,tWUO8ZL77Z,,com.sec.android.app.shealth,2025-12-20 10:59:59.999,ee7ff771-4e8f-498c-8f2d-5becfa1b1a80,
63060051,2025-12-20 11:00:00.000,,c42d7020-80f1-4b58-ab79-5cd6722b0c8a.binning_data.json,10011,63060051,2025-12-20 12:08:28.630,2025-12-20 12:08:28.630,98.0,0.0,34.0,,UTC-0300,tWUO8ZL77Z,,com.sec.android.app.shealth,2025-12-20 11:59:59.999,c42d7020-80f1-4b58-ab79-5cd6722b0c8a,
63060051,2025-12-20 12:00:00.000,,fbd9c3ae-be56-4727-84c7-663b559eed46.binning_data.json,10011,63060051,2025-12-20 13:09:50.135,2025-12-20 13:09:50.135,100.0,8.0,51.0,,UTC-0300,tWUO8ZL77Z,,com.sec.android.app.shealth,2025-12-20 12:59:59.999,fbd9c3ae-be56-4727-84c7-663b559eed46,
63060051,2025-12-20 13:00:00.000,,ff3386b0-e939-45f3-9258-f73ac6d69d61.binning_data.json,10011,63060051,2025-12-20 14:13:00.337,2025-12-20 13:09:50.451,93.0,3.0,47.0,,UTC-0300,tWUO8ZL77Z,,com.sec.android.app.shealth,2025-12-20 13:59:59.999,ff3386b0-e939-45f3-9258-f73ac6d69d61,
63060051,2025-12-20 14:00:00.000,,4523d156-7dc2-499e-a512-0f1583b342ce.binning_data.json,10011,63060051,2025-12-20 15:09:45.750,2025-12-20 15:09:45.750,85.0,13.0,39.0,,UTC-0300,tWUO8ZL77Z,,com.sec.android.app.shealth,2025-12-20 14:59:59.999,4523d156-7dc2-499e-a512-0f1583b342ce,
63060051,2025-12-20 15:00:00.000,,7841c53a-a47b-4fdb-853a-ff219f8fd3cf.binning_data.json,10011,63060051,2025-12-20 16:08:46.750,2025-12-20 16:08:46.750,97.0,0.0,39.0,,UTC-0300,tWUO8ZL77Z,,com.sec.android.app.shealth,2025-12-20 15:59:59.999,7841c53a-a47b-4fdb-853a-ff219f8fd3cf,
63060051,2025-12-20 16:00:00.000,,e9633380-6153-498f-aaaf-f24f177a249e.binning_data.json,10011,63060051,2025-12-20 17:01:19.857,2025-12-20 17:01:19.857,95.0,0.0,30.0,,UTC-0300,tWUO8ZL77Z,,com.sec.android.app.shealth,2025-12-20 16:59:59.999,e9633380-6153-498f-aaaf-f24f177a249e,
63060051,2025-12-20 17:00:00.000,,6f390270-ab8b-4cbf-8c14-66015b92f055.binning_data.json,10011,63060051,2025-12-20 18:04:09.550,2025-12-20 17:08:50.685,97.0,10.0,50.0,,UTC-0300,tWUO8ZL77Z,,com.sec.android.app.shealth,2025-12-20 17:59:59.999,6f390270-ab8b-4cbf-8c14-66015b92f055,
63060051,2025-12-20 18:00:00.000,,737d562f-ab6e-446a-998b-ed1fffe0dc61.binning_data.json,10011,63060051,2025-12-20 19:12:50.156,2025-12-20 19:12:50.156,96.0,14.0,53.0,,UTC-0300,tWUO8ZL77Z,,com.sec.android.app.shealth,2025-12-20 18:59:59.999,737d562f-ab6e-446a-998b-ed1fffe0dc61,
63060051,2025-12-20 19:00:00.000,,789e9627-96a5-4be6-a94f-863881bd8e71.binning_data.json,10011,63060051,2025-12-20 20:13:40.815,2025-12-20 20:13:40.815,98.0,12.0,55.0,,UTC-0300,tWUO8ZL77Z,,com.sec.android.app.shealth,2025-12-20 19:59:59.999,789e9627-96a5-4be6-a94f-863881bd8e71,
63060051,2025-12-20 20:00:00.000,,818b5527-d15f-4496-a121-1184dc7f1594.binning_data.json,10011,63060051,2025-12-20 21:02:53.208,2025-12-20 21:02:53.208,93.0,19.0,47.0,,UTC-0300,tWUO8ZL77Z,,com.sec.android.app.shealth,2025-12-20 20:59:59.999,818b5527-d15f-4496-a121-1184dc7f1594,
63060051,2025-12-20 21:00:00.000,,dedc3638-25a6-4e3f-90fe-b6d0e182394c.binning_data.json,10011,63060051,2025-12-20 22:12:44.946,2025-12-20 22:12:44.946,85.0,4.0,37.0,,UTC-0300,tWUO8ZL77Z,,com.sec.android.app.shealth,2025-12-20 21:59:59.999,dedc3638-25a6-4e3f-90fe-b6d0e182394c,
63060051,2025-12-20 22:00:00.000,,90aead59-27cb-4039-93b7-65376bd567e2.binning_data.json,10011,63060051,2025-12-20 23:18:20.007,2025-12-20 23:18:20.007,95.0,9.0,55.0,,UTC-0300,tWUO8ZL77Z,,com.sec.android.app.shealth,2025-12-20 22:59:59.999,90aead59-27cb-4039-93b7-65376bd567e2,
63060051,2025-12-20 23:00:00.000,,0a0e7906-385d-4a8f-94bb-81fe9a076c0d.binning_data.json,10011,63060051,2025-12-21 00:12:28.635,2025-12-20 23:30:00.520,67.0,4.0,24.0,,UTC-0300,tWUO8ZL77Z,,com.sec.android.app.shealth,2025-12-20 23:59:59.999,0a0e7906-385d-4a8f-94bb-81fe9a076c0d,
63060051,2025-12-21 00:00:00.000,,d82d9d50-27b6-4f1c-94d1-92c9642d6bbf.binning_data.json,10011,63060051,2025-12-21 03:40:27.982,2025-12-21 00:14:06.526,67.0,20.0,46.0,,UTC-0300,tWUO8ZL77Z,,com.sec.android.app.shealth,2025-12-21 00:59:59.999,d82d9d50-27b6-4f1c-94d1-92c9642d6bbf,
63060051,2025-12-21 03:00:00.000,,a1add7c3-6016-4e78-a5b9-1d5878391c2f.binning_data.json,10011,63060051,2025-12-21 04:01:01.887,2025-12-21 04:01:01.887,97.0,0.0,57.0,,UTC-0300,tWUO8ZL77Z,,com.sec.android.app.shealth,2025-12-21 03:59:59.999,a1add7c3-6016-4e78-a5b9-1d5878391c2f,
63060051,2025-12-21 04:00:00.000,,b5897a89-e27b-47cb-a6ad-433f9e3ef24f.binning_data.json,10011,63060051,2025-12-21 05:13:01.045,2025-12-21 05:13:01.045,16.0,0.0,2.0,,UTC-0300,tWUO8ZL77Z,,com.sec.android.app.shealth,2025-12-21 04:59:59.999,b5897a89-e27b-47cb-a6ad-433f9e3ef24f,
63060051,2025-12-21 05:00:00.000,,d0d06230-3064-4895-8094-0928d3299366.binning_data.json,10011,63060051,2025-12-21 09:52:00.586,2025-12-21 09:52:00.586,2.0,0.0,0.0,,UTC-0300,tWUO8ZL77Z,,com.sec.android.app.shealth,2025-12-21 05:59:59.999,d0d06230-3064-4895-8094-0928d3299366,
63060051,2025-12-21 09:00:00.000,,be0908cc-ff8a-4cae-9532-b48b024c4776.binning_data.json,10011,63060051,2025-12-21 12:20:42.347,2025-12-21 12:20:42.347,0.0,0.0,0.0,,UTC-0300,tWUO8ZL77Z,,com.sec.android.app.shealth,2025-12-21 09:59:59.999,be0908cc-ff8a-4cae-9532-b48b024c4776,
63060051,2025-12-21 10:00:00.000,,7d4cf52e-f5af-44a3-acb5-9ac1724c19d9.binning_data.json,10011,63060051,2025-12-21 12:30:53.149,2025-12-21 12:20:42.639,0.0,0.0,0.0,,UTC-0300,tWUO8ZL77Z,,com.sec.android.app.shealth,2025-12-21 10:59:59.999,7d4cf52e-f5af-44a3-acb5-9ac1724c19d9,
63060051,2025-12-21 12:00:00.000,,9364d46b-cf9b-4661-adc9-badc8af3a906.binning_data.json,10011,63060051,2025-12-21 13:27:47.512,2025-12-21 12:31:18.527,87.0,0.0,23.0,,UTC-0300,tWUO8ZL77Z,,com.sec.android.app.shealth,2025-12-21 12:59:59.999,9364d46b-cf9b-4661-adc9-badc8af3a906,
63060051,2025-12-21 13:00:00.000,,a74a2677-7b7a-42eb-8362-19b6fa5c970f.binning_data.json,10011,63060051,2025-12-21 14:06:21.841,2025-12-21 14:06:21.841,96.0,0.0,44.0,,UTC-0300,tWUO8ZL77Z,,com.sec.android.app.shealth,2025-12-21 13:59:59.999,a74a2677-7b7a-42eb-8362-19b6fa5c970f,
63060051,2025-12-21 14:00:00.000,,fa3913f9-bbb1-43b0-a55a-c3e9e45b2c6e.binning_data.json,10011,63060051,2025-12-21 15:23:47.624,2025-12-21 15:23:47.624,99.0,1.0,53.0,,UTC-0300,tWUO8ZL77Z,,com.sec.android.app.shealth,2025-12-21 14:59:59.999,fa3913f9-bbb1-43b0-a55a-c3e9e45b2c6e,
63060051,2025-12-21 15:00:00.000,,d9562d08-6bf1-4082-bd64-ad8826f532cc.binning_data.json,10011,63060051,2025-12-21 16:14:02.834,2025-12-21 15:28:43.542,74.0,16.0,40.0,,UTC-0300,tWUO8ZL77Z,,com.sec.android.app.shealth,2025-12-21 15:59:59.999,d9562d08-6bf1-4082-bd64-ad8826f532cc,
63060051,2025-12-21 16:00:00.000,,15bd099c-c08d-4f53-9dd0-1897ad21366b.binning_data.json,10011,63060051,2025-12-21 17:08:32.833,2025-12-21 17:08:32.833,100.0,20.0,59.0,,UTC-0300,tWUO8ZL77Z,,com.sec.android.app.shealth,2025-12-21 16:59:59.999,15bd099c-c08d-4f53-9dd0-1897ad21366b,
63060051,2025-12-21 17:00:00.000,,c64d93ee-5991-4350-b7ee-4249ecd7c16a.binning_data.json,10011,63060051,2025-12-21 18:22:49.636,2025-12-21 18:22:49.636,93.0,0.0,18.0,,UTC-0300,tWUO8ZL77Z,,com.sec.android.app.shealth,2025-12-21 17:59:59.999,c64d93ee-5991-4350-b7ee-4249ecd7c16a,
63060051,2025-12-21 18:00:00.000,,15e6757b-6a52-46a9-9acb-8fdc280d3c9d.binning_data.json,10011,63060051,2025-12-21 19:11:12.598,2025-12-21 18:55:02.008,0.0,0.0,0.0,,UTC-0300,tWUO8ZL77Z,,com.sec.android.app.shealth,2025-12-21 18:59:59.999,15e6757b-6a52-46a9-9acb-8fdc280d3c9d,
63060051,2025-12-21 19:00:00.000,,4cee7464-2497-4304-9ceb-931540ac471a.binning_data.json,10011,63060051,2025-12-21 20:09:50.917,2025-12-21 20:09:50.917,67.0,9.0,41.0,,UTC-0300,tWUO8ZL77Z,,com.sec.android.app.shealth,2025-12-21 19:59:59.999,4cee7464-2497-4304-9ceb-931540ac471a,
63060051,2025-12-21 20:00:00.000,,229de397-0a68-416c-aa5f-2b86f6205c82.binning_data.json,10011,63060051,2025-12-21 21:05:17.306,2025-12-21 21:05:17.306,96.0,1.0,55.0,,UTC-0300,tWUO8ZL77Z,,com.sec.android.app.shealth,2025-12-21 20:59:59.999,229de397-0a68-416c-aa5f-2b86f6205c82,
63060051,2025-12-21 21:00:00.000,,fcd240b2-6a61-4920-a608-c4d31485165b.binning_data.json,10011,63060051,2025-12-21 22:15:36.876,2025-12-21 22:15:36.876,97.0,1.0,45.0,,UTC-0300,tWUO8ZL77Z,,com.sec.android.app.shealth,2025-12-21 21:59:59.999,fcd240b2-6a61-4920-a608-c4d31485165b,
63060051,2025-12-21 22:00:00.000,,d8c366ba-8761-4b6c-93c3-446941ba7310.binning_data.json,10011,63060051,2025-12-21 23:14:44.207,2025-12-21 23:14:44.207,94.0,10.0,50.0,,UTC-0300,tWUO8ZL77Z,,com.sec.android.app.shealth,2025-12-21 22:59:59.999,d8c366ba-8761-4b6c-93c3-446941ba7310,
63060051,2025-12-21 23:00:00.000,,751cd7c4-ce52-430d-a933-9efda46d5157.binning_data.json,10011,63060051,2025-12-22 00:02:49.603,2025-12-22 00:02:49.603,87.0,7.0,51.0,,UTC-0300,tWUO8ZL77Z,,com.sec.android.app.shealth,2025-12-21 23:59:59.999,751cd7c4-ce52-430d-a933-9efda46d5157,
63060051,2025-12-22 00:00:00.000,,b3a08203-7ecb-4656-b9c7-3de66dff052a.binning_data.json,10011,63060051,2025-12-22 02:43:00.172,2025-12-22 02:43:00.172,100.0,4.0,47.0,,UTC-0300,tWUO8ZL77Z,,com.sec.android.app.shealth,2025-12-22 00:59:59.999,b3a08203-7ecb-4656-b9c7-3de66dff052a,
63060051,2025-12-22 02:00:00.000,,adc3a46c-a4e8-47d8-ac8e-869c72146bd8.binning_data.json,10011,63060051,2025-12-22 03:11:19.869,2025-12-22 03:11:19.869,88.0,2.0,50.0,,UTC-0300,tWUO8ZL77Z,,com.sec.android.app.shealth,2025-12-22 02:59:59.999,adc3a46c-a4e8-47d8-ac8e-869c72146bd8,
63060051,2025-12-22 03:00:00.000,,0e5cc28d-ea2f-4e50-9e0b-7a0c6b733354.binning_data.json,10011,63060051,2025-12-22 04:15:46.785,2025-12-22 04:15:46.785,5.0,0.0,1.0,,UTC-0300,tWUO8ZL77Z,,com.sec.android.app.shealth,2025-12-22 03:59:59.999,0e5cc28d-ea2f-4e50-9e0b-7a0c6b733354,
63060051,2025-12-22 04:00:00.000,,8e8ead0c-412f-4759-b48a-5f2f3c551b43.binning_data.json,10011,63060051,2025-12-22 05:01:00.272,2025-12-22 04:43:30.843,83.0,0.0,13.0,,UTC-0300,tWUO8ZL77Z,,com.sec.android.app.shealth,2025-12-22 04:59:59.999,8e8ead0c-412f-4759-b48a-5f2f3c551b43,
63060051,2025-12-22 05:00:00.000,,2686ddc4-1454-4966-bfd3-bb8107fa5103.binning_data.json,10011,63060051,2025-12-22 06:24:09.743,2025-12-22 06:24:09.743,0.0,0.0,0.0,,UTC-0300,tWUO8ZL77Z,,com.sec.android.app.shealth,2025-12-22 05:59:59.999,2686ddc4-1454-4966-bfd3-bb8107fa5103,
63060051,2025-12-22 06:00:00.000,,947d1987-e28f-43cc-b4f9-0f3bc751eb5c.binning_data.json,10011,63060051,2025-12-22 09:17:50.634,2025-12-22 08:11:24.971,0.0,0.0,0.0,,UTC-0300,tWUO8ZL77Z,,com.sec.android.app.shealth,2025-12-22 06:59:59.999,947d1987-e28f-43cc-b4f9-0f3bc751eb5c,
63060051,2025-12-22 09:00:00.000,,e3250e9b-c292-4a64-af0c-c88808c2410b.binning_data.json,10011,63060051,2025-12-22 12:06:03.068,2025-12-22 10:10:44.928,1.0,0.0,0.0,,UTC-0300,tWUO8ZL77Z,,com.sec.android.app.shealth,2025-12-22 09:59:59.999,e3250e9b-c292-4a64-af0c-c88808c2410b,
63060051,2025-12-22 12:00:00.000,,a88f5fbb-e198-4f76-9dcf-72cad6bef119.binning_data.json,10011,63060051,2025-12-22 13:12:14.994,2025-12-22 12:06:26.304,72.0,0.0,15.0,,UTC-0300,tWUO8ZL77Z,,com.sec.android.app.shealth,2025-12-22 12:59:59.999,a88f5fbb-e198-4f76-9dcf-72cad6bef119,
63060051,2025-12-22 13:00:00.000,,f68a6615-ab60-4871-ace1-2f35bab9df70.binning_data.json,10011,63060051,2025-12-22 14:10:30.084,2025-12-22 13:18:58.332,99.0,1.0,58.0,,UTC-0300,tWUO8ZL77Z,,com.sec.android.app.shealth,2025-12-22 13:59:59.999,f68a6615-ab60-4871-ace1-2f35bab9df70,
63060051,2025-12-22 14:00:00.000,,d76aae19-b91d-413a-8c6b-b23b3884aec3.binning_data.json,10011,63060051,2025-12-22 15:12:23.461,2025-12-22 15:12:23.461,100.0,10.0,53.0,,UTC-0300,tWUO8ZL77Z,,com.sec.android.app.shealth,2025-12-22 14:59:59.999,d76aae19-b91d-413a-8c6b-b23b3884aec3,
63060051,2025-12-22 15:00:00.000,,3ddcc9af-0a2b-4eda-b1ab-9e0e2f2d6133.binning_data.json,10011,63060051,2025-12-22 16:04:06.962,2025-12-22 15:41:56.868,97.0,9.0,68.0,,UTC-0300,tWUO8ZL77Z,,com.sec.android.app.shealth,2025-12-22 15:59:59.999,3ddcc9af-0a2b-4eda-b1ab-9e0e2f2d6133,
63060051,2025-12-22 16:00:00.000,,ba2738a9-4b34-4eab-8ba5-017221acba76.binning_data.json,10011,63060051,2025-12-22 17:26:19.945,2025-12-22 17:26:19.945,86.0,1.0,38.0,,UTC-0300,tWUO8ZL77Z,,com.sec.android.app.shealth,2025-12-22 16:59:59.999,ba2738a9-4b34-4eab-8ba5-017221acba76,
63060051,2025-12-22 17:00:00.000,,027c0477-5a45-4281-857d-091880ee635e.binning_data.json,10011,63060051,2025-12-22 18:04:04.694,2025-12-22 18:04:04.694,89.0,1.0,33.0,,UTC-0300,tWUO8ZL77Z,,com.sec.android.app.shealth,2025-12-22 17:59:59.999,027c0477-5a45-4281-857d-091880ee635e,
63060051,2025-12-22 18:00:00.000,,311d634e-9e35-4ab9-bb0f-8696a5aac8de.binning_data.json,10011,63060051,2025-12-22 19:08:05.328,2025-12-22 19:08:05.328,93.0,4.0,51.0,,UTC-0300,tWUO8ZL77Z,,com.sec.android.app.shealth,2025-12-22 18:59:59.999,311d634e-9e35-4ab9-bb0f-8696a5aac8de,
63060051,2025-12-22 19:00:00.000,,e10ff15f-090c-4d67-bf23-af0dd8f182e2.binning_data.json,10011,63060051,2025-12-22 20:09:46.129,2025-12-22 20:09:46.129,88.0,11.0,51.0,,UTC-0300,tWUO8ZL77Z,,com.sec.android.app.shealth,2025-12-22 19:59:59.999,e10ff15f-090c-4d67-bf23-af0dd8f182e2,
63060051,2025-12-22 20:00:00.000,,9095e3dc-516a-4c55-949b-bf7253009328.binning_data.json,10011,63060051,2025-12-22 21:15:53.668,2025-12-22 21:15:53.668,75.0,18.0,51.0,,UTC-0300,tWUO8ZL77Z,,com.sec.android.app.shealth,2025-12-22 20:59:59.999,9095e3dc-516a-4c55-949b-bf7253009328,
63060051,2025-12-22 21:00:00.000,,b8d19af0-70e6-4384-9c08-b659091224a8.binning_data.json,10011,63060051,2025-12-22 22:16:04.768,2025-12-22 22:16:04.768,98.0,11.0,47.0,,UTC-0300,tWUO8ZL77Z,,com.sec.android.app.shealth,2025-12-22 21:59:59.999,b8d19af0-70e6-4384-9c08-b659091224a8,
63060051,2025-12-22 22:00:00.000,,ef06f162-877c-4dc4-b030-a38254397bf5.binning_data.json,10011,63060051,2025-12-22 23:12:26.981,2025-12-22 23:12:26.981,76.0,16.0,33.0,,UTC-0300,tWUO8ZL77Z,,com.sec.android.app.shealth,2025-12-22 22:59:59.999,ef06f162-877c-4dc4-b030-a38254397bf5,
63060051,2025-12-22 23:00:00.000,,cba22c76-e02a-4016-818a-2dec3f2b0dd9.binning_data.json,10011,63060051,2025-12-23 00:03:45.825,2025-12-23 00:03:45.825,98.0,0.0,46.0,,UTC-0300,tWUO8ZL77Z,,com.sec.android.app.shealth,2025-12-22 23:59:59.999,cba22c76-e02a-4016-818a-2dec3f2b0dd9,
63070031,2025-12-23 07:00:00.000,,2e7681e4-bae0-4ae7-8222-3eb19d4c7b0b.binning_data.json,10011,63070031,2025-12-23 08:08:54.614,2025-12-23 08:08:54.614,100.0,0.0,27.0,,UTC-0300,tWUO8ZL77Z,,com.sec.android.app.shealth,2025-12-23 07:59:59.999,2e7681e4-bae0-4ae7-8222-3eb19d4c7b0b,
63070031,2025-12-23 08:00:00.000,,ddfa5c19-95e1-4ed3-9ecd-721b2e31ed21.binning_data.json,10011,63070031,2025-12-23 10:43:01.394,2025-12-23 10:42:41.283,0.0,0.0,0.0,,UTC-0300,tWUO8ZL77Z,,com.sec.android.app.shealth,2025-12-23 08:59:59.999,ddfa5c19-95e1-4ed3-9ecd-721b2e31ed21,
63070031,2025-12-23 10:00:00.000,,621af6e5-f4e0-431c-8e23-26afc1f16c73.binning_data.json,10011,63070031,2025-12-23 11:01:44.985,2025-12-23 10:43:01.461,50.0,7.0,20.0,,UTC-0300,tWUO8ZL77Z,,com.sec.android.app.shealth,2025-12-23 10:59:59.999,621af6e5-f4e0-431c-8e23-26afc1f16c73,
63070031,2025-12-23 11:00:00.000,,ac4e37d7-ef0b-4f90-919c-8da866bc1c88.binning_data.json,10011,63070031,2025-12-23 12:14:24.902,2025-12-23 12:14:24.902,87.0,0.0,20.0,,UTC-0300,tWUO8ZL77Z,,com.sec.android.app.shealth,2025-12-23 11:59:59.999,ac4e37d7-ef0b-4f90-919c-8da866bc1c88,
63070031,2025-12-23 12:00:00.000,,25ce93a2-a336-4294-b14c-40ecfeea0f84.binning_data.json,10011,63070031,2025-12-23 13:07:05.266,2025-12-23 13:07:05.266,99.0,2.0,45.0,,UTC-0300,tWUO8ZL77Z,,com.sec.android.app.shealth,2025-12-23 12:59:59.999,25ce93a2-a336-4294-b14c-40ecfeea0f84,
63070031,2025-12-23 13:00:00.000,,9aa54a7f-b0d7-41d2-baa2-8926fd7e1a39.binning_data.json,10011,63070031,2025-12-23 14:11:14.156,2025-12-23 14:11:14.156,93.0,5.0,38.0,,UTC-0300,tWUO8ZL77Z,,com.sec.android.app.shealth,2025-12-23 13:59:59.999,9aa54a7f-b0d7-41d2-baa2-8926fd7e1a39,
63070031,2025-12-23 14:00:00.000,,116a987a-a321-4263-a867-a51e81cd94fc.binning_data.json,10011,63070031,2025-12-23 15:16:53.031,2025-12-23 14:17:49.676,98.0,3.0,43.0,,UTC-0300,tWUO8ZL77Z,,com.sec.android.app.shealth,2025-12-23 14:59:59.999,116a987a-a321-4263-a867-a51e81cd94fc,
63070031,2025-12-23 15:00:00.000,,df7fd319-ce77-4b89-9013-02203593a788.binning_data.json,10011,63070031,2025-12-23 16:17:41.330,2025-12-23 16:17:41.330,65.0,3.0,30.0,,UTC-0300,tWUO8ZL77Z,,com.sec.android.app.shealth,2025-12-23 15:59:59.999,df7fd319-ce77-4b89-9013-02203593a788,
63070031,2025-12-23 16:00:00.000,,4c38a566-834b-4302-b413-95ae5d690379.binning_data.json,10011,63070031,2025-12-23 17:15:31.649,2025-12-23 16:52:04.390,96.0,23.0,65.0,,UTC-0300,tWUO8ZL77Z,,com.sec.android.app.shealth,2025-12-23 16:59:59.999,4c38a566-834b-4302-b413-95ae5d690379,
63070031,2025-12-23 17:00:00.000,,9aa6feaa-49d0-46fd-a9de-e464a6c294cc.binning_data.json,10011,63070031,2025-12-23 18:18:26.617,2025-12-23 17:57:32.687,94.0,7.0,50.0,,UTC-0300,tWUO8ZL77Z,,com.sec.android.app.shealth,2025-12-23 17:59:59.999,9aa6feaa-49d0-46fd-a9de-e464a6c294cc,
63070031,2025-12-23 18:00:00.000,,438c7f41-24c4-4960-85db-8ca5b2d05342.binning_data.json,10011,63070031,2025-12-23 19:04:38.757,2025-12-23 18:44:00.155,99.0,3.0,39.0,,UTC-0300,tWUO8ZL77Z,,com.sec.android.app.shealth,2025-12-23 18:59:59.999,438c7f41-24c4-4960-85db-8ca5b2d05342,
63070031,2025-12-23 19:00:00.000,,aa5213f3-ae42-49a3-be73-98cd4baf9175.binning_data.json,10011,63070031,2025-12-23 20:20:40.346,2025-12-23 20:20:40.346,88.0,3.0,31.0,,UTC-0300,tWUO8ZL77Z,,com.sec.android.app.shealth,2025-12-23 19:59:59.999,aa5213f3-ae42-49a3-be73-98cd4baf9175,
63070031,2025-12-23 20:00:00.000,,87b87924-708b-44ab-955e-0023d44eb231.binning_data.json,10011,63070031,2025-12-23 21:06:22.977,2025-12-23 20:29:25.154,79.0,3.0,28.0,,UTC-0300,tWUO8ZL77Z,,com.sec.android.app.shealth,2025-12-23 20:59:59.999,87b87924-708b-44ab-955e-0023d44eb231,
63070031,2025-12-23 21:00:00.000,,5692bb6a-41f3-4315-945a-9cf82e691695.binning_data.json,10011,63070031,2025-12-23 22:02:00.590,2025-12-23 22:02:00.590,98.0,24.0,60.0,,UTC-0300,tWUO8ZL77Z,,com.sec.android.app.shealth,2025-12-23 21:59:59.999,5692bb6a-41f3-4315-945a-9cf82e691695,
63070031,2025-12-23 22:00:00.000,,69863a71-142e-4f2f-9a70-4eca1d6d7e96.binning_data.json,10011,63070031,2025-12-23 23:06:48.295,2025-12-23 23:06:48.295,93.0,21.0,44.0,,UTC-0300,tWUO8ZL77Z,,com.sec.android.app.shealth,2025-12-23 22:59:59.999,69863a71-142e-4f2f-9a70-4eca1d6d7e96,
63070031,2025-12-23 23:00:00.000,,1a6223f6-dbe1-4b5c-9dcf-e467ffed4c13.binning_data.json,10011,63070031,2025-12-24 00:46:46.303,2025-12-23 23:25:18.171,50.0,11.0,25.0,,UTC-0300,tWUO8ZL77Z,,com.sec.android.app.shealth,2025-12-23 23:59:59.999,1a6223f6-dbe1-4b5c-9dcf-e467ffed4c13,
63070031,2025-12-24 00:00:00.000,,01bda480-29f4-4f74-b14d-feeaba88578a.binning_data.json,10011,63070031,2025-12-24 01:10:57.172,2025-12-24 01:10:57.172,99.0,21.0,60.0,,UTC-0300,tWUO8ZL77Z,,com.sec.android.app.shealth,2025-12-24 00:59:59.999,01bda480-29f4-4f74-b14d-feeaba88578a,
63070031,2025-12-24 01:00:00.000,,cd918d3b-a8bd-4964-b37e-760e9e73a20a.binning_data.json,10011,63070031,2025-12-24 02:05:12.631,2025-12-24 02:05:12.631,95.0,8.0,51.0,,UTC-0300,tWUO8ZL77Z,,com.sec.android.app.shealth,2025-12-24 01:59:59.999,cd918d3b-a8bd-4964-b37e-760e9e73a20a,
63070031,2025-12-24 02:00:00.000,,68fd088e-4886-4a19-89fa-222d3f5784e7.binning_data.json,10011,63070031,2025-12-24 03:10:57.087,2025-12-24 03:10:57.087,90.0,1.0,39.0,,UTC-0300,tWUO8ZL77Z,,com.sec.android.app.shealth,2025-12-24 02:59:59.999,68fd088e-4886-4a19-89fa-222d3f5784e7,
63070031,2025-12-24 03:00:00.000,,785d9c39-f1c5-4a0e-8812-b87a9fdcb506.binning_data.json,10011,63070031,2025-12-24 04:26:03.453,2025-12-24 04:16:03.014,2.0,0.0,0.0,,UTC-0300,tWUO8ZL77Z,,com.sec.android.app.shealth,2025-12-24 03:59:59.999,785d9c39-f1c5-4a0e-8812-b87a9fdcb506,
63070031,2025-12-24 04:00:00.000,,b7d43e93-0106-4800-8c8f-710e499a61d3.binning_data.json,10011,63070031,2025-12-24 05:39:07.380,2025-12-24 05:37:19.433,0.0,0.0,0.0,,UTC-0300,tWUO8ZL77Z,,com.sec.android.app.shealth,2025-12-24 04:59:59.999,b7d43e93-0106-4800-8c8f-710e499a61d3,
63070031,2025-12-24 05:00:00.000,,2238f91a-0157-4530-b1c0-16ab6e5195fe.binning_data.json,10011,63070031,2025-12-24 07:54:46.278,2025-12-24 07:54:46.278,21.0,0.0,10.0,,UTC-0300,tWUO8ZL77Z,,com.sec.android.app.shealth,2025-12-24 05:59:59.999,2238f91a-0157-4530-b1c0-16ab6e5195fe,
63070031,2025-12-24 06:00:00.000,,1e5439c2-770f-42ce-8837-67f6afc164c9.binning_data.json,10011,63070031,2025-12-24 07:57:42.458,2025-12-24 07:54:46.396,0.0,0.0,0.0,,UTC-0300,tWUO8ZL77Z,,com.sec.android.app.shealth,2025-12-24 06:59:59.999,1e5439c2-770f-42ce-8837-67f6afc164c9,
63070031,2025-12-24 07:00:00.000,,9b863b7e-1cc1-4824-930a-55370364da21.binning_data.json,10011,63070031,2025-12-24 08:19:48.358,2025-12-24 08:19:48.358,0.0,0.0,0.0,,UTC-0300,tWUO8ZL77Z,,com.sec.android.app.shealth,2025-12-24 07:59:59.999,9b863b7e-1cc1-4824-930a-55370364da21,
63070031,2025-12-24 08:00:00.000,,40fea472-5640-41b0-bf85-e64ab15b9b9c.binning_data.json,10011,63070031,2025-12-24 10:39:43.403,2025-12-24 10:24:23.456,0.0,0.0,0.0,,UTC-0300,tWUO8ZL77Z,,com.sec.android.app.shealth,2025-12-24 08:59:59.999,40fea472-5640-41b0-bf85-e64ab15b9b9c,
63070031,2025-12-24 11:00:00.000,,8df7b2a9-9951-4ec2-8d9b-b93250cc2d68.binning_data.json,10011,63070031,2025-12-24 12:09:27.782,2025-12-24 11:54:55.378,96.0,1.0,40.0,,UTC-0300,tWUO8ZL77Z,,com.sec.android.app.shealth,2025-12-24 11:59:59.999,8df7b2a9-9951-4ec2-8d9b-b93250cc2d68,
63070031,2025-12-24 10:00:00.000,,e56be451-2f19-42f0-9f6d-74d3bec40932.binning_data.json,10011,63070031,2025-12-24 11:02:46.004,2025-12-24 11:02:46.004,86.0,0.0,30.0,,UTC-0300,tWUO8ZL77Z,,com.sec.android.app.shealth,2025-12-24 10:59:59.999,e56be451-2f19-42f0-9f6d-74d3bec40932,
63070031,2025-12-24 12:00:00.000,,5af0edad-e578-4b5f-87f5-3976f65f0ad3.binning_data.json,10011,63070031,2025-12-24 13:20:25.486,2025-12-24 13:20:25.486,97.0,9.0,56.0,,UTC-0300,tWUO8ZL77Z,,com.sec.android.app.shealth,2025-12-24 12:59:59.999,5af0edad-e578-4b5f-87f5-3976f65f0ad3,
63070031,2025-12-24 13:00:00.000,,522d5f45-8420-4ee7-b943-a185e5e024d4.binning_data.json,10011,63070031,2025-12-24 14:03:35.248,2025-12-24 14:03:35.248,99.0,7.0,45.0,,UTC-0300,tWUO8ZL77Z,,com.sec.android.app.shealth,2025-12-24 13:59:59.999,522d5f45-8420-4ee7-b943-a185e5e024d4,
63070031,2025-12-24 14:00:00.000,,4f7aac8e-c21d-4b02-9d42-b2dbb867d395.binning_data.json,10011,63070031,2025-12-24 15:05:54.956,2025-12-24 15:05:54.956,79.0,1.0,39.0,,UTC-0300,tWUO8ZL77Z,,com.sec.android.app.shealth,2025-12-24 14:59:59.999,4f7aac8e-c21d-4b02-9d42-b2dbb867d395,
63070031,2025-12-24 15:00:00.000,,f2dd37e1-4188-4b78-bc89-1a58a27af49b.binning_data.json,10011,63070031,2025-12-24 16:17:55.428,2025-12-24 16:17:55.428,72.0,13.0,41.0,,UTC-0300,tWUO8ZL77Z,,com.sec.android.app.shealth,2025-12-24 15:59:59.999,f2dd37e1-4188-4b78-bc89-1a58a27af49b,
63070031,2025-12-24 16:00:00.000,,4578c696-bd14-4895-88f5-d437cf227f86.binning_data.json,10011,63070031,2025-12-24 17:17:48.676,2025-12-24 17:17:48.676,99.0,6.0,50.0,,UTC-0300,tWUO8ZL77Z,,com.sec.android.app.shealth,2025-12-24 16:59:59.999,4578c696-bd14-4895-88f5-d437cf227f86,
63070031,2025-12-24 17:00:00.000,,f4d5affb-6eaf-4b4d-857d-2ea655566202.binning_data.json,10011,63070031,2025-12-24 18:13:16.851,2025-12-24 18:13:16.851,99.0,8.0,40.0,,UTC-0300,tWUO8ZL77Z,,com.sec.android.app.shealth,2025-12-24 17:59:59.999,f4d5affb-6eaf-4b4d-857d-2ea655566202,
63070031,2025-12-24 18:00:00.000,,dc7adfee-9912-49e3-b9ee-14756ccd804c.binning_data.json,10011,63070031,2025-12-24 19:07:07.168,2025-12-24 19:07:07.168,86.0,1.0,41.0,,UTC-0300,tWUO8ZL77Z,,com.sec.android.app.shealth,2025-12-24 18:59:59.999,dc7adfee-9912-49e3-b9ee-14756ccd804c,
63070031,2025-12-24 19:00:00.000,,4ccbd223-c654-4b60-92bc-1bb4d4622a11.binning_data.json,10011,63070031,2025-12-24 20:40:47.986,2025-12-24 20:40:47.986,71.0,13.0,39.0,,UTC-0300,tWUO8ZL77Z,,com.sec.android.app.shealth,2025-12-24 19:59:59.999,4ccbd223-c654-4b60-92bc-1bb4d4622a11,
63070031,2025-12-24 20:00:00.000,,f0fff6ad-25f7-47a3-8083-cfe718ea43aa.binning_data.json,10011,63070031,2025-12-24 21:13:48.283,2025-12-24 21:13:48.283,87.0,11.0,30.0,,UTC-0300,tWUO8ZL77Z,,com.sec.android.app.shealth,2025-12-24 20:59:59.999,f0fff6ad-25f7-47a3-8083-cfe718ea43aa,
63070031,2025-12-24 21:00:00.000,,13d11d79-5080-42a5-b881-03a188d7e266.binning_data.json,10011,63070031,2025-12-24 22:14:37.701,2025-12-24 22:14:37.701,85.0,2.0,22.0,,UTC-0300,tWUO8ZL77Z,,com.sec.android.app.shealth,2025-12-24 21:59:59.999,13d11d79-5080-42a5-b881-03a188d7e266,
63070031,2025-12-24 22:00:00.000,,a6090519-f18a-4457-9901-e3e34bc84668.binning_data.json,10011,63070031,2025-12-24 23:01:15.675,2025-12-24 22:38:30.845,100.0,4.0,47.0,,UTC-0300,tWUO8ZL77Z,,com.sec.android.app.shealth,2025-12-24 22:59:59.999,a6090519-f18a-4457-9901-e3e34bc84668,
63070031,2025-12-24 23:00:00.000,,52245244-eb77-4bec-8ae0-5d18abf697e4.binning_data.json,10011,63070031,2025-12-25 00:02:11.251,2025-12-25 00:02:11.251,99.0,13.0,62.0,,UTC-0300,tWUO8ZL77Z,,com.sec.android.app.shealth,2025-12-24 23:59:59.999,52245244-eb77-4bec-8ae0-5d18abf697e4,
63070031,2025-12-25 00:00:00.000,,27be6ff3-d198-4f15-bb2d-d8228e8eac50.binning_data.json,10011,63070031,2025-12-25 01:48:00.876,2025-12-25 01:48:00.876,77.0,24.0,57.0,,UTC-0300,tWUO8ZL77Z,,com.sec.android.app.shealth,2025-12-25 00:59:59.999,27be6ff3-d198-4f15-bb2d-d8228e8eac50,
63070031,2025-12-25 01:00:00.000,,7f4d3ca2-737b-45dd-b2a5-87c2108c7c2c.binning_data.json,10011,63070031,2025-12-25 02:04:56.908,2025-12-25 02:04:56.908,71.0,5.0,34.0,,UTC-0300,tWUO8ZL77Z,,com.sec.android.app.shealth,2025-12-25 01:59:59.999,7f4d3ca2-737b-45dd-b2a5-87c2108c7c2c,
63070031,2025-12-25 02:00:00.000,,2748c0ca-af90-4741-9abb-c00f4ff92527.binning_data.json,10011,63070031,2025-12-25 03:12:16.050,2025-12-25 03:12:16.050,16.0,0.0,5.0,,UTC-0300,tWUO8ZL77Z,,com.sec.android.app.shealth,2025-12-25 02:59:59.999,2748c0ca-af90-4741-9abb-c00f4ff92527,
63070031,2025-12-25 03:00:00.000,,d5be2b28-d16d-4974-b50f-0daa23e80dd9.binning_data.json,10011,63070031,2025-12-25 11:19:59.923,2025-12-25 04:33:49.330,2.0,0.0,0.0,,UTC-0300,tWUO8ZL77Z,,com.sec.android.app.shealth,2025-12-25 03:59:59.999,d5be2b28-d16d-4974-b50f-0daa23e80dd9,
63070031,2025-12-25 04:00:00.000,,42dc910b-10e6-499c-8e9c-397ae4d0a962.binning_data.json,10011,63070031,2025-12-25 11:20:25.229,2025-12-25 11:20:01.049,0.0,0.0,0.0,,UTC-0300,tWUO8ZL77Z,,com.sec.android.app.shealth,2025-12-25 04:59:59.999,42dc910b-10e6-499c-8e9c-397ae4d0a962,
63070031,2025-12-25 11:00:00.000,,dfdcaf16-d6f1-4565-9863-71f8dda54790.binning_data.json,10011,63070031,2025-12-25 12:04:56.354,2025-12-25 11:20:25.283,92.0,15.0,62.0,,UTC-0300,tWUO8ZL77Z,,com.sec.android.app.shealth,2025-12-25 11:59:59.999,dfdcaf16-d6f1-4565-9863-71f8dda54790,
63070031,2025-12-25 12:00:00.000,,65efbcb4-c2a2-4a27-bdbd-0d144f6c3711.binning_data.json,10011,63070031,2025-12-25 13:12:27.084,2025-12-25 12:21:58.146,99.0,6.0,62.0,,UTC-0300,tWUO8ZL77Z,,com.sec.android.app.shealth,2025-12-25 12:59:59.999,65efbcb4-c2a2-4a27-bdbd-0d144f6c3711,
63070031,2025-12-25 13:00:00.000,,cf1c9596-5217-402b-947d-53ddc0142d1c.binning_data.json,10011,63070031,2025-12-25 14:21:05.971,2025-12-25 14:21:05.971,40.0,16.0,28.0,,UTC-0300,tWUO8ZL77Z,,com.sec.android.app.shealth,2025-12-25 13:59:59.999,cf1c9596-5217-402b-947d-53ddc0142d1c,
63070031,2025-12-25 14:00:00.000,,c0f18c08-a06a-442c-9767-2fdfe57ddb14.binning_data.json,10011,63070031,2025-12-25 15:56:00.836,2025-12-25 15:56:00.836,80.0,3.0,30.0,,UTC-0300,tWUO8ZL77Z,,com.sec.android.app.shealth,2025-12-25 14:59:59.999,c0f18c08-a06a-442c-9767-2fdfe57ddb14,
63070031,2025-12-25 15:00:00.000,,acf86a45-fb44-4f5a-8cc2-76720823a6a3.binning_data.json,10011,63070031,2025-12-25 16:06:28.916,2025-12-25 16:06:28.916,100.0,29.0,64.0,,UTC-0300,tWUO8ZL77Z,,com.sec.android.app.shealth,2025-12-25 15:59:59.999,acf86a45-fb44-4f5a-8cc2-76720823a6a3,
63070031,2025-12-26 01:00:00.000,,035597bb-95c1-4d28-9a46-e494056bb773.binning_data.json,10011,63070031,2025-12-26 02:18:41.424,2025-12-26 02:18:41.424,94.0,0.0,30.0,,UTC-0300,tWUO8ZL77Z,,com.sec.android.app.shealth,2025-12-26 01:59:59.999,035597bb-95c1-4d28-9a46-e494056bb773,
63070031,2025-12-26 02:00:00.000,,c0e4a55d-58c2-484d-a4c7-125998f3d627.binning_data.json,10011,63070031,2025-12-26 03:21:03.553,2025-12-26 03:21:03.553,25.0,0.0,5.0,,UTC-0300,tWUO8ZL77Z,,com.sec.android.app.shealth,2025-12-26 02:59:59.999,c0e4a55d-58c2-484d-a4c7-125998f3d627,
63070031,2025-12-26 03:00:00.000,,bea912b7-565e-4b99-aa5e-f2be6ec5e3fc.binning_data.json,10011,63070031,2025-12-26 04:18:45.305,2025-12-26 04:18:45.305,0.0,0.0,0.0,,UTC-0300,tWUO8ZL77Z,,com.sec.android.app.shealth,2025-12-26 03:59:59.999,bea912b7-565e-4b99-aa5e-f2be6ec5e3fc,
63070031,2025-12-26 04:00:00.000,,ea194fc9-3214-43ab-b9ed-c567254321d3.binning_data.json,10011,63070031,2025-12-26 05:23:42.537,2025-12-26 05:23:42.537,28.0,0.0,3.0,,UTC-0300,tWUO8ZL77Z,,com.sec.android.app.shealth,2025-12-26 04:59:59.999,ea194fc9-3214-43ab-b9ed-c567254321d3,
63070031,2025-12-26 05:00:00.000,,b6e0f06f-7378-46e9-b477-a0b34c2200de.binning_data.json,10011,63070031,2025-12-26 06:03:54.723,2025-12-26 06:03:54.723,57.0,0.0,14.0,,UTC-0300,tWUO8ZL77Z,,com.sec.android.app.shealth,2025-12-26 05:59:59.999,b6e0f06f-7378-46e9-b477-a0b34c2200de,
63070031,2025-12-25 16:00:00.000,,eb0417f6-b122-49c0-956b-c2266f477e54.binning_data.json,10011,63070031,2025-12-25 17:05:25.369,2025-12-25 17:05:25.369,100.0,12.0,47.0,,UTC-0300,tWUO8ZL77Z,,com.sec.android.app.shealth,2025-12-25 16:59:59.999,eb0417f6-b122-49c0-956b-c2266f477e54,
63070031,2025-12-25 17:00:00.000,,46b6b590-8af7-4fd0-8057-8066a8fd81ad.binning_data.json,10011,63070031,2025-12-25 18:09:23.284,2025-12-25 18:09:23.284,97.0,9.0,39.0,,UTC-0300,tWUO8ZL77Z,,com.sec.android.app.shealth,2025-12-25 17:59:59.999,46b6b590-8af7-4fd0-8057-8066a8fd81ad,
63070031,2025-12-25 18:00:00.000,,95159795-968d-465a-b2ec-3d13b77cec4c.binning_data.json,10011,63070031,2025-12-26 01:18:48.496,2025-12-26 01:08:00.003,96.0,2.0,84.0,,UTC-0300,tWUO8ZL77Z,,com.sec.android.app.shealth,2025-12-25 18:59:59.999,95159795-968d-465a-b2ec-3d13b77cec4c,
63070031,2025-12-26 09:00:00.000,,da3615fe-9dfb-45ba-a8d0-3e7aab34a6ff.binning_data.json,10011,63070031,2025-12-26 10:05:03.441,2025-12-26 10:05:03.441,100.0,12.0,57.0,,UTC-0300,tWUO8ZL77Z,,com.sec.android.app.shealth,2025-12-26 09:59:59.999,da3615fe-9dfb-45ba-a8d0-3e7aab34a6ff,
63070031,2025-12-26 06:00:00.000,,a95fcf40-e0fb-408b-b13d-7b8f76a50eb9.binning_data.json,10011,63070031,2025-12-26 09:20:48.363,2025-12-26 09:20:48.363,39.0,0.0,2.0,,UTC-0300,tWUO8ZL77Z,,com.sec.android.app.shealth,2025-12-26 06:59:59.999,a95fcf40-e0fb-408b-b13d-7b8f76a50eb9,
63070031,2025-12-26 10:00:00.000,,25e51af5-31ca-4df7-912c-288065441b6c.binning_data.json,10011,63070031,2025-12-26 11:01:14.851,2025-12-26 10:38:54.507,100.0,9.0,54.0,,UTC-0300,tWUO8ZL77Z,,com.sec.android.app.shealth,2025-12-26 10:59:59.999,25e51af5-31ca-4df7-912c-288065441b6c,
63070031,2025-12-26 11:00:00.000,,748add52-428a-42ff-98a3-61883a3f3734.binning_data.json,10011,63070031,2025-12-26 12:12:57.356,2025-12-26 12:12:57.356,100.0,8.0,52.0,,UTC-0300,tWUO8ZL77Z,,com.sec.android.app.shealth,2025-12-26 11:59:59.999,748add52-428a-42ff-98a3-61883a3f3734,
63070031,2025-12-26 12:00:00.000,,50a064fe-0e80-4222-90df-f962a43cdb96.binning_data.json,10011,63070031,2025-12-26 13:01:18.163,2025-12-26 13:01:18.163,98.0,11.0,69.0,,UTC-0300,tWUO8ZL77Z,,com.sec.android.app.shealth,2025-12-26 12:59:59.999,50a064fe-0e80-4222-90df-f962a43cdb96,
63070031,2025-12-26 16:00:00.000,,fe0a0a41-c034-4c5c-bfab-adf80e6e7b33.binning_data.json,10011,63070031,2025-12-26 17:06:19.807,2025-12-26 17:06:19.807,94.0,25.0,68.0,,UTC-0300,tWUO8ZL77Z,,com.sec.android.app.shealth,2025-12-26 16:59:59.999,fe0a0a41-c034-4c5c-bfab-adf80e6e7b33,
63070031,2025-12-26 13:00:00.000,,8f3fef45-e6fb-4d77-9f0a-90aae0ff85cc.binning_data.json,10011,63070031,2025-12-26 14:30:23.515,2025-12-26 14:30:23.515,100.0,11.0,62.0,,UTC-0300,tWUO8ZL77Z,,com.sec.android.app.shealth,2025-12-26 13:59:59.999,8f3fef45-e6fb-4d77-9f0a-90aae0ff85cc,
63070031,2025-12-26 14:00:00.000,,56886481-9496-4766-aa4d-4d569556d748.binning_data.json,10011,63070031,2025-12-26 15:25:40.233,2025-12-26 15:25:40.233,95.0,11.0,44.0,,UTC-0300,tWUO8ZL77Z,,com.sec.android.app.shealth,2025-12-26 14:59:59.999,56886481-9496-4766-aa4d-4d569556d748,
63070031,2025-12-26 15:00:00.000,,1e14be82-57ca-414a-a2da-d235c2182679.binning_data.json,10011,63070031,2025-12-26 16:38:18.735,2025-12-26 16:38:18.735,98.0,19.0,59.0,,UTC-0300,tWUO8ZL77Z,,com.sec.android.app.shealth,2025-12-26 15:59:59.999,1e14be82-57ca-414a-a2da-d235c2182679,
63070031,2025-12-26 17:00:00.000,,6959004f-fcb2-417c-877b-18fc70abc038.binning_data.json,10011,63070031,2025-12-26 18:04:24.347,2025-12-26 18:04:24.347,100.0,12.0,52.0,,UTC-0300,tWUO8ZL77Z,,com.sec.android.app.shealth,2025-12-26 17:59:59.999,6959004f-fcb2-417c-877b-18fc70abc038,
63070031,2025-12-26 18:00:00.000,,9141a32a-32fa-4a2e-9a86-a40dd3e7a04b.binning_data.json,10011,63070031,2025-12-26 19:11:07.739,2025-12-26 19:11:07.739,58.0,5.0,29.0,,UTC-0300,tWUO8ZL77Z,,com.sec.android.app.shealth,2025-12-26 18:59:59.999,9141a32a-32fa-4a2e-9a86-a40dd3e7a04b,
63070031,2025-12-26 19:00:00.000,,19e21c4a-3140-4081-a6cd-2f49e73138b0.binning_data.json,10011,63070031,2025-12-26 20:06:49.467,2025-12-26 20:06:49.467,79.0,4.0,44.0,,UTC-0300,tWUO8ZL77Z,,com.sec.android.app.shealth,2025-12-26 19:59:59.999,19e21c4a-3140-4081-a6cd-2f49e73138b0,
63070031,2025-12-26 20:00:00.000,,ae11604b-02d1-4b27-9718-0268bbc48e5d.binning_data.json,10011,63070031,2025-12-26 21:01:29.850,2025-12-26 20:06:49.566,90.0,5.0,41.0,,UTC-0300,tWUO8ZL77Z,,com.sec.android.app.shealth,2025-12-26 20:59:59.999,ae11604b-02d1-4b27-9718-0268bbc48e5d,
63070031,2025-12-26 21:00:00.000,,e34f5a52-2479-4454-a269-9e44a6dcb838.binning_data.json,10011,63070031,2025-12-26 22:10:40.507,2025-12-26 21:34:29.242,69.0,1.0,28.0,,UTC-0300,tWUO8ZL77Z,,com.sec.android.app.shealth,2025-12-26 21:59:59.999,e34f5a52-2479-4454-a269-9e44a6dcb838,
63070031,2025-12-27 01:00:00.000,,29141e26-a76b-41cd-8f2c-acec77afa888.binning_data.json,10011,63070031,2025-12-27 02:10:27.582,2025-12-27 02:10:27.582,10.0,1.0,5.0,,UTC-0300,tWUO8ZL77Z,,com.sec.android.app.shealth,2025-12-27 01:59:59.999,29141e26-a76b-41cd-8f2c-acec77afa888,
63070031,2025-12-27 02:00:00.000,,4963533e-5261-4c36-8d4f-d780092a78d4.binning_data.json,10011,63070031,2025-12-27 03:01:00.550,2025-12-27 03:01:00.550,13.0,1.0,4.0,,UTC-0300,tWUO8ZL77Z,,com.sec.android.app.shealth,2025-12-27 02:59:59.999,4963533e-5261-4c36-8d4f-d780092a78d4,
63070031,2025-12-26 22:00:00.000,,3c87e46e-bf0e-419a-b626-ada59d317657.binning_data.json,10011,63070031,2025-12-27 00:31:17.781,2025-12-27 00:31:17.781,98.0,9.0,48.0,,UTC-0300,tWUO8ZL77Z,,com.sec.android.app.shealth,2025-12-26 22:59:59.999,3c87e46e-bf0e-419a-b626-ada59d317657,
63070031,2025-12-26 23:00:00.000,,11fba446-451f-4fd9-8576-a9e07526c29a.binning_data.json,10011,63070031,2025-12-27 00:42:33.758,2025-12-27 00:42:33.758,40.0,40.0,40.0,,UTC-0300,tWUO8ZL77Z,,com.sec.android.app.shealth,2025-12-26 23:59:59.999,11fba446-451f-4fd9-8576-a9e07526c29a,
63070031,2025-12-27 00:00:00.000,,5213052f-2596-4742-9b22-34a29e5f069e.binning_data.json,10011,63070031,2025-12-27 01:23:00.382,2025-12-27 01:23:00.382,98.0,6.0,43.0,,UTC-0300,tWUO8ZL77Z,,com.sec.android.app.shealth,2025-12-27 00:59:59.999,5213052f-2596-4742-9b22-34a29e5f069e,
63070031,2025-12-27 03:00:00.000,,dc88cd0a-2ff2-4fdb-89f2-2dc07edf81b3.binning_data.json,10011,63070031,2025-12-27 04:14:40.364,2025-12-27 04:02:41.355,9.0,0.0,2.0,,UTC-0300,tWUO8ZL77Z,,com.sec.android.app.shealth,2025-12-27 03:59:59.999,dc88cd0a-2ff2-4fdb-89f2-2dc07edf81b3,
63070031,2025-12-27 04:00:00.000,,aff4a5b9-9262-4632-9b93-4ede10bb4d0a.binning_data.json,10011,63070031,2025-12-27 09:57:34.286,2025-12-27 08:05:55.015,0.0,0.0,0.0,,UTC-0300,tWUO8ZL77Z,,com.sec.android.app.shealth,2025-12-27 04:59:59.999,aff4a5b9-9262-4632-9b93-4ede10bb4d0a,
63070031,2025-12-27 09:00:00.000,,da1bd306-36ef-43a1-88fc-70d49e6c245c.binning_data.json,10011,63070031,2025-12-27 10:01:37.513,2025-12-27 09:57:34.363,6.0,1.0,3.0,,UTC-0300,tWUO8ZL77Z,,com.sec.android.app.shealth,2025-12-27 09:59:59.999,da1bd306-36ef-43a1-88fc-70d49e6c245c,
63070031,2025-12-27 10:00:00.000,,103069d8-b375-45e8-85da-d02daf9e741e.binning_data.json,10011,63070031,2025-12-27 11:02:03.439,2025-12-27 11:02:03.439,100.0,4.0,51.0,,UTC-0300,tWUO8ZL77Z,,com.sec.android.app.shealth,2025-12-27 10:59:59.999,103069d8-b375-45e8-85da-d02daf9e741e,
63070031,2025-12-27 11:00:00.000,,d3f6506a-ba2b-4552-938d-9f9f34e23bcc.binning_data.json,10011,63070031,2025-12-27 12:14:00.667,2025-12-27 12:14:00.667,99.0,19.0,52.0,,UTC-0300,tWUO8ZL77Z,,com.sec.android.app.shealth,2025-12-27 11:59:59.999,d3f6506a-ba2b-4552-938d-9f9f34e23bcc,
63070031,2025-12-27 12:00:00.000,,44687249-9087-434d-aa03-54f8d09e2231.binning_data.json,10011,63070031,2025-12-27 13:06:47.267,2025-12-27 13:06:47.267,96.0,24.0,52.0,,UTC-0300,tWUO8ZL77Z,,com.sec.android.app.shealth,2025-12-27 12:59:59.999,44687249-9087-434d-aa03-54f8d09e2231,
63070031,2025-12-27 13:00:00.000,,6e2d1cd5-345d-4650-b1ab-188a327b3123.binning_data.json,10011,63070031,2025-12-27 14:06:52.243,2025-12-27 14:06:52.243,87.0,16.0,49.0,,UTC-0300,tWUO8ZL77Z,,com.sec.android.app.shealth,2025-12-27 13:59:59.999,6e2d1cd5-345d-4650-b1ab-188a327b3123,
63070031,2025-12-27 14:00:00.000,,bcf30307-892f-4104-a837-c7f12b2e63f2.binning_data.json,10011,63070031,2025-12-27 15:02:40.669,2025-12-27 15:02:40.669,99.0,1.0,49.0,,UTC-0300,tWUO8ZL77Z,,com.sec.android.app.shealth,2025-12-27 14:59:59.999,bcf30307-892f-4104-a837-c7f12b2e63f2,
63070031,2025-12-27 15:00:00.000,,ef38489e-fd2e-4773-9681-19c3165e7037.binning_data.json,10011,63070031,2025-12-27 16:24:42.052,2025-12-27 16:24:42.052,95.0,10.0,45.0,,UTC-0300,tWUO8ZL77Z,,com.sec.android.app.shealth,2025-12-27 15:59:59.999,ef38489e-fd2e-4773-9681-19c3165e7037,
63070031,2025-12-27 16:00:00.000,,33e234fe-5d77-46b2-800f-d4d730609faa.binning_data.json,10011,63070031,2025-12-27 17:06:05.603,2025-12-27 17:06:05.603,95.0,39.0,65.0,,UTC-0300,tWUO8ZL77Z,,com.sec.android.app.shealth,2025-12-27 16:59:59.999,33e234fe-5d77-46b2-800f-d4d730609faa,
63070031,2025-12-27 17:00:00.000,,1c92b297-4308-44f9-9c92-339fab18310b.binning_data.json,10011,63070031,2025-12-27 18:07:22.829,2025-12-27 18:07:22.829,100.0,16.0,78.0,,UTC-0300,tWUO8ZL77Z,,com.sec.android.app.shealth,2025-12-27 17:59:59.999,1c92b297-4308-44f9-9c92-339fab18310b,
63070031,2025-12-27 18:00:00.000,,d216153d-a747-4a95-a7ef-149aecfe38aa.binning_data.json,10011,63070031,2025-12-27 19:21:11.739,2025-12-27 18:56:50.753,100.0,14.0,62.0,,UTC-0300,tWUO8ZL77Z,,com.sec.android.app.shealth,2025-12-27 18:59:59.999,d216153d-a747-4a95-a7ef-149aecfe38aa,
63070031,2025-12-28 04:00:00.000,,ac33b3be-03d6-4cbc-99a4-db5614fc9eee.binning_data.json,10011,63070031,2025-12-28 05:53:00.675,2025-12-28 05:44:48.366,22.0,1.0,7.0,,UTC-0300,tWUO8ZL77Z,,com.sec.android.app.shealth,2025-12-28 04:59:59.999,ac33b3be-03d6-4cbc-99a4-db5614fc9eee,
63070031,2025-12-27 19:00:00.000,,ed4ddab7-0ebf-4cb5-99f2-d39ef2a4abb0.binning_data.json,10011,63070031,2025-12-27 20:03:33.576,2025-12-27 20:03:33.576,69.0,11.0,35.0,,UTC-0300,tWUO8ZL77Z,,com.sec.android.app.shealth,2025-12-27 19:59:59.999,ed4ddab7-0ebf-4cb5-99f2-d39ef2a4abb0,
63070031,2025-12-27 20:00:00.000,,6de0515c-6b40-414b-adeb-855cd4888488.binning_data.json,10011,63070031,2025-12-27 21:22:51.815,2025-12-27 21:22:51.815,82.0,4.0,40.0,,UTC-0300,tWUO8ZL77Z,,com.sec.android.app.shealth,2025-12-27 20:59:59.999,6de0515c-6b40-414b-adeb-855cd4888488,
63070031,2025-12-28 02:00:00.000,,565feac5-c247-4a50-bf09-0a753605d06f.binning_data.json,10011,63070031,2025-12-28 03:27:42.767,2025-12-28 03:27:42.767,78.0,9.0,30.0,,UTC-0300,tWUO8ZL77Z,,com.sec.android.app.shealth,2025-12-28 02:59:59.999,565feac5-c247-4a50-bf09-0a753605d06f,
63070031,2025-12-27 22:00:00.000,,2a0f2f31-e73e-4f39-aa18-24cfc8dca92e.binning_data.json,10011,63070031,2025-12-27 23:05:24.565,2025-12-27 22:47:48.831,99.0,0.0,35.0,,UTC-0300,tWUO8ZL77Z,,com.sec.android.app.shealth,2025-12-27 22:59:59.999,2a0f2f31-e73e-4f39-aa18-24cfc8dca92e,
63070031,2025-12-28 08:00:00.000,,45e9272b-82b5-4b49-bd34-0384c6825a78.binning_data.json,10011,63070031,2025-12-28 09:19:24.770,2025-12-28 09:19:24.770,0.0,0.0,0.0,,UTC-0300,tWUO8ZL77Z,,com.sec.android.app.shealth,2025-12-28 08:59:59.999,45e9272b-82b5-4b49-bd34-0384c6825a78,
63070031,2025-12-28 00:00:00.000,,d490bbc2-fd20-4daa-8fe4-ae477f0ad2a7.binning_data.json,10011,63070031,2025-12-28 02:34:53.217,2025-12-28 02:34:53.217,100.0,13.0,43.0,,UTC-0300,tWUO8ZL77Z,,com.sec.android.app.shealth,2025-12-28 00:59:59.999,d490bbc2-fd20-4daa-8fe4-ae477f0ad2a7,
63070031,2025-12-27 23:00:00.000,,6b9353b4-ca14-4dce-abef-61ebcc85d641.binning_data.json,10011,63070031,2025-12-28 00:11:19.291,2025-12-28 00:11:19.291,97.0,8.0,46.0,,UTC-0300,tWUO8ZL77Z,,com.sec.android.app.shealth,2025-12-27 23:59:59.999,6b9353b4-ca14-4dce-abef-61ebcc85d641,
63070031,2025-12-28 03:00:00.000,,cb6cf91c-4235-4824-809e-28922d940111.binning_data.json,10011,63070031,2025-12-28 04:07:50.731,2025-12-28 04:07:50.731,23.0,2.0,7.0,,UTC-0300,tWUO8ZL77Z,,com.sec.android.app.shealth,2025-12-28 03:59:59.999,cb6cf91c-4235-4824-809e-28922d940111,
63070031,2025-12-28 15:00:00.000,,9c642041-aecb-449c-b686-eede1e36efcc.binning_data.json,10011,63070031,2025-12-28 16:10:58.183,2025-12-28 16:10:58.183,79.0,0.0,9.0,,UTC-0300,tWUO8ZL77Z,,com.sec.android.app.shealth,2025-12-28 15:59:59.999,9c642041-aecb-449c-b686-eede1e36efcc,
63070031,2025-12-27 21:00:00.000,,96638e91-1881-43f8-a488-45946446fa12.binning_data.json,10011,63070031,2025-12-27 22:13:54.895,2025-12-27 22:13:54.895,84.0,11.0,40.0,,UTC-0300,tWUO8ZL77Z,,com.sec.android.app.shealth,2025-12-27 21:59:59.999,96638e91-1881-43f8-a488-45946446fa12,
63070031,2025-12-28 10:00:00.000,,6bfcac35-e597-48ff-8771-cfae11128d0f.binning_data.json,10011,63070031,2025-12-28 11:15:29.997,2025-12-28 11:15:29.997,99.0,7.0,67.0,,UTC-0300,tWUO8ZL77Z,,com.sec.android.app.shealth,2025-12-28 10:59:59.999,6bfcac35-e597-48ff-8771-cfae11128d0f,
63070031,2025-12-28 06:00:00.000,,d4be4de1-3389-49e8-b51d-befa97949085.binning_data.json,10011,63070031,2025-12-28 08:56:20.494,2025-12-28 08:41:15.330,0.0,0.0,0.0,,UTC-0300,tWUO8ZL77Z,,com.sec.android.app.shealth,2025-12-28 06:59:59.999,d4be4de1-3389-49e8-b51d-befa97949085,
63070031,2025-12-28 05:00:00.000,,8538bbde-0957-4006-a3e2-ca99331758ea.binning_data.json,10011,63070031,2025-12-28 06:10:00.110,2025-12-28 06:10:00.110,0.0,0.0,0.0,,UTC-0300,tWUO8ZL77Z,,com.sec.android.app.shealth,2025-12-28 05:59:59.999,8538bbde-0957-4006-a3e2-ca99331758ea,
63070031,2025-12-28 09:00:00.000,,3f166d44-5a31-47ea-8cfc-45adf9c2deea.binning_data.json,10011,63070031,2025-12-28 10:58:01.364,2025-12-28 10:58:01.364,0.0,0.0,0.0,,UTC-0300,tWUO8ZL77Z,,com.sec.android.app.shealth,2025-12-28 09:59:59.999,3f166d44-5a31-47ea-8cfc-45adf9c2deea,
63070031,2025-12-28 13:00:00.000,,2dcdaa73-0e68-470b-b5e6-f4a8c5b26b9c.binning_data.json,10011,63070031,2025-12-28 14:02:40.856,2025-12-28 14:02:40.856,24.0,16.0,20.0,,UTC-0300,tWUO8ZL77Z,,com.sec.android.app.shealth,2025-12-28 13:59:59.999,2dcdaa73-0e68-470b-b5e6-f4a8c5b26b9c,
63070031,2025-12-28 11:00:00.000,,711d3f56-dcc8-4c0e-80b8-084af6991e3d.binning_data.json,10011,63070031,2025-12-28 12:06:23.437,2025-12-28 12:06:23.437,99.0,0.0,45.0,,UTC-0300,tWUO8ZL77Z,,com.sec.android.app.shealth,2025-12-28 11:59:59.999,711d3f56-dcc8-4c0e-80b8-084af6991e3d,
63070031,2025-12-28 20:00:00.000,,6c5e26f6-e13a-41bf-a82a-76c192b8bce9.binning_data.json,10011,63070031,2025-12-28 21:09:10.596,2025-12-28 21:09:10.596,83.0,13.0,50.0,,UTC-0300,tWUO8ZL77Z,,com.sec.android.app.shealth,2025-12-28 20:59:59.999,6c5e26f6-e13a-41bf-a82a-76c192b8bce9,
63070031,2025-12-29 00:00:00.000,,6e2a8cc3-b521-47eb-a823-6be1276691dc.binning_data.json,10011,63070031,2025-12-29 01:12:53.873,2025-12-29 01:12:53.873,100.0,40.0,63.0,,UTC-0300,tWUO8ZL77Z,,com.sec.android.app.shealth,2025-12-29 00:59:59.999,6e2a8cc3-b521-47eb-a823-6be1276691dc,
63070031,2025-12-28 16:00:00.000,,54941b72-0595-4963-b797-bee615e9dfcf.binning_data.json,10011,63070031,2025-12-28 17:02:03.580,2025-12-28 17:02:03.580,99.0,29.0,78.0,,UTC-0300,tWUO8ZL77Z,,com.sec.android.app.shealth,2025-12-28 16:59:59.999,54941b72-0595-4963-b797-bee615e9dfcf,
63070031,2025-12-29 11:00:00.000,,e6d7b87e-7a40-4316-8275-1b33b37dcd29.binning_data.json,10011,63070031,2025-12-29 12:06:00.800,2025-12-29 12:06:00.800,80.0,0.0,17.0,,UTC-0300,tWUO8ZL77Z,,com.sec.android.app.shealth,2025-12-29 11:59:59.999,e6d7b87e-7a40-4316-8275-1b33b37dcd29,
63070031,2025-12-28 12:00:00.000,,e39fd2a6-ee4c-4cb2-8490-9df962a4de97.binning_data.json,10011,63070031,2025-12-28 13:46:17.933,2025-12-28 13:46:17.933,100.0,11.0,41.0,,UTC-0300,tWUO8ZL77Z,,com.sec.android.app.shealth,2025-12-28 12:59:59.999,e39fd2a6-ee4c-4cb2-8490-9df962a4de97,
63070031,2025-12-28 22:00:00.000,,aca9e23f-60d6-4fc0-950d-d27099bd10ac.binning_data.json,10011,63070031,2025-12-28 23:04:29.147,2025-12-28 23:04:29.147,90.0,11.0,48.0,,UTC-0300,tWUO8ZL77Z,,com.sec.android.app.shealth,2025-12-28 22:59:59.999,aca9e23f-60d6-4fc0-950d-d27099bd10ac,
63070031,2025-12-29 13:00:00.000,,8ac4a4ad-5880-4088-b82e-1663fb4d9bee.binning_data.json,10011,63070031,2025-12-29 14:15:01.309,2025-12-29 14:15:01.309,98.0,14.0,63.0,,UTC-0300,tWUO8ZL77Z,,com.sec.android.app.shealth,2025-12-29 13:59:59.999,8ac4a4ad-5880-4088-b82e-1663fb4d9bee,
63070031,2025-12-28 18:00:00.000,,fa739922-a997-4122-b0ac-bae89ef1f07b.binning_data.json,10011,63070031,2025-12-28 19:22:27.810,2025-12-28 18:24:43.300,79.0,15.0,37.0,,UTC-0300,tWUO8ZL77Z,,com.sec.android.app.shealth,2025-12-28 18:59:59.999,fa739922-a997-4122-b0ac-bae89ef1f07b,
63070031,2025-12-28 14:00:00.000,,b8d7a80b-6fbb-4f5e-bd02-f1502aa5e2f6.binning_data.json,10011,63070031,2025-12-28 15:04:14.561,2025-12-28 15:04:14.561,81.0,0.0,31.0,,UTC-0300,tWUO8ZL77Z,,com.sec.android.app.shealth,2025-12-28 14:59:59.999,b8d7a80b-6fbb-4f5e-bd02-f1502aa5e2f6,
63070031,2025-12-28 19:00:00.000,,2c6a1807-d4f4-458e-9895-182f6e0bae26.binning_data.json,10011,63070031,2025-12-28 20:10:14.700,2025-12-28 20:10:14.700,98.0,1.0,79.0,,UTC-0300,tWUO8ZL77Z,,com.sec.android.app.shealth,2025-12-28 19:59:59.999,2c6a1807-d4f4-458e-9895-182f6e0bae26,
63070031,2025-12-29 10:00:00.000,,970d1148-9cd9-4215-92be-38df9899b915.binning_data.json,10011,63070031,2025-12-29 11:02:10.218,2025-12-29 10:56:40.725,0.0,0.0,0.0,,UTC-0300,tWUO8ZL77Z,,com.sec.android.app.shealth,2025-12-29 10:59:59.999,970d1148-9cd9-4215-92be-38df9899b915,
63070031,2025-12-28 23:00:00.000,,f63143da-612b-42ac-8a7f-69258ab74f1b.binning_data.json,10011,63070031,2025-12-29 00:34:52.155,2025-12-28 23:30:24.536,65.0,14.0,41.0,,UTC-0300,tWUO8ZL77Z,,com.sec.android.app.shealth,2025-12-28 23:59:59.999,f63143da-612b-42ac-8a7f-69258ab74f1b,
63070031,2025-12-29 17:00:00.000,,9a08aee7-becb-414f-818a-9fa026827cb7.binning_data.json,10011,63070031,2025-12-29 18:03:47.219,2025-12-29 18:03:47.219,100.0,5.0,46.0,,UTC-0300,tWUO8ZL77Z,,com.sec.android.app.shealth,2025-12-29 17:59:59.999,9a08aee7-becb-414f-818a-9fa026827cb7,
63070031,2025-12-28 17:00:00.000,,e5b4178a-f08a-4a83-845e-44a53cee5b70.binning_data.json,10011,63070031,2025-12-28 18:03:58.969,2025-12-28 18:03:58.969,94.0,14.0,54.0,,UTC-0300,tWUO8ZL77Z,,com.sec.android.app.shealth,2025-12-28 17:59:59.999,e5b4178a-f08a-4a83-845e-44a53cee5b70,
63070031,2025-12-29 19:00:00.000,,165ecf96-8e3a-4609-affc-aff3ba18b70b.binning_data.json,10011,63070031,2025-12-29 20:34:25.624,2025-12-29 20:34:25.624,95.0,1.0,39.0,,UTC-0300,tWUO8ZL77Z,,com.sec.android.app.shealth,2025-12-29 19:59:59.999,165ecf96-8e3a-4609-affc-aff3ba18b70b,
63070031,2025-12-28 21:00:00.000,,98740726-ddb5-486e-bb3d-0355bd119ce6.binning_data.json,10011,63070031,2025-12-28 22:04:31.433,2025-12-28 21:14:52.547,93.0,5.0,47.0,,UTC-0300,tWUO8ZL77Z,,com.sec.android.app.shealth,2025-12-28 21:59:59.999,98740726-ddb5-486e-bb3d-0355bd119ce6,
63070031,2025-12-29 03:00:00.000,,55fea3ca-ddf6-44d8-9e1c-d874a32002ff.binning_data.json,10011,63070031,2025-12-29 10:56:40.627,2025-12-29 10:56:17.652,0.0,0.0,0.0,,UTC-0300,tWUO8ZL77Z,,com.sec.android.app.shealth,2025-12-29 03:59:59.999,55fea3ca-ddf6-44d8-9e1c-d874a32002ff,
63070031,2025-12-29 22:00:00.000,,f93acfc9-5aaf-4f98-8fd4-abff5a8fc7db.binning_data.json,10011,63070031,2025-12-29 23:06:33.028,2025-12-29 23:06:33.028,96.0,0.0,29.0,,UTC-0300,tWUO8ZL77Z,,com.sec.android.app.shealth,2025-12-29 22:59:59.999,f93acfc9-5aaf-4f98-8fd4-abff5a8fc7db,
63070031,2025-12-29 12:00:00.000,,490550c2-cd45-44de-b6a5-24a9c0a71a87.binning_data.json,10011,63070031,2025-12-29 13:02:21.722,2025-12-29 12:36:49.619,86.0,0.0,30.0,,UTC-0300,tWUO8ZL77Z,,com.sec.android.app.shealth,2025-12-29 12:59:59.999,490550c2-cd45-44de-b6a5-24a9c0a71a87,
63070031,2025-12-29 02:00:00.000,,53b75637-9b46-4879-bdb4-99a813ce678d.binning_data.json,10011,63070031,2025-12-29 10:56:13.597,2025-12-29 10:56:13.597,0.0,0.0,0.0,,UTC-0300,tWUO8ZL77Z,,com.sec.android.app.shealth,2025-12-29 02:59:59.999,53b75637-9b46-4879-bdb4-99a813ce678d,
63070031,2025-12-30 02:00:00.000,,8ceddb23-d43a-4c0f-9216-61cf452b6ac5.binning_data.json,10011,63070031,2025-12-30 03:20:48.879,2025-12-30 03:20:48.879,51.0,0.0,6.0,,UTC-0300,tWUO8ZL77Z,,com.sec.android.app.shealth,2025-12-30 02:59:59.999,8ceddb23-d43a-4c0f-9216-61cf452b6ac5,
63070031,2025-12-29 14:00:00.000,,ee143126-831f-4604-830b-82c3da175c82.binning_data.json,10011,63070031,2025-12-29 15:14:36.573,2025-12-29 15:14:36.573,73.0,0.0,19.0,,UTC-0300,tWUO8ZL77Z,,com.sec.android.app.shealth,2025-12-29 14:59:59.999,ee143126-831f-4604-830b-82c3da175c82,
63070031,2025-12-30 01:00:00.000,,4844c745-1838-491b-9cfc-62df4b280284.binning_data.json,10011,63070031,2025-12-30 02:21:33.577,2025-12-30 02:21:33.577,100.0,0.0,65.0,,UTC-0300,tWUO8ZL77Z,,com.sec.android.app.shealth,2025-12-30 01:59:59.999,4844c745-1838-491b-9cfc-62df4b280284,
63070031,2025-12-30 12:00:00.000,,a94827fa-8a42-423c-b773-779fc87b3bc7.binning_data.json,10011,63070031,2025-12-30 13:06:46.630,2025-12-30 12:47:44.166,83.0,5.0,39.0,,UTC-0300,tWUO8ZL77Z,,com.sec.android.app.shealth,2025-12-30 12:59:59.999,a94827fa-8a42-423c-b773-779fc87b3bc7,
63070031,2025-12-29 01:00:00.000,,16151344-a821-418b-a334-49aa55a65bfc.binning_data.json,10011,63070031,2025-12-29 02:53:18.101,2025-12-29 02:43:18.327,60.0,0.0,7.0,,UTC-0300,tWUO8ZL77Z,,com.sec.android.app.shealth,2025-12-29 01:59:59.999,16151344-a821-418b-a334-49aa55a65bfc,
63070031,2025-12-29 20:00:00.000,,c3387733-4c6c-408f-a617-e0d0b4995f59.binning_data.json,10011,63070031,2025-12-29 21:04:05.683,2025-12-29 20:39:38.471,66.0,9.0,33.0,,UTC-0300,tWUO8ZL77Z,,com.sec.android.app.shealth,2025-12-29 20:59:59.999,c3387733-4c6c-408f-a617-e0d0b4995f59,
63070031,2025-12-29 21:00:00.000,,4078044c-e315-402d-adf0-9e2b844f228c.binning_data.json,10011,63070031,2025-12-29 22:02:01.009,2025-12-29 21:21:54.372,99.0,0.0,28.0,,UTC-0300,tWUO8ZL77Z,,com.sec.android.app.shealth,2025-12-29 21:59:59.999,4078044c-e315-402d-adf0-9e2b844f228c,
63070031,2025-12-29 18:00:00.000,,6c24efa4-b4ba-4241-a1bd-33d50948f8b8.binning_data.json,10011,63070031,2025-12-29 19:12:14.914,2025-12-29 19:12:14.914,96.0,3.0,39.0,,UTC-0300,tWUO8ZL77Z,,com.sec.android.app.shealth,2025-12-29 18:59:59.999,6c24efa4-b4ba-4241-a1bd-33d50948f8b8,
63070031,2025-12-29 15:00:00.000,,3189230a-8170-4d09-8fb1-09df3f021fb4.binning_data.json,10011,63070031,2025-12-29 16:15:55.346,2025-12-29 16:15:55.346,42.0,0.0,4.0,,UTC-0300,tWUO8ZL77Z,,com.sec.android.app.shealth,2025-12-29 15:59:59.999,3189230a-8170-4d09-8fb1-09df3f021fb4,
63070031,2025-12-30 11:00:00.000,,6ada97a7-d5fa-409e-a6c9-bf7f76b4c826.binning_data.json,10011,63070031,2025-12-30 12:11:43.996,2025-12-30 12:11:43.996,80.0,0.0,30.0,,UTC-0300,tWUO8ZL77Z,,com.sec.android.app.shealth,2025-12-30 11:59:59.999,6ada97a7-d5fa-409e-a6c9-bf7f76b4c826,
63070031,2025-12-30 08:00:00.000,,67baed65-a781-4b89-b310-f198f1dc686a.binning_data.json,10011,63070031,2025-12-30 09:02:10.817,2025-12-30 09:02:10.817,0.0,0.0,0.0,,UTC-0300,tWUO8ZL77Z,,com.sec.android.app.shealth,2025-12-30 08:59:59.999,67baed65-a781-4b89-b310-f198f1dc686a,
63070031,2025-12-30 04:00:00.000,,8a1378df-171e-4aa5-add4-b6119355a5e6.binning_data.json,10011,63070031,2025-12-30 05:17:42.213,2025-12-30 05:17:42.213,0.0,0.0,0.0,,UTC-0300,tWUO8ZL77Z,,com.sec.android.app.shealth,2025-12-30 04:59:59.999,8a1378df-171e-4aa5-add4-b6119355a5e6,
63070031,2025-12-29 23:00:00.000,,75dd058e-2e4a-4cec-ac4c-f210315afa9a.binning_data.json,10011,63070031,2025-12-30 01:55:23.779,2025-12-29 23:38:59.001,47.0,0.0,25.0,,UTC-0300,tWUO8ZL77Z,,com.sec.android.app.shealth,2025-12-29 23:59:59.999,75dd058e-2e4a-4cec-ac4c-f210315afa9a,
63070031,2025-12-29 16:00:00.000,,8635492c-097f-4233-8506-3df811d12d2a.binning_data.json,10011,63070031,2025-12-29 17:03:58.028,2025-12-29 17:03:58.028,48.0,3.0,23.0,,UTC-0300,tWUO8ZL77Z,,com.sec.android.app.shealth,2025-12-29 16:59:59.999,8635492c-097f-4233-8506-3df811d12d2a,
63070031,2025-12-30 10:00:00.000,,7533ad2b-c76d-415e-935f-06c9b7903551.binning_data.json,10011,63070031,2025-12-30 11:06:16.936,2025-12-30 11:06:16.936,81.0,0.0,26.0,,UTC-0300,tWUO8ZL77Z,,com.sec.android.app.shealth,2025-12-30 10:59:59.999,7533ad2b-c76d-415e-935f-06c9b7903551,
63070031,2025-12-30 03:00:00.000,,2d3ae836-6892-4b7b-a00e-91d63af0faa1.binning_data.json,10011,63070031,2025-12-30 04:22:19.422,2025-12-30 04:22:19.422,0.0,0.0,0.0,,UTC-0300,tWUO8ZL77Z,,com.sec.android.app.shealth,2025-12-30 03:59:59.999,2d3ae836-6892-4b7b-a00e-91d63af0faa1,
63070031,2025-12-30 17:00:00.000,,1e8fdf0c-0b6a-4579-9f6e-743d23763c4a.binning_data.json,10011,63070031,2025-12-30 18:09:31.677,2025-12-30 18:09:31.677,42.0,0.0,20.0,,UTC-0300,tWUO8ZL77Z,,com.sec.android.app.shealth,2025-12-30 17:59:59.999,1e8fdf0c-0b6a-4579-9f6e-743d23763c4a,
63070031,2025-12-30 13:00:00.000,,2d6284c2-80f5-4cba-ba96-5ed026777515.binning_data.json,10011,63070031,2025-12-30 14:16:00.404,2025-12-30 13:57:51.697,98.0,1.0,34.0,,UTC-0300,tWUO8ZL77Z,,com.sec.android.app.shealth,2025-12-30 13:59:59.999,2d6284c2-80f5-4cba-ba96-5ed026777515,
63070031,2025-12-30 05:00:00.000,,ed658580-da27-4312-8665-b66dfb2dd3bd.binning_data.json,10011,63070031,2025-12-30 08:47:06.165,2025-12-30 08:47:06.165,0.0,0.0,0.0,,UTC-0300,tWUO8ZL77Z,,com.sec.android.app.shealth,2025-12-30 05:59:59.999,ed658580-da27-4312-8665-b66dfb2dd3bd,
63070031,2025-12-30 09:00:00.000,,3c9d9fb0-aeae-4a03-bc2e-7b73339c3f90.binning_data.json,10011,63070031,2025-12-30 10:14:38.918,2025-12-30 10:14:38.918,81.0,0.0,16.0,,UTC-0300,tWUO8ZL77Z,,com.sec.android.app.shealth,2025-12-30 09:59:59.999,3c9d9fb0-aeae-4a03-bc2e-7b73339c3f90,
63070031,2025-12-30 21:00:00.000,,f6b4573f-107c-46f9-a534-880922bb8314.binning_data.json,10011,63070031,2025-12-30 22:21:00.810,2025-12-30 21:05:54.175,72.0,0.0,21.0,,UTC-0300,tWUO8ZL77Z,,com.sec.android.app.shealth,2025-12-30 21:59:59.999,f6b4573f-107c-46f9-a534-880922bb8314,
63070031,2025-12-30 22:00:00.000,,c612035f-0531-4c04-9d0a-c594704f6408.binning_data.json,10011,63070031,2025-12-30 23:20:24.014,2025-12-30 23:20:24.014,84.0,19.0,52.0,,UTC-0300,tWUO8ZL77Z,,com.sec.android.app.shealth,2025-12-30 22:59:59.999,c612035f-0531-4c04-9d0a-c594704f6408,
63070031,2025-12-30 14:00:00.000,,2e8bdeed-acb5-41b1-85b0-bc5c5f190518.binning_data.json,10011,63070031,2025-12-30 15:13:37.672,2025-12-30 14:39:56.577,78.0,1.0,18.0,,UTC-0300,tWUO8ZL77Z,,com.sec.android.app.shealth,2025-12-30 14:59:59.999,2e8bdeed-acb5-41b1-85b0-bc5c5f190518,
63070031,2025-12-30 16:00:00.000,,bc0e884e-1975-4720-b694-b9b66a653162.binning_data.json,10011,63070031,2025-12-30 17:11:11.839,2025-12-30 17:11:11.839,54.0,0.0,8.0,,UTC-0300,tWUO8ZL77Z,,com.sec.android.app.shealth,2025-12-30 16:59:59.999,bc0e884e-1975-4720-b694-b9b66a653162,
63070031,2025-12-31 01:00:00.000,,7c95ebb8-6930-4497-b336-886ce78ac21c.binning_data.json,10011,63070031,2025-12-31 02:25:53.048,2025-12-31 02:25:53.048,91.0,0.0,15.0,,UTC-0300,tWUO8ZL77Z,,com.sec.android.app.shealth,2025-12-31 01:59:59.999,7c95ebb8-6930-4497-b336-886ce78ac21c,
63070031,2025-12-30 15:00:00.000,,625ed9fb-9bc3-40a5-8bf2-0c1c801f1d5a.binning_data.json,10011,63070031,2025-12-30 16:04:08.305,2025-12-30 16:04:08.305,89.0,0.0,31.0,,UTC-0300,tWUO8ZL77Z,,com.sec.android.app.shealth,2025-12-30 15:59:59.999,625ed9fb-9bc3-40a5-8bf2-0c1c801f1d5a,
63070031,2025-12-30 23:00:00.000,,cc923298-ae7a-4c28-b1ee-a5caeed0c5b3.binning_data.json,10011,63070031,2025-12-31 00:20:41.236,2025-12-31 00:20:41.236,98.0,7.0,66.0,,UTC-0300,tWUO8ZL77Z,,com.sec.android.app.shealth,2025-12-30 23:59:59.999,cc923298-ae7a-4c28-b1ee-a5caeed0c5b3,
63070031,2025-12-31 10:00:00.000,,1f5a7037-4f97-4c2a-995c-9423bd569e58.binning_data.json,10011,63070031,2025-12-31 11:10:41.675,2025-12-31 11:10:41.675,90.0,0.0,21.0,,UTC-0300,tWUO8ZL77Z,,com.sec.android.app.shealth,2025-12-31 10:59:59.999,1f5a7037-4f97-4c2a-995c-9423bd569e58,
63070031,2025-12-31 07:00:00.000,,7b2bc73b-d810-41a4-8031-febfb71f344d.binning_data.json,10011,63070031,2025-12-31 08:03:36.048,2025-12-31 08:03:36.048,46.0,0.0,3.0,,UTC-0300,tWUO8ZL77Z,,com.sec.android.app.shealth,2025-12-31 07:59:59.999,7b2bc73b-d810-41a4-8031-febfb71f344d,
63070031,2025-12-30 20:00:00.000,,b4209f13-ef56-4f69-bfc0-b1b686460a48.binning_data.json,10011,63070031,2025-12-30 21:05:17.350,2025-12-30 21:05:17.350,100.0,0.0,31.0,,UTC-0300,tWUO8ZL77Z,,com.sec.android.app.shealth,2025-12-30 20:59:59.999,b4209f13-ef56-4f69-bfc0-b1b686460a48,
63070031,2025-12-31 08:00:00.000,,f42a4c6f-70af-49dc-b373-ecef7e125c2c.binning_data.json,10011,63070031,2025-12-31 09:19:04.662,2025-12-31 09:19:04.662,66.0,0.0,16.0,,UTC-0300,tWUO8ZL77Z,,com.sec.android.app.shealth,2025-12-31 08:59:59.999,f42a4c6f-70af-49dc-b373-ecef7e125c2c,
63070031,2025-12-31 02:00:00.000,,4c14ffec-4abe-4f6f-802d-ebb539c96714.binning_data.json,10011,63070031,2025-12-31 07:07:36.122,2025-12-31 07:07:36.122,17.0,0.0,3.0,,UTC-0300,tWUO8ZL77Z,,com.sec.android.app.shealth,2025-12-31 02:59:59.999,4c14ffec-4abe-4f6f-802d-ebb539c96714,
63070031,2025-12-31 18:00:00.000,,324ebb17-5eb6-46db-9569-f5a727141dfd.binning_data.json,10011,63070031,2025-12-31 23:47:40.190,2025-12-31 18:33:42.205,93.0,6.0,45.0,,UTC-0300,tWUO8ZL77Z,,com.sec.android.app.shealth,2025-12-31 18:59:59.999,324ebb17-5eb6-46db-9569-f5a727141dfd,
63070031,2025-12-31 11:00:00.000,,85d3250c-3580-46a9-9ee0-5e506168d8a1.binning_data.json,10011,63070031,2025-12-31 12:04:57.705,2025-12-31 12:04:57.705,61.0,0.0,11.0,,UTC-0300,tWUO8ZL77Z,,com.sec.android.app.shealth,2025-12-31 11:59:59.999,85d3250c-3580-46a9-9ee0-5e506168d8a1,
63070031,2025-12-30 19:00:00.000,,993fc626-e2aa-48db-806e-4f435da3fdbf.binning_data.json,10011,63070031,2025-12-30 20:01:14.055,2025-12-30 20:01:14.055,97.0,0.0,24.0,,UTC-0300,tWUO8ZL77Z,,com.sec.android.app.shealth,2025-12-30 19:59:59.999,993fc626-e2aa-48db-806e-4f435da3fdbf,
63070031,2025-12-31 09:00:00.000,,abd6d6d5-d645-4d8c-bd24-38b4c6b455f0.binning_data.json,10011,63070031,2025-12-31 10:25:00.647,2025-12-31 10:25:00.647,0.0,0.0,0.0,,UTC-0300,tWUO8ZL77Z,,com.sec.android.app.shealth,2025-12-31 09:59:59.999,abd6d6d5-d645-4d8c-bd24-38b4c6b455f0,
63070031,2025-12-31 13:00:00.000,,d11dc992-bb59-4ada-a3c5-cb2d85f1b60e.binning_data.json,10011,63070031,2025-12-31 14:03:39.325,2025-12-31 14:03:39.325,100.0,0.0,42.0,,UTC-0300,tWUO8ZL77Z,,com.sec.android.app.shealth,2025-12-31 13:59:59.999,d11dc992-bb59-4ada-a3c5-cb2d85f1b60e,
63070031,2025-12-31 17:00:00.000,,4cfe4366-ed2d-444c-9179-c28e18c9d243.binning_data.json,10011,63070031,2025-12-31 18:15:01.719,2025-12-31 18:15:01.719,96.0,4.0,44.0,,UTC-0300,tWUO8ZL77Z,,com.sec.android.app.shealth,2025-12-31 17:59:59.999,4cfe4366-ed2d-444c-9179-c28e18c9d243,
63070031,2025-12-30 18:00:00.000,,f833e90f-8d1f-4d33-b3ad-96e84e8d3794.binning_data.json,10011,63070031,2025-12-30 19:04:54.920,2025-12-30 19:04:54.920,82.0,0.0,18.0,,UTC-0300,tWUO8ZL77Z,,com.sec.android.app.shealth,2025-12-30 18:59:59.999,f833e90f-8d1f-4d33-b3ad-96e84e8d3794,
63070031,2026-01-01 11:00:00.000,,95a299b1-b79f-4fdd-ade2-e56a280adb69.binning_data.json,10011,63070031,2026-01-01 12:12:44.070,2026-01-01 11:51:17.415,100.0,0.0,34.0,,UTC-0300,tWUO8ZL77Z,,com.sec.android.app.shealth,2026-01-01 11:59:59.999,95a299b1-b79f-4fdd-ade2-e56a280adb69,
63070031,2025-12-31 23:00:00.000,,0c1b5258-89fb-45b1-82b5-a9d15735977a.binning_data.json,10011,63070031,2026-01-01 00:04:03.603,2026-01-01 00:04:03.603,96.0,42.0,74.0,,UTC-0300,tWUO8ZL77Z,,com.sec.android.app.shealth,2025-12-31 23:59:59.999,0c1b5258-89fb-45b1-82b5-a9d15735977a,
63070031,2026-01-01 12:00:00.000,,9ee3789d-c3d9-4eb7-b784-df68f7b43a33.binning_data.json,10011,63070031,2026-01-01 13:15:40.306,2026-01-01 13:15:40.306,98.0,0.0,42.0,,UTC-0300,tWUO8ZL77Z,,com.sec.android.app.shealth,2026-01-01 12:59:59.999,9ee3789d-c3d9-4eb7-b784-df68f7b43a33,
63070031,2025-12-31 00:00:00.000,,4702c5e4-6add-4cf1-b3bc-148ce8247bb4.binning_data.json,10011,63070031,2025-12-31 01:04:43.577,2025-12-31 01:04:43.577,4.0,0.0,0.0,,UTC-0300,tWUO8ZL77Z,,com.sec.android.app.shealth,2025-12-31 00:59:59.999,4702c5e4-6add-4cf1-b3bc-148ce8247bb4,
63070031,2025-12-31 12:00:00.000,,1787bf0a-7c5f-4bea-aee2-33efe4e1f562.binning_data.json,10011,63070031,2025-12-31 13:01:16.980,2025-12-31 12:04:57.920,95.0,0.0,41.0,,UTC-0300,tWUO8ZL77Z,,com.sec.android.app.shealth,2025-12-31 12:59:59.999,1787bf0a-7c5f-4bea-aee2-33efe4e1f562,
63070031,2025-12-31 16:00:00.000,,c3883f67-7530-4c01-ab6b-e8c21693fe61.binning_data.json,10011,63070031,2025-12-31 17:12:17.423,2025-12-31 17:12:17.423,60.0,0.0,28.0,,UTC-0300,tWUO8ZL77Z,,com.sec.android.app.shealth,2025-12-31 16:59:59.999,c3883f67-7530-4c01-ab6b-e8c21693fe61,
63070031,2026-01-01 00:00:00.000,,fbe82c23-c4bb-486a-94a3-f5a8f4ac22d6.binning_data.json,10011,63070031,2026-01-01 01:12:23.878,2026-01-01 01:12:23.878,99.0,0.0,32.0,,UTC-0300,tWUO8ZL77Z,,com.sec.android.app.shealth,2026-01-01 00:59:59.999,fbe82c23-c4bb-486a-94a3-f5a8f4ac22d6,
63070031,2026-01-01 04:00:00.000,,e038fcc4-13e8-4eb2-83cf-a803934b3242.binning_data.json,10011,63070031,2026-01-01 10:14:54.270,2026-01-01 10:04:31.279,0.0,0.0,0.0,,UTC-0300,tWUO8ZL77Z,,com.sec.android.app.shealth,2026-01-01 04:59:59.999,e038fcc4-13e8-4eb2-83cf-a803934b3242,
63070031,2026-01-01 13:00:00.000,,081e91ea-d8a6-42e4-b535-f27643c2fa14.binning_data.json,10011,63070031,2026-01-01 14:10:21.697,2026-01-01 13:35:46.642,97.0,37.0,73.0,,UTC-0300,tWUO8ZL77Z,,com.sec.android.app.shealth,2026-01-01 13:59:59.999,081e91ea-d8a6-42e4-b535-f27643c2fa14,
63070031,2026-01-01 17:00:00.000,,92bdcbba-3245-474c-8fdc-55cc1abde5e2.binning_data.json,10011,63070031,2026-01-01 18:03:13.184,2026-01-01 17:05:50.452,100.0,0.0,31.0,,UTC-0300,tWUO8ZL77Z,,com.sec.android.app.shealth,2026-01-01 17:59:59.999,92bdcbba-3245-474c-8fdc-55cc1abde5e2,
63070031,2025-12-31 15:00:00.000,,aac64e27-02e1-4bda-87fc-8a4f2b2ebdd2.binning_data.json,10011,63070031,2025-12-31 16:18:23.903,2025-12-31 16:18:23.903,93.0,0.0,28.0,,UTC-0300,tWUO8ZL77Z,,com.sec.android.app.shealth,2025-12-31 15:59:59.999,aac64e27-02e1-4bda-87fc-8a4f2b2ebdd2,
63070031,2026-01-02 01:00:00.000,,5a55fea4-71b0-4c0b-99fd-52d25a1219d7.binning_data.json,10011,63070031,2026-01-02 02:19:09.348,2026-01-02 02:19:09.348,84.0,0.0,20.0,,UTC-0300,tWUO8ZL77Z,,com.sec.android.app.shealth,2026-01-02 01:59:59.999,5a55fea4-71b0-4c0b-99fd-52d25a1219d7,
63070031,2026-01-01 03:00:00.000,,9c05edc8-b7dc-4961-8a36-fb9a25b5495d.binning_data.json,10011,63070031,2026-01-01 04:15:34.148,2026-01-01 03:50:11.951,88.0,0.0,17.0,,UTC-0300,tWUO8ZL77Z,,com.sec.android.app.shealth,2026-01-01 03:59:59.999,9c05edc8-b7dc-4961-8a36-fb9a25b5495d,
63070031,2026-01-01 01:00:00.000,,3325b6bc-baad-4c88-9e85-d519330ab214.binning_data.json,10011,63070031,2026-01-01 02:27:29.257,2026-01-01 02:27:29.257,88.0,0.0,17.0,,UTC-0300,tWUO8ZL77Z,,com.sec.android.app.shealth,2026-01-01 01:59:59.999,3325b6bc-baad-4c88-9e85-d519330ab214,
63070031,2026-01-01 18:00:00.000,,6cbdf44d-9c61-4a5c-9b4d-ec97982894a8.binning_data.json,10011,63070031,2026-01-01 19:08:25.363,2026-01-01 19:08:25.363,99.0,5.0,55.0,,UTC-0300,tWUO8ZL77Z,,com.sec.android.app.shealth,2026-01-01 18:59:59.999,6cbdf44d-9c61-4a5c-9b4d-ec97982894a8,
63070031,2025-12-31 14:00:00.000,,25a605e1-8aa4-4e85-8691-e303101ac84b.binning_data.json,10011,63070031,2025-12-31 15:14:00.583,2025-12-31 15:14:00.583,99.0,3.0,56.0,,UTC-0300,tWUO8ZL77Z,,com.sec.android.app.shealth,2025-12-31 14:59:59.999,25a605e1-8aa4-4e85-8691-e303101ac84b,
63070031,2026-01-01 02:00:00.000,,05d63afd-16c6-4cca-a94e-89607014f16a.binning_data.json,10011,63070031,2026-01-01 03:18:09.898,2026-01-01 03:18:09.898,0.0,0.0,0.0,,UTC-0300,tWUO8ZL77Z,,com.sec.android.app.shealth,2026-01-01 02:59:59.999,05d63afd-16c6-4cca-a94e-89607014f16a,
63070031,2026-01-01 10:00:00.000,,481e83f4-a079-48e6-b2bd-065b53996916.binning_data.json,10011,63070031,2026-01-01 11:07:15.753,2026-01-01 10:14:54.441,100.0,33.0,78.0,,UTC-0300,tWUO8ZL77Z,,com.sec.android.app.shealth,2026-01-01 10:59:59.999,481e83f4-a079-48e6-b2bd-065b53996916,
63070031,2026-01-01 15:00:00.000,,41b4df22-af82-49da-b3e4-27b7a0f3fbc9.binning_data.json,10011,63070031,2026-01-01 16:05:48.112,2026-01-01 16:05:48.112,100.0,10.0,52.0,,UTC-0300,tWUO8ZL77Z,,com.sec.android.app.shealth,2026-01-01 15:59:59.999,41b4df22-af82-49da-b3e4-27b7a0f3fbc9,
63070031,2026-01-02 08:00:00.000,,8c46e650-972d-4080-b911-57a7cd9b137b.binning_data.json,10011,63070031,2026-01-02 09:28:30.245,2026-01-02 09:28:30.245,0.0,0.0,0.0,,UTC-0300,tWUO8ZL77Z,,com.sec.android.app.shealth,2026-01-02 08:59:59.999,8c46e650-972d-4080-b911-57a7cd9b137b,
63070031,2026-01-02 09:00:00.000,,55f63b84-ec7e-47d5-a12e-50d0bcb38b36.binning_data.json,10011,63070031,2026-01-03 14:30:33.759,2026-01-02 09:28:30.291,0.0,0.0,0.0,,UTC-0300,tWUO8ZL77Z,,com.sec.android.app.shealth,2026-01-02 09:59:59.999,55f63b84-ec7e-47d5-a12e-50d0bcb38b36,
63070031,2026-01-01 21:00:00.000,,9983127f-1f17-42ab-8f47-50e3b8c4e29c.binning_data.json,10011,63070031,2026-01-01 22:12:14.847,2026-01-01 22:12:14.847,7.0,0.0,2.0,,UTC-0300,tWUO8ZL77Z,,com.sec.android.app.shealth,2026-01-01 21:59:59.999,9983127f-1f17-42ab-8f47-50e3b8c4e29c,
63070031,2026-01-01 20:00:00.000,,d7d5904e-ed28-450d-866a-04c689485597.binning_data.json,10011,63070031,2026-01-01 21:21:23.199,2026-01-01 21:21:23.199,96.0,0.0,25.0,,UTC-0300,tWUO8ZL77Z,,com.sec.android.app.shealth,2026-01-01 20:59:59.999,d7d5904e-ed28-450d-866a-04c689485597,
63070031,2026-01-01 14:00:00.000,,28d14976-ba95-4f36-8cc6-8f9b9ea925c9.binning_data.json,10011,63070031,2026-01-01 15:06:31.060,2026-01-01 15:06:31.060,99.0,3.0,65.0,,UTC-0300,tWUO8ZL77Z,,com.sec.android.app.shealth,2026-01-01 14:59:59.999,28d14976-ba95-4f36-8cc6-8f9b9ea925c9,
63070031,2026-01-01 22:00:00.000,,ea05a91b-d4f1-41fa-85ae-d3f6a535b8f6.binning_data.json,10011,63070031,2026-01-01 23:34:42.947,2026-01-01 23:34:42.947,100.0,0.0,56.0,,UTC-0300,tWUO8ZL77Z,,com.sec.android.app.shealth,2026-01-01 22:59:59.999,ea05a91b-d4f1-41fa-85ae-d3f6a535b8f6,
63070031,2026-01-03 23:00:00.000,,ddf584b7-1aa7-41fc-a09c-2dfccd42918a.binning_data.json,10011,63070031,2026-01-04 01:12:28.881,2026-01-04 01:12:28.881,96.0,96.0,96.0,,UTC-0300,tWUO8ZL77Z,,com.sec.android.app.shealth,2026-01-03 23:59:59.999,ddf584b7-1aa7-41fc-a09c-2dfccd42918a,
63070031,2026-01-01 19:00:00.000,,31b9c563-007d-41b5-ba1e-3186d97870fe.binning_data.json,10011,63070031,2026-01-01 20:14:36.984,2026-01-01 20:14:36.984,91.0,2.0,33.0,,UTC-0300,tWUO8ZL77Z,,com.sec.android.app.shealth,2026-01-01 19:59:59.999,31b9c563-007d-41b5-ba1e-3186d97870fe,
63070031,2026-01-02 10:00:00.000,,f2ff919b-ffc2-4677-b28f-f951dd19d04d.binning_data.json,10011,63070031,2026-01-03 14:31:28.772,2026-01-03 14:31:28.772,0.0,0.0,0.0,,UTC-0300,tWUO8ZL77Z,,com.sec.android.app.shealth,2026-01-02 10:59:59.999,f2ff919b-ffc2-4677-b28f-f951dd19d04d,
63070031,2026-01-02 07:00:00.000,,f0fbdedd-cd4d-48a2-8ed7-54166460fe38.binning_data.json,10011,63070031,2026-01-02 09:28:10.583,2026-01-02 07:37:16.691,0.0,0.0,0.0,,UTC-0300,tWUO8ZL77Z,,com.sec.android.app.shealth,2026-01-02 07:59:59.999,f0fbdedd-cd4d-48a2-8ed7-54166460fe38,
63070031,2026-01-01 16:00:00.000,,dd110601-bb10-41ec-b364-b869628e4ec8.binning_data.json,10011,63070031,2026-01-01 17:05:50.396,2026-01-01 17:05:50.396,99.0,10.0,49.0,,UTC-0300,tWUO8ZL77Z,,com.sec.android.app.shealth,2026-01-01 16:59:59.999,dd110601-bb10-41ec-b364-b869628e4ec8,
63070031,2026-01-03 16:00:00.000,,af80ac3d-6e11-4958-91e7-49b97468baaf.binning_data.json,10011,63070031,2026-01-03 17:19:46.526,2026-01-03 16:07:43.753,100.0,0.0,51.0,,UTC-0300,tWUO8ZL77Z,,com.sec.android.app.shealth,2026-01-03 16:59:59.999,af80ac3d-6e11-4958-91e7-49b97468baaf,
63070031,2026-01-04 10:00:00.000,,3c36048f-cb6d-4cd2-a68d-f3f137529406.binning_data.json,10011,63070031,2026-01-04 11:17:40.360,2026-01-04 11:17:40.360,96.0,0.0,38.0,,UTC-0300,tWUO8ZL77Z,,com.sec.android.app.shealth,2026-01-04 10:59:59.999,3c36048f-cb6d-4cd2-a68d-f3f137529406,
63070031,2026-01-04 01:00:00.000,,a22b2085-3416-445e-9c10-18009885b94d.binning_data.json,10011,63070031,2026-01-04 02:02:58.384,2026-01-04 01:13:25.139,100.0,93.0,97.0,,UTC-0300,tWUO8ZL77Z,,com.sec.android.app.shealth,2026-01-04 01:59:59.999,a22b2085-3416-445e-9c10-18009885b94d,
63070031,2026-01-04 07:00:00.000,,63127f9c-7685-47cf-b657-a221ca77ebfe.binning_data.json,10011,63070031,2026-01-04 08:09:05.492,2026-01-04 07:43:08.660,100.0,13.0,87.0,,UTC-0300,tWUO8ZL77Z,,com.sec.android.app.shealth,2026-01-04 07:59:59.999,63127f9c-7685-47cf-b657-a221ca77ebfe,
63070031,2026-01-03 15:00:00.000,,bd288b44-4c83-4f9f-b3cf-50ffec6f7bbb.binning_data.json,10011,63070031,2026-01-03 16:03:53.193,2026-01-03 15:09:55.542,45.0,3.0,23.0,,UTC-0300,tWUO8ZL77Z,,com.sec.android.app.shealth,2026-01-03 15:59:59.999,bd288b44-4c83-4f9f-b3cf-50ffec6f7bbb,
63070031,2026-01-02 00:00:00.000,,65e98b8b-b073-44ca-afeb-bfec82f5e94f.binning_data.json,10011,63070031,2026-01-02 01:07:34.547,2026-01-02 01:07:34.547,6.0,0.0,1.0,,UTC-0300,tWUO8ZL77Z,,com.sec.android.app.shealth,2026-01-02 00:59:59.999,65e98b8b-b073-44ca-afeb-bfec82f5e94f,
63070031,2026-01-04 15:00:00.000,,7d96428f-d019-4613-8500-68fddfe49537.binning_data.json,10011,63070031,2026-01-04 16:05:08.776,2026-01-04 16:05:08.776,100.0,22.0,89.0,,UTC-0300,tWUO8ZL77Z,,com.sec.android.app.shealth,2026-01-04 15:59:59.999,7d96428f-d019-4613-8500-68fddfe49537,
63070031,2026-01-02 02:00:00.000,,156b5534-a61a-4dfd-8c35-9a983ded0962.binning_data.json,10011,63070031,2026-01-02 07:37:16.584,2026-01-02 07:37:16.584,0.0,0.0,0.0,,UTC-0300,tWUO8ZL77Z,,com.sec.android.app.shealth,2026-01-02 02:59:59.999,156b5534-a61a-4dfd-8c35-9a983ded0962,
63070031,2026-01-04 08:00:00.000,,184cfe0a-7776-4a12-bb62-b5a1349be1ca.binning_data.json,10011,63070031,2026-01-04 09:15:53.408,2026-01-04 09:15:53.408,79.0,0.0,24.0,,UTC-0300,tWUO8ZL77Z,,com.sec.android.app.shealth,2026-01-04 08:59:59.999,184cfe0a-7776-4a12-bb62-b5a1349be1ca,
63070031,2026-01-03 17:00:00.000,,27080cf8-6130-4eeb-8040-f837f360d594.binning_data.json,10011,63070031,2026-01-03 18:11:46.881,2026-01-03 18:11:46.881,99.0,27.0,74.0,,UTC-0300,tWUO8ZL77Z,,com.sec.android.app.shealth,2026-01-03 17:59:59.999,27080cf8-6130-4eeb-8040-f837f360d594,
63070031,2026-01-04 05:00:00.000,,a03198dc-ec4e-4a79-ba44-e8f6e8c17fde.binning_data.json,10011,63070031,2026-01-04 07:43:08.538,2026-01-04 07:42:47.945,0.0,0.0,0.0,,UTC-0300,tWUO8ZL77Z,,com.sec.android.app.shealth,2026-01-04 05:59:59.999,a03198dc-ec4e-4a79-ba44-e8f6e8c17fde,
63070031,2026-01-01 23:00:00.000,,fb8a533d-d5b0-4f36-b188-61bc1e4882ff.binning_data.json,10011,63070031,2026-01-02 00:13:26.916,2026-01-02 00:13:26.916,80.0,0.0,16.0,,UTC-0300,tWUO8ZL77Z,,com.sec.android.app.shealth,2026-01-01 23:59:59.999,fb8a533d-d5b0-4f36-b188-61bc1e4882ff,
63070031,2026-01-03 14:00:00.000,,2d99e7d6-3052-47a5-b27a-f3509bf84f81.binning_data.json,10011,63070031,2026-01-03 15:06:46.031,2026-01-03 15:06:46.031,96.0,0.0,46.0,,UTC-0300,tWUO8ZL77Z,,com.sec.android.app.shealth,2026-01-03 14:59:59.999,2d99e7d6-3052-47a5-b27a-f3509bf84f81,
63070031,2026-01-04 04:00:00.000,,7ae57739-6739-41bd-b2f4-3e99756340a5.binning_data.json,10011,63070031,2026-01-04 05:16:08.754,2026-01-04 05:16:08.754,2.0,0.0,0.0,,UTC-0300,tWUO8ZL77Z,,com.sec.android.app.shealth,2026-01-04 04:59:59.999,7ae57739-6739-41bd-b2f4-3e99756340a5,
63070031,2026-01-04 14:00:00.000,,27984792-4792-4ab4-921a-1f7e1c2cae4a.binning_data.json,10011,63070031,2026-01-04 15:26:19.743,2026-01-04 15:26:19.743,100.0,7.0,58.0,,UTC-0300,tWUO8ZL77Z,,com.sec.android.app.shealth,2026-01-04 14:59:59.999,27984792-4792-4ab4-921a-1f7e1c2cae4a,
63070031,2026-01-04 13:00:00.000,,ac81fd07-515f-43e4-92f5-00a5f7608f49.binning_data.json,10011,63070031,2026-01-04 14:07:00.517,2026-01-04 14:07:00.517,88.0,13.0,47.0,,UTC-0300,tWUO8ZL77Z,,com.sec.android.app.shealth,2026-01-04 13:59:59.999,ac81fd07-515f-43e4-92f5-00a5f7608f49,
63070031,2026-01-04 02:00:00.000,,6f36ab5d-0a07-4613-914d-537eea86c7f5.binning_data.json,10011,63070031,2026-01-04 03:09:29.854,2026-01-04 03:09:29.854,100.0,1.0,36.0,,UTC-0300,tWUO8ZL77Z,,com.sec.android.app.shealth,2026-01-04 02:59:59.999,6f36ab5d-0a07-4613-914d-537eea86c7f5,
63070031,2026-01-04 12:00:00.000,,612382bf-4310-4202-adf7-f69e4d700465.binning_data.json,10011,63070031,2026-01-04 13:19:12.045,2026-01-04 13:19:12.045,77.0,0.0,26.0,,UTC-0300,tWUO8ZL77Z,,com.sec.android.app.shealth,2026-01-04 12:59:59.999,612382bf-4310-4202-adf7-f69e4d700465,
63070031,2026-01-04 09:00:00.000,,2b3d808c-25eb-42ec-81be-6bb1cad134cc.binning_data.json,10011,63070031,2026-01-04 10:15:36.102,2026-01-04 10:15:36.102,15.0,0.0,3.0,,UTC-0300,tWUO8ZL77Z,,com.sec.android.app.shealth,2026-01-04 09:59:59.999,2b3d808c-25eb-42ec-81be-6bb1cad134cc,
63070031,2026-01-04 19:00:00.000,,bb54194f-9fa8-41a3-b768-e0f0de5ea689.binning_data.json,10011,63070031,2026-01-04 20:04:27.397,2026-01-04 20:04:27.397,100.0,2.0,85.0,,UTC-0300,tWUO8ZL77Z,,com.sec.android.app.shealth,2026-01-04 19:59:59.999,bb54194f-9fa8-41a3-b768-e0f0de5ea689,
63070031,2026-01-04 03:00:00.000,,99246cf6-6c3c-40f3-bce9-d43464b7a449.binning_data.json,10011,63070031,2026-01-04 04:10:00.372,2026-01-04 04:10:00.372,67.0,1.0,18.0,,UTC-0300,tWUO8ZL77Z,,com.sec.android.app.shealth,2026-01-04 03:59:59.999,99246cf6-6c3c-40f3-bce9-d43464b7a449,
63070031,2026-01-04 17:00:00.000,,d3298ae6-144c-4727-82a7-3f1e97cf49e3.binning_data.json,10011,63070031,2026-01-04 18:15:12.700,2026-01-04 18:15:12.700,98.0,16.0,49.0,,UTC-0300,tWUO8ZL77Z,,com.sec.android.app.shealth,2026-01-04 17:59:59.999,d3298ae6-144c-4727-82a7-3f1e97cf49e3,
63070031,2026-01-04 11:00:00.000,,f6497482-241e-4a58-ad30-b4ad50058927.binning_data.json,10011,63070031,2026-01-04 12:15:48.329,2026-01-04 12:15:48.329,81.0,1.0,24.0,,UTC-0300,tWUO8ZL77Z,,com.sec.android.app.shealth,2026-01-04 11:59:59.999,f6497482-241e-4a58-ad30-b4ad50058927,
63070031,2026-01-05 01:00:00.000,,57e2be1b-a44e-429c-9683-c4e3c8e17ed3.binning_data.json,10011,63070031,2026-01-05 02:15:08.991,2026-01-05 02:15:08.991,46.0,0.0,22.0,,UTC-0300,tWUO8ZL77Z,,com.sec.android.app.shealth,2026-01-05 01:59:59.999,57e2be1b-a44e-429c-9683-c4e3c8e17ed3,
63070031,2026-01-04 23:00:00.000,,1f53d85a-9fad-49c8-b5e5-a7e595b5370b.binning_data.json,10011,63070031,2026-01-05 00:18:28.308,2026-01-05 00:18:28.308,100.0,23.0,55.0,,UTC-0300,tWUO8ZL77Z,,com.sec.android.app.shealth,2026-01-04 23:59:59.999,1f53d85a-9fad-49c8-b5e5-a7e595b5370b,
63070031,2026-01-05 02:00:00.000,,21c5d982-5aaa-4e4a-a048-972166c7caf4.binning_data.json,10011,63070031,2026-01-05 03:16:06.154,2026-01-05 03:16:06.154,7.0,0.0,1.0,,UTC-0300,tWUO8ZL77Z,,com.sec.android.app.shealth,2026-01-05 02:59:59.999,21c5d982-5aaa-4e4a-a048-972166c7caf4,
63070031,2026-01-04 18:00:00.000,,a6bdaea2-fba2-4903-a8f3-1e89c4261bd5.binning_data.json,10011,63070031,2026-01-04 19:06:06.961,2026-01-04 19:06:06.961,100.0,5.0,41.0,,UTC-0300,tWUO8ZL77Z,,com.sec.android.app.shealth,2026-01-04 18:59:59.999,a6bdaea2-fba2-4903-a8f3-1e89c4261bd5,
63070031,2026-01-05 10:00:00.000,,b1d6293c-23df-46e1-9d59-a614a6461cf3.binning_data.json,10011,63070031,2026-01-05 11:30:55.857,2026-01-05 11:30:55.857,97.0,0.0,35.0,,UTC-0300,tWUO8ZL77Z,,com.sec.android.app.shealth,2026-01-05 10:59:59.999,b1d6293c-23df-46e1-9d59-a614a6461cf3,
63070031,2026-01-05 00:00:00.000,,0e91cdc7-b07e-419f-a65c-472c4709913d.binning_data.json,10011,63070031,2026-01-05 01:15:33.384,2026-01-05 01:15:33.384,100.0,13.0,79.0,,UTC-0300,tWUO8ZL77Z,,com.sec.android.app.shealth,2026-01-05 00:59:59.999,0e91cdc7-b07e-419f-a65c-472c4709913d,
63070031,2026-01-05 11:00:00.000,,aa845693-58d3-4d1a-bbbd-9d7db8c91823.binning_data.json,10011,63070031,2026-01-05 12:21:31.486,2026-01-05 12:21:31.486,99.0,10.0,61.0,,UTC-0300,tWUO8ZL77Z,,com.sec.android.app.shealth,2026-01-05 11:59:59.999,aa845693-58d3-4d1a-bbbd-9d7db8c91823,
63070031,2026-01-05 03:00:00.000,,2cf0d88d-b5d5-4ac1-ac80-4a2f5498728a.binning_data.json,10011,63070031,2026-01-05 09:35:57.548,2026-01-05 09:35:36.581,27.0,0.0,8.0,,UTC-0300,tWUO8ZL77Z,,com.sec.android.app.shealth,2026-01-05 03:59:59.999,2cf0d88d-b5d5-4ac1-ac80-4a2f5498728a,
63070031,2026-01-04 16:00:00.000,,0d1d9497-c4fd-491b-a67f-d5d48433ba18.binning_data.json,10011,63070031,2026-01-04 17:03:44.760,2026-01-04 17:03:44.760,100.0,99.0,99.0,,UTC-0300,tWUO8ZL77Z,,com.sec.android.app.shealth,2026-01-04 16:59:59.999,0d1d9497-c4fd-491b-a67f-d5d48433ba18,
63070031,2026-01-05 09:00:00.000,,a3a3e839-f015-4b38-8945-c2e760ecfe96.binning_data.json,10011,63070031,2026-01-05 10:01:20.420,2026-01-05 09:35:57.628,82.0,0.0,32.0,,UTC-0300,tWUO8ZL77Z,,com.sec.android.app.shealth,2026-01-05 09:59:59.999,a3a3e839-f015-4b38-8945-c2e760ecfe96,
63070031,2026-01-04 20:00:00.000,,f16fd516-4d76-44cd-88c8-1c1cc667d7d6.binning_data.json,10011,63070031,2026-01-04 21:12:30.707,2026-01-04 20:06:31.095,100.0,25.0,75.0,,UTC-0300,tWUO8ZL77Z,,com.sec.android.app.shealth,2026-01-04 20:59:59.999,f16fd516-4d76-44cd-88c8-1c1cc667d7d6,
63070031,2026-01-05 12:00:00.000,,4b8e9c71-f8f1-4708-b7fc-c67a96c23d67.binning_data.json,10011,63070031,2026-01-05 13:13:50.010,2026-01-05 13:13:50.010,46.0,8.0,24.0,,UTC-0300,tWUO8ZL77Z,,com.sec.android.app.shealth,2026-01-05 12:59:59.999,4b8e9c71-f8f1-4708-b7fc-c67a96c23d67,
63070031,2026-01-05 17:00:00.000,,de258b5f-a94e-436c-910f-bfdd499f7080.binning_data.json,10011,63070031,2026-01-05 18:01:32.579,2026-01-05 17:32:59.079,50.0,0.0,16.0,,UTC-0300,tWUO8ZL77Z,,com.sec.android.app.shealth,2026-01-05 17:59:59.999,de258b5f-a94e-436c-910f-bfdd499f7080,
63070031,2026-01-05 14:00:00.000,,a5a67a9e-5108-4525-b164-1d7c3cbf017f.binning_data.json,10011,63070031,2026-01-05 15:06:32.447,2026-01-05 14:52:48.972,99.0,12.0,54.0,,UTC-0300,tWUO8ZL77Z,,com.sec.android.app.shealth,2026-01-05 14:59:59.999,a5a67a9e-5108-4525-b164-1d7c3cbf017f,
63070031,2026-01-05 22:00:00.000,,94bd6b6e-17f9-4d99-a4d4-96294944b300.binning_data.json,10011,63070031,2026-01-05 23:12:58.387,2026-01-05 22:27:30.349,95.0,0.0,28.0,,UTC-0300,tWUO8ZL77Z,,com.sec.android.app.shealth,2026-01-05 22:59:59.999,94bd6b6e-17f9-4d99-a4d4-96294944b300,
63070031,2026-01-04 21:00:00.000,,7487d1fb-a4a0-463c-a362-099bc50fdbd6.binning_data.json,10011,63070031,2026-01-04 22:06:38.704,2026-01-04 22:06:38.704,99.0,8.0,53.0,,UTC-0300,tWUO8ZL77Z,,com.sec.android.app.shealth,2026-01-04 21:59:59.999,7487d1fb-a4a0-463c-a362-099bc50fdbd6,
63070031,2026-01-05 16:00:00.000,,44e7543f-bd4e-4035-b5ec-2c73e619dc46.binning_data.json,10011,63070031,2026-01-05 17:21:05.433,2026-01-05 17:21:05.433,100.0,6.0,53.0,,UTC-0300,tWUO8ZL77Z,,com.sec.android.app.shealth,2026-01-05 16:59:59.999,44e7543f-bd4e-4035-b5ec-2c73e619dc46,
63070031,2026-01-04 22:00:00.000,,d07616a9-dc78-47a6-8008-23ed3e1ecaa8.binning_data.json,10011,63070031,2026-01-04 23:08:45.951,2026-01-04 23:08:45.951,99.0,7.0,52.0,,UTC-0300,tWUO8ZL77Z,,com.sec.android.app.shealth,2026-01-04 22:59:59.999,d07616a9-dc78-47a6-8008-23ed3e1ecaa8,
63070031,2026-01-05 19:00:00.000,,5d3fc8a6-c5a8-41bf-a1a6-e7784ba274a8.binning_data.json,10011,63070031,2026-01-05 20:06:04.256,2026-01-05 20:06:04.256,69.0,11.0,38.0,,UTC-0300,tWUO8ZL77Z,,com.sec.android.app.shealth,2026-01-05 19:59:59.999,5d3fc8a6-c5a8-41bf-a1a6-e7784ba274a8,
63070031,2026-01-06 09:00:00.000,,cf69f020-7b20-4dca-829b-da8624856bb2.binning_data.json,10011,63070031,2026-01-06 10:43:00.623,2026-01-06 10:43:00.623,12.0,12.0,12.0,,UTC-0300,tWUO8ZL77Z,,com.sec.android.app.shealth,2026-01-06 09:59:59.999,cf69f020-7b20-4dca-829b-da8624856bb2,
63070031,2026-01-05 13:00:00.000,,8d757703-d6cc-4b3f-a3a1-13da915247ea.binning_data.json,10011,63070031,2026-01-05 14:04:39.956,2026-01-05 14:04:39.956,100.0,21.0,55.0,,UTC-0300,tWUO8ZL77Z,,com.sec.android.app.shealth,2026-01-05 13:59:59.999,8d757703-d6cc-4b3f-a3a1-13da915247ea,
63070031,2026-01-05 15:00:00.000,,96742c05-6a62-4c8b-a32b-4b0cc5a02d4d.binning_data.json,10011,63070031,2026-01-05 17:03:24.145,2026-01-05 17:03:24.145,95.0,0.0,38.0,,UTC-0300,tWUO8ZL77Z,,com.sec.android.app.shealth,2026-01-05 15:59:59.999,96742c05-6a62-4c8b-a32b-4b0cc5a02d4d,
63070031,2026-01-05 21:00:00.000,,a60d8227-154f-45d2-a803-f6b1a380e011.binning_data.json,10011,63070031,2026-01-05 22:09:05.727,2026-01-05 22:09:05.727,99.0,6.0,57.0,,UTC-0300,tWUO8ZL77Z,,com.sec.android.app.shealth,2026-01-05 21:59:59.999,a60d8227-154f-45d2-a803-f6b1a380e011,
63070031,2026-01-05 20:00:00.000,,90445a6b-a895-4280-b676-2997868df377.binning_data.json,10011,63070031,2026-01-05 21:12:27.263,2026-01-05 21:12:27.263,100.0,0.0,28.0,,UTC-0300,tWUO8ZL77Z,,com.sec.android.app.shealth,2026-01-05 20:59:59.999,90445a6b-a895-4280-b676-2997868df377,
63070031,2026-01-05 23:00:00.000,,8592fba7-f17b-4dce-b14a-65e6c0fd2e9c.binning_data.json,10011,63070031,2026-01-06 00:09:35.208,2026-01-06 00:09:35.208,95.0,0.0,49.0,,UTC-0300,tWUO8ZL77Z,,com.sec.android.app.shealth,2026-01-05 23:59:59.999,8592fba7-f17b-4dce-b14a-65e6c0fd2e9c,
63070031,2026-01-06 00:00:00.000,,a12ea44b-4057-46db-9d13-ed90b29fa134.binning_data.json,10011,63070031,2026-01-06 01:09:24.474,2026-01-06 01:09:24.474,86.0,0.0,49.0,,UTC-0300,tWUO8ZL77Z,,com.sec.android.app.shealth,2026-01-06 00:59:59.999,a12ea44b-4057-46db-9d13-ed90b29fa134,
63070031,2026-01-06 02:00:00.000,,7a5eb76d-3318-4ba1-9335-e9c1c2a1808a.binning_data.json,10011,63070031,2026-01-06 03:06:02.592,2026-01-06 03:06:02.592,71.0,1.0,33.0,,UTC-0300,tWUO8ZL77Z,,com.sec.android.app.shealth,2026-01-06 02:59:59.999,7a5eb76d-3318-4ba1-9335-e9c1c2a1808a,
63070031,2026-01-06 04:00:00.000,,9ce7ba19-1200-4b24-a35f-1017ef94fc55.binning_data.json,10011,63070031,2026-01-06 05:09:50.464,2026-01-06 05:09:50.464,11.0,0.0,1.0,,UTC-0300,tWUO8ZL77Z,,com.sec.android.app.shealth,2026-01-06 04:59:59.999,9ce7ba19-1200-4b24-a35f-1017ef94fc55,
63070031,2026-01-06 05:00:00.000,,d2ffa8d5-d1e8-4e81-904f-f64a38c877ca.binning_data.json,10011,63070031,2026-01-06 10:42:00.524,2026-01-06 09:04:28.406,0.0,0.0,0.0,,UTC-0300,tWUO8ZL77Z,,com.sec.android.app.shealth,2026-01-06 05:59:59.999,d2ffa8d5-d1e8-4e81-904f-f64a38c877ca,
63070031,2026-01-05 18:00:00.000,,78441e05-e3f0-4b2a-b842-7771f9ce7cf2.binning_data.json,10011,63070031,2026-01-05 19:19:14.715,2026-01-05 19:19:14.715,93.0,11.0,54.0,,UTC-0300,tWUO8ZL77Z,,com.sec.android.app.shealth,2026-01-05 18:59:59.999,78441e05-e3f0-4b2a-b842-7771f9ce7cf2,
63070031,2026-01-06 01:00:00.000,,e454bf28-16a8-4d8b-8ee9-64b89bd6fa1a.binning_data.json,10011,63070031,2026-01-06 02:18:12.199,2026-01-06 02:18:12.199,87.0,5.0,54.0,,UTC-0300,tWUO8ZL77Z,,com.sec.android.app.shealth,2026-01-06 01:59:59.999,e454bf28-16a8-4d8b-8ee9-64b89bd6fa1a,
63070031,2026-01-06 03:00:00.000,,0e944324-cca9-4d3e-8e07-068ac37e69cf.binning_data.json,10011,63070031,2026-01-06 04:28:18.404,2026-01-06 04:28:18.404,89.0,0.0,12.0,,UTC-0300,tWUO8ZL77Z,,com.sec.android.app.shealth,2026-01-06 03:59:59.999,0e944324-cca9-4d3e-8e07-068ac37e69cf,
63070031,2026-01-06 10:00:00.000,,4c6088e2-a0ec-4479-ad2a-d6eb7c605204.binning_data.json,10011,63070031,2026-01-06 11:14:08.399,2026-01-06 11:14:08.399,35.0,0.0,16.0,,UTC-0300,tWUO8ZL77Z,,com.sec.android.app.shealth,2026-01-06 10:59:59.999,4c6088e2-a0ec-4479-ad2a-d6eb7c605204,
63070031,2026-01-06 11:00:00.000,,43aa8f3e-b8b0-434f-9660-ae0a5dd3fa9d.binning_data.json,10011,63070031,2026-01-06 12:28:42.450,2026-01-06 12:28:42.450,99.0,10.0,42.0,,UTC-0300,tWUO8ZL77Z,,com.sec.android.app.shealth,2026-01-06 11:59:59.999,43aa8f3e-b8b0-434f-9660-ae0a5dd3fa9d,
63070031,2026-01-07 01:00:00.000,,944ab9f5-9b60-442c-bace-3980cd80cdec.binning_data.json,10011,63070031,2026-01-07 02:53:19.651,2026-01-07 02:53:19.651,1.0,0.0,0.0,,UTC-0300,tWUO8ZL77Z,,com.sec.android.app.shealth,2026-01-07 01:59:59.999,944ab9f5-9b60-442c-bace-3980cd80cdec,
63070031,2026-01-06 12:00:00.000,,718eace0-8c3c-4789-982f-5a63697761d3.binning_data.json,10011,63070031,2026-01-06 13:24:33.428,2026-01-06 13:24:33.428,99.0,23.0,68.0,,UTC-0300,tWUO8ZL77Z,,com.sec.android.app.shealth,2026-01-06 12:59:59.999,718eace0-8c3c-4789-982f-5a63697761d3,
63070031,2026-01-06 19:00:00.000,,dd528d95-d0b9-40b9-8a67-cc01543f77d9.binning_data.json,10011,63070031,2026-01-06 20:21:39.867,2026-01-06 20:21:39.867,4.0,0.0,1.0,,UTC-0300,tWUO8ZL77Z,,com.sec.android.app.shealth,2026-01-06 19:59:59.999,dd528d95-d0b9-40b9-8a67-cc01543f77d9,
63070031,2026-01-06 13:00:00.000,,aac942e5-32f2-4156-9fb8-75016ef39bb1.binning_data.json,10011,63070031,2026-01-06 14:16:21.212,2026-01-06 14:16:21.212,97.0,6.0,47.0,,UTC-0300,tWUO8ZL77Z,,com.sec.android.app.shealth,2026-01-06 13:59:59.999,aac942e5-32f2-4156-9fb8-75016ef39bb1,
63070031,2026-01-06 20:00:00.000,,7693f550-d869-42f9-bb9f-4bb0fbd47432.binning_data.json,10011,63070031,2026-01-06 21:23:12.805,2026-01-06 21:23:12.805,38.0,1.0,12.0,,UTC-0300,tWUO8ZL77Z,,com.sec.android.app.shealth,2026-01-06 20:59:59.999,7693f550-d869-42f9-bb9f-4bb0fbd47432,
63070031,2026-01-06 14:00:00.000,,e4f4f3fd-c233-41a5-a86a-b4eef3f42198.binning_data.json,10011,63070031,2026-01-06 15:20:59.999,2026-01-06 15:20:59.999,86.0,5.0,29.0,,UTC-0300,tWUO8ZL77Z,,com.sec.android.app.shealth,2026-01-06 14:59:59.999,e4f4f3fd-c233-41a5-a86a-b4eef3f42198,
63070031,2026-01-06 15:00:00.000,,23ce7b74-d3a9-42df-828b-e6a634f00443.binning_data.json,10011,63070031,2026-01-06 16:20:59.969,2026-01-06 16:20:59.969,58.0,1.0,19.0,,UTC-0300,tWUO8ZL77Z,,com.sec.android.app.shealth,2026-01-06 15:59:59.999,23ce7b74-d3a9-42df-828b-e6a634f00443,
63070031,2026-01-06 23:00:00.000,,fcd9a060-72c4-43e1-9aff-f0cc58e0515e.binning_data.json,10011,63070031,2026-01-07 01:54:44.910,2026-01-07 01:54:44.910,95.0,0.0,31.0,,UTC-0300,tWUO8ZL77Z,,com.sec.android.app.shealth,2026-01-06 23:59:59.999,fcd9a060-72c4-43e1-9aff-f0cc58e0515e,
63070031,2026-01-07 02:00:00.000,,b88e0145-bb01-4adb-a08f-7518778947f7.binning_data.json,10011,63070031,2026-01-07 03:23:24.082,2026-01-07 02:53:19.765,0.0,0.0,0.0,,UTC-0300,tWUO8ZL77Z,,com.sec.android.app.shealth,2026-01-07 02:59:59.999,b88e0145-bb01-4adb-a08f-7518778947f7,
63070031,2026-01-06 16:00:00.000,,3f337b9e-3e5a-4226-9105-5c6344daf3f8.binning_data.json,10011,63070031,2026-01-06 17:02:00.955,2026-01-06 17:02:00.955,66.0,0.0,21.0,,UTC-0300,tWUO8ZL77Z,,com.sec.android.app.shealth,2026-01-06 16:59:59.999,3f337b9e-3e5a-4226-9105-5c6344daf3f8,
63070031,2026-01-07 09:00:00.000,,cdbed20e-8567-4284-9945-b36baf2a6495.binning_data.json,10011,63070031,2026-01-07 10:13:44.900,2026-01-07 09:29:53.325,94.0,44.0,70.0,,UTC-0300,tWUO8ZL77Z,,com.sec.android.app.shealth,2026-01-07 09:59:59.999,cdbed20e-8567-4284-9945-b36baf2a6495,
63070031,2026-01-06 17:00:00.000,,a5b83aba-6a54-4e78-8d04-03dcde4f0b95.binning_data.json,10011,63070031,2026-01-06 18:13:18.730,2026-01-06 18:13:18.730,53.0,3.0,16.0,,UTC-0300,tWUO8ZL77Z,,com.sec.android.app.shealth,2026-01-06 17:59:59.999,a5b83aba-6a54-4e78-8d04-03dcde4f0b95,
63070031,2026-01-06 21:00:00.000,,e47013d8-710a-42b8-b0f3-0eb8484d279b.binning_data.json,10011,63070031,2026-01-06 22:23:49.491,2026-01-06 22:23:49.491,42.0,0.0,13.0,,UTC-0300,tWUO8ZL77Z,,com.sec.android.app.shealth,2026-01-06 21:59:59.999,e47013d8-710a-42b8-b0f3-0eb8484d279b,
63070031,2026-01-06 18:00:00.000,,52907b9e-9664-40cb-a8d4-66f2e87accd4.binning_data.json,10011,63070031,2026-01-06 19:21:44.727,2026-01-06 19:21:44.727,42.0,2.0,15.0,,UTC-0300,tWUO8ZL77Z,,com.sec.android.app.shealth,2026-01-06 18:59:59.999,52907b9e-9664-40cb-a8d4-66f2e87accd4,
63070031,2026-01-07 13:00:00.000,,c020611f-8a68-46aa-a654-33def66f1ab3.binning_data.json,10011,63070031,2026-01-07 14:17:05.072,2026-01-07 14:17:05.072,75.0,25.0,43.0,,UTC-0300,tWUO8ZL77Z,,com.sec.android.app.shealth,2026-01-07 13:59:59.999,c020611f-8a68-46aa-a654-33def66f1ab3,
63070031,2026-01-06 22:00:00.000,,c8668176-f792-4470-844d-21218479db51.binning_data.json,10011,63070031,2026-01-06 23:04:24.494,2026-01-06 23:04:24.494,15.0,0.0,7.0,,UTC-0300,tWUO8ZL77Z,,com.sec.android.app.shealth,2026-01-06 22:59:59.999,c8668176-f792-4470-844d-21218479db51,
63070031,2026-01-07 16:00:00.000,,9360327f-9b47-4a06-989b-1b28e60451b4.binning_data.json,10011,63070031,2026-01-07 17:23:58.010,2026-01-07 17:23:58.010,97.0,87.0,92.0,,UTC-0300,tWUO8ZL77Z,,com.sec.android.app.shealth,2026-01-07 16:59:59.999,9360327f-9b47-4a06-989b-1b28e60451b4,
63070031,2026-01-07 12:00:00.000,,3377158a-d955-4470-8ebd-87623b75c539.binning_data.json,10011,63070031,2026-01-07 13:19:18.163,2026-01-07 13:19:18.163,100.0,3.0,44.0,,UTC-0300,tWUO8ZL77Z,,com.sec.android.app.shealth,2026-01-07 12:59:59.999,3377158a-d955-4470-8ebd-87623b75c539,
63070031,2026-01-07 15:00:00.000,,3c203dda-3054-4f34-b7f3-e5ef854c722b.binning_data.json,10011,63070031,2026-01-07 16:28:42.390,2026-01-07 16:28:42.390,85.0,63.0,74.0,,UTC-0300,tWUO8ZL77Z,,com.sec.android.app.shealth,2026-01-07 15:59:59.999,3c203dda-3054-4f34-b7f3-e5ef854c722b,
63070031,2026-01-07 04:00:00.000,,b19b9b35-ae57-4a30-9efe-f205354566da.binning_data.json,10011,63070031,2026-01-07 09:29:53.214,2026-01-07 09:14:26.046,22.0,0.0,3.0,,UTC-0300,tWUO8ZL77Z,,com.sec.android.app.shealth,2026-01-07 04:59:59.999,b19b9b35-ae57-4a30-9efe-f205354566da,
63070031,2026-01-07 22:00:00.000,,06c2b3b1-a1e7-44ac-af7b-97b8388735f6.binning_data.json,10011,63070031,2026-01-07 23:18:59.985,2026-01-07 22:24:20.762,100.0,35.0,87.0,,UTC-0300,tWUO8ZL77Z,,com.sec.android.app.shealth,2026-01-07 22:59:59.999,06c2b3b1-a1e7-44ac-af7b-97b8388735f6,
63070031,2026-01-07 14:00:00.000,,8822d648-8358-4962-a168-d422aea42b84.binning_data.json,10011,63070031,2026-01-07 15:27:41.934,2026-01-07 14:57:37.568,92.0,18.0,51.0,,UTC-0300,tWUO8ZL77Z,,com.sec.android.app.shealth,2026-01-07 14:59:59.999,8822d648-8358-4962-a168-d422aea42b84,
63070031,2026-01-07 19:00:00.000,,7828f486-4763-442f-b1e0-564cc7a37a3e.binning_data.json,10011,63070031,2026-01-07 20:51:19.330,2026-01-07 20:51:19.330,90.0,72.0,79.0,,UTC-0300,tWUO8ZL77Z,,com.sec.android.app.shealth,2026-01-07 19:59:59.999,7828f486-4763-442f-b1e0-564cc7a37a3e,
63070031,2026-01-07 18:00:00.000,,204a18fa-531c-4147-9c81-2613adcf6e5e.binning_data.json,10011,63070031,2026-01-07 19:26:21.039,2026-01-07 19:26:21.039,99.0,14.0,57.0,,UTC-0300,tWUO8ZL77Z,,com.sec.android.app.shealth,2026-01-07 18:59:59.999,204a18fa-531c-4147-9c81-2613adcf6e5e,
63070031,2026-01-07 03:00:00.000,,4be9cf47-922c-46b6-bc78-48d5ae91ba4a.binning_data.json,10011,63070031,2026-01-07 04:17:51.898,2026-01-07 04:17:51.898,0.0,0.0,0.0,,UTC-0300,tWUO8ZL77Z,,com.sec.android.app.shealth,2026-01-07 03:59:59.999,4be9cf47-922c-46b6-bc78-48d5ae91ba4a,
63070031,2026-01-07 10:00:00.000,,638ec584-4128-4207-bc07-c5660778f0e0.binning_data.json,10011,63070031,2026-01-07 11:35:23.873,2026-01-07 10:22:54.923,100.0,10.0,66.0,,UTC-0300,tWUO8ZL77Z,,com.sec.android.app.shealth,2026-01-07 10:59:59.999,638ec584-4128-4207-bc07-c5660778f0e0,
63070031,2026-01-07 23:00:00.000,,38be06f1-631b-4e1d-b8c9-edef90086fbb.binning_data.json,10011,63070031,2026-01-08 00:38:34.902,2026-01-07 23:59:59.547,99.0,57.0,84.0,,UTC-0300,tWUO8ZL77Z,,com.sec.android.app.shealth,2026-01-07 23:59:59.999,38be06f1-631b-4e1d-b8c9-edef90086fbb,
63070031,2026-01-08 09:00:00.000,,0f1a6e4a-e724-41f3-8249-ebac7795c6c9.binning_data.json,10011,63070031,2026-01-08 10:25:02.321,2026-01-08 10:25:02.321,43.0,0.0,15.0,,UTC-0300,tWUO8ZL77Z,,com.sec.android.app.shealth,2026-01-08 09:59:59.999,0f1a6e4a-e724-41f3-8249-ebac7795c6c9,
63070031,2026-01-07 17:00:00.000,,157b4de6-108c-4f9c-a898-fab7261cee70.binning_data.json,10011,63070031,2026-01-07 18:13:15.682,2026-01-07 18:13:15.682,100.0,93.0,98.0,,UTC-0300,tWUO8ZL77Z,,com.sec.android.app.shealth,2026-01-07 17:59:59.999,157b4de6-108c-4f9c-a898-fab7261cee70,
63070031,2026-01-08 16:00:00.000,,37d024b7-cb96-49ef-a7f0-b5dac2ed8ab8.binning_data.json,10011,63070031,2026-01-08 17:30:45.818,2026-01-08 17:30:45.818,95.0,10.0,42.0,,UTC-0300,tWUO8ZL77Z,,com.sec.android.app.shealth,2026-01-08 16:59:59.999,37d024b7-cb96-49ef-a7f0-b5dac2ed8ab8,
63070031,2026-01-08 00:00:00.000,,3198bb79-4b97-496a-a11f-aaaf645f3503.binning_data.json,10011,63070031,2026-01-08 01:20:22.077,2026-01-08 01:20:22.077,100.0,0.0,44.0,,UTC-0300,tWUO8ZL77Z,,com.sec.android.app.shealth,2026-01-08 00:59:59.999,3198bb79-4b97-496a-a11f-aaaf645f3503,
63070031,2026-01-07 21:00:00.000,,00ef4f3b-562a-4aa4-9e2c-140d58af9236.binning_data.json,10011,63070031,2026-01-07 22:23:59.976,2026-01-07 22:23:59.976,99.0,20.0,72.0,,UTC-0300,tWUO8ZL77Z,,com.sec.android.app.shealth,2026-01-07 21:59:59.999,00ef4f3b-562a-4aa4-9e2c-140d58af9236,
63070031,2026-01-07 11:00:00.000,,60a4d5fb-3fa0-4888-a9c9-fdd087414ce0.binning_data.json,10011,63070031,2026-01-07 12:11:52.725,2026-01-07 12:11:52.725,83.0,21.0,40.0,,UTC-0300,tWUO8ZL77Z,,com.sec.android.app.shealth,2026-01-07 11:59:59.999,60a4d5fb-3fa0-4888-a9c9-fdd087414ce0,
63070031,2026-01-08 03:00:00.000,,a60453d4-d87a-48aa-a150-36d429c429e6.binning_data.json,10011,63070031,2026-01-08 04:23:42.662,2026-01-08 04:23:42.662,29.0,0.0,7.0,,UTC-0300,tWUO8ZL77Z,,com.sec.android.app.shealth,2026-01-08 03:59:59.999,a60453d4-d87a-48aa-a150-36d429c429e6,
63070031,2026-01-07 20:00:00.000,,72eb0132-2fda-489c-b89a-f65265274caf.binning_data.json,10011,63070031,2026-01-07 21:27:52.137,2026-01-07 21:27:52.137,50.0,0.0,24.0,,UTC-0300,tWUO8ZL77Z,,com.sec.android.app.shealth,2026-01-07 20:59:59.999,72eb0132-2fda-489c-b89a-f65265274caf,
63070031,2026-01-08 18:00:00.000,,87391125-d882-41e0-8292-91452cbd296a.binning_data.json,10011,63070031,2026-01-08 19:26:00.859,2026-01-08 19:26:00.859,97.0,33.0,72.0,,UTC-0300,tWUO8ZL77Z,,com.sec.android.app.shealth,2026-01-08 18:59:59.999,87391125-d882-41e0-8292-91452cbd296a,
63070031,2026-01-08 04:00:00.000,,48d3886d-a969-4e71-9507-868332523914.binning_data.json,10011,63070031,2026-01-08 09:46:07.883,2026-01-08 09:46:07.883,0.0,0.0,0.0,,UTC-0300,tWUO8ZL77Z,,com.sec.android.app.shealth,2026-01-08 04:59:59.999,48d3886d-a969-4e71-9507-868332523914,
63070031,2026-01-08 12:00:00.000,,722eb9af-10b2-4a9b-a0c5-0c7975ba1217.binning_data.json,10011,63070031,2026-01-08 13:18:02.140,2026-01-08 13:18:02.140,75.0,8.0,42.0,,UTC-0300,tWUO8ZL77Z,,com.sec.android.app.shealth,2026-01-08 12:59:59.999,722eb9af-10b2-4a9b-a0c5-0c7975ba1217,
63070031,2026-01-08 10:00:00.000,,132d3dfe-148a-4204-92a5-5e28b02dd8d0.binning_data.json,10011,63070031,2026-01-08 11:44:43.638,2026-01-08 11:44:43.638,48.0,0.0,23.0,,UTC-0300,tWUO8ZL77Z,,com.sec.android.app.shealth,2026-01-08 10:59:59.999,132d3dfe-148a-4204-92a5-5e28b02dd8d0,
63070031,2026-01-08 13:00:00.000,,268a3742-547b-49a2-b963-49714d511958.binning_data.json,10011,63070031,2026-01-08 14:21:17.719,2026-01-08 14:21:17.719,95.0,1.0,70.0,,UTC-0300,tWUO8ZL77Z,,com.sec.android.app.shealth,2026-01-08 13:59:59.999,268a3742-547b-49a2-b963-49714d511958,
63070031,2026-01-08 22:00:00.000,,a7209aa4-19de-4566-813f-82c9d539319e.binning_data.json,10011,63070031,2026-01-09 00:45:08.093,2026-01-09 00:45:08.093,93.0,93.0,93.0,,UTC-0300,tWUO8ZL77Z,,com.sec.android.app.shealth,2026-01-08 22:59:59.999,a7209aa4-19de-4566-813f-82c9d539319e,
63070031,2026-01-08 14:00:00.000,,de5df4a0-a1f1-4882-8fe4-2a70fbdf7575.binning_data.json,10011,63070031,2026-01-08 15:16:00.328,2026-01-08 14:53:59.431,88.0,41.0,63.0,,UTC-0300,tWUO8ZL77Z,,com.sec.android.app.shealth,2026-01-08 14:59:59.999,de5df4a0-a1f1-4882-8fe4-2a70fbdf7575,
63070031,2026-01-08 02:00:00.000,,198d32d2-85d1-4325-b315-e29358233309.binning_data.json,10011,63070031,2026-01-08 03:19:56.005,2026-01-08 03:19:56.005,32.0,0.0,12.0,,UTC-0300,tWUO8ZL77Z,,com.sec.android.app.shealth,2026-01-08 02:59:59.999,198d32d2-85d1-4325-b315-e29358233309,
63070031,2026-01-08 21:00:00.000,,55ddbd07-ffce-4df9-acd7-f8adaad918f1.binning_data.json,10011,63070031,2026-01-09 00:43:44.119,2026-01-09 00:43:44.119,81.0,12.0,46.0,,UTC-0300,tWUO8ZL77Z,,com.sec.android.app.shealth,2026-01-08 21:59:59.999,55ddbd07-ffce-4df9-acd7-f8adaad918f1,
63070031,2026-01-08 11:00:00.000,,aaa30649-7812-41c1-a8f7-2a9d9383374e.binning_data.json,10011,63070031,2026-01-08 12:24:50.888,2026-01-08 12:24:50.888,26.0,1.0,18.0,,UTC-0300,tWUO8ZL77Z,,com.sec.android.app.shealth,2026-01-08 11:59:59.999,aaa30649-7812-41c1-a8f7-2a9d9383374e,
63070031,2026-01-08 01:00:00.000,,03b5ebfa-f254-4d73-b16c-a6125aff7cc8.binning_data.json,10011,63070031,2026-01-08 02:19:44.471,2026-01-08 01:30:58.194,95.0,37.0,58.0,,UTC-0300,tWUO8ZL77Z,,com.sec.android.app.shealth,2026-01-08 01:59:59.999,03b5ebfa-f254-4d73-b16c-a6125aff7cc8,
63070031,2026-01-08 15:00:00.000,,13c39769-1141-4f03-bee5-054cf5ca3dc3.binning_data.json,10011,63070031,2026-01-08 16:40:35.390,2026-01-08 15:16:49.080,75.0,26.0,49.0,,UTC-0300,tWUO8ZL77Z,,com.sec.android.app.shealth,2026-01-08 15:59:59.999,13c39769-1141-4f03-bee5-054cf5ca3dc3,
63070031,2026-01-08 20:00:00.000,,a3e22420-6aa6-4777-baf2-56b1c5aa6ab9.binning_data.json,10011,63070031,2026-01-08 21:19:09.060,2026-01-08 21:19:09.060,99.0,0.0,49.0,,UTC-0300,tWUO8ZL77Z,,com.sec.android.app.shealth,2026-01-08 20:59:59.999,a3e22420-6aa6-4777-baf2-56b1c5aa6ab9,
63070031,2026-01-09 08:00:00.000,,7cc0374f-303a-45f6-b23c-323cb9b9b8d6.binning_data.json,10011,63070031,2026-01-09 09:30:38.252,2026-01-09 09:06:05.511,26.0,0.0,8.0,,UTC-0300,tWUO8ZL77Z,,com.sec.android.app.shealth,2026-01-09 08:59:59.999,7cc0374f-303a-45f6-b23c-323cb9b9b8d6,
63070031,2026-01-08 19:00:00.000,,7151d41d-9fa2-437d-8057-78ea033e3ec8.binning_data.json,10011,63070031,2026-01-08 20:18:40.314,2026-01-08 19:30:40.315,100.0,16.0,73.0,,UTC-0300,tWUO8ZL77Z,,com.sec.android.app.shealth,2026-01-08 19:59:59.999,7151d41d-9fa2-437d-8057-78ea033e3ec8,
63070031,2026-01-09 09:00:00.000,,c87ac006-5d99-4118-bb5b-e65f96832b59.binning_data.json,10011,63070031,2026-01-09 10:26:47.743,2026-01-09 09:36:34.994,95.0,1.0,39.0,,UTC-0300,tWUO8ZL77Z,,com.sec.android.app.shealth,2026-01-09 09:59:59.999,c87ac006-5d99-4118-bb5b-e65f96832b59,
63070031,2026-01-08 17:00:00.000,,dfa201eb-16b2-4ea7-8d7d-002a5a90e06e.binning_data.json,10011,63070031,2026-01-08 18:26:35.896,2026-01-08 18:26:35.896,86.0,55.0,70.0,,UTC-0300,tWUO8ZL77Z,,com.sec.android.app.shealth,2026-01-08 17:59:59.999,dfa201eb-16b2-4ea7-8d7d-002a5a90e06e,
63070031,2026-01-09 02:00:00.000,,948187a2-6939-4aa0-9b8d-49991a4b46af.binning_data.json,10011,63070031,2026-01-09 07:59:27.530,2026-01-09 07:59:00.128,5.0,0.0,0.0,,UTC-0300,tWUO8ZL77Z,,com.sec.android.app.shealth,2026-01-09 02:59:59.999,948187a2-6939-4aa0-9b8d-49991a4b46af,
63070031,2026-01-09 01:00:00.000,,4a98bb1b-b29a-42f6-a205-3c0e9af6c8fa.binning_data.json,10011,63070031,2026-01-09 02:19:34.121,2026-01-09 02:19:34.121,70.0,0.0,12.0,,UTC-0300,tWUO8ZL77Z,,com.sec.android.app.shealth,2026-01-09 01:59:59.999,4a98bb1b-b29a-42f6-a205-3c0e9af6c8fa,
63070031,2026-01-09 00:00:00.000,,1974a1de-79c3-44aa-878b-6bf4968fe6ed.binning_data.json,10011,63070031,2026-01-09 01:19:12.280,2026-01-09 01:19:12.280,90.0,25.0,64.0,,UTC-0300,tWUO8ZL77Z,,com.sec.android.app.shealth,2026-01-09 00:59:59.999,1974a1de-79c3-44aa-878b-6bf4968fe6ed,
63070031,2026-01-09 07:00:00.000,,5c12ce7e-82d2-4cf9-9047-e82b2cd248a9.binning_data.json,10011,63070031,2026-01-09 08:19:29.323,2026-01-09 07:59:27.577,0.0,0.0,0.0,,UTC-0300,tWUO8ZL77Z,,com.sec.android.app.shealth,2026-01-09 07:59:59.999,5c12ce7e-82d2-4cf9-9047-e82b2cd248a9,
63070031,2026-01-09 12:00:00.000,,2ff4c557-8bfe-47cf-b5e2-e882fe4d1571.binning_data.json,10011,63070031,2026-01-09 13:42:08.714,2026-01-09 13:42:08.714,44.0,15.0,33.0,,UTC-0300,tWUO8ZL77Z,,com.sec.android.app.shealth,2026-01-09 12:59:59.999,2ff4c557-8bfe-47cf-b5e2-e882fe4d1571,
63070031,2026-01-09 14:00:00.000,,f2215bdd-ab4a-4340-bec3-1efd1fac55e6.binning_data.json,10011,63070031,2026-01-09 15:10:31.997,2026-01-09 15:10:31.997,95.0,11.0,56.0,,UTC-0300,tWUO8ZL77Z,,com.sec.android.app.shealth,2026-01-09 14:59:59.999,f2215bdd-ab4a-4340-bec3-1efd1fac55e6,
63070031,2026-01-09 13:00:00.000,,3137c561-ff95-424f-bb7f-b409cde19db3.binning_data.json,10011,63070031,2026-01-09 14:20:01.581,2026-01-09 14:20:01.581,39.0,0.0,18.0,,UTC-0300,tWUO8ZL77Z,,com.sec.android.app.shealth,2026-01-09 13:59:59.999,3137c561-ff95-424f-bb7f-b409cde19db3,
63070031,2026-01-09 15:00:00.000,,611261be-9563-452e-8c04-b79d1dee4df7.binning_data.json,10011,63070031,2026-01-09 16:16:53.564,2026-01-09 16:06:54.604,78.0,42.0,55.0,,UTC-0300,tWUO8ZL77Z,,com.sec.android.app.shealth,2026-01-09 15:59:59.999,611261be-9563-452e-8c04-b79d1dee4df7,
63070031,2026-01-09 16:00:00.000,,05140a83-607d-4084-bbc8-d11d49ac1e51.binning_data.json,10011,63070031,2026-01-09 17:19:09.346,2026-01-09 17:19:09.346,97.0,16.0,63.0,,UTC-0300,tWUO8ZL77Z,,com.sec.android.app.shealth,2026-01-09 16:59:59.999,05140a83-607d-4084-bbc8-d11d49ac1e51,
63070031,2026-01-09 19:00:00.000,,d47ba140-fa29-4b4d-b5af-13d41b8669eb.binning_data.json,10011,63070031,2026-01-09 20:20:36.810,2026-01-09 20:20:36.810,99.0,37.0,69.0,,UTC-0300,tWUO8ZL77Z,,com.sec.android.app.shealth,2026-01-09 19:59:59.999,d47ba140-fa29-4b4d-b5af-13d41b8669eb,
63070031,2026-01-09 20:00:00.000,,b151b188-9780-4293-8ddd-156b0a448c79.binning_data.json,10011,63070031,2026-01-09 22:54:54.343,2026-01-09 22:33:43.021,66.0,8.0,33.0,,UTC-0300,tWUO8ZL77Z,,com.sec.android.app.shealth,2026-01-09 20:59:59.999,b151b188-9780-4293-8ddd-156b0a448c79,
63070031,2026-01-09 10:00:00.000,,04d1e556-f9bf-48d8-a051-56b53e958e26.binning_data.json,10011,63070031,2026-01-09 11:25:09.701,2026-01-09 11:25:09.701,99.0,5.0,63.0,,UTC-0300,tWUO8ZL77Z,,com.sec.android.app.shealth,2026-01-09 10:59:59.999,04d1e556-f9bf-48d8-a051-56b53e958e26,
63070031,2026-01-09 11:00:00.000,,9afcb981-c16e-4b64-940e-3ee9ae1a78b0.binning_data.json,10011,63070031,2026-01-09 12:20:25.062,2026-01-09 12:20:25.062,98.0,50.0,72.0,,UTC-0300,tWUO8ZL77Z,,com.sec.android.app.shealth,2026-01-09 11:59:59.999,9afcb981-c16e-4b64-940e-3ee9ae1a78b0,
63070031,2026-01-10 01:00:00.000,,99c207df-f01f-4ee7-b478-bdbd6cfe9832.binning_data.json,10011,63070031,2026-01-10 02:20:54.816,2026-01-10 02:20:54.816,100.0,36.0,74.0,,UTC-0300,tWUO8ZL77Z,,com.sec.android.app.shealth,2026-01-10 01:59:59.999,99c207df-f01f-4ee7-b478-bdbd6cfe9832,
63070031,2026-01-09 23:00:00.000,,9d44f242-41f6-4b9f-8c8a-7578882bf8d3.binning_data.json,10011,63070031,2026-01-10 00:25:25.233,2026-01-10 00:25:25.233,100.0,36.0,56.0,,UTC-0300,tWUO8ZL77Z,,com.sec.android.app.shealth,2026-01-09 23:59:59.999,9d44f242-41f6-4b9f-8c8a-7578882bf8d3,
63070031,2026-01-10 02:00:00.000,,5f408607-7c24-4de9-8e5c-90db73f60199.binning_data.json,10011,63070031,2026-01-10 06:42:50.819,2026-01-10 06:42:50.819,99.0,2.0,35.0,,UTC-0300,tWUO8ZL77Z,,com.sec.android.app.shealth,2026-01-10 02:59:59.999,5f408607-7c24-4de9-8e5c-90db73f60199,
63070031,2026-01-10 11:00:00.000,,26a725d7-a682-452b-8a0e-6a9d04070ebd.binning_data.json,10011,63070031,2026-01-10 12:28:08.793,2026-01-10 12:28:08.793,81.0,19.0,38.0,,UTC-0300,tWUO8ZL77Z,,com.sec.android.app.shealth,2026-01-10 11:59:59.999,26a725d7-a682-452b-8a0e-6a9d04070ebd,
63070031,2026-01-10 00:00:00.000,,cd9cd9c9-f192-44a0-9b70-f683a1ae7539.binning_data.json,10011,63070031,2026-01-10 01:31:30.294,2026-01-10 00:35:54.997,95.0,32.0,52.0,,UTC-0300,tWUO8ZL77Z,,com.sec.android.app.shealth,2026-01-10 00:59:59.999,cd9cd9c9-f192-44a0-9b70-f683a1ae7539,
63070031,2026-01-09 18:00:00.000,,1aaf2574-3a70-44c8-ab53-80e6a0a65e36.binning_data.json,10011,63070031,2026-01-09 19:28:30.157,2026-01-09 18:57:49.904,28.0,12.0,20.0,,UTC-0300,tWUO8ZL77Z,,com.sec.android.app.shealth,2026-01-09 18:59:59.999,1aaf2574-3a70-44c8-ab53-80e6a0a65e36,
63070031,2026-01-09 17:00:00.000,,3842755c-68d8-44ae-ad87-cb818ae9994f.binning_data.json,10011,63070031,2026-01-09 18:21:20.953,2026-01-09 18:21:20.953,100.0,47.0,86.0,,UTC-0300,tWUO8ZL77Z,,com.sec.android.app.shealth,2026-01-09 17:59:59.999,3842755c-68d8-44ae-ad87-cb818ae9994f,
63070031,2026-01-10 06:00:00.000,,e1b073ef-6ccb-448f-b182-b6fbb1a507e8.binning_data.json,10011,63070031,2026-01-10 07:14:04.732,2026-01-10 06:42:50.952,95.0,44.0,68.0,,UTC-0300,tWUO8ZL77Z,,com.sec.android.app.shealth,2026-01-10 06:59:59.999,e1b073ef-6ccb-448f-b182-b6fbb1a507e8,
63070031,2026-01-09 22:00:00.000,,27b4f242-2a44-4e6f-aac1-cd4340899583.binning_data.json,10011,63070031,2026-01-09 23:17:19.528,2026-01-09 23:17:19.528,100.0,98.0,99.0,,UTC-0300,tWUO8ZL77Z,,com.sec.android.app.shealth,2026-01-09 22:59:59.999,27b4f242-2a44-4e6f-aac1-cd4340899583,
63070031,2026-01-10 07:00:00.000,,20cbd24c-1435-4ace-bd7a-adc81a2fda3d.binning_data.json,10011,63070031,2026-01-10 08:49:02.021,2026-01-10 08:49:02.021,57.0,23.0,37.0,,UTC-0300,tWUO8ZL77Z,,com.sec.android.app.shealth,2026-01-10 07:59:59.999,20cbd24c-1435-4ace-bd7a-adc81a2fda3d,
63070031,2026-01-10 08:00:00.000,,4b57e363-5e04-471c-a573-c585a138b9d1.binning_data.json,10011,63070031,2026-01-10 09:49:14.913,2026-01-10 09:49:14.913,87.0,63.0,75.0,,UTC-0300,tWUO8ZL77Z,,com.sec.android.app.shealth,2026-01-10 08:59:59.999,4b57e363-5e04-471c-a573-c585a138b9d1,
63070031,2026-01-10 10:00:00.000,,83c7748f-86de-476d-8617-ecdf644c0423.binning_data.json,10011,63070031,2026-01-10 11:19:34.881,2026-01-10 11:19:34.881,73.0,34.0,50.0,,UTC-0300,tWUO8ZL77Z,,com.sec.android.app.shealth,2026-01-10 10:59:59.999,83c7748f-86de-476d-8617-ecdf644c0423,
63070031,2026-01-10 13:00:00.000,,9e02e4af-702f-4d8c-8b22-6212c288d1c1.binning_data.json,10011,63070031,2026-01-10 14:19:26.279,2026-01-10 14:19:26.279,77.0,25.0,48.0,,UTC-0300,tWUO8ZL77Z,,com.sec.android.app.shealth,2026-01-10 13:59:59.999,9e02e4af-702f-4d8c-8b22-6212c288d1c1,
63070031,2026-01-10 12:00:00.000,,233b53b9-a841-4acc-b11e-b9ffe10fe175.binning_data.json,10011,63070031,2026-01-10 13:28:18.925,2026-01-10 13:28:18.925,50.0,10.0,25.0,,UTC-0300,tWUO8ZL77Z,,com.sec.android.app.shealth,2026-01-10 12:59:59.999,233b53b9-a841-4acc-b11e-b9ffe10fe175,
63070031,2026-01-10 09:00:00.000,,668ef08b-704e-4db4-96ab-6ac2b98eca43.binning_data.json,10011,63070031,2026-01-10 10:19:21.594,2026-01-10 10:19:21.594,56.0,37.0,44.0,,UTC-0300,tWUO8ZL77Z,,com.sec.android.app.shealth,2026-01-10 09:59:59.999,668ef08b-704e-4db4-96ab-6ac2b98eca43,
63070031,2026-01-10 14:00:00.000,,6f879efd-baf5-46f9-80f8-e9e6e1ea31c2.binning_data.json,10011,63070031,2026-01-10 15:22:15.682,2026-01-10 15:22:15.682,86.0,27.0,47.0,,UTC-0300,tWUO8ZL77Z,,com.sec.android.app.shealth,2026-01-10 14:59:59.999,6f879efd-baf5-46f9-80f8-e9e6e1ea31c2,
63070031,2026-01-10 15:00:00.000,,0b4b8e63-6c64-4620-925c-d0bfa4330561.binning_data.json,10011,63070031,2026-01-10 16:05:06.269,2026-01-10 16:05:06.269,75.0,9.0,31.0,,UTC-0300,tWUO8ZL77Z,,com.sec.android.app.shealth,2026-01-10 15:59:59.999,0b4b8e63-6c64-4620-925c-d0bfa4330561,
63070031,2026-01-10 16:00:00.000,,1209268d-ef33-42b9-96d5-f04e4962571b.binning_data.json,10011,63070031,2026-01-10 17:08:25.615,2026-01-10 17:08:25.615,95.0,2.0,53.0,,UTC-0300,tWUO8ZL77Z,,com.sec.android.app.shealth,2026-01-10 16:59:59.999,1209268d-ef33-42b9-96d5-f04e4962571b,
63070031,2026-01-10 17:00:00.000,,3f119def-bf11-43c9-90b0-2ea211b26cdc.binning_data.json,10011,63070031,2026-01-10 18:15:38.514,2026-01-10 17:08:47.447,100.0,13.0,62.0,,UTC-0300,tWUO8ZL77Z,,com.sec.android.app.shealth,2026-01-10 17:59:59.999,3f119def-bf11-43c9-90b0-2ea211b26cdc,
63070031,2026-01-10 18:00:00.000,,0fd181ab-f981-4b42-8417-8a5b2fa72d03.binning_data.json,10011,63070031,2026-01-10 19:59:15.553,2026-01-10 18:22:49.245,100.0,27.0,67.0,,UTC-0300,tWUO8ZL77Z,,com.sec.android.app.shealth,2026-01-10 18:59:59.999,0fd181ab-f981-4b42-8417-8a5b2fa72d03,
63070031,2026-01-10 23:00:00.000,,3b2c366a-e53a-4868-9ce0-89603b09d21b.binning_data.json,10011,63070031,2026-01-11 01:29:19.366,2026-01-11 01:29:19.366,95.0,95.0,95.0,,UTC-0300,tWUO8ZL77Z,,com.sec.android.app.shealth,2026-01-10 23:59:59.999,3b2c366a-e53a-4868-9ce0-89603b09d21b,
63070031,2026-01-11 01:00:00.000,,c41343d8-e73b-4845-b915-b1e0b5ba367d.binning_data.json,10011,63070031,2026-01-11 02:06:24.689,2026-01-11 02:06:24.689,99.0,2.0,85.0,,UTC-0300,tWUO8ZL77Z,,com.sec.android.app.shealth,2026-01-11 01:59:59.999,c41343d8-e73b-4845-b915-b1e0b5ba367d,
63070031,2026-01-11 02:00:00.000,,8175a473-c7eb-4978-9948-7fe127f69e87.binning_data.json,10011,63070031,2026-01-11 03:22:13.282,2026-01-11 03:22:13.282,99.0,0.0,33.0,,UTC-0300,tWUO8ZL77Z,,com.sec.android.app.shealth,2026-01-11 02:59:59.999,8175a473-c7eb-4978-9948-7fe127f69e87,
63070031,2026-01-10 19:00:00.000,,3d16de77-caa3-4afc-b055-2ab08c64056d.binning_data.json,10011,63070031,2026-01-10 20:07:17.447,2026-01-10 20:07:17.447,87.0,86.0,86.0,,UTC-0300,tWUO8ZL77Z,,com.sec.android.app.shealth,2026-01-10 19:59:59.999,3d16de77-caa3-4afc-b055-2ab08c64056d,
63070031,2026-01-10 20:00:00.000,,7f0535bf-00b2-484b-8912-e3912b59a093.binning_data.json,10011,63070031,2026-01-10 21:01:40.940,2026-01-10 20:46:36.743,95.0,14.0,52.0,,UTC-0300,tWUO8ZL77Z,,com.sec.android.app.shealth,2026-01-10 20:59:59.999,7f0535bf-00b2-484b-8912-e3912b59a093,
63070031,2026-01-11 03:00:00.000,,75dbd101-a6bb-41fb-acf8-df0c45459e91.binning_data.json,10011,63070031,2026-01-11 09:46:00.901,2026-01-11 09:46:00.901,1.0,0.0,0.0,,UTC-0300,tWUO8ZL77Z,,com.sec.android.app.shealth,2026-01-11 03:59:59.999,75dbd101-a6bb-41fb-acf8-df0c45459e91,
63070031,2026-01-10 21:00:00.000,,7fcdde7d-f2b2-4475-82ed-e8ab419e8a9b.binning_data.json,10011,63070031,2026-01-10 22:03:01.168,2026-01-10 21:49:00.562,99.0,3.0,55.0,,UTC-0300,tWUO8ZL77Z,,com.sec.android.app.shealth,2026-01-10 21:59:59.999,7fcdde7d-f2b2-4475-82ed-e8ab419e8a9b,
63070031,2026-01-11 10:00:00.000,,8c408ac7-d2d6-4cc2-a898-eb865e143b19.binning_data.json,10011,63070031,2026-01-11 11:09:44.605,2026-01-11 11:09:44.605,100.0,0.0,71.0,,UTC-0300,tWUO8ZL77Z,,com.sec.android.app.shealth,2026-01-11 10:59:59.999,8c408ac7-d2d6-4cc2-a898-eb865e143b19,
63070031,2026-01-10 22:00:00.000,,38525521-4354-489d-8818-f88009426a35.binning_data.json,10011,63070031,2026-01-11 01:26:29.907,2026-01-11 01:26:29.907,98.0,9.0,45.0,,UTC-0300,tWUO8ZL77Z,,com.sec.android.app.shealth,2026-01-10 22:59:59.999,38525521-4354-489d-8818-f88009426a35,
63070031,2026-01-11 12:00:00.000,,7f3e162b-402d-48d1-9701-a2d4a7fedf04.binning_data.json,10011,63070031,2026-01-11 13:03:18.233,2026-01-11 12:09:42.414,97.0,0.0,47.0,,UTC-0300,tWUO8ZL77Z,,com.sec.android.app.shealth,2026-01-11 12:59:59.999,7f3e162b-402d-48d1-9701-a2d4a7fedf04,
63070031,2026-01-11 09:00:00.000,,04cb66e1-4259-4d55-8362-cbb9e937e701.binning_data.json,10011,63070031,2026-01-11 10:02:34.464,2026-01-11 10:02:34.464,5.0,0.0,1.0,,UTC-0300,tWUO8ZL77Z,,com.sec.android.app.shealth,2026-01-11 09:59:59.999,04cb66e1-4259-4d55-8362-cbb9e937e701,
63070031,2026-01-11 11:00:00.000,,25f88263-a0a1-4e48-9360-974c40f12155.binning_data.json,10011,63070031,2026-01-11 12:09:06.623,2026-01-11 11:39:50.544,100.0,29.0,84.0,,UTC-0300,tWUO8ZL77Z,,com.sec.android.app.shealth,2026-01-11 11:59:59.999,25f88263-a0a1-4e48-9360-974c40f12155,
63070031,2026-01-11 13:00:00.000,,d59cfc96-879c-4089-856d-b56b4fd7acc4.binning_data.json,10011,63070031,2026-01-12 13:46:08.238,2026-01-12 13:45:48.144,99.0,0.0,35.0,,UTC-0300,tWUO8ZL77Z,,com.sec.android.app.shealth,2026-01-11 13:59:59.999,d59cfc96-879c-4089-856d-b56b4fd7acc4,
63070031,2026-01-12 13:00:00.000,,69e00e13-fbae-491e-ab5e-9f4825570dd8.binning_data.json,10011,63070031,2026-01-12 14:18:44.074,2026-01-12 13:46:08.301,70.0,1.0,39.0,,UTC-0300,tWUO8ZL77Z,,com.sec.android.app.shealth,2026-01-12 13:59:59.999,69e00e13-fbae-491e-ab5e-9f4825570dd8,
63070031,2026-01-12 14:00:00.000,,07d4b97b-d36a-472d-9124-f0de0cf8c534.binning_data.json,10011,63070031,2026-01-12 15:03:00.515,2026-01-12 15:03:00.515,99.0,19.0,88.0,,UTC-0300,tWUO8ZL77Z,,com.sec.android.app.shealth,2026-01-12 14:59:59.999,07d4b97b-d36a-472d-9124-f0de0cf8c534,
63070031,2026-01-12 15:00:00.000,,0f3ff68e-2a41-49f8-83e3-27b1857974bf.binning_data.json,10011,63070031,2026-01-12 16:18:11.287,2026-01-12 16:18:11.287,100.0,6.0,54.0,,UTC-0300,tWUO8ZL77Z,,com.sec.android.app.shealth,2026-01-12 15:59:59.999,0f3ff68e-2a41-49f8-83e3-27b1857974bf,
63070031,2026-01-12 16:00:00.000,,c53ceba9-84b7-409f-b61f-5147ed05e351.binning_data.json,10011,63070031,2026-01-12 17:05:33.935,2026-01-12 17:05:33.935,99.0,24.0,66.0,,UTC-0300,tWUO8ZL77Z,,com.sec.android.app.shealth,2026-01-12 16:59:59.999,c53ceba9-84b7-409f-b61f-5147ed05e351,
63070031,2026-01-12 17:00:00.000,,cb3b0144-7f7d-4603-ad86-4f014145d0f0.binning_data.json,10011,63070031,2026-01-12 18:16:31.677,2026-01-12 18:16:31.677,98.0,1.0,53.0,,UTC-0300,tWUO8ZL77Z,,com.sec.android.app.shealth,2026-01-12 17:59:59.999,cb3b0144-7f7d-4603-ad86-4f014145d0f0,
63070031,2026-01-12 18:00:00.000,,124bf2ba-7288-421a-be4c-035931a0bf39.binning_data.json,10011,63070031,2026-01-12 19:11:03.174,2026-01-12 19:11:03.174,100.0,85.0,97.0,,UTC-0300,tWUO8ZL77Z,,com.sec.android.app.shealth,2026-01-12 18:59:59.999,124bf2ba-7288-421a-be4c-035931a0bf39,
63070031,2026-01-12 19:00:00.000,,550f9e81-3cf8-4e9e-9f40-79bf850780b7.binning_data.json,10011,63070031,2026-01-12 20:09:25.196,2026-01-12 20:09:25.196,99.0,4.0,60.0,,UTC-0300,tWUO8ZL77Z,,com.sec.android.app.shealth,2026-01-12 19:59:59.999,550f9e81-3cf8-4e9e-9f40-79bf850780b7,
63070031,2026-01-12 20:00:00.000,,b2a66272-d317-41e4-bece-2e9125f6af68.binning_data.json,10011,63070031,2026-01-12 21:14:17.717,2026-01-12 21:14:17.717,75.0,32.0,60.0,,UTC-0300,tWUO8ZL77Z,,com.sec.android.app.shealth,2026-01-12 20:59:59.999,b2a66272-d317-41e4-bece-2e9125f6af68,
63070031,2026-01-12 21:00:00.000,,fd8baab2-6c9c-48db-ae20-a665298ab542.binning_data.json,10011,63070031,2026-01-12 22:07:45.098,2026-01-12 22:07:45.098,100.0,58.0,85.0,,UTC-0300,tWUO8ZL77Z,,com.sec.android.app.shealth,2026-01-12 21:59:59.999,fd8baab2-6c9c-48db-ae20-a665298ab542,
63070031,2026-01-12 22:00:00.000,,857f30e9-8006-4578-83ef-d7488364927d.binning_data.json,10011,63070031,2026-01-12 23:08:42.620,2026-01-12 23:08:42.620,100.0,91.0,97.0,,UTC-0300,tWUO8ZL77Z,,com.sec.android.app.shealth,2026-01-12 22:59:59.999,857f30e9-8006-4578-83ef-d7488364927d,
63070031,2026-01-12 23:00:00.000,,67cc5b21-a432-4970-92f5-4ad43e92e2ba.binning_data.json,10011,63070031,2026-01-13 00:14:09.560,2026-01-13 00:14:09.560,99.0,16.0,55.0,,UTC-0300,tWUO8ZL77Z,,com.sec.android.app.shealth,2026-01-12 23:59:59.999,67cc5b21-a432-4970-92f5-4ad43e92e2ba,
63070031,2026-01-13 00:00:00.000,,db432221-90fa-4a5d-8bba-46f8df2b703a.binning_data.json,10011,63070031,2026-01-13 01:21:39.912,2026-01-13 00:43:56.120,100.0,69.0,92.0,,UTC-0300,tWUO8ZL77Z,,com.sec.android.app.shealth,2026-01-13 00:59:59.999,db432221-90fa-4a5d-8bba-46f8df2b703a,
63070031,2026-01-13 01:00:00.000,,cca41437-9038-4cdd-a01d-392d3be5f272.binning_data.json,10011,63070031,2026-01-13 07:45:54.357,2026-01-13 07:45:54.357,100.0,0.0,51.0,,UTC-0300,tWUO8ZL77Z,,com.sec.android.app.shealth,2026-01-13 01:59:59.999,cca41437-9038-4cdd-a01d-392d3be5f272,
63070031,2026-01-13 02:00:00.000,,46ef5643-9912-46ae-9d56-05539a3e3e09.binning_data.json,10011,63070031,2026-01-13 07:56:25.719,2026-01-13 07:45:55.395,4.0,4.0,4.0,,UTC-0300,tWUO8ZL77Z,,com.sec.android.app.shealth,2026-01-13 02:59:59.999,46ef5643-9912-46ae-9d56-05539a3e3e09,
63070031,2026-01-13 07:00:00.000,,ac57ef36-e9e4-40ef-a0b7-41dbb804d26c.binning_data.json,10011,63070031,2026-01-13 10:19:00.253,2026-01-13 10:19:00.253,0.0,0.0,0.0,,UTC-0300,tWUO8ZL77Z,,com.sec.android.app.shealth,2026-01-13 07:59:59.999,ac57ef36-e9e4-40ef-a0b7-41dbb804d26c,
63070031,2026-01-13 10:00:00.000,,34f8a0b1-6d85-4eb7-9b7d-e310e46a4916.binning_data.json,10011,63070031,2026-01-13 11:17:31.192,2026-01-13 11:17:31.192,85.0,0.0,12.0,,UTC-0300,tWUO8ZL77Z,,com.sec.android.app.shealth,2026-01-13 10:59:59.999,34f8a0b1-6d85-4eb7-9b7d-e310e46a4916,
63070031,2026-01-13 12:00:00.000,,b51f608b-75cf-4fc4-94d5-ea233b125d67.binning_data.json,10011,63070031,2026-01-13 13:19:18.431,2026-01-13 13:19:18.431,100.0,0.0,47.0,,UTC-0300,tWUO8ZL77Z,,com.sec.android.app.shealth,2026-01-13 12:59:59.999,b51f608b-75cf-4fc4-94d5-ea233b125d67,
63070031,2026-01-13 13:00:00.000,,f4f36ccc-f287-4a41-aba9-450003cfbc08.binning_data.json,10011,63070031,2026-01-13 14:07:56.147,2026-01-13 14:07:56.147,100.0,14.0,85.0,,UTC-0300,tWUO8ZL77Z,,com.sec.android.app.shealth,2026-01-13 13:59:59.999,f4f36ccc-f287-4a41-aba9-450003cfbc08,
63070031,2026-01-13 11:00:00.000,,a73d4da0-42a9-4bdf-8e34-bc0e6787d528.binning_data.json,10011,63070031,2026-01-13 12:04:13.628,2026-01-13 12:04:13.628,100.0,0.0,64.0,,UTC-0300,tWUO8ZL77Z,,com.sec.android.app.shealth,2026-01-13 11:59:59.999,a73d4da0-42a9-4bdf-8e34-bc0e6787d528,
63070031,2026-01-13 14:00:00.000,,bb04f1bc-5282-4d89-9347-b14f550d698c.binning_data.json,10011,63070031,2026-01-13 15:06:36.741,2026-01-13 15:06:36.741,96.0,11.0,51.0,,UTC-0300,tWUO8ZL77Z,,com.sec.android.app.shealth,2026-01-13 14:59:59.999,bb04f1bc-5282-4d89-9347-b14f550d698c,
63070031,2026-01-13 15:00:00.000,,f4a46cff-3e17-4e7f-b226-de1a87ad5da9.binning_data.json,10011,63070031,2026-01-13 16:01:05.774,2026-01-13 16:01:05.774,96.0,8.0,64.0,,UTC-0300,tWUO8ZL77Z,,com.sec.android.app.shealth,2026-01-13 15:59:59.999,f4a46cff-3e17-4e7f-b226-de1a87ad5da9,
63070031,2026-01-13 16:00:00.000,,89702cbd-da85-4693-9c6d-cdda76a21ee0.binning_data.json,10011,63070031,2026-01-13 17:07:08.250,2026-01-13 17:07:08.250,98.0,11.0,54.0,,UTC-0300,tWUO8ZL77Z,,com.sec.android.app.shealth,2026-01-13 16:59:59.999,89702cbd-da85-4693-9c6d-cdda76a21ee0,
63070031,2026-01-13 17:00:00.000,,e23a5238-e1fa-4e62-82b4-4e8421b5f9e9.binning_data.json,10011,63070031,2026-01-13 18:03:51.574,2026-01-13 18:03:51.574,100.0,3.0,43.0,,UTC-0300,tWUO8ZL77Z,,com.sec.android.app.shealth,2026-01-13 17:59:59.999,e23a5238-e1fa-4e62-82b4-4e8421b5f9e9,
63070031,2026-01-13 18:00:00.000,,9d0c7b54-1537-47ec-928d-b624e928d6a4.binning_data.json,10011,63070031,2026-01-13 19:04:00.817,2026-01-13 19:04:00.817,57.0,1.0,18.0,,UTC-0300,tWUO8ZL77Z,,com.sec.android.app.shealth,2026-01-13 18:59:59.999,9d0c7b54-1537-47ec-928d-b624e928d6a4,
63070031,2026-01-13 19:00:00.000,,fc9016f7-240e-4597-ac7d-91d021bfd254.binning_data.json,10011,63070031,2026-01-13 20:09:34.615,2026-01-13 20:09:34.615,66.0,9.0,31.0,,UTC-0300,tWUO8ZL77Z,,com.sec.android.app.shealth,2026-01-13 19:59:59.999,fc9016f7-240e-4597-ac7d-91d021bfd254,
63070031,2026-01-13 20:00:00.000,,da8fe9f6-5b40-443a-8c13-7c327dcc4810.binning_data.json,10011,63070031,2026-01-13 21:03:56.081,2026-01-13 21:03:56.081,85.0,0.0,18.0,,UTC-0300,tWUO8ZL77Z,,com.sec.android.app.shealth,2026-01-13 20:59:59.999,da8fe9f6-5b40-443a-8c13-7c327dcc4810,
63070031,2026-01-13 21:00:00.000,,0561c205-def2-48e8-beca-f82c9c426295.binning_data.json,10011,63070031,2026-01-13 22:10:02.878,2026-01-13 22:10:02.878,30.0,1.0,11.0,,UTC-0300,tWUO8ZL77Z,,com.sec.android.app.shealth,2026-01-13 21:59:59.999,0561c205-def2-48e8-beca-f82c9c426295,
63070031,2026-01-13 22:00:00.000,,f4216c70-d1c5-4675-8e0c-60a0273d15fd.binning_data.json,10011,63070031,2026-01-13 23:17:41.113,2026-01-13 23:17:41.113,25.0,4.0,13.0,,UTC-0300,tWUO8ZL77Z,,com.sec.android.app.shealth,2026-01-13 22:59:59.999,f4216c70-d1c5-4675-8e0c-60a0273d15fd,
63070031,2026-01-13 23:00:00.000,,8fb9eba7-655b-491c-b0d5-2f7d45915ffd.binning_data.json,10011,63070031,2026-01-14 00:07:07.885,2026-01-13 23:18:39.863,21.0,0.0,2.0,,UTC-0300,tWUO8ZL77Z,,com.sec.android.app.shealth,2026-01-13 23:59:59.999,8fb9eba7-655b-491c-b0d5-2f7d45915ffd,
63070031,2026-01-14 00:00:00.000,,b1775c35-3b13-4441-8919-42de6898c3fd.binning_data.json,10011,63070031,2026-01-14 04:22:00.965,2026-01-14 04:21:34.844,0.0,0.0,0.0,,UTC-0300,tWUO8ZL77Z,,com.sec.android.app.shealth,2026-01-14 00:59:59.999,b1775c35-3b13-4441-8919-42de6898c3fd,
63070031,2026-01-14 04:00:00.000,,204cc569-3a24-4dcc-b838-e7b4611104d1.binning_data.json,10011,63070031,2026-01-14 05:19:05.881,2026-01-14 05:19:05.881,20.0,0.0,3.0,,UTC-0300,tWUO8ZL77Z,,com.sec.android.app.shealth,2026-01-14 04:59:59.999,204cc569-3a24-4dcc-b838-e7b4611104d1,
63070031,2026-01-14 05:00:00.000,,d6f7bf0e-de8d-41e3-9392-d84d76d08054.binning_data.json,10011,63070031,2026-01-14 09:02:08.891,2026-01-14 09:02:08.891,0.0,0.0,0.0,,UTC-0300,tWUO8ZL77Z,,com.sec.android.app.shealth,2026-01-14 05:59:59.999,d6f7bf0e-de8d-41e3-9392-d84d76d08054,
63070031,2026-01-14 06:00:00.000,,09d93e35-3557-4fab-bf8b-413440f5ae2b.binning_data.json,10011,63070031,2026-01-14 09:02:30.345,2026-01-14 09:02:30.345,0.0,0.0,0.0,,UTC-0300,tWUO8ZL77Z,,com.sec.android.app.shealth,2026-01-14 06:59:59.999,09d93e35-3557-4fab-bf8b-413440f5ae2b,
63070031,2026-01-14 09:00:00.000,,b21a038c-ab90-410f-8b10-0f840a089e48.binning_data.json,10011,63070031,2026-01-14 10:11:41.135,2026-01-14 09:02:30.409,99.0,9.0,55.0,,UTC-0300,tWUO8ZL77Z,,com.sec.android.app.shealth,2026-01-14 09:59:59.999,b21a038c-ab90-410f-8b10-0f840a089e48,
63070031,2026-01-14 17:00:00.000,,0e8e6df1-4a30-4e01-b180-92c23a021aa0.binning_data.json,10011,63070031,2026-01-14 18:12:23.008,2026-01-14 17:47:58.878,99.0,38.0,62.0,,UTC-0300,tWUO8ZL77Z,,com.sec.android.app.shealth,2026-01-14 17:59:59.999,0e8e6df1-4a30-4e01-b180-92c23a021aa0,
63070031,2026-01-14 10:00:00.000,,a7e579d6-81bc-4aa0-8d1d-7b1dd9ba7f3e.binning_data.json,10011,63070031,2026-01-14 11:08:44.400,2026-01-14 11:08:44.400,100.0,13.0,52.0,,UTC-0300,tWUO8ZL77Z,,com.sec.android.app.shealth,2026-01-14 10:59:59.999,a7e579d6-81bc-4aa0-8d1d-7b1dd9ba7f3e,
63070031,2026-01-14 11:00:00.000,,434e7111-0da7-4063-be39-ac2a75633109.binning_data.json,10011,63070031,2026-01-14 12:09:38.679,2026-01-14 12:09:38.679,100.0,12.0,74.0,,UTC-0300,tWUO8ZL77Z,,com.sec.android.app.shealth,2026-01-14 11:59:59.999,434e7111-0da7-4063-be39-ac2a75633109,
63070031,2026-01-14 18:00:00.000,,2b8214d0-9569-4478-a1fb-03419295e868.binning_data.json,10011,63070031,2026-01-14 19:16:21.837,2026-01-14 19:16:21.837,99.0,7.0,45.0,,UTC-0300,tWUO8ZL77Z,,com.sec.android.app.shealth,2026-01-14 18:59:59.999,2b8214d0-9569-4478-a1fb-03419295e868,
63070031,2026-01-14 12:00:00.000,,6330f794-0630-45e1-900b-2997f2f11a30.binning_data.json,10011,63070031,2026-01-14 13:13:07.631,2026-01-14 13:13:07.631,97.0,5.0,48.0,,UTC-0300,tWUO8ZL77Z,,com.sec.android.app.shealth,2026-01-14 12:59:59.999,6330f794-0630-45e1-900b-2997f2f11a30,
63070031,2026-01-14 13:00:00.000,,90bf4c59-9c4d-4868-8d78-616030db67f9.binning_data.json,10011,63070031,2026-01-14 14:07:00.511,2026-01-14 14:07:00.511,65.0,2.0,23.0,,UTC-0300,tWUO8ZL77Z,,com.sec.android.app.shealth,2026-01-14 13:59:59.999,90bf4c59-9c4d-4868-8d78-616030db67f9,
63070031,2026-01-14 14:00:00.000,,7a849ebe-c234-4343-b9cd-8e6b2410f526.binning_data.json,10011,63070031,2026-01-14 15:04:52.336,2026-01-14 15:04:52.336,99.0,17.0,47.0,,UTC-0300,tWUO8ZL77Z,,com.sec.android.app.shealth,2026-01-14 14:59:59.999,7a849ebe-c234-4343-b9cd-8e6b2410f526,
63070031,2026-01-14 15:00:00.000,,0a917866-b5de-4980-a3a0-c066a08a73de.binning_data.json,10011,63070031,2026-01-14 16:07:58.555,2026-01-14 16:07:58.555,88.0,15.0,48.0,,UTC-0300,tWUO8ZL77Z,,com.sec.android.app.shealth,2026-01-14 15:59:59.999,0a917866-b5de-4980-a3a0-c066a08a73de,
63070031,2026-01-14 16:00:00.000,,82e9a3d2-f6cb-45ca-8d13-d0d4661356cf.binning_data.json,10011,63070031,2026-01-14 17:13:07.210,2026-01-14 17:13:07.210,96.0,43.0,73.0,,UTC-0300,tWUO8ZL77Z,,com.sec.android.app.shealth,2026-01-14 16:59:59.999,82e9a3d2-f6cb-45ca-8d13-d0d4661356cf,
63070031,2026-01-14 19:00:00.000,,91bb470b-e68f-45d4-a547-4de0353b4870.binning_data.json,10011,63070031,2026-01-14 20:45:54.256,2026-01-14 20:45:54.256,86.0,23.0,50.0,,UTC-0300,tWUO8ZL77Z,,com.sec.android.app.shealth,2026-01-14 19:59:59.999,91bb470b-e68f-45d4-a547-4de0353b4870,
63070031,2026-01-14 20:00:00.000,,d84c0c91-d819-4094-a732-2770f2c75561.binning_data.json,10011,63070031,2026-01-14 21:07:40.964,2026-01-14 21:07:40.964,91.0,5.0,38.0,,UTC-0300,tWUO8ZL77Z,,com.sec.android.app.shealth,2026-01-14 20:59:59.999,d84c0c91-d819-4094-a732-2770f2c75561,
63070031,2026-01-14 21:00:00.000,,7afe4a3d-b1c9-47b5-93b0-bbb845eea057.binning_data.json,10011,63070031,2026-01-14 22:01:00.450,2026-01-14 22:01:00.450,98.0,14.0,52.0,,UTC-0300,tWUO8ZL77Z,,com.sec.android.app.shealth,2026-01-14 21:59:59.999,7afe4a3d-b1c9-47b5-93b0-bbb845eea057,
63070031,2026-01-14 22:00:00.000,,9f5483f2-362d-4684-9080-0117bb102088.binning_data.json,10011,63070031,2026-01-14 23:03:00.816,2026-01-14 23:03:00.816,99.0,6.0,39.0,,UTC-0300,tWUO8ZL77Z,,com.sec.android.app.shealth,2026-01-14 22:59:59.999,9f5483f2-362d-4684-9080-0117bb102088,
63070031,2026-01-14 23:00:00.000,,0836c9f9-ef7c-46b7-a6ad-7edde3337c10.binning_data.json,10011,63070031,2026-01-15 01:02:19.142,2026-01-15 01:02:19.142,98.0,37.0,62.0,,UTC-0300,tWUO8ZL77Z,,com.sec.android.app.shealth,2026-01-14 23:59:59.999,0836c9f9-ef7c-46b7-a6ad-7edde3337c10,
63070031,2026-01-15 00:00:00.000,,6ae03cf6-7145-4fc3-855a-66d855e0e821.binning_data.json,10011,63070031,2026-01-15 01:22:41.975,2026-01-15 01:22:41.975,10.0,0.0,5.0,,UTC-0300,tWUO8ZL77Z,,com.sec.android.app.shealth,2026-01-15 00:59:59.999,6ae03cf6-7145-4fc3-855a-66d855e0e821,
63070031,2026-01-15 01:00:00.000,,39e6818e-c02f-496d-8928-0ae75261e088.binning_data.json,10011,63070031,2026-01-15 09:40:26.983,2026-01-15 09:40:05.585,0.0,0.0,0.0,,UTC-0300,tWUO8ZL77Z,,com.sec.android.app.shealth,2026-01-15 01:59:59.999,39e6818e-c02f-496d-8928-0ae75261e088,
63070031,2026-01-15 09:00:00.000,,79ade946-f944-41cf-9c1e-9db8c076c250.binning_data.json,10011,63070031,2026-01-15 10:01:54.944,2026-01-15 09:40:27.047,64.0,0.0,17.0,,UTC-0300,tWUO8ZL77Z,,com.sec.android.app.shealth,2026-01-15 09:59:59.999,79ade946-f944-41cf-9c1e-9db8c076c250,
63070031,2026-01-15 10:00:00.000,,81784f23-b9b7-48e0-9353-b1c9c3c1cec0.binning_data.json,10011,63070031,2026-01-15 11:27:19.619,2026-01-15 11:27:19.619,94.0,11.0,55.0,,UTC-0300,tWUO8ZL77Z,,com.sec.android.app.shealth,2026-01-15 10:59:59.999,81784f23-b9b7-48e0-9353-b1c9c3c1cec0,
63070031,2026-01-15 11:00:00.000,,43f63dff-c46d-4b1f-b303-0c152438d1ae.binning_data.json,10011,63070031,2026-01-15 12:05:24.343,2026-01-15 12:05:24.343,99.0,14.0,76.0,,UTC-0300,tWUO8ZL77Z,,com.sec.android.app.shealth,2026-01-15 11:59:59.999,43f63dff-c46d-4b1f-b303-0c152438d1ae,
63070031,2026-01-15 12:00:00.000,,a52f980f-9cf4-46ff-a5f0-4beca2abeb46.binning_data.json,10011,63070031,2026-01-15 13:11:22.043,2026-01-15 13:11:22.043,95.0,0.0,61.0,,UTC-0300,tWUO8ZL77Z,,com.sec.android.app.shealth,2026-01-15 12:59:59.999,a52f980f-9cf4-46ff-a5f0-4beca2abeb46,
63070031,2026-01-15 13:00:00.000,,364bdbe0-6148-4a10-8f94-d42b2a58ce8a.binning_data.json,10011,63070031,2026-01-15 14:06:08.666,2026-01-15 14:06:08.666,93.0,2.0,51.0,,UTC-0300,tWUO8ZL77Z,,com.sec.android.app.shealth,2026-01-15 13:59:59.999,364bdbe0-6148-4a10-8f94-d42b2a58ce8a,
63070031,2026-01-15 14:00:00.000,,316811d9-6d0a-4707-9fe6-9708de03ce7b.binning_data.json,10011,63070031,2026-01-15 15:08:48.548,2026-01-15 15:08:48.548,62.0,0.0,25.0,,UTC-0300,tWUO8ZL77Z,,com.sec.android.app.shealth,2026-01-15 14:59:59.999,316811d9-6d0a-4707-9fe6-9708de03ce7b,
63070031,2026-01-15 15:00:00.000,,e070af23-5e35-48c4-820a-1d749076afcd.binning_data.json,10011,63070031,2026-01-15 16:15:55.128,2026-01-15 16:15:55.128,92.0,0.0,40.0,,UTC-0300,tWUO8ZL77Z,,com.sec.android.app.shealth,2026-01-15 15:59:59.999,e070af23-5e35-48c4-820a-1d749076afcd,
63070031,2026-01-15 16:00:00.000,,1e83867f-e85b-4b96-9201-dc321220cefb.binning_data.json,10011,63070031,2026-01-15 17:04:56.531,2026-01-15 17:04:56.531,73.0,0.0,12.0,,UTC-0300,tWUO8ZL77Z,,com.sec.android.app.shealth,2026-01-15 16:59:59.999,1e83867f-e85b-4b96-9201-dc321220cefb,
63070031,2026-01-15 17:00:00.000,,9ca9700c-ac69-43ee-95be-558444bb58e1.binning_data.json,10011,63070031,2026-01-15 18:06:02.194,2026-01-15 18:06:02.194,88.0,0.0,16.0,,UTC-0300,tWUO8ZL77Z,,com.sec.android.app.shealth,2026-01-15 17:59:59.999,9ca9700c-ac69-43ee-95be-558444bb58e1,
63070031,2026-01-15 22:00:00.000,,2ef745a0-f381-4a94-9ef7-96b301bff143.binning_data.json,10011,63070031,2026-01-15 23:20:18.561,2026-01-15 23:20:18.561,99.0,8.0,50.0,,UTC-0300,tWUO8ZL77Z,,com.sec.android.app.shealth,2026-01-15 22:59:59.999,2ef745a0-f381-4a94-9ef7-96b301bff143,
63070031,2026-01-15 18:00:00.000,,3f7c5f14-613b-4486-b4e4-0fb8509aebd9.binning_data.json,10011,63070031,2026-01-15 20:27:14.482,2026-01-15 20:27:14.482,90.0,1.0,28.0,,UTC-0300,tWUO8ZL77Z,,com.sec.android.app.shealth,2026-01-15 18:59:59.999,3f7c5f14-613b-4486-b4e4-0fb8509aebd9,
63070031,2026-01-15 20:00:00.000,,4254ae19-be30-4a01-80da-55b380f5c381.binning_data.json,10011,63070031,2026-01-15 21:06:16.135,2026-01-15 21:06:16.135,92.0,4.0,32.0,,UTC-0300,tWUO8ZL77Z,,com.sec.android.app.shealth,2026-01-15 20:59:59.999,4254ae19-be30-4a01-80da-55b380f5c381,
63070031,2026-01-15 21:00:00.000,,23009089-d471-4430-9c07-42c99993420a.binning_data.json,10011,63070031,2026-01-15 22:12:37.781,2026-01-15 22:12:37.781,70.0,11.0,35.0,,UTC-0300,tWUO8ZL77Z,,com.sec.android.app.shealth,2026-01-15 21:59:59.999,23009089-d471-4430-9c07-42c99993420a,
63070031,2026-01-16 01:00:00.000,,c4912d20-2486-4b4c-8439-17afbd2327c6.binning_data.json,10011,63070031,2026-01-16 02:13:14.983,2026-01-16 02:13:14.983,73.0,0.0,30.0,,UTC-0300,tWUO8ZL77Z,,com.sec.android.app.shealth,2026-01-16 01:59:59.999,c4912d20-2486-4b4c-8439-17afbd2327c6,
63070031,2026-01-16 02:00:00.000,,7e8153c9-e726-4322-b2d5-96760a007aad.binning_data.json,10011,63070031,2026-01-16 04:56:18.974,2026-01-16 04:56:18.974,47.0,0.0,12.0,,UTC-0300,tWUO8ZL77Z,,com.sec.android.app.shealth,2026-01-16 02:59:59.999,7e8153c9-e726-4322-b2d5-96760a007aad,
63070031,2026-01-15 23:00:00.000,,687d3836-3283-44d6-aa6e-f002d6f270a8.binning_data.json,10011,63070031,2026-01-16 01:48:50.615,2026-01-16 00:46:29.513,25.0,0.0,8.0,,UTC-0300,tWUO8ZL77Z,,com.sec.android.app.shealth,2026-01-15 23:59:59.999,687d3836-3283-44d6-aa6e-f002d6f270a8,
63070031,2026-01-16 03:00:00.000,,003b4d0e-bef9-4acf-81c8-42f942dbf38b.binning_data.json,10011,63070031,2026-01-16 05:01:12.260,2026-01-16 04:56:19.107,0.0,0.0,0.0,,UTC-0300,tWUO8ZL77Z,,com.sec.android.app.shealth,2026-01-16 03:59:59.999,003b4d0e-bef9-4acf-81c8-42f942dbf38b,
63070031,2026-01-16 05:00:00.000,,62c4fca9-ae1d-413b-b2cd-fd5d487d6453.binning_data.json,10011,63070031,2026-01-16 06:22:46.498,2026-01-16 06:22:46.498,0.0,0.0,0.0,,UTC-0300,tWUO8ZL77Z,,com.sec.android.app.shealth,2026-01-16 05:59:59.999,62c4fca9-ae1d-413b-b2cd-fd5d487d6453,
63070031,2026-01-16 04:00:00.000,,97ecc8b9-cd7a-4953-b449-8443a3fc7424.binning_data.json,10011,63070031,2026-01-16 05:21:21.237,2026-01-16 05:21:21.237,0.0,0.0,0.0,,UTC-0300,tWUO8ZL77Z,,com.sec.android.app.shealth,2026-01-16 04:59:59.999,97ecc8b9-cd7a-4953-b449-8443a3fc7424,
63070031,2026-01-16 06:00:00.000,,26408a23-f07c-4731-987e-1a50f89247ac.binning_data.json,10011,63070031,2026-01-16 09:14:00.845,2026-01-16 09:14:00.845,0.0,0.0,0.0,,UTC-0300,tWUO8ZL77Z,,com.sec.android.app.shealth,2026-01-16 06:59:59.999,26408a23-f07c-4731-987e-1a50f89247ac,
63070031,2026-01-16 09:00:00.000,,9398499d-0441-4567-8f54-d16e482c0df1.binning_data.json,10011,63070031,2026-01-16 10:23:49.607,2026-01-16 10:23:49.607,74.0,0.0,17.0,,UTC-0300,tWUO8ZL77Z,,com.sec.android.app.shealth,2026-01-16 09:59:59.999,9398499d-0441-4567-8f54-d16e482c0df1,
63070031,2026-01-16 10:00:00.000,,1d36c538-3857-4b17-9577-494f81ac6491.binning_data.json,10011,63070031,2026-01-16 11:18:45.249,2026-01-16 11:18:45.249,95.0,0.0,34.0,,UTC-0300,tWUO8ZL77Z,,com.sec.android.app.shealth,2026-01-16 10:59:59.999,1d36c538-3857-4b17-9577-494f81ac6491,
63070031,2026-01-16 11:00:00.000,,5584e881-0024-4ea3-ba3b-5102cc0c8bb1.binning_data.json,10011,63070031,2026-01-16 12:10:42.338,2026-01-16 12:10:42.338,77.0,0.0,18.0,,UTC-0300,tWUO8ZL77Z,,com.sec.android.app.shealth,2026-01-16 11:59:59.999,5584e881-0024-4ea3-ba3b-5102cc0c8bb1,
63070031,2026-01-16 12:00:00.000,,4a70976b-afef-4d00-a987-680dbcf52ee2.binning_data.json,10011,63070031,2026-01-16 13:13:22.991,2026-01-16 13:13:22.991,78.0,14.0,36.0,,UTC-0300,tWUO8ZL77Z,,com.sec.android.app.shealth,2026-01-16 12:59:59.999,4a70976b-afef-4d00-a987-680dbcf52ee2,
63070031,2026-01-16 13:00:00.000,,3da4c60d-e166-4811-b7a7-f71c96f63be0.binning_data.json,10011,63070031,2026-01-16 14:06:47.368,2026-01-16 14:06:47.368,84.0,0.0,15.0,,UTC-0300,tWUO8ZL77Z,,com.sec.android.app.shealth,2026-01-16 13:59:59.999,3da4c60d-e166-4811-b7a7-f71c96f63be0,
63070031,2026-01-16 14:00:00.000,,8aa7b5a2-0ad1-4e4f-85d5-6343325e58dd.binning_data.json,10011,63070031,2026-01-16 15:10:39.628,2026-01-16 14:25:50.482,99.0,0.0,44.0,,UTC-0300,tWUO8ZL77Z,,com.sec.android.app.shealth,2026-01-16 14:59:59.999,8aa7b5a2-0ad1-4e4f-85d5-6343325e58dd,
63070031,2026-01-17 02:00:00.000,,94afc0fa-cc9d-4998-8574-46f0c82bbce9.binning_data.json,10011,63070031,2026-01-17 03:20:50.754,2026-01-17 03:20:50.754,1.0,0.0,0.0,,UTC-0300,tWUO8ZL77Z,,com.sec.android.app.shealth,2026-01-17 02:59:59.999,94afc0fa-cc9d-4998-8574-46f0c82bbce9,
63070031,2026-01-16 15:00:00.000,,d124466d-4021-414d-8dc8-feece8e551bf.binning_data.json,10011,63070031,2026-01-16 16:07:20.116,2026-01-16 16:07:20.116,100.0,3.0,50.0,,UTC-0300,tWUO8ZL77Z,,com.sec.android.app.shealth,2026-01-16 15:59:59.999,d124466d-4021-414d-8dc8-feece8e551bf,
63070031,2026-01-16 16:00:00.000,,e74a3655-87e3-4c53-9b76-3298d3e7c31c.binning_data.json,10011,63070031,2026-01-16 17:08:00.712,2026-01-16 17:08:00.712,94.0,0.0,18.0,,UTC-0300,tWUO8ZL77Z,,com.sec.android.app.shealth,2026-01-16 16:59:59.999,e74a3655-87e3-4c53-9b76-3298d3e7c31c,
63070031,2026-01-17 07:00:00.000,,84323129-d93a-437d-9233-7cd07b8d9a71.binning_data.json,10011,63070031,2026-01-17 09:09:25.862,2026-01-17 09:09:25.862,0.0,0.0,0.0,,UTC-0300,tWUO8ZL77Z,,com.sec.android.app.shealth,2026-01-17 07:59:59.999,84323129-d93a-437d-9233-7cd07b8d9a71,
63070031,2026-01-16 17:00:00.000,,6a8f0bea-6a1b-40b3-8817-c70f28fffeae.binning_data.json,10011,63070031,2026-01-16 18:06:19.785,2026-01-16 18:06:19.785,51.0,1.0,25.0,,UTC-0300,tWUO8ZL77Z,,com.sec.android.app.shealth,2026-01-16 17:59:59.999,6a8f0bea-6a1b-40b3-8817-c70f28fffeae,
63070031,2026-01-17 03:00:00.000,,bd5534d3-f26b-44c5-8f83-96464d1d01ba.binning_data.json,10011,63070031,2026-01-17 07:15:01.507,2026-01-17 07:14:36.487,0.0,0.0,0.0,,UTC-0300,tWUO8ZL77Z,,com.sec.android.app.shealth,2026-01-17 03:59:59.999,bd5534d3-f26b-44c5-8f83-96464d1d01ba,
63070031,2026-01-16 18:00:00.000,,c571c702-f75b-4686-9b54-624bd6a1878f.binning_data.json,10011,63070031,2026-01-16 19:06:59.207,2026-01-16 19:06:59.207,61.0,7.0,30.0,,UTC-0300,tWUO8ZL77Z,,com.sec.android.app.shealth,2026-01-16 18:59:59.999,c571c702-f75b-4686-9b54-624bd6a1878f,
63070031,2026-01-16 19:00:00.000,,0a1027fa-b61e-4892-9ea7-009fc659b458.binning_data.json,10011,63070031,2026-01-17 01:31:24.208,2026-01-17 01:31:24.208,98.0,3.0,42.0,,UTC-0300,tWUO8ZL77Z,,com.sec.android.app.shealth,2026-01-16 19:59:59.999,0a1027fa-b61e-4892-9ea7-009fc659b458,
63070031,2026-01-17 01:00:00.000,,17987893-b30c-40d9-90fd-4907a44314c4.binning_data.json,10011,63070031,2026-01-17 02:11:12.655,2026-01-17 01:35:34.753,57.0,0.0,14.0,,UTC-0300,tWUO8ZL77Z,,com.sec.android.app.shealth,2026-01-17 01:59:59.999,17987893-b30c-40d9-90fd-4907a44314c4,
63070031,2026-01-17 08:00:00.000,,ef4fada2-2935-46ff-8fc5-31978934026b.binning_data.json,10011,63070031,2026-01-17 09:13:55.730,2026-01-17 09:13:55.730,0.0,0.0,0.0,,UTC-0300,tWUO8ZL77Z,,com.sec.android.app.shealth,2026-01-17 08:59:59.999,ef4fada2-2935-46ff-8fc5-31978934026b,
63070031,2026-01-17 09:00:00.000,,f68bc2aa-821a-4875-aef4-fcf85cb25743.binning_data.json,10011,63070031,2026-01-17 10:02:45.246,2026-01-17 09:59:03.070,1.0,0.0,0.0,,UTC-0300,tWUO8ZL77Z,,com.sec.android.app.shealth,2026-01-17 09:59:59.999,f68bc2aa-821a-4875-aef4-fcf85cb25743,
63070031,2026-01-17 10:00:00.000,,82da6a79-ebbb-4824-853b-167ff2e75c1e.binning_data.json,10011,63070031,2026-01-17 11:05:11.193,2026-01-17 11:05:11.193,99.0,0.0,29.0,,UTC-0300,tWUO8ZL77Z,,com.sec.android.app.shealth,2026-01-17 10:59:59.999,82da6a79-ebbb-4824-853b-167ff2e75c1e,
63070031,2026-01-17 11:00:00.000,,a0a88298-89be-4fe3-ad1e-d3eb70a9cfda.binning_data.json,10011,63070031,2026-01-17 12:49:14.427,2026-01-17 11:05:47.738,84.0,0.0,17.0,,UTC-0300,tWUO8ZL77Z,,com.sec.android.app.shealth,2026-01-17 11:59:59.999,a0a88298-89be-4fe3-ad1e-d3eb70a9cfda,
63070031,2026-01-17 12:00:00.000,,a93677d5-e7ed-4599-b644-a45efb18ce0e.binning_data.json,10011,63070031,2026-01-17 13:03:00.228,2026-01-17 13:03:00.228,0.0,0.0,0.0,,UTC-0300,tWUO8ZL77Z,,com.sec.android.app.shealth,2026-01-17 12:59:59.999,a93677d5-e7ed-4599-b644-a45efb18ce0e,
63070031,2026-01-17 13:00:00.000,,e3114c20-f132-4e76-bb12-0b0ca728aad5.binning_data.json,10011,63070031,2026-01-17 14:04:09.656,2026-01-17 13:20:54.628,60.0,0.0,18.0,,UTC-0300,tWUO8ZL77Z,,com.sec.android.app.shealth,2026-01-17 13:59:59.999,e3114c20-f132-4e76-bb12-0b0ca728aad5,
63070031,2026-01-17 19:00:00.000,,e78c165d-d77a-4cda-98e5-136332cd0f14.binning_data.json,10011,63070031,2026-01-17 20:05:35.428,2026-01-17 20:05:35.428,78.0,17.0,51.0,,UTC-0300,tWUO8ZL77Z,,com.sec.android.app.shealth,2026-01-17 19:59:59.999,e78c165d-d77a-4cda-98e5-136332cd0f14,
63070031,2026-01-17 20:00:00.000,,4fedbeff-9042-44f6-bd08-37346202b3af.binning_data.json,10011,63070031,2026-01-17 21:04:01.699,2026-01-17 21:04:01.699,86.0,2.0,42.0,,UTC-0300,tWUO8ZL77Z,,com.sec.android.app.shealth,2026-01-17 20:59:59.999,4fedbeff-9042-44f6-bd08-37346202b3af,
63070031,2026-01-17 21:00:00.000,,02ca907c-e7bf-4991-940a-c4219305bc44.binning_data.json,10011,63070031,2026-01-17 22:20:08.965,2026-01-17 22:20:08.965,31.0,0.0,5.0,,UTC-0300,tWUO8ZL77Z,,com.sec.android.app.shealth,2026-01-17 21:59:59.999,02ca907c-e7bf-4991-940a-c4219305bc44,
63070031,2026-01-17 14:00:00.000,,f32c996e-dd96-4cfe-8d1f-864279c8b1b4.binning_data.json,10011,63070031,2026-01-17 15:10:19.964,2026-01-17 15:10:19.964,96.0,0.0,50.0,,UTC-0300,tWUO8ZL77Z,,com.sec.android.app.shealth,2026-01-17 14:59:59.999,f32c996e-dd96-4cfe-8d1f-864279c8b1b4,
63070031,2026-01-17 15:00:00.000,,d49b554c-4058-4363-80ea-a20960590ba6.binning_data.json,10011,63070031,2026-01-17 16:08:36.531,2026-01-17 16:08:36.531,55.0,15.0,32.0,,UTC-0300,tWUO8ZL77Z,,com.sec.android.app.shealth,2026-01-17 15:59:59.999,d49b554c-4058-4363-80ea-a20960590ba6,
63070031,2026-01-17 16:00:00.000,,279d0294-acf5-4a90-9687-2c734eef888d.binning_data.json,10011,63070031,2026-01-17 17:01:59.884,2026-01-17 16:33:37.118,93.0,11.0,45.0,,UTC-0300,tWUO8ZL77Z,,com.sec.android.app.shealth,2026-01-17 16:59:59.999,279d0294-acf5-4a90-9687-2c734eef888d,
63070031,2026-01-17 17:00:00.000,,4656fbaa-c9ef-4117-b6d8-98ae95ac4c3a.binning_data.json,10011,63070031,2026-01-17 18:22:37.063,2026-01-17 17:02:00.280,94.0,11.0,54.0,,UTC-0300,tWUO8ZL77Z,,com.sec.android.app.shealth,2026-01-17 17:59:59.999,4656fbaa-c9ef-4117-b6d8-98ae95ac4c3a,
63070031,2026-01-17 18:00:00.000,,a11043f6-2345-4cae-bca8-71d9744120f9.binning_data.json,10011,63070031,2026-01-17 19:43:37.204,2026-01-17 19:43:37.204,80.0,7.0,41.0,,UTC-0300,tWUO8ZL77Z,,com.sec.android.app.shealth,2026-01-17 18:59:59.999,a11043f6-2345-4cae-bca8-71d9744120f9,
63070031,2026-01-17 22:00:00.000,,e878972c-e17c-4db4-8bef-a8fc80e88b61.binning_data.json,10011,63070031,2026-01-17 23:05:09.920,2026-01-17 23:05:09.920,11.0,0.0,2.0,,UTC-0300,tWUO8ZL77Z,,com.sec.android.app.shealth,2026-01-17 22:59:59.999,e878972c-e17c-4db4-8bef-a8fc80e88b61,
63070031,2026-01-17 23:00:00.000,,73a5a0bc-bbfb-4272-9335-2780b42f0457.binning_data.json,10011,63070031,2026-01-18 02:14:40.029,2026-01-18 02:14:40.029,67.0,1.0,24.0,,UTC-0300,tWUO8ZL77Z,,com.sec.android.app.shealth,2026-01-17 23:59:59.999,73a5a0bc-bbfb-4272-9335-2780b42f0457,
63070031,2026-01-18 02:00:00.000,,9aaf910f-ff09-408c-857a-341530583863.binning_data.json,10011,63070031,2026-01-18 03:26:02.765,2026-01-18 03:26:02.765,36.0,0.0,7.0,,UTC-0300,tWUO8ZL77Z,,com.sec.android.app.shealth,2026-01-18 02:59:59.999,9aaf910f-ff09-408c-857a-341530583863,
63070031,2026-01-18 03:00:00.000,,de7cae6d-69b8-4f2f-89d2-f7eab23274bc.binning_data.json,10011,63070031,2026-01-18 04:20:02.147,2026-01-18 04:20:02.147,0.0,0.0,0.0,,UTC-0300,tWUO8ZL77Z,,com.sec.android.app.shealth,2026-01-18 03:59:59.999,de7cae6d-69b8-4f2f-89d2-f7eab23274bc,
63070031,2026-01-18 04:00:00.000,,d561862e-8d1d-4991-9cdd-c0b56859178b.binning_data.json,10011,63070031,2026-01-18 10:18:03.283,2026-01-18 10:05:05.318,0.0,0.0,0.0,,UTC-0300,tWUO8ZL77Z,,com.sec.android.app.shealth,2026-01-18 04:59:59.999,d561862e-8d1d-4991-9cdd-c0b56859178b,
63070031,2026-01-18 10:00:00.000,,e70156b5-b64a-431c-8a86-7d100f7603f4.binning_data.json,10011,63070031,2026-01-18 11:08:46.459,2026-01-18 10:18:03.399,62.0,0.0,9.0,,UTC-0300,tWUO8ZL77Z,,com.sec.android.app.shealth,2026-01-18 10:59:59.999,e70156b5-b64a-431c-8a86-7d100f7603f4,
