com.samsung.shealth.step_daily_trend,6307003,6
binning_data,update_time,create_time,source_pkg_name,source_type,count,speed,distance,calorie,deviceuuid,pkg_name,datauuid,day_time
ce394e3d-234c-41a7-8e09-649933b5a478.binning_data.json,2022-09-27 19:15:02.597,2022-09-27 16:35:02.226,com.sec.android.app.shealth,-2,371,1.1060202,270.83,14.04,VfS0qUERdZ,com.sec.android.app.shealth,ce394e3d-234c-41a7-8e09-649933b5a478,1664236800000,
c8e159e6-97cd-4988-bc97-246d86ad7fbc.binning_data.json,2022-09-28 04:43:33.625,2022-09-28 04:43:33.625,com.sec.android.app.shealth,0,371,1.1060202,270.83,14.04,R5wtjjS0Fd,com.sec.android.app.shealth,c8e159e6-97cd-4988-bc97-246d86ad7fbc,1664236800000,
70f00c12-071a-4910-a85f-20c2c98ea243.binning_data.json,2022-09-28 20:22:17.467,2022-09-28 08:11:07.946,com.sec.android.app.shealth,-2,1009,1.1764303,746.13,38.23,VfS0qUERdZ,com.sec.android.app.shealth,70f00c12-071a-4910-a85f-20c2c98ea243,1664323200000,
433cffa3-e66b-4dac-b490-67851557f883.binning_data.json,2022-09-29 03:12:47.349,2022-09-29 03:12:47.349,com.sec.android.app.shealth,0,1009,1.1764303,746.13,38.23,R5wtjjS0Fd,com.sec.android.app.shealth,433cffa3-e66b-4dac-b490-67851557f883,1664323200000,
982bab09-70df-43d2-afd4-21a5141e1cc3.binning_data.json,2022-09-29 19:13:21.885,2022-09-29 12:35:09.247,com.sec.android.app.shealth,-2,2473,1.2671884,1851.91,94.51,VfS0qUERdZ,com.sec.android.app.shealth,982bab09-70df-43d2-afd4-21a5141e1cc3,1664409600000,
64557f10-97d5-4e24-8404-a1bf7d3c265c.binning_data.json,2022-09-30 04:20:08.105,2022-09-30 04:20:08.105,com.sec.android.app.shealth,0,2473,1.2671884,1851.91,94.51,R5wtjjS0Fd,com.sec.android.app.shealth,64557f10-97d5-4e24-8404-a1bf7d3c265c,1664409600000,
ca5164c4-36d1-48f5-bfc8-294656cbae41.binning_data.json,2022-09-30 15:15:01.191,2022-09-30 13:40:14.830,com.sec.android.app.shealth,-2,1602,1.2434311,1194.0,62.48,VfS0qUERdZ,com.sec.android.app.shealth,ca5164c4-36d1-48f5-bfc8-294656cbae41,1664496000000,
e61d01b6-9bec-48d1-b583-aa948d622b93.binning_data.json,2022-10-01 03:00:01.782,2022-10-01 03:00:01.782,com.sec.android.app.shealth,0,1602,1.2434311,1194.0,62.48,R5wtjjS0Fd,com.sec.android.app.shealth,e61d01b6-9bec-48d1-b583-aa948d622b93,1664496000000,
418dc037-2060-4eee-ad1d-028e8d1690e4.binning_data.json,2022-10-01 19:55:02.798,2022-10-01 11:35:01.839,com.sec.android.app.shealth,-2,1703,1.3061703,1280.46,61.04,VfS0qUERdZ,com.sec.android.app.shealth,418dc037-2060-4eee-ad1d-028e8d1690e4,1664582400000,
7d8c58df-cc17-4ba8-8d13-22a02c554e50.binning_data.json,2022-10-02 03:51:28.018,2022-10-02 03:51:28.018,com.sec.android.app.shealth,0,1703,1.3061703,1280.46,61.04,R5wtjjS0Fd,com.sec.android.app.shealth,7d8c58df-cc17-4ba8-8d13-22a02c554e50,1664582400000,
b7a346ab-ed4e-4647-a002-c2846084dddb.binning_data.json,2022-10-03 01:55:01.899,2022-10-02 18:35:01.871,com.sec.android.app.shealth,-2,215,1.2224259,159.59999,7.8399987,VfS0qUERdZ,com.sec.android.app.shealth,b7a346ab-ed4e-4647-a002-c2846084dddb,1664668800000,
8a29bf1a-3e68-44eb-a137-3665a7b18875.binning_data.json,2022-10-03 03:00:01.281,2022-10-03 03:00:01.281,com.sec.android.app.shealth,0,215,1.2224259,159.59999,7.8399987,R5wtjjS0Fd,com.sec.android.app.shealth,8a29bf1a-3e68-44eb-a137-3665a7b18875,1664668800000,
6a392ea5-eb83-4985-9387-51e430e5f23b.binning_data.json,2022-10-03 18:23:06.967,2022-10-03 12:25:03.067,com.sec.android.app.shealth,-2,4780,1.3589067,3597.4,171.0,VfS0qUERdZ,com.sec.android.app.shealth,6a392ea5-eb83-4985-9387-51e430e5f23b,1664755200000,
3c36705f-0c4f-4b5a-aac3-485aeb976b0c.binning_data.json,2022-10-04 03:24:04.783,2022-10-04 03:24:04.783,com.sec.android.app.shealth,0,4780,1.3589067,3597.4,171.0,R5wtjjS0Fd,com.sec.android.app.shealth,3c36705f-0c4f-4b5a-aac3-485aeb976b0c,1664755200000,
618741e3-982a-4e60-8e5a-3a27c5404881.binning_data.json,2022-10-05 00:15:02.067,2022-10-04 12:46:50.926,com.sec.android.app.shealth,-2,7976,1.3617343,6049.38,289.5,VfS0qUERdZ,com.sec.android.app.shealth,618741e3-982a-4e60-8e5a-3a27c5404881,1664841600000,
e2040770-ce2b-45d1-9a2d-9a07b4ef9468.binning_data.json,2022-10-05 03:00:01.216,2022-10-05 03:00:01.216,com.sec.android.app.shealth,0,7976,1.3617343,6049.38,289.5,R5wtjjS0Fd,com.sec.android.app.shealth,e2040770-ce2b-45d1-9a2d-9a07b4ef9468,1664841600000,
a4e89e65-af98-46b1-a684-b746914daf48.binning_data.json,2022-10-05 18:56:31.462,2022-10-05 16:44:23.373,com.sec.android.app.shealth,-2,2740,1.3082267,2043.22,104.03,VfS0qUERdZ,com.sec.android.app.shealth,a4e89e65-af98-46b1-a684-b746914daf48,1664928000000,
5b2fbd65-6e80-4480-be20-66c9cbaa2640.binning_data.json,2022-10-06 03:37:37.734,2022-10-06 03:37:37.734,com.sec.android.app.shealth,0,2740,1.3082267,2043.22,104.03,R5wtjjS0Fd,com.sec.android.app.shealth,5b2fbd65-6e80-4480-be20-66c9cbaa2640,1664928000000,
c2160b51-1860-42fc-befd-3129e5e99b4f.binning_data.json,2022-10-06 22:57:02.564,2022-10-06 10:15:01.961,com.sec.android.app.shealth,-2,2922,1.2912332,2186.82,108.4,VfS0qUERdZ,com.sec.android.app.shealth,c2160b51-1860-42fc-befd-3129e5e99b4f,1665014400000,
18afc765-b4af-4db6-952d-127cc8101041.binning_data.json,2022-10-07 03:19:34.284,2022-10-07 03:19:34.284,com.sec.android.app.shealth,0,2922,1.2912332,2186.82,108.4,R5wtjjS0Fd,com.sec.android.app.shealth,18afc765-b4af-4db6-952d-127cc8101041,1665014400000,
fc901ac2-13b6-41f5-b67f-f2819050e9b5.binning_data.json,2022-10-07 23:56:08.642,2022-10-07 11:15:31.308,com.sec.android.app.shealth,-2,3493,1.2581111,2563.5,135.48,VfS0qUERdZ,com.sec.android.app.shealth,fc901ac2-13b6-41f5-b67f-f2819050e9b5,1665100800000,
118dd05a-85a7-4f7c-9553-5572930a39d8.binning_data.json,2022-10-08 03:00:03.150,2022-10-08 03:00:03.150,com.sec.android.app.shealth,0,3493,1.2581111,2563.5,135.48,R5wtjjS0Fd,com.sec.android.app.shealth,118dd05a-85a7-4f7c-9553-5572930a39d8,1665100800000,
623687b7-5bd3-4539-91c2-58deda157a1a.binning_data.json,2022-10-09 00:31:22.319,2022-10-08 10:35:02.271,com.sec.android.app.shealth,-2,1592,1.2810266,1197.5599,58.61,VfS0qUERdZ,com.sec.android.app.shealth,623687b7-5bd3-4539-91c2-58deda157a1a,1665187200000,
79b2eedc-8bc7-4118-b52a-0befe0127755.binning_data.json,2022-10-09 03:01:11.107,2022-10-09 03:01:11.107,com.sec.android.app.shealth,0,1592,1.2810266,1197.5599,58.61,R5wtjjS0Fd,com.sec.android.app.shealth,79b2eedc-8bc7-4118-b52a-0befe0127755,1665187200000,
3f1fd2e7-db16-44c3-ba14-7def2e4314ac.binning_data.json,2022-10-09 23:55:02.511,2022-10-09 09:51:48.915,com.sec.android.app.shealth,-2,1646,1.1228384,1204.0599,63.35,VfS0qUERdZ,com.sec.android.app.shealth,3f1fd2e7-db16-44c3-ba14-7def2e4314ac,1665273600000,
43064747-161e-4c59-b801-efa979132bf5.binning_data.json,2022-10-10 03:00:03.356,2022-10-10 03:00:03.356,com.sec.android.app.shealth,0,1646,1.1228384,1204.0599,63.35,R5wtjjS0Fd,com.sec.android.app.shealth,43064747-161e-4c59-b801-efa979132bf5,1665273600000,
5ae02fb9-da71-484e-85cb-1ddfcf9a8ec9.binning_data.json,2022-10-10 21:55:03.547,2022-10-10 10:18:29.079,com.sec.android.app.shealth,-2,2903,1.2477283,2158.18,111.15,VfS0qUERdZ,com.sec.android.app.shealth,5ae02fb9-da71-484e-85cb-1ddfcf9a8ec9,1665360000000,
737a162e-d3b8-4c5f-9285-ce323b45bea1.binning_data.json,2022-10-11 03:00:02.310,2022-10-11 03:00:02.310,com.sec.android.app.shealth,0,2903,1.2477283,2158.18,111.15,R5wtjjS0Fd,com.sec.android.app.shealth,737a162e-d3b8-4c5f-9285-ce323b45bea1,1665360000000,
24ccf9ef-f541-4d8d-84f3-ee266e958740.binning_data.json,2022-10-11 16:13:41.834,2022-10-11 12:55:04.307,com.sec.android.app.shealth,-2,1402,1.3368243,1059.02,52.579998,VfS0qUERdZ,com.sec.android.app.shealth,24ccf9ef-f541-4d8d-84f3-ee266e958740,1665446400000,
1cf7c6b1-0529-4580-a7f5-4786a4b25de0.binning_data.json,2022-10-12 03:00:02.019,2022-10-12 03:00:02.019,com.sec.android.app.shealth,0,1402,1.3368243,1059.02,52.579998,R5wtjjS0Fd,com.sec.android.app.shealth,1cf7c6b1-0529-4580-a7f5-4786a4b25de0,1665446400000,
f9b8cb36-4494-43af-9a42-c060fb15be73.binning_data.json,2022-10-12 20:05:49.329,2022-10-12 18:55:03.437,com.sec.android.app.shealth,-2,719,1.2635626,530.61,26.369999,VfS0qUERdZ,com.sec.android.app.shealth,f9b8cb36-4494-43af-9a42-c060fb15be73,1665532800000,
5b783b6d-59fe-49a2-a5f6-e7abe90b8934.binning_data.json,2022-10-13 03:14:45.451,2022-10-13 03:14:45.451,com.sec.android.app.shealth,0,719,1.2635626,530.61,26.369999,R5wtjjS0Fd,com.sec.android.app.shealth,5b783b6d-59fe-49a2-a5f6-e7abe90b8934,1665532800000,
f03ecb0d-dd83-4a52-b5f3-070ce76bca02.binning_data.json,2022-10-14 00:25:55.914,2022-10-13 13:35:23.127,com.sec.android.app.shealth,-2,7266,1.3048463,5453.19,283.4,VfS0qUERdZ,com.sec.android.app.shealth,f03ecb0d-dd83-4a52-b5f3-070ce76bca02,1665619200000,
680032b7-a411-4c93-a0db-9944c323c979.binning_data.json,2022-10-14 03:37:52.893,2022-10-14 03:37:52.893,com.sec.android.app.shealth,0,7266,1.3048463,5453.19,283.4,R5wtjjS0Fd,com.sec.android.app.shealth,680032b7-a411-4c93-a0db-9944c323c979,1665619200000,
10583523-801d-4d78-ac48-64537402e6fd.binning_data.json,2022-10-14 19:55:02.860,2022-10-14 10:35:02.689,com.sec.android.app.shealth,-2,6408,1.319422,4776.24,242.78,VfS0qUERdZ,com.sec.android.app.shealth,10583523-801d-4d78-ac48-64537402e6fd,1665705600000,
41326d8c-cda1-49d0-a574-11cd4f96e54c.binning_data.json,2022-10-15 03:56:19.754,2022-10-15 03:56:19.754,com.sec.android.app.shealth,0,6408,1.319422,4776.24,242.78,R5wtjjS0Fd,com.sec.android.app.shealth,41326d8c-cda1-49d0-a574-11cd4f96e54c,1665705600000,
aeb66bfb-6b4a-45e9-ba96-0b61827b6dd6.binning_data.json,2022-10-16 21:05:34.927,2022-10-16 19:05:02.608,com.sec.android.app.shealth,-2,63,1.0947345,45.87,2.3500001,VfS0qUERdZ,com.sec.android.app.shealth,aeb66bfb-6b4a-45e9-ba96-0b61827b6dd6,1665878400000,
c66403a0-d280-4ea9-844a-6bb9605122e0.binning_data.json,2022-10-17 03:00:02.982,2022-10-17 03:00:02.982,com.sec.android.app.shealth,0,63,1.0947345,45.87,2.3500001,R5wtjjS0Fd,com.sec.android.app.shealth,c66403a0-d280-4ea9-844a-6bb9605122e0,1665878400000,
9f46ebc3-3ed5-4a71-9b43-71b1dc3eb35e.binning_data.json,2022-10-18 02:14:01.054,2022-10-17 12:12:18.017,com.sec.android.app.shealth,-2,2886,1.2596956,2152.82,112.07,VfS0qUERdZ,com.sec.android.app.shealth,9f46ebc3-3ed5-4a71-9b43-71b1dc3eb35e,1665964800000,
2876cd7b-a387-40e6-9266-dfb8946a6414.binning_data.json,2022-10-18 03:06:56.193,2022-10-18 03:06:56.193,com.sec.android.app.shealth,0,2886,1.2596956,2152.82,112.07,R5wtjjS0Fd,com.sec.android.app.shealth,2876cd7b-a387-40e6-9266-dfb8946a6414,1665964800000,
7324f978-b611-4397-842b-9d3c4db9cae6.binning_data.json,2022-10-18 20:02:40.910,2022-10-18 13:55:03.732,com.sec.android.app.shealth,-2,5957,1.2610894,4442.8,234.71,VfS0qUERdZ,com.sec.android.app.shealth,7324f978-b611-4397-842b-9d3c4db9cae6,1666051200000,
01064ed7-9c33-4ce8-abc8-713952c2a53e.binning_data.json,2022-10-19 03:00:06.890,2022-10-19 03:00:06.890,com.sec.android.app.shealth,0,5957,1.2610894,4442.8,234.71,R5wtjjS0Fd,com.sec.android.app.shealth,01064ed7-9c33-4ce8-abc8-713952c2a53e,1666051200000,
0f237e76-6e80-4a71-b8b6-0e504ebe5f88.binning_data.json,2022-10-19 22:13:27.959,2022-10-19 12:29:55.031,com.sec.android.app.shealth,-2,4032,1.3157468,3016.56,157.77,VfS0qUERdZ,com.sec.android.app.shealth,0f237e76-6e80-4a71-b8b6-0e504ebe5f88,1666137600000,
5095f72d-7dbd-41ce-b9a9-cb3e9553f8cc.binning_data.json,2022-10-20 22:15:01.986,2022-10-20 05:27:59.200,com.sec.android.app.shealth,-2,1783,1.2078878,1314.59,70.46,VfS0qUERdZ,com.sec.android.app.shealth,5095f72d-7dbd-41ce-b9a9-cb3e9553f8cc,1666224000000,
f27491da-5d18-4757-b463-c1bdf1db89cf.binning_data.json,2022-10-20 05:27:59.250,2022-10-20 05:27:59.250,com.sec.android.app.shealth,0,4032,1.3157468,3016.56,157.77,R5wtjjS0Fd,com.sec.android.app.shealth,f27491da-5d18-4757-b463-c1bdf1db89cf,1666137600000,
216dd685-65ae-4be7-8a57-21da460e061d.binning_data.json,2022-10-21 03:12:29.566,2022-10-20 05:27:59.269,com.sec.android.app.shealth,0,1783,1.2078878,1314.59,70.46,R5wtjjS0Fd,com.sec.android.app.shealth,216dd685-65ae-4be7-8a57-21da460e061d,1666224000000,
a0728f3e-e4d9-4545-8af0-88f0b6b0c2a0.binning_data.json,2022-10-22 00:28:17.892,2022-10-21 12:07:54.092,com.sec.android.app.shealth,-2,1660,1.3206992,1247.86,65.21,VfS0qUERdZ,com.sec.android.app.shealth,a0728f3e-e4d9-4545-8af0-88f0b6b0c2a0,1666310400000,
b7a7f939-7871-4759-9267-c9d9d94ee5ea.binning_data.json,2022-10-22 03:00:02.688,2022-10-22 03:00:02.688,com.sec.android.app.shealth,0,1660,1.3206992,1247.86,65.21,R5wtjjS0Fd,com.sec.android.app.shealth,b7a7f939-7871-4759-9267-c9d9d94ee5ea,1666310400000,
bdadffee-956f-41ab-bd2d-914553e217ea.binning_data.json,2022-10-22 23:35:32.574,2022-10-22 09:15:03.759,com.sec.android.app.shealth,-2,8278,1.3276781,6244.36,328.46,VfS0qUERdZ,com.sec.android.app.shealth,bdadffee-956f-41ab-bd2d-914553e217ea,1666396800000,
10f99ea3-75d7-471f-912c-d27e3fdf01ae.binning_data.json,2022-10-23 03:00:01.635,2022-10-23 03:00:01.635,com.sec.android.app.shealth,0,8278,1.3276781,6244.36,328.46,R5wtjjS0Fd,com.sec.android.app.shealth,10f99ea3-75d7-471f-912c-d27e3fdf01ae,1666396800000,
31e7a802-4fd3-4f8b-aebd-9361fc4d7d8e.binning_data.json,2022-10-24 01:15:01.839,2022-10-23 13:55:24.480,com.sec.android.app.shealth,-2,193,1.1815625,143.3,7.1,VfS0qUERdZ,com.sec.android.app.shealth,31e7a802-4fd3-4f8b-aebd-9361fc4d7d8e,1666483200000,
6e7e8110-363d-4a48-986a-598af68279c3.binning_data.json,2022-10-24 03:42:39.612,2022-10-24 03:42:39.612,com.sec.android.app.shealth,0,193,1.1815625,143.3,7.1,R5wtjjS0Fd,com.sec.android.app.shealth,6e7e8110-363d-4a48-986a-598af68279c3,1666483200000,
0346b655-ef92-4961-bde2-3b2f3a280355.binning_data.json,2022-10-24 22:23:52.480,2022-10-24 12:35:03.030,com.sec.android.app.shealth,-2,2811,1.244247,2069.16,110.25,VfS0qUERdZ,com.sec.android.app.shealth,0346b655-ef92-4961-bde2-3b2f3a280355,1666569600000,
a810f0a7-72db-40a2-9e53-0b8c36967020.binning_data.json,2022-10-25 03:24:14.061,2022-10-25 03:24:14.061,com.sec.android.app.shealth,0,2811,1.244247,2069.16,110.25,R5wtjjS0Fd,com.sec.android.app.shealth,a810f0a7-72db-40a2-9e53-0b8c36967020,1666569600000,
cc58e15d-e27a-4698-9c79-c0172b43c540.binning_data.json,2022-10-26 01:35:03.759,2022-10-25 09:15:02.746,com.sec.android.app.shealth,-2,7374,1.3283004,5527.69,285.3,VfS0qUERdZ,com.sec.android.app.shealth,cc58e15d-e27a-4698-9c79-c0172b43c540,1666656000000,
21c10e3b-08d9-49e6-bfdb-b50203b22e2c.binning_data.json,2022-10-26 03:26:26.476,2022-10-26 03:26:26.476,com.sec.android.app.shealth,0,7374,1.3283004,5527.69,285.3,R5wtjjS0Fd,com.sec.android.app.shealth,21c10e3b-08d9-49e6-bfdb-b50203b22e2c,1666656000000,
4dd3c485-2328-4d05-8e5d-57d7efe9b368.binning_data.json,2022-10-27 00:36:50.995,2022-10-26 09:35:02.225,com.sec.android.app.shealth,-2,13511,1.3558836,10162.71,521.03,VfS0qUERdZ,com.sec.android.app.shealth,4dd3c485-2328-4d05-8e5d-57d7efe9b368,1666742400000,
e87c8384-e498-4872-958a-051a9ef2c396.binning_data.json,2022-10-27 03:14:34.170,2022-10-27 03:14:34.170,com.sec.android.app.shealth,0,13511,1.3558836,10162.71,521.03,R5wtjjS0Fd,com.sec.android.app.shealth,e87c8384-e498-4872-958a-051a9ef2c396,1666742400000,
7b90f14d-e2a2-482f-871c-6fcc6af80b1a.binning_data.json,2022-10-27 22:40:24.972,2022-10-27 09:34:59.585,com.sec.android.app.shealth,-2,1790,1.2400379,1324.05,69.06,VfS0qUERdZ,com.sec.android.app.shealth,7b90f14d-e2a2-482f-871c-6fcc6af80b1a,1666828800000,
8bb77c31-6e2a-408c-89bd-3cd7d2439ee2.binning_data.json,2022-10-28 23:17:27.933,2022-10-28 04:05:27.584,com.sec.android.app.shealth,-2,1691,1.24625,1247.56,65.61,VfS0qUERdZ,com.sec.android.app.shealth,8bb77c31-6e2a-408c-89bd-3cd7d2439ee2,1666915200000,
020f3b75-da45-45c9-acc3-433237490267.binning_data.json,2022-10-29 05:00:06.228,2022-10-28 04:05:27.612,com.sec.android.app.shealth,0,1691,1.24625,1247.56,65.61,R5wtjjS0Fd,com.sec.android.app.shealth,020f3b75-da45-45c9-acc3-433237490267,1666915200000,
2912b89e-7f30-47f5-a911-d219cd18b071.binning_data.json,2022-10-28 04:05:27.616,2022-10-28 04:05:27.616,com.sec.android.app.shealth,0,1790,1.2400379,1324.05,69.06,R5wtjjS0Fd,com.sec.android.app.shealth,2912b89e-7f30-47f5-a911-d219cd18b071,1666828800000,
9b4b91fc-4872-450c-8251-d56a0b7e71d1.binning_data.json,2022-10-30 00:24:26.844,2022-10-29 10:35:02.435,com.sec.android.app.shealth,-2,3931,1.2928092,2955.45,144.43,VfS0qUERdZ,com.sec.android.app.shealth,9b4b91fc-4872-450c-8251-d56a0b7e71d1,1667001600000,
6459c746-5ad3-4734-8e6f-11ee1ddcb349.binning_data.json,2022-10-30 03:50:12.681,2022-10-30 03:50:12.681,com.sec.android.app.shealth,0,3931,1.2928092,2955.45,144.43,R5wtjjS0Fd,com.sec.android.app.shealth,6459c746-5ad3-4734-8e6f-11ee1ddcb349,1667001600000,
7d6c9664-1950-455c-b815-6c6a43752f48.binning_data.json,2022-10-31 00:15:01.734,2022-10-30 14:15:01.081,com.sec.android.app.shealth,-2,658,1.200509,483.66,25.32,VfS0qUERdZ,com.sec.android.app.shealth,7d6c9664-1950-455c-b815-6c6a43752f48,1667088000000,
61b41765-f6b2-49b1-b8ce-330cd29f803d.binning_data.json,2022-10-31 03:00:02.006,2022-10-31 03:00:02.006,com.sec.android.app.shealth,0,658,1.200509,483.66,25.32,R5wtjjS0Fd,com.sec.android.app.shealth,61b41765-f6b2-49b1-b8ce-330cd29f803d,1667088000000,
4dae5e1f-832e-4017-b43f-6f9685d5ec3c.binning_data.json,2022-10-31 21:54:16.864,2022-10-31 11:00:01.828,com.sec.android.app.shealth,-2,1045,1.2165536,777.61,40.02,VfS0qUERdZ,com.sec.android.app.shealth,4dae5e1f-832e-4017-b43f-6f9685d5ec3c,1667174400000,
a9384f24-9b15-4940-8382-5aa24afecb97.binning_data.json,2022-11-01 03:00:03.850,2022-11-01 03:00:03.850,com.sec.android.app.shealth,0,1045,1.2165536,777.61,40.02,R5wtjjS0Fd,com.sec.android.app.shealth,a9384f24-9b15-4940-8382-5aa24afecb97,1667174400000,
fa1fd6a7-b955-458b-b0bb-d285daac6183.binning_data.json,2022-11-02 00:36:00.284,2022-11-01 09:25:45.170,com.sec.android.app.shealth,-2,7461,1.3342856,5620.85,269.14,VfS0qUERdZ,com.sec.android.app.shealth,fa1fd6a7-b955-458b-b0bb-d285daac6183,1667260800000,
91d5bac0-e9b8-44b5-ab46-94ae00b5d6df.binning_data.json,2022-11-02 03:00:05.792,2022-11-02 03:00:05.792,com.sec.android.app.shealth,0,7461,1.3342856,5620.85,269.14,R5wtjjS0Fd,com.sec.android.app.shealth,91d5bac0-e9b8-44b5-ab46-94ae00b5d6df,1667260800000,
58b70617-8fb8-4882-a0b9-fb45910cef23.binning_data.json,2022-11-03 00:12:19.045,2022-11-02 13:35:03.846,com.sec.android.app.shealth,-2,2457,1.2960572,1837.22,90.909996,VfS0qUERdZ,com.sec.android.app.shealth,58b70617-8fb8-4882-a0b9-fb45910cef23,1667347200000,
befb36b7-f5df-480b-983f-1aaf88836151.binning_data.json,2022-11-03 03:00:01.804,2022-11-03 03:00:01.804,com.sec.android.app.shealth,0,2457,1.2960572,1837.22,90.909996,R5wtjjS0Fd,com.sec.android.app.shealth,befb36b7-f5df-480b-983f-1aaf88836151,1667347200000,
84fb65e0-28e6-4dda-8647-35dbf7ae9f0a.binning_data.json,2022-11-03 22:55:02.799,2022-11-03 10:43:15.119,com.sec.android.app.shealth,-2,4245,1.3021562,3187.57,157.79,VfS0qUERdZ,com.sec.android.app.shealth,84fb65e0-28e6-4dda-8647-35dbf7ae9f0a,1667433600000,
1d7bffa9-e788-4b0e-af79-aedb98adac52.binning_data.json,2022-11-04 03:00:02.136,2022-11-04 03:00:02.136,com.sec.android.app.shealth,0,4245,1.3021562,3187.57,157.79,R5wtjjS0Fd,com.sec.android.app.shealth,1d7bffa9-e788-4b0e-af79-aedb98adac52,1667433600000,
b3d82425-c77a-4d41-b1f9-10db935df3b7.binning_data.json,2022-11-04 21:28:12.935,2022-11-04 12:53:47.611,com.sec.android.app.shealth,-2,1304,1.3000271,946.75,50.46,VfS0qUERdZ,com.sec.android.app.shealth,b3d82425-c77a-4d41-b1f9-10db935df3b7,1667520000000,
fe5264b1-3cea-453f-984e-6479be6ffb6a.binning_data.json,2022-11-05 03:47:55.388,2022-11-05 03:47:55.388,com.sec.android.app.shealth,0,1304,1.3000271,946.75,50.46,R5wtjjS0Fd,com.sec.android.app.shealth,fe5264b1-3cea-453f-984e-6479be6ffb6a,1667520000000,
3bd2200c-143a-4318-b7e7-7f1553843bed.binning_data.json,2022-11-06 00:15:02.790,2022-11-05 08:37:28.614,com.sec.android.app.shealth,-2,6625,1.3945321,4986.15,236.78,VfS0qUERdZ,com.sec.android.app.shealth,3bd2200c-143a-4318-b7e7-7f1553843bed,1667606400000,
b1df18d8-1af6-445a-992b-6da5363a1104.binning_data.json,2022-11-06 03:00:01.401,2022-11-06 03:00:01.401,com.sec.android.app.shealth,0,6625,1.3945321,4986.15,236.78,R5wtjjS0Fd,com.sec.android.app.shealth,b1df18d8-1af6-445a-992b-6da5363a1104,1667606400000,
f59380f1-a7e8-4b13-be71-0646e734ef62.binning_data.json,2022-11-06 23:15:03.262,2022-11-06 11:35:03.822,com.sec.android.app.shealth,-2,1316,1.040351,948.82,50.45,VfS0qUERdZ,com.sec.android.app.shealth,f59380f1-a7e8-4b13-be71-0646e734ef62,1667692800000,
1ac51ab4-4782-4e2e-8b18-ae28340cc559.binning_data.json,2022-11-07 03:09:18.469,2022-11-07 03:09:18.469,com.sec.android.app.shealth,0,1316,1.040351,948.82,50.45,R5wtjjS0Fd,com.sec.android.app.shealth,1ac51ab4-4782-4e2e-8b18-ae28340cc559,1667692800000,
775abde1-4d0d-4370-93cb-554f13df76f8.binning_data.json,2022-11-08 02:25:37.060,2022-11-07 10:15:00.863,com.sec.android.app.shealth,-2,2851,1.2628857,2126.62,110.03,VfS0qUERdZ,com.sec.android.app.shealth,775abde1-4d0d-4370-93cb-554f13df76f8,1667779200000,
a92a2cc2-66c6-4b83-8e2c-c1f10630f906.binning_data.json,2022-11-08 03:00:01.943,2022-11-08 03:00:01.943,com.sec.android.app.shealth,0,2851,1.2628857,2126.62,110.03,R5wtjjS0Fd,com.sec.android.app.shealth,a92a2cc2-66c6-4b83-8e2c-c1f10630f906,1667779200000,
a2788038-2d03-42b5-a428-6d96705e16e8.binning_data.json,2022-11-08 22:32:41.224,2022-11-08 10:15:27.107,com.sec.android.app.shealth,-2,8894,1.2732308,6638.46,351.01,VfS0qUERdZ,com.sec.android.app.shealth,a2788038-2d03-42b5-a428-6d96705e16e8,1667865600000,
1be93dae-9a73-4d8f-b58d-369821d3060b.binning_data.json,2022-11-09 03:00:01.496,2022-11-09 03:00:01.496,com.sec.android.app.shealth,0,8894,1.2732308,6638.46,351.01,R5wtjjS0Fd,com.sec.android.app.shealth,1be93dae-9a73-4d8f-b58d-369821d3060b,1667865600000,
c5b4c9ee-d301-4438-8298-9e98f86e59a7.binning_data.json,2022-11-10 00:44:54.133,2022-11-09 10:55:01.015,com.sec.android.app.shealth,-2,1557,1.2309996,1146.49,62.399998,VfS0qUERdZ,com.sec.android.app.shealth,c5b4c9ee-d301-4438-8298-9e98f86e59a7,1667952000000,
ccd815a0-e21d-4459-b2de-db9d0df9dc57.binning_data.json,2022-11-10 03:34:51.145,2022-11-10 03:34:51.145,com.sec.android.app.shealth,0,1557,1.2309996,1146.49,62.399998,R5wtjjS0Fd,com.sec.android.app.shealth,ccd815a0-e21d-4459-b2de-db9d0df9dc57,1667952000000,
4ac9f596-88ee-4aca-bae9-e39131fa9aa4.binning_data.json,2022-11-11 00:14:20.324,2022-11-10 09:50:27.177,com.sec.android.app.shealth,-2,3556,1.2660412,2650.81,134.53,VfS0qUERdZ,com.sec.android.app.shealth,4ac9f596-88ee-4aca-bae9-e39131fa9aa4,1668038400000,
de2dc1b9-812d-4851-a732-d5a68cfd7e04.binning_data.json,2022-11-11 03:23:38.761,2022-11-11 03:23:38.761,com.sec.android.app.shealth,0,3556,1.2660412,2650.81,134.53,R5wtjjS0Fd,com.sec.android.app.shealth,de2dc1b9-812d-4851-a732-d5a68cfd7e04,1668038400000,
c82f5438-2af8-40ee-af2f-d358ae5714e5.binning_data.json,2022-11-12 01:34:49.436,2022-11-11 10:24:20.655,com.sec.android.app.shealth,-2,4035,1.3106635,3035.13,146.46,VfS0qUERdZ,com.sec.android.app.shealth,c82f5438-2af8-40ee-af2f-d358ae5714e5,1668124800000,
e69110b6-09a8-4827-bfcf-63be6728fcf6.binning_data.json,2022-11-12 03:39:01.891,2022-11-12 03:39:01.891,com.sec.android.app.shealth,0,4035,1.3106635,3035.13,146.46,R5wtjjS0Fd,com.sec.android.app.shealth,e69110b6-09a8-4827-bfcf-63be6728fcf6,1668124800000,
aa471cb3-b2ec-4418-8888-2db21a5d05f7.binning_data.json,2022-11-13 00:31:12.985,2022-11-12 10:35:02.909,com.sec.android.app.shealth,-2,7379,1.3615831,5578.74,271.24,VfS0qUERdZ,com.sec.android.app.shealth,aa471cb3-b2ec-4418-8888-2db21a5d05f7,1668211200000,
ac0a2a15-6973-481c-b7be-2338dddffb64.binning_data.json,2022-11-13 03:59:47.192,2022-11-13 03:59:47.192,com.sec.android.app.shealth,0,7379,1.3615831,5578.74,271.24,R5wtjjS0Fd,com.sec.android.app.shealth,ac0a2a15-6973-481c-b7be-2338dddffb64,1668211200000,
b621b4df-f1b4-4389-b198-adde16ae79ad.binning_data.json,2022-11-13 13:35:02.986,2022-11-13 12:55:01.920,com.sec.android.app.shealth,-2,103,1.0680326,72.53,3.8500001,VfS0qUERdZ,com.sec.android.app.shealth,b621b4df-f1b4-4389-b198-adde16ae79ad,1668297600000,
cbd45d8b-368f-4800-9b8d-f122bfdca650.binning_data.json,2022-11-14 03:31:40.891,2022-11-14 03:31:40.891,com.sec.android.app.shealth,0,103,1.0680326,72.53,3.8500001,R5wtjjS0Fd,com.sec.android.app.shealth,cbd45d8b-368f-4800-9b8d-f122bfdca650,1668297600000,
d53ff823-17c7-4736-9816-8b85c25ce403.binning_data.json,2022-11-14 19:31:16.472,2022-11-14 12:36:56.197,com.sec.android.app.shealth,-2,7614,1.3057319,5680.69,297.26,VfS0qUERdZ,com.sec.android.app.shealth,d53ff823-17c7-4736-9816-8b85c25ce403,1668384000000,
90032ba3-494a-45f3-8623-15d5212601ee.binning_data.json,2022-11-15 03:00:01.614,2022-11-15 03:00:01.614,com.sec.android.app.shealth,0,7614,1.3057319,5680.69,297.26,R5wtjjS0Fd,com.sec.android.app.shealth,90032ba3-494a-45f3-8623-15d5212601ee,1668384000000,
0a837897-01c7-416b-81b6-76928d1baef4.binning_data.json,2022-11-16 00:55:03.702,2022-11-15 12:35:04.183,com.sec.android.app.shealth,-2,120,1.0624752,86.21,4.42,VfS0qUERdZ,com.sec.android.app.shealth,0a837897-01c7-416b-81b6-76928d1baef4,1668470400000,
335d1053-5f97-4dbb-b413-eec67e52c6ee.binning_data.json,2022-11-16 03:00:01.305,2022-11-16 03:00:01.305,com.sec.android.app.shealth,0,120,1.0624752,86.21,4.42,R5wtjjS0Fd,com.sec.android.app.shealth,335d1053-5f97-4dbb-b413-eec67e52c6ee,1668470400000,
5af111bd-1fbb-415a-af3e-065199494943.binning_data.json,2022-11-16 21:39:56.801,2022-11-16 10:35:01.652,com.sec.android.app.shealth,-2,3039,1.2463199,2245.71,118.71,VfS0qUERdZ,com.sec.android.app.shealth,5af111bd-1fbb-415a-af3e-065199494943,1668556800000,
a27ef7e0-2155-4348-83ae-89c818bee9b4.binning_data.json,2022-11-17 06:44:18.371,2022-11-17 06:44:18.371,com.sec.android.app.shealth,0,3039,1.2463199,2245.71,118.71,R5wtjjS0Fd,com.sec.android.app.shealth,a27ef7e0-2155-4348-83ae-89c818bee9b4,1668556800000,
d484d129-5081-461a-9326-88f62c4e1624.binning_data.json,2022-11-18 00:35:03.199,2022-11-17 10:22:48.315,com.sec.android.app.shealth,-2,3551,1.2391615,2645.45,135.06,VfS0qUERdZ,com.sec.android.app.shealth,d484d129-5081-461a-9326-88f62c4e1624,1668643200000,
14127656-c5b3-42d0-b8e7-e7c84dcb5e58.binning_data.json,2022-11-18 03:00:02.301,2022-11-18 03:00:02.301,com.sec.android.app.shealth,0,3551,1.2391615,2645.45,135.06,R5wtjjS0Fd,com.sec.android.app.shealth,14127656-c5b3-42d0-b8e7-e7c84dcb5e58,1668643200000,
c1428240-8c56-4caa-aaab-da553670f453.binning_data.json,2022-11-19 00:55:03.033,2022-11-18 06:07:56.725,com.sec.android.app.shealth,-2,1663,1.2686232,1241.5,64.79,VfS0qUERdZ,com.sec.android.app.shealth,c1428240-8c56-4caa-aaab-da553670f453,1668729600000,
12b2421e-7705-4185-8d0a-7071443a198d.binning_data.json,2022-11-19 03:00:06.505,2022-11-19 03:00:06.505,com.sec.android.app.shealth,0,1663,1.2686232,1241.5,64.79,R5wtjjS0Fd,com.sec.android.app.shealth,12b2421e-7705-4185-8d0a-7071443a198d,1668729600000,
ad0c3bad-1816-4e98-b0ed-8d46ba04ac63.binning_data.json,2022-11-20 00:15:03.778,2022-11-19 11:55:04.818,com.sec.android.app.shealth,-2,457,1.1740571,339.01,17.16,VfS0qUERdZ,com.sec.android.app.shealth,ad0c3bad-1816-4e98-b0ed-8d46ba04ac63,1668816000000,
3d193029-ee83-4c58-885b-1637d53e4a35.binning_data.json,2022-11-20 03:00:03.743,2022-11-20 03:00:03.743,com.sec.android.app.shealth,0,457,1.1740571,339.01,17.16,R5wtjjS0Fd,com.sec.android.app.shealth,3d193029-ee83-4c58-885b-1637d53e4a35,1668816000000,
10bed208-9743-4bdb-ac1c-a78c84923ed3.binning_data.json,2022-11-20 22:52:18.906,2022-11-20 11:24:19.558,com.sec.android.app.shealth,-2,403,1.13215,290.71,15.19,VfS0qUERdZ,com.sec.android.app.shealth,10bed208-9743-4bdb-ac1c-a78c84923ed3,1668902400000,
12ee716c-37d3-4051-bf09-7e1f1cc96af1.binning_data.json,2022-11-21 03:51:58.835,2022-11-21 03:51:58.835,com.sec.android.app.shealth,0,403,1.13215,290.71,15.19,R5wtjjS0Fd,com.sec.android.app.shealth,12ee716c-37d3-4051-bf09-7e1f1cc96af1,1668902400000,
d2f0c274-5891-4772-bb77-74971f464961.binning_data.json,2022-11-21 22:58:15.220,2022-11-21 12:14:41.056,com.sec.android.app.shealth,-2,1698,1.3503001,1285.41,60.37,VfS0qUERdZ,com.sec.android.app.shealth,d2f0c274-5891-4772-bb77-74971f464961,1668988800000,
7775a237-df10-43ee-8dc3-eca185bbce9e.binning_data.json,2022-11-22 03:00:02.993,2022-11-22 03:00:02.993,com.sec.android.app.shealth,0,1698,1.3503001,1285.41,60.37,R5wtjjS0Fd,com.sec.android.app.shealth,7775a237-df10-43ee-8dc3-eca185bbce9e,1668988800000,
16c1bda7-4598-4153-b605-c5373342f875.binning_data.json,2022-11-22 22:35:02.184,2022-11-22 16:29:58.423,com.sec.android.app.shealth,-2,1769,1.1886768,1298.91,70.02,VfS0qUERdZ,com.sec.android.app.shealth,16c1bda7-4598-4153-b605-c5373342f875,1669075200000,
1df30dcb-0768-4c7c-843b-1a9892ea1bd0.binning_data.json,2022-11-23 03:00:01.493,2022-11-23 03:00:01.493,com.sec.android.app.shealth,0,1769,1.1886768,1298.91,70.02,R5wtjjS0Fd,com.sec.android.app.shealth,1df30dcb-0768-4c7c-843b-1a9892ea1bd0,1669075200000,
8aaf7e6f-f18d-482e-a42e-0453ffdddeb9.binning_data.json,2022-11-23 21:40:06.275,2022-11-23 08:35:03.889,com.sec.android.app.shealth,-2,6317,1.2358626,4712.2603,239.04,VfS0qUERdZ,com.sec.android.app.shealth,8aaf7e6f-f18d-482e-a42e-0453ffdddeb9,1669161600000,
c7d76258-6a5a-46b9-84eb-8f76ec13da6c.binning_data.json,2022-11-24 03:00:20.077,2022-11-24 03:00:20.077,com.sec.android.app.shealth,0,6317,1.2358626,4712.2603,239.04,R5wtjjS0Fd,com.sec.android.app.shealth,c7d76258-6a5a-46b9-84eb-8f76ec13da6c,1669161600000,
e94a9ee6-cc63-4d25-928c-b21c34a6aa27.binning_data.json,2022-11-24 20:31:11.051,2022-11-24 11:35:02.877,com.sec.android.app.shealth,-2,1825,1.1498865,1342.94,69.71,VfS0qUERdZ,com.sec.android.app.shealth,e94a9ee6-cc63-4d25-928c-b21c34a6aa27,1669248000000,
537c365a-260f-46ae-8b1f-71376a5967d4.binning_data.json,2022-11-25 04:45:56.263,2022-11-25 04:45:56.263,com.sec.android.app.shealth,0,1825,1.1498865,1342.94,69.71,R5wtjjS0Fd,com.sec.android.app.shealth,537c365a-260f-46ae-8b1f-71376a5967d4,1669248000000,
f03bfc19-b500-41a6-bc6e-b9d1bdf075b2.binning_data.json,2022-11-25 23:35:02.888,2022-11-25 10:55:06.257,com.sec.android.app.shealth,-2,2660,1.1638854,1949.22,102.68,VfS0qUERdZ,com.sec.android.app.shealth,f03bfc19-b500-41a6-bc6e-b9d1bdf075b2,1669334400000,
a3636784-f933-453a-bb3d-17d50a2ebb4c.binning_data.json,2022-11-26 03:00:01.416,2022-11-26 03:00:01.416,com.sec.android.app.shealth,0,2660,1.1638854,1949.22,102.68,R5wtjjS0Fd,com.sec.android.app.shealth,a3636784-f933-453a-bb3d-17d50a2ebb4c,1669334400000,
606b012b-2ba1-4178-8174-ebd2edf33832.binning_data.json,2022-11-26 20:35:01.889,2022-11-26 15:15:02.315,com.sec.android.app.shealth,-2,785,1.2446692,587.02,29.64,VfS0qUERdZ,com.sec.android.app.shealth,606b012b-2ba1-4178-8174-ebd2edf33832,1669420800000,
4646fd3a-ec46-4678-92b6-08b93cf3ecf7.binning_data.json,2022-11-27 03:00:02.046,2022-11-27 03:00:02.046,com.sec.android.app.shealth,0,785,1.2446692,587.02,29.64,R5wtjjS0Fd,com.sec.android.app.shealth,4646fd3a-ec46-4678-92b6-08b93cf3ecf7,1669420800000,
d68728f6-3b28-4d85-87be-d94e10f2220a.binning_data.json,2022-11-27 23:00:16.802,2022-11-27 11:08:42.587,com.sec.android.app.shealth,-2,9278,1.104774,6774.2,366.41,VfS0qUERdZ,com.sec.android.app.shealth,d68728f6-3b28-4d85-87be-d94e10f2220a,1669507200000,
c61e965b-ebe2-4668-a821-8462a74bdab5.binning_data.json,2022-11-28 03:41:11.654,2022-11-28 03:41:11.654,com.sec.android.app.shealth,0,9278,1.104774,6774.2,366.41,R5wtjjS0Fd,com.sec.android.app.shealth,c61e965b-ebe2-4668-a821-8462a74bdab5,1669507200000,
2f92318a-53c4-4767-ba4b-a294f8576041.binning_data.json,2022-11-28 19:42:41.008,2022-11-28 11:25:40.497,com.sec.android.app.shealth,-2,1980,1.2109727,1470.25,74.65,VfS0qUERdZ,com.sec.android.app.shealth,2f92318a-53c4-4767-ba4b-a294f8576041,1669593600000,
b0552765-4539-4af9-ae39-a4d9bb1be72c.binning_data.json,2022-11-29 03:00:01.718,2022-11-29 03:00:01.718,com.sec.android.app.shealth,0,1980,1.2109727,1470.25,74.65,R5wtjjS0Fd,com.sec.android.app.shealth,b0552765-4539-4af9-ae39-a4d9bb1be72c,1669593600000,
4e82df22-a8a9-4acd-a0a2-d3cc915f413e.binning_data.json,2022-11-29 18:35:02.095,2022-11-29 15:35:01.141,com.sec.android.app.shealth,-2,443,1.1210371,321.56,16.97,VfS0qUERdZ,com.sec.android.app.shealth,4e82df22-a8a9-4acd-a0a2-d3cc915f413e,1669680000000,
45f8ebbc-9e4e-4038-9827-a32b5f511ec0.binning_data.json,2022-11-30 03:00:03.081,2022-11-30 03:00:03.081,com.sec.android.app.shealth,0,443,1.1210371,321.56,16.97,R5wtjjS0Fd,com.sec.android.app.shealth,45f8ebbc-9e4e-4038-9827-a32b5f511ec0,1669680000000,
6dde82c2-2ee9-46eb-8840-166fb1bfd32f.binning_data.json,2022-11-30 21:52:43.350,2022-11-30 13:45:57.993,com.sec.android.app.shealth,-2,5861,1.3946854,4482.59,214.69,VfS0qUERdZ,com.sec.android.app.shealth,6dde82c2-2ee9-46eb-8840-166fb1bfd32f,1669766400000,
6cf57704-b4df-4395-ac88-387b64f75f7b.binning_data.json,2022-12-01 03:00:02.311,2022-12-01 03:00:02.311,com.sec.android.app.shealth,0,5861,1.3946854,4482.59,214.69,R5wtjjS0Fd,com.sec.android.app.shealth,6cf57704-b4df-4395-ac88-387b64f75f7b,1669766400000,
609dc8dc-1087-4aa5-8ece-4b01c4c1039a.binning_data.json,2022-12-01 20:06:04.320,2022-12-01 13:35:05.173,com.sec.android.app.shealth,-2,4693,1.3152469,3532.19,184.22,VfS0qUERdZ,com.sec.android.app.shealth,609dc8dc-1087-4aa5-8ece-4b01c4c1039a,1669852800000,
f042863d-6d57-4a36-b607-b97f7eacf0ef.binning_data.json,2022-12-02 03:53:34.955,2022-12-02 03:53:34.955,com.sec.android.app.shealth,0,4693,1.3152469,3532.19,184.22,R5wtjjS0Fd,com.sec.android.app.shealth,f042863d-6d57-4a36-b607-b97f7eacf0ef,1669852800000,
eb0fa539-532c-4b45-bc3c-975f35ee93f6.binning_data.json,2022-12-02 21:01:19.869,2022-12-02 10:55:02.730,com.sec.android.app.shealth,-2,1539,1.2678343,1154.08,60.57,VfS0qUERdZ,com.sec.android.app.shealth,eb0fa539-532c-4b45-bc3c-975f35ee93f6,1669939200000,
140ca506-e305-4f5a-8f93-efedf01927b3.binning_data.json,2022-12-03 03:00:01.253,2022-12-03 03:00:01.253,com.sec.android.app.shealth,0,1539,1.2678343,1154.08,60.57,R5wtjjS0Fd,com.sec.android.app.shealth,140ca506-e305-4f5a-8f93-efedf01927b3,1669939200000,
f61a668c-34c4-4ee0-a389-9cb87a3b4072.binning_data.json,2022-12-03 22:30:15.885,2022-12-03 10:35:48.197,com.sec.android.app.shealth,-2,197,1.0409974,140.48,7.2799997,VfS0qUERdZ,com.sec.android.app.shealth,f61a668c-34c4-4ee0-a389-9cb87a3b4072,1670025600000,
432ba65c-0e78-44eb-8cba-1369bfb5551d.binning_data.json,2022-12-04 05:49:20.555,2022-12-04 05:49:20.555,com.sec.android.app.shealth,0,197,1.0409974,140.48,7.2799997,R5wtjjS0Fd,com.sec.android.app.shealth,432ba65c-0e78-44eb-8cba-1369bfb5551d,1670025600000,
737ca1bf-9d71-4925-a6b1-8427de79cbf8.binning_data.json,2022-12-04 11:46:28.016,2022-12-04 09:07:55.014,com.sec.android.app.shealth,-2,183,1.0785536,135.73,7.17,VfS0qUERdZ,com.sec.android.app.shealth,737ca1bf-9d71-4925-a6b1-8427de79cbf8,1670112000000,
7ed10b93-ae51-4706-a004-dc7f9f1f2ac2.binning_data.json,2022-12-05 03:00:01.670,2022-12-05 03:00:01.670,com.sec.android.app.shealth,0,183,1.0785536,135.73,7.17,R5wtjjS0Fd,com.sec.android.app.shealth,7ed10b93-ae51-4706-a004-dc7f9f1f2ac2,1670112000000,
695205ef-0146-46e8-96cf-df518d512c0f.binning_data.json,2022-12-05 17:21:18.975,2022-12-05 10:15:02.876,com.sec.android.app.shealth,-2,8013,1.3410623,6048.32,312.54,VfS0qUERdZ,com.sec.android.app.shealth,695205ef-0146-46e8-96cf-df518d512c0f,1670198400000,
cd4cbe5f-3912-4989-80d2-aec3ee55bb3d.binning_data.json,2022-12-06 04:55:44.254,2022-12-06 04:55:44.254,com.sec.android.app.shealth,0,8013,1.3410623,6048.32,312.54,R5wtjjS0Fd,com.sec.android.app.shealth,cd4cbe5f-3912-4989-80d2-aec3ee55bb3d,1670198400000,
6f6bd9ac-2f36-4512-847b-ed3f2dddbda0.binning_data.json,2022-12-06 23:32:30.851,2022-12-06 10:10:17.945,com.sec.android.app.shealth,-2,1228,1.2657983,910.25,45.5,VfS0qUERdZ,com.sec.android.app.shealth,6f6bd9ac-2f36-4512-847b-ed3f2dddbda0,1670284800000,
b3ddc6b9-05bc-45ff-83a7-4406be6a5e70.binning_data.json,2022-12-07 03:53:34.696,2022-12-07 03:53:34.696,com.sec.android.app.shealth,0,1228,1.2657983,910.25,45.5,R5wtjjS0Fd,com.sec.android.app.shealth,b3ddc6b9-05bc-45ff-83a7-4406be6a5e70,1670284800000,
ee6d0560-33e1-43b8-8cce-f6aabb055119.binning_data.json,2022-12-08 02:02:55.323,2022-12-07 11:11:33.916,com.sec.android.app.shealth,-2,303,1.1326362,218.41,11.25,VfS0qUERdZ,com.sec.android.app.shealth,ee6d0560-33e1-43b8-8cce-f6aabb055119,1670371200000,
abf96717-26e6-4583-9bc4-460f25bb2ea5.binning_data.json,2022-12-08 03:00:01.316,2022-12-08 03:00:01.316,com.sec.android.app.shealth,0,303,1.1326362,218.41,11.25,R5wtjjS0Fd,com.sec.android.app.shealth,abf96717-26e6-4583-9bc4-460f25bb2ea5,1670371200000,
b124e5a8-fa36-4ade-b7fd-6c4294dbf5f1.binning_data.json,2022-12-08 20:55:03.023,2022-12-08 10:14:34.961,com.sec.android.app.shealth,-2,6772,1.2532645,5044.69,267.44,VfS0qUERdZ,com.sec.android.app.shealth,b124e5a8-fa36-4ade-b7fd-6c4294dbf5f1,1670457600000,
a96039d1-d214-4c44-ae91-f9a7b70049f7.binning_data.json,2022-12-09 03:17:14.209,2022-12-09 03:17:14.209,com.sec.android.app.shealth,0,6772,1.2532645,5044.69,267.44,R5wtjjS0Fd,com.sec.android.app.shealth,a96039d1-d214-4c44-ae91-f9a7b70049f7,1670457600000,
2331f80f-0b8a-4ab3-ad77-08d496a0930f.binning_data.json,2022-12-10 00:15:02.780,2022-12-09 06:58:31.705,com.sec.android.app.shealth,-2,1797,1.2879956,1344.7,70.24,VfS0qUERdZ,com.sec.android.app.shealth,2331f80f-0b8a-4ab3-ad77-08d496a0930f,1670544000000,
f3d62a1f-68ed-4c38-8085-9ce3bc0af37e.binning_data.json,2022-12-10 03:26:17.767,2022-12-10 03:26:17.767,com.sec.android.app.shealth,0,1797,1.2879956,1344.7,70.24,R5wtjjS0Fd,com.sec.android.app.shealth,f3d62a1f-68ed-4c38-8085-9ce3bc0af37e,1670544000000,
8fa89cf2-ccb2-40b5-8220-ef98a02852c7.binning_data.json,2022-12-10 13:36:59.981,2022-12-10 10:58:00.071,com.sec.android.app.shealth,-2,1334,1.2793839,983.18,51.25,VfS0qUERdZ,com.sec.android.app.shealth,8fa89cf2-ccb2-40b5-8220-ef98a02852c7,1670630400000,
ee4a9f39-8691-4fc1-b485-3a7881436ffd.binning_data.json,2022-12-11 03:59:50.651,2022-12-11 03:59:50.651,com.sec.android.app.shealth,0,1334,1.2793839,983.18,51.25,R5wtjjS0Fd,com.sec.android.app.shealth,ee4a9f39-8691-4fc1-b485-3a7881436ffd,1670630400000,
361174f4-fffe-4ad7-9df4-018dd185e4e2.binning_data.json,2022-12-11 23:57:03.438,2022-12-11 10:55:02.926,com.sec.android.app.shealth,-2,1213,0.98154336,845.38,48.15,VfS0qUERdZ,com.sec.android.app.shealth,361174f4-fffe-4ad7-9df4-018dd185e4e2,1670716800000,
cb9c589c-cdcd-4b1e-9b42-40e1693952fe.binning_data.json,2022-12-12 04:52:00.673,2022-12-12 04:52:00.673,com.sec.android.app.shealth,0,1213,0.98154336,845.38,48.15,R5wtjjS0Fd,com.sec.android.app.shealth,cb9c589c-cdcd-4b1e-9b42-40e1693952fe,1670716800000,
4b487e9e-34fb-4885-86f0-dd8b9422f40a.binning_data.json,2022-12-12 23:15:03.958,2022-12-12 11:15:02.250,com.sec.android.app.shealth,-2,1591,1.258596,1182.45,62.78,VfS0qUERdZ,com.sec.android.app.shealth,4b487e9e-34fb-4885-86f0-dd8b9422f40a,1670803200000,
173c24b0-ddeb-48fa-ae8a-889f7f8e3762.binning_data.json,2022-12-13 03:00:02.231,2022-12-13 03:00:02.231,com.sec.android.app.shealth,0,1591,1.258596,1182.45,62.78,R5wtjjS0Fd,com.sec.android.app.shealth,173c24b0-ddeb-48fa-ae8a-889f7f8e3762,1670803200000,
b466ef54-02f8-4af0-85f9-191c8facfdbf.binning_data.json,2022-12-14 00:15:02.020,2022-12-13 10:35:02.059,com.sec.android.app.shealth,-2,1654,1.229868,1230.88,65.17,VfS0qUERdZ,com.sec.android.app.shealth,b466ef54-02f8-4af0-85f9-191c8facfdbf,1670889600000,
aea1a52f-f8e4-4ebc-8d45-814a9911c078.binning_data.json,2022-12-14 03:00:01.357,2022-12-14 03:00:01.357,com.sec.android.app.shealth,0,1654,1.229868,1230.88,65.17,R5wtjjS0Fd,com.sec.android.app.shealth,aea1a52f-f8e4-4ebc-8d45-814a9911c078,1670889600000,
b4f9617a-b22d-4973-a221-0fb5189e2d09.binning_data.json,2022-12-15 00:15:00.856,2022-12-14 13:06:11.006,com.sec.android.app.shealth,-2,2165,1.225031,1600.21,84.68,VfS0qUERdZ,com.sec.android.app.shealth,b4f9617a-b22d-4973-a221-0fb5189e2d09,1670976000000,
d09bf6b8-8200-48c4-8257-bcad29d1b418.binning_data.json,2022-12-15 03:00:02.714,2022-12-15 03:00:02.714,com.sec.android.app.shealth,0,2165,1.225031,1600.21,84.68,R5wtjjS0Fd,com.sec.android.app.shealth,d09bf6b8-8200-48c4-8257-bcad29d1b418,1670976000000,
e27b03c4-e86b-479d-91df-48a1b5fe668b.binning_data.json,2022-12-16 01:05:05.303,2022-12-15 10:35:02.134,com.sec.android.app.shealth,-2,4623,1.3257856,3469.21,178.7,VfS0qUERdZ,com.sec.android.app.shealth,e27b03c4-e86b-479d-91df-48a1b5fe668b,1671062400000,
58ec8fae-5ea1-4b1f-8409-5b04b21fd50a.binning_data.json,2022-12-16 03:56:44.971,2022-12-16 03:56:44.971,com.sec.android.app.shealth,0,4623,1.3257856,3469.21,178.7,R5wtjjS0Fd,com.sec.android.app.shealth,58ec8fae-5ea1-4b1f-8409-5b04b21fd50a,1671062400000,
3a8826ca-cf82-4d86-8e48-22f17c980aaa.binning_data.json,2022-12-16 23:35:04.173,2022-12-16 10:00:08.133,com.sec.android.app.shealth,-2,1523,1.2600822,1137.6699,60.07,VfS0qUERdZ,com.sec.android.app.shealth,3a8826ca-cf82-4d86-8e48-22f17c980aaa,1671148800000,
26e6e625-f083-453d-b4b2-36ff7af31805.binning_data.json,2022-12-17 06:57:45.126,2022-12-17 06:57:45.126,com.sec.android.app.shealth,0,1523,1.2600822,1137.6699,60.07,R5wtjjS0Fd,com.sec.android.app.shealth,26e6e625-f083-453d-b4b2-36ff7af31805,1671148800000,
aa7fd3d4-a6c0-435b-aa8e-9d9bd16a2148.binning_data.json,2022-12-17 22:51:13.039,2022-12-17 10:10:02.056,com.sec.android.app.shealth,-2,7048,1.259701,5246.52,279.66,VfS0qUERdZ,com.sec.android.app.shealth,aa7fd3d4-a6c0-435b-aa8e-9d9bd16a2148,1671235200000,
77174c75-4124-4fac-8037-b3d23e5c124b.binning_data.json,2022-12-18 03:30:10.650,2022-12-18 03:30:10.650,com.sec.android.app.shealth,0,7048,1.259701,5246.52,279.66,R5wtjjS0Fd,com.sec.android.app.shealth,77174c75-4124-4fac-8037-b3d23e5c124b,1671235200000,
7aab7f90-7b79-4d6e-865a-31c5d606097e.binning_data.json,2022-12-18 23:15:02.640,2022-12-18 11:55:03.896,com.sec.android.app.shealth,-2,5891,1.2887491,4400.81,233.83,VfS0qUERdZ,com.sec.android.app.shealth,7aab7f90-7b79-4d6e-865a-31c5d606097e,1671321600000,
56764a26-085a-45bf-87ae-0ef13f37861e.binning_data.json,2022-12-19 04:53:10.718,2022-12-19 04:53:10.718,com.sec.android.app.shealth,0,5891,1.2887491,4400.81,233.83,R5wtjjS0Fd,com.sec.android.app.shealth,56764a26-085a-45bf-87ae-0ef13f37861e,1671321600000,
61b36cc9-816a-4b2b-af8e-e6020b6df92a.binning_data.json,2022-12-19 19:49:08.258,2022-12-19 11:15:04.379,com.sec.android.app.shealth,-2,4051,1.3012916,3034.1199,159.43,VfS0qUERdZ,com.sec.android.app.shealth,61b36cc9-816a-4b2b-af8e-e6020b6df92a,1671408000000,
befa83e9-c859-41ac-be4d-e49eddea9238.binning_data.json,2022-12-20 03:53:10.481,2022-12-20 03:53:10.481,com.sec.android.app.shealth,0,4051,1.3012916,3034.1199,159.43,R5wtjjS0Fd,com.sec.android.app.shealth,befa83e9-c859-41ac-be4d-e49eddea9238,1671408000000,
6547b833-76fb-473e-b9ac-b9db223f1ec0.binning_data.json,2022-12-20 17:55:02.078,2022-12-20 10:15:24.581,com.sec.android.app.shealth,-2,2365,1.351792,1796.28,90.36,VfS0qUERdZ,com.sec.android.app.shealth,6547b833-76fb-473e-b9ac-b9db223f1ec0,1671494400000,
00659bae-95f6-4ae9-a49b-6598b70c739b.binning_data.json,2022-12-21 03:22:14.784,2022-12-21 03:22:14.784,com.sec.android.app.shealth,0,2365,1.351792,1796.28,90.36,R5wtjjS0Fd,com.sec.android.app.shealth,00659bae-95f6-4ae9-a49b-6598b70c739b,1671494400000,
d887a185-ab63-4730-859e-b1ef1998d74f.binning_data.json,2022-12-21 22:35:02.072,2022-12-21 11:06:20.916,com.sec.android.app.shealth,-2,2878,1.3180375,2167.12,109.56,VfS0qUERdZ,com.sec.android.app.shealth,d887a185-ab63-4730-859e-b1ef1998d74f,1671580800000,
efc418c6-406b-45b4-9aea-ebfb8d137f3f.binning_data.json,2022-12-22 03:10:21.890,2022-12-22 03:10:21.890,com.sec.android.app.shealth,0,2878,1.3180375,2167.12,109.56,R5wtjjS0Fd,com.sec.android.app.shealth,efc418c6-406b-45b4-9aea-ebfb8d137f3f,1671580800000,
e73ab548-2e34-4257-a120-0bbba49c7ac7.binning_data.json,2022-12-22 20:45:59.129,2022-12-22 09:35:01.837,com.sec.android.app.shealth,-2,1505,1.3281797,1132.24,59.25,VfS0qUERdZ,com.sec.android.app.shealth,e73ab548-2e34-4257-a120-0bbba49c7ac7,1671667200000,
47e0919b-a3f0-4049-b190-70d53792db3e.binning_data.json,2022-12-23 04:51:47.314,2022-12-23 04:51:47.314,com.sec.android.app.shealth,0,1505,1.3281797,1132.24,59.25,R5wtjjS0Fd,com.sec.android.app.shealth,47e0919b-a3f0-4049-b190-70d53792db3e,1671667200000,
a50b333e-0144-4a61-85ef-35848d032c5d.binning_data.json,2022-12-23 20:37:15.194,2022-12-23 10:55:01.682,com.sec.android.app.shealth,-2,9437,1.3627355,7151.35,367.44,VfS0qUERdZ,com.sec.android.app.shealth,a50b333e-0144-4a61-85ef-35848d032c5d,1671753600000,
5f62eeb3-0835-4112-933f-40d427031f4c.binning_data.json,2022-12-24 03:00:04.331,2022-12-24 03:00:04.331,com.sec.android.app.shealth,0,9437,1.3627355,7151.35,367.44,R5wtjjS0Fd,com.sec.android.app.shealth,5f62eeb3-0835-4112-933f-40d427031f4c,1671753600000,
f173b497-9da2-43c1-8fb3-0be16d405154.binning_data.json,2022-12-26 04:08:37.682,2022-12-24 13:08:06.778,com.sec.android.app.shealth,-2,4930,1.2349814,3651.35,194.17,VfS0qUERdZ,com.sec.android.app.shealth,f173b497-9da2-43c1-8fb3-0be16d405154,1671840000000,
8d9f55c4-4fd7-429d-abd5-0d8d18eb296f.binning_data.json,2022-12-25 03:00:17.286,2022-12-25 03:00:02.088,com.sec.android.app.shealth,0,4930,1.2349814,3651.35,194.17,R5wtjjS0Fd,com.sec.android.app.shealth,8d9f55c4-4fd7-429d-abd5-0d8d18eb296f,1671840000000,
6b768a11-eb0b-49ac-8e59-7786e789c979.binning_data.json,2022-12-25 20:55:07.229,2022-12-25 13:55:04.959,com.sec.android.app.shealth,-2,230,1.0954453,166.88,8.67,VfS0qUERdZ,com.sec.android.app.shealth,6b768a11-eb0b-49ac-8e59-7786e789c979,1671926400000,
09cac18c-b731-4753-84f8-1e49cc8e2faa.binning_data.json,2022-12-26 04:08:25.839,2022-12-26 04:08:25.839,com.sec.android.app.shealth,0,230,1.0954453,166.88,8.67,R5wtjjS0Fd,com.sec.android.app.shealth,09cac18c-b731-4753-84f8-1e49cc8e2faa,1671926400000,
ac7b9ae4-a40f-49cf-bd35-6e8b70949901.binning_data.json,2022-12-26 23:15:02.988,2022-12-26 12:35:01.677,com.sec.android.app.shealth,-2,2333,1.1211301,1693.93,91.74,VfS0qUERdZ,com.sec.android.app.shealth,ac7b9ae4-a40f-49cf-bd35-6e8b70949901,1672012800000,
4aebadb5-90f0-4bb9-a24e-bf2b4559e36a.binning_data.json,2022-12-27 03:27:01.237,2022-12-27 03:27:01.237,com.sec.android.app.shealth,0,2333,1.1211301,1693.93,91.74,R5wtjjS0Fd,com.sec.android.app.shealth,4aebadb5-90f0-4bb9-a24e-bf2b4559e36a,1672012800000,
d73c1b7c-dd90-4d05-9684-cb2bfa81a37f.binning_data.json,2022-12-27 23:35:01.872,2022-12-27 17:35:03.877,com.sec.android.app.shealth,-2,627,1.1116639,456.96,24.06,VfS0qUERdZ,com.sec.android.app.shealth,d73c1b7c-dd90-4d05-9684-cb2bfa81a37f,1672099200000,
fd5529ec-1d2d-4e2d-aec9-871c7ad6058c.binning_data.json,2022-12-28 03:05:58.797,2022-12-28 03:05:58.797,com.sec.android.app.shealth,0,627,1.1116639,456.96,24.06,R5wtjjS0Fd,com.sec.android.app.shealth,fd5529ec-1d2d-4e2d-aec9-871c7ad6058c,1672099200000,
1b16aafe-f83e-4419-b8fe-009691577c1a.binning_data.json,2022-12-29 01:27:09.856,2022-12-28 03:07:32.965,com.sec.android.app.shealth,-2,65,1.2627751,46.46,2.33,VfS0qUERdZ,com.sec.android.app.shealth,1b16aafe-f83e-4419-b8fe-009691577c1a,1672185600000,
f7811e6c-f4fd-4d26-b230-4707e3edfeb1.binning_data.json,2022-12-29 03:00:03.073,2022-12-29 03:00:03.073,com.sec.android.app.shealth,0,65,1.2627751,46.46,2.33,R5wtjjS0Fd,com.sec.android.app.shealth,f7811e6c-f4fd-4d26-b230-4707e3edfeb1,1672185600000,
ca2b86da-edc9-4a3b-a38b-77dafaaa94e4.binning_data.json,2022-12-29 23:44:05.978,2022-12-29 11:55:05.338,com.sec.android.app.shealth,-2,193,1.0349351,133.51001,7.7200003,VfS0qUERdZ,com.sec.android.app.shealth,ca2b86da-edc9-4a3b-a38b-77dafaaa94e4,1672272000000,
20871c7d-67ec-48a1-a6b3-e8bf260caafd.binning_data.json,2022-12-30 03:00:02.729,2022-12-30 03:00:02.729,com.sec.android.app.shealth,0,193,1.0349351,133.51001,7.7200003,R5wtjjS0Fd,com.sec.android.app.shealth,20871c7d-67ec-48a1-a6b3-e8bf260caafd,1672272000000,
63669347-17fd-4565-b689-e4cc3ea52e9f.binning_data.json,2022-12-30 21:13:20.824,2022-12-30 10:35:02.094,com.sec.android.app.shealth,-2,2009,1.3365117,1519.71,75.38,VfS0qUERdZ,com.sec.android.app.shealth,63669347-17fd-4565-b689-e4cc3ea52e9f,1672358400000,
86febcb3-5783-4536-9ddd-0cadce2a0131.binning_data.json,2022-12-31 03:00:02.750,2022-12-31 03:00:02.750,com.sec.android.app.shealth,0,2009,1.3365117,1519.71,75.38,R5wtjjS0Fd,com.sec.android.app.shealth,86febcb3-5783-4536-9ddd-0cadce2a0131,1672358400000,
325ddeac-dbea-498b-90e2-6cff03e20821.binning_data.json,2022-12-31 11:15:07.153,2022-12-31 03:05:00.609,com.sec.android.app.shealth,-2,56,0.9418614,39.29,2.18,VfS0qUERdZ,com.sec.android.app.shealth,325ddeac-dbea-498b-90e2-6cff03e20821,1672444800000,
e5228763-206c-4569-92ad-10e287d83eb7.binning_data.json,2023-01-01 03:00:01.168,2023-01-01 03:00:01.168,com.sec.android.app.shealth,0,56,0.9418614,39.29,2.18,R5wtjjS0Fd,com.sec.android.app.shealth,e5228763-206c-4569-92ad-10e287d83eb7,1672444800000,
280e3103-abb8-4f5d-8c00-f037366f0c8f.binning_data.json,2023-01-02 21:20:07.951,2023-01-02 12:16:30.913,com.sec.android.app.shealth,-2,3077,1.2414685,2282.05,121.02,VfS0qUERdZ,com.sec.android.app.shealth,280e3103-abb8-4f5d-8c00-f037366f0c8f,1672617600000,
464a8f26-ae34-49c9-a946-c45c960313be.binning_data.json,2023-01-03 03:00:02.469,2023-01-03 03:00:02.469,com.sec.android.app.shealth,0,3077,1.2414685,2282.05,121.02,R5wtjjS0Fd,com.sec.android.app.shealth,464a8f26-ae34-49c9-a946-c45c960313be,1672617600000,
261c1c00-3f27-4727-9b7c-010c62c137d1.binning_data.json,2023-01-03 21:38:35.929,2023-01-03 06:54:25.008,com.sec.android.app.shealth,-2,3937,1.2317713,2923.65,155.08,VfS0qUERdZ,com.sec.android.app.shealth,261c1c00-3f27-4727-9b7c-010c62c137d1,1672704000000,
b089756e-4d6c-4ac6-ad58-0090f4b1c913.binning_data.json,2023-01-04 03:00:01.735,2023-01-04 03:00:01.735,com.sec.android.app.shealth,0,3937,1.2317713,2923.65,155.08,R5wtjjS0Fd,com.sec.android.app.shealth,b089756e-4d6c-4ac6-ad58-0090f4b1c913,1672704000000,
e9288c0c-f057-47f4-aa0f-bf8d22e5b15f.binning_data.json,2023-01-04 20:28:29.361,2023-01-04 11:15:02.008,com.sec.android.app.shealth,-2,2130,1.2807901,1596.0701,83.45,VfS0qUERdZ,com.sec.android.app.shealth,e9288c0c-f057-47f4-aa0f-bf8d22e5b15f,1672790400000,
30481ab4-830d-4964-a49c-48a5389ed600.binning_data.json,2023-01-05 03:00:01.905,2023-01-05 03:00:01.905,com.sec.android.app.shealth,0,2130,1.2807901,1596.0701,83.45,R5wtjjS0Fd,com.sec.android.app.shealth,30481ab4-830d-4964-a49c-48a5389ed600,1672790400000,
f1513dcd-9e69-4815-b0cc-4caf0acb6aa7.binning_data.json,2023-01-06 00:35:05.159,2023-01-05 11:06:11.303,com.sec.android.app.shealth,-2,1413,1.2206286,1048.1,55.8,VfS0qUERdZ,com.sec.android.app.shealth,f1513dcd-9e69-4815-b0cc-4caf0acb6aa7,1672876800000,
a7a7884b-e9e5-46bc-ab13-84518fe635d4.binning_data.json,2023-01-06 03:42:54.703,2023-01-06 03:42:54.703,com.sec.android.app.shealth,0,1413,1.2206286,1048.1,55.8,R5wtjjS0Fd,com.sec.android.app.shealth,a7a7884b-e9e5-46bc-ab13-84518fe635d4,1672876800000,
221920e5-05f9-48e7-8b4d-d625dead842e.binning_data.json,2023-01-06 22:53:49.044,2023-01-06 13:15:02.462,com.sec.android.app.shealth,-2,7744,1.3431753,5824.71,308.22,VfS0qUERdZ,com.sec.android.app.shealth,221920e5-05f9-48e7-8b4d-d625dead842e,1672963200000,
dfb7d09e-71d1-44cd-a19c-bc96b67e8cf6.binning_data.json,2023-01-07 03:49:44.880,2023-01-07 03:49:44.880,com.sec.android.app.shealth,0,7744,1.3431753,5824.71,308.22,R5wtjjS0Fd,com.sec.android.app.shealth,dfb7d09e-71d1-44cd-a19c-bc96b67e8cf6,1672963200000,
d5b3d097-f914-44a1-9f99-19da706a70ae.binning_data.json,2023-01-07 19:14:06.174,2023-01-07 12:35:02.697,com.sec.android.app.shealth,-2,1651,1.290496,1235.4299,65.009995,VfS0qUERdZ,com.sec.android.app.shealth,d5b3d097-f914-44a1-9f99-19da706a70ae,1673049600000,
7925f30b-d402-412b-bbca-d855256425f7.binning_data.json,2023-01-08 06:59:51.195,2023-01-08 06:59:51.195,com.sec.android.app.shealth,0,1651,1.290496,1235.4299,65.009995,R5wtjjS0Fd,com.sec.android.app.shealth,7925f30b-d402-412b-bbca-d855256425f7,1673049600000,
c0937c2d-d94b-4900-b38b-e50f42cb30e0.binning_data.json,2023-01-08 19:32:16.713,2023-01-08 10:40:08.937,com.sec.android.app.shealth,-2,1207,1.2559344,899.12,47.35,VfS0qUERdZ,com.sec.android.app.shealth,c0937c2d-d94b-4900-b38b-e50f42cb30e0,1673136000000,
8d4e2685-e2fe-4c91-8a94-be8692db7a99.binning_data.json,2023-01-09 03:50:03.951,2023-01-09 03:50:03.951,com.sec.android.app.shealth,0,1207,1.2559344,899.12,47.35,R5wtjjS0Fd,com.sec.android.app.shealth,8d4e2685-e2fe-4c91-8a94-be8692db7a99,1673136000000,
a3b31e3b-f274-4e89-ac27-72ba54b384f7.binning_data.json,2023-01-09 16:55:04.874,2023-01-09 12:15:02.020,com.sec.android.app.shealth,-2,7990,1.4095467,6082.02,321.27,VfS0qUERdZ,com.sec.android.app.shealth,a3b31e3b-f274-4e89-ac27-72ba54b384f7,1673222400000,
4e8a2cb0-2e7e-4c7b-ad31-74c5e59b15c6.binning_data.json,2023-01-10 03:23:07.106,2023-01-10 03:23:07.106,com.sec.android.app.shealth,0,7990,1.4095467,6082.02,321.27,R5wtjjS0Fd,com.sec.android.app.shealth,4e8a2cb0-2e7e-4c7b-ad31-74c5e59b15c6,1673222400000,
1dc60526-8cf7-453b-b506-ac6aa1bb4534.binning_data.json,2023-01-10 18:01:57.679,2023-01-10 12:55:01.446,com.sec.android.app.shealth,-2,7566,1.3501283,5729.76,303.45,VfS0qUERdZ,com.sec.android.app.shealth,1dc60526-8cf7-453b-b506-ac6aa1bb4534,1673308800000,
2f57e12f-9f06-4f39-bcf1-a1bd6d2ec868.binning_data.json,2023-01-11 03:00:01.833,2023-01-11 03:00:01.833,com.sec.android.app.shealth,0,7566,1.3501283,5729.76,303.45,R5wtjjS0Fd,com.sec.android.app.shealth,2f57e12f-9f06-4f39-bcf1-a1bd6d2ec868,1673308800000,
260fb96e-954d-41b6-a955-b641a41e2bbb.binning_data.json,2023-01-11 22:36:30.533,2023-01-11 03:59:00.797,com.sec.android.app.shealth,-2,1778,1.3307387,1337.76,69.34,VfS0qUERdZ,com.sec.android.app.shealth,260fb96e-954d-41b6-a955-b641a41e2bbb,1673395200000,
0f1ad6dc-d722-4319-b74f-03724950d7ff.binning_data.json,2023-01-12 04:48:33.060,2023-01-12 04:48:33.060,com.sec.android.app.shealth,0,1778,1.3307387,1337.76,69.34,R5wtjjS0Fd,com.sec.android.app.shealth,0f1ad6dc-d722-4319-b74f-03724950d7ff,1673395200000,
45904cd5-1f98-4a07-ac48-d7412d7d3525.binning_data.json,2023-01-13 23:55:01.757,2023-01-13 11:11:42.362,com.sec.android.app.shealth,-2,4674,1.2426405,3456.03,183.27,VfS0qUERdZ,com.sec.android.app.shealth,45904cd5-1f98-4a07-ac48-d7412d7d3525,1673568000000,
9c2ed51d-0ba5-4ef6-857c-874b38b3b66a.binning_data.json,2023-01-14 03:54:50.801,2023-01-14 03:54:50.801,com.sec.android.app.shealth,0,4674,1.2426405,3456.03,183.27,R5wtjjS0Fd,com.sec.android.app.shealth,9c2ed51d-0ba5-4ef6-857c-874b38b3b66a,1673568000000,
4f80c849-372b-47e6-92a4-5705ce1c2aee.binning_data.json,2023-01-15 00:59:21.298,2023-01-14 06:47:16.557,com.sec.android.app.shealth,-2,1048,1.1609577,770.71,40.79,VfS0qUERdZ,com.sec.android.app.shealth,4f80c849-372b-47e6-92a4-5705ce1c2aee,1673654400000,
f16e227b-0248-43b5-a1e8-d36fa9a02342.binning_data.json,2023-01-15 03:00:01.830,2023-01-15 03:00:01.830,com.sec.android.app.shealth,0,1048,1.1609577,770.71,40.79,R5wtjjS0Fd,com.sec.android.app.shealth,f16e227b-0248-43b5-a1e8-d36fa9a02342,1673654400000,
1215034f-f157-4f3d-819f-ede55ba7f16a.binning_data.json,2023-01-16 00:35:00.836,2023-01-15 13:07:29.094,com.sec.android.app.shealth,-2,6212,1.2686207,4636.28,246.31,VfS0qUERdZ,com.sec.android.app.shealth,1215034f-f157-4f3d-819f-ede55ba7f16a,1673740800000,
a0df554e-b616-4900-9694-e3356603be32.binning_data.json,2023-01-16 03:06:44.315,2023-01-16 03:06:44.315,com.sec.android.app.shealth,0,6212,1.2686207,4636.28,246.31,R5wtjjS0Fd,com.sec.android.app.shealth,a0df554e-b616-4900-9694-e3356603be32,1673740800000,
40a14798-c285-407c-8559-3ad4229c4b26.binning_data.json,2023-01-17 00:32:33.034,2023-01-16 11:00:08.039,com.sec.android.app.shealth,-2,220,1.0740144,157.09,8.67,VfS0qUERdZ,com.sec.android.app.shealth,40a14798-c285-407c-8559-3ad4229c4b26,1673827200000,
56e9885c-c7da-4458-bdd4-d7baf27ea2e0.binning_data.json,2023-01-17 03:35:20.057,2023-01-17 03:35:20.057,com.sec.android.app.shealth,0,220,1.0740144,157.09,8.67,R5wtjjS0Fd,com.sec.android.app.shealth,56e9885c-c7da-4458-bdd4-d7baf27ea2e0,1673827200000,
f08b3ee7-a6b5-46f7-b2f3-7b9bb6f0f3e2.binning_data.json,2023-01-17 21:49:23.071,2023-01-17 09:16:59.775,com.sec.android.app.shealth,-2,5158,1.2702577,3835.31,201.73,VfS0qUERdZ,com.sec.android.app.shealth,f08b3ee7-a6b5-46f7-b2f3-7b9bb6f0f3e2,1673913600000,
acb0b1b8-ed46-412c-a9c6-d50b29a3ebec.binning_data.json,2023-01-18 03:16:06.113,2023-01-18 03:16:06.113,com.sec.android.app.shealth,0,5158,1.2702577,3835.31,201.73,R5wtjjS0Fd,com.sec.android.app.shealth,acb0b1b8-ed46-412c-a9c6-d50b29a3ebec,1673913600000,
edb994c2-b475-43b5-ac62-e03166bb06d7.binning_data.json,2023-01-18 19:10:08.409,2023-01-18 09:35:05.254,com.sec.android.app.shealth,-2,1637,1.2697681,1226.53,64.29,VfS0qUERdZ,com.sec.android.app.shealth,edb994c2-b475-43b5-ac62-e03166bb06d7,1674000000000,
2e1d4272-e57d-4356-bed4-217762b0e837.binning_data.json,2023-01-19 03:00:01.815,2023-01-19 03:00:01.815,com.sec.android.app.shealth,0,1637,1.2697681,1226.53,64.29,R5wtjjS0Fd,com.sec.android.app.shealth,2e1d4272-e57d-4356-bed4-217762b0e837,1674000000000,
3d2c5b8c-0093-4dc6-98ba-6118c3b332cc.binning_data.json,2023-01-19 22:47:01.495,2023-01-19 10:07:16.066,com.sec.android.app.shealth,-2,1671,1.2550735,1242.46,65.43,VfS0qUERdZ,com.sec.android.app.shealth,3d2c5b8c-0093-4dc6-98ba-6118c3b332cc,1674086400000,
76c9817d-0260-45c0-98d9-ed4b8b7d7dc0.binning_data.json,2023-01-20 03:00:08.692,2023-01-20 03:00:08.692,com.sec.android.app.shealth,0,1671,1.2550735,1242.46,65.43,R5wtjjS0Fd,com.sec.android.app.shealth,76c9817d-0260-45c0-98d9-ed4b8b7d7dc0,1674086400000,
6120f889-b8f5-407e-bafa-9bc7f9be4f21.binning_data.json,2023-01-20 23:35:03.960,2023-01-20 10:25:39.316,com.sec.android.app.shealth,-2,66,1.0444403,49.84,2.79,VfS0qUERdZ,com.sec.android.app.shealth,6120f889-b8f5-407e-bafa-9bc7f9be4f21,1674172800000,
8a1e67b4-a5be-431a-96e4-074e919c67c9.binning_data.json,2023-01-21 03:03:34.243,2023-01-21 03:03:34.243,com.sec.android.app.shealth,0,66,1.0444403,49.84,2.79,R5wtjjS0Fd,com.sec.android.app.shealth,8a1e67b4-a5be-431a-96e4-074e919c67c9,1674172800000,
96a59874-6cc1-4a0b-9f89-2d7d44c41e89.binning_data.json,2023-01-22 00:38:04.226,2023-01-21 11:15:01.978,com.sec.android.app.shealth,-2,8186,1.2131819,6048.04,324.61,VfS0qUERdZ,com.sec.android.app.shealth,96a59874-6cc1-4a0b-9f89-2d7d44c41e89,1674259200000,
f699f79f-1d65-43c0-9c4b-8ed3ba17c23c.binning_data.json,2023-01-22 03:00:01.856,2023-01-22 03:00:01.856,com.sec.android.app.shealth,0,8186,1.2131819,6048.04,324.61,R5wtjjS0Fd,com.sec.android.app.shealth,f699f79f-1d65-43c0-9c4b-8ed3ba17c23c,1674259200000,
17063ab9-491f-40e2-9177-13defa111216.binning_data.json,2023-01-23 01:15:03.123,2023-01-22 20:27:44.264,com.sec.android.app.shealth,-2,267,1.1236266,193.20999,10.47,VfS0qUERdZ,com.sec.android.app.shealth,17063ab9-491f-40e2-9177-13defa111216,1674345600000,
d64c7b4a-e0f2-44af-9e11-427b3737cf97.binning_data.json,2023-01-23 03:51:51.565,2023-01-23 03:51:51.565,com.sec.android.app.shealth,0,267,1.1236266,193.20999,10.47,R5wtjjS0Fd,com.sec.android.app.shealth,d64c7b4a-e0f2-44af-9e11-427b3737cf97,1674345600000,
d25ce22e-7aeb-48bc-8f65-2cbfec7380bf.binning_data.json,2023-01-23 22:34:38.876,2023-01-23 10:30:21.659,com.sec.android.app.shealth,-2,6659,1.2858188,4997.94,262.1,VfS0qUERdZ,com.sec.android.app.shealth,d25ce22e-7aeb-48bc-8f65-2cbfec7380bf,1674432000000,
b70d82a7-aff9-4665-af2f-05f92d25ead9.binning_data.json,2023-01-24 03:43:23.141,2023-01-24 03:43:23.141,com.sec.android.app.shealth,0,6659,1.2858188,4997.94,262.1,R5wtjjS0Fd,com.sec.android.app.shealth,b70d82a7-aff9-4665-af2f-05f92d25ead9,1674432000000,
97aebe4f-2f85-4f44-9eaf-9a5475c91576.binning_data.json,2023-01-24 23:23:10.299,2023-01-24 11:04:13.967,com.sec.android.app.shealth,-2,7136,1.3570611,5387.1,282.19,VfS0qUERdZ,com.sec.android.app.shealth,97aebe4f-2f85-4f44-9eaf-9a5475c91576,1674518400000,
e25978bd-1370-4ebc-bc20-c3038aaa9c0d.binning_data.json,2023-01-25 03:00:03.725,2023-01-25 03:00:03.725,com.sec.android.app.shealth,0,7136,1.3570611,5387.1,282.19,R5wtjjS0Fd,com.sec.android.app.shealth,e25978bd-1370-4ebc-bc20-c3038aaa9c0d,1674518400000,
826b021b-5f6d-4047-b304-26cbda0d5ed6.binning_data.json,2023-01-26 01:40:56.384,2023-01-25 12:57:17.936,com.sec.android.app.shealth,-2,1562,1.2892405,1173.4,61.96,VfS0qUERdZ,com.sec.android.app.shealth,826b021b-5f6d-4047-b304-26cbda0d5ed6,1674604800000,
f803753c-7be3-446c-90e4-82e7dd4295e1.binning_data.json,2023-01-26 03:00:04.221,2023-01-26 03:00:04.221,com.sec.android.app.shealth,0,1562,1.2892405,1173.4,61.96,R5wtjjS0Fd,com.sec.android.app.shealth,f803753c-7be3-446c-90e4-82e7dd4295e1,1674604800000,
8e2be6e2-5bf8-45c2-a0f5-5361c7b00899.binning_data.json,2023-01-26 18:48:09.708,2023-01-26 11:15:01.682,com.sec.android.app.shealth,-2,1712,1.2948114,1280.99,68.07,VfS0qUERdZ,com.sec.android.app.shealth,8e2be6e2-5bf8-45c2-a0f5-5361c7b00899,1674691200000,
7af05876-915b-4745-80fe-aacbf6a5f581.binning_data.json,2023-01-27 03:00:02.409,2023-01-27 03:00:02.409,com.sec.android.app.shealth,0,1712,1.2948114,1280.99,68.07,R5wtjjS0Fd,com.sec.android.app.shealth,7af05876-915b-4745-80fe-aacbf6a5f581,1674691200000,
563e7ee2-5de0-4ae3-a1b1-0106e59505a3.binning_data.json,2023-01-27 22:29:30.594,2023-01-27 13:50:20.018,com.sec.android.app.shealth,-2,362,1.1110654,265.74,13.58,VfS0qUERdZ,com.sec.android.app.shealth,563e7ee2-5de0-4ae3-a1b1-0106e59505a3,1674777600000,
75c4b309-4c8c-4d32-8027-4f92c1af1b05.binning_data.json,2023-01-28 03:00:01.612,2023-01-28 03:00:01.612,com.sec.android.app.shealth,0,362,1.1110654,265.74,13.58,R5wtjjS0Fd,com.sec.android.app.shealth,75c4b309-4c8c-4d32-8027-4f92c1af1b05,1674777600000,
3f4da62a-79dc-441a-a5fd-1c4e20c8d969.binning_data.json,2023-01-28 23:55:02.215,2023-01-28 09:07:27.054,com.sec.android.app.shealth,-2,2210,1.2927771,1664.27,85.46,VfS0qUERdZ,com.sec.android.app.shealth,3f4da62a-79dc-441a-a5fd-1c4e20c8d969,1674864000000,
26d597d2-6345-49f9-8da5-ddeb14c03d1f.binning_data.json,2023-01-29 03:00:02.088,2023-01-29 03:00:02.088,com.sec.android.app.shealth,0,2210,1.2927771,1664.27,85.46,R5wtjjS0Fd,com.sec.android.app.shealth,26d597d2-6345-49f9-8da5-ddeb14c03d1f,1674864000000,
54ef3791-48d3-4d7f-a6e1-69ff16d93299.binning_data.json,2023-01-29 22:35:03.768,2023-01-29 10:55:01.131,com.sec.android.app.shealth,-2,407,1.2598647,304.39,15.81,VfS0qUERdZ,com.sec.android.app.shealth,54ef3791-48d3-4d7f-a6e1-69ff16d93299,1674950400000,
3cb524dd-3472-4177-a393-6b2648a5e909.binning_data.json,2023-01-30 03:59:10.381,2023-01-30 03:59:10.381,com.sec.android.app.shealth,0,407,1.2598647,304.39,15.81,R5wtjjS0Fd,com.sec.android.app.shealth,3cb524dd-3472-4177-a393-6b2648a5e909,1674950400000,
d5a9e351-54e5-4608-b93f-62b66493e0ef.binning_data.json,2023-01-31 00:04:54.294,2023-01-30 10:06:04.976,com.sec.android.app.shealth,-2,3545,1.2645739,2653.61,141.2,VfS0qUERdZ,com.sec.android.app.shealth,d5a9e351-54e5-4608-b93f-62b66493e0ef,1675036800000,
40283bbf-6cbb-48ac-acc9-8d3f8a36ef1d.binning_data.json,2023-01-31 03:35:51.676,2023-01-31 03:35:51.676,com.sec.android.app.shealth,0,3545,1.2645739,2653.61,141.2,R5wtjjS0Fd,com.sec.android.app.shealth,40283bbf-6cbb-48ac-acc9-8d3f8a36ef1d,1675036800000,
c750b79e-b7c1-46a7-a3e3-c23f45454d8c.binning_data.json,2023-02-01 00:55:01.598,2023-01-31 09:58:54.956,com.sec.android.app.shealth,-2,6539,1.3341136,4919.95,254.01999,VfS0qUERdZ,com.sec.android.app.shealth,c750b79e-b7c1-46a7-a3e3-c23f45454d8c,1675123200000,
af5dc3ce-d765-43f8-9b2e-58ae99692002.binning_data.json,2023-02-01 03:00:05.020,2023-02-01 03:00:05.020,com.sec.android.app.shealth,0,6539,1.3341136,4919.95,254.01999,R5wtjjS0Fd,com.sec.android.app.shealth,af5dc3ce-d765-43f8-9b2e-58ae99692002,1675123200000,
758ae018-4b30-41df-ab7b-26473eaa8bda.binning_data.json,2023-02-02 00:01:15.957,2023-02-01 10:15:01.830,com.sec.android.app.shealth,-2,3191,1.2842001,2395.03,122.83,VfS0qUERdZ,com.sec.android.app.shealth,758ae018-4b30-41df-ab7b-26473eaa8bda,1675209600000,
e5c98e45-524f-4959-8a82-eb38781a2c48.binning_data.json,2023-02-02 03:00:03.730,2023-02-02 03:00:03.730,com.sec.android.app.shealth,0,3191,1.2842001,2395.03,122.83,R5wtjjS0Fd,com.sec.android.app.shealth,e5c98e45-524f-4959-8a82-eb38781a2c48,1675209600000,
fb77da60-99ca-4d60-adfc-7158b2b30813.binning_data.json,2023-02-02 23:35:02.244,2023-02-02 10:15:27.271,com.sec.android.app.shealth,-2,1590,1.2640498,1189.45,62.41,VfS0qUERdZ,com.sec.android.app.shealth,fb77da60-99ca-4d60-adfc-7158b2b30813,1675296000000,
faf3d5d1-c272-47c0-a439-e19f04533c26.binning_data.json,2023-02-03 03:21:00.683,2023-02-03 03:21:00.683,com.sec.android.app.shealth,0,1590,1.2640498,1189.45,62.41,R5wtjjS0Fd,com.sec.android.app.shealth,faf3d5d1-c272-47c0-a439-e19f04533c26,1675296000000,
01da7d07-77a8-4467-8e9d-d98d55d29618.binning_data.json,2023-02-04 00:15:02.326,2023-02-03 11:14:20.385,com.sec.android.app.shealth,-2,4072,1.2886119,3015.04,160.84,VfS0qUERdZ,com.sec.android.app.shealth,01da7d07-77a8-4467-8e9d-d98d55d29618,1675382400000,
e07cbada-68af-4ef1-ab59-3e1a2d2157c5.binning_data.json,2023-02-04 03:00:02.018,2023-02-04 03:00:02.018,com.sec.android.app.shealth,0,4072,1.2886119,3015.04,160.84,R5wtjjS0Fd,com.sec.android.app.shealth,e07cbada-68af-4ef1-ab59-3e1a2d2157c5,1675382400000,
0f175d45-8773-4960-ad58-92a61d09369c.binning_data.json,2023-02-05 01:44:32.139,2023-02-04 10:35:01.494,com.sec.android.app.shealth,-2,1936,1.2775099,1430.62,71.57,VfS0qUERdZ,com.sec.android.app.shealth,0f175d45-8773-4960-ad58-92a61d09369c,1675468800000,
befb7289-7786-4b0e-8f4e-9c5a078586a1.binning_data.json,2023-02-05 04:00:12.098,2023-02-05 04:00:12.098,com.sec.android.app.shealth,0,1936,1.2775099,1430.62,71.57,R5wtjjS0Fd,com.sec.android.app.shealth,befb7289-7786-4b0e-8f4e-9c5a078586a1,1675468800000,
38416092-5c35-4cbf-929a-ac15d0388885.binning_data.json,2023-02-06 00:59:53.122,2023-02-05 13:25:05.914,com.sec.android.app.shealth,-2,5827,1.3103665,4368.21,229.14,VfS0qUERdZ,com.sec.android.app.shealth,38416092-5c35-4cbf-929a-ac15d0388885,1675555200000,
a82ce967-17da-4367-9dd7-0619b2ca837b.binning_data.json,2023-02-06 03:00:02.138,2023-02-06 03:00:02.138,com.sec.android.app.shealth,0,5827,1.3103665,4368.21,229.14,R5wtjjS0Fd,com.sec.android.app.shealth,a82ce967-17da-4367-9dd7-0619b2ca837b,1675555200000,
bd89b686-c7fc-47b5-b6cd-9c39b363bf2a.binning_data.json,2023-02-07 01:55:01.572,2023-02-06 10:55:01.832,com.sec.android.app.shealth,-2,1499,1.2816125,1123.6,59.03,VfS0qUERdZ,com.sec.android.app.shealth,bd89b686-c7fc-47b5-b6cd-9c39b363bf2a,1675641600000,
abe3081a-fe0f-46fa-a61d-f5797dcd44a6.binning_data.json,2023-02-07 04:22:35.027,2023-02-07 04:22:35.027,com.sec.android.app.shealth,0,1499,1.2816125,1123.6,59.03,R5wtjjS0Fd,com.sec.android.app.shealth,abe3081a-fe0f-46fa-a61d-f5797dcd44a6,1675641600000,
549b8071-c9cd-4e50-aaa2-fac43f92b5fb.binning_data.json,2023-02-08 01:36:41.204,2023-02-07 12:04:16.035,com.sec.android.app.shealth,-2,2183,1.2808217,1616.09,83.76,VfS0qUERdZ,com.sec.android.app.shealth,549b8071-c9cd-4e50-aaa2-fac43f92b5fb,1675728000000,
6974561b-dda4-4127-8c26-d0584ab1dfc3.binning_data.json,2023-02-08 03:00:01.896,2023-02-08 03:00:01.896,com.sec.android.app.shealth,0,2183,1.2808217,1616.09,83.76,R5wtjjS0Fd,com.sec.android.app.shealth,6974561b-dda4-4127-8c26-d0584ab1dfc3,1675728000000,
c692a9f3-77ae-4288-8fec-a781ca5f99d0.binning_data.json,2023-02-08 17:26:03.603,2023-02-08 10:55:02.466,com.sec.android.app.shealth,-2,1487,1.3032767,1116.94,58.71,VfS0qUERdZ,com.sec.android.app.shealth,c692a9f3-77ae-4288-8fec-a781ca5f99d0,1675814400000,
6e2597e1-cafb-49f2-b51c-8ffbfb571217.binning_data.json,2023-02-09 03:00:01.915,2023-02-09 03:00:01.915,com.sec.android.app.shealth,0,1487,1.3032767,1116.94,58.71,R5wtjjS0Fd,com.sec.android.app.shealth,6e2597e1-cafb-49f2-b51c-8ffbfb571217,1675814400000,
1f55fc13-9971-4ae1-b6c8-82c0ab68303f.binning_data.json,2023-02-10 02:48:39.109,2023-02-09 11:14:14.563,com.sec.android.app.shealth,-2,1748,1.2859434,1312.65,67.32,VfS0qUERdZ,com.sec.android.app.shealth,1f55fc13-9971-4ae1-b6c8-82c0ab68303f,1675900800000,
143fee8b-d747-46b6-9d78-9b4adb8ebe5f.binning_data.json,2023-02-10 03:00:01.266,2023-02-10 03:00:01.266,com.sec.android.app.shealth,0,1748,1.2859434,1312.65,67.32,R5wtjjS0Fd,com.sec.android.app.shealth,143fee8b-d747-46b6-9d78-9b4adb8ebe5f,1675900800000,
9bccbf14-ec86-4aee-bedf-442c9c898434.binning_data.json,2023-02-11 00:10:47.967,2023-02-10 03:37:18.712,com.sec.android.app.shealth,-2,3372,1.2335817,2511.48,131.19,VfS0qUERdZ,com.sec.android.app.shealth,9bccbf14-ec86-4aee-bedf-442c9c898434,1675987200000,
706e1f56-5223-48b1-9848-c4920549df50.binning_data.json,2023-02-11 03:00:03.239,2023-02-11 03:00:03.239,com.sec.android.app.shealth,0,3372,1.2335817,2511.48,131.19,R5wtjjS0Fd,com.sec.android.app.shealth,706e1f56-5223-48b1-9848-c4920549df50,1675987200000,
a6e4d76f-5850-4af2-9b64-ed94023c30ff.binning_data.json,2023-02-12 00:01:38.978,2023-02-11 10:55:33.116,com.sec.android.app.shealth,-2,7120,1.298364,5339.22,282.06,VfS0qUERdZ,com.sec.android.app.shealth,a6e4d76f-5850-4af2-9b64-ed94023c30ff,1676073600000,
806e1c1b-dbec-4be3-a852-f84f8d6faf88.binning_data.json,2023-02-12 03:00:05.245,2023-02-12 03:00:05.245,com.sec.android.app.shealth,0,7120,1.298364,5339.22,282.06,R5wtjjS0Fd,com.sec.android.app.shealth,806e1c1b-dbec-4be3-a852-f84f8d6faf88,1676073600000,
c3e84b81-46a2-446c-ba28-8ccde14c6064.binning_data.json,2023-02-13 00:46:45.177,2023-02-12 11:15:03.012,com.sec.android.app.shealth,-2,358,1.109278,256.84,13.4,VfS0qUERdZ,com.sec.android.app.shealth,c3e84b81-46a2-446c-ba28-8ccde14c6064,1676160000000,
2785c32d-41fc-481b-b882-ff0c98704997.binning_data.json,2023-02-13 03:10:52.882,2023-02-13 03:10:52.882,com.sec.android.app.shealth,0,358,1.109278,256.84,13.4,R5wtjjS0Fd,com.sec.android.app.shealth,2785c32d-41fc-481b-b882-ff0c98704997,1676160000000,
32d4aeb5-438f-4423-9329-967ca52ce6ee.binning_data.json,2023-02-13 21:35:02.394,2023-02-13 12:35:00.175,com.sec.android.app.shealth,-2,1752,1.252613,1304.82,69.39,VfS0qUERdZ,com.sec.android.app.shealth,32d4aeb5-438f-4423-9329-967ca52ce6ee,1676246400000,
2582ad98-c14e-49b2-818a-ecda1b3b442a.binning_data.json,2023-02-14 03:00:02.425,2023-02-14 03:00:02.425,com.sec.android.app.shealth,0,1752,1.252613,1304.82,69.39,R5wtjjS0Fd,com.sec.android.app.shealth,2582ad98-c14e-49b2-818a-ecda1b3b442a,1676246400000,
67827fa2-3df5-4660-87c8-70a6e8b4c8aa.binning_data.json,2023-02-14 22:55:01.362,2023-02-14 09:44:38.434,com.sec.android.app.shealth,-2,3963,1.2454262,2944.9,156.56,VfS0qUERdZ,com.sec.android.app.shealth,67827fa2-3df5-4660-87c8-70a6e8b4c8aa,1676332800000,
7ba3b689-2c27-41a6-ba58-839cee0bd06d.binning_data.json,2023-02-15 04:04:36.504,2023-02-15 04:04:36.504,com.sec.android.app.shealth,0,3963,1.2454262,2944.9,156.56,R5wtjjS0Fd,com.sec.android.app.shealth,7ba3b689-2c27-41a6-ba58-839cee0bd06d,1676332800000,
b4220177-c3a0-43d5-b7bf-cd4aaef70000.binning_data.json,2023-02-15 23:35:02.746,2023-02-15 10:45:02.563,com.sec.android.app.shealth,-2,1839,1.2213827,1357.25,72.65,VfS0qUERdZ,com.sec.android.app.shealth,b4220177-c3a0-43d5-b7bf-cd4aaef70000,1676419200000,
94981317-f911-4ca0-bd3e-6639e718b915.binning_data.json,2023-02-16 04:35:03.331,2023-02-16 04:35:03.331,com.sec.android.app.shealth,0,1839,1.2213827,1357.25,72.65,R5wtjjS0Fd,com.sec.android.app.shealth,94981317-f911-4ca0-bd3e-6639e718b915,1676419200000,
89d2e83f-654c-47c9-a265-5ddb20e4b113.binning_data.json,2023-02-16 17:42:06.896,2023-02-16 11:55:00.854,com.sec.android.app.shealth,-2,1592,1.2206631,1180.65,62.83,VfS0qUERdZ,com.sec.android.app.shealth,89d2e83f-654c-47c9-a265-5ddb20e4b113,1676505600000,
ab7666b8-ee1a-41d6-9324-1b9d376c3048.binning_data.json,2023-02-17 03:00:24.769,2023-02-17 03:00:24.769,com.sec.android.app.shealth,0,1592,1.2206631,1180.65,62.83,R5wtjjS0Fd,com.sec.android.app.shealth,ab7666b8-ee1a-41d6-9324-1b9d376c3048,1676505600000,
cbf3a5ba-af6c-45d1-8390-4440a816bbc9.binning_data.json,2023-02-18 01:02:22.952,2023-02-17 12:15:02.919,com.sec.android.app.shealth,-2,1689,1.2162689,1241.79,66.24,VfS0qUERdZ,com.sec.android.app.shealth,cbf3a5ba-af6c-45d1-8390-4440a816bbc9,1676592000000,
747c315c-794f-41e0-adfb-462142be90c8.binning_data.json,2023-02-18 03:00:03.906,2023-02-18 03:00:03.906,com.sec.android.app.shealth,0,1689,1.2162689,1241.79,66.24,R5wtjjS0Fd,com.sec.android.app.shealth,747c315c-794f-41e0-adfb-462142be90c8,1676592000000,
8a22150b-c1e9-4ae0-b962-a290c7f76684.binning_data.json,2023-02-19 01:55:03.142,2023-02-18 14:32:02.415,com.sec.android.app.shealth,-2,113,1.0971959,79.39,4.4,VfS0qUERdZ,com.sec.android.app.shealth,8a22150b-c1e9-4ae0-b962-a290c7f76684,1676678400000,
d4e6947f-82c3-437d-87bf-d7bd97988c1c.binning_data.json,2023-02-19 03:54:14.740,2023-02-19 03:54:14.740,com.sec.android.app.shealth,0,113,1.0971959,79.39,4.4,R5wtjjS0Fd,com.sec.android.app.shealth,d4e6947f-82c3-437d-87bf-d7bd97988c1c,1676678400000,
042a30ed-2cc7-43ec-a5be-dac76cfeb8aa.binning_data.json,2023-02-20 12:55:02.179,2023-02-20 12:36:38.115,com.sec.android.app.shealth,-2,45,1.2067974,32.949997,1.7099999,VfS0qUERdZ,com.sec.android.app.shealth,042a30ed-2cc7-43ec-a5be-dac76cfeb8aa,1676851200000,
b794678a-daad-40da-b042-17d05f89c196.binning_data.json,2023-02-21 03:00:03.354,2023-02-21 03:00:03.354,com.sec.android.app.shealth,0,45,1.2067974,32.949997,1.7099999,R5wtjjS0Fd,com.sec.android.app.shealth,b794678a-daad-40da-b042-17d05f89c196,1676851200000,
ae9c245a-3fab-47f1-a664-05ea4f86d53b.binning_data.json,2023-02-21 21:14:38.064,2023-02-21 15:20:52.428,com.sec.android.app.shealth,-2,231,1.1065416,169.06,8.809999,VfS0qUERdZ,com.sec.android.app.shealth,ae9c245a-3fab-47f1-a664-05ea4f86d53b,1676937600000,
1dbccbd8-2626-4350-9fb3-28b8c76c66b6.binning_data.json,2023-02-22 03:13:32.755,2023-02-22 03:13:32.755,com.sec.android.app.shealth,0,231,1.1065416,169.06,8.809999,R5wtjjS0Fd,com.sec.android.app.shealth,1dbccbd8-2626-4350-9fb3-28b8c76c66b6,1676937600000,
2b3a5a4b-78af-4747-a016-649bba511004.binning_data.json,2023-02-22 16:35:01.773,2023-02-22 13:35:01.896,com.sec.android.app.shealth,-2,6306,1.3210272,4750.3,246.85,VfS0qUERdZ,com.sec.android.app.shealth,2b3a5a4b-78af-4747-a016-649bba511004,1677024000000,
a730129c-2bad-448f-92a2-62068f40238d.binning_data.json,2023-02-23 03:00:02.810,2023-02-23 03:00:02.810,com.sec.android.app.shealth,0,6306,1.3210272,4750.3,246.85,R5wtjjS0Fd,com.sec.android.app.shealth,a730129c-2bad-448f-92a2-62068f40238d,1677024000000,
d712b33d-e501-4d9a-8d79-0b644e8af3ea.binning_data.json,2023-02-23 21:35:01.723,2023-02-23 11:15:02.113,com.sec.android.app.shealth,-2,2861,1.2119887,2116.1,111.98,VfS0qUERdZ,com.sec.android.app.shealth,d712b33d-e501-4d9a-8d79-0b644e8af3ea,1677110400000,
4008462f-cdec-4aa0-953d-c157bedbf8d0.binning_data.json,2023-02-24 04:17:32.398,2023-02-24 04:17:32.398,com.sec.android.app.shealth,0,2861,1.2119887,2116.1,111.98,R5wtjjS0Fd,com.sec.android.app.shealth,4008462f-cdec-4aa0-953d-c157bedbf8d0,1677110400000,
ea65a462-2092-4558-9640-2efdec655ffa.binning_data.json,2023-02-24 16:27:02.023,2023-02-24 12:28:18.426,com.sec.android.app.shealth,-2,2658,1.2858946,1949.68,100.83,VfS0qUERdZ,com.sec.android.app.shealth,ea65a462-2092-4558-9640-2efdec655ffa,1677196800000,
1a07983a-94d4-4947-a80b-ce6c8c739352.binning_data.json,2023-02-25 04:11:14.830,2023-02-25 04:11:14.830,com.sec.android.app.shealth,0,2658,1.2858946,1949.68,100.83,R5wtjjS0Fd,com.sec.android.app.shealth,1a07983a-94d4-4947-a80b-ce6c8c739352,1677196800000,
2532b486-8765-49d9-ba43-ca7823584622.binning_data.json,2023-02-25 16:51:42.286,2023-02-25 15:55:00.914,com.sec.android.app.shealth,-2,23,1.2103274,17.07,0.83,VfS0qUERdZ,com.sec.android.app.shealth,2532b486-8765-49d9-ba43-ca7823584622,1677283200000,
faeba9f4-7d69-4392-9849-bbdf9d9069a0.binning_data.json,2023-02-26 03:00:01.672,2023-02-26 03:00:01.672,com.sec.android.app.shealth,0,23,1.2103274,17.07,0.83,R5wtjjS0Fd,com.sec.android.app.shealth,faeba9f4-7d69-4392-9849-bbdf9d9069a0,1677283200000,
809aa336-eab5-466e-a37a-95199678fe94.binning_data.json,2023-02-26 17:18:55.509,2023-02-26 12:08:37.148,com.sec.android.app.shealth,-2,7075,1.2950625,5298.15,277.7,VfS0qUERdZ,com.sec.android.app.shealth,809aa336-eab5-466e-a37a-95199678fe94,1677369600000,
6b2d15d5-60cf-4c4d-88ab-b2d3b6209336.binning_data.json,2023-02-27 03:00:02.592,2023-02-27 03:00:02.592,com.sec.android.app.shealth,0,7075,1.2950625,5298.15,277.7,R5wtjjS0Fd,com.sec.android.app.shealth,6b2d15d5-60cf-4c4d-88ab-b2d3b6209336,1677369600000,
af16ec6b-0d0b-4d0d-80db-f21ced7a9d0d.binning_data.json,2023-02-27 22:44:09.270,2023-02-27 09:55:02.453,com.sec.android.app.shealth,-2,9565,1.3011059,7177.91,372.2,VfS0qUERdZ,com.sec.android.app.shealth,af16ec6b-0d0b-4d0d-80db-f21ced7a9d0d,1677456000000,
b7d4fa2d-381e-499a-9a54-4ca77fd89e5e.binning_data.json,2023-02-28 04:56:01.102,2023-02-28 04:56:01.102,com.sec.android.app.shealth,0,9565,1.3011059,7177.91,372.2,R5wtjjS0Fd,com.sec.android.app.shealth,b7d4fa2d-381e-499a-9a54-4ca77fd89e5e,1677456000000,
6747057d-c460-4698-810d-0d5e435bd717.binning_data.json,2023-02-28 18:01:50.904,2023-02-28 11:07:30.118,com.sec.android.app.shealth,-2,1600,1.2474437,1188.83,63.21,VfS0qUERdZ,com.sec.android.app.shealth,6747057d-c460-4698-810d-0d5e435bd717,1677542400000,
8ae311a0-9dfa-4449-b9b0-1680146cce88.binning_data.json,2023-03-01 03:59:09.696,2023-03-01 03:59:09.696,com.sec.android.app.shealth,0,1600,1.2474437,1188.83,63.21,R5wtjjS0Fd,com.sec.android.app.shealth,8ae311a0-9dfa-4449-b9b0-1680146cce88,1677542400000,
d8188eb7-abe7-4a63-a835-abb6db9b58b4.binning_data.json,2023-03-01 19:35:05.218,2023-03-01 09:35:03.170,com.sec.android.app.shealth,-2,6800,1.2761918,5073.8,269.44,VfS0qUERdZ,com.sec.android.app.shealth,d8188eb7-abe7-4a63-a835-abb6db9b58b4,1677628800000,
c717498b-0bf1-4751-a10d-edd6730d0705.binning_data.json,2023-03-02 03:19:01.172,2023-03-02 03:19:01.172,com.sec.android.app.shealth,0,6800,1.2761918,5073.8,269.44,R5wtjjS0Fd,com.sec.android.app.shealth,c717498b-0bf1-4751-a10d-edd6730d0705,1677628800000,
9fd1cd8b-7726-4e69-ac75-527b661f1438.binning_data.json,2023-03-02 23:13:24.940,2023-03-02 09:55:05.288,com.sec.android.app.shealth,-2,2473,1.2335824,1835.78,95.47,VfS0qUERdZ,com.sec.android.app.shealth,9fd1cd8b-7726-4e69-ac75-527b661f1438,1677715200000,
2907ac6f-2525-423c-974b-577b863289e9.binning_data.json,2023-03-03 03:00:01.638,2023-03-03 03:00:01.638,com.sec.android.app.shealth,0,2473,1.2335824,1835.78,95.47,R5wtjjS0Fd,com.sec.android.app.shealth,2907ac6f-2525-423c-974b-577b863289e9,1677715200000,
4b8387b9-e544-4465-beee-546c5f4bfdeb.binning_data.json,2023-03-04 00:21:17.144,2023-03-03 11:28:20.963,com.sec.android.app.shealth,-2,3800,1.2946393,2834.37,149.37,VfS0qUERdZ,com.sec.android.app.shealth,4b8387b9-e544-4465-beee-546c5f4bfdeb,1677801600000,
aa91b499-5c7e-4d70-b22b-61dbfd0fc0ca.binning_data.json,2023-03-04 03:37:14.766,2023-03-04 03:37:14.766,com.sec.android.app.shealth,0,3800,1.2946393,2834.37,149.37,R5wtjjS0Fd,com.sec.android.app.shealth,aa91b499-5c7e-4d70-b22b-61dbfd0fc0ca,1677801600000,
69ac0620-89bf-4542-a9d1-8fd332cb9436.binning_data.json,2023-03-04 12:35:01.791,2023-03-04 10:28:26.332,com.sec.android.app.shealth,-2,2029,1.3500679,1539.07,70.3,VfS0qUERdZ,com.sec.android.app.shealth,69ac0620-89bf-4542-a9d1-8fd332cb9436,1677888000000,
3228e9f9-ff4c-42ee-a898-f9bb0d6fa17b.binning_data.json,2023-03-05 03:06:31.472,2023-03-05 03:06:31.472,com.sec.android.app.shealth,0,2029,1.3500679,1539.07,70.3,R5wtjjS0Fd,com.sec.android.app.shealth,3228e9f9-ff4c-42ee-a898-f9bb0d6fa17b,1677888000000,
e7692e06-a6ac-4d04-a93e-3b517530c9a6.binning_data.json,2023-03-05 16:09:04.004,2023-03-05 10:46:36.854,com.sec.android.app.shealth,-2,3997,1.2673999,2972.72,158.74,VfS0qUERdZ,com.sec.android.app.shealth,e7692e06-a6ac-4d04-a93e-3b517530c9a6,1677974400000,
954be701-4267-480f-9cfb-82306749d282.binning_data.json,2023-03-06 03:12:58.204,2023-03-06 03:12:58.204,com.sec.android.app.shealth,0,3997,1.2673999,2972.72,158.74,R5wtjjS0Fd,com.sec.android.app.shealth,954be701-4267-480f-9cfb-82306749d282,1677974400000,
f10e95ef-edfe-42c2-862d-17b2700bc168.binning_data.json,2023-03-07 00:15:01.854,2023-03-06 13:19:59.862,com.sec.android.app.shealth,-2,1705,1.2654649,1268.92,65.93,VfS0qUERdZ,com.sec.android.app.shealth,f10e95ef-edfe-42c2-862d-17b2700bc168,1678060800000,
10ad0561-07b9-4675-bff3-39bbc6e78a32.binning_data.json,2023-03-07 03:00:01.998,2023-03-07 03:00:01.998,com.sec.android.app.shealth,0,1705,1.2654649,1268.92,65.93,R5wtjjS0Fd,com.sec.android.app.shealth,10ad0561-07b9-4675-bff3-39bbc6e78a32,1678060800000,
1efc3582-a37e-429c-afd6-e43e997357ea.binning_data.json,2023-03-07 23:35:01.703,2023-03-07 09:41:25.684,com.sec.android.app.shealth,-2,931,1.1999607,676.74,35.36,VfS0qUERdZ,com.sec.android.app.shealth,1efc3582-a37e-429c-afd6-e43e997357ea,1678147200000,
91424a92-c2b4-421d-876f-7b1e0f50016f.binning_data.json,2023-03-08 03:07:54.728,2023-03-08 03:07:54.728,com.sec.android.app.shealth,0,931,1.1999607,676.74,35.36,R5wtjjS0Fd,com.sec.android.app.shealth,91424a92-c2b4-421d-876f-7b1e0f50016f,1678147200000,
8da307e8-260f-4d85-97bc-1b29d25a490e.binning_data.json,2023-03-08 22:15:02.782,2023-03-08 10:33:42.854,com.sec.android.app.shealth,-2,2007,1.3113452,1497.99,74.45,VfS0qUERdZ,com.sec.android.app.shealth,8da307e8-260f-4d85-97bc-1b29d25a490e,1678233600000,
2c417313-abcc-44c6-8121-318a12f36e12.binning_data.json,2023-03-09 03:00:04.737,2023-03-09 03:00:04.737,com.sec.android.app.shealth,0,2007,1.3113452,1497.99,74.45,R5wtjjS0Fd,com.sec.android.app.shealth,2c417313-abcc-44c6-8121-318a12f36e12,1678233600000,
38e63e30-b01c-4e3a-bcdb-120e00891b80.binning_data.json,2023-03-09 22:54:04.147,2023-03-09 11:22:33.768,com.sec.android.app.shealth,-2,2662,1.2443798,1973.8,103.17,VfS0qUERdZ,com.sec.android.app.shealth,38e63e30-b01c-4e3a-bcdb-120e00891b80,1678320000000,
d304c54f-0cea-47de-969e-2887d9b8aeaf.binning_data.json,2023-03-10 03:20:02.037,2023-03-10 03:20:02.037,com.sec.android.app.shealth,0,2662,1.2443798,1973.8,103.17,R5wtjjS0Fd,com.sec.android.app.shealth,d304c54f-0cea-47de-969e-2887d9b8aeaf,1678320000000,
cb5ef33d-918c-4919-8208-60ddb701a6c5.binning_data.json,2023-03-11 00:15:01.182,2023-03-10 10:45:02.792,com.sec.android.app.shealth,-2,2499,1.2050718,1836.36,98.28,VfS0qUERdZ,com.sec.android.app.shealth,cb5ef33d-918c-4919-8208-60ddb701a6c5,1678406400000,
920e1da0-d444-4adc-8207-9470ba2620c8.binning_data.json,2023-03-11 03:41:48.264,2023-03-11 03:41:48.264,com.sec.android.app.shealth,0,2499,1.2050718,1836.36,98.28,R5wtjjS0Fd,com.sec.android.app.shealth,920e1da0-d444-4adc-8207-9470ba2620c8,1678406400000,
3c06af68-5bcc-41d0-8800-98552bd9811e.binning_data.json,2023-03-12 00:15:01.961,2023-03-11 11:15:03.215,com.sec.android.app.shealth,-2,8862,1.3158076,6675.12,344.09,VfS0qUERdZ,com.sec.android.app.shealth,3c06af68-5bcc-41d0-8800-98552bd9811e,1678492800000,
5b39ba82-e4e5-40f6-ac1d-45ec0382a244.binning_data.json,2023-03-12 03:00:02.252,2023-03-12 03:00:02.252,com.sec.android.app.shealth,0,8862,1.3158076,6675.12,344.09,R5wtjjS0Fd,com.sec.android.app.shealth,5b39ba82-e4e5-40f6-ac1d-45ec0382a244,1678492800000,
4d4b17c9-e143-450a-baea-a9e0f936cd82.binning_data.json,2023-03-12 16:42:53.121,2023-03-12 16:42:53.121,com.sec.android.app.shealth,-2,15,1.25,10.91,0.5,VfS0qUERdZ,com.sec.android.app.shealth,4d4b17c9-e143-450a-baea-a9e0f936cd82,1678579200000,
5433ada8-b177-42c9-a599-97084220561b.binning_data.json,2023-03-13 04:20:56.442,2023-03-13 04:20:56.442,com.sec.android.app.shealth,0,15,1.25,10.91,0.5,R5wtjjS0Fd,com.sec.android.app.shealth,5433ada8-b177-42c9-a599-97084220561b,1678579200000,
f8d624d2-085e-4d04-a1ca-a6bf247749ed.binning_data.json,2023-03-14 01:25:04.396,2023-03-13 09:53:53.856,com.sec.android.app.shealth,-2,1438,1.2758511,1073.6,55.93,VfS0qUERdZ,com.sec.android.app.shealth,f8d624d2-085e-4d04-a1ca-a6bf247749ed,1678665600000,
1095b332-e4bd-4af4-beca-1aa8cb92f2b5.binning_data.json,2023-03-14 03:00:02.221,2023-03-14 03:00:02.221,com.sec.android.app.shealth,0,1438,1.2758511,1073.6,55.93,R5wtjjS0Fd,com.sec.android.app.shealth,1095b332-e4bd-4af4-beca-1aa8cb92f2b5,1678665600000,
d2b2fb7a-a842-433e-a490-9982586fd9bd.binning_data.json,2023-03-14 19:59:47.128,2023-03-14 10:17:37.873,com.sec.android.app.shealth,-2,2800,1.2675397,2080.24,109.35,VfS0qUERdZ,com.sec.android.app.shealth,d2b2fb7a-a842-433e-a490-9982586fd9bd,1678752000000,
c3a2a8bc-d03c-40f9-9979-04680dd21447.binning_data.json,2023-03-15 03:40:14.594,2023-03-15 03:40:14.594,com.sec.android.app.shealth,0,2800,1.2675397,2080.24,109.35,R5wtjjS0Fd,com.sec.android.app.shealth,c3a2a8bc-d03c-40f9-9979-04680dd21447,1678752000000,
ffd4e1e3-c234-404e-a4ec-074cc79c85e8.binning_data.json,2023-03-15 23:41:40.879,2023-03-15 12:03:35.774,com.sec.android.app.shealth,-2,2177,1.2565678,1623.89,84.5,VfS0qUERdZ,com.sec.android.app.shealth,ffd4e1e3-c234-404e-a4ec-074cc79c85e8,1678838400000,
e311603c-9b63-46bc-9906-3a6941142de6.binning_data.json,2023-03-16 03:55:17.495,2023-03-16 03:55:17.495,com.sec.android.app.shealth,0,2177,1.2565678,1623.89,84.5,R5wtjjS0Fd,com.sec.android.app.shealth,e311603c-9b63-46bc-9906-3a6941142de6,1678838400000,
af7e0606-6b5b-4ff1-9fdb-64f8780aec56.binning_data.json,2023-03-16 22:12:29.224,2023-03-16 11:15:02.320,com.sec.android.app.shealth,-2,2985,1.2962991,2215.67,115.49,VfS0qUERdZ,com.sec.android.app.shealth,af7e0606-6b5b-4ff1-9fdb-64f8780aec56,1678924800000,
2804c765-2a43-4351-b27b-6f20abbd7452.binning_data.json,2023-03-17 03:54:27.738,2023-03-17 03:54:27.738,com.sec.android.app.shealth,0,2985,1.2962991,2215.67,115.49,R5wtjjS0Fd,com.sec.android.app.shealth,2804c765-2a43-4351-b27b-6f20abbd7452,1678924800000,
be5b5699-27b2-4479-9b57-3d73556d1ff6.binning_data.json,2023-03-18 01:15:02.251,2023-03-17 10:35:01.257,com.sec.android.app.shealth,-2,2599,1.276259,1937.56,101.88,VfS0qUERdZ,com.sec.android.app.shealth,be5b5699-27b2-4479-9b57-3d73556d1ff6,1679011200000,
473b9f9e-c641-49c3-bf3d-21e134993ce8.binning_data.json,2023-03-18 03:00:01.931,2023-03-18 03:00:01.931,com.sec.android.app.shealth,0,2599,1.276259,1937.56,101.88,R5wtjjS0Fd,com.sec.android.app.shealth,473b9f9e-c641-49c3-bf3d-21e134993ce8,1679011200000,
4d0d235f-9c53-4aff-8bf5-314b51a3eb4c.binning_data.json,2023-03-18 22:24:38.732,2023-03-18 11:35:32.436,com.sec.android.app.shealth,-2,10032,1.2979405,7528.2603,397.25,VfS0qUERdZ,com.sec.android.app.shealth,4d0d235f-9c53-4aff-8bf5-314b51a3eb4c,1679097600000,
1de643ba-d7d7-45cd-924f-fd1df0e95ea5.binning_data.json,2023-03-19 03:08:07.962,2023-03-19 03:08:07.962,com.sec.android.app.shealth,0,10032,1.2979405,7528.2603,397.25,R5wtjjS0Fd,com.sec.android.app.shealth,1de643ba-d7d7-45cd-924f-fd1df0e95ea5,1679097600000,
4fdf54b3-6e08-4561-8dec-02acd3e3fc7d.binning_data.json,2023-03-19 21:55:01.684,2023-03-19 17:55:21.695,com.sec.android.app.shealth,-2,269,1.1821753,175.92,11.55,VfS0qUERdZ,com.sec.android.app.shealth,4fdf54b3-6e08-4561-8dec-02acd3e3fc7d,1679184000000,
825809a2-f5b1-48de-94b4-94a8301f9016.binning_data.json,2023-03-20 04:53:11.385,2023-03-20 04:53:11.385,com.sec.android.app.shealth,0,269,1.1821753,175.92,11.55,R5wtjjS0Fd,com.sec.android.app.shealth,825809a2-f5b1-48de-94b4-94a8301f9016,1679184000000,
4e5c2c23-d17a-4f57-bab5-bd3b33ed06ed.binning_data.json,2023-03-21 00:11:41.435,2023-03-20 10:53:35.433,com.sec.android.app.shealth,-2,1716,1.2576395,1282.73,66.7,VfS0qUERdZ,com.sec.android.app.shealth,4e5c2c23-d17a-4f57-bab5-bd3b33ed06ed,1679270400000,
a646253a-e120-4bb8-9230-87aac49b69d3.binning_data.json,2023-03-21 03:39:32.263,2023-03-21 03:39:32.263,com.sec.android.app.shealth,0,1716,1.2576395,1282.73,66.7,R5wtjjS0Fd,com.sec.android.app.shealth,a646253a-e120-4bb8-9230-87aac49b69d3,1679270400000,
e66610df-5073-4f64-beae-48ccf77358cd.binning_data.json,2023-03-21 21:04:37.760,2023-03-21 11:40:23.220,com.sec.android.app.shealth,-2,6486,1.2757951,4863.1704,253.29996,VfS0qUERdZ,com.sec.android.app.shealth,e66610df-5073-4f64-beae-48ccf77358cd,1679356800000,
137bdf53-6fa2-4e74-abd9-a7d2e2b4dc24.binning_data.json,2023-03-22 04:40:33.283,2023-03-22 04:40:33.283,com.sec.android.app.shealth,0,6486,1.2757951,4863.1704,253.29996,R5wtjjS0Fd,com.sec.android.app.shealth,137bdf53-6fa2-4e74-abd9-a7d2e2b4dc24,1679356800000,
e61cbf1d-ddba-4fb6-ade0-eb69c6af8d1f.binning_data.json,2023-03-22 21:01:37.073,2023-03-22 09:49:37.795,com.sec.android.app.shealth,-2,1708,1.2114019,1248.55,66.0,VfS0qUERdZ,com.sec.android.app.shealth,e61cbf1d-ddba-4fb6-ade0-eb69c6af8d1f,1679443200000,
ae2640d3-8e83-4d47-b541-a39ba6b51208.binning_data.json,2023-03-23 03:00:03.358,2023-03-23 03:00:03.358,com.sec.android.app.shealth,0,1708,1.2114019,1248.55,66.0,R5wtjjS0Fd,com.sec.android.app.shealth,ae2640d3-8e83-4d47-b541-a39ba6b51208,1679443200000,
07885077-d264-48ee-9b27-b58028881bdd.binning_data.json,2023-03-23 22:35:02.822,2023-03-23 10:35:02.451,com.sec.android.app.shealth,-2,7551,1.2880228,5637.51,297.85,VfS0qUERdZ,com.sec.android.app.shealth,07885077-d264-48ee-9b27-b58028881bdd,1679529600000,
71983722-eeb9-41e2-8683-3eea13c27a1e.binning_data.json,2023-03-24 03:01:54.956,2023-03-24 03:01:54.956,com.sec.android.app.shealth,0,7551,1.2880228,5637.51,297.85,R5wtjjS0Fd,com.sec.android.app.shealth,71983722-eeb9-41e2-8683-3eea13c27a1e,1679529600000,
af497738-259b-44e7-b528-a4908f976833.binning_data.json,2023-03-24 23:15:01.513,2023-03-24 11:19:03.691,com.sec.android.app.shealth,-2,5512,1.291427,4126.32,217.64,VfS0qUERdZ,com.sec.android.app.shealth,af497738-259b-44e7-b528-a4908f976833,1679616000000,
58a8dd58-0f70-48c4-a16a-0752c8aa8902.binning_data.json,2023-03-25 03:27:59.181,2023-03-25 03:27:59.181,com.sec.android.app.shealth,0,5512,1.291427,4126.32,217.64,R5wtjjS0Fd,com.sec.android.app.shealth,58a8dd58-0f70-48c4-a16a-0752c8aa8902,1679616000000,
af785307-7374-4b9a-a4ac-7ab0dbb60038.binning_data.json,2023-03-25 19:55:46.866,2023-03-25 12:53:58.831,com.sec.android.app.shealth,-2,53,1.1013016,35.989998,1.95,VfS0qUERdZ,com.sec.android.app.shealth,af785307-7374-4b9a-a4ac-7ab0dbb60038,1679702400000,
dde6d11b-ea5f-4969-a79a-c10523dd0ed5.binning_data.json,2023-03-26 03:44:51.200,2023-03-26 03:44:51.200,com.sec.android.app.shealth,0,53,1.1013016,35.989998,1.95,R5wtjjS0Fd,com.sec.android.app.shealth,dde6d11b-ea5f-4969-a79a-c10523dd0ed5,1679702400000,
b96b2c10-96d1-4f9f-9fb2-2fd006af04c0.binning_data.json,2023-03-26 21:47:59.789,2023-03-26 11:15:01.655,com.sec.android.app.shealth,-2,2946,1.1954451,2178.27,113.78,VfS0qUERdZ,com.sec.android.app.shealth,b96b2c10-96d1-4f9f-9fb2-2fd006af04c0,1679788800000,
2dcfda39-a216-48c9-be0a-9ccf460e1555.binning_data.json,2023-03-27 03:40:45.637,2023-03-27 03:40:45.637,com.sec.android.app.shealth,0,2946,1.1954451,2178.27,113.78,R5wtjjS0Fd,com.sec.android.app.shealth,2dcfda39-a216-48c9-be0a-9ccf460e1555,1679788800000,
4a7ffef5-a38e-44de-a9f7-0700a1fb33ac.binning_data.json,2023-03-27 19:38:03.010,2023-03-27 12:15:02.881,com.sec.android.app.shealth,-2,4365,1.3900688,3264.74,153.72,VfS0qUERdZ,com.sec.android.app.shealth,4a7ffef5-a38e-44de-a9f7-0700a1fb33ac,1679875200000,
ce78df91-c461-4267-8dda-1e50429d6abf.binning_data.json,2023-03-28 03:00:45.143,2023-03-28 03:00:45.143,com.sec.android.app.shealth,0,4365,1.3900688,3264.74,153.72,R5wtjjS0Fd,com.sec.android.app.shealth,ce78df91-c461-4267-8dda-1e50429d6abf,1679875200000,
4e9517ff-ef93-43a5-937e-f79b281318d4.binning_data.json,2023-03-28 20:43:17.704,2023-03-28 11:15:01.937,com.sec.android.app.shealth,-2,5724,1.4296538,4318.42,193.12,VfS0qUERdZ,com.sec.android.app.shealth,4e9517ff-ef93-43a5-937e-f79b281318d4,1679961600000,
38fbc04d-7f12-4292-ae79-b3712a00875a.binning_data.json,2023-03-29 03:08:37.149,2023-03-29 03:08:37.149,com.sec.android.app.shealth,0,5724,1.4296538,4318.42,193.12,R5wtjjS0Fd,com.sec.android.app.shealth,38fbc04d-7f12-4292-ae79-b3712a00875a,1679961600000,
7433f0e1-e7d1-4ff4-8871-98a7b3588848.binning_data.json,2023-03-29 18:08:18.056,2023-03-29 09:15:06.143,com.sec.android.app.shealth,-2,4114,1.2862072,3077.89,158.31,VfS0qUERdZ,com.sec.android.app.shealth,7433f0e1-e7d1-4ff4-8871-98a7b3588848,1680048000000,
e2481336-4b71-4ba0-b1df-33d765be21c2.binning_data.json,2023-03-30 04:46:15.214,2023-03-30 04:46:15.214,com.sec.android.app.shealth,0,4114,1.2862072,3077.89,158.31,R5wtjjS0Fd,com.sec.android.app.shealth,e2481336-4b71-4ba0-b1df-33d765be21c2,1680048000000,
97fa4c80-70be-451f-852a-94fe9d137748.binning_data.json,2023-03-30 20:15:05.263,2023-03-30 15:34:34.022,com.sec.android.app.shealth,-2,181,0.9935547,124.850006,7.24,VfS0qUERdZ,com.sec.android.app.shealth,97fa4c80-70be-451f-852a-94fe9d137748,1680134400000,
6800a90e-2078-44e7-b25d-b045bf55707c.binning_data.json,2023-03-31 03:30:32.005,2023-03-31 03:30:32.005,com.sec.android.app.shealth,0,181,0.9935547,124.850006,7.24,R5wtjjS0Fd,com.sec.android.app.shealth,6800a90e-2078-44e7-b25d-b045bf55707c,1680134400000,
83570924-cd1c-402a-ac80-dd022a39e4c8.binning_data.json,2023-03-31 17:35:01.862,2023-03-31 10:41:42.697,com.sec.android.app.shealth,-2,8368,1.3227985,6289.68,329.92,VfS0qUERdZ,com.sec.android.app.shealth,83570924-cd1c-402a-ac80-dd022a39e4c8,1680220800000,
d5afcd35-cff7-46ad-aa27-6b10ab7a3de6.binning_data.json,2023-04-01 03:00:04.223,2023-04-01 03:00:04.223,com.sec.android.app.shealth,0,8368,1.3227985,6289.68,329.92,R5wtjjS0Fd,com.sec.android.app.shealth,d5afcd35-cff7-46ad-aa27-6b10ab7a3de6,1680220800000,
194f4732-721f-4c4b-90d5-9c5c57250403.binning_data.json,2023-04-01 23:57:16.187,2023-04-01 11:15:02.970,com.sec.android.app.shealth,-2,6894,1.3536838,5174.4497,272.84,VfS0qUERdZ,com.sec.android.app.shealth,194f4732-721f-4c4b-90d5-9c5c57250403,1680307200000,
ac4043c5-d0ce-4ae5-ac64-7498b36544f0.binning_data.json,2023-04-02 03:53:04.946,2023-04-02 03:53:04.946,com.sec.android.app.shealth,0,6894,1.3536838,5174.4497,272.84,R5wtjjS0Fd,com.sec.android.app.shealth,ac4043c5-d0ce-4ae5-ac64-7498b36544f0,1680307200000,
5adb8268-3da5-4327-baaf-e5d70ebe0331.binning_data.json,2023-04-02 22:54:01.680,2023-04-02 10:15:02.064,com.sec.android.app.shealth,-2,7312,1.3575654,5500.5,280.59,VfS0qUERdZ,com.sec.android.app.shealth,5adb8268-3da5-4327-baaf-e5d70ebe0331,1680393600000,
4315c165-93e5-4b9f-9f77-f2a901da688c.binning_data.json,2023-04-03 04:46:07.980,2023-04-03 04:46:07.980,com.sec.android.app.shealth,0,7312,1.3575654,5500.5,280.59,R5wtjjS0Fd,com.sec.android.app.shealth,4315c165-93e5-4b9f-9f77-f2a901da688c,1680393600000,
7fd29739-cca2-44bc-a2e0-7b8e0f410c4b.binning_data.json,2023-04-04 01:25:04.967,2023-04-03 11:55:01.890,com.sec.android.app.shealth,-2,1430,1.3074517,1065.95,52.34,VfS0qUERdZ,com.sec.android.app.shealth,7fd29739-cca2-44bc-a2e0-7b8e0f410c4b,1680480000000,
76685f32-8cd9-4d45-a7aa-951bd3f1a2d3.binning_data.json,2023-04-04 03:24:51.380,2023-04-04 03:24:51.380,com.sec.android.app.shealth,0,1430,1.3074517,1065.95,52.34,R5wtjjS0Fd,com.sec.android.app.shealth,76685f32-8cd9-4d45-a7aa-951bd3f1a2d3,1680480000000,
57d6e4f8-d502-46b1-a885-9327eff72fec.binning_data.json,2023-04-04 12:55:02.103,2023-04-04 11:16:53.851,com.sec.android.app.shealth,-2,1403,1.3817492,1056.76,47.05,VfS0qUERdZ,com.sec.android.app.shealth,57d6e4f8-d502-46b1-a885-9327eff72fec,1680566400000,
8d8f76fb-4ec9-4c3f-bb72-3c1133ad3e62.binning_data.json,2023-04-05 04:50:40.273,2023-04-05 04:50:40.273,com.sec.android.app.shealth,0,1403,1.3817492,1056.76,47.05,R5wtjjS0Fd,com.sec.android.app.shealth,8d8f76fb-4ec9-4c3f-bb72-3c1133ad3e62,1680566400000,
3575685a-5900-4d3f-83ed-802be837ef45.binning_data.json,2023-04-05 18:55:01.903,2023-04-05 09:55:03.163,com.sec.android.app.shealth,-2,2309,1.257715,1710.51,86.590004,VfS0qUERdZ,com.sec.android.app.shealth,3575685a-5900-4d3f-83ed-802be837ef45,1680652800000,
ef005508-8b8e-4958-be95-9ade8a472aea.binning_data.json,2023-04-06 04:18:42.826,2023-04-06 04:18:42.826,com.sec.android.app.shealth,0,2309,1.257715,1710.51,86.590004,R5wtjjS0Fd,com.sec.android.app.shealth,ef005508-8b8e-4958-be95-9ade8a472aea,1680652800000,
7ca362d1-f22e-4d6f-b356-7240ce3d3dfc.binning_data.json,2023-04-07 00:35:02.889,2023-04-06 13:15:01.263,com.sec.android.app.shealth,-2,2248,1.2675027,1659.75,87.29,VfS0qUERdZ,com.sec.android.app.shealth,7ca362d1-f22e-4d6f-b356-7240ce3d3dfc,1680739200000,
9e17a3e6-7fc8-4c94-bfb0-372b6aa662e4.binning_data.json,2023-04-07 03:18:31.482,2023-04-07 03:18:31.482,com.sec.android.app.shealth,0,2248,1.2675027,1659.75,87.29,R5wtjjS0Fd,com.sec.android.app.shealth,9e17a3e6-7fc8-4c94-bfb0-372b6aa662e4,1680739200000,
81e96315-c588-4a4b-b223-f2eced6b4e4c.binning_data.json,2023-04-07 22:15:02.463,2023-04-07 15:15:03.300,com.sec.android.app.shealth,-2,45,0.9978896,31.09,1.69,VfS0qUERdZ,com.sec.android.app.shealth,81e96315-c588-4a4b-b223-f2eced6b4e4c,1680825600000,
25decc29-aa07-470a-a7cf-da8865cc461f.binning_data.json,2023-04-08 04:14:38.791,2023-04-08 04:14:38.791,com.sec.android.app.shealth,0,45,0.9978896,31.09,1.69,R5wtjjS0Fd,com.sec.android.app.shealth,25decc29-aa07-470a-a7cf-da8865cc461f,1680825600000,
7b2378f0-c6d7-43b5-bd01-fe1bdc4ba8b0.binning_data.json,2023-04-08 18:23:12.770,2023-04-08 13:36:44.769,com.sec.android.app.shealth,-2,30,1.0915304,18.54,1.14,VfS0qUERdZ,com.sec.android.app.shealth,7b2378f0-c6d7-43b5-bd01-fe1bdc4ba8b0,1680912000000,
fdcdca89-0e93-4969-af3a-79d67e99efe0.binning_data.json,2023-04-09 03:00:02.011,2023-04-09 03:00:02.011,com.sec.android.app.shealth,0,30,1.0915304,18.54,1.14,R5wtjjS0Fd,com.sec.android.app.shealth,fdcdca89-0e93-4969-af3a-79d67e99efe0,1680912000000,
98a91fdb-ee01-45e1-b38a-1fa1f8af633e.binning_data.json,2023-04-09 20:51:40.570,2023-04-09 11:57:17.142,com.sec.android.app.shealth,-2,1052,1.2846972,762.32996,41.649998,VfS0qUERdZ,com.sec.android.app.shealth,98a91fdb-ee01-45e1-b38a-1fa1f8af633e,1680998400000,
323f3a02-638a-4898-8431-e2a2ce5f70b4.binning_data.json,2023-04-10 03:00:01.494,2023-04-10 03:00:01.494,com.sec.android.app.shealth,0,1052,1.2846972,762.32996,41.649998,R5wtjjS0Fd,com.sec.android.app.shealth,323f3a02-638a-4898-8431-e2a2ce5f70b4,1680998400000,
d61063b4-3d8a-4757-a9e0-83792f3f9fc8.binning_data.json,2023-04-10 21:15:01.126,2023-04-10 11:42:01.016,com.sec.android.app.shealth,-2,3782,1.3407583,2827.98,141.26,VfS0qUERdZ,com.sec.android.app.shealth,d61063b4-3d8a-4757-a9e0-83792f3f9fc8,1681084800000,
3d96f3e3-6a60-424f-bef4-25f509601509.binning_data.json,2023-04-11 03:56:51.511,2023-04-11 03:56:51.511,com.sec.android.app.shealth,0,3782,1.3407583,2827.98,141.26,R5wtjjS0Fd,com.sec.android.app.shealth,3d96f3e3-6a60-424f-bef4-25f509601509,1681084800000,
97f01cf7-6a02-4f48-9b45-4c3dbbd2194f.binning_data.json,2023-04-11 22:35:00.816,2023-04-11 12:02:20.813,com.sec.android.app.shealth,-2,425,1.1767706,306.05,16.24,VfS0qUERdZ,com.sec.android.app.shealth,97f01cf7-6a02-4f48-9b45-4c3dbbd2194f,1681171200000,
21eb1328-d0f7-4b6e-8de6-b20e3a84b512.binning_data.json,2023-04-12 03:00:01.795,2023-04-12 03:00:01.795,com.sec.android.app.shealth,0,425,1.1767706,306.05,16.24,R5wtjjS0Fd,com.sec.android.app.shealth,21eb1328-d0f7-4b6e-8de6-b20e3a84b512,1681171200000,
3f495d71-3e5b-400b-aa34-aba5a24100c4.binning_data.json,2023-04-12 15:05:14.514,2023-04-12 13:15:02.985,com.sec.android.app.shealth,-2,1679,1.2966945,1259.53,65.81,VfS0qUERdZ,com.sec.android.app.shealth,3f495d71-3e5b-400b-aa34-aba5a24100c4,1681257600000,
b61355df-c7fd-4485-b4d4-29213a9e2735.binning_data.json,2023-04-13 04:45:25.446,2023-04-13 04:45:25.446,com.sec.android.app.shealth,0,1679,1.2966945,1259.53,65.81,R5wtjjS0Fd,com.sec.android.app.shealth,b61355df-c7fd-4485-b4d4-29213a9e2735,1681257600000,
1b9ab7df-728b-43a0-acde-01af968be24f.binning_data.json,2023-04-13 22:07:42.940,2023-04-13 12:15:01.662,com.sec.android.app.shealth,-2,8923,1.359252,6712.69,329.87,VfS0qUERdZ,com.sec.android.app.shealth,1b9ab7df-728b-43a0-acde-01af968be24f,1681344000000,
0e704f6f-0b3b-4ebd-b3e2-6b314e47eecc.binning_data.json,2023-04-14 03:37:46.679,2023-04-14 03:37:46.679,com.sec.android.app.shealth,0,8923,1.359252,6712.69,329.87,R5wtjjS0Fd,com.sec.android.app.shealth,0e704f6f-0b3b-4ebd-b3e2-6b314e47eecc,1681344000000,
be7ccfe2-ee44-47a2-a568-f7fd42d3bcc9.binning_data.json,2023-04-14 19:15:46.002,2023-04-14 11:11:57.929,com.sec.android.app.shealth,-2,5346,1.3354244,4021.95,197.73,VfS0qUERdZ,com.sec.android.app.shealth,be7ccfe2-ee44-47a2-a568-f7fd42d3bcc9,1681430400000,
e7d733c7-6b99-47e7-8805-168161137362.binning_data.json,2023-04-15 03:00:01.674,2023-04-15 03:00:01.674,com.sec.android.app.shealth,0,5346,1.3354244,4021.95,197.73,R5wtjjS0Fd,com.sec.android.app.shealth,e7d733c7-6b99-47e7-8805-168161137362,1681430400000,
2a70a683-ff8c-46c8-a3ae-bacd63338e34.binning_data.json,2023-04-15 23:55:02.544,2023-04-15 13:35:02.720,com.sec.android.app.shealth,-2,2140,1.2227917,1569.21,85.229996,VfS0qUERdZ,com.sec.android.app.shealth,2a70a683-ff8c-46c8-a3ae-bacd63338e34,1681516800000,
1a70bac4-67ad-41f6-8a84-4e9857fb2b0a.binning_data.json,2023-04-16 03:00:01.678,2023-04-16 03:00:01.678,com.sec.android.app.shealth,0,2140,1.2227917,1569.21,85.229996,R5wtjjS0Fd,com.sec.android.app.shealth,1a70bac4-67ad-41f6-8a84-4e9857fb2b0a,1681516800000,
df23c7cb-9745-45d0-a35d-4c39efe3f296.binning_data.json,2023-04-16 16:35:01.366,2023-04-16 13:16:17.350,com.sec.android.app.shealth,-2,2499,1.2712928,1867.9,93.71,VfS0qUERdZ,com.sec.android.app.shealth,df23c7cb-9745-45d0-a35d-4c39efe3f296,1681603200000,
2e9b097d-2586-4197-b617-10513db11578.binning_data.json,2023-04-17 04:51:14.346,2023-04-17 04:51:14.346,com.sec.android.app.shealth,0,2499,1.2712928,1867.9,93.71,R5wtjjS0Fd,com.sec.android.app.shealth,2e9b097d-2586-4197-b617-10513db11578,1681603200000,
001dffba-0a22-43a3-be73-fc46943626f4.binning_data.json,2023-04-17 23:38:31.872,2023-04-17 13:37:27.103,com.sec.android.app.shealth,-2,2315,1.3467469,1697.33,84.17,VfS0qUERdZ,com.sec.android.app.shealth,001dffba-0a22-43a3-be73-fc46943626f4,1681689600000,
361ec178-de3c-44f5-af37-ce17fcc4f2f7.binning_data.json,2023-04-18 03:16:55.845,2023-04-18 03:16:55.845,com.sec.android.app.shealth,0,2315,1.3467469,1697.33,84.17,R5wtjjS0Fd,com.sec.android.app.shealth,361ec178-de3c-44f5-af37-ce17fcc4f2f7,1681689600000,
8c4b527b-9691-40c2-94ad-52a609b3b167.binning_data.json,2023-04-18 22:55:02.394,2023-04-18 12:15:04.731,com.sec.android.app.shealth,-2,3498,1.286444,2611.27,135.7,VfS0qUERdZ,com.sec.android.app.shealth,8c4b527b-9691-40c2-94ad-52a609b3b167,1681776000000,
a311a6ee-42e0-4d55-b1fa-5a3711dc5f70.binning_data.json,2023-04-19 03:00:02.107,2023-04-19 03:00:02.107,com.sec.android.app.shealth,0,3498,1.286444,2611.27,135.7,R5wtjjS0Fd,com.sec.android.app.shealth,a311a6ee-42e0-4d55-b1fa-5a3711dc5f70,1681776000000,
d666a159-3d09-4159-91b0-36b2893ed463.binning_data.json,2023-04-20 03:25:30.569,2023-04-19 10:55:01.790,com.sec.android.app.shealth,-2,8990,1.3743798,6730.92,332.18,VfS0qUERdZ,com.sec.android.app.shealth,d666a159-3d09-4159-91b0-36b2893ed463,1681862400000,
b6501a5c-3850-40cb-b77f-6881fb3505ce.binning_data.json,2023-04-20 03:25:24.445,2023-04-20 03:25:24.445,com.sec.android.app.shealth,0,8990,1.3743798,6730.92,332.18,R5wtjjS0Fd,com.sec.android.app.shealth,b6501a5c-3850-40cb-b77f-6881fb3505ce,1681862400000,
c547576c-9a91-49a3-9bdc-56d71e559243.binning_data.json,2023-04-20 21:55:02.016,2023-04-20 10:55:02.076,com.sec.android.app.shealth,-2,1507,1.314355,1128.63,59.1,VfS0qUERdZ,com.sec.android.app.shealth,c547576c-9a91-49a3-9bdc-56d71e559243,1681948800000,
b9f73e83-298d-41df-a9b0-400c2e83f1bc.binning_data.json,2023-04-21 04:37:00.533,2023-04-21 04:37:00.533,com.sec.android.app.shealth,0,1507,1.314355,1128.63,59.1,R5wtjjS0Fd,com.sec.android.app.shealth,b9f73e83-298d-41df-a9b0-400c2e83f1bc,1681948800000,
bf83ff07-6dca-4c8b-b020-083766603683.binning_data.json,2023-04-21 18:00:47.878,2023-04-21 12:17:39.615,com.sec.android.app.shealth,-2,33,1.0071207,22.27,1.25,VfS0qUERdZ,com.sec.android.app.shealth,bf83ff07-6dca-4c8b-b020-083766603683,1682035200000,
ec584e58-3d6a-4736-a2da-dcc771152e9a.binning_data.json,2023-04-22 03:00:01.485,2023-04-22 03:00:01.485,com.sec.android.app.shealth,0,33,1.0071207,22.27,1.25,R5wtjjS0Fd,com.sec.android.app.shealth,ec584e58-3d6a-4736-a2da-dcc771152e9a,1682035200000,
51a73334-4517-451a-b5d9-5c6e1cea672f.binning_data.json,2023-04-23 00:15:02.859,2023-04-22 13:26:35.905,com.sec.android.app.shealth,-2,880,1.2306219,649.69,33.44,VfS0qUERdZ,com.sec.android.app.shealth,51a73334-4517-451a-b5d9-5c6e1cea672f,1682121600000,
af3afc33-3dc9-45ab-86cc-5176f0da467b.binning_data.json,2023-04-23 03:40:34.119,2023-04-23 03:40:34.119,com.sec.android.app.shealth,0,880,1.2306219,649.69,33.44,R5wtjjS0Fd,com.sec.android.app.shealth,af3afc33-3dc9-45ab-86cc-5176f0da467b,1682121600000,
17e0ba0f-a1ad-4944-b15b-4943bcc4fe19.binning_data.json,2023-04-24 00:06:43.674,2023-04-23 18:19:43.810,com.sec.android.app.shealth,-2,698,1.2786438,520.49,26.380001,VfS0qUERdZ,com.sec.android.app.shealth,17e0ba0f-a1ad-4944-b15b-4943bcc4fe19,1682208000000,
090422a5-fe98-47b3-9102-bbc722dee201.binning_data.json,2023-04-24 03:59:27.441,2023-04-24 03:59:27.441,com.sec.android.app.shealth,0,698,1.2786438,520.49,26.380001,R5wtjjS0Fd,com.sec.android.app.shealth,090422a5-fe98-47b3-9102-bbc722dee201,1682208000000,
b24be6aa-2a59-4531-bb0a-50b21ad90b9d.binning_data.json,2023-04-24 14:17:00.272,2023-04-24 12:15:03.043,com.sec.android.app.shealth,-2,2104,1.2577357,1565.84,78.1,VfS0qUERdZ,com.sec.android.app.shealth,b24be6aa-2a59-4531-bb0a-50b21ad90b9d,1682294400000,
c1b84aa0-7c3d-4a67-aaa3-f24a026df7d1.binning_data.json,2023-04-25 03:30:40.464,2023-04-25 03:30:40.464,com.sec.android.app.shealth,0,2104,1.2577357,1565.84,78.1,R5wtjjS0Fd,com.sec.android.app.shealth,c1b84aa0-7c3d-4a67-aaa3-f24a026df7d1,1682294400000,
552c72c5-a083-4b8d-9819-3b7117edc8d4.binning_data.json,2023-04-25 21:20:59.928,2023-04-25 09:55:06.254,com.sec.android.app.shealth,-2,5748,1.2915592,4279.36,217.98,VfS0qUERdZ,com.sec.android.app.shealth,552c72c5-a083-4b8d-9819-3b7117edc8d4,1682380800000,
51327634-d77d-4ab2-9e0f-d78956dbffed.binning_data.json,2023-04-26 04:56:50.248,2023-04-26 04:56:50.248,com.sec.android.app.shealth,0,5748,1.2915592,4279.36,217.98,R5wtjjS0Fd,com.sec.android.app.shealth,51327634-d77d-4ab2-9e0f-d78956dbffed,1682380800000,
c7422424-df82-42cf-b89e-22b684f6fc8b.binning_data.json,2023-04-26 21:15:05.808,2023-04-26 11:15:02.841,com.sec.android.app.shealth,-2,6561,1.36716,4968.63,240.42,VfS0qUERdZ,com.sec.android.app.shealth,c7422424-df82-42cf-b89e-22b684f6fc8b,1682467200000,
8b7e13a6-2565-433c-a5cc-4c3cf8735790.binning_data.json,2023-04-27 03:24:07.381,2023-04-27 03:24:07.381,com.sec.android.app.shealth,0,6561,1.36716,4968.63,240.42,R5wtjjS0Fd,com.sec.android.app.shealth,8b7e13a6-2565-433c-a5cc-4c3cf8735790,1682467200000,
a049a823-e83d-4e89-bfff-698d76f2bda7.binning_data.json,2023-04-27 15:35:03.724,2023-04-27 11:35:02.233,com.sec.android.app.shealth,-2,4733,1.3094728,3534.45,175.53,VfS0qUERdZ,com.sec.android.app.shealth,a049a823-e83d-4e89-bfff-698d76f2bda7,1682553600000,
fc08900d-b46f-47e8-b97a-29f239c6b109.binning_data.json,2023-04-28 03:00:01.408,2023-04-28 03:00:01.408,com.sec.android.app.shealth,0,4733,1.3094728,3534.45,175.53,R5wtjjS0Fd,com.sec.android.app.shealth,fc08900d-b46f-47e8-b97a-29f239c6b109,1682553600000,
e29f5f32-8077-4024-8664-146d60274ad1.binning_data.json,2023-04-28 18:48:27.798,2023-04-28 10:15:05.280,com.sec.android.app.shealth,-2,5926,1.3522435,4477.3,205.42,VfS0qUERdZ,com.sec.android.app.shealth,e29f5f32-8077-4024-8664-146d60274ad1,1682640000000,
82696b4e-1721-44f2-ba18-0aeedbb9d632.binning_data.json,2023-04-29 03:54:49.012,2023-04-29 03:54:49.012,com.sec.android.app.shealth,0,5926,1.3522435,4477.3,205.42,R5wtjjS0Fd,com.sec.android.app.shealth,82696b4e-1721-44f2-ba18-0aeedbb9d632,1682640000000,
1b1fa89e-8b17-4602-a140-2cd807efd808.binning_data.json,2023-04-30 03:38:06.617,2023-04-29 11:35:01.690,com.sec.android.app.shealth,-2,1000,1.2167802,740.47,37.49,VfS0qUERdZ,com.sec.android.app.shealth,1b1fa89e-8b17-4602-a140-2cd807efd808,1682726400000,
b1695168-f916-49ad-946d-d37942bf831d.binning_data.json,2023-04-30 03:37:56.085,2023-04-30 03:37:56.085,com.sec.android.app.shealth,0,1000,1.2167802,740.47,37.49,R5wtjjS0Fd,com.sec.android.app.shealth,b1695168-f916-49ad-946d-d37942bf831d,1682726400000,
679362e4-c842-4bad-90f7-2bb41736c8c7.binning_data.json,2023-05-01 23:42:07.653,2023-05-01 16:51:19.330,com.sec.android.app.shealth,-2,91,0.96720946,65.090004,3.41,VfS0qUERdZ,com.sec.android.app.shealth,679362e4-c842-4bad-90f7-2bb41736c8c7,1682899200000,
7e05e951-f3a2-4d06-be53-80a59f0ead2b.binning_data.json,2023-05-02 04:19:59.370,2023-05-02 04:19:59.370,com.sec.android.app.shealth,0,91,0.96720946,65.090004,3.41,R5wtjjS0Fd,com.sec.android.app.shealth,7e05e951-f3a2-4d06-be53-80a59f0ead2b,1682899200000,
0bdf0694-b5de-419c-b6dd-1135edaa59ff.binning_data.json,2023-05-02 20:52:25.526,2023-05-02 11:30:47.774,com.sec.android.app.shealth,-2,2932,1.2954563,2187.68,107.17,VfS0qUERdZ,com.sec.android.app.shealth,0bdf0694-b5de-419c-b6dd-1135edaa59ff,1682985600000,
2bed2519-7258-486b-9105-facd1bd9fd2c.binning_data.json,2023-05-03 04:07:09.808,2023-05-03 04:07:09.808,com.sec.android.app.shealth,0,2932,1.2954563,2187.68,107.17,R5wtjjS0Fd,com.sec.android.app.shealth,2bed2519-7258-486b-9105-facd1bd9fd2c,1682985600000,
11522e82-9c6c-4cc8-a1d0-b6148f6e8d3c.binning_data.json,2023-05-03 15:55:02.109,2023-05-03 13:45:03.280,com.sec.android.app.shealth,-2,114,1.101718,79.04,4.25,VfS0qUERdZ,com.sec.android.app.shealth,11522e82-9c6c-4cc8-a1d0-b6148f6e8d3c,1683072000000,
b0a1638d-761a-4338-af0e-a980f0acf41f.binning_data.json,2023-05-04 04:37:59.020,2023-05-04 04:37:59.020,com.sec.android.app.shealth,0,114,1.101718,79.04,4.25,R5wtjjS0Fd,com.sec.android.app.shealth,b0a1638d-761a-4338-af0e-a980f0acf41f,1683072000000,
21798568-32b7-4fb6-b813-74c9646c25b0.binning_data.json,2023-05-04 21:54:57.596,2023-05-04 10:05:01.921,com.sec.android.app.shealth,-2,168,1.2954531,122.02,6.4199996,VfS0qUERdZ,com.sec.android.app.shealth,21798568-32b7-4fb6-b813-74c9646c25b0,1683158400000,
8b77d503-6df0-4bba-86fe-3fab01e71abe.binning_data.json,2023-05-05 03:00:01.454,2023-05-05 03:00:01.454,com.sec.android.app.shealth,0,168,1.2954531,122.02,6.4199996,R5wtjjS0Fd,com.sec.android.app.shealth,8b77d503-6df0-4bba-86fe-3fab01e71abe,1683158400000,
700cdcef-7bc0-470a-953f-85acefa7eecd.binning_data.json,2023-05-05 22:56:58.786,2023-05-05 13:05:03.192,com.sec.android.app.shealth,-2,91,1.0207057,66.020004,3.35,VfS0qUERdZ,com.sec.android.app.shealth,700cdcef-7bc0-470a-953f-85acefa7eecd,1683244800000,
244202ef-69be-49f4-a9a6-f1b7b558514c.binning_data.json,2023-05-06 04:19:02.714,2023-05-06 04:19:02.714,com.sec.android.app.shealth,0,91,1.0207057,66.020004,3.35,R5wtjjS0Fd,com.sec.android.app.shealth,244202ef-69be-49f4-a9a6-f1b7b558514c,1683244800000,
8bdf0bd2-9153-4323-804a-8f275a6be233.binning_data.json,2023-05-06 15:10:42.089,2023-05-06 15:10:42.089,com.sec.android.app.shealth,-2,26,1.3333333,19.54,0.94,VfS0qUERdZ,com.sec.android.app.shealth,8bdf0bd2-9153-4323-804a-8f275a6be233,1683331200000,
a81717de-4bca-4d8f-8b9d-cce992ce1d72.binning_data.json,2023-05-07 03:00:02.563,2023-05-07 03:00:02.563,com.sec.android.app.shealth,0,26,1.3333333,19.54,0.94,R5wtjjS0Fd,com.sec.android.app.shealth,a81717de-4bca-4d8f-8b9d-cce992ce1d72,1683331200000,
83c323b9-6acd-4e1c-8682-9f9dc297e38a.binning_data.json,2023-05-07 22:49:38.320,2023-05-07 12:55:03.378,com.sec.android.app.shealth,-2,71,1.1248171,52.05,2.57,VfS0qUERdZ,com.sec.android.app.shealth,83c323b9-6acd-4e1c-8682-9f9dc297e38a,1683417600000,
e4e88754-261b-4bea-8e79-e287318678ab.binning_data.json,2023-05-08 03:14:51.993,2023-05-08 03:14:51.993,com.sec.android.app.shealth,0,71,1.1248171,52.05,2.57,R5wtjjS0Fd,com.sec.android.app.shealth,e4e88754-261b-4bea-8e79-e287318678ab,1683417600000,
b8dde2c1-8abd-4bb8-b2c8-2482d3d00872.binning_data.json,2023-05-08 19:49:39.167,2023-05-08 09:15:02.767,com.sec.android.app.shealth,-2,2810,1.3167642,2083.07,104.86,VfS0qUERdZ,com.sec.android.app.shealth,b8dde2c1-8abd-4bb8-b2c8-2482d3d00872,1683504000000,
bb9ab103-cc2d-43ff-bd3e-7d32d59dad80.binning_data.json,2023-05-09 03:39:33.452,2023-05-09 03:39:33.452,com.sec.android.app.shealth,0,2810,1.3167642,2083.07,104.86,R5wtjjS0Fd,com.sec.android.app.shealth,bb9ab103-cc2d-43ff-bd3e-7d32d59dad80,1683504000000,
7a67bbb6-13ed-4bd8-9b36-4cc2e061446b.binning_data.json,2023-05-09 23:10:25.279,2023-05-09 10:55:02.043,com.sec.android.app.shealth,-2,1582,1.2612351,1177.6,61.86,VfS0qUERdZ,com.sec.android.app.shealth,7a67bbb6-13ed-4bd8-9b36-4cc2e061446b,1683590400000,
161e7a9d-2278-444f-946a-b4d8f8ee1d30.binning_data.json,2023-05-10 03:40:30.240,2023-05-10 03:40:30.240,com.sec.android.app.shealth,0,1582,1.2612351,1177.6,61.86,R5wtjjS0Fd,com.sec.android.app.shealth,161e7a9d-2278-444f-946a-b4d8f8ee1d30,1683590400000,
78d71fde-27e0-43db-84e3-7e925045d6da.binning_data.json,2023-05-10 15:55:05.227,2023-05-10 11:22:01.029,com.sec.android.app.shealth,-2,1535,1.3391616,1160.82,57.47,VfS0qUERdZ,com.sec.android.app.shealth,78d71fde-27e0-43db-84e3-7e925045d6da,1683676800000,
ea1734e6-20ac-4c51-aaa1-5c2c405d815c.binning_data.json,2023-05-11 03:00:01.469,2023-05-11 03:00:01.469,com.sec.android.app.shealth,0,1535,1.3391616,1160.82,57.47,R5wtjjS0Fd,com.sec.android.app.shealth,ea1734e6-20ac-4c51-aaa1-5c2c405d815c,1683676800000,
a1a98569-b3e5-4d1f-b140-94c6f2aa9f12.binning_data.json,2023-05-11 23:45:03.124,2023-05-11 14:15:04.689,com.sec.android.app.shealth,-2,7558,1.3376938,5697.3,287.51,VfS0qUERdZ,com.sec.android.app.shealth,a1a98569-b3e5-4d1f-b140-94c6f2aa9f12,1683763200000,
e73e1af1-f537-41ad-93c6-70cbcf13cf61.binning_data.json,2023-05-12 04:59:58.017,2023-05-12 04:59:58.017,com.sec.android.app.shealth,0,7558,1.3376938,5697.3,287.51,R5wtjjS0Fd,com.sec.android.app.shealth,e73e1af1-f537-41ad-93c6-70cbcf13cf61,1683763200000,
79fa5da2-dbc2-489c-876d-5146c53600d4.binning_data.json,2023-05-12 22:52:24.139,2023-05-12 10:17:50.684,com.sec.android.app.shealth,-2,5239,1.3897672,3961.92,184.11,VfS0qUERdZ,com.sec.android.app.shealth,79fa5da2-dbc2-489c-876d-5146c53600d4,1683849600000,
ab55e6ef-572a-4d1e-ac3d-18348d8e07a3.binning_data.json,2023-05-13 03:12:05.879,2023-05-13 03:12:05.879,com.sec.android.app.shealth,0,5239,1.3897672,3961.92,184.11,R5wtjjS0Fd,com.sec.android.app.shealth,ab55e6ef-572a-4d1e-ac3d-18348d8e07a3,1683849600000,
953de444-9b81-4bf8-a612-90b7861fbf6e.binning_data.json,2023-05-13 22:01:11.103,2023-05-13 22:01:11.103,com.sec.android.app.shealth,-2,29,1.1111112,16.35,1.09,VfS0qUERdZ,com.sec.android.app.shealth,953de444-9b81-4bf8-a612-90b7861fbf6e,1683936000000,
78cc3b75-6ace-4006-bebb-9139028cab01.binning_data.json,2023-05-14 03:00:01.513,2023-05-14 03:00:01.513,com.sec.android.app.shealth,0,29,1.1111112,16.35,1.09,R5wtjjS0Fd,com.sec.android.app.shealth,78cc3b75-6ace-4006-bebb-9139028cab01,1683936000000,
3d4079d1-ba6f-4bc2-acf0-f0d83df6d142.binning_data.json,2023-05-14 23:55:02.572,2023-05-14 11:06:35.758,com.sec.android.app.shealth,-2,1963,1.1827904,1445.03,76.56,VfS0qUERdZ,com.sec.android.app.shealth,3d4079d1-ba6f-4bc2-acf0-f0d83df6d142,1684022400000,
897e377e-1a4f-4f3d-9018-b574ad4b5a11.binning_data.json,2023-05-15 03:14:25.826,2023-05-15 03:14:25.826,com.sec.android.app.shealth,0,1963,1.1827904,1445.03,76.56,R5wtjjS0Fd,com.sec.android.app.shealth,897e377e-1a4f-4f3d-9018-b574ad4b5a11,1684022400000,
4a36fbb3-b91c-49cf-bad6-acb135d75231.binning_data.json,2023-05-15 22:37:24.996,2023-05-15 12:15:04.853,com.sec.android.app.shealth,-2,6574,1.370006,4983.95,234.52,VfS0qUERdZ,com.sec.android.app.shealth,4a36fbb3-b91c-49cf-bad6-acb135d75231,1684108800000,
b3bfb67e-421b-4efd-b9ba-4f45460671d9.binning_data.json,2023-05-16 03:00:01.787,2023-05-16 03:00:01.787,com.sec.android.app.shealth,0,6574,1.370006,4983.95,234.52,R5wtjjS0Fd,com.sec.android.app.shealth,b3bfb67e-421b-4efd-b9ba-4f45460671d9,1684108800000,
91dc67d6-d86a-4555-a0fb-ed431e1925e8.binning_data.json,2023-05-17 00:35:01.939,2023-05-16 10:55:01.017,com.sec.android.app.shealth,-2,1540,1.2868965,1150.96,60.35,VfS0qUERdZ,com.sec.android.app.shealth,91dc67d6-d86a-4555-a0fb-ed431e1925e8,1684195200000,
9ca675c0-4e0f-4518-bec4-9503d486055b.binning_data.json,2023-05-17 04:55:53.173,2023-05-17 04:55:53.173,com.sec.android.app.shealth,0,1540,1.2868965,1150.96,60.35,R5wtjjS0Fd,com.sec.android.app.shealth,9ca675c0-4e0f-4518-bec4-9503d486055b,1684195200000,
89a3c0d4-b6aa-4ea6-94f6-4ce46b3fe00e.binning_data.json,2023-05-17 20:55:03.379,2023-05-17 11:38:02.536,com.sec.android.app.shealth,-2,3562,1.3114257,2676.79,138.53,VfS0qUERdZ,com.sec.android.app.shealth,89a3c0d4-b6aa-4ea6-94f6-4ce46b3fe00e,1684281600000,
05693f17-be3e-430b-ba59-a3a83df79cf9.binning_data.json,2023-05-18 04:51:43.929,2023-05-18 04:51:43.929,com.sec.android.app.shealth,0,3562,1.3114257,2676.79,138.53,R5wtjjS0Fd,com.sec.android.app.shealth,05693f17-be3e-430b-ba59-a3a83df79cf9,1684281600000,
f5c35b91-ef78-4734-86db-8c1d63958d85.binning_data.json,2023-05-18 22:15:02.855,2023-05-18 11:51:01.907,com.sec.android.app.shealth,-2,1647,1.2469836,1225.22,64.07,VfS0qUERdZ,com.sec.android.app.shealth,f5c35b91-ef78-4734-86db-8c1d63958d85,1684368000000,
6b8e72ea-b321-44c4-84e4-8744f6a4d142.binning_data.json,2023-05-19 03:27:43.143,2023-05-19 03:27:43.143,com.sec.android.app.shealth,0,1647,1.2469836,1225.22,64.07,R5wtjjS0Fd,com.sec.android.app.shealth,6b8e72ea-b321-44c4-84e4-8744f6a4d142,1684368000000,
05d01506-6457-4304-be51-22bb798f0a60.binning_data.json,2023-05-19 22:15:01.646,2023-05-19 13:19:16.186,com.sec.android.app.shealth,-2,6352,1.3523275,4807.59,227.82,VfS0qUERdZ,com.sec.android.app.shealth,05d01506-6457-4304-be51-22bb798f0a60,1684454400000,
b670306d-9a0c-4fc0-a3a4-d9cca8af9c10.binning_data.json,2023-05-20 03:22:33.598,2023-05-20 03:22:33.598,com.sec.android.app.shealth,0,6352,1.3523275,4807.59,227.82,R5wtjjS0Fd,com.sec.android.app.shealth,b670306d-9a0c-4fc0-a3a4-d9cca8af9c10,1684454400000,
a9b52a80-4424-4747-89aa-f8c0c47fee77.binning_data.json,2023-05-20 14:35:03.210,2023-05-20 11:10:40.437,com.sec.android.app.shealth,-2,3910,1.3488528,2944.25,150.35,VfS0qUERdZ,com.sec.android.app.shealth,a9b52a80-4424-4747-89aa-f8c0c47fee77,1684540800000,
ecbc2806-6710-4490-a185-473269eb2fd5.binning_data.json,2023-05-21 03:47:53.744,2023-05-21 03:47:53.744,com.sec.android.app.shealth,0,3910,1.3488528,2944.25,150.35,R5wtjjS0Fd,com.sec.android.app.shealth,ecbc2806-6710-4490-a185-473269eb2fd5,1684540800000,
839676f9-eb61-4c3a-88e0-d21b8119810b.binning_data.json,2023-05-21 19:20:29.368,2023-05-21 11:35:02.126,com.sec.android.app.shealth,-2,110,1.0984418,80.22,4.09,VfS0qUERdZ,com.sec.android.app.shealth,839676f9-eb61-4c3a-88e0-d21b8119810b,1684627200000,
980dd8ca-a6e6-41f3-9b57-9940df3f3162.binning_data.json,2023-05-22 03:04:19.314,2023-05-22 03:04:19.314,com.sec.android.app.shealth,0,110,1.0984418,80.22,4.09,R5wtjjS0Fd,com.sec.android.app.shealth,980dd8ca-a6e6-41f3-9b57-9940df3f3162,1684627200000,
3b60f632-8584-4d6e-8f1a-19d71ad405a9.binning_data.json,2023-05-23 00:09:22.904,2023-05-22 12:35:03.545,com.sec.android.app.shealth,-2,1505,1.3341389,1133.69,59.69,VfS0qUERdZ,com.sec.android.app.shealth,3b60f632-8584-4d6e-8f1a-19d71ad405a9,1684713600000,
13af3ab2-18da-4571-a692-b07b49cb3dc8.binning_data.json,2023-05-23 03:52:43.654,2023-05-23 03:52:43.654,com.sec.android.app.shealth,0,1505,1.3341389,1133.69,59.69,R5wtjjS0Fd,com.sec.android.app.shealth,13af3ab2-18da-4571-a692-b07b49cb3dc8,1684713600000,
c7dc253a-06a4-41f9-a2c5-a77ee5c80751.binning_data.json,2023-05-23 23:22:03.825,2023-05-23 10:08:49.061,com.sec.android.app.shealth,-2,162,1.1537316,118.2,6.09,VfS0qUERdZ,com.sec.android.app.shealth,c7dc253a-06a4-41f9-a2c5-a77ee5c80751,1684800000000,
2f117615-0368-4bc8-a1be-38ded9cbf520.binning_data.json,2023-05-24 03:16:56.699,2023-05-24 03:16:56.699,com.sec.android.app.shealth,0,162,1.1537316,118.2,6.09,R5wtjjS0Fd,com.sec.android.app.shealth,2f117615-0368-4bc8-a1be-38ded9cbf520,1684800000000,
c81a25f8-91cf-4561-ba2e-c38a467eef76.binning_data.json,2023-05-24 19:55:02.202,2023-05-24 09:52:05.013,com.sec.android.app.shealth,-2,2784,1.2727833,2063.92,108.2,VfS0qUERdZ,com.sec.android.app.shealth,c81a25f8-91cf-4561-ba2e-c38a467eef76,1684886400000,
849888a7-7815-41a7-84e9-0720e83842bc.binning_data.json,2023-05-25 04:46:10.158,2023-05-25 04:46:10.158,com.sec.android.app.shealth,0,2784,1.2727833,2063.92,108.2,R5wtjjS0Fd,com.sec.android.app.shealth,849888a7-7815-41a7-84e9-0720e83842bc,1684886400000,
5154faf9-c08f-46fa-a981-293a260f9eb8.binning_data.json,2023-05-25 19:26:03.266,2023-05-25 11:35:01.651,com.sec.android.app.shealth,-2,896,1.1641986,658.84,34.21,VfS0qUERdZ,com.sec.android.app.shealth,5154faf9-c08f-46fa-a981-293a260f9eb8,1684972800000,
6a47dc56-e864-4faf-94b2-18601b6f21a7.binning_data.json,2023-05-26 04:23:54.118,2023-05-26 04:23:54.118,com.sec.android.app.shealth,0,896,1.1641986,658.84,34.21,R5wtjjS0Fd,com.sec.android.app.shealth,6a47dc56-e864-4faf-94b2-18601b6f21a7,1684972800000,
cd3c5e4f-6637-497b-b699-44f31705edbc.binning_data.json,2023-05-26 22:22:19.240,2023-05-26 11:49:40.075,com.sec.android.app.shealth,-2,8704,1.3268218,6553.68,329.59,VfS0qUERdZ,com.sec.android.app.shealth,cd3c5e4f-6637-497b-b699-44f31705edbc,1685059200000,
18df46c9-8644-4bbf-853e-305a27a58e98.binning_data.json,2023-05-27 04:02:08.408,2023-05-27 04:02:08.408,com.sec.android.app.shealth,0,8704,1.3268218,6553.68,329.59,R5wtjjS0Fd,com.sec.android.app.shealth,18df46c9-8644-4bbf-853e-305a27a58e98,1685059200000,
ff4652fa-00ab-4811-914e-84ca3c697d2b.binning_data.json,2023-05-28 02:13:00.463,2023-05-27 11:44:26.816,com.sec.android.app.shealth,-2,8567,1.3742527,6490.8,330.33,VfS0qUERdZ,com.sec.android.app.shealth,ff4652fa-00ab-4811-914e-84ca3c697d2b,1685145600000,
ab6cb41f-42a0-4766-b9ca-c50df89057a1.binning_data.json,2023-05-28 03:00:17.147,2023-05-28 03:00:17.147,com.sec.android.app.shealth,0,8567,1.3742527,6490.8,330.33,R5wtjjS0Fd,com.sec.android.app.shealth,ab6cb41f-42a0-4766-b9ca-c50df89057a1,1685145600000,
3224b96b-8a61-4fdd-a45f-fa0ba7f16701.binning_data.json,2023-05-28 14:11:39.825,2023-05-28 09:28:46.287,com.sec.android.app.shealth,-2,25,1.0394992,18.130001,0.92,VfS0qUERdZ,com.sec.android.app.shealth,3224b96b-8a61-4fdd-a45f-fa0ba7f16701,1685232000000,
9aa9253d-d2bc-48a6-bfff-dd739f479b6f.binning_data.json,2023-05-29 03:50:18.282,2023-05-29 03:50:18.282,com.sec.android.app.shealth,0,25,1.0394992,18.130001,0.92,R5wtjjS0Fd,com.sec.android.app.shealth,9aa9253d-d2bc-48a6-bfff-dd739f479b6f,1685232000000,
f9506c90-831d-429c-88c3-a49683766b98.binning_data.json,2023-05-29 23:55:38.363,2023-05-29 13:08:05.924,com.sec.android.app.shealth,-2,5500,1.3563194,4141.55,200.08,VfS0qUERdZ,com.sec.android.app.shealth,f9506c90-831d-429c-88c3-a49683766b98,1685318400000,
fcb0d781-3760-4002-96eb-8c10967d2c8c.binning_data.json,2023-05-30 03:00:04.071,2023-05-30 03:00:04.071,com.sec.android.app.shealth,0,5500,1.3563194,4141.55,200.08,R5wtjjS0Fd,com.sec.android.app.shealth,fcb0d781-3760-4002-96eb-8c10967d2c8c,1685318400000,
a1da83c9-9604-4235-81d6-15d2ff8f6c50.binning_data.json,2023-05-30 21:35:02.615,2023-05-30 13:27:10.062,com.sec.android.app.shealth,-2,6740,1.368534,5048.8,239.86,VfS0qUERdZ,com.sec.android.app.shealth,a1da83c9-9604-4235-81d6-15d2ff8f6c50,1685404800000,
5e6d9d42-b75c-4885-abf0-e0542eea7635.binning_data.json,2023-05-31 03:20:57.143,2023-05-31 03:20:57.143,com.sec.android.app.shealth,0,6740,1.368534,5048.8,239.86,R5wtjjS0Fd,com.sec.android.app.shealth,5e6d9d42-b75c-4885-abf0-e0542eea7635,1685404800000,
47465b82-79b8-4083-b4f3-ef90cb0cb937.binning_data.json,2023-05-31 19:11:37.631,2023-05-31 15:15:03.088,com.sec.android.app.shealth,-2,169,1.1335135,114.909996,6.8599997,VfS0qUERdZ,com.sec.android.app.shealth,47465b82-79b8-4083-b4f3-ef90cb0cb937,1685491200000,
a38593d1-5354-4db5-aae2-e9a46c667a19.binning_data.json,2023-06-01 04:55:45.368,2023-06-01 04:55:45.368,com.sec.android.app.shealth,0,169,1.1335135,114.909996,6.8599997,R5wtjjS0Fd,com.sec.android.app.shealth,a38593d1-5354-4db5-aae2-e9a46c667a19,1685491200000,
b1b8b987-8440-4cc5-a483-4e793967c734.binning_data.json,2023-06-01 22:32:57.233,2023-06-01 12:50:02.858,com.sec.android.app.shealth,-2,1744,1.3096777,1307.53,65.87,VfS0qUERdZ,com.sec.android.app.shealth,b1b8b987-8440-4cc5-a483-4e793967c734,1685577600000,
794cf279-e6aa-4f36-940a-4f43fd2b2b47.binning_data.json,2023-06-02 03:09:16.224,2023-06-02 03:09:16.224,com.sec.android.app.shealth,0,1744,1.3096777,1307.53,65.87,R5wtjjS0Fd,com.sec.android.app.shealth,794cf279-e6aa-4f36-940a-4f43fd2b2b47,1685577600000,
5be16c1b-d05f-4e2c-8374-55955458df57.binning_data.json,2023-06-02 21:35:01.813,2023-06-02 12:04:48.447,com.sec.android.app.shealth,-2,5472,1.3854578,4122.35,197.03,VfS0qUERdZ,com.sec.android.app.shealth,5be16c1b-d05f-4e2c-8374-55955458df57,1685664000000,
3add6790-891c-447b-afe2-197eb5a305be.binning_data.json,2023-06-03 03:00:02.516,2023-06-03 03:00:02.516,com.sec.android.app.shealth,0,5472,1.3854578,4122.35,197.03,R5wtjjS0Fd,com.sec.android.app.shealth,3add6790-891c-447b-afe2-197eb5a305be,1685664000000,
fe70cc4a-86f6-4291-b63d-6d17218f6cf0.binning_data.json,2023-06-04 00:55:02.548,2023-06-03 11:08:01.380,com.sec.android.app.shealth,-2,80,0.9678959,54.789997,3.28,VfS0qUERdZ,com.sec.android.app.shealth,fe70cc4a-86f6-4291-b63d-6d17218f6cf0,1685750400000,
02c340a6-7d48-458d-8028-7e127f75b3e7.binning_data.json,2023-06-04 03:56:35.717,2023-06-04 03:56:35.717,com.sec.android.app.shealth,0,80,0.9678959,54.789997,3.28,R5wtjjS0Fd,com.sec.android.app.shealth,02c340a6-7d48-458d-8028-7e127f75b3e7,1685750400000,
5e5eb5c1-a3fd-4c1f-a09c-25d6c52817ea.binning_data.json,2023-06-04 17:05:09.687,2023-06-04 13:15:01.852,com.sec.android.app.shealth,-2,66,1.2839352,46.07,2.4299998,VfS0qUERdZ,com.sec.android.app.shealth,5e5eb5c1-a3fd-4c1f-a09c-25d6c52817ea,1685836800000,
b4bef3e2-8fa8-4a32-950a-cb982eaaff79.binning_data.json,2023-06-05 03:49:13.799,2023-06-05 03:49:13.799,com.sec.android.app.shealth,0,66,1.2839352,46.07,2.4299998,R5wtjjS0Fd,com.sec.android.app.shealth,b4bef3e2-8fa8-4a32-950a-cb982eaaff79,1685836800000,
8c8a61ef-210f-4cf6-8874-9b74d6b84417.binning_data.json,2023-06-06 02:15:01.808,2023-06-05 10:03:23.660,com.sec.android.app.shealth,-2,1699,1.2727768,1267.4,67.38,VfS0qUERdZ,com.sec.android.app.shealth,8c8a61ef-210f-4cf6-8874-9b74d6b84417,1685923200000,
9bdcd6ad-f748-4ddc-b6c0-649178bffe33.binning_data.json,2023-06-06 03:00:02.377,2023-06-06 03:00:02.377,com.sec.android.app.shealth,0,1699,1.2727768,1267.4,67.38,R5wtjjS0Fd,com.sec.android.app.shealth,9bdcd6ad-f748-4ddc-b6c0-649178bffe33,1685923200000,
e069ee78-bf12-448d-afe0-7eb217bb7fa2.binning_data.json,2023-06-06 23:28:49.973,2023-06-06 07:38:21.850,com.sec.android.app.shealth,-2,5139,1.3177996,3851.9,194.77,VfS0qUERdZ,com.sec.android.app.shealth,e069ee78-bf12-448d-afe0-7eb217bb7fa2,1686009600000,
603b3175-2de8-49f0-a365-2a0369ab8018.binning_data.json,2023-06-07 03:31:36.642,2023-06-07 03:31:36.642,com.sec.android.app.shealth,0,5139,1.3177996,3851.9,194.77,R5wtjjS0Fd,com.sec.android.app.shealth,603b3175-2de8-49f0-a365-2a0369ab8018,1686009600000,
30b5ba1b-66ba-4346-90f4-3073ff677215.binning_data.json,2023-06-08 00:55:01.521,2023-06-07 11:36:44.005,com.sec.android.app.shealth,-2,1491,1.3317786,1120.23,56.64,VfS0qUERdZ,com.sec.android.app.shealth,30b5ba1b-66ba-4346-90f4-3073ff677215,1686096000000,
d1b808ad-94ae-4364-8dbd-b0366a7319e5.binning_data.json,2023-06-08 03:00:01.236,2023-06-08 03:00:01.236,com.sec.android.app.shealth,0,1491,1.3317786,1120.23,56.64,R5wtjjS0Fd,com.sec.android.app.shealth,d1b808ad-94ae-4364-8dbd-b0366a7319e5,1686096000000,
9948f1c6-c7e7-4632-989c-cb72de87059d.binning_data.json,2023-06-09 00:56:32.988,2023-06-08 14:02:48.045,com.sec.android.app.shealth,-2,80,1.1236167,54.32,3.12,VfS0qUERdZ,com.sec.android.app.shealth,9948f1c6-c7e7-4632-989c-cb72de87059d,1686182400000,
48b9dc7c-a8e9-40c1-a07e-e85cf5abf524.binning_data.json,2023-06-09 03:01:54.739,2023-06-09 03:01:54.739,com.sec.android.app.shealth,0,80,1.1236167,54.32,3.12,R5wtjjS0Fd,com.sec.android.app.shealth,48b9dc7c-a8e9-40c1-a07e-e85cf5abf524,1686182400000,
5e99cbd4-bf22-4729-bb56-f4a0cf05f6f5.binning_data.json,2023-06-10 02:29:18.432,2023-06-09 10:49:04.916,com.sec.android.app.shealth,-2,1554,1.3505257,1165.48,59.29,VfS0qUERdZ,com.sec.android.app.shealth,5e99cbd4-bf22-4729-bb56-f4a0cf05f6f5,1686268800000,
fe6ce832-3dea-4848-ba32-e314a6b61f3d.binning_data.json,2023-06-10 03:00:02.970,2023-06-10 03:00:02.970,com.sec.android.app.shealth,0,1554,1.3505257,1165.48,59.29,R5wtjjS0Fd,com.sec.android.app.shealth,fe6ce832-3dea-4848-ba32-e314a6b61f3d,1686268800000,
2d8c248e-4fec-4886-b743-775f92e792c1.binning_data.json,2023-06-11 01:35:00.980,2023-06-10 10:35:02.835,com.sec.android.app.shealth,-2,1093,1.3120819,825.25,38.88,VfS0qUERdZ,com.sec.android.app.shealth,2d8c248e-4fec-4886-b743-775f92e792c1,1686355200000,
0ae10c46-ac87-48ab-a71b-0c253150f9f5.binning_data.json,2023-06-11 03:00:01.705,2023-06-11 03:00:01.705,com.sec.android.app.shealth,0,1093,1.3120819,825.25,38.88,R5wtjjS0Fd,com.sec.android.app.shealth,0ae10c46-ac87-48ab-a71b-0c253150f9f5,1686355200000,
d5bd17e8-ff15-4968-8444-9963d04cb764.binning_data.json,2023-06-12 00:03:33.868,2023-06-11 11:15:02.604,com.sec.android.app.shealth,-2,67,1.0893933,47.63,2.7,VfS0qUERdZ,com.sec.android.app.shealth,d5bd17e8-ff15-4968-8444-9963d04cb764,1686441600000,
4339ec88-cb73-4c90-9abf-0f0ffc23c1d5.binning_data.json,2023-06-12 03:00:02.597,2023-06-12 03:00:02.597,com.sec.android.app.shealth,0,67,1.0893933,47.63,2.7,R5wtjjS0Fd,com.sec.android.app.shealth,4339ec88-cb73-4c90-9abf-0f0ffc23c1d5,1686441600000,
eacd5e2b-52c6-44d8-8593-b8ae139eef8c.binning_data.json,2023-06-12 22:36:03.896,2023-06-12 11:15:01.705,com.sec.android.app.shealth,-2,1498,1.2810372,1123.17,56.61,VfS0qUERdZ,com.sec.android.app.shealth,eacd5e2b-52c6-44d8-8593-b8ae139eef8c,1686528000000,
2dd1e603-cfc1-4780-8134-1487a23b3ef7.binning_data.json,2023-06-13 03:54:53.527,2023-06-13 03:54:53.527,com.sec.android.app.shealth,0,1498,1.2810372,1123.17,56.61,R5wtjjS0Fd,com.sec.android.app.shealth,2dd1e603-cfc1-4780-8134-1487a23b3ef7,1686528000000,
cdfb79b6-e999-49f9-b0da-2168c9a04204.binning_data.json,2023-06-13 22:55:01.409,2023-06-13 10:18:25.001,com.sec.android.app.shealth,-2,2371,1.3444886,1766.55,84.54,VfS0qUERdZ,com.sec.android.app.shealth,cdfb79b6-e999-49f9-b0da-2168c9a04204,1686614400000,
5b6551e3-9f89-4c4d-91f8-621be4866a68.binning_data.json,2023-06-14 03:00:04.023,2023-06-14 03:00:04.023,com.sec.android.app.shealth,0,2371,1.3444886,1766.55,84.54,R5wtjjS0Fd,com.sec.android.app.shealth,5b6551e3-9f89-4c4d-91f8-621be4866a68,1686614400000,
13d0d3d7-9776-4b4f-9670-7ae97324297e.binning_data.json,2023-06-14 18:35:03.224,2023-06-14 16:19:35.070,com.sec.android.app.shealth,-2,1243,1.2946286,909.94,45.65,VfS0qUERdZ,com.sec.android.app.shealth,13d0d3d7-9776-4b4f-9670-7ae97324297e,1686700800000,
8fab1d86-fe67-4ba2-a979-86072afa8052.binning_data.json,2023-06-15 04:13:25.201,2023-06-15 04:13:25.201,com.sec.android.app.shealth,0,1243,1.2946286,909.94,45.65,R5wtjjS0Fd,com.sec.android.app.shealth,8fab1d86-fe67-4ba2-a979-86072afa8052,1686700800000,
2db79de1-641a-4973-a12e-cf60b83939e0.binning_data.json,2023-06-15 21:54:05.691,2023-06-15 12:43:52.673,com.sec.android.app.shealth,-2,4031,1.3579582,3039.73,148.49,VfS0qUERdZ,com.sec.android.app.shealth,2db79de1-641a-4973-a12e-cf60b83939e0,1686787200000,
c06166ad-bbe5-4994-afed-6617af7873e0.binning_data.json,2023-06-16 03:00:01.882,2023-06-16 03:00:01.882,com.sec.android.app.shealth,0,4031,1.3579582,3039.73,148.49,R5wtjjS0Fd,com.sec.android.app.shealth,c06166ad-bbe5-4994-afed-6617af7873e0,1686787200000,
fbff5e7c-f771-4434-a8c9-c8fe85d593d2.binning_data.json,2023-06-16 20:58:25.062,2023-06-16 13:35:01.171,com.sec.android.app.shealth,-2,7616,1.3980126,5775.21,256.87,VfS0qUERdZ,com.sec.android.app.shealth,fbff5e7c-f771-4434-a8c9-c8fe85d593d2,1686873600000,
7d85f4cd-5ffc-45e8-88a4-bfd8f5fd6833.binning_data.json,2023-06-17 03:15:35.218,2023-06-17 03:15:35.218,com.sec.android.app.shealth,0,7616,1.3980126,5775.21,256.87,R5wtjjS0Fd,com.sec.android.app.shealth,7d85f4cd-5ffc-45e8-88a4-bfd8f5fd6833,1686873600000,
993cf9f2-3fb3-4e6a-a954-e1aa760f7ce5.binning_data.json,2023-06-18 00:55:01.056,2023-06-17 12:23:01.250,com.sec.android.app.shealth,-2,10421,1.4160106,7933.88,362.11,VfS0qUERdZ,com.sec.android.app.shealth,993cf9f2-3fb3-4e6a-a954-e1aa760f7ce5,1686960000000,
a113e835-5950-40d5-a4f4-432db215ebad.binning_data.json,2023-06-18 03:00:01.961,2023-06-18 03:00:01.961,com.sec.android.app.shealth,0,10421,1.4160106,7933.88,362.11,R5wtjjS0Fd,com.sec.android.app.shealth,a113e835-5950-40d5-a4f4-432db215ebad,1686960000000,
36e75ce2-effa-4e35-a044-015ef73e3341.binning_data.json,2023-06-18 16:15:34.522,2023-06-18 13:53:16.372,com.sec.android.app.shealth,-2,187,1.2625986,140.16,6.71,VfS0qUERdZ,com.sec.android.app.shealth,36e75ce2-effa-4e35-a044-015ef73e3341,1687046400000,
14d68c89-19ec-4d8e-94b5-8165b9e816e8.binning_data.json,2023-06-19 03:00:03.262,2023-06-19 03:00:03.262,com.sec.android.app.shealth,0,187,1.2625986,140.16,6.71,R5wtjjS0Fd,com.sec.android.app.shealth,14d68c89-19ec-4d8e-94b5-8165b9e816e8,1687046400000,
4f96eb65-2047-482f-985b-20c29184352b.binning_data.json,2023-06-19 21:43:59.264,2023-06-19 10:47:02.548,com.sec.android.app.shealth,-2,2121,1.3212976,1573.26,81.43,VfS0qUERdZ,com.sec.android.app.shealth,4f96eb65-2047-482f-985b-20c29184352b,1687132800000,
2eb83e80-bd7d-4dd6-92b7-6300fc24fb9f.binning_data.json,2023-06-20 03:00:01.886,2023-06-20 03:00:01.886,com.sec.android.app.shealth,0,2121,1.3212976,1573.26,81.43,R5wtjjS0Fd,com.sec.android.app.shealth,2eb83e80-bd7d-4dd6-92b7-6300fc24fb9f,1687132800000,
e0b1f860-9b33-430e-912e-dd9cf18a6fbf.binning_data.json,2023-06-20 18:35:02.133,2023-06-20 10:38:19.702,com.sec.android.app.shealth,-2,7466,1.361961,5662.75,284.63,VfS0qUERdZ,com.sec.android.app.shealth,e0b1f860-9b33-430e-912e-dd9cf18a6fbf,1687219200000,
edb0e3bc-8c55-4594-8685-aaa70b552245.binning_data.json,2023-06-21 03:00:01.958,2023-06-21 03:00:01.958,com.sec.android.app.shealth,0,7466,1.361961,5662.75,284.63,R5wtjjS0Fd,com.sec.android.app.shealth,edb0e3bc-8c55-4594-8685-aaa70b552245,1687219200000,
9dc34ee6-4a08-400e-872e-afed97697997.binning_data.json,2023-06-22 00:39:27.021,2023-06-21 16:15:02.574,com.sec.android.app.shealth,-2,65,0.99251795,44.4,2.45,VfS0qUERdZ,com.sec.android.app.shealth,9dc34ee6-4a08-400e-872e-afed97697997,1687305600000,
c3762c7f-1347-48d2-aff5-e73a4dc44991.binning_data.json,2023-06-22 03:00:02.189,2023-06-22 03:00:02.189,com.sec.android.app.shealth,0,65,0.99251795,44.4,2.45,R5wtjjS0Fd,com.sec.android.app.shealth,c3762c7f-1347-48d2-aff5-e73a4dc44991,1687305600000,
bdb6112a-de1a-4044-a32e-b7fd2e951d89.binning_data.json,2023-06-22 17:11:19.590,2023-06-22 15:35:03.659,com.sec.android.app.shealth,-2,1458,1.3712435,1097.32,54.19,VfS0qUERdZ,com.sec.android.app.shealth,bdb6112a-de1a-4044-a32e-b7fd2e951d89,1687392000000,
bbad5e15-e3b1-4349-8890-5adf28010106.binning_data.json,2023-06-23 03:00:02.179,2023-06-23 03:00:02.179,com.sec.android.app.shealth,0,1458,1.3712435,1097.32,54.19,R5wtjjS0Fd,com.sec.android.app.shealth,bbad5e15-e3b1-4349-8890-5adf28010106,1687392000000,
5ae8aac7-503e-44f9-92c9-fab75b5e3a09.binning_data.json,2023-06-23 18:44:54.862,2023-06-23 18:44:54.862,com.sec.android.app.shealth,-2,32,1.3055557,24.07,1.19,VfS0qUERdZ,com.sec.android.app.shealth,5ae8aac7-503e-44f9-92c9-fab75b5e3a09,1687478400000,
8b998876-1bb6-4cd3-bb6c-5f2a99c58e13.binning_data.json,2023-06-24 03:26:21.701,2023-06-24 03:26:21.701,com.sec.android.app.shealth,0,32,1.3055557,24.07,1.19,R5wtjjS0Fd,com.sec.android.app.shealth,8b998876-1bb6-4cd3-bb6c-5f2a99c58e13,1687478400000,
0a5c0389-18ce-4d59-88e0-f306c54bb74f.binning_data.json,2023-06-24 19:35:01.333,2023-06-24 11:03:28.689,com.sec.android.app.shealth,-2,2033,1.2479084,1507.16,75.67,VfS0qUERdZ,com.sec.android.app.shealth,0a5c0389-18ce-4d59-88e0-f306c54bb74f,1687564800000,
15f76616-f554-4c22-ae9a-cb05dcab458a.binning_data.json,2023-06-25 03:10:02.555,2023-06-25 03:10:02.555,com.sec.android.app.shealth,0,2033,1.2479084,1507.16,75.67,R5wtjjS0Fd,com.sec.android.app.shealth,15f76616-f554-4c22-ae9a-cb05dcab458a,1687564800000,
5b068b62-d194-4a3d-a227-3b2c1db85b31.binning_data.json,2023-06-26 02:55:02.544,2023-06-25 13:52:57.411,com.sec.android.app.shealth,-2,132,1.1934799,95.58,5.13,VfS0qUERdZ,com.sec.android.app.shealth,5b068b62-d194-4a3d-a227-3b2c1db85b31,1687651200000,
6925cf56-204c-482c-85d6-a9a5fb12f4d8.binning_data.json,2023-06-26 03:00:01.382,2023-06-26 03:00:01.382,com.sec.android.app.shealth,0,132,1.1934799,95.58,5.13,R5wtjjS0Fd,com.sec.android.app.shealth,6925cf56-204c-482c-85d6-a9a5fb12f4d8,1687651200000,
d47f156c-a60c-4d48-b780-512c577533bb.binning_data.json,2023-06-26 19:55:02.574,2023-06-26 12:45:02.088,com.sec.android.app.shealth,-2,2343,1.2895308,1754.47,91.38,VfS0qUERdZ,com.sec.android.app.shealth,d47f156c-a60c-4d48-b780-512c577533bb,1687737600000,
1ab5bde0-5b2b-4dd4-8f88-1ae18690b8ed.binning_data.json,2023-06-27 04:17:19.426,2023-06-27 04:17:19.426,com.sec.android.app.shealth,0,2343,1.2895308,1754.47,91.38,R5wtjjS0Fd,com.sec.android.app.shealth,1ab5bde0-5b2b-4dd4-8f88-1ae18690b8ed,1687737600000,
826a4413-bdff-4725-b5fc-83963f45798a.binning_data.json,2023-06-28 01:55:03.348,2023-06-27 12:25:01.779,com.sec.android.app.shealth,-2,3721,1.3046843,2771.55,145.8,VfS0qUERdZ,com.sec.android.app.shealth,826a4413-bdff-4725-b5fc-83963f45798a,1687824000000,
7bf26b58-efea-4ef7-988d-f18f7f913f03.binning_data.json,2023-06-28 03:49:01.581,2023-06-28 03:49:01.581,com.sec.android.app.shealth,0,3721,1.3046843,2771.55,145.8,R5wtjjS0Fd,com.sec.android.app.shealth,7bf26b58-efea-4ef7-988d-f18f7f913f03,1687824000000,
0c02f9af-da40-445e-bb51-9ef09c39f546.binning_data.json,2023-06-29 03:53:20.106,2023-06-28 13:15:02.897,com.sec.android.app.shealth,-2,1623,1.333655,1218.02,58.71,VfS0qUERdZ,com.sec.android.app.shealth,0c02f9af-da40-445e-bb51-9ef09c39f546,1687910400000,
4f9c8055-68b3-49c5-9b9d-afb8760227a0.binning_data.json,2023-06-29 03:53:11.560,2023-06-29 03:53:11.560,com.sec.android.app.shealth,0,1623,1.333655,1218.02,58.71,R5wtjjS0Fd,com.sec.android.app.shealth,4f9c8055-68b3-49c5-9b9d-afb8760227a0,1687910400000,
bef39cae-ab91-4d61-a3b1-c4c42d6970d7.binning_data.json,2023-06-29 23:35:02.300,2023-06-29 12:55:02.913,com.sec.android.app.shealth,-2,2679,1.257536,2001.75,97.8,VfS0qUERdZ,com.sec.android.app.shealth,bef39cae-ab91-4d61-a3b1-c4c42d6970d7,1687996800000,
8836209e-7467-47c6-b873-11b8925441aa.binning_data.json,2023-06-30 03:06:26.542,2023-06-30 03:06:26.542,com.sec.android.app.shealth,0,2679,1.257536,2001.75,97.8,R5wtjjS0Fd,com.sec.android.app.shealth,8836209e-7467-47c6-b873-11b8925441aa,1687996800000,
767c018e-789e-4c0d-89a4-d0bae40aacb6.binning_data.json,2023-07-01 00:47:01.680,2023-06-30 14:29:32.874,com.sec.android.app.shealth,-2,1543,1.3317343,1153.31,58.37,VfS0qUERdZ,com.sec.android.app.shealth,767c018e-789e-4c0d-89a4-d0bae40aacb6,1688083200000,
732713e8-fb5b-4ee3-a7a5-daf5075221cf.binning_data.json,2023-07-01 03:26:04.713,2023-07-01 03:26:04.713,com.sec.android.app.shealth,0,1543,1.3317343,1153.31,58.37,R5wtjjS0Fd,com.sec.android.app.shealth,732713e8-fb5b-4ee3-a7a5-daf5075221cf,1688083200000,
4b3b95b1-bd0e-4e08-ada7-7fa9ee030592.binning_data.json,2023-07-02 02:12:59.697,2023-07-01 13:04:52.942,com.sec.android.app.shealth,-2,5513,1.3468769,4164.45,200.24,VfS0qUERdZ,com.sec.android.app.shealth,4b3b95b1-bd0e-4e08-ada7-7fa9ee030592,1688169600000,
3664bc7c-5811-4a49-910f-022a2328c37e.binning_data.json,2023-07-02 03:00:01.515,2023-07-02 03:00:01.515,com.sec.android.app.shealth,0,5513,1.3468769,4164.45,200.24,R5wtjjS0Fd,com.sec.android.app.shealth,3664bc7c-5811-4a49-910f-022a2328c37e,1688169600000,
b1317e43-9f09-4443-9780-64d50e7ced90.binning_data.json,2023-07-02 22:12:27.760,2023-07-02 13:15:01.872,com.sec.android.app.shealth,-2,95,1.0543984,65.04,3.5,VfS0qUERdZ,com.sec.android.app.shealth,b1317e43-9f09-4443-9780-64d50e7ced90,1688256000000,
d9390c52-02ff-4f91-a01c-43015fef15eb.binning_data.json,2023-07-03 03:02:30.311,2023-07-03 03:02:30.311,com.sec.android.app.shealth,0,95,1.0543984,65.04,3.5,R5wtjjS0Fd,com.sec.android.app.shealth,d9390c52-02ff-4f91-a01c-43015fef15eb,1688256000000,
fae2bf3d-f206-48bd-9e49-d4e61bdd6669.binning_data.json,2023-07-03 22:35:02.597,2023-07-03 11:38:24.533,com.sec.android.app.shealth,-2,3771,1.3276173,2834.78,142.86,VfS0qUERdZ,com.sec.android.app.shealth,fae2bf3d-f206-48bd-9e49-d4e61bdd6669,1688342400000,
cfdc7931-1dff-480e-82bb-9bf9e5403898.binning_data.json,2023-07-04 03:00:01.769,2023-07-04 03:00:01.769,com.sec.android.app.shealth,0,3771,1.3276173,2834.78,142.86,R5wtjjS0Fd,com.sec.android.app.shealth,cfdc7931-1dff-480e-82bb-9bf9e5403898,1688342400000,
38485f27-3ab4-452d-a7e1-4d12720de64a.binning_data.json,2023-07-04 21:33:00.704,2023-07-04 12:55:03.408,com.sec.android.app.shealth,-2,2350,1.2887012,1723.87,89.51,VfS0qUERdZ,com.sec.android.app.shealth,38485f27-3ab4-452d-a7e1-4d12720de64a,1688428800000,
2ba31739-bbf8-47dd-916b-199b9b8c4e44.binning_data.json,2023-07-05 03:04:59.711,2023-07-05 03:04:59.711,com.sec.android.app.shealth,0,2350,1.2887012,1723.87,89.51,R5wtjjS0Fd,com.sec.android.app.shealth,2ba31739-bbf8-47dd-916b-199b9b8c4e44,1688428800000,
2d4eff2e-90dd-4b92-9467-b4ff55bc2a37.binning_data.json,2023-07-05 21:55:02.282,2023-07-05 12:15:01.719,com.sec.android.app.shealth,-2,45,0.9607098,31.86,1.8299999,VfS0qUERdZ,com.sec.android.app.shealth,2d4eff2e-90dd-4b92-9467-b4ff55bc2a37,1688515200000,
1fd034d1-e32c-4d09-8b8e-24c2c1f6eb66.binning_data.json,2023-07-06 03:00:01.634,2023-07-06 03:00:01.634,com.sec.android.app.shealth,0,45,0.9607098,31.86,1.8299999,R5wtjjS0Fd,com.sec.android.app.shealth,1fd034d1-e32c-4d09-8b8e-24c2c1f6eb66,1688515200000,
e8562c42-3e1d-480c-b448-451bdb2f9dea.binning_data.json,2023-07-06 22:35:03.593,2023-07-06 11:13:33.852,com.sec.android.app.shealth,-2,1741,1.3231426,1304.13,66.020004,VfS0qUERdZ,com.sec.android.app.shealth,e8562c42-3e1d-480c-b448-451bdb2f9dea,1688601600000,
1e172f22-dff2-4844-9726-d4d6ae749b8b.binning_data.json,2023-07-07 03:00:02.189,2023-07-07 03:00:02.189,com.sec.android.app.shealth,0,1741,1.3231426,1304.13,66.020004,R5wtjjS0Fd,com.sec.android.app.shealth,1e172f22-dff2-4844-9726-d4d6ae749b8b,1688601600000,
972efd1c-331c-4fb1-b1c4-b78731a4dd45.binning_data.json,2023-07-07 22:04:11.451,2023-07-07 11:52:43.702,com.sec.android.app.shealth,-2,2991,1.2166858,2201.07,113.47,VfS0qUERdZ,com.sec.android.app.shealth,972efd1c-331c-4fb1-b1c4-b78731a4dd45,1688688000000,
52234203-0f8d-4bbd-af67-f6e074ea9fca.binning_data.json,2023-07-08 03:00:03.617,2023-07-08 03:00:03.617,com.sec.android.app.shealth,0,2991,1.2166858,2201.07,113.47,R5wtjjS0Fd,com.sec.android.app.shealth,52234203-0f8d-4bbd-af67-f6e074ea9fca,1688688000000,
22e36d36-296f-4b5b-809e-27e7ae85d4d7.binning_data.json,2023-07-08 22:35:05.009,2023-07-08 11:01:45.524,com.sec.android.app.shealth,-2,3576,1.3729546,2713.71,127.52,VfS0qUERdZ,com.sec.android.app.shealth,22e36d36-296f-4b5b-809e-27e7ae85d4d7,1688774400000,
f61203e6-12b3-40fa-97e6-3b2a217998c1.binning_data.json,2023-07-09 03:00:01.765,2023-07-09 03:00:01.765,com.sec.android.app.shealth,0,3576,1.3729546,2713.71,127.52,R5wtjjS0Fd,com.sec.android.app.shealth,f61203e6-12b3-40fa-97e6-3b2a217998c1,1688774400000,
ce8a9bed-acd0-4ead-8f6e-6098e2b9bae0.binning_data.json,2023-07-10 01:30:16.183,2023-07-09 18:38:14.848,com.sec.android.app.shealth,-2,336,1.1537538,244.06,12.51,VfS0qUERdZ,com.sec.android.app.shealth,ce8a9bed-acd0-4ead-8f6e-6098e2b9bae0,1688860800000,
704f5dbe-bffa-4b69-a5fe-f6a2c824c2a4.binning_data.json,2023-07-10 03:00:01.379,2023-07-10 03:00:01.379,com.sec.android.app.shealth,0,336,1.1537538,244.06,12.51,R5wtjjS0Fd,com.sec.android.app.shealth,704f5dbe-bffa-4b69-a5fe-f6a2c824c2a4,1688860800000,
29e62d40-850b-4c5b-aa95-0ea9db7c0108.binning_data.json,2023-07-10 23:28:20.801,2023-07-10 10:59:40.701,com.sec.android.app.shealth,-2,2424,1.2334217,1776.18,93.42,VfS0qUERdZ,com.sec.android.app.shealth,29e62d40-850b-4c5b-aa95-0ea9db7c0108,1688947200000,
c8242d6a-d8c3-4887-afc5-0be1016b4521.binning_data.json,2023-07-11 03:00:02.299,2023-07-11 03:00:02.299,com.sec.android.app.shealth,0,2424,1.2334217,1776.18,93.42,R5wtjjS0Fd,com.sec.android.app.shealth,c8242d6a-d8c3-4887-afc5-0be1016b4521,1688947200000,
eb7a59bb-286a-4fd4-9373-2414d830c21d.binning_data.json,2023-07-12 00:35:58.902,2023-07-11 11:01:30.798,com.sec.android.app.shealth,-2,1519,1.3850393,1152.79,50.65,VfS0qUERdZ,com.sec.android.app.shealth,eb7a59bb-286a-4fd4-9373-2414d830c21d,1689033600000,
e87575ee-c366-44e3-9369-30aeb43ac711.binning_data.json,2023-07-12 03:00:02.261,2023-07-12 03:00:02.261,com.sec.android.app.shealth,0,1519,1.3850393,1152.79,50.65,R5wtjjS0Fd,com.sec.android.app.shealth,e87575ee-c366-44e3-9369-30aeb43ac711,1689033600000,
262865c3-edcc-4fbe-9809-74b14977a6ac.binning_data.json,2023-07-12 17:15:03.564,2023-07-12 13:15:03.658,com.sec.android.app.shealth,-2,2271,1.326976,1693.8201,83.15,VfS0qUERdZ,com.sec.android.app.shealth,262865c3-edcc-4fbe-9809-74b14977a6ac,1689120000000,
2ab54544-d52c-4ce7-bd16-6cd058dc5674.binning_data.json,2023-07-13 03:14:21.865,2023-07-13 03:14:21.865,com.sec.android.app.shealth,0,2271,1.326976,1693.8201,83.15,R5wtjjS0Fd,com.sec.android.app.shealth,2ab54544-d52c-4ce7-bd16-6cd058dc5674,1689120000000,
ae8a3a38-62a5-4013-abfd-a05ca9c0c90c.binning_data.json,2023-07-14 00:26:39.648,2023-07-13 14:37:00.197,com.sec.android.app.shealth,-2,149,1.1047764,108.25,5.51,VfS0qUERdZ,com.sec.android.app.shealth,ae8a3a38-62a5-4013-abfd-a05ca9c0c90c,1689206400000,
70aad6cb-fc96-465b-82ce-5a65dc13684b.binning_data.json,2023-07-14 03:00:01.420,2023-07-14 03:00:01.420,com.sec.android.app.shealth,0,149,1.1047764,108.25,5.51,R5wtjjS0Fd,com.sec.android.app.shealth,70aad6cb-fc96-465b-82ce-5a65dc13684b,1689206400000,
33f558cb-441b-4d71-9978-8a9f86e36ca4.binning_data.json,2023-07-14 21:05:23.514,2023-07-14 14:14:31.714,com.sec.android.app.shealth,-2,7716,1.416001,5870.51,255.19,VfS0qUERdZ,com.sec.android.app.shealth,33f558cb-441b-4d71-9978-8a9f86e36ca4,1689292800000,
62a7cbbd-832b-4754-8bc5-65fe56e2e7c5.binning_data.json,2023-07-15 03:36:18.560,2023-07-15 03:36:18.560,com.sec.android.app.shealth,0,7716,1.416001,5870.51,255.19,R5wtjjS0Fd,com.sec.android.app.shealth,62a7cbbd-832b-4754-8bc5-65fe56e2e7c5,1689292800000,
f0f9457a-333b-45a0-a722-669b42f84046.binning_data.json,2023-07-15 21:55:02.623,2023-07-15 13:21:20.906,com.sec.android.app.shealth,-2,773,1.2298058,556.64,30.51,VfS0qUERdZ,com.sec.android.app.shealth,f0f9457a-333b-45a0-a722-669b42f84046,1689379200000,
47c28c03-fd68-49ea-8dff-65e6981746d1.binning_data.json,2023-07-16 03:00:01.506,2023-07-16 03:00:01.506,com.sec.android.app.shealth,0,773,1.2298058,556.64,30.51,R5wtjjS0Fd,com.sec.android.app.shealth,47c28c03-fd68-49ea-8dff-65e6981746d1,1689379200000,
47f0bb65-8448-4067-b5de-c175f57f0932.binning_data.json,2023-07-16 19:14:07.515,2023-07-16 18:55:02.272,com.sec.android.app.shealth,-2,282,1.2517779,197.79001,11.14,VfS0qUERdZ,com.sec.android.app.shealth,47f0bb65-8448-4067-b5de-c175f57f0932,1689465600000,
5ebb1247-160a-4af6-8ead-72cffaaa2563.binning_data.json,2023-07-17 03:05:15.912,2023-07-17 03:05:15.912,com.sec.android.app.shealth,0,282,1.2517779,197.79001,11.14,R5wtjjS0Fd,com.sec.android.app.shealth,5ebb1247-160a-4af6-8ead-72cffaaa2563,1689465600000,
1ddac00f-c182-4548-8df7-e8259cdd353d.binning_data.json,2023-07-18 03:00:01.952,2023-07-17 10:48:09.369,com.sec.android.app.shealth,-2,55,1.0266185,38.98,2.06,VfS0qUERdZ,com.sec.android.app.shealth,1ddac00f-c182-4548-8df7-e8259cdd353d,1689552000000,
03d2fa36-d475-4cfd-968c-bb0f78087a39.binning_data.json,2023-07-18 03:00:01.393,2023-07-18 03:00:01.393,com.sec.android.app.shealth,0,55,1.0266185,38.98,2.06,R5wtjjS0Fd,com.sec.android.app.shealth,03d2fa36-d475-4cfd-968c-bb0f78087a39,1689552000000,
095f4f00-3c71-4597-8adb-a94e96e5ba1e.binning_data.json,2023-07-18 16:46:44.747,2023-07-18 14:30:20.728,com.sec.android.app.shealth,-2,1489,1.3830777,1125.5,51.94,VfS0qUERdZ,com.sec.android.app.shealth,095f4f00-3c71-4597-8adb-a94e96e5ba1e,1689638400000,
9ee579d3-e921-4008-b44b-857e9aab6762.binning_data.json,2023-07-19 03:44:16.066,2023-07-19 03:44:16.066,com.sec.android.app.shealth,0,1489,1.3830777,1125.5,51.94,R5wtjjS0Fd,com.sec.android.app.shealth,9ee579d3-e921-4008-b44b-857e9aab6762,1689638400000,
9607112f-a27b-4821-b3a7-a62d15ceec95.binning_data.json,2023-07-19 20:31:38.686,2023-07-19 13:30:54.734,com.sec.android.app.shealth,-2,3578,1.3506609,2687.43,127.96,VfS0qUERdZ,com.sec.android.app.shealth,9607112f-a27b-4821-b3a7-a62d15ceec95,1689724800000,
c79d75fe-21e0-45fe-a831-a57f56869220.binning_data.json,2023-07-20 03:00:01.753,2023-07-20 03:00:01.753,com.sec.android.app.shealth,0,3578,1.3506609,2687.43,127.96,R5wtjjS0Fd,com.sec.android.app.shealth,c79d75fe-21e0-45fe-a831-a57f56869220,1689724800000,
6d7300a9-de88-40a9-8700-eeb6c3b5e13b.binning_data.json,2023-07-20 20:23:35.087,2023-07-20 13:04:35.480,com.sec.android.app.shealth,-2,3886,1.2703367,2914.89,144.69,VfS0qUERdZ,com.sec.android.app.shealth,6d7300a9-de88-40a9-8700-eeb6c3b5e13b,1689811200000,
fcd6fe45-7fb8-46da-989d-b40999318926.binning_data.json,2023-07-21 03:00:02.360,2023-07-21 03:00:02.360,com.sec.android.app.shealth,0,3886,1.2703367,2914.89,144.69,R5wtjjS0Fd,com.sec.android.app.shealth,fcd6fe45-7fb8-46da-989d-b40999318926,1689811200000,
2c984cde-c58b-4eab-963a-85f33228b489.binning_data.json,2023-07-22 00:38:41.291,2023-07-21 12:34:13.367,com.sec.android.app.shealth,-2,2729,1.3268057,2047.76,102.29,VfS0qUERdZ,com.sec.android.app.shealth,2c984cde-c58b-4eab-963a-85f33228b489,1689897600000,
dee32a3c-3244-4861-83a1-654328f9f736.binning_data.json,2023-07-22 04:21:36.548,2023-07-22 04:21:36.548,com.sec.android.app.shealth,0,2729,1.3268057,2047.76,102.29,R5wtjjS0Fd,com.sec.android.app.shealth,dee32a3c-3244-4861-83a1-654328f9f736,1689897600000,
65c1f030-791e-4ef5-b0e0-16801d90aa73.binning_data.json,2023-07-22 21:35:01.506,2023-07-22 14:48:44.620,com.sec.android.app.shealth,-2,153,1.083586,112.28,5.65,VfS0qUERdZ,com.sec.android.app.shealth,65c1f030-791e-4ef5-b0e0-16801d90aa73,1689984000000,
2a03e94e-1d3c-40dc-8524-2af98b7287ba.binning_data.json,2023-07-23 03:00:02.200,2023-07-23 03:00:02.200,com.sec.android.app.shealth,0,153,1.083586,112.28,5.65,R5wtjjS0Fd,com.sec.android.app.shealth,2a03e94e-1d3c-40dc-8524-2af98b7287ba,1689984000000,
63bc638f-a1e5-4923-9b8a-383565409344.binning_data.json,2023-07-23 22:40:34.366,2023-07-23 10:55:02.425,com.sec.android.app.shealth,-2,214,1.097762,156.61,7.92,VfS0qUERdZ,com.sec.android.app.shealth,63bc638f-a1e5-4923-9b8a-383565409344,1690070400000,
5356716e-d2f5-47ad-9f5b-faa8336f24ff.binning_data.json,2023-07-24 04:02:22.023,2023-07-24 04:02:22.023,com.sec.android.app.shealth,0,214,1.097762,156.61,7.92,R5wtjjS0Fd,com.sec.android.app.shealth,5356716e-d2f5-47ad-9f5b-faa8336f24ff,1690070400000,
fe02ecae-1bff-4324-8b5a-f08adf047468.binning_data.json,2023-07-25 00:20:51.042,2023-07-24 10:44:41.350,com.sec.android.app.shealth,-2,2123,1.2535266,1571.33,80.99,VfS0qUERdZ,com.sec.android.app.shealth,fe02ecae-1bff-4324-8b5a-f08adf047468,1690156800000,
7dfe2ff7-9069-4052-bbec-ccd674b7ab40.binning_data.json,2023-07-25 03:00:01.807,2023-07-25 03:00:01.807,com.sec.android.app.shealth,0,2123,1.2535266,1571.33,80.99,R5wtjjS0Fd,com.sec.android.app.shealth,7dfe2ff7-9069-4052-bbec-ccd674b7ab40,1690156800000,
0de3c18d-4e42-4cfd-aabc-cb6d880f84e7.binning_data.json,2023-07-26 01:15:03.037,2023-07-25 11:35:02.513,com.sec.android.app.shealth,-2,4719,1.3125188,3558.09,182.0,VfS0qUERdZ,com.sec.android.app.shealth,0de3c18d-4e42-4cfd-aabc-cb6d880f84e7,1690243200000,
ec4bda92-743e-4d81-850b-5ef0a7860068.binning_data.json,2023-07-26 03:00:01.686,2023-07-26 03:00:01.686,com.sec.android.app.shealth,0,4719,1.3125188,3558.09,182.0,R5wtjjS0Fd,com.sec.android.app.shealth,ec4bda92-743e-4d81-850b-5ef0a7860068,1690243200000,
46512ba1-0de3-4649-8b11-1124c575e6d7.binning_data.json,2023-07-27 01:55:04.353,2023-07-26 10:18:37.268,com.sec.android.app.shealth,-2,411,1.1521695,298.41,15.6,VfS0qUERdZ,com.sec.android.app.shealth,46512ba1-0de3-4649-8b11-1124c575e6d7,1690329600000,
299ab0ee-605e-4ace-a778-c81224b1df68.binning_data.json,2023-07-27 03:09:04.867,2023-07-27 03:09:04.867,com.sec.android.app.shealth,0,411,1.1521695,298.41,15.6,R5wtjjS0Fd,com.sec.android.app.shealth,299ab0ee-605e-4ace-a778-c81224b1df68,1690329600000,
e982e772-07a3-45e5-a0e4-2ae5fe2583c8.binning_data.json,2023-07-28 00:31:12.125,2023-07-27 13:19:42.750,com.sec.android.app.shealth,-2,1592,1.3394196,1196.56,60.94,VfS0qUERdZ,com.sec.android.app.shealth,e982e772-07a3-45e5-a0e4-2ae5fe2583c8,1690416000000,
2de6e6f9-c78a-4211-bef4-114e62542a88.binning_data.json,2023-07-28 03:00:01.970,2023-07-28 03:00:01.970,com.sec.android.app.shealth,0,1592,1.3394196,1196.56,60.94,R5wtjjS0Fd,com.sec.android.app.shealth,2de6e6f9-c78a-4211-bef4-114e62542a88,1690416000000,
9dd9f2ac-4cd1-4037-85ab-f19d2e18cfe5.binning_data.json,2023-07-28 15:15:35.093,2023-07-28 13:35:01.198,com.sec.android.app.shealth,-2,5297,1.4280643,4059.7,204.32,VfS0qUERdZ,com.sec.android.app.shealth,9dd9f2ac-4cd1-4037-85ab-f19d2e18cfe5,1690502400000,
e12b967c-bf50-497b-ad14-086f8d568b57.binning_data.json,2023-07-29 04:50:54.788,2023-07-29 04:50:54.788,com.sec.android.app.shealth,0,5297,1.4280643,4059.7,204.32,R5wtjjS0Fd,com.sec.android.app.shealth,e12b967c-bf50-497b-ad14-086f8d568b57,1690502400000,
af6067bf-a2f5-4df2-b016-7a2f0222e0f9.binning_data.json,2023-07-30 00:29:23.521,2023-07-29 13:31:57.823,com.sec.android.app.shealth,-2,2889,1.3013368,2157.0,115.2,VfS0qUERdZ,com.sec.android.app.shealth,af6067bf-a2f5-4df2-b016-7a2f0222e0f9,1690588800000,
4ea00cbe-8530-417b-9aad-a445a19057e3.binning_data.json,2023-07-30 03:52:52.496,2023-07-30 03:52:52.496,com.sec.android.app.shealth,0,2889,1.3013368,2157.0,115.2,R5wtjjS0Fd,com.sec.android.app.shealth,4ea00cbe-8530-417b-9aad-a445a19057e3,1690588800000,
cf1b9b1f-e8f0-4863-a939-86214252878d.binning_data.json,2023-07-31 00:35:02.194,2023-07-30 09:55:02.627,com.sec.android.app.shealth,-2,165,1.0709118,119.45,6.17,VfS0qUERdZ,com.sec.android.app.shealth,cf1b9b1f-e8f0-4863-a939-86214252878d,1690675200000,
e5504098-d88c-4e9a-a4a1-1b012861a74a.binning_data.json,2023-07-31 03:44:50.413,2023-07-31 03:44:50.413,com.sec.android.app.shealth,0,165,1.0709118,119.45,6.17,R5wtjjS0Fd,com.sec.android.app.shealth,e5504098-d88c-4e9a-a4a1-1b012861a74a,1690675200000,
b63752ab-b1a3-4ac1-92d4-f6d0e16f31f7.binning_data.json,2023-08-01 00:36:38.496,2023-07-31 10:01:46.711,com.sec.android.app.shealth,-2,2210,1.26156,1644.14,87.28,VfS0qUERdZ,com.sec.android.app.shealth,b63752ab-b1a3-4ac1-92d4-f6d0e16f31f7,1690761600000,
da380d49-4c78-46a2-93c0-67f26e7c090d.binning_data.json,2023-08-01 03:00:06.121,2023-08-01 03:00:06.121,com.sec.android.app.shealth,0,2210,1.26156,1644.14,87.28,R5wtjjS0Fd,com.sec.android.app.shealth,da380d49-4c78-46a2-93c0-67f26e7c090d,1690761600000,
f804184f-a641-45cc-bada-5b790c1a5f81.binning_data.json,2023-08-01 21:00:45.636,2023-08-01 11:14:42.225,com.sec.android.app.shealth,-2,3183,1.316869,2395.54,122.08,VfS0qUERdZ,com.sec.android.app.shealth,f804184f-a641-45cc-bada-5b790c1a5f81,1690848000000,
5df70649-5904-493c-8539-770d7269fdb9.binning_data.json,2023-08-02 03:00:02.574,2023-08-02 03:00:02.574,com.sec.android.app.shealth,0,3183,1.316869,2395.54,122.08,R5wtjjS0Fd,com.sec.android.app.shealth,5df70649-5904-493c-8539-770d7269fdb9,1690848000000,
866497f7-94cc-4e94-9760-a6c8f2868905.binning_data.json,2023-08-02 23:55:01.965,2023-08-02 13:22:47.979,com.sec.android.app.shealth,-2,1508,1.3191969,1132.9,59.51,VfS0qUERdZ,com.sec.android.app.shealth,866497f7-94cc-4e94-9760-a6c8f2868905,1690934400000,
4de9cc39-69d1-430d-b72f-595b788a4254.binning_data.json,2023-08-03 03:00:01.413,2023-08-03 03:00:01.413,com.sec.android.app.shealth,0,1508,1.3191969,1132.9,59.51,R5wtjjS0Fd,com.sec.android.app.shealth,4de9cc39-69d1-430d-b72f-595b788a4254,1690934400000,
c4c95c92-3040-4fb5-9a04-ed5f235c23cd.binning_data.json,2023-08-03 22:29:49.452,2023-08-03 13:32:20.153,com.sec.android.app.shealth,-2,1980,1.2471008,1466.73,77.19,VfS0qUERdZ,com.sec.android.app.shealth,c4c95c92-3040-4fb5-9a04-ed5f235c23cd,1691020800000,
5c8bf7dd-9dbc-4cca-86d9-f702e7a3e394.binning_data.json,2023-08-04 03:31:18.708,2023-08-04 03:31:18.708,com.sec.android.app.shealth,0,1980,1.2471008,1466.73,77.19,R5wtjjS0Fd,com.sec.android.app.shealth,5c8bf7dd-9dbc-4cca-86d9-f702e7a3e394,1691020800000,
9e2ebd3b-a9a4-4c2f-9d71-c23edf9569aa.binning_data.json,2023-08-04 22:59:00.632,2023-08-04 13:05:02.697,com.sec.android.app.shealth,-2,3034,1.3141772,2257.35,122.83,VfS0qUERdZ,com.sec.android.app.shealth,9e2ebd3b-a9a4-4c2f-9d71-c23edf9569aa,1691107200000,
9b59aeb6-b90d-4585-bed2-3509d30cc0da.binning_data.json,2023-08-05 03:55:44.651,2023-08-05 03:55:44.651,com.sec.android.app.shealth,0,3034,1.3141772,2257.35,122.83,R5wtjjS0Fd,com.sec.android.app.shealth,9b59aeb6-b90d-4585-bed2-3509d30cc0da,1691107200000,
2e8adc99-5f54-4839-bb50-015129f4c4c4.binning_data.json,2023-08-06 02:01:26.691,2023-08-05 17:46:56.263,com.sec.android.app.shealth,-2,63,1.117083,46.649998,2.31,VfS0qUERdZ,com.sec.android.app.shealth,2e8adc99-5f54-4839-bb50-015129f4c4c4,1691193600000,
d9501992-a862-4ede-b8d5-6f0a23b5650e.binning_data.json,2023-08-06 03:00:01.712,2023-08-06 03:00:01.712,com.sec.android.app.shealth,0,63,1.117083,46.649998,2.31,R5wtjjS0Fd,com.sec.android.app.shealth,d9501992-a862-4ede-b8d5-6f0a23b5650e,1691193600000,
a64b4dbf-e44c-4480-9cc4-85842efa2e81.binning_data.json,2023-08-06 19:15:01.309,2023-08-06 14:58:45.625,com.sec.android.app.shealth,-2,70,1.1944551,45.590008,3.4600005,VfS0qUERdZ,com.sec.android.app.shealth,a64b4dbf-e44c-4480-9cc4-85842efa2e81,1691280000000,
7e163ca2-6f8a-4340-8942-22c1c8ac1058.binning_data.json,2023-08-07 03:50:30.520,2023-08-07 03:50:30.520,com.sec.android.app.shealth,0,70,1.1944551,45.590008,3.4600005,R5wtjjS0Fd,com.sec.android.app.shealth,7e163ca2-6f8a-4340-8942-22c1c8ac1058,1691280000000,
2e00e02b-95f6-4ace-b4b6-5466ea05b417.binning_data.json,2023-08-07 21:35:01.213,2023-08-07 12:35:01.955,com.sec.android.app.shealth,-2,4331,1.3914775,3288.92,164.33,VfS0qUERdZ,com.sec.android.app.shealth,2e00e02b-95f6-4ace-b4b6-5466ea05b417,1691366400000,
8f6e761b-8a67-4973-9161-4dd426992b95.binning_data.json,2023-08-08 03:00:02.608,2023-08-08 03:00:02.608,com.sec.android.app.shealth,0,4331,1.3914775,3288.92,164.33,R5wtjjS0Fd,com.sec.android.app.shealth,8f6e761b-8a67-4973-9161-4dd426992b95,1691366400000,
390b9345-2ccf-4446-861e-be288c6ce327.binning_data.json,2023-08-08 20:58:03.347,2023-08-08 11:55:02.751,com.sec.android.app.shealth,-2,1864,1.277289,1381.44,72.58,VfS0qUERdZ,com.sec.android.app.shealth,390b9345-2ccf-4446-861e-be288c6ce327,1691452800000,
e819d950-03d8-4c43-90fd-640d98175e4b.binning_data.json,2023-08-09 03:40:51.591,2023-08-09 03:40:51.591,com.sec.android.app.shealth,0,1864,1.277289,1381.44,72.58,R5wtjjS0Fd,com.sec.android.app.shealth,e819d950-03d8-4c43-90fd-640d98175e4b,1691452800000,
8c7b76d2-58cf-4451-88b8-ad956921c150.binning_data.json,2023-08-10 00:14:26.507,2023-08-09 08:29:54.127,com.sec.android.app.shealth,-2,2511,1.3179462,1895.46,95.45,VfS0qUERdZ,com.sec.android.app.shealth,8c7b76d2-58cf-4451-88b8-ad956921c150,1691539200000,
1b07e671-851b-46e3-b152-a52631f2859f.binning_data.json,2023-08-10 04:42:22.941,2023-08-10 04:42:22.941,com.sec.android.app.shealth,0,2511,1.3179462,1895.46,95.45,R5wtjjS0Fd,com.sec.android.app.shealth,1b07e671-851b-46e3-b152-a52631f2859f,1691539200000,
7ab94c7d-a862-4e14-b36c-6f41ce3e7409.binning_data.json,2023-08-10 21:52:24.237,2023-08-10 13:15:01.724,com.sec.android.app.shealth,-2,8991,1.3335233,6797.77,344.3,VfS0qUERdZ,com.sec.android.app.shealth,7ab94c7d-a862-4e14-b36c-6f41ce3e7409,1691625600000,
9d35203f-4934-45b5-a5a9-f7547ba9ff90.binning_data.json,2023-08-11 03:03:44.000,2023-08-11 03:03:44.000,com.sec.android.app.shealth,0,8991,1.3335233,6797.77,344.3,R5wtjjS0Fd,com.sec.android.app.shealth,9d35203f-4934-45b5-a5a9-f7547ba9ff90,1691625600000,
dca26323-867e-4352-9bd0-5ffcb949edc7.binning_data.json,2023-08-11 22:39:59.741,2023-08-11 11:35:00.649,com.sec.android.app.shealth,-2,2281,1.2674776,1686.48,89.72,VfS0qUERdZ,com.sec.android.app.shealth,dca26323-867e-4352-9bd0-5ffcb949edc7,1691712000000,
3bcfcaca-44b8-41ae-9951-7834edb64d68.binning_data.json,2023-08-12 03:24:26.469,2023-08-12 03:24:26.469,com.sec.android.app.shealth,0,2281,1.2674776,1686.48,89.72,R5wtjjS0Fd,com.sec.android.app.shealth,3bcfcaca-44b8-41ae-9951-7834edb64d68,1691712000000,
90dc86c4-c088-4b0b-8c2a-83b0a8fbb47e.binning_data.json,2023-08-12 23:15:02.946,2023-08-12 19:25:42.926,com.sec.android.app.shealth,-2,65,1.0524731,46.51,2.45,VfS0qUERdZ,com.sec.android.app.shealth,90dc86c4-c088-4b0b-8c2a-83b0a8fbb47e,1691798400000,
36bd59e0-a3d2-41a1-a7fc-c607b92af11e.binning_data.json,2023-08-13 03:53:16.629,2023-08-13 03:53:16.629,com.sec.android.app.shealth,0,65,1.0524731,46.51,2.45,R5wtjjS0Fd,com.sec.android.app.shealth,36bd59e0-a3d2-41a1-a7fc-c607b92af11e,1691798400000,
821bc744-2527-445e-8e03-09e583f1484d.binning_data.json,2023-08-13 20:06:53.370,2023-08-13 15:10:19.657,com.sec.android.app.shealth,-2,2490,1.2491268,1855.55,98.229996,VfS0qUERdZ,com.sec.android.app.shealth,821bc744-2527-445e-8e03-09e583f1484d,1691884800000,
4351205b-c0cb-4733-9247-2a120ddb36be.binning_data.json,2023-08-14 03:32:49.418,2023-08-14 03:32:49.418,com.sec.android.app.shealth,0,2490,1.2491268,1855.55,98.229996,R5wtjjS0Fd,com.sec.android.app.shealth,4351205b-c0cb-4733-9247-2a120ddb36be,1691884800000,
0e8e055d-de3d-4706-bfcb-c932231a062f.binning_data.json,2023-08-14 19:34:17.983,2023-08-14 15:35:02.267,com.sec.android.app.shealth,-2,1964,1.2789727,1452.55,77.45,VfS0qUERdZ,com.sec.android.app.shealth,0e8e055d-de3d-4706-bfcb-c932231a062f,1691971200000,
01856203-d5e9-4866-9f80-8b1876c9febd.binning_data.json,2023-08-15 03:49:23.916,2023-08-15 03:49:23.916,com.sec.android.app.shealth,0,1964,1.2789727,1452.55,77.45,R5wtjjS0Fd,com.sec.android.app.shealth,01856203-d5e9-4866-9f80-8b1876c9febd,1691971200000,
84b768a4-83af-41d9-b874-9392a16a62ab.binning_data.json,2023-08-15 20:35:01.598,2023-08-15 13:35:02.315,com.sec.android.app.shealth,-2,6760,1.3532848,5124.14,263.56,VfS0qUERdZ,com.sec.android.app.shealth,84b768a4-83af-41d9-b874-9392a16a62ab,1692057600000,
7bd27c48-e5f4-4c18-a7f6-2ea67111b809.binning_data.json,2023-08-16 04:29:15.330,2023-08-16 04:29:15.330,com.sec.android.app.shealth,0,6760,1.3532848,5124.14,263.56,R5wtjjS0Fd,com.sec.android.app.shealth,7bd27c48-e5f4-4c18-a7f6-2ea67111b809,1692057600000,
09a870cf-cbf8-4a4e-ae28-1e8b97ec0937.binning_data.json,2023-08-16 22:25:50.880,2023-08-16 13:38:23.195,com.sec.android.app.shealth,-2,1698,1.2804906,1273.62,66.31,VfS0qUERdZ,com.sec.android.app.shealth,09a870cf-cbf8-4a4e-ae28-1e8b97ec0937,1692144000000,
a252fb0d-f60d-4017-99d1-24d1a07a47a1.binning_data.json,2023-08-17 03:00:02.659,2023-08-17 03:00:02.659,com.sec.android.app.shealth,0,1698,1.2804906,1273.62,66.31,R5wtjjS0Fd,com.sec.android.app.shealth,a252fb0d-f60d-4017-99d1-24d1a07a47a1,1692144000000,
25549b44-4d84-494e-8238-af582f6f6698.binning_data.json,2023-08-17 17:18:15.943,2023-08-17 11:42:29.144,com.sec.android.app.shealth,-2,4175,1.3071848,3087.43,164.36,VfS0qUERdZ,com.sec.android.app.shealth,25549b44-4d84-494e-8238-af582f6f6698,1692230400000,
30095a1b-d4a5-4e88-8ee8-41a415ab2a5a.binning_data.json,2023-08-18 03:46:26.750,2023-08-18 03:46:26.750,com.sec.android.app.shealth,0,4175,1.3071848,3087.43,164.36,R5wtjjS0Fd,com.sec.android.app.shealth,30095a1b-d4a5-4e88-8ee8-41a415ab2a5a,1692230400000,
99698209-1779-4197-8a79-f6c0b20bc7e8.binning_data.json,2023-08-18 19:37:01.486,2023-08-18 13:15:03.074,com.sec.android.app.shealth,-2,3882,1.2283863,2870.08,152.53,VfS0qUERdZ,com.sec.android.app.shealth,99698209-1779-4197-8a79-f6c0b20bc7e8,1692316800000,
d56f6a9e-8aa2-43ad-92c8-93aebdcf1c46.binning_data.json,2023-08-19 03:07:09.940,2023-08-19 03:07:09.940,com.sec.android.app.shealth,0,3882,1.2283863,2870.08,152.53,R5wtjjS0Fd,com.sec.android.app.shealth,d56f6a9e-8aa2-43ad-92c8-93aebdcf1c46,1692316800000,
71e708fd-03de-4fb9-9686-22462de727ef.binning_data.json,2023-08-19 16:15:01.327,2023-08-19 14:52:37.988,com.sec.android.app.shealth,-2,387,1.2049688,284.66,14.78,VfS0qUERdZ,com.sec.android.app.shealth,71e708fd-03de-4fb9-9686-22462de727ef,1692403200000,
92713966-deb0-42f1-854f-88e93814d5e1.binning_data.json,2023-08-20 03:17:17.470,2023-08-20 03:17:17.470,com.sec.android.app.shealth,0,387,1.2049688,284.66,14.78,R5wtjjS0Fd,com.sec.android.app.shealth,92713966-deb0-42f1-854f-88e93814d5e1,1692403200000,
c1e77fd8-3e5f-4303-a863-e0d0dd1a49c1.binning_data.json,2023-08-20 14:15:11.524,2023-08-20 14:15:11.524,com.sec.android.app.shealth,-2,23,1.1388888,16.76,0.86,VfS0qUERdZ,com.sec.android.app.shealth,c1e77fd8-3e5f-4303-a863-e0d0dd1a49c1,1692489600000,
d4293fea-0d33-483b-b19d-d8097dec940c.binning_data.json,2023-08-21 03:00:01.667,2023-08-21 03:00:01.667,com.sec.android.app.shealth,0,23,1.1388888,16.76,0.86,R5wtjjS0Fd,com.sec.android.app.shealth,d4293fea-0d33-483b-b19d-d8097dec940c,1692489600000,
206ebdd8-1bdf-493a-bc59-1b82a95383d1.binning_data.json,2023-08-21 22:27:02.701,2023-08-21 14:45:02.625,com.sec.android.app.shealth,-2,1622,1.2629199,1200.49,64.0,VfS0qUERdZ,com.sec.android.app.shealth,206ebdd8-1bdf-493a-bc59-1b82a95383d1,1692576000000,
16fcae01-286c-4436-9825-cae4b164b4f0.binning_data.json,2023-08-22 03:09:01.043,2023-08-22 03:09:01.043,com.sec.android.app.shealth,0,1622,1.2629199,1200.49,64.0,R5wtjjS0Fd,com.sec.android.app.shealth,16fcae01-286c-4436-9825-cae4b164b4f0,1692576000000,
e5129013-8107-4b81-bb88-0ae500882f3b.binning_data.json,2023-08-23 00:41:58.238,2023-08-22 13:26:43.647,com.sec.android.app.shealth,-2,47,0.98273015,33.72,1.6899999,VfS0qUERdZ,com.sec.android.app.shealth,e5129013-8107-4b81-bb88-0ae500882f3b,1692662400000,
cc82e130-ce1b-4d80-8f2f-5945158e783b.binning_data.json,2023-08-23 03:28:49.657,2023-08-23 03:28:49.657,com.sec.android.app.shealth,0,47,0.98273015,33.72,1.6899999,R5wtjjS0Fd,com.sec.android.app.shealth,cc82e130-ce1b-4d80-8f2f-5945158e783b,1692662400000,
37bc7c37-7d66-41ce-960c-4143be2a1503.binning_data.json,2023-08-23 23:17:13.353,2023-08-23 11:52:46.711,com.sec.android.app.shealth,-2,5385,1.34164,3998.76,211.08,VfS0qUERdZ,com.sec.android.app.shealth,37bc7c37-7d66-41ce-960c-4143be2a1503,1692748800000,
52ca1aaa-8990-4f57-a781-d6afa78751b9.binning_data.json,2023-08-24 03:00:01.855,2023-08-24 03:00:01.855,com.sec.android.app.shealth,0,5385,1.34164,3998.76,211.08,R5wtjjS0Fd,com.sec.android.app.shealth,52ca1aaa-8990-4f57-a781-d6afa78751b9,1692748800000,
bd5d547b-f7ad-4c46-a776-103903dcf799.binning_data.json,2023-08-24 23:15:43.305,2023-08-24 11:18:57.131,com.sec.android.app.shealth,-2,1588,1.3106889,1188.32,59.73,VfS0qUERdZ,com.sec.android.app.shealth,bd5d547b-f7ad-4c46-a776-103903dcf799,1692835200000,
37424692-0492-4c0b-a374-802b0fe51ca4.binning_data.json,2023-08-25 03:04:52.676,2023-08-25 03:04:52.676,com.sec.android.app.shealth,0,1588,1.3106889,1188.32,59.73,R5wtjjS0Fd,com.sec.android.app.shealth,37424692-0492-4c0b-a374-802b0fe51ca4,1692835200000,
071ce8d2-80b4-49f1-a906-063596383997.binning_data.json,2023-08-25 23:00:24.929,2023-08-25 04:50:41.991,com.sec.android.app.shealth,-2,5916,1.2972435,4377.97,228.61,VfS0qUERdZ,com.sec.android.app.shealth,071ce8d2-80b4-49f1-a906-063596383997,1692921600000,
bbac8290-1a5c-463f-b69e-a681e9a66a63.binning_data.json,2023-08-26 04:58:19.325,2023-08-26 04:58:19.325,com.sec.android.app.shealth,0,5916,1.2972435,4377.97,228.61,R5wtjjS0Fd,com.sec.android.app.shealth,bbac8290-1a5c-463f-b69e-a681e9a66a63,1692921600000,
ed9432bc-65e8-4bd4-8353-fba67180aa86.binning_data.json,2023-08-26 15:49:36.161,2023-08-26 12:35:19.298,com.sec.android.app.shealth,-2,3512,1.3172479,2638.41,127.57,VfS0qUERdZ,com.sec.android.app.shealth,ed9432bc-65e8-4bd4-8353-fba67180aa86,1693008000000,
e333d200-e023-4e91-a98d-a40e3f5cef02.binning_data.json,2023-08-27 04:45:52.220,2023-08-27 04:45:52.220,com.sec.android.app.shealth,0,3512,1.3172479,2638.41,127.57,R5wtjjS0Fd,com.sec.android.app.shealth,e333d200-e023-4e91-a98d-a40e3f5cef02,1693008000000,
1f8cd20c-8163-439c-a9b4-22eebb6b08ba.binning_data.json,2023-08-27 22:25:01.893,2023-08-27 19:07:46.156,com.sec.android.app.shealth,-2,576,1.3150625,431.13998,21.38,VfS0qUERdZ,com.sec.android.app.shealth,1f8cd20c-8163-439c-a9b4-22eebb6b08ba,1693094400000,
fc4a96b9-74ff-4838-8e69-0b5a52285390.binning_data.json,2023-08-28 04:43:58.619,2023-08-28 04:43:58.619,com.sec.android.app.shealth,0,576,1.3150625,431.13998,21.38,R5wtjjS0Fd,com.sec.android.app.shealth,fc4a96b9-74ff-4838-8e69-0b5a52285390,1693094400000,
f246f243-4399-4d29-a0ea-d8f62dd3eb40.binning_data.json,2023-08-28 21:55:02.109,2023-08-28 11:22:19.141,com.sec.android.app.shealth,-2,8410,1.3280777,6312.82,312.11002,VfS0qUERdZ,com.sec.android.app.shealth,f246f243-4399-4d29-a0ea-d8f62dd3eb40,1693180800000,
ca7fa623-5208-42c5-a049-3fb8e0e29117.binning_data.json,2023-08-29 03:51:38.935,2023-08-29 03:51:38.935,com.sec.android.app.shealth,0,8410,1.3280777,6312.82,312.11002,R5wtjjS0Fd,com.sec.android.app.shealth,ca7fa623-5208-42c5-a049-3fb8e0e29117,1693180800000,
347d7ba8-08ea-496a-a558-ef4e89ab7bcb.binning_data.json,2023-08-29 17:03:03.508,2023-08-29 12:22:50.672,com.sec.android.app.shealth,-2,1558,1.285296,1156.41,59.68,VfS0qUERdZ,com.sec.android.app.shealth,347d7ba8-08ea-496a-a558-ef4e89ab7bcb,1693267200000,
82722025-aef3-43f0-8857-0082450957aa.binning_data.json,2023-08-30 03:33:06.741,2023-08-30 03:33:06.741,com.sec.android.app.shealth,0,1558,1.285296,1156.41,59.68,R5wtjjS0Fd,com.sec.android.app.shealth,82722025-aef3-43f0-8857-0082450957aa,1693267200000,
61050497-18ab-4893-9d4f-84205b473f12.binning_data.json,2023-08-30 22:02:12.832,2023-08-30 11:55:02.051,com.sec.android.app.shealth,-2,6977,1.3591497,5254.51,258.73,VfS0qUERdZ,com.sec.android.app.shealth,61050497-18ab-4893-9d4f-84205b473f12,1693353600000,
f847da61-fa16-430a-bdf3-873186981035.binning_data.json,2023-08-31 06:59:13.733,2023-08-31 06:59:13.733,com.sec.android.app.shealth,0,6977,1.3591497,5254.51,258.73,R5wtjjS0Fd,com.sec.android.app.shealth,f847da61-fa16-430a-bdf3-873186981035,1693353600000,
980c7cc5-d4f9-4203-beac-cc3462d9b866.binning_data.json,2023-08-31 22:35:01.756,2023-08-31 13:15:03.325,com.sec.android.app.shealth,-2,1532,1.2591068,1144.52,60.21,VfS0qUERdZ,com.sec.android.app.shealth,980c7cc5-d4f9-4203-beac-cc3462d9b866,1693440000000,
c1518eb4-6b7d-4c53-a0e1-25e9a2c4868c.binning_data.json,2023-09-01 03:00:02.403,2023-09-01 03:00:02.403,com.sec.android.app.shealth,0,1532,1.2591068,1144.52,60.21,R5wtjjS0Fd,com.sec.android.app.shealth,c1518eb4-6b7d-4c53-a0e1-25e9a2c4868c,1693440000000,
028f7829-62f2-4cb6-89c1-089d2ffd8e93.binning_data.json,2023-09-02 01:35:03.840,2023-09-01 11:35:01.880,com.sec.android.app.shealth,-2,3797,1.2500616,2807.5,147.2,VfS0qUERdZ,com.sec.android.app.shealth,028f7829-62f2-4cb6-89c1-089d2ffd8e93,1693526400000,
7e8a9c43-8e61-40fc-8501-b9bd3b7d0e1f.binning_data.json,2023-09-02 03:00:01.895,2023-09-02 03:00:01.895,com.sec.android.app.shealth,0,3797,1.2500616,2807.5,147.2,R5wtjjS0Fd,com.sec.android.app.shealth,7e8a9c43-8e61-40fc-8501-b9bd3b7d0e1f,1693526400000,
5141fc72-2015-4cfe-b410-4645a1b6286d.binning_data.json,2023-09-02 22:55:03.427,2023-09-02 11:35:02.830,com.sec.android.app.shealth,-2,4692,1.3651829,3481.62,173.24,VfS0qUERdZ,com.sec.android.app.shealth,5141fc72-2015-4cfe-b410-4645a1b6286d,1693612800000,
855ab208-fb97-475c-98be-3887867e5af1.binning_data.json,2023-09-03 03:00:01.787,2023-09-03 03:00:01.787,com.sec.android.app.shealth,0,4692,1.3651829,3481.62,173.24,R5wtjjS0Fd,com.sec.android.app.shealth,855ab208-fb97-475c-98be-3887867e5af1,1693612800000,
6e888cfe-7aef-4d2b-9f85-496001f2345b.binning_data.json,2023-09-03 22:15:01.815,2023-09-03 18:35:19.692,com.sec.android.app.shealth,-2,244,1.1392152,178.32,9.2,VfS0qUERdZ,com.sec.android.app.shealth,6e888cfe-7aef-4d2b-9f85-496001f2345b,1693699200000,
384ed1dc-1c5e-4a0a-950b-9e58e7e9624a.binning_data.json,2023-09-04 03:11:27.124,2023-09-04 03:11:27.124,com.sec.android.app.shealth,0,244,1.1392152,178.32,9.2,R5wtjjS0Fd,com.sec.android.app.shealth,384ed1dc-1c5e-4a0a-950b-9e58e7e9624a,1693699200000,
c4f229d0-034a-4c11-99d2-ae1e7fa9a72e.binning_data.json,2023-09-04 18:55:01.989,2023-09-04 13:15:01.854,com.sec.android.app.shealth,-2,1622,1.3199414,1217.45,61.97,VfS0qUERdZ,com.sec.android.app.shealth,c4f229d0-034a-4c11-99d2-ae1e7fa9a72e,1693785600000,
bb564a03-43c3-4d30-986c-8a1b37325836.binning_data.json,2023-09-05 04:51:40.204,2023-09-05 04:51:40.204,com.sec.android.app.shealth,0,1622,1.3199414,1217.45,61.97,R5wtjjS0Fd,com.sec.android.app.shealth,bb564a03-43c3-4d30-986c-8a1b37325836,1693785600000,
86a19c39-08fd-4527-bee0-3f33bb5d56ac.binning_data.json,2023-09-05 20:15:06.311,2023-09-05 13:55:02.741,com.sec.android.app.shealth,-2,4349,1.215587,3214.29,171.6,VfS0qUERdZ,com.sec.android.app.shealth,86a19c39-08fd-4527-bee0-3f33bb5d56ac,1693872000000,
7612b999-d0ac-4e09-9b34-a77faae0d20a.binning_data.json,2023-09-06 03:43:25.696,2023-09-06 03:43:25.696,com.sec.android.app.shealth,0,4349,1.215587,3214.29,171.6,R5wtjjS0Fd,com.sec.android.app.shealth,7612b999-d0ac-4e09-9b34-a77faae0d20a,1693872000000,
8e185bd8-4891-45e0-a744-382a80709271.binning_data.json,2023-09-06 20:49:05.616,2023-09-06 12:35:03.123,com.sec.android.app.shealth,-2,1611,1.245901,1187.08,64.47,VfS0qUERdZ,com.sec.android.app.shealth,8e185bd8-4891-45e0-a744-382a80709271,1693958400000,
bae56cc8-b8e7-4734-8413-44e407a70e50.binning_data.json,2023-09-07 03:00:03.608,2023-09-07 03:00:03.608,com.sec.android.app.shealth,0,1611,1.245901,1187.08,64.47,R5wtjjS0Fd,com.sec.android.app.shealth,bae56cc8-b8e7-4734-8413-44e407a70e50,1693958400000,
28aeb53c-c3d3-4bc1-8968-6110d3053384.binning_data.json,2023-09-07 14:15:03.081,2023-09-07 14:15:03.081,com.sec.android.app.shealth,-2,24,1.4166666,17.02,0.86,VfS0qUERdZ,com.sec.android.app.shealth,28aeb53c-c3d3-4bc1-8968-6110d3053384,1694044800000,
b0ce7807-9619-420f-a7b7-ad82893c86e8.binning_data.json,2023-09-08 04:04:11.209,2023-09-08 04:04:11.209,com.sec.android.app.shealth,0,24,1.4166666,17.02,0.86,R5wtjjS0Fd,com.sec.android.app.shealth,b0ce7807-9619-420f-a7b7-ad82893c86e8,1694044800000,
140fbde6-5ab7-4ade-9ab1-7f02043a9037.binning_data.json,2023-09-08 15:55:02.761,2023-09-08 14:57:32.908,com.sec.android.app.shealth,-2,263,1.1220425,192.51,9.97,VfS0qUERdZ,com.sec.android.app.shealth,140fbde6-5ab7-4ade-9ab1-7f02043a9037,1694131200000,
2b01347d-3fb1-48ce-ac07-62b79f69a422.binning_data.json,2023-09-09 06:39:38.881,2023-09-09 06:39:38.881,com.sec.android.app.shealth,0,263,1.1220425,192.51,9.97,R5wtjjS0Fd,com.sec.android.app.shealth,2b01347d-3fb1-48ce-ac07-62b79f69a422,1694131200000,
c86864c4-b49f-490c-89f1-94013a779c24.binning_data.json,2023-09-10 00:12:42.414,2023-09-09 12:35:02.477,com.sec.android.app.shealth,-2,1935,1.1816475,1430.94,73.86,VfS0qUERdZ,com.sec.android.app.shealth,c86864c4-b49f-490c-89f1-94013a779c24,1694217600000,
fa3167a8-ad4a-4d3a-95a2-604dc293d1c2.binning_data.json,2023-09-10 03:00:04.502,2023-09-10 03:00:04.502,com.sec.android.app.shealth,0,1935,1.1816475,1430.94,73.86,R5wtjjS0Fd,com.sec.android.app.shealth,fa3167a8-ad4a-4d3a-95a2-604dc293d1c2,1694217600000,
e3b371cd-b6cf-43b2-a13d-3671113d4859.binning_data.json,2023-09-10 22:15:02.757,2023-09-10 14:18:25.914,com.sec.android.app.shealth,-2,96,1.1507596,68.21,3.6100001,VfS0qUERdZ,com.sec.android.app.shealth,e3b371cd-b6cf-43b2-a13d-3671113d4859,1694304000000,
eac23765-7f9c-4d98-9ab0-af4fe6237284.binning_data.json,2023-09-11 04:18:40.294,2023-09-11 04:18:40.294,com.sec.android.app.shealth,0,96,1.1507596,68.21,3.6100001,R5wtjjS0Fd,com.sec.android.app.shealth,eac23765-7f9c-4d98-9ab0-af4fe6237284,1694304000000,
d2b9b770-9967-4526-8d5a-1cb1a137a997.binning_data.json,2023-09-11 22:15:02.670,2023-09-11 12:28:11.427,com.sec.android.app.shealth,-2,2034,1.1687585,1496.59,79.95,VfS0qUERdZ,com.sec.android.app.shealth,d2b9b770-9967-4526-8d5a-1cb1a137a997,1694390400000,
56f20be3-e0bf-4ede-99b3-d5c7e4979f37.binning_data.json,2023-09-12 03:53:14.871,2023-09-12 03:53:14.871,com.sec.android.app.shealth,0,2034,1.1687585,1496.59,79.95,R5wtjjS0Fd,com.sec.android.app.shealth,56f20be3-e0bf-4ede-99b3-d5c7e4979f37,1694390400000,
47bb477e-83f1-444c-8536-c41f92ce3736.binning_data.json,2023-09-12 22:14:20.801,2023-09-12 11:35:02.568,com.sec.android.app.shealth,-2,266,1.0514224,192.12,10.0199995,VfS0qUERdZ,com.sec.android.app.shealth,47bb477e-83f1-444c-8536-c41f92ce3736,1694476800000,
673ac3a8-0b6d-41cd-a923-7552298811a9.binning_data.json,2023-09-13 03:35:52.032,2023-09-13 03:35:52.032,com.sec.android.app.shealth,0,266,1.0514224,192.12,10.0199995,R5wtjjS0Fd,com.sec.android.app.shealth,673ac3a8-0b6d-41cd-a923-7552298811a9,1694476800000,
cc75ea39-01eb-4f6a-991e-bf61d4189162.binning_data.json,2023-09-13 16:05:51.400,2023-09-13 12:30:30.968,com.sec.android.app.shealth,-2,5964,1.2659459,4444.56,235.73999,VfS0qUERdZ,com.sec.android.app.shealth,cc75ea39-01eb-4f6a-991e-bf61d4189162,1694563200000,
9981cb6b-6763-43d9-8074-78741aa740d5.binning_data.json,2023-09-14 06:34:49.856,2023-09-14 06:34:49.856,com.sec.android.app.shealth,0,5964,1.2659459,4444.56,235.73999,R5wtjjS0Fd,com.sec.android.app.shealth,9981cb6b-6763-43d9-8074-78741aa740d5,1694563200000,
a155c8c8-cb5c-44ac-8e9c-eb2a972d81f4.binning_data.json,2023-09-14 22:55:02.351,2023-09-14 13:52:22.243,com.sec.android.app.shealth,-2,1655,1.2303591,1220.94,65.62,VfS0qUERdZ,com.sec.android.app.shealth,a155c8c8-cb5c-44ac-8e9c-eb2a972d81f4,1694649600000,
8b0c5acc-d8ee-4407-b567-021a2d995d95.binning_data.json,2023-09-15 03:00:02.180,2023-09-15 03:00:02.180,com.sec.android.app.shealth,0,1655,1.2303591,1220.94,65.62,R5wtjjS0Fd,com.sec.android.app.shealth,8b0c5acc-d8ee-4407-b567-021a2d995d95,1694649600000,
efeafcc7-44a8-4138-bd3a-4abf943953dc.binning_data.json,2023-09-15 16:45:51.325,2023-09-15 04:49:14.522,com.sec.android.app.shealth,-2,4032,1.2680001,3006.96,156.12,VfS0qUERdZ,com.sec.android.app.shealth,efeafcc7-44a8-4138-bd3a-4abf943953dc,1694736000000,
241ab408-aaeb-401f-add1-fe8db6ca31ab.binning_data.json,2023-09-16 03:00:01.789,2023-09-16 03:00:01.789,com.sec.android.app.shealth,0,4032,1.2680001,3006.96,156.12,R5wtjjS0Fd,com.sec.android.app.shealth,241ab408-aaeb-401f-add1-fe8db6ca31ab,1694736000000,
35e4e3db-4721-4e32-a55d-b639cf5af256.binning_data.json,2023-09-17 20:55:06.252,2023-09-17 10:15:02.369,com.sec.android.app.shealth,-2,2636,1.2154244,1943.79,101.01,VfS0qUERdZ,com.sec.android.app.shealth,35e4e3db-4721-4e32-a55d-b639cf5af256,1694908800000,
db41a9a0-d8f7-401f-bbab-7596a8a25f49.binning_data.json,2023-09-18 03:01:38.566,2023-09-18 03:01:38.566,com.sec.android.app.shealth,0,2636,1.2154244,1943.79,101.01,R5wtjjS0Fd,com.sec.android.app.shealth,db41a9a0-d8f7-401f-bbab-7596a8a25f49,1694908800000,
ef560078-dbf2-4f9d-9a02-6618d300a94b.binning_data.json,2023-09-18 21:26:06.540,2023-09-18 11:55:01.982,com.sec.android.app.shealth,-2,12707,1.3331922,9581.37,475.99,VfS0qUERdZ,com.sec.android.app.shealth,ef560078-dbf2-4f9d-9a02-6618d300a94b,1694995200000,
2455d723-1201-4b35-b8c4-e5e51f2f7b49.binning_data.json,2023-09-19 03:54:16.667,2023-09-19 03:54:16.667,com.sec.android.app.shealth,0,12707,1.3331922,9581.37,475.99,R5wtjjS0Fd,com.sec.android.app.shealth,2455d723-1201-4b35-b8c4-e5e51f2f7b49,1694995200000,
fcffd21d-3b62-452f-b073-c289a97ed83a.binning_data.json,2023-09-20 01:53:39.112,2023-09-19 10:26:49.238,com.sec.android.app.shealth,-2,9155,1.2889063,6851.02,351.17,VfS0qUERdZ,com.sec.android.app.shealth,fcffd21d-3b62-452f-b073-c289a97ed83a,1695081600000,
dfbb8791-208a-4476-9c8f-aa75f7b4217c.binning_data.json,2023-09-20 03:53:54.170,2023-09-20 03:53:54.170,com.sec.android.app.shealth,0,9155,1.2889063,6851.02,351.17,R5wtjjS0Fd,com.sec.android.app.shealth,dfbb8791-208a-4476-9c8f-aa75f7b4217c,1695081600000,
22516926-aee8-458d-ac56-26477313c376.binning_data.json,2023-09-21 02:15:01.817,2023-09-20 08:51:33.283,com.sec.android.app.shealth,-2,5503,1.2464995,4001.58,218.14,VfS0qUERdZ,com.sec.android.app.shealth,22516926-aee8-458d-ac56-26477313c376,1695168000000,
20e16e0c-4c02-4497-955b-79409ac68c48.binning_data.json,2023-09-21 03:52:03.917,2023-09-21 03:52:03.917,com.sec.android.app.shealth,0,5503,1.2464995,4001.58,218.14,R5wtjjS0Fd,com.sec.android.app.shealth,20e16e0c-4c02-4497-955b-79409ac68c48,1695168000000,
326107bf-7f61-4a25-944f-360d0e921318.binning_data.json,2023-09-21 22:15:07.236,2023-09-21 08:38:01.569,com.sec.android.app.shealth,-2,1642,1.2685236,1212.4,60.95,VfS0qUERdZ,com.sec.android.app.shealth,326107bf-7f61-4a25-944f-360d0e921318,1695254400000,
a3571546-e18f-452f-aedf-c786e72fde7a.binning_data.json,2023-09-22 03:00:02.677,2023-09-22 03:00:02.677,com.sec.android.app.shealth,0,1642,1.2685236,1212.4,60.95,R5wtjjS0Fd,com.sec.android.app.shealth,a3571546-e18f-452f-aedf-c786e72fde7a,1695254400000,
ee8e781c-fac5-4cda-86f6-ac35f9007621.binning_data.json,2023-09-24 01:15:03.804,2023-09-23 11:15:03.267,com.sec.android.app.shealth,-2,6487,1.308855,4848.54,248.81,VfS0qUERdZ,com.sec.android.app.shealth,ee8e781c-fac5-4cda-86f6-ac35f9007621,1695427200000,
1b5d5e7c-adfd-4fa1-a3fa-51268e973177.binning_data.json,2023-09-24 03:00:02.104,2023-09-24 03:00:02.104,com.sec.android.app.shealth,0,6487,1.308855,4848.54,248.81,R5wtjjS0Fd,com.sec.android.app.shealth,1b5d5e7c-adfd-4fa1-a3fa-51268e973177,1695427200000,
6f3af43a-1d58-4237-b4b6-6aed098c07ea.binning_data.json,2023-09-24 18:42:27.843,2023-09-24 10:50:51.960,com.sec.android.app.shealth,-2,73,0.99098253,52.14,2.81,VfS0qUERdZ,com.sec.android.app.shealth,6f3af43a-1d58-4237-b4b6-6aed098c07ea,1695513600000,
0081f807-5586-45b5-9345-15aeab88cc95.binning_data.json,2023-09-25 03:41:43.278,2023-09-25 03:41:43.278,com.sec.android.app.shealth,0,73,0.99098253,52.14,2.81,R5wtjjS0Fd,com.sec.android.app.shealth,0081f807-5586-45b5-9345-15aeab88cc95,1695513600000,
5b253b69-da0e-45e2-a729-4dd5d00639e6.binning_data.json,2023-09-26 04:26:24.791,2023-09-25 13:15:02.165,com.sec.android.app.shealth,-2,1648,1.2076681,1200.53,64.09,VfS0qUERdZ,com.sec.android.app.shealth,5b253b69-da0e-45e2-a729-4dd5d00639e6,1695600000000,
64964663-6824-40b4-a303-435b6d12c07c.binning_data.json,2023-09-26 04:26:15.419,2023-09-26 04:26:15.419,com.sec.android.app.shealth,0,1648,1.2076681,1200.53,64.09,R5wtjjS0Fd,com.sec.android.app.shealth,64964663-6824-40b4-a303-435b6d12c07c,1695600000000,
fd601f84-d251-4e1d-b27d-920bf03d8fdd.binning_data.json,2023-09-26 16:54:26.383,2023-09-26 12:34:37.980,com.sec.android.app.shealth,-2,4034,1.3181186,3035.2,146.9,VfS0qUERdZ,com.sec.android.app.shealth,fd601f84-d251-4e1d-b27d-920bf03d8fdd,1695686400000,
b4bef4fb-c8de-468d-9a90-9baeb6af6d37.binning_data.json,2023-09-27 04:09:11.024,2023-09-27 04:09:11.024,com.sec.android.app.shealth,0,4034,1.3181186,3035.2,146.9,R5wtjjS0Fd,com.sec.android.app.shealth,b4bef4fb-c8de-468d-9a90-9baeb6af6d37,1695686400000,
b30eed5f-a9c7-45b7-83a2-3fd0d8641b47.binning_data.json,2023-09-27 20:35:02.984,2023-09-27 09:55:01.182,com.sec.android.app.shealth,-2,3446,1.2155508,2533.25,134.99,VfS0qUERdZ,com.sec.android.app.shealth,b30eed5f-a9c7-45b7-83a2-3fd0d8641b47,1695772800000,
596a161d-cbdf-4a97-aef9-f99cfe5c51b5.binning_data.json,2023-09-28 03:00:02.823,2023-09-28 03:00:02.823,com.sec.android.app.shealth,0,3446,1.2155508,2533.25,134.99,R5wtjjS0Fd,com.sec.android.app.shealth,596a161d-cbdf-4a97-aef9-f99cfe5c51b5,1695772800000,
d6d79600-639d-4929-a496-24749c257016.binning_data.json,2023-09-28 14:55:05.216,2023-09-28 10:55:03.677,com.sec.android.app.shealth,-2,1340,1.2483964,997.46,52.37,VfS0qUERdZ,com.sec.android.app.shealth,d6d79600-639d-4929-a496-24749c257016,1695859200000,
1c8ad8cf-790e-4d9b-bceb-5bf6e82ad1c7.binning_data.json,2023-09-29 04:32:39.441,2023-09-29 04:32:39.441,com.sec.android.app.shealth,0,1340,1.2483964,997.46,52.37,R5wtjjS0Fd,com.sec.android.app.shealth,1c8ad8cf-790e-4d9b-bceb-5bf6e82ad1c7,1695859200000,
e9b8857d-3fa6-4aa7-9c27-702778394278.binning_data.json,2023-09-29 21:55:02.534,2023-09-29 14:50:21.054,com.sec.android.app.shealth,-2,1476,1.2447066,1089.27,57.14,VfS0qUERdZ,com.sec.android.app.shealth,e9b8857d-3fa6-4aa7-9c27-702778394278,1695945600000,
82cb47c6-4fb1-4005-92d6-7a0854643895.binning_data.json,2023-09-30 03:14:59.998,2023-09-30 03:14:59.998,com.sec.android.app.shealth,0,1476,1.2447066,1089.27,57.14,R5wtjjS0Fd,com.sec.android.app.shealth,82cb47c6-4fb1-4005-92d6-7a0854643895,1695945600000,
208569a4-4e93-4df9-bdda-91e17613227b.binning_data.json,2023-09-30 17:05:28.060,2023-09-30 12:35:04.416,com.sec.android.app.shealth,-2,1404,1.2178718,1014.56,55.7,VfS0qUERdZ,com.sec.android.app.shealth,208569a4-4e93-4df9-bdda-91e17613227b,1696032000000,
baba9612-0c75-4656-aff8-74dfdc01a045.binning_data.json,2023-10-01 03:31:11.603,2023-10-01 03:31:11.603,com.sec.android.app.shealth,0,1404,1.2178718,1014.56,55.7,R5wtjjS0Fd,com.sec.android.app.shealth,baba9612-0c75-4656-aff8-74dfdc01a045,1696032000000,
9b0ea17c-6f41-459d-8eaf-ee74976f5ee4.binning_data.json,2023-10-02 00:20:25.907,2023-10-01 14:15:01.621,com.sec.android.app.shealth,-2,130,1.0986285,94.78,4.84,VfS0qUERdZ,com.sec.android.app.shealth,9b0ea17c-6f41-459d-8eaf-ee74976f5ee4,1696118400000,
32c638bd-438f-43f3-8114-c981ff6fefbd.binning_data.json,2023-10-02 03:00:02.733,2023-10-02 03:00:02.733,com.sec.android.app.shealth,0,130,1.0986285,94.78,4.84,R5wtjjS0Fd,com.sec.android.app.shealth,32c638bd-438f-43f3-8114-c981ff6fefbd,1696118400000,
3ee3d7b7-6dd9-41f7-aa85-4b9d986abc18.binning_data.json,2023-10-02 22:35:01.979,2023-10-02 14:35:01.854,com.sec.android.app.shealth,-2,1483,1.324713,1113.39,56.62,VfS0qUERdZ,com.sec.android.app.shealth,3ee3d7b7-6dd9-41f7-aa85-4b9d986abc18,1696204800000,
ed9e6490-77dd-414a-b897-475d2af0754d.binning_data.json,2023-10-03 03:31:43.531,2023-10-03 03:31:43.531,com.sec.android.app.shealth,0,1483,1.324713,1113.39,56.62,R5wtjjS0Fd,com.sec.android.app.shealth,ed9e6490-77dd-414a-b897-475d2af0754d,1696204800000,
4122f627-01ce-49dc-8834-2771a1462e2c.binning_data.json,2023-10-03 17:14:53.656,2023-10-03 14:11:08.222,com.sec.android.app.shealth,-2,1430,1.2927612,1069.79,56.579998,VfS0qUERdZ,com.sec.android.app.shealth,4122f627-01ce-49dc-8834-2771a1462e2c,1696291200000,
70072812-24c0-4ac1-b7d2-3babc8af2d78.binning_data.json,2023-10-04 03:00:02.342,2023-10-04 03:00:02.342,com.sec.android.app.shealth,0,1430,1.2927612,1069.79,56.579998,R5wtjjS0Fd,com.sec.android.app.shealth,70072812-24c0-4ac1-b7d2-3babc8af2d78,1696291200000,
47cd031a-a013-4c0e-bb48-21c2f0741469.binning_data.json,2023-10-04 22:50:49.658,2023-10-04 12:57:18.295,com.sec.android.app.shealth,-2,2425,1.242924,1804.57,94.03,VfS0qUERdZ,com.sec.android.app.shealth,47cd031a-a013-4c0e-bb48-21c2f0741469,1696377600000,
29549e77-687f-43f4-81d2-5d5bbd9ad9c6.binning_data.json,2023-10-05 04:16:07.059,2023-10-05 04:16:07.059,com.sec.android.app.shealth,0,2425,1.242924,1804.57,94.03,R5wtjjS0Fd,com.sec.android.app.shealth,29549e77-687f-43f4-81d2-5d5bbd9ad9c6,1696377600000,
d1a09c63-a029-4e8e-bd66-a8013f36f79b.binning_data.json,2023-10-06 00:15:01.987,2023-10-05 08:58:24.917,com.sec.android.app.shealth,-2,1655,1.2429119,1229.84,64.73,VfS0qUERdZ,com.sec.android.app.shealth,d1a09c63-a029-4e8e-bd66-a8013f36f79b,1696464000000,
137a0e75-9df0-4af5-beba-a4fcdd05511b.binning_data.json,2023-10-06 03:00:07.342,2023-10-06 03:00:07.342,com.sec.android.app.shealth,0,1655,1.2429119,1229.84,64.73,R5wtjjS0Fd,com.sec.android.app.shealth,137a0e75-9df0-4af5-beba-a4fcdd05511b,1696464000000,
bdf43b1e-f9c6-44fa-80b3-92079f5d48c1.binning_data.json,2023-10-06 19:38:13.739,2023-10-06 11:45:48.214,com.sec.android.app.shealth,-2,4871,1.3112339,3651.91,191.84,VfS0qUERdZ,com.sec.android.app.shealth,bdf43b1e-f9c6-44fa-80b3-92079f5d48c1,1696550400000,
ba8895f9-d19a-457b-9145-cb3bd808578f.binning_data.json,2023-10-07 03:00:01.942,2023-10-07 03:00:01.942,com.sec.android.app.shealth,0,4871,1.3112339,3651.91,191.84,R5wtjjS0Fd,com.sec.android.app.shealth,ba8895f9-d19a-457b-9145-cb3bd808578f,1696550400000,
648e6e62-fc84-41a7-8e73-f49ca7b4a941.binning_data.json,2023-10-08 01:16:43.713,2023-10-07 10:15:00.916,com.sec.android.app.shealth,-2,1426,1.2620494,1057.85,54.72,VfS0qUERdZ,com.sec.android.app.shealth,648e6e62-fc84-41a7-8e73-f49ca7b4a941,1696636800000,
634f13df-c1f7-457a-8635-797f7bc1c502.binning_data.json,2023-10-08 03:23:05.219,2023-10-08 03:23:05.219,com.sec.android.app.shealth,0,1426,1.2620494,1057.85,54.72,R5wtjjS0Fd,com.sec.android.app.shealth,634f13df-c1f7-457a-8635-797f7bc1c502,1696636800000,
941fe7cd-26af-45eb-8465-ec856336dafb.binning_data.json,2023-10-09 00:22:48.958,2023-10-08 11:19:13.471,com.sec.android.app.shealth,-2,5489,1.2830234,4058.61,209.65,VfS0qUERdZ,com.sec.android.app.shealth,941fe7cd-26af-45eb-8465-ec856336dafb,1696723200000,
0529f2aa-b84e-4e60-99a0-c5c2e1598000.binning_data.json,2023-10-09 03:01:19.279,2023-10-09 03:01:19.279,com.sec.android.app.shealth,0,5489,1.2830234,4058.61,209.65,R5wtjjS0Fd,com.sec.android.app.shealth,0529f2aa-b84e-4e60-99a0-c5c2e1598000,1696723200000,
fb8c8e0f-d7bf-4e6a-90ec-0bf02274453e.binning_data.json,2023-10-09 18:54:47.979,2023-10-09 10:15:03.822,com.sec.android.app.shealth,-2,2034,1.3051006,1513.14,75.090004,VfS0qUERdZ,com.sec.android.app.shealth,fb8c8e0f-d7bf-4e6a-90ec-0bf02274453e,1696809600000,
65cb2aab-7a8d-4269-a2a4-d6b2328e2b82.binning_data.json,2023-10-10 03:00:02.198,2023-10-10 03:00:02.198,com.sec.android.app.shealth,0,2034,1.3051006,1513.14,75.090004,R5wtjjS0Fd,com.sec.android.app.shealth,65cb2aab-7a8d-4269-a2a4-d6b2328e2b82,1696809600000,
a8f2924e-19f1-4f16-b2dc-62e8c69a8d40.binning_data.json,2023-10-10 22:57:10.645,2023-10-10 11:19:44.775,com.sec.android.app.shealth,-2,2777,1.3293893,2082.67,100.68,VfS0qUERdZ,com.sec.android.app.shealth,a8f2924e-19f1-4f16-b2dc-62e8c69a8d40,1696896000000,
8504befc-f149-4540-82e3-350b3b16f50c.binning_data.json,2023-10-11 03:00:03.325,2023-10-11 03:00:03.325,com.sec.android.app.shealth,0,2777,1.3293893,2082.67,100.68,R5wtjjS0Fd,com.sec.android.app.shealth,8504befc-f149-4540-82e3-350b3b16f50c,1696896000000,
7a2b9f40-ff8b-4077-982a-b3690bcea33b.binning_data.json,2023-10-12 02:55:02.004,2023-10-11 17:02:35.024,com.sec.android.app.shealth,-2,92,0.9242492,59.98,3.82,VfS0qUERdZ,com.sec.android.app.shealth,7a2b9f40-ff8b-4077-982a-b3690bcea33b,1696982400000,
a87bfa1f-6e3d-4905-9573-a7efc85915b2.binning_data.json,2023-10-12 03:00:01.203,2023-10-12 03:00:01.203,com.sec.android.app.shealth,0,92,0.9242492,59.98,3.82,R5wtjjS0Fd,com.sec.android.app.shealth,a87bfa1f-6e3d-4905-9573-a7efc85915b2,1696982400000,
1d97793a-7edb-4015-89bd-db72456fca93.binning_data.json,2023-10-13 01:01:06.824,2023-10-12 10:49:49.173,com.sec.android.app.shealth,-2,246,1.11512,176.68001,9.24,VfS0qUERdZ,com.sec.android.app.shealth,1d97793a-7edb-4015-89bd-db72456fca93,1697068800000,
246c7308-ff65-4431-9604-27ecd1002b9e.binning_data.json,2023-10-13 03:12:31.942,2023-10-13 03:12:31.942,com.sec.android.app.shealth,0,246,1.11512,176.68001,9.24,R5wtjjS0Fd,com.sec.android.app.shealth,246c7308-ff65-4431-9604-27ecd1002b9e,1697068800000,
d1d198f3-0780-4e56-856e-4900bbce127e.binning_data.json,2023-10-13 17:35:03.518,2023-10-13 09:55:03.183,com.sec.android.app.shealth,-2,1519,1.3330791,1137.89,55.88,VfS0qUERdZ,com.sec.android.app.shealth,d1d198f3-0780-4e56-856e-4900bbce127e,1697155200000,
1d62029f-47d5-4817-8c18-5c4e6127871d.binning_data.json,2023-10-14 03:00:01.652,2023-10-14 03:00:01.652,com.sec.android.app.shealth,0,1519,1.3330791,1137.89,55.88,R5wtjjS0Fd,com.sec.android.app.shealth,1d62029f-47d5-4817-8c18-5c4e6127871d,1697155200000,
91505c78-023a-4968-a5ff-15fc3914b7d0.binning_data.json,2023-10-14 17:55:02.514,2023-10-14 16:35:02.018,com.sec.android.app.shealth,-2,989,1.246524,721.36,37.29,VfS0qUERdZ,com.sec.android.app.shealth,91505c78-023a-4968-a5ff-15fc3914b7d0,1697241600000,
89e7fb25-7b22-4123-bdcc-b02ed39afd33.binning_data.json,2023-10-15 03:00:01.983,2023-10-15 03:00:01.983,com.sec.android.app.shealth,0,989,1.246524,721.36,37.29,R5wtjjS0Fd,com.sec.android.app.shealth,89e7fb25-7b22-4123-bdcc-b02ed39afd33,1697241600000,
59f9d4a8-53b3-4562-bdf6-d07b716b3d9b.binning_data.json,2023-10-16 23:55:03.120,2023-10-16 11:35:03.011,com.sec.android.app.shealth,-2,6902,1.3112241,5149.0,265.12,VfS0qUERdZ,com.sec.android.app.shealth,59f9d4a8-53b3-4562-bdf6-d07b716b3d9b,1697414400000,
6cbd4b38-dd1d-4ddf-aae2-d175c0ab5d80.binning_data.json,2023-10-17 03:12:26.791,2023-10-17 03:12:26.791,com.sec.android.app.shealth,0,6902,1.3112241,5149.0,265.12,R5wtjjS0Fd,com.sec.android.app.shealth,6cbd4b38-dd1d-4ddf-aae2-d175c0ab5d80,1697414400000,
021ef699-d774-4d1f-9151-044d7858f245.binning_data.json,2023-10-17 23:43:58.484,2023-10-17 15:30:35.782,com.sec.android.app.shealth,-2,2478,1.2212368,1833.79,95.2,VfS0qUERdZ,com.sec.android.app.shealth,021ef699-d774-4d1f-9151-044d7858f245,1697500800000,
48a19145-7ac7-4f09-80d8-bf1327bbf9bc.binning_data.json,2023-10-18 03:43:30.368,2023-10-18 03:43:30.368,com.sec.android.app.shealth,0,2478,1.2212368,1833.79,95.2,R5wtjjS0Fd,com.sec.android.app.shealth,48a19145-7ac7-4f09-80d8-bf1327bbf9bc,1697500800000,
2926312b-5949-4c78-8636-aa8ef26c7fe6.binning_data.json,2023-10-19 02:05:03.189,2023-10-18 10:53:41.049,com.sec.android.app.shealth,-2,1805,1.2272313,1333.43,70.65,VfS0qUERdZ,com.sec.android.app.shealth,2926312b-5949-4c78-8636-aa8ef26c7fe6,1697587200000,
dafa37a5-d521-43b1-9abd-668482a6be21.binning_data.json,2023-10-19 03:00:01.756,2023-10-19 03:00:01.756,com.sec.android.app.shealth,0,1805,1.2272313,1333.43,70.65,R5wtjjS0Fd,com.sec.android.app.shealth,dafa37a5-d521-43b1-9abd-668482a6be21,1697587200000,
269bdaf0-0b81-4bdd-a5c0-6a5c63be8018.binning_data.json,2023-10-20 00:28:05.294,2023-10-19 11:35:01.794,com.sec.android.app.shealth,-2,4056,1.4209274,3047.79,135.65,VfS0qUERdZ,com.sec.android.app.shealth,269bdaf0-0b81-4bdd-a5c0-6a5c63be8018,1697673600000,
65afad2b-8618-469c-822e-d873513772b4.binning_data.json,2023-10-20 03:00:07.432,2023-10-20 03:00:07.432,com.sec.android.app.shealth,0,4056,1.4209274,3047.79,135.65,R5wtjjS0Fd,com.sec.android.app.shealth,65afad2b-8618-469c-822e-d873513772b4,1697673600000,
950113fe-5761-4eec-8d58-1f17e0bcdee9.binning_data.json,2023-10-20 18:11:32.934,2023-10-20 13:35:02.530,com.sec.android.app.shealth,-2,1437,1.2849529,1073.97,56.02,VfS0qUERdZ,com.sec.android.app.shealth,950113fe-5761-4eec-8d58-1f17e0bcdee9,1697760000000,
3d04a82d-cac7-4b9f-8579-3f7abb2455da.binning_data.json,2023-10-21 03:00:01.830,2023-10-21 03:00:01.830,com.sec.android.app.shealth,0,1437,1.2849529,1073.97,56.02,R5wtjjS0Fd,com.sec.android.app.shealth,3d04a82d-cac7-4b9f-8579-3f7abb2455da,1697760000000,
a19046cc-fab4-4202-af42-d7983718ce51.binning_data.json,2023-10-22 00:15:01.913,2023-10-22 00:15:01.913,com.sec.android.app.shealth,-2,28,0.8888889,18.74,1.07,VfS0qUERdZ,com.sec.android.app.shealth,a19046cc-fab4-4202-af42-d7983718ce51,1697846400000,
757de4c2-ffdd-4e60-b2e9-8648ad53564b.binning_data.json,2023-10-22 03:55:22.997,2023-10-22 03:55:22.997,com.sec.android.app.shealth,0,28,0.8888889,18.74,1.07,R5wtjjS0Fd,com.sec.android.app.shealth,757de4c2-ffdd-4e60-b2e9-8648ad53564b,1697846400000,
e6b149d6-2cf7-4993-b8c4-9d3fed897d46.binning_data.json,2023-10-22 13:35:03.785,2023-10-22 10:55:31.187,com.sec.android.app.shealth,-2,9825,1.3026799,7371.15,387.87,VfS0qUERdZ,com.sec.android.app.shealth,e6b149d6-2cf7-4993-b8c4-9d3fed897d46,1697932800000,
126b3d33-9d80-4497-a8dc-63b62b3bda79.binning_data.json,2023-10-23 03:17:09.956,2023-10-23 03:17:09.956,com.sec.android.app.shealth,0,9825,1.3026799,7371.15,387.87,R5wtjjS0Fd,com.sec.android.app.shealth,126b3d33-9d80-4497-a8dc-63b62b3bda79,1697932800000,
dfdf3ce6-b420-4a3b-9bcf-b11943e831bc.binning_data.json,2023-10-23 21:10:54.855,2023-10-23 13:55:02.878,com.sec.android.app.shealth,-2,2687,1.285595,1992.02,102.78,VfS0qUERdZ,com.sec.android.app.shealth,dfdf3ce6-b420-4a3b-9bcf-b11943e831bc,1698019200000,
31f6478b-0feb-4192-baff-a3a5f5561839.binning_data.json,2023-10-24 03:00:02.025,2023-10-24 03:00:02.025,com.sec.android.app.shealth,0,2687,1.285595,1992.02,102.78,R5wtjjS0Fd,com.sec.android.app.shealth,31f6478b-0feb-4192-baff-a3a5f5561839,1698019200000,
80a05b74-45ef-49a2-884d-4917300a0c16.binning_data.json,2023-10-25 01:11:47.059,2023-10-24 11:35:03.091,com.sec.android.app.shealth,-2,4536,1.2713976,3386.3,178.3,VfS0qUERdZ,com.sec.android.app.shealth,80a05b74-45ef-49a2-884d-4917300a0c16,1698105600000,
11505e9b-3a19-4914-8a3d-7f307a1d3a17.binning_data.json,2023-10-25 03:21:38.908,2023-10-25 03:21:38.908,com.sec.android.app.shealth,0,4536,1.2713976,3386.3,178.3,R5wtjjS0Fd,com.sec.android.app.shealth,11505e9b-3a19-4914-8a3d-7f307a1d3a17,1698105600000,
71129400-d7f5-44c4-b8f1-86bb20087e08.binning_data.json,2023-10-25 23:17:01.741,2023-10-25 11:18:11.195,com.sec.android.app.shealth,-2,1569,1.222687,1157.46,62.149998,VfS0qUERdZ,com.sec.android.app.shealth,71129400-d7f5-44c4-b8f1-86bb20087e08,1698192000000,
27b07eac-a17d-474a-9f7b-be0ee4262c0c.binning_data.json,2023-10-26 03:00:01.467,2023-10-26 03:00:01.467,com.sec.android.app.shealth,0,1569,1.222687,1157.46,62.149998,R5wtjjS0Fd,com.sec.android.app.shealth,27b07eac-a17d-474a-9f7b-be0ee4262c0c,1698192000000,
61766fe9-d3b2-4ae1-ab36-6d8c7885725a.binning_data.json,2023-10-27 02:02:14.950,2023-10-26 11:16:57.251,com.sec.android.app.shealth,-2,3044,1.269486,2271.92,116.18,VfS0qUERdZ,com.sec.android.app.shealth,61766fe9-d3b2-4ae1-ab36-6d8c7885725a,1698278400000,
7b0bdf85-f24d-49aa-ae6b-dc1fc5f3f871.binning_data.json,2023-10-27 03:00:02.094,2023-10-27 03:00:02.094,com.sec.android.app.shealth,0,3044,1.269486,2271.92,116.18,R5wtjjS0Fd,com.sec.android.app.shealth,7b0bdf85-f24d-49aa-ae6b-dc1fc5f3f871,1698278400000,
afc4cd96-a9da-4669-a410-9a354809a632.binning_data.json,2023-10-27 23:16:01.173,2023-10-27 12:15:03.260,com.sec.android.app.shealth,-2,1564,1.294482,1170.49,60.92,VfS0qUERdZ,com.sec.android.app.shealth,afc4cd96-a9da-4669-a410-9a354809a632,1698364800000,
496f8ea3-8931-4800-accb-8d6584257e4f.binning_data.json,2023-10-28 03:56:42.026,2023-10-28 03:56:42.026,com.sec.android.app.shealth,0,1564,1.294482,1170.49,60.92,R5wtjjS0Fd,com.sec.android.app.shealth,496f8ea3-8931-4800-accb-8d6584257e4f,1698364800000,
2b58dbbd-1dde-44fe-8a83-0c64e1a2cf32.binning_data.json,2023-10-28 23:35:02.668,2023-10-28 12:35:02.024,com.sec.android.app.shealth,-2,2809,1.2294542,2070.03,108.62,VfS0qUERdZ,com.sec.android.app.shealth,2b58dbbd-1dde-44fe-8a83-0c64e1a2cf32,1698451200000,
94294722-b306-4fc9-b1c5-935f8567fc2a.binning_data.json,2023-10-29 03:00:01.444,2023-10-29 03:00:01.444,com.sec.android.app.shealth,0,2809,1.2294542,2070.03,108.62,R5wtjjS0Fd,com.sec.android.app.shealth,94294722-b306-4fc9-b1c5-935f8567fc2a,1698451200000,
ee0c68ac-d670-4090-9e0b-b5b735491f52.binning_data.json,2023-10-29 16:54:17.202,2023-10-29 16:52:48.796,com.sec.android.app.shealth,-2,28,1.0846679,17.08,1.08,VfS0qUERdZ,com.sec.android.app.shealth,ee0c68ac-d670-4090-9e0b-b5b735491f52,1698537600000,
db2dd53f-603f-4a9b-ba92-e408cdcab357.binning_data.json,2023-10-30 03:11:57.360,2023-10-30 03:11:57.360,com.sec.android.app.shealth,0,28,1.0846679,17.08,1.08,R5wtjjS0Fd,com.sec.android.app.shealth,db2dd53f-603f-4a9b-ba92-e408cdcab357,1698537600000,
eccd7942-05b3-46ac-a2b3-14c734998484.binning_data.json,2023-10-30 23:35:03.222,2023-10-30 12:34:59.303,com.sec.android.app.shealth,-2,2619,1.2356653,1945.66,100.75,VfS0qUERdZ,com.sec.android.app.shealth,eccd7942-05b3-46ac-a2b3-14c734998484,1698624000000,
74340f18-e181-4401-944d-1f7ecb7e48c8.binning_data.json,2023-10-31 03:00:03.695,2023-10-31 03:00:03.695,com.sec.android.app.shealth,0,2619,1.2356653,1945.66,100.75,R5wtjjS0Fd,com.sec.android.app.shealth,74340f18-e181-4401-944d-1f7ecb7e48c8,1698624000000,
f3b4e5e0-f5ce-4470-83e2-4f193477c6e3.binning_data.json,2023-11-01 01:15:02.246,2023-10-31 13:21:29.219,com.sec.android.app.shealth,-2,2181,1.3121109,1641.22,80.29,VfS0qUERdZ,com.sec.android.app.shealth,f3b4e5e0-f5ce-4470-83e2-4f193477c6e3,1698710400000,
678fd972-cb3c-4952-8450-8fe3401cfa02.binning_data.json,2023-11-01 03:00:02.521,2023-11-01 03:00:02.521,com.sec.android.app.shealth,0,2181,1.3121109,1641.22,80.29,R5wtjjS0Fd,com.sec.android.app.shealth,678fd972-cb3c-4952-8450-8fe3401cfa02,1698710400000,
6ce5e023-cc84-4ec9-b028-25097ef62613.binning_data.json,2023-11-01 18:15:04.336,2023-11-01 12:15:02.124,com.sec.android.app.shealth,-2,34,0.9637617,24.34,1.27,VfS0qUERdZ,com.sec.android.app.shealth,6ce5e023-cc84-4ec9-b028-25097ef62613,1698796800000,
9ce86cf3-a69f-4e51-9d6e-95300329c24e.binning_data.json,2023-11-02 03:00:03.106,2023-11-02 03:00:03.106,com.sec.android.app.shealth,0,34,0.9637617,24.34,1.27,R5wtjjS0Fd,com.sec.android.app.shealth,9ce86cf3-a69f-4e51-9d6e-95300329c24e,1698796800000,
8ac1e7c6-23c3-4f7e-84af-03085701bd03.binning_data.json,2023-11-03 02:30:39.580,2023-11-02 13:55:07.412,com.sec.android.app.shealth,-2,1047,1.1900002,757.9,40.32,VfS0qUERdZ,com.sec.android.app.shealth,8ac1e7c6-23c3-4f7e-84af-03085701bd03,1698883200000,
0c620cf4-4f7b-4f77-853d-54479c16a11f.binning_data.json,2023-11-03 03:00:01.352,2023-11-03 03:00:01.352,com.sec.android.app.shealth,0,1047,1.1900002,757.9,40.32,R5wtjjS0Fd,com.sec.android.app.shealth,0c620cf4-4f7b-4f77-853d-54479c16a11f,1698883200000,
460e1c97-faed-422d-9f6c-8fde4c3748dd.binning_data.json,2023-11-04 01:39:52.090,2023-11-03 12:22:28.394,com.sec.android.app.shealth,-2,1574,1.2351108,1148.18,64.73,VfS0qUERdZ,com.sec.android.app.shealth,460e1c97-faed-422d-9f6c-8fde4c3748dd,1698969600000,
b09c65c3-5690-4f97-94d0-99c3a18f0992.binning_data.json,2023-11-04 03:54:24.067,2023-11-04 03:54:24.067,com.sec.android.app.shealth,0,1574,1.2351108,1148.18,64.73,R5wtjjS0Fd,com.sec.android.app.shealth,b09c65c3-5690-4f97-94d0-99c3a18f0992,1698969600000,
da5c91c0-07ac-4820-8396-986183eb59af.binning_data.json,2023-11-05 00:19:38.746,2023-11-04 13:15:05.308,com.sec.android.app.shealth,-2,1698,1.2609146,1264.17,64.73,VfS0qUERdZ,com.sec.android.app.shealth,da5c91c0-07ac-4820-8396-986183eb59af,1699056000000,
9be67981-6175-4b16-ae72-ffbc2bf0f155.binning_data.json,2023-11-05 03:56:01.901,2023-11-05 03:56:01.901,com.sec.android.app.shealth,0,1698,1.2609146,1264.17,64.73,R5wtjjS0Fd,com.sec.android.app.shealth,9be67981-6175-4b16-ae72-ffbc2bf0f155,1699056000000,
f9319747-676a-4b5f-b0fb-23c6c893b641.binning_data.json,2023-11-05 11:57:00.868,2023-11-05 11:53:42.781,com.sec.android.app.shealth,-2,28,1.2947123,17.73,1.02,VfS0qUERdZ,com.sec.android.app.shealth,f9319747-676a-4b5f-b0fb-23c6c893b641,1699142400000,
763dc897-4bc1-4233-b195-74a19e8acefa.binning_data.json,2023-11-06 08:01:37.561,2023-11-06 08:01:37.561,com.sec.android.app.shealth,0,28,1.2947123,17.73,1.02,R5wtjjS0Fd,com.sec.android.app.shealth,763dc897-4bc1-4233-b195-74a19e8acefa,1699142400000,
9a1d2dc1-849a-4252-b2a4-07abac03032e.binning_data.json,2023-11-06 23:15:02.871,2023-11-06 11:55:53.056,com.sec.android.app.shealth,-2,10299,1.3088119,7748.52,391.63,VfS0qUERdZ,com.sec.android.app.shealth,9a1d2dc1-849a-4252-b2a4-07abac03032e,1699228800000,
602f1bd5-1294-41bc-93b1-879b2eb583c4.binning_data.json,2023-11-07 03:00:02.156,2023-11-07 03:00:02.156,com.sec.android.app.shealth,0,10299,1.3088119,7748.52,391.63,R5wtjjS0Fd,com.sec.android.app.shealth,602f1bd5-1294-41bc-93b1-879b2eb583c4,1699228800000,
8f487897-dfb7-4f4d-b573-042edc329941.binning_data.json,2023-11-07 23:25:41.163,2023-11-07 11:35:03.223,com.sec.android.app.shealth,-2,4384,1.3428917,3306.03,152.6,VfS0qUERdZ,com.sec.android.app.shealth,8f487897-dfb7-4f4d-b573-042edc329941,1699315200000,
62b08f20-d754-4430-817e-d12ea3eeb2aa.binning_data.json,2023-11-08 03:00:01.993,2023-11-08 03:00:01.993,com.sec.android.app.shealth,0,4384,1.3428917,3306.03,152.6,R5wtjjS0Fd,com.sec.android.app.shealth,62b08f20-d754-4430-817e-d12ea3eeb2aa,1699315200000,
455cd053-74d4-43f3-b69a-2c7944530b2c.binning_data.json,2023-11-08 21:08:29.054,2023-11-08 12:47:25.863,com.sec.android.app.shealth,-2,3416,1.3077613,2550.11,127.32,VfS0qUERdZ,com.sec.android.app.shealth,455cd053-74d4-43f3-b69a-2c7944530b2c,1699401600000,
26a2204b-cec7-4a65-9d47-e6faf1036385.binning_data.json,2023-11-09 03:51:16.276,2023-11-09 03:51:16.276,com.sec.android.app.shealth,0,3416,1.3077613,2550.11,127.32,R5wtjjS0Fd,com.sec.android.app.shealth,26a2204b-cec7-4a65-9d47-e6faf1036385,1699401600000,
c4923a4e-0be2-4e0e-9f7a-8683e8f5bb68.binning_data.json,2023-11-10 00:58:45.070,2023-11-09 10:33:40.223,com.sec.android.app.shealth,-2,2099,1.2242688,1544.86,82.32,VfS0qUERdZ,com.sec.android.app.shealth,c4923a4e-0be2-4e0e-9f7a-8683e8f5bb68,1699488000000,
389a0252-7e7d-4cf7-861f-d157b61ac9f7.binning_data.json,2023-11-10 03:37:16.869,2023-11-10 03:37:16.869,com.sec.android.app.shealth,0,2099,1.2242688,1544.86,82.32,R5wtjjS0Fd,com.sec.android.app.shealth,389a0252-7e7d-4cf7-861f-d157b61ac9f7,1699488000000,
b2916895-c5a5-41ef-92c5-68b782f7cbb2.binning_data.json,2023-11-10 23:35:01.438,2023-11-10 11:15:03.329,com.sec.android.app.shealth,-2,2938,1.2672906,2180.23,112.24,VfS0qUERdZ,com.sec.android.app.shealth,b2916895-c5a5-41ef-92c5-68b782f7cbb2,1699574400000,
0339c5c6-8a66-4ca7-af9c-b49cf9c30773.binning_data.json,2023-11-11 03:20:59.926,2023-11-11 03:20:59.926,com.sec.android.app.shealth,0,2938,1.2672906,2180.23,112.24,R5wtjjS0Fd,com.sec.android.app.shealth,0339c5c6-8a66-4ca7-af9c-b49cf9c30773,1699574400000,
49b7e4d2-3f34-4dc6-af1e-83f36c887d82.binning_data.json,2023-11-12 02:33:40.779,2023-11-11 12:15:02.325,com.sec.android.app.shealth,-2,1433,1.3409919,1079.08,49.96,VfS0qUERdZ,com.sec.android.app.shealth,49b7e4d2-3f34-4dc6-af1e-83f36c887d82,1699660800000,
1cef2c0c-52a2-406e-be55-4b7a77070eca.binning_data.json,2023-11-12 03:00:01.910,2023-11-12 03:00:01.910,com.sec.android.app.shealth,0,1433,1.3409919,1079.08,49.96,R5wtjjS0Fd,com.sec.android.app.shealth,1cef2c0c-52a2-406e-be55-4b7a77070eca,1699660800000,
6a1e6b60-fd5d-42c2-a78c-8b8d9dd4589d.binning_data.json,2023-11-12 23:15:03.227,2023-11-12 10:45:02.253,com.sec.android.app.shealth,-2,161,1.0849773,113.8,5.89,VfS0qUERdZ,com.sec.android.app.shealth,6a1e6b60-fd5d-42c2-a78c-8b8d9dd4589d,1699747200000,
81b380b4-9c61-4060-b1ab-9a0e6c5c41df.binning_data.json,2023-11-13 03:00:00.916,2023-11-13 03:00:00.916,com.sec.android.app.shealth,0,161,1.0849773,113.8,5.89,R5wtjjS0Fd,com.sec.android.app.shealth,81b380b4-9c61-4060-b1ab-9a0e6c5c41df,1699747200000,
445be3c0-426e-47d6-987f-0211e906dd30.binning_data.json,2023-11-13 22:15:01.546,2023-11-13 12:44:31.848,com.sec.android.app.shealth,-2,3426,1.2674828,2548.65,131.13,VfS0qUERdZ,com.sec.android.app.shealth,445be3c0-426e-47d6-987f-0211e906dd30,1699833600000,
894bc429-3aac-468f-a33e-ad2b38c009c1.binning_data.json,2023-11-14 03:25:55.154,2023-11-14 03:25:55.154,com.sec.android.app.shealth,0,3426,1.2674828,2548.65,131.13,R5wtjjS0Fd,com.sec.android.app.shealth,894bc429-3aac-468f-a33e-ad2b38c009c1,1699833600000,
b88157a6-f213-44b1-a6d2-1011c0fec07e.binning_data.json,2023-11-14 20:17:00.749,2023-11-14 14:35:26.394,com.sec.android.app.shealth,-2,4414,1.2535243,3242.79,171.84,VfS0qUERdZ,com.sec.android.app.shealth,b88157a6-f213-44b1-a6d2-1011c0fec07e,1699920000000,
133ec9cb-4fa8-46fb-96ca-a3df62c1d105.binning_data.json,2023-11-15 03:35:10.294,2023-11-15 03:35:10.294,com.sec.android.app.shealth,0,4414,1.2535243,3242.79,171.84,R5wtjjS0Fd,com.sec.android.app.shealth,133ec9cb-4fa8-46fb-96ca-a3df62c1d105,1699920000000,
9529591a-44b6-4d1c-9c1d-8835d893a581.binning_data.json,2023-11-15 23:18:56.142,2023-11-15 12:18:02.345,com.sec.android.app.shealth,-2,281,1.2480073,209.47,10.27,VfS0qUERdZ,com.sec.android.app.shealth,9529591a-44b6-4d1c-9c1d-8835d893a581,1700006400000,
2e1fd6e5-5a82-48b3-84d3-ffa2e597c4f5.binning_data.json,2023-11-16 03:00:02.130,2023-11-16 03:00:02.130,com.sec.android.app.shealth,0,281,1.2480073,209.47,10.27,R5wtjjS0Fd,com.sec.android.app.shealth,2e1fd6e5-5a82-48b3-84d3-ffa2e597c4f5,1700006400000,
0a9a6e2e-26ca-45b9-9f19-b3bb569caf18.binning_data.json,2023-11-17 01:52:01.558,2023-11-16 12:06:21.989,com.sec.android.app.shealth,-2,10867,1.3552076,8172.29,393.88998,VfS0qUERdZ,com.sec.android.app.shealth,0a9a6e2e-26ca-45b9-9f19-b3bb569caf18,1700092800000,
a5aef195-9563-4de2-a504-6ae169dad226.binning_data.json,2023-11-17 03:00:00.827,2023-11-17 03:00:00.827,com.sec.android.app.shealth,0,10867,1.3552076,8172.29,393.88998,R5wtjjS0Fd,com.sec.android.app.shealth,a5aef195-9563-4de2-a504-6ae169dad226,1700092800000,
ca746e96-4ce1-4dbd-9f5d-76bf4dd6eb17.binning_data.json,2023-11-17 14:17:52.357,2023-11-17 09:50:05.841,com.sec.android.app.shealth,-2,139,1.3600417,105.420006,4.8299994,VfS0qUERdZ,com.sec.android.app.shealth,ca746e96-4ce1-4dbd-9f5d-76bf4dd6eb17,1700179200000,
b820404f-4d9c-4fa0-8716-3d2435e21e81.binning_data.json,2023-11-18 03:47:10.413,2023-11-18 03:47:10.413,com.sec.android.app.shealth,0,139,1.3600417,105.420006,4.8299994,R5wtjjS0Fd,com.sec.android.app.shealth,b820404f-4d9c-4fa0-8716-3d2435e21e81,1700179200000,
0e5463ea-b54f-4406-970c-7fa400719b7d.binning_data.json,2023-11-18 23:23:54.854,2023-11-18 11:48:23.504,com.sec.android.app.shealth,-2,2092,1.2305455,1536.74,82.02,VfS0qUERdZ,com.sec.android.app.shealth,0e5463ea-b54f-4406-970c-7fa400719b7d,1700265600000,
959afb41-2f9c-4091-b5c3-33f23705db9d.binning_data.json,2023-11-19 03:25:20.475,2023-11-19 03:25:20.475,com.sec.android.app.shealth,0,2092,1.2305455,1536.74,82.02,R5wtjjS0Fd,com.sec.android.app.shealth,959afb41-2f9c-4091-b5c3-33f23705db9d,1700265600000,
edc22157-e938-4e69-bdb3-a817ba2b8afc.binning_data.json,2023-11-20 01:07:27.739,2023-11-19 11:55:04.267,com.sec.android.app.shealth,-2,5772,1.317349,4328.21,217.39,VfS0qUERdZ,com.sec.android.app.shealth,edc22157-e938-4e69-bdb3-a817ba2b8afc,1700352000000,
d49d2833-9c58-4dc8-895a-8832545d3f6e.binning_data.json,2023-11-20 05:44:03.988,2023-11-20 05:44:03.988,com.sec.android.app.shealth,0,5772,1.317349,4328.21,217.39,R5wtjjS0Fd,com.sec.android.app.shealth,d49d2833-9c58-4dc8-895a-8832545d3f6e,1700352000000,
4c6cc65d-af4c-40c1-947d-7de6f89a1939.binning_data.json,2023-11-20 19:55:02.036,2023-11-20 10:35:06.281,com.sec.android.app.shealth,-2,8261,1.3546373,6164.36,321.67,VfS0qUERdZ,com.sec.android.app.shealth,4c6cc65d-af4c-40c1-947d-7de6f89a1939,1700438400000,
62f8afab-a382-40a0-a841-d5d0d065aa41.binning_data.json,2023-11-21 04:34:04.080,2023-11-21 04:34:04.080,com.sec.android.app.shealth,0,8261,1.3546373,6164.36,321.67,R5wtjjS0Fd,com.sec.android.app.shealth,62f8afab-a382-40a0-a841-d5d0d065aa41,1700438400000,
59e0a43e-a201-4fc8-ba9c-266aa8c49f76.binning_data.json,2023-11-21 22:55:02.394,2023-11-21 12:37:37.050,com.sec.android.app.shealth,-2,4118,1.296122,3067.53,159.05,VfS0qUERdZ,com.sec.android.app.shealth,59e0a43e-a201-4fc8-ba9c-266aa8c49f76,1700524800000,
008ca055-8fba-4718-aeed-d2fb3660dd6f.binning_data.json,2023-11-22 03:43:29.570,2023-11-22 03:43:29.570,com.sec.android.app.shealth,0,4118,1.296122,3067.53,159.05,R5wtjjS0Fd,com.sec.android.app.shealth,008ca055-8fba-4718-aeed-d2fb3660dd6f,1700524800000,
7648f4d3-5810-4925-ab02-7c94a3258a13.binning_data.json,2023-11-22 21:07:12.712,2023-11-22 12:35:02.500,com.sec.android.app.shealth,-2,2829,1.2582017,2108.42,109.67,VfS0qUERdZ,com.sec.android.app.shealth,7648f4d3-5810-4925-ab02-7c94a3258a13,1700611200000,
fd2ef028-173a-4587-b655-8a4dc9f7eb27.binning_data.json,2023-11-23 03:45:16.199,2023-11-23 03:45:16.199,com.sec.android.app.shealth,0,2829,1.2582017,2108.42,109.67,R5wtjjS0Fd,com.sec.android.app.shealth,fd2ef028-173a-4587-b655-8a4dc9f7eb27,1700611200000,
e929e525-22b0-4178-aed0-1c37841e4a0f.binning_data.json,2023-11-23 19:01:50.909,2023-11-23 11:51:59.045,com.sec.android.app.shealth,-2,3538,1.3060913,2663.41,136.73999,VfS0qUERdZ,com.sec.android.app.shealth,e929e525-22b0-4178-aed0-1c37841e4a0f,1700697600000,
33c19cc0-18ac-4543-999a-3351800a1204.binning_data.json,2023-11-24 04:41:16.145,2023-11-24 04:41:16.145,com.sec.android.app.shealth,0,3538,1.3060913,2663.41,136.73999,R5wtjjS0Fd,com.sec.android.app.shealth,33c19cc0-18ac-4543-999a-3351800a1204,1700697600000,
d50ae20a-074b-4258-8d84-99452a453a72.binning_data.json,2023-11-25 00:03:08.964,2023-11-24 10:36:36.665,com.sec.android.app.shealth,-2,1981,1.2356961,1463.41,78.2,VfS0qUERdZ,com.sec.android.app.shealth,d50ae20a-074b-4258-8d84-99452a453a72,1700784000000,
73cf2550-00a1-4696-9315-62dd13ca6922.binning_data.json,2023-11-25 03:17:55.912,2023-11-25 03:17:55.912,com.sec.android.app.shealth,0,1981,1.2356961,1463.41,78.2,R5wtjjS0Fd,com.sec.android.app.shealth,73cf2550-00a1-4696-9315-62dd13ca6922,1700784000000,
3549bc41-2623-4eb1-b414-ed9649567d97.binning_data.json,2023-11-26 02:26:42.953,2023-11-25 11:24:37.695,com.sec.android.app.shealth,-2,1239,1.2543155,915.97,48.81999,VfS0qUERdZ,com.sec.android.app.shealth,3549bc41-2623-4eb1-b414-ed9649567d97,1700870400000,
1260858b-d579-4d0f-bc09-d5519fb318f1.binning_data.json,2023-11-26 03:00:01.942,2023-11-26 03:00:01.942,com.sec.android.app.shealth,0,1239,1.2543155,915.97,48.81999,R5wtjjS0Fd,com.sec.android.app.shealth,1260858b-d579-4d0f-bc09-d5519fb318f1,1700870400000,
7d1bc6ef-3c4b-47d5-b075-df23c162bfc1.binning_data.json,2023-11-26 12:55:01.495,2023-11-26 12:39:49.679,com.sec.android.app.shealth,-2,63,0.9923033,43.739998,2.41,VfS0qUERdZ,com.sec.android.app.shealth,7d1bc6ef-3c4b-47d5-b075-df23c162bfc1,1700956800000,
1cc55b3f-aec9-4890-9e49-7f9a7d38217c.binning_data.json,2023-11-27 03:00:01.681,2023-11-27 03:00:01.681,com.sec.android.app.shealth,0,63,0.9923033,43.739998,2.41,R5wtjjS0Fd,com.sec.android.app.shealth,1cc55b3f-aec9-4890-9e49-7f9a7d38217c,1700956800000,
f848e94d-6989-4da1-9d05-5739c9e59b08.binning_data.json,2023-11-28 01:03:51.390,2023-11-27 11:55:01.474,com.sec.android.app.shealth,-2,9317,1.3345389,6994.73,354.32,VfS0qUERdZ,com.sec.android.app.shealth,f848e94d-6989-4da1-9d05-5739c9e59b08,1701043200000,
c09739bd-a6ec-4c27-ba8e-34d250a70d83.binning_data.json,2023-11-28 03:00:02.068,2023-11-28 03:00:02.068,com.sec.android.app.shealth,0,9317,1.3345389,6994.73,354.32,R5wtjjS0Fd,com.sec.android.app.shealth,c09739bd-a6ec-4c27-ba8e-34d250a70d83,1701043200000,
a1c30b53-5692-4873-a920-2c1a04dc2271.binning_data.json,2023-11-28 22:35:02.926,2023-11-28 11:35:03.366,com.sec.android.app.shealth,-2,3098,1.2869784,2308.82,119.6,VfS0qUERdZ,com.sec.android.app.shealth,a1c30b53-5692-4873-a920-2c1a04dc2271,1701129600000,
813e2512-1315-4c2a-92e0-b510dc834c20.binning_data.json,2023-11-29 03:00:04.035,2023-11-29 03:00:04.035,com.sec.android.app.shealth,0,3098,1.2869784,2308.82,119.6,R5wtjjS0Fd,com.sec.android.app.shealth,813e2512-1315-4c2a-92e0-b510dc834c20,1701129600000,
05a6236e-fcde-4c23-84ec-cf36bed2c367.binning_data.json,2023-11-29 20:47:58.105,2023-11-29 11:15:01.572,com.sec.android.app.shealth,-2,7916,1.3060805,5925.41,310.82,VfS0qUERdZ,com.sec.android.app.shealth,05a6236e-fcde-4c23-84ec-cf36bed2c367,1701216000000,
0a32831b-db45-4739-b80f-b7eae7e6b884.binning_data.json,2023-11-30 03:39:24.092,2023-11-30 03:39:24.092,com.sec.android.app.shealth,0,7916,1.3060805,5925.41,310.82,R5wtjjS0Fd,com.sec.android.app.shealth,0a32831b-db45-4739-b80f-b7eae7e6b884,1701216000000,
5dd8cf10-9b60-4bc5-9f85-f5ebf3828cfc.binning_data.json,2023-11-30 15:57:18.076,2023-11-30 09:22:20.640,com.sec.android.app.shealth,-2,1659,1.259109,1229.55,65.3,VfS0qUERdZ,com.sec.android.app.shealth,5dd8cf10-9b60-4bc5-9f85-f5ebf3828cfc,1701302400000,
ea3441d5-4942-4548-99b6-97c04ca645a4.binning_data.json,2023-12-01 03:00:01.198,2023-12-01 03:00:01.198,com.sec.android.app.shealth,0,1659,1.259109,1229.55,65.3,R5wtjjS0Fd,com.sec.android.app.shealth,ea3441d5-4942-4548-99b6-97c04ca645a4,1701302400000,
3236de3d-1b4a-4136-8949-cb5080b824c4.binning_data.json,2023-12-01 16:35:03.260,2023-12-01 12:08:50.047,com.sec.android.app.shealth,-2,4174,1.248785,3076.76,162.92,VfS0qUERdZ,com.sec.android.app.shealth,3236de3d-1b4a-4136-8949-cb5080b824c4,1701388800000,
97ac765e-2be6-4534-b563-ade38cbf7f9e.binning_data.json,2023-12-02 03:50:29.420,2023-12-02 03:50:29.420,com.sec.android.app.shealth,0,4174,1.248785,3076.76,162.92,R5wtjjS0Fd,com.sec.android.app.shealth,97ac765e-2be6-4534-b563-ade38cbf7f9e,1701388800000,
3a82af58-c724-4501-9f3e-287efb1097e5.binning_data.json,2023-12-02 23:33:12.530,2023-12-02 12:35:02.753,com.sec.android.app.shealth,-2,1643,1.2528033,1214.61,65.11,VfS0qUERdZ,com.sec.android.app.shealth,3a82af58-c724-4501-9f3e-287efb1097e5,1701475200000,
27ca727b-7b14-44dc-a8d9-bcaafe3a32e5.binning_data.json,2023-12-03 03:00:05.874,2023-12-03 03:00:05.874,com.sec.android.app.shealth,0,1643,1.2528033,1214.61,65.11,R5wtjjS0Fd,com.sec.android.app.shealth,27ca727b-7b14-44dc-a8d9-bcaafe3a32e5,1701475200000,
b41f4f8e-fb61-429e-8c5e-3f32f163bd4e.binning_data.json,2023-12-04 00:05:15.978,2023-12-03 11:13:44.437,com.sec.android.app.shealth,-2,1495,1.2811114,1114.66,57.61,VfS0qUERdZ,com.sec.android.app.shealth,b41f4f8e-fb61-429e-8c5e-3f32f163bd4e,1701561600000,
99cef097-dd68-4385-afb1-19d3e8c0adf7.binning_data.json,2023-12-04 03:00:03.602,2023-12-04 03:00:03.602,com.sec.android.app.shealth,0,1495,1.2811114,1114.66,57.61,R5wtjjS0Fd,com.sec.android.app.shealth,99cef097-dd68-4385-afb1-19d3e8c0adf7,1701561600000,
d14a9fcc-2511-45e7-a1be-6457b7870761.binning_data.json,2023-12-05 00:19:59.915,2023-12-04 08:55:36.076,com.sec.android.app.shealth,-2,2688,1.2508124,1996.24,103.44,VfS0qUERdZ,com.sec.android.app.shealth,d14a9fcc-2511-45e7-a1be-6457b7870761,1701648000000,
74890208-4ab6-4bc1-8833-f4747ca47841.binning_data.json,2023-12-05 03:56:10.438,2023-12-05 03:56:10.438,com.sec.android.app.shealth,0,2688,1.2508124,1996.24,103.44,R5wtjjS0Fd,com.sec.android.app.shealth,74890208-4ab6-4bc1-8833-f4747ca47841,1701648000000,
cc7ce5cc-b072-42ad-a6e8-b3d1d443088c.binning_data.json,2023-12-05 23:55:10.978,2023-12-05 10:06:47.033,com.sec.android.app.shealth,-2,1834,1.2373285,1359.58,71.369995,VfS0qUERdZ,com.sec.android.app.shealth,cc7ce5cc-b072-42ad-a6e8-b3d1d443088c,1701734400000,
d103a8e8-4c40-4b85-a57e-e063f9140798.binning_data.json,2023-12-06 03:00:01.003,2023-12-06 03:00:01.003,com.sec.android.app.shealth,0,1834,1.2373285,1359.58,71.369995,R5wtjjS0Fd,com.sec.android.app.shealth,d103a8e8-4c40-4b85-a57e-e063f9140798,1701734400000,
9ae66a98-9b96-4932-9a3e-d52180cd1609.binning_data.json,2023-12-06 22:23:28.878,2023-12-06 11:36:16.879,com.sec.android.app.shealth,-2,2384,1.3034508,1778.61,90.79,VfS0qUERdZ,com.sec.android.app.shealth,9ae66a98-9b96-4932-9a3e-d52180cd1609,1701820800000,
dd3e3c42-3138-4dc8-9a49-d0aa96807f19.binning_data.json,2023-12-07 03:47:29.222,2023-12-07 03:47:29.222,com.sec.android.app.shealth,0,2384,1.3034508,1778.61,90.79,R5wtjjS0Fd,com.sec.android.app.shealth,dd3e3c42-3138-4dc8-9a49-d0aa96807f19,1701820800000,
3598cad9-d7b8-47aa-b6be-f120d6aaea08.binning_data.json,2023-12-07 17:21:15.479,2023-12-07 10:32:52.297,com.sec.android.app.shealth,-2,1603,1.1750212,1179.32,63.31,VfS0qUERdZ,com.sec.android.app.shealth,3598cad9-d7b8-47aa-b6be-f120d6aaea08,1701907200000,
5d1df975-8351-4573-83a8-ebd35c8184c0.binning_data.json,2023-12-08 03:00:01.048,2023-12-08 03:00:01.048,com.sec.android.app.shealth,0,1603,1.1750212,1179.32,63.31,R5wtjjS0Fd,com.sec.android.app.shealth,5d1df975-8351-4573-83a8-ebd35c8184c0,1701907200000,
ca2c8c75-e4d4-4c2c-b846-08da07922128.binning_data.json,2023-12-08 20:29:37.978,2023-12-08 10:15:01.431,com.sec.android.app.shealth,-2,2091,1.2992376,1570.4501,78.63,VfS0qUERdZ,com.sec.android.app.shealth,ca2c8c75-e4d4-4c2c-b846-08da07922128,1701993600000,
42fa77dd-9580-4973-ac11-8c6f3366a46e.binning_data.json,2023-12-09 04:41:27.346,2023-12-09 04:41:27.346,com.sec.android.app.shealth,0,2091,1.2992376,1570.4501,78.63,R5wtjjS0Fd,com.sec.android.app.shealth,42fa77dd-9580-4973-ac11-8c6f3366a46e,1701993600000,
a58efde7-a710-4f12-80d5-08021ccd2a48.binning_data.json,2023-12-09 23:16:14.719,2023-12-09 12:10:23.510,com.sec.android.app.shealth,-2,228,1.2083762,167.89,8.46,VfS0qUERdZ,com.sec.android.app.shealth,a58efde7-a710-4f12-80d5-08021ccd2a48,1702080000000,
21bb65fa-0126-4c60-9461-dc70a896b3a2.binning_data.json,2023-12-10 03:00:02.017,2023-12-10 03:00:02.017,com.sec.android.app.shealth,0,228,1.2083762,167.89,8.46,R5wtjjS0Fd,com.sec.android.app.shealth,21bb65fa-0126-4c60-9461-dc70a896b3a2,1702080000000,
12495e20-c7c5-46d7-823b-cdf587b3971c.binning_data.json,2023-12-11 00:37:14.115,2023-12-10 10:30:31.309,com.sec.android.app.shealth,-2,408,1.1387676,291.38998,15.559999,VfS0qUERdZ,com.sec.android.app.shealth,12495e20-c7c5-46d7-823b-cdf587b3971c,1702166400000,
4731d118-0f99-460c-a30e-3fdc0b205a87.binning_data.json,2023-12-11 03:00:01.393,2023-12-11 03:00:01.393,com.sec.android.app.shealth,0,408,1.1387676,291.38998,15.559999,R5wtjjS0Fd,com.sec.android.app.shealth,4731d118-0f99-460c-a30e-3fdc0b205a87,1702166400000,
7e9436eb-7e47-41d0-bfc0-0ce3b4d8074f.binning_data.json,2023-12-12 02:08:27.677,2023-12-11 09:31:42.435,com.sec.android.app.shealth,-2,3614,1.2905335,2679.7,139.81,VfS0qUERdZ,com.sec.android.app.shealth,7e9436eb-7e47-41d0-bfc0-0ce3b4d8074f,1702252800000,
472741fd-8a08-430c-b2fe-ef1917ff7f2b.binning_data.json,2023-12-12 03:00:01.603,2023-12-12 03:00:01.603,com.sec.android.app.shealth,0,3614,1.2905335,2679.7,139.81,R5wtjjS0Fd,com.sec.android.app.shealth,472741fd-8a08-430c-b2fe-ef1917ff7f2b,1702252800000,
1cb1877a-6991-4bf7-baa0-66a79a063f43.binning_data.json,2023-12-13 01:03:53.469,2023-12-12 11:35:03.275,com.sec.android.app.shealth,-2,1559,1.2931364,1171.9,58.55,VfS0qUERdZ,com.sec.android.app.shealth,1cb1877a-6991-4bf7-baa0-66a79a063f43,1702339200000,
cb012709-c7fc-4005-8899-fa263f83bd90.binning_data.json,2023-12-13 03:08:32.648,2023-12-13 03:08:32.648,com.sec.android.app.shealth,0,1559,1.2931364,1171.9,58.55,R5wtjjS0Fd,com.sec.android.app.shealth,cb012709-c7fc-4005-8899-fa263f83bd90,1702339200000,
a8795ad2-ade5-4795-b326-aa7ce27367c8.binning_data.json,2023-12-13 21:15:02.702,2023-12-13 09:36:10.964,com.sec.android.app.shealth,-2,2654,1.2045393,1951.8,103.19,VfS0qUERdZ,com.sec.android.app.shealth,a8795ad2-ade5-4795-b326-aa7ce27367c8,1702425600000,
33492914-457e-42b8-a11e-61bae82e94b8.binning_data.json,2023-12-14 03:00:02.534,2023-12-14 03:00:02.534,com.sec.android.app.shealth,0,2654,1.2045393,1951.8,103.19,R5wtjjS0Fd,com.sec.android.app.shealth,33492914-457e-42b8-a11e-61bae82e94b8,1702425600000,
cea26e92-c0ab-4349-81b5-9b1c3498b9a7.binning_data.json,2023-12-15 00:55:03.560,2023-12-14 11:55:02.962,com.sec.android.app.shealth,-2,5647,1.2675174,4196.59,220.81,VfS0qUERdZ,com.sec.android.app.shealth,cea26e92-c0ab-4349-81b5-9b1c3498b9a7,1702512000000,
b4bbf634-f6ee-4131-8968-f0b2eec3ab97.binning_data.json,2023-12-15 03:00:01.783,2023-12-15 03:00:01.783,com.sec.android.app.shealth,0,5647,1.2675174,4196.59,220.81,R5wtjjS0Fd,com.sec.android.app.shealth,b4bbf634-f6ee-4131-8968-f0b2eec3ab97,1702512000000,
3ee3c0b5-acc1-4391-9c8f-fe6f8330336a.binning_data.json,2023-12-15 18:15:01.033,2023-12-15 09:15:02.427,com.sec.android.app.shealth,-2,426,1.207412,315.97,16.3,VfS0qUERdZ,com.sec.android.app.shealth,3ee3c0b5-acc1-4391-9c8f-fe6f8330336a,1702598400000,
5200b9da-bd1e-40b5-a72d-1d8eaff7ebef.binning_data.json,2023-12-16 03:00:00.818,2023-12-16 03:00:00.818,com.sec.android.app.shealth,0,426,1.207412,315.97,16.3,R5wtjjS0Fd,com.sec.android.app.shealth,5200b9da-bd1e-40b5-a72d-1d8eaff7ebef,1702598400000,
de02b2fb-d938-48c3-aa94-0c8a9e3742a8.binning_data.json,2023-12-17 00:55:01.149,2023-12-16 11:53:10.830,com.sec.android.app.shealth,-2,3032,1.2392533,2227.69,116.71,VfS0qUERdZ,com.sec.android.app.shealth,de02b2fb-d938-48c3-aa94-0c8a9e3742a8,1702684800000,
0fbac7cb-0e4c-4d78-b918-ccb7c76f643f.binning_data.json,2023-12-17 03:00:00.992,2023-12-17 03:00:00.992,com.sec.android.app.shealth,0,3032,1.2392533,2227.69,116.71,R5wtjjS0Fd,com.sec.android.app.shealth,0fbac7cb-0e4c-4d78-b918-ccb7c76f643f,1702684800000,
4b00a2d2-ff2a-47e0-8cba-cb37c29305fc.binning_data.json,2023-12-18 03:44:41.421,2023-12-17 10:25:24.953,com.sec.android.app.shealth,-2,9179,1.2547506,6855.57,361.16,VfS0qUERdZ,com.sec.android.app.shealth,4b00a2d2-ff2a-47e0-8cba-cb37c29305fc,1702771200000,
aaca00c3-a2c1-4018-b1bd-ee7e4f940591.binning_data.json,2023-12-18 03:44:33.606,2023-12-18 03:44:33.606,com.sec.android.app.shealth,0,9179,1.2547506,6855.57,361.16,R5wtjjS0Fd,com.sec.android.app.shealth,aaca00c3-a2c1-4018-b1bd-ee7e4f940591,1702771200000,
07d98fe4-6b12-49a5-adc2-e01a58e18cf9.binning_data.json,2023-12-18 23:24:43.226,2023-12-18 08:55:05.273,com.sec.android.app.shealth,-2,11672,1.2780316,8713.74,457.18,VfS0qUERdZ,com.sec.android.app.shealth,07d98fe4-6b12-49a5-adc2-e01a58e18cf9,1702857600000,
237b79a4-c4b8-4d8e-b8c7-a72747c3212c.binning_data.json,2023-12-19 03:00:01.000,2023-12-19 03:00:01.000,com.sec.android.app.shealth,0,11672,1.2780316,8713.74,457.18,R5wtjjS0Fd,com.sec.android.app.shealth,237b79a4-c4b8-4d8e-b8c7-a72747c3212c,1702857600000,
bae93cba-20ec-47ca-a809-6bb38f5ddbd4.binning_data.json,2023-12-19 19:53:29.627,2023-12-19 12:06:11.998,com.sec.android.app.shealth,-2,3840,1.2379497,2852.82,146.6,VfS0qUERdZ,com.sec.android.app.shealth,bae93cba-20ec-47ca-a809-6bb38f5ddbd4,1702944000000,
28da7ea9-0fd8-4884-aec5-36e6b0937740.binning_data.json,2023-12-20 03:00:00.811,2023-12-20 03:00:00.811,com.sec.android.app.shealth,0,3840,1.2379497,2852.82,146.6,R5wtjjS0Fd,com.sec.android.app.shealth,28da7ea9-0fd8-4884-aec5-36e6b0937740,1702944000000,
01ff938a-3d42-440b-81c8-38476d8044cf.binning_data.json,2023-12-21 00:12:38.546,2023-12-20 12:00:57.382,com.sec.android.app.shealth,-2,6866,1.3239698,5140.26,254.74,VfS0qUERdZ,com.sec.android.app.shealth,01ff938a-3d42-440b-81c8-38476d8044cf,1703030400000,
1675f516-59e8-415c-b497-fbc8c39a5ce1.binning_data.json,2023-12-21 03:36:42.284,2023-12-21 03:36:42.284,com.sec.android.app.shealth,0,6866,1.3239698,5140.26,254.74,R5wtjjS0Fd,com.sec.android.app.shealth,1675f516-59e8-415c-b497-fbc8c39a5ce1,1703030400000,
8069d0b1-6c98-42bc-a956-103e5c117b73.binning_data.json,2023-12-21 17:39:00.757,2023-12-21 11:36:16.612,com.sec.android.app.shealth,-2,1622,1.2677977,1200.61,62.82,VfS0qUERdZ,com.sec.android.app.shealth,8069d0b1-6c98-42bc-a956-103e5c117b73,1703116800000,
c99f66fb-65df-46ad-a2cc-804542f204b2.binning_data.json,2023-12-22 03:00:01.542,2023-12-22 03:00:01.542,com.sec.android.app.shealth,0,1622,1.2677977,1200.61,62.82,R5wtjjS0Fd,com.sec.android.app.shealth,c99f66fb-65df-46ad-a2cc-804542f204b2,1703116800000,
4b579107-4786-426f-8546-331e63290d86.binning_data.json,2023-12-23 03:00:01.571,2023-12-22 11:15:02.310,com.sec.android.app.shealth,-2,1057,1.2303412,765.58,41.22,VfS0qUERdZ,com.sec.android.app.shealth,4b579107-4786-426f-8546-331e63290d86,1703203200000,
94c0ef39-20bb-417d-a520-beab6cb04497.binning_data.json,2023-12-23 03:00:00.886,2023-12-23 03:00:00.886,com.sec.android.app.shealth,0,1057,1.2303412,765.58,41.22,R5wtjjS0Fd,com.sec.android.app.shealth,94c0ef39-20bb-417d-a520-beab6cb04497,1703203200000,
f8ff6b36-5685-4040-b8bb-9a81bbb5e976.binning_data.json,2023-12-24 02:46:29.861,2023-12-23 11:01:12.542,com.sec.android.app.shealth,-2,1072,1.2991861,801.62,38.67,VfS0qUERdZ,com.sec.android.app.shealth,f8ff6b36-5685-4040-b8bb-9a81bbb5e976,1703289600000,
f7219130-a3e8-4bf6-af0c-d435194052e1.binning_data.json,2023-12-24 03:00:01.663,2023-12-24 03:00:01.663,com.sec.android.app.shealth,0,1072,1.2991861,801.62,38.67,R5wtjjS0Fd,com.sec.android.app.shealth,f7219130-a3e8-4bf6-af0c-d435194052e1,1703289600000,
7e2c5784-80c9-4bc2-8a9f-64a9eec85f80.binning_data.json,2023-12-25 23:35:03.119,2023-12-25 13:09:44.104,com.sec.android.app.shealth,-2,2215,1.2352381,1643.68,87.14,VfS0qUERdZ,com.sec.android.app.shealth,7e2c5784-80c9-4bc2-8a9f-64a9eec85f80,1703462400000,
c742bb79-1014-4208-9c2c-d102cbf6d620.binning_data.json,2023-12-26 03:47:55.221,2023-12-26 03:47:55.221,com.sec.android.app.shealth,0,2215,1.2352381,1643.68,87.14,R5wtjjS0Fd,com.sec.android.app.shealth,c742bb79-1014-4208-9c2c-d102cbf6d620,1703462400000,
bd4acf4b-8fba-409e-9f0a-4c080d40ab99.binning_data.json,2023-12-27 01:55:04.043,2023-12-26 12:15:03.094,com.sec.android.app.shealth,-2,151,1.1398578,108.55,5.61,VfS0qUERdZ,com.sec.android.app.shealth,bd4acf4b-8fba-409e-9f0a-4c080d40ab99,1703548800000,
cddd0aec-f025-4040-880a-973fc8b63295.binning_data.json,2023-12-27 03:00:02.009,2023-12-27 03:00:02.009,com.sec.android.app.shealth,0,151,1.1398578,108.55,5.61,R5wtjjS0Fd,com.sec.android.app.shealth,cddd0aec-f025-4040-880a-973fc8b63295,1703548800000,
eec6849f-0c26-4c71-86b3-2b13f40cb468.binning_data.json,2023-12-28 00:31:54.205,2023-12-27 12:35:02.659,com.sec.android.app.shealth,-2,5935,1.2757556,4416.16,233.56,VfS0qUERdZ,com.sec.android.app.shealth,eec6849f-0c26-4c71-86b3-2b13f40cb468,1703635200000,
8a4e15dd-d8c5-4770-be00-e9d7920ff9b4.binning_data.json,2023-12-28 04:55:33.655,2023-12-28 04:55:33.655,com.sec.android.app.shealth,0,5935,1.2757556,4416.16,233.56,R5wtjjS0Fd,com.sec.android.app.shealth,8a4e15dd-d8c5-4770-be00-e9d7920ff9b4,1703635200000,
7511c7a8-42cd-4ece-9623-6d30c5858a6a.binning_data.json,2023-12-28 21:50:28.253,2023-12-28 11:08:55.398,com.sec.android.app.shealth,-2,78,1.1740656,57.05,2.8899999,VfS0qUERdZ,com.sec.android.app.shealth,7511c7a8-42cd-4ece-9623-6d30c5858a6a,1703721600000,
084fabac-084f-4280-a24e-f850e38b3c03.binning_data.json,2023-12-29 03:00:01.585,2023-12-29 03:00:01.585,com.sec.android.app.shealth,0,78,1.1740656,57.05,2.8899999,R5wtjjS0Fd,com.sec.android.app.shealth,084fabac-084f-4280-a24e-f850e38b3c03,1703721600000,
8685613f-b0bb-4764-8cdd-6bac6977e387.binning_data.json,2023-12-29 14:46:16.625,2023-12-29 13:15:02.489,com.sec.android.app.shealth,-2,5441,1.4087337,4110.72,184.76,VfS0qUERdZ,com.sec.android.app.shealth,8685613f-b0bb-4764-8cdd-6bac6977e387,1703808000000,
989354e2-dab8-474d-b01d-4143b2549757.binning_data.json,2023-12-30 03:35:10.728,2023-12-30 03:35:10.728,com.sec.android.app.shealth,0,5441,1.4087337,4110.72,184.76,R5wtjjS0Fd,com.sec.android.app.shealth,989354e2-dab8-474d-b01d-4143b2549757,1703808000000,
98787166-690d-4640-8c38-ba364d3bb135.binning_data.json,2023-12-30 23:37:11.104,2023-12-30 10:55:03.117,com.sec.android.app.shealth,-2,5165,1.3175282,3890.1401,200.68,VfS0qUERdZ,com.sec.android.app.shealth,98787166-690d-4640-8c38-ba364d3bb135,1703894400000,
09619f36-29ee-41fa-855e-b11040b929ad.binning_data.json,2023-12-31 03:27:05.212,2023-12-31 03:27:05.212,com.sec.android.app.shealth,0,5165,1.3175282,3890.1401,200.68,R5wtjjS0Fd,com.sec.android.app.shealth,09619f36-29ee-41fa-855e-b11040b929ad,1703894400000,
39f670a8-d676-4c36-8435-d5ab96808221.binning_data.json,2023-12-31 16:15:03.800,2023-12-31 14:15:03.843,com.sec.android.app.shealth,-2,3343,1.1710066,2453.29,131.1,VfS0qUERdZ,com.sec.android.app.shealth,39f670a8-d676-4c36-8435-d5ab96808221,1703980800000,
c3a49894-6a0f-4fc6-b054-05cf65956c39.binning_data.json,2024-01-01 03:00:01.823,2024-01-01 03:00:01.823,com.sec.android.app.shealth,0,3343,1.1710066,2453.29,131.1,R5wtjjS0Fd,com.sec.android.app.shealth,c3a49894-6a0f-4fc6-b054-05cf65956c39,1703980800000,
b11217e8-ea2e-4c9f-bd8b-9a62f2884b87.binning_data.json,2024-01-01 22:58:45.979,2024-01-01 11:55:01.645,com.sec.android.app.shealth,-2,50,1.0524191,35.88,1.89,VfS0qUERdZ,com.sec.android.app.shealth,b11217e8-ea2e-4c9f-bd8b-9a62f2884b87,1704067200000,
669d8bd8-516c-4af7-9c91-bd85e6b04f17.binning_data.json,2024-01-02 03:00:01.219,2024-01-02 03:00:01.219,com.sec.android.app.shealth,0,50,1.0524191,35.88,1.89,R5wtjjS0Fd,com.sec.android.app.shealth,669d8bd8-516c-4af7-9c91-bd85e6b04f17,1704067200000,
ecef974f-e658-42f8-8d7b-85752457cfb5.binning_data.json,2024-01-02 23:41:12.516,2024-01-02 19:35:03.375,com.sec.android.app.shealth,-2,399,1.2165176,297.08002,15.28,VfS0qUERdZ,com.sec.android.app.shealth,ecef974f-e658-42f8-8d7b-85752457cfb5,1704153600000,
035f767b-0167-43e4-bfa2-9b0fa897ed30.binning_data.json,2024-01-03 03:44:56.201,2024-01-03 03:44:56.201,com.sec.android.app.shealth,0,399,1.2165176,297.08002,15.28,R5wtjjS0Fd,com.sec.android.app.shealth,035f767b-0167-43e4-bfa2-9b0fa897ed30,1704153600000,
a6ae082e-3d83-4667-997a-9f00e3e25375.binning_data.json,2024-01-03 18:35:03.937,2024-01-03 12:52:23.852,com.sec.android.app.shealth,-2,1545,1.2647883,1154.52,60.62,VfS0qUERdZ,com.sec.android.app.shealth,a6ae082e-3d83-4667-997a-9f00e3e25375,1704240000000,
4e7a952f-f3f2-456a-a45b-050bacd7cba3.binning_data.json,2024-01-04 03:15:49.912,2024-01-04 03:15:49.912,com.sec.android.app.shealth,0,1545,1.2647883,1154.52,60.62,R5wtjjS0Fd,com.sec.android.app.shealth,4e7a952f-f3f2-456a-a45b-050bacd7cba3,1704240000000,
b0431824-b80a-4ae5-ad1b-014e8c5f9502.binning_data.json,2024-01-05 01:15:02.164,2024-01-04 11:55:03.967,com.sec.android.app.shealth,-2,3947,1.2857068,2950.6401,155.85,VfS0qUERdZ,com.sec.android.app.shealth,b0431824-b80a-4ae5-ad1b-014e8c5f9502,1704326400000,
814c2fc1-2ec0-4567-be40-e3b2496846ec.binning_data.json,2024-01-05 03:00:01.532,2024-01-05 03:00:01.532,com.sec.android.app.shealth,0,3947,1.2857068,2950.6401,155.85,R5wtjjS0Fd,com.sec.android.app.shealth,814c2fc1-2ec0-4567-be40-e3b2496846ec,1704326400000,
319d1075-1379-4bc6-a735-fc7e70b4f707.binning_data.json,2024-01-05 21:35:02.138,2024-01-05 12:25:04.509,com.sec.android.app.shealth,-2,6930,1.3121735,5152.44,262.59,VfS0qUERdZ,com.sec.android.app.shealth,319d1075-1379-4bc6-a735-fc7e70b4f707,1704412800000,
05432662-f755-4036-af50-ee8e3ea3060a.binning_data.json,2024-01-06 03:00:01.126,2024-01-06 03:00:01.126,com.sec.android.app.shealth,0,6930,1.3121735,5152.44,262.59,R5wtjjS0Fd,com.sec.android.app.shealth,05432662-f755-4036-af50-ee8e3ea3060a,1704412800000,
d6720105-e086-4923-92d0-55c7e751c2bb.binning_data.json,2024-01-07 02:32:44.461,2024-01-06 11:55:02.307,com.sec.android.app.shealth,-2,2411,1.3019516,1811.22,92.32,VfS0qUERdZ,com.sec.android.app.shealth,d6720105-e086-4923-92d0-55c7e751c2bb,1704499200000,
f97e9a71-45bb-4e19-a57a-a88be7c23bf5.binning_data.json,2024-01-07 03:00:01.895,2024-01-07 03:00:01.895,com.sec.android.app.shealth,0,2411,1.3019516,1811.22,92.32,R5wtjjS0Fd,com.sec.android.app.shealth,f97e9a71-45bb-4e19-a57a-a88be7c23bf5,1704499200000,
f3f9afd2-818e-40b9-87d2-5d5b7dd92db2.binning_data.json,2024-01-08 02:18:15.348,2024-01-07 12:38:47.236,com.sec.android.app.shealth,-2,93,1.0671881,67.29,3.43,VfS0qUERdZ,com.sec.android.app.shealth,f3f9afd2-818e-40b9-87d2-5d5b7dd92db2,1704585600000,
a89465f0-e1f8-4222-8d74-5c8eac51c6b1.binning_data.json,2024-01-08 03:00:02.834,2024-01-08 03:00:02.834,com.sec.android.app.shealth,0,93,1.0671881,67.29,3.43,R5wtjjS0Fd,com.sec.android.app.shealth,a89465f0-e1f8-4222-8d74-5c8eac51c6b1,1704585600000,
5e9f3deb-a061-4958-814d-da7e05702522.binning_data.json,2024-01-08 19:15:04.869,2024-01-08 12:11:33.151,com.sec.android.app.shealth,-2,1601,1.2278945,1182.84,63.35,VfS0qUERdZ,com.sec.android.app.shealth,5e9f3deb-a061-4958-814d-da7e05702522,1704672000000,
143489e1-7fc1-40cd-bf54-bed57de44e48.binning_data.json,2024-01-09 03:26:00.435,2024-01-09 03:26:00.435,com.sec.android.app.shealth,0,1601,1.2278945,1182.84,63.35,R5wtjjS0Fd,com.sec.android.app.shealth,143489e1-7fc1-40cd-bf54-bed57de44e48,1704672000000,
e82bd341-b497-4c18-82f6-80dc8425366e.binning_data.json,2024-01-09 17:33:04.188,2024-01-09 12:38:10.078,com.sec.android.app.shealth,-2,4032,1.2926842,3009.36,155.08,VfS0qUERdZ,com.sec.android.app.shealth,e82bd341-b497-4c18-82f6-80dc8425366e,1704758400000,
10087608-00c4-4aac-9b8f-816bb15d5689.binning_data.json,2024-01-10 03:35:55.617,2024-01-10 03:35:55.617,com.sec.android.app.shealth,0,4032,1.2926842,3009.36,155.08,R5wtjjS0Fd,com.sec.android.app.shealth,10087608-00c4-4aac-9b8f-816bb15d5689,1704758400000,
540d3b30-5cf0-47e9-a434-d1ed63fc38d6.binning_data.json,2024-01-11 00:02:00.873,2024-01-10 10:55:02.858,com.sec.android.app.shealth,-2,1891,1.2259029,1397.9401,74.22,VfS0qUERdZ,com.sec.android.app.shealth,540d3b30-5cf0-47e9-a434-d1ed63fc38d6,1704844800000,
57f3afc7-61d5-4228-b1cb-86fe3d2e3f7c.binning_data.json,2024-01-11 03:00:00.853,2024-01-11 03:00:00.853,com.sec.android.app.shealth,0,1891,1.2259029,1397.9401,74.22,R5wtjjS0Fd,com.sec.android.app.shealth,57f3afc7-61d5-4228-b1cb-86fe3d2e3f7c,1704844800000,
cbae7335-9b9f-4810-83c4-ab70c2120ebe.binning_data.json,2024-01-11 19:15:02.904,2024-01-11 10:56:32.652,com.sec.android.app.shealth,-2,2537,1.2223154,1861.71,100.25,VfS0qUERdZ,com.sec.android.app.shealth,cbae7335-9b9f-4810-83c4-ab70c2120ebe,1704931200000,
a7598c5e-1018-472d-bb7c-c421be836dce.binning_data.json,2024-01-12 03:44:26.010,2024-01-12 03:44:26.010,com.sec.android.app.shealth,0,2537,1.2223154,1861.71,100.25,R5wtjjS0Fd,com.sec.android.app.shealth,a7598c5e-1018-472d-bb7c-c421be836dce,1704931200000,
10bd1881-de95-491c-990c-b504561b086b.binning_data.json,2024-01-12 23:53:17.494,2024-01-12 11:35:01.918,com.sec.android.app.shealth,-2,3089,1.3061191,2324.95,119.09,VfS0qUERdZ,com.sec.android.app.shealth,10bd1881-de95-491c-990c-b504561b086b,1705017600000,
e43e1237-e083-4dc4-969e-84f59a4f6cb9.binning_data.json,2024-01-13 03:00:06.054,2024-01-13 03:00:06.054,com.sec.android.app.shealth,0,3089,1.3061191,2324.95,119.09,R5wtjjS0Fd,com.sec.android.app.shealth,e43e1237-e083-4dc4-969e-84f59a4f6cb9,1705017600000,
5d481c33-c5ce-4e27-9f3f-993f0cb2a3d6.binning_data.json,2024-01-13 21:40:43.183,2024-01-13 11:53:05.805,com.sec.android.app.shealth,-2,1673,1.2441139,1244.6599,63.54999,VfS0qUERdZ,com.sec.android.app.shealth,5d481c33-c5ce-4e27-9f3f-993f0cb2a3d6,1705104000000,
609b4203-681c-40d9-b90c-3afa1db573fc.binning_data.json,2024-01-14 03:05:49.625,2024-01-14 03:05:49.625,com.sec.android.app.shealth,0,1673,1.2441139,1244.6599,63.54999,R5wtjjS0Fd,com.sec.android.app.shealth,609b4203-681c-40d9-b90c-3afa1db573fc,1705104000000,
76198300-e794-41f2-97c2-fe7f6eb5e296.binning_data.json,2024-01-14 13:35:59.194,2024-01-14 11:15:01.864,com.sec.android.app.shealth,-2,8373,1.3201144,6294.48,332.98,VfS0qUERdZ,com.sec.android.app.shealth,76198300-e794-41f2-97c2-fe7f6eb5e296,1705190400000,
df510604-080d-4f13-9a2e-07ec419c3f6c.binning_data.json,2024-01-15 03:00:02.998,2024-01-15 03:00:02.998,com.sec.android.app.shealth,0,8373,1.3201144,6294.48,332.98,R5wtjjS0Fd,com.sec.android.app.shealth,df510604-080d-4f13-9a2e-07ec419c3f6c,1705190400000,
821cec52-5433-43d9-8e70-273d98dc6d05.binning_data.json,2024-01-16 00:33:37.242,2024-01-15 11:19:26.668,com.sec.android.app.shealth,-2,1664,1.2209885,1233.13,65.549995,VfS0qUERdZ,com.sec.android.app.shealth,821cec52-5433-43d9-8e70-273d98dc6d05,1705276800000,
c529d127-6736-4375-82cf-fc944e909311.binning_data.json,2024-01-16 04:50:29.622,2024-01-16 04:50:29.622,com.sec.android.app.shealth,0,1664,1.2209885,1233.13,65.549995,R5wtjjS0Fd,com.sec.android.app.shealth,c529d127-6736-4375-82cf-fc944e909311,1705276800000,
df60ea33-2d7b-4a4b-ad67-bc3f8c22ee90.binning_data.json,2024-01-17 00:17:13.579,2024-01-16 09:59:51.304,com.sec.android.app.shealth,-2,1832,1.1984597,1350.6,71.72,VfS0qUERdZ,com.sec.android.app.shealth,df60ea33-2d7b-4a4b-ad67-bc3f8c22ee90,1705363200000,
ba5533b9-8f57-4511-baa6-147cb6e986b8.binning_data.json,2024-01-17 03:00:01.469,2024-01-17 03:00:01.469,com.sec.android.app.shealth,0,1832,1.1984597,1350.6,71.72,R5wtjjS0Fd,com.sec.android.app.shealth,ba5533b9-8f57-4511-baa6-147cb6e986b8,1705363200000,
894012f1-d147-4255-846e-1aa3a2fa6792.binning_data.json,2024-01-17 19:55:05.780,2024-01-17 12:49:29.562,com.sec.android.app.shealth,-2,2320,1.2712533,1724.95,88.64,VfS0qUERdZ,com.sec.android.app.shealth,894012f1-d147-4255-846e-1aa3a2fa6792,1705449600000,
7188cf26-1fec-45c2-9e4d-b80454982980.binning_data.json,2024-01-18 03:28:46.037,2024-01-18 03:28:46.037,com.sec.android.app.shealth,0,2320,1.2712533,1724.95,88.64,R5wtjjS0Fd,com.sec.android.app.shealth,7188cf26-1fec-45c2-9e4d-b80454982980,1705449600000,
c4f67c9b-96f7-48f1-a1c4-1ea933d2ca2f.binning_data.json,2024-01-18 18:55:02.769,2024-01-18 11:55:01.731,com.sec.android.app.shealth,-2,1689,1.2368805,1255.95,66.02,VfS0qUERdZ,com.sec.android.app.shealth,c4f67c9b-96f7-48f1-a1c4-1ea933d2ca2f,1705536000000,
33a831e1-2610-4336-a6b4-688a64810615.binning_data.json,2024-01-19 03:00:02.423,2024-01-19 03:00:02.423,com.sec.android.app.shealth,0,1689,1.2368805,1255.95,66.02,R5wtjjS0Fd,com.sec.android.app.shealth,33a831e1-2610-4336-a6b4-688a64810615,1705536000000,
3ed69e29-6e99-42fa-9ab2-7da3d1a0bf95.binning_data.json,2024-01-19 23:01:44.204,2024-01-19 11:46:58.908,com.sec.android.app.shealth,-2,1602,1.2500929,1189.24,61.32,VfS0qUERdZ,com.sec.android.app.shealth,3ed69e29-6e99-42fa-9ab2-7da3d1a0bf95,1705622400000,
da99c204-42d3-432f-96d8-0326e3d716e7.binning_data.json,2024-01-20 03:00:01.836,2024-01-20 03:00:01.836,com.sec.android.app.shealth,0,1602,1.2500929,1189.24,61.32,R5wtjjS0Fd,com.sec.android.app.shealth,da99c204-42d3-432f-96d8-0326e3d716e7,1705622400000,
62f7991a-3c01-4c68-ad70-07d5d35fd09f.binning_data.json,2024-01-21 02:33:44.567,2024-01-20 11:48:49.463,com.sec.android.app.shealth,-2,1106,1.2420619,812.73,42.31,VfS0qUERdZ,com.sec.android.app.shealth,62f7991a-3c01-4c68-ad70-07d5d35fd09f,1705708800000,
2c5ce39d-b1d1-40b2-8b87-5ef749c4ac63.binning_data.json,2024-01-21 03:00:01.768,2024-01-21 03:00:01.768,com.sec.android.app.shealth,0,1106,1.2420619,812.73,42.31,R5wtjjS0Fd,com.sec.android.app.shealth,2c5ce39d-b1d1-40b2-8b87-5ef749c4ac63,1705708800000,
c9ad4471-6df8-4458-a552-cf49c92960ca.binning_data.json,2024-01-22 00:55:03.083,2024-01-21 09:35:40.099,com.sec.android.app.shealth,-2,1752,1.2810547,1325.61,65.08,VfS0qUERdZ,com.sec.android.app.shealth,c9ad4471-6df8-4458-a552-cf49c92960ca,1705795200000,
c26cf8b2-46ef-4817-8a54-cd62891c34d1.binning_data.json,2024-01-22 03:00:01.711,2024-01-22 03:00:01.711,com.sec.android.app.shealth,0,1752,1.2810547,1325.61,65.08,R5wtjjS0Fd,com.sec.android.app.shealth,c26cf8b2-46ef-4817-8a54-cd62891c34d1,1705795200000,
e9e4ebc4-35e6-470f-b246-0974bb46afa2.binning_data.json,2024-01-22 17:01:15.827,2024-01-22 12:37:51.565,com.sec.android.app.shealth,-2,1554,1.2959492,1167.15,59.69,VfS0qUERdZ,com.sec.android.app.shealth,e9e4ebc4-35e6-470f-b246-0974bb46afa2,1705881600000,
0385a970-17a4-42de-8f66-54125161f006.binning_data.json,2024-01-23 03:00:01.781,2024-01-23 03:00:01.781,com.sec.android.app.shealth,0,1554,1.2959492,1167.15,59.69,R5wtjjS0Fd,com.sec.android.app.shealth,0385a970-17a4-42de-8f66-54125161f006,1705881600000,
bee6dc4a-811a-455f-b60b-a190b8a34690.binning_data.json,2024-01-23 23:08:23.789,2024-01-23 10:35:06.170,com.sec.android.app.shealth,-2,3071,1.3369576,2270.88,114.27,VfS0qUERdZ,com.sec.android.app.shealth,bee6dc4a-811a-455f-b60b-a190b8a34690,1705968000000,
a37f90fc-4467-4531-a847-9ebc961e3f9a.binning_data.json,2024-01-24 03:29:46.664,2024-01-24 03:29:46.664,com.sec.android.app.shealth,0,3071,1.3369576,2270.88,114.27,R5wtjjS0Fd,com.sec.android.app.shealth,a37f90fc-4467-4531-a847-9ebc961e3f9a,1705968000000,
d9b9f4a5-6e78-472d-b8ae-7377412f722f.binning_data.json,2024-01-25 02:07:41.196,2024-01-24 13:38:36.113,com.sec.android.app.shealth,-2,1406,1.2894659,1056.94,51.76,VfS0qUERdZ,com.sec.android.app.shealth,d9b9f4a5-6e78-472d-b8ae-7377412f722f,1706054400000,
c31d07fe-7f52-470c-9b01-1d70289e8a4f.binning_data.json,2024-01-25 03:00:00.836,2024-01-25 03:00:00.836,com.sec.android.app.shealth,0,1406,1.2894659,1056.94,51.76,R5wtjjS0Fd,com.sec.android.app.shealth,c31d07fe-7f52-470c-9b01-1d70289e8a4f,1706054400000,
41dfa66d-e663-4873-9c4e-69e24486a5b6.binning_data.json,2024-01-25 17:15:02.801,2024-01-25 11:20:47.837,com.sec.android.app.shealth,-2,1567,1.2827185,1164.28,60.21,VfS0qUERdZ,com.sec.android.app.shealth,41dfa66d-e663-4873-9c4e-69e24486a5b6,1706140800000,
dbffea22-46e2-4a71-a686-1d7c058728db.binning_data.json,2024-01-26 03:00:00.912,2024-01-26 03:00:00.912,com.sec.android.app.shealth,0,1567,1.2827185,1164.28,60.21,R5wtjjS0Fd,com.sec.android.app.shealth,dbffea22-46e2-4a71-a686-1d7c058728db,1706140800000,
55d9e52b-6a89-4bb2-a89b-39b3f0b006ec.binning_data.json,2024-01-27 00:07:56.000,2024-01-26 11:35:03.130,com.sec.android.app.shealth,-2,2698,1.3168966,2028.86,99.83,VfS0qUERdZ,com.sec.android.app.shealth,55d9e52b-6a89-4bb2-a89b-39b3f0b006ec,1706227200000,
955e1879-84e9-4f13-85d9-0b1ad0385a29.binning_data.json,2024-01-27 03:00:01.115,2024-01-27 03:00:01.115,com.sec.android.app.shealth,0,2698,1.3168966,2028.86,99.83,R5wtjjS0Fd,com.sec.android.app.shealth,955e1879-84e9-4f13-85d9-0b1ad0385a29,1706227200000,
af5ead3a-dbc0-4dac-8448-b04059a58fb6.binning_data.json,2024-01-27 23:20:59.776,2024-01-27 11:55:01.613,com.sec.android.app.shealth,-2,4628,1.293057,3465.86,181.48,VfS0qUERdZ,com.sec.android.app.shealth,af5ead3a-dbc0-4dac-8448-b04059a58fb6,1706313600000,
e57f7793-8d00-4fbe-82df-2733480a9893.binning_data.json,2024-01-28 03:11:03.161,2024-01-28 03:11:03.161,com.sec.android.app.shealth,0,4628,1.293057,3465.86,181.48,R5wtjjS0Fd,com.sec.android.app.shealth,e57f7793-8d00-4fbe-82df-2733480a9893,1706313600000,
3f47cc83-ff0c-4780-884f-7eb7e7c2cacc.binning_data.json,2024-01-29 01:02:00.464,2024-01-28 12:35:01.971,com.sec.android.app.shealth,-2,222,1.1555802,165.97,8.28,VfS0qUERdZ,com.sec.android.app.shealth,3f47cc83-ff0c-4780-884f-7eb7e7c2cacc,1706400000000,
15bbd4df-04a2-4596-a132-2ab6c2bdd12a.binning_data.json,2024-01-29 03:00:02.756,2024-01-29 03:00:02.756,com.sec.android.app.shealth,0,222,1.1555802,165.97,8.28,R5wtjjS0Fd,com.sec.android.app.shealth,15bbd4df-04a2-4596-a132-2ab6c2bdd12a,1706400000000,
8b44b68c-a250-49e7-b5bb-692ef7eabd22.binning_data.json,2024-01-30 03:00:01.502,2024-01-29 11:55:02.483,com.sec.android.app.shealth,-2,2677,1.3229918,2008.83,101.34,VfS0qUERdZ,com.sec.android.app.shealth,8b44b68c-a250-49e7-b5bb-692ef7eabd22,1706486400000,
a780490f-16e9-43a3-9997-f557515a4ccc.binning_data.json,2024-01-30 03:00:00.835,2024-01-30 03:00:00.835,com.sec.android.app.shealth,0,2677,1.3229918,2008.83,101.34,R5wtjjS0Fd,com.sec.android.app.shealth,a780490f-16e9-43a3-9997-f557515a4ccc,1706486400000,
92065036-458b-4fe0-9068-cc561e98f444.binning_data.json,2024-01-30 20:15:00.828,2024-01-30 11:25:06.069,com.sec.android.app.shealth,-2,6645,1.3027066,4975.13,260.94,VfS0qUERdZ,com.sec.android.app.shealth,92065036-458b-4fe0-9068-cc561e98f444,1706572800000,
07d43b68-f91f-41e3-bb5e-314f8a78253e.binning_data.json,2024-01-31 03:00:01.931,2024-01-31 03:00:01.931,com.sec.android.app.shealth,0,6645,1.3027066,4975.13,260.94,R5wtjjS0Fd,com.sec.android.app.shealth,07d43b68-f91f-41e3-bb5e-314f8a78253e,1706572800000,
445fab62-e4d1-48b4-9860-5284939697c8.binning_data.json,2024-01-31 22:06:03.154,2024-01-31 11:23:06.901,com.sec.android.app.shealth,-2,728,1.2998421,541.46,26.78,VfS0qUERdZ,com.sec.android.app.shealth,445fab62-e4d1-48b4-9860-5284939697c8,1706659200000,
beb0d2b6-b16c-4038-8e57-c4a772373bf8.binning_data.json,2024-02-01 03:43:22.899,2024-02-01 03:43:22.899,com.sec.android.app.shealth,0,728,1.2998421,541.46,26.78,R5wtjjS0Fd,com.sec.android.app.shealth,beb0d2b6-b16c-4038-8e57-c4a772373bf8,1706659200000,
78974bcf-32d2-4b4a-8d15-5d38d56500dd.binning_data.json,2024-02-01 23:48:28.564,2024-02-01 12:55:03.110,com.sec.android.app.shealth,-2,3296,1.2486054,2425.99,129.81,VfS0qUERdZ,com.sec.android.app.shealth,78974bcf-32d2-4b4a-8d15-5d38d56500dd,1706745600000,
62acf730-f0ba-4849-b00e-13228224a9c7.binning_data.json,2024-02-02 03:00:00.875,2024-02-02 03:00:00.875,com.sec.android.app.shealth,0,3296,1.2486054,2425.99,129.81,R5wtjjS0Fd,com.sec.android.app.shealth,62acf730-f0ba-4849-b00e-13228224a9c7,1706745600000,
ac1ef501-e604-4dd4-8e0d-b445576b20e0.binning_data.json,2024-02-02 16:15:02.722,2024-02-02 11:06:10.940,com.sec.android.app.shealth,-2,2261,1.1850003,1666.61,87.99,VfS0qUERdZ,com.sec.android.app.shealth,ac1ef501-e604-4dd4-8e0d-b445576b20e0,1706832000000,
8039b143-bba0-42a6-af00-94d5339b8991.binning_data.json,2024-02-03 03:00:01.158,2024-02-03 03:00:01.158,com.sec.android.app.shealth,0,2261,1.1850003,1666.61,87.99,R5wtjjS0Fd,com.sec.android.app.shealth,8039b143-bba0-42a6-af00-94d5339b8991,1706832000000,
20ff478b-2fe3-43d5-a7ad-668597b03a50.binning_data.json,2024-02-03 13:15:03.763,2024-02-03 10:55:04.117,com.sec.android.app.shealth,-2,488,1.2964047,363.61,17.51,VfS0qUERdZ,com.sec.android.app.shealth,20ff478b-2fe3-43d5-a7ad-668597b03a50,1706918400000,
5e2e3bbe-58f6-48fb-a0d7-19f85435c8bc.binning_data.json,2024-02-04 03:00:02.249,2024-02-04 03:00:02.249,com.sec.android.app.shealth,0,488,1.2964047,363.61,17.51,R5wtjjS0Fd,com.sec.android.app.shealth,5e2e3bbe-58f6-48fb-a0d7-19f85435c8bc,1706918400000,
0281eaf3-bef2-45d0-822d-b52d544d0efe.binning_data.json,2024-02-04 14:16:35.838,2024-02-04 12:14:26.105,com.sec.android.app.shealth,-2,558,1.2146748,405.74,22.24,VfS0qUERdZ,com.sec.android.app.shealth,0281eaf3-bef2-45d0-822d-b52d544d0efe,1707004800000,
51ed4ebf-4e25-4213-b4a5-ac1b52bde793.binning_data.json,2024-02-05 04:50:09.622,2024-02-05 04:50:09.622,com.sec.android.app.shealth,0,558,1.2146748,405.74,22.24,R5wtjjS0Fd,com.sec.android.app.shealth,51ed4ebf-4e25-4213-b4a5-ac1b52bde793,1707004800000,
d0eb58aa-ecee-4057-b3fc-25f564b918ab.binning_data.json,2024-02-05 19:38:27.201,2024-02-05 11:55:02.354,com.sec.android.app.shealth,-2,2424,1.245385,1799.18,95.2,VfS0qUERdZ,com.sec.android.app.shealth,d0eb58aa-ecee-4057-b3fc-25f564b918ab,1707091200000,
c3b3d3c0-593e-4358-9861-a5e71f649f5d.binning_data.json,2024-02-06 03:32:18.526,2024-02-06 03:32:18.526,com.sec.android.app.shealth,0,2424,1.245385,1799.18,95.2,R5wtjjS0Fd,com.sec.android.app.shealth,c3b3d3c0-593e-4358-9861-a5e71f649f5d,1707091200000,
add9828f-904b-41b2-9c1d-542cc63e44f0.binning_data.json,2024-02-06 23:15:02.193,2024-02-06 11:20:06.803,com.sec.android.app.shealth,-2,6011,1.2261016,4445.4,235.49,VfS0qUERdZ,com.sec.android.app.shealth,add9828f-904b-41b2-9c1d-542cc63e44f0,1707177600000,
2d3d7f2a-8143-471d-993f-b3d81500e029.binning_data.json,2024-02-07 03:00:02.010,2024-02-07 03:00:02.010,com.sec.android.app.shealth,0,6011,1.2261016,4445.4,235.49,R5wtjjS0Fd,com.sec.android.app.shealth,2d3d7f2a-8143-471d-993f-b3d81500e029,1707177600000,
d441eb10-f0b4-4dbd-ab04-d78fbe08664f.binning_data.json,2024-02-07 23:15:02.475,2024-02-07 09:50:24.023,com.sec.android.app.shealth,-2,8380,1.2745148,6272.25,318.72,VfS0qUERdZ,com.sec.android.app.shealth,d441eb10-f0b4-4dbd-ab04-d78fbe08664f,1707264000000,
ac84505d-0f44-4bdc-8ccf-9cbca489f22b.binning_data.json,2024-02-08 03:00:01.090,2024-02-08 03:00:01.090,com.sec.android.app.shealth,0,8380,1.2745148,6272.25,318.72,R5wtjjS0Fd,com.sec.android.app.shealth,ac84505d-0f44-4bdc-8ccf-9cbca489f22b,1707264000000,
0d97e657-cd9c-456c-9dc7-4dcf2edc0357.binning_data.json,2024-02-09 01:26:21.132,2024-02-08 10:11:12.503,com.sec.android.app.shealth,-2,4970,1.3220532,3749.51,178.98,VfS0qUERdZ,com.sec.android.app.shealth,0d97e657-cd9c-456c-9dc7-4dcf2edc0357,1707350400000,
d922be18-79dd-4dae-8fa4-c2ce21c97e77.binning_data.json,2024-02-09 03:43:07.240,2024-02-09 03:43:07.240,com.sec.android.app.shealth,0,4970,1.3220532,3749.51,178.98,R5wtjjS0Fd,com.sec.android.app.shealth,d922be18-79dd-4dae-8fa4-c2ce21c97e77,1707350400000,
a389f736-e9e4-4246-bd15-42ac82f3547d.binning_data.json,2024-02-09 20:29:33.152,2024-02-09 10:05:20.989,com.sec.android.app.shealth,-2,7283,1.2653521,5415.55,282.25,VfS0qUERdZ,com.sec.android.app.shealth,a389f736-e9e4-4246-bd15-42ac82f3547d,1707436800000,
bcd12e95-40fa-4366-b99a-bea7be07f54d.binning_data.json,2024-02-10 03:33:20.820,2024-02-10 03:33:20.820,com.sec.android.app.shealth,0,7283,1.2653521,5415.55,282.25,R5wtjjS0Fd,com.sec.android.app.shealth,bcd12e95-40fa-4366-b99a-bea7be07f54d,1707436800000,
1e80d210-0180-451f-b135-79497e14ec07.binning_data.json,2024-02-11 01:51:45.064,2024-02-10 11:31:13.118,com.sec.android.app.shealth,-2,2561,1.293907,1921.85,94.45,VfS0qUERdZ,com.sec.android.app.shealth,1e80d210-0180-451f-b135-79497e14ec07,1707523200000,
9dbdfd5f-9c89-41df-9113-2fe776fa883e.binning_data.json,2024-02-11 03:05:24.512,2024-02-11 03:05:24.512,com.sec.android.app.shealth,0,2561,1.293907,1921.85,94.45,R5wtjjS0Fd,com.sec.android.app.shealth,9dbdfd5f-9c89-41df-9113-2fe776fa883e,1707523200000,
d9724abe-cfb5-488c-981c-cff745721c7b.binning_data.json,2024-02-11 20:35:02.525,2024-02-11 18:55:53.330,com.sec.android.app.shealth,-2,36,1.176058,26.8,1.26,VfS0qUERdZ,com.sec.android.app.shealth,d9724abe-cfb5-488c-981c-cff745721c7b,1707609600000,
8e26700a-a5b4-438d-98ba-7163db304d9a.binning_data.json,2024-02-12 03:00:01.207,2024-02-12 03:00:01.207,com.sec.android.app.shealth,0,36,1.176058,26.8,1.26,R5wtjjS0Fd,com.sec.android.app.shealth,8e26700a-a5b4-438d-98ba-7163db304d9a,1707609600000,
35732a5e-0d4c-48e6-9fae-e2cf5ae59407.binning_data.json,2024-02-12 21:06:55.551,2024-02-12 10:35:02.041,com.sec.android.app.shealth,-2,1181,1.2344254,864.57,43.76,VfS0qUERdZ,com.sec.android.app.shealth,35732a5e-0d4c-48e6-9fae-e2cf5ae59407,1707696000000,
5a10742d-6de4-425d-9a85-2a48bab59b3f.binning_data.json,2024-02-13 03:00:02.113,2024-02-13 03:00:02.113,com.sec.android.app.shealth,0,1181,1.2344254,864.57,43.76,R5wtjjS0Fd,com.sec.android.app.shealth,5a10742d-6de4-425d-9a85-2a48bab59b3f,1707696000000,
34549c2d-5a0f-4cf2-828b-a9c256edfae8.binning_data.json,2024-02-13 19:55:02.447,2024-02-13 10:13:13.709,com.sec.android.app.shealth,-2,3897,1.2509049,2914.7,142.69,VfS0qUERdZ,com.sec.android.app.shealth,34549c2d-5a0f-4cf2-828b-a9c256edfae8,1707782400000,
e8e71df0-4a48-4130-aa43-56a002d3c756.binning_data.json,2024-02-14 03:00:03.275,2024-02-14 03:00:03.275,com.sec.android.app.shealth,0,3897,1.2509049,2914.7,142.69,R5wtjjS0Fd,com.sec.android.app.shealth,e8e71df0-4a48-4130-aa43-56a002d3c756,1707782400000,
2c215af5-575d-4884-9bcf-ff6e08836690.binning_data.json,2024-02-14 20:56:57.177,2024-02-14 10:55:02.809,com.sec.android.app.shealth,-2,4957,1.2329587,3688.89,189.61,VfS0qUERdZ,com.sec.android.app.shealth,2c215af5-575d-4884-9bcf-ff6e08836690,1707868800000,
34c0e762-bbe1-4c73-b8cb-e114c416d91e.binning_data.json,2024-02-15 03:00:01.084,2024-02-15 03:00:01.084,com.sec.android.app.shealth,0,4957,1.2329587,3688.89,189.61,R5wtjjS0Fd,com.sec.android.app.shealth,34c0e762-bbe1-4c73-b8cb-e114c416d91e,1707868800000,
202c0c3f-03ea-4c4f-b341-575711402785.binning_data.json,2024-02-16 02:31:18.956,2024-02-15 10:35:01.930,com.sec.android.app.shealth,-2,8286,1.2648733,6187.21,315.97,VfS0qUERdZ,com.sec.android.app.shealth,202c0c3f-03ea-4c4f-b341-575711402785,1707955200000,
1358899b-318b-4e4b-b029-063a5fc364e3.binning_data.json,2024-02-16 03:00:01.832,2024-02-16 03:00:01.832,com.sec.android.app.shealth,0,8286,1.2648733,6187.21,315.97,R5wtjjS0Fd,com.sec.android.app.shealth,1358899b-318b-4e4b-b029-063a5fc364e3,1707955200000,
078c8fdd-f000-4dfc-9666-ebd84cea4c77.binning_data.json,2024-02-16 21:15:03.075,2024-02-16 10:45:57.997,com.sec.android.app.shealth,-2,6256,1.2620949,4660.87,237.14,VfS0qUERdZ,com.sec.android.app.shealth,078c8fdd-f000-4dfc-9666-ebd84cea4c77,1708041600000,
414ef349-3aee-48ab-ae7d-b35a20058e46.binning_data.json,2024-02-17 04:17:09.349,2024-02-17 04:17:09.349,com.sec.android.app.shealth,0,6256,1.2620949,4660.87,237.14,R5wtjjS0Fd,com.sec.android.app.shealth,414ef349-3aee-48ab-ae7d-b35a20058e46,1708041600000,
61d86c9c-8651-4efa-949f-a601affcb1ee.binning_data.json,2024-02-18 00:10:48.064,2024-02-17 11:55:02.339,com.sec.android.app.shealth,-2,1707,1.2235202,1265.6,67.77,VfS0qUERdZ,com.sec.android.app.shealth,61d86c9c-8651-4efa-949f-a601affcb1ee,1708128000000,
994fd583-d169-4545-b5eb-5ad9dff1368a.binning_data.json,2024-02-18 03:00:03.409,2024-02-18 03:00:03.409,com.sec.android.app.shealth,0,1707,1.2235202,1265.6,67.77,R5wtjjS0Fd,com.sec.android.app.shealth,994fd583-d169-4545-b5eb-5ad9dff1368a,1708128000000,
afdcb38c-51a2-4cf4-b0cf-f566dc2e1685.binning_data.json,2024-02-19 19:35:14.338,2024-02-19 10:55:02.612,com.sec.android.app.shealth,-2,5370,1.2711904,4016.62,201.24,VfS0qUERdZ,com.sec.android.app.shealth,afdcb38c-51a2-4cf4-b0cf-f566dc2e1685,1708300800000,
dabf1980-da7a-4828-a751-73f0f6490ace.binning_data.json,2024-02-20 03:34:40.174,2024-02-20 03:34:40.174,com.sec.android.app.shealth,0,5370,1.2711904,4016.62,201.24,R5wtjjS0Fd,com.sec.android.app.shealth,dabf1980-da7a-4828-a751-73f0f6490ace,1708300800000,
492daa3d-7735-4ca8-8d4b-942cee257ea6.binning_data.json,2024-02-20 21:55:08.141,2024-02-20 10:56:44.132,com.sec.android.app.shealth,-2,7105,1.2913053,5330.31,273.43,VfS0qUERdZ,com.sec.android.app.shealth,492daa3d-7735-4ca8-8d4b-942cee257ea6,1708387200000,
a0c20a49-cb9e-41a3-aec0-bbd9909e5689.binning_data.json,2024-02-21 03:00:02.528,2024-02-21 03:00:02.528,com.sec.android.app.shealth,0,7105,1.2913053,5330.31,273.43,R5wtjjS0Fd,com.sec.android.app.shealth,a0c20a49-cb9e-41a3-aec0-bbd9909e5689,1708387200000,
77cf6ea0-4fff-49aa-903e-41a0d3166d6d.binning_data.json,2024-02-21 20:55:03.073,2024-02-21 10:35:02.911,com.sec.android.app.shealth,-2,4268,1.3412169,3240.06,156.62,VfS0qUERdZ,com.sec.android.app.shealth,77cf6ea0-4fff-49aa-903e-41a0d3166d6d,1708473600000,
53535659-2700-4a29-95a3-56f5b56a3c60.binning_data.json,2024-02-22 03:42:14.205,2024-02-22 03:42:14.205,com.sec.android.app.shealth,0,4268,1.3412169,3240.06,156.62,R5wtjjS0Fd,com.sec.android.app.shealth,53535659-2700-4a29-95a3-56f5b56a3c60,1708473600000,
4adfe75e-8624-480d-b191-3599bc876f47.binning_data.json,2024-02-22 16:16:13.136,2024-02-22 10:15:02.693,com.sec.android.app.shealth,-2,6281,1.330395,4744.99,244.11,VfS0qUERdZ,com.sec.android.app.shealth,4adfe75e-8624-480d-b191-3599bc876f47,1708560000000,
2fc5c417-8bd1-468a-9b37-8924c329f3cf.binning_data.json,2024-02-23 03:00:03.441,2024-02-23 03:00:03.441,com.sec.android.app.shealth,0,6281,1.330395,4744.99,244.11,R5wtjjS0Fd,com.sec.android.app.shealth,2fc5c417-8bd1-468a-9b37-8924c329f3cf,1708560000000,
1c8adb28-f0fe-4c87-9a72-9e02a3258539.binning_data.json,2024-02-23 21:00:55.742,2024-02-23 09:15:03.292,com.sec.android.app.shealth,-2,6714,1.2760805,5021.47,257.1,VfS0qUERdZ,com.sec.android.app.shealth,1c8adb28-f0fe-4c87-9a72-9e02a3258539,1708646400000,
7ecae25e-994f-4035-8d9f-1e2e3e1092b7.binning_data.json,2024-02-24 03:05:15.207,2024-02-24 03:05:15.207,com.sec.android.app.shealth,0,6714,1.2760805,5021.47,257.1,R5wtjjS0Fd,com.sec.android.app.shealth,7ecae25e-994f-4035-8d9f-1e2e3e1092b7,1708646400000,
3acefbf6-a1eb-4733-9683-2fb37d8e21fe.binning_data.json,2024-02-24 21:49:24.504,2024-02-24 10:38:16.804,com.sec.android.app.shealth,-2,8442,1.335506,6367.0,328.96,VfS0qUERdZ,com.sec.android.app.shealth,3acefbf6-a1eb-4733-9683-2fb37d8e21fe,1708732800000,
285133c5-2c57-4fcd-ba29-d20108381ff0.binning_data.json,2024-02-25 03:00:01.174,2024-02-25 03:00:01.174,com.sec.android.app.shealth,0,8442,1.335506,6367.0,328.96,R5wtjjS0Fd,com.sec.android.app.shealth,285133c5-2c57-4fcd-ba29-d20108381ff0,1708732800000,
887b51ec-c1df-42b4-b998-23be30968daf.binning_data.json,2024-02-25 18:44:17.900,2024-02-25 18:44:17.900,com.sec.android.app.shealth,-2,25,1.1388888,16.97,0.93,VfS0qUERdZ,com.sec.android.app.shealth,887b51ec-c1df-42b4-b998-23be30968daf,1708819200000,
f68e17d1-357b-4dee-a7b8-6c23bf3f947f.binning_data.json,2024-02-26 03:00:02.551,2024-02-26 03:00:02.551,com.sec.android.app.shealth,0,25,1.1388888,16.97,0.93,R5wtjjS0Fd,com.sec.android.app.shealth,f68e17d1-357b-4dee-a7b8-6c23bf3f947f,1708819200000,
557cebb1-f33b-4d7d-8a81-d92a6e30828b.binning_data.json,2024-02-26 23:15:03.890,2024-02-26 12:15:07.581,com.sec.android.app.shealth,-2,2410,1.1927831,1765.87,95.46,VfS0qUERdZ,com.sec.android.app.shealth,557cebb1-f33b-4d7d-8a81-d92a6e30828b,1708905600000,
22160a80-c5db-4ac0-bc32-4ca79cc3e543.binning_data.json,2024-02-27 03:00:03.322,2024-02-27 03:00:03.322,com.sec.android.app.shealth,0,2410,1.1927831,1765.87,95.46,R5wtjjS0Fd,com.sec.android.app.shealth,22160a80-c5db-4ac0-bc32-4ca79cc3e543,1708905600000,
23196299-e0db-4235-8dd1-16eead9b3259.binning_data.json,2024-02-27 22:37:45.029,2024-02-27 10:43:04.892,com.sec.android.app.shealth,-2,7463,1.2429379,5532.33,289.99,VfS0qUERdZ,com.sec.android.app.shealth,23196299-e0db-4235-8dd1-16eead9b3259,1708992000000,
dda60fed-e0ad-4f91-bf74-baa994f75869.binning_data.json,2024-02-28 03:00:01.138,2024-02-28 03:00:01.138,com.sec.android.app.shealth,0,7463,1.2429379,5532.33,289.99,R5wtjjS0Fd,com.sec.android.app.shealth,dda60fed-e0ad-4f91-bf74-baa994f75869,1708992000000,
7cefba46-5cad-4b3d-8958-d9ab5b4e921b.binning_data.json,2024-02-28 21:39:20.084,2024-02-28 10:45:29.048,com.sec.android.app.shealth,-2,6352,1.3174218,4801.87,237.61,VfS0qUERdZ,com.sec.android.app.shealth,7cefba46-5cad-4b3d-8958-d9ab5b4e921b,1709078400000,
11bb4536-68b4-48d6-8d58-1676b8d24983.binning_data.json,2024-02-29 03:00:01.158,2024-02-29 03:00:01.158,com.sec.android.app.shealth,0,6352,1.3174218,4801.87,237.61,R5wtjjS0Fd,com.sec.android.app.shealth,11bb4536-68b4-48d6-8d58-1676b8d24983,1709078400000,
d3f6424a-8fe1-4b0f-b366-83608252c6b1.binning_data.json,2024-02-29 20:35:01.953,2024-02-29 10:52:47.228,com.sec.android.app.shealth,-2,4488,1.2907866,3368.15,174.28,VfS0qUERdZ,com.sec.android.app.shealth,d3f6424a-8fe1-4b0f-b366-83608252c6b1,1709164800000,
07f4fa53-ddbc-42fd-8ec1-e1b212c89508.binning_data.json,2024-03-01 03:00:05.325,2024-03-01 03:00:05.325,com.sec.android.app.shealth,0,4488,1.2907866,3368.15,174.28,R5wtjjS0Fd,com.sec.android.app.shealth,07f4fa53-ddbc-42fd-8ec1-e1b212c89508,1709164800000,
9c0baf82-bd87-4f1f-913c-99bd51d01689.binning_data.json,2024-03-01 23:15:01.657,2024-03-01 11:15:03.106,com.sec.android.app.shealth,-2,7398,1.2898792,5566.13,281.55,VfS0qUERdZ,com.sec.android.app.shealth,9c0baf82-bd87-4f1f-913c-99bd51d01689,1709251200000,
be5a4031-0573-45a7-b01c-ae6994a2bc30.binning_data.json,2024-03-02 03:50:29.856,2024-03-02 03:50:29.856,com.sec.android.app.shealth,0,7398,1.2898792,5566.13,281.55,R5wtjjS0Fd,com.sec.android.app.shealth,be5a4031-0573-45a7-b01c-ae6994a2bc30,1709251200000,
8f400117-6c94-4cd0-8e76-2bc9b9d5f132.binning_data.json,2024-03-02 23:35:03.070,2024-03-02 13:04:28.353,com.sec.android.app.shealth,-2,1893,1.2099465,1395.65,74.18,VfS0qUERdZ,com.sec.android.app.shealth,8f400117-6c94-4cd0-8e76-2bc9b9d5f132,1709337600000,
fb65bd9c-0f6d-49c2-afa5-bb7d7d698d9e.binning_data.json,2024-03-03 03:00:05.538,2024-03-03 03:00:05.538,com.sec.android.app.shealth,0,1893,1.2099465,1395.65,74.18,R5wtjjS0Fd,com.sec.android.app.shealth,fb65bd9c-0f6d-49c2-afa5-bb7d7d698d9e,1709337600000,
f4874209-53f8-496d-874d-b4d8bafb9b00.binning_data.json,2024-03-04 00:35:02.537,2024-03-03 10:35:03.122,com.sec.android.app.shealth,-2,750,1.18114,553.56,28.79,VfS0qUERdZ,com.sec.android.app.shealth,f4874209-53f8-496d-874d-b4d8bafb9b00,1709424000000,
24834494-027b-4f39-bd73-c78c2552a5ab.binning_data.json,2024-03-04 03:56:48.383,2024-03-04 03:56:48.383,com.sec.android.app.shealth,0,750,1.18114,553.56,28.79,R5wtjjS0Fd,com.sec.android.app.shealth,24834494-027b-4f39-bd73-c78c2552a5ab,1709424000000,
26224972-8b90-4bda-90b6-4dcf23f4e256.binning_data.json,2024-03-05 00:55:02.140,2024-03-04 09:25:31.730,com.sec.android.app.shealth,-2,5914,1.2818191,4432.22,220.94,VfS0qUERdZ,com.sec.android.app.shealth,26224972-8b90-4bda-90b6-4dcf23f4e256,1709510400000,
f4a1db89-0893-4937-961c-a7edba0434da.binning_data.json,2024-03-05 03:00:04.323,2024-03-05 03:00:04.323,com.sec.android.app.shealth,0,5914,1.2818191,4432.22,220.94,R5wtjjS0Fd,com.sec.android.app.shealth,f4a1db89-0893-4937-961c-a7edba0434da,1709510400000,
93ad7201-9e26-47a6-985e-6db6adde96f2.binning_data.json,2024-03-05 20:26:44.943,2024-03-05 10:55:02.166,com.sec.android.app.shealth,-2,14021,1.3518112,10589.21,524.62,VfS0qUERdZ,com.sec.android.app.shealth,93ad7201-9e26-47a6-985e-6db6adde96f2,1709596800000,
cb7ad142-2558-4673-8505-b6c57cef3819.binning_data.json,2024-03-06 03:15:31.454,2024-03-06 03:15:31.454,com.sec.android.app.shealth,0,14021,1.3518112,10589.21,524.62,R5wtjjS0Fd,com.sec.android.app.shealth,cb7ad142-2558-4673-8505-b6c57cef3819,1709596800000,
18002c30-7874-4c8a-b2c7-345e09060560.binning_data.json,2024-03-06 23:15:01.983,2024-03-06 12:15:04.284,com.sec.android.app.shealth,-2,11065,1.2927272,8280.52,414.99,VfS0qUERdZ,com.sec.android.app.shealth,18002c30-7874-4c8a-b2c7-345e09060560,1709683200000,
2c54e3cd-e0ac-459a-8ead-afb6736fef62.binning_data.json,2024-03-07 03:00:01.071,2024-03-07 03:00:01.071,com.sec.android.app.shealth,0,11065,1.2927272,8280.52,414.99,R5wtjjS0Fd,com.sec.android.app.shealth,2c54e3cd-e0ac-459a-8ead-afb6736fef62,1709683200000,
d7512e09-8f7c-4c58-b670-d84b667d1d10.binning_data.json,2024-03-08 00:29:30.490,2024-03-07 09:33:22.004,com.sec.android.app.shealth,-2,8050,1.3247867,6070.9,303.19,VfS0qUERdZ,com.sec.android.app.shealth,d7512e09-8f7c-4c58-b670-d84b667d1d10,1709769600000,
b7892ae6-9182-447d-af08-8229c074cdc9.binning_data.json,2024-03-08 03:00:02.142,2024-03-08 03:00:02.142,com.sec.android.app.shealth,0,8050,1.3247867,6070.9,303.19,R5wtjjS0Fd,com.sec.android.app.shealth,b7892ae6-9182-447d-af08-8229c074cdc9,1709769600000,
d2155d70-66c8-48d7-bf1a-5763f383ea5f.binning_data.json,2024-03-08 17:08:35.251,2024-03-08 11:55:06.324,com.sec.android.app.shealth,-2,1391,1.3078147,1041.69,52.829998,VfS0qUERdZ,com.sec.android.app.shealth,d2155d70-66c8-48d7-bf1a-5763f383ea5f,1709856000000,
964a2244-2492-4a74-b58b-4cdbb2de2058.binning_data.json,2024-03-09 03:00:01.150,2024-03-09 03:00:01.150,com.sec.android.app.shealth,0,1391,1.3078147,1041.69,52.829998,R5wtjjS0Fd,com.sec.android.app.shealth,964a2244-2492-4a74-b58b-4cdbb2de2058,1709856000000,
904d852f-9a32-4eee-94db-4f9500e64891.binning_data.json,2024-03-09 14:01:19.118,2024-03-09 12:55:03.240,com.sec.android.app.shealth,-2,1310,1.1768261,965.41,51.55,VfS0qUERdZ,com.sec.android.app.shealth,904d852f-9a32-4eee-94db-4f9500e64891,1709942400000,
6d6be40f-510f-4dc4-a008-0cf68fa11cb7.binning_data.json,2024-03-10 03:00:01.257,2024-03-10 03:00:01.257,com.sec.android.app.shealth,0,1310,1.1768261,965.41,51.55,R5wtjjS0Fd,com.sec.android.app.shealth,6d6be40f-510f-4dc4-a008-0cf68fa11cb7,1709942400000,
86cd362b-3e34-4727-9ba9-6c857256bce3.binning_data.json,2024-03-11 22:03:48.000,2024-03-11 12:02:11.816,com.sec.android.app.shealth,-2,5166,1.2411022,3835.95,198.42,VfS0qUERdZ,com.sec.android.app.shealth,86cd362b-3e34-4727-9ba9-6c857256bce3,1710115200000,
8f620174-c7f5-4679-8003-a6299c0992ba.binning_data.json,2024-03-12 03:49:01.905,2024-03-12 03:49:01.905,com.sec.android.app.shealth,0,5166,1.2411022,3835.95,198.42,R5wtjjS0Fd,com.sec.android.app.shealth,8f620174-c7f5-4679-8003-a6299c0992ba,1710115200000,
327f93d0-8aff-476d-af79-259a795ac815.binning_data.json,2024-03-12 19:55:02.119,2024-03-12 12:11:47.826,com.sec.android.app.shealth,-2,6148,1.278474,4576.5,238.83,VfS0qUERdZ,com.sec.android.app.shealth,327f93d0-8aff-476d-af79-259a795ac815,1710201600000,
c561b69b-8004-49cd-8b3b-3b85448c54ce.binning_data.json,2024-03-13 03:53:07.110,2024-03-13 03:53:07.110,com.sec.android.app.shealth,0,6148,1.278474,4576.5,238.83,R5wtjjS0Fd,com.sec.android.app.shealth,c561b69b-8004-49cd-8b3b-3b85448c54ce,1710201600000,
c9b0ed5e-09bb-4c6b-b507-438d60962c67.binning_data.json,2024-03-14 00:34:47.232,2024-03-13 16:18:48.055,com.sec.android.app.shealth,-2,4177,1.286458,3102.47,157.36,VfS0qUERdZ,com.sec.android.app.shealth,c9b0ed5e-09bb-4c6b-b507-438d60962c67,1710288000000,
1ca0f14c-83c7-4d90-a27c-192cc77c7266.binning_data.json,2024-03-14 04:41:26.302,2024-03-14 04:41:26.302,com.sec.android.app.shealth,0,4177,1.286458,3102.47,157.36,R5wtjjS0Fd,com.sec.android.app.shealth,1ca0f14c-83c7-4d90-a27c-192cc77c7266,1710288000000,
4845c6e9-5e87-4cd6-81dd-e6b7fe41174a.binning_data.json,2024-03-15 01:02:40.192,2024-03-14 11:51:43.169,com.sec.android.app.shealth,-2,1567,1.2118021,1159.35,61.53,VfS0qUERdZ,com.sec.android.app.shealth,4845c6e9-5e87-4cd6-81dd-e6b7fe41174a,1710374400000,
2cccb07a-5a89-4a7f-92cf-de7fc9e96130.binning_data.json,2024-03-15 03:00:02.766,2024-03-15 03:00:02.766,com.sec.android.app.shealth,0,1567,1.2118021,1159.35,61.53,R5wtjjS0Fd,com.sec.android.app.shealth,2cccb07a-5a89-4a7f-92cf-de7fc9e96130,1710374400000,
9ae3aeb4-dfc9-445c-bb31-9e74fd397ba3.binning_data.json,2024-03-15 20:46:02.994,2024-03-15 11:40:13.307,com.sec.android.app.shealth,-2,4608,1.2842772,3461.05,173.06999,VfS0qUERdZ,com.sec.android.app.shealth,9ae3aeb4-dfc9-445c-bb31-9e74fd397ba3,1710460800000,
66a3bdf2-5ec8-4f65-8c16-cc6e3b92e35e.binning_data.json,2024-03-16 03:00:08.719,2024-03-16 03:00:08.719,com.sec.android.app.shealth,0,4608,1.2842772,3461.05,173.06999,R5wtjjS0Fd,com.sec.android.app.shealth,66a3bdf2-5ec8-4f65-8c16-cc6e3b92e35e,1710460800000,
11590056-1ebd-41e6-9b85-b6ec55719fdd.binning_data.json,2024-03-16 15:54:49.687,2024-03-16 10:35:02.354,com.sec.android.app.shealth,-2,1527,1.213127,1125.59,59.77,VfS0qUERdZ,com.sec.android.app.shealth,11590056-1ebd-41e6-9b85-b6ec55719fdd,1710547200000,
c5ddd2b3-61e6-4dd9-a896-612ceb96f860.binning_data.json,2024-03-17 04:32:33.868,2024-03-17 04:32:33.868,com.sec.android.app.shealth,0,1527,1.213127,1125.59,59.77,R5wtjjS0Fd,com.sec.android.app.shealth,c5ddd2b3-61e6-4dd9-a896-612ceb96f860,1710547200000,
09fdbb04-2cba-4566-837d-83860ef12179.binning_data.json,2024-03-17 19:26:11.917,2024-03-17 13:55:03.131,com.sec.android.app.shealth,-2,3146,1.1608802,2311.1,124.37,VfS0qUERdZ,com.sec.android.app.shealth,09fdbb04-2cba-4566-837d-83860ef12179,1710633600000,
b927c7a0-5f8a-4bba-ae00-baf460ad7698.binning_data.json,2024-03-18 03:05:33.419,2024-03-18 03:05:33.419,com.sec.android.app.shealth,0,3146,1.1608802,2311.1,124.37,R5wtjjS0Fd,com.sec.android.app.shealth,b927c7a0-5f8a-4bba-ae00-baf460ad7698,1710633600000,
f945ee82-5b86-43b3-ad9a-cf348c3428bf.binning_data.json,2024-03-18 22:59:34.004,2024-03-18 13:55:02.629,com.sec.android.app.shealth,-2,3600,1.3443358,2707.15,131.59,VfS0qUERdZ,com.sec.android.app.shealth,f945ee82-5b86-43b3-ad9a-cf348c3428bf,1710720000000,
af71ad30-4c06-4199-a3db-e1244ebb5b54.binning_data.json,2024-03-19 03:00:01.256,2024-03-19 03:00:01.256,com.sec.android.app.shealth,0,3600,1.3443358,2707.15,131.59,R5wtjjS0Fd,com.sec.android.app.shealth,af71ad30-4c06-4199-a3db-e1244ebb5b54,1710720000000,
49438488-dde4-4a28-8920-f65982fd2176.binning_data.json,2024-03-19 22:15:02.881,2024-03-19 13:14:09.572,com.sec.android.app.shealth,-2,5498,1.2440845,4085.68,208.21,VfS0qUERdZ,com.sec.android.app.shealth,49438488-dde4-4a28-8920-f65982fd2176,1710806400000,
09acb066-e038-4eb1-ace3-f1262018c57f.binning_data.json,2024-03-20 03:00:01.908,2024-03-20 03:00:01.908,com.sec.android.app.shealth,0,5498,1.2440845,4085.68,208.21,R5wtjjS0Fd,com.sec.android.app.shealth,09acb066-e038-4eb1-ace3-f1262018c57f,1710806400000,
fbcd0552-1fa1-42f4-8aca-f883ed8417df.binning_data.json,2024-03-20 21:45:37.394,2024-03-20 12:33:58.913,com.sec.android.app.shealth,-2,2542,1.244343,1863.98,98.33,VfS0qUERdZ,com.sec.android.app.shealth,fbcd0552-1fa1-42f4-8aca-f883ed8417df,1710892800000,
c5b17bc1-2d3d-4b0a-ac22-8d9cddd095b5.binning_data.json,2024-03-21 03:00:01.872,2024-03-21 03:00:01.872,com.sec.android.app.shealth,0,2542,1.244343,1863.98,98.33,R5wtjjS0Fd,com.sec.android.app.shealth,c5b17bc1-2d3d-4b0a-ac22-8d9cddd095b5,1710892800000,
d66025f8-45a2-47d7-9ec4-98c98b3dfd48.binning_data.json,2024-03-21 20:15:13.716,2024-03-21 11:42:34.707,com.sec.android.app.shealth,-2,2953,1.2599429,2190.76,112.45,VfS0qUERdZ,com.sec.android.app.shealth,d66025f8-45a2-47d7-9ec4-98c98b3dfd48,1710979200000,
83d1bfaa-bee2-4454-b66e-f3a7c6b99ec0.binning_data.json,2024-03-22 03:00:01.177,2024-03-22 03:00:01.177,com.sec.android.app.shealth,0,2953,1.2599429,2190.76,112.45,R5wtjjS0Fd,com.sec.android.app.shealth,83d1bfaa-bee2-4454-b66e-f3a7c6b99ec0,1710979200000,
a90d9a5d-e7ae-405e-bad1-1188558dc469.binning_data.json,2024-03-22 23:35:01.815,2024-03-22 12:15:02.270,com.sec.android.app.shealth,-2,1788,1.3174928,1349.66,64.09,VfS0qUERdZ,com.sec.android.app.shealth,a90d9a5d-e7ae-405e-bad1-1188558dc469,1711065600000,
4ee346a9-4ab7-4799-9394-4e34b501ee2e.binning_data.json,2024-03-23 04:53:44.017,2024-03-23 04:53:44.017,com.sec.android.app.shealth,0,1788,1.3174928,1349.66,64.09,R5wtjjS0Fd,com.sec.android.app.shealth,4ee346a9-4ab7-4799-9394-4e34b501ee2e,1711065600000,
effa6dd3-0b1c-45bc-bfd7-4eeb92a552e1.binning_data.json,2024-03-23 23:23:08.549,2024-03-23 13:15:02.467,com.sec.android.app.shealth,-2,554,1.215283,400.63,21.46,VfS0qUERdZ,com.sec.android.app.shealth,effa6dd3-0b1c-45bc-bfd7-4eeb92a552e1,1711152000000,
407349b1-ae43-49d3-a825-513b585c0b2e.binning_data.json,2024-03-24 03:01:48.903,2024-03-24 03:01:48.903,com.sec.android.app.shealth,0,554,1.215283,400.63,21.46,R5wtjjS0Fd,com.sec.android.app.shealth,407349b1-ae43-49d3-a825-513b585c0b2e,1711152000000,
e6da31de-e6d5-4094-85c6-dde3ce4d2717.binning_data.json,2024-03-25 00:35:04.148,2024-03-24 14:53:32.705,com.sec.android.app.shealth,-2,131,1.0760466,93.89,4.86,VfS0qUERdZ,com.sec.android.app.shealth,e6da31de-e6d5-4094-85c6-dde3ce4d2717,1711238400000,
3eaef432-5568-40af-b0b5-8ae58556f970.binning_data.json,2024-03-25 03:00:01.103,2024-03-25 03:00:01.103,com.sec.android.app.shealth,0,131,1.0760466,93.89,4.86,R5wtjjS0Fd,com.sec.android.app.shealth,3eaef432-5568-40af-b0b5-8ae58556f970,1711238400000,
7d9b62eb-39cd-48f1-aef1-2d7d85537f64.binning_data.json,2024-03-25 18:53:08.961,2024-03-25 11:21:43.075,com.sec.android.app.shealth,-2,19,1.0106044,13.69,0.71,VfS0qUERdZ,com.sec.android.app.shealth,7d9b62eb-39cd-48f1-aef1-2d7d85537f64,1711324800000,
8f53d729-c152-4143-ad4b-44fc55515a52.binning_data.json,2024-03-26 04:40:18.328,2024-03-26 04:40:18.328,com.sec.android.app.shealth,0,19,1.0106044,13.69,0.71,R5wtjjS0Fd,com.sec.android.app.shealth,8f53d729-c152-4143-ad4b-44fc55515a52,1711324800000,
514f3481-6fb3-4dc2-96bd-2b9128e2a386.binning_data.json,2024-03-26 18:55:01.848,2024-03-26 12:15:02.229,com.sec.android.app.shealth,-2,3716,1.2726216,2772.26,143.12,VfS0qUERdZ,com.sec.android.app.shealth,514f3481-6fb3-4dc2-96bd-2b9128e2a386,1711411200000,
c98de9b7-fead-44e7-95aa-37fc5b2a6a24.binning_data.json,2024-03-27 03:54:44.362,2024-03-27 03:54:44.362,com.sec.android.app.shealth,0,3716,1.2726216,2772.26,143.12,R5wtjjS0Fd,com.sec.android.app.shealth,c98de9b7-fead-44e7-95aa-37fc5b2a6a24,1711411200000,
94f9801b-66ab-4ac6-8439-ecbef35ebe98.binning_data.json,2024-03-27 18:36:02.414,2024-03-27 12:35:04.964,com.sec.android.app.shealth,-2,6046,1.3842156,4584.5,221.72,VfS0qUERdZ,com.sec.android.app.shealth,94f9801b-66ab-4ac6-8439-ecbef35ebe98,1711497600000,
199cfa3c-2ce5-4fa9-ab1b-4b7cebaf3c05.binning_data.json,2024-03-28 04:31:39.940,2024-03-28 04:31:39.940,com.sec.android.app.shealth,0,6046,1.3842156,4584.5,221.72,R5wtjjS0Fd,com.sec.android.app.shealth,199cfa3c-2ce5-4fa9-ab1b-4b7cebaf3c05,1711497600000,
379f259a-1948-4705-b930-d3b329948f90.binning_data.json,2024-03-28 23:05:53.337,2024-03-28 13:15:04.446,com.sec.android.app.shealth,-2,2803,1.2497019,2056.43,106.47,VfS0qUERdZ,com.sec.android.app.shealth,379f259a-1948-4705-b930-d3b329948f90,1711584000000,
9e9de73b-7bf4-4da4-b27c-ba308d5cdd60.binning_data.json,2024-03-29 03:00:00.785,2024-03-29 03:00:00.785,com.sec.android.app.shealth,0,2803,1.2497019,2056.43,106.47,R5wtjjS0Fd,com.sec.android.app.shealth,9e9de73b-7bf4-4da4-b27c-ba308d5cdd60,1711584000000,
26a78d4d-1519-49d6-a3eb-d5bfac6ddee0.binning_data.json,2024-03-29 16:55:03.782,2024-03-29 14:45:06.003,com.sec.android.app.shealth,-2,57,1.1379911,41.34,2.13,VfS0qUERdZ,com.sec.android.app.shealth,26a78d4d-1519-49d6-a3eb-d5bfac6ddee0,1711670400000,
33bcdc3b-b40e-4349-818b-c0a317c11982.binning_data.json,2024-03-30 04:20:35.936,2024-03-30 04:20:35.936,com.sec.android.app.shealth,0,57,1.1379911,41.34,2.13,R5wtjjS0Fd,com.sec.android.app.shealth,33bcdc3b-b40e-4349-818b-c0a317c11982,1711670400000,
f98f7277-b3b9-40f0-9dc7-e692d1091613.binning_data.json,2024-03-30 22:55:05.831,2024-03-30 14:35:04.712,com.sec.android.app.shealth,-2,419,1.1551886,307.64,16.039999,VfS0qUERdZ,com.sec.android.app.shealth,f98f7277-b3b9-40f0-9dc7-e692d1091613,1711756800000,
f205b775-bf47-4de3-9fed-937bb78e170b.binning_data.json,2024-03-31 03:00:00.984,2024-03-31 03:00:00.984,com.sec.android.app.shealth,0,419,1.1551886,307.64,16.039999,R5wtjjS0Fd,com.sec.android.app.shealth,f205b775-bf47-4de3-9fed-937bb78e170b,1711756800000,
29d93444-ba7d-4a33-af8c-34a01c3659c8.binning_data.json,2024-04-01 00:55:04.774,2024-03-31 10:49:41.611,com.sec.android.app.shealth,-2,69,1.0969843,49.600002,2.64,VfS0qUERdZ,com.sec.android.app.shealth,29d93444-ba7d-4a33-af8c-34a01c3659c8,1711843200000,
3bf3a490-2d52-4714-a611-9412164d014b.binning_data.json,2024-04-01 03:24:06.359,2024-04-01 03:24:06.359,com.sec.android.app.shealth,0,69,1.0969843,49.600002,2.64,R5wtjjS0Fd,com.sec.android.app.shealth,3bf3a490-2d52-4714-a611-9412164d014b,1711843200000,
abc0335b-48f6-4502-bac4-660e62d54b14.binning_data.json,2024-04-02 00:21:29.905,2024-04-01 10:44:17.193,com.sec.android.app.shealth,-2,7634,1.308554,5739.2,296.97,VfS0qUERdZ,com.sec.android.app.shealth,abc0335b-48f6-4502-bac4-660e62d54b14,1711929600000,
0d15d30a-1a6d-4ec4-8283-fbee2a778de0.binning_data.json,2024-04-02 03:43:56.491,2024-04-02 03:43:56.491,com.sec.android.app.shealth,0,7634,1.308554,5739.2,296.97,R5wtjjS0Fd,com.sec.android.app.shealth,0d15d30a-1a6d-4ec4-8283-fbee2a778de0,1711929600000,
299fdb09-1a51-4e6c-a26c-f166cc75ca71.binning_data.json,2024-04-02 11:42:32.906,2024-04-02 11:15:04.405,com.sec.android.app.shealth,-2,30,1.21118,22.480001,1.08,VfS0qUERdZ,com.sec.android.app.shealth,299fdb09-1a51-4e6c-a26c-f166cc75ca71,1712016000000,
95050ec9-ccfb-4660-82ad-f5b955533c8b.binning_data.json,2024-04-03 03:23:49.066,2024-04-03 03:23:49.066,com.sec.android.app.shealth,0,30,1.21118,22.480001,1.08,R5wtjjS0Fd,com.sec.android.app.shealth,95050ec9-ccfb-4660-82ad-f5b955533c8b,1712016000000,
423185bd-3336-4647-8b6f-2e309e067fb6.binning_data.json,2024-04-03 23:35:04.796,2024-04-03 11:09:35.947,com.sec.android.app.shealth,-2,7018,1.2409619,5228.19,274.56,VfS0qUERdZ,com.sec.android.app.shealth,423185bd-3336-4647-8b6f-2e309e067fb6,1712102400000,
310f0eaa-bab2-4c9b-b39e-9e8cc38079db.binning_data.json,2024-04-04 03:00:04.640,2024-04-04 03:00:04.640,com.sec.android.app.shealth,0,7018,1.2409619,5228.19,274.56,R5wtjjS0Fd,com.sec.android.app.shealth,310f0eaa-bab2-4c9b-b39e-9e8cc38079db,1712102400000,
afd56953-4927-4bf0-8f0a-2b391f5cc848.binning_data.json,2024-04-04 22:55:04.634,2024-04-04 11:55:02.377,com.sec.android.app.shealth,-2,1706,1.2146554,1253.81,66.59,VfS0qUERdZ,com.sec.android.app.shealth,afd56953-4927-4bf0-8f0a-2b391f5cc848,1712188800000,
791eea3a-9bc8-46bd-b2c0-0d9dc8012661.binning_data.json,2024-04-05 03:00:03.097,2024-04-05 03:00:03.097,com.sec.android.app.shealth,0,1706,1.2146554,1253.81,66.59,R5wtjjS0Fd,com.sec.android.app.shealth,791eea3a-9bc8-46bd-b2c0-0d9dc8012661,1712188800000,
6c258670-df94-4221-86ad-701bb3a430cf.binning_data.json,2024-04-05 19:05:03.859,2024-04-05 10:18:43.637,com.sec.android.app.shealth,-2,1563,1.1914672,1152.57,61.77,VfS0qUERdZ,com.sec.android.app.shealth,6c258670-df94-4221-86ad-701bb3a430cf,1712275200000,
4290b959-427d-4a33-98a3-3bd3360e902a.binning_data.json,2024-04-06 04:36:31.187,2024-04-06 04:36:31.187,com.sec.android.app.shealth,0,1563,1.1914672,1152.57,61.77,R5wtjjS0Fd,com.sec.android.app.shealth,4290b959-427d-4a33-98a3-3bd3360e902a,1712275200000,
fc20dd3a-1100-4533-9d9b-caec9627bb55.binning_data.json,2024-04-07 00:45:34.135,2024-04-06 10:57:27.876,com.sec.android.app.shealth,-2,3549,1.2631936,2648.56,135.48,VfS0qUERdZ,com.sec.android.app.shealth,fc20dd3a-1100-4533-9d9b-caec9627bb55,1712361600000,
e3481704-c35c-426b-a38d-e2b9a4b94197.binning_data.json,2024-04-07 03:00:00.969,2024-04-07 03:00:00.969,com.sec.android.app.shealth,0,3549,1.2631936,2648.56,135.48,R5wtjjS0Fd,com.sec.android.app.shealth,e3481704-c35c-426b-a38d-e2b9a4b94197,1712361600000,
ff42e287-b65f-4f88-a8d0-67eec37d577d.binning_data.json,2024-04-07 17:55:08.247,2024-04-07 10:55:01.553,com.sec.android.app.shealth,-2,95,0.9908518,68.37,3.57,VfS0qUERdZ,com.sec.android.app.shealth,ff42e287-b65f-4f88-a8d0-67eec37d577d,1712448000000,
f17e3e71-58e9-44f5-8420-964e2bd716b8.binning_data.json,2024-04-08 03:31:10.060,2024-04-08 03:31:10.060,com.sec.android.app.shealth,0,95,0.9908518,68.37,3.57,R5wtjjS0Fd,com.sec.android.app.shealth,f17e3e71-58e9-44f5-8420-964e2bd716b8,1712448000000,
db9a80f8-5a75-4ddc-a631-040ea6048dad.binning_data.json,2024-04-08 21:26:52.629,2024-04-08 13:15:02.902,com.sec.android.app.shealth,-2,3930,1.2896767,2933.89,153.74,VfS0qUERdZ,com.sec.android.app.shealth,db9a80f8-5a75-4ddc-a631-040ea6048dad,1712534400000,
4ce0f437-8d04-4fa6-968c-135170081ee9.binning_data.json,2024-04-09 03:05:19.553,2024-04-09 03:05:19.553,com.sec.android.app.shealth,0,3930,1.2896767,2933.89,153.74,R5wtjjS0Fd,com.sec.android.app.shealth,4ce0f437-8d04-4fa6-968c-135170081ee9,1712534400000,
3f1c8eb6-cdbf-485b-a13a-683a1fe240c3.binning_data.json,2024-04-09 21:55:05.726,2024-04-09 11:50:22.943,com.sec.android.app.shealth,-2,4826,1.2744514,3610.34,189.53,VfS0qUERdZ,com.sec.android.app.shealth,3f1c8eb6-cdbf-485b-a13a-683a1fe240c3,1712620800000,
8bcd802c-159f-422d-934b-bee591eb1414.binning_data.json,2024-04-10 04:17:50.749,2024-04-10 04:17:50.749,com.sec.android.app.shealth,0,4826,1.2744514,3610.34,189.53,R5wtjjS0Fd,com.sec.android.app.shealth,8bcd802c-159f-422d-934b-bee591eb1414,1712620800000,
74be8420-48fc-4bdf-a334-332dcfa33240.binning_data.json,2024-04-10 21:15:06.274,2024-04-10 11:35:01.784,com.sec.android.app.shealth,-2,1955,1.2007807,1439.6799,77.47,VfS0qUERdZ,com.sec.android.app.shealth,74be8420-48fc-4bdf-a334-332dcfa33240,1712707200000,
551ac0dc-565b-4cfd-adc9-f4c8d9648e26.binning_data.json,2024-04-11 03:00:03.764,2024-04-11 03:00:03.764,com.sec.android.app.shealth,0,1955,1.2007807,1439.6799,77.47,R5wtjjS0Fd,com.sec.android.app.shealth,551ac0dc-565b-4cfd-adc9-f4c8d9648e26,1712707200000,
ee5f9b92-9ca0-47ec-9779-a560f2528349.binning_data.json,2024-04-11 22:43:22.036,2024-04-11 11:15:02.082,com.sec.android.app.shealth,-2,3385,1.1964346,2498.76,132.93,VfS0qUERdZ,com.sec.android.app.shealth,ee5f9b92-9ca0-47ec-9779-a560f2528349,1712793600000,
e3dfc022-a2e9-4c7d-b8f7-4bee368d990e.binning_data.json,2024-04-12 03:00:01.056,2024-04-12 03:00:01.056,com.sec.android.app.shealth,0,3385,1.1964346,2498.76,132.93,R5wtjjS0Fd,com.sec.android.app.shealth,e3dfc022-a2e9-4c7d-b8f7-4bee368d990e,1712793600000,
aabd1500-9468-4a92-b91c-236faaf94b5c.binning_data.json,2024-04-12 12:45:02.692,2024-04-12 12:45:02.692,com.sec.android.app.shealth,-2,33,1.3333333,23.17,1.25,VfS0qUERdZ,com.sec.android.app.shealth,aabd1500-9468-4a92-b91c-236faaf94b5c,1712880000000,
62738163-5a58-4075-adc7-1fd173454b0e.binning_data.json,2024-04-13 03:00:02.724,2024-04-13 03:00:02.724,com.sec.android.app.shealth,0,33,1.3333333,23.17,1.25,R5wtjjS0Fd,com.sec.android.app.shealth,62738163-5a58-4075-adc7-1fd173454b0e,1712880000000,
f16a21f0-2285-4711-903b-5df07b23222e.binning_data.json,2024-04-13 22:43:20.823,2024-04-13 14:35:07.439,com.sec.android.app.shealth,-2,97,1.0794102,69.32,3.62,VfS0qUERdZ,com.sec.android.app.shealth,f16a21f0-2285-4711-903b-5df07b23222e,1712966400000,
3da9e723-cafc-4882-973a-36255225f4a5.binning_data.json,2024-04-14 03:28:10.647,2024-04-14 03:28:10.647,com.sec.android.app.shealth,0,97,1.0794102,69.32,3.62,R5wtjjS0Fd,com.sec.android.app.shealth,3da9e723-cafc-4882-973a-36255225f4a5,1712966400000,
2a64e971-280a-40a3-84d1-e0756c96534c.binning_data.json,2024-04-14 16:15:03.517,2024-04-14 15:53:52.295,com.sec.android.app.shealth,-2,61,1.0074325,43.68,2.3,VfS0qUERdZ,com.sec.android.app.shealth,2a64e971-280a-40a3-84d1-e0756c96534c,1713052800000,
caa25ada-85a1-48d2-a374-2709ebe16308.binning_data.json,2024-04-15 03:06:01.859,2024-04-15 03:06:01.859,com.sec.android.app.shealth,0,61,1.0074325,43.68,2.3,R5wtjjS0Fd,com.sec.android.app.shealth,caa25ada-85a1-48d2-a374-2709ebe16308,1713052800000,
12037f3b-b3ec-4a5f-b7b2-abe2d3dbc1a7.binning_data.json,2024-04-15 20:31:02.905,2024-04-15 13:25:02.743,com.sec.android.app.shealth,-2,2376,1.3019844,1778.67,91.17,VfS0qUERdZ,com.sec.android.app.shealth,12037f3b-b3ec-4a5f-b7b2-abe2d3dbc1a7,1713139200000,
81422def-6b94-4288-9768-582b833092f9.binning_data.json,2024-04-16 03:23:32.199,2024-04-16 03:23:32.199,com.sec.android.app.shealth,0,2376,1.3019844,1778.67,91.17,R5wtjjS0Fd,com.sec.android.app.shealth,81422def-6b94-4288-9768-582b833092f9,1713139200000,
7afe8512-7a2b-4431-9c44-f56afc698108.binning_data.json,2024-04-16 21:36:00.364,2024-04-16 12:48:11.352,com.sec.android.app.shealth,-2,2425,1.2768134,1808.69,94.92,VfS0qUERdZ,com.sec.android.app.shealth,7afe8512-7a2b-4431-9c44-f56afc698108,1713225600000,
3feda1fd-d509-496d-a362-408b40661da6.binning_data.json,2024-04-17 03:00:02.664,2024-04-17 03:00:02.664,com.sec.android.app.shealth,0,2425,1.2768134,1808.69,94.92,R5wtjjS0Fd,com.sec.android.app.shealth,3feda1fd-d509-496d-a362-408b40661da6,1713225600000,
f866dbf5-307e-4386-adc3-e7d65f9802b1.binning_data.json,2024-04-17 20:58:28.616,2024-04-17 11:20:27.070,com.sec.android.app.shealth,-2,3026,1.2401844,2254.42,118.55,VfS0qUERdZ,com.sec.android.app.shealth,f866dbf5-307e-4386-adc3-e7d65f9802b1,1713312000000,
f7dabe4f-fde0-4ba8-b5ec-894c980596b1.binning_data.json,2024-04-18 03:00:02.807,2024-04-18 03:00:02.807,com.sec.android.app.shealth,0,3026,1.2401844,2254.42,118.55,R5wtjjS0Fd,com.sec.android.app.shealth,f7dabe4f-fde0-4ba8-b5ec-894c980596b1,1713312000000,
baee44b3-293e-402e-a2ed-292aebf77d3d.binning_data.json,2024-04-18 18:35:01.953,2024-04-18 12:11:22.750,com.sec.android.app.shealth,-2,5087,1.2550728,3758.3,200.46,VfS0qUERdZ,com.sec.android.app.shealth,baee44b3-293e-402e-a2ed-292aebf77d3d,1713398400000,
2b9e0d91-ac86-4b58-802a-dac96aa180f5.binning_data.json,2024-04-19 03:11:32.438,2024-04-19 03:11:32.438,com.sec.android.app.shealth,0,5087,1.2550728,3758.3,200.46,R5wtjjS0Fd,com.sec.android.app.shealth,2b9e0d91-ac86-4b58-802a-dac96aa180f5,1713398400000,
fc926ec1-fccf-46bd-9ce4-0a37924635e4.binning_data.json,2024-04-19 22:35:03.794,2024-04-19 13:42:33.748,com.sec.android.app.shealth,-2,224,1.1795697,164.73,8.34,VfS0qUERdZ,com.sec.android.app.shealth,fc926ec1-fccf-46bd-9ce4-0a37924635e4,1713484800000,
ecca5387-90fc-4536-adc5-b247535f2aae.binning_data.json,2024-04-20 03:17:31.407,2024-04-20 03:17:31.407,com.sec.android.app.shealth,0,224,1.1795697,164.73,8.34,R5wtjjS0Fd,com.sec.android.app.shealth,ecca5387-90fc-4536-adc5-b247535f2aae,1713484800000,
64ce2d1c-4780-4f22-bc8b-19df5781aba8.binning_data.json,2024-04-20 22:54:13.578,2024-04-20 11:55:03.787,com.sec.android.app.shealth,-2,52,1.1270024,37.989998,1.93,VfS0qUERdZ,com.sec.android.app.shealth,64ce2d1c-4780-4f22-bc8b-19df5781aba8,1713571200000,
2ff86f93-3f5c-46fe-9e54-9cd5614059a4.binning_data.json,2024-04-21 03:00:01.838,2024-04-21 03:00:01.838,com.sec.android.app.shealth,0,52,1.1270024,37.989998,1.93,R5wtjjS0Fd,com.sec.android.app.shealth,2ff86f93-3f5c-46fe-9e54-9cd5614059a4,1713571200000,
e6cf17ab-41d7-4f60-840f-721d2df50417.binning_data.json,2024-04-21 12:04:55.645,2024-04-21 11:15:03.450,com.sec.android.app.shealth,-2,2937,1.2410921,2182.36,116.05,VfS0qUERdZ,com.sec.android.app.shealth,e6cf17ab-41d7-4f60-840f-721d2df50417,1713657600000,
1fee7d3d-e35a-4766-b563-1a324ce8ba2e.binning_data.json,2024-04-22 03:32:53.548,2024-04-22 03:32:53.548,com.sec.android.app.shealth,0,2937,1.2410921,2182.36,116.05,R5wtjjS0Fd,com.sec.android.app.shealth,1fee7d3d-e35a-4766-b563-1a324ce8ba2e,1713657600000,
ecf1735a-1760-4d12-a733-09fe75a57db0.binning_data.json,2024-04-22 22:15:31.174,2024-04-22 11:15:03.265,com.sec.android.app.shealth,-2,1728,1.2458149,1286.76,67.9,VfS0qUERdZ,com.sec.android.app.shealth,ecf1735a-1760-4d12-a733-09fe75a57db0,1713744000000,
7fa09b9d-1454-46aa-a3a5-1eb8b5cba69d.binning_data.json,2024-04-23 03:00:08.107,2024-04-23 03:00:08.107,com.sec.android.app.shealth,0,1728,1.2458149,1286.76,67.9,R5wtjjS0Fd,com.sec.android.app.shealth,7fa09b9d-1454-46aa-a3a5-1eb8b5cba69d,1713744000000,
24bc5d6c-2a1f-4efa-88af-129d553da7e7.binning_data.json,2024-04-24 01:33:10.703,2024-04-23 11:14:16.198,com.sec.android.app.shealth,-2,383,1.1671088,276.0,14.57,VfS0qUERdZ,com.sec.android.app.shealth,24bc5d6c-2a1f-4efa-88af-129d553da7e7,1713830400000,
06675363-981c-42c6-9e18-bc34ea1adcc8.binning_data.json,2024-04-24 03:00:05.695,2024-04-24 03:00:05.695,com.sec.android.app.shealth,0,383,1.1671088,276.0,14.57,R5wtjjS0Fd,com.sec.android.app.shealth,06675363-981c-42c6-9e18-bc34ea1adcc8,1713830400000,
17765fac-d56b-4394-b32d-858a8cf10a97.binning_data.json,2024-04-24 22:55:02.962,2024-04-24 11:41:12.201,com.sec.android.app.shealth,-2,1793,1.2979583,1341.61,68.78,VfS0qUERdZ,com.sec.android.app.shealth,17765fac-d56b-4394-b32d-858a8cf10a97,1713916800000,
9141d7cb-adc5-4b3b-8588-18b72eaa9861.binning_data.json,2024-04-25 03:00:02.194,2024-04-25 03:00:02.194,com.sec.android.app.shealth,0,1793,1.2979583,1341.61,68.78,R5wtjjS0Fd,com.sec.android.app.shealth,9141d7cb-adc5-4b3b-8588-18b72eaa9861,1713916800000,
29b6858a-89d9-42b2-9183-ce740b1c55fa.binning_data.json,2024-04-25 18:35:02.517,2024-04-25 11:32:47.266,com.sec.android.app.shealth,-2,8989,1.3454577,6788.97,341.96,VfS0qUERdZ,com.sec.android.app.shealth,29b6858a-89d9-42b2-9183-ce740b1c55fa,1714003200000,
e2f3f45a-ce0e-4cf5-8b73-7a3170b86033.binning_data.json,2024-04-26 03:00:02.476,2024-04-26 03:00:02.476,com.sec.android.app.shealth,0,8989,1.3454577,6788.97,341.96,R5wtjjS0Fd,com.sec.android.app.shealth,e2f3f45a-ce0e-4cf5-8b73-7a3170b86033,1714003200000,
1be2579c-7e65-4200-be28-bee1067cee39.binning_data.json,2024-04-26 22:40:03.024,2024-04-26 12:07:52.629,com.sec.android.app.shealth,-2,4188,1.3006158,3110.49,157.87,VfS0qUERdZ,com.sec.android.app.shealth,1be2579c-7e65-4200-be28-bee1067cee39,1714089600000,
27a41754-3d5d-4c76-92f5-2809503bcef0.binning_data.json,2024-04-27 03:00:04.471,2024-04-27 03:00:04.471,com.sec.android.app.shealth,0,4188,1.3006158,3110.49,157.87,R5wtjjS0Fd,com.sec.android.app.shealth,27a41754-3d5d-4c76-92f5-2809503bcef0,1714089600000,
303f431f-dae5-4c9a-920a-3f33e0a6b586.binning_data.json,2024-04-28 23:03:24.633,2024-04-28 19:13:41.403,com.sec.android.app.shealth,-2,153,1.0974917,109.57,5.7499995,VfS0qUERdZ,com.sec.android.app.shealth,303f431f-dae5-4c9a-920a-3f33e0a6b586,1714262400000,
c55076dd-8465-45d9-bf43-0ea8a9ff14bc.binning_data.json,2024-04-29 04:35:56.428,2024-04-29 04:35:56.428,com.sec.android.app.shealth,0,153,1.0974917,109.57,5.7499995,R5wtjjS0Fd,com.sec.android.app.shealth,c55076dd-8465-45d9-bf43-0ea8a9ff14bc,1714262400000,
65899c4a-87d7-4c77-825d-bebad3736138.binning_data.json,2024-04-29 15:33:25.957,2024-04-29 12:15:05.284,com.sec.android.app.shealth,-2,583,1.1507998,429.44,22.11,VfS0qUERdZ,com.sec.android.app.shealth,65899c4a-87d7-4c77-825d-bebad3736138,1714348800000,
ddaac286-a15a-4cb4-bd76-627152625e74.binning_data.json,2024-04-30 03:54:17.142,2024-04-30 03:54:17.142,com.sec.android.app.shealth,0,583,1.1507998,429.44,22.11,R5wtjjS0Fd,com.sec.android.app.shealth,ddaac286-a15a-4cb4-bd76-627152625e74,1714348800000,
3b255f6d-47a3-4d2f-9dd7-8f19c1c0bb61.binning_data.json,2024-04-30 20:38:01.614,2024-04-30 11:37:30.362,com.sec.android.app.shealth,-2,3953,1.3030409,2949.55,148.87,VfS0qUERdZ,com.sec.android.app.shealth,3b255f6d-47a3-4d2f-9dd7-8f19c1c0bb61,1714435200000,
548b504c-8d6e-45ab-93f4-999a3a032f0e.binning_data.json,2024-05-01 03:54:30.521,2024-05-01 03:54:30.521,com.sec.android.app.shealth,0,3953,1.3030409,2949.55,148.87,R5wtjjS0Fd,com.sec.android.app.shealth,548b504c-8d6e-45ab-93f4-999a3a032f0e,1714435200000,
711879ff-ff3d-477a-ad71-031e081a73d1.binning_data.json,2024-05-01 23:35:01.325,2024-05-01 13:15:03.038,com.sec.android.app.shealth,-2,672,1.2305541,479.29,25.86,VfS0qUERdZ,com.sec.android.app.shealth,711879ff-ff3d-477a-ad71-031e081a73d1,1714521600000,
f6be1c7c-1e99-443d-bea6-be2871cf09da.binning_data.json,2024-05-02 03:00:02.964,2024-05-02 03:00:02.964,com.sec.android.app.shealth,0,672,1.2305541,479.29,25.86,R5wtjjS0Fd,com.sec.android.app.shealth,f6be1c7c-1e99-443d-bea6-be2871cf09da,1714521600000,
118ad343-2af0-41a4-9c71-663451e3f5b5.binning_data.json,2024-05-02 20:15:03.041,2024-05-02 12:48:53.441,com.sec.android.app.shealth,-2,2422,1.254865,1796.04,93.340004,VfS0qUERdZ,com.sec.android.app.shealth,118ad343-2af0-41a4-9c71-663451e3f5b5,1714608000000,
873030f2-3819-4b18-bd35-fcf2f753e1c5.binning_data.json,2024-05-03 03:59:54.045,2024-05-03 03:59:54.045,com.sec.android.app.shealth,0,2422,1.254865,1796.04,93.340004,R5wtjjS0Fd,com.sec.android.app.shealth,873030f2-3819-4b18-bd35-fcf2f753e1c5,1714608000000,
74110f28-2bb6-4f35-9bb7-053b6590a851.binning_data.json,2024-05-03 21:25:32.851,2024-05-03 12:06:48.418,com.sec.android.app.shealth,-2,2341,1.2716511,1745.73,88.34,VfS0qUERdZ,com.sec.android.app.shealth,74110f28-2bb6-4f35-9bb7-053b6590a851,1714694400000,
0f4ef055-1569-4fc7-9b07-b2afa765f83d.binning_data.json,2024-05-04 04:53:37.141,2024-05-04 04:53:37.141,com.sec.android.app.shealth,0,2341,1.2716511,1745.73,88.34,R5wtjjS0Fd,com.sec.android.app.shealth,0f4ef055-1569-4fc7-9b07-b2afa765f83d,1714694400000,
770b20ab-b543-481c-af1c-69ebf9f0fa48.binning_data.json,2024-05-05 00:35:05.759,2024-05-04 11:35:05.903,com.sec.android.app.shealth,-2,104,1.1141089,74.299995,3.93,VfS0qUERdZ,com.sec.android.app.shealth,770b20ab-b543-481c-af1c-69ebf9f0fa48,1714780800000,
c52bd1dd-cc73-49b5-b878-330f1bff41ec.binning_data.json,2024-05-05 03:00:01.052,2024-05-05 03:00:01.052,com.sec.android.app.shealth,0,104,1.1141089,74.299995,3.93,R5wtjjS0Fd,com.sec.android.app.shealth,c52bd1dd-cc73-49b5-b878-330f1bff41ec,1714780800000,
3589d7bd-f61f-452c-bfd9-d4d69eb5ea2e.binning_data.json,2024-05-05 22:35:07.776,2024-05-05 10:07:27.130,com.sec.android.app.shealth,-2,761,1.1609112,553.1,28.84,VfS0qUERdZ,com.sec.android.app.shealth,3589d7bd-f61f-452c-bfd9-d4d69eb5ea2e,1714867200000,
e823f0ee-a1b6-4149-8483-f1b55773d86b.binning_data.json,2024-05-06 03:52:36.017,2024-05-06 03:52:36.017,com.sec.android.app.shealth,0,761,1.1609112,553.1,28.84,R5wtjjS0Fd,com.sec.android.app.shealth,e823f0ee-a1b6-4149-8483-f1b55773d86b,1714867200000,
3d57530f-e145-425a-b2c0-e7c297b5c19a.binning_data.json,2024-05-06 23:55:04.150,2024-05-06 10:55:02.182,com.sec.android.app.shealth,-2,5090,1.2925284,3788.64,199.29,VfS0qUERdZ,com.sec.android.app.shealth,3d57530f-e145-425a-b2c0-e7c297b5c19a,1714953600000,
0f614ca6-6597-4ec1-9cdd-d746d8f51352.binning_data.json,2024-05-07 03:00:01.187,2024-05-07 03:00:01.187,com.sec.android.app.shealth,0,5090,1.2925284,3788.64,199.29,R5wtjjS0Fd,com.sec.android.app.shealth,0f614ca6-6597-4ec1-9cdd-d746d8f51352,1714953600000,
813a9d46-f147-4174-9ca8-0f155c7ac90c.binning_data.json,2024-05-07 16:52:55.225,2024-05-07 10:20:33.184,com.sec.android.app.shealth,-2,2643,1.3034391,1966.13,102.22,VfS0qUERdZ,com.sec.android.app.shealth,813a9d46-f147-4174-9ca8-0f155c7ac90c,1715040000000,
874655a6-f94f-474a-a4da-b3b5feaad85f.binning_data.json,2024-05-08 03:00:03.003,2024-05-08 03:00:03.003,com.sec.android.app.shealth,0,2643,1.3034391,1966.13,102.22,R5wtjjS0Fd,com.sec.android.app.shealth,874655a6-f94f-474a-a4da-b3b5feaad85f,1715040000000,
cb4f0e70-75c4-4824-b708-ce825ff3946f.binning_data.json,2024-05-08 20:52:04.059,2024-05-08 12:55:04.347,com.sec.android.app.shealth,-2,3734,1.3031006,2784.37,144.86,VfS0qUERdZ,com.sec.android.app.shealth,cb4f0e70-75c4-4824-b708-ce825ff3946f,1715126400000,
39f8ea06-56b6-4a0b-a1a4-544b394b9275.binning_data.json,2024-05-09 03:00:04.923,2024-05-09 03:00:04.923,com.sec.android.app.shealth,0,3734,1.3031006,2784.37,144.86,R5wtjjS0Fd,com.sec.android.app.shealth,39f8ea06-56b6-4a0b-a1a4-544b394b9275,1715126400000,
f189e0b0-ce70-4c14-9a8c-0d46789be6a9.binning_data.json,2024-05-09 22:00:13.931,2024-05-09 11:15:03.658,com.sec.android.app.shealth,-2,2232,1.3027704,1678.4,86.590004,VfS0qUERdZ,com.sec.android.app.shealth,f189e0b0-ce70-4c14-9a8c-0d46789be6a9,1715212800000,
495c89d2-84d5-44b4-92c5-56b7ab35d761.binning_data.json,2024-05-10 03:22:41.245,2024-05-10 03:22:41.245,com.sec.android.app.shealth,0,2232,1.3027704,1678.4,86.590004,R5wtjjS0Fd,com.sec.android.app.shealth,495c89d2-84d5-44b4-92c5-56b7ab35d761,1715212800000,
19f23da2-2f80-4c5d-a950-37b925cdcdb4.binning_data.json,2024-05-10 22:50:06.068,2024-05-10 16:32:19.244,com.sec.android.app.shealth,-2,848,1.2598151,632.58,32.649994,VfS0qUERdZ,com.sec.android.app.shealth,19f23da2-2f80-4c5d-a950-37b925cdcdb4,1715299200000,
46c5c455-7ccf-4737-8356-0f7af9b2a2e4.binning_data.json,2024-05-11 04:54:17.356,2024-05-11 04:54:17.356,com.sec.android.app.shealth,0,848,1.2598151,632.58,32.649994,R5wtjjS0Fd,com.sec.android.app.shealth,46c5c455-7ccf-4737-8356-0f7af9b2a2e4,1715299200000,
3533dbbf-8825-44c4-8259-2a85fc68aee3.binning_data.json,2024-05-11 23:55:26.144,2024-05-11 13:35:02.828,com.sec.android.app.shealth,-2,90,1.0077095,64.61,3.35,VfS0qUERdZ,com.sec.android.app.shealth,3533dbbf-8825-44c4-8259-2a85fc68aee3,1715385600000,
dedddbf6-1e17-430e-8f3d-6cd039fdc50e.binning_data.json,2024-05-12 03:34:09.532,2024-05-12 03:34:09.532,com.sec.android.app.shealth,0,90,1.0077095,64.61,3.35,R5wtjjS0Fd,com.sec.android.app.shealth,dedddbf6-1e17-430e-8f3d-6cd039fdc50e,1715385600000,
ae523948-64e0-4e73-854c-a921cb504bc1.binning_data.json,2024-05-12 22:35:02.272,2024-05-12 11:10:34.852,com.sec.android.app.shealth,-2,1793,1.250999,1339.5599,67.75,VfS0qUERdZ,com.sec.android.app.shealth,ae523948-64e0-4e73-854c-a921cb504bc1,1715472000000,
93c957fe-4915-45f9-a021-b0f9ebf32bd8.binning_data.json,2024-05-13 03:00:00.794,2024-05-13 03:00:00.794,com.sec.android.app.shealth,0,1793,1.250999,1339.5599,67.75,R5wtjjS0Fd,com.sec.android.app.shealth,93c957fe-4915-45f9-a021-b0f9ebf32bd8,1715472000000,
2594aa07-afbc-4039-823c-b1d385ebc920.binning_data.json,2024-05-13 22:55:05.087,2024-05-13 11:28:09.079,com.sec.android.app.shealth,-2,1868,1.1911229,1376.55,73.54,VfS0qUERdZ,com.sec.android.app.shealth,2594aa07-afbc-4039-823c-b1d385ebc920,1715558400000,
e0b63666-ed28-410b-923c-4795e85435a4.binning_data.json,2024-05-14 04:24:29.195,2024-05-14 04:24:29.195,com.sec.android.app.shealth,0,1868,1.1911229,1376.55,73.54,R5wtjjS0Fd,com.sec.android.app.shealth,e0b63666-ed28-410b-923c-4795e85435a4,1715558400000,
d32aaf96-3de7-4fb3-9994-09436d664dbe.binning_data.json,2024-05-14 22:15:03.820,2024-05-14 14:24:30.145,com.sec.android.app.shealth,-2,3046,1.3473352,2296.13,108.57,VfS0qUERdZ,com.sec.android.app.shealth,d32aaf96-3de7-4fb3-9994-09436d664dbe,1715644800000,
b4e67ce3-ee48-4f81-a02a-ee83c7397872.binning_data.json,2024-05-15 03:06:14.343,2024-05-15 03:06:14.343,com.sec.android.app.shealth,0,3046,1.3473352,2296.13,108.57,R5wtjjS0Fd,com.sec.android.app.shealth,b4e67ce3-ee48-4f81-a02a-ee83c7397872,1715644800000,
87b502ff-9fc3-4f7a-baf4-08faa1d1ce39.binning_data.json,2024-05-15 18:34:58.914,2024-05-15 10:55:03.378,com.sec.android.app.shealth,-2,4004,1.3368872,3016.24,149.34,VfS0qUERdZ,com.sec.android.app.shealth,87b502ff-9fc3-4f7a-baf4-08faa1d1ce39,1715731200000,
60b20c34-aaf5-4f29-90ee-580522450b13.binning_data.json,2024-05-16 03:54:16.281,2024-05-16 03:54:16.281,com.sec.android.app.shealth,0,4004,1.3368872,3016.24,149.34,R5wtjjS0Fd,com.sec.android.app.shealth,60b20c34-aaf5-4f29-90ee-580522450b13,1715731200000,
82685f66-6ecc-4dd9-9a58-f68875053a5b.binning_data.json,2024-05-16 22:35:23.177,2024-05-16 11:55:06.430,com.sec.android.app.shealth,-2,3357,1.2095221,2468.5,130.63,VfS0qUERdZ,com.sec.android.app.shealth,82685f66-6ecc-4dd9-9a58-f68875053a5b,1715817600000,
3dcef8f5-881f-4794-8043-6dfbfd48aedf.binning_data.json,2024-05-17 03:00:01.011,2024-05-17 03:00:01.011,com.sec.android.app.shealth,0,3357,1.2095221,2468.5,130.63,R5wtjjS0Fd,com.sec.android.app.shealth,3dcef8f5-881f-4794-8043-6dfbfd48aedf,1715817600000,
ebd24248-0967-4b82-b27d-eabbc8597643.binning_data.json,2024-05-17 21:51:55.840,2024-05-17 12:35:03.572,com.sec.android.app.shealth,-2,139,1.0607855,96.61,5.31,VfS0qUERdZ,com.sec.android.app.shealth,ebd24248-0967-4b82-b27d-eabbc8597643,1715904000000,
0fc80ec7-52ad-4ccf-a4fa-f100b6852cce.binning_data.json,2024-05-18 03:00:01.139,2024-05-18 03:00:01.139,com.sec.android.app.shealth,0,139,1.0607855,96.61,5.31,R5wtjjS0Fd,com.sec.android.app.shealth,0fc80ec7-52ad-4ccf-a4fa-f100b6852cce,1715904000000,
ec0e7299-3132-4af6-b86d-b3d76079b399.binning_data.json,2024-05-18 03:07:46.241,2024-05-18 03:07:46.241,com.sec.android.app.shealth,-2,15,0.99999994,10.93,0.54,VfS0qUERdZ,com.sec.android.app.shealth,ec0e7299-3132-4af6-b86d-b3d76079b399,1715990400000,
0b3af514-8cd7-433b-87b6-bbf5b46e8112.binning_data.json,2024-05-19 03:03:11.640,2024-05-19 03:03:11.640,com.sec.android.app.shealth,0,15,0.99999994,10.93,0.54,R5wtjjS0Fd,com.sec.android.app.shealth,0b3af514-8cd7-433b-87b6-bbf5b46e8112,1715990400000,
59b91b5d-9034-4dfc-8fd5-5fde0acd0c36.binning_data.json,2024-05-19 23:25:28.834,2024-05-19 11:00:00.939,com.sec.android.app.shealth,-2,830,1.2157654,615.06,29.49,VfS0qUERdZ,com.sec.android.app.shealth,59b91b5d-9034-4dfc-8fd5-5fde0acd0c36,1716076800000,
928d856f-4976-40b6-ba68-5bf028daccbf.binning_data.json,2024-05-20 03:21:53.425,2024-05-20 03:21:53.425,com.sec.android.app.shealth,0,830,1.2157654,615.06,29.49,R5wtjjS0Fd,com.sec.android.app.shealth,928d856f-4976-40b6-ba68-5bf028daccbf,1716076800000,
e583e022-a1ce-47ec-9575-d292d39866aa.binning_data.json,2024-05-21 01:15:04.989,2024-05-20 08:32:49.694,com.sec.android.app.shealth,-2,2385,1.2175487,1766.21,92.02,VfS0qUERdZ,com.sec.android.app.shealth,e583e022-a1ce-47ec-9575-d292d39866aa,1716163200000,
1b775579-f811-4efd-9de4-e6bcac994af5.binning_data.json,2024-05-21 03:02:21.183,2024-05-21 03:02:21.183,com.sec.android.app.shealth,0,2385,1.2175487,1766.21,92.02,R5wtjjS0Fd,com.sec.android.app.shealth,1b775579-f811-4efd-9de4-e6bcac994af5,1716163200000,
159db991-0331-4d60-a437-1ca1e5e4c8a8.binning_data.json,2024-05-21 23:04:24.938,2024-05-21 10:50:36.163,com.sec.android.app.shealth,-2,6084,1.32597,4545.41,219.74,VfS0qUERdZ,com.sec.android.app.shealth,159db991-0331-4d60-a437-1ca1e5e4c8a8,1716249600000,
64ac1509-c8f1-400f-b74b-10c349d7b2f0.binning_data.json,2024-05-22 03:07:59.288,2024-05-22 03:07:59.288,com.sec.android.app.shealth,0,6084,1.32597,4545.41,219.74,R5wtjjS0Fd,com.sec.android.app.shealth,64ac1509-c8f1-400f-b74b-10c349d7b2f0,1716249600000,
4ba593c6-0ffa-45c8-a4e4-402ddf15d1f7.binning_data.json,2024-05-23 00:34:50.327,2024-05-22 11:14:12.837,com.sec.android.app.shealth,-2,2911,1.2836046,2178.87,110.56,VfS0qUERdZ,com.sec.android.app.shealth,4ba593c6-0ffa-45c8-a4e4-402ddf15d1f7,1716336000000,
2291784c-9ea1-4d36-8583-288469829a2f.binning_data.json,2024-05-23 03:00:00.864,2024-05-23 03:00:00.864,com.sec.android.app.shealth,0,2911,1.2836046,2178.87,110.56,R5wtjjS0Fd,com.sec.android.app.shealth,2291784c-9ea1-4d36-8583-288469829a2f,1716336000000,
4f30ad1c-11e8-4a5e-bf85-0791342a2004.binning_data.json,2024-05-24 01:36:30.760,2024-05-23 11:03:34.800,com.sec.android.app.shealth,-2,5829,1.2980714,4363.27,214.32,VfS0qUERdZ,com.sec.android.app.shealth,4f30ad1c-11e8-4a5e-bf85-0791342a2004,1716422400000,
a7e86806-a64c-49e4-8b20-f2751f61824a.binning_data.json,2024-05-24 03:00:02.626,2024-05-24 03:00:02.626,com.sec.android.app.shealth,0,5829,1.2980714,4363.27,214.32,R5wtjjS0Fd,com.sec.android.app.shealth,a7e86806-a64c-49e4-8b20-f2751f61824a,1716422400000,
13780daf-7b93-4efd-a86d-24719585e98d.binning_data.json,2024-05-25 00:55:02.570,2024-05-24 12:15:02.953,com.sec.android.app.shealth,-2,3161,1.35809,2393.78,108.18,VfS0qUERdZ,com.sec.android.app.shealth,13780daf-7b93-4efd-a86d-24719585e98d,1716508800000,
dc51dcb6-2a6b-4cd8-9446-c73d69c4dba5.binning_data.json,2024-05-25 03:23:29.846,2024-05-25 03:23:29.846,com.sec.android.app.shealth,0,3161,1.35809,2393.78,108.18,R5wtjjS0Fd,com.sec.android.app.shealth,dc51dcb6-2a6b-4cd8-9446-c73d69c4dba5,1716508800000,
df5c574c-ff10-4f54-8aeb-09a6293e3448.binning_data.json,2024-05-25 18:35:31.020,2024-05-25 12:50:25.816,com.sec.android.app.shealth,-2,2429,1.2647047,1792.5,94.54,VfS0qUERdZ,com.sec.android.app.shealth,df5c574c-ff10-4f54-8aeb-09a6293e3448,1716595200000,
acb51392-4c5f-46bf-b660-d3724f76d833.binning_data.json,2024-05-26 04:20:50.287,2024-05-26 04:20:50.287,com.sec.android.app.shealth,0,2429,1.2647047,1792.5,94.54,R5wtjjS0Fd,com.sec.android.app.shealth,acb51392-4c5f-46bf-b660-d3724f76d833,1716595200000,
d7d1e230-6b69-4bb0-99b9-2b058dd0b312.binning_data.json,2024-05-26 15:33:17.059,2024-05-26 15:20:24.181,com.sec.android.app.shealth,-2,46,1.052083,33.739998,1.69,VfS0qUERdZ,com.sec.android.app.shealth,d7d1e230-6b69-4bb0-99b9-2b058dd0b312,1716681600000,
94b2ae4d-ea0d-48e2-a70d-6b2139ce5be1.binning_data.json,2024-05-27 03:13:45.676,2024-05-27 03:13:45.676,com.sec.android.app.shealth,0,46,1.052083,33.739998,1.69,R5wtjjS0Fd,com.sec.android.app.shealth,94b2ae4d-ea0d-48e2-a70d-6b2139ce5be1,1716681600000,
3d21e275-3821-4f9b-b7de-948425f8ac5d.binning_data.json,2024-05-27 21:17:47.037,2024-05-27 11:35:02.148,com.sec.android.app.shealth,-2,4384,1.3068573,3258.18,162.34,VfS0qUERdZ,com.sec.android.app.shealth,3d21e275-3821-4f9b-b7de-948425f8ac5d,1716768000000,
831bfef7-cd4d-44cd-b7b1-4d220c70cde8.binning_data.json,2024-05-28 03:00:00.856,2024-05-28 03:00:00.856,com.sec.android.app.shealth,0,4384,1.3068573,3258.18,162.34,R5wtjjS0Fd,com.sec.android.app.shealth,831bfef7-cd4d-44cd-b7b1-4d220c70cde8,1716768000000,
94ae85c5-a15f-4154-83dd-a20324a01b90.binning_data.json,2024-05-28 21:35:02.904,2024-05-28 14:37:04.602,com.sec.android.app.shealth,-2,2517,1.2820181,1870.49,96.1,VfS0qUERdZ,com.sec.android.app.shealth,94ae85c5-a15f-4154-83dd-a20324a01b90,1716854400000,
e80657d8-dea6-437d-b43f-97742e5bea44.binning_data.json,2024-05-29 03:00:00.825,2024-05-29 03:00:00.825,com.sec.android.app.shealth,0,2517,1.2820181,1870.49,96.1,R5wtjjS0Fd,com.sec.android.app.shealth,e80657d8-dea6-437d-b43f-97742e5bea44,1716854400000,
805c88d0-b8d0-4322-a1d2-6873eae01236.binning_data.json,2024-05-29 20:55:04.018,2024-05-29 13:15:04.135,com.sec.android.app.shealth,-2,4692,1.3430052,3516.6,170.79,VfS0qUERdZ,com.sec.android.app.shealth,805c88d0-b8d0-4322-a1d2-6873eae01236,1716940800000,
3c8e2b05-94df-4d08-85b5-be2bc39d0fad.binning_data.json,2024-05-30 03:00:01.139,2024-05-30 03:00:01.139,com.sec.android.app.shealth,0,4692,1.3430052,3516.6,170.79,R5wtjjS0Fd,com.sec.android.app.shealth,3c8e2b05-94df-4d08-85b5-be2bc39d0fad,1716940800000,
f8bf0726-7451-4ba7-a8e3-6020c1c46ff7.binning_data.json,2024-05-30 23:15:24.959,2024-05-30 07:48:54.916,com.sec.android.app.shealth,-2,54,1.0713778,39.05,1.98,VfS0qUERdZ,com.sec.android.app.shealth,f8bf0726-7451-4ba7-a8e3-6020c1c46ff7,1717027200000,
4ed58d9f-3c55-4365-8012-c9f5e45c072c.binning_data.json,2024-05-31 03:00:01.081,2024-05-31 03:00:01.081,com.sec.android.app.shealth,0,54,1.0713778,39.05,1.98,R5wtjjS0Fd,com.sec.android.app.shealth,4ed58d9f-3c55-4365-8012-c9f5e45c072c,1717027200000,
d6c34b85-b07c-43c3-a352-6c8e829cb9e7.binning_data.json,2024-05-31 23:22:34.431,2024-05-31 12:55:06.202,com.sec.android.app.shealth,-2,5061,1.2968394,3796.23,189.86,VfS0qUERdZ,com.sec.android.app.shealth,d6c34b85-b07c-43c3-a352-6c8e829cb9e7,1717113600000,
dadf7b74-b75b-4e14-a2cf-0bccc8c2f849.binning_data.json,2024-06-01 03:00:01.099,2024-06-01 03:00:01.099,com.sec.android.app.shealth,0,5061,1.2968394,3796.23,189.86,R5wtjjS0Fd,com.sec.android.app.shealth,dadf7b74-b75b-4e14-a2cf-0bccc8c2f849,1717113600000,
32de274b-df6d-4ffd-b55c-a05fffc7d6df.binning_data.json,2024-06-01 20:43:35.918,2024-06-01 09:59:49.191,com.sec.android.app.shealth,-2,1431,1.2297661,1064.82,52.67,VfS0qUERdZ,com.sec.android.app.shealth,32de274b-df6d-4ffd-b55c-a05fffc7d6df,1717200000000,
a6fc7411-c87a-46e5-8b6a-243a7ff8e008.binning_data.json,2024-06-02 03:00:01.054,2024-06-02 03:00:01.054,com.sec.android.app.shealth,0,1431,1.2297661,1064.82,52.67,R5wtjjS0Fd,com.sec.android.app.shealth,a6fc7411-c87a-46e5-8b6a-243a7ff8e008,1717200000000,
48c27e2f-a55c-48e2-a2d9-b2c304ae3dab.binning_data.json,2024-06-02 21:09:14.231,2024-06-02 12:44:52.688,com.sec.android.app.shealth,-2,1158,1.164283,853.83,43.87,VfS0qUERdZ,com.sec.android.app.shealth,48c27e2f-a55c-48e2-a2d9-b2c304ae3dab,1717286400000,
a9af6635-f68d-472d-b66c-1bbc196b0a72.binning_data.json,2024-06-03 03:37:49.174,2024-06-03 03:37:49.174,com.sec.android.app.shealth,0,1158,1.164283,853.83,43.87,R5wtjjS0Fd,com.sec.android.app.shealth,a9af6635-f68d-472d-b66c-1bbc196b0a72,1717286400000,
8a6b4ced-68da-47ae-a283-a75bff16c92b.binning_data.json,2024-06-03 23:55:01.751,2024-06-03 12:55:04.325,com.sec.android.app.shealth,-2,2242,1.2143536,1660.25,87.14,VfS0qUERdZ,com.sec.android.app.shealth,8a6b4ced-68da-47ae-a283-a75bff16c92b,1717372800000,
11a8afe5-a66f-45e7-9cd7-e8b1427285d5.binning_data.json,2024-06-04 03:00:01.194,2024-06-04 03:00:01.194,com.sec.android.app.shealth,0,2242,1.2143536,1660.25,87.14,R5wtjjS0Fd,com.sec.android.app.shealth,11a8afe5-a66f-45e7-9cd7-e8b1427285d5,1717372800000,
e3e08435-bbf1-45a1-9530-35a971d453ab.binning_data.json,2024-06-04 23:59:43.644,2024-06-04 11:50:51.673,com.sec.android.app.shealth,-2,4160,1.220247,3058.73,157.98,VfS0qUERdZ,com.sec.android.app.shealth,e3e08435-bbf1-45a1-9530-35a971d453ab,1717459200000,
e6629f38-1656-4bd5-be42-32dd009e68b9.binning_data.json,2024-06-05 04:36:12.498,2024-06-05 04:36:12.498,com.sec.android.app.shealth,0,4160,1.220247,3058.73,157.98,R5wtjjS0Fd,com.sec.android.app.shealth,e6629f38-1656-4bd5-be42-32dd009e68b9,1717459200000,
a1a8cc27-4fc8-481e-bd9f-33b2063c3f4e.binning_data.json,2024-06-05 17:35:40.856,2024-06-05 12:35:03.047,com.sec.android.app.shealth,-2,1658,1.2171336,1229.32,63.739998,VfS0qUERdZ,com.sec.android.app.shealth,a1a8cc27-4fc8-481e-bd9f-33b2063c3f4e,1717545600000,
0f057d2b-e4fc-4db2-b3e7-012b1b61ca7e.binning_data.json,2024-06-06 03:00:02.424,2024-06-06 03:00:02.424,com.sec.android.app.shealth,0,1658,1.2171336,1229.32,63.739998,R5wtjjS0Fd,com.sec.android.app.shealth,0f057d2b-e4fc-4db2-b3e7-012b1b61ca7e,1717545600000,
4b10f145-1109-425d-81a1-ae23575eb5f2.binning_data.json,2024-06-06 22:18:47.043,2024-06-06 12:35:06.282,com.sec.android.app.shealth,-2,1962,1.2620445,1460.79,75.92,VfS0qUERdZ,com.sec.android.app.shealth,4b10f145-1109-425d-81a1-ae23575eb5f2,1717632000000,
a859f3cb-2676-46ff-83c2-9c3021cc3a5d.binning_data.json,2024-06-07 03:42:46.601,2024-06-07 03:42:46.601,com.sec.android.app.shealth,0,1962,1.2620445,1460.79,75.92,R5wtjjS0Fd,com.sec.android.app.shealth,a859f3cb-2676-46ff-83c2-9c3021cc3a5d,1717632000000,
80669607-13e6-4b49-b3b5-1bfd9029bee1.binning_data.json,2024-06-07 19:35:02.089,2024-06-07 11:26:56.971,com.sec.android.app.shealth,-2,3436,1.3887459,2598.46,123.5,VfS0qUERdZ,com.sec.android.app.shealth,80669607-13e6-4b49-b3b5-1bfd9029bee1,1717718400000,
ee62915e-b376-47db-873e-2a3f13ea5b8b.binning_data.json,2024-06-08 03:00:03.808,2024-06-08 03:00:03.808,com.sec.android.app.shealth,0,3436,1.3887459,2598.46,123.5,R5wtjjS0Fd,com.sec.android.app.shealth,ee62915e-b376-47db-873e-2a3f13ea5b8b,1717718400000,
169e1a59-1fab-4b02-a65b-5fa7cd437197.binning_data.json,2024-06-08 23:18:19.538,2024-06-08 11:52:11.355,com.sec.android.app.shealth,-2,2084,1.2923417,1559.08,76.18,VfS0qUERdZ,com.sec.android.app.shealth,169e1a59-1fab-4b02-a65b-5fa7cd437197,1717804800000,
b29c381f-aeca-441c-9d2a-9257c5e842d7.binning_data.json,2024-06-09 03:00:00.795,2024-06-09 03:00:00.795,com.sec.android.app.shealth,0,2084,1.2923417,1559.08,76.18,R5wtjjS0Fd,com.sec.android.app.shealth,b29c381f-aeca-441c-9d2a-9257c5e842d7,1717804800000,
44624f9c-8312-4481-9b6d-814215defbec.binning_data.json,2024-06-09 23:55:03.823,2024-06-09 21:23:52.018,com.sec.android.app.shealth,-2,155,0.98530513,111.05,5.91,VfS0qUERdZ,com.sec.android.app.shealth,44624f9c-8312-4481-9b6d-814215defbec,1717891200000,
1047e5af-897e-43a3-aa68-b394b885cb56.binning_data.json,2024-06-10 03:44:46.994,2024-06-10 03:44:46.994,com.sec.android.app.shealth,0,155,0.98530513,111.05,5.91,R5wtjjS0Fd,com.sec.android.app.shealth,1047e5af-897e-43a3-aa68-b394b885cb56,1717891200000,
ce264ec2-9b23-4e55-8fb6-77ca43259765.binning_data.json,2024-06-10 14:04:47.964,2024-06-10 10:57:18.523,com.sec.android.app.shealth,-2,3536,1.3108441,2659.41,130.24,VfS0qUERdZ,com.sec.android.app.shealth,ce264ec2-9b23-4e55-8fb6-77ca43259765,1717977600000,
b11c6ac2-642e-4286-ba56-e2cf36630a07.binning_data.json,2024-06-11 04:53:48.455,2024-06-11 04:53:48.455,com.sec.android.app.shealth,0,3536,1.3108441,2659.41,130.24,R5wtjjS0Fd,com.sec.android.app.shealth,b11c6ac2-642e-4286-ba56-e2cf36630a07,1717977600000,
6c99f012-68a4-4f9a-a12e-fe86328c168e.binning_data.json,2024-06-11 22:55:05.788,2024-06-11 11:14:24.069,com.sec.android.app.shealth,-2,6254,1.2866465,4685.33,245.22,VfS0qUERdZ,com.sec.android.app.shealth,6c99f012-68a4-4f9a-a12e-fe86328c168e,1718064000000,
8bbdfaeb-4ba0-4365-aa83-ed7377d5ffff.binning_data.json,2024-06-12 03:10:36.819,2024-06-12 03:10:36.819,com.sec.android.app.shealth,0,6254,1.2866465,4685.33,245.22,R5wtjjS0Fd,com.sec.android.app.shealth,8bbdfaeb-4ba0-4365-aa83-ed7377d5ffff,1718064000000,
9b33674c-dbe5-4b7f-8d43-a277d87dc9be.binning_data.json,2024-06-13 01:19:48.216,2024-06-12 11:24:59.016,com.sec.android.app.shealth,-2,1809,1.2473643,1342.19,71.59,VfS0qUERdZ,com.sec.android.app.shealth,9b33674c-dbe5-4b7f-8d43-a277d87dc9be,1718150400000,
9d2cb0aa-ae52-4371-abc8-9be77a487b76.binning_data.json,2024-06-13 03:29:18.429,2024-06-13 03:29:18.429,com.sec.android.app.shealth,0,1809,1.2473643,1342.19,71.59,R5wtjjS0Fd,com.sec.android.app.shealth,9d2cb0aa-ae52-4371-abc8-9be77a487b76,1718150400000,
e90aaca8-a97a-4685-9dd1-2a3f20508c75.binning_data.json,2024-06-13 21:36:45.117,2024-06-13 10:49:40.849,com.sec.android.app.shealth,-2,1333,1.2848636,998.16,49.43,VfS0qUERdZ,com.sec.android.app.shealth,e90aaca8-a97a-4685-9dd1-2a3f20508c75,1718236800000,
4c201e00-4562-4fd4-9111-4aceb5314789.binning_data.json,2024-06-14 03:38:56.308,2024-06-14 03:38:56.308,com.sec.android.app.shealth,0,1333,1.2848636,998.16,49.43,R5wtjjS0Fd,com.sec.android.app.shealth,4c201e00-4562-4fd4-9111-4aceb5314789,1718236800000,
d0f291fb-24fb-4f55-9413-86659313b362.binning_data.json,2024-06-15 02:28:33.706,2024-06-14 13:31:39.346,com.sec.android.app.shealth,-2,1591,1.2516006,1174.25,63.55,VfS0qUERdZ,com.sec.android.app.shealth,d0f291fb-24fb-4f55-9413-86659313b362,1718323200000,
869207fb-0e25-444f-aafb-f9a80f256763.binning_data.json,2024-06-15 03:00:02.041,2024-06-15 03:00:02.041,com.sec.android.app.shealth,0,1591,1.2516006,1174.25,63.55,R5wtjjS0Fd,com.sec.android.app.shealth,869207fb-0e25-444f-aafb-f9a80f256763,1718323200000,
8aad04f8-f01f-466a-a95a-448d1c6e277d.binning_data.json,2024-06-15 22:55:07.213,2024-06-15 10:35:02.774,com.sec.android.app.shealth,-2,1970,1.3026427,1474.38,71.96,VfS0qUERdZ,com.sec.android.app.shealth,8aad04f8-f01f-466a-a95a-448d1c6e277d,1718409600000,
abf5596c-1ea6-4e49-a08e-95568284f789.binning_data.json,2024-06-16 03:00:03.291,2024-06-16 03:00:03.291,com.sec.android.app.shealth,0,1970,1.3026427,1474.38,71.96,R5wtjjS0Fd,com.sec.android.app.shealth,abf5596c-1ea6-4e49-a08e-95568284f789,1718409600000,
161dcf36-af19-499e-a214-a19b198169bb.binning_data.json,2024-06-16 22:55:17.622,2024-06-16 12:15:34.116,com.sec.android.app.shealth,-2,1840,1.1639168,1357.97,71.01,VfS0qUERdZ,com.sec.android.app.shealth,161dcf36-af19-499e-a214-a19b198169bb,1718496000000,
fe3e6096-5eef-4250-939c-241840de8474.binning_data.json,2024-06-17 03:00:03.122,2024-06-17 03:00:03.122,com.sec.android.app.shealth,0,1840,1.1639168,1357.97,71.01,R5wtjjS0Fd,com.sec.android.app.shealth,fe3e6096-5eef-4250-939c-241840de8474,1718496000000,
17159854-afc6-455f-9879-b75d5fecb22f.binning_data.json,2024-06-17 17:38:59.138,2024-06-17 12:15:02.876,com.sec.android.app.shealth,-2,1788,1.2520081,1332.02,70.24,VfS0qUERdZ,com.sec.android.app.shealth,17159854-afc6-455f-9879-b75d5fecb22f,1718582400000,
4f7510fa-9c1e-4fc1-9c56-d96b297ae688.binning_data.json,2024-06-18 03:00:01.053,2024-06-18 03:00:01.053,com.sec.android.app.shealth,0,1788,1.2520081,1332.02,70.24,R5wtjjS0Fd,com.sec.android.app.shealth,4f7510fa-9c1e-4fc1-9c56-d96b297ae688,1718582400000,
5f2bf1ba-97e9-4b26-8a65-0229583c11ed.binning_data.json,2024-06-18 20:17:23.663,2024-06-18 12:06:54.583,com.sec.android.app.shealth,-2,2434,1.2685024,1797.92,94.46,VfS0qUERdZ,com.sec.android.app.shealth,5f2bf1ba-97e9-4b26-8a65-0229583c11ed,1718668800000,
73e858f6-ea91-4e62-85af-010328f9bf68.binning_data.json,2024-06-19 03:00:01.022,2024-06-19 03:00:01.022,com.sec.android.app.shealth,0,2434,1.2685024,1797.92,94.46,R5wtjjS0Fd,com.sec.android.app.shealth,73e858f6-ea91-4e62-85af-010328f9bf68,1718668800000,
fad8f05a-4e6a-4005-bdd0-41f057795367.binning_data.json,2024-06-19 22:06:37.780,2024-06-19 12:35:01.762,com.sec.android.app.shealth,-2,1158,1.2175508,859.08997,45.0,VfS0qUERdZ,com.sec.android.app.shealth,fad8f05a-4e6a-4005-bdd0-41f057795367,1718755200000,
bf0842b7-c95d-4e02-b069-913793fb3ab6.binning_data.json,2024-06-20 03:00:01.207,2024-06-20 03:00:01.207,com.sec.android.app.shealth,0,1158,1.2175508,859.08997,45.0,R5wtjjS0Fd,com.sec.android.app.shealth,bf0842b7-c95d-4e02-b069-913793fb3ab6,1718755200000,
f56148be-ba6e-4bc0-9c73-5f19349d61c2.binning_data.json,2024-06-20 23:55:03.413,2024-06-20 11:37:25.856,com.sec.android.app.shealth,-2,4804,1.2591943,3572.1,184.73,VfS0qUERdZ,com.sec.android.app.shealth,f56148be-ba6e-4bc0-9c73-5f19349d61c2,1718841600000,
9fcbf346-ba10-4baf-98b1-740920c928a7.binning_data.json,2024-06-21 06:49:55.234,2024-06-21 06:49:55.234,com.sec.android.app.shealth,0,4804,1.2591943,3572.1,184.73,R5wtjjS0Fd,com.sec.android.app.shealth,9fcbf346-ba10-4baf-98b1-740920c928a7,1718841600000,
89f74c7b-09c6-4cba-9feb-b365b156fbbb.binning_data.json,2024-06-21 23:01:02.381,2024-06-21 10:43:49.083,com.sec.android.app.shealth,-2,2585,1.336283,1952.45,97.57,VfS0qUERdZ,com.sec.android.app.shealth,89f74c7b-09c6-4cba-9feb-b365b156fbbb,1718928000000,
1dd074a8-2468-44d1-bd98-81636f1fbe9b.binning_data.json,2024-06-22 03:00:02.585,2024-06-22 03:00:02.585,com.sec.android.app.shealth,0,2585,1.336283,1952.45,97.57,R5wtjjS0Fd,com.sec.android.app.shealth,1dd074a8-2468-44d1-bd98-81636f1fbe9b,1718928000000,
cd6ea649-27fe-4b71-b8e1-c17b0f2b5ad2.binning_data.json,2024-06-23 00:55:05.434,2024-06-22 12:12:57.549,com.sec.android.app.shealth,-2,1586,1.2616436,1184.76,62.88,VfS0qUERdZ,com.sec.android.app.shealth,cd6ea649-27fe-4b71-b8e1-c17b0f2b5ad2,1719014400000,
22c17d4d-2318-46f4-bd5a-20c4eeae833c.binning_data.json,2024-06-23 03:00:14.405,2024-06-23 03:00:14.405,com.sec.android.app.shealth,0,1586,1.2616436,1184.76,62.88,R5wtjjS0Fd,com.sec.android.app.shealth,22c17d4d-2318-46f4-bd5a-20c4eeae833c,1719014400000,
628cfef3-4cd5-4aed-9843-74e0ce7d879f.binning_data.json,2024-06-23 16:37:25.209,2024-06-23 15:52:18.917,com.sec.android.app.shealth,-2,169,1.0992231,120.71,6.31,VfS0qUERdZ,com.sec.android.app.shealth,628cfef3-4cd5-4aed-9843-74e0ce7d879f,1719100800000,
04e68295-0c47-4818-89d4-1f459b7bd17e.binning_data.json,2024-06-24 03:00:02.317,2024-06-24 03:00:02.317,com.sec.android.app.shealth,0,169,1.0992231,120.71,6.31,R5wtjjS0Fd,com.sec.android.app.shealth,04e68295-0c47-4818-89d4-1f459b7bd17e,1719100800000,
c8939c16-c4bf-4fe7-b3d6-e1a7c6687c3c.binning_data.json,2024-06-24 23:10:09.848,2024-06-24 11:46:03.375,com.sec.android.app.shealth,-2,2585,1.3075898,1928.68,97.66,VfS0qUERdZ,com.sec.android.app.shealth,c8939c16-c4bf-4fe7-b3d6-e1a7c6687c3c,1719187200000,
e60aee3a-f3d0-4077-b537-7cc8baaa8d5f.binning_data.json,2024-06-25 03:00:02.457,2024-06-25 03:00:02.457,com.sec.android.app.shealth,0,2585,1.3075898,1928.68,97.66,R5wtjjS0Fd,com.sec.android.app.shealth,e60aee3a-f3d0-4077-b537-7cc8baaa8d5f,1719187200000,
69c65387-ad62-46c5-9e90-5e2f4e2566e7.binning_data.json,2024-06-25 22:35:02.061,2024-06-25 15:14:40.694,com.sec.android.app.shealth,-2,1620,1.3552738,1211.83,60.05,VfS0qUERdZ,com.sec.android.app.shealth,69c65387-ad62-46c5-9e90-5e2f4e2566e7,1719273600000,
c19510b8-34b8-48a5-9521-a2c546083285.binning_data.json,2024-06-26 03:00:02.677,2024-06-26 03:00:02.677,com.sec.android.app.shealth,0,1620,1.3552738,1211.83,60.05,R5wtjjS0Fd,com.sec.android.app.shealth,c19510b8-34b8-48a5-9521-a2c546083285,1719273600000,
c7270a00-ce86-440a-b19d-7d1fe272fa0c.binning_data.json,2024-06-26 22:29:56.438,2024-06-26 11:21:12.681,com.sec.android.app.shealth,-2,5168,1.3388606,3897.14,190.31,VfS0qUERdZ,com.sec.android.app.shealth,c7270a00-ce86-440a-b19d-7d1fe272fa0c,1719360000000,
d70b1b26-7380-466c-9a11-1d832f38d4b9.binning_data.json,2024-06-27 03:00:03.534,2024-06-27 03:00:03.534,com.sec.android.app.shealth,0,5168,1.3388606,3897.14,190.31,R5wtjjS0Fd,com.sec.android.app.shealth,d70b1b26-7380-466c-9a11-1d832f38d4b9,1719360000000,
59a4a31f-903a-4e2d-8f9e-a2d0055bb9d7.binning_data.json,2024-06-27 22:15:04.286,2024-06-27 12:15:03.499,com.sec.android.app.shealth,-2,2174,1.2289137,1608.8,83.729996,VfS0qUERdZ,com.sec.android.app.shealth,59a4a31f-903a-4e2d-8f9e-a2d0055bb9d7,1719446400000,
f2769333-50e7-44f0-8b52-069c32aba88e.binning_data.json,2024-06-28 03:32:11.444,2024-06-28 03:32:11.444,com.sec.android.app.shealth,0,2174,1.2289137,1608.8,83.729996,R5wtjjS0Fd,com.sec.android.app.shealth,f2769333-50e7-44f0-8b52-069c32aba88e,1719446400000,
34f3b8a7-ce0e-49d0-b4ee-d268e6421a8e.binning_data.json,2024-06-28 18:15:04.201,2024-06-28 12:35:22.974,com.sec.android.app.shealth,-2,4379,1.3103415,3278.65,166.52,VfS0qUERdZ,com.sec.android.app.shealth,34f3b8a7-ce0e-49d0-b4ee-d268e6421a8e,1719532800000,
1da52c8a-41ee-44f2-9b1c-f353a9bcf47a.binning_data.json,2024-06-29 03:00:02.806,2024-06-29 03:00:02.806,com.sec.android.app.shealth,0,4379,1.3103415,3278.65,166.52,R5wtjjS0Fd,com.sec.android.app.shealth,1da52c8a-41ee-44f2-9b1c-f353a9bcf47a,1719532800000,
500e4e14-4b51-466c-b1b8-a0e32ab10c3a.binning_data.json,2024-06-29 22:55:03.103,2024-06-29 13:15:02.167,com.sec.android.app.shealth,-2,2739,1.3104547,2048.86,102.03,VfS0qUERdZ,com.sec.android.app.shealth,500e4e14-4b51-466c-b1b8-a0e32ab10c3a,1719619200000,
e603058d-3909-4554-8024-b965af81f6c5.binning_data.json,2024-06-30 03:00:01.920,2024-06-30 03:00:01.920,com.sec.android.app.shealth,0,2739,1.3104547,2048.86,102.03,R5wtjjS0Fd,com.sec.android.app.shealth,e603058d-3909-4554-8024-b965af81f6c5,1719619200000,
1f7da3ad-8f42-4a2f-8ea2-791edf368d6a.binning_data.json,2024-07-01 00:58:59.861,2024-06-30 10:15:03.995,com.sec.android.app.shealth,-2,243,1.1919045,176.34,9.29,VfS0qUERdZ,com.sec.android.app.shealth,1f7da3ad-8f42-4a2f-8ea2-791edf368d6a,1719705600000,
b840c26f-b6a0-40b9-82b2-a18d331e520d.binning_data.json,2024-07-01 04:56:32.708,2024-07-01 04:56:32.708,com.sec.android.app.shealth,0,243,1.1919045,176.34,9.29,R5wtjjS0Fd,com.sec.android.app.shealth,b840c26f-b6a0-40b9-82b2-a18d331e520d,1719705600000,
76eec7cc-e55b-4ccf-9847-2f25e9d97ed3.binning_data.json,2024-07-02 00:27:15.358,2024-07-01 13:03:38.458,com.sec.android.app.shealth,-2,4048,1.3554695,3050.2,149.5,VfS0qUERdZ,com.sec.android.app.shealth,76eec7cc-e55b-4ccf-9847-2f25e9d97ed3,1719792000000,
a54008ba-cbe8-4b47-9761-bf51fa86b49e.binning_data.json,2024-07-02 03:00:02.362,2024-07-02 03:00:02.362,com.sec.android.app.shealth,0,4048,1.3554695,3050.2,149.5,R5wtjjS0Fd,com.sec.android.app.shealth,a54008ba-cbe8-4b47-9761-bf51fa86b49e,1719792000000,
a5be9244-8d52-4f13-a8ce-c8aca8cedc23.binning_data.json,2024-07-03 01:37:01.180,2024-07-02 12:30:38.684,com.sec.android.app.shealth,-2,1439,1.2893981,1083.04,53.739998,VfS0qUERdZ,com.sec.android.app.shealth,a5be9244-8d52-4f13-a8ce-c8aca8cedc23,1719878400000,
6cd25018-05e4-481b-a71c-9e199e9e8e58.binning_data.json,2024-07-03 03:00:00.851,2024-07-03 03:00:00.851,com.sec.android.app.shealth,0,1439,1.2893981,1083.04,53.739998,R5wtjjS0Fd,com.sec.android.app.shealth,6cd25018-05e4-481b-a71c-9e199e9e8e58,1719878400000,
88ea161e-cbba-47ad-a7e2-5671e8bf0ebe.binning_data.json,2024-07-03 17:15:02.527,2024-07-03 12:13:01.011,com.sec.android.app.shealth,-2,3484,1.3082374,2612.45,131.61,VfS0qUERdZ,com.sec.android.app.shealth,88ea161e-cbba-47ad-a7e2-5671e8bf0ebe,1719964800000,
aeebfdbd-cbd1-4f27-84e5-81d02d56111e.binning_data.json,2024-07-04 03:00:01.134,2024-07-04 03:00:01.134,com.sec.android.app.shealth,0,3484,1.3082374,2612.45,131.61,R5wtjjS0Fd,com.sec.android.app.shealth,aeebfdbd-cbd1-4f27-84e5-81d02d56111e,1719964800000,
0a07808c-b9b4-4c7e-a242-efd19e6cb1c1.binning_data.json,2024-07-05 01:57:19.231,2024-07-04 14:06:34.131,com.sec.android.app.shealth,-2,4041,1.389401,3058.04,135.94,VfS0qUERdZ,com.sec.android.app.shealth,0a07808c-b9b4-4c7e-a242-efd19e6cb1c1,1720051200000,
3eb88cbf-dad2-4b75-a250-9f4f1f914531.binning_data.json,2024-07-05 03:36:33.102,2024-07-05 03:36:33.102,com.sec.android.app.shealth,0,4041,1.389401,3058.04,135.94,R5wtjjS0Fd,com.sec.android.app.shealth,3eb88cbf-dad2-4b75-a250-9f4f1f914531,1720051200000,
bc0baa45-a5b7-46d0-8a52-88f1d17a499e.binning_data.json,2024-07-06 02:55:09.498,2024-07-05 11:37:40.061,com.sec.android.app.shealth,-2,5515,1.3957098,4201.6,188.02,VfS0qUERdZ,com.sec.android.app.shealth,bc0baa45-a5b7-46d0-8a52-88f1d17a499e,1720137600000,
f726230b-61a2-4571-af92-fbb1505ffadf.binning_data.json,2024-07-06 03:00:01.871,2024-07-06 03:00:01.871,com.sec.android.app.shealth,0,5515,1.3957098,4201.6,188.02,R5wtjjS0Fd,com.sec.android.app.shealth,f726230b-61a2-4571-af92-fbb1505ffadf,1720137600000,
51312232-a6cb-41d5-aaf2-fa1b4ddb0f96.binning_data.json,2024-07-06 14:27:11.099,2024-07-06 14:27:11.099,com.sec.android.app.shealth,-2,18,1.1930456,11.940001,0.69,VfS0qUERdZ,com.sec.android.app.shealth,51312232-a6cb-41d5-aaf2-fa1b4ddb0f96,1720224000000,
4c497a66-bacb-41d7-a1f2-80bffb1ad212.binning_data.json,2024-07-07 03:18:18.189,2024-07-07 03:18:18.189,com.sec.android.app.shealth,0,18,1.1930456,11.940001,0.69,R5wtjjS0Fd,com.sec.android.app.shealth,4c497a66-bacb-41d7-a1f2-80bffb1ad212,1720224000000,
45383619-ef5f-49d8-bacb-64664493d4c4.binning_data.json,2024-07-08 00:50:28.017,2024-07-07 11:39:14.596,com.sec.android.app.shealth,-2,1493,1.2511781,1104.89,54.58,VfS0qUERdZ,com.sec.android.app.shealth,45383619-ef5f-49d8-bacb-64664493d4c4,1720310400000,
0bdba202-e6e4-4775-8766-6600ac7083fb.binning_data.json,2024-07-08 03:00:01.020,2024-07-08 03:00:01.020,com.sec.android.app.shealth,0,1493,1.2511781,1104.89,54.58,R5wtjjS0Fd,com.sec.android.app.shealth,0bdba202-e6e4-4775-8766-6600ac7083fb,1720310400000,
42e4a913-15ed-4ff3-8807-1315e9029211.binning_data.json,2024-07-08 23:35:02.835,2024-07-08 12:01:54.367,com.sec.android.app.shealth,-2,1726,1.3879592,1298.45,57.51,VfS0qUERdZ,com.sec.android.app.shealth,42e4a913-15ed-4ff3-8807-1315e9029211,1720396800000,
54b40f32-1fb6-4e4b-baac-28d48db646dd.binning_data.json,2024-07-09 03:40:05.017,2024-07-09 03:40:05.017,com.sec.android.app.shealth,0,1726,1.3879592,1298.45,57.51,R5wtjjS0Fd,com.sec.android.app.shealth,54b40f32-1fb6-4e4b-baac-28d48db646dd,1720396800000,
29ed19fb-e258-40a0-95fb-96a366571f07.binning_data.json,2024-07-10 01:35:03.098,2024-07-09 13:35:03.589,com.sec.android.app.shealth,-2,2889,1.3374922,2163.31,104.82,VfS0qUERdZ,com.sec.android.app.shealth,29ed19fb-e258-40a0-95fb-96a366571f07,1720483200000,
2b859382-22d9-4845-9e52-d978d1237a32.binning_data.json,2024-07-10 03:14:02.070,2024-07-10 03:14:02.070,com.sec.android.app.shealth,0,2889,1.3374922,2163.31,104.82,R5wtjjS0Fd,com.sec.android.app.shealth,2b859382-22d9-4845-9e52-d978d1237a32,1720483200000,
cb25fde1-c855-4cc8-9661-f3317a743988.binning_data.json,2024-07-10 22:55:03.116,2024-07-10 11:43:46.393,com.sec.android.app.shealth,-2,3013,1.3130605,2273.71,106.28,VfS0qUERdZ,com.sec.android.app.shealth,cb25fde1-c855-4cc8-9661-f3317a743988,1720569600000,
65eb56c7-a78c-46d8-8669-5dda8f1fc946.binning_data.json,2024-07-11 03:20:18.343,2024-07-11 03:20:18.343,com.sec.android.app.shealth,0,3013,1.3130605,2273.71,106.28,R5wtjjS0Fd,com.sec.android.app.shealth,65eb56c7-a78c-46d8-8669-5dda8f1fc946,1720569600000,
e25ec865-ea49-43ca-ac87-547e70dd6aa3.binning_data.json,2024-07-11 19:23:33.444,2024-07-11 11:55:02.079,com.sec.android.app.shealth,-2,3297,1.2933931,2477.05,120.25,VfS0qUERdZ,com.sec.android.app.shealth,e25ec865-ea49-43ca-ac87-547e70dd6aa3,1720656000000,
8df895ac-8b09-4cf9-aac7-e67fc3ff4935.binning_data.json,2024-07-12 03:00:03.969,2024-07-12 03:00:03.969,com.sec.android.app.shealth,0,3297,1.2933931,2477.05,120.25,R5wtjjS0Fd,com.sec.android.app.shealth,8df895ac-8b09-4cf9-aac7-e67fc3ff4935,1720656000000,
3de8e278-94dc-4727-8d29-43dbe5f96324.binning_data.json,2024-07-12 17:44:49.438,2024-07-12 10:15:04.135,com.sec.android.app.shealth,-2,5125,1.3336238,3869.54,183.95,VfS0qUERdZ,com.sec.android.app.shealth,3de8e278-94dc-4727-8d29-43dbe5f96324,1720742400000,
9f6082df-209a-41fa-b622-1563e373b89b.binning_data.json,2024-07-13 03:00:01.124,2024-07-13 03:00:01.124,com.sec.android.app.shealth,0,5125,1.3336238,3869.54,183.95,R5wtjjS0Fd,com.sec.android.app.shealth,9f6082df-209a-41fa-b622-1563e373b89b,1720742400000,
6f01c901-b657-4b6e-9d13-b316e6df7ce9.binning_data.json,2024-07-14 00:16:54.057,2024-07-13 12:15:02.247,com.sec.android.app.shealth,-2,1970,1.3857899,1496.93,65.7,VfS0qUERdZ,com.sec.android.app.shealth,6f01c901-b657-4b6e-9d13-b316e6df7ce9,1720828800000,
2469f312-3fc5-40c8-a2ce-2a57c029d09d.binning_data.json,2024-07-14 03:00:02.331,2024-07-14 03:00:02.331,com.sec.android.app.shealth,0,1970,1.3857899,1496.93,65.7,R5wtjjS0Fd,com.sec.android.app.shealth,2469f312-3fc5-40c8-a2ce-2a57c029d09d,1720828800000,
dbcdc860-fce0-41c9-b256-9fc6f449b899.binning_data.json,2024-07-15 01:46:15.394,2024-07-14 14:13:11.366,com.sec.android.app.shealth,-2,71,1.0022625,51.07,2.68,VfS0qUERdZ,com.sec.android.app.shealth,dbcdc860-fce0-41c9-b256-9fc6f449b899,1720915200000,
109e3ce2-c68a-425d-9750-6e92a1091fdc.binning_data.json,2024-07-15 03:00:03.877,2024-07-15 03:00:03.877,com.sec.android.app.shealth,0,71,1.0022625,51.07,2.68,R5wtjjS0Fd,com.sec.android.app.shealth,109e3ce2-c68a-425d-9750-6e92a1091fdc,1720915200000,
028bf6d7-2e70-42a4-adb3-0fa26f8a149a.binning_data.json,2024-07-16 01:35:08.120,2024-07-15 13:13:38.130,com.sec.android.app.shealth,-2,1604,1.3505049,1212.4,56.809998,VfS0qUERdZ,com.sec.android.app.shealth,028bf6d7-2e70-42a4-adb3-0fa26f8a149a,1721001600000,
6558c098-78d8-437b-b649-235977b8e4b7.binning_data.json,2024-07-16 03:00:02.253,2024-07-16 03:00:02.253,com.sec.android.app.shealth,0,1604,1.3505049,1212.4,56.809998,R5wtjjS0Fd,com.sec.android.app.shealth,6558c098-78d8-437b-b649-235977b8e4b7,1721001600000,
ba833cd3-ebc1-499b-9dd4-3ffdc3980a00.binning_data.json,2024-07-16 22:54:54.820,2024-07-16 12:34:01.560,com.sec.android.app.shealth,-2,1665,1.314058,1246.55,62.9,VfS0qUERdZ,com.sec.android.app.shealth,ba833cd3-ebc1-499b-9dd4-3ffdc3980a00,1721088000000,
58d95850-bf73-4438-8d86-7dbf8d566eb1.binning_data.json,2024-07-17 04:26:34.512,2024-07-17 04:26:34.512,com.sec.android.app.shealth,0,1665,1.314058,1246.55,62.9,R5wtjjS0Fd,com.sec.android.app.shealth,58d95850-bf73-4438-8d86-7dbf8d566eb1,1721088000000,
dd804baa-c857-43df-a8db-ea4932dc9488.binning_data.json,2024-07-17 21:39:19.542,2024-07-17 12:35:03.441,com.sec.android.app.shealth,-2,4499,1.3427504,3378.0,163.31999,VfS0qUERdZ,com.sec.android.app.shealth,dd804baa-c857-43df-a8db-ea4932dc9488,1721174400000,
2f9c2937-80c2-4c2a-9270-403efb1a13fa.binning_data.json,2024-07-18 03:00:02.382,2024-07-18 03:00:02.382,com.sec.android.app.shealth,0,4499,1.3427504,3378.0,163.31999,R5wtjjS0Fd,com.sec.android.app.shealth,2f9c2937-80c2-4c2a-9270-403efb1a13fa,1721174400000,
8d4abe13-61b7-4a9d-9205-9812521327bb.binning_data.json,2024-07-18 20:55:30.145,2024-07-18 10:21:36.839,com.sec.android.app.shealth,-2,1867,1.2315435,1392.48,69.73,VfS0qUERdZ,com.sec.android.app.shealth,8d4abe13-61b7-4a9d-9205-9812521327bb,1721260800000,
e91bcc01-f753-476f-8b0c-6ee8cd0efcf3.binning_data.json,2024-07-19 03:00:09.823,2024-07-19 03:00:09.823,com.sec.android.app.shealth,0,1867,1.2315435,1392.48,69.73,R5wtjjS0Fd,com.sec.android.app.shealth,e91bcc01-f753-476f-8b0c-6ee8cd0efcf3,1721260800000,
66a7cdd3-cfdc-4f91-85b2-1e3ec9420606.binning_data.json,2024-07-19 23:25:21.314,2024-07-19 13:24:04.359,com.sec.android.app.shealth,-2,1197,1.2270143,888.43,44.19,VfS0qUERdZ,com.sec.android.app.shealth,66a7cdd3-cfdc-4f91-85b2-1e3ec9420606,1721347200000,
5adf5b1b-c7ba-4901-880e-70a3b6b353da.binning_data.json,2024-07-20 03:00:02.003,2024-07-20 03:00:02.003,com.sec.android.app.shealth,0,1197,1.2270143,888.43,44.19,R5wtjjS0Fd,com.sec.android.app.shealth,5adf5b1b-c7ba-4901-880e-70a3b6b353da,1721347200000,
fcec41cb-e80e-4ed5-abef-2e6a13bba467.binning_data.json,2024-07-21 00:35:02.796,2024-07-20 12:55:02.096,com.sec.android.app.shealth,-2,3388,1.3171892,2558.71,118.72,VfS0qUERdZ,com.sec.android.app.shealth,fcec41cb-e80e-4ed5-abef-2e6a13bba467,1721433600000,
53d9c86a-4ed3-444a-bcac-6bcee7e221da.binning_data.json,2024-07-21 03:00:01.185,2024-07-21 03:00:01.185,com.sec.android.app.shealth,0,3388,1.3171892,2558.71,118.72,R5wtjjS0Fd,com.sec.android.app.shealth,53d9c86a-4ed3-444a-bcac-6bcee7e221da,1721433600000,
d028918e-d8c3-4dc2-8d6b-90acce6f92f3.binning_data.json,2024-07-21 19:56:01.658,2024-07-21 11:55:02.017,com.sec.android.app.shealth,-2,100,1.2269112,75.03,3.58,VfS0qUERdZ,com.sec.android.app.shealth,d028918e-d8c3-4dc2-8d6b-90acce6f92f3,1721520000000,
7cd821bb-0f56-4690-8b98-2d57612589f5.binning_data.json,2024-07-22 03:28:23.313,2024-07-22 03:28:23.313,com.sec.android.app.shealth,0,100,1.2269112,75.03,3.58,R5wtjjS0Fd,com.sec.android.app.shealth,7cd821bb-0f56-4690-8b98-2d57612589f5,1721520000000,
81539cb0-9698-4b5c-8f0b-0932fc6d4bb3.binning_data.json,2024-07-22 23:15:24.141,2024-07-22 11:15:01.878,com.sec.android.app.shealth,-2,5505,1.2972928,4139.75,198.76,VfS0qUERdZ,com.sec.android.app.shealth,81539cb0-9698-4b5c-8f0b-0932fc6d4bb3,1721606400000,
32f8c44b-383b-4cd3-a33e-ae3d08380cb4.binning_data.json,2024-07-23 03:00:01.363,2024-07-23 03:00:01.363,com.sec.android.app.shealth,0,5505,1.2972928,4139.75,198.76,R5wtjjS0Fd,com.sec.android.app.shealth,32f8c44b-383b-4cd3-a33e-ae3d08380cb4,1721606400000,
1788c8aa-1985-4197-9f02-6ca7b4ede04c.binning_data.json,2024-07-23 22:33:37.598,2024-07-23 10:56:09.424,com.sec.android.app.shealth,-2,3222,1.3727001,2446.14,111.4,VfS0qUERdZ,com.sec.android.app.shealth,1788c8aa-1985-4197-9f02-6ca7b4ede04c,1721692800000,
fe5c6faa-93bf-49df-9edc-28d77f181d5f.binning_data.json,2024-07-24 03:00:04.729,2024-07-24 03:00:04.729,com.sec.android.app.shealth,0,3222,1.3727001,2446.14,111.4,R5wtjjS0Fd,com.sec.android.app.shealth,fe5c6faa-93bf-49df-9edc-28d77f181d5f,1721692800000,
9ba2d33b-cab1-42ec-a442-9a67e342dc83.binning_data.json,2024-07-25 01:56:17.040,2024-07-24 11:51:52.479,com.sec.android.app.shealth,-2,6085,1.3817577,4624.63,232.08,VfS0qUERdZ,com.sec.android.app.shealth,9ba2d33b-cab1-42ec-a442-9a67e342dc83,1721779200000,
a5be77a3-0fca-454c-bb8a-e7d1ecb841db.binning_data.json,2024-07-25 03:11:19.828,2024-07-25 03:11:19.828,com.sec.android.app.shealth,0,6085,1.3817577,4624.63,232.08,R5wtjjS0Fd,com.sec.android.app.shealth,a5be77a3-0fca-454c-bb8a-e7d1ecb841db,1721779200000,
15563af5-e541-47f7-af18-3043300e4d03.binning_data.json,2024-07-25 21:35:47.341,2024-07-25 10:55:02.822,com.sec.android.app.shealth,-2,6677,1.3315744,5053.3,253.71,VfS0qUERdZ,com.sec.android.app.shealth,15563af5-e541-47f7-af18-3043300e4d03,1721865600000,
b8d2438c-b936-4db3-9397-9b925568d0db.binning_data.json,2024-07-26 03:00:01.477,2024-07-26 03:00:01.477,com.sec.android.app.shealth,0,6677,1.3315744,5053.3,253.71,R5wtjjS0Fd,com.sec.android.app.shealth,b8d2438c-b936-4db3-9397-9b925568d0db,1721865600000,
ff141cf1-3231-44d3-876c-8e38054f7249.binning_data.json,2024-07-26 21:52:01.581,2024-07-26 11:15:06.140,com.sec.android.app.shealth,-2,5725,1.3829916,4344.33,195.92,VfS0qUERdZ,com.sec.android.app.shealth,ff141cf1-3231-44d3-876c-8e38054f7249,1721952000000,
211d6563-86d4-4c49-aeec-9cb11dd37242.binning_data.json,2024-07-27 03:00:01.148,2024-07-27 03:00:01.148,com.sec.android.app.shealth,0,5725,1.3829916,4344.33,195.92,R5wtjjS0Fd,com.sec.android.app.shealth,211d6563-86d4-4c49-aeec-9cb11dd37242,1721952000000,
3fcd3bee-aa7a-4292-a472-d62d25e3b140.binning_data.json,2024-07-28 03:00:13.119,2024-07-27 13:35:40.126,com.sec.android.app.shealth,-2,115,1.1161184,83.48,4.34,VfS0qUERdZ,com.sec.android.app.shealth,3fcd3bee-aa7a-4292-a472-d62d25e3b140,1722038400000,
81cd65e6-4f63-429d-9ffd-65d3f1130cb1.binning_data.json,2024-07-28 03:00:05.070,2024-07-28 03:00:05.070,com.sec.android.app.shealth,0,115,1.1161184,83.48,4.34,R5wtjjS0Fd,com.sec.android.app.shealth,81cd65e6-4f63-429d-9ffd-65d3f1130cb1,1722038400000,
eca326d7-8288-4373-9643-b2664f5610e0.binning_data.json,2024-07-29 00:40:37.985,2024-07-29 00:40:37.985,com.sec.android.app.shealth,-2,18,0.8888889,12.77,0.67,VfS0qUERdZ,com.sec.android.app.shealth,eca326d7-8288-4373-9643-b2664f5610e0,1722124800000,
7f99b071-d3b8-422f-86dd-3c2e279ffd3b.binning_data.json,2024-07-29 04:56:31.545,2024-07-29 04:56:31.545,com.sec.android.app.shealth,0,18,0.8888889,12.77,0.67,R5wtjjS0Fd,com.sec.android.app.shealth,7f99b071-d3b8-422f-86dd-3c2e279ffd3b,1722124800000,
576ddde1-9d7f-4586-849f-a3db68c3dc78.binning_data.json,2024-07-29 21:49:18.161,2024-07-29 13:22:04.510,com.sec.android.app.shealth,-2,1428,1.2600583,1065.4501,52.43,VfS0qUERdZ,com.sec.android.app.shealth,576ddde1-9d7f-4586-849f-a3db68c3dc78,1722211200000,
2daa74c8-b99d-4644-b294-4bb060856ca2.binning_data.json,2024-07-30 03:46:56.241,2024-07-30 03:46:56.241,com.sec.android.app.shealth,0,1428,1.2600583,1065.4501,52.43,R5wtjjS0Fd,com.sec.android.app.shealth,2daa74c8-b99d-4644-b294-4bb060856ca2,1722211200000,
86b559b4-d9e1-4371-8bc3-3fc1374ca596.binning_data.json,2024-07-30 20:35:04.826,2024-07-30 09:04:57.569,com.sec.android.app.shealth,-2,3135,1.307448,2355.9,115.87,VfS0qUERdZ,com.sec.android.app.shealth,86b559b4-d9e1-4371-8bc3-3fc1374ca596,1722297600000,
9af9d061-2a06-41aa-8411-f4b890a77312.binning_data.json,2024-07-31 03:00:03.053,2024-07-31 03:00:03.053,com.sec.android.app.shealth,0,3135,1.307448,2355.9,115.87,R5wtjjS0Fd,com.sec.android.app.shealth,9af9d061-2a06-41aa-8411-f4b890a77312,1722297600000,
7a3ee16c-3eae-426d-b28d-a6c00b084450.binning_data.json,2024-07-31 20:54:39.857,2024-07-31 10:29:32.514,com.sec.android.app.shealth,-2,6329,1.3300216,4783.58,228.92,VfS0qUERdZ,com.sec.android.app.shealth,7a3ee16c-3eae-426d-b28d-a6c00b084450,1722384000000,
a34208ab-c91a-4b36-af8f-13b03e727443.binning_data.json,2024-08-01 04:59:44.821,2024-08-01 04:59:44.821,com.sec.android.app.shealth,0,6329,1.3300216,4783.58,228.92,R5wtjjS0Fd,com.sec.android.app.shealth,a34208ab-c91a-4b36-af8f-13b03e727443,1722384000000,
e7f45cd9-7e37-4f4e-9fe2-9495753c6b3b.binning_data.json,2024-08-01 21:54:40.992,2024-08-01 11:35:06.549,com.sec.android.app.shealth,-2,6852,1.3732682,5177.91,243.75,VfS0qUERdZ,com.sec.android.app.shealth,e7f45cd9-7e37-4f4e-9fe2-9495753c6b3b,1722470400000,
3f6195e5-f22a-4637-b8e7-27b32cbc7cd0.binning_data.json,2024-08-02 04:55:31.245,2024-08-02 04:55:31.245,com.sec.android.app.shealth,0,6852,1.3732682,5177.91,243.75,R5wtjjS0Fd,com.sec.android.app.shealth,3f6195e5-f22a-4637-b8e7-27b32cbc7cd0,1722470400000,
5b615a3a-04b0-4a50-9d41-b41d1bc1dee3.binning_data.json,2024-08-02 23:16:48.238,2024-08-02 11:55:03.041,com.sec.android.app.shealth,-2,8353,1.3262483,6259.86,319.09,VfS0qUERdZ,com.sec.android.app.shealth,5b615a3a-04b0-4a50-9d41-b41d1bc1dee3,1722556800000,
eef5966e-4693-47e9-ae94-fc71d6f13601.binning_data.json,2024-08-03 03:00:04.142,2024-08-03 03:00:04.142,com.sec.android.app.shealth,0,8353,1.3262483,6259.86,319.09,R5wtjjS0Fd,com.sec.android.app.shealth,eef5966e-4693-47e9-ae94-fc71d6f13601,1722556800000,
f8d086ae-9e2a-41a9-a0de-56874465bdf2.binning_data.json,2024-08-04 00:17:05.875,2024-08-03 10:44:52.739,com.sec.android.app.shealth,-2,2507,1.29531,1869.18,91.28,VfS0qUERdZ,com.sec.android.app.shealth,f8d086ae-9e2a-41a9-a0de-56874465bdf2,1722643200000,
9f969734-b470-42e4-87c0-101faf144b8a.binning_data.json,2024-08-04 03:00:11.362,2024-08-04 03:00:11.362,com.sec.android.app.shealth,0,2507,1.29531,1869.18,91.28,R5wtjjS0Fd,com.sec.android.app.shealth,9f969734-b470-42e4-87c0-101faf144b8a,1722643200000,
5423ec94-2d90-4ac0-a6a5-f369c6bc0c4c.binning_data.json,2024-08-04 12:15:03.010,2024-08-04 10:55:07.205,com.sec.android.app.shealth,-2,940,1.2253796,657.54,39.76,VfS0qUERdZ,com.sec.android.app.shealth,5423ec94-2d90-4ac0-a6a5-f369c6bc0c4c,1722729600000,
cc3a0e86-d9c1-438b-848f-e08137917a79.binning_data.json,2024-08-05 06:29:12.027,2024-08-05 06:29:12.027,com.sec.android.app.shealth,0,940,1.2253796,657.54,39.76,R5wtjjS0Fd,com.sec.android.app.shealth,cc3a0e86-d9c1-438b-848f-e08137917a79,1722729600000,
8f2c4d63-4d21-4145-ab32-6c2311474e14.binning_data.json,2024-08-05 21:45:53.046,2024-08-05 11:55:01.677,com.sec.android.app.shealth,-2,1595,1.2334132,1184.42,62.82,VfS0qUERdZ,com.sec.android.app.shealth,8f2c4d63-4d21-4145-ab32-6c2311474e14,1722816000000,
44dcc52b-5847-4716-8aa5-ae95ef753f18.binning_data.json,2024-08-06 03:44:19.188,2024-08-06 03:44:19.188,com.sec.android.app.shealth,0,1595,1.2334132,1184.42,62.82,R5wtjjS0Fd,com.sec.android.app.shealth,44dcc52b-5847-4716-8aa5-ae95ef753f18,1722816000000,
4cf39c35-f25c-403f-ae3c-a1b86970896d.binning_data.json,2024-08-06 22:37:47.090,2024-08-06 11:35:03.567,com.sec.android.app.shealth,-2,741,1.23611,542.85,28.0,VfS0qUERdZ,com.sec.android.app.shealth,4cf39c35-f25c-403f-ae3c-a1b86970896d,1722902400000,
547f802a-6665-45ef-953f-c4746b8ae5b3.binning_data.json,2024-08-07 03:00:01.451,2024-08-07 03:00:01.451,com.sec.android.app.shealth,0,741,1.23611,542.85,28.0,R5wtjjS0Fd,com.sec.android.app.shealth,547f802a-6665-45ef-953f-c4746b8ae5b3,1722902400000,
ef4484e5-931f-4b4e-999b-fe17c3e688b0.binning_data.json,2024-08-07 21:15:05.011,2024-08-07 11:44:12.407,com.sec.android.app.shealth,-2,1832,1.2946894,1372.4299,71.31,VfS0qUERdZ,com.sec.android.app.shealth,ef4484e5-931f-4b4e-999b-fe17c3e688b0,1722988800000,
d4237950-a559-4a3d-9bd3-5e2430a97c5b.binning_data.json,2024-08-08 04:41:18.245,2024-08-08 04:41:18.245,com.sec.android.app.shealth,0,1832,1.2946894,1372.4299,71.31,R5wtjjS0Fd,com.sec.android.app.shealth,d4237950-a559-4a3d-9bd3-5e2430a97c5b,1722988800000,
54734ef3-3f7e-40aa-8958-247f6a66ac6d.binning_data.json,2024-08-09 01:38:42.158,2024-08-08 12:30:00.335,com.sec.android.app.shealth,-2,110,1.1670423,81.34,4.11,VfS0qUERdZ,com.sec.android.app.shealth,54734ef3-3f7e-40aa-8958-247f6a66ac6d,1723075200000,
ffa91eb1-5e6b-401e-8177-39b5a69dde7e.binning_data.json,2024-08-09 03:00:01.067,2024-08-09 03:00:01.067,com.sec.android.app.shealth,0,110,1.1670423,81.34,4.11,R5wtjjS0Fd,com.sec.android.app.shealth,ffa91eb1-5e6b-401e-8177-39b5a69dde7e,1723075200000,
5d6b4055-8065-4b5c-a531-a1bf24f809f0.binning_data.json,2024-08-09 22:26:43.785,2024-08-09 12:09:23.423,com.sec.android.app.shealth,-2,1660,1.2705677,1234.04,64.13,VfS0qUERdZ,com.sec.android.app.shealth,5d6b4055-8065-4b5c-a531-a1bf24f809f0,1723161600000,
ba7167fc-3fa6-4813-87a6-4a801e3291ac.binning_data.json,2024-08-10 03:00:03.717,2024-08-10 03:00:03.717,com.sec.android.app.shealth,0,1660,1.2705677,1234.04,64.13,R5wtjjS0Fd,com.sec.android.app.shealth,ba7167fc-3fa6-4813-87a6-4a801e3291ac,1723161600000,
1fb906db-8521-4da0-b132-883def8e79a4.binning_data.json,2024-08-10 13:35:02.798,2024-08-10 12:35:02.488,com.sec.android.app.shealth,-2,863,1.3355439,645.17,30.66,VfS0qUERdZ,com.sec.android.app.shealth,1fb906db-8521-4da0-b132-883def8e79a4,1723248000000,
a0e8f6f9-8268-4fb5-9eba-d8d5264fda46.binning_data.json,2024-08-11 03:00:04.074,2024-08-11 03:00:04.074,com.sec.android.app.shealth,0,863,1.3355439,645.17,30.66,R5wtjjS0Fd,com.sec.android.app.shealth,a0e8f6f9-8268-4fb5-9eba-d8d5264fda46,1723248000000,
13c86047-349f-4eb9-a5b6-21c9cb012987.binning_data.json,2024-08-11 11:35:01.631,2024-08-11 11:15:03.333,com.sec.android.app.shealth,-2,24,0.9228702,16.87,0.9,VfS0qUERdZ,com.sec.android.app.shealth,13c86047-349f-4eb9-a5b6-21c9cb012987,1723334400000,
ec43cf59-5976-4103-9424-48eba5e7a587.binning_data.json,2024-08-12 03:00:05.808,2024-08-12 03:00:05.808,com.sec.android.app.shealth,0,24,0.9228702,16.87,0.9,R5wtjjS0Fd,com.sec.android.app.shealth,ec43cf59-5976-4103-9424-48eba5e7a587,1723334400000,
057834a3-56b1-4daa-bc24-adb23f2a4fce.binning_data.json,2024-08-13 01:42:17.914,2024-08-12 10:35:07.306,com.sec.android.app.shealth,-2,5100,1.2498286,3777.27,196.03,VfS0qUERdZ,com.sec.android.app.shealth,057834a3-56b1-4daa-bc24-adb23f2a4fce,1723420800000,
a5a8d94e-1aea-49d9-bf1c-8df84d9ee80a.binning_data.json,2024-08-13 03:49:32.235,2024-08-13 03:49:32.235,com.sec.android.app.shealth,0,5100,1.2498286,3777.27,196.03,R5wtjjS0Fd,com.sec.android.app.shealth,a5a8d94e-1aea-49d9-bf1c-8df84d9ee80a,1723420800000,
86dd9887-ca13-4c54-bf49-9960ab8e5819.binning_data.json,2024-08-14 01:04:14.550,2024-08-13 09:12:33.669,com.sec.android.app.shealth,-2,7414,1.3098537,5542.26,288.3,VfS0qUERdZ,com.sec.android.app.shealth,86dd9887-ca13-4c54-bf49-9960ab8e5819,1723507200000,
f16c5cd0-3648-4016-960b-cdf5c592fbbd.binning_data.json,2024-08-14 03:33:25.979,2024-08-14 03:33:25.979,com.sec.android.app.shealth,0,7414,1.3098537,5542.26,288.3,R5wtjjS0Fd,com.sec.android.app.shealth,f16c5cd0-3648-4016-960b-cdf5c592fbbd,1723507200000,
bb024752-b4f6-42ce-ad98-5203d8a929b0.binning_data.json,2024-08-15 02:55:06.093,2024-08-14 11:11:33.316,com.sec.android.app.shealth,-2,2875,1.314073,2148.91,106.270004,VfS0qUERdZ,com.sec.android.app.shealth,bb024752-b4f6-42ce-ad98-5203d8a929b0,1723593600000,
945bb9c3-c22f-48d7-b951-3094ef0ee527.binning_data.json,2024-08-15 03:00:02.359,2024-08-15 03:00:02.359,com.sec.android.app.shealth,0,2875,1.314073,2148.91,106.270004,R5wtjjS0Fd,com.sec.android.app.shealth,945bb9c3-c22f-48d7-b951-3094ef0ee527,1723593600000,
ae012208-9229-49d5-be62-b6c584ff98ba.binning_data.json,2024-08-15 22:49:59.762,2024-08-15 13:35:02.800,com.sec.android.app.shealth,-2,4785,1.3767831,3625.86,164.86,VfS0qUERdZ,com.sec.android.app.shealth,ae012208-9229-49d5-be62-b6c584ff98ba,1723680000000,
17a38ffb-674b-46dc-bcdb-285852e9901a.binning_data.json,2024-08-16 03:11:25.105,2024-08-16 03:11:25.105,com.sec.android.app.shealth,0,4785,1.3767831,3625.86,164.86,R5wtjjS0Fd,com.sec.android.app.shealth,17a38ffb-674b-46dc-bcdb-285852e9901a,1723680000000,
260ed8e8-2764-4fd6-991c-2133a79396b5.binning_data.json,2024-08-16 23:27:50.055,2024-08-16 15:12:01.714,com.sec.android.app.shealth,-2,129,1.033955,92.41,5.0099998,VfS0qUERdZ,com.sec.android.app.shealth,260ed8e8-2764-4fd6-991c-2133a79396b5,1723766400000,
6c19b034-f89f-48da-8712-d94665afb4b9.binning_data.json,2024-08-17 04:45:41.902,2024-08-17 04:45:41.902,com.sec.android.app.shealth,0,129,1.033955,92.41,5.0099998,R5wtjjS0Fd,com.sec.android.app.shealth,6c19b034-f89f-48da-8712-d94665afb4b9,1723766400000,
8bd1c857-47d5-4804-8eb0-894a712500fb.binning_data.json,2024-08-18 01:56:03.465,2024-08-17 11:35:02.022,com.sec.android.app.shealth,-2,8171,1.3320428,6167.1,308.46,VfS0qUERdZ,com.sec.android.app.shealth,8bd1c857-47d5-4804-8eb0-894a712500fb,1723852800000,
86b1edd3-9298-43c1-9891-92d8b29f3774.binning_data.json,2024-08-18 03:00:06.739,2024-08-18 03:00:06.739,com.sec.android.app.shealth,0,8171,1.3320428,6167.1,308.46,R5wtjjS0Fd,com.sec.android.app.shealth,86b1edd3-9298-43c1-9891-92d8b29f3774,1723852800000,
406feddf-9681-4daa-8bdb-ba8f7bdcac06.binning_data.json,2024-08-18 22:43:20.590,2024-08-18 12:15:03.085,com.sec.android.app.shealth,-2,135,1.0251422,94.52999,5.0899997,VfS0qUERdZ,com.sec.android.app.shealth,406feddf-9681-4daa-8bdb-ba8f7bdcac06,1723939200000,
49ad4879-b048-483e-b28d-b8f1e68f1ceb.binning_data.json,2024-08-19 04:44:04.353,2024-08-19 04:44:04.353,com.sec.android.app.shealth,0,135,1.0251422,94.52999,5.0899997,R5wtjjS0Fd,com.sec.android.app.shealth,49ad4879-b048-483e-b28d-b8f1e68f1ceb,1723939200000,
5aa9bfa9-0d4d-4f12-b760-ec43dadc6cdf.binning_data.json,2024-08-19 17:04:18.675,2024-08-19 11:40:00.596,com.sec.android.app.shealth,-2,2101,1.310395,1573.1,79.66,VfS0qUERdZ,com.sec.android.app.shealth,5aa9bfa9-0d4d-4f12-b760-ec43dadc6cdf,1724025600000,
c09c5433-986a-4729-84e6-4ab3deac8d6a.binning_data.json,2024-08-20 03:26:22.938,2024-08-20 03:26:22.938,com.sec.android.app.shealth,0,2101,1.310395,1573.1,79.66,R5wtjjS0Fd,com.sec.android.app.shealth,c09c5433-986a-4729-84e6-4ab3deac8d6a,1724025600000,
002b8174-b87d-4f8a-b829-eb0335c3b3b4.binning_data.json,2024-08-20 14:15:02.374,2024-08-20 12:43:31.396,com.sec.android.app.shealth,-2,1593,1.2984933,1191.0,62.13,VfS0qUERdZ,com.sec.android.app.shealth,002b8174-b87d-4f8a-b829-eb0335c3b3b4,1724112000000,
2beef1aa-8fb3-4bab-beb6-7660043ddd99.binning_data.json,2024-08-21 03:00:11.709,2024-08-21 03:00:11.709,com.sec.android.app.shealth,0,1593,1.2984933,1191.0,62.13,R5wtjjS0Fd,com.sec.android.app.shealth,2beef1aa-8fb3-4bab-beb6-7660043ddd99,1724112000000,
5389c7a2-e9cf-4e37-9de4-42777be64861.binning_data.json,2024-08-21 20:46:49.015,2024-08-21 11:45:05.139,com.sec.android.app.shealth,-2,3279,1.2590141,2417.4,124.98,VfS0qUERdZ,com.sec.android.app.shealth,5389c7a2-e9cf-4e37-9de4-42777be64861,1724198400000,
99225d64-3976-423b-bf4c-7512837e56f8.binning_data.json,2024-08-22 03:00:04.438,2024-08-22 03:00:04.438,com.sec.android.app.shealth,0,3279,1.2590141,2417.4,124.98,R5wtjjS0Fd,com.sec.android.app.shealth,99225d64-3976-423b-bf4c-7512837e56f8,1724198400000,
726e27e1-7e21-448b-addb-af71098041fe.binning_data.json,2024-08-22 23:48:36.168,2024-08-22 13:32:00.058,com.sec.android.app.shealth,-2,801,1.1322703,587.92,30.27,VfS0qUERdZ,com.sec.android.app.shealth,726e27e1-7e21-448b-addb-af71098041fe,1724284800000,
44cd3d60-842b-4945-8e28-661108f5151e.binning_data.json,2024-08-23 03:56:47.801,2024-08-23 03:56:47.801,com.sec.android.app.shealth,0,801,1.1322703,587.92,30.27,R5wtjjS0Fd,com.sec.android.app.shealth,44cd3d60-842b-4945-8e28-661108f5151e,1724284800000,
1e5961f2-82f4-48be-9002-2347f211ec13.binning_data.json,2024-08-23 22:35:02.985,2024-08-23 11:56:58.251,com.sec.android.app.shealth,-2,1646,1.2575881,1220.78,65.01,VfS0qUERdZ,com.sec.android.app.shealth,1e5961f2-82f4-48be-9002-2347f211ec13,1724371200000,
117bd496-cdfb-419a-848f-9b2bc9a601dd.binning_data.json,2024-08-24 06:31:00.943,2024-08-24 06:31:00.943,com.sec.android.app.shealth,0,1646,1.2575881,1220.78,65.01,R5wtjjS0Fd,com.sec.android.app.shealth,117bd496-cdfb-419a-848f-9b2bc9a601dd,1724371200000,
31270833-b2e3-4c90-b593-2a0d226ee7dc.binning_data.json,2024-08-24 16:24:57.090,2024-08-24 16:24:57.090,com.sec.android.app.shealth,-2,6,1.3611112,4.49,0.21,VfS0qUERdZ,com.sec.android.app.shealth,31270833-b2e3-4c90-b593-2a0d226ee7dc,1724457600000,
ab9e088a-26fb-4684-b559-bcb13120da5e.binning_data.json,2024-08-25 03:25:35.033,2024-08-25 03:25:35.033,com.sec.android.app.shealth,0,6,1.3611112,4.49,0.21,R5wtjjS0Fd,com.sec.android.app.shealth,ab9e088a-26fb-4684-b559-bcb13120da5e,1724457600000,
c6a6b41f-3059-4b4c-b222-a7cd6c68d49a.binning_data.json,2024-08-25 16:09:40.043,2024-08-25 15:55:02.728,com.sec.android.app.shealth,-2,32,1.1376498,23.5,1.1800001,VfS0qUERdZ,com.sec.android.app.shealth,c6a6b41f-3059-4b4c-b222-a7cd6c68d49a,1724544000000,
ea4f1856-e1a8-4164-8173-8559b0474af4.binning_data.json,2024-08-26 04:54:44.449,2024-08-26 04:54:44.449,com.sec.android.app.shealth,0,32,1.1376498,23.5,1.1800001,R5wtjjS0Fd,com.sec.android.app.shealth,ea4f1856-e1a8-4164-8173-8559b0474af4,1724544000000,
6b52df82-836c-4583-8fe4-953e51227c15.binning_data.json,2024-08-26 23:30:26.147,2024-08-26 11:36:09.026,com.sec.android.app.shealth,-2,1603,1.3305291,1199.75,59.59,VfS0qUERdZ,com.sec.android.app.shealth,6b52df82-836c-4583-8fe4-953e51227c15,1724630400000,
2838d22d-477b-4873-b982-9ac7c7455123.binning_data.json,2024-08-27 03:00:02.503,2024-08-27 03:00:02.503,com.sec.android.app.shealth,0,1603,1.3305291,1199.75,59.59,R5wtjjS0Fd,com.sec.android.app.shealth,2838d22d-477b-4873-b982-9ac7c7455123,1724630400000,
bd48b6a5-332c-4413-96e8-15a8e429b493.binning_data.json,2024-08-27 22:12:46.924,2024-08-27 12:15:03.760,com.sec.android.app.shealth,-2,2297,1.263269,1711.06,84.86,VfS0qUERdZ,com.sec.android.app.shealth,bd48b6a5-332c-4413-96e8-15a8e429b493,1724716800000,
a1b29eee-027f-4662-9a18-a168f5acda26.binning_data.json,2024-08-28 03:46:54.084,2024-08-28 03:46:54.084,com.sec.android.app.shealth,0,2297,1.263269,1711.06,84.86,R5wtjjS0Fd,com.sec.android.app.shealth,a1b29eee-027f-4662-9a18-a168f5acda26,1724716800000,
9ea9aed8-e0cd-4fc7-9bb4-66f15fb1efbd.binning_data.json,2024-08-29 02:32:36.415,2024-08-28 11:58:05.931,com.sec.android.app.shealth,-2,3429,1.3148714,2557.11,125.42,VfS0qUERdZ,com.sec.android.app.shealth,9ea9aed8-e0cd-4fc7-9bb4-66f15fb1efbd,1724803200000,
3403b96b-2b7a-455f-a404-17c9d407c649.binning_data.json,2024-08-29 03:00:04.147,2024-08-29 03:00:04.147,com.sec.android.app.shealth,0,3429,1.3148714,2557.11,125.42,R5wtjjS0Fd,com.sec.android.app.shealth,3403b96b-2b7a-455f-a404-17c9d407c649,1724803200000,
d68c228a-31ef-4d03-9074-751effff0e8f.binning_data.json,2024-08-29 17:35:02.885,2024-08-29 12:08:18.205,com.sec.android.app.shealth,-2,1636,1.3250203,1229.94,61.01,VfS0qUERdZ,com.sec.android.app.shealth,d68c228a-31ef-4d03-9074-751effff0e8f,1724889600000,
8597fea4-8e0a-40e4-942e-1fcc45237b29.binning_data.json,2024-08-30 03:11:46.966,2024-08-30 03:11:46.966,com.sec.android.app.shealth,0,1636,1.3250203,1229.94,61.01,R5wtjjS0Fd,com.sec.android.app.shealth,8597fea4-8e0a-40e4-942e-1fcc45237b29,1724889600000,
5f98d0b8-44df-4bfe-8f5a-d7921678f1df.binning_data.json,2024-08-30 23:02:55.012,2024-08-30 12:15:06.074,com.sec.android.app.shealth,-2,1559,1.3237704,1174.02,57.2,VfS0qUERdZ,com.sec.android.app.shealth,5f98d0b8-44df-4bfe-8f5a-d7921678f1df,1724976000000,
7f17c0ea-b8a0-4200-9aa0-2037dc8457de.binning_data.json,2024-08-31 03:00:01.012,2024-08-31 03:00:01.012,com.sec.android.app.shealth,0,1559,1.3237704,1174.02,57.2,R5wtjjS0Fd,com.sec.android.app.shealth,7f17c0ea-b8a0-4200-9aa0-2037dc8457de,1724976000000,
fc9ece4d-11ae-444c-a713-3e7fd81773ab.binning_data.json,2024-09-01 00:15:22.131,2024-08-31 10:55:11.165,com.sec.android.app.shealth,-2,1338,1.3113567,1000.04,48.67,VfS0qUERdZ,com.sec.android.app.shealth,fc9ece4d-11ae-444c-a713-3e7fd81773ab,1725062400000,
f5cd6c7b-c8cb-43d0-aae5-36923449fff4.binning_data.json,2024-09-01 03:00:02.631,2024-09-01 03:00:02.631,com.sec.android.app.shealth,0,1338,1.3113567,1000.04,48.67,R5wtjjS0Fd,com.sec.android.app.shealth,f5cd6c7b-c8cb-43d0-aae5-36923449fff4,1725062400000,
4caffbcd-ba3f-49ea-b9f0-2c30df75a379.binning_data.json,2024-09-02 00:47:38.065,2024-09-01 12:55:08.276,com.sec.android.app.shealth,-2,2601,1.2344954,1903.05,99.38,VfS0qUERdZ,com.sec.android.app.shealth,4caffbcd-ba3f-49ea-b9f0-2c30df75a379,1725148800000,
9d588f08-4ade-4d45-b356-ec2c538fbe98.binning_data.json,2024-09-02 03:09:06.845,2024-09-02 03:09:06.845,com.sec.android.app.shealth,0,2601,1.2344954,1903.05,99.38,R5wtjjS0Fd,com.sec.android.app.shealth,9d588f08-4ade-4d45-b356-ec2c538fbe98,1725148800000,
d373f764-9b67-448e-8a29-5d77344bd3a7.binning_data.json,2024-09-03 01:47:52.720,2024-09-02 12:26:31.293,com.sec.android.app.shealth,-2,1698,1.2687465,1265.96,65.85,VfS0qUERdZ,com.sec.android.app.shealth,d373f764-9b67-448e-8a29-5d77344bd3a7,1725235200000,
b1bcce65-1032-4b7b-b3b0-3f750a6d005a.binning_data.json,2024-09-03 03:00:06.922,2024-09-03 03:00:06.922,com.sec.android.app.shealth,0,1698,1.2687465,1265.96,65.85,R5wtjjS0Fd,com.sec.android.app.shealth,b1bcce65-1032-4b7b-b3b0-3f750a6d005a,1725235200000,
f273bce6-e63a-45ec-a3f1-6581d46903f6.binning_data.json,2024-09-04 00:15:05.947,2024-09-03 09:46:05.403,com.sec.android.app.shealth,-2,4851,1.3023341,3635.3,177.39,VfS0qUERdZ,com.sec.android.app.shealth,f273bce6-e63a-45ec-a3f1-6581d46903f6,1725321600000,
b27bab9f-8ec7-4b20-95a4-575b0bd48f94.binning_data.json,2024-09-04 04:00:35.050,2024-09-04 04:00:35.050,com.sec.android.app.shealth,0,4851,1.3023341,3635.3,177.39,R5wtjjS0Fd,com.sec.android.app.shealth,b27bab9f-8ec7-4b20-95a4-575b0bd48f94,1725321600000,
b24aadf7-2766-4eaf-896e-c6079d71b91b.binning_data.json,2024-09-04 21:49:10.315,2024-09-04 11:55:02.915,com.sec.android.app.shealth,-2,1565,1.3436455,1181.33,59.670002,VfS0qUERdZ,com.sec.android.app.shealth,b24aadf7-2766-4eaf-896e-c6079d71b91b,1725408000000,
180a26db-866d-4e1f-9937-c2e239a9af1a.binning_data.json,2024-09-05 03:00:02.502,2024-09-05 03:00:02.502,com.sec.android.app.shealth,0,1565,1.3436455,1181.33,59.670002,R5wtjjS0Fd,com.sec.android.app.shealth,180a26db-866d-4e1f-9937-c2e239a9af1a,1725408000000,
fa4c5bde-969f-4ad7-b856-689fa30c71a4.binning_data.json,2024-09-05 23:55:20.245,2024-09-05 12:15:05.006,com.sec.android.app.shealth,-2,55,1.058503,37.45,1.98,VfS0qUERdZ,com.sec.android.app.shealth,fa4c5bde-969f-4ad7-b856-689fa30c71a4,1725494400000,
8deef76e-d1bd-486d-9278-bd937d0299bd.binning_data.json,2024-09-06 03:15:50.736,2024-09-06 03:15:50.736,com.sec.android.app.shealth,0,55,1.058503,37.45,1.98,R5wtjjS0Fd,com.sec.android.app.shealth,8deef76e-d1bd-486d-9278-bd937d0299bd,1725494400000,
99cf96dc-7f99-482a-94bb-27ad8c19bcf4.binning_data.json,2024-09-06 15:11:40.937,2024-09-06 11:29:30.734,com.sec.android.app.shealth,-2,6161,1.3368803,4627.08,229.1,VfS0qUERdZ,com.sec.android.app.shealth,99cf96dc-7f99-482a-94bb-27ad8c19bcf4,1725580800000,
27ce1b3b-b3a3-40bd-bd6a-75569c09e5e2.binning_data.json,2024-09-07 03:00:01.132,2024-09-07 03:00:01.132,com.sec.android.app.shealth,0,6161,1.3368803,4627.08,229.1,R5wtjjS0Fd,com.sec.android.app.shealth,27ce1b3b-b3a3-40bd-bd6a-75569c09e5e2,1725580800000,
dbd4d5e2-23d8-4b62-83f6-94a468b0cfaf.binning_data.json,2024-09-08 01:25:06.205,2024-09-07 14:07:12.537,com.sec.android.app.shealth,-2,69,1.0813698,46.98,2.59,VfS0qUERdZ,com.sec.android.app.shealth,dbd4d5e2-23d8-4b62-83f6-94a468b0cfaf,1725667200000,
1122b205-cba4-453e-bb94-3f98136df3e2.binning_data.json,2024-09-08 03:00:03.498,2024-09-08 03:00:03.498,com.sec.android.app.shealth,0,69,1.0813698,46.98,2.59,R5wtjjS0Fd,com.sec.android.app.shealth,1122b205-cba4-453e-bb94-3f98136df3e2,1725667200000,
e9107a7c-a79c-4a76-9465-dda33ce6b899.binning_data.json,2024-09-08 23:55:02.735,2024-09-08 03:15:03.069,com.sec.android.app.shealth,-2,1621,1.3752974,1162.5,61.420002,VfS0qUERdZ,com.sec.android.app.shealth,e9107a7c-a79c-4a76-9465-dda33ce6b899,1725753600000,
4bd9c8d6-0fee-4632-a2b5-ed86fb7e9bc1.binning_data.json,2024-09-09 03:44:28.766,2024-09-09 03:44:28.766,com.sec.android.app.shealth,0,1621,1.3752974,1162.5,61.420002,R5wtjjS0Fd,com.sec.android.app.shealth,4bd9c8d6-0fee-4632-a2b5-ed86fb7e9bc1,1725753600000,
5e68cd55-d0ac-40b8-8e71-cebfc7919a89.binning_data.json,2024-09-10 00:58:00.141,2024-09-09 13:15:16.425,com.sec.android.app.shealth,-2,4882,1.3645899,3701.9102,180.51999,VfS0qUERdZ,com.sec.android.app.shealth,5e68cd55-d0ac-40b8-8e71-cebfc7919a89,1725840000000,
7bbfd4f9-7b89-499e-b160-973580917873.binning_data.json,2024-09-10 03:48:20.983,2024-09-10 03:48:20.983,com.sec.android.app.shealth,0,4882,1.3645899,3701.9102,180.51999,R5wtjjS0Fd,com.sec.android.app.shealth,7bbfd4f9-7b89-499e-b160-973580917873,1725840000000,
feedad96-ceed-4f6b-ac83-0c5c224e161c.binning_data.json,2024-09-11 01:15:07.072,2024-09-10 11:14:14.090,com.sec.android.app.shealth,-2,1782,1.3309238,1343.26,68.96,VfS0qUERdZ,com.sec.android.app.shealth,feedad96-ceed-4f6b-ac83-0c5c224e161c,1725926400000,
338a54b6-92da-464b-9806-83793d8ff19d.binning_data.json,2024-09-11 03:00:02.621,2024-09-11 03:00:02.621,com.sec.android.app.shealth,0,1782,1.3309238,1343.26,68.96,R5wtjjS0Fd,com.sec.android.app.shealth,338a54b6-92da-464b-9806-83793d8ff19d,1725926400000,
af9e65b5-3761-4f1e-bcc0-8e5035c2a3e2.binning_data.json,2024-09-11 20:03:59.367,2024-09-11 10:25:00.945,com.sec.android.app.shealth,-2,4909,1.3063327,3694.0,190.90999,VfS0qUERdZ,com.sec.android.app.shealth,af9e65b5-3761-4f1e-bcc0-8e5035c2a3e2,1726012800000,
ef37593b-acf4-438c-afa6-3c4205c56c27.binning_data.json,2024-09-12 03:00:03.676,2024-09-12 03:00:03.676,com.sec.android.app.shealth,0,4909,1.3063327,3694.0,190.90999,R5wtjjS0Fd,com.sec.android.app.shealth,ef37593b-acf4-438c-afa6-3c4205c56c27,1726012800000,
80086299-0389-448b-83ee-9a8e97992d7d.binning_data.json,2024-09-12 23:56:02.001,2024-09-12 10:30:26.062,com.sec.android.app.shealth,-2,1601,1.2820345,1202.6,63.280003,VfS0qUERdZ,com.sec.android.app.shealth,80086299-0389-448b-83ee-9a8e97992d7d,1726099200000,
53585c28-5bac-4780-b4e5-12c6b9e18f05.binning_data.json,2024-09-13 03:19:58.333,2024-09-13 03:19:58.333,com.sec.android.app.shealth,0,1601,1.2820345,1202.6,63.280003,R5wtjjS0Fd,com.sec.android.app.shealth,53585c28-5bac-4780-b4e5-12c6b9e18f05,1726099200000,
94301411-21e4-4160-af51-0c7493839d72.binning_data.json,2024-09-14 01:55:02.463,2024-09-13 11:42:17.486,com.sec.android.app.shealth,-2,3296,1.2957152,2465.4797,125.97998,VfS0qUERdZ,com.sec.android.app.shealth,94301411-21e4-4160-af51-0c7493839d72,1726185600000,
0dab9321-8b59-49d8-b4be-c40b00678294.binning_data.json,2024-09-14 03:48:25.963,2024-09-14 03:48:25.963,com.sec.android.app.shealth,0,3296,1.2957152,2465.4797,125.97998,R5wtjjS0Fd,com.sec.android.app.shealth,0dab9321-8b59-49d8-b4be-c40b00678294,1726185600000,
d2517f99-1e78-4176-af3b-bda3858f81ce.binning_data.json,2024-09-15 01:15:04.047,2024-09-14 10:55:06.109,com.sec.android.app.shealth,-2,89,1.0775825,64.65,3.29,VfS0qUERdZ,com.sec.android.app.shealth,d2517f99-1e78-4176-af3b-bda3858f81ce,1726272000000,
e1365141-1512-40c6-a9f9-309e4ae8a468.binning_data.json,2024-09-15 03:00:00.956,2024-09-15 03:00:00.956,com.sec.android.app.shealth,0,89,1.0775825,64.65,3.29,R5wtjjS0Fd,com.sec.android.app.shealth,e1365141-1512-40c6-a9f9-309e4ae8a468,1726272000000,
d30b2b72-72f9-4e6b-8322-8d05a10b68db.binning_data.json,2024-09-15 23:07:13.686,2024-09-15 12:00:48.547,com.sec.android.app.shealth,-2,78,1.1274974,54.44,3.4099998,VfS0qUERdZ,com.sec.android.app.shealth,d30b2b72-72f9-4e6b-8322-8d05a10b68db,1726358400000,
066c9ef5-1cd9-45a3-8d08-5302d8894ab6.binning_data.json,2024-09-16 03:00:01.969,2024-09-16 03:00:01.969,com.sec.android.app.shealth,0,78,1.1274974,54.44,3.4099998,R5wtjjS0Fd,com.sec.android.app.shealth,066c9ef5-1cd9-45a3-8d08-5302d8894ab6,1726358400000,
f2954184-492a-4592-9dab-e2095ab25464.binning_data.json,2024-09-16 19:35:07.211,2024-09-16 11:08:05.930,com.sec.android.app.shealth,-2,2866,1.3809047,2151.6,99.44,VfS0qUERdZ,com.sec.android.app.shealth,f2954184-492a-4592-9dab-e2095ab25464,1726444800000,
f93d2640-7f72-4d39-88fa-c7d798acffa6.binning_data.json,2024-09-17 03:00:04.207,2024-09-17 03:00:04.207,com.sec.android.app.shealth,0,2866,1.3809047,2151.6,99.44,R5wtjjS0Fd,com.sec.android.app.shealth,f93d2640-7f72-4d39-88fa-c7d798acffa6,1726444800000,
34bd8c3f-4c29-4fcf-b2a3-5293d99633ab.binning_data.json,2024-09-18 00:28:05.902,2024-09-17 12:50:26.912,com.sec.android.app.shealth,-2,2036,1.2704688,1499.92,78.85,VfS0qUERdZ,com.sec.android.app.shealth,34bd8c3f-4c29-4fcf-b2a3-5293d99633ab,1726531200000,
0e2c5685-44d8-4169-939c-c188d36251f9.binning_data.json,2024-09-18 03:23:57.970,2024-09-18 03:23:57.970,com.sec.android.app.shealth,0,2036,1.2704688,1499.92,78.85,R5wtjjS0Fd,com.sec.android.app.shealth,0e2c5685-44d8-4169-939c-c188d36251f9,1726531200000,
c28ddf55-5152-48e6-bb85-82f15fb9acbc.binning_data.json,2024-09-18 22:25:03.346,2024-09-18 12:02:58.919,com.sec.android.app.shealth,-2,1628,1.3204758,1222.13,61.88,VfS0qUERdZ,com.sec.android.app.shealth,c28ddf55-5152-48e6-bb85-82f15fb9acbc,1726617600000,
8b39287d-b4db-4b0e-9fab-1f83a11fc506.binning_data.json,2024-09-19 04:26:00.125,2024-09-19 04:26:00.125,com.sec.android.app.shealth,0,1628,1.3204758,1222.13,61.88,R5wtjjS0Fd,com.sec.android.app.shealth,8b39287d-b4db-4b0e-9fab-1f83a11fc506,1726617600000,
19a0016d-353d-4334-aeb6-ddf28325052c.binning_data.json,2024-09-19 18:56:07.345,2024-09-19 10:36:14.226,com.sec.android.app.shealth,-2,11028,1.3579297,8348.54,401.15,VfS0qUERdZ,com.sec.android.app.shealth,19a0016d-353d-4334-aeb6-ddf28325052c,1726704000000,
200e07dd-74d0-4424-b2fd-eed678a6b555.binning_data.json,2024-09-20 03:04:19.043,2024-09-20 03:04:19.043,com.sec.android.app.shealth,0,11028,1.3579297,8348.54,401.15,R5wtjjS0Fd,com.sec.android.app.shealth,200e07dd-74d0-4424-b2fd-eed678a6b555,1726704000000,
65f5c49a-cd4e-4280-86f3-608e3ad065e4.binning_data.json,2024-09-20 17:39:21.188,2024-09-20 13:08:49.318,com.sec.android.app.shealth,-2,2381,1.3066899,1771.58,91.27,VfS0qUERdZ,com.sec.android.app.shealth,65f5c49a-cd4e-4280-86f3-608e3ad065e4,1726790400000,
82fcf0be-ab0b-4c17-abd5-c2b476c927ae.binning_data.json,2024-09-21 04:05:16.050,2024-09-21 04:05:16.050,com.sec.android.app.shealth,0,2381,1.3066899,1771.58,91.27,R5wtjjS0Fd,com.sec.android.app.shealth,82fcf0be-ab0b-4c17-abd5-c2b476c927ae,1726790400000,
a40cdcc4-1b6d-4067-84a6-fc521248c70d.binning_data.json,2024-09-23 00:51:48.335,2024-09-22 07:55:03.165,com.sec.android.app.shealth,-2,1474,1.2550609,1095.92,54.32,VfS0qUERdZ,com.sec.android.app.shealth,a40cdcc4-1b6d-4067-84a6-fc521248c70d,1726963200000,
cb094feb-03ef-4434-9154-6600bf32a6d0.binning_data.json,2024-09-23 03:00:00.982,2024-09-23 03:00:00.982,com.sec.android.app.shealth,0,1474,1.2550609,1095.92,54.32,R5wtjjS0Fd,com.sec.android.app.shealth,cb094feb-03ef-4434-9154-6600bf32a6d0,1726963200000,
269a6224-96b0-4c5f-8a7d-23d4688487bf.binning_data.json,2024-09-24 00:22:55.032,2024-09-23 14:14:39.687,com.sec.android.app.shealth,-2,323,1.1390482,231.95,12.24,VfS0qUERdZ,com.sec.android.app.shealth,269a6224-96b0-4c5f-8a7d-23d4688487bf,1727049600000,
17c06bf6-5e5e-46ec-8f0a-cae59e7f2121.binning_data.json,2024-09-24 03:30:48.573,2024-09-24 03:30:48.573,com.sec.android.app.shealth,0,323,1.1390482,231.95,12.24,R5wtjjS0Fd,com.sec.android.app.shealth,17c06bf6-5e5e-46ec-8f0a-cae59e7f2121,1727049600000,
61a7968a-7576-46cd-8c62-90459250d33e.binning_data.json,2024-09-25 01:02:39.006,2024-09-24 10:59:11.886,com.sec.android.app.shealth,-2,1562,1.2541234,1161.63,61.82,VfS0qUERdZ,com.sec.android.app.shealth,61a7968a-7576-46cd-8c62-90459250d33e,1727136000000,
5e91671a-d4df-415e-8614-8d26c9a9b40f.binning_data.json,2024-09-25 03:00:03.467,2024-09-25 03:00:03.467,com.sec.android.app.shealth,0,1562,1.2541234,1161.63,61.82,R5wtjjS0Fd,com.sec.android.app.shealth,5e91671a-d4df-415e-8614-8d26c9a9b40f,1727136000000,
619e530b-69c9-480f-8626-caeb2a873f2f.binning_data.json,2024-09-26 00:30:54.272,2024-09-25 13:15:03.484,com.sec.android.app.shealth,-2,1518,1.3232396,1141.75,58.0,VfS0qUERdZ,com.sec.android.app.shealth,619e530b-69c9-480f-8626-caeb2a873f2f,1727222400000,
7a34bc34-4821-4aa2-b9cd-153a44683fd4.binning_data.json,2024-09-26 03:00:05.490,2024-09-26 03:00:05.490,com.sec.android.app.shealth,0,1518,1.3232396,1141.75,58.0,R5wtjjS0Fd,com.sec.android.app.shealth,7a34bc34-4821-4aa2-b9cd-153a44683fd4,1727222400000,
091964a3-cfcc-485e-9d8d-c20cb1335dc8.binning_data.json,2024-09-27 00:35:06.301,2024-09-26 13:40:15.540,com.sec.android.app.shealth,-2,142,1.0272259,99.03,5.39,VfS0qUERdZ,com.sec.android.app.shealth,091964a3-cfcc-485e-9d8d-c20cb1335dc8,1727308800000,
0e29e82f-71b3-4172-8716-1cc6474666c5.binning_data.json,2024-09-27 03:28:17.889,2024-09-27 03:28:17.889,com.sec.android.app.shealth,0,142,1.0272259,99.03,5.39,R5wtjjS0Fd,com.sec.android.app.shealth,0e29e82f-71b3-4172-8716-1cc6474666c5,1727308800000,
2a0b29de-2d8e-4ee2-abc2-fa2fa2114a3d.binning_data.json,2024-09-28 00:17:16.030,2024-09-27 12:40:52.874,com.sec.android.app.shealth,-2,1542,1.2798822,1151.34,61.15,VfS0qUERdZ,com.sec.android.app.shealth,2a0b29de-2d8e-4ee2-abc2-fa2fa2114a3d,1727395200000,
d1ac210c-4624-4280-bb9f-963d5c014ee9.binning_data.json,2024-09-28 03:54:09.020,2024-09-28 03:54:09.020,com.sec.android.app.shealth,0,1542,1.2798822,1151.34,61.15,R5wtjjS0Fd,com.sec.android.app.shealth,d1ac210c-4624-4280-bb9f-963d5c014ee9,1727395200000,
0dc38e16-88ff-4a2c-b854-870f17057c10.binning_data.json,2024-09-28 17:19:34.721,2024-09-28 15:32:10.604,com.sec.android.app.shealth,-2,1896,1.237056,1399.74,73.020004,VfS0qUERdZ,com.sec.android.app.shealth,0dc38e16-88ff-4a2c-b854-870f17057c10,1727481600000,
ff8e58f1-e2b0-4374-80a5-f7f3539b7bbb.binning_data.json,2024-09-29 03:00:01.090,2024-09-29 03:00:01.090,com.sec.android.app.shealth,0,1896,1.237056,1399.74,73.020004,R5wtjjS0Fd,com.sec.android.app.shealth,ff8e58f1-e2b0-4374-80a5-f7f3539b7bbb,1727481600000,
eb50bd1a-0a9d-4fb7-8a64-f2e268d54914.binning_data.json,2024-09-30 01:35:03.255,2024-09-29 09:55:09.365,com.sec.android.app.shealth,-2,4351,1.3010708,3104.98,172.8,VfS0qUERdZ,com.sec.android.app.shealth,eb50bd1a-0a9d-4fb7-8a64-f2e268d54914,1727568000000,
a4522983-746e-4276-83ef-53c1e0463316.binning_data.json,2024-09-30 03:00:02.643,2024-09-30 03:00:02.643,com.sec.android.app.shealth,0,4351,1.3010708,3104.98,172.8,R5wtjjS0Fd,com.sec.android.app.shealth,a4522983-746e-4276-83ef-53c1e0463316,1727568000000,
f50b9fb8-1785-4dbb-b578-a4addf01453d.binning_data.json,2024-10-01 00:25:03.256,2024-09-30 19:51:15.247,com.sec.android.app.shealth,-2,45,1.3438015,31.489998,1.75,VfS0qUERdZ,com.sec.android.app.shealth,f50b9fb8-1785-4dbb-b578-a4addf01453d,1727654400000,
80c8d1ef-ab3d-4f4e-8df5-a76adb7fed46.binning_data.json,2024-10-01 03:19:26.632,2024-10-01 03:19:26.632,com.sec.android.app.shealth,0,45,1.3438015,31.489998,1.75,R5wtjjS0Fd,com.sec.android.app.shealth,80c8d1ef-ab3d-4f4e-8df5-a76adb7fed46,1727654400000,
3ff8ccdd-5e25-4779-9ef2-900814a90005.binning_data.json,2024-10-02 02:56:05.218,2024-10-01 08:53:12.130,com.sec.android.app.shealth,-2,1860,1.321166,1385.76,71.26,VfS0qUERdZ,com.sec.android.app.shealth,3ff8ccdd-5e25-4779-9ef2-900814a90005,1727740800000,
0d590a35-4e28-426c-a824-ff0a532f2c66.binning_data.json,2024-10-02 03:00:02.801,2024-10-02 03:00:02.801,com.sec.android.app.shealth,0,1860,1.321166,1385.76,71.26,R5wtjjS0Fd,com.sec.android.app.shealth,0d590a35-4e28-426c-a824-ff0a532f2c66,1727740800000,
1363ced7-1048-4270-ad32-d021692b7698.binning_data.json,2024-10-02 17:51:52.288,2024-10-02 12:09:31.313,com.sec.android.app.shealth,-2,1550,1.3127686,1167.39,60.4,VfS0qUERdZ,com.sec.android.app.shealth,1363ced7-1048-4270-ad32-d021692b7698,1727827200000,
a5514a72-d553-4170-8b19-28c58b2f91dc.binning_data.json,2024-10-03 03:41:39.905,2024-10-03 03:41:39.905,com.sec.android.app.shealth,0,1550,1.3127686,1167.39,60.4,R5wtjjS0Fd,com.sec.android.app.shealth,a5514a72-d553-4170-8b19-28c58b2f91dc,1727827200000,
9b47fd59-29f7-4b7c-a278-ea7a1d2847c0.binning_data.json,2024-10-04 00:30:14.200,2024-10-03 11:31:42.191,com.sec.android.app.shealth,-2,1645,1.2315614,1220.92,64.84,VfS0qUERdZ,com.sec.android.app.shealth,9b47fd59-29f7-4b7c-a278-ea7a1d2847c0,1727913600000,
0e8f48df-9cbe-4db6-8d22-261403a0b255.binning_data.json,2024-10-04 03:00:00.882,2024-10-04 03:00:00.882,com.sec.android.app.shealth,0,1645,1.2315614,1220.92,64.84,R5wtjjS0Fd,com.sec.android.app.shealth,0e8f48df-9cbe-4db6-8d22-261403a0b255,1727913600000,
d2a483dc-c913-41b4-9bc4-6d507709b2d8.binning_data.json,2024-10-04 23:27:12.957,2024-10-04 11:09:47.670,com.sec.android.app.shealth,-2,2223,1.2195392,1648.1799,86.38,VfS0qUERdZ,com.sec.android.app.shealth,d2a483dc-c913-41b4-9bc4-6d507709b2d8,1728000000000,
48eaf2c4-afec-48d3-bbe1-fb120772abcf.binning_data.json,2024-10-05 04:47:29.372,2024-10-05 04:47:29.372,com.sec.android.app.shealth,0,2223,1.2195392,1648.1799,86.38,R5wtjjS0Fd,com.sec.android.app.shealth,48eaf2c4-afec-48d3-bbe1-fb120772abcf,1728000000000,
08f65d1f-a11f-4425-8e19-af9ab0616f66.binning_data.json,2024-10-06 00:55:01.758,2024-10-05 12:52:17.381,com.sec.android.app.shealth,-2,8309,1.3421831,6267.89,316.8,VfS0qUERdZ,com.sec.android.app.shealth,08f65d1f-a11f-4425-8e19-af9ab0616f66,1728086400000,
f4a13f27-1c7a-49a6-9e97-95f438485491.binning_data.json,2024-10-06 03:00:01.793,2024-10-06 03:00:01.793,com.sec.android.app.shealth,0,8309,1.3421831,6267.89,316.8,R5wtjjS0Fd,com.sec.android.app.shealth,f4a13f27-1c7a-49a6-9e97-95f438485491,1728086400000,
0d45dc6a-4dc5-42a1-91be-069da2b58e26.binning_data.json,2024-10-07 00:58:09.640,2024-10-06 11:19:21.063,com.sec.android.app.shealth,-2,5595,1.2397556,4144.12,217.97,VfS0qUERdZ,com.sec.android.app.shealth,0d45dc6a-4dc5-42a1-91be-069da2b58e26,1728172800000,
a195a795-7220-40d3-89a9-55f57d4f63c4.binning_data.json,2024-10-07 03:50:50.156,2024-10-07 03:50:50.156,com.sec.android.app.shealth,0,5595,1.2397556,4144.12,217.97,R5wtjjS0Fd,com.sec.android.app.shealth,a195a795-7220-40d3-89a9-55f57d4f63c4,1728172800000,
6600b70e-b4c2-45e2-8fea-f6ad8467242c.binning_data.json,2024-10-07 17:15:05.777,2024-10-07 12:24:49.473,com.sec.android.app.shealth,-2,1669,1.2340919,1232.56,66.17,VfS0qUERdZ,com.sec.android.app.shealth,6600b70e-b4c2-45e2-8fea-f6ad8467242c,1728259200000,
c4481251-dfed-4543-8a49-3d3d22316460.binning_data.json,2024-10-08 03:00:02.353,2024-10-08 03:00:02.353,com.sec.android.app.shealth,0,1669,1.2340919,1232.56,66.17,R5wtjjS0Fd,com.sec.android.app.shealth,c4481251-dfed-4543-8a49-3d3d22316460,1728259200000,
96b55e55-ff23-4266-82d7-a82cfb2da5c8.binning_data.json,2024-10-08 23:15:04.391,2024-10-08 10:41:44.969,com.sec.android.app.shealth,-2,1879,1.2104058,1393.2001,73.35,VfS0qUERdZ,com.sec.android.app.shealth,96b55e55-ff23-4266-82d7-a82cfb2da5c8,1728345600000,
4ff325ec-820f-47ec-9037-b6da551bf83b.binning_data.json,2024-10-09 03:00:00.916,2024-10-09 03:00:00.916,com.sec.android.app.shealth,0,1879,1.2104058,1393.2001,73.35,R5wtjjS0Fd,com.sec.android.app.shealth,4ff325ec-820f-47ec-9037-b6da551bf83b,1728345600000,
2c504fb1-d20b-4f6c-b314-1f46396f5fab.binning_data.json,2024-10-10 01:55:05.750,2024-10-09 13:55:02.666,com.sec.android.app.shealth,-2,2832,1.2720338,2112.26,106.27,VfS0qUERdZ,com.sec.android.app.shealth,2c504fb1-d20b-4f6c-b314-1f46396f5fab,1728432000000,
d48b11f4-1fc6-4e7f-8899-abfb9b201d2f.binning_data.json,2024-10-10 03:00:02.980,2024-10-10 03:00:02.980,com.sec.android.app.shealth,0,2832,1.2720338,2112.26,106.27,R5wtjjS0Fd,com.sec.android.app.shealth,d48b11f4-1fc6-4e7f-8899-abfb9b201d2f,1728432000000,
df99d057-6f3a-41c6-a60a-27623b6076c3.binning_data.json,2024-10-10 18:21:42.374,2024-10-10 13:44:26.777,com.sec.android.app.shealth,-2,1891,1.2230448,1390.04,74.44,VfS0qUERdZ,com.sec.android.app.shealth,df99d057-6f3a-41c6-a60a-27623b6076c3,1728518400000,
8a3ae5fd-18d0-436b-8661-9e50497c638f.binning_data.json,2024-10-11 03:15:26.844,2024-10-11 03:15:26.844,com.sec.android.app.shealth,0,1891,1.2230448,1390.04,74.44,R5wtjjS0Fd,com.sec.android.app.shealth,8a3ae5fd-18d0-436b-8661-9e50497c638f,1728518400000,
539d7e1f-b434-4467-b918-3591f36543d1.binning_data.json,2024-10-12 02:15:04.644,2024-10-11 11:49:00.138,com.sec.android.app.shealth,-2,3882,1.3592788,2943.3901,135.4,VfS0qUERdZ,com.sec.android.app.shealth,539d7e1f-b434-4467-b918-3591f36543d1,1728604800000,
4f6b3992-3c34-4f1e-811a-7132f9306c8b.binning_data.json,2024-10-12 03:03:43.506,2024-10-12 03:03:43.506,com.sec.android.app.shealth,0,3882,1.3592788,2943.3901,135.4,R5wtjjS0Fd,com.sec.android.app.shealth,4f6b3992-3c34-4f1e-811a-7132f9306c8b,1728604800000,
0b2a782f-c61a-4f9a-969c-522a820c18c1.binning_data.json,2024-10-12 20:20:06.243,2024-10-12 12:35:08.253,com.sec.android.app.shealth,-2,6034,1.361116,4564.36,219.58,VfS0qUERdZ,com.sec.android.app.shealth,0b2a782f-c61a-4f9a-969c-522a820c18c1,1728691200000,
c6f7771c-2275-407d-88ee-053dd821417d.binning_data.json,2024-10-13 03:20:00.992,2024-10-13 03:20:00.992,com.sec.android.app.shealth,0,6034,1.361116,4564.36,219.58,R5wtjjS0Fd,com.sec.android.app.shealth,c6f7771c-2275-407d-88ee-053dd821417d,1728691200000,
0b19f262-f158-4327-9911-4e48e9cdd10b.binning_data.json,2024-10-13 17:10:31.974,2024-10-13 09:35:03.094,com.sec.android.app.shealth,-2,2692,1.3190631,1892.32,106.02,VfS0qUERdZ,com.sec.android.app.shealth,0b19f262-f158-4327-9911-4e48e9cdd10b,1728777600000,
f5253f16-eacd-466f-99cd-8aee390f0919.binning_data.json,2024-10-14 03:08:59.752,2024-10-14 03:08:59.752,com.sec.android.app.shealth,0,2692,1.3190631,1892.32,106.02,R5wtjjS0Fd,com.sec.android.app.shealth,f5253f16-eacd-466f-99cd-8aee390f0919,1728777600000,
c4141bc8-2586-4319-9dd2-c6cf7a72dc6e.binning_data.json,2024-10-14 22:48:26.843,2024-10-14 12:26:42.645,com.sec.android.app.shealth,-2,1668,1.3338772,1254.83,61.24,VfS0qUERdZ,com.sec.android.app.shealth,c4141bc8-2586-4319-9dd2-c6cf7a72dc6e,1728864000000,
2adde4e0-12c1-4060-83b2-207e6042a4ba.binning_data.json,2024-10-15 03:00:02.608,2024-10-15 03:00:02.608,com.sec.android.app.shealth,0,1668,1.3338772,1254.83,61.24,R5wtjjS0Fd,com.sec.android.app.shealth,2adde4e0-12c1-4060-83b2-207e6042a4ba,1728864000000,
b454c6bc-8b5b-48b4-8339-67d9945c443e.binning_data.json,2024-10-16 00:54:56.275,2024-10-15 11:54:39.970,com.sec.android.app.shealth,-2,1629,1.287466,1217.2,62.72,VfS0qUERdZ,com.sec.android.app.shealth,b454c6bc-8b5b-48b4-8339-67d9945c443e,1728950400000,
45286686-9d1e-4434-bac4-c751f5b56da9.binning_data.json,2024-10-16 03:15:20.045,2024-10-16 03:15:20.045,com.sec.android.app.shealth,0,1629,1.287466,1217.2,62.72,R5wtjjS0Fd,com.sec.android.app.shealth,45286686-9d1e-4434-bac4-c751f5b56da9,1728950400000,
8c06ee3f-a7f9-4bff-a650-6cca4cd1c0ac.binning_data.json,2024-10-16 22:35:06.486,2024-10-16 10:15:02.787,com.sec.android.app.shealth,-2,5052,1.2262839,3753.16,196.95,VfS0qUERdZ,com.sec.android.app.shealth,8c06ee3f-a7f9-4bff-a650-6cca4cd1c0ac,1729036800000,
fb426204-90eb-42a9-bebf-94eb8c3632a6.binning_data.json,2024-10-17 03:00:01.392,2024-10-17 03:00:01.392,com.sec.android.app.shealth,0,5052,1.2262839,3753.16,196.95,R5wtjjS0Fd,com.sec.android.app.shealth,fb426204-90eb-42a9-bebf-94eb8c3632a6,1729036800000,
3d80119d-a01d-4531-86af-cf1ba3481259.binning_data.json,2024-10-17 20:55:02.492,2024-10-17 10:44:08.415,com.sec.android.app.shealth,-2,9489,1.3079468,7132.87,354.07,VfS0qUERdZ,com.sec.android.app.shealth,3d80119d-a01d-4531-86af-cf1ba3481259,1729123200000,
0b42a384-6b0b-4ecf-9fed-fb7ac63e8e86.binning_data.json,2024-10-18 03:00:04.746,2024-10-18 03:00:04.746,com.sec.android.app.shealth,0,9489,1.3079468,7132.87,354.07,R5wtjjS0Fd,com.sec.android.app.shealth,0b42a384-6b0b-4ecf-9fed-fb7ac63e8e86,1729123200000,
0868abcf-ec7a-43ad-af27-6b04e1088f18.binning_data.json,2024-10-18 15:13:43.818,2024-10-18 10:10:34.144,com.sec.android.app.shealth,-2,1800,1.2448516,1330.15,71.52,VfS0qUERdZ,com.sec.android.app.shealth,0868abcf-ec7a-43ad-af27-6b04e1088f18,1729209600000,
86eec5f7-b01d-4d9a-a7d1-ffb64cf8b4f6.binning_data.json,2024-10-19 04:39:22.974,2024-10-19 04:39:22.974,com.sec.android.app.shealth,0,1800,1.2448516,1330.15,71.52,R5wtjjS0Fd,com.sec.android.app.shealth,86eec5f7-b01d-4d9a-a7d1-ffb64cf8b4f6,1729209600000,
d2464aa4-c3ee-4974-b1f0-872797f716ca.binning_data.json,2024-10-19 19:13:12.488,2024-10-19 10:21:29.222,com.sec.android.app.shealth,-2,862,1.3645598,651.66,30.109999,VfS0qUERdZ,com.sec.android.app.shealth,d2464aa4-c3ee-4974-b1f0-872797f716ca,1729296000000,
9b969d5c-8a44-48d7-9981-0c61fd49bbc2.binning_data.json,2024-10-20 03:33:54.578,2024-10-20 03:33:54.578,com.sec.android.app.shealth,0,862,1.3645598,651.66,30.109999,R5wtjjS0Fd,com.sec.android.app.shealth,9b969d5c-8a44-48d7-9981-0c61fd49bbc2,1729296000000,
8354edad-10ba-4dbb-8f22-ff5e3e2a2bbe.binning_data.json,2024-10-20 20:33:47.553,2024-10-20 10:11:44.320,com.sec.android.app.shealth,-2,3221,1.213252,2383.79,122.33,VfS0qUERdZ,com.sec.android.app.shealth,8354edad-10ba-4dbb-8f22-ff5e3e2a2bbe,1729382400000,
f302eed1-e95e-4f07-a6be-028b29a87055.binning_data.json,2024-10-21 03:22:33.145,2024-10-21 03:22:33.145,com.sec.android.app.shealth,0,3221,1.213252,2383.79,122.33,R5wtjjS0Fd,com.sec.android.app.shealth,f302eed1-e95e-4f07-a6be-028b29a87055,1729382400000,
7888a394-8e74-465f-a62e-47e86c354561.binning_data.json,2024-10-22 00:35:01.746,2024-10-21 10:59:32.917,com.sec.android.app.shealth,-2,7267,1.3335083,5479.77,278.56,VfS0qUERdZ,com.sec.android.app.shealth,7888a394-8e74-465f-a62e-47e86c354561,1729468800000,
7b8ed47f-a97a-4e00-9c3f-fb20fde55eaa.binning_data.json,2024-10-22 04:28:56.270,2024-10-22 04:28:56.270,com.sec.android.app.shealth,0,7267,1.3335083,5479.77,278.56,R5wtjjS0Fd,com.sec.android.app.shealth,7b8ed47f-a97a-4e00-9c3f-fb20fde55eaa,1729468800000,
bb164ad9-b3d9-4f40-8bed-1b38e10498dd.binning_data.json,2024-10-23 01:57:16.734,2024-10-22 10:46:38.645,com.sec.android.app.shealth,-2,4663,1.3063619,3500.81,180.39,VfS0qUERdZ,com.sec.android.app.shealth,bb164ad9-b3d9-4f40-8bed-1b38e10498dd,1729555200000,
e13e2f03-1748-4bb6-9b6d-ec2980a7ff5f.binning_data.json,2024-10-23 03:21:50.198,2024-10-23 03:21:50.198,com.sec.android.app.shealth,0,4663,1.3063619,3500.81,180.39,R5wtjjS0Fd,com.sec.android.app.shealth,e13e2f03-1748-4bb6-9b6d-ec2980a7ff5f,1729555200000,
356be9b7-5f47-47b5-a0d9-1a171b7b4427.binning_data.json,2024-10-23 17:43:42.050,2024-10-23 08:59:48.830,com.sec.android.app.shealth,-2,5426,1.3349996,4100.83,211.89,VfS0qUERdZ,com.sec.android.app.shealth,356be9b7-5f47-47b5-a0d9-1a171b7b4427,1729641600000,
0dda1852-ca83-4720-8b3f-bb1ade6c675e.binning_data.json,2024-10-24 03:00:02.659,2024-10-24 03:00:02.659,com.sec.android.app.shealth,0,5426,1.3349996,4100.83,211.89,R5wtjjS0Fd,com.sec.android.app.shealth,0dda1852-ca83-4720-8b3f-bb1ade6c675e,1729641600000,
1cb351f5-a217-49b9-999f-7fa88ac772ff.binning_data.json,2024-10-24 21:35:01.186,2024-10-24 09:00:58.518,com.sec.android.app.shealth,-2,438,1.0978369,311.81,17.06,VfS0qUERdZ,com.sec.android.app.shealth,1cb351f5-a217-49b9-999f-7fa88ac772ff,1729728000000,
73c5e2e7-db45-4800-a1c7-e0ba0a27b8d0.binning_data.json,2024-10-25 04:51:29.402,2024-10-25 04:51:29.402,com.sec.android.app.shealth,0,438,1.0978369,311.81,17.06,R5wtjjS0Fd,com.sec.android.app.shealth,73c5e2e7-db45-4800-a1c7-e0ba0a27b8d0,1729728000000,
bf42bdc0-8591-4ff3-b9ad-bf4e65d7bdcf.binning_data.json,2024-10-26 01:55:02.106,2024-10-25 09:55:01.558,com.sec.android.app.shealth,-2,748,1.2133815,529.27,28.88,VfS0qUERdZ,com.sec.android.app.shealth,bf42bdc0-8591-4ff3-b9ad-bf4e65d7bdcf,1729814400000,
3d5284d5-cfd2-447b-9e98-420d3b625ff8.binning_data.json,2024-10-26 03:51:44.406,2024-10-26 03:51:44.406,com.sec.android.app.shealth,0,748,1.2133815,529.27,28.88,R5wtjjS0Fd,com.sec.android.app.shealth,3d5284d5-cfd2-447b-9e98-420d3b625ff8,1729814400000,
915deec1-bb0c-4591-b2fd-bc942e010943.binning_data.json,2024-10-26 21:55:02.185,2024-10-26 09:29:11.327,com.sec.android.app.shealth,-2,2912,1.2422045,2137.48,113.229996,VfS0qUERdZ,com.sec.android.app.shealth,915deec1-bb0c-4591-b2fd-bc942e010943,1729900800000,
d8c08590-4e7f-47de-9cd7-72ecace6636b.binning_data.json,2024-10-27 03:44:50.340,2024-10-27 03:44:50.340,com.sec.android.app.shealth,0,2912,1.2422045,2137.48,113.229996,R5wtjjS0Fd,com.sec.android.app.shealth,d8c08590-4e7f-47de-9cd7-72ecace6636b,1729900800000,
fd058e03-e9ec-475f-82e5-eae55c3ed00d.binning_data.json,2024-10-27 22:01:21.802,2024-10-27 10:55:01.625,com.sec.android.app.shealth,-2,6115,1.076994,4433.64,240.93,VfS0qUERdZ,com.sec.android.app.shealth,fd058e03-e9ec-475f-82e5-eae55c3ed00d,1729987200000,
772031c5-9103-4ed4-86b5-c50dbce0c70a.binning_data.json,2024-10-28 03:00:04.852,2024-10-28 03:00:04.852,com.sec.android.app.shealth,0,6115,1.076994,4433.64,240.93,R5wtjjS0Fd,com.sec.android.app.shealth,772031c5-9103-4ed4-86b5-c50dbce0c70a,1729987200000,
9ca9bdd9-33c1-42c8-b35b-d77933a8046f.binning_data.json,2024-10-28 23:49:28.889,2024-10-28 12:34:17.196,com.sec.android.app.shealth,-2,1651,1.2258364,1218.44,65.37,VfS0qUERdZ,com.sec.android.app.shealth,9ca9bdd9-33c1-42c8-b35b-d77933a8046f,1730073600000,
017415f6-3ce5-47a1-acef-6aed40311853.binning_data.json,2024-10-29 03:25:25.991,2024-10-29 03:25:25.991,com.sec.android.app.shealth,0,1651,1.2258364,1218.44,65.37,R5wtjjS0Fd,com.sec.android.app.shealth,017415f6-3ce5-47a1-acef-6aed40311853,1730073600000,
3a126853-2629-4bde-9c1e-93f293005b23.binning_data.json,2024-10-29 14:14:46.190,2024-10-29 11:08:36.047,com.sec.android.app.shealth,-2,2442,1.2172577,1790.7,95.51,VfS0qUERdZ,com.sec.android.app.shealth,3a126853-2629-4bde-9c1e-93f293005b23,1730160000000,
b864c399-4765-4652-a977-eb739484fb5c.binning_data.json,2024-10-30 01:53:03.397,2024-10-30 01:53:03.397,com.sec.android.app.shealth,0,2442,1.2172577,1790.7,95.51,R5wtjjS0Fd,com.sec.android.app.shealth,b864c399-4765-4652-a977-eb739484fb5c,1730160000000,
45a6be5f-ed62-4d7e-9dc7-08eca1134a5f.binning_data.json,2024-10-30 21:49:10.185,2024-10-30 13:05:30.072,com.sec.android.app.shealth,-2,1629,1.1727903,1193.73,63.93,VfS0qUERdZ,com.sec.android.app.shealth,45a6be5f-ed62-4d7e-9dc7-08eca1134a5f,1730246400000,
4aca64f1-76f5-4313-8312-3e08d7c3013b.binning_data.json,2024-10-31 04:34:28.001,2024-10-31 04:34:28.001,com.sec.android.app.shealth,0,1629,1.1727903,1193.73,63.93,R5wtjjS0Fd,com.sec.android.app.shealth,4aca64f1-76f5-4313-8312-3e08d7c3013b,1730246400000,
d275a6b8-f8a5-4f92-a2b4-cc50938a0ae7.binning_data.json,2024-10-31 19:00:19.225,2024-10-31 11:35:07.487,com.sec.android.app.shealth,-2,8862,1.3059621,6648.96,349.57,VfS0qUERdZ,com.sec.android.app.shealth,d275a6b8-f8a5-4f92-a2b4-cc50938a0ae7,1730332800000,
beadf67e-620f-4e30-a87e-5e5df865ad19.binning_data.json,2024-11-01 03:20:54.982,2024-11-01 03:20:54.982,com.sec.android.app.shealth,0,8862,1.3059621,6648.96,349.57,R5wtjjS0Fd,com.sec.android.app.shealth,beadf67e-620f-4e30-a87e-5e5df865ad19,1730332800000,
a967d52d-502b-4540-8fde-9b47ba3d3e12.binning_data.json,2024-11-01 17:15:02.790,2024-11-01 12:44:49.588,com.sec.android.app.shealth,-2,1705,1.273962,1259.29,67.33,VfS0qUERdZ,com.sec.android.app.shealth,a967d52d-502b-4540-8fde-9b47ba3d3e12,1730419200000,
2742b81f-5449-4ff8-8688-72db39228de5.binning_data.json,2024-11-02 03:00:04.247,2024-11-02 03:00:04.247,com.sec.android.app.shealth,0,1705,1.273962,1259.29,67.33,R5wtjjS0Fd,com.sec.android.app.shealth,2742b81f-5449-4ff8-8688-72db39228de5,1730419200000,
9d212082-ac45-4292-bfbc-5d7d26952efd.binning_data.json,2024-11-02 17:15:56.842,2024-11-02 12:25:34.562,com.sec.android.app.shealth,-2,129,1.0689646,90.28,4.91,VfS0qUERdZ,com.sec.android.app.shealth,9d212082-ac45-4292-bfbc-5d7d26952efd,1730505600000,
82e854a0-5d8f-4d59-8a2b-48d7e95ed961.binning_data.json,2024-11-03 03:00:08.432,2024-11-03 03:00:08.432,com.sec.android.app.shealth,0,129,1.0689646,90.28,4.91,R5wtjjS0Fd,com.sec.android.app.shealth,82e854a0-5d8f-4d59-8a2b-48d7e95ed961,1730505600000,
7d2be0c0-878d-40c2-8c4d-2fdd5a596048.binning_data.json,2024-11-04 00:55:00.907,2024-11-03 17:55:06.315,com.sec.android.app.shealth,-2,73,1.0329574,50.739998,3.05,VfS0qUERdZ,com.sec.android.app.shealth,7d2be0c0-878d-40c2-8c4d-2fdd5a596048,1730592000000,
04468da3-5b9a-456c-8253-c4ce7282053a.binning_data.json,2024-11-04 03:21:02.652,2024-11-04 03:21:02.652,com.sec.android.app.shealth,0,73,1.0329574,50.739998,3.05,R5wtjjS0Fd,com.sec.android.app.shealth,04468da3-5b9a-456c-8253-c4ce7282053a,1730592000000,
b0b975b6-8683-48ff-b6b4-3348948baa6e.binning_data.json,2024-11-04 21:08:23.108,2024-11-04 10:41:58.706,com.sec.android.app.shealth,-2,8360,1.3325512,6274.92,314.25,VfS0qUERdZ,com.sec.android.app.shealth,b0b975b6-8683-48ff-b6b4-3348948baa6e,1730678400000,
bdbed016-c75b-4789-9167-8e2ee3bb55a8.binning_data.json,2024-11-05 03:00:09.910,2024-11-05 03:00:09.910,com.sec.android.app.shealth,0,8360,1.3325512,6274.92,314.25,R5wtjjS0Fd,com.sec.android.app.shealth,bdbed016-c75b-4789-9167-8e2ee3bb55a8,1730678400000,
1947fa86-18a2-49f7-96db-a2a62dd9cf0d.binning_data.json,2024-11-05 22:08:23.869,2024-11-05 10:50:55.319,com.sec.android.app.shealth,-2,3314,1.29739,2487.75,122.95,VfS0qUERdZ,com.sec.android.app.shealth,1947fa86-18a2-49f7-96db-a2a62dd9cf0d,1730764800000,
3e55dd86-9d04-4afd-81b2-75f423857508.binning_data.json,2024-11-06 03:00:06.204,2024-11-06 03:00:06.204,com.sec.android.app.shealth,0,3314,1.29739,2487.75,122.95,R5wtjjS0Fd,com.sec.android.app.shealth,3e55dd86-9d04-4afd-81b2-75f423857508,1730764800000,
44457037-79b0-4512-8454-73d6bca3fadc.binning_data.json,2024-11-06 16:15:01.098,2024-11-06 11:17:57.067,com.sec.android.app.shealth,-2,7881,1.3218542,5933.32,309.0,VfS0qUERdZ,com.sec.android.app.shealth,44457037-79b0-4512-8454-73d6bca3fadc,1730851200000,
146346e4-5604-4837-90b0-0bdc814fa70b.binning_data.json,2024-11-07 03:00:04.123,2024-11-07 03:00:04.123,com.sec.android.app.shealth,0,7881,1.3218542,5933.32,309.0,R5wtjjS0Fd,com.sec.android.app.shealth,146346e4-5604-4837-90b0-0bdc814fa70b,1730851200000,
11e6d1e2-6fba-4cff-96d0-ed2d31662a51.binning_data.json,2024-11-07 18:50:50.141,2024-11-07 10:55:06.288,com.sec.android.app.shealth,-2,1573,1.2669101,1174.11,60.88,VfS0qUERdZ,com.sec.android.app.shealth,11e6d1e2-6fba-4cff-96d0-ed2d31662a51,1730937600000,
a55e2dd6-85b6-4ea7-9c05-4738285ace88.binning_data.json,2024-11-08 03:00:03.951,2024-11-08 03:00:03.951,com.sec.android.app.shealth,0,1573,1.2669101,1174.11,60.88,R5wtjjS0Fd,com.sec.android.app.shealth,a55e2dd6-85b6-4ea7-9c05-4738285ace88,1730937600000,
d064b327-5ef5-4cd5-bc4d-48d87adafb26.binning_data.json,2024-11-08 22:15:22.367,2024-11-08 08:54:24.809,com.sec.android.app.shealth,-2,1766,1.2735873,1312.77,68.26,VfS0qUERdZ,com.sec.android.app.shealth,d064b327-5ef5-4cd5-bc4d-48d87adafb26,1731024000000,
d8c20148-e317-4f4a-a49f-c76381e35eb0.binning_data.json,2024-11-09 04:39:33.723,2024-11-09 04:39:33.723,com.sec.android.app.shealth,0,1766,1.2735873,1312.77,68.26,R5wtjjS0Fd,com.sec.android.app.shealth,d8c20148-e317-4f4a-a49f-c76381e35eb0,1731024000000,
54f26588-7f72-4bf0-8790-4431b4fd222b.binning_data.json,2024-11-09 14:35:03.406,2024-11-09 10:45:42.336,com.sec.android.app.shealth,-2,1103,1.2315562,823.32,41.3,VfS0qUERdZ,com.sec.android.app.shealth,54f26588-7f72-4bf0-8790-4431b4fd222b,1731110400000,
3a07d4da-ae9e-436f-b056-5b43cf02f912.binning_data.json,2024-11-10 03:13:27.501,2024-11-10 03:13:27.501,com.sec.android.app.shealth,0,1103,1.2315562,823.32,41.3,R5wtjjS0Fd,com.sec.android.app.shealth,3a07d4da-ae9e-436f-b056-5b43cf02f912,1731110400000,
abcab7c8-b995-4bbb-a0bc-797d147eb8e7.binning_data.json,2024-11-10 23:35:06.182,2024-11-10 08:54:05.732,com.sec.android.app.shealth,-2,2593,1.2798228,1833.34,107.22,VfS0qUERdZ,com.sec.android.app.shealth,abcab7c8-b995-4bbb-a0bc-797d147eb8e7,1731196800000,
39fb772c-9d75-4686-8cff-7b3e4b5e1351.binning_data.json,2024-11-11 04:59:11.860,2024-11-11 04:59:11.860,com.sec.android.app.shealth,0,2593,1.2798228,1833.34,107.22,R5wtjjS0Fd,com.sec.android.app.shealth,39fb772c-9d75-4686-8cff-7b3e4b5e1351,1731196800000,
ac76d522-8235-4b21-aad8-5bca42e980f4.binning_data.json,2024-11-11 23:55:01.510,2024-11-11 11:32:37.943,com.sec.android.app.shealth,-2,1676,1.2522975,1251.72,65.11,VfS0qUERdZ,com.sec.android.app.shealth,ac76d522-8235-4b21-aad8-5bca42e980f4,1731283200000,
f114c5db-bd02-4478-b8ff-5a0230402ec6.binning_data.json,2024-11-12 03:38:59.956,2024-11-12 03:38:59.956,com.sec.android.app.shealth,0,1676,1.2522975,1251.72,65.11,R5wtjjS0Fd,com.sec.android.app.shealth,f114c5db-bd02-4478-b8ff-5a0230402ec6,1731283200000,
1002807d-8b87-4722-b3c1-50e910e63d51.binning_data.json,2024-11-13 00:15:03.877,2024-11-12 11:23:43.062,com.sec.android.app.shealth,-2,5258,1.282232,3898.77,204.06999,VfS0qUERdZ,com.sec.android.app.shealth,1002807d-8b87-4722-b3c1-50e910e63d51,1731369600000,
8532c915-3bea-43df-b66b-04f8290fe6dd.binning_data.json,2024-11-13 04:59:55.218,2024-11-13 04:59:55.218,com.sec.android.app.shealth,0,5258,1.282232,3898.77,204.06999,R5wtjjS0Fd,com.sec.android.app.shealth,8532c915-3bea-43df-b66b-04f8290fe6dd,1731369600000,
7fd78889-eb89-46c2-b26a-4d1550cfa173.binning_data.json,2024-11-13 16:35:04.267,2024-11-13 11:45:09.217,com.sec.android.app.shealth,-2,128,1.1119999,94.5,4.74,VfS0qUERdZ,com.sec.android.app.shealth,7fd78889-eb89-46c2-b26a-4d1550cfa173,1731456000000,
6b8f13e8-e407-4e03-97b0-d6a47382d702.binning_data.json,2024-11-14 03:30:59.406,2024-11-14 03:30:59.406,com.sec.android.app.shealth,0,128,1.1119999,94.5,4.74,R5wtjjS0Fd,com.sec.android.app.shealth,6b8f13e8-e407-4e03-97b0-d6a47382d702,1731456000000,
f8265b14-0713-4faf-9cbf-6435615582e1.binning_data.json,2024-11-15 02:14:53.759,2024-11-14 10:19:19.688,com.sec.android.app.shealth,-2,7939,1.315652,5980.39,308.76,VfS0qUERdZ,com.sec.android.app.shealth,f8265b14-0713-4faf-9cbf-6435615582e1,1731542400000,
e9aa67b9-98b0-4ac6-b9b2-c0e281fd20c1.binning_data.json,2024-11-15 03:14:23.429,2024-11-15 03:14:23.429,com.sec.android.app.shealth,0,7939,1.315652,5980.39,308.76,R5wtjjS0Fd,com.sec.android.app.shealth,e9aa67b9-98b0-4ac6-b9b2-c0e281fd20c1,1731542400000,
0094f793-41c3-458c-80fc-1784e4c338bc.binning_data.json,2024-11-16 00:21:43.257,2024-11-15 19:06:37.511,com.sec.android.app.shealth,-2,45,1.1769998,33.33,1.64,VfS0qUERdZ,com.sec.android.app.shealth,0094f793-41c3-458c-80fc-1784e4c338bc,1731628800000,
5b166973-f26e-4d06-bf0d-7a307998136e.binning_data.json,2024-11-16 03:00:02.385,2024-11-16 03:00:02.385,com.sec.android.app.shealth,0,45,1.1769998,33.33,1.64,R5wtjjS0Fd,com.sec.android.app.shealth,5b166973-f26e-4d06-bf0d-7a307998136e,1731628800000,
51d872be-8c92-42f5-a197-473dceaccac0.binning_data.json,2024-11-16 23:55:05.270,2024-11-16 10:20:53.117,com.sec.android.app.shealth,-2,546,1.1624316,401.26,21.07,VfS0qUERdZ,com.sec.android.app.shealth,51d872be-8c92-42f5-a197-473dceaccac0,1731715200000,
53ea0e3e-ad41-47ae-8bab-f708b23e5ddf.binning_data.json,2024-11-17 03:25:09.685,2024-11-17 03:25:09.685,com.sec.android.app.shealth,0,546,1.1624316,401.26,21.07,R5wtjjS0Fd,com.sec.android.app.shealth,53ea0e3e-ad41-47ae-8bab-f708b23e5ddf,1731715200000,
53fcd618-a981-4f04-9b4b-3d3ae3376d7a.binning_data.json,2024-11-17 10:45:51.224,2024-11-17 10:45:51.224,com.sec.android.app.shealth,-2,18,1.3611113,13.400001,0.66,VfS0qUERdZ,com.sec.android.app.shealth,53fcd618-a981-4f04-9b4b-3d3ae3376d7a,1731801600000,
06d6d3fa-b2bd-4b4c-b1be-30abf2825503.binning_data.json,2024-11-18 03:00:01.190,2024-11-18 03:00:01.190,com.sec.android.app.shealth,0,18,1.3611113,13.400001,0.66,R5wtjjS0Fd,com.sec.android.app.shealth,06d6d3fa-b2bd-4b4c-b1be-30abf2825503,1731801600000,
1d0efbd4-e23f-49d2-b09c-bb971e4950fe.binning_data.json,2024-11-18 23:38:23.968,2024-11-18 13:08:41.620,com.sec.android.app.shealth,-2,3106,1.2524049,2321.5999,119.28,VfS0qUERdZ,com.sec.android.app.shealth,1d0efbd4-e23f-49d2-b09c-bb971e4950fe,1731888000000,
21f47755-edaa-4cae-b64a-2f6b1d45b3aa.binning_data.json,2024-11-19 04:02:05.847,2024-11-19 04:02:05.847,com.sec.android.app.shealth,0,3106,1.2524049,2321.5999,119.28,R5wtjjS0Fd,com.sec.android.app.shealth,21f47755-edaa-4cae-b64a-2f6b1d45b3aa,1731888000000,
75144f0e-385b-480a-a0e4-a72a7088a450.binning_data.json,2024-11-19 18:35:02.794,2024-11-19 11:15:02.855,com.sec.android.app.shealth,-2,2673,1.1978289,1974.0599,104.04,VfS0qUERdZ,com.sec.android.app.shealth,75144f0e-385b-480a-a0e4-a72a7088a450,1731974400000,
1e2b6103-aab2-40fe-94fb-2c83f9f8714c.binning_data.json,2024-11-20 03:27:02.280,2024-11-20 03:27:02.280,com.sec.android.app.shealth,0,2673,1.1978289,1974.0599,104.04,R5wtjjS0Fd,com.sec.android.app.shealth,1e2b6103-aab2-40fe-94fb-2c83f9f8714c,1731974400000,
d9f9da3e-b555-4cf1-b33d-5bc158542d1c.binning_data.json,2024-11-21 01:34:06.078,2024-11-20 13:25:06.519,com.sec.android.app.shealth,-2,215,1.0652843,153.85,8.11,VfS0qUERdZ,com.sec.android.app.shealth,d9f9da3e-b555-4cf1-b33d-5bc158542d1c,1732060800000,
cc6438db-039d-41a9-8817-e7e7e002fe24.binning_data.json,2024-11-21 03:00:01.005,2024-11-21 03:00:01.005,com.sec.android.app.shealth,0,215,1.0652843,153.85,8.11,R5wtjjS0Fd,com.sec.android.app.shealth,cc6438db-039d-41a9-8817-e7e7e002fe24,1732060800000,
66c0f115-7ce9-4905-bb67-8ce096ca2edd.binning_data.json,2024-11-21 23:38:53.980,2024-11-21 11:57:23.411,com.sec.android.app.shealth,-2,1901,1.1845399,1397.76,74.48,VfS0qUERdZ,com.sec.android.app.shealth,66c0f115-7ce9-4905-bb67-8ce096ca2edd,1732147200000,
99777516-0f5e-49d4-8b3d-f2dba985d9ce.binning_data.json,2024-11-22 03:00:07.937,2024-11-22 03:00:07.937,com.sec.android.app.shealth,0,1901,1.1845399,1397.76,74.48,R5wtjjS0Fd,com.sec.android.app.shealth,99777516-0f5e-49d4-8b3d-f2dba985d9ce,1732147200000,
35d7e727-be40-4103-a0de-2201a493b749.binning_data.json,2024-11-22 20:55:05.292,2024-11-22 12:39:27.149,com.sec.android.app.shealth,-2,8897,1.2169166,6601.4,348.04,VfS0qUERdZ,com.sec.android.app.shealth,35d7e727-be40-4103-a0de-2201a493b749,1732233600000,
4714d268-402f-4bf6-bf77-0681c2eda221.binning_data.json,2024-11-23 03:21:15.513,2024-11-23 03:21:15.513,com.sec.android.app.shealth,0,8897,1.2169166,6601.4,348.04,R5wtjjS0Fd,com.sec.android.app.shealth,4714d268-402f-4bf6-bf77-0681c2eda221,1732233600000,
f49bb281-f386-4754-8957-568a0dca35b0.binning_data.json,2024-11-24 01:00:00.112,2024-11-23 17:56:14.077,com.sec.android.app.shealth,-2,73,0.99789643,49.7,2.76,VfS0qUERdZ,com.sec.android.app.shealth,f49bb281-f386-4754-8957-568a0dca35b0,1732320000000,
2f8fe62e-ba59-4fff-95bd-bb34ff792c23.binning_data.json,2024-11-24 03:00:03.398,2024-11-24 03:00:03.398,com.sec.android.app.shealth,0,73,0.99789643,49.7,2.76,R5wtjjS0Fd,com.sec.android.app.shealth,2f8fe62e-ba59-4fff-95bd-bb34ff792c23,1732320000000,
9f369c44-d89e-42ff-a406-056eb9f644d9.binning_data.json,2024-11-25 01:15:07.128,2024-11-24 21:35:02.188,com.sec.android.app.shealth,-2,67,1.1110144,49.12,2.49,VfS0qUERdZ,com.sec.android.app.shealth,9f369c44-d89e-42ff-a406-056eb9f644d9,1732406400000,
f87a4595-8956-4adb-b23e-e96f60d83ef9.binning_data.json,2024-11-25 03:59:35.759,2024-11-25 03:59:35.759,com.sec.android.app.shealth,0,67,1.1110144,49.12,2.49,R5wtjjS0Fd,com.sec.android.app.shealth,f87a4595-8956-4adb-b23e-e96f60d83ef9,1732406400000,
6ad1688e-b8f6-4d50-a81e-681d4e36ea4a.binning_data.json,2024-11-25 23:21:00.720,2024-11-25 13:59:13.462,com.sec.android.app.shealth,-2,1610,1.2596718,1200.48,63.41,VfS0qUERdZ,com.sec.android.app.shealth,6ad1688e-b8f6-4d50-a81e-681d4e36ea4a,1732492800000,
d7d76792-d2a6-499c-9ce6-d76857c286f6.binning_data.json,2024-11-26 03:00:00.970,2024-11-26 03:00:00.970,com.sec.android.app.shealth,0,1610,1.2596718,1200.48,63.41,R5wtjjS0Fd,com.sec.android.app.shealth,d7d76792-d2a6-499c-9ce6-d76857c286f6,1732492800000,
32706c36-1ee4-4180-9995-faf603f25bed.binning_data.json,2024-11-27 00:55:02.745,2024-11-26 10:51:02.463,com.sec.android.app.shealth,-2,8132,1.3123889,6109.38,311.21,VfS0qUERdZ,com.sec.android.app.shealth,32706c36-1ee4-4180-9995-faf603f25bed,1732579200000,
5c5f9776-002f-4543-914d-dce94d5299e1.binning_data.json,2024-11-27 04:42:57.142,2024-11-27 04:42:57.142,com.sec.android.app.shealth,0,8132,1.3123889,6109.38,311.21,R5wtjjS0Fd,com.sec.android.app.shealth,5c5f9776-002f-4543-914d-dce94d5299e1,1732579200000,
7487c8b5-8872-42ff-a944-09dfad2c5e18.binning_data.json,2024-11-27 23:35:49.263,2024-11-27 12:55:28.293,com.sec.android.app.shealth,-2,1705,1.216091,1259.93,66.62,VfS0qUERdZ,com.sec.android.app.shealth,7487c8b5-8872-42ff-a944-09dfad2c5e18,1732665600000,
e84312ee-b3da-4e4f-b1a2-96b29aff17ba.binning_data.json,2024-11-28 03:00:02.332,2024-11-28 03:00:02.332,com.sec.android.app.shealth,0,1705,1.216091,1259.93,66.62,R5wtjjS0Fd,com.sec.android.app.shealth,e84312ee-b3da-4e4f-b1a2-96b29aff17ba,1732665600000,
69a1ef94-aaba-4d44-bde5-e6ce9683c9d0.binning_data.json,2024-11-28 23:52:42.161,2024-11-28 09:49:20.021,com.sec.android.app.shealth,-2,114,1.1612133,80.68,4.12,VfS0qUERdZ,com.sec.android.app.shealth,69a1ef94-aaba-4d44-bde5-e6ce9683c9d0,1732752000000,
53ae941c-e613-48a2-87d4-fc908b034cfe.binning_data.json,2024-11-29 03:17:58.803,2024-11-29 03:17:58.803,com.sec.android.app.shealth,0,114,1.1612133,80.68,4.12,R5wtjjS0Fd,com.sec.android.app.shealth,53ae941c-e613-48a2-87d4-fc908b034cfe,1732752000000,
d44e4641-da53-4d0c-8eb3-0f75e2649624.binning_data.json,2024-11-30 00:50:46.225,2024-11-29 11:55:03.504,com.sec.android.app.shealth,-2,1557,1.258752,1156.77,60.95,VfS0qUERdZ,com.sec.android.app.shealth,d44e4641-da53-4d0c-8eb3-0f75e2649624,1732838400000,
c38a441d-39d5-4bb9-be7d-97fc135236e3.binning_data.json,2024-11-30 04:20:25.425,2024-11-30 04:20:25.425,com.sec.android.app.shealth,0,1557,1.258752,1156.77,60.95,R5wtjjS0Fd,com.sec.android.app.shealth,c38a441d-39d5-4bb9-be7d-97fc135236e3,1732838400000,
0c73644f-87c3-4884-a02d-39105e13d58d.binning_data.json,2024-12-01 01:35:03.398,2024-11-30 13:22:10.777,com.sec.android.app.shealth,-2,1079,1.1247798,789.07,40.670002,VfS0qUERdZ,com.sec.android.app.shealth,0c73644f-87c3-4884-a02d-39105e13d58d,1732924800000,
ef467db3-3810-4a3a-9718-fd5affc7b159.binning_data.json,2024-12-01 03:24:02.438,2024-12-01 03:24:02.438,com.sec.android.app.shealth,0,1079,1.1247798,789.07,40.670002,R5wtjjS0Fd,com.sec.android.app.shealth,ef467db3-3810-4a3a-9718-fd5affc7b159,1732924800000,
418ae6e0-0815-4fdf-91cc-f85eb7b8e9ba.binning_data.json,2024-12-02 01:23:34.107,2024-12-01 20:39:58.095,com.sec.android.app.shealth,-2,55,0.9744632,36.52,2.0900002,VfS0qUERdZ,com.sec.android.app.shealth,418ae6e0-0815-4fdf-91cc-f85eb7b8e9ba,1733011200000,
1807b810-3397-48ae-99bf-28c72e5a36fc.binning_data.json,2024-12-02 03:47:41.677,2024-12-02 03:47:41.677,com.sec.android.app.shealth,0,55,0.9744632,36.52,2.0900002,R5wtjjS0Fd,com.sec.android.app.shealth,1807b810-3397-48ae-99bf-28c72e5a36fc,1733011200000,
54ad279d-0785-46bf-a9d9-a32a81c2f8c6.binning_data.json,2024-12-03 03:00:06.250,2024-12-02 14:09:18.409,com.sec.android.app.shealth,-2,1552,1.2266974,1145.77,61.23,VfS0qUERdZ,com.sec.android.app.shealth,54ad279d-0785-46bf-a9d9-a32a81c2f8c6,1733097600000,
2686d930-c3eb-4809-a18a-ecb2f96cb192.binning_data.json,2024-12-03 03:00:04.591,2024-12-03 03:00:04.591,com.sec.android.app.shealth,0,1552,1.2266974,1145.77,61.23,R5wtjjS0Fd,com.sec.android.app.shealth,2686d930-c3eb-4809-a18a-ecb2f96cb192,1733097600000,
8033ce61-761a-4b04-af63-bd78075588b5.binning_data.json,2024-12-03 20:35:04.191,2024-12-03 11:15:06.474,com.sec.android.app.shealth,-2,11299,1.2902608,8480.2,422.5,VfS0qUERdZ,com.sec.android.app.shealth,8033ce61-761a-4b04-af63-bd78075588b5,1733184000000,
eb39813b-47f5-47b9-bff5-c56219ac9a76.binning_data.json,2024-12-04 04:58:39.583,2024-12-04 04:58:39.583,com.sec.android.app.shealth,0,11299,1.2902608,8480.2,422.5,R5wtjjS0Fd,com.sec.android.app.shealth,eb39813b-47f5-47b9-bff5-c56219ac9a76,1733184000000,
0d8c721d-cc37-4fd5-9be7-44f7f604fea1.binning_data.json,2024-12-04 21:42:34.878,2024-12-04 10:25:46.005,com.sec.android.app.shealth,-2,3140,1.2765176,2320.11,119.649994,VfS0qUERdZ,com.sec.android.app.shealth,0d8c721d-cc37-4fd5-9be7-44f7f604fea1,1733270400000,
d844c150-c3e8-4cf7-b77f-75e1920849d7.binning_data.json,2024-12-05 03:45:07.295,2024-12-05 03:45:07.295,com.sec.android.app.shealth,0,3140,1.2765176,2320.11,119.649994,R5wtjjS0Fd,com.sec.android.app.shealth,d844c150-c3e8-4cf7-b77f-75e1920849d7,1733270400000,
c07e61a9-2b5c-474f-b645-a316164ee03a.binning_data.json,2024-12-06 00:55:18.062,2024-12-05 12:56:59.378,com.sec.android.app.shealth,-2,1506,1.2808536,1124.57,58.239998,VfS0qUERdZ,com.sec.android.app.shealth,c07e61a9-2b5c-474f-b645-a316164ee03a,1733356800000,
c9d4d3e5-241a-4c2d-8f75-5500889232f8.binning_data.json,2024-12-06 03:30:13.394,2024-12-06 03:30:13.394,com.sec.android.app.shealth,0,1506,1.2808536,1124.57,58.239998,R5wtjjS0Fd,com.sec.android.app.shealth,c9d4d3e5-241a-4c2d-8f75-5500889232f8,1733356800000,
be5f58da-4fc4-4aeb-afec-305223a8ab5a.binning_data.json,2024-12-06 23:18:53.944,2024-12-06 10:08:03.616,com.sec.android.app.shealth,-2,1553,1.2522278,1148.03,61.36,VfS0qUERdZ,com.sec.android.app.shealth,be5f58da-4fc4-4aeb-afec-305223a8ab5a,1733443200000,
da509588-1575-457c-820d-516a8faf6dba.binning_data.json,2024-12-07 04:06:40.467,2024-12-07 04:06:40.467,com.sec.android.app.shealth,0,1553,1.2522278,1148.03,61.36,R5wtjjS0Fd,com.sec.android.app.shealth,da509588-1575-457c-820d-516a8faf6dba,1733443200000,
34010c1b-019e-4fd5-b0ae-b8ff22f97cca.binning_data.json,2024-12-07 15:46:36.176,2024-12-07 12:31:34.766,com.sec.android.app.shealth,-2,832,1.1631237,610.62,31.23,VfS0qUERdZ,com.sec.android.app.shealth,34010c1b-019e-4fd5-b0ae-b8ff22f97cca,1733529600000,
b5d62748-418f-4c5e-aeab-5026ac697745.binning_data.json,2024-12-08 03:00:04.191,2024-12-08 03:00:04.191,com.sec.android.app.shealth,0,832,1.1631237,610.62,31.23,R5wtjjS0Fd,com.sec.android.app.shealth,b5d62748-418f-4c5e-aeab-5026ac697745,1733529600000,
672261cc-8eac-4dcc-81dc-3aebce24b722.binning_data.json,2024-12-08 13:10:06.129,2024-12-08 09:36:07.041,com.sec.android.app.shealth,-2,134,1.0997788,97.119995,5.05,VfS0qUERdZ,com.sec.android.app.shealth,672261cc-8eac-4dcc-81dc-3aebce24b722,1733616000000,
a0b5f3bc-edab-47ae-850f-7c2f98f1489a.binning_data.json,2024-12-09 03:00:05.971,2024-12-09 03:00:05.971,com.sec.android.app.shealth,0,134,1.0997788,97.119995,5.05,R5wtjjS0Fd,com.sec.android.app.shealth,a0b5f3bc-edab-47ae-850f-7c2f98f1489a,1733616000000,
315d47a8-c355-423b-b8ba-ed6321902b6a.binning_data.json,2024-12-09 22:55:03.080,2024-12-09 11:15:01.591,com.sec.android.app.shealth,-2,1595,1.2877609,1191.02,59.61,VfS0qUERdZ,com.sec.android.app.shealth,315d47a8-c355-423b-b8ba-ed6321902b6a,1733702400000,
4e97ee35-2fb6-4145-b891-6bbee963a5fa.binning_data.json,2024-12-10 03:23:16.378,2024-12-10 03:23:16.378,com.sec.android.app.shealth,0,1595,1.2877609,1191.02,59.61,R5wtjjS0Fd,com.sec.android.app.shealth,4e97ee35-2fb6-4145-b891-6bbee963a5fa,1733702400000,
86869fbe-e25b-49ad-be7a-834fc4f5aa8f.binning_data.json,2024-12-10 14:01:59.695,2024-12-10 10:35:02.396,com.sec.android.app.shealth,-2,5523,1.2979642,4148.18,216.84,VfS0qUERdZ,com.sec.android.app.shealth,86869fbe-e25b-49ad-be7a-834fc4f5aa8f,1733788800000,
820fd4da-109e-461e-96c4-25bd8e2aceb9.binning_data.json,2024-12-11 03:27:05.405,2024-12-11 03:27:05.405,com.sec.android.app.shealth,0,5523,1.2979642,4148.18,216.84,R5wtjjS0Fd,com.sec.android.app.shealth,820fd4da-109e-461e-96c4-25bd8e2aceb9,1733788800000,
3c4e2d8b-16f2-4d3e-a4b8-d84b41ee5865.binning_data.json,2024-12-11 12:34:30.967,2024-12-11 11:15:01.639,com.sec.android.app.shealth,-2,1381,1.2801372,1031.55,53.53,VfS0qUERdZ,com.sec.android.app.shealth,3c4e2d8b-16f2-4d3e-a4b8-d84b41ee5865,1733875200000,
30daa24b-bb64-4f37-9f7c-e0b2d6761ff3.binning_data.json,2024-12-12 03:00:04.104,2024-12-12 03:00:04.104,com.sec.android.app.shealth,0,1381,1.2801372,1031.55,53.53,R5wtjjS0Fd,com.sec.android.app.shealth,30daa24b-bb64-4f37-9f7c-e0b2d6761ff3,1733875200000,
0c02cf17-f4e1-4b98-8ac4-bf31234fec57.binning_data.json,2024-12-13 01:04:46.307,2024-12-12 10:30:37.300,com.sec.android.app.shealth,-2,2262,1.2193725,1668.17,87.74,VfS0qUERdZ,com.sec.android.app.shealth,0c02cf17-f4e1-4b98-8ac4-bf31234fec57,1733961600000,
18117fe7-3d77-4c2e-acd2-56ecf666a69d.binning_data.json,2024-12-13 03:00:02.119,2024-12-13 03:00:02.119,com.sec.android.app.shealth,0,2262,1.2193725,1668.17,87.74,R5wtjjS0Fd,com.sec.android.app.shealth,18117fe7-3d77-4c2e-acd2-56ecf666a69d,1733961600000,
3c8b123a-912f-4305-9c8d-ad9562704ddb.binning_data.json,2024-12-13 17:35:00.834,2024-12-13 11:42:45.036,com.sec.android.app.shealth,-2,1729,1.279123,1293.1,67.78,VfS0qUERdZ,com.sec.android.app.shealth,3c8b123a-912f-4305-9c8d-ad9562704ddb,1734048000000,
c0ba679d-576d-4a3a-a52c-33939ea2442a.binning_data.json,2024-12-14 04:15:23.346,2024-12-14 04:15:23.346,com.sec.android.app.shealth,0,1729,1.279123,1293.1,67.78,R5wtjjS0Fd,com.sec.android.app.shealth,c0ba679d-576d-4a3a-a52c-33939ea2442a,1734048000000,
9fd9aca4-8455-4bfc-9405-3e8a674647ef.binning_data.json,2024-12-15 00:15:05.189,2024-12-14 12:13:19.126,com.sec.android.app.shealth,-2,4472,1.2924578,3355.14,165.37,VfS0qUERdZ,com.sec.android.app.shealth,9fd9aca4-8455-4bfc-9405-3e8a674647ef,1734134400000,
740c414c-5ab2-46d4-b712-a33e7d19e85a.binning_data.json,2024-12-15 03:22:28.352,2024-12-15 03:22:28.352,com.sec.android.app.shealth,0,4472,1.2924578,3355.14,165.37,R5wtjjS0Fd,com.sec.android.app.shealth,740c414c-5ab2-46d4-b712-a33e7d19e85a,1734134400000,
ece3816f-6ba1-4b28-a63e-a0db6a5182ad.binning_data.json,2024-12-16 01:15:05.544,2024-12-15 10:38:35.868,com.sec.android.app.shealth,-2,1337,1.2564601,996.1,52.079998,VfS0qUERdZ,com.sec.android.app.shealth,ece3816f-6ba1-4b28-a63e-a0db6a5182ad,1734220800000,
aeea02d4-ef8e-4c82-9572-a7e2cf164014.binning_data.json,2024-12-16 04:50:42.958,2024-12-16 04:50:42.958,com.sec.android.app.shealth,0,1337,1.2564601,996.1,52.079998,R5wtjjS0Fd,com.sec.android.app.shealth,aeea02d4-ef8e-4c82-9572-a7e2cf164014,1734220800000,
f39dbd3d-496f-4eac-aee5-badd13a0454e.binning_data.json,2024-12-16 17:54:34.030,2024-12-16 12:02:53.937,com.sec.android.app.shealth,-2,1732,1.2625387,1285.33,67.85,VfS0qUERdZ,com.sec.android.app.shealth,f39dbd3d-496f-4eac-aee5-badd13a0454e,1734307200000,
8ca721f1-4908-407a-9c69-9956efd1b977.binning_data.json,2024-12-17 03:06:19.478,2024-12-17 03:06:19.478,com.sec.android.app.shealth,0,1732,1.2625387,1285.33,67.85,R5wtjjS0Fd,com.sec.android.app.shealth,8ca721f1-4908-407a-9c69-9956efd1b977,1734307200000,
ee7d5e8a-0a10-43a0-90d0-267a19d10544.binning_data.json,2024-12-17 23:15:03.307,2024-12-17 11:31:34.373,com.sec.android.app.shealth,-2,2303,1.1983118,1689.66,91.13,VfS0qUERdZ,com.sec.android.app.shealth,ee7d5e8a-0a10-43a0-90d0-267a19d10544,1734393600000,
d41a0b56-2cec-4a4c-a377-86428352b4f8.binning_data.json,2024-12-18 03:31:26.639,2024-12-18 03:31:26.639,com.sec.android.app.shealth,0,2303,1.1983118,1689.66,91.13,R5wtjjS0Fd,com.sec.android.app.shealth,d41a0b56-2cec-4a4c-a377-86428352b4f8,1734393600000,
ad83dcf6-a0b6-46fb-addb-fe42cb370f1c.binning_data.json,2024-12-18 15:46:03.448,2024-12-18 11:55:46.637,com.sec.android.app.shealth,-2,7399,1.3184971,5583.42,292.24,VfS0qUERdZ,com.sec.android.app.shealth,ad83dcf6-a0b6-46fb-addb-fe42cb370f1c,1734480000000,
13088c70-4e2c-4dae-8917-eef46fa6c4b9.binning_data.json,2024-12-19 03:00:04.786,2024-12-19 03:00:04.786,com.sec.android.app.shealth,0,7399,1.3184971,5583.42,292.24,R5wtjjS0Fd,com.sec.android.app.shealth,13088c70-4e2c-4dae-8917-eef46fa6c4b9,1734480000000,
c013f85f-3ac5-498c-87d3-73b820320366.binning_data.json,2024-12-20 01:15:01.546,2024-12-19 13:15:03.772,com.sec.android.app.shealth,-2,1763,1.2790337,1314.11,68.479996,VfS0qUERdZ,com.sec.android.app.shealth,c013f85f-3ac5-498c-87d3-73b820320366,1734566400000,
51f24184-ad14-4cc9-9cee-3c6b85bc6fc4.binning_data.json,2024-12-20 03:10:54.799,2024-12-20 03:10:54.799,com.sec.android.app.shealth,0,1763,1.2790337,1314.11,68.479996,R5wtjjS0Fd,com.sec.android.app.shealth,51f24184-ad14-4cc9-9cee-3c6b85bc6fc4,1734566400000,
878b559f-fbcf-4cd7-9c46-a48b35533e7e.binning_data.json,2024-12-21 00:59:02.253,2024-12-20 14:58:59.912,com.sec.android.app.shealth,-2,2774,1.2819117,2074.3398,109.58,VfS0qUERdZ,com.sec.android.app.shealth,878b559f-fbcf-4cd7-9c46-a48b35533e7e,1734652800000,
b7a313ca-8dd5-41f1-84fb-d100b991f7e9.binning_data.json,2024-12-21 03:03:16.395,2024-12-21 03:03:16.395,com.sec.android.app.shealth,0,2774,1.2819117,2074.3398,109.58,R5wtjjS0Fd,com.sec.android.app.shealth,b7a313ca-8dd5-41f1-84fb-d100b991f7e9,1734652800000,
018adfef-c31e-41b7-8e9f-8e6c093afabb.binning_data.json,2024-12-22 01:35:00.838,2024-12-21 15:07:40.246,com.sec.android.app.shealth,-2,171,1.1113194,117.59,7.21,VfS0qUERdZ,com.sec.android.app.shealth,018adfef-c31e-41b7-8e9f-8e6c093afabb,1734739200000,
f95aaa6d-1aa5-4f68-b97a-ec50ab520dce.binning_data.json,2024-12-22 03:00:03.518,2024-12-22 03:00:03.518,com.sec.android.app.shealth,0,171,1.1113194,117.59,7.21,R5wtjjS0Fd,com.sec.android.app.shealth,f95aaa6d-1aa5-4f68-b97a-ec50ab520dce,1734739200000,
12306712-343f-4671-9f0f-7d582c13e071.binning_data.json,2024-12-23 00:55:02.695,2024-12-22 09:36:38.638,com.sec.android.app.shealth,-2,1098,1.3819715,782.96,43.01,VfS0qUERdZ,com.sec.android.app.shealth,12306712-343f-4671-9f0f-7d582c13e071,1734825600000,
ce4641a9-ca44-44ba-bcba-4146a8d2c504.binning_data.json,2024-12-23 03:47:06.949,2024-12-23 03:47:06.949,com.sec.android.app.shealth,0,1098,1.3819715,782.96,43.01,R5wtjjS0Fd,com.sec.android.app.shealth,ce4641a9-ca44-44ba-bcba-4146a8d2c504,1734825600000,
cdd865f9-16a8-419f-98b0-1e8a6abf5184.binning_data.json,2024-12-24 02:16:54.117,2024-12-23 13:35:02.749,com.sec.android.app.shealth,-2,1093,1.3205686,817.87,42.239994,VfS0qUERdZ,com.sec.android.app.shealth,cdd865f9-16a8-419f-98b0-1e8a6abf5184,1734912000000,
f45ef4fe-3356-4987-a2a1-93f5adc4842d.binning_data.json,2024-12-24 03:00:04.572,2024-12-24 03:00:04.572,com.sec.android.app.shealth,0,1093,1.3205686,817.87,42.239994,R5wtjjS0Fd,com.sec.android.app.shealth,f45ef4fe-3356-4987-a2a1-93f5adc4842d,1734912000000,
a6a91289-6dc0-4690-a06d-a521f077c40b.binning_data.json,2024-12-24 21:10:37.109,2024-12-24 12:35:38.329,com.sec.android.app.shealth,-2,127,1.2139038,89.98001,4.7200003,VfS0qUERdZ,com.sec.android.app.shealth,a6a91289-6dc0-4690-a06d-a521f077c40b,1734998400000,
c6b3d953-575a-451d-9e6e-49a7a60cff18.binning_data.json,2024-12-25 03:00:04.203,2024-12-25 03:00:04.203,com.sec.android.app.shealth,0,127,1.2139038,89.98001,4.7200003,R5wtjjS0Fd,com.sec.android.app.shealth,c6b3d953-575a-451d-9e6e-49a7a60cff18,1734998400000,
e34cbcd3-a055-499f-a453-f6d66d5cb52a.binning_data.json,2024-12-25 23:35:01.186,2024-12-25 12:55:11.228,com.sec.android.app.shealth,-2,44,1.2642462,32.88,1.57,VfS0qUERdZ,com.sec.android.app.shealth,e34cbcd3-a055-499f-a453-f6d66d5cb52a,1735084800000,
8937f81f-dd12-4a85-a623-5fa1da559a96.binning_data.json,2024-12-26 03:16:17.537,2024-12-26 03:16:17.537,com.sec.android.app.shealth,0,44,1.2642462,32.88,1.57,R5wtjjS0Fd,com.sec.android.app.shealth,8937f81f-dd12-4a85-a623-5fa1da559a96,1735084800000,
35b78839-8b70-40ac-a550-41593ff98df4.binning_data.json,2024-12-26 13:55:03.226,2024-12-26 13:39:52.563,com.sec.android.app.shealth,-2,33,0.93859375,21.89,1.3,VfS0qUERdZ,com.sec.android.app.shealth,35b78839-8b70-40ac-a550-41593ff98df4,1735171200000,
fdc70e84-b14a-447c-a34b-7653eef90da5.binning_data.json,2024-12-27 03:00:07.501,2024-12-27 03:00:07.501,com.sec.android.app.shealth,0,33,0.93859375,21.89,1.3,R5wtjjS0Fd,com.sec.android.app.shealth,fdc70e84-b14a-447c-a34b-7653eef90da5,1735171200000,
5327dac5-4dba-4ffe-b935-8e6a1165c5db.binning_data.json,2024-12-28 00:05:51.998,2024-12-27 13:14:55.636,com.sec.android.app.shealth,-2,1559,1.2074503,1152.95,58.15,VfS0qUERdZ,com.sec.android.app.shealth,5327dac5-4dba-4ffe-b935-8e6a1165c5db,1735257600000,
b5129752-7181-41de-a110-e43c13ac7981.binning_data.json,2024-12-28 03:51:05.313,2024-12-28 03:51:05.313,com.sec.android.app.shealth,0,1559,1.2074503,1152.95,58.15,R5wtjjS0Fd,com.sec.android.app.shealth,b5129752-7181-41de-a110-e43c13ac7981,1735257600000,
5ed4b057-89d6-4f7d-86c4-ed2d33061044.binning_data.json,2024-12-28 14:55:01.086,2024-12-28 10:55:00.640,com.sec.android.app.shealth,-2,2426,1.2772086,1804.18,92.31,VfS0qUERdZ,com.sec.android.app.shealth,5ed4b057-89d6-4f7d-86c4-ed2d33061044,1735344000000,
6e1ffa34-5f03-4d8f-91df-49b29f96b8e4.binning_data.json,2024-12-29 03:24:25.398,2024-12-29 03:24:25.398,com.sec.android.app.shealth,0,2426,1.2772086,1804.18,92.31,R5wtjjS0Fd,com.sec.android.app.shealth,6e1ffa34-5f03-4d8f-91df-49b29f96b8e4,1735344000000,
e1b0660a-8777-4b96-939e-a98673b16471.binning_data.json,2024-12-29 23:49:54.675,2024-12-29 12:54:18.076,com.sec.android.app.shealth,-2,59,1.1763273,43.35,2.15,VfS0qUERdZ,com.sec.android.app.shealth,e1b0660a-8777-4b96-939e-a98673b16471,1735430400000,
90923dcc-cbde-47a7-908a-bf03269c2934.binning_data.json,2024-12-30 04:40:11.378,2024-12-30 04:40:11.378,com.sec.android.app.shealth,0,59,1.1763273,43.35,2.15,R5wtjjS0Fd,com.sec.android.app.shealth,90923dcc-cbde-47a7-908a-bf03269c2934,1735430400000,
b79c28cd-4f8d-4272-8be8-3501a1ea0270.binning_data.json,2024-12-30 23:20:06.941,2024-12-30 08:32:11.782,com.sec.android.app.shealth,-2,228,1.2602934,170.7,8.45,VfS0qUERdZ,com.sec.android.app.shealth,b79c28cd-4f8d-4272-8be8-3501a1ea0270,1735516800000,
39f4b8cb-c24c-42bf-a959-716542138b23.binning_data.json,2024-12-31 03:00:02.737,2024-12-31 03:00:02.737,com.sec.android.app.shealth,0,228,1.2602934,170.7,8.45,R5wtjjS0Fd,com.sec.android.app.shealth,39f4b8cb-c24c-42bf-a959-716542138b23,1735516800000,
243b7c02-b7ab-42c5-907b-4c0c2d14e0ac.binning_data.json,2024-12-31 19:33:33.170,2024-12-31 12:32:49.620,com.sec.android.app.shealth,-2,6518,1.3188105,4904.77,256.91,VfS0qUERdZ,com.sec.android.app.shealth,243b7c02-b7ab-42c5-907b-4c0c2d14e0ac,1735603200000,
70030309-44aa-4068-ad74-8313f66531cf.binning_data.json,2025-01-01 03:55:25.792,2025-01-01 03:55:25.792,com.sec.android.app.shealth,0,6518,1.3188105,4904.77,256.91,R5wtjjS0Fd,com.sec.android.app.shealth,70030309-44aa-4068-ad74-8313f66531cf,1735603200000,
011ca5e5-8859-4551-9120-7b7f679381fd.binning_data.json,2025-01-02 21:52:05.979,2025-01-02 12:55:01.829,com.sec.android.app.shealth,-2,2198,1.1885953,1619.0399,87.16,VfS0qUERdZ,com.sec.android.app.shealth,011ca5e5-8859-4551-9120-7b7f679381fd,1735776000000,
616f1349-645f-40c5-a7bd-086e5b762451.binning_data.json,2025-01-03 04:09:58.125,2025-01-03 04:09:58.125,com.sec.android.app.shealth,0,2198,1.1885953,1619.0399,87.16,R5wtjjS0Fd,com.sec.android.app.shealth,616f1349-645f-40c5-a7bd-086e5b762451,1735776000000,
87cf1d9a-1e32-484e-a95e-99567cb24e61.binning_data.json,2025-01-04 02:17:03.463,2025-01-03 13:13:23.523,com.sec.android.app.shealth,-2,2592,1.2223737,1923.14,99.86,VfS0qUERdZ,com.sec.android.app.shealth,87cf1d9a-1e32-484e-a95e-99567cb24e61,1735862400000,
0fea6a74-da4f-4f56-9b29-862e92c1ec86.binning_data.json,2025-01-04 03:00:18.437,2025-01-04 03:00:18.437,com.sec.android.app.shealth,0,2592,1.2223737,1923.14,99.86,R5wtjjS0Fd,com.sec.android.app.shealth,0fea6a74-da4f-4f56-9b29-862e92c1ec86,1735862400000,
a9613aec-ce61-4377-b950-729886e559f4.binning_data.json,2025-01-04 18:51:13.947,2025-01-04 10:59:46.201,com.sec.android.app.shealth,-2,243,1.0813788,175.65001,9.099999,VfS0qUERdZ,com.sec.android.app.shealth,a9613aec-ce61-4377-b950-729886e559f4,1735948800000,
a6655654-346c-4a9e-8016-ea6e45f7aafe.binning_data.json,2025-01-05 03:00:03.399,2025-01-05 03:00:03.399,com.sec.android.app.shealth,0,243,1.0813788,175.65001,9.099999,R5wtjjS0Fd,com.sec.android.app.shealth,a6655654-346c-4a9e-8016-ea6e45f7aafe,1735948800000,
f467d658-b6e8-41d7-a08e-6922fc240399.binning_data.json,2025-01-06 02:00:41.629,2025-01-05 10:55:01.271,com.sec.android.app.shealth,-2,3988,1.2477762,2855.2,164.79,VfS0qUERdZ,com.sec.android.app.shealth,f467d658-b6e8-41d7-a08e-6922fc240399,1736035200000,
30baa612-a801-46ee-a399-b7fef0a4ad2c.binning_data.json,2025-01-06 03:00:03.018,2025-01-06 03:00:03.018,com.sec.android.app.shealth,0,3988,1.2477762,2855.2,164.79,R5wtjjS0Fd,com.sec.android.app.shealth,30baa612-a801-46ee-a399-b7fef0a4ad2c,1736035200000,
0f210efa-aba9-4027-b14e-4abfd44f7ba1.binning_data.json,2025-01-07 02:11:11.892,2025-01-06 11:55:02.512,com.sec.android.app.shealth,-2,8075,1.2876978,6048.9,319.57,VfS0qUERdZ,com.sec.android.app.shealth,0f210efa-aba9-4027-b14e-4abfd44f7ba1,1736121600000,
3b034874-a766-43b1-b748-802fc7251b49.binning_data.json,2025-01-07 03:00:02.850,2025-01-07 03:00:02.850,com.sec.android.app.shealth,0,8075,1.2876978,6048.9,319.57,R5wtjjS0Fd,com.sec.android.app.shealth,3b034874-a766-43b1-b748-802fc7251b49,1736121600000,
6a67742f-3bf9-44fc-aac5-4cd63600aab7.binning_data.json,2025-01-07 22:48:12.429,2025-01-07 12:32:35.787,com.sec.android.app.shealth,-2,1644,1.2067124,1210.22,64.42,VfS0qUERdZ,com.sec.android.app.shealth,6a67742f-3bf9-44fc-aac5-4cd63600aab7,1736208000000,
0780a239-d095-4df3-923b-629b5c398902.binning_data.json,2025-01-08 06:56:59.610,2025-01-08 06:56:59.610,com.sec.android.app.shealth,0,1644,1.2067124,1210.22,64.42,R5wtjjS0Fd,com.sec.android.app.shealth,0780a239-d095-4df3-923b-629b5c398902,1736208000000,
a5c16110-c9eb-4bf0-b3d8-84f43c80f292.binning_data.json,2025-01-08 23:19:24.465,2025-01-08 12:36:58.220,com.sec.android.app.shealth,-2,925,1.1652832,678.2,35.66,VfS0qUERdZ,com.sec.android.app.shealth,a5c16110-c9eb-4bf0-b3d8-84f43c80f292,1736294400000,
a3d48545-24f4-4563-b69f-b0a5c4e22f78.binning_data.json,2025-01-09 03:00:03.243,2025-01-09 03:00:03.243,com.sec.android.app.shealth,0,925,1.1652832,678.2,35.66,R5wtjjS0Fd,com.sec.android.app.shealth,a3d48545-24f4-4563-b69f-b0a5c4e22f78,1736294400000,
b37f9732-2e34-4cdc-98f5-9fde3bb6754b.binning_data.json,2025-01-10 02:27:19.413,2025-01-09 11:15:08.660,com.sec.android.app.shealth,-2,6863,1.3339685,5156.14,270.61002,VfS0qUERdZ,com.sec.android.app.shealth,b37f9732-2e34-4cdc-98f5-9fde3bb6754b,1736380800000,
4d33ee00-7d55-4bda-a902-dafbd2b5f8ba.binning_data.json,2025-01-10 03:00:02.016,2025-01-10 03:00:02.016,com.sec.android.app.shealth,0,6863,1.3339685,5156.14,270.61002,R5wtjjS0Fd,com.sec.android.app.shealth,4d33ee00-7d55-4bda-a902-dafbd2b5f8ba,1736380800000,
dbf92570-9c4a-4215-902f-b646a0ce6f32.binning_data.json,2025-01-10 21:49:55.439,2025-01-10 09:15:03.054,com.sec.android.app.shealth,-2,1524,1.289986,1117.87,58.32,VfS0qUERdZ,com.sec.android.app.shealth,dbf92570-9c4a-4215-902f-b646a0ce6f32,1736467200000,
9929a399-3f04-4e46-8f16-9eb7dd97b06b.binning_data.json,2025-01-11 03:00:03.104,2025-01-11 03:00:03.104,com.sec.android.app.shealth,0,1524,1.289986,1117.87,58.32,R5wtjjS0Fd,com.sec.android.app.shealth,9929a399-3f04-4e46-8f16-9eb7dd97b06b,1736467200000,
573f1165-cebd-400c-963b-f36d88d487cd.binning_data.json,2025-01-11 23:35:02.645,2025-01-11 11:13:00.234,com.sec.android.app.shealth,-2,412,1.1801568,300.65,15.86,VfS0qUERdZ,com.sec.android.app.shealth,573f1165-cebd-400c-963b-f36d88d487cd,1736553600000,
9132a878-ec6b-4d9a-a960-519cdca1594c.binning_data.json,2025-01-12 03:00:02.211,2025-01-12 03:00:02.211,com.sec.android.app.shealth,0,412,1.1801568,300.65,15.86,R5wtjjS0Fd,com.sec.android.app.shealth,9132a878-ec6b-4d9a-a960-519cdca1594c,1736553600000,
a2f73a3e-1b77-4c7c-baf5-ec663bee341f.binning_data.json,2025-01-12 19:55:05.156,2025-01-12 12:26:58.221,com.sec.android.app.shealth,-2,86,1.0270722,61.56,3.4,VfS0qUERdZ,com.sec.android.app.shealth,a2f73a3e-1b77-4c7c-baf5-ec663bee341f,1736640000000,
a7a6e935-2215-4fb8-a368-9f074d886b0d.binning_data.json,2025-01-13 03:16:01.560,2025-01-13 03:16:01.560,com.sec.android.app.shealth,0,86,1.0270722,61.56,3.4,R5wtjjS0Fd,com.sec.android.app.shealth,a7a6e935-2215-4fb8-a368-9f074d886b0d,1736640000000,
f9b33291-a718-4b31-8fde-c4110e9e2089.binning_data.json,2025-01-14 00:15:06.144,2025-01-13 11:55:03.838,com.sec.android.app.shealth,-2,3519,1.2969164,2641.83,136.09,VfS0qUERdZ,com.sec.android.app.shealth,f9b33291-a718-4b31-8fde-c4110e9e2089,1736726400000,
3453502a-538c-4bd9-8b51-a94d0c2c2c4e.binning_data.json,2025-01-14 03:28:11.340,2025-01-14 03:28:11.340,com.sec.android.app.shealth,0,3519,1.2969164,2641.83,136.09,R5wtjjS0Fd,com.sec.android.app.shealth,3453502a-538c-4bd9-8b51-a94d0c2c2c4e,1736726400000,
f84647ba-ad43-4d91-8909-a09e7f057d39.binning_data.json,2025-01-15 01:24:07.459,2025-01-14 10:19:22.447,com.sec.android.app.shealth,-2,45,0.992664,32.02,1.69,VfS0qUERdZ,com.sec.android.app.shealth,f84647ba-ad43-4d91-8909-a09e7f057d39,1736812800000,
8a84303d-953e-40dc-abcd-42bcd69b5b87.binning_data.json,2025-01-15 03:00:06.968,2025-01-15 03:00:06.968,com.sec.android.app.shealth,0,45,0.992664,32.02,1.69,R5wtjjS0Fd,com.sec.android.app.shealth,8a84303d-953e-40dc-abcd-42bcd69b5b87,1736812800000,
5024f8c1-4400-4ddc-81aa-0e7e7b0b0e0c.binning_data.json,2025-01-15 23:09:24.748,2025-01-15 10:55:01.149,com.sec.android.app.shealth,-2,3468,1.2960644,2573.26,134.35,VfS0qUERdZ,com.sec.android.app.shealth,5024f8c1-4400-4ddc-81aa-0e7e7b0b0e0c,1736899200000,
f6a370dd-a71f-4b19-bea9-1bbfc57bdbb4.binning_data.json,2025-01-16 04:26:26.273,2025-01-16 04:26:26.273,com.sec.android.app.shealth,0,3468,1.2960644,2573.26,134.35,R5wtjjS0Fd,com.sec.android.app.shealth,f6a370dd-a71f-4b19-bea9-1bbfc57bdbb4,1736899200000,
5c9df3f1-eb16-421f-8fed-026baf17f9c8.binning_data.json,2025-01-16 15:03:34.962,2025-01-16 12:17:45.949,com.sec.android.app.shealth,-2,1613,1.2515361,1201.3,63.05,VfS0qUERdZ,com.sec.android.app.shealth,5c9df3f1-eb16-421f-8fed-026baf17f9c8,1736985600000,
cf4f4fed-fe1e-403b-a4b4-a7d894ce0d4f.binning_data.json,2025-01-17 03:05:56.996,2025-01-17 03:05:56.996,com.sec.android.app.shealth,0,1613,1.2515361,1201.3,63.05,R5wtjjS0Fd,com.sec.android.app.shealth,cf4f4fed-fe1e-403b-a4b4-a7d894ce0d4f,1736985600000,
6f2d8fca-d5fb-4810-a797-4deb3bc642d3.binning_data.json,2025-01-18 01:36:26.321,2025-01-17 12:35:02.167,com.sec.android.app.shealth,-2,2513,1.2837824,1882.02,98.5,VfS0qUERdZ,com.sec.android.app.shealth,6f2d8fca-d5fb-4810-a797-4deb3bc642d3,1737072000000,
5ca07857-426e-4a6f-a264-2e80bb333eb4.binning_data.json,2025-01-18 03:44:21.761,2025-01-18 03:44:21.761,com.sec.android.app.shealth,0,2513,1.2837824,1882.02,98.5,R5wtjjS0Fd,com.sec.android.app.shealth,5ca07857-426e-4a6f-a264-2e80bb333eb4,1737072000000,
52f8f98c-0fed-480e-b00a-a53484f5b7da.binning_data.json,2025-01-18 23:55:02.110,2025-01-18 11:37:24.338,com.sec.android.app.shealth,-2,1960,1.1994265,1445.9299,76.9,VfS0qUERdZ,com.sec.android.app.shealth,52f8f98c-0fed-480e-b00a-a53484f5b7da,1737158400000,
0b636c86-ca14-4ae0-9445-faf3bf8210e8.binning_data.json,2025-01-19 03:00:04.472,2025-01-19 03:00:04.472,com.sec.android.app.shealth,0,1960,1.1994265,1445.9299,76.9,R5wtjjS0Fd,com.sec.android.app.shealth,0b636c86-ca14-4ae0-9445-faf3bf8210e8,1737158400000,
1b42d108-4f1e-487e-8882-3bbc896da845.binning_data.json,2025-01-20 01:02:05.268,2025-01-19 19:03:39.757,com.sec.android.app.shealth,-2,268,1.2380857,194.88,10.21,VfS0qUERdZ,com.sec.android.app.shealth,1b42d108-4f1e-487e-8882-3bbc896da845,1737244800000,
b9dfe95a-1608-48a9-906a-137c118d2c53.binning_data.json,2025-01-20 03:00:02.325,2025-01-20 03:00:02.325,com.sec.android.app.shealth,0,268,1.2380857,194.88,10.21,R5wtjjS0Fd,com.sec.android.app.shealth,b9dfe95a-1608-48a9-906a-137c118d2c53,1737244800000,
8e76d63e-c2e2-4659-855d-5892107fc00e.binning_data.json,2025-01-20 15:50:29.247,2025-01-20 09:35:03.400,com.sec.android.app.shealth,-2,4956,1.2955812,3704.79,198.33,VfS0qUERdZ,com.sec.android.app.shealth,8e76d63e-c2e2-4659-855d-5892107fc00e,1737331200000,
109d9069-3eba-452e-9937-4f2703fe026a.binning_data.json,2025-01-21 03:00:03.582,2025-01-21 03:00:03.582,com.sec.android.app.shealth,0,4956,1.2955812,3704.79,198.33,R5wtjjS0Fd,com.sec.android.app.shealth,109d9069-3eba-452e-9937-4f2703fe026a,1737331200000,
84589baa-4e53-468c-a7dc-fc29497dab09.binning_data.json,2025-01-21 15:32:28.076,2025-01-21 11:47:04.796,com.sec.android.app.shealth,-2,751,1.2093495,557.09,28.029999,VfS0qUERdZ,com.sec.android.app.shealth,84589baa-4e53-468c-a7dc-fc29497dab09,1737417600000,
49a8a61e-b456-4bec-a524-44f1cf2886db.binning_data.json,2025-01-22 03:00:04.672,2025-01-22 03:00:04.672,com.sec.android.app.shealth,0,751,1.2093495,557.09,28.029999,R5wtjjS0Fd,com.sec.android.app.shealth,49a8a61e-b456-4bec-a524-44f1cf2886db,1737417600000,
0a74341a-8378-4558-89f9-f3dd3c38ea52.binning_data.json,2025-01-22 20:08:46.600,2025-01-22 12:55:02.893,com.sec.android.app.shealth,-2,2782,1.2838578,2088.28,109.85,VfS0qUERdZ,com.sec.android.app.shealth,0a74341a-8378-4558-89f9-f3dd3c38ea52,1737504000000,
9cd2dde7-56d6-4e1b-8885-b6f9d1dec10d.binning_data.json,2025-01-23 03:00:05.374,2025-01-23 03:00:05.374,com.sec.android.app.shealth,0,2782,1.2838578,2088.28,109.85,R5wtjjS0Fd,com.sec.android.app.shealth,9cd2dde7-56d6-4e1b-8885-b6f9d1dec10d,1737504000000,
33ac2148-451e-48ac-9555-78ad966571ff.binning_data.json,2025-01-24 01:15:02.515,2025-01-23 13:35:06.215,com.sec.android.app.shealth,-2,4133,1.2713159,3089.66,162.71,VfS0qUERdZ,com.sec.android.app.shealth,33ac2148-451e-48ac-9555-78ad966571ff,1737590400000,
05381573-2373-4301-ae9d-2574c7caba98.binning_data.json,2025-01-24 03:57:14.237,2025-01-24 03:57:14.237,com.sec.android.app.shealth,0,4133,1.2713159,3089.66,162.71,R5wtjjS0Fd,com.sec.android.app.shealth,05381573-2373-4301-ae9d-2574c7caba98,1737590400000,
e67c55d5-9677-4d1b-970e-744d34d425d1.binning_data.json,2025-01-24 18:00:16.334,2025-01-24 11:54:46.628,com.sec.android.app.shealth,-2,145,1.1605467,98.11001,6.329999,VfS0qUERdZ,com.sec.android.app.shealth,e67c55d5-9677-4d1b-970e-744d34d425d1,1737676800000,
7cf2ecf0-2e12-48d4-be5c-db2468db8a52.binning_data.json,2025-01-25 03:08:52.666,2025-01-25 03:08:52.666,com.sec.android.app.shealth,0,145,1.1605467,98.11001,6.329999,R5wtjjS0Fd,com.sec.android.app.shealth,7cf2ecf0-2e12-48d4-be5c-db2468db8a52,1737676800000,
eb54b085-391d-483c-a511-fd7172ba5104.binning_data.json,2025-01-25 15:52:14.497,2025-01-25 15:51:09.264,com.sec.android.app.shealth,-2,18,1.0803565,12.889999,0.64000005,VfS0qUERdZ,com.sec.android.app.shealth,eb54b085-391d-483c-a511-fd7172ba5104,1737763200000,
6e2a8d4b-0c66-4eaf-a911-a827e2b5a85f.binning_data.json,2025-01-26 03:12:35.903,2025-01-26 03:12:35.903,com.sec.android.app.shealth,0,18,1.0803565,12.889999,0.64000005,R5wtjjS0Fd,com.sec.android.app.shealth,6e2a8d4b-0c66-4eaf-a911-a827e2b5a85f,1737763200000,
af29f01a-a765-426f-b9c7-8f900542da3c.binning_data.json,2025-01-26 18:46:58.523,2025-01-26 10:33:45.854,com.sec.android.app.shealth,-2,3134,1.2693387,2284.71,127.11,VfS0qUERdZ,com.sec.android.app.shealth,af29f01a-a765-426f-b9c7-8f900542da3c,1737849600000,
51c0c5c6-57fa-462c-8c1b-0f8cef376ade.binning_data.json,2025-01-27 03:42:24.746,2025-01-27 03:42:24.746,com.sec.android.app.shealth,0,3134,1.2693387,2284.71,127.11,R5wtjjS0Fd,com.sec.android.app.shealth,51c0c5c6-57fa-462c-8c1b-0f8cef376ade,1737849600000,
0073e7b2-d70a-44f1-8b10-3a7b03224fa2.binning_data.json,2025-01-28 00:37:33.705,2025-01-27 10:04:15.828,com.sec.android.app.shealth,-2,1556,1.2796313,1167.03,61.29,VfS0qUERdZ,com.sec.android.app.shealth,0073e7b2-d70a-44f1-8b10-3a7b03224fa2,1737936000000,
82918be5-3513-4696-b969-cd19f4d9c8ca.binning_data.json,2025-01-28 03:18:00.917,2025-01-28 03:18:00.917,com.sec.android.app.shealth,0,1556,1.2796313,1167.03,61.29,R5wtjjS0Fd,com.sec.android.app.shealth,82918be5-3513-4696-b969-cd19f4d9c8ca,1737936000000,
e3e783be-c4c4-40c9-adb1-52633a4c68f8.binning_data.json,2025-01-28 20:15:30.369,2025-01-28 18:21:13.312,com.sec.android.app.shealth,-2,43,1.2346812,31.560001,1.55,VfS0qUERdZ,com.sec.android.app.shealth,e3e783be-c4c4-40c9-adb1-52633a4c68f8,1738022400000,
93f51e06-14da-4d12-90e7-13057800e890.binning_data.json,2025-01-29 05:08:26.184,2025-01-29 05:08:26.184,com.sec.android.app.shealth,0,43,1.2346812,31.560001,1.55,R5wtjjS0Fd,com.sec.android.app.shealth,93f51e06-14da-4d12-90e7-13057800e890,1738022400000,
138ddef6-5be5-4f01-882f-402a052be1c3.binning_data.json,2025-01-29 18:17:19.021,2025-01-29 11:15:02.868,com.sec.android.app.shealth,-2,82,1.228677,53.399998,3.5800004,VfS0qUERdZ,com.sec.android.app.shealth,138ddef6-5be5-4f01-882f-402a052be1c3,1738108800000,
625dcc1e-1007-462b-aeed-c90c68cbb14a.binning_data.json,2025-01-30 03:00:02.492,2025-01-30 03:00:02.492,com.sec.android.app.shealth,0,82,1.228677,53.399998,3.5800004,R5wtjjS0Fd,com.sec.android.app.shealth,625dcc1e-1007-462b-aeed-c90c68cbb14a,1738108800000,
c64d3b3e-4630-471f-963a-b0b1498fb49f.binning_data.json,2025-01-30 21:55:02.258,2025-01-30 11:40:20.300,com.sec.android.app.shealth,-2,4336,1.2499359,3211.18,170.7,VfS0qUERdZ,com.sec.android.app.shealth,c64d3b3e-4630-471f-963a-b0b1498fb49f,1738195200000,
e03faa52-0264-4fa6-8f24-c5f82dfeae48.binning_data.json,2025-01-31 03:26:10.316,2025-01-31 03:26:10.316,com.sec.android.app.shealth,0,4336,1.2499359,3211.18,170.7,R5wtjjS0Fd,com.sec.android.app.shealth,e03faa52-0264-4fa6-8f24-c5f82dfeae48,1738195200000,
be1e68d8-ad19-4e07-a920-664477d7d6c4.binning_data.json,2025-01-31 14:35:05.249,2025-01-31 12:55:06.477,com.sec.android.app.shealth,-2,1694,1.2532704,1266.49,66.0,VfS0qUERdZ,com.sec.android.app.shealth,be1e68d8-ad19-4e07-a920-664477d7d6c4,1738281600000,
6666d78b-a250-4277-b5d3-8c56645ba4d9.binning_data.json,2025-02-01 03:00:08.038,2025-02-01 03:00:08.038,com.sec.android.app.shealth,0,1694,1.2532704,1266.49,66.0,R5wtjjS0Fd,com.sec.android.app.shealth,6666d78b-a250-4277-b5d3-8c56645ba4d9,1738281600000,
536cca66-03f0-41f5-a0fc-4e2fa6674713.binning_data.json,2025-02-01 13:35:00.893,2025-02-01 13:15:00.814,com.sec.android.app.shealth,-2,71,0.9604997,50.7,2.68,VfS0qUERdZ,com.sec.android.app.shealth,536cca66-03f0-41f5-a0fc-4e2fa6674713,1738368000000,
dc596591-f4a9-4032-952c-430bd0d54b3b.binning_data.json,2025-02-02 03:00:04.461,2025-02-02 03:00:04.461,com.sec.android.app.shealth,0,71,0.9604997,50.7,2.68,R5wtjjS0Fd,com.sec.android.app.shealth,dc596591-f4a9-4032-952c-430bd0d54b3b,1738368000000,
7fcc7898-0ed8-47c9-9c05-8d1243567614.binning_data.json,2025-02-02 18:31:02.035,2025-02-02 12:54:39.126,com.sec.android.app.shealth,-2,1854,1.2948261,1385.57,71.88,VfS0qUERdZ,com.sec.android.app.shealth,7fcc7898-0ed8-47c9-9c05-8d1243567614,1738454400000,
5c4f1ec1-d5bb-4f99-8246-0b1e2d17f627.binning_data.json,2025-02-03 04:22:25.989,2025-02-03 04:22:25.989,com.sec.android.app.shealth,0,1854,1.2948261,1385.57,71.88,R5wtjjS0Fd,com.sec.android.app.shealth,5c4f1ec1-d5bb-4f99-8246-0b1e2d17f627,1738454400000,
7ef20bda-0d64-4441-9c09-d1e940b6f9a5.binning_data.json,2025-02-03 22:58:45.049,2025-02-03 16:11:10.432,com.sec.android.app.shealth,-2,1699,1.2734697,1268.2799,66.46,VfS0qUERdZ,com.sec.android.app.shealth,7ef20bda-0d64-4441-9c09-d1e940b6f9a5,1738540800000,
fa2dded2-3239-4311-966e-678c2b1cf84e.binning_data.json,2025-02-04 03:30:00.012,2025-02-04 03:30:00.012,com.sec.android.app.shealth,0,1699,1.2734697,1268.2799,66.46,R5wtjjS0Fd,com.sec.android.app.shealth,fa2dded2-3239-4311-966e-678c2b1cf84e,1738540800000,
546aaa1c-d84a-403d-af2e-a4be7f097e74.binning_data.json,2025-02-04 17:55:02.663,2025-02-04 11:58:58.980,com.sec.android.app.shealth,-2,4594,1.2910914,3436.17,179.48,VfS0qUERdZ,com.sec.android.app.shealth,546aaa1c-d84a-403d-af2e-a4be7f097e74,1738627200000,
8e26fd1e-ef02-4b46-a097-c715b83cfb9a.binning_data.json,2025-02-05 03:52:57.191,2025-02-05 03:52:57.191,com.sec.android.app.shealth,0,4594,1.2910914,3436.17,179.48,R5wtjjS0Fd,com.sec.android.app.shealth,8e26fd1e-ef02-4b46-a097-c715b83cfb9a,1738627200000,
555f44b9-d2c4-4230-8095-f9ae3bea5fed.binning_data.json,2025-02-05 22:55:11.544,2025-02-05 13:52:57.641,com.sec.android.app.shealth,-2,2196,1.3246394,1594.04,85.159996,VfS0qUERdZ,com.sec.android.app.shealth,555f44b9-d2c4-4230-8095-f9ae3bea5fed,1738713600000,
5b9996ae-3694-4ba0-b8fd-61a91d374694.binning_data.json,2025-02-06 03:00:10.681,2025-02-06 03:00:10.681,com.sec.android.app.shealth,0,2196,1.3246394,1594.04,85.159996,R5wtjjS0Fd,com.sec.android.app.shealth,5b9996ae-3694-4ba0-b8fd-61a91d374694,1738713600000,
741ed918-a783-44a8-a712-600e78905be3.binning_data.json,2025-02-06 17:51:22.094,2025-02-06 10:11:46.581,com.sec.android.app.shealth,-2,1548,1.2057233,1141.71,61.16,VfS0qUERdZ,com.sec.android.app.shealth,741ed918-a783-44a8-a712-600e78905be3,1738800000000,
5e9997ed-fcea-43e9-9b8e-4d0b109b079b.binning_data.json,2025-02-07 03:00:10.070,2025-02-07 03:00:10.070,com.sec.android.app.shealth,0,1548,1.2057233,1141.71,61.16,R5wtjjS0Fd,com.sec.android.app.shealth,5e9997ed-fcea-43e9-9b8e-4d0b109b079b,1738800000000,
106b8905-eb98-42a3-98b7-519554c96af0.binning_data.json,2025-02-07 19:11:35.291,2025-02-07 19:11:35.291,com.sec.android.app.shealth,-2,17,0.8888889,11.95,0.64,VfS0qUERdZ,com.sec.android.app.shealth,106b8905-eb98-42a3-98b7-519554c96af0,1738886400000,
7e9c8a34-57f6-4405-86b2-92be1c8c852f.binning_data.json,2025-02-08 03:29:56.716,2025-02-08 03:29:56.716,com.sec.android.app.shealth,0,17,0.8888889,11.95,0.64,R5wtjjS0Fd,com.sec.android.app.shealth,7e9c8a34-57f6-4405-86b2-92be1c8c852f,1738886400000,
ec275750-8b49-45cf-988e-2dbe8a7247b2.binning_data.json,2025-02-09 00:14:42.870,2025-02-08 17:34:51.907,com.sec.android.app.shealth,-2,74,1.0996995,52.21,2.82,VfS0qUERdZ,com.sec.android.app.shealth,ec275750-8b49-45cf-988e-2dbe8a7247b2,1738972800000,
b368b17c-1ec6-4005-a127-d4e2946429d4.binning_data.json,2025-02-09 03:12:03.917,2025-02-09 03:12:03.917,com.sec.android.app.shealth,0,74,1.0996995,52.21,2.82,R5wtjjS0Fd,com.sec.android.app.shealth,b368b17c-1ec6-4005-a127-d4e2946429d4,1738972800000,
ca4027db-9a4b-4c8f-8773-37c7912bad68.binning_data.json,2025-02-09 11:19:53.758,2025-02-09 11:19:53.758,com.sec.android.app.shealth,-2,21,1.0000001,12.23,0.81,VfS0qUERdZ,com.sec.android.app.shealth,ca4027db-9a4b-4c8f-8773-37c7912bad68,1739059200000,
3dbf79c6-e62d-488a-9d42-29413fe0d1ff.binning_data.json,2025-02-10 04:54:29.395,2025-02-10 04:54:29.395,com.sec.android.app.shealth,0,21,1.0000001,12.23,0.81,R5wtjjS0Fd,com.sec.android.app.shealth,3dbf79c6-e62d-488a-9d42-29413fe0d1ff,1739059200000,
30759895-eafe-4e34-a812-7d1bf2fe6698.binning_data.json,2025-02-10 22:55:02.306,2025-02-10 11:55:03.471,com.sec.android.app.shealth,-2,3676,1.2492318,2731.8801,144.69,VfS0qUERdZ,com.sec.android.app.shealth,30759895-eafe-4e34-a812-7d1bf2fe6698,1739145600000,
7c7a7e9b-6a6d-4990-83af-e6119e9fe215.binning_data.json,2025-02-11 03:51:32.159,2025-02-11 03:51:32.159,com.sec.android.app.shealth,0,3676,1.2492318,2731.8801,144.69,R5wtjjS0Fd,com.sec.android.app.shealth,7c7a7e9b-6a6d-4990-83af-e6119e9fe215,1739145600000,
9bf7c693-6552-43be-96b9-d577e1a1a955.binning_data.json,2025-02-12 01:20:45.333,2025-02-11 10:15:03.042,com.sec.android.app.shealth,-2,3963,1.2544279,2936.25,156.8,VfS0qUERdZ,com.sec.android.app.shealth,9bf7c693-6552-43be-96b9-d577e1a1a955,1739232000000,
00476bf4-babc-48a1-807a-1023c453ca30.binning_data.json,2025-02-12 03:14:48.318,2025-02-12 03:14:48.318,com.sec.android.app.shealth,0,3963,1.2544279,2936.25,156.8,R5wtjjS0Fd,com.sec.android.app.shealth,00476bf4-babc-48a1-807a-1023c453ca30,1739232000000,
ef6efe1d-ff6f-4fe1-aa53-f1528634fd98.binning_data.json,2025-02-13 01:15:02.061,2025-02-12 09:55:55.103,com.sec.android.app.shealth,-2,1490,1.2403928,1104.63,57.72,VfS0qUERdZ,com.sec.android.app.shealth,ef6efe1d-ff6f-4fe1-aa53-f1528634fd98,1739318400000,
879d0d9d-76dc-4fc5-8b9a-2f3adf9a6b77.binning_data.json,2025-02-13 03:10:21.896,2025-02-13 03:10:21.896,com.sec.android.app.shealth,0,1490,1.2403928,1104.63,57.72,R5wtjjS0Fd,com.sec.android.app.shealth,879d0d9d-76dc-4fc5-8b9a-2f3adf9a6b77,1739318400000,
f5d4b357-35ae-4270-aff0-038a416af4b5.binning_data.json,2025-02-14 03:16:08.786,2025-02-13 10:15:01.505,com.sec.android.app.shealth,-2,1583,1.277671,1184.83,62.35,VfS0qUERdZ,com.sec.android.app.shealth,f5d4b357-35ae-4270-aff0-038a416af4b5,1739404800000,
c99eef6c-b54f-451e-9d36-25c50b45fd40.binning_data.json,2025-02-14 03:16:08.275,2025-02-14 03:16:08.275,com.sec.android.app.shealth,0,1583,1.277671,1184.83,62.35,R5wtjjS0Fd,com.sec.android.app.shealth,c99eef6c-b54f-451e-9d36-25c50b45fd40,1739404800000,
0c0bf898-7c8d-42bb-bc16-e8d3362fd32c.binning_data.json,2025-02-14 23:35:02.568,2025-02-14 11:15:00.759,com.sec.android.app.shealth,-2,123,1.1348231,88.64,4.63,VfS0qUERdZ,com.sec.android.app.shealth,0c0bf898-7c8d-42bb-bc16-e8d3362fd32c,1739491200000,
ddff49a3-478b-45a5-b21b-0f4d8bf6c5a1.binning_data.json,2025-02-15 03:31:58.378,2025-02-15 03:31:58.378,com.sec.android.app.shealth,0,123,1.1348231,88.64,4.63,R5wtjjS0Fd,com.sec.android.app.shealth,ddff49a3-478b-45a5-b21b-0f4d8bf6c5a1,1739491200000,
88c017e3-7ff6-497d-9aba-e1689fefbbce.binning_data.json,2025-02-15 13:16:40.291,2025-02-15 11:00:14.356,com.sec.android.app.shealth,-2,2541,1.3570921,1921.3201,100.12,VfS0qUERdZ,com.sec.android.app.shealth,88c017e3-7ff6-497d-9aba-e1689fefbbce,1739577600000,
987136a9-4be1-4e56-816c-06f9e1c1da17.binning_data.json,2025-02-16 03:35:56.018,2025-02-16 03:35:56.018,com.sec.android.app.shealth,0,2541,1.3570921,1921.3201,100.12,R5wtjjS0Fd,com.sec.android.app.shealth,987136a9-4be1-4e56-816c-06f9e1c1da17,1739577600000,
aa9446d9-a1dd-4732-95ba-f0fa9bdb5ec1.binning_data.json,2025-02-17 03:40:56.643,2025-02-17 01:31:41.703,com.sec.android.app.shealth,-2,26,0.91930383,18.339998,0.9400001,VfS0qUERdZ,com.sec.android.app.shealth,aa9446d9-a1dd-4732-95ba-f0fa9bdb5ec1,1739664000000,
3b69f035-13f5-45d2-9428-35f0ced08eed.binning_data.json,2025-02-17 03:40:49.305,2025-02-17 03:40:49.305,com.sec.android.app.shealth,0,26,0.91930383,18.339998,0.9400001,R5wtjjS0Fd,com.sec.android.app.shealth,3b69f035-13f5-45d2-9428-35f0ced08eed,1739664000000,
ef1c647f-d7d4-4086-bb72-c1a9c6570cef.binning_data.json,2025-02-17 15:15:04.109,2025-02-17 12:35:02.208,com.sec.android.app.shealth,-2,2651,1.2800342,1985.69,104.45,VfS0qUERdZ,com.sec.android.app.shealth,ef1c647f-d7d4-4086-bb72-c1a9c6570cef,1739750400000,
a4545fcb-a15b-40fd-9c2a-f9d579a81b42.binning_data.json,2025-02-18 03:22:42.601,2025-02-18 03:22:42.601,com.sec.android.app.shealth,0,2651,1.2800342,1985.69,104.45,R5wtjjS0Fd,com.sec.android.app.shealth,a4545fcb-a15b-40fd-9c2a-f9d579a81b42,1739750400000,
a1feca92-a27c-45e4-86e0-a07ae94e1f3b.binning_data.json,2025-02-19 00:35:03.243,2025-02-18 11:15:01.968,com.sec.android.app.shealth,-2,5888,1.3710768,4485.78,235.51,VfS0qUERdZ,com.sec.android.app.shealth,a1feca92-a27c-45e4-86e0-a07ae94e1f3b,1739836800000,
31f0b6e3-7e42-4306-aec3-259d6dab2e03.binning_data.json,2025-02-19 03:13:14.197,2025-02-19 03:13:14.197,com.sec.android.app.shealth,0,5888,1.3710768,4485.78,235.51,R5wtjjS0Fd,com.sec.android.app.shealth,31f0b6e3-7e42-4306-aec3-259d6dab2e03,1739836800000,
5b0eb186-1259-4efe-9fd7-c02881066e57.binning_data.json,2025-02-19 21:02:36.104,2025-02-19 12:11:00.279,com.sec.android.app.shealth,-2,4583,1.2776613,3423.9,182.08,VfS0qUERdZ,com.sec.android.app.shealth,5b0eb186-1259-4efe-9fd7-c02881066e57,1739923200000,
f017c983-5e80-4795-bd7a-f246db1555e2.binning_data.json,2025-02-20 04:55:47.382,2025-02-20 04:55:47.382,com.sec.android.app.shealth,0,4583,1.2776613,3423.9,182.08,R5wtjjS0Fd,com.sec.android.app.shealth,f017c983-5e80-4795-bd7a-f246db1555e2,1739923200000,
e727ba50-ca1c-475c-9c0f-06dc00136fcc.binning_data.json,2025-02-20 23:15:02.019,2025-02-20 12:02:24.387,com.sec.android.app.shealth,-2,1551,1.2200905,1149.86,61.35,VfS0qUERdZ,com.sec.android.app.shealth,e727ba50-ca1c-475c-9c0f-06dc00136fcc,1740009600000,
f20ab56c-d712-4321-a27e-200d7a6b5971.binning_data.json,2025-02-21 04:28:11.163,2025-02-21 04:28:11.163,com.sec.android.app.shealth,0,1551,1.2200905,1149.86,61.35,R5wtjjS0Fd,com.sec.android.app.shealth,f20ab56c-d712-4321-a27e-200d7a6b5971,1740009600000,
a75f24e8-77bb-4245-a6a1-8fb8f6366f9c.binning_data.json,2025-02-22 03:00:17.245,2025-02-21 12:55:04.043,com.sec.android.app.shealth,-2,4892,1.2755798,3653.03,194.06999,VfS0qUERdZ,com.sec.android.app.shealth,a75f24e8-77bb-4245-a6a1-8fb8f6366f9c,1740096000000,
a674579d-ac13-4f0d-add8-d6f85ea331ec.binning_data.json,2025-02-22 03:00:05.601,2025-02-22 03:00:05.601,com.sec.android.app.shealth,0,4892,1.2755798,3653.03,194.06999,R5wtjjS0Fd,com.sec.android.app.shealth,a674579d-ac13-4f0d-add8-d6f85ea331ec,1740096000000,
f77df26e-4974-44c7-9922-118d0c97e66d.binning_data.json,2025-02-22 15:21:21.275,2025-02-22 12:54:33.897,com.sec.android.app.shealth,-2,6144,1.2241651,4552.95,244.13998,VfS0qUERdZ,com.sec.android.app.shealth,f77df26e-4974-44c7-9922-118d0c97e66d,1740182400000,
dca61c56-4a18-4a45-86d8-b112cd74354f.binning_data.json,2025-02-23 05:54:36.732,2025-02-23 05:54:36.732,com.sec.android.app.shealth,0,6144,1.2241651,4552.95,244.13998,R5wtjjS0Fd,com.sec.android.app.shealth,dca61c56-4a18-4a45-86d8-b112cd74354f,1740182400000,
9b047e98-5679-427f-b293-76218aa67847.binning_data.json,2025-02-23 23:50:11.367,2025-02-23 10:55:02.353,com.sec.android.app.shealth,-2,945,1.330856,667.94,41.56,VfS0qUERdZ,com.sec.android.app.shealth,9b047e98-5679-427f-b293-76218aa67847,1740268800000,
f47cc3e3-c6ce-4a1b-a42a-55677bd10e7f.binning_data.json,2025-02-24 03:24:10.862,2025-02-24 03:24:10.862,com.sec.android.app.shealth,0,945,1.330856,667.94,41.56,R5wtjjS0Fd,com.sec.android.app.shealth,f47cc3e3-c6ce-4a1b-a42a-55677bd10e7f,1740268800000,
7f4b8deb-db0a-4be3-a72f-ecb7b0ac872a.binning_data.json,2025-02-25 00:33:13.529,2025-02-24 10:27:50.982,com.sec.android.app.shealth,-2,3862,1.291551,2900.74,152.83,VfS0qUERdZ,com.sec.android.app.shealth,7f4b8deb-db0a-4be3-a72f-ecb7b0ac872a,1740355200000,
14b34035-0b0e-4c39-9a41-d791d8bc4818.binning_data.json,2025-02-25 03:00:04.667,2025-02-25 03:00:04.667,com.sec.android.app.shealth,0,3862,1.291551,2900.74,152.83,R5wtjjS0Fd,com.sec.android.app.shealth,14b34035-0b0e-4c39-9a41-d791d8bc4818,1740355200000,
16346125-ed21-4a5e-97ed-e7801f323467.binning_data.json,2025-02-25 20:55:02.460,2025-02-25 11:22:13.579,com.sec.android.app.shealth,-2,2400,1.2283925,1768.66,93.65,VfS0qUERdZ,com.sec.android.app.shealth,16346125-ed21-4a5e-97ed-e7801f323467,1740441600000,
584a57e1-f9c0-424a-a90c-9cf065dff0b2.binning_data.json,2025-02-26 04:52:15.175,2025-02-26 04:52:15.175,com.sec.android.app.shealth,0,2400,1.2283925,1768.66,93.65,R5wtjjS0Fd,com.sec.android.app.shealth,584a57e1-f9c0-424a-a90c-9cf065dff0b2,1740441600000,
48025f1d-8b49-421f-a6b0-d60381e9712e.binning_data.json,2025-02-26 22:15:00.800,2025-02-26 12:47:34.624,com.sec.android.app.shealth,-2,1651,1.3082663,1236.18,65.26,VfS0qUERdZ,com.sec.android.app.shealth,48025f1d-8b49-421f-a6b0-d60381e9712e,1740528000000,
2bffc876-2ae7-44a0-8dcf-a4ccb70c1b14.binning_data.json,2025-02-27 04:59:30.133,2025-02-27 04:59:30.133,com.sec.android.app.shealth,0,1651,1.3082663,1236.18,65.26,R5wtjjS0Fd,com.sec.android.app.shealth,2bffc876-2ae7-44a0-8dcf-a4ccb70c1b14,1740528000000,
4df71463-afba-4374-9c5d-46f2c4ea4bf3.binning_data.json,2025-02-27 23:39:38.496,2025-02-27 11:02:53.655,com.sec.android.app.shealth,-2,1904,1.2279847,1412.41,74.24,VfS0qUERdZ,com.sec.android.app.shealth,4df71463-afba-4374-9c5d-46f2c4ea4bf3,1740614400000,
bdb32c39-b9ac-4a2f-9a75-b1312be506da.binning_data.json,2025-02-28 03:44:27.385,2025-02-28 03:44:27.385,com.sec.android.app.shealth,0,1904,1.2279847,1412.41,74.24,R5wtjjS0Fd,com.sec.android.app.shealth,bdb32c39-b9ac-4a2f-9a75-b1312be506da,1740614400000,
187b44d0-8f37-462e-b755-0eb8876cd62c.binning_data.json,2025-03-01 04:59:28.702,2025-02-28 12:23:40.581,com.sec.android.app.shealth,-2,7198,1.3494973,5463.33,285.96,VfS0qUERdZ,com.sec.android.app.shealth,187b44d0-8f37-462e-b755-0eb8876cd62c,1740700800000,
532867b7-445d-4407-a63d-e771436d4843.binning_data.json,2025-03-01 04:59:25.757,2025-03-01 04:59:25.757,com.sec.android.app.shealth,0,7198,1.3494973,5463.33,285.96,R5wtjjS0Fd,com.sec.android.app.shealth,532867b7-445d-4407-a63d-e771436d4843,1740700800000,
0d1c5d15-18ab-4a30-bef1-5bcda368041c.binning_data.json,2025-03-01 20:11:02.403,2025-03-01 11:47:38.083,com.sec.android.app.shealth,-2,152,1.097329,108.92,5.72,VfS0qUERdZ,com.sec.android.app.shealth,0d1c5d15-18ab-4a30-bef1-5bcda368041c,1740787200000,
31b76700-6b2a-494c-9741-0d713dd0d289.binning_data.json,2025-03-02 03:00:02.738,2025-03-02 03:00:02.738,com.sec.android.app.shealth,0,152,1.097329,108.92,5.72,R5wtjjS0Fd,com.sec.android.app.shealth,31b76700-6b2a-494c-9741-0d713dd0d289,1740787200000,
7db63f88-9803-466a-bd9f-627413a7af31.binning_data.json,2025-03-03 00:39:14.979,2025-03-02 12:17:23.422,com.sec.android.app.shealth,-2,144,1.107242,105.76,5.39,VfS0qUERdZ,com.sec.android.app.shealth,7db63f88-9803-466a-bd9f-627413a7af31,1740873600000,
9b0d065d-ef7d-4e06-b0f7-2e96d1094da1.binning_data.json,2025-03-03 03:07:33.938,2025-03-03 03:07:33.938,com.sec.android.app.shealth,0,144,1.107242,105.76,5.39,R5wtjjS0Fd,com.sec.android.app.shealth,9b0d065d-ef7d-4e06-b0f7-2e96d1094da1,1740873600000,
b5a3fa40-39b4-4894-a71b-eaa42c7fc601.binning_data.json,2025-03-03 21:28:46.531,2025-03-03 10:54:43.401,com.sec.android.app.shealth,-2,174,1.2193713,126.53,6.48,VfS0qUERdZ,com.sec.android.app.shealth,b5a3fa40-39b4-4894-a71b-eaa42c7fc601,1740960000000,
5813c2ab-65b2-44cf-b441-efe9736ac936.binning_data.json,2025-03-04 03:00:09.796,2025-03-04 03:00:09.796,com.sec.android.app.shealth,0,174,1.2193713,126.53,6.48,R5wtjjS0Fd,com.sec.android.app.shealth,5813c2ab-65b2-44cf-b441-efe9736ac936,1740960000000,
706f8d94-c168-4a9e-a0fe-22ad4980e327.binning_data.json,2025-03-05 02:41:45.064,2025-03-04 11:50:03.056,com.sec.android.app.shealth,-2,2532,1.2630968,1867.47,100.72,VfS0qUERdZ,com.sec.android.app.shealth,706f8d94-c168-4a9e-a0fe-22ad4980e327,1741046400000,
831c4429-af73-44bb-ba92-5cb2960632a7.binning_data.json,2025-03-05 03:00:06.765,2025-03-05 03:00:06.765,com.sec.android.app.shealth,0,2532,1.2630968,1867.47,100.72,R5wtjjS0Fd,com.sec.android.app.shealth,831c4429-af73-44bb-ba92-5cb2960632a7,1741046400000,
5941dbdc-56b2-4caf-883f-4a48aaf2f55a.binning_data.json,2025-03-06 00:55:02.590,2025-03-05 14:15:04.258,com.sec.android.app.shealth,-2,451,1.1532577,326.19,17.93,VfS0qUERdZ,com.sec.android.app.shealth,5941dbdc-56b2-4caf-883f-4a48aaf2f55a,1741132800000,
8536baea-d93e-4edd-8b5e-6969390c6769.binning_data.json,2025-03-06 03:02:45.528,2025-03-06 03:02:45.528,com.sec.android.app.shealth,0,451,1.1532577,326.19,17.93,R5wtjjS0Fd,com.sec.android.app.shealth,8536baea-d93e-4edd-8b5e-6969390c6769,1741132800000,
6470b4cd-b01f-472f-a514-dbdc66417dc3.binning_data.json,2025-03-06 23:35:01.848,2025-03-06 11:27:44.008,com.sec.android.app.shealth,-2,1663,1.2425017,1234.59,65.83,VfS0qUERdZ,com.sec.android.app.shealth,6470b4cd-b01f-472f-a514-dbdc66417dc3,1741219200000,
0edb23f5-12e9-405d-bf49-e273cdde9f8e.binning_data.json,2025-03-07 03:00:10.158,2025-03-07 03:00:10.158,com.sec.android.app.shealth,0,1663,1.2425017,1234.59,65.83,R5wtjjS0Fd,com.sec.android.app.shealth,0edb23f5-12e9-405d-bf49-e273cdde9f8e,1741219200000,
b1c3c842-5a1c-4c2d-ac5d-274491c0fc93.binning_data.json,2025-03-08 03:00:12.575,2025-03-07 13:23:44.177,com.sec.android.app.shealth,-2,1505,1.2484835,1114.41,59.73,VfS0qUERdZ,com.sec.android.app.shealth,b1c3c842-5a1c-4c2d-ac5d-274491c0fc93,1741305600000,
e800163e-78bb-4075-82ca-f030d49347f5.binning_data.json,2025-03-08 03:00:05.075,2025-03-08 03:00:05.075,com.sec.android.app.shealth,0,1505,1.2484835,1114.41,59.73,R5wtjjS0Fd,com.sec.android.app.shealth,e800163e-78bb-4075-82ca-f030d49347f5,1741305600000,
0d1665db-2314-41ac-adcf-5eb61ddb1b13.binning_data.json,2025-03-09 01:09:33.202,2025-03-08 12:27:13.446,com.sec.android.app.shealth,-2,8927,1.2772652,6680.22,354.91998,VfS0qUERdZ,com.sec.android.app.shealth,0d1665db-2314-41ac-adcf-5eb61ddb1b13,1741392000000,
f6f7856b-2313-4a61-8258-f99777fd52cc.binning_data.json,2025-03-09 03:00:03.476,2025-03-09 03:00:03.476,com.sec.android.app.shealth,0,8927,1.2772652,6680.22,354.91998,R5wtjjS0Fd,com.sec.android.app.shealth,f6f7856b-2313-4a61-8258-f99777fd52cc,1741392000000,
77aae877-d902-42ab-acbf-e60cb636fb79.binning_data.json,2025-03-09 14:15:01.205,2025-03-09 14:10:51.147,com.sec.android.app.shealth,-2,31,1.0825697,19.350002,1.1600001,VfS0qUERdZ,com.sec.android.app.shealth,77aae877-d902-42ab-acbf-e60cb636fb79,1741478400000,
5ceee332-0c82-4200-b19f-26e0c6fc6797.binning_data.json,2025-03-10 04:06:14.463,2025-03-10 04:06:14.463,com.sec.android.app.shealth,0,31,1.0825697,19.350002,1.1600001,R5wtjjS0Fd,com.sec.android.app.shealth,5ceee332-0c82-4200-b19f-26e0c6fc6797,1741478400000,
10fe695d-cb15-47a6-9ac8-8c7a878b7d48.binning_data.json,2025-03-10 17:50:31.593,2025-03-10 12:15:02.733,com.sec.android.app.shealth,-2,3111,1.2736433,2329.86,121.94,VfS0qUERdZ,com.sec.android.app.shealth,10fe695d-cb15-47a6-9ac8-8c7a878b7d48,1741564800000,
e4374b41-7128-469e-9f72-c91684db415a.binning_data.json,2025-03-11 03:00:09.450,2025-03-11 03:00:09.450,com.sec.android.app.shealth,0,3111,1.2736433,2329.86,121.94,R5wtjjS0Fd,com.sec.android.app.shealth,e4374b41-7128-469e-9f72-c91684db415a,1741564800000,
7cc79b36-ce78-4117-8092-696e19651d4e.binning_data.json,2025-03-12 03:34:44.833,2025-03-11 11:32:36.143,com.sec.android.app.shealth,-2,1672,1.257721,1244.58,65.46,VfS0qUERdZ,com.sec.android.app.shealth,7cc79b36-ce78-4117-8092-696e19651d4e,1741651200000,
05314260-e6b4-412d-9f2b-028440434791.binning_data.json,2025-03-12 03:34:42.101,2025-03-12 03:34:42.101,com.sec.android.app.shealth,0,1672,1.257721,1244.58,65.46,R5wtjjS0Fd,com.sec.android.app.shealth,05314260-e6b4-412d-9f2b-028440434791,1741651200000,
68a73191-7bdd-401b-aa6f-a0e03a501bde.binning_data.json,2025-03-12 16:51:52.471,2025-03-12 13:03:27.751,com.sec.android.app.shealth,-2,4052,1.27011,3016.09,160.47,VfS0qUERdZ,com.sec.android.app.shealth,68a73191-7bdd-401b-aa6f-a0e03a501bde,1741737600000,
94d99ad8-8977-44df-ad45-545b1c56db70.binning_data.json,2025-03-13 03:00:08.012,2025-03-13 03:00:08.012,com.sec.android.app.shealth,0,4052,1.27011,3016.09,160.47,R5wtjjS0Fd,com.sec.android.app.shealth,94d99ad8-8977-44df-ad45-545b1c56db70,1741737600000,
92d24150-22d8-4e7e-be08-4cf3c1e46a5b.binning_data.json,2025-03-13 22:35:01.408,2025-03-13 12:55:03.404,com.sec.android.app.shealth,-2,1790,1.2100054,1323.41,70.24,VfS0qUERdZ,com.sec.android.app.shealth,92d24150-22d8-4e7e-be08-4cf3c1e46a5b,1741824000000,
d3789c42-6c0c-4c36-bdb8-f3dd9baa58e9.binning_data.json,2025-03-14 03:53:59.208,2025-03-14 03:53:59.208,com.sec.android.app.shealth,0,1790,1.2100054,1323.41,70.24,R5wtjjS0Fd,com.sec.android.app.shealth,d3789c42-6c0c-4c36-bdb8-f3dd9baa58e9,1741824000000,
495d3bc7-8d82-49e5-b039-2d584ce75538.binning_data.json,2025-03-14 22:26:51.221,2025-03-14 14:26:35.633,com.sec.android.app.shealth,-2,2757,1.265298,2065.9,108.88,VfS0qUERdZ,com.sec.android.app.shealth,495d3bc7-8d82-49e5-b039-2d584ce75538,1741910400000,
e98ff48e-fdea-4c64-8b0f-5930b0add372.binning_data.json,2025-03-15 03:10:53.089,2025-03-15 03:10:53.089,com.sec.android.app.shealth,0,2757,1.265298,2065.9,108.88,R5wtjjS0Fd,com.sec.android.app.shealth,e98ff48e-fdea-4c64-8b0f-5930b0add372,1741910400000,
6d61b3e0-a124-4472-ae19-9e5773ab7f4f.binning_data.json,2025-03-15 16:55:01.116,2025-03-15 12:00:24.136,com.sec.android.app.shealth,-2,1681,1.1581734,1232.05,66.51,VfS0qUERdZ,com.sec.android.app.shealth,6d61b3e0-a124-4472-ae19-9e5773ab7f4f,1741996800000,
fede28f7-dbbe-4cef-be4c-6157b32a033a.binning_data.json,2025-03-16 03:00:11.883,2025-03-16 03:00:11.883,com.sec.android.app.shealth,0,1681,1.1581734,1232.05,66.51,R5wtjjS0Fd,com.sec.android.app.shealth,fede28f7-dbbe-4cef-be4c-6157b32a033a,1741996800000,
e8b4804b-6367-4b1d-aa04-3e6b659297fe.binning_data.json,2025-03-16 12:29:39.291,2025-03-16 11:15:03.940,com.sec.android.app.shealth,-2,1665,1.3573287,1198.83,70.95999,VfS0qUERdZ,com.sec.android.app.shealth,e8b4804b-6367-4b1d-aa04-3e6b659297fe,1742083200000,
3a41f5bb-758d-4951-8344-8ce833bb05eb.binning_data.json,2025-03-17 03:09:26.343,2025-03-17 03:09:26.343,com.sec.android.app.shealth,0,1665,1.3573287,1198.83,70.95999,R5wtjjS0Fd,com.sec.android.app.shealth,3a41f5bb-758d-4951-8344-8ce833bb05eb,1742083200000,
724e7da4-b1cd-4653-8a48-020d78a01b85.binning_data.json,2025-03-17 19:35:02.523,2025-03-17 12:15:03.297,com.sec.android.app.shealth,-2,3288,1.3122888,2461.8599,131.11,VfS0qUERdZ,com.sec.android.app.shealth,724e7da4-b1cd-4653-8a48-020d78a01b85,1742169600000,
5e4b86d1-bfc4-45ed-a59c-af1bc97c1391.binning_data.json,2025-03-18 03:00:10.524,2025-03-18 03:00:10.524,com.sec.android.app.shealth,0,3288,1.3122888,2461.8599,131.11,R5wtjjS0Fd,com.sec.android.app.shealth,5e4b86d1-bfc4-45ed-a59c-af1bc97c1391,1742169600000,
ed72cefb-3f9c-4077-a69e-861ff2f7df8d.binning_data.json,2025-03-18 16:55:01.202,2025-03-18 11:55:03.289,com.sec.android.app.shealth,-2,2978,1.2682927,2203.02,118.31,VfS0qUERdZ,com.sec.android.app.shealth,ed72cefb-3f9c-4077-a69e-861ff2f7df8d,1742256000000,
e002d5cd-8977-498a-813d-47fe5e2768bd.binning_data.json,2025-03-19 03:21:21.976,2025-03-19 03:21:21.976,com.sec.android.app.shealth,0,2978,1.2682927,2203.02,118.31,R5wtjjS0Fd,com.sec.android.app.shealth,e002d5cd-8977-498a-813d-47fe5e2768bd,1742256000000,
f4379749-293a-470a-920d-04a95951c664.binning_data.json,2025-03-20 01:55:02.844,2025-03-19 12:22:04.736,com.sec.android.app.shealth,-2,6966,1.384445,5318.94,277.12,VfS0qUERdZ,com.sec.android.app.shealth,f4379749-293a-470a-920d-04a95951c664,1742342400000,
afa49286-3aca-4e7d-b159-b3a83a79edde.binning_data.json,2025-03-20 03:00:03.731,2025-03-20 03:00:03.731,com.sec.android.app.shealth,0,6966,1.384445,5318.94,277.12,R5wtjjS0Fd,com.sec.android.app.shealth,afa49286-3aca-4e7d-b159-b3a83a79edde,1742342400000,
95c99b44-4ae4-4192-b3ed-e79dbfcc85b3.binning_data.json,2025-03-20 22:45:02.899,2025-03-20 11:35:01.316,com.sec.android.app.shealth,-2,4555,1.3465147,3419.84,181.92,VfS0qUERdZ,com.sec.android.app.shealth,95c99b44-4ae4-4192-b3ed-e79dbfcc85b3,1742428800000,
1ce24e8d-9272-4fc8-ba8e-f856563f07f9.binning_data.json,2025-03-21 03:00:03.554,2025-03-21 03:00:03.554,com.sec.android.app.shealth,0,4555,1.3465147,3419.84,181.92,R5wtjjS0Fd,com.sec.android.app.shealth,1ce24e8d-9272-4fc8-ba8e-f856563f07f9,1742428800000,
f010d667-2673-49e8-8fdd-c6430a185ada.binning_data.json,2025-03-22 02:55:01.681,2025-03-21 12:06:54.969,com.sec.android.app.shealth,-2,1967,1.2706804,1453.26,78.49,VfS0qUERdZ,com.sec.android.app.shealth,f010d667-2673-49e8-8fdd-c6430a185ada,1742515200000,
c3f8ddc9-8ec9-4e83-b28b-d3a7a5c8f919.binning_data.json,2025-03-22 04:37:18.360,2025-03-22 04:37:18.360,com.sec.android.app.shealth,0,1967,1.2706804,1453.26,78.49,R5wtjjS0Fd,com.sec.android.app.shealth,c3f8ddc9-8ec9-4e83-b28b-d3a7a5c8f919,1742515200000,
2ae0b196-4b43-46e8-8069-81db73977774.binning_data.json,2025-03-23 00:15:02.120,2025-03-22 10:51:35.209,com.sec.android.app.shealth,-2,1902,1.3306202,1442.86,74.03999,VfS0qUERdZ,com.sec.android.app.shealth,2ae0b196-4b43-46e8-8069-81db73977774,1742601600000,
63988f5a-1922-4f26-8d75-0f5a0315c3f2.binning_data.json,2025-03-23 03:19:14.863,2025-03-23 03:19:14.863,com.sec.android.app.shealth,0,1902,1.3306202,1442.86,74.03999,R5wtjjS0Fd,com.sec.android.app.shealth,63988f5a-1922-4f26-8d75-0f5a0315c3f2,1742601600000,
98f3d873-ee93-4db2-bc71-6ffd03217c59.binning_data.json,2025-03-23 14:35:04.320,2025-03-23 14:20:01.834,com.sec.android.app.shealth,-2,26,1.1703886,19.11,0.94,VfS0qUERdZ,com.sec.android.app.shealth,98f3d873-ee93-4db2-bc71-6ffd03217c59,1742688000000,
ed983237-268f-48a6-90d7-e7eb5ef7db87.binning_data.json,2025-03-24 04:32:11.888,2025-03-24 04:32:11.888,com.sec.android.app.shealth,0,26,1.1703886,19.11,0.94,R5wtjjS0Fd,com.sec.android.app.shealth,ed983237-268f-48a6-90d7-e7eb5ef7db87,1742688000000,
05b76ccd-e900-47d7-9e25-13170bf76e84.binning_data.json,2025-03-24 23:15:03.829,2025-03-24 11:24:23.141,com.sec.android.app.shealth,-2,1493,1.2579674,1110.69,59.06,VfS0qUERdZ,com.sec.android.app.shealth,05b76ccd-e900-47d7-9e25-13170bf76e84,1742774400000,
a3951f73-6fd2-4c3b-813d-c2a4bd1ab9cd.binning_data.json,2025-03-25 04:50:07.048,2025-03-25 04:50:07.048,com.sec.android.app.shealth,0,1493,1.2579674,1110.69,59.06,R5wtjjS0Fd,com.sec.android.app.shealth,a3951f73-6fd2-4c3b-813d-c2a4bd1ab9cd,1742774400000,
e696adad-3926-41d4-b12e-bbb7ce688267.binning_data.json,2025-03-26 03:00:14.008,2025-03-25 11:25:48.698,com.sec.android.app.shealth,-2,8276,1.2692087,6187.43,328.51,VfS0qUERdZ,com.sec.android.app.shealth,e696adad-3926-41d4-b12e-bbb7ce688267,1742860800000,
847fd430-a4da-4d9a-9d09-d7dbce1a41fb.binning_data.json,2025-03-26 03:00:10.346,2025-03-26 03:00:10.346,com.sec.android.app.shealth,0,8276,1.2692087,6187.43,328.51,R5wtjjS0Fd,com.sec.android.app.shealth,847fd430-a4da-4d9a-9d09-d7dbce1a41fb,1742860800000,
e47b4cb3-89ae-47bd-90e2-5a4f9bf3b706.binning_data.json,2025-03-26 21:09:19.734,2025-03-26 06:58:21.977,com.sec.android.app.shealth,-2,7694,1.3968799,5790.65,308.98,VfS0qUERdZ,com.sec.android.app.shealth,e47b4cb3-89ae-47bd-90e2-5a4f9bf3b706,1742947200000,
e3e720af-e686-49ee-99ec-46ccc6d10fe6.binning_data.json,2025-03-27 03:47:31.560,2025-03-27 03:47:31.560,com.sec.android.app.shealth,0,7694,1.3968799,5790.65,308.98,R5wtjjS0Fd,com.sec.android.app.shealth,e3e720af-e686-49ee-99ec-46ccc6d10fe6,1742947200000,
5b9576d2-2cf8-4450-817c-fdfb151cb255.binning_data.json,2025-03-27 22:35:01.944,2025-03-27 12:00:22.728,com.sec.android.app.shealth,-2,123,1.2231226,88.53,4.66,VfS0qUERdZ,com.sec.android.app.shealth,5b9576d2-2cf8-4450-817c-fdfb151cb255,1743033600000,
94788e6f-f832-4dbd-9575-44166502e373.binning_data.json,2025-03-28 03:00:07.365,2025-03-28 03:00:07.365,com.sec.android.app.shealth,0,123,1.2231226,88.53,4.66,R5wtjjS0Fd,com.sec.android.app.shealth,94788e6f-f832-4dbd-9575-44166502e373,1743033600000,
4b1422b9-61eb-4d71-a2c1-ef094adda80f.binning_data.json,2025-03-28 14:10:48.210,2025-03-28 10:55:01.782,com.sec.android.app.shealth,-2,1538,1.2583936,1145.14,60.95,VfS0qUERdZ,com.sec.android.app.shealth,4b1422b9-61eb-4d71-a2c1-ef094adda80f,1743120000000,
5b9f4b6d-ae41-496e-aca2-f9cede4ae671.binning_data.json,2025-03-29 03:21:38.844,2025-03-29 03:21:38.844,com.sec.android.app.shealth,0,1538,1.2583936,1145.14,60.95,R5wtjjS0Fd,com.sec.android.app.shealth,5b9f4b6d-ae41-496e-aca2-f9cede4ae671,1743120000000,
d7303a9e-aab5-4ec4-881b-240cce82dddc.binning_data.json,2025-03-30 00:30:40.661,2025-03-29 11:15:02.565,com.sec.android.app.shealth,-2,4553,1.2571445,3397.77,180.06999,VfS0qUERdZ,com.sec.android.app.shealth,d7303a9e-aab5-4ec4-881b-240cce82dddc,1743206400000,
6f06cf11-efeb-4fac-a016-3b001766dbec.binning_data.json,2025-03-30 03:28:22.939,2025-03-30 03:28:22.939,com.sec.android.app.shealth,0,4553,1.2571445,3397.77,180.06999,R5wtjjS0Fd,com.sec.android.app.shealth,6f06cf11-efeb-4fac-a016-3b001766dbec,1743206400000,
bca9e9aa-cb19-4c6d-9079-46a27746c505.binning_data.json,2025-03-30 23:15:05.310,2025-03-30 10:29:26.483,com.sec.android.app.shealth,-2,10453,1.3149629,7806.7,417.3,VfS0qUERdZ,com.sec.android.app.shealth,bca9e9aa-cb19-4c6d-9079-46a27746c505,1743292800000,
47e04d43-e09c-4717-98c4-0bcfefb80fdb.binning_data.json,2025-03-31 03:44:35.509,2025-03-31 03:44:35.509,com.sec.android.app.shealth,0,10453,1.3149629,7806.7,417.3,R5wtjjS0Fd,com.sec.android.app.shealth,47e04d43-e09c-4717-98c4-0bcfefb80fdb,1743292800000,
3996f5c2-7a41-46c4-bcc1-85ab7b6b09a5.binning_data.json,2025-03-31 20:35:01.719,2025-03-31 10:32:39.928,com.sec.android.app.shealth,-2,10001,1.3196383,7493.36,396.15,VfS0qUERdZ,com.sec.android.app.shealth,3996f5c2-7a41-46c4-bcc1-85ab7b6b09a5,1743379200000,
7552c043-0959-46f3-95d9-0837f300b24e.binning_data.json,2025-04-01 03:34:37.588,2025-04-01 03:34:37.588,com.sec.android.app.shealth,0,10001,1.3196383,7493.36,396.15,R5wtjjS0Fd,com.sec.android.app.shealth,7552c043-0959-46f3-95d9-0837f300b24e,1743379200000,
472cfe70-4889-4bdd-9828-afa60515c00f.binning_data.json,2025-04-01 23:20:51.872,2025-04-01 10:15:05.771,com.sec.android.app.shealth,-2,9415,1.3192574,7031.68,374.92,VfS0qUERdZ,com.sec.android.app.shealth,472cfe70-4889-4bdd-9828-afa60515c00f,1743465600000,
cefb246a-4a00-4668-a125-d96633a93f8b.binning_data.json,2025-04-02 03:04:28.629,2025-04-02 03:04:28.629,com.sec.android.app.shealth,0,9415,1.3192574,7031.68,374.92,R5wtjjS0Fd,com.sec.android.app.shealth,cefb246a-4a00-4668-a125-d96633a93f8b,1743465600000,
fa6570df-632b-477e-abca-a06aa1c1560b.binning_data.json,2025-04-02 14:51:18.216,2025-04-02 11:34:19.250,com.sec.android.app.shealth,-2,2250,1.330195,1696.74,88.13,VfS0qUERdZ,com.sec.android.app.shealth,fa6570df-632b-477e-abca-a06aa1c1560b,1743552000000,
36ddbf19-09d9-418e-aadf-da796f762046.binning_data.json,2025-04-03 04:22:33.609,2025-04-03 04:22:33.609,com.sec.android.app.shealth,0,2250,1.330195,1696.74,88.13,R5wtjjS0Fd,com.sec.android.app.shealth,36ddbf19-09d9-418e-aadf-da796f762046,1743552000000,
e08855ee-1a8c-475a-8974-2c4f98dafc96.binning_data.json,2025-04-03 22:55:01.860,2025-04-03 12:04:22.054,com.sec.android.app.shealth,-2,133,1.1034741,97.09,5.0,VfS0qUERdZ,com.sec.android.app.shealth,e08855ee-1a8c-475a-8974-2c4f98dafc96,1743638400000,
638042a1-5d8c-47b4-91ce-d2cb505b143f.binning_data.json,2025-04-04 03:00:12.066,2025-04-04 03:00:12.066,com.sec.android.app.shealth,0,133,1.1034741,97.09,5.0,R5wtjjS0Fd,com.sec.android.app.shealth,638042a1-5d8c-47b4-91ce-d2cb505b143f,1743638400000,
571b38cc-e3f7-4fe1-b29e-d7746bbc3d79.binning_data.json,2025-04-04 14:40:38.327,2025-04-04 08:58:50.506,com.sec.android.app.shealth,-2,1049,1.1601288,765.31,40.04,VfS0qUERdZ,com.sec.android.app.shealth,571b38cc-e3f7-4fe1-b29e-d7746bbc3d79,1743724800000,
c2a39d5d-c974-42cc-8a45-607d9bc5c5dd.binning_data.json,2025-04-05 03:49:36.679,2025-04-05 03:49:36.679,com.sec.android.app.shealth,0,1049,1.1601288,765.31,40.04,R5wtjjS0Fd,com.sec.android.app.shealth,c2a39d5d-c974-42cc-8a45-607d9bc5c5dd,1743724800000,
caf37866-eb9d-4f92-b6f6-31becbcc6ee9.binning_data.json,2025-04-06 00:15:02.821,2025-04-05 10:49:15.233,com.sec.android.app.shealth,-2,2735,1.2745981,2028.88,106.45,VfS0qUERdZ,com.sec.android.app.shealth,caf37866-eb9d-4f92-b6f6-31becbcc6ee9,1743811200000,
b80fe38a-ca6c-452c-8378-ab6cef7cc099.binning_data.json,2025-04-06 03:19:25.381,2025-04-06 03:19:25.381,com.sec.android.app.shealth,0,2735,1.2745981,2028.88,106.45,R5wtjjS0Fd,com.sec.android.app.shealth,b80fe38a-ca6c-452c-8378-ab6cef7cc099,1743811200000,
623b2f49-08c3-49e8-8a07-f7e6bcfe2fec.binning_data.json,2025-04-06 23:15:03.797,2025-04-06 10:33:43.902,com.sec.android.app.shealth,-2,104,1.1319066,76.81,3.87,VfS0qUERdZ,com.sec.android.app.shealth,623b2f49-08c3-49e8-8a07-f7e6bcfe2fec,1743897600000,
be544d12-47bf-48a1-ba7d-5e3e60f14c16.binning_data.json,2025-04-07 03:00:04.755,2025-04-07 03:00:04.755,com.sec.android.app.shealth,0,104,1.1319066,76.81,3.87,R5wtjjS0Fd,com.sec.android.app.shealth,be544d12-47bf-48a1-ba7d-5e3e60f14c16,1743897600000,
982cd233-f1ab-49ea-86e0-6d28df38d54e.binning_data.json,2025-04-07 23:35:02.867,2025-04-07 10:58:18.051,com.sec.android.app.shealth,-2,2057,1.2597803,1532.85,80.5,VfS0qUERdZ,com.sec.android.app.shealth,982cd233-f1ab-49ea-86e0-6d28df38d54e,1743984000000,
da337a16-5fb0-40ee-b870-97b4c4930689.binning_data.json,2025-04-08 04:37:33.073,2025-04-08 04:37:33.073,com.sec.android.app.shealth,0,2057,1.2597803,1532.85,80.5,R5wtjjS0Fd,com.sec.android.app.shealth,da337a16-5fb0-40ee-b870-97b4c4930689,1743984000000,
23e8486b-f707-4a1a-a1b3-0aacd7f32dee.binning_data.json,2025-04-08 18:05:33.162,2025-04-08 11:54:40.425,com.sec.android.app.shealth,-2,4528,1.3327447,3392.81,179.36,VfS0qUERdZ,com.sec.android.app.shealth,23e8486b-f707-4a1a-a1b3-0aacd7f32dee,1744070400000,
fc6a0550-0ce4-4074-94a6-0ace3f99110e.binning_data.json,2025-04-09 03:00:03.412,2025-04-09 03:00:03.412,com.sec.android.app.shealth,0,4528,1.3327447,3392.81,179.36,R5wtjjS0Fd,com.sec.android.app.shealth,fc6a0550-0ce4-4074-94a6-0ace3f99110e,1744070400000,
70c05e5e-eecd-4da6-8bdf-9357cfaa95e3.binning_data.json,2025-04-09 23:20:09.175,2025-04-09 11:26:36.090,com.sec.android.app.shealth,-2,9492,1.3858222,7113.27,381.27,VfS0qUERdZ,com.sec.android.app.shealth,70c05e5e-eecd-4da6-8bdf-9357cfaa95e3,1744156800000,
3bcdae13-4729-49fd-a4ff-cef8fb9c296c.binning_data.json,2025-04-10 03:00:02.984,2025-04-10 03:00:02.984,com.sec.android.app.shealth,0,9492,1.3858222,7113.27,381.27,R5wtjjS0Fd,com.sec.android.app.shealth,3bcdae13-4729-49fd-a4ff-cef8fb9c296c,1744156800000,
126d256b-74a2-4a54-abdd-3a4663fc4539.binning_data.json,2025-04-11 00:55:02.828,2025-04-10 11:52:04.162,com.sec.android.app.shealth,-2,4071,1.3088863,3031.04,162.32,VfS0qUERdZ,com.sec.android.app.shealth,126d256b-74a2-4a54-abdd-3a4663fc4539,1744243200000,
a29d210a-62b3-42c6-bc4b-aa49a1b54043.binning_data.json,2025-04-11 03:00:02.924,2025-04-11 03:00:02.924,com.sec.android.app.shealth,0,4071,1.3088863,3031.04,162.32,R5wtjjS0Fd,com.sec.android.app.shealth,a29d210a-62b3-42c6-bc4b-aa49a1b54043,1744243200000,
ca92bdfc-1775-4d46-8f22-d3e1f26af23d.binning_data.json,2025-04-12 03:17:48.897,2025-04-11 12:35:04.936,com.sec.android.app.shealth,-2,105,1.0623832,76.33,3.8899999,VfS0qUERdZ,com.sec.android.app.shealth,ca92bdfc-1775-4d46-8f22-d3e1f26af23d,1744329600000,
f7fc9c51-25f1-43a3-a606-64791f2c6f78.binning_data.json,2025-04-12 03:17:44.775,2025-04-12 03:17:44.775,com.sec.android.app.shealth,0,105,1.0623832,76.33,3.8899999,R5wtjjS0Fd,com.sec.android.app.shealth,f7fc9c51-25f1-43a3-a606-64791f2c6f78,1744329600000,
ddee4747-25cd-4f0d-be09-a0edd60a2d6f.binning_data.json,2025-04-12 23:33:10.981,2025-04-12 10:47:43.498,com.sec.android.app.shealth,-2,2514,1.2409154,1847.59,98.090004,VfS0qUERdZ,com.sec.android.app.shealth,ddee4747-25cd-4f0d-be09-a0edd60a2d6f,1744416000000,
86ae0c95-21c8-48c4-b5c3-ee066e6e0547.binning_data.json,2025-04-13 03:01:03.876,2025-04-13 03:01:03.876,com.sec.android.app.shealth,0,2514,1.2409154,1847.59,98.090004,R5wtjjS0Fd,com.sec.android.app.shealth,86ae0c95-21c8-48c4-b5c3-ee066e6e0547,1744416000000,
3b1a23d3-f687-4ade-9dec-51fdb11c2d56.binning_data.json,2025-04-13 23:15:04.264,2025-04-13 11:32:48.072,com.sec.android.app.shealth,-2,237,1.1370428,173.31,8.91,VfS0qUERdZ,com.sec.android.app.shealth,3b1a23d3-f687-4ade-9dec-51fdb11c2d56,1744502400000,
6c1e18f7-2323-4569-9037-b1d89bd86ec9.binning_data.json,2025-04-14 04:49:55.521,2025-04-14 04:49:55.521,com.sec.android.app.shealth,0,237,1.1370428,173.31,8.91,R5wtjjS0Fd,com.sec.android.app.shealth,6c1e18f7-2323-4569-9037-b1d89bd86ec9,1744502400000,
28656109-9ccf-4454-b819-e00d1aa46a2f.binning_data.json,2025-04-15 01:02:41.118,2025-04-14 10:35:00.900,com.sec.android.app.shealth,-2,7409,1.3800002,5590.36,297.18,VfS0qUERdZ,com.sec.android.app.shealth,28656109-9ccf-4454-b819-e00d1aa46a2f,1744588800000,
4e607a24-82bd-48e3-96e7-134870bc03bc.binning_data.json,2025-04-15 03:07:49.894,2025-04-15 03:07:49.894,com.sec.android.app.shealth,0,7409,1.3800002,5590.36,297.18,R5wtjjS0Fd,com.sec.android.app.shealth,4e607a24-82bd-48e3-96e7-134870bc03bc,1744588800000,
4919b6a9-87e4-4657-b76b-20941e6323be.binning_data.json,2025-04-16 00:15:04.763,2025-04-15 11:15:01.473,com.sec.android.app.shealth,-2,8930,1.3123589,6689.06,354.41,VfS0qUERdZ,com.sec.android.app.shealth,4919b6a9-87e4-4657-b76b-20941e6323be,1744675200000,
51025525-343f-4359-9d22-37c7e59edf63.binning_data.json,2025-04-16 03:09:39.578,2025-04-16 03:09:39.578,com.sec.android.app.shealth,0,8930,1.3123589,6689.06,354.41,R5wtjjS0Fd,com.sec.android.app.shealth,51025525-343f-4359-9d22-37c7e59edf63,1744675200000,
dbb33c9a-cebb-4a2c-9b51-fe59152a1e25.binning_data.json,2025-04-17 03:32:42.290,2025-04-16 12:35:01.866,com.sec.android.app.shealth,-2,9581,1.318714,7182.95,381.26,VfS0qUERdZ,com.sec.android.app.shealth,dbb33c9a-cebb-4a2c-9b51-fe59152a1e25,1744761600000,
e891eaf1-2df7-4c46-840b-994c442ba0eb.binning_data.json,2025-04-17 03:32:38.342,2025-04-17 03:32:38.342,com.sec.android.app.shealth,0,9581,1.318714,7182.95,381.26,R5wtjjS0Fd,com.sec.android.app.shealth,e891eaf1-2df7-4c46-840b-994c442ba0eb,1744761600000,
3a4a8ec1-b132-4ee4-adc2-1ee8cf0102eb.binning_data.json,2025-04-17 18:28:56.528,2025-04-17 13:05:00.201,com.sec.android.app.shealth,-2,1958,1.2379014,1454.26,77.46,VfS0qUERdZ,com.sec.android.app.shealth,3a4a8ec1-b132-4ee4-adc2-1ee8cf0102eb,1744848000000,
f7adef85-275d-4c81-8d7a-e9745c2e5b8c.binning_data.json,2025-04-18 03:17:02.352,2025-04-18 03:17:02.352,com.sec.android.app.shealth,0,1958,1.2379014,1454.26,77.46,R5wtjjS0Fd,com.sec.android.app.shealth,f7adef85-275d-4c81-8d7a-e9745c2e5b8c,1744848000000,
6bba5bef-6ba6-46cd-9982-b5639876b5d6.binning_data.json,2025-04-19 00:15:02.241,2025-04-18 14:35:03.508,com.sec.android.app.shealth,-2,1846,1.2121322,1370.83,71.75,VfS0qUERdZ,com.sec.android.app.shealth,6bba5bef-6ba6-46cd-9982-b5639876b5d6,1744934400000,
d69a4788-0cdf-4a24-951f-1c7bc390dabc.binning_data.json,2025-04-19 03:37:14.343,2025-04-19 03:37:14.343,com.sec.android.app.shealth,0,1846,1.2121322,1370.83,71.75,R5wtjjS0Fd,com.sec.android.app.shealth,d69a4788-0cdf-4a24-951f-1c7bc390dabc,1744934400000,
f004a836-deee-464d-ab9e-47f0ad05b1ca.binning_data.json,2025-04-19 22:35:03.130,2025-04-19 12:15:03.248,com.sec.android.app.shealth,-2,233,1.0617226,169.75,8.7699995,VfS0qUERdZ,com.sec.android.app.shealth,f004a836-deee-464d-ab9e-47f0ad05b1ca,1745020800000,
75e37956-125e-48c5-95e9-26b52030d10a.binning_data.json,2025-04-20 03:44:29.363,2025-04-20 03:44:29.363,com.sec.android.app.shealth,0,233,1.0617226,169.75,8.7699995,R5wtjjS0Fd,com.sec.android.app.shealth,75e37956-125e-48c5-95e9-26b52030d10a,1745020800000,
23c510b4-c574-499b-b75f-25d43b316e18.binning_data.json,2025-04-20 22:14:46.015,2025-04-20 10:55:03.818,com.sec.android.app.shealth,-2,2026,1.3544463,1449.03,85.93,VfS0qUERdZ,com.sec.android.app.shealth,23c510b4-c574-499b-b75f-25d43b316e18,1745107200000,
1f02c233-1d93-4c8b-b67c-00fc5b7c46a3.binning_data.json,2025-04-21 03:00:02.462,2025-04-21 03:00:02.462,com.sec.android.app.shealth,0,2026,1.3544463,1449.03,85.93,R5wtjjS0Fd,com.sec.android.app.shealth,1f02c233-1d93-4c8b-b67c-00fc5b7c46a3,1745107200000,
f8f54eb6-34f7-4ee4-9d0a-d0a4deba6ca5.binning_data.json,2025-04-21 14:29:29.868,2025-04-21 12:35:06.696,com.sec.android.app.shealth,-2,6662,1.2828647,4973.85,264.56,VfS0qUERdZ,com.sec.android.app.shealth,f8f54eb6-34f7-4ee4-9d0a-d0a4deba6ca5,1745193600000,
9173397f-0510-4563-8b1d-014a393de472.binning_data.json,2025-04-22 04:26:12.192,2025-04-22 04:26:12.192,com.sec.android.app.shealth,0,6662,1.2828647,4973.85,264.56,R5wtjjS0Fd,com.sec.android.app.shealth,9173397f-0510-4563-8b1d-014a393de472,1745193600000,
28c1904d-eb9a-49a5-99ff-aa5a99f5c76f.binning_data.json,2025-04-22 16:16:03.198,2025-04-22 11:15:01.699,com.sec.android.app.shealth,-2,5240,1.2733698,3910.1099,206.59,VfS0qUERdZ,com.sec.android.app.shealth,28c1904d-eb9a-49a5-99ff-aa5a99f5c76f,1745280000000,
bab40566-1789-4dbe-9337-00f798d3f7c2.binning_data.json,2025-04-23 04:32:57.339,2025-04-23 04:32:57.339,com.sec.android.app.shealth,0,5240,1.2733698,3910.1099,206.59,R5wtjjS0Fd,com.sec.android.app.shealth,bab40566-1789-4dbe-9337-00f798d3f7c2,1745280000000,
6c123945-cc88-4122-80c7-6efab7be7364.binning_data.json,2025-04-23 21:01:58.536,2025-04-23 13:05:36.334,com.sec.android.app.shealth,-2,1733,1.2727345,1289.12,67.92,VfS0qUERdZ,com.sec.android.app.shealth,6c123945-cc88-4122-80c7-6efab7be7364,1745366400000,
8019f7a6-8a3f-432f-904f-8ae00dede125.binning_data.json,2025-04-24 03:33:48.918,2025-04-24 03:33:48.918,com.sec.android.app.shealth,0,1733,1.2727345,1289.12,67.92,R5wtjjS0Fd,com.sec.android.app.shealth,8019f7a6-8a3f-432f-904f-8ae00dede125,1745366400000,
eeb382f2-a9de-4a61-9933-12bb855250fc.binning_data.json,2025-04-24 22:30:57.471,2025-04-24 14:38:50.316,com.sec.android.app.shealth,-2,5764,1.3509516,4360.2,230.48,VfS0qUERdZ,com.sec.android.app.shealth,eeb382f2-a9de-4a61-9933-12bb855250fc,1745452800000,
8782d677-74e7-4ce9-beba-1bd10b500064.binning_data.json,2025-04-25 03:33:50.660,2025-04-25 03:33:50.660,com.sec.android.app.shealth,0,5764,1.3509516,4360.2,230.48,R5wtjjS0Fd,com.sec.android.app.shealth,8782d677-74e7-4ce9-beba-1bd10b500064,1745452800000,
d34eb858-ef5b-4718-8912-c9e87632c1a2.binning_data.json,2025-04-25 19:32:29.226,2025-04-25 11:17:40.612,com.sec.android.app.shealth,-2,332,1.1660252,240.3,13.22,VfS0qUERdZ,com.sec.android.app.shealth,d34eb858-ef5b-4718-8912-c9e87632c1a2,1745539200000,
b660c9d3-5191-43d4-a94c-8f8973662ed1.binning_data.json,2025-04-26 04:31:49.259,2025-04-26 04:31:49.259,com.sec.android.app.shealth,0,332,1.1660252,240.3,13.22,R5wtjjS0Fd,com.sec.android.app.shealth,b660c9d3-5191-43d4-a94c-8f8973662ed1,1745539200000,
90784a7a-133c-491f-aa0b-bf65cdf1ed27.binning_data.json,2025-04-26 22:55:02.086,2025-04-26 10:35:01.643,com.sec.android.app.shealth,-2,1817,1.228958,1352.7,68.909996,VfS0qUERdZ,com.sec.android.app.shealth,90784a7a-133c-491f-aa0b-bf65cdf1ed27,1745625600000,
7f5ba1aa-6b0d-4110-82e4-8d3ed4d45bbd.binning_data.json,2025-04-27 04:22:54.008,2025-04-27 04:22:54.008,com.sec.android.app.shealth,0,1817,1.228958,1352.7,68.909996,R5wtjjS0Fd,com.sec.android.app.shealth,7f5ba1aa-6b0d-4110-82e4-8d3ed4d45bbd,1745625600000,
7e50da40-0638-41ab-b7bb-2c7cfaf40772.binning_data.json,2025-04-27 22:40:07.685,2025-04-27 13:24:55.066,com.sec.android.app.shealth,-2,196,1.0866233,137.81,7.95,VfS0qUERdZ,com.sec.android.app.shealth,7e50da40-0638-41ab-b7bb-2c7cfaf40772,1745712000000,
976b4943-b8a6-4a59-a3e7-84509aaa1d48.binning_data.json,2025-04-28 04:58:22.204,2025-04-28 04:58:22.204,com.sec.android.app.shealth,0,196,1.0866233,137.81,7.95,R5wtjjS0Fd,com.sec.android.app.shealth,976b4943-b8a6-4a59-a3e7-84509aaa1d48,1745712000000,
29bf73c0-e20f-452d-8ad6-36c12c4b1902.binning_data.json,2025-04-28 23:35:02.139,2025-04-28 14:07:56.353,com.sec.android.app.shealth,-2,93,1.040444,67.76,3.53,VfS0qUERdZ,com.sec.android.app.shealth,29bf73c0-e20f-452d-8ad6-36c12c4b1902,1745798400000,
b6de6bc7-5edc-494d-b963-97ea95c9102b.binning_data.json,2025-04-29 03:00:03.864,2025-04-29 03:00:03.864,com.sec.android.app.shealth,0,93,1.040444,67.76,3.53,R5wtjjS0Fd,com.sec.android.app.shealth,b6de6bc7-5edc-494d-b963-97ea95c9102b,1745798400000,
8f9bbbf4-dc59-47fa-b7c8-562741a086f3.binning_data.json,2025-04-29 21:55:02.610,2025-04-29 13:15:02.897,com.sec.android.app.shealth,-2,2755,1.171177,2034.85,107.31,VfS0qUERdZ,com.sec.android.app.shealth,8f9bbbf4-dc59-47fa-b7c8-562741a086f3,1745884800000,
212b9956-3624-479f-a5f3-bc5e548832ce.binning_data.json,2025-04-30 03:36:05.424,2025-04-30 03:36:05.424,com.sec.android.app.shealth,0,2755,1.171177,2034.85,107.31,R5wtjjS0Fd,com.sec.android.app.shealth,212b9956-3624-479f-a5f3-bc5e548832ce,1745884800000,
d6d70fe8-eae2-4ed0-8e33-01abff978944.binning_data.json,2025-04-30 20:54:25.551,2025-04-30 12:06:07.420,com.sec.android.app.shealth,-2,2952,1.3091698,2209.45,116.02,VfS0qUERdZ,com.sec.android.app.shealth,d6d70fe8-eae2-4ed0-8e33-01abff978944,1745971200000,
9d287b5d-e27d-449a-a0c9-5036870d8cb0.binning_data.json,2025-05-01 03:33:01.739,2025-05-01 03:33:01.739,com.sec.android.app.shealth,0,2952,1.3091698,2209.45,116.02,R5wtjjS0Fd,com.sec.android.app.shealth,9d287b5d-e27d-449a-a0c9-5036870d8cb0,1745971200000,
054a5ae3-ae85-4a40-86b1-53eed78be1ba.binning_data.json,2025-05-01 22:57:46.176,2025-05-01 12:31:01.389,com.sec.android.app.shealth,-2,2897,1.2449522,2158.75,113.21,VfS0qUERdZ,com.sec.android.app.shealth,054a5ae3-ae85-4a40-86b1-53eed78be1ba,1746057600000,
9a749144-ea2b-4c03-9a5e-320bb4a46b3e.binning_data.json,2025-05-02 04:36:14.974,2025-05-02 04:36:14.974,com.sec.android.app.shealth,0,2897,1.2449522,2158.75,113.21,R5wtjjS0Fd,com.sec.android.app.shealth,9a749144-ea2b-4c03-9a5e-320bb4a46b3e,1746057600000,
e94d0066-412b-4418-a610-1146e7ebed96.binning_data.json,2025-05-02 22:35:04.166,2025-05-02 14:36:50.605,com.sec.android.app.shealth,-2,1464,1.2327739,1079.01,56.96,VfS0qUERdZ,com.sec.android.app.shealth,e94d0066-412b-4418-a610-1146e7ebed96,1746144000000,
e73352eb-3937-46bd-b656-a81015fbdf8d.binning_data.json,2025-05-03 04:02:54.114,2025-05-03 04:02:54.114,com.sec.android.app.shealth,0,1464,1.2327739,1079.01,56.96,R5wtjjS0Fd,com.sec.android.app.shealth,e73352eb-3937-46bd-b656-a81015fbdf8d,1746144000000,
98bae0a3-cc92-4827-afcd-af05be6a48aa.binning_data.json,2025-05-04 00:15:01.138,2025-05-03 11:15:02.094,com.sec.android.app.shealth,-2,1466,1.2928972,1102.17,57.17,VfS0qUERdZ,com.sec.android.app.shealth,98bae0a3-cc92-4827-afcd-af05be6a48aa,1746230400000,
70012444-20d9-4d6d-beef-fc6095da1733.binning_data.json,2025-05-04 04:46:44.732,2025-05-04 04:46:44.732,com.sec.android.app.shealth,0,1466,1.2928972,1102.17,57.17,R5wtjjS0Fd,com.sec.android.app.shealth,70012444-20d9-4d6d-beef-fc6095da1733,1746230400000,
efa380a5-9e4b-4add-9dde-df131860788c.binning_data.json,2025-05-04 22:42:48.063,2025-05-04 13:22:57.969,com.sec.android.app.shealth,-2,3783,1.1490659,2785.83,149.22,VfS0qUERdZ,com.sec.android.app.shealth,efa380a5-9e4b-4add-9dde-df131860788c,1746316800000,
073c00d6-fc41-41f3-9a71-a7c49ad9e64d.binning_data.json,2025-05-05 04:58:05.358,2025-05-05 04:58:05.358,com.sec.android.app.shealth,0,3783,1.1490659,2785.83,149.22,R5wtjjS0Fd,com.sec.android.app.shealth,073c00d6-fc41-41f3-9a71-a7c49ad9e64d,1746316800000,
798e222b-92c4-4ea2-87da-2587f2828362.binning_data.json,2025-05-06 03:00:10.412,2025-05-05 13:06:08.023,com.sec.android.app.shealth,-2,117,0.9876295,79.649994,4.9399996,VfS0qUERdZ,com.sec.android.app.shealth,798e222b-92c4-4ea2-87da-2587f2828362,1746403200000,
f1f361a0-d693-4d08-9ef0-c7b55b6341c7.binning_data.json,2025-05-06 03:00:03.330,2025-05-06 03:00:03.330,com.sec.android.app.shealth,0,117,0.9876295,79.649994,4.9399996,R5wtjjS0Fd,com.sec.android.app.shealth,f1f361a0-d693-4d08-9ef0-c7b55b6341c7,1746403200000,
89a840d8-4f12-4c50-b3b6-3d00173d2816.binning_data.json,2025-05-06 21:55:00.877,2025-05-06 10:55:00.540,com.sec.android.app.shealth,-2,4303,1.2752142,3210.32,169.62,VfS0qUERdZ,com.sec.android.app.shealth,89a840d8-4f12-4c50-b3b6-3d00173d2816,1746489600000,
6e82befb-1c07-4215-af30-36330089afec.binning_data.json,2025-05-07 03:24:25.596,2025-05-07 03:24:25.596,com.sec.android.app.shealth,0,4303,1.2752142,3210.32,169.62,R5wtjjS0Fd,com.sec.android.app.shealth,6e82befb-1c07-4215-af30-36330089afec,1746489600000,
6268fdd2-f18e-4578-ba84-3e9e9f1b51a0.binning_data.json,2025-05-08 03:20:40.918,2025-05-07 12:21:02.485,com.sec.android.app.shealth,-2,1792,1.2388351,1330.52,70.76,VfS0qUERdZ,com.sec.android.app.shealth,6268fdd2-f18e-4578-ba84-3e9e9f1b51a0,1746576000000,
5ccd699a-1ea3-4a20-919e-93a455066241.binning_data.json,2025-05-08 03:20:36.005,2025-05-08 03:20:36.005,com.sec.android.app.shealth,0,1792,1.2388351,1330.52,70.76,R5wtjjS0Fd,com.sec.android.app.shealth,5ccd699a-1ea3-4a20-919e-93a455066241,1746576000000,
dc16acea-5e57-4dd7-8dca-e58e1da0892e.binning_data.json,2025-05-08 21:46:35.744,2025-05-08 13:30:33.370,com.sec.android.app.shealth,-2,212,1.1688391,150.11,8.44,VfS0qUERdZ,com.sec.android.app.shealth,dc16acea-5e57-4dd7-8dca-e58e1da0892e,1746662400000,
8da2e7f4-a602-4fc6-b6f4-e65bf1ba3111.binning_data.json,2025-05-09 03:00:07.286,2025-05-09 03:00:07.286,com.sec.android.app.shealth,0,212,1.1688391,150.11,8.44,R5wtjjS0Fd,com.sec.android.app.shealth,8da2e7f4-a602-4fc6-b6f4-e65bf1ba3111,1746662400000,
d1ab7aa2-76a8-4253-8715-2ecd81cfa643.binning_data.json,2025-05-10 01:44:45.553,2025-05-09 11:45:55.701,com.sec.android.app.shealth,-2,3565,1.2447762,2631.54,141.17,VfS0qUERdZ,com.sec.android.app.shealth,d1ab7aa2-76a8-4253-8715-2ecd81cfa643,1746748800000,
90ebbf57-1b3e-4f2e-a45e-2cca1f1e1792.binning_data.json,2025-05-10 03:00:04.856,2025-05-10 03:00:04.856,com.sec.android.app.shealth,0,3565,1.2447762,2631.54,141.17,R5wtjjS0Fd,com.sec.android.app.shealth,90ebbf57-1b3e-4f2e-a45e-2cca1f1e1792,1746748800000,
5264c168-3d7f-452e-b33e-8ef2952410e1.binning_data.json,2025-05-10 22:55:04.313,2025-05-10 12:11:42.194,com.sec.android.app.shealth,-2,46,1.0279667,32.930004,1.71,VfS0qUERdZ,com.sec.android.app.shealth,5264c168-3d7f-452e-b33e-8ef2952410e1,1746835200000,
dd7de047-041b-4c6a-acab-1268c202bd5c.binning_data.json,2025-05-11 04:19:38.916,2025-05-11 04:19:38.916,com.sec.android.app.shealth,0,46,1.0279667,32.930004,1.71,R5wtjjS0Fd,com.sec.android.app.shealth,dd7de047-041b-4c6a-acab-1268c202bd5c,1746835200000,
6d8130af-e200-4c57-b60b-586a16d3827a.binning_data.json,2025-05-12 00:35:02.724,2025-05-11 11:15:01.243,com.sec.android.app.shealth,-2,3994,1.3552896,3004.8699,157.51,VfS0qUERdZ,com.sec.android.app.shealth,6d8130af-e200-4c57-b60b-586a16d3827a,1746921600000,
dd6f2ac8-fba1-4122-87c9-017756d2049e.binning_data.json,2025-05-12 03:00:03.642,2025-05-12 03:00:03.642,com.sec.android.app.shealth,0,3994,1.3552896,3004.8699,157.51,R5wtjjS0Fd,com.sec.android.app.shealth,dd6f2ac8-fba1-4122-87c9-017756d2049e,1746921600000,
b4a0794a-f64e-41bd-9370-b0297e811c26.binning_data.json,2025-05-12 23:36:00.294,2025-05-12 12:51:15.152,com.sec.android.app.shealth,-2,1914,1.2624081,1416.49,74.92,VfS0qUERdZ,com.sec.android.app.shealth,b4a0794a-f64e-41bd-9370-b0297e811c26,1747008000000,
8377e33a-faab-4b83-8671-7f7ecbb050c9.binning_data.json,2025-05-13 03:27:10.595,2025-05-13 03:27:10.595,com.sec.android.app.shealth,0,1914,1.2624081,1416.49,74.92,R5wtjjS0Fd,com.sec.android.app.shealth,8377e33a-faab-4b83-8671-7f7ecbb050c9,1747008000000,
1a7fd4bd-41ed-4983-8e53-d840ff46645d.binning_data.json,2025-05-14 00:15:01.687,2025-05-13 12:55:03.638,com.sec.android.app.shealth,-2,1253,1.286999,944.67004,48.27,VfS0qUERdZ,com.sec.android.app.shealth,1a7fd4bd-41ed-4983-8e53-d840ff46645d,1747094400000,
105b5783-b479-4f1a-b846-3db9722bfbf1.binning_data.json,2025-05-14 03:46:41.663,2025-05-14 03:46:41.663,com.sec.android.app.shealth,0,1253,1.286999,944.67004,48.27,R5wtjjS0Fd,com.sec.android.app.shealth,105b5783-b479-4f1a-b846-3db9722bfbf1,1747094400000,
e062e71f-9e81-484a-b4d0-f5847f39b37f.binning_data.json,2025-05-14 16:29:28.922,2025-05-14 13:48:30.855,com.sec.android.app.shealth,-2,1533,1.3257346,1148.29,60.85,VfS0qUERdZ,com.sec.android.app.shealth,e062e71f-9e81-484a-b4d0-f5847f39b37f,1747180800000,
ddf302cd-8b91-4456-b4f2-c6a9001ecb4c.binning_data.json,2025-05-15 03:22:17.656,2025-05-15 03:22:17.656,com.sec.android.app.shealth,0,1533,1.3257346,1148.29,60.85,R5wtjjS0Fd,com.sec.android.app.shealth,ddf302cd-8b91-4456-b4f2-c6a9001ecb4c,1747180800000,
24c26e9a-39be-4b86-984a-a351fe39c3a5.binning_data.json,2025-05-15 21:36:34.061,2025-05-15 13:15:03.089,com.sec.android.app.shealth,-2,2885,1.3218896,2171.85,113.2,VfS0qUERdZ,com.sec.android.app.shealth,24c26e9a-39be-4b86-984a-a351fe39c3a5,1747267200000,
d1efd4d4-1bdd-471b-b2be-6afb9932e7a8.binning_data.json,2025-05-16 03:00:05.205,2025-05-16 03:00:05.205,com.sec.android.app.shealth,0,2885,1.3218896,2171.85,113.2,R5wtjjS0Fd,com.sec.android.app.shealth,d1efd4d4-1bdd-471b-b2be-6afb9932e7a8,1747267200000,
43cbd3bb-87af-44ac-8fe7-45ff97264f49.binning_data.json,2025-05-17 03:00:17.182,2025-05-16 13:49:45.973,com.sec.android.app.shealth,-2,2107,1.4558569,1578.85,84.61,VfS0qUERdZ,com.sec.android.app.shealth,43cbd3bb-87af-44ac-8fe7-45ff97264f49,1747353600000,
6e5ca5d9-5baa-43f8-828f-518680fff2c0.binning_data.json,2025-05-17 03:00:04.854,2025-05-17 03:00:04.854,com.sec.android.app.shealth,0,2107,1.4558569,1578.85,84.61,R5wtjjS0Fd,com.sec.android.app.shealth,6e5ca5d9-5baa-43f8-828f-518680fff2c0,1747353600000,
ab6bcfad-05e1-4d26-bdd8-201d27ad16e1.binning_data.json,2025-05-17 18:35:51.630,2025-05-17 17:20:56.921,com.sec.android.app.shealth,-2,1270,1.2353276,944.79,49.5,VfS0qUERdZ,com.sec.android.app.shealth,ab6bcfad-05e1-4d26-bdd8-201d27ad16e1,1747440000000,
b1039a55-2094-4598-bfa2-78f2d322fa66.binning_data.json,2025-05-18 06:35:49.689,2025-05-18 06:35:49.689,com.sec.android.app.shealth,0,1270,1.2353276,944.79,49.5,R5wtjjS0Fd,com.sec.android.app.shealth,b1039a55-2094-4598-bfa2-78f2d322fa66,1747440000000,
d0e969ea-0f0d-4481-848e-2bae3032cfc1.binning_data.json,2025-05-18 23:03:06.419,2025-05-18 12:35:03.778,com.sec.android.app.shealth,-2,6835,1.3269321,5081.88,274.59,VfS0qUERdZ,com.sec.android.app.shealth,d0e969ea-0f0d-4481-848e-2bae3032cfc1,1747526400000,
97175197-d81d-40ce-80ba-f0a36436ee11.binning_data.json,2025-05-19 03:00:13.581,2025-05-19 03:00:13.581,com.sec.android.app.shealth,0,6835,1.3269321,5081.88,274.59,R5wtjjS0Fd,com.sec.android.app.shealth,97175197-d81d-40ce-80ba-f0a36436ee11,1747526400000,
a007bc1a-6c1a-49fc-b41a-64b6a581db32.binning_data.json,2025-05-19 20:55:02.165,2025-05-19 11:38:14.770,com.sec.android.app.shealth,-2,3088,1.2508544,2302.46,121.72,VfS0qUERdZ,com.sec.android.app.shealth,a007bc1a-6c1a-49fc-b41a-64b6a581db32,1747612800000,
a071ca84-d3cc-407b-855b-dfda5fcebe52.binning_data.json,2025-05-20 04:57:10.181,2025-05-20 04:57:10.181,com.sec.android.app.shealth,0,3088,1.2508544,2302.46,121.72,R5wtjjS0Fd,com.sec.android.app.shealth,a071ca84-d3cc-407b-855b-dfda5fcebe52,1747612800000,
f11e5f11-e427-45d0-9f8c-1eb66eaf3a79.binning_data.json,2025-05-20 22:49:53.584,2025-05-20 11:43:28.174,com.sec.android.app.shealth,-2,3430,1.2784166,2556.06,135.56,VfS0qUERdZ,com.sec.android.app.shealth,f11e5f11-e427-45d0-9f8c-1eb66eaf3a79,1747699200000,
afca7f49-047a-4506-aae9-4164fb7ef91d.binning_data.json,2025-05-21 04:24:35.380,2025-05-21 04:24:35.380,com.sec.android.app.shealth,0,3430,1.2784166,2556.06,135.56,R5wtjjS0Fd,com.sec.android.app.shealth,afca7f49-047a-4506-aae9-4164fb7ef91d,1747699200000,
b0c1a6dd-4c1d-43af-a4b4-927a505dcc1a.binning_data.json,2025-05-22 01:37:04.167,2025-05-21 10:55:05.546,com.sec.android.app.shealth,-2,3281,1.2264512,2443.16,128.93,VfS0qUERdZ,com.sec.android.app.shealth,b0c1a6dd-4c1d-43af-a4b4-927a505dcc1a,1747785600000,
01368cbb-e04e-49c8-932c-c347ad43794e.binning_data.json,2025-05-22 03:40:03.968,2025-05-22 03:40:03.968,com.sec.android.app.shealth,0,3281,1.2264512,2443.16,128.93,R5wtjjS0Fd,com.sec.android.app.shealth,01368cbb-e04e-49c8-932c-c347ad43794e,1747785600000,
679b349f-f47b-4e53-b726-a3fe437d0003.binning_data.json,2025-05-22 21:29:09.946,2025-05-22 13:59:10.868,com.sec.android.app.shealth,-2,1923,1.2636927,1432.76,75.14,VfS0qUERdZ,com.sec.android.app.shealth,679b349f-f47b-4e53-b726-a3fe437d0003,1747872000000,
84a52073-982a-4a66-8d2f-841377641e05.binning_data.json,2025-05-23 03:30:51.149,2025-05-23 03:30:51.149,com.sec.android.app.shealth,0,1923,1.2636927,1432.76,75.14,R5wtjjS0Fd,com.sec.android.app.shealth,84a52073-982a-4a66-8d2f-841377641e05,1747872000000,
77d10530-ddea-4b25-846c-a2d884b06d47.binning_data.json,2025-05-24 03:51:10.306,2025-05-23 15:35:28.054,com.sec.android.app.shealth,-2,1533,1.2229966,1139.03,60.37,VfS0qUERdZ,com.sec.android.app.shealth,77d10530-ddea-4b25-846c-a2d884b06d47,1747958400000,
a535199c-d66c-4da6-8fd3-cddbd532afce.binning_data.json,2025-05-24 03:50:58.837,2025-05-24 03:50:58.837,com.sec.android.app.shealth,0,1533,1.2229966,1139.03,60.37,R5wtjjS0Fd,com.sec.android.app.shealth,a535199c-d66c-4da6-8fd3-cddbd532afce,1747958400000,
7092f845-af6b-4552-a846-0f851100db0b.binning_data.json,2025-05-24 22:29:36.340,2025-05-24 13:05:02.945,com.sec.android.app.shealth,-2,1619,1.2823316,1207.78,62.850002,VfS0qUERdZ,com.sec.android.app.shealth,7092f845-af6b-4552-a846-0f851100db0b,1748044800000,
795ffdf6-47ac-4172-a282-6f3462b0921f.binning_data.json,2025-05-25 03:00:13.261,2025-05-25 03:00:13.261,com.sec.android.app.shealth,0,1619,1.2823316,1207.78,62.850002,R5wtjjS0Fd,com.sec.android.app.shealth,795ffdf6-47ac-4172-a282-6f3462b0921f,1748044800000,
f5d77fd4-1bd8-4f3d-bcc2-78793751edf1.binning_data.json,2025-05-25 22:15:02.208,2025-05-25 10:30:18.787,com.sec.android.app.shealth,-2,1290,1.3823712,882.18,52.51,VfS0qUERdZ,com.sec.android.app.shealth,f5d77fd4-1bd8-4f3d-bcc2-78793751edf1,1748131200000,
effa66b9-a0e1-4a7d-923c-3a7c9321b781.binning_data.json,2025-05-26 03:50:48.376,2025-05-26 03:50:48.376,com.sec.android.app.shealth,0,1290,1.3823712,882.18,52.51,R5wtjjS0Fd,com.sec.android.app.shealth,effa66b9-a0e1-4a7d-923c-3a7c9321b781,1748131200000,
3d5ae31f-3dc8-4705-b3ee-d22ddffc60d4.binning_data.json,2025-05-26 20:27:01.939,2025-05-26 11:34:18.713,com.sec.android.app.shealth,-2,1769,1.2479148,1317.5,68.53,VfS0qUERdZ,com.sec.android.app.shealth,3d5ae31f-3dc8-4705-b3ee-d22ddffc60d4,1748217600000,
9ca9a88e-20c7-4e5d-ab44-19cbcb374681.binning_data.json,2025-05-27 03:00:03.973,2025-05-27 03:00:03.973,com.sec.android.app.shealth,0,1769,1.2479148,1317.5,68.53,R5wtjjS0Fd,com.sec.android.app.shealth,9ca9a88e-20c7-4e5d-ab44-19cbcb374681,1748217600000,
6d584d36-fda1-430a-b0c4-d8388594fa92.binning_data.json,2025-05-27 20:06:34.435,2025-05-27 12:55:01.063,com.sec.android.app.shealth,-2,5163,1.2401949,3841.79,200.69,VfS0qUERdZ,com.sec.android.app.shealth,6d584d36-fda1-430a-b0c4-d8388594fa92,1748304000000,
a34a86ff-b8e1-4839-9e9a-e0e0c48eb20b.binning_data.json,2025-05-28 03:00:07.051,2025-05-28 03:00:07.051,com.sec.android.app.shealth,0,5163,1.2401949,3841.79,200.69,R5wtjjS0Fd,com.sec.android.app.shealth,a34a86ff-b8e1-4839-9e9a-e0e0c48eb20b,1748304000000,
b3cbc0ae-7e9b-4cde-93fc-0fc6801621d0.binning_data.json,2025-05-28 20:55:03.310,2025-05-28 09:11:16.397,com.sec.android.app.shealth,-2,2954,1.3613532,2233.85,103.34,VfS0qUERdZ,com.sec.android.app.shealth,b3cbc0ae-7e9b-4cde-93fc-0fc6801621d0,1748390400000,
3b5c5a5a-3e6a-4868-821c-033ec844b3ca.binning_data.json,2025-05-29 03:00:06.509,2025-05-29 03:00:06.509,com.sec.android.app.shealth,0,2954,1.3613532,2233.85,103.34,R5wtjjS0Fd,com.sec.android.app.shealth,3b5c5a5a-3e6a-4868-821c-033ec844b3ca,1748390400000,
f87c0995-1916-4c75-ac34-144b21e64852.binning_data.json,2025-05-29 21:35:03.006,2025-05-29 13:35:03.283,com.sec.android.app.shealth,-2,6565,1.3674955,4958.77,234.69,VfS0qUERdZ,com.sec.android.app.shealth,f87c0995-1916-4c75-ac34-144b21e64852,1748476800000,
df154085-a215-45e2-94dc-e8ae3d3ab2b2.binning_data.json,2025-05-30 03:45:49.686,2025-05-30 03:45:49.686,com.sec.android.app.shealth,0,6565,1.3674955,4958.77,234.69,R5wtjjS0Fd,com.sec.android.app.shealth,df154085-a215-45e2-94dc-e8ae3d3ab2b2,1748476800000,
7aed2caf-0c9e-4ac6-8d65-29f83337cb72.binning_data.json,2025-05-30 19:55:06.276,2025-05-30 14:49:23.463,com.sec.android.app.shealth,-2,7779,1.3258346,5834.26,302.88998,VfS0qUERdZ,com.sec.android.app.shealth,7aed2caf-0c9e-4ac6-8d65-29f83337cb72,1748563200000,
30e0b56a-9740-4067-af7d-e13e0f4dc102.binning_data.json,2025-05-31 03:00:10.231,2025-05-31 03:00:10.231,com.sec.android.app.shealth,0,7779,1.3258346,5834.26,302.88998,R5wtjjS0Fd,com.sec.android.app.shealth,30e0b56a-9740-4067-af7d-e13e0f4dc102,1748563200000,
96b6fc10-e503-4b64-9cae-494ed393369a.binning_data.json,2025-06-01 00:15:05.579,2025-05-31 16:33:53.843,com.sec.android.app.shealth,-2,164,1.2343603,121.729996,5.8399997,VfS0qUERdZ,com.sec.android.app.shealth,96b6fc10-e503-4b64-9cae-494ed393369a,1748649600000,
04527906-a902-44bf-a7c7-c2a0e0e1502e.binning_data.json,2025-06-01 03:47:05.654,2025-06-01 03:47:05.654,com.sec.android.app.shealth,0,164,1.2343603,121.729996,5.8399997,R5wtjjS0Fd,com.sec.android.app.shealth,04527906-a902-44bf-a7c7-c2a0e0e1502e,1748649600000,
8dfb03ba-bd2a-4709-b859-a925b4aa5b28.binning_data.json,2025-06-01 22:55:07.106,2025-06-01 12:05:37.252,com.sec.android.app.shealth,-2,65,1.1505414,47.719997,2.3300002,VfS0qUERdZ,com.sec.android.app.shealth,8dfb03ba-bd2a-4709-b859-a925b4aa5b28,1748736000000,
73a39b7e-ba7b-450e-9493-237e42d4f573.binning_data.json,2025-06-02 03:48:06.175,2025-06-02 03:48:06.175,com.sec.android.app.shealth,0,65,1.1505414,47.719997,2.3300002,R5wtjjS0Fd,com.sec.android.app.shealth,73a39b7e-ba7b-450e-9493-237e42d4f573,1748736000000,
69829b75-1b1e-4c29-8904-0805845f77c0.binning_data.json,2025-06-02 22:15:02.984,2025-06-02 15:15:20.309,com.sec.android.app.shealth,-2,2720,1.2864242,2029.0701,108.65,VfS0qUERdZ,com.sec.android.app.shealth,69829b75-1b1e-4c29-8904-0805845f77c0,1748822400000,
e94d30a5-38be-4ef7-87c0-a33f80d3238f.binning_data.json,2025-06-03 04:14:49.768,2025-06-03 04:14:49.768,com.sec.android.app.shealth,0,2720,1.2864242,2029.0701,108.65,R5wtjjS0Fd,com.sec.android.app.shealth,e94d30a5-38be-4ef7-87c0-a33f80d3238f,1748822400000,
27845695-6b53-4e35-99d5-fb5882403c00.binning_data.json,2025-06-04 00:00:52.251,2025-06-03 11:28:39.190,com.sec.android.app.shealth,-2,3726,1.273271,2758.43,147.03,VfS0qUERdZ,com.sec.android.app.shealth,27845695-6b53-4e35-99d5-fb5882403c00,1748908800000,
27abcd2b-314d-4b52-b962-23b13acc6a36.binning_data.json,2025-06-04 04:10:27.048,2025-06-04 04:10:27.048,com.sec.android.app.shealth,0,3726,1.273271,2758.43,147.03,R5wtjjS0Fd,com.sec.android.app.shealth,27abcd2b-314d-4b52-b962-23b13acc6a36,1748908800000,
c011b20a-d582-4666-9cfd-25ee7926a9c0.binning_data.json,2025-06-04 20:55:39.892,2025-06-04 13:35:04.129,com.sec.android.app.shealth,-2,1626,1.2603421,1205.36,64.07,VfS0qUERdZ,com.sec.android.app.shealth,c011b20a-d582-4666-9cfd-25ee7926a9c0,1748995200000,
56ac9b28-cf4c-4dbe-a4f0-f41b080c10a2.binning_data.json,2025-06-05 03:00:14.188,2025-06-05 03:00:14.188,com.sec.android.app.shealth,0,1626,1.2603421,1205.36,64.07,R5wtjjS0Fd,com.sec.android.app.shealth,56ac9b28-cf4c-4dbe-a4f0-f41b080c10a2,1748995200000,
18dad57b-ff9a-44a3-9f9d-e6ead7a4c91b.binning_data.json,2025-06-05 20:38:07.091,2025-06-05 15:42:09.193,com.sec.android.app.shealth,-2,95,1.1753851,60.82,4.27,VfS0qUERdZ,com.sec.android.app.shealth,18dad57b-ff9a-44a3-9f9d-e6ead7a4c91b,1749081600000,
02ce5bb1-63bc-4902-bae2-4b5195094785.binning_data.json,2025-06-06 03:19:37.179,2025-06-06 03:19:37.179,com.sec.android.app.shealth,0,95,1.1753851,60.82,4.27,R5wtjjS0Fd,com.sec.android.app.shealth,02ce5bb1-63bc-4902-bae2-4b5195094785,1749081600000,
bce74456-aa24-4c8f-af2d-760229c6fe04.binning_data.json,2025-06-06 23:55:03.812,2025-06-06 14:40:52.495,com.sec.android.app.shealth,-2,164,1.0377932,113.729996,6.35,VfS0qUERdZ,com.sec.android.app.shealth,bce74456-aa24-4c8f-af2d-760229c6fe04,1749168000000,
6e26a3ba-ced6-4013-b98e-db8e70928b67.binning_data.json,2025-06-07 03:35:14.268,2025-06-07 03:35:14.268,com.sec.android.app.shealth,0,164,1.0377932,113.729996,6.35,R5wtjjS0Fd,com.sec.android.app.shealth,6e26a3ba-ced6-4013-b98e-db8e70928b67,1749168000000,
1d630cfa-37c3-4f82-9c7c-c45788080e9c.binning_data.json,2025-06-07 22:55:00.856,2025-06-07 18:46:21.473,com.sec.android.app.shealth,-2,186,1.1073583,129.15,7.449999,VfS0qUERdZ,com.sec.android.app.shealth,1d630cfa-37c3-4f82-9c7c-c45788080e9c,1749254400000,
ccb6c49e-9066-4014-b4f5-90171b6f4dc3.binning_data.json,2025-06-08 04:55:24.142,2025-06-08 04:55:24.142,com.sec.android.app.shealth,0,186,1.1073583,129.15,7.449999,R5wtjjS0Fd,com.sec.android.app.shealth,ccb6c49e-9066-4014-b4f5-90171b6f4dc3,1749254400000,
32ee533d-373d-45f9-a319-a99d8e22105f.binning_data.json,2025-06-09 00:09:17.558,2025-06-08 20:26:43.924,com.sec.android.app.shealth,-2,75,1.0534531,48.88,2.89,VfS0qUERdZ,com.sec.android.app.shealth,32ee533d-373d-45f9-a319-a99d8e22105f,1749340800000,
d9ba4eca-7539-460a-8b7d-4c6639311e8b.binning_data.json,2025-06-09 04:29:24.534,2025-06-09 04:29:24.534,com.sec.android.app.shealth,0,75,1.0534531,48.88,2.89,R5wtjjS0Fd,com.sec.android.app.shealth,d9ba4eca-7539-460a-8b7d-4c6639311e8b,1749340800000,
b97a5be2-1b64-412c-a7c0-73c08f6419ff.binning_data.json,2025-06-09 21:27:28.042,2025-06-09 13:50:25.198,com.sec.android.app.shealth,-2,159,1.0639272,111.799995,5.82,VfS0qUERdZ,com.sec.android.app.shealth,b97a5be2-1b64-412c-a7c0-73c08f6419ff,1749427200000,
a06481ea-eaa4-4d49-866f-cefb13b17d2d.binning_data.json,2025-06-10 04:28:52.974,2025-06-10 04:28:52.974,com.sec.android.app.shealth,0,159,1.0639272,111.799995,5.82,R5wtjjS0Fd,com.sec.android.app.shealth,a06481ea-eaa4-4d49-866f-cefb13b17d2d,1749427200000,
da7c9057-d9f6-4e93-9bec-c958b03664e1.binning_data.json,2025-06-10 20:15:02.807,2025-06-10 10:51:45.799,com.sec.android.app.shealth,-2,6995,1.3376452,5283.65,271.13998,VfS0qUERdZ,com.sec.android.app.shealth,da7c9057-d9f6-4e93-9bec-c958b03664e1,1749513600000,
2b00cd98-4050-4e2a-83c7-3cc6761dcf8f.binning_data.json,2025-06-11 03:00:09.207,2025-06-11 03:00:09.207,com.sec.android.app.shealth,0,6995,1.3376452,5283.65,271.13998,R5wtjjS0Fd,com.sec.android.app.shealth,2b00cd98-4050-4e2a-83c7-3cc6761dcf8f,1749513600000,
42a9f73c-e245-4c05-85d9-849f68d75a75.binning_data.json,2025-06-11 21:15:01.916,2025-06-11 12:47:07.251,com.sec.android.app.shealth,-2,10180,1.3158727,7564.04,393.79,VfS0qUERdZ,com.sec.android.app.shealth,42a9f73c-e245-4c05-85d9-849f68d75a75,1749600000000,
6b8dfc05-e53b-4554-86bc-8f6d3afadf5c.binning_data.json,2025-06-12 03:12:47.348,2025-06-12 03:12:47.348,com.sec.android.app.shealth,0,10180,1.3158727,7564.04,393.79,R5wtjjS0Fd,com.sec.android.app.shealth,6b8dfc05-e53b-4554-86bc-8f6d3afadf5c,1749600000000,
03241907-7c7d-4455-b6d8-0b63273af6f3.binning_data.json,2025-06-12 20:17:00.322,2025-06-12 15:05:20.097,com.sec.android.app.shealth,-2,486,1.1907254,359.31,18.01,VfS0qUERdZ,com.sec.android.app.shealth,03241907-7c7d-4455-b6d8-0b63273af6f3,1749686400000,
ccbad371-a8c8-4c27-ba0c-f92fe7e227d4.binning_data.json,2025-06-13 03:00:06.392,2025-06-13 03:00:06.392,com.sec.android.app.shealth,0,486,1.1907254,359.31,18.01,R5wtjjS0Fd,com.sec.android.app.shealth,ccbad371-a8c8-4c27-ba0c-f92fe7e227d4,1749686400000,
aeb0cd5a-7067-49d5-8a68-f7f840b2d698.binning_data.json,2025-06-14 00:53:35.788,2025-06-13 08:07:38.734,com.sec.android.app.shealth,-2,83,1.0914966,59.93,3.05,VfS0qUERdZ,com.sec.android.app.shealth,aeb0cd5a-7067-49d5-8a68-f7f840b2d698,1749772800000,
fc11d4de-b92d-4645-adda-23d4053965ee.binning_data.json,2025-06-14 03:00:03.152,2025-06-14 03:00:03.152,com.sec.android.app.shealth,0,83,1.0914966,59.93,3.05,R5wtjjS0Fd,com.sec.android.app.shealth,fc11d4de-b92d-4645-adda-23d4053965ee,1749772800000,
147e4244-8c09-4c11-88a4-f0a1a104b9c9.binning_data.json,2025-06-14 14:41:55.829,2025-06-14 11:42:10.740,com.sec.android.app.shealth,-2,2118,1.2681593,1568.28,77.53,VfS0qUERdZ,com.sec.android.app.shealth,147e4244-8c09-4c11-88a4-f0a1a104b9c9,1749859200000,
b62003f3-47e3-44bb-b617-45be6a93af7f.binning_data.json,2025-06-15 03:27:40.243,2025-06-15 03:27:40.243,com.sec.android.app.shealth,0,2118,1.2681593,1568.28,77.53,R5wtjjS0Fd,com.sec.android.app.shealth,b62003f3-47e3-44bb-b617-45be6a93af7f,1749859200000,
40833a3d-b326-4f60-a0ec-84da49f9134f.binning_data.json,2025-06-15 21:53:26.629,2025-06-15 16:22:51.345,com.sec.android.app.shealth,-2,53,0.9131985,36.560005,2.14,VfS0qUERdZ,com.sec.android.app.shealth,40833a3d-b326-4f60-a0ec-84da49f9134f,1749945600000,
1c6ae73e-ea43-4fcf-badd-ae236fd827f9.binning_data.json,2025-06-16 03:42:12.405,2025-06-16 03:42:12.405,com.sec.android.app.shealth,0,53,0.9131985,36.560005,2.14,R5wtjjS0Fd,com.sec.android.app.shealth,1c6ae73e-ea43-4fcf-badd-ae236fd827f9,1749945600000,
eac5aaa0-19a2-4c41-989b-fd9a637ee9ee.binning_data.json,2025-06-16 22:30:56.406,2025-06-16 14:24:33.592,com.sec.android.app.shealth,-2,2009,1.2786267,1502.11,75.95,VfS0qUERdZ,com.sec.android.app.shealth,eac5aaa0-19a2-4c41-989b-fd9a637ee9ee,1750032000000,
2b966dfd-7f58-48f7-a619-6b1dfb52529f.binning_data.json,2025-06-17 03:00:04.085,2025-06-17 03:00:04.085,com.sec.android.app.shealth,0,2009,1.2786267,1502.11,75.95,R5wtjjS0Fd,com.sec.android.app.shealth,2b966dfd-7f58-48f7-a619-6b1dfb52529f,1750032000000,
b3b6f300-a937-49a8-99d2-2e813123964d.binning_data.json,2025-06-17 22:35:02.620,2025-06-17 11:08:09.957,com.sec.android.app.shealth,-2,3634,1.300413,2706.16,132.76,VfS0qUERdZ,com.sec.android.app.shealth,b3b6f300-a937-49a8-99d2-2e813123964d,1750118400000,
1a7e05be-9085-4462-8daf-d48449193651.binning_data.json,2025-06-18 04:47:05.482,2025-06-18 04:47:05.482,com.sec.android.app.shealth,0,3634,1.300413,2706.16,132.76,R5wtjjS0Fd,com.sec.android.app.shealth,1a7e05be-9085-4462-8daf-d48449193651,1750118400000,
9a8ddb0b-2b59-4339-ac5f-7228a876d72f.binning_data.json,2025-06-18 18:59:30.181,2025-06-18 11:15:03.136,com.sec.android.app.shealth,-2,1046,1.1779273,770.65,39.71,VfS0qUERdZ,com.sec.android.app.shealth,9a8ddb0b-2b59-4339-ac5f-7228a876d72f,1750204800000,
50d7ca03-ac1f-4969-8831-d35ecab8b710.binning_data.json,2025-06-19 05:13:04.754,2025-06-19 05:13:04.754,com.sec.android.app.shealth,0,1046,1.1779273,770.65,39.71,R5wtjjS0Fd,com.sec.android.app.shealth,50d7ca03-ac1f-4969-8831-d35ecab8b710,1750204800000,
4c9109ff-6785-4c97-b280-094c1ccb4b16.binning_data.json,2025-06-19 16:35:02.314,2025-06-19 16:35:02.314,com.sec.android.app.shealth,-2,37,1.0690467,26.82,1.44,VfS0qUERdZ,com.sec.android.app.shealth,4c9109ff-6785-4c97-b280-094c1ccb4b16,1750291200000,
0383e13e-12c3-403d-924d-0b26677f5e6b.binning_data.json,2025-06-20 04:17:58.098,2025-06-20 04:17:58.098,com.sec.android.app.shealth,0,37,1.0690467,26.82,1.44,R5wtjjS0Fd,com.sec.android.app.shealth,0383e13e-12c3-403d-924d-0b26677f5e6b,1750291200000,
113c7fc4-2ef3-47e2-92cb-1080a988235f.binning_data.json,2025-06-20 19:15:05.155,2025-06-20 12:55:03.133,com.sec.android.app.shealth,-2,7435,1.3437433,5561.79,279.22,VfS0qUERdZ,com.sec.android.app.shealth,113c7fc4-2ef3-47e2-92cb-1080a988235f,1750377600000,
8063f3f9-658f-459c-bbe1-5e56dbba0e57.binning_data.json,2025-06-21 03:44:36.732,2025-06-21 03:44:36.732,com.sec.android.app.shealth,0,7435,1.3437433,5561.79,279.22,R5wtjjS0Fd,com.sec.android.app.shealth,8063f3f9-658f-459c-bbe1-5e56dbba0e57,1750377600000,
d68bde44-b003-4f1b-aaad-7014953c84eb.binning_data.json,2025-06-21 14:15:06.295,2025-06-21 11:55:02.430,com.sec.android.app.shealth,-2,1718,1.3568009,1305.39,59.51,VfS0qUERdZ,com.sec.android.app.shealth,d68bde44-b003-4f1b-aaad-7014953c84eb,1750464000000,
b2817dcc-9e4d-4a0a-a3d3-65ee7686af0a.binning_data.json,2025-06-22 03:16:33.793,2025-06-22 03:16:33.793,com.sec.android.app.shealth,0,1718,1.3568009,1305.39,59.51,R5wtjjS0Fd,com.sec.android.app.shealth,b2817dcc-9e4d-4a0a-a3d3-65ee7686af0a,1750464000000,
a4b84355-8f90-441a-90e3-2f1594bd5c29.binning_data.json,2025-06-23 01:13:36.201,2025-06-23 01:12:13.614,com.sec.android.app.shealth,-2,29,1.0740685,19.52,1.2800003,VfS0qUERdZ,com.sec.android.app.shealth,a4b84355-8f90-441a-90e3-2f1594bd5c29,1750550400000,
1dbde5c3-a7a0-449f-8f4d-4aacdb20fd40.binning_data.json,2025-06-23 03:00:08.572,2025-06-23 03:00:08.572,com.sec.android.app.shealth,0,29,1.0740685,19.52,1.2800003,R5wtjjS0Fd,com.sec.android.app.shealth,1dbde5c3-a7a0-449f-8f4d-4aacdb20fd40,1750550400000,
46e417d0-39c3-467b-b605-26a99d4789e1.binning_data.json,2025-06-23 22:23:52.171,2025-06-23 15:57:24.686,com.sec.android.app.shealth,-2,194,1.0826807,139.59,7.4999995,VfS0qUERdZ,com.sec.android.app.shealth,46e417d0-39c3-467b-b605-26a99d4789e1,1750636800000,
a58b7ec8-5020-42be-b559-c76f8bd09a4e.binning_data.json,2025-06-24 04:12:54.267,2025-06-24 04:12:54.267,com.sec.android.app.shealth,0,194,1.0826807,139.59,7.4999995,R5wtjjS0Fd,com.sec.android.app.shealth,a58b7ec8-5020-42be-b559-c76f8bd09a4e,1750636800000,
12ed4b16-5aa6-4237-bab8-90fa4dc0084d.binning_data.json,2025-06-24 10:31:12.330,2025-06-24 10:31:12.330,com.sec.android.app.shealth,-2,6,0.88888896,4.22,0.22,VfS0qUERdZ,com.sec.android.app.shealth,12ed4b16-5aa6-4237-bab8-90fa4dc0084d,1750723200000,
9a0db1e8-428b-4863-b654-95fdc1692b2a.binning_data.json,2025-06-25 04:14:38.119,2025-06-25 04:14:38.119,com.sec.android.app.shealth,0,6,0.88888896,4.22,0.22,R5wtjjS0Fd,com.sec.android.app.shealth,9a0db1e8-428b-4863-b654-95fdc1692b2a,1750723200000,
193330bd-f400-40d4-9e71-7902ea2e944d.binning_data.json,2025-06-25 20:36:53.265,2025-06-25 13:26:48.101,com.sec.android.app.shealth,-2,138,1.0975443,99.85,5.38,VfS0qUERdZ,com.sec.android.app.shealth,193330bd-f400-40d4-9e71-7902ea2e944d,1750809600000,
afcfe13b-bc86-46d4-b95b-bac72af131cf.binning_data.json,2025-06-26 03:04:34.710,2025-06-26 03:04:34.710,com.sec.android.app.shealth,0,138,1.0975443,99.85,5.38,R5wtjjS0Fd,com.sec.android.app.shealth,afcfe13b-bc86-46d4-b95b-bac72af131cf,1750809600000,
cad6da84-6eba-4b3a-afeb-702ffa2d70c2.binning_data.json,2025-06-26 19:35:22.377,2025-06-26 14:19:59.079,com.sec.android.app.shealth,-2,63,1.1834203,45.6,2.28,VfS0qUERdZ,com.sec.android.app.shealth,cad6da84-6eba-4b3a-afeb-702ffa2d70c2,1750896000000,
ce3c40ea-a16f-46ec-bc36-96f4475aa1e9.binning_data.json,2025-06-27 03:00:39.417,2025-06-27 03:00:39.417,com.sec.android.app.shealth,0,63,1.1834203,45.6,2.28,R5wtjjS0Fd,com.sec.android.app.shealth,ce3c40ea-a16f-46ec-bc36-96f4475aa1e9,1750896000000,
61044e42-5b20-44fa-9fad-23026c09cdb6.binning_data.json,2025-06-28 18:43:55.187,2025-06-28 18:40:05.228,com.sec.android.app.shealth,-2,35,0.96458125,22.7,1.32,VfS0qUERdZ,com.sec.android.app.shealth,61044e42-5b20-44fa-9fad-23026c09cdb6,1751068800000,
c98ee2bd-336f-40bc-888a-05806cb903a9.binning_data.json,2025-06-29 03:00:16.717,2025-06-29 03:00:16.717,com.sec.android.app.shealth,0,35,0.96458125,22.7,1.32,R5wtjjS0Fd,com.sec.android.app.shealth,c98ee2bd-336f-40bc-888a-05806cb903a9,1751068800000,
8a0c2863-676f-4400-b4b0-436109a732cc.binning_data.json,2025-06-29 19:50:02.946,2025-06-29 11:15:02.587,com.sec.android.app.shealth,-2,3024,1.22799,2156.94,120.27,VfS0qUERdZ,com.sec.android.app.shealth,8a0c2863-676f-4400-b4b0-436109a732cc,1751155200000,
363cbbb1-ff1c-4264-b02f-7fe3b1174b1f.binning_data.json,2025-06-30 03:13:54.113,2025-06-30 03:13:54.113,com.sec.android.app.shealth,0,3024,1.22799,2156.94,120.27,R5wtjjS0Fd,com.sec.android.app.shealth,363cbbb1-ff1c-4264-b02f-7fe3b1174b1f,1751155200000,
beb95997-db42-409c-b134-9b025d8bcc23.binning_data.json,2025-06-30 12:41:52.885,2025-06-30 12:40:37.171,com.sec.android.app.shealth,-2,35,1.4132845,22.48,1.1399994,VfS0qUERdZ,com.sec.android.app.shealth,beb95997-db42-409c-b134-9b025d8bcc23,1751241600000,
bd8744ba-44c7-4bdf-b88b-509e269a298c.binning_data.json,2025-07-01 03:20:37.629,2025-07-01 03:20:37.629,com.sec.android.app.shealth,0,35,1.4132845,22.48,1.1399994,R5wtjjS0Fd,com.sec.android.app.shealth,bd8744ba-44c7-4bdf-b88b-509e269a298c,1751241600000,
66cef577-7394-4f2b-b9b7-9b3fe9d6897b.binning_data.json,2025-07-01 18:35:02.059,2025-07-01 12:08:11.586,com.sec.android.app.shealth,-2,2256,1.343257,1671.54,80.659996,VfS0qUERdZ,com.sec.android.app.shealth,66cef577-7394-4f2b-b9b7-9b3fe9d6897b,1751328000000,
6acddf35-a6a1-44da-a6ca-f40ab3d7e60b.binning_data.json,2025-07-02 03:00:41.504,2025-07-02 03:00:41.504,com.sec.android.app.shealth,0,2256,1.343257,1671.54,80.659996,R5wtjjS0Fd,com.sec.android.app.shealth,6acddf35-a6a1-44da-a6ca-f40ab3d7e60b,1751328000000,
f081954e-ecf5-438c-a72a-f2a391da389b.binning_data.json,2025-07-02 20:53:02.471,2025-07-02 18:22:22.362,com.sec.android.app.shealth,-2,3630,1.4072529,2755.27,121.38,VfS0qUERdZ,com.sec.android.app.shealth,f081954e-ecf5-438c-a72a-f2a391da389b,1751414400000,
967faff4-b981-43d7-9629-7023d8a6cd41.binning_data.json,2025-07-03 03:00:04.132,2025-07-03 03:00:04.132,com.sec.android.app.shealth,0,3630,1.4072529,2755.27,121.38,R5wtjjS0Fd,com.sec.android.app.shealth,967faff4-b981-43d7-9629-7023d8a6cd41,1751414400000,
b6e3a587-9b6f-46af-8143-5d94e2836290.binning_data.json,2025-07-04 00:15:02.397,2025-07-03 14:15:01.335,com.sec.android.app.shealth,-2,6617,1.3494351,4985.6997,235.39,VfS0qUERdZ,com.sec.android.app.shealth,b6e3a587-9b6f-46af-8143-5d94e2836290,1751500800000,
e13d5119-4101-4255-a684-0d9c65675482.binning_data.json,2025-07-04 03:26:57.201,2025-07-04 03:26:57.201,com.sec.android.app.shealth,0,6617,1.3494351,4985.6997,235.39,R5wtjjS0Fd,com.sec.android.app.shealth,e13d5119-4101-4255-a684-0d9c65675482,1751500800000,
df247592-1d3f-4824-948d-bc6ea715eeff.binning_data.json,2025-07-05 01:05:03.047,2025-07-04 13:35:04.222,com.sec.android.app.shealth,-2,4041,1.30637,2989.16,148.41,VfS0qUERdZ,com.sec.android.app.shealth,df247592-1d3f-4824-948d-bc6ea715eeff,1751587200000,
551abcbf-719b-4f0d-8313-57eb6a9d84d7.binning_data.json,2025-07-05 03:55:55.814,2025-07-05 03:55:55.814,com.sec.android.app.shealth,0,4041,1.30637,2989.16,148.41,R5wtjjS0Fd,com.sec.android.app.shealth,551abcbf-719b-4f0d-8313-57eb6a9d84d7,1751587200000,
1f351644-b856-4954-9e10-4f636cf73b9d.binning_data.json,2025-07-05 15:58:58.565,2025-07-05 15:15:02.263,com.sec.android.app.shealth,-2,63,1.2588184,46.69,2.28,VfS0qUERdZ,com.sec.android.app.shealth,1f351644-b856-4954-9e10-4f636cf73b9d,1751673600000,
72f1d528-a41a-477d-9767-d1644f5faf78.binning_data.json,2025-07-06 03:00:03.751,2025-07-06 03:00:03.751,com.sec.android.app.shealth,0,63,1.2588184,46.69,2.28,R5wtjjS0Fd,com.sec.android.app.shealth,72f1d528-a41a-477d-9767-d1644f5faf78,1751673600000,
4ad20d3c-46ca-41e2-91c1-d2829a3878a8.binning_data.json,2025-07-07 23:22:56.287,2025-07-07 10:15:02.180,com.sec.android.app.shealth,-2,1698,1.2419636,1262.4,66.51,VfS0qUERdZ,com.sec.android.app.shealth,4ad20d3c-46ca-41e2-91c1-d2829a3878a8,1751846400000,
8c952cc3-d883-46dc-9138-c5732f4dbe81.binning_data.json,2025-07-08 03:00:02.638,2025-07-08 03:00:02.638,com.sec.android.app.shealth,0,1698,1.2419636,1262.4,66.51,R5wtjjS0Fd,com.sec.android.app.shealth,8c952cc3-d883-46dc-9138-c5732f4dbe81,1751846400000,
0defe27e-8895-4c75-a4b1-3d4fcb53aff5.binning_data.json,2025-07-09 01:15:01.957,2025-07-08 13:42:41.830,com.sec.android.app.shealth,-2,2033,1.2620838,1519.06,78.03,VfS0qUERdZ,com.sec.android.app.shealth,0defe27e-8895-4c75-a4b1-3d4fcb53aff5,1751932800000,
071e7b11-ff0e-40e2-9cc4-ae79b70f5bb5.binning_data.json,2025-07-09 04:04:54.476,2025-07-09 04:04:54.476,com.sec.android.app.shealth,0,2033,1.2620838,1519.06,78.03,R5wtjjS0Fd,com.sec.android.app.shealth,071e7b11-ff0e-40e2-9cc4-ae79b70f5bb5,1751932800000,
108489b0-a832-4583-8c14-a26924e210a3.binning_data.json,2025-07-09 20:44:18.293,2025-07-09 13:15:02.794,com.sec.android.app.shealth,-2,63,0.98942405,43.39,2.68,VfS0qUERdZ,com.sec.android.app.shealth,108489b0-a832-4583-8c14-a26924e210a3,1752019200000,
b7e3de78-92c1-4c5e-a37e-bc6f10a8a014.binning_data.json,2025-07-10 03:20:16.940,2025-07-10 03:20:16.940,com.sec.android.app.shealth,0,63,0.98942405,43.39,2.68,R5wtjjS0Fd,com.sec.android.app.shealth,b7e3de78-92c1-4c5e-a37e-bc6f10a8a014,1752019200000,
0384009e-e996-4d01-a2e3-9e3fce8019eb.binning_data.json,2025-07-10 21:55:03.651,2025-07-10 13:35:03.123,com.sec.android.app.shealth,-2,3137,1.3247662,2335.15,115.06,VfS0qUERdZ,com.sec.android.app.shealth,0384009e-e996-4d01-a2e3-9e3fce8019eb,1752105600000,
4a8a937f-d9b0-4205-a51d-871abce233c7.binning_data.json,2025-07-11 03:00:03.373,2025-07-11 03:00:03.373,com.sec.android.app.shealth,0,3137,1.3247662,2335.15,115.06,R5wtjjS0Fd,com.sec.android.app.shealth,4a8a937f-d9b0-4205-a51d-871abce233c7,1752105600000,
dcdd13cd-8e48-4cd0-a980-c9bb0b4edcf0.binning_data.json,2025-07-12 00:15:03.792,2025-07-11 13:15:02.405,com.sec.android.app.shealth,-2,2669,1.2381797,1957.33,103.59,VfS0qUERdZ,com.sec.android.app.shealth,dcdd13cd-8e48-4cd0-a980-c9bb0b4edcf0,1752192000000,
996b3c35-d056-4aa6-89bd-961f66e07e72.binning_data.json,2025-07-12 03:00:07.173,2025-07-12 03:00:07.173,com.sec.android.app.shealth,0,2669,1.2381797,1957.33,103.59,R5wtjjS0Fd,com.sec.android.app.shealth,996b3c35-d056-4aa6-89bd-961f66e07e72,1752192000000,
a8a23f0a-13e2-4977-8d8c-35784acd7309.binning_data.json,2025-07-13 01:56:35.903,2025-07-12 13:28:18.662,com.sec.android.app.shealth,-2,2389,1.2317547,1772.72,95.14,VfS0qUERdZ,com.sec.android.app.shealth,a8a23f0a-13e2-4977-8d8c-35784acd7309,1752278400000,
52644ae5-94ba-45b8-8f8e-5259000f1bd9.binning_data.json,2025-07-13 03:00:03.995,2025-07-13 03:00:03.995,com.sec.android.app.shealth,0,2389,1.2317547,1772.72,95.14,R5wtjjS0Fd,com.sec.android.app.shealth,52644ae5-94ba-45b8-8f8e-5259000f1bd9,1752278400000,
0e46aac5-8347-4945-aa28-aa22b1ef1cd0.binning_data.json,2025-07-13 16:49:31.649,2025-07-13 12:55:02.612,com.sec.android.app.shealth,-2,2609,1.3051727,1960.28,99.17,VfS0qUERdZ,com.sec.android.app.shealth,0e46aac5-8347-4945-aa28-aa22b1ef1cd0,1752364800000,
6c568adf-98a0-4d21-92d4-416947704f5f.binning_data.json,2025-07-14 03:00:03.028,2025-07-14 03:00:03.028,com.sec.android.app.shealth,0,2609,1.3051727,1960.28,99.17,R5wtjjS0Fd,com.sec.android.app.shealth,6c568adf-98a0-4d21-92d4-416947704f5f,1752364800000,
b711813d-e27d-4a94-9ca7-1d4f17067464.binning_data.json,2025-07-14 23:14:05.502,2025-07-14 10:55:04.260,com.sec.android.app.shealth,-2,4580,1.3717749,3449.08,168.95999,VfS0qUERdZ,com.sec.android.app.shealth,b711813d-e27d-4a94-9ca7-1d4f17067464,1752451200000,
3bbbd750-b353-4a67-b419-9af2562e1975.binning_data.json,2025-07-15 03:00:04.050,2025-07-15 03:00:04.050,com.sec.android.app.shealth,0,4580,1.3717749,3449.08,168.95999,R5wtjjS0Fd,com.sec.android.app.shealth,3bbbd750-b353-4a67-b419-9af2562e1975,1752451200000,
96453537-973a-4a0a-b8b5-7f637dc83d4b.binning_data.json,2025-07-15 22:27:10.094,2025-07-15 09:47:38.396,com.sec.android.app.shealth,-2,3204,1.2253625,2368.1301,126.14,VfS0qUERdZ,com.sec.android.app.shealth,96453537-973a-4a0a-b8b5-7f637dc83d4b,1752537600000,
2a1e226e-6ff7-40fe-b535-a42d2775e57a.binning_data.json,2025-07-16 03:27:50.684,2025-07-16 03:27:50.684,com.sec.android.app.shealth,0,3204,1.2253625,2368.1301,126.14,R5wtjjS0Fd,com.sec.android.app.shealth,2a1e226e-6ff7-40fe-b535-a42d2775e57a,1752537600000,
66bcb488-b6b3-4f0d-83ce-9946eecea2c7.binning_data.json,2025-07-17 01:55:03.267,2025-07-16 13:44:23.900,com.sec.android.app.shealth,-2,70,0.98161924,50.010002,2.66,VfS0qUERdZ,com.sec.android.app.shealth,66bcb488-b6b3-4f0d-83ce-9946eecea2c7,1752624000000,
def1a27f-5236-46a7-8441-2fc3348b8a7b.binning_data.json,2025-07-17 03:00:02.820,2025-07-17 03:00:02.820,com.sec.android.app.shealth,0,70,0.98161924,50.010002,2.66,R5wtjjS0Fd,com.sec.android.app.shealth,def1a27f-5236-46a7-8441-2fc3348b8a7b,1752624000000,
6b3a6290-b592-4c4b-a3b6-1b2b42e7bc5c.binning_data.json,2025-07-18 00:55:03.299,2025-07-17 12:29:39.267,com.sec.android.app.shealth,-2,1715,1.2257224,1269.2,67.81,VfS0qUERdZ,com.sec.android.app.shealth,6b3a6290-b592-4c4b-a3b6-1b2b42e7bc5c,1752710400000,
0ebd61f6-6b84-4cb2-8c80-3efdae746cbe.binning_data.json,2025-07-18 03:56:45.450,2025-07-18 03:56:45.450,com.sec.android.app.shealth,0,1715,1.2257224,1269.2,67.81,R5wtjjS0Fd,com.sec.android.app.shealth,0ebd61f6-6b84-4cb2-8c80-3efdae746cbe,1752710400000,
db73ddbc-a34c-43de-80bb-a99e6b3cdada.binning_data.json,2025-07-18 17:48:26.668,2025-07-18 11:55:02.418,com.sec.android.app.shealth,-2,1906,1.3625313,1421.26,71.57,VfS0qUERdZ,com.sec.android.app.shealth,db73ddbc-a34c-43de-80bb-a99e6b3cdada,1752796800000,
b5b6a151-3506-4bf7-9f32-f3d159013a7e.binning_data.json,2025-07-19 03:43:36.804,2025-07-19 03:43:36.804,com.sec.android.app.shealth,0,1906,1.3625313,1421.26,71.57,R5wtjjS0Fd,com.sec.android.app.shealth,b5b6a151-3506-4bf7-9f32-f3d159013a7e,1752796800000,
d082c787-1f92-46f6-a73f-36c8d3c68920.binning_data.json,2025-07-20 01:25:12.383,2025-07-19 11:53:40.154,com.sec.android.app.shealth,-2,3451,1.3579491,2595.53,128.38,VfS0qUERdZ,com.sec.android.app.shealth,d082c787-1f92-46f6-a73f-36c8d3c68920,1752883200000,
9bd6174f-6557-4667-8459-dcba268a31d4.binning_data.json,2025-07-20 03:00:03.673,2025-07-20 03:00:03.673,com.sec.android.app.shealth,0,3451,1.3579491,2595.53,128.38,R5wtjjS0Fd,com.sec.android.app.shealth,9bd6174f-6557-4667-8459-dcba268a31d4,1752883200000,
f885d2be-813d-4db4-8b73-e062b4b9dcf0.binning_data.json,2025-07-20 13:10:58.878,2025-07-20 12:34:10.659,com.sec.android.app.shealth,-2,43,1.1409453,27.93,1.5600001,VfS0qUERdZ,com.sec.android.app.shealth,f885d2be-813d-4db4-8b73-e062b4b9dcf0,1752969600000,
285f08c3-f05e-4021-b350-7813197a0eb2.binning_data.json,2025-07-21 03:00:02.589,2025-07-21 03:00:02.589,com.sec.android.app.shealth,0,43,1.1409453,27.93,1.5600001,R5wtjjS0Fd,com.sec.android.app.shealth,285f08c3-f05e-4021-b350-7813197a0eb2,1752969600000,
c9a7364b-d48d-450d-b4b0-58d61d933eeb.binning_data.json,2025-07-22 01:16:30.755,2025-07-21 15:18:54.061,com.sec.android.app.shealth,-2,1591,1.3311688,1199.81,62.25,VfS0qUERdZ,com.sec.android.app.shealth,c9a7364b-d48d-450d-b4b0-58d61d933eeb,1753056000000,
040b5b37-cd40-450e-93d1-ed5e7e23d2b7.binning_data.json,2025-07-22 03:00:09.670,2025-07-22 03:00:09.670,com.sec.android.app.shealth,0,1591,1.3311688,1199.81,62.25,R5wtjjS0Fd,com.sec.android.app.shealth,040b5b37-cd40-450e-93d1-ed5e7e23d2b7,1753056000000,
710c3cdf-527a-406a-8487-2b1140495ad4.binning_data.json,2025-07-23 00:48:13.441,2025-07-22 11:15:02.007,com.sec.android.app.shealth,-2,1565,1.3245723,1180.81,59.89,VfS0qUERdZ,com.sec.android.app.shealth,710c3cdf-527a-406a-8487-2b1140495ad4,1753142400000,
9e8be584-4c12-451f-b2d8-96bd70215c33.binning_data.json,2025-07-23 03:00:03.449,2025-07-23 03:00:03.449,com.sec.android.app.shealth,0,1565,1.3245723,1180.81,59.89,R5wtjjS0Fd,com.sec.android.app.shealth,9e8be584-4c12-451f-b2d8-96bd70215c33,1753142400000,
06e9e427-c7ac-4642-b403-b47d6cc6156a.binning_data.json,2025-07-23 21:05:23.890,2025-07-23 10:59:33.304,com.sec.android.app.shealth,-2,1623,1.3347263,1218.17,63.719997,VfS0qUERdZ,com.sec.android.app.shealth,06e9e427-c7ac-4642-b403-b47d6cc6156a,1753228800000,
c9f18927-e146-4942-b627-a7511e2e76f4.binning_data.json,2025-07-24 04:12:37.819,2025-07-24 04:12:37.819,com.sec.android.app.shealth,0,1623,1.3347263,1218.17,63.719997,R5wtjjS0Fd,com.sec.android.app.shealth,c9f18927-e146-4942-b627-a7511e2e76f4,1753228800000,
9a3037c7-a2c0-44aa-9cd3-9884f823387f.binning_data.json,2025-07-24 17:53:59.535,2025-07-24 13:55:02.780,com.sec.android.app.shealth,-2,7418,1.3576638,5614.99,290.16,VfS0qUERdZ,com.sec.android.app.shealth,9a3037c7-a2c0-44aa-9cd3-9884f823387f,1753315200000,
b1cc1464-f6c8-4a99-8ed7-63c5fbbbe7b4.binning_data.json,2025-07-25 03:26:18.314,2025-07-25 03:26:18.314,com.sec.android.app.shealth,0,7418,1.3576638,5614.99,290.16,R5wtjjS0Fd,com.sec.android.app.shealth,b1cc1464-f6c8-4a99-8ed7-63c5fbbbe7b4,1753315200000,
aea9b75f-1294-418a-a986-29e2842e9a6b.binning_data.json,2025-07-25 18:46:20.903,2025-07-25 11:48:49.789,com.sec.android.app.shealth,-2,3123,1.283867,2321.22,122.76999,VfS0qUERdZ,com.sec.android.app.shealth,aea9b75f-1294-418a-a986-29e2842e9a6b,1753401600000,
88b1da5d-926a-43d1-aa79-51b08d26b646.binning_data.json,2025-07-26 03:55:30.533,2025-07-26 03:55:30.533,com.sec.android.app.shealth,0,3123,1.283867,2321.22,122.76999,R5wtjjS0Fd,com.sec.android.app.shealth,88b1da5d-926a-43d1-aa79-51b08d26b646,1753401600000,
c0034e56-0cab-4743-9d7d-b6473b6aff57.binning_data.json,2025-07-27 00:56:10.773,2025-07-26 14:05:50.183,com.sec.android.app.shealth,-2,58,1.2085849,37.09,2.72,VfS0qUERdZ,com.sec.android.app.shealth,c0034e56-0cab-4743-9d7d-b6473b6aff57,1753488000000,
c57cd573-58d1-4e6a-8b37-960eff0807fd.binning_data.json,2025-07-27 03:00:05.075,2025-07-27 03:00:05.075,com.sec.android.app.shealth,0,58,1.2085849,37.09,2.72,R5wtjjS0Fd,com.sec.android.app.shealth,c57cd573-58d1-4e6a-8b37-960eff0807fd,1753488000000,
f0b15af1-860d-4426-ba74-1fa243009752.binning_data.json,2025-07-27 22:55:02.210,2025-07-27 12:35:01.833,com.sec.android.app.shealth,-2,2044,1.195372,1518.76,79.05,VfS0qUERdZ,com.sec.android.app.shealth,f0b15af1-860d-4426-ba74-1fa243009752,1753574400000,
c3366640-07b0-40fb-9e5d-ef59ecc33bbd.binning_data.json,2025-07-28 03:30:15.883,2025-07-28 03:30:15.883,com.sec.android.app.shealth,0,2044,1.195372,1518.76,79.05,R5wtjjS0Fd,com.sec.android.app.shealth,c3366640-07b0-40fb-9e5d-ef59ecc33bbd,1753574400000,
5e9e048a-2f32-4d56-bdce-1302409bb63f.binning_data.json,2025-07-29 02:06:55.033,2025-07-28 11:43:52.769,com.sec.android.app.shealth,-2,1893,1.2203909,1392.57,74.09,VfS0qUERdZ,com.sec.android.app.shealth,5e9e048a-2f32-4d56-bdce-1302409bb63f,1753660800000,
33d5807a-e885-4a50-bbe5-15936f8c779e.binning_data.json,2025-07-29 03:46:00.016,2025-07-29 03:46:00.016,com.sec.android.app.shealth,0,1893,1.2203909,1392.57,74.09,R5wtjjS0Fd,com.sec.android.app.shealth,33d5807a-e885-4a50-bbe5-15936f8c779e,1753660800000,
1fb4be0b-8624-497f-9c5b-2080909b1426.binning_data.json,2025-07-30 00:15:02.209,2025-07-29 10:50:15.293,com.sec.android.app.shealth,-2,5208,1.3073022,3899.47,198.1,VfS0qUERdZ,com.sec.android.app.shealth,1fb4be0b-8624-497f-9c5b-2080909b1426,1753747200000,
68a779bf-8322-4f82-97bb-ce31ffa1caf7.binning_data.json,2025-07-30 03:02:06.715,2025-07-30 03:02:06.715,com.sec.android.app.shealth,0,5208,1.3073022,3899.47,198.1,R5wtjjS0Fd,com.sec.android.app.shealth,68a779bf-8322-4f82-97bb-ce31ffa1caf7,1753747200000,
55b26a7f-2f25-4155-955f-4505335846ae.binning_data.json,2025-07-30 21:10:50.922,2025-07-30 13:45:26.585,com.sec.android.app.shealth,-2,1610,1.3324666,1212.35,63.100002,VfS0qUERdZ,com.sec.android.app.shealth,55b26a7f-2f25-4155-955f-4505335846ae,1753833600000,
59d98e32-6303-4035-abb6-9986bda1fbd5.binning_data.json,2025-07-31 03:43:54.255,2025-07-31 03:43:54.255,com.sec.android.app.shealth,0,1610,1.3324666,1212.35,63.100002,R5wtjjS0Fd,com.sec.android.app.shealth,59d98e32-6303-4035-abb6-9986bda1fbd5,1753833600000,
5b4c3f15-4c90-4e69-a8a8-202a3357727a.binning_data.json,2025-07-31 23:42:04.005,2025-07-31 12:19:09.507,com.sec.android.app.shealth,-2,265,1.0545986,180.64,10.55,VfS0qUERdZ,com.sec.android.app.shealth,5b4c3f15-4c90-4e69-a8a8-202a3357727a,1753920000000,
61e2b4b5-854b-40c1-a748-d794eb20f040.binning_data.json,2025-08-01 03:50:21.346,2025-08-01 03:50:21.346,com.sec.android.app.shealth,0,265,1.0545986,180.64,10.55,R5wtjjS0Fd,com.sec.android.app.shealth,61e2b4b5-854b-40c1-a748-d794eb20f040,1753920000000,
21ffe371-7064-459c-a60e-51131e1742c8.binning_data.json,2025-08-02 02:17:49.875,2025-08-01 11:55:08.302,com.sec.android.app.shealth,-2,6572,1.3124981,4944.04,257.83,VfS0qUERdZ,com.sec.android.app.shealth,21ffe371-7064-459c-a60e-51131e1742c8,1754006400000,
7576c86f-0b81-4d16-bc59-003442df4216.binning_data.json,2025-08-02 03:00:03.293,2025-08-02 03:00:03.293,com.sec.android.app.shealth,0,6572,1.3124981,4944.04,257.83,R5wtjjS0Fd,com.sec.android.app.shealth,7576c86f-0b81-4d16-bc59-003442df4216,1754006400000,
f1236d74-b796-489a-964d-86caf84479d9.binning_data.json,2025-08-02 21:28:00.154,2025-08-02 11:55:06.229,com.sec.android.app.shealth,-2,759,1.2864045,568.45,28.74,VfS0qUERdZ,com.sec.android.app.shealth,f1236d74-b796-489a-964d-86caf84479d9,1754092800000,
4d0336b3-0718-47f9-b5cd-2c8e468724ef.binning_data.json,2025-08-03 03:00:03.563,2025-08-03 03:00:03.563,com.sec.android.app.shealth,0,759,1.2864045,568.45,28.74,R5wtjjS0Fd,com.sec.android.app.shealth,4d0336b3-0718-47f9-b5cd-2c8e468724ef,1754092800000,
10cf99a2-7656-4637-b80b-86c8638f8560.binning_data.json,2025-08-03 19:40:43.123,2025-08-03 10:35:03.788,com.sec.android.app.shealth,-2,1992,1.2559927,1425.54,80.1,VfS0qUERdZ,com.sec.android.app.shealth,10cf99a2-7656-4637-b80b-86c8638f8560,1754179200000,
e654f8e1-c4f0-4246-b5b4-82c7deedd7d2.binning_data.json,2025-08-04 03:41:48.524,2025-08-04 03:41:48.524,com.sec.android.app.shealth,0,1992,1.2559927,1425.54,80.1,R5wtjjS0Fd,com.sec.android.app.shealth,e654f8e1-c4f0-4246-b5b4-82c7deedd7d2,1754179200000,
eb47ac2f-8839-40dd-8376-0caba66e8bd0.binning_data.json,2025-08-04 23:21:50.179,2025-08-04 11:45:21.846,com.sec.android.app.shealth,-2,2659,1.3509209,2016.7001,98.11,VfS0qUERdZ,com.sec.android.app.shealth,eb47ac2f-8839-40dd-8376-0caba66e8bd0,1754265600000,
644f5a07-65cf-43a1-839a-1565a4b3dd43.binning_data.json,2025-08-05 03:05:48.154,2025-08-05 03:05:48.154,com.sec.android.app.shealth,0,2659,1.3509209,2016.7001,98.11,R5wtjjS0Fd,com.sec.android.app.shealth,644f5a07-65cf-43a1-839a-1565a4b3dd43,1754265600000,
a2c35668-0ab9-485e-9d16-0f09391bc1e2.binning_data.json,2025-08-05 23:55:01.345,2025-08-05 11:19:40.196,com.sec.android.app.shealth,-2,209,1.2192411,155.0,7.72,VfS0qUERdZ,com.sec.android.app.shealth,a2c35668-0ab9-485e-9d16-0f09391bc1e2,1754352000000,
532afbf3-0798-4f32-8107-b46030017b79.binning_data.json,2025-08-06 03:00:04.519,2025-08-06 03:00:04.519,com.sec.android.app.shealth,0,209,1.2192411,155.0,7.72,R5wtjjS0Fd,com.sec.android.app.shealth,532afbf3-0798-4f32-8107-b46030017b79,1754352000000,
40b3e924-c4af-4042-a250-6f2027642f33.binning_data.json,2025-08-07 01:35:06.237,2025-08-06 11:45:35.165,com.sec.android.app.shealth,-2,4445,1.3637629,3366.6497,173.31996,VfS0qUERdZ,com.sec.android.app.shealth,40b3e924-c4af-4042-a250-6f2027642f33,1754438400000,
f5783ea4-d94d-4a5c-a2f8-961f3e52ec0a.binning_data.json,2025-08-07 03:00:07.818,2025-08-07 03:00:07.818,com.sec.android.app.shealth,0,4445,1.3637629,3366.6497,173.31996,R5wtjjS0Fd,com.sec.android.app.shealth,f5783ea4-d94d-4a5c-a2f8-961f3e52ec0a,1754438400000,
75279d9e-b959-444a-b095-831fc3daa9d1.binning_data.json,2025-08-08 00:55:04.106,2025-08-07 12:12:51.859,com.sec.android.app.shealth,-2,5486,1.3891443,4157.2,206.87,VfS0qUERdZ,com.sec.android.app.shealth,75279d9e-b959-444a-b095-831fc3daa9d1,1754524800000,
f6132f95-0a7b-40ca-b34d-2275b883acee.binning_data.json,2025-08-08 03:00:02.370,2025-08-08 03:00:02.370,com.sec.android.app.shealth,0,5486,1.3891443,4157.2,206.87,R5wtjjS0Fd,com.sec.android.app.shealth,f6132f95-0a7b-40ca-b34d-2275b883acee,1754524800000,
5f886e2f-c000-4079-b204-25ca7d608101.binning_data.json,2025-08-08 18:15:03.469,2025-08-08 14:26:24.387,com.sec.android.app.shealth,-2,4718,1.382627,3583.51,176.44,VfS0qUERdZ,com.sec.android.app.shealth,5f886e2f-c000-4079-b204-25ca7d608101,1754611200000,
1cfad8c9-3247-4362-b3c5-895439a2ed50.binning_data.json,2025-08-09 03:00:03.404,2025-08-09 03:00:03.404,com.sec.android.app.shealth,0,4718,1.382627,3583.51,176.44,R5wtjjS0Fd,com.sec.android.app.shealth,1cfad8c9-3247-4362-b3c5-895439a2ed50,1754611200000,
384919d1-183c-4de7-99f9-0be703c117ff.binning_data.json,2025-08-09 23:56:47.934,2025-08-09 12:56:32.336,com.sec.android.app.shealth,-2,2191,1.3621156,1651.55,82.66,VfS0qUERdZ,com.sec.android.app.shealth,384919d1-183c-4de7-99f9-0be703c117ff,1754697600000,
5324778f-8e2a-4641-a326-dfadb1ef82aa.binning_data.json,2025-08-10 03:00:05.353,2025-08-10 03:00:05.353,com.sec.android.app.shealth,0,2191,1.3621156,1651.55,82.66,R5wtjjS0Fd,com.sec.android.app.shealth,5324778f-8e2a-4641-a326-dfadb1ef82aa,1754697600000,
fd670691-5124-452b-adb8-5727b290c6b2.binning_data.json,2025-08-10 22:48:45.262,2025-08-10 12:18:11.977,com.sec.android.app.shealth,-2,198,1.1529925,146.01001,7.5699997,VfS0qUERdZ,com.sec.android.app.shealth,fd670691-5124-452b-adb8-5727b290c6b2,1754784000000,
501be5e3-06b1-4ab4-abfa-ef6d5b14efcc.binning_data.json,2025-08-11 03:00:04.822,2025-08-11 03:00:04.822,com.sec.android.app.shealth,0,198,1.1529925,146.01001,7.5699997,R5wtjjS0Fd,com.sec.android.app.shealth,501be5e3-06b1-4ab4-abfa-ef6d5b14efcc,1754784000000,
ecdcfdd5-37ee-4a89-83fc-7e1df5591696.binning_data.json,2025-08-11 22:35:01.149,2025-08-11 10:09:16.053,com.sec.android.app.shealth,-2,2990,1.2740786,2226.01,119.13,VfS0qUERdZ,com.sec.android.app.shealth,ecdcfdd5-37ee-4a89-83fc-7e1df5591696,1754870400000,
11dd010e-855c-41b4-b82a-133fd2ee98cc.binning_data.json,2025-08-12 03:00:12.575,2025-08-12 03:00:12.575,com.sec.android.app.shealth,0,2990,1.2740786,2226.01,119.13,R5wtjjS0Fd,com.sec.android.app.shealth,11dd010e-855c-41b4-b82a-133fd2ee98cc,1754870400000,
f1f4dc89-6f9f-4f7d-8ff7-22bf7b1ca7b6.binning_data.json,2025-08-12 21:55:02.667,2025-08-12 11:49:58.202,com.sec.android.app.shealth,-2,3399,1.2755928,2533.47,134.35,VfS0qUERdZ,com.sec.android.app.shealth,f1f4dc89-6f9f-4f7d-8ff7-22bf7b1ca7b6,1754956800000,
6a43a194-a6a4-4fbe-9377-b19d9d23c35f.binning_data.json,2025-08-13 03:00:08.172,2025-08-13 03:00:08.172,com.sec.android.app.shealth,0,3399,1.2755928,2533.47,134.35,R5wtjjS0Fd,com.sec.android.app.shealth,6a43a194-a6a4-4fbe-9377-b19d9d23c35f,1754956800000,
a2ae155a-4f13-4db2-8095-27934714be34.binning_data.json,2025-08-14 01:16:00.230,2025-08-13 12:31:28.647,com.sec.android.app.shealth,-2,1737,1.2490014,1288.4401,68.15,VfS0qUERdZ,com.sec.android.app.shealth,a2ae155a-4f13-4db2-8095-27934714be34,1755043200000,
c18dc4c1-830a-4941-af8a-7dde2a7c91e4.binning_data.json,2025-08-14 03:16:38.084,2025-08-14 03:16:38.084,com.sec.android.app.shealth,0,1737,1.2490014,1288.4401,68.15,R5wtjjS0Fd,com.sec.android.app.shealth,c18dc4c1-830a-4941-af8a-7dde2a7c91e4,1755043200000,
64d4b07c-6967-4d4d-886f-6d0ed2f973af.binning_data.json,2025-08-14 21:55:04.272,2025-08-14 15:21:26.644,com.sec.android.app.shealth,-2,266,1.1630889,193.70999,10.15,VfS0qUERdZ,com.sec.android.app.shealth,64d4b07c-6967-4d4d-886f-6d0ed2f973af,1755129600000,
983e245b-1644-48b9-9aed-e4442d61e363.binning_data.json,2025-08-15 03:00:04.184,2025-08-15 03:00:04.184,com.sec.android.app.shealth,0,266,1.1630889,193.70999,10.15,R5wtjjS0Fd,com.sec.android.app.shealth,983e245b-1644-48b9-9aed-e4442d61e363,1755129600000,
717cc10e-0cdf-45fb-8315-7924cd11f8dd.binning_data.json,2025-08-15 22:44:32.640,2025-08-15 12:26:54.116,com.sec.android.app.shealth,-2,4488,1.2941166,3370.47,173.72,VfS0qUERdZ,com.sec.android.app.shealth,717cc10e-0cdf-45fb-8315-7924cd11f8dd,1755216000000,
8ac7b6fa-6d09-44d8-baf1-83159c02bf8c.binning_data.json,2025-08-16 03:00:04.719,2025-08-16 03:00:04.719,com.sec.android.app.shealth,0,4488,1.2941166,3370.47,173.72,R5wtjjS0Fd,com.sec.android.app.shealth,8ac7b6fa-6d09-44d8-baf1-83159c02bf8c,1755216000000,
f873d260-d5de-439e-a7d6-6891510af44e.binning_data.json,2025-08-17 00:49:18.556,2025-08-16 11:34:21.978,com.sec.android.app.shealth,-2,2319,1.3445324,1755.86,87.07,VfS0qUERdZ,com.sec.android.app.shealth,f873d260-d5de-439e-a7d6-6891510af44e,1755302400000,
f505eeb4-2973-4ab2-ac0d-e7097682bf86.binning_data.json,2025-08-17 03:00:04.636,2025-08-17 03:00:04.636,com.sec.android.app.shealth,0,2319,1.3445324,1755.86,87.07,R5wtjjS0Fd,com.sec.android.app.shealth,f505eeb4-2973-4ab2-ac0d-e7097682bf86,1755302400000,
1db8bd7c-23ec-4169-adac-e9ec392dab90.binning_data.json,2025-08-18 01:15:02.183,2025-08-17 12:35:03.139,com.sec.android.app.shealth,-2,153,1.0542412,110.63,5.71,VfS0qUERdZ,com.sec.android.app.shealth,1db8bd7c-23ec-4169-adac-e9ec392dab90,1755388800000,
9168c066-efeb-467d-9788-3f3c986e8015.binning_data.json,2025-08-18 03:00:09.256,2025-08-18 03:00:09.256,com.sec.android.app.shealth,0,153,1.0542412,110.63,5.71,R5wtjjS0Fd,com.sec.android.app.shealth,9168c066-efeb-467d-9788-3f3c986e8015,1755388800000,
f435cbf6-c526-45f6-aaac-e5972b2e0e47.binning_data.json,2025-08-18 22:55:03.724,2025-08-18 12:15:06.576,com.sec.android.app.shealth,-2,2422,1.2589301,1805.54,95.0,VfS0qUERdZ,com.sec.android.app.shealth,f435cbf6-c526-45f6-aaac-e5972b2e0e47,1755475200000,
f2284b47-d29a-4ea3-8464-782491f2f9cb.binning_data.json,2025-08-19 03:05:54.251,2025-08-19 03:05:54.251,com.sec.android.app.shealth,0,2422,1.2589301,1805.54,95.0,R5wtjjS0Fd,com.sec.android.app.shealth,f2284b47-d29a-4ea3-8464-782491f2f9cb,1755475200000,
d802cf2c-b85b-409b-a74f-8923a33e2c53.binning_data.json,2025-08-19 15:35:03.160,2025-08-19 06:31:42.574,com.sec.android.app.shealth,-2,676,1.1429245,483.81,27.45,VfS0qUERdZ,com.sec.android.app.shealth,d802cf2c-b85b-409b-a74f-8923a33e2c53,1755561600000,
569e337f-1262-4349-909c-9a8e8e398817.binning_data.json,2025-08-20 04:17:46.058,2025-08-20 04:17:46.058,com.sec.android.app.shealth,0,676,1.1429245,483.81,27.45,R5wtjjS0Fd,com.sec.android.app.shealth,569e337f-1262-4349-909c-9a8e8e398817,1755561600000,
9c4e59c1-188e-49b6-b597-efd8ad2c7873.binning_data.json,2025-08-21 01:05:59.984,2025-08-20 13:05:53.243,com.sec.android.app.shealth,-2,218,1.037015,151.41,8.59,VfS0qUERdZ,com.sec.android.app.shealth,9c4e59c1-188e-49b6-b597-efd8ad2c7873,1755648000000,
aca5b2d8-4f41-4738-b6f6-543511955067.binning_data.json,2025-08-21 03:00:04.419,2025-08-21 03:00:04.419,com.sec.android.app.shealth,0,218,1.037015,151.41,8.59,R5wtjjS0Fd,com.sec.android.app.shealth,aca5b2d8-4f41-4738-b6f6-543511955067,1755648000000,
d8c8c622-d399-4d62-8d2d-429ac863249c.binning_data.json,2025-08-22 00:15:04.632,2025-08-21 12:55:01.686,com.sec.android.app.shealth,-2,218,1.1141843,156.59999,8.29,VfS0qUERdZ,com.sec.android.app.shealth,d8c8c622-d399-4d62-8d2d-429ac863249c,1755734400000,
93de723f-4e01-42d2-8403-d8ac0475cd54.binning_data.json,2025-08-22 03:00:03.801,2025-08-22 03:00:03.801,com.sec.android.app.shealth,0,218,1.1141843,156.59999,8.29,R5wtjjS0Fd,com.sec.android.app.shealth,93de723f-4e01-42d2-8403-d8ac0475cd54,1755734400000,
79038455-34f6-45f2-969c-67437455ae82.binning_data.json,2025-08-22 18:44:39.973,2025-08-22 12:14:53.337,com.sec.android.app.shealth,-2,1551,1.1788346,1130.29,60.7,VfS0qUERdZ,com.sec.android.app.shealth,79038455-34f6-45f2-969c-67437455ae82,1755820800000,
6a04bcb3-bd1e-46bd-86a4-dcb4c6ad3dec.binning_data.json,2025-08-23 04:23:22.646,2025-08-23 04:23:22.646,com.sec.android.app.shealth,0,1551,1.1788346,1130.29,60.7,R5wtjjS0Fd,com.sec.android.app.shealth,6a04bcb3-bd1e-46bd-86a4-dcb4c6ad3dec,1755820800000,
868023a3-faff-49a0-aa29-d5e2d994b42d.binning_data.json,2025-08-25 05:00:36.892,2025-08-23 11:22:24.267,com.sec.android.app.shealth,-2,351,1.1228964,251.17,13.5,VfS0qUERdZ,com.sec.android.app.shealth,868023a3-faff-49a0-aa29-d5e2d994b42d,1755907200000,
b67844f4-4083-4b90-bcac-f2a36ac3c5f6.binning_data.json,2025-08-24 03:15:03.714,2025-08-24 03:00:03.756,com.sec.android.app.shealth,0,351,1.1228964,251.17,13.5,R5wtjjS0Fd,com.sec.android.app.shealth,b67844f4-4083-4b90-bcac-f2a36ac3c5f6,1755907200000,
88e015a0-c9ac-402e-a3dd-2dc9e0fae8e4.binning_data.json,2025-08-24 21:35:06.364,2025-08-24 11:29:27.207,com.sec.android.app.shealth,-2,277,1.1756767,201.28,10.55,VfS0qUERdZ,com.sec.android.app.shealth,88e015a0-c9ac-402e-a3dd-2dc9e0fae8e4,1755993600000,
9cb32404-e5bf-4f7a-b993-31db27412905.binning_data.json,2025-08-25 05:00:19.716,2025-08-25 05:00:19.716,com.sec.android.app.shealth,0,277,1.1756767,201.28,10.55,R5wtjjS0Fd,com.sec.android.app.shealth,9cb32404-e5bf-4f7a-b993-31db27412905,1755993600000,
902eed10-fbeb-476b-9b05-7aadd1cc67aa.binning_data.json,2025-08-26 02:38:38.450,2025-08-25 11:23:54.649,com.sec.android.app.shealth,-2,119,1.067326,86.64,4.49,VfS0qUERdZ,com.sec.android.app.shealth,902eed10-fbeb-476b-9b05-7aadd1cc67aa,1756080000000,
30e246f8-e15a-4709-9518-30178fa4790a.binning_data.json,2025-08-26 03:00:03.807,2025-08-26 03:00:03.807,com.sec.android.app.shealth,0,119,1.067326,86.64,4.49,R5wtjjS0Fd,com.sec.android.app.shealth,30e246f8-e15a-4709-9518-30178fa4790a,1756080000000,
55ae90ab-9867-47c7-9582-5fc38e98603c.binning_data.json,2025-08-26 23:47:29.240,2025-08-26 11:06:10.768,com.sec.android.app.shealth,-2,2471,1.2502562,1845.99,93.81,VfS0qUERdZ,com.sec.android.app.shealth,55ae90ab-9867-47c7-9582-5fc38e98603c,1756166400000,
5fc5dc23-5b70-4d8a-b0dd-4da601ea6e81.binning_data.json,2025-08-27 03:08:20.399,2025-08-27 03:08:20.399,com.sec.android.app.shealth,0,2471,1.2502562,1845.99,93.81,R5wtjjS0Fd,com.sec.android.app.shealth,5fc5dc23-5b70-4d8a-b0dd-4da601ea6e81,1756166400000,
5027051e-26d2-40d5-8116-8a09a7da93f8.binning_data.json,2025-08-27 18:17:17.808,2025-08-27 13:13:40.440,com.sec.android.app.shealth,-2,1788,1.2583147,1324.59,70.52,VfS0qUERdZ,com.sec.android.app.shealth,5027051e-26d2-40d5-8116-8a09a7da93f8,1756252800000,
fe78dd26-5d85-400e-81a3-46a38ab7ecf4.binning_data.json,2025-08-28 03:00:03.012,2025-08-28 03:00:03.012,com.sec.android.app.shealth,0,1788,1.2583147,1324.59,70.52,R5wtjjS0Fd,com.sec.android.app.shealth,fe78dd26-5d85-400e-81a3-46a38ab7ecf4,1756252800000,
5292e3f6-177d-441c-80d6-65467a660a13.binning_data.json,2025-08-29 01:15:03.264,2025-08-28 13:55:02.985,com.sec.android.app.shealth,-2,6066,1.3481879,4552.63,237.84,VfS0qUERdZ,com.sec.android.app.shealth,5292e3f6-177d-441c-80d6-65467a660a13,1756339200000,
2e9dd743-9048-43f3-a21d-faf9216a49a4.binning_data.json,2025-08-29 03:00:03.890,2025-08-29 03:00:03.890,com.sec.android.app.shealth,0,6066,1.3481879,4552.63,237.84,R5wtjjS0Fd,com.sec.android.app.shealth,2e9dd743-9048-43f3-a21d-faf9216a49a4,1756339200000,
4353150c-a8ec-4af6-8f04-eb4711d0040c.binning_data.json,2025-08-29 22:50:59.358,2025-08-29 12:55:02.904,com.sec.android.app.shealth,-2,52,1.0225879,34.96,1.98,VfS0qUERdZ,com.sec.android.app.shealth,4353150c-a8ec-4af6-8f04-eb4711d0040c,1756425600000,
af3688cb-9989-43dd-af22-bc69ad005863.binning_data.json,2025-08-30 03:00:06.594,2025-08-30 03:00:06.594,com.sec.android.app.shealth,0,52,1.0225879,34.96,1.98,R5wtjjS0Fd,com.sec.android.app.shealth,af3688cb-9989-43dd-af22-bc69ad005863,1756425600000,
1654793c-9acc-41d1-9953-33e279473683.binning_data.json,2025-08-31 01:35:31.281,2025-08-30 12:08:38.911,com.sec.android.app.shealth,-2,429,1.1177038,310.39,16.48,VfS0qUERdZ,com.sec.android.app.shealth,1654793c-9acc-41d1-9953-33e279473683,1756512000000,
7095d98d-77f0-4732-b270-c6f661a1f638.binning_data.json,2025-08-31 03:00:04.834,2025-08-31 03:00:04.834,com.sec.android.app.shealth,0,429,1.1177038,310.39,16.48,R5wtjjS0Fd,com.sec.android.app.shealth,7095d98d-77f0-4732-b270-c6f661a1f638,1756512000000,
ac234e46-f5e7-41b6-bf49-b387f2787423.binning_data.json,2025-08-31 20:25:42.127,2025-08-31 10:15:03.675,com.sec.android.app.shealth,-2,1132,1.2517372,813.28,45.84,VfS0qUERdZ,com.sec.android.app.shealth,ac234e46-f5e7-41b6-bf49-b387f2787423,1756598400000,
e22c6fe3-a0b2-4bca-b1d3-534d7bd6d5cd.binning_data.json,2025-09-01 03:01:03.592,2025-09-01 03:01:03.592,com.sec.android.app.shealth,0,1132,1.2517372,813.28,45.84,R5wtjjS0Fd,com.sec.android.app.shealth,e22c6fe3-a0b2-4bca-b1d3-534d7bd6d5cd,1756598400000,
eb661a5d-2f28-4ff6-bc80-f38969c628a7.binning_data.json,2025-09-01 22:40:22.090,2025-09-01 13:35:03.373,com.sec.android.app.shealth,-2,73,1.0432243,52.83,2.73,VfS0qUERdZ,com.sec.android.app.shealth,eb661a5d-2f28-4ff6-bc80-f38969c628a7,1756684800000,
cac71586-6b3c-4096-b30d-04ed396a8e31.binning_data.json,2025-09-02 03:00:09.360,2025-09-02 03:00:09.360,com.sec.android.app.shealth,0,73,1.0432243,52.83,2.73,R5wtjjS0Fd,com.sec.android.app.shealth,cac71586-6b3c-4096-b30d-04ed396a8e31,1756684800000,
bc16730d-1edb-4533-8241-c9ebbb23e6e6.binning_data.json,2025-09-02 14:34:37.974,2025-09-02 11:33:10.415,com.sec.android.app.shealth,-2,1692,1.2698102,1253.19,65.05,VfS0qUERdZ,com.sec.android.app.shealth,bc16730d-1edb-4533-8241-c9ebbb23e6e6,1756771200000,
4f03b0cb-d291-444f-a250-d6da240e04e1.binning_data.json,2025-09-03 04:00:08.815,2025-09-03 04:00:08.815,com.sec.android.app.shealth,0,1692,1.2698102,1253.19,65.05,R5wtjjS0Fd,com.sec.android.app.shealth,4f03b0cb-d291-444f-a250-d6da240e04e1,1756771200000,
e6a5618f-5ac5-4b29-bc2c-73ffba7243a5.binning_data.json,2025-09-03 23:35:01.030,2025-09-03 10:55:02.549,com.sec.android.app.shealth,-2,9942,1.3113629,7468.58,394.15,VfS0qUERdZ,com.sec.android.app.shealth,e6a5618f-5ac5-4b29-bc2c-73ffba7243a5,1756857600000,
ea3b2b92-7313-49ad-a333-fa995b1b2707.binning_data.json,2025-09-04 04:30:26.163,2025-09-04 04:30:26.163,com.sec.android.app.shealth,0,9942,1.3113629,7468.58,394.15,R5wtjjS0Fd,com.sec.android.app.shealth,ea3b2b92-7313-49ad-a333-fa995b1b2707,1756857600000,
0c112734-7798-4d86-b041-9e5459b78321.binning_data.json,2025-09-05 01:59:19.001,2025-09-04 11:15:01.851,com.sec.android.app.shealth,-2,1642,1.2792113,1200.28,63.48,VfS0qUERdZ,com.sec.android.app.shealth,0c112734-7798-4d86-b041-9e5459b78321,1756944000000,
e265ce7c-7c4a-4f61-92e0-a45865ab48cb.binning_data.json,2025-09-05 03:00:09.463,2025-09-05 03:00:09.463,com.sec.android.app.shealth,0,1642,1.2792113,1200.28,63.48,R5wtjjS0Fd,com.sec.android.app.shealth,e265ce7c-7c4a-4f61-92e0-a45865ab48cb,1756944000000,
244ca1bc-e405-4bf2-be30-4b2c3936bf88.binning_data.json,2025-09-05 21:06:14.876,2025-09-05 20:49:35.691,com.sec.android.app.shealth,-2,40,1.2546674,30.02,1.4699999,VfS0qUERdZ,com.sec.android.app.shealth,244ca1bc-e405-4bf2-be30-4b2c3936bf88,1757030400000,
11fb5a0c-3fde-424d-bb11-4fdf7e4ef9ac.binning_data.json,2025-09-06 04:57:46.154,2025-09-06 04:57:46.154,com.sec.android.app.shealth,0,40,1.2546674,30.02,1.4699999,R5wtjjS0Fd,com.sec.android.app.shealth,11fb5a0c-3fde-424d-bb11-4fdf7e4ef9ac,1757030400000,
355cffc9-c7f6-4811-875e-910ae621d810.binning_data.json,2025-09-07 00:11:32.224,2025-09-06 13:11:17.167,com.sec.android.app.shealth,-2,188,1.120661,136.43,6.96,VfS0qUERdZ,com.sec.android.app.shealth,355cffc9-c7f6-4811-875e-910ae621d810,1757116800000,
5595d354-485e-433c-8be3-f4a50b3312ce.binning_data.json,2025-09-07 04:11:57.252,2025-09-07 04:11:57.252,com.sec.android.app.shealth,0,188,1.120661,136.43,6.96,R5wtjjS0Fd,com.sec.android.app.shealth,5595d354-485e-433c-8be3-f4a50b3312ce,1757116800000,
9c3fe480-60b8-4632-8052-c373630942b8.binning_data.json,2025-09-07 23:50:06.533,2025-09-07 10:49:20.800,com.sec.android.app.shealth,-2,9801,1.315158,7376.34,391.59,VfS0qUERdZ,com.sec.android.app.shealth,9c3fe480-60b8-4632-8052-c373630942b8,1757203200000,
73392401-961d-48c2-82de-85fbe0d8fa0a.binning_data.json,2025-09-08 03:52:13.646,2025-09-08 03:52:13.646,com.sec.android.app.shealth,0,9801,1.315158,7376.34,391.59,R5wtjjS0Fd,com.sec.android.app.shealth,73392401-961d-48c2-82de-85fbe0d8fa0a,1757203200000,
c95a15e0-1e46-45ed-a03a-b47a2228d7ef.binning_data.json,2025-09-08 16:55:02.628,2025-09-08 13:07:30.422,com.sec.android.app.shealth,-2,2688,1.3152337,2022.63,105.53,VfS0qUERdZ,com.sec.android.app.shealth,c95a15e0-1e46-45ed-a03a-b47a2228d7ef,1757289600000,
0b59b50e-16cb-470d-bed3-c5f590995275.binning_data.json,2025-09-09 04:48:02.472,2025-09-09 04:48:02.472,com.sec.android.app.shealth,0,2688,1.3152337,2022.63,105.53,R5wtjjS0Fd,com.sec.android.app.shealth,0b59b50e-16cb-470d-bed3-c5f590995275,1757289600000,
8a071812-e661-4bb4-9d26-33914dd7bebb.binning_data.json,2025-09-09 22:17:25.898,2025-09-09 12:20:39.802,com.sec.android.app.shealth,-2,4173,1.2657647,3097.25,166.33,VfS0qUERdZ,com.sec.android.app.shealth,8a071812-e661-4bb4-9d26-33914dd7bebb,1757376000000,
bb8ebe1b-0918-4f8d-b324-7505b9ed7900.binning_data.json,2025-09-10 03:00:04.376,2025-09-10 03:00:04.376,com.sec.android.app.shealth,0,4173,1.2657647,3097.25,166.33,R5wtjjS0Fd,com.sec.android.app.shealth,bb8ebe1b-0918-4f8d-b324-7505b9ed7900,1757376000000,
e0fec226-5117-4922-ae31-27121ae54492.binning_data.json,2025-09-10 20:55:01.378,2025-09-10 12:55:03.589,com.sec.android.app.shealth,-2,46,0.96464056,32.76,1.72,VfS0qUERdZ,com.sec.android.app.shealth,e0fec226-5117-4922-ae31-27121ae54492,1757462400000,
abb80b11-cbc0-42a0-acc7-995085462747.binning_data.json,2025-09-11 03:00:03.779,2025-09-11 03:00:03.779,com.sec.android.app.shealth,0,46,0.96464056,32.76,1.72,R5wtjjS0Fd,com.sec.android.app.shealth,abb80b11-cbc0-42a0-acc7-995085462747,1757462400000,
a8833e47-0cb9-4c9a-8799-6ad0d3868063.binning_data.json,2025-09-11 23:35:01.556,2025-09-11 12:28:33.361,com.sec.android.app.shealth,-2,113,1.1055577,82.07,4.25,VfS0qUERdZ,com.sec.android.app.shealth,a8833e47-0cb9-4c9a-8799-6ad0d3868063,1757548800000,
25ea3a2a-d673-483e-85c5-2b3a39508c07.binning_data.json,2025-09-12 03:00:02.699,2025-09-12 03:00:02.699,com.sec.android.app.shealth,0,113,1.1055577,82.07,4.25,R5wtjjS0Fd,com.sec.android.app.shealth,25ea3a2a-d673-483e-85c5-2b3a39508c07,1757548800000,
fe1d6b24-d48d-45df-9ccc-bfa8d34702eb.binning_data.json,2025-09-13 01:35:08.272,2025-09-12 18:35:02.403,com.sec.android.app.shealth,-2,96,1.0264935,65.93,3.92,VfS0qUERdZ,com.sec.android.app.shealth,fe1d6b24-d48d-45df-9ccc-bfa8d34702eb,1757635200000,
577c64ad-3f66-4c85-819c-beba61c91868.binning_data.json,2025-09-13 03:00:02.182,2025-09-13 03:00:02.182,com.sec.android.app.shealth,0,96,1.0264935,65.93,3.92,R5wtjjS0Fd,com.sec.android.app.shealth,577c64ad-3f66-4c85-819c-beba61c91868,1757635200000,
a3cf3963-ea59-4877-a3c4-e0d82b38672c.binning_data.json,2025-09-14 00:31:00.922,2025-09-13 11:15:01.342,com.sec.android.app.shealth,-2,3335,1.4162443,2534.72,114.46,VfS0qUERdZ,com.sec.android.app.shealth,a3cf3963-ea59-4877-a3c4-e0d82b38672c,1757721600000,
78bd0535-71ad-4fe2-86dc-290d358d00c9.binning_data.json,2025-09-14 03:45:51.058,2025-09-14 03:45:51.058,com.sec.android.app.shealth,0,3335,1.4162443,2534.72,114.46,R5wtjjS0Fd,com.sec.android.app.shealth,78bd0535-71ad-4fe2-86dc-290d358d00c9,1757721600000,
62c9f410-e66c-4a68-a8dd-9e92f18c9574.binning_data.json,2025-09-14 16:58:45.297,2025-09-14 13:15:00.324,com.sec.android.app.shealth,-2,1878,1.33776,1421.21,67.43,VfS0qUERdZ,com.sec.android.app.shealth,62c9f410-e66c-4a68-a8dd-9e92f18c9574,1757808000000,
e279ab62-38cf-4761-9a64-7e323f58a5be.binning_data.json,2025-09-15 03:00:01.795,2025-09-15 03:00:01.795,com.sec.android.app.shealth,0,1878,1.33776,1421.21,67.43,R5wtjjS0Fd,com.sec.android.app.shealth,e279ab62-38cf-4761-9a64-7e323f58a5be,1757808000000,
aaefe8c7-f651-460f-9677-8c003927ae77.binning_data.json,2025-09-15 23:40:11.597,2025-09-15 13:30:10.468,com.sec.android.app.shealth,-2,5463,1.2887363,4093.81,215.56999,VfS0qUERdZ,com.sec.android.app.shealth,aaefe8c7-f651-460f-9677-8c003927ae77,1757894400000,
36cc7327-846d-4c17-9078-1e9ba94c21ba.binning_data.json,2025-09-16 03:30:20.363,2025-09-16 03:30:20.363,com.sec.android.app.shealth,0,5463,1.2887363,4093.81,215.56999,R5wtjjS0Fd,com.sec.android.app.shealth,36cc7327-846d-4c17-9078-1e9ba94c21ba,1757894400000,
56720a0d-1622-4e07-afd1-645cd80e5cb1.binning_data.json,2025-09-16 23:55:01.877,2025-09-16 11:07:13.399,com.sec.android.app.shealth,-2,7078,1.3267432,5332.38,261.08,VfS0qUERdZ,com.sec.android.app.shealth,56720a0d-1622-4e07-afd1-645cd80e5cb1,1757980800000,
885de967-1985-4bec-8791-d2191baa4740.binning_data.json,2025-09-17 03:49:09.138,2025-09-17 03:49:09.138,com.sec.android.app.shealth,0,7078,1.3267432,5332.38,261.08,R5wtjjS0Fd,com.sec.android.app.shealth,885de967-1985-4bec-8791-d2191baa4740,1757980800000,
508c2220-46bd-462e-a5c0-f973bff5f942.binning_data.json,2025-09-17 22:18:53.785,2025-09-17 13:30:11.094,com.sec.android.app.shealth,-2,115,1.0909898,83.34,4.2999997,VfS0qUERdZ,com.sec.android.app.shealth,508c2220-46bd-462e-a5c0-f973bff5f942,1758067200000,
383be0c8-9481-4b25-be8a-f0a91fdad0d9.binning_data.json,2025-09-18 03:00:03.126,2025-09-18 03:00:03.126,com.sec.android.app.shealth,0,115,1.0909898,83.34,4.2999997,R5wtjjS0Fd,com.sec.android.app.shealth,383be0c8-9481-4b25-be8a-f0a91fdad0d9,1758067200000,
b28f4fba-8325-4f9f-ab72-5c8b947ff629.binning_data.json,2025-09-18 22:36:34.951,2025-09-18 10:09:06.805,com.sec.android.app.shealth,-2,3249,1.2232453,2408.34,125.77,VfS0qUERdZ,com.sec.android.app.shealth,b28f4fba-8325-4f9f-ab72-5c8b947ff629,1758153600000,
db0c4e49-036c-4e06-b0f0-9be4546f9a71.binning_data.json,2025-09-19 04:49:47.445,2025-09-19 04:49:47.445,com.sec.android.app.shealth,0,3249,1.2232453,2408.34,125.77,R5wtjjS0Fd,com.sec.android.app.shealth,db0c4e49-036c-4e06-b0f0-9be4546f9a71,1758153600000,
8c3c69f4-5525-4b71-883f-9215c2540305.binning_data.json,2025-09-19 22:35:02.809,2025-09-19 13:13:00.610,com.sec.android.app.shealth,-2,1374,1.1927832,1013.48,52.55,VfS0qUERdZ,com.sec.android.app.shealth,8c3c69f4-5525-4b71-883f-9215c2540305,1758240000000,
804428c9-a49c-4408-bbb7-deec0fcff7c6.binning_data.json,2025-09-20 03:00:05.789,2025-09-20 03:00:05.789,com.sec.android.app.shealth,0,1374,1.1927832,1013.48,52.55,R5wtjjS0Fd,com.sec.android.app.shealth,804428c9-a49c-4408-bbb7-deec0fcff7c6,1758240000000,
be96f568-7dc3-4694-b8a9-4861ea860975.binning_data.json,2025-09-20 16:01:58.069,2025-09-20 11:15:02.855,com.sec.android.app.shealth,-2,8354,1.3179424,6302.93,316.09,VfS0qUERdZ,com.sec.android.app.shealth,be96f568-7dc3-4694-b8a9-4861ea860975,1758326400000,
79480e1a-dc0d-4d38-a3ac-4dc03ba52814.binning_data.json,2025-09-21 04:35:11.578,2025-09-21 04:35:11.578,com.sec.android.app.shealth,0,8354,1.3179424,6302.93,316.09,R5wtjjS0Fd,com.sec.android.app.shealth,79480e1a-dc0d-4d38-a3ac-4dc03ba52814,1758326400000,
09bb6288-9715-482b-972f-373324ac8cb0.binning_data.json,2025-09-21 20:25:02.755,2025-09-21 10:45:02.594,com.sec.android.app.shealth,-2,117,1.0789796,84.88,4.33,VfS0qUERdZ,com.sec.android.app.shealth,09bb6288-9715-482b-972f-373324ac8cb0,1758412800000,
dee5bebc-0d1a-4e03-99a8-4ba7aee3c02b.binning_data.json,2025-09-22 03:11:36.815,2025-09-22 03:11:36.815,com.sec.android.app.shealth,0,117,1.0789796,84.88,4.33,R5wtjjS0Fd,com.sec.android.app.shealth,dee5bebc-0d1a-4e03-99a8-4ba7aee3c02b,1758412800000,
feab44a1-f6cf-4f21-853c-f74812666363.binning_data.json,2025-09-22 23:15:07.629,2025-09-22 14:54:28.511,com.sec.android.app.shealth,-2,44,1.0420127,30.669998,1.6100001,VfS0qUERdZ,com.sec.android.app.shealth,feab44a1-f6cf-4f21-853c-f74812666363,1758499200000,
779b14e2-23b2-4b8f-8a2f-113473b03597.binning_data.json,2025-09-23 04:18:44.488,2025-09-23 04:18:44.488,com.sec.android.app.shealth,0,44,1.0420127,30.669998,1.6100001,R5wtjjS0Fd,com.sec.android.app.shealth,779b14e2-23b2-4b8f-8a2f-113473b03597,1758499200000,
ce5620e1-4de0-4a0f-9c72-ead8a1bb58b3.binning_data.json,2025-09-23 23:08:17.729,2025-09-23 10:52:24.472,com.sec.android.app.shealth,-2,2632,1.2661697,1970.47,100.14,VfS0qUERdZ,com.sec.android.app.shealth,ce5620e1-4de0-4a0f-9c72-ead8a1bb58b3,1758585600000,
d5bc7021-5f84-4bc5-abac-7841cc777f84.binning_data.json,2025-09-24 04:21:59.569,2025-09-24 04:21:59.569,com.sec.android.app.shealth,0,2632,1.2661697,1970.47,100.14,R5wtjjS0Fd,com.sec.android.app.shealth,d5bc7021-5f84-4bc5-abac-7841cc777f84,1758585600000,
5f58b2be-141d-464e-8c2c-11ce12b38c3a.binning_data.json,2025-09-25 01:26:48.592,2025-09-24 14:13:22.527,com.sec.android.app.shealth,-2,88,1.1224177,63.860004,3.2599998,VfS0qUERdZ,com.sec.android.app.shealth,5f58b2be-141d-464e-8c2c-11ce12b38c3a,1758672000000,
1d6e182b-8329-4b5f-bdb3-6d0fb9d8eafe.binning_data.json,2025-09-25 03:00:02.558,2025-09-25 03:00:02.558,com.sec.android.app.shealth,0,88,1.1224177,63.860004,3.2599998,R5wtjjS0Fd,com.sec.android.app.shealth,1d6e182b-8329-4b5f-bdb3-6d0fb9d8eafe,1758672000000,
a65ea757-7865-41ff-9a42-448c1d73a079.binning_data.json,2025-09-25 13:55:01.232,2025-09-25 12:55:01.908,com.sec.android.app.shealth,-2,1909,1.3173815,1427.22,71.26,VfS0qUERdZ,com.sec.android.app.shealth,a65ea757-7865-41ff-9a42-448c1d73a079,1758758400000,
cae88a5c-a237-4c5e-bede-8e2105946c89.binning_data.json,2025-09-26 03:00:03.247,2025-09-26 03:00:03.247,com.sec.android.app.shealth,0,1909,1.3173815,1427.22,71.26,R5wtjjS0Fd,com.sec.android.app.shealth,cae88a5c-a237-4c5e-bede-8e2105946c89,1758758400000,
07885691-c653-4b2f-b4ef-c682ae8270bc.binning_data.json,2025-09-26 20:35:03.090,2025-09-26 11:54:36.481,com.sec.android.app.shealth,-2,4844,1.214649,3587.45,187.48,VfS0qUERdZ,com.sec.android.app.shealth,07885691-c653-4b2f-b4ef-c682ae8270bc,1758844800000,
e61b1ada-f733-482e-b742-73595fd6613f.binning_data.json,2025-09-27 03:00:02.981,2025-09-27 03:00:02.981,com.sec.android.app.shealth,0,4844,1.214649,3587.45,187.48,R5wtjjS0Fd,com.sec.android.app.shealth,e61b1ada-f733-482e-b742-73595fd6613f,1758844800000,
46e0de72-a28c-4004-9b5f-1d7ebe1d14a5.binning_data.json,2025-09-28 21:22:10.495,2025-09-28 17:35:02.851,com.sec.android.app.shealth,-2,3898,1.1186132,2853.73,150.86,VfS0qUERdZ,com.sec.android.app.shealth,46e0de72-a28c-4004-9b5f-1d7ebe1d14a5,1759017600000,
9e4481bd-c6de-433d-a4e6-7fbeb5064440.binning_data.json,2025-09-29 03:00:03.718,2025-09-29 03:00:03.718,com.sec.android.app.shealth,0,3898,1.1186132,2853.73,150.86,R5wtjjS0Fd,com.sec.android.app.shealth,9e4481bd-c6de-433d-a4e6-7fbeb5064440,1759017600000,
0876a0ef-bc8e-496b-aebf-e42655a2cad3.binning_data.json,2025-09-29 13:15:04.028,2025-09-29 12:15:01.834,com.sec.android.app.shealth,-2,1060,1.1677312,779.94,41.75,VfS0qUERdZ,com.sec.android.app.shealth,0876a0ef-bc8e-496b-aebf-e42655a2cad3,1759104000000,
2a22c6b7-fbc3-4365-8a3d-6d9fc1f88292.binning_data.json,2025-09-30 03:00:04.416,2025-09-30 03:00:04.416,com.sec.android.app.shealth,0,1060,1.1677312,779.94,41.75,R5wtjjS0Fd,com.sec.android.app.shealth,2a22c6b7-fbc3-4365-8a3d-6d9fc1f88292,1759104000000,
8fd31547-d086-4f51-8dc4-0b774182b7e1.binning_data.json,2025-09-30 18:35:01.323,2025-09-30 14:30:21.823,com.sec.android.app.shealth,-2,2146,1.2006059,1586.9,83.549995,VfS0qUERdZ,com.sec.android.app.shealth,8fd31547-d086-4f51-8dc4-0b774182b7e1,1759190400000,
4d703379-6d34-404c-8d45-33d092ee5984.binning_data.json,2025-10-01 03:00:04.067,2025-10-01 03:00:04.067,com.sec.android.app.shealth,0,2146,1.2006059,1586.9,83.549995,R5wtjjS0Fd,com.sec.android.app.shealth,4d703379-6d34-404c-8d45-33d092ee5984,1759190400000,
c8b6c86e-15a3-426d-aa4b-ce9a2689fba3.binning_data.json,2025-10-01 20:37:56.038,2025-10-01 10:35:02.095,com.sec.android.app.shealth,-2,4283,1.2001183,3161.65,169.31,VfS0qUERdZ,com.sec.android.app.shealth,c8b6c86e-15a3-426d-aa4b-ce9a2689fba3,1759276800000,
783838f0-f502-4197-8623-48182dc470c9.binning_data.json,2025-10-02 03:52:02.876,2025-10-02 03:52:02.876,com.sec.android.app.shealth,0,4283,1.2001183,3161.65,169.31,R5wtjjS0Fd,com.sec.android.app.shealth,783838f0-f502-4197-8623-48182dc470c9,1759276800000,
0d97cac0-b4a1-440a-a665-9478fc06cc51.binning_data.json,2025-10-02 19:06:30.844,2025-10-02 13:28:36.864,com.sec.android.app.shealth,-2,573,1.1040303,414.03,22.37,VfS0qUERdZ,com.sec.android.app.shealth,0d97cac0-b4a1-440a-a665-9478fc06cc51,1759363200000,
456309e9-32a6-4486-9b4f-345e5e098e71.binning_data.json,2025-10-03 03:00:07.772,2025-10-03 03:00:07.772,com.sec.android.app.shealth,0,573,1.1040303,414.03,22.37,R5wtjjS0Fd,com.sec.android.app.shealth,456309e9-32a6-4486-9b4f-345e5e098e71,1759363200000,
1ad04d5d-c4ec-419f-bf00-744a7a1b34f6.binning_data.json,2025-10-04 23:35:01.669,2025-10-04 18:06:41.691,com.sec.android.app.shealth,-2,41,1.0311342,28.67,1.5899999,VfS0qUERdZ,com.sec.android.app.shealth,1ad04d5d-c4ec-419f-bf00-744a7a1b34f6,1759536000000,
226205a5-8987-46c7-b45a-31e0cd6e1cbb.binning_data.json,2025-10-05 03:32:30.834,2025-10-05 03:32:30.834,com.sec.android.app.shealth,0,41,1.0311342,28.67,1.5899999,R5wtjjS0Fd,com.sec.android.app.shealth,226205a5-8987-46c7-b45a-31e0cd6e1cbb,1759536000000,
26d6ce33-985c-4708-b92d-27da6db5933a.binning_data.json,2025-10-05 11:35:02.770,2025-10-05 11:19:16.068,com.sec.android.app.shealth,-2,73,1.1458304,49.79,2.78,VfS0qUERdZ,com.sec.android.app.shealth,26d6ce33-985c-4708-b92d-27da6db5933a,1759622400000,
fddd52bc-6171-4096-9e0f-37b94644eb40.binning_data.json,2025-10-06 03:39:34.683,2025-10-06 03:39:34.683,com.sec.android.app.shealth,0,73,1.1458304,49.79,2.78,R5wtjjS0Fd,com.sec.android.app.shealth,fddd52bc-6171-4096-9e0f-37b94644eb40,1759622400000,
35b3f6ea-fc0c-4d25-ba41-fc862d645638.binning_data.json,2025-10-06 19:42:35.792,2025-10-06 19:41:33.338,com.sec.android.app.shealth,-2,94,1.0670235,68.0,3.62,VfS0qUERdZ,com.sec.android.app.shealth,35b3f6ea-fc0c-4d25-ba41-fc862d645638,1759708800000,
80679cdb-2186-4959-bf57-e59c2a073936.binning_data.json,2025-10-07 03:00:02.478,2025-10-07 03:00:02.478,com.sec.android.app.shealth,0,94,1.0670235,68.0,3.62,R5wtjjS0Fd,com.sec.android.app.shealth,80679cdb-2186-4959-bf57-e59c2a073936,1759708800000,
f403bb5e-845c-4b10-8517-d311fd0796cd.binning_data.json,2025-10-07 21:43:39.865,2025-10-07 13:35:03.329,com.sec.android.app.shealth,-2,3609,1.2787966,2671.76,137.73,VfS0qUERdZ,com.sec.android.app.shealth,f403bb5e-845c-4b10-8517-d311fd0796cd,1759795200000,
93e59868-73c9-42ed-a0d8-cf9a913083a2.binning_data.json,2025-10-08 03:00:02.506,2025-10-08 03:00:02.506,com.sec.android.app.shealth,0,3609,1.2787966,2671.76,137.73,R5wtjjS0Fd,com.sec.android.app.shealth,93e59868-73c9-42ed-a0d8-cf9a913083a2,1759795200000,
38efc8c3-87f6-41c6-9c19-6c9987f0746f.binning_data.json,2025-10-09 21:55:01.374,2025-10-09 16:14:54.018,com.sec.android.app.shealth,-2,718,1.2102826,532.84,27.25,VfS0qUERdZ,com.sec.android.app.shealth,38efc8c3-87f6-41c6-9c19-6c9987f0746f,1759968000000,
fc2e4b8e-9e90-444f-a0bc-2f7bec3fbf25.binning_data.json,2025-10-10 03:00:02.676,2025-10-10 03:00:02.676,com.sec.android.app.shealth,0,718,1.2102826,532.84,27.25,R5wtjjS0Fd,com.sec.android.app.shealth,fc2e4b8e-9e90-444f-a0bc-2f7bec3fbf25,1759968000000,
4534ec8f-89e6-4aca-a339-a24287a78859.binning_data.json,2025-10-10 23:24:03.116,2025-10-10 18:59:59.930,com.sec.android.app.shealth,-2,37,1.293479,26.150002,1.3199999,VfS0qUERdZ,com.sec.android.app.shealth,4534ec8f-89e6-4aca-a339-a24287a78859,1760054400000,
7001062b-37f2-40f5-b8da-77228fdc9e92.binning_data.json,2025-10-11 03:59:19.749,2025-10-11 03:59:19.749,com.sec.android.app.shealth,0,37,1.293479,26.150002,1.3199999,R5wtjjS0Fd,com.sec.android.app.shealth,7001062b-37f2-40f5-b8da-77228fdc9e92,1760054400000,
5dae01c8-47a7-496f-9675-d1ec7a37260e.binning_data.json,2025-10-11 23:15:02.113,2025-10-11 11:37:33.016,com.sec.android.app.shealth,-2,3245,1.300631,2436.25,123.35,VfS0qUERdZ,com.sec.android.app.shealth,5dae01c8-47a7-496f-9675-d1ec7a37260e,1760140800000,
c96b5a51-77b3-42fb-9543-47b4294fc632.binning_data.json,2025-10-12 03:09:04.078,2025-10-12 03:09:04.078,com.sec.android.app.shealth,0,3245,1.300631,2436.25,123.35,R5wtjjS0Fd,com.sec.android.app.shealth,c96b5a51-77b3-42fb-9543-47b4294fc632,1760140800000,
3dc54a7d-774e-41fd-81fb-0d402aa7bf4c.binning_data.json,2025-10-13 23:11:33.822,2025-10-13 12:55:02.448,com.sec.android.app.shealth,-2,42,1.0294293,29.51,1.5500001,VfS0qUERdZ,com.sec.android.app.shealth,3dc54a7d-774e-41fd-81fb-0d402aa7bf4c,1760313600000,
125afa53-6bcd-48ae-a199-23de6ca7fd0a.binning_data.json,2025-10-14 03:00:02.212,2025-10-14 03:00:02.212,com.sec.android.app.shealth,0,42,1.0294293,29.51,1.5500001,R5wtjjS0Fd,com.sec.android.app.shealth,125afa53-6bcd-48ae-a199-23de6ca7fd0a,1760313600000,
1eb688be-a5e5-48ca-aa0a-49d5381de8e6.binning_data.json,2025-10-14 20:21:43.457,2025-10-14 15:55:03.539,com.sec.android.app.shealth,-2,1781,1.2547114,1323.54,67.93,VfS0qUERdZ,com.sec.android.app.shealth,1eb688be-a5e5-48ca-aa0a-49d5381de8e6,1760400000000,
82ee6509-7d8e-43c1-8b9a-babb4e357746.binning_data.json,2025-10-15 03:15:02.661,2025-10-15 03:15:02.661,com.sec.android.app.shealth,0,1781,1.2547114,1323.54,67.93,R5wtjjS0Fd,com.sec.android.app.shealth,82ee6509-7d8e-43c1-8b9a-babb4e357746,1760400000000,
8dd65fff-45b5-45d3-bff6-9e24a4264338.binning_data.json,2025-10-15 22:35:55.449,2025-10-15 12:55:01.679,com.sec.android.app.shealth,-2,2393,1.2559057,1757.32,95.88,VfS0qUERdZ,com.sec.android.app.shealth,8dd65fff-45b5-45d3-bff6-9e24a4264338,1760486400000,
32a4156c-09d4-43db-bfad-f165b53419fc.binning_data.json,2025-10-16 03:00:03.013,2025-10-16 03:00:03.013,com.sec.android.app.shealth,0,2393,1.2559057,1757.32,95.88,R5wtjjS0Fd,com.sec.android.app.shealth,32a4156c-09d4-43db-bfad-f165b53419fc,1760486400000,
b627a5de-3281-4fd1-9d1f-bcced52c09b9.binning_data.json,2025-10-17 00:11:55.825,2025-10-16 11:40:15.662,com.sec.android.app.shealth,-2,104,1.1475571,76.4,3.81,VfS0qUERdZ,com.sec.android.app.shealth,b627a5de-3281-4fd1-9d1f-bcced52c09b9,1760572800000,
2bdb6238-01b4-4257-8b27-01b1dcb31bc7.binning_data.json,2025-10-17 03:00:08.767,2025-10-17 03:00:08.767,com.sec.android.app.shealth,0,104,1.1475571,76.4,3.81,R5wtjjS0Fd,com.sec.android.app.shealth,2bdb6238-01b4-4257-8b27-01b1dcb31bc7,1760572800000,
347b0c9a-7a2f-443b-8520-5aec3d7eaee2.binning_data.json,2025-10-17 23:15:36.278,2025-10-17 10:15:03.058,com.sec.android.app.shealth,-2,158,1.123218,115.32,5.9300003,VfS0qUERdZ,com.sec.android.app.shealth,347b0c9a-7a2f-443b-8520-5aec3d7eaee2,1760659200000,
2ac91f44-b87d-488c-94f9-145681a6d251.binning_data.json,2025-10-18 03:00:01.992,2025-10-18 03:00:01.992,com.sec.android.app.shealth,0,158,1.123218,115.32,5.9300003,R5wtjjS0Fd,com.sec.android.app.shealth,2ac91f44-b87d-488c-94f9-145681a6d251,1760659200000,
0a5ea3c2-c6ec-4ee4-89bf-779319060488.binning_data.json,2025-10-18 21:59:40.257,2025-10-18 10:11:59.023,com.sec.android.app.shealth,-2,2400,1.263731,1789.3,93.56,VfS0qUERdZ,com.sec.android.app.shealth,0a5ea3c2-c6ec-4ee4-89bf-779319060488,1760745600000,
e9f75190-141e-4df6-97c6-61860b6d8a86.binning_data.json,2025-10-19 03:00:04.263,2025-10-19 03:00:04.263,com.sec.android.app.shealth,0,2400,1.263731,1789.3,93.56,R5wtjjS0Fd,com.sec.android.app.shealth,e9f75190-141e-4df6-97c6-61860b6d8a86,1760745600000,
b8656b9d-176c-4e80-b528-d28a0c1648ad.binning_data.json,2025-10-19 22:53:13.199,2025-10-19 12:24:55.203,com.sec.android.app.shealth,-2,1145,1.2501276,850.13,43.11,VfS0qUERdZ,com.sec.android.app.shealth,b8656b9d-176c-4e80-b528-d28a0c1648ad,1760832000000,
4d5b78dc-d4c4-46dc-92fd-e7e6eb748da2.binning_data.json,2025-10-20 03:00:05.817,2025-10-20 03:00:05.817,com.sec.android.app.shealth,0,1145,1.2501276,850.13,43.11,R5wtjjS0Fd,com.sec.android.app.shealth,4d5b78dc-d4c4-46dc-92fd-e7e6eb748da2,1760832000000,
66bcfa70-b5d3-4a61-b622-f6288f1b82aa.binning_data.json,2025-10-20 23:30:28.924,2025-10-20 10:46:24.400,com.sec.android.app.shealth,-2,4489,1.2953118,3336.19,174.01,VfS0qUERdZ,com.sec.android.app.shealth,66bcfa70-b5d3-4a61-b622-f6288f1b82aa,1760918400000,
3f061651-d40a-4115-9a1a-8ff0ddb5ac44.binning_data.json,2025-10-21 03:00:04.556,2025-10-21 03:00:04.556,com.sec.android.app.shealth,0,4489,1.2953118,3336.19,174.01,R5wtjjS0Fd,com.sec.android.app.shealth,3f061651-d40a-4115-9a1a-8ff0ddb5ac44,1760918400000,
8d06651c-d971-41d0-ad67-e62162d0098e.binning_data.json,2025-10-21 21:48:33.887,2025-10-21 11:35:02.942,com.sec.android.app.shealth,-2,7805,1.2948974,5854.29,306.23,VfS0qUERdZ,com.sec.android.app.shealth,8d06651c-d971-41d0-ad67-e62162d0098e,1761004800000,
fbf2b969-0383-449d-911e-88838c03d8e1.binning_data.json,2025-10-22 04:57:29.867,2025-10-22 04:57:29.867,com.sec.android.app.shealth,0,7805,1.2948974,5854.29,306.23,R5wtjjS0Fd,com.sec.android.app.shealth,fbf2b969-0383-449d-911e-88838c03d8e1,1761004800000,
2558dbfd-fba9-46a1-b57b-021b2462b925.binning_data.json,2025-10-23 01:11:22.888,2025-10-22 12:55:04.831,com.sec.android.app.shealth,-2,2670,1.2495676,1978.4,105.88,VfS0qUERdZ,com.sec.android.app.shealth,2558dbfd-fba9-46a1-b57b-021b2462b925,1761091200000,
e9d95e4a-a989-4be2-8619-f73a5fee38d8.binning_data.json,2025-10-23 03:00:10.953,2025-10-23 03:00:10.953,com.sec.android.app.shealth,0,2670,1.2495676,1978.4,105.88,R5wtjjS0Fd,com.sec.android.app.shealth,e9d95e4a-a989-4be2-8619-f73a5fee38d8,1761091200000,
ed6dbd31-7e38-4159-9be0-19ac154800a3.binning_data.json,2025-10-24 00:17:09.109,2025-10-23 12:10:22.071,com.sec.android.app.shealth,-2,5182,1.3184203,3852.3,196.56,VfS0qUERdZ,com.sec.android.app.shealth,ed6dbd31-7e38-4159-9be0-19ac154800a3,1761177600000,
1572fafd-c4c0-43c6-8df2-579e8f79e17f.binning_data.json,2025-10-24 03:00:04.493,2025-10-24 03:00:04.493,com.sec.android.app.shealth,0,5182,1.3184203,3852.3,196.56,R5wtjjS0Fd,com.sec.android.app.shealth,1572fafd-c4c0-43c6-8df2-579e8f79e17f,1761177600000,
a4cd1612-a93f-4daf-b06e-3cb79735d790.binning_data.json,2025-10-24 22:28:49.588,2025-10-24 09:35:08.192,com.sec.android.app.shealth,-2,2375,1.1328763,1734.51,92.03,VfS0qUERdZ,com.sec.android.app.shealth,a4cd1612-a93f-4daf-b06e-3cb79735d790,1761264000000,
62bd6dbf-4e8b-4082-acde-e1fb0caf3ebd.binning_data.json,2025-10-25 03:00:02.856,2025-10-25 03:00:02.856,com.sec.android.app.shealth,0,2375,1.1328763,1734.51,92.03,R5wtjjS0Fd,com.sec.android.app.shealth,62bd6dbf-4e8b-4082-acde-e1fb0caf3ebd,1761264000000,
06e8e102-43f2-4402-852d-7b91b8384fff.binning_data.json,2025-10-26 01:15:02.855,2025-10-25 11:17:03.196,com.sec.android.app.shealth,-2,2752,1.1593227,2028.86,106.9,VfS0qUERdZ,com.sec.android.app.shealth,06e8e102-43f2-4402-852d-7b91b8384fff,1761350400000,
e214d4be-6430-4cfd-baa7-6b1a0a5e9c83.binning_data.json,2025-10-26 03:00:01.282,2025-10-26 03:00:01.282,com.sec.android.app.shealth,0,2752,1.1593227,2028.86,106.9,R5wtjjS0Fd,com.sec.android.app.shealth,e214d4be-6430-4cfd-baa7-6b1a0a5e9c83,1761350400000,
f2b1c7db-4947-4446-934a-63212f35f2c5.binning_data.json,2025-10-27 12:48:04.310,2025-10-26 12:34:19.818,com.sec.android.app.shealth,-2,4475,1.268497,3330.94,164.31,VfS0qUERdZ,com.sec.android.app.shealth,f2b1c7db-4947-4446-934a-63212f35f2c5,1761436800000,
0502d9ef-0517-4f78-85fb-7483b085c913.binning_data.json,2025-10-27 04:01:02.808,2025-10-27 04:01:02.808,com.sec.android.app.shealth,0,151,1.1313753,110.81,5.31,R5wtjjS0Fd,com.sec.android.app.shealth,0502d9ef-0517-4f78-85fb-7483b085c913,1761436800000,
1fb8055b-c3dd-44b4-a82f-dc7611ca934a.binning_data.json,2025-10-28 03:00:12.217,2025-10-27 04:01:28.797,com.sec.android.app.shealth,111,4345,1.2727542,3235.3801,159.69,tWUO8ZL77Z,com.sec.android.app.shealth,1fb8055b-c3dd-44b4-a82f-dc7611ca934a,1761436800000,
b9037d57-ec4c-46b0-87a9-a378b773caec.binning_data.json,2025-10-28 09:56:34.882,2025-10-27 12:48:03.638,com.sec.android.app.shealth,-2,6550,1.2283667,4833.13,240.06999,VfS0qUERdZ,com.sec.android.app.shealth,b9037d57-ec4c-46b0-87a9-a378b773caec,1761523200000,
f3cf8d10-7137-4d60-a048-a0cdea56c202.binning_data.json,2025-10-28 03:00:06.792,2025-10-28 03:00:06.792,com.sec.android.app.shealth,0,227,1.1724442,155.66,7.6099997,R5wtjjS0Fd,com.sec.android.app.shealth,f3cf8d10-7137-4d60-a048-a0cdea56c202,1761523200000,
d2504f9c-7145-45c6-ab7c-61f9812d1a09.binning_data.json,2025-10-29 03:59:21.897,2025-10-28 03:00:12.343,com.sec.android.app.shealth,111,6520,1.2300683,4819.77,239.41,tWUO8ZL77Z,com.sec.android.app.shealth,d2504f9c-7145-45c6-ab7c-61f9812d1a09,1761523200000,
3aa19d3a-33c9-43c8-b6d3-0a16bd0a85b6.binning_data.json,2025-10-29 04:49:14.433,2025-10-28 09:56:34.180,com.sec.android.app.shealth,-2,13555,1.2637553,9932.2,460.07,VfS0qUERdZ,com.sec.android.app.shealth,3aa19d3a-33c9-43c8-b6d3-0a16bd0a85b6,1761609600000,
1473dd20-b88f-4050-b4b8-034596c1820d.binning_data.json,2025-10-29 03:59:08.029,2025-10-29 03:59:08.029,com.sec.android.app.shealth,0,5053,1.3196346,3800.7,152.59,R5wtjjS0Fd,com.sec.android.app.shealth,1473dd20-b88f-4050-b4b8-034596c1820d,1761609600000,
d8ee6bdc-e4c0-46a9-ac6b-915baa608104.binning_data.json,2025-10-30 03:00:23.939,2025-10-29 03:59:22.517,com.sec.android.app.shealth,111,13437,1.2490478,9756.82,469.91,tWUO8ZL77Z,com.sec.android.app.shealth,d8ee6bdc-e4c0-46a9-ac6b-915baa608104,1761609600000,
d0c17606-e856-4e67-8ca2-2bbbd72c74c3.binning_data.json,2025-10-30 09:30:09.902,2025-10-29 09:56:34.259,com.sec.android.app.shealth,-2,12381,1.2670475,9085.53,406.0,VfS0qUERdZ,com.sec.android.app.shealth,d0c17606-e856-4e67-8ca2-2bbbd72c74c3,1761696000000,
158d26d0-f8f8-4438-9ccb-cbe453e24b98.binning_data.json,2025-10-30 03:00:14.134,2025-10-30 03:00:14.134,com.sec.android.app.shealth,0,7098,1.3150294,5346.34,217.95,R5wtjjS0Fd,com.sec.android.app.shealth,158d26d0-f8f8-4438-9ccb-cbe453e24b98,1761696000000,
20d707ee-2384-46bf-b42b-1a5a8ec8e109.binning_data.json,2025-10-31 04:49:56.583,2025-10-30 03:00:24.161,com.sec.android.app.shealth,111,11100,1.2548199,8034.51,370.09,tWUO8ZL77Z,com.sec.android.app.shealth,20d707ee-2384-46bf-b42b-1a5a8ec8e109,1761696000000,
30d4a8b0-942d-4e30-a7e3-37420fe525d1.binning_data.json,2025-10-31 02:44:06.967,2025-10-30 09:30:08.486,com.sec.android.app.shealth,-2,8126,1.2726227,5943.63,276.34,VfS0qUERdZ,com.sec.android.app.shealth,30d4a8b0-942d-4e30-a7e3-37420fe525d1,1761782400000,
7ab8ed8c-ae80-4b81-ac3b-87e595803721.binning_data.json,2025-10-31 04:49:36.476,2025-10-31 04:49:36.476,com.sec.android.app.shealth,0,1830,1.3824611,1394.38,55.769997,R5wtjjS0Fd,com.sec.android.app.shealth,7ab8ed8c-ae80-4b81-ac3b-87e595803721,1761782400000,
bd4fc695-6f11-463d-8f48-665887a6e716.binning_data.json,2025-10-31 04:49:56.016,2025-10-31 04:49:56.016,com.sec.android.app.shealth,111,8021,1.2642756,5823.93,273.96,tWUO8ZL77Z,com.sec.android.app.shealth,bd4fc695-6f11-463d-8f48-665887a6e716,1761782400000,
52e34612-f014-4dad-a896-0f00d515092c.binning_data.json,2025-11-01 08:27:20.595,2025-10-31 08:42:44.296,com.sec.android.app.shealth,-2,12386,1.2218785,8913.94,410.07,VfS0qUERdZ,com.sec.android.app.shealth,52e34612-f014-4dad-a896-0f00d515092c,1761868800000,
54b071ac-0e2e-441d-9b05-d043b72367e2.binning_data.json,2025-11-01 03:00:07.022,2025-11-01 03:00:07.022,com.sec.android.app.shealth,0,6080,1.3325473,4584.4897,184.93,R5wtjjS0Fd,com.sec.android.app.shealth,54b071ac-0e2e-441d-9b05-d043b72367e2,1761868800000,
0b05cdba-3542-4860-89b7-82811136f305.binning_data.json,2025-11-02 03:00:15.769,2025-11-01 03:00:11.341,com.sec.android.app.shealth,111,12129,1.200968,8582.49,405.1,tWUO8ZL77Z,com.sec.android.app.shealth,0b05cdba-3542-4860-89b7-82811136f305,1761868800000,
61af2b0d-ef4e-4a1b-8029-09c3d76dd307.binning_data.json,2025-11-02 03:02:18.913,2025-11-01 08:27:19.544,com.sec.android.app.shealth,-2,8850,1.1996282,6263.77,297.18,VfS0qUERdZ,com.sec.android.app.shealth,61af2b0d-ef4e-4a1b-8029-09c3d76dd307,1761955200000,
ee5a3b74-67c1-4685-9037-3207fa54bed8.binning_data.json,2025-11-02 03:00:07.005,2025-11-02 03:00:07.005,com.sec.android.app.shealth,0,1872,1.2892836,1399.71,57.22,R5wtjjS0Fd,com.sec.android.app.shealth,ee5a3b74-67c1-4685-9037-3207fa54bed8,1761955200000,
c651949d-a655-4505-9f35-cc18e538bd5f.binning_data.json,2025-11-03 04:47:52.079,2025-11-02 03:00:15.861,com.sec.android.app.shealth,111,8737,1.1959528,6161.71,293.12,tWUO8ZL77Z,com.sec.android.app.shealth,c651949d-a655-4505-9f35-cc18e538bd5f,1761955200000,
9036c6ea-ad2a-440e-bca8-47d27968e372.binning_data.json,2025-11-03 09:48:28.361,2025-11-02 10:38:26.506,com.sec.android.app.shealth,-2,3797,1.1786578,2671.18,132.19,VfS0qUERdZ,com.sec.android.app.shealth,9036c6ea-ad2a-440e-bca8-47d27968e372,1762041600000,
c0efd444-0477-421c-875a-b531cfd802a6.binning_data.json,2025-11-03 04:46:03.763,2025-11-03 04:46:03.763,com.sec.android.app.shealth,0,154,1.2510984,108.18,4.7799997,R5wtjjS0Fd,com.sec.android.app.shealth,c0efd444-0477-421c-875a-b531cfd802a6,1762041600000,
8daa4723-4f67-4f3e-8daf-30a5ca6789cc.binning_data.json,2025-11-03 14:05:06.767,2025-11-03 04:47:17.156,com.sec.android.app.shealth,111,3679,1.175995,2588.74,128.55,tWUO8ZL77Z,com.sec.android.app.shealth,8daa4723-4f67-4f3e-8daf-30a5ca6789cc,1762041600000,
0e6bfa0e-bff2-4e83-a30d-23cf7e415847.binning_data.json,2025-11-04 06:29:41.259,2025-11-03 09:48:27.656,com.sec.android.app.shealth,-2,8651,1.1725314,6112.85,292.36,VfS0qUERdZ,com.sec.android.app.shealth,0e6bfa0e-bff2-4e83-a30d-23cf7e415847,1762128000000,
fa2342fc-909b-42e5-861a-3e7bcc7446ff.binning_data.json,2025-11-04 03:50:11.042,2025-11-03 14:04:54.973,com.sec.android.app.shealth,0,2527,1.322708,1871.0599,79.47,R5wtjjS0Fd,com.sec.android.app.shealth,fa2342fc-909b-42e5-861a-3e7bcc7446ff,1762128000000,
684c7eba-7282-4188-8184-0bf032051960.binning_data.json,2025-11-05 03:00:11.187,2025-11-03 14:05:06.752,com.sec.android.app.shealth,111,8387,1.1596768,5863.07,285.05,tWUO8ZL77Z,com.sec.android.app.shealth,684c7eba-7282-4188-8184-0bf032051960,1762128000000,
b9aeee32-0897-400d-a3b8-c5d8fa697f13.binning_data.json,2025-11-05 02:35:10.119,2025-11-04 10:36:15.752,com.sec.android.app.shealth,-2,10887,1.2183739,7800.45,357.97,VfS0qUERdZ,com.sec.android.app.shealth,b9aeee32-0897-400d-a3b8-c5d8fa697f13,1762214400000,
d9ba6d58-cc85-4580-a3f6-fc5e7306bbf6.binning_data.json,2025-11-05 03:00:06.428,2025-11-05 03:00:06.428,com.sec.android.app.shealth,0,2229,1.2279805,1653.75,71.54,R5wtjjS0Fd,com.sec.android.app.shealth,d9ba6d58-cc85-4580-a3f6-fc5e7306bbf6,1762214400000,
b34e2369-f851-4499-a21e-7571dc205bb4.binning_data.json,2025-11-05 03:00:11.211,2025-11-05 03:00:11.211,com.sec.android.app.shealth,111,10145,1.2170719,7211.11,333.41998,tWUO8ZL77Z,com.sec.android.app.shealth,b34e2369-f851-4499-a21e-7571dc205bb4,1762214400000,
82743c30-7d55-479f-9a6a-85dec2826e3d.binning_data.json,2025-11-06 06:33:56.346,2025-11-05 10:16:29.514,com.sec.android.app.shealth,-2,8761,1.2104732,6449.81,300.95,VfS0qUERdZ,com.sec.android.app.shealth,82743c30-7d55-479f-9a6a-85dec2826e3d,1762300800000,
a05c7875-3550-44de-8048-247c6afdccc0.binning_data.json,2025-11-06 03:00:03.665,2025-11-06 03:00:03.665,com.sec.android.app.shealth,0,158,1.2718823,110.06999,6.0899997,R5wtjjS0Fd,com.sec.android.app.shealth,a05c7875-3550-44de-8048-247c6afdccc0,1762300800000,
a9269852-d296-4929-a35c-2a92f811d540.binning_data.json,2025-11-07 03:26:30.340,2025-11-06 03:00:09.817,com.sec.android.app.shealth,111,8691,1.210652,6402.97,297.67,tWUO8ZL77Z,com.sec.android.app.shealth,a9269852-d296-4929-a35c-2a92f811d540,1762300800000,
445c607d-3427-492b-b880-3f282f577bb6.binning_data.json,2025-11-07 04:57:33.072,2025-11-06 10:46:59.576,com.sec.android.app.shealth,-2,15475,1.279245,11324.25,516.93,VfS0qUERdZ,com.sec.android.app.shealth,445c607d-3427-492b-b880-3f282f577bb6,1762387200000,
c8258b49-227f-4930-9d2f-8bff84a133c8.binning_data.json,2025-11-07 03:26:14.453,2025-11-07 03:26:14.453,com.sec.android.app.shealth,0,8590,1.3323946,6459.07,268.86,R5wtjjS0Fd,com.sec.android.app.shealth,c8258b49-227f-4930-9d2f-8bff84a133c8,1762387200000,
48e644a8-1f49-4cbf-b811-6b8f310c7723.binning_data.json,2025-11-08 04:00:13.046,2025-11-07 03:26:30.329,com.sec.android.app.shealth,111,15195,1.2736986,11103.74,517.43,tWUO8ZL77Z,com.sec.android.app.shealth,48e644a8-1f49-4cbf-b811-6b8f310c7723,1762387200000,
c5bc0c09-6d02-43b2-8b06-f5aa8720d502.binning_data.json,2025-11-08 09:33:59.836,2025-11-07 10:29:27.694,com.sec.android.app.shealth,-2,8416,1.1582055,5645.33,284.18,VfS0qUERdZ,com.sec.android.app.shealth,c5bc0c09-6d02-43b2-8b06-f5aa8720d502,1762473600000,
f7cff044-e2ce-47b1-a9f3-515791545782.binning_data.json,2025-11-08 03:59:58.948,2025-11-08 03:59:58.948,com.sec.android.app.shealth,0,230,1.2289492,172.12,7.4099994,R5wtjjS0Fd,com.sec.android.app.shealth,f7cff044-e2ce-47b1-a9f3-515791545782,1762473600000,
faa90fed-278e-4d11-8c58-2f0af7709625.binning_data.json,2025-11-09 03:13:28.186,2025-11-08 04:00:12.914,com.sec.android.app.shealth,111,8348,1.1568304,5589.19,281.9,tWUO8ZL77Z,com.sec.android.app.shealth,faa90fed-278e-4d11-8c58-2f0af7709625,1762473600000,
3c76120f-192a-4995-b03c-5e43212991a4.binning_data.json,2025-11-09 02:37:01.676,2025-11-08 09:34:04.995,com.sec.android.app.shealth,-2,11627,1.1331655,7687.59,374.3,VfS0qUERdZ,com.sec.android.app.shealth,3c76120f-192a-4995-b03c-5e43212991a4,1762560000000,
7fefd738-b207-479d-8e22-f3426adc827a.binning_data.json,2025-11-09 03:13:16.449,2025-11-09 03:13:16.449,com.sec.android.app.shealth,0,92,1.139231,67.81,3.1399999,R5wtjjS0Fd,com.sec.android.app.shealth,7fefd738-b207-479d-8e22-f3426adc827a,1762560000000,
15f4596d-0546-4464-8a98-58441a5d87a2.binning_data.json,2025-11-09 03:13:28.158,2025-11-09 03:13:28.158,com.sec.android.app.shealth,111,11603,1.1330262,7667.71,373.38,tWUO8ZL77Z,com.sec.android.app.shealth,15f4596d-0546-4464-8a98-58441a5d87a2,1762560000000,
2f1b7a47-f9ea-45ea-846b-1aaf45bd1aa0.binning_data.json,2025-11-10 06:40:00.546,2025-11-09 08:35:26.825,com.sec.android.app.shealth,-2,9699,1.1649592,6495.4,322.73,VfS0qUERdZ,com.sec.android.app.shealth,2f1b7a47-f9ea-45ea-846b-1aaf45bd1aa0,1762646400000,
fc5fceb8-193b-4f99-b85b-3284e720ca37.binning_data.json,2025-11-10 04:17:57.749,2025-11-10 04:17:57.749,com.sec.android.app.shealth,0,154,1.1951659,114.85999,5.089999,R5wtjjS0Fd,com.sec.android.app.shealth,fc5fceb8-193b-4f99-b85b-3284e720ca37,1762646400000,
3b0f5300-834b-4e52-a068-3c6260609161.binning_data.json,2025-11-11 03:20:54.433,2025-11-10 04:18:25.712,com.sec.android.app.shealth,111,9637,1.1642025,6440.93,320.36,tWUO8ZL77Z,com.sec.android.app.shealth,3b0f5300-834b-4e52-a068-3c6260609161,1762646400000,
d5a00935-39a2-4ea3-8ad8-d0eb521f1272.binning_data.json,2025-11-11 09:34:42.341,2025-11-10 10:08:35.769,com.sec.android.app.shealth,-2,9318,1.2015488,6473.9,297.04,VfS0qUERdZ,com.sec.android.app.shealth,d5a00935-39a2-4ea3-8ad8-d0eb521f1272,1762732800000,
08b4b3f5-408f-4760-a79e-975274c34ad6.binning_data.json,2025-11-11 03:20:42.823,2025-11-11 03:20:42.823,com.sec.android.app.shealth,0,3944,1.2983702,2966.89,123.88,R5wtjjS0Fd,com.sec.android.app.shealth,08b4b3f5-408f-4760-a79e-975274c34ad6,1762732800000,
1c023417-82be-4249-a3aa-5d071d0123fb.binning_data.json,2025-11-12 04:00:48.404,2025-11-11 03:20:54.694,com.sec.android.app.shealth,111,9100,1.1791146,6181.34,289.9,tWUO8ZL77Z,com.sec.android.app.shealth,1c023417-82be-4249-a3aa-5d071d0123fb,1762732800000,
866ef806-0bd4-47d8-9f19-4f2e64ff5190.binning_data.json,2025-11-12 07:02:26.907,2025-11-11 09:34:41.261,com.sec.android.app.shealth,-2,11218,1.1757331,7796.53,370.53,VfS0qUERdZ,com.sec.android.app.shealth,866ef806-0bd4-47d8-9f19-4f2e64ff5190,1762819200000,
632fcb98-44df-44a7-9e7a-84d69eb547e7.binning_data.json,2025-11-12 03:58:40.107,2025-11-12 03:58:40.107,com.sec.android.app.shealth,0,4813,1.2780831,3587.9,153.54,R5wtjjS0Fd,com.sec.android.app.shealth,632fcb98-44df-44a7-9e7a-84d69eb547e7,1762819200000,
9d164eab-43a9-476a-a1c7-1ef40491dd94.binning_data.json,2025-11-13 03:00:11.880,2025-11-12 04:00:48.376,com.sec.android.app.shealth,111,9934,1.1402972,6685.95,327.96,tWUO8ZL77Z,com.sec.android.app.shealth,9d164eab-43a9-476a-a1c7-1ef40491dd94,1762819200000,
42bfa5aa-a07d-4006-aeab-6bd096592c5b.binning_data.json,2025-11-13 03:16:41.463,2025-11-12 09:29:30.183,com.sec.android.app.shealth,-2,8850,1.139776,5942.41,281.47,VfS0qUERdZ,com.sec.android.app.shealth,42bfa5aa-a07d-4006-aeab-6bd096592c5b,1762905600000,
55a75abe-0165-4e7c-bae0-d82486ab575a.binning_data.json,2025-11-13 03:00:06.440,2025-11-13 03:00:06.440,com.sec.android.app.shealth,0,465,1.2213669,345.43,15.509999,R5wtjjS0Fd,com.sec.android.app.shealth,55a75abe-0165-4e7c-bae0-d82486ab575a,1762905600000,
38cc44bb-f053-441f-af2d-0e2cb64d65b6.binning_data.json,2025-11-14 03:49:47.731,2025-11-13 03:00:11.932,com.sec.android.app.shealth,111,8713,1.1377466,5836.82,276.97,tWUO8ZL77Z,com.sec.android.app.shealth,38cc44bb-f053-441f-af2d-0e2cb64d65b6,1762905600000,
2e4d78ed-5696-44f6-b94b-c898a8cf8967.binning_data.json,2025-11-14 03:51:41.188,2025-11-13 07:57:13.503,com.sec.android.app.shealth,-2,6933,1.1189463,4680.35,224.67,VfS0qUERdZ,com.sec.android.app.shealth,2e4d78ed-5696-44f6-b94b-c898a8cf8967,1762992000000,
df39e8e8-b431-4ef5-97b5-3b52b50ce5ee.binning_data.json,2025-11-14 03:49:30.169,2025-11-14 03:49:30.169,com.sec.android.app.shealth,0,1094,1.1499676,805.84,36.23,R5wtjjS0Fd,com.sec.android.app.shealth,df39e8e8-b431-4ef5-97b5-3b52b50ce5ee,1762992000000,
6c152d30-433f-49b1-bac4-0854a49fe272.binning_data.json,2025-11-15 03:04:12.372,2025-11-14 03:49:47.437,com.sec.android.app.shealth,111,6471,1.1158937,4321.01,209.01,tWUO8ZL77Z,com.sec.android.app.shealth,6c152d30-433f-49b1-bac4-0854a49fe272,1762992000000,
535abae4-7e74-44cd-8b0d-cc5a0c12caa1.binning_data.json,2025-11-15 07:49:07.121,2025-11-14 10:06:58.517,com.sec.android.app.shealth,-2,8232,1.1560049,5619.1,263.47,VfS0qUERdZ,com.sec.android.app.shealth,535abae4-7e74-44cd-8b0d-cc5a0c12caa1,1763078400000,
fbac24ca-d5f6-41a2-b90f-1f88bb831059.binning_data.json,2025-11-15 03:03:59.437,2025-11-15 03:03:59.437,com.sec.android.app.shealth,0,1974,1.2970692,1467.84,62.14,R5wtjjS0Fd,com.sec.android.app.shealth,fbac24ca-d5f6-41a2-b90f-1f88bb831059,1763078400000,
100625b9-8026-4ca6-9610-08b396475b0c.binning_data.json,2025-11-16 03:00:17.204,2025-11-15 03:04:12.415,com.sec.android.app.shealth,111,7961,1.1410335,5352.73,254.33,tWUO8ZL77Z,com.sec.android.app.shealth,100625b9-8026-4ca6-9610-08b396475b0c,1763078400000,
c77b59d7-c98f-4170-8844-6c57810cf11f.binning_data.json,2025-11-16 03:07:46.947,2025-11-15 07:49:06.449,com.sec.android.app.shealth,-2,7252,1.1401078,4909.58,230.67,VfS0qUERdZ,com.sec.android.app.shealth,c77b59d7-c98f-4170-8844-6c57810cf11f,1763164800000,
20f525f4-be0c-4da1-86da-bc50f2205253.binning_data.json,2025-11-16 03:00:04.920,2025-11-16 03:00:04.920,com.sec.android.app.shealth,0,1313,1.2019778,960.21,41.63,R5wtjjS0Fd,com.sec.android.app.shealth,20f525f4-be0c-4da1-86da-bc50f2205253,1763164800000,
28b8def4-3f3b-4a74-a5ac-d2dcd1919c81.binning_data.json,2025-11-17 03:00:22.121,2025-11-16 03:00:17.283,com.sec.android.app.shealth,111,6993,1.1323066,4686.0,222.16,tWUO8ZL77Z,com.sec.android.app.shealth,28b8def4-3f3b-4a74-a5ac-d2dcd1919c81,1763164800000,
379a9242-ae83-4965-afc4-704f6ea2a747.binning_data.json,2025-11-17 03:32:30.774,2025-11-16 09:09:54.365,com.sec.android.app.shealth,-2,9650,1.143181,6526.51,317.56,VfS0qUERdZ,com.sec.android.app.shealth,379a9242-ae83-4965-afc4-704f6ea2a747,1763251200000,
32d3be25-987d-4ab9-a365-a2db30b2a678.binning_data.json,2025-11-17 03:00:12.200,2025-11-17 03:00:12.200,com.sec.android.app.shealth,0,2188,1.21108,1513.14,75.2,R5wtjjS0Fd,com.sec.android.app.shealth,32d3be25-987d-4ab9-a365-a2db30b2a678,1763251200000,
d31cedab-e65d-407f-a2d4-e154688e67ce.binning_data.json,2025-11-17 21:05:45.466,2025-11-17 03:00:22.345,com.sec.android.app.shealth,111,9205,1.1404642,6182.98,302.66,tWUO8ZL77Z,com.sec.android.app.shealth,d31cedab-e65d-407f-a2d4-e154688e67ce,1763251200000,
ce97452a-1752-4f6c-a278-57e20d6e9592.binning_data.json,2025-11-18 10:48:58.065,2025-11-17 09:45:53.832,com.sec.android.app.shealth,-2,5493,1.1775578,3779.81,191.27,VfS0qUERdZ,com.sec.android.app.shealth,ce97452a-1752-4f6c-a278-57e20d6e9592,1763337600000,
7f82fa7a-7dfa-4265-aff2-459c27089e79.binning_data.json,2025-11-17 21:05:39.730,2025-11-17 21:05:39.730,com.sec.android.app.shealth,0,33,0.9122506,23.21,1.1099999,R5wtjjS0Fd,com.sec.android.app.shealth,7f82fa7a-7dfa-4265-aff2-459c27089e79,1763337600000,
70eedce7-f96d-4b6b-94f7-19a553ff51e5.binning_data.json,2025-11-19 03:00:03.006,2025-11-17 21:05:45.459,com.sec.android.app.shealth,111,5485,1.1781273,3774.19,191.0,tWUO8ZL77Z,com.sec.android.app.shealth,70eedce7-f96d-4b6b-94f7-19a553ff51e5,1763337600000,
b032d76a-d913-4a3e-a883-74e44dbf4aaf.binning_data.json,2025-11-18 23:29:44.206,2025-11-18 10:48:57.838,com.sec.android.app.shealth,-2,7978,1.2463312,5646.11,300.76,VfS0qUERdZ,com.sec.android.app.shealth,b032d76a-d913-4a3e-a883-74e44dbf4aaf,1763424000000,
2247f5ef-e35a-40f4-9cdf-42479025d507.binning_data.json,2025-11-19 03:00:01.481,2025-11-19 03:00:01.481,com.sec.android.app.shealth,0,1287,1.2050611,916.82996,44.2,R5wtjjS0Fd,com.sec.android.app.shealth,2247f5ef-e35a-40f4-9cdf-42479025d507,1763424000000,
ec42d1ae-3244-4860-9906-824ec57ff597.binning_data.json,2025-11-19 03:00:03.003,2025-11-19 03:00:03.003,com.sec.android.app.shealth,111,7366,1.2443329,5192.35,280.34,tWUO8ZL77Z,com.sec.android.app.shealth,ec42d1ae-3244-4860-9906-824ec57ff597,1763424000000,
04c354fd-527f-44d5-a5a0-87201a0dd0b7.binning_data.json,2025-11-20 09:20:00.594,2025-11-19 07:56:54.437,com.sec.android.app.shealth,-2,12398,1.1662064,8340.08,383.53,VfS0qUERdZ,com.sec.android.app.shealth,04c354fd-527f-44d5-a5a0-87201a0dd0b7,1763510400000,
92a83297-8e28-475c-9630-56f6e1f8b11e.binning_data.json,2025-11-20 04:21:01.391,2025-11-20 04:21:01.391,com.sec.android.app.shealth,0,4395,1.3695495,3320.44,133.93,R5wtjjS0Fd,com.sec.android.app.shealth,92a83297-8e28-475c-9630-56f6e1f8b11e,1763510400000,
52088688-8b15-42e7-8d05-6d3f419ad6f6.binning_data.json,2025-11-21 03:51:41.397,2025-11-20 04:21:18.750,com.sec.android.app.shealth,111,12204,1.1322368,7987.85,376.43,tWUO8ZL77Z,com.sec.android.app.shealth,52088688-8b15-42e7-8d05-6d3f419ad6f6,1763510400000,
6bf2a085-18ad-49b9-aeff-4071f851f257.binning_data.json,2025-11-21 03:01:21.721,2025-11-20 09:19:59.465,com.sec.android.app.shealth,-2,10361,1.0377122,6448.95,319.11,VfS0qUERdZ,com.sec.android.app.shealth,6bf2a085-18ad-49b9-aeff-4071f851f257,1763596800000,
335be0e6-0758-494f-a126-5baeb37ece9f.binning_data.json,2025-11-21 03:51:26.381,2025-11-21 03:51:26.381,com.sec.android.app.shealth,0,1143,1.1937056,847.54004,35.309998,R5wtjjS0Fd,com.sec.android.app.shealth,335be0e6-0758-494f-a126-5baeb37ece9f,1763596800000,
616ff090-f0f9-4c5b-85e4-bae289081a41.binning_data.json,2025-11-21 03:51:41.246,2025-11-21 03:51:41.246,com.sec.android.app.shealth,111,10253,1.0262306,6316.25,315.68,tWUO8ZL77Z,com.sec.android.app.shealth,616ff090-f0f9-4c5b-85e4-bae289081a41,1763596800000,
112ec756-4093-4a05-91ac-eb3cc4ce4606.binning_data.json,2025-11-22 09:06:20.634,2025-11-21 10:35:58.523,com.sec.android.app.shealth,-2,10095,1.0563947,6345.89,331.38998,VfS0qUERdZ,com.sec.android.app.shealth,112ec756-4093-4a05-91ac-eb3cc4ce4606,1763683200000,
70fb30f7-17a6-4ca2-acd1-231511efef8d.binning_data.json,2025-11-22 03:00:08.157,2025-11-22 03:00:08.157,com.sec.android.app.shealth,0,320,1.0407917,223.96,10.929999,R5wtjjS0Fd,com.sec.android.app.shealth,70fb30f7-17a6-4ca2-acd1-231511efef8d,1763683200000,
8a079a6a-109f-4945-aad0-36a854a3e525.binning_data.json,2025-11-23 03:00:34.824,2025-11-22 03:00:14.517,com.sec.android.app.shealth,111,9970,1.0563362,6254.21,326.98,tWUO8ZL77Z,com.sec.android.app.shealth,8a079a6a-109f-4945-aad0-36a854a3e525,1763683200000,
cc9c04ab-ba46-4766-980a-1b53ecac6e9a.binning_data.json,2025-11-23 02:38:27.377,2025-11-22 09:06:19.396,com.sec.android.app.shealth,-2,9843,1.151712,6513.21,305.73,VfS0qUERdZ,com.sec.android.app.shealth,cc9c04ab-ba46-4766-980a-1b53ecac6e9a,1763769600000,
6d6cf606-eee6-4490-ab89-f736b4b1982b.binning_data.json,2025-11-23 03:00:17.285,2025-11-23 03:00:17.285,com.sec.android.app.shealth,0,4566,1.34828,3460.86,139.45999,R5wtjjS0Fd,com.sec.android.app.shealth,6d6cf606-eee6-4490-ab89-f736b4b1982b,1763769600000,
b4ea75c3-8835-4d95-87ec-a70ca9e9a925.binning_data.json,2025-11-23 03:00:34.946,2025-11-23 03:00:34.946,com.sec.android.app.shealth,111,9391,1.0729336,5782.65,290.88998,tWUO8ZL77Z,com.sec.android.app.shealth,b4ea75c3-8835-4d95-87ec-a70ca9e9a925,1763769600000,
239d9d3d-4865-435b-aaf0-577467bc35ca.binning_data.json,2025-11-24 07:34:30.117,2025-11-23 10:06:01.679,com.sec.android.app.shealth,-2,6938,1.0636383,4355.79,218.59999,VfS0qUERdZ,com.sec.android.app.shealth,239d9d3d-4865-435b-aaf0-577467bc35ca,1763856000000,
1dbf282c-d66c-49f2-b812-318bf16b4cce.binning_data.json,2025-11-24 03:51:52.085,2025-11-23 11:46:55.077,com.sec.android.app.shealth,0,1169,1.3086305,878.61,35.56,R5wtjjS0Fd,com.sec.android.app.shealth,1dbf282c-d66c-49f2-b812-318bf16b4cce,1763856000000,
493fe72d-0845-4c39-aad2-62344ccf576e.binning_data.json,2025-11-25 03:00:30.627,2025-11-23 11:47:17.445,com.sec.android.app.shealth,111,6825,1.0434139,4204.5,215.01,tWUO8ZL77Z,com.sec.android.app.shealth,493fe72d-0845-4c39-aad2-62344ccf576e,1763856000000,
0b78f8d7-c6a5-464f-961e-a10a51600f0c.binning_data.json,2025-11-25 10:25:31.925,2025-11-24 10:06:39.972,com.sec.android.app.shealth,-2,14305,1.2123224,9784.31,465.12,VfS0qUERdZ,com.sec.android.app.shealth,0b78f8d7-c6a5-464f-961e-a10a51600f0c,1763942400000,
700fee28-ce6d-4a92-a953-4bd3cf589d2f.binning_data.json,2025-11-25 03:00:06.046,2025-11-25 03:00:06.046,com.sec.android.app.shealth,0,5830,1.40493,4398.6,178.56,R5wtjjS0Fd,com.sec.android.app.shealth,700fee28-ce6d-4a92-a953-4bd3cf589d2f,1763942400000,
6381979d-3cba-4fdf-ab40-344589fea4c2.binning_data.json,2025-11-26 04:33:40.260,2025-11-25 03:00:30.621,com.sec.android.app.shealth,111,14143,1.1855378,9501.9,462.33,tWUO8ZL77Z,com.sec.android.app.shealth,6381979d-3cba-4fdf-ab40-344589fea4c2,1763942400000,
d840446e-8589-4ce4-a976-905d7b60db21.binning_data.json,2025-11-26 08:42:23.878,2025-11-25 10:25:30.644,com.sec.android.app.shealth,-2,6275,1.2103885,4416.55,198.02,VfS0qUERdZ,com.sec.android.app.shealth,d840446e-8589-4ce4-a976-905d7b60db21,1764028800000,
735d7499-b861-463d-b05c-19af88b5fdb1.binning_data.json,2025-11-26 04:33:27.928,2025-11-26 04:33:27.928,com.sec.android.app.shealth,0,3837,1.259616,2822.56,119.52,R5wtjjS0Fd,com.sec.android.app.shealth,735d7499-b861-463d-b05c-19af88b5fdb1,1764028800000,
dab8fd56-4240-4393-85dd-b368b1a65ee1.binning_data.json,2025-11-27 03:00:15.588,2025-11-26 04:33:40.241,com.sec.android.app.shealth,111,3905,1.1617537,2630.71,123.11,tWUO8ZL77Z,com.sec.android.app.shealth,dab8fd56-4240-4393-85dd-b368b1a65ee1,1764028800000,
f9a36551-78d9-4c35-a21c-9da1a2c14b3e.binning_data.json,2025-11-27 01:32:32.008,2025-11-26 08:42:22.479,com.sec.android.app.shealth,-2,10098,1.1107618,6802.76,321.79,VfS0qUERdZ,com.sec.android.app.shealth,f9a36551-78d9-4c35-a21c-9da1a2c14b3e,1764115200000,
cc564cbf-4f1f-4312-bc2f-48e54b548bc8.binning_data.json,2025-11-27 03:00:09.621,2025-11-27 03:00:09.621,com.sec.android.app.shealth,0,1485,1.1659185,1092.59,46.489998,R5wtjjS0Fd,com.sec.android.app.shealth,cc564cbf-4f1f-4312-bc2f-48e54b548bc8,1764115200000,
6077d004-594c-48ef-ba73-a609660d8893.binning_data.json,2025-11-27 03:00:15.573,2025-11-27 03:00:15.573,com.sec.android.app.shealth,111,9283,1.106309,6187.31,296.51,tWUO8ZL77Z,com.sec.android.app.shealth,6077d004-594c-48ef-ba73-a609660d8893,1764115200000,
2025fb35-9823-4a6c-9e68-ff52c6858c71.binning_data.json,2025-11-28 02:13:02.910,2025-11-27 08:57:57.163,com.sec.android.app.shealth,-2,8087,1.141692,5423.53,260.4,VfS0qUERdZ,com.sec.android.app.shealth,2025fb35-9823-4a6c-9e68-ff52c6858c71,1764201600000,
78e45f67-a89f-4b86-9163-1117d2535403.binning_data.json,2025-11-28 03:00:09.726,2025-11-28 03:00:09.726,com.sec.android.app.shealth,0,91,1.182176,67.14,2.9799998,R5wtjjS0Fd,com.sec.android.app.shealth,78e45f67-a89f-4b86-9163-1117d2535403,1764201600000,
e5ea5013-45a4-4fec-aca2-cec298f8b4e1.binning_data.json,2025-11-28 03:00:19.198,2025-11-28 03:00:19.198,com.sec.android.app.shealth,111,8015,1.1411058,5370.18,258.03,tWUO8ZL77Z,com.sec.android.app.shealth,e5ea5013-45a4-4fec-aca2-cec298f8b4e1,1764201600000,
75b41bed-64c0-465c-9d12-e3995ab5b3cd.binning_data.json,2025-11-29 00:41:52.143,2025-11-28 10:56:28.161,com.sec.android.app.shealth,-2,13110,1.1922585,8980.57,419.04,VfS0qUERdZ,com.sec.android.app.shealth,75b41bed-64c0-465c-9d12-e3995ab5b3cd,1764288000000,
df13374f-eb8a-436a-b0b7-117f0737f1fc.binning_data.json,2025-11-29 03:00:08.072,2025-11-29 03:00:08.072,com.sec.android.app.shealth,0,3139,1.3755827,2375.35,97.26,R5wtjjS0Fd,com.sec.android.app.shealth,df13374f-eb8a-436a-b0b7-117f0737f1fc,1764288000000,
089671ee-8dbe-40cd-82ec-4acec571e6f4.binning_data.json,2025-11-29 03:00:19.938,2025-11-29 03:00:19.938,com.sec.android.app.shealth,111,12812,1.1796439,8684.13,409.38,tWUO8ZL77Z,com.sec.android.app.shealth,089671ee-8dbe-40cd-82ec-4acec571e6f4,1764288000000,
1654104b-ac02-4c00-86ea-dd76fe16655a.binning_data.json,2025-11-30 01:55:25.517,2025-11-29 09:22:36.905,com.sec.android.app.shealth,-2,10918,1.1285193,7327.08,353.75,VfS0qUERdZ,com.sec.android.app.shealth,1654104b-ac02-4c00-86ea-dd76fe16655a,1764374400000,
d8517d1a-de22-4b06-84a3-fe60f0b926cd.binning_data.json,2025-11-30 03:00:21.961,2025-11-30 03:00:21.961,com.sec.android.app.shealth,0,253,1.0629714,182.12,8.5,R5wtjjS0Fd,com.sec.android.app.shealth,d8517d1a-de22-4b06-84a3-fe60f0b926cd,1764374400000,
926faa2d-d203-4894-939d-7d549bececb8.binning_data.json,2025-11-30 03:00:27.407,2025-11-30 03:00:27.407,com.sec.android.app.shealth,111,10872,1.1289996,7291.86,352.2,tWUO8ZL77Z,com.sec.android.app.shealth,926faa2d-d203-4894-939d-7d549bececb8,1764374400000,
f30810ad-b92a-4fb9-8edd-13e62ca01137.binning_data.json,2025-12-01 10:15:28.805,2025-11-30 11:42:34.312,com.sec.android.app.shealth,-2,4274,1.113806,2873.02,138.36,VfS0qUERdZ,com.sec.android.app.shealth,f30810ad-b92a-4fb9-8edd-13e62ca01137,1764460800000,
5b3e40f9-b59a-4c5a-91e1-c9caa02ae751.binning_data.json,2025-12-01 04:30:03.742,2025-11-30 13:41:21.816,com.sec.android.app.shealth,0,574,1.1823211,421.84,17.82,R5wtjjS0Fd,com.sec.android.app.shealth,5b3e40f9-b59a-4c5a-91e1-c9caa02ae751,1764460800000,
58285c40-e731-4d78-b521-22607e2d13a4.binning_data.json,2025-12-02 03:44:43.163,2025-11-30 13:41:37.077,com.sec.android.app.shealth,111,4173,1.1045889,2778.22,135.35,tWUO8ZL77Z,com.sec.android.app.shealth,58285c40-e731-4d78-b521-22607e2d13a4,1764460800000,
59479591-7179-448f-864c-5e3a51d9661e.binning_data.json,2025-12-02 08:06:50.239,2025-12-01 10:15:27.729,com.sec.android.app.shealth,-2,6769,1.1415913,4582.21,223.81999,VfS0qUERdZ,com.sec.android.app.shealth,59479591-7179-448f-864c-5e3a51d9661e,1764547200000,
cf9aae54-f1f5-4bb4-9928-04d8fa91fe3a.binning_data.json,2025-12-02 03:43:42.302,2025-12-02 03:43:42.302,com.sec.android.app.shealth,0,62,1.1018838,40.22,1.9399998,R5wtjjS0Fd,com.sec.android.app.shealth,cf9aae54-f1f5-4bb4-9928-04d8fa91fe3a,1764547200000,
d669db78-28b2-43f6-8a7a-a59f19845d98.binning_data.json,2025-12-03 03:19:28.569,2025-12-02 03:44:52.647,com.sec.android.app.shealth,111,6722,1.1421108,4548.34,222.33,tWUO8ZL77Z,com.sec.android.app.shealth,d669db78-28b2-43f6-8a7a-a59f19845d98,1764547200000,
1b7cb083-4169-4021-96c5-274444ab5548.binning_data.json,2025-12-03 01:22:03.798,2025-12-02 08:06:48.940,com.sec.android.app.shealth,-2,8482,1.0906067,5626.79,269.29,VfS0qUERdZ,com.sec.android.app.shealth,1b7cb083-4169-4021-96c5-274444ab5548,1764633600000,
f539e6f2-3005-4e00-b09b-951cb76930f3.binning_data.json,2025-12-03 03:14:59.895,2025-12-03 03:14:59.895,com.sec.android.app.shealth,0,259,1.1685277,189.93999,8.28,R5wtjjS0Fd,com.sec.android.app.shealth,f539e6f2-3005-4e00-b09b-951cb76930f3,1764633600000,
301dc9c6-476c-43d0-86d7-2133d19551a1.binning_data.json,2025-12-03 03:19:28.559,2025-12-03 03:19:28.559,com.sec.android.app.shealth,111,8417,1.0892886,5576.77,267.21,tWUO8ZL77Z,com.sec.android.app.shealth,301dc9c6-476c-43d0-86d7-2133d19551a1,1764633600000,
12fcdc4d-8fba-4c63-a7f7-0cf4ba2ae43a.binning_data.json,2025-12-04 09:49:41.110,2025-12-03 09:56:21.215,com.sec.android.app.shealth,-2,8798,1.1387721,6012.4,280.6,VfS0qUERdZ,com.sec.android.app.shealth,12fcdc4d-8fba-4c63-a7f7-0cf4ba2ae43a,1764720000000,
9a91b2ab-344b-48f1-bc59-d44df7c9aff3.binning_data.json,2025-12-04 03:00:01.963,2025-12-04 03:00:01.963,com.sec.android.app.shealth,0,3243,1.2586848,2390.77,101.43,R5wtjjS0Fd,com.sec.android.app.shealth,9a91b2ab-344b-48f1-bc59-d44df7c9aff3,1764720000000,
00bc4896-dca5-44c6-80e0-bcd1b4643a63.binning_data.json,2025-12-05 03:00:03.293,2025-12-04 03:00:03.232,com.sec.android.app.shealth,111,7620,1.114247,5074.88,244.0,tWUO8ZL77Z,com.sec.android.app.shealth,00bc4896-dca5-44c6-80e0-bcd1b4643a63,1764720000000,
85e68842-0e46-4888-b102-bb23ff61113d.binning_data.json,2025-12-05 08:15:41.631,2025-12-04 09:49:39.949,com.sec.android.app.shealth,-2,11604,1.1920788,8064.46,369.05,VfS0qUERdZ,com.sec.android.app.shealth,85e68842-0e46-4888-b102-bb23ff61113d,1764806400000,
4ec934ce-a3c3-4545-8bd7-4423ef9b6e51.binning_data.json,2025-12-05 03:00:01.703,2025-12-05 03:00:01.703,com.sec.android.app.shealth,0,5463,1.295357,4077.41,168.1,R5wtjjS0Fd,com.sec.android.app.shealth,4ec934ce-a3c3-4545-8bd7-4423ef9b6e51,1764806400000,
3256f8fc-9176-424f-850c-a578c928671b.binning_data.json,2025-12-06 03:00:22.911,2025-12-05 03:00:03.285,com.sec.android.app.shealth,111,11252,1.1620032,7619.95,358.29,tWUO8ZL77Z,com.sec.android.app.shealth,3256f8fc-9176-424f-850c-a578c928671b,1764806400000,
f674ec87-ee1d-4e81-a4b4-8ec40f106919.binning_data.json,2025-12-06 06:15:45.178,2025-12-05 08:15:40.922,com.sec.android.app.shealth,-2,7832,1.1272755,5252.73,251.48,VfS0qUERdZ,com.sec.android.app.shealth,f674ec87-ee1d-4e81-a4b4-8ec40f106919,1764892800000,
78037e75-c757-4a3f-ba6a-de8ca0bd4151.binning_data.json,2025-12-06 03:00:09.041,2025-12-06 03:00:09.041,com.sec.android.app.shealth,0,115,1.1065813,83.18,3.71,R5wtjjS0Fd,com.sec.android.app.shealth,78037e75-c757-4a3f-ba6a-de8ca0bd4151,1764892800000,
c8cfc46a-a44a-42da-a08a-a8054998dc3a.binning_data.json,2025-12-07 03:48:59.014,2025-12-06 03:00:23.673,com.sec.android.app.shealth,111,7811,1.1274425,5236.95,250.81999,tWUO8ZL77Z,com.sec.android.app.shealth,c8cfc46a-a44a-42da-a08a-a8054998dc3a,1764892800000,
9c442b2b-e7d2-4a10-ad87-a77b9c44fec6.binning_data.json,2025-12-07 04:07:23.916,2025-12-06 11:32:50.548,com.sec.android.app.shealth,-2,7948,1.1499041,5406.8,254.31999,VfS0qUERdZ,com.sec.android.app.shealth,9c442b2b-e7d2-4a10-ad87-a77b9c44fec6,1764979200000,
2ae3d528-582b-4879-a36c-debf2b327940.binning_data.json,2025-12-07 03:48:46.750,2025-12-07 03:48:46.750,com.sec.android.app.shealth,0,2031,1.3626977,1540.06,61.6,R5wtjjS0Fd,com.sec.android.app.shealth,2ae3d528-582b-4879-a36c-debf2b327940,1764979200000,
0b4a0911-ad6c-4567-a7b9-5d41d13ecd64.binning_data.json,2025-12-08 03:00:23.245,2025-12-07 03:48:59.093,com.sec.android.app.shealth,111,7887,1.1307863,5283.85,252.45,tWUO8ZL77Z,com.sec.android.app.shealth,0b4a0911-ad6c-4567-a7b9-5d41d13ecd64,1764979200000,
bb58b17a-326e-486f-bdc7-766a5c925d17.binning_data.json,2025-12-08 11:06:25.990,2025-12-07 11:01:49.306,com.sec.android.app.shealth,-2,8071,1.1205019,5404.84,260.08,VfS0qUERdZ,com.sec.android.app.shealth,bb58b17a-326e-486f-bdc7-766a5c925d17,1765065600000,
30690051-2020-4ea2-ad9a-c6bf971b94da.binning_data.json,2025-12-08 03:00:10.217,2025-12-08 03:00:10.217,com.sec.android.app.shealth,0,32,0.9561075,22.630001,1.04,R5wtjjS0Fd,com.sec.android.app.shealth,30690051-2020-4ea2-ad9a-c6bf971b94da,1765065600000,
24252658-a0c3-45e0-906b-56cab7727cb5.binning_data.json,2025-12-09 03:00:32.391,2025-12-08 03:00:23.223,com.sec.android.app.shealth,111,8039,1.1213125,5382.21,259.04,tWUO8ZL77Z,com.sec.android.app.shealth,24252658-a0c3-45e0-906b-56cab7727cb5,1765065600000,
2ba02aab-beed-42ec-a0f7-bf894718c830.binning_data.json,2025-12-09 09:08:29.813,2025-12-08 11:06:25.006,com.sec.android.app.shealth,-2,5820,1.0863231,3858.8,186.49,VfS0qUERdZ,com.sec.android.app.shealth,2ba02aab-beed-42ec-a0f7-bf894718c830,1765152000000,
8a256da2-3d12-4eba-b431-f40e18697b05.binning_data.json,2025-12-09 03:00:07.426,2025-12-09 03:00:07.426,com.sec.android.app.shealth,0,215,1.1254784,148.06,6.7,R5wtjjS0Fd,com.sec.android.app.shealth,8a256da2-3d12-4eba-b431-f40e18697b05,1765152000000,
f9a63364-3e24-427b-948c-5d92a27ac15a.binning_data.json,2025-12-09 12:45:25.338,2025-12-09 03:00:32.306,com.sec.android.app.shealth,111,5759,1.0839907,3813.64,184.6,tWUO8ZL77Z,com.sec.android.app.shealth,f9a63364-3e24-427b-948c-5d92a27ac15a,1765152000000,
5b5c5003-fff7-4b48-ac54-602683c63960.binning_data.json,2025-12-10 04:07:41.385,2025-12-09 09:08:28.556,com.sec.android.app.shealth,-2,8495,1.1942208,5980.66,301.63998,VfS0qUERdZ,com.sec.android.app.shealth,5b5c5003-fff7-4b48-ac54-602683c63960,1765238400000,
24e3591f-1a22-4f55-bc3d-e34535e04cbd.binning_data.json,2025-12-10 03:00:10.211,2025-12-09 12:45:12.397,com.sec.android.app.shealth,0,2786,1.1990806,2063.01,86.119995,R5wtjjS0Fd,com.sec.android.app.shealth,24e3591f-1a22-4f55-bc3d-e34535e04cbd,1765238400000,
be4f2926-083f-47df-b7cc-b9901d4aceb4.binning_data.json,2025-12-10 18:22:37.952,2025-12-09 12:45:25.326,com.sec.android.app.shealth,111,7862,1.1766597,5406.14,282.28,tWUO8ZL77Z,com.sec.android.app.shealth,be4f2926-083f-47df-b7cc-b9901d4aceb4,1765238400000,
417ed109-cc51-4b98-88d8-6bf6d140db36.binning_data.json,2025-12-11 10:43:06.269,2025-12-10 09:04:13.991,com.sec.android.app.shealth,-2,10472,1.1621693,7095.94,336.71,VfS0qUERdZ,com.sec.android.app.shealth,417ed109-cc51-4b98-88d8-6bf6d140db36,1765324800000,
0f33010a-d159-4817-b6d0-dfb0f9f3757f.binning_data.json,2025-12-11 03:52:06.170,2025-12-10 18:22:23.169,com.sec.android.app.shealth,0,335,1.1404872,250.99,11.62,R5wtjjS0Fd,com.sec.android.app.shealth,0f33010a-d159-4817-b6d0-dfb0f9f3757f,1765324800000,
37a8e09c-0d7b-4d80-9010-4bf63f8d0750.binning_data.json,2025-12-12 03:00:17.217,2025-12-10 18:22:37.817,com.sec.android.app.shealth,111,10214,1.163596,6899.31,327.9,tWUO8ZL77Z,com.sec.android.app.shealth,37a8e09c-0d7b-4d80-9010-4bf63f8d0750,1765324800000,
da1574fe-1f2e-4bfd-9b9e-6892a364ec27.binning_data.json,2025-12-12 04:16:55.368,2025-12-11 10:43:05.127,com.sec.android.app.shealth,-2,10799,1.1380292,7282.61,342.32,VfS0qUERdZ,com.sec.android.app.shealth,da1574fe-1f2e-4bfd-9b9e-6892a364ec27,1765411200000,
f576c486-87c2-460d-8e96-3aaaa7abc854.binning_data.json,2025-12-12 03:00:04.682,2025-12-12 03:00:04.682,com.sec.android.app.shealth,0,1742,1.2765502,1296.73,53.95,R5wtjjS0Fd,com.sec.android.app.shealth,f576c486-87c2-460d-8e96-3aaaa7abc854,1765411200000,
184ed7bb-5649-4060-8fc7-9710f3059e13.binning_data.json,2025-12-13 04:49:00.594,2025-12-12 03:00:17.172,com.sec.android.app.shealth,111,10636,1.1261759,7103.86,337.38998,tWUO8ZL77Z,com.sec.android.app.shealth,184ed7bb-5649-4060-8fc7-9710f3059e13,1765411200000,
26fe9ebc-f982-4054-bf9b-fd6c85289063.binning_data.json,2025-12-13 06:38:15.020,2025-12-12 10:14:39.432,com.sec.android.app.shealth,-2,15993,1.1998341,11000.77,499.22998,VfS0qUERdZ,com.sec.android.app.shealth,26fe9ebc-f982-4054-bf9b-fd6c85289063,1765497600000,
6b43583a-894b-44be-8d85-a26ac63354ad.binning_data.json,2025-12-13 04:48:40.231,2025-12-13 04:48:40.231,com.sec.android.app.shealth,0,9410,1.3228729,7070.22,286.22,R5wtjjS0Fd,com.sec.android.app.shealth,6b43583a-894b-44be-8d85-a26ac63354ad,1765497600000,
a5a0a59b-7d0e-4698-85fa-c8f682d219e3.binning_data.json,2025-12-14 03:00:14.243,2025-12-13 04:48:59.775,com.sec.android.app.shealth,111,14980,1.1400357,9809.37,467.19998,tWUO8ZL77Z,com.sec.android.app.shealth,a5a0a59b-7d0e-4698-85fa-c8f682d219e3,1765497600000,
c94e1c7b-0841-46ad-83ea-cf0d41bf6fda.binning_data.json,2025-12-14 05:00:29.910,2025-12-13 10:17:21.165,com.sec.android.app.shealth,-2,10897,1.0967987,7095.08,340.63998,VfS0qUERdZ,com.sec.android.app.shealth,c94e1c7b-0841-46ad-83ea-cf0d41bf6fda,1765584000000,
34e5823c-c3bf-4430-919b-08b1854776a3.binning_data.json,2025-12-14 03:00:05.661,2025-12-14 03:00:05.661,com.sec.android.app.shealth,0,1877,1.2620655,1396.64,57.34,R5wtjjS0Fd,com.sec.android.app.shealth,34e5823c-c3bf-4430-919b-08b1854776a3,1765584000000,
daaec9fd-517a-4a2e-8b30-07d0e9f3b49a.binning_data.json,2025-12-15 03:00:17.579,2025-12-14 03:00:13.875,com.sec.android.app.shealth,111,10748,1.0802375,6888.15,335.76,tWUO8ZL77Z,com.sec.android.app.shealth,daaec9fd-517a-4a2e-8b30-07d0e9f3b49a,1765584000000,
c65871dd-5b73-4ccc-acbf-2c475462acde.binning_data.json,2025-12-15 02:34:08.353,2025-12-14 09:57:59.379,com.sec.android.app.shealth,-2,5800,1.0869846,3736.37,186.28,VfS0qUERdZ,com.sec.android.app.shealth,c65871dd-5b73-4ccc-acbf-2c475462acde,1765670400000,
ed82729e-e4ab-46ac-9a3f-fd871329bd5b.binning_data.json,2025-12-15 03:00:10.575,2025-12-15 03:00:10.575,com.sec.android.app.shealth,0,100,1.0772879,72.71999,3.1899998,R5wtjjS0Fd,com.sec.android.app.shealth,ed82729e-e4ab-46ac-9a3f-fd871329bd5b,1765670400000,
ec85693b-e778-460e-83de-83561ea1b744.binning_data.json,2025-12-15 03:00:17.633,2025-12-15 03:00:17.633,com.sec.android.app.shealth,111,5785,1.0867156,3724.85,186.0,tWUO8ZL77Z,com.sec.android.app.shealth,ec85693b-e778-460e-83de-83561ea1b744,1765670400000,
51a3ba79-fc28-4237-980f-59149f28bbe2.binning_data.json,2025-12-16 01:20:11.412,2025-12-15 10:01:10.617,com.sec.android.app.shealth,-2,6343,1.0534647,4045.72,201.73,VfS0qUERdZ,com.sec.android.app.shealth,51a3ba79-fc28-4237-980f-59149f28bbe2,1765756800000,
cdfe1161-fd07-42b3-a5ad-5e976cb07e08.binning_data.json,2025-12-16 03:26:01.588,2025-12-16 03:26:01.588,com.sec.android.app.shealth,0,124,0.9855279,84.32,4.67,R5wtjjS0Fd,com.sec.android.app.shealth,cdfe1161-fd07-42b3-a5ad-5e976cb07e08,1765756800000,
e9ef28e8-eea5-4a26-ab86-1a57f1cf2a84.binning_data.json,2025-12-16 03:26:09.357,2025-12-16 03:26:09.357,com.sec.android.app.shealth,111,6300,1.0523741,4013.01,200.08,tWUO8ZL77Z,com.sec.android.app.shealth,e9ef28e8-eea5-4a26-ab86-1a57f1cf2a84,1765756800000,
94a84c9e-68bf-4e12-8ea0-cbb847be21c9.binning_data.json,2025-12-16 23:57:51.880,2025-12-16 09:22:23.530,com.sec.android.app.shealth,-2,7102,1.087491,4577.77,226.93,VfS0qUERdZ,com.sec.android.app.shealth,94a84c9e-68bf-4e12-8ea0-cbb847be21c9,1765843200000,
f1c46305-3454-4d7d-8d9e-1c8d1936d1a6.binning_data.json,2025-12-17 03:40:21.998,2025-12-17 03:40:21.998,com.sec.android.app.shealth,0,266,1.0917825,194.15,8.51,R5wtjjS0Fd,com.sec.android.app.shealth,f1c46305-3454-4d7d-8d9e-1c8d1936d1a6,1765843200000,
fd1ff203-d70d-4f30-8872-0548b790e5e0.binning_data.json,2025-12-17 03:40:36.797,2025-12-17 03:40:36.797,com.sec.android.app.shealth,111,7048,1.0862017,4526.38,225.12,tWUO8ZL77Z,com.sec.android.app.shealth,fd1ff203-d70d-4f30-8872-0548b790e5e0,1765843200000,
65d45a60-d2a6-4df7-aa0a-cdf6f26723c7.binning_data.json,2025-12-18 06:07:38.049,2025-12-17 09:32:47.165,com.sec.android.app.shealth,-2,7919,1.0866317,5198.52,255.41,VfS0qUERdZ,com.sec.android.app.shealth,65d45a60-d2a6-4df7-aa0a-cdf6f26723c7,1765929600000,
81edeb80-62f1-43dd-9c87-254d200f6ae0.binning_data.json,2025-12-18 04:32:46.033,2025-12-18 04:32:46.033,com.sec.android.app.shealth,0,1718,1.2065163,1267.87,52.55,R5wtjjS0Fd,com.sec.android.app.shealth,81edeb80-62f1-43dd-9c87-254d200f6ae0,1765929600000,
fcd4b910-0d14-4d5f-b8cb-c231ee9b9a13.binning_data.json,2025-12-19 03:19:23.593,2025-12-18 04:33:09.629,com.sec.android.app.shealth,111,7788,1.05921,4990.13,250.89,tWUO8ZL77Z,com.sec.android.app.shealth,fcd4b910-0d14-4d5f-b8cb-c231ee9b9a13,1765929600000,
c2f1b518-2578-46b3-a6e4-57b43a83eb54.binning_data.json,2025-12-19 02:50:33.254,2025-12-18 10:49:20.075,com.sec.android.app.shealth,-2,7234,1.0875516,4630.35,225.45999,VfS0qUERdZ,com.sec.android.app.shealth,c2f1b518-2578-46b3-a6e4-57b43a83eb54,1766016000000,
2c329816-4c7d-4dd9-8e0d-ffbb9b96a08a.binning_data.json,2025-12-19 03:19:15.406,2025-12-19 03:19:15.406,com.sec.android.app.shealth,0,23,1.1180531,16.63,0.75999993,R5wtjjS0Fd,com.sec.android.app.shealth,2c329816-4c7d-4dd9-8e0d-ffbb9b96a08a,1766016000000,
9b0e852c-332c-45ce-a67b-8b6e3b25f919.binning_data.json,2025-12-19 03:19:23.690,2025-12-19 03:19:23.690,com.sec.android.app.shealth,111,7234,1.0875516,4630.35,225.45999,tWUO8ZL77Z,com.sec.android.app.shealth,9b0e852c-332c-45ce-a67b-8b6e3b25f919,1766016000000,
0084816c-d639-40ae-90cb-6e2d1fa04a50.binning_data.json,2025-12-20 09:08:03.503,2025-12-19 10:08:39.432,com.sec.android.app.shealth,-2,7554,1.0638535,4824.91,237.58,VfS0qUERdZ,com.sec.android.app.shealth,0084816c-d639-40ae-90cb-6e2d1fa04a50,1766102400000,
281953a5-e258-4bae-8ec3-2e62c1f412e1.binning_data.json,2025-12-20 03:00:06.729,2025-12-20 03:00:06.729,com.sec.android.app.shealth,0,39,1.1135029,28.220001,1.2699999,R5wtjjS0Fd,com.sec.android.app.shealth,281953a5-e258-4bae-8ec3-2e62c1f412e1,1766102400000,
98f1dd36-f049-4801-be5f-6b3b23dd27ff.binning_data.json,2025-12-21 03:18:16.758,2025-12-20 03:00:16.095,com.sec.android.app.shealth,111,7544,1.0625398,4814.06,237.23,tWUO8ZL77Z,com.sec.android.app.shealth,98f1dd36-f049-4801-be5f-6b3b23dd27ff,1766102400000,
d89b2abc-734b-4e85-b3cf-bcfca2f667a5.binning_data.json,2025-12-21 03:18:16.228,2025-12-20 09:08:02.482,com.sec.android.app.shealth,-2,10507,1.0966382,6802.92,337.65,VfS0qUERdZ,com.sec.android.app.shealth,d89b2abc-734b-4e85-b3cf-bcfca2f667a5,1766188800000,
0200ff37-65fa-436f-87ae-4243aec04092.binning_data.json,2025-12-21 03:18:13.396,2025-12-21 03:18:13.396,com.sec.android.app.shealth,0,246,1.2175028,180.62,7.8599997,R5wtjjS0Fd,com.sec.android.app.shealth,0200ff37-65fa-436f-87ae-4243aec04092,1766188800000,
7a59ce26-f121-490e-a408-9e2199858764.binning_data.json,2025-12-21 03:18:16.781,2025-12-21 03:18:16.781,com.sec.android.app.shealth,111,10426,1.0949141,6734.15,335.08,tWUO8ZL77Z,com.sec.android.app.shealth,7a59ce26-f121-490e-a408-9e2199858764,1766188800000,
cda7f9a0-b14b-4104-8854-f58653584be6.binning_data.json,2025-12-22 00:41:14.252,2025-12-21 09:51:23.455,com.sec.android.app.shealth,-2,6670,1.0565318,4256.68,207.55,VfS0qUERdZ,com.sec.android.app.shealth,cda7f9a0-b14b-4104-8854-f58653584be6,1766275200000,
c3e4a824-0b0b-4ce4-98c4-bd9a4a9b75b1.binning_data.json,2025-12-22 03:00:11.666,2025-12-22 03:00:11.666,com.sec.android.app.shealth,0,48,1.0017688,33.64,1.54,R5wtjjS0Fd,com.sec.android.app.shealth,c3e4a824-0b0b-4ce4-98c4-bd9a4a9b75b1,1766275200000,
6dd91c5b-b721-42f7-8fa1-e797c60a0e3a.binning_data.json,2025-12-22 03:00:23.798,2025-12-22 03:00:23.798,com.sec.android.app.shealth,111,6646,1.0568757,4239.46,206.79,tWUO8ZL77Z,com.sec.android.app.shealth,6dd91c5b-b721-42f7-8fa1-e797c60a0e3a,1766275200000,
d3f1c0f9-40a6-4b56-b42e-f328a37f5ce0.binning_data.json,2025-12-23 00:15:18.424,2025-12-22 05:15:43.167,com.sec.android.app.shealth,-2,9060,1.0928462,5828.97,284.99,VfS0qUERdZ,com.sec.android.app.shealth,d3f1c0f9-40a6-4b56-b42e-f328a37f5ce0,1766361600000,
0b302d6c-b0a9-402d-9a07-3ecb02c53189.binning_data.json,2025-12-23 03:00:11.074,2025-12-23 03:00:11.074,com.sec.android.app.shealth,0,96,1.176469,71.03999,2.85,R5wtjjS0Fd,com.sec.android.app.shealth,0b302d6c-b0a9-402d-9a07-3ecb02c53189,1766361600000,
4d03c4b6-ffc1-42ce-b552-a5eaf0336d1d.binning_data.json,2025-12-23 03:00:23.771,2025-12-23 03:00:23.771,com.sec.android.app.shealth,111,9034,1.0942154,5806.7397,284.56,tWUO8ZL77Z,com.sec.android.app.shealth,4d03c4b6-ffc1-42ce-b552-a5eaf0336d1d,1766361600000,
58e71649-4cc0-4d70-9d42-734170edec2a.binning_data.json,2025-12-24 02:17:09.227,2025-12-23 10:42:35.104,com.sec.android.app.shealth,-2,9420,1.1046654,6161.28,293.68,VfS0qUERdZ,com.sec.android.app.shealth,58e71649-4cc0-4d70-9d42-734170edec2a,1766448000000,
47dc217b-1532-4740-8d66-4d4ade9d4d99.binning_data.json,2025-12-24 03:00:09.008,2025-12-24 03:00:09.008,com.sec.android.app.shealth,0,2212,1.2953749,1662.78,67.799995,R5wtjjS0Fd,com.sec.android.app.shealth,47dc217b-1532-4740-8d66-4d4ade9d4d99,1766448000000,
1299e4e2-9d61-4279-9e9e-8d556aa068ce.binning_data.json,2025-12-24 03:00:28.569,2025-12-24 03:00:28.569,com.sec.android.app.shealth,111,8803,1.0762628,5601.15,274.7,tWUO8ZL77Z,com.sec.android.app.shealth,1299e4e2-9d61-4279-9e9e-8d556aa068ce,1766448000000,
9ff11a5f-81c6-4d8a-8b75-2cf4a1304930.binning_data.json,2025-12-25 04:33:47.217,2025-12-24 07:54:46.307,com.sec.android.app.shealth,-2,8459,1.083063,5439.86,265.57,VfS0qUERdZ,com.sec.android.app.shealth,9ff11a5f-81c6-4d8a-8b75-2cf4a1304930,1766534400000,
5214b4eb-de16-483a-8f83-c82abaa64e6a.binning_data.json,2025-12-24 22:25:52.596,2025-12-24 21:28:48.349,com.sec.android.app.shealth,0,264,1.1808816,193.36,8.509999,R5wtjjS0Fd,com.sec.android.app.shealth,5214b4eb-de16-483a-8f83-c82abaa64e6a,1766534400000,
592fc135-d0b3-45f4-aa6a-55bafcea1432.binning_data.json,2025-12-26 03:00:27.484,2025-12-24 21:29:17.547,com.sec.android.app.shealth,111,8338,1.0780953,5335.58,261.54,tWUO8ZL77Z,com.sec.android.app.shealth,592fc135-d0b3-45f4-aa6a-55bafcea1432,1766534400000,
2f580381-273b-42c0-a116-04cce622bf7e.binning_data.json,2025-12-26 09:16:07.293,2025-12-25 11:19:53.494,com.sec.android.app.shealth,-2,7002,1.1212019,4536.85,224.71,VfS0qUERdZ,com.sec.android.app.shealth,2f580381-273b-42c0-a116-04cce622bf7e,1766620800000,
646fd1bf-6cf1-4dca-ab46-5595337a644c.binning_data.json,2025-12-26 03:00:10.644,2025-12-26 03:00:10.644,com.sec.android.app.shealth,0,304,1.1899174,221.4,9.64,R5wtjjS0Fd,com.sec.android.app.shealth,646fd1bf-6cf1-4dca-ab46-5595337a644c,1766620800000,
cef2c019-9adc-4e87-801f-bafef2d03d6d.binning_data.json,2025-12-27 04:41:50.298,2025-12-26 03:00:27.662,com.sec.android.app.shealth,111,6909,1.1211736,4466.34,221.71,tWUO8ZL77Z,com.sec.android.app.shealth,cef2c019-9adc-4e87-801f-bafef2d03d6d,1766620800000,
cd06a740-79b8-48bc-997b-4260092109e7.binning_data.json,2025-12-27 04:02:37.418,2025-12-26 09:16:06.087,com.sec.android.app.shealth,-2,12928,1.1707636,8867.11,403.12,VfS0qUERdZ,com.sec.android.app.shealth,cd06a740-79b8-48bc-997b-4260092109e7,1766707200000,
b14480e0-1981-4498-9f40-f024c2b3fe66.binning_data.json,2025-12-28 05:44:44.781,2025-12-27 04:02:36.126,com.sec.android.app.shealth,-2,7905,1.1447903,5441.27,253.73,VfS0qUERdZ,com.sec.android.app.shealth,b14480e0-1981-4498-9f40-f024c2b3fe66,1766793600000,
39a94b4f-68a5-418e-bc50-aae0eef25681.binning_data.json,2025-12-27 04:41:41.555,2025-12-27 04:41:41.555,com.sec.android.app.shealth,0,5932,1.3063492,4459.6,179.72,R5wtjjS0Fd,com.sec.android.app.shealth,39a94b4f-68a5-418e-bc50-aae0eef25681,1766707200000,
9d0a8b61-b6e8-4cbe-a4b7-004651b2b538.binning_data.json,2025-12-29 04:35:25.796,2025-12-27 04:41:50.147,com.sec.android.app.shealth,111,7166,1.1293919,4838.28,230.25,tWUO8ZL77Z,com.sec.android.app.shealth,9d0a8b61-b6e8-4cbe-a4b7-004651b2b538,1766793600000,
1f2e040f-baae-4b16-a619-404026a28e41.binning_data.json,2025-12-27 04:41:50.223,2025-12-27 04:41:50.223,com.sec.android.app.shealth,111,12763,1.1488756,8592.28,400.66998,tWUO8ZL77Z,com.sec.android.app.shealth,1f2e040f-baae-4b16-a619-404026a28e41,1766707200000,
4b0c4f0b-8dd4-46fb-89d4-e8ca5aeee300.binning_data.json,2025-12-28 03:00:09.216,2025-12-28 03:00:09.216,com.sec.android.app.shealth,0,2141,1.2586302,1608.6,66.899994,R5wtjjS0Fd,com.sec.android.app.shealth,4b0c4f0b-8dd4-46fb-89d4-e8ca5aeee300,1766793600000,
fe80e0da-ec25-4a4d-b0ac-cf477f440c10.binning_data.json,2025-12-29 02:43:17.777,2025-12-28 10:57:29.902,com.sec.android.app.shealth,-2,8237,1.1471401,5579.16,266.58,VfS0qUERdZ,com.sec.android.app.shealth,fe80e0da-ec25-4a4d-b0ac-cf477f440c10,1766880000000,
de724668-fc5e-4987-9fa9-77d1df6bc311.binning_data.json,2025-12-29 04:35:07.661,2025-12-29 04:35:07.661,com.sec.android.app.shealth,0,1019,1.31063,725.26,34.55,R5wtjjS0Fd,com.sec.android.app.shealth,de724668-fc5e-4987-9fa9-77d1df6bc311,1766880000000,
4b893a3c-0afc-43c4-b957-ebbca2c9d102.binning_data.json,2025-12-29 04:35:25.537,2025-12-29 04:35:25.537,com.sec.android.app.shealth,111,8094,1.1404327,5465.06,261.52,tWUO8ZL77Z,com.sec.android.app.shealth,4b893a3c-0afc-43c4-b957-ebbca2c9d102,1766880000000,
fde7ccdb-4549-46f8-9b8a-e74fe87c85b2.binning_data.json,2025-12-30 01:25:41.035,2025-12-29 10:56:15.415,com.sec.android.app.shealth,-2,7688,1.1592462,5314.84,255.84,VfS0qUERdZ,com.sec.android.app.shealth,fde7ccdb-4549-46f8-9b8a-e74fe87c85b2,1766966400000,
6f86ff42-36f1-4265-878f-57621b6c8bb2.binning_data.json,2025-12-30 03:00:11.258,2025-12-30 03:00:11.258,com.sec.android.app.shealth,0,2199,1.2409655,1638.2999,73.49999,R5wtjjS0Fd,com.sec.android.app.shealth,6f86ff42-36f1-4265-878f-57621b6c8bb2,1766966400000,
a3b420e6-ebec-42ab-bd1c-c3b234beb2c9.binning_data.json,2025-12-30 03:00:30.510,2025-12-30 03:00:30.510,com.sec.android.app.shealth,111,6827,1.1451917,4626.33,224.88,tWUO8ZL77Z,com.sec.android.app.shealth,a3b420e6-ebec-42ab-bd1c-c3b234beb2c9,1766966400000,
f1a99fd2-b932-436a-94ad-62e0b910cf80.binning_data.json,2025-12-31 07:01:53.560,2025-12-30 10:01:23.093,com.sec.android.app.shealth,-2,6446,1.0915728,4323.6,209.72,VfS0qUERdZ,com.sec.android.app.shealth,f1a99fd2-b932-436a-94ad-62e0b910cf80,1767052800000,
9092eddb-aceb-4585-b897-47faa74aab2c.binning_data.json,2025-12-31 03:57:31.944,2025-12-31 03:57:31.944,com.sec.android.app.shealth,0,232,1.1372631,170.29,8.190001,R5wtjjS0Fd,com.sec.android.app.shealth,9092eddb-aceb-4585-b897-47faa74aab2c,1767052800000,
00cae4a9-c87a-4b0f-97c8-fdd0c56af4d5.binning_data.json,2026-01-01 04:39:50.963,2025-12-31 03:57:47.568,com.sec.android.app.shealth,111,6360,1.0891185,4255.03,206.62,tWUO8ZL77Z,com.sec.android.app.shealth,00cae4a9-c87a-4b0f-97c8-fdd0c56af4d5,1767052800000,
7de1040c-627e-4d98-b4a5-c52ffb049f05.binning_data.json,2026-01-01 03:50:08.742,2025-12-31 08:35:28.831,com.sec.android.app.shealth,-2,4138,1.0894713,2773.26,135.47,VfS0qUERdZ,com.sec.android.app.shealth,7de1040c-627e-4d98-b4a5-c52ffb049f05,1767139200000,
107284c1-971d-4b69-bff8-98a613d2a4a3.binning_data.json,2026-01-02 07:36:53.458,2026-01-01 03:50:07.963,com.sec.android.app.shealth,-2,6282,1.0931954,4226.9,208.54,VfS0qUERdZ,com.sec.android.app.shealth,107284c1-971d-4b69-bff8-98a613d2a4a3,1767225600000,
78a0676c-0030-4e5f-82c7-959e95586d09.binning_data.json,2026-01-01 04:39:22.467,2026-01-01 04:39:22.467,com.sec.android.app.shealth,0,98,1.1148174,67.96,3.57,R5wtjjS0Fd,com.sec.android.app.shealth,78a0676c-0030-4e5f-82c7-959e95586d09,1767139200000,
9a705f35-3d7f-4766-b37c-f892dbe6f224.binning_data.json,2026-01-03 03:00:20.861,2026-01-01 04:39:49.847,com.sec.android.app.shealth,111,6159,1.0906276,4125.52,203.28,tWUO8ZL77Z,com.sec.android.app.shealth,9a705f35-3d7f-4766-b37c-f892dbe6f224,1767225600000,
08af5ea2-c427-4c99-b735-98923d8db35f.binning_data.json,2026-01-01 04:39:51.479,2026-01-01 04:39:51.479,com.sec.android.app.shealth,111,4110,1.0882627,2750.69,134.31,tWUO8ZL77Z,com.sec.android.app.shealth,08af5ea2-c427-4c99-b735-98923d8db35f,1767139200000,
da515dc6-ee19-42a3-ba2c-ee1191116486.binning_data.json,2026-01-02 03:00:15.561,2026-01-02 03:00:15.561,com.sec.android.app.shealth,0,283,1.1417321,210.17,10.759999,R5wtjjS0Fd,com.sec.android.app.shealth,da515dc6-ee19-42a3-ba2c-ee1191116486,1767225600000,
8e1441f3-0cd4-4db2-bc9c-8e7830aa2a5c.binning_data.json,2026-01-03 09:56:39.953,2026-01-02 07:36:51.981,com.sec.android.app.shealth,-2,7499,1.1131105,5066.34,245.85,VfS0qUERdZ,com.sec.android.app.shealth,8e1441f3-0cd4-4db2-bc9c-8e7830aa2a5c,1767312000000,
f65f5967-0263-4ec4-af44-419cf26547f6.binning_data.json,2026-01-03 03:00:04.629,2026-01-03 03:00:04.629,com.sec.android.app.shealth,0,837,1.1632707,598.55,30.89,R5wtjjS0Fd,com.sec.android.app.shealth,f65f5967-0263-4ec4-af44-419cf26547f6,1767312000000,
7755b3ef-727d-4ccd-bc79-6fedf96a4a2c.binning_data.json,2026-01-04 03:51:53.781,2026-01-03 03:00:20.834,com.sec.android.app.shealth,111,7225,1.1107204,4862.76,233.66,tWUO8ZL77Z,com.sec.android.app.shealth,7755b3ef-727d-4ccd-bc79-6fedf96a4a2c,1767312000000,
3b150c7d-1b58-41e6-abcf-9e84eda887e8.binning_data.json,2026-01-04 07:42:51.569,2026-01-03 12:38:54.949,com.sec.android.app.shealth,-2,4704,1.1261054,3162.46,152.04,VfS0qUERdZ,com.sec.android.app.shealth,3b150c7d-1b58-41e6-abcf-9e84eda887e8,1767398400000,
df699ca7-5f15-4f84-8a3f-06fe1d96be62.binning_data.json,2026-01-04 03:49:56.685,2026-01-04 03:49:56.685,com.sec.android.app.shealth,0,57,1.0550623,41.480003,2.03,R5wtjjS0Fd,com.sec.android.app.shealth,df699ca7-5f15-4f84-8a3f-06fe1d96be62,1767398400000,
b51821ba-5038-4ea3-abd1-cf7e515e7471.binning_data.json,2026-01-05 03:13:35.925,2026-01-04 03:51:53.775,com.sec.android.app.shealth,111,4689,1.1267164,3151.66,151.5,tWUO8ZL77Z,com.sec.android.app.shealth,b51821ba-5038-4ea3-abd1-cf7e515e7471,1767398400000,
321d65d3-5253-4fa0-a14e-2200f7d98831.binning_data.json,2026-01-05 09:35:44.408,2026-01-04 07:42:50.655,com.sec.android.app.shealth,-2,8744,1.0548599,5802.95,289.18,VfS0qUERdZ,com.sec.android.app.shealth,321d65d3-5253-4fa0-a14e-2200f7d98831,1767484800000,
14d0b146-b46b-4385-af8d-66a6f93cc8f6.binning_data.json,2026-01-05 03:13:29.532,2026-01-05 03:13:29.532,com.sec.android.app.shealth,0,463,1.1982067,338.82,16.52,R5wtjjS0Fd,com.sec.android.app.shealth,14d0b146-b46b-4385-af8d-66a6f93cc8f6,1767484800000,
3b96a49a-819b-4f14-a922-776ee94e8144.binning_data.json,2026-01-06 03:00:15.203,2026-01-05 03:13:35.957,com.sec.android.app.shealth,111,8629,1.0506241,5709.84,284.32,tWUO8ZL77Z,com.sec.android.app.shealth,3b96a49a-819b-4f14-a922-776ee94e8144,1767484800000,
7452d05a-eb2f-4159-8367-90d15618e26a.binning_data.json,2026-01-06 03:06:05.207,2026-01-05 09:35:43.543,com.sec.android.app.shealth,-2,12601,1.148478,8614.0205,409.88,VfS0qUERdZ,com.sec.android.app.shealth,7452d05a-eb2f-4159-8367-90d15618e26a,1767571200000,
1ba3a547-99c6-4af5-a7ef-b584157ad0b8.binning_data.json,2026-01-06 03:00:08.995,2026-01-06 03:00:08.995,com.sec.android.app.shealth,0,2917,1.3196421,2201.89,92.33,R5wtjjS0Fd,com.sec.android.app.shealth,1ba3a547-99c6-4af5-a7ef-b584157ad0b8,1767571200000,
7ebec676-c04e-4fc0-ac89-3686ccd935f1.binning_data.json,2026-01-07 03:41:18.070,2026-01-06 03:00:15.085,com.sec.android.app.shealth,111,12326,1.128067,8282.99,399.95,tWUO8ZL77Z,com.sec.android.app.shealth,7ebec676-c04e-4fc0-ac89-3686ccd935f1,1767571200000,
a1c27da6-477d-432c-99a7-4d7abe8fb8e7.binning_data.json,2026-01-07 01:04:59.174,2026-01-06 03:06:03.588,com.sec.android.app.shealth,-2,7508,1.0995821,5088.51,249.20999,VfS0qUERdZ,com.sec.android.app.shealth,a1c27da6-477d-432c-99a7-4d7abe8fb8e7,1767657600000,
8b1cfa3b-df43-4fae-87ec-8a891d3a0cdb.binning_data.json,2026-01-07 03:41:06.697,2026-01-07 03:41:06.697,com.sec.android.app.shealth,0,2141,1.1615256,1546.3099,79.06,R5wtjjS0Fd,com.sec.android.app.shealth,8b1cfa3b-df43-4fae-87ec-8a891d3a0cdb,1767657600000,
55a26702-f84a-43f8-bf9e-c7c79e8d1bb4.binning_data.json,2026-01-07 03:41:19.395,2026-01-07 03:41:19.395,com.sec.android.app.shealth,111,6753,1.0759062,4496.92,219.47,tWUO8ZL77Z,com.sec.android.app.shealth,55a26702-f84a-43f8-bf9e-c7c79e8d1bb4,1767657600000,
b70d8d20-62f0-43fa-a2fb-6220ebfa0afc.binning_data.json,2026-01-08 09:35:56.772,2026-01-07 09:14:46.172,com.sec.android.app.shealth,-2,11678,1.1558177,8055.65,382.37,VfS0qUERdZ,com.sec.android.app.shealth,b70d8d20-62f0-43fa-a2fb-6220ebfa0afc,1767744000000,
5712164a-d001-49ed-b660-ac03a6fb015e.binning_data.json,2026-01-08 03:00:08.520,2026-01-08 03:00:08.520,com.sec.android.app.shealth,0,4000,1.2395703,2976.52,137.84,R5wtjjS0Fd,com.sec.android.app.shealth,5712164a-d001-49ed-b660-ac03a6fb015e,1767744000000,
a644c72b-ff68-4539-beac-c0cd41482593.binning_data.json,2026-01-09 03:00:23.109,2026-01-08 03:00:14.785,com.sec.android.app.shealth,111,11041,1.1236813,7407.46,356.23,tWUO8ZL77Z,com.sec.android.app.shealth,a644c72b-ff68-4539-beac-c0cd41482593,1767744000000,
eca1f4c7-0781-40da-99b5-33ef888a1c66.binning_data.json,2026-01-09 07:59:10.082,2026-01-08 09:35:56.535,com.sec.android.app.shealth,-2,9285,1.1730665,6341.73,308.76,VfS0qUERdZ,com.sec.android.app.shealth,eca1f4c7-0781-40da-99b5-33ef888a1c66,1767830400000,
d6b86b59-5b6a-4c02-b1d2-bdbae2868c01.binning_data.json,2026-01-09 03:00:08.827,2026-01-09 03:00:08.827,com.sec.android.app.shealth,0,1774,1.2731137,1291.84,63.789997,R5wtjjS0Fd,com.sec.android.app.shealth,d6b86b59-5b6a-4c02-b1d2-bdbae2868c01,1767830400000,
ff5b38a7-f2a2-48e7-bf58-bd674d822e7b.binning_data.json,2026-01-10 03:07:13.189,2026-01-09 03:00:23.026,com.sec.android.app.shealth,111,9004,1.1563239,6088.47,296.63998,tWUO8ZL77Z,com.sec.android.app.shealth,ff5b38a7-f2a2-48e7-bf58-bd674d822e7b,1767830400000,
9d942ff9-2959-4578-9eca-32957c5a3b39.binning_data.json,2026-01-10 02:37:13.160,2026-01-09 09:06:06.529,com.sec.android.app.shealth,-2,11269,1.1080225,7631.66,368.63,VfS0qUERdZ,com.sec.android.app.shealth,9d942ff9-2959-4578-9eca-32957c5a3b39,1767916800000,
61b53ca9-0273-479d-ae33-5946b51326ad.binning_data.json,2026-01-10 03:07:02.559,2026-01-10 03:07:02.559,com.sec.android.app.shealth,0,2551,1.2384912,1895.41,89.34,R5wtjjS0Fd,com.sec.android.app.shealth,61b53ca9-0273-479d-ae33-5946b51326ad,1767916800000,
469dd7d4-a4a4-4882-84f7-da814f460c3b.binning_data.json,2026-01-10 03:07:13.535,2026-01-10 03:07:13.535,com.sec.android.app.shealth,111,11070,1.0867156,7375.91,356.24,tWUO8ZL77Z,com.sec.android.app.shealth,469dd7d4-a4a4-4882-84f7-da814f460c3b,1767916800000,
bf4bdd72-f1bf-47c5-94e3-0899ab7f11dc.binning_data.json,2026-01-11 09:45:26.097,2026-01-10 06:42:33.656,com.sec.android.app.shealth,-2,7769,1.0818336,5204.92,258.95,VfS0qUERdZ,com.sec.android.app.shealth,bf4bdd72-f1bf-47c5-94e3-0899ab7f11dc,1768003200000,
db42200c-16b0-4eb6-a0a9-5d59dc915261.binning_data.json,2026-01-11 17:29:25.615,2026-01-11 03:24:19.693,com.sec.android.app.shealth,0,719,1.1147982,525.82,25.68,R5wtjjS0Fd,com.sec.android.app.shealth,db42200c-16b0-4eb6-a0a9-5d59dc915261,1768003200000,
17a5dd6a-bd5a-4248-962c-5ac847944772.binning_data.json,2026-01-11 17:30:02.678,2026-01-11 03:24:33.600,com.sec.android.app.shealth,111,7521,1.0786053,5007.68,249.25,tWUO8ZL77Z,com.sec.android.app.shealth,17a5dd6a-bd5a-4248-962c-5ac847944772,1768003200000,
d0dcac23-1c93-473e-88f3-e62f365cce6b.binning_data.json,2026-01-12 08:12:53.879,2026-01-11 10:41:06.150,com.sec.android.app.shealth,-2,8764,1.1879137,6014.02,289.12,VfS0qUERdZ,com.sec.android.app.shealth,d0dcac23-1c93-473e-88f3-e62f365cce6b,1768089600000,
d069053e-cabc-4e7f-aab1-00171f984043.binning_data.json,2026-01-12 03:00:15.587,2026-01-11 17:29:25.665,com.sec.android.app.shealth,0,250,1.136535,182.09,9.12,R5wtjjS0Fd,com.sec.android.app.shealth,d069053e-cabc-4e7f-aab1-00171f984043,1768089600000,
6d97aa44-f48f-4156-ad0f-d78a1640ca11.binning_data.json,2026-01-13 03:18:10.627,2026-01-11 17:30:02.732,com.sec.android.app.shealth,111,8692,1.18788,5958.01,286.16998,tWUO8ZL77Z,com.sec.android.app.shealth,6d97aa44-f48f-4156-ad0f-d78a1640ca11,1768089600000,
5ca92ad1-df29-434d-97d8-6eed78b8d51b.binning_data.json,2026-01-13 07:45:59.327,2026-01-12 08:12:52.871,com.sec.android.app.shealth,-2,5263,1.1222237,3549.69,172.81,VfS0qUERdZ,com.sec.android.app.shealth,5ca92ad1-df29-434d-97d8-6eed78b8d51b,1768176000000,
d5989534-d177-4cbc-a36f-4f6188a3e0b8.binning_data.json,2026-01-13 03:18:01.761,2026-01-13 03:18:01.761,com.sec.android.app.shealth,0,75,1.1377953,55.04,2.73,R5wtjjS0Fd,com.sec.android.app.shealth,d5989534-d177-4cbc-a36f-4f6188a3e0b8,1768176000000,
52af3641-af26-4e9c-ac63-fdbac1171a78.binning_data.json,2026-01-14 03:56:15.156,2026-01-13 03:18:10.416,com.sec.android.app.shealth,111,5244,1.1227272,3536.02,172.11,tWUO8ZL77Z,com.sec.android.app.shealth,52af3641-af26-4e9c-ac63-fdbac1171a78,1768176000000,
d2f4e582-6e87-4bc2-af72-6de3e08bb0d4.binning_data.json,2026-01-14 00:46:03.219,2026-01-13 10:17:49.246,com.sec.android.app.shealth,-2,6681,1.1396898,4583.37,218.34,VfS0qUERdZ,com.sec.android.app.shealth,d2f4e582-6e87-4bc2-af72-6de3e08bb0d4,1768262400000,
eded3760-1a7b-428a-96bd-086f5d73fe77.binning_data.json,2026-01-14 03:56:06.887,2026-01-14 03:56:06.887,com.sec.android.app.shealth,0,1556,1.2337686,1160.84,53.21,R5wtjjS0Fd,com.sec.android.app.shealth,eded3760-1a7b-428a-96bd-086f5d73fe77,1768262400000,
20a17fb4-2577-4148-841f-90792de70a3d.binning_data.json,2026-01-14 03:56:15.438,2026-01-14 03:56:15.438,com.sec.android.app.shealth,111,6072,1.1190882,4078.46,195.15,tWUO8ZL77Z,com.sec.android.app.shealth,20a17fb4-2577-4148-841f-90792de70a3d,1768262400000,
5d538ddb-ce91-484e-a95d-790cc2ec509e.binning_data.json,2026-01-15 00:46:28.968,2026-01-14 09:02:09.181,com.sec.android.app.shealth,-2,10721,1.1903604,7303.53,368.82,VfS0qUERdZ,com.sec.android.app.shealth,5d538ddb-ce91-484e-a95d-790cc2ec509e,1768348800000,
eba83ebf-5b90-47ba-b006-bc18f9614d2a.binning_data.json,2026-01-15 04:45:59.240,2026-01-15 04:45:59.240,com.sec.android.app.shealth,0,804,1.2386087,586.0,27.68,R5wtjjS0Fd,com.sec.android.app.shealth,eba83ebf-5b90-47ba-b006-bc18f9614d2a,1768348800000,
9747505d-5ada-45e6-bea9-fbbdcd8081df.binning_data.json,2026-01-15 04:46:10.427,2026-01-15 04:46:10.427,com.sec.android.app.shealth,111,10685,1.1899939,7263.66,366.94,tWUO8ZL77Z,com.sec.android.app.shealth,9747505d-5ada-45e6-bea9-fbbdcd8081df,1768348800000,
983439c7-e653-4a62-9704-7e26ed80e066.binning_data.json,2026-01-16 04:56:22.387,2026-01-15 09:40:13.293,com.sec.android.app.shealth,-2,13594,1.1722882,9300.28,444.33,VfS0qUERdZ,com.sec.android.app.shealth,983439c7-e653-4a62-9704-7e26ed80e066,1768435200000,
b0db4757-b598-4e6f-89ab-496b96bc10eb.binning_data.json,2026-01-16 03:00:07.853,2026-01-16 03:00:07.853,com.sec.android.app.shealth,0,4638,1.2912169,3458.67,150.14,R5wtjjS0Fd,com.sec.android.app.shealth,b0db4757-b598-4e6f-89ab-496b96bc10eb,1768435200000,
e239eeca-c761-45f1-989a-8898061d2632.binning_data.json,2026-01-16 20:30:42.150,2026-01-16 03:00:13.322,com.sec.android.app.shealth,111,13292,1.1460097,8886.31,431.53,tWUO8ZL77Z,com.sec.android.app.shealth,e239eeca-c761-45f1-989a-8898061d2632,1768435200000,
6ddc30b4-dc37-4ae9-bdf7-f6453107019f.binning_data.json,2026-01-17 07:14:45.583,2026-01-16 09:36:47.546,com.sec.android.app.shealth,-2,14042,1.1305405,9443.4,452.61996,VfS0qUERdZ,com.sec.android.app.shealth,6ddc30b4-dc37-4ae9-bdf7-f6453107019f,1768521600000,
64b4986b-5ec5-464a-b0b4-778d2ae94958.binning_data.json,2026-01-17 03:00:13.490,2026-01-16 20:30:31.458,com.sec.android.app.shealth,0,2065,1.2744335,1540.13,67.33,R5wtjjS0Fd,com.sec.android.app.shealth,64b4986b-5ec5-464a-b0b4-778d2ae94958,1768521600000,
663de67a-aed1-4021-ae82-8fcbb2d57439.binning_data.json,2026-01-17 20:22:58.893,2026-01-16 20:30:42.138,com.sec.android.app.shealth,111,13901,1.1195651,9255.88,446.21,tWUO8ZL77Z,com.sec.android.app.shealth,663de67a-aed1-4021-ae82-8fcbb2d57439,1768521600000,
e39041df-1d97-4bab-afe0-ce5fe77cc67f.binning_data.json,2026-01-18 02:18:39.842,2026-01-17 08:58:58.500,com.sec.android.app.shealth,-2,10950,1.0815749,7240.98,354.4,VfS0qUERdZ,com.sec.android.app.shealth,e39041df-1d97-4bab-afe0-ce5fe77cc67f,1768608000000,
0a1dad87-9d0d-4ec9-ab2d-f5f910d5c15e.binning_data.json,2026-01-18 03:00:08.338,2026-01-17 20:22:37.598,com.sec.android.app.shealth,0,214,1.0880299,156.79,7.7599998,R5wtjjS0Fd,com.sec.android.app.shealth,0a1dad87-9d0d-4ec9-ab2d-f5f910d5c15e,1768608000000,
b341657d-2d01-4e4c-b631-cac83a636338.binning_data.json,2026-01-18 03:00:15.003,2026-01-17 20:22:58.727,com.sec.android.app.shealth,111,10891,1.0811871,7194.94,352.13,tWUO8ZL77Z,com.sec.android.app.shealth,b341657d-2d01-4e4c-b631-cac83a636338,1768608000000,
3c1101de-3ce5-4217-b862-7975f7ca972b.binning_data.json,2026-01-19 07:54:44.486,2026-01-18 10:17:48.162,com.sec.android.app.shealth,-2,10038,1.1133537,6682.07,329.84,VfS0qUERdZ,com.sec.android.app.shealth,3c1101de-3ce5-4217-b862-7975f7ca972b,1768694400000,
fc63fdb8-22c5-47c1-a369-c27283666493.binning_data.json,2026-01-19 03:00:02.115,2026-01-19 03:00:02.115,com.sec.android.app.shealth,0,129,1.154853,94.770004,4.57,R5wtjjS0Fd,com.sec.android.app.shealth,fc63fdb8-22c5-47c1-a369-c27283666493,1768694400000,
4d9b9379-b33e-46e4-95f1-29100aca5d1d.binning_data.json,2026-01-20 03:00:02.669,2026-01-19 03:00:03.095,com.sec.android.app.shealth,111,10024,1.1132083,6669.64,329.23,tWUO8ZL77Z,com.sec.android.app.shealth,4d9b9379-b33e-46e4-95f1-29100aca5d1d,1768694400000,
f3dbf848-b4be-4d50-a0cf-da3abe10c1df.binning_data.json,2026-01-20 08:49:38.439,2026-01-19 11:01:19.441,com.sec.android.app.shealth,-2,11351,1.1405238,7571.95,364.91,VfS0qUERdZ,com.sec.android.app.shealth,f3dbf848-b4be-4d50-a0cf-da3abe10c1df,1768780800000,
5beed6db-6019-45fe-be9f-d18a0e0774a8.binning_data.json,2026-01-20 03:00:01.562,2026-01-20 03:00:01.562,com.sec.android.app.shealth,0,133,1.1156,97.299995,4.79,R5wtjjS0Fd,com.sec.android.app.shealth,5beed6db-6019-45fe-be9f-d18a0e0774a8,1768780800000,
77fb4e91-325f-4d1d-abbe-88d373a5f37d.binning_data.json,2026-01-21 03:00:02.038,2026-01-20 03:00:02.667,com.sec.android.app.shealth,111,11347,1.1397696,7567.33,364.81,tWUO8ZL77Z,com.sec.android.app.shealth,77fb4e91-325f-4d1d-abbe-88d373a5f37d,1768780800000,
c067ac8c-4a48-4b50-9ef6-854f8317e1ba.binning_data.json,2026-01-21 03:08:41.060,2026-01-20 08:49:37.063,com.sec.android.app.shealth,-2,11350,1.1489937,7664.56,372.87,VfS0qUERdZ,com.sec.android.app.shealth,c067ac8c-4a48-4b50-9ef6-854f8317e1ba,1768867200000,
58efae8d-4c2e-4beb-820b-bac73ec19c0d.binning_data.json,2026-01-21 03:00:01.145,2026-01-21 03:00:01.145,com.sec.android.app.shealth,0,1383,1.2699081,1038.19,45.59,R5wtjjS0Fd,com.sec.android.app.shealth,58efae8d-4c2e-4beb-820b-bac73ec19c0d,1768867200000,
a6d0a208-68df-48a3-8c3d-9e83a6cc83be.binning_data.json,2026-01-22 03:00:02.890,2026-01-21 03:00:02.051,com.sec.android.app.shealth,111,10828,1.1405736,7242.68,354.52,tWUO8ZL77Z,com.sec.android.app.shealth,a6d0a208-68df-48a3-8c3d-9e83a6cc83be,1768867200000,
802dbd0a-cbf7-48d3-9f57-cfd83745b2cc.binning_data.json,2026-01-22 03:00:02.583,2026-01-21 03:08:40.380,com.sec.android.app.shealth,-2,9228,1.111852,6109.72,296.0,VfS0qUERdZ,com.sec.android.app.shealth,802dbd0a-cbf7-48d3-9f57-cfd83745b2cc,1768953600000,
6003d933-e0cb-4db2-bd0d-3755dea4e0e6.binning_data.json,2026-01-22 03:00:01.612,2026-01-22 03:00:01.612,com.sec.android.app.shealth,0,167,1.1390849,122.36,5.8799996,R5wtjjS0Fd,com.sec.android.app.shealth,6003d933-e0cb-4db2-bd0d-3755dea4e0e6,1768953600000,
2b9bd869-0691-4fb1-b0dd-67d493ba220a.binning_data.json,2026-01-22 03:00:02.885,2026-01-22 03:00:02.885,com.sec.android.app.shealth,111,9144,1.1107842,6046.75,293.04,tWUO8ZL77Z,com.sec.android.app.shealth,2b9bd869-0691-4fb1-b0dd-67d493ba220a,1768953600000,
1c18336b-924c-46c3-a461-2c1dd5cd3d6a.binning_data.json,2026-01-23 08:40:46.854,2026-01-22 03:03:02.833,com.sec.android.app.shealth,-2,6442,1.1360797,4391.22,222.47,VfS0qUERdZ,com.sec.android.app.shealth,1c18336b-924c-46c3-a461-2c1dd5cd3d6a,1769040000000,
229f7edc-b0b6-456c-b0c6-4fa695c29c14.binning_data.json,2026-01-23 03:34:59.437,2026-01-23 03:34:59.437,com.sec.android.app.shealth,0,2483,1.2408618,1836.18,97.62,R5wtjjS0Fd,com.sec.android.app.shealth,229f7edc-b0b6-456c-b0c6-4fa695c29c14,1769040000000,
b2716b6b-ab19-4a58-b0ba-f70f310930b3.binning_data.json,2026-01-24 03:00:04.168,2026-01-23 03:35:08.668,com.sec.android.app.shealth,111,6084,1.0966765,4012.29,197.35,tWUO8ZL77Z,com.sec.android.app.shealth,b2716b6b-ab19-4a58-b0ba-f70f310930b3,1769040000000,
f735a5d0-1fe2-4b08-98ae-b73e542d07b1.binning_data.json,2026-01-24 01:57:59.786,2026-01-23 08:40:46.707,com.sec.android.app.shealth,-2,14125,1.1644157,9628.82,483.27,VfS0qUERdZ,com.sec.android.app.shealth,f735a5d0-1fe2-4b08-98ae-b73e542d07b1,1769126400000,
03ebde31-4d02-414b-a1a2-440d1b7710e5.binning_data.json,2026-01-24 03:00:03.107,2026-01-24 03:00:03.107,com.sec.android.app.shealth,0,8151,1.2928879,6091.25,319.72998,R5wtjjS0Fd,com.sec.android.app.shealth,03ebde31-4d02-414b-a1a2-440d1b7710e5,1769126400000,
047e30e5-80de-4dd0-bd0f-47d0b58c1f18.binning_data.json,2026-01-24 03:00:04.166,2026-01-24 03:00:04.166,com.sec.android.app.shealth,111,13298,1.1112335,8655.57,419.81,tWUO8ZL77Z,com.sec.android.app.shealth,047e30e5-80de-4dd0-bd0f-47d0b58c1f18,1769126400000,
de01875d-207a-4362-9802-7b1426aa70ea.binning_data.json,2026-01-25 10:00:12.972,2026-01-24 10:08:33.803,com.sec.android.app.shealth,-2,9002,1.1064641,5944.97,297.9,VfS0qUERdZ,com.sec.android.app.shealth,de01875d-207a-4362-9802-7b1426aa70ea,1769212800000,
5c410f84-53f0-4289-bf33-c70d3ef592ff.binning_data.json,2026-01-25 03:00:13.223,2026-01-25 03:00:13.223,com.sec.android.app.shealth,0,4138,1.2880005,3111.21,157.69,R5wtjjS0Fd,com.sec.android.app.shealth,5c410f84-53f0-4289-bf33-c70d3ef592ff,1769212800000,
6949baab-b7cd-4fd5-863a-8eac56b44fc2.binning_data.json,2026-01-26 03:00:27.763,2026-01-25 03:00:36.687,com.sec.android.app.shealth,111,8634,1.0631987,5485.5,271.58,tWUO8ZL77Z,com.sec.android.app.shealth,6949baab-b7cd-4fd5-863a-8eac56b44fc2,1769212800000,
2251b62e-ee03-4bea-ab4a-739690722785.binning_data.json,2026-01-26 07:58:04.346,2026-01-25 10:00:12.770,com.sec.android.app.shealth,-2,16493,1.1984158,11163.46,556.04,VfS0qUERdZ,com.sec.android.app.shealth,2251b62e-ee03-4bea-ab4a-739690722785,1769299200000,
2959a862-fe32-42b4-ae6c-2180c2649d9f.binning_data.json,2026-01-26 03:00:08.742,2026-01-26 03:00:08.742,com.sec.android.app.shealth,0,8053,1.3852124,6124.68,312.34,R5wtjjS0Fd,com.sec.android.app.shealth,2959a862-fe32-42b4-ae6c-2180c2649d9f,1769299200000,
0fb7cc4c-45a6-4b9a-af00-be047307d25f.binning_data.json,2026-01-26 23:49:33.962,2026-01-26 03:00:27.786,com.sec.android.app.shealth,111,16123,1.1412556,10438.16,509.81,tWUO8ZL77Z,com.sec.android.app.shealth,0fb7cc4c-45a6-4b9a-af00-be047307d25f,1769299200000,
b8c5b637-2af0-4555-8aea-11823a1d260b.binning_data.json,2026-01-27 04:11:32.443,2026-01-26 07:58:04.135,com.sec.android.app.shealth,-2,11919,1.1343032,7966.92,400.85,VfS0qUERdZ,com.sec.android.app.shealth,b8c5b637-2af0-4555-8aea-11823a1d260b,1769385600000,
ce517578-1d00-4799-85f6-ffa4c335365f.binning_data.json,2026-01-27 03:35:16.943,2026-01-26 23:49:30.613,com.sec.android.app.shealth,0,4641,1.2899826,3482.14,183.54,R5wtjjS0Fd,com.sec.android.app.shealth,ce517578-1d00-4799-85f6-ffa4c335365f,1769385600000,
f55aaaa2-0987-428f-bdd1-6967599930bb.binning_data.json,2026-01-28 03:00:16.461,2026-01-26 23:49:33.958,com.sec.android.app.shealth,111,11674,1.0835912,7464.02,364.93,tWUO8ZL77Z,com.sec.android.app.shealth,f55aaaa2-0987-428f-bdd1-6967599930bb,1769385600000,
3e556e94-1d7c-4245-a31a-1fc0537f1903.binning_data.json,2026-01-28 10:18:46.134,2026-01-27 06:44:36.434,com.sec.android.app.shealth,-2,8795,1.1177766,5872.32,293.49,VfS0qUERdZ,com.sec.android.app.shealth,3e556e94-1d7c-4245-a31a-1fc0537f1903,1769472000000,
4ffb189b-aee5-40ea-8346-89e610b351a4.binning_data.json,2026-01-28 03:00:09.708,2026-01-28 03:00:09.708,com.sec.android.app.shealth,0,1576,1.2975761,1187.42,61.41,R5wtjjS0Fd,com.sec.android.app.shealth,4ffb189b-aee5-40ea-8346-89e610b351a4,1769472000000,
6eebb2bc-85eb-47eb-adc7-caf442e2d83e.binning_data.json,2026-01-29 03:00:34.527,2026-01-28 03:00:16.535,com.sec.android.app.shealth,111,8338,1.1015506,5488.49,271.98,tWUO8ZL77Z,com.sec.android.app.shealth,6eebb2bc-85eb-47eb-adc7-caf442e2d83e,1769472000000,
1e1222e0-dfc9-4ecd-8c5f-7d44fb0e5eff.binning_data.json,2026-01-29 06:20:03.192,2026-01-28 10:18:45.946,com.sec.android.app.shealth,-2,11520,1.1373436,7700.11,391.04,VfS0qUERdZ,com.sec.android.app.shealth,1e1222e0-dfc9-4ecd-8c5f-7d44fb0e5eff,1769558400000,
c3a7a5d1-00f2-4dbf-88ca-57209208527f.binning_data.json,2026-01-29 03:00:22.478,2026-01-29 03:00:22.478,com.sec.android.app.shealth,0,213,1.0649419,150.72,8.55,R5wtjjS0Fd,com.sec.android.app.shealth,c3a7a5d1-00f2-4dbf-88ca-57209208527f,1769558400000,
78267aa1-66f1-49d9-b351-176f8d458453.binning_data.json,2026-01-30 03:00:04.375,2026-01-29 03:00:34.565,com.sec.android.app.shealth,111,11397,1.1380566,7610.5,385.6,tWUO8ZL77Z,com.sec.android.app.shealth,78267aa1-66f1-49d9-b351-176f8d458453,1769558400000,
898c6feb-3a23-4f68-8c16-8aebb3869526.binning_data.json,2026-01-30 01:54:15.576,2026-01-29 06:20:02.327,com.sec.android.app.shealth,-2,6052,1.1583451,4043.19,196.78,VfS0qUERdZ,com.sec.android.app.shealth,898c6feb-3a23-4f68-8c16-8aebb3869526,1769644800000,
806ed8c2-90d1-4f6c-8149-5d5f54437a0e.binning_data.json,2026-01-30 03:00:03.229,2026-01-30 03:00:03.229,com.sec.android.app.shealth,0,267,1.0469555,184.25,10.78,R5wtjjS0Fd,com.sec.android.app.shealth,806ed8c2-90d1-4f6c-8149-5d5f54437a0e,1769644800000,
9e6b3e21-05f2-41b1-8ee6-ab03c3ebb90f.binning_data.json,2026-01-30 03:00:04.357,2026-01-30 03:00:04.357,com.sec.android.app.shealth,111,5987,1.158541,3999.74,193.89,tWUO8ZL77Z,com.sec.android.app.shealth,9e6b3e21-05f2-41b1-8ee6-ab03c3ebb90f,1769644800000,
8a785aef-1484-4893-a50f-f4b1c7887295.binning_data.json,2026-01-31 07:20:33.653,2026-01-30 10:10:32.308,com.sec.android.app.shealth,-2,5407,1.0724254,3540.66,177.56999,VfS0qUERdZ,com.sec.android.app.shealth,8a785aef-1484-4893-a50f-f4b1c7887295,1769731200000,
d689ce60-60de-4f6b-91b2-f25a89f836aa.binning_data.json,2026-01-31 03:00:08.176,2026-01-31 03:00:08.176,com.sec.android.app.shealth,0,75,1.0999404,55.149998,2.78,R5wtjjS0Fd,com.sec.android.app.shealth,d689ce60-60de-4f6b-91b2-f25a89f836aa,1769731200000,
9b87551a-c45e-4704-810f-bc652472385e.binning_data.json,2026-02-01 03:00:25.638,2026-01-31 03:00:20.923,com.sec.android.app.shealth,111,5352,1.0727662,3500.73,175.52,tWUO8ZL77Z,com.sec.android.app.shealth,9b87551a-c45e-4704-810f-bc652472385e,1769731200000,
523dcd96-cd28-4b7a-876e-693749bab6e9.binning_data.json,2026-02-01 03:50:01.367,2026-01-31 07:20:33.487,com.sec.android.app.shealth,-2,9800,1.0993991,6557.63,335.74,VfS0qUERdZ,com.sec.android.app.shealth,523dcd96-cd28-4b7a-876e-693749bab6e9,1769817600000,
c7fa0056-c188-4eb2-b6dd-b5b5e891e4a6.binning_data.json,2026-02-01 03:00:12.858,2026-02-01 03:00:12.858,com.sec.android.app.shealth,0,1913,1.1822358,1406.04,76.1,R5wtjjS0Fd,com.sec.android.app.shealth,c7fa0056-c188-4eb2-b6dd-b5b5e891e4a6,1769817600000,
2a02b02d-5aca-431b-942e-1d8340f38628.binning_data.json,2026-02-02 00:43:34.293,2026-02-01 03:00:25.666,com.sec.android.app.shealth,111,9560,1.0768695,6260.9897,314.91,tWUO8ZL77Z,com.sec.android.app.shealth,2a02b02d-5aca-431b-942e-1d8340f38628,1769817600000,
796d970d-b39e-4808-9057-8d52b022fd47.binning_data.json,2026-02-02 02:21:11.955,2026-02-01 05:46:10.526,com.sec.android.app.shealth,-2,8058,1.0968772,5382.2,275.11,VfS0qUERdZ,com.sec.android.app.shealth,796d970d-b39e-4808-9057-8d52b022fd47,1769904000000,
a7628ca5-744a-45ab-a484-1a99cca4cff5.binning_data.json,2026-02-02 00:43:21.468,2026-02-02 00:43:21.468,com.sec.android.app.shealth,0,2429,1.2424383,1748.5599,96.88,R5wtjjS0Fd,com.sec.android.app.shealth,a7628ca5-744a-45ab-a484-1a99cca4cff5,1769904000000,
ab5973cc-9912-481f-8e0d-a6d4382b84c0.binning_data.json,2026-02-02 03:59:04.269,2026-02-02 00:43:34.318,com.sec.android.app.shealth,111,7849,1.0774019,5131.23,259.35,tWUO8ZL77Z,com.sec.android.app.shealth,ab5973cc-9912-481f-8e0d-a6d4382b84c0,1769904000000,
0202b123-129b-4ba7-94b3-ee105e53fb63.binning_data.json,2026-02-03 02:35:25.411,2026-02-02 11:11:30.940,com.sec.android.app.shealth,-2,10782,1.2371863,7670.77,370.79,VfS0qUERdZ,com.sec.android.app.shealth,0202b123-129b-4ba7-94b3-ee105e53fb63,1769990400000,
54fa20d0-b919-41d9-b76e-b4a1ee9e4e21.binning_data.json,2026-02-03 03:18:31.449,2026-02-03 03:18:31.449,com.sec.android.app.shealth,0,6010,1.3608986,4556.5,220.87,R5wtjjS0Fd,com.sec.android.app.shealth,54fa20d0-b919-41d9-b76e-b4a1ee9e4e21,1769990400000,
333e6057-19ea-452e-8dd5-2c47ec37e679.binning_data.json,2026-02-03 03:18:40.097,2026-02-03 03:18:40.097,com.sec.android.app.shealth,111,10383,1.1860155,7085.34,336.03998,tWUO8ZL77Z,com.sec.android.app.shealth,333e6057-19ea-452e-8dd5-2c47ec37e679,1769990400000,
2d294efc-ea3d-49b1-b910-cfd0832fe0ac.binning_data.json,2026-02-04 08:19:19.264,2026-02-03 04:19:23.184,com.sec.android.app.shealth,-2,8360,1.2684811,5990.34,315.29,VfS0qUERdZ,com.sec.android.app.shealth,2d294efc-ea3d-49b1-b910-cfd0832fe0ac,1770076800000,
a89c8c4f-c539-4145-8f15-c43fa0fd615c.binning_data.json,2026-02-04 04:40:33.702,2026-02-04 04:40:33.702,com.sec.android.app.shealth,0,2315,1.2528741,1715.14,90.63,R5wtjjS0Fd,com.sec.android.app.shealth,a89c8c4f-c539-4145-8f15-c43fa0fd615c,1770076800000,
5696e45a-c5bc-4dc6-a491-05079a8b5168.binning_data.json,2026-02-05 03:00:32.448,2026-02-04 04:40:53.262,com.sec.android.app.shealth,111,7933,1.2513117,5577.82,288.27,tWUO8ZL77Z,com.sec.android.app.shealth,5696e45a-c5bc-4dc6-a491-05079a8b5168,1770076800000,
5b0e6166-91d9-4f2a-86a9-ea86c0d78619.binning_data.json,2026-02-05 09:25:46.735,2026-02-04 09:05:10.554,com.sec.android.app.shealth,-2,12254,1.2120413,8645.26,429.81,VfS0qUERdZ,com.sec.android.app.shealth,5b0e6166-91d9-4f2a-86a9-ea86c0d78619,1770163200000,
a249cbcb-187c-4d97-b8f7-cda25f07a421.binning_data.json,2026-02-05 03:00:15.552,2026-02-05 03:00:15.552,com.sec.android.app.shealth,0,7754,1.3023659,5807.26,305.9,R5wtjjS0Fd,com.sec.android.app.shealth,a249cbcb-187c-4d97-b8f7-cda25f07a421,1770163200000,
d859ccd9-e235-40e5-91c1-e086d264ddbe.binning_data.json,2026-02-06 04:52:30.478,2026-02-05 03:00:32.435,com.sec.android.app.shealth,111,11456,1.1708153,7770.22,365.34,tWUO8ZL77Z,com.sec.android.app.shealth,d859ccd9-e235-40e5-91c1-e086d264ddbe,1770163200000,
9162b68a-a3aa-4346-b4bc-b0e03ddd2a49.binning_data.json,2026-02-06 03:01:11.208,2026-02-05 09:46:33.048,com.sec.android.app.shealth,-2,8219,1.1142769,5493.25,272.84,VfS0qUERdZ,com.sec.android.app.shealth,9162b68a-a3aa-4346-b4bc-b0e03ddd2a49,1770249600000,
d238927b-d028-401a-958f-7435feebac62.binning_data.json,2026-02-06 04:52:29.559,2026-02-06 04:52:29.559,com.sec.android.app.shealth,0,116,1.0579872,81.67,4.31,R5wtjjS0Fd,com.sec.android.app.shealth,d238927b-d028-401a-958f-7435feebac62,1770249600000,
3fe38c37-6256-4de1-82e8-fada284dfc45.binning_data.json,2026-02-06 04:52:30.476,2026-02-06 04:52:30.476,com.sec.android.app.shealth,111,8185,1.1146535,5470.28,271.5,tWUO8ZL77Z,com.sec.android.app.shealth,3fe38c37-6256-4de1-82e8-fada284dfc45,1770249600000,
7d9c0eab-67b7-493e-a5d8-7e6a0ff2634b.binning_data.json,2026-02-06 13:28:25.687,2026-02-06 05:11:24.829,com.sec.android.app.shealth,-2,3110,1.2027597,2147.71,115.57,VfS0qUERdZ,com.sec.android.app.shealth,7d9c0eab-67b7-493e-a5d8-7e6a0ff2634b,1770336000000,
