com.samsung.shealth.hsp.references,6307003,1
hsp_id,shealth_id,update_time,create_time,shealth_data_type,deviceuuid,pkg_name,datauuid
9e9cc570-ab7f-4544-9119-77fafe3c8355,ab2cfef9-e5c9-44c7-80a0-5c42339dd81a,2025-10-26 19:21:57.391,2025-10-26 19:21:57.391,10007,R5wtjjS0Fd,com.sec.android.app.shealth,7bdc763e-8da1-49aa-a56b-1d7a49ff0523,
84061b1a-62ba-43ab-9309-d8471dd016d1,70dda7a2-17c8-4bab-bbce-c0e9556d5d5d,2025-10-26 20:36:44.362,2025-10-26 20:36:44.362,10004,R5wtjjS0Fd,com.sec.android.app.shealth,cecbedd4-fe92-4805-a218-478e4c4b6ba8,
7630633c-7af8-40a1-a7fe-43a3bf5195cf,8974d206-b0ff-4560-8db9-c0c644f3f0f3,2025-10-26 18:47:32.475,2025-10-26 18:47:32.475,10000,R5wtjjS0Fd,com.sec.android.app.shealth,bc24dbdb-1352-4101-8c46-94e8378dda34,
c7c68fef-f3e0-4345-afbb-463fa0fd5893,11aaa94a-9dcc-4207-9ae0-adff72416e1d,2025-10-26 18:52:34.627,2025-10-26 18:52:34.627,10004,R5wtjjS0Fd,com.sec.android.app.shealth,409bc9da-07b3-4eec-bd9a-d7d859faea91,
be458e74-081d-447d-aa68-60cfb6fe1ba0,5223422f-4d6b-4139-8277-6a44b52d5b0e,2025-10-26 18:52:34.639,2025-10-26 18:52:34.639,10004,R5wtjjS0Fd,com.sec.android.app.shealth,85b6cb06-5ce6-409d-ad16-0398b64fd5ac,
7e1071ca-435b-4498-937e-8441153489cc,ed7eb281-b4f8-4797-b552-b7dd424b6f20,2025-10-26 21:16:39.180,2025-10-26 21:16:39.180,10004,R5wtjjS0Fd,com.sec.android.app.shealth,a975d6f9-9ccd-43ea-b186-cb7ead92d4dc,
0bfdb993-8ab3-4839-8e90-834f9d6060ab,67ea8ec6-4c94-4381-b99f-e170962c6279,2025-10-26 18:52:34.650,2025-10-26 18:52:34.650,10004,R5wtjjS0Fd,com.sec.android.app.shealth,21a47964-beac-4455-b7b3-96d1f86c8c8c,
5f04711b-260f-4aa8-87ba-d52d12689c8b,0ae14724-d31b-4695-815e-daa66e16c3c1,2025-10-26 20:36:44.377,2025-10-26 20:36:44.377,10004,R5wtjjS0Fd,com.sec.android.app.shealth,1d9fdb49-86f6-429c-98f0-1e7ae7f5ceca,
69f1ec92-795e-4a0f-9a6f-3702f4614fe2,0d564f53-a57e-485f-a1e7-31f4e9eda445,2025-10-26 18:52:34.656,2025-10-26 18:52:34.656,10004,R5wtjjS0Fd,com.sec.android.app.shealth,3a800fb9-bcf3-4792-8d1f-e65c091b3d4c,
6c523694-9407-4576-97b7-c86330f64818,4840be6c-053d-46a3-9201-e1cef08c6302,2025-10-26 19:21:57.384,2025-10-26 19:21:57.384,10007,R5wtjjS0Fd,com.sec.android.app.shealth,ebbc3e8b-3a77-4e97-8fdc-7f6c9d3254cd,
2e839841-1a7c-4272-be84-a94823d0a304,ab3d8835-17ac-4235-a9e1-300f3d0c4e34,2025-10-26 22:03:56.625,2025-10-26 22:03:56.625,10004,R5wtjjS0Fd,com.sec.android.app.shealth,1e8020fa-3280-43ba-b23f-399903a645a3,
72577e9e-64a5-472a-8fcb-da23fcef5114,e9454def-5d55-4caf-bf88-a23f197ca2f6,2025-10-27 12:48:16.379,2025-10-27 12:48:16.379,10000,R5wtjjS0Fd,com.sec.android.app.shealth,fd014838-d6c0-48f6-bdf1-4119a0ef59a0,
4c3315f5-6698-48bf-9acc-84de3299ad15,ec4b72d7-ab06-4fbf-b4c8-d5dfb6e904c1,2025-10-27 14:38:56.140,2025-10-27 14:38:56.140,10004,R5wtjjS0Fd,com.sec.android.app.shealth,cfbb3c6e-1cda-4634-9c47-a6900c1cad37,
8f4c64e9-d8a5-4867-a8fb-5beca330bdcd,e20072f8-542e-4380-8420-ddd842e83cd7,2025-10-27 14:38:56.153,2025-10-27 14:38:56.153,10004,R5wtjjS0Fd,com.sec.android.app.shealth,e04c4abc-a627-4b1d-b630-f16a4f167a7c,
c7d40e0d-524d-420d-8c94-4793d7b8f567,c303437f-0f13-4842-9185-5fe14ab7c42e,2025-10-27 14:38:56.167,2025-10-27 14:38:56.167,10004,R5wtjjS0Fd,com.sec.android.app.shealth,bb012571-5c2b-478f-9637-d79f8bda5591,
f3112f3d-c3b9-4489-b510-cba02e6875b9,6c83ef14-3ba9-4f26-a3a9-7b1048253bd3,2025-10-27 15:19:49.916,2025-10-27 15:19:49.916,10004,R5wtjjS0Fd,com.sec.android.app.shealth,6c7e4813-812b-4eff-af78-99cade67db8a,
a04adcdc-f486-4f44-85f1-b2b0d3ab9304,569a89c4-e428-478d-8252-2cc0eb9ab33c,2025-10-27 17:08:40.209,2025-10-27 17:08:40.209,10007,R5wtjjS0Fd,com.sec.android.app.shealth,e43142a6-b0fe-4570-b35c-a2c3894dafb1,
c5e14cbc-7f38-4bb6-8da0-bb274606326d,442e2bc1-d14b-495d-9e20-f41a59b60202,2025-10-27 17:08:40.206,2025-10-27 17:08:40.206,10004,R5wtjjS0Fd,com.sec.android.app.shealth,76d42ba5-0feb-4227-9967-429cc6aac220,
4f2d6fc3-492a-4ef0-bf09-f2f6b3a96adb,e6e0a8a2-6e06-4f1b-b425-f208d133ffa6,2025-10-27 18:13:37.098,2025-10-27 18:13:37.098,10004,R5wtjjS0Fd,com.sec.android.app.shealth,2443aa6a-07b8-4c8b-9928-ae3b0daf1d81,
5e2b1c29-340d-4a00-a9b4-df29027a0f60,1ae45a5c-ed67-4861-855b-41d46e2f2215,2025-10-27 17:08:40.189,2025-10-27 17:08:40.189,10004,R5wtjjS0Fd,com.sec.android.app.shealth,d891b5d0-56ff-46e2-a3e8-770adf065908,
9891251c-3d35-4797-acd6-9db10eb4e2c7,ad371a74-ae31-41c5-86f5-7940a99f8485,2025-10-27 17:08:40.198,2025-10-27 17:08:40.198,10004,R5wtjjS0Fd,com.sec.android.app.shealth,2d85afce-4d1c-4558-a4ee-11ed7b423891,
c82c25b2-76e3-4c4d-aaa0-9318be0cc526,656a5fd9-a69d-4369-ab36-9ff1c3766f5b,2025-10-27 19:05:19.662,2025-10-27 19:05:19.662,10004,R5wtjjS0Fd,com.sec.android.app.shealth,815479ed-6723-48bb-bade-01dcec08b605,
fb8bd3ed-70ac-4104-8886-c7415273bb68,8f5b92b3-ef49-4540-b35b-ab71c5b91680,2025-10-27 20:09:55.996,2025-10-27 20:09:55.996,10004,R5wtjjS0Fd,com.sec.android.app.shealth,e159900f-56d2-4123-827d-4e3ef8e9a26c,
d56ad7ab-57f8-4851-acdb-2b5c00ff3f16,9d905a4a-88a5-4e78-88bc-88d04f767056,2025-10-27 21:21:09.393,2025-10-27 21:21:09.393,10004,R5wtjjS0Fd,com.sec.android.app.shealth,cb7c9289-b826-4e12-98c8-074b3ccea162,
9e92d5d9-4af9-4941-97d4-decd92bc25fa,0c249103-0691-41b1-b68a-bf2980b51052,2025-10-27 22:36:15.723,2025-10-27 22:36:15.723,10004,R5wtjjS0Fd,com.sec.android.app.shealth,84b93695-c074-47a9-ac42-f4e1ce4ce168,
7cad0358-8fdc-42a3-af87-b84fd5ed8b71,7dbff828-d85b-4f0f-912c-28c0c7a08627,2025-10-27 23:40:10.083,2025-10-27 23:40:10.083,10007,R5wtjjS0Fd,com.sec.android.app.shealth,bb31f3bf-dce6-445a-9131-9995e2ac4a06,
4829e510-788e-441d-b668-8c238bd99d7f,360e9dda-43dd-4dd5-9414-be6f6e6f3cab,2025-10-28 00:04:43.829,2025-10-28 00:04:43.829,10001,R5wtjjS0Fd,com.sec.android.app.shealth,65e8b657-4cb6-4b6f-aee3-db4be12f41fb,
cdfdc178-c7fc-4865-9855-e62af4c516a6,0fcc865f-bfc1-4c47-92d8-98c1225dc5f6,2025-10-27 23:21:02.904,2025-10-27 23:21:02.904,10004,R5wtjjS0Fd,com.sec.android.app.shealth,d06e397e-667a-48a1-aa72-201c53a48eb0,
a615548b-868a-477d-abbd-553956781c70,18bd93a7-07b2-4806-a63b-f237010cceef,2025-10-28 09:56:39.309,2025-10-28 09:56:39.309,10004,R5wtjjS0Fd,com.sec.android.app.shealth,cd262ccb-22f8-4c95-9ba4-e136dbae70c8,
f18404d2-76b5-42d6-b6a6-21ca6bfe9c7f,83225e3b-2a4c-4b37-83d2-50fd379447f4,2025-10-28 01:48:48.490,2025-10-28 01:48:48.490,10004,R5wtjjS0Fd,com.sec.android.app.shealth,818e851b-859e-43a8-9e29-1db40ea239e9,
79bb53dc-c74e-4e1b-a871-902abb3ce9fb,5edf4621-2c2a-4ac1-ae01-889752684e9a,2025-10-28 09:56:39.277,2025-10-28 09:56:39.277,10004,R5wtjjS0Fd,com.sec.android.app.shealth,34d9a2fa-a426-496a-a402-d6f5caaa32b0,
b201da46-d53e-4b72-9a06-780d58e2cc8d,b8516b60-4913-482e-9474-9383e14dd2c0,2025-10-28 09:56:39.284,2025-10-28 09:56:39.284,10004,R5wtjjS0Fd,com.sec.android.app.shealth,b0721866-d420-44c4-a719-f027ba8b98c1,
061255c5-8db4-4799-9f77-ba1e6ebd51de,f14505e9-9b7b-4db9-8549-5dad697ac86a,2025-10-28 10:14:31.464,2025-10-28 10:14:31.464,10004,R5wtjjS0Fd,com.sec.android.app.shealth,e0e479e7-5e8a-4cf0-ab50-56ab8617b3aa,
6fa293c0-4fca-4dd6-9dc2-ddbdca7219c5,93c7ba6b-a391-4017-ae51-06ef62fdc864,2025-10-28 09:56:39.291,2025-10-28 09:56:39.291,10004,R5wtjjS0Fd,com.sec.android.app.shealth,a55d45e5-877e-417d-9393-c5a27d5222fa,
72006d68-0eb5-4933-9947-a8f378be5524,9bd81bb5-2c2c-4984-b6f8-cc3fd5d8970a,2025-10-28 09:56:39.288,2025-10-28 09:56:39.288,10004,R5wtjjS0Fd,com.sec.android.app.shealth,83241f14-6c1b-4820-bffa-bb0f5ffa3971,
528235cd-cca7-4099-95fb-579a9a3e8936,581e4e01-7ed5-44cc-ade2-9b5ecc0c8cba,2025-10-28 12:40:45.045,2025-10-28 12:40:45.045,10004,R5wtjjS0Fd,com.sec.android.app.shealth,d423e869-ab65-46b7-bd03-2a88d1617cb7,
2b385283-9c2d-43fd-8b87-fe06d36b966a,35c33a5b-47c3-45fe-b784-dc94aa9b4bb2,2025-10-28 09:56:39.300,2025-10-28 09:56:39.300,10004,R5wtjjS0Fd,com.sec.android.app.shealth,e989d22f-bd5e-41d7-84ad-80e2ecbb65dc,
a766b7fc-424d-445c-ab9b-45817cb579fe,0c60e48c-89d5-4a26-a448-fcf3a134136b,2025-10-28 10:14:31.686,2025-10-28 10:14:31.686,10007,R5wtjjS0Fd,com.sec.android.app.shealth,57e7d967-8eef-42ed-b197-3460068525a3,
77151961-b17d-47aa-8d50-28dcfe198c6a,90f844ea-6468-42b0-bfe4-2be4a698f4ce,2025-10-28 09:56:39.306,2025-10-28 09:56:39.306,10004,R5wtjjS0Fd,com.sec.android.app.shealth,3487cfe0-53dc-447f-a5b6-c9bae648a041,
d195d413-5e93-418f-b72e-7195656288c3,d93e3594-f4ed-4800-8b98-10aefc013693,2025-10-28 13:19:47.865,2025-10-28 13:19:47.865,10001,R5wtjjS0Fd,com.sec.android.app.shealth,8dab216d-d6f2-47d4-a62e-1ecc262782e9,
8ee7fc19-1b8c-492d-9f6c-21c482947486,7796e37e-bc6e-4f98-b5fb-7b34e7e285f9,2025-10-28 09:56:39.327,2025-10-28 09:56:39.327,10004,R5wtjjS0Fd,com.sec.android.app.shealth,8abaef98-22e6-4a54-8eee-1824267cdc6d,
92587286-ddf0-46ef-9e8d-e34d93ca44a0,8fa1cc41-dfd5-415c-a2df-04ce2e06e6c8,2025-10-28 14:46:20.963,2025-10-28 14:46:20.963,10001,R5wtjjS0Fd,com.sec.android.app.shealth,ff54bf73-b0b1-450e-9f1d-aca1404c15cd,
96438145-c600-4bf8-9669-703cfd934dd3,2d437663-b20c-4832-9d75-4f986db22a72,2025-10-28 09:56:39.324,2025-10-28 09:56:39.324,10004,R5wtjjS0Fd,com.sec.android.app.shealth,eb82453d-907d-410c-aad6-647ddd171e80,
62b6d47e-dd07-4f0e-ba84-a6d62b3ac95c,e3784a92-6e50-4b0c-b9be-660a8adfee86,2025-10-28 14:05:37.729,2025-10-28 14:05:37.729,10004,R5wtjjS0Fd,com.sec.android.app.shealth,555d86db-738f-4ca2-b765-825055bb3024,
5ff59b1c-bdb7-4054-8d7d-4e53645d08d7,8bc9d40d-3fd2-48eb-88bd-e237623de0af,2025-10-28 09:56:40.686,2025-10-28 09:56:40.686,10000,R5wtjjS0Fd,com.sec.android.app.shealth,e2ffaa30-c9d8-4f30-9ddd-99dc6981a3ab,
aae95de5-4ff6-4dfb-a2c5-3a8c2525e665,3ee4875b-3c98-4d32-a774-2a462dd16756,2025-10-28 13:07:06.977,2025-10-28 13:07:06.977,10004,R5wtjjS0Fd,com.sec.android.app.shealth,86e361ca-3cca-43ef-8b53-196b308fb7e7,
12e1526f-cae7-4d11-964d-811ffe703a44,5ebe45cc-c9c3-4c1f-b848-287aa9fd4728,2025-10-28 10:14:38.231,2025-10-28 10:14:38.231,10002,R5wtjjS0Fd,com.sec.android.app.shealth,8b98b00b-329a-4d4f-b621-e8d6a13d6f19,
6bfc9a35-2019-4983-b6cd-0d0246a74abd,334d2c4c-4803-45b9-9296-c68dd6204c74,2025-10-28 11:21:01.877,2025-10-28 11:21:01.877,10004,R5wtjjS0Fd,com.sec.android.app.shealth,aaa269f2-c0ba-462f-9dde-6f4b4bfee63e,
3d399a0c-e64c-48ca-9bf0-64c0c36f8990,0e6a3e74-ee03-48d3-a5b9-9d359dd55e1d,2025-10-28 15:40:51.074,2025-10-28 15:40:51.074,10004,R5wtjjS0Fd,com.sec.android.app.shealth,9caa9abf-1cfb-426a-ab9b-85d52f8230d6,
671c13aa-f222-45c0-8ce5-608e83cd0d9a,c5c03cdc-b864-434d-abc8-5b6a668c0038,2025-10-28 17:08:52.677,2025-10-28 17:08:52.677,10004,R5wtjjS0Fd,com.sec.android.app.shealth,6f5db816-ab09-4cd8-a20f-35f572fec10a,
aa39577d-263b-4e37-937e-6969ba0c85a1,55e7453a-0cb2-43e5-a091-4c0d4e07c9fe,2025-10-28 17:08:52.683,2025-10-28 17:08:52.683,10004,R5wtjjS0Fd,com.sec.android.app.shealth,114ccbd0-1224-40ba-a287-4cef996d9341,
4cfcde59-0f84-4337-a82d-d90d1f11635b,8277f078-6c28-4b42-9ec6-0b7d4be36b72,2025-10-28 18:05:45.620,2025-10-28 18:05:45.620,10004,R5wtjjS0Fd,com.sec.android.app.shealth,1d759209-b77b-4837-a07a-bab028d154c7,
f6ebae65-6abf-47f8-88df-0bd5093471ed,8576cf25-9f7e-4607-8899-f0f924d2bcad,2025-10-28 20:45:37.907,2025-10-28 20:45:37.907,10004,R5wtjjS0Fd,com.sec.android.app.shealth,5a7157b3-1c5a-4c1d-b7ef-943a057d40a2,
874a7562-7e52-4ee0-bd4a-1a0db76be88d,5f46d9ea-5f5c-459d-ac97-bd61bc0dee8b,2025-10-28 20:45:37.912,2025-10-28 20:45:37.912,10004,R5wtjjS0Fd,com.sec.android.app.shealth,91c7c974-4f27-4af5-a285-90ebd78e8d9f,
3fd788eb-6f34-411e-984e-c7773e055b3d,842017b4-05ae-480a-902a-febce77ccbb3,2025-10-28 21:07:47.156,2025-10-28 21:07:47.156,10004,R5wtjjS0Fd,com.sec.android.app.shealth,ac6b4478-9f25-482e-91eb-15329432c414,
70b6bd69-d2de-403a-af95-515b0a7cd190,8e25bd07-3b3b-4449-b64b-3ef04238178c,2025-10-29 07:20:08.730,2025-10-29 07:20:08.730,10007,R5wtjjS0Fd,com.sec.android.app.shealth,0788b932-4f48-4720-a7e8-d37033b7d7ca,
5056c553-0c75-4390-aa07-b04b296637e8,bcb40307-7faf-41ad-91ff-1c4ea52f5611,2025-10-29 07:20:09.535,2025-10-29 07:20:09.535,10002,R5wtjjS0Fd,com.sec.android.app.shealth,f7322c35-a7f8-4676-afab-49b48dd83dc0,
5cedcecd-e8e2-400c-b147-d9c90ac40316,c5c79dd7-6863-4a03-9e64-15998d5c4884,2025-10-29 09:57:00.273,2025-10-29 09:57:00.273,10004,R5wtjjS0Fd,com.sec.android.app.shealth,417dcac0-1c52-4ee7-9601-84a6d9a839f2,
55c7d15c-434f-4577-aa6a-8d564f92661d,748035f0-0e38-4192-8538-3264415cbd2c,2025-10-29 07:20:09.627,2025-10-29 07:20:09.627,10004,R5wtjjS0Fd,com.sec.android.app.shealth,7500c376-19c5-42a8-beee-63ee6b971a5b,
3e5f5bd4-11cd-4108-8950-b4b0aa29cb10,4ceee4bf-c7df-4e66-a383-83c10e7820ae,2025-10-29 07:20:09.642,2025-10-29 07:20:09.642,10004,R5wtjjS0Fd,com.sec.android.app.shealth,e4444dc1-345d-4d50-a6cf-d5f10d0ff3ce,
060530c8-2798-4b56-ade2-f3d3f8a07d97,2b4fcb37-11e9-411f-809e-fada78b4769a,2025-10-29 09:57:00.277,2025-10-29 09:57:00.277,10004,R5wtjjS0Fd,com.sec.android.app.shealth,264d0c83-b279-4da0-b6b0-3fd3a15cef79,
48de37c5-f33e-4c8e-9b14-0769c95c7214,74c234ad-ceba-4861-8750-1cc01572fd59,2025-10-29 07:20:09.631,2025-10-29 07:20:09.631,10004,R5wtjjS0Fd,com.sec.android.app.shealth,9b615e5a-72e9-4e15-8f53-29936183611f,
8cd73e4a-e996-4277-bd3b-10919a075406,48054c14-9311-4a88-9d78-7b2e9f428309,2025-10-29 07:20:09.650,2025-10-29 07:20:09.650,10004,R5wtjjS0Fd,com.sec.android.app.shealth,653026ee-ae6d-468c-a7f3-00bb4a62f332,
64ba7e71-80e3-4a99-81cb-ca631b1a0a80,81f56689-13ca-440d-868e-a9b2deaa128b,2025-10-29 12:29:33.463,2025-10-29 12:29:33.463,10004,R5wtjjS0Fd,com.sec.android.app.shealth,ef843ea9-8dee-44df-a534-1c2afbffbeb0,
b808c7c6-cfeb-457b-bdbd-d24ec0c95232,237b0577-9ad4-4453-aeb8-446e8507a2d8,2025-10-29 09:57:54.557,2025-10-29 09:57:54.557,10007,R5wtjjS0Fd,com.sec.android.app.shealth,c461bde1-3a2f-49d3-8d41-c82887beaf00,
086d4a8b-4f39-4d70-8e4d-72c284d3e4c3,6baef42b-9976-4714-9d1a-c188a323923e,2025-10-29 10:28:07.318,2025-10-29 10:28:07.318,10004,R5wtjjS0Fd,com.sec.android.app.shealth,925716bc-d458-481e-8234-a5a3752010a8,
fba5a952-d24c-4bae-a171-7b84b7e41924,400fb317-8b45-41e7-8e9f-dfdf1b796701,2025-10-29 09:57:00.246,2025-10-29 09:57:00.246,10000,R5wtjjS0Fd,com.sec.android.app.shealth,d34a9d67-1a3a-4a27-8656-7bce76407f1f,
1b610781-ca43-4977-902a-c0619c0ca8e3,47a2ae40-9b20-42aa-b773-524bf052347e,2025-10-29 11:01:35.415,2025-10-29 11:01:35.415,10004,R5wtjjS0Fd,com.sec.android.app.shealth,2cd7d53b-3638-41a8-b89c-412d28f30a3e,
4a986abb-d9c4-42fa-8b48-b83e1b9bf7da,0fe58efb-2580-49ca-818f-6ff20f6b39ae,2025-10-29 09:57:00.288,2025-10-29 09:57:00.288,10004,R5wtjjS0Fd,com.sec.android.app.shealth,8aa2d43f-388b-4c8d-8026-a1036935a042,
765069d1-0bab-4364-9cce-9743186a9168,dbdb1562-c056-4079-9c9f-527ceceb1d81,2025-10-29 09:57:00.261,2025-10-29 09:57:00.261,10004,R5wtjjS0Fd,com.sec.android.app.shealth,cc745b09-e5ae-4f76-83e3-64672a87b427,
bbe9b62c-b6d1-4d38-859b-1ac6c69595e7,3d72df42-1bd9-4a4b-a7a9-60973f0d2f06,2025-10-29 13:15:19.781,2025-10-29 13:15:19.781,10004,R5wtjjS0Fd,com.sec.android.app.shealth,b46e7844-e5d8-4885-a6f8-13caf6fb7af7,
e9020e74-06b7-4e7d-ac0c-e235d21ba952,61d158c1-84b0-4424-9569-df83ce782272,2025-10-29 15:31:43.812,2025-10-29 15:31:43.812,10004,R5wtjjS0Fd,com.sec.android.app.shealth,4d77d603-90ae-42d5-b84e-ececa4f8f573,
93835958-be67-48aa-9497-7583301f50e2,048d6da3-85bc-403a-b70e-f02042703198,2025-10-29 09:57:00.284,2025-10-29 09:57:00.284,10004,R5wtjjS0Fd,com.sec.android.app.shealth,80d6da64-5fca-4414-995f-539e55c1ab89,
de433130-76c8-40e6-a819-e74ad503b6ee,dc0ab755-4976-4d5f-917b-16b5d45889d5,2025-10-29 15:31:43.817,2025-10-29 15:31:43.817,10004,R5wtjjS0Fd,com.sec.android.app.shealth,60e4ba0a-09c2-41e3-9d07-61e6004bed52,
8d2f284e-8d4a-40aa-8380-16711d099b92,46a4ba04-3ec8-453f-9c1a-55710c4a8d50,2025-10-29 07:20:09.658,2025-10-29 07:20:09.658,10004,R5wtjjS0Fd,com.sec.android.app.shealth,ebbfa7b8-d2fb-4678-b067-8f61ff2d006e,
e1dc36f5-4985-439a-b5b5-32aa16befdcf,c9153931-55b1-48cd-9257-2bd8e6f7ecab,2025-10-29 09:57:49.399,2025-10-29 09:57:49.399,10002,R5wtjjS0Fd,com.sec.android.app.shealth,7cb8c7de-741c-41e3-abf3-babb536eb60a,
2b306f0c-61dd-483b-b2f1-b6b2a43e1672,2bd6fd5e-d7b8-4dd7-be4f-2073c6749c24,2025-10-29 16:16:28.584,2025-10-29 16:16:28.584,10004,R5wtjjS0Fd,com.sec.android.app.shealth,977429fc-1087-462f-8585-51b8798afa48,
6910cbe1-b574-4e44-86c5-a48bbc867ac2,af75a9a0-04a0-4d53-a5c9-fadca544cf3d,2025-10-29 18:40:13.505,2025-10-29 18:40:13.505,10001,R5wtjjS0Fd,com.sec.android.app.shealth,318e488b-642c-42eb-a4aa-9f7dd0ebfdf2,
9a5298de-6da9-49c3-9d65-ab319368b58e,730b8e5d-e989-450a-851e-85119c8aaddf,2025-10-29 19:08:55.765,2025-10-29 19:08:55.765,10004,R5wtjjS0Fd,com.sec.android.app.shealth,16e3e5ca-ed78-41c9-a98e-2e5b9cc0009a,
d6aebf06-9c44-4128-bfc1-63b4b7c84b2a,3deb57a1-a2c8-426a-b045-6955fe562377,2025-10-29 19:24:33.156,2025-10-29 19:24:33.156,10001,R5wtjjS0Fd,com.sec.android.app.shealth,542645ff-7aa1-4fca-9a85-fe1414124855,
10ce98db-e70c-4a71-a791-99872ea9c05b,2902d483-80ef-4a9b-84d6-083eccb6bc0b,2025-10-29 20:28:20.718,2025-10-29 20:28:20.718,10004,R5wtjjS0Fd,com.sec.android.app.shealth,f510719e-c3c4-4268-92c8-959ff782d0f0,
591a0300-e1e3-4590-81a5-cef52ed32c8f,b301d146-d804-464e-9465-1edf4235eb16,2025-10-29 17:22:38.669,2025-10-29 17:22:38.669,10004,R5wtjjS0Fd,com.sec.android.app.shealth,719a48a0-e3e8-442f-b475-ec1d20dd3983,
7342b82e-cb2f-47ea-8a12-1e35145108e3,f2044fd8-0181-44bd-bb7f-066b17603da6,2025-10-29 17:22:38.676,2025-10-29 17:22:38.676,10004,R5wtjjS0Fd,com.sec.android.app.shealth,eec53ac9-307d-488b-99a4-169e944ca4ba,
5a0eded5-1c9b-436d-b468-12475311e01a,21ff7506-4d4d-4933-a576-685e245b247e,2025-10-29 18:15:55.372,2025-10-29 18:15:55.372,10004,R5wtjjS0Fd,com.sec.android.app.shealth,6d6dc476-eb5a-4199-ac04-d251c722f6b4,
4bdbed2f-29d3-476b-9cb1-6af00ddec4fe,bacc6c96-3fbb-4db0-a0fb-34a2d9ae798f,2025-10-29 22:33:27.226,2025-10-29 22:33:27.226,10004,R5wtjjS0Fd,com.sec.android.app.shealth,21568363-9f7f-458f-a60d-037e0b5eb8df,
5203b551-001f-4cfa-8310-58b6700ae2e3,b8260537-2525-4dd5-9901-6cacc2e4cd40,2025-10-29 23:32:24.680,2025-10-29 23:32:24.680,10004,R5wtjjS0Fd,com.sec.android.app.shealth,0bf2aebc-44cc-4dbe-a2f4-911d147b0d23,
827d79ff-9d45-4edb-97f8-f650822e0cbb,664c79b5-3ef1-47f7-9da8-6b615d2e8ebb,2025-10-30 00:32:05.277,2025-10-30 00:32:05.277,10004,R5wtjjS0Fd,com.sec.android.app.shealth,166d398e-d2f9-403d-beed-a77a22a6d6fe,
690193aa-2f81-404c-a8a2-7d5186e9727f,4c1b0b65-579d-4974-a3b6-b347f0b6aec4,2025-10-30 09:30:14.292,2025-10-30 09:30:14.292,10004,R5wtjjS0Fd,com.sec.android.app.shealth,2811cf27-00b6-4eb3-a309-8a484a0d5cfc,
0c6004b9-2aff-408d-a3ae-750b80e40a9f,9823b6e3-5bd5-4fe6-a0a4-de79065d3846,2025-10-30 09:30:14.301,2025-10-30 09:30:14.301,10004,R5wtjjS0Fd,com.sec.android.app.shealth,33046d1b-8d0d-4080-a6db-067e37ff8b37,
6211380b-15f1-47cd-bc19-0886863860c5,092e2e63-df12-4f87-942f-4ea9e27beffd,2025-10-30 09:30:14.317,2025-10-30 09:30:14.317,10004,R5wtjjS0Fd,com.sec.android.app.shealth,67bc8dc6-e9e2-4597-9be4-17b81175f807,
8114ae06-4f9d-442f-ab4d-31db7de72199,c7e36644-7c5d-4783-a855-692b825f7d74,2025-10-30 09:30:14.306,2025-10-30 09:30:14.306,10004,R5wtjjS0Fd,com.sec.android.app.shealth,4f4301e5-d9b6-4bab-94b0-ae6dbc68c4c4,
641bedf7-dc5d-42c5-aa06-a173107719ab,bc5f7020-08ad-4752-98d9-534101d03d9a,2025-10-30 09:30:14.342,2025-10-30 09:30:14.342,10004,R5wtjjS0Fd,com.sec.android.app.shealth,f915aed7-86f4-41da-a525-7d7bc03b9249,
6094de0f-dbbb-4d22-b048-cd7bf6604c9a,4e62b34d-3852-4dd2-ac67-04e889e2fde3,2025-10-30 09:30:14.357,2025-10-30 09:30:14.357,10004,R5wtjjS0Fd,com.sec.android.app.shealth,2ba33050-e8ea-4c10-b633-78f2d07458f3,
8c2194f8-d7a5-4136-a65d-96784a99bb32,ca52941a-2032-4d1d-b10b-693465ae119a,2025-10-30 09:30:14.313,2025-10-30 09:30:14.313,10004,R5wtjjS0Fd,com.sec.android.app.shealth,a1084a2a-0a48-4411-90d0-f5d4ecdd1f89,
a6686de0-62ad-446f-b965-48ca1f8b1da2,48941d44-9241-48f3-b3c9-a540113e204d,2025-10-30 15:04:25.463,2025-10-30 15:04:25.463,10004,R5wtjjS0Fd,com.sec.android.app.shealth,d2c01b02-822a-491d-b5af-8833f6e565c7,
4989f906-6947-4e0d-9daf-8dd6a8535bd4,fb5e3d95-6063-44aa-a14a-a85c9cc8dd6f,2025-10-30 09:30:20.582,2025-10-30 09:30:20.582,10002,R5wtjjS0Fd,com.sec.android.app.shealth,24bb5224-2279-4c52-b85c-8ab6307c98cb,
197bad82-3919-4d80-b489-b58f597eca74,6db2243c-4bc7-4eb3-9d05-e38e533bd344,2025-10-29 22:33:27.222,2025-10-29 22:33:27.222,10004,R5wtjjS0Fd,com.sec.android.app.shealth,3fac7038-d20b-41b5-96b8-98fcb09bc9f3,
77665c5b-657f-4c6f-ad0e-9496eb1b21e5,eacb7bce-c125-46f1-97e6-6612d127c26e,2025-10-30 09:30:14.379,2025-10-30 09:30:14.379,10004,R5wtjjS0Fd,com.sec.android.app.shealth,c94c612c-016f-4d04-a314-933afce6a4c7,
79e41ef7-2462-4d1f-995f-fc8cd1c98807,22caa89b-1582-4e75-9a75-84891b1e7db5,2025-10-30 11:28:47.006,2025-10-30 11:28:47.006,10004,R5wtjjS0Fd,com.sec.android.app.shealth,14891e11-867e-445e-a993-98a6a2274494,
a505818b-6e6b-403d-afaf-c04c939b8af8,43e75017-b7c8-48af-8073-8be002fa9936,2025-10-30 10:13:27.253,2025-10-30 10:13:27.253,10004,R5wtjjS0Fd,com.sec.android.app.shealth,007721d1-e7c9-4bee-a086-cd04249f580e,
e997d685-1836-4851-8c79-4621adca38fb,8f0996a8-a505-4ef3-a712-f36a2ec03ab0,2025-10-30 09:30:14.323,2025-10-30 09:30:14.323,10004,R5wtjjS0Fd,com.sec.android.app.shealth,0c48eba8-b8d5-4a22-84c3-114a0a33005c,
ea527dbf-e679-4af6-8dc0-c0fe0f879e17,a086bcde-1cc5-400b-a96b-0434e1911c04,2025-10-30 13:02:35.398,2025-10-30 13:02:35.398,10004,R5wtjjS0Fd,com.sec.android.app.shealth,2090f8f8-8daf-443b-a438-b264a4e8f039,
17ff5554-719f-44a8-a20d-ab8881d99a58,b657556a-016a-4d99-8d7d-74c7d0e42e85,2025-10-30 09:30:14.367,2025-10-30 09:30:14.367,10004,R5wtjjS0Fd,com.sec.android.app.shealth,74e82b9a-f2bd-4e21-a338-ba42212b0c16,
105df8a8-0990-4da7-8b10-bac68f1f032a,6a6cab96-57b6-43d8-b273-94801b723e49,2025-10-30 13:04:04.507,2025-10-30 13:04:04.507,10004,R5wtjjS0Fd,com.sec.android.app.shealth,5743d3ff-cbeb-470f-b496-442e34ace12a,
bb2bef81-a688-4589-b0cd-7c6386e871f0,63cb3886-e72e-447c-a2d4-64ca78466c7b,2025-10-30 09:30:20.666,2025-10-30 09:30:20.666,10000,R5wtjjS0Fd,com.sec.android.app.shealth,7bf08826-0712-46f0-9615-0af08042d46a,
381fcc1a-c0ef-4876-88f7-5157d722bb73,badcc45b-9bd1-4edf-9df6-d64dc2cd3911,2025-10-30 09:30:25.756,2025-10-30 09:30:25.756,10007,R5wtjjS0Fd,com.sec.android.app.shealth,13a77467-d567-458d-825d-30e2dbcfcd42,
10f734b9-da5f-48b4-8ec8-49c6fa4f7689,c6f23d19-b7ae-44a6-b815-862fb52f0d61,2025-10-30 14:13:12.101,2025-10-30 14:13:12.101,10004,R5wtjjS0Fd,com.sec.android.app.shealth,3ba7ab80-2ee8-44e2-a52d-59120108af64,
8b9a7be6-b9c2-4542-8775-c31c79d6d2f5,90141b83-ec3d-42e2-9b04-21dcdf881176,2025-10-30 16:49:15.035,2025-10-30 16:49:15.035,10004,R5wtjjS0Fd,com.sec.android.app.shealth,7a4a4e3e-3471-4906-8be1-0445a95b334a,
fe0cfb84-cdca-413b-a440-328f2f17d203,20746559-705f-4d91-821a-d01357deac86,2025-10-30 19:06:03.595,2025-10-30 19:06:03.595,10004,R5wtjjS0Fd,com.sec.android.app.shealth,ffa539ce-bde8-415c-9c48-33b6ca772b73,
296c4635-a03c-457b-ad8c-96b23e2c0bb7,df13d6fc-62a2-4fc3-8582-1f5e93fa725b,2025-10-30 20:16:06.739,2025-10-30 20:16:06.739,10004,R5wtjjS0Fd,com.sec.android.app.shealth,5bd60c07-57bb-4319-a425-65433b2d550f,
ca63864a-5c0c-4530-be15-638d335dca02,fc70e433-2e37-42a7-b544-13c4d1df036f,2025-10-30 22:17:12.354,2025-10-30 22:17:12.354,10004,R5wtjjS0Fd,com.sec.android.app.shealth,43d66b74-5992-492f-a0f8-26e6d80dbdcb,
7826bbab-270d-4940-991d-36be7258bc4e,3b96e6e0-0e35-49f1-a6aa-b857e522abb4,2025-10-30 22:17:12.359,2025-10-30 22:17:12.359,10004,R5wtjjS0Fd,com.sec.android.app.shealth,582581a2-aae4-40d1-8049-ac148b944b9b,
b13a79d7-806a-4182-89c5-2ec39f9ec48c,6f5a686c-0951-435f-8475-bc93fb50e106,2025-10-30 23:33:40.669,2025-10-30 23:33:40.669,10004,R5wtjjS0Fd,com.sec.android.app.shealth,2048a5ac-6bd3-4794-91f2-e134700f3553,
9bdd46fc-2ba2-4dc1-ac88-f926bb41772c,3723a604-74a7-477f-8e8a-b4e249e01b7a,2025-10-31 02:48:41.358,2025-10-31 02:48:41.358,10004,R5wtjjS0Fd,com.sec.android.app.shealth,a135aaff-6d5e-425f-94e1-018596cffd68,
2de54689-9706-49da-86ad-8a90396135a7,8b533d48-ef42-4f0d-beb7-42306357dca8,2025-10-31 08:42:55.231,2025-10-31 08:42:55.231,10004,R5wtjjS0Fd,com.sec.android.app.shealth,08140f69-1b82-4f49-ac74-35467d3df8ee,
b77e5526-f5ba-468b-a149-a5a8bc27f9ea,47d70cab-8cf9-4a2b-81d2-3ec48b67fb5b,2025-10-31 08:42:55.222,2025-10-31 08:42:55.222,10004,R5wtjjS0Fd,com.sec.android.app.shealth,6d92dd03-7be2-4da5-9353-b4fa04115373,
40196d50-65a8-4d80-8dfa-2cf85d4da81e,81b4df78-7896-46ee-9e47-d96f37cdbb75,2025-10-31 08:42:55.169,2025-10-31 08:42:55.169,10004,R5wtjjS0Fd,com.sec.android.app.shealth,0719f198-400b-4e82-bee2-cf9a5249e81a,
3297b9b3-9868-4b21-8ea4-848479db30f7,e166bd8d-7166-4c3c-a19d-b2359948fe26,2025-10-30 17:25:26.387,2025-10-30 17:25:26.387,10004,R5wtjjS0Fd,com.sec.android.app.shealth,8bcff8b4-a1f2-4bdb-91e9-ba57f620487d,
a822ed01-a131-4a9c-b6e9-e71736b19fee,aedfda90-9668-4a6c-8aae-c7c2b053459a,2025-10-30 19:04:01.613,2025-10-30 19:04:01.613,10004,R5wtjjS0Fd,com.sec.android.app.shealth,bff26b7b-41cf-48d8-88a7-9d0610979efa,
f733e59f-75b5-4635-a45a-6d0c485946fc,d3228b8b-4b2d-4662-9002-4b8097d6ba38,2025-10-31 08:42:54.786,2025-10-31 08:42:54.786,10000,R5wtjjS0Fd,com.sec.android.app.shealth,c97c8507-9f18-47f6-9ac2-8cb080ea6aab,
3e487b1c-22c8-4a8d-9bb6-234033378b6a,e2d1524a-fb41-41b8-8925-8881718d79fd,2025-10-31 08:42:55.151,2025-10-31 08:42:55.151,10004,R5wtjjS0Fd,com.sec.android.app.shealth,b9ea7a42-0f6d-49d7-b24e-1cabd75052c0,
d4b6f3ee-60dd-4e25-915e-e1fd3ad93701,6bf4be06-01c4-4f42-8168-678aae375799,2025-10-31 08:42:55.219,2025-10-31 08:42:55.219,10004,R5wtjjS0Fd,com.sec.android.app.shealth,3a623c59-b6b3-487f-8085-da9e5e09c638,
a69cab33-48cb-4d21-8f4c-d3b559ef57c3,a0e93540-5817-4302-9f4d-6073723099a9,2025-10-31 08:42:58.407,2025-10-31 08:42:58.407,10002,R5wtjjS0Fd,com.sec.android.app.shealth,4d60e7ac-19f3-4cd6-b0ba-b7990f445905,
09432d21-b70f-4e26-9309-a5d7f639531d,f5d3b906-a751-4e01-b529-a9aa176763c4,2025-10-31 02:48:41.368,2025-10-31 02:48:41.368,10004,R5wtjjS0Fd,com.sec.android.app.shealth,7ee06929-2782-4695-a98b-8d5d6001025f,
a0242aed-749a-4e74-ac77-d02a7183c25e,fcb169ab-9f02-438c-902a-c199f975d108,2025-10-31 12:15:10.529,2025-10-31 12:15:10.529,10004,R5wtjjS0Fd,com.sec.android.app.shealth,6f277263-d3f8-4c67-9a1d-1fc14e3c557a,
a1a56310-39fe-4902-a5d5-b9fc80519b36,6d5285d2-df2d-43bc-8324-38eba0b3402a,2025-10-31 08:42:55.251,2025-10-31 08:42:55.251,10004,R5wtjjS0Fd,com.sec.android.app.shealth,e3a9de0f-20cf-4f65-94ba-5aea06ba9103,
368ae61f-0faf-4390-a7e7-792d9a550fe9,278165c5-7782-4945-9bb3-657f6549a009,2025-10-31 08:42:55.132,2025-10-31 08:42:55.132,10004,R5wtjjS0Fd,com.sec.android.app.shealth,66406f29-1aa2-4521-bb89-e60f916ecfca,
ecf32db6-103f-4f42-a66f-aa089ac2c7da,e948f153-b52c-4b46-ae95-286343583bff,2025-10-31 13:21:34.047,2025-10-31 13:21:34.047,10004,R5wtjjS0Fd,com.sec.android.app.shealth,9c888ad7-d5eb-4f9d-b139-f67a4d39d5bb,
dd161c85-d8cd-410f-9f60-5edf2898cc95,e3ec7307-57e4-46c4-ac7c-664259b11732,2025-10-31 10:28:57.971,2025-10-31 10:28:57.971,10004,R5wtjjS0Fd,com.sec.android.app.shealth,e7b806b3-1f7c-48e8-b5ad-abe29de6b233,
caa5769a-3f5d-48cc-920e-d6b00a1a6226,8b3cc566-5d1e-4cf7-a3f2-26c01c72aafa,2025-10-31 15:06:51.349,2025-10-31 15:06:51.349,10001,R5wtjjS0Fd,com.sec.android.app.shealth,79dfac9b-6f7d-4177-8c3a-fbe3fb473f3a,
adff2794-62ab-4f3d-ad94-dcf0a926c44a,0d6df2e3-125a-4f37-a0cf-c7d575d48ca5,2025-10-31 15:02:08.705,2025-10-31 15:02:08.705,10004,R5wtjjS0Fd,com.sec.android.app.shealth,48b19d39-807b-40ff-8210-bc2ab7a28e25,
d7e6508f-9537-4853-ad7d-b5cb1e63efcf,340742d8-5209-4d76-90dc-ea7ebe8bafbf,2025-10-31 11:04:22.743,2025-10-31 11:04:22.743,10004,R5wtjjS0Fd,com.sec.android.app.shealth,c5d23827-6958-423c-bc1d-bbd1fbfeeb45,
7271c95e-61b9-4818-97a1-ffebaee0b35d,50e6119a-9e60-44ab-86d9-877884430972,2025-10-31 16:48:15.504,2025-10-31 16:48:15.504,10004,R5wtjjS0Fd,com.sec.android.app.shealth,398501a1-1c2e-47d1-ae39-1c4d20d30101,
4dd9f5a1-3ec8-4d65-9213-d77a4c2f7a29,d355b2a1-54ff-458a-b0b3-9a8ef7713bc5,2025-10-31 08:42:58.501,2025-10-31 08:42:58.501,10007,R5wtjjS0Fd,com.sec.android.app.shealth,4a03dcff-0844-415e-bafd-345dd0c72ac4,
bd5e4c3b-058f-455f-a21e-bc8ad7d395e7,adf369a6-9f18-45f1-94da-cd97b7d14b52,2025-10-31 14:49:49.661,2025-10-31 14:49:49.661,10001,R5wtjjS0Fd,com.sec.android.app.shealth,57d22ed1-0960-4a17-b5c1-45b717c9cccd,
9d7cffab-82d5-49ca-86da-8cfd9bfb375c,99e16eea-796c-41c8-b5bb-09d0a69e4db7,2025-10-31 10:28:57.979,2025-10-31 10:28:57.979,10004,R5wtjjS0Fd,com.sec.android.app.shealth,b5629e88-0c27-40be-a1cd-cddbb7d888e3,
e22e6b1f-9914-4b44-a432-b55cda110170,8f88a476-0bf6-4c70-a241-7191fcd5532d,2025-10-31 14:20:07.332,2025-10-31 14:20:07.332,10001,R5wtjjS0Fd,com.sec.android.app.shealth,629802cc-baeb-4c6b-be6e-ab84eae18626,
5a2af05f-21a9-438c-8831-060bb9f5486f,44e522dc-1aa4-43e3-a94e-f9049616494e,2025-10-31 09:13:44.953,2025-10-31 09:13:44.953,10004,R5wtjjS0Fd,com.sec.android.app.shealth,06f4159a-77ff-4fd8-9ef8-ccd1ee982e12,
d021cc34-ce4a-4b55-ab5b-4e72626905f8,9b4de276-307d-4bcb-808e-b01c97288025,2025-10-31 14:04:16.111,2025-10-31 14:04:16.111,10004,R5wtjjS0Fd,com.sec.android.app.shealth,aba3d074-33c7-4dd0-8aae-35b0155439d1,
01b7b483-cf8b-4e1a-9dd6-c5790e3fdd13,d34ca00e-d1f5-4e8a-a920-e6008a1cc920,2025-10-31 17:03:37.615,2025-10-31 17:03:37.615,10004,R5wtjjS0Fd,com.sec.android.app.shealth,41b18e97-bfd0-4121-9af9-62e967dc1a2d,
6f9941b6-0b70-4ed6-9c74-9cf1efb5c860,64ff38b6-b74f-4cb5-8806-1d023c68a3bc,2025-10-31 18:13:30.695,2025-10-31 18:13:30.695,10004,R5wtjjS0Fd,com.sec.android.app.shealth,a0ac9fa9-e82a-404f-a4e6-e7d6bca9c597,
cb24e29b-972d-4b83-a1f2-81e48448740a,0722bfe7-1a8e-4940-a388-3355842c0ffd,2025-11-01 02:40:39.841,2025-11-01 02:40:39.841,10004,R5wtjjS0Fd,com.sec.android.app.shealth,9dce2f21-19f8-4f9a-9319-04510053868e,
9f350af8-401c-4f27-9ada-9078cb7a7a98,b6170102-bd87-45dc-882c-ca81132f53fe,2025-11-01 02:40:39.857,2025-11-01 02:40:39.857,10004,R5wtjjS0Fd,com.sec.android.app.shealth,016e9735-9ba7-45c5-b5e8-424ae094766d,
9e9519b6-68d8-4063-a375-364aafa9c698,f6b210dc-cffa-45d3-91d0-070b82e6e046,2025-11-01 08:43:02.734,2025-11-01 08:43:02.734,10000,R5wtjjS0Fd,com.sec.android.app.shealth,3091a619-6836-4969-ad3e-39c553e37dea,
601261f7-2282-403e-b23a-83140c0fd641,d5ce0e69-058c-4120-90f3-1dc9db451fb4,2025-10-31 19:16:35.898,2025-10-31 19:16:35.898,10004,R5wtjjS0Fd,com.sec.android.app.shealth,cd4d52bd-f803-40ff-881f-aaa83cf8a2f5,
006732af-912e-4828-91a0-e3cf3a1ccc45,fd1b2840-ecbf-44cb-a772-db22e594186c,2025-10-31 20:19:32.869,2025-10-31 20:19:32.869,10004,R5wtjjS0Fd,com.sec.android.app.shealth,a5989811-14ea-4df6-a0ca-15cf5e6a8c7b,
f2e9e59e-2f7f-49fe-8da2-f2d55df12825,01d40742-b8d3-42bd-8991-d2a4ab6cd884,2025-11-01 08:43:03.596,2025-11-01 08:43:03.596,10004,R5wtjjS0Fd,com.sec.android.app.shealth,c2b928c5-7cb9-4415-95f9-cc574ecb4c3f,
de8e0d58-fb78-460e-bd7f-58164389cdc4,2b1da859-21a9-490f-b2e8-0773d5c9b03b,2025-10-31 21:06:27.012,2025-10-31 21:06:27.012,10004,R5wtjjS0Fd,com.sec.android.app.shealth,6b54b820-6138-45f1-8cc6-215f1e1ce324,
a54527c4-19c0-4069-b8f5-5db65c7e4965,cf54c85d-9346-45ae-8593-637f08f3c032,2025-11-01 08:43:03.377,2025-11-01 08:43:03.377,10002,R5wtjjS0Fd,com.sec.android.app.shealth,e72386b6-751d-4978-8109-0ac08e17e2dd,
b28110fa-af05-49cc-b242-f332ff55765a,c9430e5b-300f-4ae4-8207-d70c070515c5,2025-10-31 22:02:24.184,2025-10-31 22:02:24.184,10004,R5wtjjS0Fd,com.sec.android.app.shealth,0c357d95-3bde-438e-8faa-ffa82a4de47f,
3edc953e-2b31-4d3b-8e4a-0b18229d9b08,9b3e5b61-4970-4091-9ee5-e43bad0ef8e8,2025-11-01 02:40:39.833,2025-11-01 02:40:39.833,10004,R5wtjjS0Fd,com.sec.android.app.shealth,5521aea1-5497-405f-897e-e711f326c93d,
2d579e5d-04fa-4d3e-8760-e99041c72cf8,bea00d1a-92bb-4ce6-87ef-8c8c8253a6c8,2025-11-01 08:43:03.531,2025-11-01 08:43:03.531,10004,R5wtjjS0Fd,com.sec.android.app.shealth,b1e2bcd8-e83c-466e-a039-04b541103548,
bf90668b-82de-4767-a664-358eb117ce83,16374974-d4b7-44fd-bebd-65c0c0345f65,2025-11-01 08:43:03.584,2025-11-01 08:43:03.584,10004,R5wtjjS0Fd,com.sec.android.app.shealth,0e2400fb-616f-4df3-8b1b-b9226779aba4,
1d220a01-9c04-4e1d-96d4-bbdf3601a5f9,818bac44-7637-4723-9ddd-26d85ada24c9,2025-11-01 08:43:03.562,2025-11-01 08:43:03.562,10004,R5wtjjS0Fd,com.sec.android.app.shealth,6c7b1d97-99ec-4343-b6c4-c8c6d0a85b71,
6c1b18c5-e288-4c78-b005-6516ff72af9d,94e6f1a8-375e-4379-997e-52c864b0e836,2025-11-01 11:22:00.697,2025-11-01 11:22:00.697,10004,R5wtjjS0Fd,com.sec.android.app.shealth,942d20df-ee5e-41ca-abed-db5665d95b77,
5128b646-b512-4688-8d76-7433d5294429,ffaf5cc7-2076-45cc-a0d8-2554725d6dc6,2025-11-01 08:43:03.552,2025-11-01 08:43:03.552,10004,R5wtjjS0Fd,com.sec.android.app.shealth,c75ab91d-11a1-4e23-acd0-cfa55fa9265c,
0e8730e7-3e32-4a3a-ac4c-cc5ee383aa77,70de5bba-4406-42ff-a6a5-172bbc1d3049,2025-11-01 11:40:42.164,2025-11-01 11:40:42.164,10002,R5wtjjS0Fd,com.sec.android.app.shealth,0cf03899-5d6e-40db-a26b-b9e810a7fed8,
3a9d3e19-2fad-4cec-928b-2e97eb7478c3,085c2ce1-4c72-4c15-8416-141f16f86eb7,2025-11-01 08:43:02.971,2025-11-01 08:43:02.971,10007,R5wtjjS0Fd,com.sec.android.app.shealth,f9123b65-e652-423e-957d-520027e464e5,
8189b41d-782e-424b-964f-575ecb0291c9,49961267-d711-4b64-8034-c8b65d0a55b4,2025-11-01 12:11:00.568,2025-11-01 12:11:00.568,10004,R5wtjjS0Fd,com.sec.android.app.shealth,97896c55-9066-4b26-95a1-067d3bbceccb,
bd245bb6-3b3b-4e09-9640-acd53882de9f,cef1e403-34a5-4206-8e8f-b603be60cca3,2025-11-01 08:43:03.538,2025-11-01 08:43:03.538,10004,R5wtjjS0Fd,com.sec.android.app.shealth,f870d8e4-0441-453a-8ec3-e19d9183b93e,
2f935586-af21-488b-90f1-09d6a9d30d42,9408c4fd-bfee-4764-99e0-26a2d6e27bc7,2025-11-01 13:14:43.614,2025-11-01 13:14:43.614,10004,R5wtjjS0Fd,com.sec.android.app.shealth,9586353a-567d-408b-b63f-035c529f50c7,
7c7f976f-477c-43d0-8f20-cb52113f47a3,99c15b5c-9370-47f8-9b5f-3556f2687463,2025-11-01 11:22:00.681,2025-11-01 11:22:00.681,10004,R5wtjjS0Fd,com.sec.android.app.shealth,94ff8596-b828-486f-aaca-9d21addd25a4,
44bdb283-e32d-48c7-a5ed-1f3b2f87d26b,1df9706d-edf2-4919-b6c9-51cce9f7ac34,2025-11-01 11:22:00.689,2025-11-01 11:22:00.689,10004,R5wtjjS0Fd,com.sec.android.app.shealth,660cdf54-2481-4b73-8cec-4a8a1486de10,
f9628f93-c943-4770-ad28-11df33f5575f,d76579b4-5da4-477d-854d-57a9781714a5,2025-11-01 11:40:36.865,2025-11-01 11:40:36.865,10007,R5wtjjS0Fd,com.sec.android.app.shealth,d48017af-485f-48b6-b2fe-8fc4cbdc29f6,
d5e5068c-f7c1-48c5-87dc-97cfc41b888d,6bda9eff-a155-454d-b3f1-0fe23ce0cee9,2025-11-01 14:02:00.973,2025-11-01 14:02:00.973,10004,R5wtjjS0Fd,com.sec.android.app.shealth,3b39fe08-ca94-49af-b8c3-92be6b74b3e2,
b70fbacc-597f-4dc9-8c91-aefea5b1ddf6,85a380ec-96ea-4751-9616-640f0af192a2,2025-11-01 15:06:41.541,2025-11-01 15:06:41.541,10004,R5wtjjS0Fd,com.sec.android.app.shealth,58ffacd7-f183-48bd-9ee1-c345b1f7a4a7,
e41d8bfc-4ca1-488e-81f6-b3f52f1c53fa,358d4fc2-dd87-493d-ae2a-f7586202359d,2025-11-01 16:11:11.592,2025-11-01 16:11:11.592,10004,R5wtjjS0Fd,com.sec.android.app.shealth,1a73f7be-dde0-462a-86d4-1f6f8fb18e3e,
259bc39a-a724-46f3-85e3-132f4be9972f,36b6247a-3fd3-487d-8153-616cec706349,2025-11-01 17:30:41.911,2025-11-01 17:30:41.911,10004,R5wtjjS0Fd,com.sec.android.app.shealth,6dbdd210-61b1-48ab-a580-8ec9f112aa01,
f6c08d45-7476-4d62-ab28-0d11276495a3,9bbfee7f-21dd-4163-a33c-3a3f2244d8c5,2025-11-02 03:02:26.614,2025-11-02 03:02:26.614,10004,R5wtjjS0Fd,com.sec.android.app.shealth,0b4931ec-a5eb-461c-855b-f67e20d6c87c,
7772074d-0154-41fd-8f5a-7534eb926b78,f7418e69-0b80-410c-8d4f-7db249166a29,2025-11-02 03:02:26.623,2025-11-02 03:02:26.623,10004,R5wtjjS0Fd,com.sec.android.app.shealth,0d8468f2-7e9b-4ca6-a83b-b2e898addadf,
ef273691-2aa4-448c-85ac-a9c84113e6ab,a6a1c89f-2244-4410-949b-15d9c22490a3,2025-11-01 18:46:54.961,2025-11-01 18:46:54.961,10004,R5wtjjS0Fd,com.sec.android.app.shealth,db68a73e-2b93-41e0-a4bc-f94c1863f6eb,
4cbc4560-67a9-42cb-90c6-767ced66ca56,c4359aba-3cb1-4501-82fb-084038691cef,2025-11-01 19:55:21.303,2025-11-01 19:55:21.303,10004,R5wtjjS0Fd,com.sec.android.app.shealth,1137ee19-66da-4028-9f50-518b5f9d6e27,
bf5790cd-15ab-4aca-a446-0a0b561bba46,c1f54427-872d-4715-ad4e-ed5f9f829cfa,2025-11-02 10:37:13.990,2025-11-02 10:37:13.990,10004,R5wtjjS0Fd,com.sec.android.app.shealth,92810d38-3772-4f4a-a41c-56ccbb2dfe46,
26f1edfe-a16e-4de3-90ff-64831379eea5,09b48dbe-f17c-409a-aeed-068675b2a50a,2025-11-01 20:13:07.917,2025-11-01 20:13:07.917,10004,R5wtjjS0Fd,com.sec.android.app.shealth,e66546fd-dde6-43c7-9835-350a1c0287a4,
3c46aa7f-3205-4414-a78d-ecc20929bb08,f9b68a67-a62d-42b1-b344-3f1b9c328605,2025-11-02 10:38:36.109,2025-11-02 10:38:36.109,10000,R5wtjjS0Fd,com.sec.android.app.shealth,57405eb5-71e8-4150-b0a9-1960728b1ea7,
59d62cc6-4d9d-44f5-b793-c97c14f03518,b7bdfe06-d3fb-409a-9973-606cc6606ce4,2025-11-01 21:35:51.048,2025-11-01 21:35:51.048,10004,R5wtjjS0Fd,com.sec.android.app.shealth,b9b818a0-4acf-496c-9375-d131c39a6db5,
d435481e-76b6-4956-aa1f-0402cf7736d9,9d5380c4-5142-4b1d-b353-b1d17fc471c9,2025-11-02 10:37:14.066,2025-11-02 10:37:14.066,10004,R5wtjjS0Fd,com.sec.android.app.shealth,59ca9d5a-b65f-49e9-81bd-285852b83924,
09346cb8-3522-46da-b9f3-8598feb9d08f,14843396-65f5-47bd-8421-017147dc3e3d,2025-11-02 10:38:36.227,2025-11-02 10:38:36.227,10004,R5wtjjS0Fd,com.sec.android.app.shealth,96692c34-1a86-4c22-b6ad-2516dbbdc0f2,
cdea749e-136f-4581-b179-a3ee9d569726,6b0788d4-67e4-4cc2-9a42-dec8a688e95f,2025-11-01 22:08:00.358,2025-11-01 22:08:00.358,10004,R5wtjjS0Fd,com.sec.android.app.shealth,e3ce8747-43c4-4be5-869f-8ee581505b47,
99675fa0-0564-4498-8dc4-d58e1fdc985e,17456b99-7ecd-4c25-87d8-ec2c880418ca,2025-11-02 10:37:16.597,2025-11-02 10:37:16.597,10002,R5wtjjS0Fd,com.sec.android.app.shealth,8a14dfb5-1b55-4400-aa3d-e773a99b0733,
14752ce1-8d45-4a52-a5e6-f3d38acaf221,8ef7db11-7109-40bf-89a0-48417152862a,2025-11-02 01:06:37.381,2025-11-02 01:06:37.381,10004,R5wtjjS0Fd,com.sec.android.app.shealth,1efc333b-3898-43a7-87ac-64786f270280,
72c221fe-a31c-4c9b-8b74-c1005c110e40,62177428-5f66-4976-bb5f-8f91ce50ea45,2025-11-02 10:37:14.076,2025-11-02 10:37:14.076,10004,R5wtjjS0Fd,com.sec.android.app.shealth,fc1aef78-8e81-4bb4-a197-b5eb04aae18a,
536521bb-fed1-4b1d-9800-2b0a06d550df,fd50859b-a0ca-4bca-ad40-623afd7470fd,2025-11-02 10:38:36.217,2025-11-02 10:38:36.217,10004,R5wtjjS0Fd,com.sec.android.app.shealth,0de6d4f4-481b-40bf-aece-37e232a16079,
1e423eb5-a485-4fda-984a-e7280a004ae6,1fd28666-e50d-4748-9d4e-6f9d58c3c921,2025-11-02 10:37:13.982,2025-11-02 10:37:13.982,10004,R5wtjjS0Fd,com.sec.android.app.shealth,880c000c-622a-433e-9afe-3dca0788a1ad,
965c803b-e2a0-4295-9c0b-a9b6998d419b,69d7605b-656f-4dc9-866e-be1724abb8a4,2025-11-02 10:38:36.207,2025-11-02 10:38:36.207,10004,R5wtjjS0Fd,com.sec.android.app.shealth,de01b617-19a5-4dab-919a-d02454861d62,
af4e56a7-46e3-4af3-998b-1286b2068da5,1fbdd418-db43-4410-85aa-8f928ed071b2,2025-11-02 11:49:28.374,2025-11-02 11:49:28.374,10007,R5wtjjS0Fd,com.sec.android.app.shealth,bb92aec6-5bd7-4e96-b45b-f572ceb99fb3,
dc227a3f-b333-4c97-98c0-4d05d5889f36,388b13f0-ce62-4b3f-994c-108ae6f33666,2025-11-02 11:49:30.917,2025-11-02 11:49:30.917,10002,R5wtjjS0Fd,com.sec.android.app.shealth,c3bc7905-cf81-4776-83e6-e869f8c5c998,
59818118-b71f-44a3-a770-d0e43642ecf8,7d7ae8d5-e429-4b30-80df-eab07b658203,2025-11-02 12:05:00.276,2025-11-02 12:05:00.276,10004,R5wtjjS0Fd,com.sec.android.app.shealth,884bb4a9-f2ca-4965-b7e1-1e43dc23fb81,
03f22c09-d618-4c51-8605-1615bde888e6,94bf30e3-a4cf-4488-b094-4b2d2940e0bf,2025-11-02 10:37:09.975,2025-11-02 10:37:09.975,10007,R5wtjjS0Fd,com.sec.android.app.shealth,0e93538c-2356-4bbd-afd5-9b276f574ab6,
1e0ac0f9-565d-4f0e-88bd-7436fc95a1bc,0d4dd424-a204-43fe-8b41-13b1691a13e3,2025-11-02 10:37:14.032,2025-11-02 10:37:14.032,10004,R5wtjjS0Fd,com.sec.android.app.shealth,f4b64349-9ce9-4300-8a34-369f22c74e9f,
e7950cf9-c4d8-4745-ac55-a36575f23911,f7559b80-48ea-4d61-a1db-384fae7de8db,2025-11-02 11:49:28.619,2025-11-02 11:49:28.619,10004,R5wtjjS0Fd,com.sec.android.app.shealth,b0885c44-b4fb-46e2-9cad-c736ea82077c,
aa2395ad-1d05-48f5-8480-2cf2bb44a475,724738f5-ab11-4efa-8a33-856b2e0e4c7e,2025-11-02 10:38:36.202,2025-11-02 10:38:36.202,10004,R5wtjjS0Fd,com.sec.android.app.shealth,95947890-5b23-45c6-81c1-575c447fb5d6,
1efe18dd-2ab7-4248-a3f6-cd1e9cf74037,6da17e65-5e93-492c-b8af-0bba6b6cb441,2025-11-02 14:47:33.660,2025-11-02 14:47:33.660,10004,R5wtjjS0Fd,com.sec.android.app.shealth,3cb6796e-97f6-4031-a234-fb5a4e1f09a0,
b0ca0ce8-08c2-4b86-8b96-9ab5e5aa42d7,29550f44-e53a-4a45-b4e9-65c8f3e02664,2025-11-02 14:47:33.654,2025-11-02 14:47:33.654,10004,R5wtjjS0Fd,com.sec.android.app.shealth,8a622746-a6ea-4fbb-86a4-f1b684efb732,
8e6b03ed-7ecc-40c0-b0d0-e17cc45cf4f2,1ec1ea8c-5159-49cb-a212-68e2395e9d3a,2025-11-02 15:06:46.997,2025-11-02 15:06:46.997,10004,R5wtjjS0Fd,com.sec.android.app.shealth,988223e3-f786-4f86-9cdc-11b899fae50d,
9643e7d5-d29e-4314-9c97-e8a12e59fe36,c9c5d43d-5e15-47af-a8cd-1e5a248796ea,2025-11-02 16:14:10.301,2025-11-02 16:14:10.301,10004,R5wtjjS0Fd,com.sec.android.app.shealth,1fc9b342-b58f-452c-9484-d93194beff91,
59b4c30f-27eb-4e1a-8b6e-a74a0cd22bc2,6bccf144-9ddd-4535-945f-2c866211d0a1,2025-11-02 18:05:27.834,2025-11-02 18:05:27.834,10004,R5wtjjS0Fd,com.sec.android.app.shealth,2f85b909-1ae8-4fc0-9f74-097257fd49fa,
a7421639-bbbf-4f95-b346-fffacf9d9f47,a4af7aab-2081-4492-9600-eb7e28b3d2b8,2025-11-02 18:47:52.165,2025-11-02 18:47:52.165,10004,R5wtjjS0Fd,com.sec.android.app.shealth,2e5e8c2f-33ca-47f9-ab11-92f89f6e4221,
267cfd49-0994-41f1-a7f2-b10661983111,aa38770f-0139-4fbf-96c9-68cbb3b8857f,2025-11-02 19:13:31.941,2025-11-02 19:13:31.941,10004,R5wtjjS0Fd,com.sec.android.app.shealth,cb939800-bf8a-4e85-97aa-92c6ff1fba5f,
e18e82d8-65ee-4dfc-bba9-b6ed8457adf2,005662eb-ab5c-4332-b67c-082210140354,2025-11-02 20:24:17.324,2025-11-02 20:24:17.324,10004,R5wtjjS0Fd,com.sec.android.app.shealth,12b897dc-711c-4f3f-b2c0-f3b454fdd7b8,
5bbe35cc-3d18-4db7-b075-c119ae03d79f,37597b95-bb8d-4e7e-aa58-5ea8e771299a,2025-11-03 00:47:46.982,2025-11-03 00:47:46.982,10004,R5wtjjS0Fd,com.sec.android.app.shealth,c2115984-cd1d-4065-a52e-2c590485ddd4,
c19f985b-e606-481a-b845-3c7237e63f73,36514039-a1fb-48c5-8452-37f7ba3ee59a,2025-11-03 00:47:46.989,2025-11-03 00:47:46.989,10004,R5wtjjS0Fd,com.sec.android.app.shealth,42cbf353-9405-48d1-87b9-30ec502a07b8,
dad22739-117b-4543-a3fc-5e0e79e97833,0b218f66-6879-4afe-8a6e-679d0efe56d4,2025-11-03 09:48:36.945,2025-11-03 09:48:36.945,10000,R5wtjjS0Fd,com.sec.android.app.shealth,c55d86cc-8250-4544-a6ac-12de4fe954f8,
4813f66b-4b8d-4a21-aa20-ae42042e7aac,694f4555-0118-4f03-897c-1dfbd878b069,2025-11-03 09:48:37.011,2025-11-03 09:48:37.011,10004,R5wtjjS0Fd,com.sec.android.app.shealth,a94a8764-6227-4a78-9b9c-7cda3741ad00,
a29c2d4f-9faa-4751-9574-aec5bb83ee52,d27e2fb9-f830-4dae-aa0b-ba1a116f583c,2025-11-03 09:48:37.005,2025-11-03 09:48:37.005,10004,R5wtjjS0Fd,com.sec.android.app.shealth,bc17ace6-f680-4ede-9e0e-21d599e186ac,
e94232e9-09c9-4a55-a38e-b00ea8bc22ba,eea7f0af-1ed9-428d-80da-1d4891fd64bd,2025-11-03 09:48:37.016,2025-11-03 09:48:37.016,10004,R5wtjjS0Fd,com.sec.android.app.shealth,068467d8-9340-4d8e-83bf-e57aeca6123b,
95e974e0-cf12-4bf2-868c-bee6a62d3128,58084eed-c346-475d-a313-d5d31c875bb8,2025-11-03 09:48:37.043,2025-11-03 09:48:37.043,10004,R5wtjjS0Fd,com.sec.android.app.shealth,133ece50-ae5f-47b2-bfa6-2022e706097f,
7baa03b2-c405-4748-814e-c70aea19fb3b,2465ddb9-8d99-416e-8089-edc12a7f5556,2025-11-03 09:48:37.024,2025-11-03 09:48:37.024,10004,R5wtjjS0Fd,com.sec.android.app.shealth,b877f7ff-a4d8-4763-be5f-dd44ec5c3e82,
7897e5d8-d2f1-438d-bf4b-7c91bf50bc45,a13b1db8-897b-4de0-b7c3-8f85fc4d0dce,2025-11-03 09:48:37.033,2025-11-03 09:48:37.033,10004,R5wtjjS0Fd,com.sec.android.app.shealth,63ad3dc5-7084-4a41-918b-5c1e4c33fd59,
06cce225-bd57-4359-ae48-89e60538a0ab,ffb4658a-adbc-4503-b2d0-fceb3fdd8988,2025-11-03 14:03:28.331,2025-11-03 14:03:28.331,10004,R5wtjjS0Fd,com.sec.android.app.shealth,1a217a7b-240a-4ca9-a103-43d5336d3e6b,
453b4cbb-cf6f-491a-bf4a-e1744a42cead,a9ede42f-60a1-4ff3-aa3e-d020071a3767,2025-11-02 21:26:27.972,2025-11-02 21:26:27.972,10004,R5wtjjS0Fd,com.sec.android.app.shealth,866a78d5-86e7-47c8-aada-401e08e9c3c5,
1fe7f18a-d16f-4fd8-a14e-f956fa5fed4d,be500fe6-facf-469f-8d58-3c1c127c9e3f,2025-11-03 13:15:09.557,2025-11-03 13:15:09.557,10001,R5wtjjS0Fd,com.sec.android.app.shealth,ea4bbd3e-35ca-47eb-b27b-ba8a17ed11d6,
ab62c93a-1550-42f7-b72b-ef838c550abc,fc8dd5ef-5fd1-46cc-92c3-24a25daee745,2025-11-03 09:58:26.462,2025-11-03 09:58:26.462,10002,R5wtjjS0Fd,com.sec.android.app.shealth,1244ba09-dba6-4d4d-9063-53ccc67a98cb,
d3ee19cc-1814-4e48-84d5-4ab0d20ee6f2,9c4111a8-ba75-4439-bdd3-41802eaa495f,2025-11-03 09:58:37.422,2025-11-03 09:58:37.422,10007,R5wtjjS0Fd,com.sec.android.app.shealth,45d90751-6b0a-4cec-998c-2d9d01605302,
5a5aac65-c945-43cb-b4b3-81b4c975074b,b862c6c5-fa68-4c06-b651-aa0845b600d9,2025-11-03 09:48:37.029,2025-11-03 09:48:37.029,10004,R5wtjjS0Fd,com.sec.android.app.shealth,c057ce87-2592-4326-bc9d-f95c88e4d667,
bbf7d4cb-7aae-4efd-b548-3a5e1d2970b8,4d9ac86b-eecf-4665-9dc2-186e20b708b2,2025-11-03 12:29:34.422,2025-11-03 12:29:34.422,10004,R5wtjjS0Fd,com.sec.android.app.shealth,bee5a510-4c5c-4d09-a372-9c543fa054e1,
15899e70-fb9a-42f7-b9c4-f728dba3e7f0,8e800a58-5924-471e-a76e-625ee14ab8b0,2025-11-03 10:33:42.991,2025-11-03 10:33:42.991,10004,R5wtjjS0Fd,com.sec.android.app.shealth,ec7503a1-d846-4649-ac3f-1f0420b2df56,
69f1e605-7d53-4593-a7a8-9766e3538c6a,2d0d94b9-b373-4d68-a406-2b1e510a24c9,2025-11-03 11:09:00.682,2025-11-03 11:09:00.682,10004,R5wtjjS0Fd,com.sec.android.app.shealth,13928328-26f8-447c-8610-04cf724d1ec7,
c532b7ee-3d59-4576-b731-a431ea64852a,45fb4f09-4b8c-45ae-9e3d-57e1ae4b7715,2025-11-03 09:48:37.040,2025-11-03 09:48:37.040,10004,R5wtjjS0Fd,com.sec.android.app.shealth,1ea8e7f3-8326-4a45-9ec3-015c80d4c33e,
e2ab164a-ee14-4547-bc96-040ec0472074,84c5f83b-b716-4ee2-b127-a2b5b4e0ec4d,2025-11-03 13:07:51.349,2025-11-03 13:07:51.349,10004,R5wtjjS0Fd,com.sec.android.app.shealth,d5077444-f41e-43ae-a684-80ca4005d1c6,
a828be8c-2e13-4dec-9517-6d90a2352e33,f4025b2a-c3b1-4667-99a7-52f80e2cfb3a,2025-11-03 09:48:37.047,2025-11-03 09:48:37.047,10004,R5wtjjS0Fd,com.sec.android.app.shealth,00edaade-0d78-4d26-bb6c-7254c78684c6,
48138983-8676-49df-a9c2-d9cf879cc704,a4606bba-6442-4e6e-bc57-9f9d4673d2b9,2025-11-03 14:03:28.316,2025-11-03 14:03:28.316,10001,R5wtjjS0Fd,com.sec.android.app.shealth,4a79c8d9-83f7-4088-b7c1-40673c1658c7,
e3b7e926-074d-43c2-ad17-f490e960daf4,c408acb2-596f-4b4f-9527-7c2bcb063127,2025-11-03 15:30:46.183,2025-11-03 15:30:46.183,10004,R5wtjjS0Fd,com.sec.android.app.shealth,98361f34-48e7-43d9-86d1-f9d69988ea42,
1c7110e3-4429-4dde-b4bf-cb4606b6ed63,f42d1186-6320-4517-b71c-37fb0b3c777d,2025-11-03 18:39:40.188,2025-11-03 18:39:40.188,10004,R5wtjjS0Fd,com.sec.android.app.shealth,327ea35c-fbb3-456f-a61d-fbd03bf123c5,
eaa2a0b6-5270-4c20-bc87-4a8a7d7ef2b6,099cf98b-c5c2-4919-80cc-ece948660755,2025-11-03 16:42:39.277,2025-11-03 16:42:39.277,10004,R5wtjjS0Fd,com.sec.android.app.shealth,d4d26406-92bd-4114-8d78-244ea01217b8,
dbb7f65e-8e7b-49fe-9fae-d915d5bc3ecc,1d07dd34-8824-4181-aad0-77115277cee7,2025-11-03 16:42:39.496,2025-11-03 16:42:39.496,10001,R5wtjjS0Fd,com.sec.android.app.shealth,58f5e2db-0749-4747-b3c7-74f4bd67f5a2,
ff1a2bf1-cbc0-4580-9318-c19f500e8e84,ecef364b-b92a-4d2e-a085-8da783e057bc,2025-11-03 17:11:06.200,2025-11-03 17:11:06.200,10004,R5wtjjS0Fd,com.sec.android.app.shealth,6398fac7-7e01-435b-8c76-010e208885fc,
5e246922-bec8-4a71-8e23-2409748fc4e4,2e5f9a9e-df3d-4b7d-aaf8-72339dbddcf5,2025-11-03 19:05:06.483,2025-11-03 19:05:06.483,10004,R5wtjjS0Fd,com.sec.android.app.shealth,e5f424ec-a4c6-4b88-b25c-598d842ed1c0,
4e46cbb8-3dd6-437a-a671-a30af866cce4,acbed8c3-62ab-4edf-8f47-168a398f1e4d,2025-11-03 20:34:07.886,2025-11-03 20:34:07.886,10004,R5wtjjS0Fd,com.sec.android.app.shealth,18f7ed58-46eb-44e1-b6b6-9602fd46d229,
70416ece-b04e-4f55-a603-73eb08c215fb,fbce2171-180b-4193-a8f6-50b529518872,2025-11-04 07:51:03.996,2025-11-04 07:51:03.996,10007,R5wtjjS0Fd,com.sec.android.app.shealth,5edbf7ea-c5d5-4432-a497-2a8777d3411c,
5e09bc76-2aff-4e33-9d2b-1a87ab246f1d,1cca80ca-4fe4-4e39-a7e8-332c4f668b20,2025-11-04 07:51:04.534,2025-11-04 07:51:04.534,10004,R5wtjjS0Fd,com.sec.android.app.shealth,affb330b-70e2-436a-bdf3-571a0ed84c4b,
16f7cd27-2713-4b28-8a98-e95f937e24b9,57fb3f79-bbc4-4632-a8d8-3df0bf3c9541,2025-11-04 07:51:04.529,2025-11-04 07:51:04.529,10004,R5wtjjS0Fd,com.sec.android.app.shealth,beed3775-3e0d-4c27-9272-debb83d1340b,
2a95b87b-f828-42bb-838c-901822dcfe4a,3e009e5b-7949-4bef-8cef-d33b956b7e2c,2025-11-04 07:51:04.545,2025-11-04 07:51:04.545,10004,R5wtjjS0Fd,com.sec.android.app.shealth,58e0457a-7ad0-4e4d-849d-20c4a3da939f,
7ae6ac93-0186-4d2d-8985-291978a774e6,066983d8-8f1e-4003-8481-343e5f1f5b81,2025-11-04 07:51:04.549,2025-11-04 07:51:04.549,10004,R5wtjjS0Fd,com.sec.android.app.shealth,0825df98-b2e5-4a40-bd12-e62a9cde1000,
f50d31f5-171b-42ed-8742-91135ac23582,5259fcab-4d26-428d-8354-e9bc470eaab1,2025-11-04 07:51:04.553,2025-11-04 07:51:04.553,10004,R5wtjjS0Fd,com.sec.android.app.shealth,dbbefd66-f867-4148-9b1b-1857a205297d,
51da7965-278a-4933-91fb-d2e3de7381e7,8c9960b5-6ea2-41a4-9b68-fb268ec1006a,2025-11-04 10:36:23.149,2025-11-04 10:36:23.149,10004,R5wtjjS0Fd,com.sec.android.app.shealth,dc6f1400-40e0-423d-9033-133d88d875a1,
dc7c2845-d804-41ce-be62-042872275620,6f7b7aa9-7142-40c6-92a2-33c63de56abd,2025-11-03 21:28:10.816,2025-11-03 21:28:10.816,10004,R5wtjjS0Fd,com.sec.android.app.shealth,1d1ae22a-0ec4-48fc-9890-5c1dce662af2,
11169431-0feb-4f33-b5a8-06561f5655f9,2310f468-1bc2-4898-bd67-ccf8f9680c7a,2025-11-03 22:33:36.990,2025-11-03 22:33:36.990,10004,R5wtjjS0Fd,com.sec.android.app.shealth,600686aa-c9e1-4ae0-8abd-2d8f433e7849,
4e94dec5-585e-4c98-bc36-ee131db52cd9,907b5b4e-75ce-4744-a1bf-1dab5bbdd2fa,2025-11-04 11:05:19.092,2025-11-04 11:05:19.092,10004,R5wtjjS0Fd,com.sec.android.app.shealth,a470be7f-77d9-42aa-b79e-febfd1c413ed,
abb9ad01-0ad9-4cd8-b8fb-33529cea057e,c99a58e2-1d58-4c89-80d6-4b255e334f58,2025-11-04 10:36:23.143,2025-11-04 10:36:23.143,10004,R5wtjjS0Fd,com.sec.android.app.shealth,f9bbf5ec-8676-41dd-b292-d26f683ef8cd,
71ef82a7-2809-4206-973e-a90fa4cdbc0a,a8a3d245-41af-4389-9e91-c13cdc495953,2025-11-03 23:03:31.413,2025-11-03 23:03:31.413,10004,R5wtjjS0Fd,com.sec.android.app.shealth,e8cc2338-546b-42ac-9cc5-77b814b388ee,
4924d0b6-9f3d-4239-9ac1-eb6b199d8ed5,13f5ebc9-da9d-49ca-b985-9185a6939f97,2025-11-04 10:46:55.567,2025-11-04 10:46:55.567,10002,R5wtjjS0Fd,com.sec.android.app.shealth,b636a652-bdaa-41d8-949f-a46870bc462a,
6df7e0e2-a7f9-411a-b045-97c6e7a2f316,85bf4906-6d4d-49dc-86c4-a2785eee3833,2025-11-04 10:36:23.154,2025-11-04 10:36:23.154,10004,R5wtjjS0Fd,com.sec.android.app.shealth,8e559cf5-946c-4243-8440-459974ae3e91,
5ab2e54b-883c-44ca-b401-0982c9ca6dde,f888691a-9cb7-427b-b81e-c762b2545095,2025-11-04 07:51:05.008,2025-11-04 07:51:05.008,10002,R5wtjjS0Fd,com.sec.android.app.shealth,ccb95188-c7e4-4958-8a5c-7881bfac9ef0,
1482011a-a389-4e8f-9502-cea859915d07,e1752d1e-44fb-44d5-8bea-e4ea0b1dcc05,2025-11-04 10:36:23.160,2025-11-04 10:36:23.160,10004,R5wtjjS0Fd,com.sec.android.app.shealth,9e01fc42-db55-4459-b608-dff50e97170d,
0513e236-7a76-4ed9-95bf-e738a69b9d12,cf3ff186-0a41-47a8-8887-c097b46238f5,2025-11-04 07:51:04.575,2025-11-04 07:51:04.575,10004,R5wtjjS0Fd,com.sec.android.app.shealth,f4a8a178-35e1-492e-af31-fd327d2a8c26,
af81fcbb-456c-4966-bf81-3f62bb1ebe3b,9473de47-4b1f-463d-a46b-20a3bb0cc9ed,2025-11-04 07:51:04.570,2025-11-04 07:51:04.570,10004,R5wtjjS0Fd,com.sec.android.app.shealth,35d119a5-95c0-487d-b236-b998b6297d32,
0d77ec6c-71e1-49f7-a59a-64eeb21a9e07,c18dd622-71cb-431f-b238-cfae9a11853b,2025-11-04 07:51:04.561,2025-11-04 07:51:04.561,10004,R5wtjjS0Fd,com.sec.android.app.shealth,3d483c2f-db5c-4748-a787-489db778f8c3,
39ec1c6b-309b-49de-9c39-e37ee0147b8c,a9a3f736-c84b-458c-b352-1f51a0ebe873,2025-11-04 15:11:48.714,2025-11-04 15:11:48.714,10004,R5wtjjS0Fd,com.sec.android.app.shealth,5c1af4e4-c0c6-46a8-979c-f797ef396877,
e6ba6e41-23ed-4c20-9352-668e423a0101,386362e0-d9ec-4d1c-ad89-77b23f015c63,2025-11-04 10:36:23.103,2025-11-04 10:36:23.103,10000,R5wtjjS0Fd,com.sec.android.app.shealth,74f86ae7-23a3-4afc-87d2-b264c72e5bf1,
1d5265e9-8006-480b-80d1-b8d90f1df4ec,dcc6c907-2a20-465e-b0c7-75bf9101e2d4,2025-11-04 12:11:25.404,2025-11-04 12:11:25.404,10004,R5wtjjS0Fd,com.sec.android.app.shealth,9eb19c89-c760-41de-a513-74388d12995b,
1bb4b1e6-de24-4852-9eed-e28ffbe172a3,f9fee5d1-b523-42e7-ad1d-2769a0d221cb,2025-11-04 13:56:25.815,2025-11-04 13:56:25.815,10004,R5wtjjS0Fd,com.sec.android.app.shealth,a0c2a7a3-1d5e-4200-8c50-1984f153ac99,
70f4f7ed-249d-47e7-b640-8ff821118f64,74284812-1297-463b-b895-aa102f78a7ad,2025-11-04 14:16:51.049,2025-11-04 14:16:51.049,10004,R5wtjjS0Fd,com.sec.android.app.shealth,2dede015-79e2-42b7-900b-be1e07039320,
89d5d976-1620-490a-b406-6739ed0eeb8e,2855c01f-b780-4cbd-8686-5962d90d46bd,2025-11-04 10:46:55.292,2025-11-04 10:46:55.292,10007,R5wtjjS0Fd,com.sec.android.app.shealth,66bb9f65-b8dc-43b0-a770-13f3be87fffd,
541882fb-e371-4806-a88f-ac02e83c6856,4331e94d-3e91-471b-9e33-1349f99f11bb,2025-11-04 21:05:37.511,2025-11-04 21:05:37.511,10004,R5wtjjS0Fd,com.sec.android.app.shealth,7ddb6c49-8c5d-48ef-b4fd-06880393702f,
95a0f132-4827-4c11-9b6b-a395294d7fa4,d4828b91-e863-49d9-8a27-e69b41795bfe,2025-11-04 18:33:39.278,2025-11-04 18:33:39.278,10004,R5wtjjS0Fd,com.sec.android.app.shealth,ffab9e82-9d0c-4454-8926-41559b97a6b5,
9d951cb4-ce07-4fe4-812f-0d3db2054a77,714472ce-7839-43d6-85c3-3d46ac8797fa,2025-11-04 22:09:07.086,2025-11-04 22:09:07.086,10004,R5wtjjS0Fd,com.sec.android.app.shealth,e4cd7b0b-6b9b-4e59-94dd-b93c83d77adc,
4cbe422c-da0f-4c8c-8b86-d43a75e1b715,f87e35a3-9fb1-473f-a841-60feeb210a1e,2025-11-04 17:17:30.624,2025-11-04 17:17:30.624,10004,R5wtjjS0Fd,com.sec.android.app.shealth,dffeb40a-d857-483e-bda8-35b468ed32c9,
b9f35375-30fd-4158-8b8f-526b7c9215a5,067928af-c6b3-4425-8638-f04966c74950,2025-11-04 17:17:30.629,2025-11-04 17:17:30.629,10004,R5wtjjS0Fd,com.sec.android.app.shealth,db618c3f-e9a5-403b-832e-8b11fb27a434,
f9fcd272-2e46-4570-bc1b-0cdcf7558ad6,c1bb41a3-2bb2-4d80-bdb2-eba82e785707,2025-11-04 21:05:37.504,2025-11-04 21:05:37.504,10004,R5wtjjS0Fd,com.sec.android.app.shealth,e3bbc03f-5921-413e-a3c8-0454ea5405ca,
2f1f933e-a49c-4f7d-8d9e-b6f782629e5e,494b6ab0-d9f3-4c82-a370-09d517297e5f,2025-11-04 21:05:37.508,2025-11-04 21:05:37.508,10004,R5wtjjS0Fd,com.sec.android.app.shealth,1ffb11a2-c8ea-4c16-9ee2-fe30272a2438,
76dda772-a139-448b-b760-cd1b44de2c3b,8788ee14-8dc2-43e9-9946-26dce118d83a,2025-11-04 23:04:00.122,2025-11-04 23:04:00.122,10004,R5wtjjS0Fd,com.sec.android.app.shealth,ad4b0b65-eb37-47f1-8983-651882020ace,
e70ed94f-2a81-4845-8378-85c7f2836651,ab2a6344-13d2-408a-9d90-440f5d90f138,2025-11-05 02:49:26.720,2025-11-05 02:49:26.720,10004,R5wtjjS0Fd,com.sec.android.app.shealth,63a8aad8-a551-4acb-9a01-a03999aff08b,
c0fb776e-6ece-4a12-8016-d5644b14452b,0dd8e4cf-042a-461e-815c-20265395883d,2025-11-05 08:49:40.556,2025-11-05 08:49:40.556,10007,R5wtjjS0Fd,com.sec.android.app.shealth,fefe3504-76e7-4d5a-9fea-0138aae604a3,
620cd1c2-0414-48cb-aa91-16e37b6ba5dd,51e68e00-545f-444d-9097-9405dc12efff,2025-11-05 08:49:40.683,2025-11-05 08:49:40.683,10002,R5wtjjS0Fd,com.sec.android.app.shealth,fc72ae74-157b-4690-977a-e793ad20f49b,
7b65ce0f-5ce3-4849-8fd7-e205718a50b4,71084c43-197a-4e70-a533-c4d72ec6c4f2,2025-11-05 08:49:40.714,2025-11-05 08:49:40.714,10004,R5wtjjS0Fd,com.sec.android.app.shealth,b23fd09c-d4d3-47ca-9f01-53ba914a4934,
07bb852b-5dfe-423f-9ef2-8d511d869446,ccfedc83-0846-41fe-bf8f-f2f8ad0cdb21,2025-11-05 10:16:35.309,2025-11-05 10:16:35.309,10000,R5wtjjS0Fd,com.sec.android.app.shealth,fb5d5c03-b00a-4fe9-a6b7-7ae089a44433,
1f6c2604-1e86-42af-a9b7-561e85b78c5e,30dd358d-471a-4fdc-91f8-a4336ad42ed7,2025-11-05 08:49:40.718,2025-11-05 08:49:40.718,10004,R5wtjjS0Fd,com.sec.android.app.shealth,daee6d0d-5c38-4f90-b874-0d52abaa96b2,
237d6998-7af9-412c-adda-c475448de08f,efc85a48-ed09-4b3e-a0ad-6f8d8c1fb68d,2025-11-05 08:49:40.722,2025-11-05 08:49:40.722,10004,R5wtjjS0Fd,com.sec.android.app.shealth,47dc764b-9279-48e0-bda9-3dc03de51201,
0ce6fd5b-8a0c-4bca-ad05-39d40a6c5a10,8a0cc65a-9389-442f-9f79-a1277b943a86,2025-11-05 08:49:40.728,2025-11-05 08:49:40.728,10004,R5wtjjS0Fd,com.sec.android.app.shealth,53334503-32e5-4aa2-8b29-134b03c6d9b4,
d9d987fc-a057-43cb-92c0-15856ec6489b,b036966e-41e2-455f-b62a-b99e7650cf0a,2025-11-05 08:49:40.743,2025-11-05 08:49:40.743,10004,R5wtjjS0Fd,com.sec.android.app.shealth,aacd3800-ebd5-4a52-b876-5955e92b6644,
f2a7b911-c8db-49cd-a10a-0fa810d9eeeb,45f984d5-e908-4c28-a1a2-3bdcc0bc46c9,2025-11-05 00:41:58.943,2025-11-05 00:41:58.943,10004,R5wtjjS0Fd,com.sec.android.app.shealth,e0512786-54e0-42c6-a25a-ad2be114b060,
b14c892e-df8f-4c85-a1c3-3e538b635728,a3b60169-4864-4d0a-b7fc-9f7400219607,2025-11-05 08:49:40.749,2025-11-05 08:49:40.749,10004,R5wtjjS0Fd,com.sec.android.app.shealth,aa8f3062-8473-4819-8c95-c2dd8e3a56cd,
7aac4ceb-7263-4218-b687-d476d03a4214,9afbd9e9-5770-4076-98f8-98857dddfd44,2025-11-05 08:49:40.731,2025-11-05 08:49:40.731,10004,R5wtjjS0Fd,com.sec.android.app.shealth,594a4c1d-f650-4005-a803-1ac8b37a3599,
de609e38-23c6-4824-b1de-1b2404dc84bc,cd04527a-0ea8-4629-b16a-099ba0959b07,2025-11-05 14:24:30.300,2025-11-05 14:24:30.300,10001,R5wtjjS0Fd,com.sec.android.app.shealth,0e32799b-ec54-43c7-b511-2e92f4c7587e,
fb869913-076d-4a5f-adbb-1ad705f45c19,747b11a9-73ce-4b13-882a-36aa21a53dc7,2025-11-05 14:24:30.467,2025-11-05 14:24:30.467,10004,R5wtjjS0Fd,com.sec.android.app.shealth,e4949808-c967-4763-93f6-77606bc2cf00,
7bab4a3b-3a64-4769-97b7-d6f15f0bd64c,f477b6c8-9abb-4ee5-a178-b63164defa6f,2025-11-05 14:24:30.488,2025-11-05 14:24:30.488,10004,R5wtjjS0Fd,com.sec.android.app.shealth,a7fc59d0-331f-4f6a-ac01-01ba111e3fbf,
f39749fa-2adc-4f68-b119-852c79174987,a3372677-2a10-4d26-86c0-5494ad83660d,2025-11-05 14:24:30.492,2025-11-05 14:24:30.492,10004,R5wtjjS0Fd,com.sec.android.app.shealth,2349a027-dc65-404e-8a9f-835cd58af7b1,
3d854785-11e7-400a-964f-69eb698cb7e7,37340c34-5722-436d-870b-f7afd8f25300,2025-11-05 18:09:48.886,2025-11-05 18:09:48.886,10004,R5wtjjS0Fd,com.sec.android.app.shealth,9b560ff5-26b1-4102-9cf3-1bb3a6dbac2d,
3e7b8d71-325b-4c71-9c9a-7fbe1570bd79,36a5acda-8c5b-40c3-b3d4-9096610ed6c5,2025-11-05 19:04:21.830,2025-11-05 19:04:21.830,10004,R5wtjjS0Fd,com.sec.android.app.shealth,ecf0b134-1a7e-42bc-a940-b41c52d99391,
268b7e07-3f70-4ed3-a274-290dbe313fef,75baf710-fc54-402d-9c81-967e1699f996,2025-11-05 15:49:06.773,2025-11-05 15:49:06.773,10004,R5wtjjS0Fd,com.sec.android.app.shealth,28fb3f9e-61b5-4ea4-9ef5-7d84810a609f,
a8698c10-8f0b-4fd4-b888-995651e3b675,48d630b9-b9a1-47f9-8e15-09c416614b99,2025-11-05 15:49:06.819,2025-11-05 15:49:06.819,10001,R5wtjjS0Fd,com.sec.android.app.shealth,65ae0f4a-f7e9-4bc2-ae96-f17d1c7cee6e,
3eec0f69-311f-4305-856b-d173afb6bbd9,a1b275df-7f02-4704-9790-f0a3eab548d6,2025-11-05 16:09:26.035,2025-11-05 16:09:26.035,10004,R5wtjjS0Fd,com.sec.android.app.shealth,ab66301a-9e7f-4c3a-871c-e4b3b776d579,
7d3cc96c-0d29-4cde-a171-1c133ac9e17e,da481549-d477-46dd-8ca4-a0a88c511126,2025-11-05 17:38:55.589,2025-11-05 17:38:55.589,10004,R5wtjjS0Fd,com.sec.android.app.shealth,a329bfd8-0e65-41c5-a893-e4b70b1db771,
72856467-d189-43fd-8cf1-eb1b790b43c2,e7b435a4-342f-4eb8-9efa-3d50da96c231,2025-11-05 20:08:36.984,2025-11-05 20:08:36.984,10004,R5wtjjS0Fd,com.sec.android.app.shealth,86e9ef46-b182-48d3-a376-92e436e3c70e,
47054996-d0f4-435c-afa4-21ce72e0d85b,f27a252f-90ee-436a-8765-dd14f42e1499,2025-11-05 21:30:31.173,2025-11-05 21:30:31.173,10004,R5wtjjS0Fd,com.sec.android.app.shealth,d2aafa7e-f150-4115-9fa0-7011e4f3e12d,
e91f0d8e-7c33-4df0-b49c-7e63df804010,712220d5-6bd9-4f90-b0a0-c2d3c3146972,2025-11-06 00:20:29.858,2025-11-06 00:20:29.858,10004,R5wtjjS0Fd,com.sec.android.app.shealth,6fcd97d8-a68d-4098-b236-6afa63ae5d2a,
74ba8ed0-0397-4ae4-b03c-63bf50d5fd15,2a264977-ad08-4116-8820-1db6cb7ba419,2025-11-06 00:20:29.864,2025-11-06 00:20:29.864,10004,R5wtjjS0Fd,com.sec.android.app.shealth,8e4a65aa-79ac-467b-badb-ac6195bb7222,
a1afecc6-5a69-4c0a-a89f-0d599771023b,f8b160ed-adaa-43ed-823f-276305f9be99,2025-11-06 00:20:29.868,2025-11-06 00:20:29.868,10004,R5wtjjS0Fd,com.sec.android.app.shealth,2b18cfe3-c57e-4d11-9560-5e4af47fdb03,
21a68e7d-0f5a-4dd6-9e11-de3b00a0fde5,73ba465f-eb77-42a0-b656-7519b5b10e46,2025-11-06 01:09:12.761,2025-11-06 01:09:12.761,10004,R5wtjjS0Fd,com.sec.android.app.shealth,db5bb9a6-02b2-4da7-8a0e-63fd15947769,
2400325b-ce07-40ab-b0ca-4ab8a33a9f28,d8933078-2c45-4b02-9e7d-09b6266ef8cc,2025-11-06 09:47:45.558,2025-11-06 09:47:45.558,10002,R5wtjjS0Fd,com.sec.android.app.shealth,0a0a6a03-5f57-4390-9d4c-6d055b51e208,
45efe6dd-15aa-4875-8fdc-a066bff13da4,03ccd4ee-42a4-4e26-bfa3-65e33ddd9785,2025-11-06 09:47:45.837,2025-11-06 09:47:45.837,10007,R5wtjjS0Fd,com.sec.android.app.shealth,ea034eff-8862-40af-855b-36e3ea87ed9e,
ee4c8b95-5c27-46fd-9afe-abd52b25ce2d,eeb359ca-d762-4b60-b8ca-f0e7626968f2,2025-11-06 06:34:03.603,2025-11-06 06:34:03.603,10004,R5wtjjS0Fd,com.sec.android.app.shealth,1a8dc171-e6dc-40bf-90a3-ee3e11d1f523,
f3b2b265-1890-4814-ba23-25da0b7864d5,ba267f87-bbd7-4c1a-b774-22b6ad90d12f,2025-11-06 06:34:03.609,2025-11-06 06:34:03.609,10004,R5wtjjS0Fd,com.sec.android.app.shealth,78328072-efc7-4ec3-bcd0-df405c20fe60,
e730a4ed-9a6f-4f0d-8803-603bdcfa56df,ff403c6d-24cf-4b43-a38f-8f782751be29,2025-11-06 06:34:03.613,2025-11-06 06:34:03.613,10004,R5wtjjS0Fd,com.sec.android.app.shealth,96b7a111-826a-4135-ac79-20f7831e2fd0,
92e7f28d-3b1d-4c9b-9ee2-f93251997121,574db9d6-e133-460f-b5df-838c07b3746f,2025-11-06 06:34:03.617,2025-11-06 06:34:03.617,10004,R5wtjjS0Fd,com.sec.android.app.shealth,4f26554a-30c3-41d2-a59e-092c00915ea0,
60e66a1f-5f6c-4696-aa80-fb4fd125fc0b,70f9a4e7-192e-43b9-8c1f-0f6f41487208,2025-11-06 11:01:23.188,2025-11-06 11:01:23.188,10004,R5wtjjS0Fd,com.sec.android.app.shealth,7f5449da-86c1-4d79-a10c-92e4ddc9d7ea,
78e1e763-5a81-44f1-9a98-bd33cba727b3,85477000-499f-43a6-81bd-1209f7f4b1b3,2025-11-06 11:01:23.183,2025-11-06 11:01:23.183,10004,R5wtjjS0Fd,com.sec.android.app.shealth,daa2d995-7ede-4b8a-b8d8-1d5e14ed0a97,
f53b6bd7-b560-42ed-a8f7-d3b5721e2ba8,a827b1a1-9f2c-47b6-bd75-72257584f199,2025-11-06 06:34:03.620,2025-11-06 06:34:03.620,10004,R5wtjjS0Fd,com.sec.android.app.shealth,7994b19a-90eb-4a2a-83d7-7abffa522640,
10a26845-1b9c-4553-9da2-0839f2cd9942,60ed9ffd-7658-4f8a-aba3-fd8bb19fe7d1,2025-11-06 10:47:05.182,2025-11-06 10:47:05.182,10000,R5wtjjS0Fd,com.sec.android.app.shealth,52598e37-5023-41e2-a33a-17d5b48aac63,
7436390c-665f-4fe2-96de-b8ae0dba6bed,12a30f32-8560-46b3-9af0-36a2f060aa4b,2025-11-06 06:34:03.623,2025-11-06 06:34:03.623,10004,R5wtjjS0Fd,com.sec.android.app.shealth,24088249-3631-430a-b74d-10263fe315bc,
7c0dd36a-2fb1-4706-be49-1fea722af44f,057287c1-e943-4747-aea1-9a1270c4b582,2025-11-06 09:47:46.219,2025-11-06 09:47:46.219,10004,R5wtjjS0Fd,com.sec.android.app.shealth,c10de7eb-e791-4b86-b9a5-2848c7430986,
aeb03709-7c75-42f3-b928-de4027748240,6b102dbb-8665-425a-8cac-30ffb99e2a7d,2025-11-06 09:47:46.261,2025-11-06 09:47:46.261,10004,R5wtjjS0Fd,com.sec.android.app.shealth,f8ef92a7-29bd-4db8-9271-bc1e233d4ab2,
ea5323a5-28e8-466f-a620-2c694c944e51,0f4d3852-d711-436a-8b90-4cfd0aa01068,2025-11-06 09:47:46.234,2025-11-06 09:47:46.234,10004,R5wtjjS0Fd,com.sec.android.app.shealth,ea0264eb-9beb-4c59-bd6a-e37c032fb3e8,
5ef34b14-c344-4f95-b274-579b5c6dcec1,c89632f8-8971-4f09-a59f-9459baa4b933,2025-11-06 12:06:41.613,2025-11-06 12:06:41.613,10004,R5wtjjS0Fd,com.sec.android.app.shealth,87958c24-9d3c-4e03-9d7d-b40db0da8164,
86bd4890-f9d6-4ff3-b04c-4673150be7bf,ec5a7b81-33fb-4433-a306-b90369b579f4,2025-11-06 11:14:41.086,2025-11-06 11:14:41.086,10001,R5wtjjS0Fd,com.sec.android.app.shealth,123e4869-9053-40c9-927e-f0169cf73927,
a5f73461-912b-4359-af39-247e8233d480,9f6020a8-8d4c-443c-8db4-2997e218cca0,2025-11-06 12:24:36.481,2025-11-06 12:24:36.481,10001,R5wtjjS0Fd,com.sec.android.app.shealth,121249dc-fd84-45dd-b66d-23486f23334d,
e9d11c39-171a-4947-9a4f-8c26963e2546,1baa8031-22ea-4188-90ec-688e1e66b642,2025-11-06 13:02:30.584,2025-11-06 13:02:30.584,10001,R5wtjjS0Fd,com.sec.android.app.shealth,26bc9b12-739d-4482-989b-98d3bfc96054,
ea71a713-f1a3-4173-826b-f0f5348527ad,97f04911-9693-47c9-8296-26a61a4447b7,2025-11-06 13:02:35.957,2025-11-06 13:02:35.957,10004,R5wtjjS0Fd,com.sec.android.app.shealth,448a3c56-9191-45ff-ae2b-7f64fb9b38ac,
18705884-ee68-4d82-8bc0-9e527f468a5d,3e92e736-5435-49c0-bb8a-c5aeb07f71ab,2025-11-06 14:14:20.521,2025-11-06 14:14:20.521,10004,R5wtjjS0Fd,com.sec.android.app.shealth,148ceb98-2421-4df6-a49d-a0e6e71ac61d,
7c53eeaa-12f3-4c7b-9ae9-e45f6d0854ec,0b1ff5a3-4949-4ccc-af08-25c805957b31,2025-11-06 16:02:53.246,2025-11-06 16:02:53.246,10004,R5wtjjS0Fd,com.sec.android.app.shealth,f151c57b-ae38-4ab0-b908-16b7b031b6fd,
74fe3a3b-2dba-43cf-8430-99d6b88d9808,7b210230-0a28-439f-b59a-9d8a4edef536,2025-11-06 16:02:53.264,2025-11-06 16:02:53.264,10004,R5wtjjS0Fd,com.sec.android.app.shealth,a140f8e8-8714-4f80-9304-8374badd58c1,
f09a196a-3c39-49cc-9cf7-3bbb610d1f26,209846c9-7c5f-456f-b084-ab26bdf1dcca,2025-11-06 16:02:53.582,2025-11-06 16:02:53.582,10001,R5wtjjS0Fd,com.sec.android.app.shealth,5394ae99-f22c-401b-84fc-46c4b55086a7,
86091a7f-73af-4c04-a12c-5f723975b7c3,811cbe47-a57c-4bc3-afa1-8b624ded13a0,2025-11-06 16:22:07.418,2025-11-06 16:22:07.418,10001,R5wtjjS0Fd,com.sec.android.app.shealth,9d17aed7-179a-491e-8858-6fbee01f4c5b,
181e59e8-5d7a-4c94-bd2c-83144000fdb3,5c70d493-ef96-43df-90e0-1c4061c9dc40,2025-11-06 17:31:23.601,2025-11-06 17:31:23.601,10004,R5wtjjS0Fd,com.sec.android.app.shealth,403bc424-724b-4716-9fa9-ad08e52d69b1,
55469f2f-290c-40f6-9723-2432b675ddf5,b234ebda-5882-4d0c-a63d-de4acb7d01dc,2025-11-06 23:44:10.135,2025-11-06 23:44:10.135,10004,R5wtjjS0Fd,com.sec.android.app.shealth,0f061924-84dd-4b44-af9b-9d3fbb3d809f,
cbf74a3a-ed6a-4577-9285-e41dabb7e120,c05606f6-230e-4cb2-9ef2-88ba67a8246a,2025-11-07 05:28:42.835,2025-11-07 05:28:42.835,10007,R5wtjjS0Fd,com.sec.android.app.shealth,3a35fc3f-5b02-488a-8caa-8e155e93a9f4,
ba634e51-16be-4386-a847-457c7782e2be,7976a6d1-dd5e-4865-8cf0-9f07c9dddb82,2025-11-06 22:05:58.027,2025-11-06 22:05:58.027,10004,R5wtjjS0Fd,com.sec.android.app.shealth,3d168644-3923-4577-9c4e-0a1979716137,
7ec0ba78-bdb6-46c2-b272-cdd3aad1e250,7a5dfcbe-a17f-47f1-83f9-a9a91783ca6f,2025-11-06 18:20:45.458,2025-11-06 18:20:45.458,10004,R5wtjjS0Fd,com.sec.android.app.shealth,3e4a2d28-84b1-4228-a517-4033b8c0b347,
5810b789-44af-433d-a798-bfd2871f940d,4a579628-13e0-4e02-a54b-e8393a5b62d5,2025-11-07 05:28:43.072,2025-11-07 05:28:43.072,10002,R5wtjjS0Fd,com.sec.android.app.shealth,b49d0b64-65fb-40ac-8988-96671f25c111,
1148b64f-7604-44b6-842d-579755c34e15,0093bed8-6d86-48d5-93b3-0b06e2adf61f,2025-11-07 05:28:43.222,2025-11-07 05:28:43.222,10004,R5wtjjS0Fd,com.sec.android.app.shealth,28e3f697-7d68-48cb-826b-521f858e6cb8,
44a464c6-aa15-4aa5-b6b6-0d5e2b00a9a2,6a9f0627-2627-4f86-b547-87adfeb56c5f,2025-11-06 19:55:47.408,2025-11-06 19:55:47.408,10004,R5wtjjS0Fd,com.sec.android.app.shealth,8281a608-e50a-40bf-aadf-3336b694b5ba,
207a72b2-f430-44c4-b17b-24bd1085b0aa,f3fe0ffc-a579-4658-96f0-72ab1619383e,2025-11-07 05:28:43.233,2025-11-07 05:28:43.233,10004,R5wtjjS0Fd,com.sec.android.app.shealth,c309e809-5be9-4a1a-93a0-21dcb7852ce7,
ae059afb-d27d-4c50-9428-84e5f61b7b2b,ad4f8198-18ea-4230-8061-dd3db71dc18e,2025-11-06 20:08:13.140,2025-11-06 20:08:13.140,10004,R5wtjjS0Fd,com.sec.android.app.shealth,768ff662-0435-403e-8d5c-1b692ec520aa,
8894c0c2-7203-41ef-98df-a52806bdcb9d,1345b18e-1071-4d2d-b73f-83a582b5a1a6,2025-11-06 21:53:05.464,2025-11-06 21:53:05.464,10004,R5wtjjS0Fd,com.sec.android.app.shealth,6af8d7ff-f91d-4a6c-a972-fb18e7db6103,
4a321a44-d6e5-43a8-9bea-f616b8d6f86d,87f1fd8f-b1ad-4083-ac85-417946679096,2025-11-07 05:28:43.250,2025-11-07 05:28:43.250,10004,R5wtjjS0Fd,com.sec.android.app.shealth,fa40bf12-4e23-4ef7-bfd8-7954df20c1e5,
a2391915-12f5-4311-91c1-80f7aa29560c,ff18dd1a-a8f5-4118-85d6-f0a0604412ff,2025-11-06 23:44:16.228,2025-11-06 23:44:16.228,10001,R5wtjjS0Fd,com.sec.android.app.shealth,fce484ab-1f4f-4bbc-b783-f941f207ebc9,
0935ff67-a55e-441e-92cf-ce0f0de9c2a7,ef4491a4-0dbf-42df-96b7-0d2796e0c92c,2025-11-07 05:28:43.227,2025-11-07 05:28:43.227,10004,R5wtjjS0Fd,com.sec.android.app.shealth,5ca3e5b3-68ae-45e8-bfb7-f146e00c85d7,
0b4987ac-d178-405d-8dc7-c9d0944735ed,a9fda945-1d0f-472f-b09c-36ffd69a204f,2025-11-07 10:29:43.938,2025-11-07 10:29:43.938,10004,R5wtjjS0Fd,com.sec.android.app.shealth,f10b5682-b63e-4d3a-aabc-82a1f12c6772,
813d9f71-7f7f-4520-901c-0e9cc7eb5e54,e0a27b02-d884-40bd-a9ec-65070b6f9b5f,2025-11-07 10:29:43.463,2025-11-07 10:29:43.463,10000,R5wtjjS0Fd,com.sec.android.app.shealth,c0ace194-2b33-4aa5-a733-e7b3da11089c,
105b9940-59cc-4599-8d93-d716ed2c0656,b3cd1d9e-6374-4e9d-98bc-1887ca357e03,2025-11-07 05:28:43.241,2025-11-07 05:28:43.241,10004,R5wtjjS0Fd,com.sec.android.app.shealth,5ea6af0e-9844-41ea-bae1-67732751a2d0,
a9f710bf-d8ae-42f4-a3c7-b11d878d52b6,d0f07091-0960-4b64-b443-bb6d900d385c,2025-11-07 10:29:43.921,2025-11-07 10:29:43.921,10004,R5wtjjS0Fd,com.sec.android.app.shealth,3e341fa3-0551-4860-a63c-38a6f0ac9a52,
826896d4-4296-4960-af36-a9df0474c71a,3a9807ce-ccb2-468f-9cbf-a80554d1ec68,2025-11-07 05:28:43.254,2025-11-07 05:28:43.254,10004,R5wtjjS0Fd,com.sec.android.app.shealth,31883ad5-d869-4742-aac2-345787e83bf2,
954a68cd-eae5-4611-9b46-485b5dbed0eb,e798c473-48dc-47b2-8740-35bc02a49e0e,2025-11-07 10:29:43.903,2025-11-07 10:29:43.903,10004,R5wtjjS0Fd,com.sec.android.app.shealth,22478d7f-59f4-4613-a642-7529c455ee42,
eb44b4dd-d3bb-4bf2-be02-68bb4c40fec9,b62fdaf8-93b6-4515-8a1b-e39875165e10,2025-11-07 10:29:43.895,2025-11-07 10:29:43.895,10004,R5wtjjS0Fd,com.sec.android.app.shealth,db5be03c-202b-4755-9647-f3f129d6deb3,
7cb1667c-6a1e-47d4-89d0-400434c82b6e,d116a781-ba0d-4ed4-b3dd-fefc1ff69be6,2025-11-07 12:17:45.255,2025-11-07 12:17:45.255,10004,R5wtjjS0Fd,com.sec.android.app.shealth,3adff65a-1b01-40c0-974b-ec0509ab37fc,
0ba0e4ba-5fd2-41f6-bc4a-a7e0707f8075,a88d1061-7f2b-4637-be2f-7b7f16c5fa27,2025-11-07 10:29:43.934,2025-11-07 10:29:43.934,10004,R5wtjjS0Fd,com.sec.android.app.shealth,ab2422e9-cc32-4dc7-86d1-55c795cc2e42,
f63a7524-8f43-4e12-b55c-d2c4cfee2f2c,e667de4e-3a8b-4caa-b4bc-8f3240b6fd17,2025-11-07 10:29:43.914,2025-11-07 10:29:43.914,10004,R5wtjjS0Fd,com.sec.android.app.shealth,ffd841ec-060b-4eb6-a95d-080e53cd8bd9,
75c06d83-5237-493d-96fd-78af6d7c8f2b,b7bdca1d-1afa-4d22-b80f-e320fcd3c116,2025-11-07 11:01:25.991,2025-11-07 11:01:25.991,10004,R5wtjjS0Fd,com.sec.android.app.shealth,f57972dd-b4f2-42d3-899f-c545bc6358bf,
bc77042b-5e69-4614-a2f2-06e68b0090af,a2b79e5d-8cfa-4afe-944e-8536928ba6be,2025-11-07 13:06:11.804,2025-11-07 13:06:11.804,10004,R5wtjjS0Fd,com.sec.android.app.shealth,e41476f7-5357-4272-90d0-c03c27cb5254,
72af2a2f-cb55-406e-8bf1-a410ebab5b40,1b4fb94e-b533-4e24-b6dc-43e35d18ccdc,2025-11-07 14:34:18.559,2025-11-07 14:34:18.559,10004,R5wtjjS0Fd,com.sec.android.app.shealth,fedd9ef5-0a7b-4b93-82b1-486f964aeba0,
b1fb442b-6f7b-469b-a1e6-8692a6ef9d7c,69e12ea9-a7e6-4545-a30b-c4219014d967,2025-11-07 14:34:17.026,2025-11-07 14:34:17.026,10001,R5wtjjS0Fd,com.sec.android.app.shealth,7fdbe313-906c-4e12-866a-bd599efccba5,
404ecf2c-2a02-4c9a-ab85-81328d56562b,4adec344-6fac-40c8-886f-2e8ee1df2610,2025-11-07 16:36:46.428,2025-11-07 16:36:46.428,10001,R5wtjjS0Fd,com.sec.android.app.shealth,9e2d75e8-930f-453e-966e-6d1b6ac94e71,
dac8405f-7c12-4c6c-aac4-fac49903594b,7c8e53d5-5e57-4a7e-8c32-fb5f8f792542,2025-11-07 16:36:46.631,2025-11-07 16:36:46.631,10001,R5wtjjS0Fd,com.sec.android.app.shealth,dae3ca69-2aca-4ffa-943c-7e7a72056270,
c7fa3ae5-d89d-4221-b3d1-c02932a72acc,a57975e7-6b11-4db1-8ffb-fd6444883d30,2025-11-07 16:36:48.732,2025-11-07 16:36:48.732,10004,R5wtjjS0Fd,com.sec.android.app.shealth,957f0d1b-e2f2-443e-bcc8-483aaa261db0,
d3e54828-06e3-454b-8603-1f192581f1b3,bd7f4729-5547-4239-8c67-3685309f5b67,2025-11-07 16:36:48.739,2025-11-07 16:36:48.739,10004,R5wtjjS0Fd,com.sec.android.app.shealth,c0bfd4f6-d13c-41ad-a30d-399b75b73ece,
da508966-3f48-4551-b456-941403013148,a1903595-59a7-4f8f-8064-64180e188c7d,2025-11-07 23:10:34.705,2025-11-07 23:10:34.705,10004,R5wtjjS0Fd,com.sec.android.app.shealth,a510ea0c-ee52-4adf-842f-7deb860352fc,
ff6c13fb-e1b4-4588-9801-f238fc348c38,d35f34a9-67f3-498b-bd8b-f6a9f7bb62f9,2025-11-08 01:13:51.055,2025-11-08 01:13:51.055,10004,R5wtjjS0Fd,com.sec.android.app.shealth,90c678d5-e0b6-410b-84db-a705d442aa2e,
c978f310-7fef-45f5-bd33-f7c3c4482013,44695d16-37c9-4492-aa2f-e51a6cd44aca,2025-11-07 17:17:04.465,2025-11-07 17:17:04.465,10001,R5wtjjS0Fd,com.sec.android.app.shealth,8a134035-0681-4e45-ae48-af61b0517657,
6e9e01fb-4fa1-4c72-9449-ce3cb4ee04c4,f998c261-5a12-4f47-bb08-63571372ceb0,2025-11-07 17:17:04.320,2025-11-07 17:17:04.320,10004,R5wtjjS0Fd,com.sec.android.app.shealth,a60d66b3-5a31-43b4-94f9-91945e06c99f,
3038b805-1268-47b5-8f17-2ecf851bb697,73c3ef61-7cc8-457b-ab66-1584bfa14126,2025-11-07 19:11:30.930,2025-11-07 19:11:30.930,10004,R5wtjjS0Fd,com.sec.android.app.shealth,934be2d2-5214-4477-a58d-f97c2f0b140c,
1fd9e232-11a7-4559-8088-06152cc1baee,144002d1-141c-4c70-9c43-b993616eb844,2025-11-08 09:34:04.516,2025-11-08 09:34:04.516,10002,R5wtjjS0Fd,com.sec.android.app.shealth,8657a8f0-1d78-4922-89cc-4ff1ac7b7894,
16665dbb-bef8-46ef-9163-b7ab57664ca4,7e291986-b1be-4439-bf8e-d69e141d1f3d,2025-11-07 20:05:30.926,2025-11-07 20:05:30.926,10004,R5wtjjS0Fd,com.sec.android.app.shealth,864bfe6c-eebe-4544-bc18-c5febf4f36a7,
cf55dfab-e39f-4172-bb97-dfd5cd643fe0,f62e9f77-3a60-411b-bb96-73b56842867e,2025-11-08 01:13:51.080,2025-11-08 01:13:51.080,10004,R5wtjjS0Fd,com.sec.android.app.shealth,97e0ee63-3e2e-4f26-8ae5-fea856c91694,
ffd3969e-34b8-4d22-b583-f3b5805454ac,dcc52846-9b69-45b8-8252-5680aa921e38,2025-11-08 09:34:04.520,2025-11-08 09:34:04.520,10004,R5wtjjS0Fd,com.sec.android.app.shealth,ee655b10-2cd5-4bbf-953d-63eb202ff07c,
66041ef1-fd3d-4c7e-9978-070982fd5c3b,5abfd610-1763-4f03-96b5-5621203ff9ba,2025-11-08 09:34:04.543,2025-11-08 09:34:04.543,10004,R5wtjjS0Fd,com.sec.android.app.shealth,eca887d7-1496-4f88-bdab-f66c3079f5fa,
e90e463f-49f5-4f1d-9739-59c8beb561b5,7c1ecee6-2c60-42c3-9fcf-742f6a2ff94b,2025-11-07 21:18:58.382,2025-11-07 21:18:58.382,10004,R5wtjjS0Fd,com.sec.android.app.shealth,52b95add-3c35-46cf-9b4e-ba83f09070c1,
8d5dd309-70c6-4122-a98d-007c8eca4d5f,bc34f500-fa7d-4a64-ae1d-e62111aa27dd,2025-11-08 09:34:04.542,2025-11-08 09:34:04.542,10004,R5wtjjS0Fd,com.sec.android.app.shealth,01cb88be-4162-4344-ad89-e9c7f5958263,
95935563-56b2-4a9f-8660-5d427dcf2f3b,9b356b58-2aa8-4a20-8e28-765bf93b9816,2025-11-07 23:10:34.697,2025-11-07 23:10:34.697,10004,R5wtjjS0Fd,com.sec.android.app.shealth,7522cbcf-1eba-464c-88f7-e421751119b7,
23d113c5-4076-4c5a-89a0-7cdff4bc6992,8ff5544b-8d49-4fd7-8982-d5bc98d448ec,2025-11-08 09:34:04.569,2025-11-08 09:34:04.569,10004,R5wtjjS0Fd,com.sec.android.app.shealth,de4c16a8-74ba-45c7-9cfa-d718be392c01,
d191175a-9551-4adb-b6b5-7eeb9c67b19f,9fa41933-422e-4501-af6c-511f6515179f,2025-11-08 09:34:04.534,2025-11-08 09:34:04.534,10004,R5wtjjS0Fd,com.sec.android.app.shealth,d46429f2-0d5d-4a69-83fb-d56c2fcbe779,
7e538e8b-6a95-470e-a873-c768be70c39b,476c9be9-81d9-4c0e-8bfe-1e17cdf8420d,2025-11-08 09:34:04.546,2025-11-08 09:34:04.546,10004,R5wtjjS0Fd,com.sec.android.app.shealth,fb350868-08ad-493b-a7fd-f6168590cf80,
180a4327-447d-441b-a999-83af30563a20,aa978fbd-5c32-45cd-9a5e-133a99027e68,2025-11-08 09:34:04.502,2025-11-08 09:34:04.502,10004,R5wtjjS0Fd,com.sec.android.app.shealth,087d7330-591b-441a-a47f-3f1c5712c420,
ce92a562-4580-4c33-93f1-bfd79964ac82,334045f0-4cbe-4fee-8fe1-6e5dd761e359,2025-11-08 11:23:16.296,2025-11-08 11:23:16.296,10004,R5wtjjS0Fd,com.sec.android.app.shealth,b7bdff01-e941-4bed-bf66-bef65f6b1d3c,
cc8fb9df-2451-4c00-a636-5c068c1d096e,b1dea445-0154-43b9-8ed7-18538b2f770d,2025-11-08 12:05:27.897,2025-11-08 12:05:27.897,10004,R5wtjjS0Fd,com.sec.android.app.shealth,243448f4-b7f1-495c-9ca5-a6342560daa9,
58ed73e4-c03f-4304-b744-8765b72290dc,a2efa497-eed9-4505-b696-e1f381bd0b83,2025-11-08 12:29:53.482,2025-11-08 12:29:53.482,10004,R5wtjjS0Fd,com.sec.android.app.shealth,e7f2b9f7-adb4-40cb-8754-19696af717a8,
6936e48b-2c6c-4149-a57a-77406ffc7d73,5f7b836a-c267-4bb2-a41e-91c80f560460,2025-11-08 09:34:09.499,2025-11-08 09:34:09.499,10007,R5wtjjS0Fd,com.sec.android.app.shealth,78729e8f-6f85-40ca-9a00-81a2781594c0,
f57dbb33-265b-460c-a2df-bf188d565e78,990e79c2-9246-43e9-9c5f-ce19efe2faee,2025-11-08 09:34:04.553,2025-11-08 09:34:04.553,10004,R5wtjjS0Fd,com.sec.android.app.shealth,bd10eb2a-21fb-4187-af52-769864408a01,
7dccc3c4-4026-4df7-85cc-c7374d6f5693,7ced0614-c511-45f0-9640-00de3100bd2f,2025-11-08 13:05:36.786,2025-11-08 13:05:36.786,10004,R5wtjjS0Fd,com.sec.android.app.shealth,58657171-c88e-4dc4-93bc-ecb07b7e2e65,
5a4a3277-2391-4d08-b7f1-07442f94730f,585aa7f0-6a11-4755-8a16-d4e591d935bd,2025-11-08 09:34:05.817,2025-11-08 09:34:05.817,10000,R5wtjjS0Fd,com.sec.android.app.shealth,b4173a2b-e765-44d5-9bee-4133b3fd8ee2,
b18197fd-c15b-454e-8e9a-658bc18b11e7,0db2da4a-48a6-40fa-b10e-d1bbd643e906,2025-11-08 11:23:16.302,2025-11-08 11:23:16.302,10004,R5wtjjS0Fd,com.sec.android.app.shealth,13a9381a-b60b-4f63-ab29-af1a47b73e1e,
8a5cfd79-28d7-4d4a-9352-b7c51cecf58f,735620d1-9768-4698-bd38-844ad317e149,2025-11-08 14:32:14.221,2025-11-08 14:32:14.221,10004,R5wtjjS0Fd,com.sec.android.app.shealth,30b490f9-de6e-4484-8068-21b68e0f5349,
d250ab70-c01e-4ffe-bbaf-68fe94aec2d9,078edf93-fc67-4939-b527-40d3bebf69de,2025-11-08 19:43:40.332,2025-11-08 19:43:40.332,10004,R5wtjjS0Fd,com.sec.android.app.shealth,4e2f1693-b3ad-41ff-885a-0f9600f53edd,
a6311962-51dc-43d5-8920-54a03612abe9,23223367-0adb-41ce-8178-ed806a53af3a,2025-11-08 20:04:17.981,2025-11-08 20:04:17.981,10004,R5wtjjS0Fd,com.sec.android.app.shealth,4661d9ec-46fd-4f07-bf01-4b357b5fb970,
36d66f56-db73-4c36-a63a-cd7d84e5ea14,70b3236f-49ff-4495-80bb-2669e6cf3465,2025-11-08 21:14:52.779,2025-11-08 21:14:52.779,10004,R5wtjjS0Fd,com.sec.android.app.shealth,bbb883ac-1ff9-4ffd-ba3e-c82e9929fc1a,
9499ed73-cc7c-4d62-8dd4-8a89c612dcd5,2b3e7223-4098-4e60-bd4f-e6802e96a544,2025-11-08 22:11:41.565,2025-11-08 22:11:41.565,10004,R5wtjjS0Fd,com.sec.android.app.shealth,30720ae8-3662-42c4-9b44-720bbe6fd008,
731fb488-7cf0-436f-8ee1-48795ba55a6e,ab154daa-136e-454d-b466-331f68751bc8,2025-11-08 15:30:06.928,2025-11-08 15:30:06.928,10004,R5wtjjS0Fd,com.sec.android.app.shealth,230a2af7-4737-4985-84f6-3edb8cfad8eb,
29296a29-df4c-4bc9-9dc1-32bbe1029ca0,1543af8a-a9ce-4fe9-8cb5-f0dad40f5f90,2025-11-09 03:13:06.142,2025-11-09 03:13:06.142,10004,R5wtjjS0Fd,com.sec.android.app.shealth,d2a1975e-0e49-48a0-8278-fd8ee4e2cce9,
4c8972a5-375e-4317-8486-b17fe5299687,432f7a76-a959-4f0c-9959-141e223cede7,2025-11-09 08:35:36.663,2025-11-09 08:35:36.663,10004,R5wtjjS0Fd,com.sec.android.app.shealth,6f37d16e-dd79-452b-afd3-beae69727591,
40eea3fc-8e03-4dbc-9723-dfd69a1cae89,e1f2f9df-7fac-4074-a8a6-57d62fea31df,2025-11-08 16:08:21.546,2025-11-08 16:08:21.546,10004,R5wtjjS0Fd,com.sec.android.app.shealth,fb9d4fb1-11de-4cea-9965-238e29be4f77,
e58c1539-e13c-492f-9b8f-f3b31a443a9b,5ff7eda3-367f-4d5e-99ee-492d509d1fa9,2025-11-08 17:19:43.223,2025-11-08 17:19:43.223,10004,R5wtjjS0Fd,com.sec.android.app.shealth,5714dc91-0f81-462b-937d-98241586685f,
c51d19cb-a7b7-49b5-92af-8d7bd50bce81,1673078b-996b-4f7f-a378-45b77daec8a4,2025-11-09 08:35:36.672,2025-11-09 08:35:36.672,10004,R5wtjjS0Fd,com.sec.android.app.shealth,5fdbfe49-e3e2-4da0-a026-da003794f3cc,
b138a1f9-9ea2-478a-bef0-7d33abaef83a,2a69fc16-b357-4e29-8ac5-e52b18efab92,2025-11-08 18:19:04.903,2025-11-08 18:19:04.903,10004,R5wtjjS0Fd,com.sec.android.app.shealth,f8546ac5-a6fe-48ef-9bca-dffcc67362d7,
94a93149-a7f1-4d65-9522-64b28d0724e2,26a53acf-583e-4267-a3c9-fe3ee8d5df40,2025-11-09 08:35:36.698,2025-11-09 08:35:36.698,10004,R5wtjjS0Fd,com.sec.android.app.shealth,8b5e0e36-2199-4fdd-b91d-0ffa5a6b4bba,
b17dbb51-df7b-42fa-99b0-de3e98192cb1,cf5d4ba7-f987-411a-a4dd-6b0e8df13bc5,2025-11-09 13:03:17.848,2025-11-09 13:03:17.848,10004,R5wtjjS0Fd,com.sec.android.app.shealth,5f6fe97f-c246-447a-919b-f29ba599c979,
61688356-fbb3-461f-9545-a2aa66a79f22,54c6d4a5-03c9-4e99-bf6c-190246b9be58,2025-11-09 00:19:57.290,2025-11-09 00:19:57.290,10004,R5wtjjS0Fd,com.sec.android.app.shealth,3ef3ecf3-fedb-4827-9259-53fe11399bb9,
6e5c070b-e06e-411b-bfff-23c3bc185910,e36f8278-f6ba-40cc-a7fb-30eca2fc1459,2025-11-09 08:35:36.451,2025-11-09 08:35:36.451,10007,R5wtjjS0Fd,com.sec.android.app.shealth,a62eb170-0956-406d-ad41-0ab756bf9927,
356af8c0-d9d4-4f04-a876-62853650ded1,e3e39c0a-4c53-4e45-a834-f70df3fed9ab,2025-11-09 08:35:36.821,2025-11-09 08:35:36.821,10004,R5wtjjS0Fd,com.sec.android.app.shealth,6ce72c15-30ec-435c-9272-4b8e9640fdd4,
917be1ab-7977-4a58-a1d5-bbc35f806e0b,b52aa36f-093b-4bfd-b84e-deb366acf1bb,2025-11-09 13:13:23.176,2025-11-09 13:13:23.176,10004,R5wtjjS0Fd,com.sec.android.app.shealth,8621f395-b494-4615-b813-e62d0830608d,
1e0783ca-b32b-4065-8fd5-029addfe7862,765e742d-6df6-4199-998a-7dd975231231,2025-11-08 23:14:47.889,2025-11-08 23:14:47.889,10004,R5wtjjS0Fd,com.sec.android.app.shealth,ab6e8007-ea1e-41e1-8513-947cc3675257,
2cb8c71f-0c5c-4abe-a609-8cb00296c577,ff866a4b-979b-4665-abad-feb5d1a8fe6c,2025-11-09 08:35:36.646,2025-11-09 08:35:36.646,10004,R5wtjjS0Fd,com.sec.android.app.shealth,3bb305de-d95c-4c30-aa3e-4dcda480607c,
758265a7-f8d0-4cd9-85b6-ed7717c1a93d,387f1572-e7e1-4b04-9f53-aa53b4ff673d,2025-11-09 08:35:40.787,2025-11-09 08:35:40.787,10002,R5wtjjS0Fd,com.sec.android.app.shealth,2ca48cf0-f254-4666-bd8a-99c54f5b8c10,
33cce7b8-a9b8-498a-a603-46f7f06509be,731c06a0-4aba-4e5e-9e66-ae3ba8d1bd53,2025-11-09 08:35:36.705,2025-11-09 08:35:36.705,10000,R5wtjjS0Fd,com.sec.android.app.shealth,20ed1fe9-d284-46b1-bdc4-11669e8c43eb,
81e400ab-6b04-45c3-ac13-d723394528f5,1c72a21d-1eb5-46d1-8a53-7f22e1fef3eb,2025-11-09 08:35:36.784,2025-11-09 08:35:36.784,10004,R5wtjjS0Fd,com.sec.android.app.shealth,1d9a7eeb-7683-46f5-a044-b062b5150575,
6ccad0d6-0ad1-43a0-9c31-a827901386b0,557b6a6a-d321-4b90-b53c-a3076a7eb251,2025-11-09 08:35:36.826,2025-11-09 08:35:36.826,10004,R5wtjjS0Fd,com.sec.android.app.shealth,a8417fe1-a36b-4a6d-b505-94a42cddbe2f,
4d48c673-4747-4809-8378-59001285a934,efbf9e55-e792-4287-b84f-173eb1b66de6,2025-11-09 08:35:36.734,2025-11-09 08:35:36.734,10004,R5wtjjS0Fd,com.sec.android.app.shealth,30386326-47f0-4aa6-8f3c-8068ac5e12e0,
369c2a07-af9f-4d43-89a9-7f428abe6226,60506870-a49b-466f-875e-8cba1c0400be,2025-11-09 15:37:06.727,2025-11-09 15:37:06.727,10004,R5wtjjS0Fd,com.sec.android.app.shealth,9624b727-b3c3-4017-8f9c-25cab5931b0c,
69adfd7e-f039-4cba-bbb1-75c79a5032b5,23968a9d-b446-4203-a546-b060dcaeeea2,2025-11-09 15:37:06.738,2025-11-09 15:37:06.738,10004,R5wtjjS0Fd,com.sec.android.app.shealth,5c459434-7eff-4a58-889a-ddc8d5c7233f,
83546d65-4899-4c5c-9be1-7990e60420b3,382a006e-283c-4600-95c1-133d232ac99d,2025-11-09 16:48:24.516,2025-11-09 16:48:24.516,10004,R5wtjjS0Fd,com.sec.android.app.shealth,3fa082d8-990e-4706-8ec2-46937f43fa92,
b559081f-982f-4753-a0e5-a41ff13a3a15,6dc1a568-5a3b-44b2-b27e-960acee2e18f,2025-11-09 18:22:56.473,2025-11-09 18:22:56.473,10004,R5wtjjS0Fd,com.sec.android.app.shealth,aa27f34b-8ca0-42e4-9e78-87394d9c4f5c,
60795c86-8592-4b72-92f0-7a8efea4a9b6,b109499c-215a-44e7-86c9-caf6c5b50fb3,2025-11-09 18:22:56.480,2025-11-09 18:22:56.480,10004,R5wtjjS0Fd,com.sec.android.app.shealth,1895bad6-ae3c-46de-9918-fff182efe640,
571fbcd8-dd18-4a00-8d05-a4c7b17cfd65,3c943bab-1090-406e-80db-cecea781e436,2025-11-09 20:26:50.031,2025-11-09 20:26:50.031,10004,R5wtjjS0Fd,com.sec.android.app.shealth,dce53053-efcf-43d1-ac12-7778e7c2c07f,
7ef3f79f-c7b0-4f4a-beb3-4b88632afe32,baf4aca8-711d-448d-b499-ebee9dec97f4,2025-11-10 06:40:09.061,2025-11-10 06:40:09.061,10004,R5wtjjS0Fd,com.sec.android.app.shealth,7326d645-b9fc-4ca9-9709-99465d40c085,
8260966d-8aed-4bce-abc4-15dba81a8ad3,40f605be-244b-4369-b58d-0d6598bb80e6,2025-11-09 20:26:50.049,2025-11-09 20:26:50.049,10004,R5wtjjS0Fd,com.sec.android.app.shealth,0873c1d6-a1a2-43f8-992c-ee4a3a7467b2,
e8f3bccf-ceb7-4f25-bf9a-23e5698e0e7b,d4ed997e-bf22-4e19-b41f-a599f4d376ec,2025-11-09 21:24:13.575,2025-11-09 21:24:13.575,10004,R5wtjjS0Fd,com.sec.android.app.shealth,9a080a61-d676-48ae-b666-da5939ba1aea,
e6a56782-d4ea-41e2-9941-20dab6a7afa2,ea2ab72d-cc36-409b-a9c5-13005ca60cb7,2025-11-10 06:40:09.054,2025-11-10 06:40:09.054,10004,R5wtjjS0Fd,com.sec.android.app.shealth,4c8e6268-b2ba-434e-87a7-4ef999773d96,
c6535fc0-831e-4155-8ecf-4f4530f129f6,8e2baa86-8862-4e46-ab9a-e87be6e8fa71,2025-11-10 10:31:53.679,2025-11-10 10:31:53.679,10000,R5wtjjS0Fd,com.sec.android.app.shealth,f1e5a6f3-3ac0-4044-a3fd-dfbd23e04923,
3ef79478-1b5c-46ea-a076-9ce038202662,0d4554bf-7089-469c-8565-4bfec497d2b0,2025-11-10 06:40:09.072,2025-11-10 06:40:09.072,10004,R5wtjjS0Fd,com.sec.android.app.shealth,d00ba594-0229-4f75-af9f-b9df285e3160,
97968ce2-4acd-433e-ab87-0b84c308fbbd,e3fdfe34-c32a-4aa9-916f-6845d9091085,2025-11-10 10:31:55.001,2025-11-10 10:31:55.001,10004,R5wtjjS0Fd,com.sec.android.app.shealth,84a7cec4-fd0f-4a5a-8640-223b094139a4,
efff18ad-e865-4cc6-90f7-0bb232f57bfe,9ebee5dc-b921-462e-a42d-2d3f18f327c8,2025-11-10 10:31:54.029,2025-11-10 10:31:54.029,10007,R5wtjjS0Fd,com.sec.android.app.shealth,78be6e2a-f3a0-4405-a6a0-1999313400c5,
b5e4bb4e-0c52-40e9-be5c-f54f64d7d000,0f5d7810-a861-4861-a676-605e8658e9db,2025-11-10 06:40:09.082,2025-11-10 06:40:09.082,10004,R5wtjjS0Fd,com.sec.android.app.shealth,2b3aed9e-c277-402d-8e14-43335974f17d,
008eee8f-5867-4d7c-886a-9907a0bb1b8f,739a03ad-1dc2-411f-ae3a-e2e73eeb2744,2025-11-10 10:31:54.974,2025-11-10 10:31:54.974,10004,R5wtjjS0Fd,com.sec.android.app.shealth,8b5e1c6a-8fc2-43e7-9990-9a2b42a41ddd,
4dfff4de-9dc0-48a2-a7f9-0dd43e3a087e,6227408f-6718-4241-bf9a-d6f766da8d23,2025-11-10 11:35:53.592,2025-11-10 11:35:53.592,10004,R5wtjjS0Fd,com.sec.android.app.shealth,2bb0e06b-d524-4a09-bca4-009a95cef6cf,
2876a27c-6455-453d-b48b-cb9fd1fb2843,fb06555c-9fa3-403d-8c4a-9909ab42c2bb,2025-11-09 23:15:19.755,2025-11-09 23:15:19.755,10004,R5wtjjS0Fd,com.sec.android.app.shealth,6b6879ab-ace0-46fa-b9c0-af528b9e2488,
8fbb4573-d4ca-4550-90be-a3dfa8b57a64,ec3db076-a2f8-40ea-8892-536677201540,2025-11-09 22:07:18.953,2025-11-09 22:07:18.953,10004,R5wtjjS0Fd,com.sec.android.app.shealth,b55befeb-52f1-468c-83f3-db71453cb8ba,
15addfa3-935f-4fa4-bec1-dfa3d14ec1e1,d5af70d2-7d64-4e12-8854-d123c60d2263,2025-11-10 13:37:34.583,2025-11-10 13:37:34.583,10004,R5wtjjS0Fd,com.sec.android.app.shealth,b5c32939-13d2-4e75-ada4-7dbc8d8a42ce,
7ed01966-bea0-4315-82da-624094ea04de,63975d64-344d-4765-af2b-dfb036e89578,2025-11-10 12:33:53.233,2025-11-10 12:33:53.233,10004,R5wtjjS0Fd,com.sec.android.app.shealth,069433e3-e83e-451f-a690-c007981f118b,
f455c0ff-4455-40e3-a1c7-e8c609b7942c,c98e11c8-f9f0-4859-aebd-0294392b1d39,2025-11-10 10:31:54.907,2025-11-10 10:31:54.907,10004,R5wtjjS0Fd,com.sec.android.app.shealth,dd713091-380f-480b-bcef-2b8673d91614,
f976046d-4da9-48d4-97f8-0fabb05db569,11578b3f-4246-44ab-adbe-d7a7abef5459,2025-11-10 06:40:09.065,2025-11-10 06:40:09.065,10004,R5wtjjS0Fd,com.sec.android.app.shealth,ce943dde-7b9b-4455-9789-ad9569990e17,
abde5991-caf0-4307-a8ce-96e2f0e86e60,9274202c-7384-4cf3-89e8-5a4e5f319c71,2025-11-10 10:31:54.923,2025-11-10 10:31:54.923,10004,R5wtjjS0Fd,com.sec.android.app.shealth,e2deb504-0f35-44c1-ab75-930da0afb159,
2b2242c0-47d5-4fa8-a4ca-54865efb6a4d,6d169fa9-5adc-4279-b2d8-d7042829d543,2025-11-10 15:07:54.204,2025-11-10 15:07:54.204,10004,R5wtjjS0Fd,com.sec.android.app.shealth,8c97e4a6-5cf7-42ce-9072-6a6d8dca0efa,
c324a212-3f70-405b-91ff-47283f3db2b8,b28e8772-6956-4403-8feb-6cb1d6ac5021,2025-11-10 06:40:09.076,2025-11-10 06:40:09.076,10004,R5wtjjS0Fd,com.sec.android.app.shealth,088d48f1-2369-4dc5-be3c-69b71dc05620,
062ce343-146b-4924-82cb-6ff1fd4d269c,a3da81e3-a623-47e8-89d4-11b637b45b5e,2025-11-10 10:31:56.671,2025-11-10 10:31:56.671,10002,R5wtjjS0Fd,com.sec.android.app.shealth,27d3ad12-ac52-48ed-bf48-dcf75ca0ed7c,
9df65cd3-3be5-4cea-9a85-d1398858bf70,80d58416-8039-444c-b704-26fc0c4e1380,2025-11-10 15:07:54.222,2025-11-10 15:07:54.222,10004,R5wtjjS0Fd,com.sec.android.app.shealth,60e5418e-916b-473a-83a9-654180e94207,
d7551491-0c83-4f92-895c-7e08be890e9d,b531e864-800d-4038-b3f7-fbd150119a84,2025-11-10 12:33:53.226,2025-11-10 12:33:53.226,10004,R5wtjjS0Fd,com.sec.android.app.shealth,bd7aad9f-bacc-47dd-8e76-64ec60820545,
69a4f42c-e87b-4e8b-a564-c0dfa5d88630,cad0a349-1e9b-450a-be75-a10672c2bbc7,2025-11-10 13:55:04.339,2025-11-10 13:55:04.339,10001,R5wtjjS0Fd,com.sec.android.app.shealth,d86fcb61-1f0d-4d7f-81b8-90b8655c8b61,
180057f2-d509-4a1c-8698-8125035d177c,b5e30a71-9eb5-4d58-aed4-6de32ae97c8a,2025-11-10 15:30:31.047,2025-11-10 15:30:31.047,10001,R5wtjjS0Fd,com.sec.android.app.shealth,ad283a24-a2c5-4e44-a886-d51569c01327,
ca8de3aa-1ea4-4d5a-bdf6-247a4349a993,1b0be6ee-0762-4111-8e59-38bd188cfaa7,2025-11-10 16:22:58.396,2025-11-10 16:22:58.396,10004,R5wtjjS0Fd,com.sec.android.app.shealth,882aa961-c6e5-4a90-a39d-9054d9479e2a,
5f4d3f41-4608-4418-81b0-99723151feef,8049cf0e-731b-4d9e-8a40-c98cc4fee427,2025-11-10 17:08:04.739,2025-11-10 17:08:04.739,10004,R5wtjjS0Fd,com.sec.android.app.shealth,0ebfc648-f155-4726-bfee-e932261081a1,
132faf48-07c8-4976-9bc8-590b6adffa62,eddacee0-fa5b-4920-a4f9-d85c254a7715,2025-11-10 18:23:41.333,2025-11-10 18:23:41.333,10004,R5wtjjS0Fd,com.sec.android.app.shealth,c03eb159-4be6-46c5-94a9-9df24b57844e,
34a14063-e8c9-429f-b4a2-12656a8850bb,2869ea7c-b580-4a8c-82d4-1dd54cc3b429,2025-11-10 21:19:28.062,2025-11-10 21:19:28.062,10004,R5wtjjS0Fd,com.sec.android.app.shealth,435eb824-359e-4695-be66-c7cc5206bffc,
6ee3c2fa-0b62-4491-9cf5-2b9514fb1a8e,a5d71365-3d70-48e4-a822-cf900e6121ec,2025-11-10 22:20:17.906,2025-11-10 22:20:17.906,10004,R5wtjjS0Fd,com.sec.android.app.shealth,abdb7c1c-4ff0-46a2-a6d1-05fb3abebe27,
62b5424e-a5b4-4c2e-b0c0-ec118a031306,da0adc8c-df03-4ea8-9377-f6fa63fa4fe2,2025-11-10 23:15:20.400,2025-11-10 23:15:20.400,10004,R5wtjjS0Fd,com.sec.android.app.shealth,28a514b0-4aa7-4d9e-91e5-d2b780436d7e,
dc2fec87-1696-45f0-b584-03fa20f286eb,f853d54f-b4ee-4ca5-a537-795aede18a73,2025-11-11 09:35:17.240,2025-11-11 09:35:17.240,10000,R5wtjjS0Fd,com.sec.android.app.shealth,f1582445-125c-4b3a-b1af-f400e1595d2e,
b43b5b4f-2fe4-43ec-bcf0-76558c8e8759,d6375d04-aa98-45e2-977a-15cad551f1f6,2025-11-11 09:35:17.285,2025-11-11 09:35:17.285,10004,R5wtjjS0Fd,com.sec.android.app.shealth,c046f95a-134c-4177-acf5-9636a7b06054,
b6291443-254d-4fd6-914a-7a9bf9d8c583,f85ae438-7d99-4ede-a866-3e42113516a0,2025-11-11 09:35:17.289,2025-11-11 09:35:17.289,10004,R5wtjjS0Fd,com.sec.android.app.shealth,33d31b21-8c1e-4864-813b-97fc6deb8472,
e5c73dc4-ac97-44a3-9d53-a9ff1252d70a,65399f8c-9ea6-45aa-afc8-4ed8fb158906,2025-11-11 12:06:25.020,2025-11-11 12:06:25.020,10004,R5wtjjS0Fd,com.sec.android.app.shealth,743a0083-5584-4b11-a79c-ffd8ad067242,
75adc607-8e5d-465d-b100-0a09e2440552,d9652380-36f2-4c37-9369-a8682bc03a5b,2025-11-11 10:27:45.061,2025-11-11 10:27:45.061,10004,R5wtjjS0Fd,com.sec.android.app.shealth,921b6c4e-5e47-4db3-b437-6d0363e65db3,
8b11a5ce-99a6-47e4-ae83-59420719bf28,f865a543-20b0-4cfe-bd20-b4b4fcaf1420,2025-11-10 19:03:18.200,2025-11-10 19:03:18.200,10004,R5wtjjS0Fd,com.sec.android.app.shealth,5c825d7f-a525-4c4c-9ee8-e40e1a36af32,
de124725-37d8-4f21-acc8-f7da9d84b2f4,44e71034-7ad9-417f-bfd9-d401a1904191,2025-11-11 15:14:46.881,2025-11-11 15:14:46.881,10004,R5wtjjS0Fd,com.sec.android.app.shealth,0ce70821-0b79-4c09-962c-d343f4eaeb8d,
39b15030-d151-49e2-8f4d-b355c221e163,36bc0e0e-01d3-4879-b7ea-489afa645405,2025-11-10 20:04:00.483,2025-11-10 20:04:00.483,10004,R5wtjjS0Fd,com.sec.android.app.shealth,1de93ac1-2825-4420-819f-5d193a9236db,
98a3eb8b-99b9-4712-b9ad-f5298307abcc,74c43576-0127-45e5-9f6f-484cc15492f5,2025-11-11 13:50:52.203,2025-11-11 13:50:52.203,10004,R5wtjjS0Fd,com.sec.android.app.shealth,6b1c7d3d-a0ef-49cf-8194-e4e9627f1a0f,
c1b9996a-9080-48fd-94c4-2516b164fcab,edeab469-6ee1-4a13-a89b-b49979e2ab9b,2025-11-11 11:31:08.021,2025-11-11 11:31:08.021,10004,R5wtjjS0Fd,com.sec.android.app.shealth,53bd8795-3841-42da-9b0b-b0ec0a540080,
9c7e82fc-930f-401b-bafd-184b0186c5ae,5848c76c-8bff-4308-a023-7746c2dcf0a5,2025-11-11 15:14:46.869,2025-11-11 15:14:46.869,10004,R5wtjjS0Fd,com.sec.android.app.shealth,48f7fa7b-1715-473a-9564-eef01fd61f1f,
f68eab01-3b84-43f1-aaf6-97b3ce7c8e15,42dbd443-64be-4cce-978d-d0a19e3d72dc,2025-11-11 22:08:06.247,2025-11-11 22:08:06.247,10004,R5wtjjS0Fd,com.sec.android.app.shealth,c052e208-fdcc-463b-ba6e-e8bed3cf4092,
f9063de6-0ec4-406c-b34a-3147069bab01,790d300f-5ce8-4256-a399-74121112416a,2025-11-11 23:16:36.234,2025-11-11 23:16:36.234,10004,R5wtjjS0Fd,com.sec.android.app.shealth,d4dcfd8f-05bb-4c31-8330-b88f2dd92996,
78668fcd-1adb-4880-a306-b37f170b35c9,e0194536-5e1d-413d-a763-f2cfed6c679b,2025-11-11 16:19:42.085,2025-11-11 16:19:42.085,10004,R5wtjjS0Fd,com.sec.android.app.shealth,fae18ec3-1446-43d4-b11c-e686b03d3c39,
dfb6db1d-1a78-4acf-bdc6-e4d610fedd41,ed937e20-9aba-4792-b29d-c8ddebcb793b,2025-11-11 17:13:35.981,2025-11-11 17:13:35.981,10004,R5wtjjS0Fd,com.sec.android.app.shealth,38e0fedc-9cb2-444a-bca9-8568176f641f,
e164a4de-f3c8-45b1-8259-48007dd90975,fa27d236-7702-45e1-867d-5e9624008af7,2025-11-12 07:58:59.257,2025-11-12 07:58:59.257,10004,R5wtjjS0Fd,com.sec.android.app.shealth,cb0d9d52-bbe9-463f-9802-73a66b2b6c0b,
7cb94bfb-3550-4e3f-a9a1-f6d8e0dc91fb,9000b85a-5a6b-4896-bfa5-3d7fb450b52e,2025-11-11 18:04:57.590,2025-11-11 18:04:57.590,10004,R5wtjjS0Fd,com.sec.android.app.shealth,4676c17c-3313-4807-9b0a-0d019f466cb3,
44bdc86f-27e9-4045-a0f9-46ccda4b7575,4720f5b6-5777-424e-bf7f-43f33d5966f1,2025-11-11 19:32:42.728,2025-11-11 19:32:42.728,10004,R5wtjjS0Fd,com.sec.android.app.shealth,6bbfac23-fdef-456a-bda6-f9b6a80255ff,
5cdf5103-aec1-47a6-93ec-f06226af82cf,d8b33c4a-02ec-4304-ad89-9fe078763226,2025-11-12 07:58:57.238,2025-11-12 07:58:57.238,10002,R5wtjjS0Fd,com.sec.android.app.shealth,320189f8-7dfc-4a4f-a04e-0d569f76128f,
31bebec0-bfe3-4799-9871-74ea15605de1,4256886e-258d-475f-9c65-d8645e81ca1b,2025-11-11 20:07:27.474,2025-11-11 20:07:27.474,10004,R5wtjjS0Fd,com.sec.android.app.shealth,3c07bdf8-fbc2-4820-93b3-4f8f1119e118,
c2e1726b-17a1-40b4-988a-c1a11700f147,ade2acd6-4857-4edb-a86f-02bef01d9532,2025-11-12 07:58:59.088,2025-11-12 07:58:59.088,10004,R5wtjjS0Fd,com.sec.android.app.shealth,84f475f2-b246-4a92-be53-add9dcd91f61,
b9af0c7d-9b9c-4e02-8151-01ca504f4ab0,57c8a8ff-4dc7-439f-9acb-29cfcaa13ae5,2025-11-12 07:58:59.118,2025-11-12 07:58:59.118,10004,R5wtjjS0Fd,com.sec.android.app.shealth,5450ee44-7747-486b-a4d7-2584360829ea,
5b938488-cc99-4b1c-8a73-c3c72a956aef,a9dafb61-8d28-40fd-9bd5-da6cd1aa9a32,2025-11-11 21:05:27.216,2025-11-11 21:05:27.216,10004,R5wtjjS0Fd,com.sec.android.app.shealth,9ba2b78a-9812-49c5-9141-cbaaf2963255,
37c368a0-45ab-401f-a027-5573f8130fb0,a2a81b7a-031e-47c2-845d-564ebecf74b2,2025-11-12 07:58:59.201,2025-11-12 07:58:59.201,10004,R5wtjjS0Fd,com.sec.android.app.shealth,f3e584a0-659e-4f8b-97d7-3a68a6849ecb,
4a4311b0-3694-40ca-8c42-be82e813ae45,e40c7f65-bc53-4da6-8413-361d851a05f2,2025-11-12 07:58:59.323,2025-11-12 07:58:59.323,10004,R5wtjjS0Fd,com.sec.android.app.shealth,23b3263c-5653-448d-85a5-da06473b3df5,
a676bdda-f2b7-4483-b18d-57bee9f2aecb,f309adc4-1f78-4d21-98f8-b6acb0103b2b,2025-11-12 07:58:59.145,2025-11-12 07:58:59.145,10004,R5wtjjS0Fd,com.sec.android.app.shealth,286090a1-8106-4fd7-a0ce-30f39e5b0200,
aed96389-5417-42a8-9789-8f49afd47d9c,54410e22-2a25-43c1-a1be-c4da0814de2a,2025-11-12 10:11:29.582,2025-11-12 10:11:29.582,10002,R5wtjjS0Fd,com.sec.android.app.shealth,c1a54fee-8669-40b0-a2a2-a231dd0c3c3e,
53d63857-f52b-44a6-9cbb-244971216a52,32559975-f268-4c41-80c4-e53b07b14676,2025-11-12 10:11:28.316,2025-11-12 10:11:28.316,10004,R5wtjjS0Fd,com.sec.android.app.shealth,b2f1acb9-7c21-4725-89d5-2d6eb030c743,
1c0b5eab-8db9-4b7d-9235-d04ced48bf97,134b67d6-a08b-4895-a081-ebcbe43dbd74,2025-11-12 07:58:54.899,2025-11-12 07:58:54.899,10007,R5wtjjS0Fd,com.sec.android.app.shealth,e2fecc6d-4407-40b5-b809-dcaec22cafdb,
0060c65d-40a4-408b-81c9-61eba9eaf3a7,a78cc37f-7c0b-445a-8a2a-71584d69c492,2025-11-12 07:58:59.306,2025-11-12 07:58:59.306,10004,R5wtjjS0Fd,com.sec.android.app.shealth,8e46b08f-75a7-486d-bcb4-dacaed6c72d7,
d98b7cb3-c3ef-4528-960a-1082d3de5392,061f5f4e-e785-432a-a8bc-f92b6f7ed3af,2025-11-12 07:58:59.331,2025-11-12 07:58:59.331,10004,R5wtjjS0Fd,com.sec.android.app.shealth,bfa8aa0f-624a-4017-a472-4b1534eb5951,
70bf3814-cf85-48e6-835f-2143043be13e,6364e6aa-e237-4580-9bc4-a8fe8be7c323,2025-11-12 07:58:59.102,2025-11-12 07:58:59.102,10004,R5wtjjS0Fd,com.sec.android.app.shealth,021d6f55-c8ec-4a16-940d-ce9042860700,
45ede6ad-df4d-499a-9890-be3d53fbffce,06b48897-4210-4316-aa6b-88496dc8f5f0,2025-11-12 11:34:17.832,2025-11-12 11:34:17.832,10004,R5wtjjS0Fd,com.sec.android.app.shealth,a885ff2b-2718-4da4-ac8d-fddf82875e97,
6b369eba-b959-44b2-bddb-67a42dc72783,cd7db4f4-3a64-48a6-b014-f79ba3bb47df,2025-11-12 10:11:28.301,2025-11-12 10:11:28.301,10004,R5wtjjS0Fd,com.sec.android.app.shealth,9b1a7a3c-0e70-40bc-a02b-a9bb48267fcf,
3844e976-3815-42fc-bbe5-94d89d88bd99,660a0e95-1333-48d1-872b-62535c590333,2025-11-12 10:11:28.257,2025-11-12 10:11:28.257,10000,R5wtjjS0Fd,com.sec.android.app.shealth,074978c5-bfd2-4a4d-bec9-d4866dd8ca11,
07e1acbc-5409-40c9-960d-a99d77bde6ed,6770b015-0b38-48e2-af17-8508d74182a3,2025-11-12 12:16:02.134,2025-11-12 12:16:02.134,10004,R5wtjjS0Fd,com.sec.android.app.shealth,a588ca91-5e48-4bfd-975a-09adaa460264,
31fde034-2673-4cf8-9309-8277aeabde0f,e1d785d8-7c80-4dfb-a5d0-ecb47e57fd75,2025-11-12 10:46:17.479,2025-11-12 10:46:17.479,10004,R5wtjjS0Fd,com.sec.android.app.shealth,63df9b61-0144-45db-b631-8ce54b72c3ae,
6739eea8-af88-4d75-811a-29e818c47ddd,a3e1ca67-9a76-47c5-b818-990d7e67922f,2025-11-12 10:11:28.005,2025-11-12 10:11:28.005,10007,R5wtjjS0Fd,com.sec.android.app.shealth,201a2ee9-142e-4b9f-b212-40c848c7a065,
85047563-04f9-49fc-ad32-5d704ba00135,4f220193-5ef4-4180-9af6-254373d6c19c,2025-11-12 13:05:16.138,2025-11-12 13:05:16.138,10004,R5wtjjS0Fd,com.sec.android.app.shealth,772e0e89-da74-4a10-b422-99a7b3aa0ee3,
35660f76-e826-4fdc-9ea1-7b69e870de4c,e7dc2179-d432-41fa-a01a-19c6137dafcd,2025-11-12 12:16:02.140,2025-11-12 12:16:02.140,10004,R5wtjjS0Fd,com.sec.android.app.shealth,a2a55550-9cbf-4425-9fd5-f332c4f730c8,
26daa0fe-5c06-4b56-b710-fbeed05e1149,7a9fa865-ddd4-4dad-8a04-fb9c79a1b377,2025-11-12 15:46:10.510,2025-11-12 15:46:10.510,10004,R5wtjjS0Fd,com.sec.android.app.shealth,b7082251-6ed1-480e-8f86-ae3cb558145e,
74c41e7d-652e-4d33-9495-56e1a64abd6a,6b5d100c-fa74-446f-8b77-9ceb792d5be2,2025-11-12 15:46:10.517,2025-11-12 15:46:10.517,10004,R5wtjjS0Fd,com.sec.android.app.shealth,423c2732-ff33-4ab0-b061-2ea12eb20cf7,
f711fa68-2577-470e-92ca-431ed28eaf4b,35dd975b-6ddc-49c9-b2af-f1141d0a5c70,2025-11-12 15:46:21.560,2025-11-12 15:46:21.560,10001,R5wtjjS0Fd,com.sec.android.app.shealth,d11b1794-8f1b-4548-a9a1-c4946e787744,
0e4f3b41-bc80-4abd-806a-cc11b7243acc,cfff3749-69b7-4874-be28-9de4c2d1bff9,2025-11-12 16:28:42.542,2025-11-12 16:28:42.542,10004,R5wtjjS0Fd,com.sec.android.app.shealth,ac996599-c320-4396-9734-89fc22abfb97,
0ca227ac-9e72-4e55-b5dc-d4ed9384709c,2a98eeba-9ef0-45f4-8114-d0fe5363e62c,2025-11-12 17:08:20.815,2025-11-12 17:08:20.815,10004,R5wtjjS0Fd,com.sec.android.app.shealth,6fb1358f-2bff-44d7-8e92-1d1ff0a01049,
31ec671a-8097-439e-bcc4-9bab98fe47da,84acbd7f-4284-4a5f-b94e-8ae12ffcc537,2025-11-12 19:15:09.956,2025-11-12 19:15:09.956,10004,R5wtjjS0Fd,com.sec.android.app.shealth,2908014b-b070-4109-ad06-e3b98616af62,
c3beb48f-6040-4855-a47e-0429d647524c,ac0a64bc-004d-4fbf-80d1-4c001ee9eded,2025-11-13 00:17:53.565,2025-11-13 00:17:53.565,10004,R5wtjjS0Fd,com.sec.android.app.shealth,2881e196-744e-4900-a011-8cb348301f15,
79d14b00-8d01-46aa-a843-bcf0b84b1007,f45dc255-50d1-44fd-8d86-b0850f1863d7,2025-11-12 19:15:09.973,2025-11-12 19:15:09.973,10004,R5wtjjS0Fd,com.sec.android.app.shealth,ec4412e1-5055-4110-a0ff-578f7c2b3b5f,
192838f6-1f56-43e4-a4bd-f19e1c915e87,5b14c513-2b76-469e-9351-757e74ec3101,2025-11-12 20:59:04.717,2025-11-12 20:59:04.717,10004,R5wtjjS0Fd,com.sec.android.app.shealth,d044c8f7-ebae-4b08-b02e-c9e5e34775cf,
e635c6c9-3f90-4086-bf53-e6465b709c0b,84af566e-d931-424f-80ea-fddd6cf58110,2025-11-13 03:16:49.952,2025-11-13 03:16:49.952,10004,R5wtjjS0Fd,com.sec.android.app.shealth,92797b81-6d31-4c8c-8741-b790cef54d06,
34cf81e7-0a17-44e6-a974-0e1d2d48335a,43192bbb-803d-452d-a650-6f205307ad7e,2025-11-13 07:57:24.532,2025-11-13 07:57:24.532,10000,R5wtjjS0Fd,com.sec.android.app.shealth,e35a3cf8-bc14-4244-9fbc-febb02ac3436,
b3bf42b6-86b5-4f46-9622-f14b26342eea,87fa7854-845a-4267-8f2d-356b13e5cb31,2025-11-12 21:13:28.064,2025-11-12 21:13:28.064,10004,R5wtjjS0Fd,com.sec.android.app.shealth,e3ede9a0-14f0-4a69-9dc1-06bdda7ffa07,
a1048676-ea68-4d4a-87b7-727e6e69e515,60ab7278-e60b-4f74-b446-8572eb1b029b,2025-11-13 07:57:24.569,2025-11-13 07:57:24.569,10004,R5wtjjS0Fd,com.sec.android.app.shealth,6522c195-e253-4af2-87dd-3db7d20d1f63,
f6ab3189-14d9-47d4-8dab-b86eef0cd8d6,aba91520-82ee-4ae3-8f5c-c4d73ee6b1cf,2025-11-12 22:08:11.633,2025-11-12 22:08:11.633,10004,R5wtjjS0Fd,com.sec.android.app.shealth,176c1047-c70d-4acb-beb5-615d5da07ff9,
d4f6b5dd-9a76-4c31-a6e7-1af93ed943f6,1abe7252-f238-4ec3-bc58-53b990991cee,2025-11-13 10:16:05.401,2025-11-13 10:16:05.401,10004,R5wtjjS0Fd,com.sec.android.app.shealth,1c25bc25-35dc-4cb9-9c63-77aab3f9fdb3,
ddf09b02-1578-4c05-96c5-2e4d6c17ced4,6945a753-9193-4d63-8994-47af88b36ad5,2025-11-13 01:11:09.183,2025-11-13 01:11:09.183,10004,R5wtjjS0Fd,com.sec.android.app.shealth,8fcf91aa-d8c4-4d70-8405-3d11bb5c1d30,
e9d3ac60-3d66-42e0-b63f-358401605fd9,51f3e787-5efe-4e6c-8cad-b6eb7f3aca33,2025-11-13 08:34:43.175,2025-11-13 08:34:43.175,10002,R5wtjjS0Fd,com.sec.android.app.shealth,21010e15-b500-40c4-9685-728d9596dcea,
0ef668ca-404c-47a4-be38-c3924f3d3b92,e0be7523-38a6-4857-b867-47596d922912,2025-11-13 03:16:49.959,2025-11-13 03:16:49.959,10004,R5wtjjS0Fd,com.sec.android.app.shealth,cc151c90-d8a9-4dcb-8d2e-05f41751f144,
1330fdcd-8b08-48d5-99fe-095a806dd43f,950028d8-d6f8-48f1-afdf-47286365c857,2025-11-13 00:17:53.583,2025-11-13 00:17:53.583,10004,R5wtjjS0Fd,com.sec.android.app.shealth,77470492-e3ce-4520-a006-8fd1ad71c8d9,
d8af474e-fd05-4a3c-8c7f-d749bb8489b8,9c8a951f-71be-4420-b4d6-dc5d127e961b,2025-11-13 07:57:24.602,2025-11-13 07:57:24.602,10004,R5wtjjS0Fd,com.sec.android.app.shealth,e164610a-5ef6-47b0-a930-501b97a915f8,
7b71a60e-c350-4f2b-855c-1b617953a82b,979a65ee-ec1c-4f4d-8607-d5a0c2dee1d6,2025-11-13 08:34:58.688,2025-11-13 08:34:58.688,10004,R5wtjjS0Fd,com.sec.android.app.shealth,c747abf8-cccd-4903-993c-accffc79f542,
63f6c86b-8dfc-48a3-980f-b619e89527a1,5f5baebe-8cd8-4e8d-aef0-de5d05bb182e,2025-11-13 07:57:24.572,2025-11-13 07:57:24.572,10004,R5wtjjS0Fd,com.sec.android.app.shealth,ca086ded-65d7-4076-b263-7eb20cea8b68,
763dacf1-9d95-47c2-925c-25446276b09d,531514f1-3044-4579-a644-97eb2d9583bf,2025-11-13 11:43:12.499,2025-11-13 11:43:12.499,10004,R5wtjjS0Fd,com.sec.android.app.shealth,e2ea412c-34d1-46c1-ab77-1e8ad8a843ac,
e39cdf7c-b4af-4c68-87cd-0f0ba48179ef,2cc0c563-4f58-4948-91f3-b5c274c1f542,2025-11-13 12:13:25.757,2025-11-13 12:13:25.757,10004,R5wtjjS0Fd,com.sec.android.app.shealth,1826ed50-3cdf-4cae-b212-6c77218c39b5,
5f52349d-161a-4d0d-a1ee-5d240c5768f4,6bf5ae20-885e-45f9-ba4c-e2bf4ff72004,2025-11-13 07:57:24.558,2025-11-13 07:57:24.558,10004,R5wtjjS0Fd,com.sec.android.app.shealth,ba0c8331-deed-4f4f-9f8a-ebfe5420c087,
d2ba5003-1f87-4f06-94d6-08f9472e661d,e306ea39-f263-4227-b915-56e06465299c,2025-11-13 09:06:55.424,2025-11-13 09:06:55.424,10004,R5wtjjS0Fd,com.sec.android.app.shealth,21d09c54-d480-42a5-8e57-41bfc4627b25,
2cf469c1-30b3-4c82-bf3e-3337dc81a341,54d9852d-9160-4dc1-a44b-4b63f19f41fd,2025-11-13 07:57:24.584,2025-11-13 07:57:24.584,10004,R5wtjjS0Fd,com.sec.android.app.shealth,eefbb63f-e8d4-49aa-88e7-693bc85232b2,
058727f4-8453-435e-880b-92e11d19dc6b,fd3c1826-d2eb-48f1-a7a5-691d94bd2afe,2025-11-13 13:33:37.752,2025-11-13 13:33:37.752,10004,R5wtjjS0Fd,com.sec.android.app.shealth,9a1eaa3d-b5ed-42e5-9855-88dcd3ab55e3,
d5ab5fa5-4ad6-40dc-95c0-546342b7a0b5,018d7df3-5770-4040-895f-abd76566e93b,2025-11-13 08:34:47.986,2025-11-13 08:34:47.986,10007,R5wtjjS0Fd,com.sec.android.app.shealth,db02780b-46ab-48de-a4ed-a3e3e3611fc6,
fde8e215-b507-444a-8f4e-6caafeff2ed4,887e2c31-4845-43be-80a4-7dc26f1a4fcb,2025-11-13 15:33:32.613,2025-11-13 15:33:32.613,10004,R5wtjjS0Fd,com.sec.android.app.shealth,82d846a3-f93f-415c-a85c-3ddba02ad01b,
9f3d5a0e-fad7-4683-9b9f-a6d66bf30638,82419f48-3d98-426c-88c0-7dcca817ba8a,2025-11-13 15:33:32.623,2025-11-13 15:33:32.623,10004,R5wtjjS0Fd,com.sec.android.app.shealth,6c5639e6-868a-4a32-9ec3-c40c9381bc53,
bec95103-a1af-4f5b-b513-da491125d224,dccbf183-af12-49c6-a21b-6417ba9bb4d7,2025-11-13 16:35:19.191,2025-11-13 16:35:19.191,10004,R5wtjjS0Fd,com.sec.android.app.shealth,22255c82-67f8-4a07-b559-63854722b81f,
fa6df118-d062-4396-bc92-0cae0242c46e,2e8a7a8c-e21b-4c40-9930-e2f0b3228d02,2025-11-13 17:22:54.963,2025-11-13 17:22:54.963,10004,R5wtjjS0Fd,com.sec.android.app.shealth,f6ca38ca-a998-4e74-8569-c1070ade7021,
cd217557-a304-4851-98cf-bc3a74dbeb62,80f884b6-16a5-4f87-b6a5-0e4b02c8b7f6,2025-11-13 18:10:29.817,2025-11-13 18:10:29.817,10004,R5wtjjS0Fd,com.sec.android.app.shealth,11bf4a13-830a-4ebd-a39e-27acb731914d,
a70353a3-72d4-4c87-99e0-3963494b2b8c,1ac818a6-5ea3-4f99-bf74-cc15a5228c90,2025-11-13 19:09:43.263,2025-11-13 19:09:43.263,10004,R5wtjjS0Fd,com.sec.android.app.shealth,0ccc20c5-cbc4-4fc3-bfc3-9a85550ede0f,
4cb3f8c9-3e99-4c21-932d-3e7d0b8a244c,2d86bd4a-136c-44ee-95f7-bc1315215f93,2025-11-13 20:09:58.409,2025-11-13 20:09:58.409,10004,R5wtjjS0Fd,com.sec.android.app.shealth,3dc52782-031d-4b76-a731-6b13b2126894,
d6cb3a19-c5ec-4476-8f05-8a6b5d00a222,bfe0b98b-0c52-4c64-a72d-462ddccdfffb,2025-11-14 10:07:04.761,2025-11-14 10:07:04.761,10000,R5wtjjS0Fd,com.sec.android.app.shealth,aadde2d4-116f-46e4-b93e-ddac59fd7420,
aee9b132-6e58-4c23-84ca-93b59e1d0c6a,df084014-3a13-4eb5-a06a-d51aa4e1e079,2025-11-13 21:17:10.503,2025-11-13 21:17:10.503,10004,R5wtjjS0Fd,com.sec.android.app.shealth,afe42d69-4048-4976-83d3-eb010a040a20,
65cb5e07-81fe-47dc-8c0d-fa5d2832141b,c9d2c787-f898-4c1e-b4fb-ff1c95a468bf,2025-11-14 05:49:45.940,2025-11-14 05:49:45.940,10004,R5wtjjS0Fd,com.sec.android.app.shealth,5943ad33-b99b-4bb9-9c1e-399eaad9c183,
1a12a577-1be7-42ae-8e66-e93845aa49ea,f4bbbbbf-f01f-431a-a121-994a5038510d,2025-11-14 10:10:36.402,2025-11-14 10:10:36.402,10002,R5wtjjS0Fd,com.sec.android.app.shealth,76245d75-95ec-4acc-a66c-713c79b35e4d,
c9730021-bf1d-47ee-ac2a-58ecadfaffe6,9cb5da80-4496-4c6e-a074-a68ba938205f,2025-11-14 10:07:04.820,2025-11-14 10:07:04.820,10004,R5wtjjS0Fd,com.sec.android.app.shealth,4a348150-d8b7-4a64-ab13-baa8f6b531f2,
80fa5d26-0d50-4065-8aee-4a8a85da19ef,a7c0016e-7156-4160-96d0-3086eb1a4f7b,2025-11-14 05:49:45.956,2025-11-14 05:49:45.956,10004,R5wtjjS0Fd,com.sec.android.app.shealth,afb81ed1-f04e-480a-b7af-e6e31bbeed84,
8bb1d324-1588-47cd-a708-90e183697b86,1ff2fdb6-ab6c-42b5-8f4e-827e273a695c,2025-11-14 05:49:45.792,2025-11-14 05:49:45.792,10007,R5wtjjS0Fd,com.sec.android.app.shealth,f5e2e213-21b9-417c-be56-7d0c750aba28,
e67bb34c-eb08-4d3e-8ffa-1ccc64ab9877,bb447fe6-2fae-4e2e-9f50-c0b19ee677cb,2025-11-14 10:07:04.829,2025-11-14 10:07:04.829,10004,R5wtjjS0Fd,com.sec.android.app.shealth,9a10a809-7bd0-426b-baf8-6d1ece5ae87e,
f2e24ec1-1200-4409-8c99-899e112c50ec,06021662-5bc0-4612-a538-26a112ae83d5,2025-11-14 05:49:45.962,2025-11-14 05:49:45.962,10004,R5wtjjS0Fd,com.sec.android.app.shealth,f85b512d-4ce4-4fc5-98c6-f38412b53e16,
6a43c9f4-9f26-4db0-805f-d39f6cc4d7c3,743b9dec-c5c1-4a63-bd52-f55ca1d849e9,2025-11-14 10:10:39.043,2025-11-14 10:10:39.043,10007,R5wtjjS0Fd,com.sec.android.app.shealth,ee38bc92-ef17-4acb-a61e-1376bc2a1df4,
5fc98b64-10ad-4fdc-beee-93f2542b02db,f180ed24-f1e5-44da-81ce-4f45548b6ad9,2025-11-14 05:49:45.944,2025-11-14 05:49:45.944,10004,R5wtjjS0Fd,com.sec.android.app.shealth,eca55908-6df8-4ce4-8ec9-73977eb23dbf,
a2d963d2-f61f-49a1-b95b-fd749e013fb0,d4e54670-90da-470e-af5c-4fb46c90e627,2025-11-14 10:07:04.803,2025-11-14 10:07:04.803,10004,R5wtjjS0Fd,com.sec.android.app.shealth,47d636ec-e13b-4d53-a91d-8029ca239653,
16392d78-837b-4600-a319-1b0f03def58e,ee6083d3-19de-4b2b-8e14-5795295e977a,2025-11-14 05:49:45.697,2025-11-14 05:49:45.697,10002,R5wtjjS0Fd,com.sec.android.app.shealth,b9966a89-1caf-4d11-98b8-60b6affff6a1,
7eb04382-e2de-4574-8412-2e432d07545e,8efd7b65-9713-48d5-805d-c41eee3409b7,2025-11-14 10:07:04.810,2025-11-14 10:07:04.810,10004,R5wtjjS0Fd,com.sec.android.app.shealth,748be864-0e97-4f80-bc62-a97f16b8248e,
0c17b368-8298-405f-bee4-22451ff3d60a,135334de-8204-4080-94a3-d63458e8a3cc,2025-11-14 10:07:04.815,2025-11-14 10:07:04.815,10004,R5wtjjS0Fd,com.sec.android.app.shealth,0c34effc-648f-4b5b-b7f0-38068af04a2c,
abc16793-21ac-4d20-8da4-51db3a4df82c,9495736b-409b-4feb-b53a-bc151c05424b,2025-11-14 10:07:04.833,2025-11-14 10:07:04.833,10004,R5wtjjS0Fd,com.sec.android.app.shealth,77ab1351-c932-4418-a6a0-4588c5e6d72e,
0bb2f3cd-3df1-4c07-ba58-a78015ab53ff,ec45a8ab-1bab-40f4-8167-f014c60b09da,2025-11-14 12:40:09.504,2025-11-14 12:40:09.504,10004,R5wtjjS0Fd,com.sec.android.app.shealth,ae1fcd01-f31b-4e24-a714-39fadd075029,
1061bb53-caef-456d-b958-2f60c449703b,b3ea2c02-5814-4a33-a6b3-cc723786f608,2025-11-14 10:07:04.825,2025-11-14 10:07:04.825,10004,R5wtjjS0Fd,com.sec.android.app.shealth,bc128b81-3f67-4938-9a16-d561a20c9142,
36d703f5-9b05-49ff-a805-d1b1c7c19dbe,90d59466-51e9-4cfd-a56b-8df710d462a1,2025-11-14 12:40:09.497,2025-11-14 12:40:09.497,10004,R5wtjjS0Fd,com.sec.android.app.shealth,aa862a1c-3202-45eb-ba0f-0c1635026f62,
adfcd3bd-0b70-44b6-a1c8-da1743e2ddac,9ff0b5a2-4e82-4069-b32c-506fab3fb331,2025-11-14 13:24:40.472,2025-11-14 13:24:40.472,10004,R5wtjjS0Fd,com.sec.android.app.shealth,4c138c73-e665-401a-adca-06a9c3f3a55f,
ff754133-1944-4bf2-b738-6dc14c6ab151,781e395d-44e0-4255-8469-00bf26200d2f,2025-11-14 12:40:09.471,2025-11-14 12:40:09.471,10004,R5wtjjS0Fd,com.sec.android.app.shealth,2c4655b7-7532-447e-a270-cf62935ac2c5,
1db6b00c-29f3-4b16-952c-5096d820a625,3e058c2d-607a-4f10-80a0-a076fcb71eb4,2025-11-14 16:14:34.067,2025-11-14 16:14:34.067,10004,R5wtjjS0Fd,com.sec.android.app.shealth,6984800a-b7fc-4645-bdb7-eb8894d25f1f,
a0acbf50-c04a-47e2-9c86-ce9bf8f2d44f,2c1198d7-92b7-4656-9407-259cbed6b5b7,2025-11-14 17:31:07.989,2025-11-14 17:31:07.989,10004,R5wtjjS0Fd,com.sec.android.app.shealth,b5ce7deb-9b7b-48a8-b0f3-64dd71a4755b,
0938869f-a053-4f0d-ada6-2d82fe24f093,37f933d1-669c-4f91-b91a-cde8913a85c0,2025-11-14 18:50:05.023,2025-11-14 18:50:05.023,10004,R5wtjjS0Fd,com.sec.android.app.shealth,799cc73a-8b91-4b71-b87d-1ed58354d691,
2ce5f7ec-d698-4bf0-96d7-75e74f957d84,074d0e6d-45c0-41bf-a630-69479931dc2c,2025-11-14 19:06:00.397,2025-11-14 19:06:00.397,10004,R5wtjjS0Fd,com.sec.android.app.shealth,99b4f231-834a-4c9e-8f2e-ca6693b42f5a,
b6bc257d-5d6d-4ced-911e-af4ad38220c8,0c7084a2-0da5-4de5-8ff2-002204a56a7e,2025-11-14 20:05:15.416,2025-11-14 20:05:15.416,10004,R5wtjjS0Fd,com.sec.android.app.shealth,93b243c8-232d-48db-ad6b-e2863ce1bcd3,
37a409e1-6fba-4389-94e5-f7bc159d264c,a35ae26b-48b7-442e-965a-4fb943df85d6,2025-11-15 07:49:12.791,2025-11-15 07:49:12.791,10004,R5wtjjS0Fd,com.sec.android.app.shealth,06e5be74-a306-47ad-b6b6-56839e4e767b,
c9da8498-5432-47fc-9714-d73367447f60,961c3f8b-7edc-4c8b-8833-d6bd589f7c4b,2025-11-14 21:39:39.472,2025-11-14 21:39:39.472,10004,R5wtjjS0Fd,com.sec.android.app.shealth,44ee2970-3633-4da2-a604-24856e8b2ba9,
d2e6baed-801a-4d5a-b6f9-f53ea3cb89a2,b2e7e01c-ff8d-467f-b7cd-385d96df6dba,2025-11-15 07:49:12.821,2025-11-15 07:49:12.821,10004,R5wtjjS0Fd,com.sec.android.app.shealth,b48e46e4-6a79-4b49-a93f-d8917a998419,
e7b60f0b-0214-41e4-9fc3-0f486d07eb45,f2e4e82f-ad9f-4bbb-ab22-d124c2a2546c,2025-11-15 07:49:12.861,2025-11-15 07:49:12.861,10004,R5wtjjS0Fd,com.sec.android.app.shealth,888c8cf7-b7d3-4e2f-acbb-178e41dbeb3a,
e2fd2618-5636-4a26-9c7d-164fe686adea,a984c05a-65b9-4917-88d6-2dbace3a26b8,2025-11-14 14:12:21.164,2025-11-14 14:12:21.164,10004,R5wtjjS0Fd,com.sec.android.app.shealth,0fce28a7-e309-49da-968a-5ea071905ba4,
d9f18c68-dc54-44e6-b98f-48978d2d82ce,a64ced1f-604e-4326-bae6-a901a18a0dd6,2025-11-14 15:17:08.634,2025-11-14 15:17:08.634,10004,R5wtjjS0Fd,com.sec.android.app.shealth,36f71513-a012-4a0f-ac91-dc32a231c51d,
7ed40fce-7846-40af-ab21-dfbfd34eb115,50e4aebd-0c35-4efe-b614-99fb8e58d8b0,2025-11-15 07:49:12.939,2025-11-15 07:49:12.939,10004,R5wtjjS0Fd,com.sec.android.app.shealth,85e65566-f9ca-43da-942c-628cafb670ae,
e8213e42-4b25-4796-92ad-26a652ab6c7d,f42309fb-5fd3-4ec6-b1ec-69896ef82356,2025-11-14 22:14:47.612,2025-11-14 22:14:47.612,10004,R5wtjjS0Fd,com.sec.android.app.shealth,18bce48a-8ccb-4a50-a332-a593a9dc0b4c,
4039ad70-1336-4b29-a54e-896a20af6590,e44b6bc6-9acd-4fdb-bbf2-0dcc52f96ab8,2025-11-15 07:49:12.550,2025-11-15 07:49:12.550,10002,R5wtjjS0Fd,com.sec.android.app.shealth,68f8c102-143e-4e8e-a498-c9e7d5a05b7a,
6b17bc5d-7ae5-460f-9bfe-d655a2979aa7,3fa19a92-38d0-413b-ae1d-1e9d2432e806,2025-11-15 07:49:16.718,2025-11-15 07:49:16.718,10000,R5wtjjS0Fd,com.sec.android.app.shealth,02cec4f5-6a5f-4b53-839c-fc93036d5779,
96dc49e0-e459-4f54-8bba-77fc49235b86,0ee8bf27-cef4-42aa-a622-5c9b930c1851,2025-11-15 09:28:35.290,2025-11-15 09:28:35.290,10007,R5wtjjS0Fd,com.sec.android.app.shealth,87f58be0-b213-44da-9bbb-f6efb95fbce0,
934d416a-8d10-452d-88fb-d69228611f3b,d5d6de92-b010-40bf-a8af-2bf01a043aee,2025-11-15 07:49:12.476,2025-11-15 07:49:12.476,10007,R5wtjjS0Fd,com.sec.android.app.shealth,ec380783-8e80-4ae2-b004-6cf16449fe46,
36f52c43-1b43-41fb-a8e1-d303f5ae9a63,235c35a6-abb5-42cc-bd66-ec1de38d916b,2025-11-15 07:49:12.919,2025-11-15 07:49:12.919,10004,R5wtjjS0Fd,com.sec.android.app.shealth,660fb953-7422-4d22-8cdf-44b159332997,
b207c6ec-3920-4730-bff5-72b4e737164c,74abda38-7930-474e-bdc8-494260513750,2025-11-15 10:47:25.406,2025-11-15 10:47:25.406,10004,R5wtjjS0Fd,com.sec.android.app.shealth,99621780-a995-4583-9ad5-2fdb89aedd34,
6464ed6d-bc3c-4321-a7f9-df01556e5235,c6662598-117a-4aaf-a2ff-f2b03c1ed858,2025-11-15 13:10:10.398,2025-11-15 13:10:10.398,10004,R5wtjjS0Fd,com.sec.android.app.shealth,b2c537ad-e591-4eb1-8e33-b50e4a9abb90,
b8343d69-13b6-48fc-8b38-f4b41403db05,822c3752-2b17-42e0-9a6d-6f8226be2da1,2025-11-15 07:49:12.895,2025-11-15 07:49:12.895,10004,R5wtjjS0Fd,com.sec.android.app.shealth,f2ec2bca-a527-4bfc-87fa-dc8c393611d4,
e01d2ac9-161e-4463-bd03-d3e1da7dc3f4,d6223b94-7d72-4466-89f5-ca4d26ce1e86,2025-11-15 07:49:12.778,2025-11-15 07:49:12.778,10004,R5wtjjS0Fd,com.sec.android.app.shealth,1c7f4598-fa7b-4559-9f16-37c386bb905e,
3970048b-d855-4700-9f63-8b4481036688,b58b6811-e175-4a58-a275-3d74dfd9653e,2025-11-15 08:31:48.337,2025-11-15 08:31:48.337,10004,R5wtjjS0Fd,com.sec.android.app.shealth,11535410-d1a0-4b7b-9da6-470e2472e56f,
45876fe7-76e0-4031-874c-0e6df5ffcd56,7b29b3fc-13a4-456e-adc5-01aa6f86f5e4,2025-11-15 09:28:36.362,2025-11-15 09:28:36.362,10004,R5wtjjS0Fd,com.sec.android.app.shealth,086a5c9b-be8a-487b-91a1-4c721261118b,
d2e98fb0-a6e0-46ab-b3bc-d7b866c13e6e,db3388c9-463c-4b56-ab76-bb47337e4761,2025-11-15 09:28:34.559,2025-11-15 09:28:34.559,10002,R5wtjjS0Fd,com.sec.android.app.shealth,2683582c-f44c-4be8-8526-685246b071d2,
81ea98f6-4fa6-43de-a346-3b583f4e77c9,4f6b8310-d6e8-48c1-9a4d-f655ef5529b5,2025-11-15 07:49:12.934,2025-11-15 07:49:12.934,10004,R5wtjjS0Fd,com.sec.android.app.shealth,b48980b7-82c0-49c9-9f75-8c1c1dbece91,
74887b18-40f3-450d-8877-be6764516c77,fabbee16-0056-4739-be4a-ee20a7b5febf,2025-11-15 13:10:10.391,2025-11-15 13:10:10.391,10004,R5wtjjS0Fd,com.sec.android.app.shealth,cad7041e-565f-4715-aa6d-c4192c6d2962,
a4e62268-2b5b-439a-8d76-1db91da2e234,fd0ca1c9-e6da-420f-a63d-d83f7dd94605,2025-11-15 07:49:12.978,2025-11-15 07:49:12.978,10004,R5wtjjS0Fd,com.sec.android.app.shealth,52fd7021-426b-4ec7-8afe-41eab503c588,
83e22135-15c3-4fd7-8035-628007af9073,5ae794a2-596c-4181-a86e-a0b50f9060db,2025-11-15 11:04:12.660,2025-11-15 11:04:12.660,10004,R5wtjjS0Fd,com.sec.android.app.shealth,ab79b975-b1ed-42e2-8518-e63c024e3af3,
65d69321-7d54-41a1-81d5-9185ae2ca57e,6e4f53e8-4c32-4961-8d69-708b11f7c159,2025-11-15 14:17:00.323,2025-11-15 14:17:00.323,10004,R5wtjjS0Fd,com.sec.android.app.shealth,ba095ae4-6831-44e4-bf49-7ea2bb566946,
9de5814c-f4f7-4667-a366-d1b89615f93f,d96e40e4-ef30-45d6-830b-bde8ef414123,2025-11-15 15:18:54.646,2025-11-15 15:18:54.646,10004,R5wtjjS0Fd,com.sec.android.app.shealth,50e7b55d-f745-463f-a4eb-4a5c09577824,
9d4f53a2-49e3-4cb8-893e-473d73d0152c,7244a2bf-8460-48c5-ba52-37818029a72a,2025-11-15 16:04:53.684,2025-11-15 16:04:53.684,10004,R5wtjjS0Fd,com.sec.android.app.shealth,4e09637c-2ba4-484e-8804-b1f2d9cb059e,
7a19273e-36a6-4e91-add8-3f1f531f3831,91415ce1-820c-45d5-84dc-b70e333f1952,2025-11-15 17:11:18.342,2025-11-15 17:11:18.342,10004,R5wtjjS0Fd,com.sec.android.app.shealth,20c1918d-8438-4b74-a26a-a652798c6276,
985d55a6-0282-4db9-9cce-fe5abf2d9e07,793cf2cc-7417-4f00-90a5-73104db3e0db,2025-11-15 22:39:33.178,2025-11-15 22:39:33.178,10004,R5wtjjS0Fd,com.sec.android.app.shealth,b48b89ee-97f3-4f86-91a2-750847d636f8,
62a841fa-3bf3-4519-927a-343d14430120,853becd2-112d-4ee4-b334-3a8e4ea27830,2025-11-15 19:46:37.397,2025-11-15 19:46:37.397,10004,R5wtjjS0Fd,com.sec.android.app.shealth,3556c34d-a325-42e5-bec7-4ef1300b8651,
73d7f3bc-c104-476f-bad6-dae7ded13a1a,ece13e74-28a4-4a9a-9990-cb2c1bde8eab,2025-11-16 07:02:04.841,2025-11-16 07:02:04.841,10004,R5wtjjS0Fd,com.sec.android.app.shealth,d6587c5e-c08a-42e8-8aa0-b93fa36ae31d,
644e823a-cee9-40ca-ade2-34c8737dbe1b,32774112-33aa-4ff6-ba51-328b7ac5cee9,2025-11-15 19:46:37.403,2025-11-15 19:46:37.403,10004,R5wtjjS0Fd,com.sec.android.app.shealth,03c59961-4a9f-4189-a995-bcac4258b216,
b637baf2-eb8e-48a7-8f00-b91aa9960307,d47c1c32-3851-462b-8291-3bc5c3e911c2,2025-11-16 07:02:03.962,2025-11-16 07:02:03.962,10002,R5wtjjS0Fd,com.sec.android.app.shealth,244b54fc-8121-43de-8a99-10f21cc90eab,
beee48c8-3568-44ca-ab6e-b4b82f026c6e,81c05cd4-47b4-4087-ad8b-c9ead821d3e6,2025-11-15 20:08:30.550,2025-11-15 20:08:30.550,10004,R5wtjjS0Fd,com.sec.android.app.shealth,7cae6636-0fe6-4876-b431-6fe332ac3670,
10bfd288-456e-41b4-8ec8-95ef60b1d03f,416618fe-acb9-43d7-8e61-ea59b6a00eba,2025-11-15 21:17:51.900,2025-11-15 21:17:51.900,10004,R5wtjjS0Fd,com.sec.android.app.shealth,52831feb-6f18-45f1-bbc5-72115e156c89,
01d5ad52-add5-4458-b807-68f71075d9c4,ffba4aff-c0dc-4467-b140-b3b23c6f4c18,2025-11-16 03:07:56.673,2025-11-16 03:07:56.673,10004,R5wtjjS0Fd,com.sec.android.app.shealth,e4273fa0-dd2a-412c-9728-a5c4d6a51bff,
2c9f95fc-35e2-4732-bcbc-0154009d6000,9c1ca1e7-8c71-4cc5-ac0a-faa4ebc0a999,2025-11-16 07:02:04.854,2025-11-16 07:02:04.854,10004,R5wtjjS0Fd,com.sec.android.app.shealth,a6c7357e-f158-49ca-834a-9771228f1444,
4842038e-9a1e-4578-a22d-de79433fae26,8d1d95bf-0e6a-4b3b-90e9-f031a26e542d,2025-11-16 07:02:04.849,2025-11-16 07:02:04.849,10004,R5wtjjS0Fd,com.sec.android.app.shealth,ad5f5ba7-7228-482a-b006-b4c72232f785,
34f02ffd-e194-48ef-a285-3c552b4fa92d,8ef7dfda-ee00-449d-8928-62d71f73260d,2025-11-16 09:21:28.654,2025-11-16 09:21:28.654,10000,R5wtjjS0Fd,com.sec.android.app.shealth,5fe61a1d-a83d-4aca-bb7b-60a848bac7f9,
b85aa90d-a299-456a-9939-552265af7a74,2459d302-084b-4bd9-a697-80f10e7e5a79,2025-11-16 03:07:56.663,2025-11-16 03:07:56.663,10004,R5wtjjS0Fd,com.sec.android.app.shealth,bc9e38ce-3651-49b3-8303-39d4dd90fd4a,
519c5f74-9c69-465e-b982-d30c8b7631cc,3b916637-2b29-41a5-a0d7-5e5fa3797e8b,2025-11-16 10:07:07.163,2025-11-16 10:07:07.163,10004,R5wtjjS0Fd,com.sec.android.app.shealth,7d86816b-b8b5-4333-9b3e-99314509ec33,
66663074-7ed8-4fb2-bd60-f71706580132,e6e2e44d-a8f3-4221-a72f-c9aa099ee278,2025-11-16 07:02:04.712,2025-11-16 07:02:04.712,10007,R5wtjjS0Fd,com.sec.android.app.shealth,8fe3c24e-1b45-44fe-abd4-ee3ee7a5e593,
98255a59-27ef-4ede-9e6b-7f6830ee7a40,b215aa1d-c11d-41b6-9cea-966b6fd1028c,2025-11-16 07:02:04.832,2025-11-16 07:02:04.832,10004,R5wtjjS0Fd,com.sec.android.app.shealth,0fd4a6e8-c929-4a04-85cf-b4ed1d586f13,
419a228c-d308-499b-b95c-f91fd706f1cc,c7a137ce-e5d0-477c-bcbb-47bcc159cd70,2025-11-16 09:21:29.691,2025-11-16 09:21:29.691,10004,R5wtjjS0Fd,com.sec.android.app.shealth,e2e19992-8cb8-4ce3-8b6b-a0ec1f31ee5f,
a0b2083d-0ae7-4115-88c4-dbc3858687f1,f38b67c8-a3e3-4d57-971a-50dcef9e1d67,2025-11-16 09:21:29.685,2025-11-16 09:21:29.685,10004,R5wtjjS0Fd,com.sec.android.app.shealth,2e189e7e-dad2-4dcf-9036-5ff92c8af3a1,
798c6204-ee65-4dd0-8767-9186a2609be3,4e768d98-84fc-4811-a4c8-b50125df00e9,2025-11-16 14:06:10.473,2025-11-16 14:06:10.473,10004,R5wtjjS0Fd,com.sec.android.app.shealth,e7d508c6-bdea-4b8a-ac16-d7f881756cdf,
ac00d37f-4b5b-4431-b6dc-88d6bddf6813,5413c98d-0ce0-4e25-b7c2-785f34242fcd,2025-11-16 16:30:19.199,2025-11-16 16:30:19.199,10004,R5wtjjS0Fd,com.sec.android.app.shealth,911f0f94-ebf2-4acf-8536-e0bbc9fbff7b,
a46244eb-b976-482f-9547-75b865459954,4f60e768-7f55-4b03-9cb5-7ceec917e17e,2025-11-16 09:21:29.636,2025-11-16 09:21:29.636,10002,R5wtjjS0Fd,com.sec.android.app.shealth,9f5696c6-590d-4f39-9261-0b94a13cfb13,
8aa7aaf3-2761-4f72-9fda-104c22af34bc,4b09c71c-1283-451d-ba40-3168f5ecf18c,2025-11-16 15:42:53.422,2025-11-16 15:42:53.422,10004,R5wtjjS0Fd,com.sec.android.app.shealth,96eed432-5a91-405c-8f2f-030c34384b1b,
176678e6-4285-4081-81b5-6960edd8a862,b2d54b46-28f5-41af-9a13-670734180a68,2025-11-16 09:21:28.754,2025-11-16 09:21:28.754,10007,R5wtjjS0Fd,com.sec.android.app.shealth,1da399a0-fede-4d27-bfb4-42c6cdfc29ca,
393a93ea-6e57-4282-9660-b2be803dbee7,0c3baa7a-694a-4f99-84b0-6876ffdf2756,2025-11-16 09:21:29.696,2025-11-16 09:21:29.696,10004,R5wtjjS0Fd,com.sec.android.app.shealth,49532045-913c-4cc4-9b0d-8e48dda6164e,
e0f1ee32-5fc7-48f9-b3e7-39b9a3fd7237,08d39dbd-9f5c-40e0-88c2-e5b930dcc1cc,2025-11-16 13:17:00.651,2025-11-16 13:17:00.651,10004,R5wtjjS0Fd,com.sec.android.app.shealth,1766b9da-e800-4dff-bc5a-0105e6d8894e,
72a76284-8605-4de5-a9c9-6c683d8f8d17,b2bfafab-fcf4-4737-be2f-aaa397f261ed,2025-11-16 12:07:47.175,2025-11-16 12:07:47.175,10004,R5wtjjS0Fd,com.sec.android.app.shealth,a9db5253-d221-452d-8307-eaa18afbcd41,
bce0a621-c324-47dc-8d5d-1f1c6b733aee,85aacf50-6e4e-4efa-99d0-e557f8935e4e,2025-11-16 11:07:10.135,2025-11-16 11:07:10.135,10004,R5wtjjS0Fd,com.sec.android.app.shealth,07423938-df73-44e3-aff4-7e80b964e7fb,
1ea459a2-3a6a-410d-9758-1a9723170819,bf2869c7-15d4-4730-b8fa-66bee386af4b,2025-11-16 10:54:29.204,2025-11-16 10:54:29.204,10001,R5wtjjS0Fd,com.sec.android.app.shealth,9ca0d0ff-218e-452c-88d1-385a5dea7a72,
487fa13d-5c86-4b90-a063-7df551b8850b,8aacf1ee-b799-40b5-b5c9-a0941cfeb09f,2025-11-16 17:23:47.745,2025-11-16 17:23:47.745,10004,R5wtjjS0Fd,com.sec.android.app.shealth,8392f9e5-b61b-4ee7-b8e1-e41957e8497e,
3ce41d96-b4c7-4475-a478-4d2dd9f66f8a,2738417f-ff93-48ea-929b-5ffb33c5e281,2025-11-16 21:16:07.920,2025-11-16 21:16:07.920,10004,R5wtjjS0Fd,com.sec.android.app.shealth,69a6ff94-4e2e-48d6-996b-7b0326147a61,
7c0f0e9c-aeb9-4a10-9771-ccaf91e16615,96f74ab0-1ea3-4194-8924-b75acde8857e,2025-11-16 21:16:07.929,2025-11-16 21:16:07.929,10004,R5wtjjS0Fd,com.sec.android.app.shealth,c0486be4-d338-41a2-89a9-c47522079f6f,
0b81e975-afba-4d9a-bbd7-984ce72b69c5,b675adf2-db21-4f99-93db-1334ce05cb5f,2025-11-17 04:01:05.078,2025-11-17 04:01:05.078,10004,R5wtjjS0Fd,com.sec.android.app.shealth,3b7a2e2c-75b6-4d11-84a9-6e853179dd05,
ca7d72bb-a16f-4300-88ee-cdc84597ee1c,8fb563fe-7e2c-452d-be84-21c4c263be99,2025-11-17 04:01:05.090,2025-11-17 04:01:05.090,10004,R5wtjjS0Fd,com.sec.android.app.shealth,2de2f7eb-add7-457b-ac49-b99098daeb07,
3ef86e39-b97c-4c02-95b7-686226e5daa9,afac52c9-df91-4f4e-8480-1110addf1403,2025-11-17 04:01:05.097,2025-11-17 04:01:05.097,10004,R5wtjjS0Fd,com.sec.android.app.shealth,56b6aa59-9231-4d21-86d2-47adead18f86,
52913087-296f-455f-b723-9a1c6bc4d864,d320ebde-88b7-498a-b3a0-48b4b1977afe,2025-11-17 09:53:37.253,2025-11-17 09:53:37.253,10000,R5wtjjS0Fd,com.sec.android.app.shealth,d89e3287-8b4b-4c68-83ca-401fafacc706,
4218ec64-b875-49d3-993e-fed93c3cd2d5,d3497878-fff4-4798-b9f7-b83766d3296f,2025-11-17 11:17:26.555,2025-11-17 11:17:26.555,10004,R5wtjjS0Fd,com.sec.android.app.shealth,94e95f43-3403-4393-9902-2dae8f063020,
39d05a53-2b77-4c22-bc23-a6e48937f9bc,d9020e7d-3cb0-443e-80c8-e8768b9b8431,2025-11-16 18:42:43.518,2025-11-16 18:42:43.518,10004,R5wtjjS0Fd,com.sec.android.app.shealth,6ce56cfe-2cea-4569-88c8-989b08d15969,
d4957c1f-92d4-427a-84a4-df70732685eb,1f647939-0680-45f4-b435-89ff8735b76a,2025-11-17 09:53:47.051,2025-11-17 09:53:47.051,10004,R5wtjjS0Fd,com.sec.android.app.shealth,20140634-9340-4580-ba4b-333c53fa3186,
465ab4cb-2045-497b-b0b9-1d8f229c4231,a33fc613-f4fc-4f88-8b24-6ef85e1f8620,2025-11-17 09:53:37.655,2025-11-17 09:53:37.655,10007,R5wtjjS0Fd,com.sec.android.app.shealth,0dc84ccb-75fe-4b9b-b42c-51c8ed592b40,
82bbe1b4-b55f-4e1b-9946-6106343fcbba,48fc1984-6952-49f0-92e4-ededf9783d26,2025-11-16 19:22:49.033,2025-11-16 19:22:49.033,10004,R5wtjjS0Fd,com.sec.android.app.shealth,0fbdb9e0-c3a3-423a-ad8e-ba8acb2a96e5,
53a38ade-0b33-4fe6-96a9-86f0b1a54f2f,7ea2e698-5e98-482d-8075-1569cf71aa6a,2025-11-17 12:30:14.125,2025-11-17 12:30:14.125,10004,R5wtjjS0Fd,com.sec.android.app.shealth,854e6af6-bd31-4aab-b070-645867cac487,
0fb235f4-9e42-450b-87ed-209bf273249e,45a6113b-ccd3-4874-b7e0-f5826b37d03f,2025-11-17 09:53:41.615,2025-11-17 09:53:41.615,10002,R5wtjjS0Fd,com.sec.android.app.shealth,d2468062-0798-4481-b864-76365f3b6408,
cfce6978-3cd8-48f3-baf1-eae59b904ac3,9480ba97-e17f-464c-b55f-c93b6fc4d5b5,2025-11-17 09:53:46.204,2025-11-17 09:53:46.204,10004,R5wtjjS0Fd,com.sec.android.app.shealth,915fb7fd-0afd-4754-b186-9c999b468920,
1a8cd1b9-3e38-4da2-a513-e7ff8db16930,a8c5d674-11ce-46d9-98e8-c9975c6577ba,2025-11-17 09:53:46.453,2025-11-17 09:53:46.453,10004,R5wtjjS0Fd,com.sec.android.app.shealth,52268ac2-881d-4828-8610-122b91b4d691,
65f38982-d7bd-4362-a514-80869698afe2,07ec7403-3f84-4ee7-9b9f-928ce2490fe5,2025-11-17 09:53:46.666,2025-11-17 09:53:46.666,10004,R5wtjjS0Fd,com.sec.android.app.shealth,1f48d583-2efd-4280-8990-39a745f7932e,
6aa678aa-ca29-45c2-a394-e55e29a6f2b5,589846a1-048b-499d-9108-32008086924c,2025-11-17 09:53:45.687,2025-11-17 09:53:45.687,10004,R5wtjjS0Fd,com.sec.android.app.shealth,7d865179-fe96-410d-8129-6d6ecafe7483,
8cecfa3f-aa66-4efb-ba1a-78b2136f264f,d2e38e4c-2dd0-4585-a18b-3701c0cd631a,2025-11-17 09:53:46.591,2025-11-17 09:53:46.591,10004,R5wtjjS0Fd,com.sec.android.app.shealth,1b849e8d-b3d5-417f-8d8a-c415501c13a5,
44c4f8cf-bb20-4235-8a62-f912c8259339,81ee56b0-fc8d-4684-b5ad-ba3f85ed626f,2025-11-17 11:17:26.632,2025-11-17 11:17:26.632,10004,R5wtjjS0Fd,com.sec.android.app.shealth,9a0f669a-3e4a-4d8f-b769-b0f302f7609b,
3fde7f1a-ebdf-4424-b887-c7fd603187bb,8e0994fb-77c5-421a-b21d-e909e838d4bc,2025-11-17 09:53:37.613,2025-11-17 09:53:37.613,10007,R5wtjjS0Fd,com.sec.android.app.shealth,1cd78622-deb3-459f-9bc9-46e10f5e2048,
b034b6b6-713b-40dc-888c-010beafcbf3c,e0c838d6-e0dd-488b-b4da-3dfd34100490,2025-11-17 09:53:41.608,2025-11-17 09:53:41.608,10002,R5wtjjS0Fd,com.sec.android.app.shealth,74037776-b3e3-4802-82c5-b8eba0c1094c,
c19567e7-f1f5-4fa0-b59b-b7c7914997ab,caff32b8-3617-4cce-aed7-4988e77f4220,2025-11-17 09:53:47.190,2025-11-17 09:53:47.190,10004,R5wtjjS0Fd,com.sec.android.app.shealth,7cef91bd-532c-4324-a4cd-4e662ebe9939,
fd0b670a-c9e5-461e-9e35-c9b454ebcd3b,bc81fa4f-7ba5-4a58-af5f-ec5d2587c027,2025-11-17 13:25:07.825,2025-11-17 13:25:07.825,10004,R5wtjjS0Fd,com.sec.android.app.shealth,62116aa3-a4fc-4761-b1b8-59c1b0b93dc7,
f1c2d2ea-6008-4163-96e7-3196417b0324,784b763c-68ed-4607-9f15-fb98975e3fbd,2025-11-17 14:16:18.582,2025-11-17 14:16:18.582,10004,R5wtjjS0Fd,com.sec.android.app.shealth,8f9f358d-fc21-45b5-9fd0-2caac300fbae,
349ab7ca-2e7e-41a1-80be-6f7a76bcd634,405c9e2b-d6cd-4dba-99e6-709ef87ee46c,2025-11-17 16:07:36.305,2025-11-17 16:07:36.305,10001,R5wtjjS0Fd,com.sec.android.app.shealth,8ecf0c17-2753-4c5c-a0db-e9f00df70879,
24852797-1c1c-4194-afdc-c45a3f5c12a6,7e0f946f-8a91-460f-9caa-d26dd981e7ca,2025-11-17 16:07:38.572,2025-11-17 16:07:38.572,10004,R5wtjjS0Fd,com.sec.android.app.shealth,a4c651c7-96fc-4fce-b96d-ab2f77e40d92,
519c0355-1f83-4675-b786-665fa3763574,0c8ce7a3-6640-429a-994b-8be7bec94744,2025-11-17 16:07:38.576,2025-11-17 16:07:38.576,10004,R5wtjjS0Fd,com.sec.android.app.shealth,a1d927cb-f303-430b-8668-a56649da147b,
167d62db-02b3-486a-b3a2-615df2753795,8079737c-cb84-446e-90e7-2e82cb036850,2025-11-17 16:08:52.901,2025-11-17 16:08:52.901,10001,R5wtjjS0Fd,com.sec.android.app.shealth,3e752690-2364-4156-a5c4-b55fdfa91654,
c7911607-d794-4602-9f4e-c75baed30d85,d7146387-362f-4219-a3e8-669fc5607640,2025-11-17 17:23:17.438,2025-11-17 17:23:17.438,10004,R5wtjjS0Fd,com.sec.android.app.shealth,d1a20957-ffdd-4f9a-aee4-386ace6b6430,
e55befa0-1172-47c1-8fed-d8528de60836,3b38f4ae-b7f7-48f5-bda0-1040708f5a3d,2025-11-17 20:36:09.323,2025-11-17 20:36:09.323,10004,R5wtjjS0Fd,com.sec.android.app.shealth,50d2c56f-d2f1-4eb0-8c6d-958dbd58b7fd,
1c6877af-2566-41b0-bac5-e62219b1542a,987a79d4-a1c4-47f3-b08e-de96f4b2c8e8,2025-11-17 23:07:18.273,2025-11-17 23:07:18.273,10004,R5wtjjS0Fd,com.sec.android.app.shealth,83117e46-0044-449e-bad1-8914c0cd42c7,
d51c519b-c542-497d-8583-8ac99b8f90c2,9e91c685-7c44-49c0-8f55-b489967e3300,2025-11-17 23:07:18.280,2025-11-17 23:07:18.280,10004,R5wtjjS0Fd,com.sec.android.app.shealth,25887102-9d94-4414-9faa-3f91a25739d0,
569b2eaf-45c8-4c5a-837a-f21a0bdf3d1c,f5d7cc23-0f1b-4cd1-afc2-704019c1d204,2025-11-18 00:13:27.573,2025-11-18 00:13:27.573,10004,R5wtjjS0Fd,com.sec.android.app.shealth,0e1d64b4-4fe5-4d8d-a11b-f630143db980,
717aef01-93ae-4a1f-87bb-f9e17d838c0f,2e4d06a9-748b-4760-bd47-c8769cc6f6db,2025-11-18 10:49:03.624,2025-11-18 10:49:03.624,10004,R5wtjjS0Fd,com.sec.android.app.shealth,0f4add8b-14e0-43eb-a54c-cbfdae31677b,
71fe31e7-9f48-403e-925f-995ad79220b0,be389353-b9b0-4d4a-bd29-cb23a01d5536,2025-11-18 10:49:03.638,2025-11-18 10:49:03.638,10004,R5wtjjS0Fd,com.sec.android.app.shealth,e4c7c91a-482e-45e6-aba7-82bce4706a22,
8ebc947a-70a6-4abb-a394-adfa17396e7e,ec584a5c-0572-41d7-a8bd-315e5fcc2170,2025-11-18 10:49:03.644,2025-11-18 10:49:03.644,10004,R5wtjjS0Fd,com.sec.android.app.shealth,2288a327-0e02-48ff-9555-2aea0d39d984,
6154656b-c672-4c7a-b884-a8895e00308d,b22246e3-be99-44f6-b321-b1b3a51beac1,2025-11-18 10:49:03.661,2025-11-18 10:49:03.661,10004,R5wtjjS0Fd,com.sec.android.app.shealth,dbacc8f8-d9bd-44b7-a598-bb21e8b73425,
43d8e437-d6a2-41cf-8c5e-b652c36ee659,1563f970-ca8c-4576-b85e-b0865f366fa3,2025-11-18 10:49:03.648,2025-11-18 10:49:03.648,10004,R5wtjjS0Fd,com.sec.android.app.shealth,21428ec8-f654-4466-a4f5-9bd1dc95b942,
5b90d420-668f-4496-a216-12545c898048,c78ae9f0-ff40-4639-b082-f7c2a877523c,2025-11-18 10:49:08.235,2025-11-18 10:49:08.235,10002,R5wtjjS0Fd,com.sec.android.app.shealth,b0860332-edd5-423f-ab06-851f5424c225,
334afadf-c779-4f00-8d93-6d130df4f0a1,cb191e33-23a6-416e-891e-9185fd57387d,2025-11-18 10:49:03.652,2025-11-18 10:49:03.652,10004,R5wtjjS0Fd,com.sec.android.app.shealth,e5b4109e-e15a-4502-b27f-ebd686956d34,
4741a199-01af-48a6-bc51-5ee880843ed0,22137348-5f9e-4cbc-a7ba-99fe980dfcb4,2025-11-18 10:49:03.656,2025-11-18 10:49:03.656,10004,R5wtjjS0Fd,com.sec.android.app.shealth,e0fe5db5-52dc-4d01-888e-3d1786a78e1d,
f1c1c645-fa70-4d34-b6d0-d83f9b3e80d1,6803006c-7591-41bb-80e8-0e9753f94311,2025-11-18 10:49:03.658,2025-11-18 10:49:03.658,10004,R5wtjjS0Fd,com.sec.android.app.shealth,ca239ac9-f7e1-495f-b110-07f7451870f7,
4980fd2e-473e-4c9f-a2f8-e9df9c6e847d,80d0f9c1-bfe4-4062-afd1-7d0a72e63ce2,2025-11-18 10:49:03.667,2025-11-18 10:49:03.667,10004,R5wtjjS0Fd,com.sec.android.app.shealth,2f4c7f10-96ef-476b-a126-8d9e5ced8c9f,
d88a37b3-ebc8-4ac7-9f92-79bbc2f5225f,6c564a77-7e4f-47db-984c-06eb9d79f764,2025-11-18 10:49:07.430,2025-11-18 10:49:07.430,10007,R5wtjjS0Fd,com.sec.android.app.shealth,38799e66-da73-40bb-b17b-614d872cedc7,
ace8e956-d088-4884-8c0b-792eeed4fcfe,8af07d39-709b-4284-8db7-282fb9fcd9ef,2025-11-18 10:49:03.654,2025-11-18 10:49:03.654,10004,R5wtjjS0Fd,com.sec.android.app.shealth,6b70664a-9250-4cca-b00c-976cca07671e,
d16f6871-a8ba-4053-911c-2217d8352be3,865f5329-5e59-4083-820f-c0ea97960221,2025-11-18 10:49:04.031,2025-11-18 10:49:04.031,10000,R5wtjjS0Fd,com.sec.android.app.shealth,e49d3885-527b-4230-bbbb-62c0411af653,
771e9be4-7253-4196-9b71-fdae01ac589e,cab82170-3dff-4808-9320-55863f2149e2,2025-11-18 11:16:42.754,2025-11-18 11:16:42.754,10004,R5wtjjS0Fd,com.sec.android.app.shealth,9c1fedd1-4f80-47d9-8d94-3d364d8c5cf6,
523e9505-945e-4c21-a4a0-49e3e400f484,02747930-f74a-4181-8589-4894937233b9,2025-11-18 16:13:33.410,2025-11-18 16:13:33.410,10004,R5wtjjS0Fd,com.sec.android.app.shealth,18f3fd91-c84d-4d0b-b579-ea3fb40080be,
3b2d760c-4d00-48a9-ade3-0ba594a3f5dc,32f8f1f5-d637-4692-bbd3-7d7906c55be6,2025-11-18 16:13:33.414,2025-11-18 16:13:33.414,10004,R5wtjjS0Fd,com.sec.android.app.shealth,9988da45-1c0e-4312-8431-e435ea258a48,
3f0d1a71-cdcb-43c0-8f28-88d8cecc4024,6d688bbb-1e26-4730-a9fc-d670bb3c328d,2025-11-18 16:16:21.284,2025-11-18 16:16:21.284,10001,R5wtjjS0Fd,com.sec.android.app.shealth,cd70e40b-07a3-48d9-a4b7-c9ad338ec46e,
3340b34d-a71d-4cd9-ac0e-b4267128993a,5d976ab9-5560-44ce-81f9-74990bd51ce7,2025-11-18 14:38:09.761,2025-11-18 14:38:09.761,10004,R5wtjjS0Fd,com.sec.android.app.shealth,49d1c045-e4c1-4925-a750-f31620c49f79,
4a0aa43f-c898-4b8f-a414-bf8074b3cb05,32c2f2fb-40b3-4e38-bf99-8bc318b09a86,2025-11-18 14:38:09.768,2025-11-18 14:38:09.768,10004,R5wtjjS0Fd,com.sec.android.app.shealth,ab226fe5-befd-4f0e-9ad7-e05bd46785ef,
1b1d12a2-0b51-415d-8547-2baef1ef4db2,aefbc159-d5d8-452e-80dd-745b6c5ed4fb,2025-11-18 16:13:33.314,2025-11-18 16:13:33.314,10001,R5wtjjS0Fd,com.sec.android.app.shealth,51e0b41d-551d-4239-a13e-1d167e2bcb4f,
8c86150d-c9e8-4823-8e9d-1752b96f01b5,dfc3294f-e4cc-4b38-b7a2-330f99269d5f,2025-11-18 16:13:33.397,2025-11-18 16:13:33.397,10004,R5wtjjS0Fd,com.sec.android.app.shealth,77ab5996-8236-40cd-bf1a-a7952d2795fd,
9ee6c8c2-d435-47a0-88aa-c0d68152edcf,21c8bdd0-cb29-4964-b359-68835a072f9e,2025-11-18 16:13:33.403,2025-11-18 16:13:33.403,10004,R5wtjjS0Fd,com.sec.android.app.shealth,4bfa5eb7-4387-4334-b7ad-33bd39b46a30,
0f98a5d1-eab3-4b99-81d1-032759fa3e16,d85da774-5af7-46e6-abe6-c90a5fc4a9f6,2025-11-18 18:19:34.911,2025-11-18 18:19:34.911,10004,R5wtjjS0Fd,com.sec.android.app.shealth,d6f0f8aa-174b-4551-bb0c-fb3ebda51df1,
14d2d328-13e2-45ec-90df-62d74d3ac9b4,20e5ecf0-ecaf-4532-a9f3-8fb1729d003b,2025-11-18 19:02:07.426,2025-11-18 19:02:07.426,10004,R5wtjjS0Fd,com.sec.android.app.shealth,3ea498ab-36c8-45d2-aee3-4b669416f270,
90a40e67-ae94-44bf-89ca-9d447913b205,0c84fbfa-2bea-4c82-bcba-7e83c0094c1b,2025-11-18 20:26:00.702,2025-11-18 20:26:00.702,10004,R5wtjjS0Fd,com.sec.android.app.shealth,b9739efa-792d-4eb5-830b-d0823a1a3221,
994a4555-dbfa-40f9-972c-89ba8114ef37,666af93b-9c68-4871-84a1-44225a150be0,2025-11-18 18:19:34.922,2025-11-18 18:19:34.922,10004,R5wtjjS0Fd,com.sec.android.app.shealth,16cb41fb-bfc2-47a4-93ad-ebbdedba2c4f,
c56bc616-82fb-4d1a-8a79-9291b3422f3e,59d6184b-7d00-4c55-91b3-ba1c0d1bf749,2025-11-19 07:57:05.387,2025-11-19 07:57:05.387,10000,R5wtjjS0Fd,com.sec.android.app.shealth,17f81c4a-8143-47ba-a2e5-cbc23cf92a96,
ca018707-2178-4fce-87fe-5a6abe28aa43,e99c6027-0496-4665-a4fc-6b75c3e6e535,2025-11-19 07:57:05.400,2025-11-19 07:57:05.400,10004,R5wtjjS0Fd,com.sec.android.app.shealth,eca2db13-adae-4c7f-a3af-eced8a7e0769,
05faadaf-f19b-4f82-b7ec-134c05150bfb,a427af0f-5820-4043-824e-9ae5a97cff02,2025-11-18 21:16:33.193,2025-11-18 21:16:33.193,10004,R5wtjjS0Fd,com.sec.android.app.shealth,256e0591-90e7-4196-a459-a2496c292f8a,
b754ed3a-68f5-4698-ba2c-835d3ff87029,4f756fa5-53e8-46af-8692-5d06da2caced,2025-11-18 22:20:24.196,2025-11-18 22:20:24.196,10004,R5wtjjS0Fd,com.sec.android.app.shealth,98ebe873-9151-4e9a-b9a3-0900e9972173,
7ba82b4d-4924-461a-9099-3ea194ddc420,09e11aec-73fd-4ea1-93e3-c71ef2d75772,2025-11-18 23:29:51.553,2025-11-18 23:29:51.553,10004,R5wtjjS0Fd,com.sec.android.app.shealth,7a2047d1-ee97-410a-8b5c-9caecbe42ed0,
043084b7-6e3a-4e34-9fd3-f7cb1d425804,b01dad34-ff5e-4953-b1af-6a69a27c3902,2025-11-19 11:05:15.015,2025-11-19 11:05:15.015,10004,R5wtjjS0Fd,com.sec.android.app.shealth,e128eac4-3ef2-4b85-b57a-bf8e2c429c4d,
6822fb7c-2446-4f45-bbc9-7e2101020281,29d07778-9694-4a0e-85cf-b25d66b2c886,2025-11-19 06:41:02.478,2025-11-19 06:41:02.478,10004,R5wtjjS0Fd,com.sec.android.app.shealth,b0cb8af9-e1db-4558-8cbc-0253cd5c6489,
516bfe47-bc45-4e0e-945f-fb45d5218653,93047d00-e42d-4bef-8626-4344c76be54a,2025-11-19 09:46:26.576,2025-11-19 09:46:26.576,10002,R5wtjjS0Fd,com.sec.android.app.shealth,eabb5231-df1a-4e9c-ad3e-8c28cd43a4d3,
cb4def70-f0bb-40ec-ac70-b478f786c620,6f074813-c757-410b-a98b-6c2346a113fe,2025-11-19 06:41:02.488,2025-11-19 06:41:02.488,10004,R5wtjjS0Fd,com.sec.android.app.shealth,247b37ad-5ed2-49f4-97eb-a8b5fbccea5f,
3eb23ba0-2e4f-4fa1-9220-4db3758d0279,a28a5425-dbe6-4f11-8431-b8960f21d600,2025-11-19 11:05:14.997,2025-11-19 11:05:14.997,10004,R5wtjjS0Fd,com.sec.android.app.shealth,cd92fe55-3846-4369-911b-17ccbd10eb4b,
f68cb4e1-9008-43ad-88cb-3b9a1e5a26a7,73b002bd-61b8-4aa1-a3dd-8f656d1df985,2025-11-19 06:41:02.498,2025-11-19 06:41:02.498,10004,R5wtjjS0Fd,com.sec.android.app.shealth,759f12d8-f609-4a4f-bd17-98a789f6aeff,
99bb06b8-f2bb-42d5-95b1-26a288515098,7813d0ee-8701-4b0b-944a-1e4ac1524e8f,2025-11-19 09:46:26.517,2025-11-19 09:46:26.517,10007,R5wtjjS0Fd,com.sec.android.app.shealth,aa51c4df-b44b-4837-a60d-158133bbb376,
6869f837-41b3-40d2-952c-6e45801f06d4,4c27c483-c102-4d1a-8b2d-f696dcdd38fa,2025-11-19 09:46:31.927,2025-11-19 09:46:31.927,10004,R5wtjjS0Fd,com.sec.android.app.shealth,eb6fe9a9-eaaf-4e85-b195-d6b0064e8c02,
da5c2ba7-df47-46ed-91ab-13bf3472b411,d39b30ef-c22f-44b4-8dab-09eee28e0f40,2025-11-19 09:46:31.935,2025-11-19 09:46:31.935,10004,R5wtjjS0Fd,com.sec.android.app.shealth,8379e299-6202-4e77-b1be-5454a320d85e,
a7f664ea-e360-4d14-8e56-4ce17845e202,8e822bed-ed3a-42c6-8342-45c5ef02aa21,2025-11-19 11:05:15.009,2025-11-19 11:05:15.009,10004,R5wtjjS0Fd,com.sec.android.app.shealth,b94074a1-a265-430c-966b-615f07dadeee,
b02b5d3c-3831-4063-a0fc-11307023bda0,c9d1471e-ba9a-42c7-b712-2797ba3d07a8,2025-11-19 12:03:00.395,2025-11-19 12:03:00.395,10004,R5wtjjS0Fd,com.sec.android.app.shealth,32e25690-abe8-4c12-858a-e8a7d25a6ff7,
343b82a9-a1a1-4c4d-8c16-4f5707505642,19558a44-c61a-49f3-bf4c-ab308f84831b,2025-11-19 17:31:00.388,2025-11-19 17:31:00.388,10004,R5wtjjS0Fd,com.sec.android.app.shealth,7f9a566f-a9de-4f87-a4e8-d71f7bc5ffe4,
28832b1d-ff99-43d8-b834-8f521a5bba71,665e00a9-d2b0-4388-908a-85387c7e4003,2025-11-19 13:02:46.378,2025-11-19 13:02:46.378,10004,R5wtjjS0Fd,com.sec.android.app.shealth,97d57059-c968-4df5-a49f-195c8b9219da,
cb3b720c-2e32-42a9-95c1-0411f260bc22,1ac890f1-3188-4e70-95f8-fc8faace8c03,2025-11-19 13:40:25.588,2025-11-19 13:40:25.588,10001,R5wtjjS0Fd,com.sec.android.app.shealth,a65b27b4-ad9e-463d-ad02-7632107dc85e,
64fe5395-7dad-4ab5-80c0-3e89b7b455a7,49206485-7fe2-4bdd-819c-80cb4c189bac,2025-11-19 21:23:34.235,2025-11-19 21:23:34.235,10004,R5wtjjS0Fd,com.sec.android.app.shealth,ecfbbf11-c56a-4484-9ab6-099a403b3ada,
1aea8b57-1436-442c-af2e-b4c9fa2bf504,3ff87017-68be-4b9b-825d-f71c64507ce2,2025-11-19 19:03:55.909,2025-11-19 19:03:55.909,10004,R5wtjjS0Fd,com.sec.android.app.shealth,6c45c852-befb-49c1-9bc1-0ec3c6b29679,
eb1da993-7421-4b16-862d-4d6ff34f924a,f567abb9-8c82-4544-b805-8aa1b557ada7,2025-11-19 14:54:01.819,2025-11-19 14:54:01.819,10001,R5wtjjS0Fd,com.sec.android.app.shealth,424d1738-4690-459e-8d01-6163fc747d8a,
3a7ae505-7e73-46f5-b3f4-b8161f9d5fb9,7adacdc4-17bd-4dfd-b9e1-4f90ca5154f9,2025-11-19 14:54:02.443,2025-11-19 14:54:02.443,10004,R5wtjjS0Fd,com.sec.android.app.shealth,64e1670e-6163-4340-b99c-bbcacf7b7dea,
890aaef0-b793-4b7c-90d4-13b671e181e8,49f7ef6d-0a00-4f7f-9601-00fa5f9baf03,2025-11-19 19:03:55.901,2025-11-19 19:03:55.901,10004,R5wtjjS0Fd,com.sec.android.app.shealth,d35e5194-d299-4e81-86c0-ddd35a4ef54d,
12a23fe9-0208-4c39-ac9b-19a0a2a215d4,af442384-a36e-4daf-aec3-d91be4bcae68,2025-11-19 15:03:00.664,2025-11-19 15:03:00.664,10004,R5wtjjS0Fd,com.sec.android.app.shealth,7127e9e4-fdba-4bff-bdb3-76cc1b3814c0,
846cfe63-47af-4cc6-ba40-2f7ddc45aebe,22ec1d1b-1c78-419a-861d-29947a7d70c6,2025-11-19 15:48:28.904,2025-11-19 15:48:28.904,10001,R5wtjjS0Fd,com.sec.android.app.shealth,8797d7a7-af13-4522-a112-d185d3195e57,
72437cd9-5d42-4631-a87a-b7cfde7245be,3f934bbd-3eb2-4e53-8d17-6e56f9d906c8,2025-11-20 00:13:51.279,2025-11-20 00:13:51.279,10004,R5wtjjS0Fd,com.sec.android.app.shealth,2d37d59d-4a40-4e41-a47a-c2ca41bf8524,
f4d8dc35-3fc9-42e0-8e17-3df19f6521ba,ce5a48cf-8f6a-4c23-a663-871f885cee7b,2025-11-20 09:37:03.239,2025-11-20 09:37:03.239,10000,R5wtjjS0Fd,com.sec.android.app.shealth,909daf7d-dd33-4aed-b559-bb956e3e0748,
e5c54313-0127-49c0-9ddf-735d9a6dd3f2,b28f63e5-e4da-4dcf-889d-5f423c19b8ef,2025-11-19 16:02:08.948,2025-11-19 16:02:08.948,10004,R5wtjjS0Fd,com.sec.android.app.shealth,2443190a-c6f1-4e06-a080-04fb87359566,
66f8e7df-6824-4c79-81b1-b74d8f0d88c9,fe639061-9e2b-44c2-bfe0-37c36c4a821d,2025-11-20 09:37:05.978,2025-11-20 09:37:05.978,10004,R5wtjjS0Fd,com.sec.android.app.shealth,897ab6eb-26e8-49fa-a04a-6f4e2585a620,
fd0e5c72-e49c-4e63-80a2-9ed1fcfc62e3,3369a0e9-5282-4845-b6ca-953d6f19ce04,2025-11-20 09:37:06.064,2025-11-20 09:37:06.064,10004,R5wtjjS0Fd,com.sec.android.app.shealth,c84bc6fc-c251-4f6b-a8c3-ae16b26bfdb6,
f1c36135-9721-4ea2-9a65-bf4a80792554,134f636b-b676-44e8-bf28-6b3a949b3d08,2025-11-20 09:37:06.056,2025-11-20 09:37:06.056,10004,R5wtjjS0Fd,com.sec.android.app.shealth,36f601d6-080d-4659-81bf-e1783a56d72d,
da00c320-4d5c-41c0-bdfe-8ba71165d34b,25765d07-e815-4c6d-84fc-a172eb7439bf,2025-11-19 22:21:07.655,2025-11-19 22:21:07.655,10004,R5wtjjS0Fd,com.sec.android.app.shealth,cf94b44f-e6be-4a6e-beac-0433de415b42,
2881791d-3da6-4f85-894d-8ecc598691fe,89c83eb1-d9ae-4fc0-b8c4-1e18fb608785,2025-11-20 00:13:51.290,2025-11-20 00:13:51.290,10004,R5wtjjS0Fd,com.sec.android.app.shealth,6fa8f673-038b-4979-bb6f-9bdea8f24600,
85225f33-3cab-4d1f-9d7f-fc73b28873da,ffeb203e-b251-4b06-84c0-6ae96a4339cb,2025-11-20 09:37:06.073,2025-11-20 09:37:06.073,10004,R5wtjjS0Fd,com.sec.android.app.shealth,ea4a1922-9809-4c00-b3cf-838eb38a594c,
d903f59c-3891-496a-9c63-57e64282a36a,e43559dd-28ca-4a3b-8ccd-c70b8788b18f,2025-11-20 09:37:05.953,2025-11-20 09:37:05.953,10004,R5wtjjS0Fd,com.sec.android.app.shealth,1b6fd36f-ac93-400e-84bb-59380018b68f,
01e13726-33e9-435e-a194-918a270efc7f,61456783-2a96-4ccf-8f21-7896e9f886a9,2025-11-19 20:24:51.841,2025-11-19 20:24:51.841,10004,R5wtjjS0Fd,com.sec.android.app.shealth,63452463-d94d-416a-89a8-e50e858c43b7,
c71ce2ae-9d1b-4add-9026-69cdfcb14b6b,aeceb5a4-316f-4cdd-a762-a627c6c725e1,2025-11-20 11:08:55.771,2025-11-20 11:08:55.771,10004,R5wtjjS0Fd,com.sec.android.app.shealth,3e7fe852-de67-4b38-9d34-c84669108158,
bba49ca8-3747-4f58-a7d9-612a170a06fa,205dad32-1780-4ba6-b12d-6456cc7f41bb,2025-11-20 09:37:05.948,2025-11-20 09:37:05.948,10004,R5wtjjS0Fd,com.sec.android.app.shealth,c83e1dc9-f269-4e6e-9bd0-97cd7460e5e3,
1bb7f78c-1b84-4e62-9105-aad2666f3217,b53bca1e-373e-4a03-84b6-4bdcce05372f,2025-11-20 09:37:06.067,2025-11-20 09:37:06.067,10004,R5wtjjS0Fd,com.sec.android.app.shealth,104c8b06-ba3b-4e91-a690-15cc1d120fd2,
46e6c622-7ed8-423b-8ba5-0f534bc53b93,e02218ae-4bf9-4769-b485-bfc61c36103e,2025-11-20 09:37:05.105,2025-11-20 09:37:05.105,10002,R5wtjjS0Fd,com.sec.android.app.shealth,020fdd56-f448-4d79-ab8c-ca41a8fba3bb,
65b66ea1-4ca2-43b8-95af-4190c1553798,6b7a665a-3968-4e52-af96-2f0f718dda51,2025-11-20 09:37:06.077,2025-11-20 09:37:06.077,10004,R5wtjjS0Fd,com.sec.android.app.shealth,b4404793-2f95-444a-ad36-aaa4e961edfa,
a5b6d923-c880-417b-8173-3bafd96540bb,69570128-88a1-41dd-985e-4fcfeecddc49,2025-11-20 11:08:55.757,2025-11-20 11:08:55.757,10004,R5wtjjS0Fd,com.sec.android.app.shealth,4292281c-7bfb-4040-aefe-bcce7749c0ea,
94e042cf-cb71-499a-abe4-d0410267f6a7,485ca067-ba82-49b8-858c-2fbe1da04571,2025-11-20 10:11:25.475,2025-11-20 10:11:25.475,10004,R5wtjjS0Fd,com.sec.android.app.shealth,09a48ebf-a613-45d2-a4fd-3224aa9dd473,
d321b3e7-5ef5-4574-ae12-15e8e20c03b0,828117ed-1f84-4f28-b452-45c8158ecdd8,2025-11-20 09:37:05.487,2025-11-20 09:37:05.487,10007,R5wtjjS0Fd,com.sec.android.app.shealth,12ab99e9-857f-4a48-b056-2e3e814bad01,
e70ca4f6-0911-43a5-a22d-411d0ae0a28f,32bbdccb-decc-4472-aa05-98a710030cbc,2025-11-20 09:37:06.080,2025-11-20 09:37:06.080,10004,R5wtjjS0Fd,com.sec.android.app.shealth,85b4e6e8-f4b3-42d9-9a7f-e7b6be5b1ee7,
750a2b70-4d3b-4b60-904c-5d52ba20d183,87929b71-0afc-4347-b1ce-1326497d26a2,2025-11-20 12:04:49.579,2025-11-20 12:04:49.579,10004,R5wtjjS0Fd,com.sec.android.app.shealth,1c4536cd-f8fe-4c18-a304-ccd3e8fab86f,
e27263c5-35c1-40e5-98c5-886e5174a6e9,1779de16-65a4-4668-aa86-87039a72063c,2025-11-20 11:50:01.907,2025-11-20 11:50:01.907,10001,R5wtjjS0Fd,com.sec.android.app.shealth,9a932aa2-236d-4700-a8fb-0985f96012cc,
e1b0e62b-dd45-4693-bc05-bc5804b8624d,f7642f39-460b-4941-acee-eb383a9f7a07,2025-11-20 17:17:31.882,2025-11-20 17:17:31.882,10004,R5wtjjS0Fd,com.sec.android.app.shealth,ed11c816-663b-4396-a2a1-7ea6270076a5,
2ee33e90-7ef3-40c2-86c5-1fa1c10c79ac,e914652a-d708-406f-80c5-c693f6521b92,2025-11-20 18:50:08.851,2025-11-20 18:50:08.851,10004,R5wtjjS0Fd,com.sec.android.app.shealth,5f97fc66-0c25-443a-9191-a648ae9bac35,
e76b126c-b74a-4b5f-89e1-bd30cad685f0,c1832828-29e4-4171-9757-95dc42f4f0dc,2025-11-20 22:17:51.968,2025-11-20 22:17:51.968,10004,R5wtjjS0Fd,com.sec.android.app.shealth,48d93089-ac66-4285-9687-5253751c3c69,
cdca24be-d2f2-4325-ae10-535176d18192,915d00d8-3e57-4ede-8570-8218413e6bef,2025-11-20 16:07:32.605,2025-11-20 16:07:32.605,10004,R5wtjjS0Fd,com.sec.android.app.shealth,c7d39057-8786-4be6-b10f-f29023ebd0eb,
564774dc-03b9-406e-bcc9-9f1e6ee5ce2d,37cd298d-a88c-4b91-89ac-d9b4da2ebf48,2025-11-20 22:17:51.977,2025-11-20 22:17:51.977,10004,R5wtjjS0Fd,com.sec.android.app.shealth,cb428903-d80b-47cb-9755-999480e2672a,
32143657-b0c8-4bb2-a679-62e6806c0bee,338008cd-a0ef-4b37-9016-4876f2a35251,2025-11-21 03:51:12.705,2025-11-21 03:51:12.705,10004,R5wtjjS0Fd,com.sec.android.app.shealth,bae83775-5f26-4dc5-ac45-1dc011f19fff,
c2874805-1352-4cac-ad75-fcab99c833ad,1fa01f08-6fe4-4c01-b0d4-29067a54d327,2025-11-20 13:06:00.634,2025-11-20 13:06:00.634,10004,R5wtjjS0Fd,com.sec.android.app.shealth,7c83cb49-ffd4-45d7-beb7-f6fcdffb3739,
eb961364-fa12-4cc9-afb3-1e462e06111a,aa9bd1ad-9675-4df4-930e-73909d98d814,2025-11-21 07:44:16.894,2025-11-21 07:44:16.894,10004,R5wtjjS0Fd,com.sec.android.app.shealth,c3422c08-3790-4c6b-9524-1a8aedb54caf,
dc94b1e9-5d54-40e3-8418-e5a452d284f3,a90f2f14-a0d2-41ce-a85e-ce6905368861,2025-11-20 22:17:51.982,2025-11-20 22:17:51.982,10004,R5wtjjS0Fd,com.sec.android.app.shealth,1e7a2ebe-508a-4d62-909d-4c567bd294bb,
2d9d832a-a938-4324-9ce9-f0df35207fa0,3498a3e4-6e74-44ca-af7f-b1f0046cff1f,2025-11-20 14:04:00.395,2025-11-20 14:04:00.395,10004,R5wtjjS0Fd,com.sec.android.app.shealth,0e18563d-279b-40ac-aa94-7a97e233ae2a,
3e49a42e-c322-4008-9002-016fe12ea809,f5d680a7-f2d0-4522-a26a-515a2c89ef9d,2025-11-20 15:34:13.666,2025-11-20 15:34:13.666,10004,R5wtjjS0Fd,com.sec.android.app.shealth,f4230005-90d3-4cd0-b1d6-ad4724c6fa3e,
016a6063-2625-4eb6-9b80-d394012db077,dab53361-149c-4bac-83a8-7efae2026efa,2025-11-21 10:36:05.301,2025-11-21 10:36:05.301,10004,R5wtjjS0Fd,com.sec.android.app.shealth,e9d2e0ba-1870-42c0-a7c7-0e40baf3124f,
f9acbe0d-7dbf-421f-baa3-1993cac295c6,f8284f46-1615-442a-9da8-bf0797aa750f,2025-11-21 03:51:12.676,2025-11-21 03:51:12.676,10004,R5wtjjS0Fd,com.sec.android.app.shealth,6b9af125-ab6d-49ba-9e90-3606dd0758bd,
4569c35b-d0d2-4186-8dab-b60852fa2498,695c9d64-5784-42d6-9557-14b2c500bacb,2025-11-21 07:44:16.473,2025-11-21 07:44:16.473,10007,R5wtjjS0Fd,com.sec.android.app.shealth,038998c8-8147-470c-a71c-1f298011d70d,
516cd6f6-8aa9-49cb-9fc5-c52ae476f0fe,02fd4114-27a9-4177-8ab6-9705a9bce459,2025-11-21 07:44:16.799,2025-11-21 07:44:16.799,10002,R5wtjjS0Fd,com.sec.android.app.shealth,8fe1ea17-7a6d-46dc-9316-836195c993ab,
b1defa6c-d019-448e-bd9c-a213121546a4,7516ff6c-2402-442e-b2e9-3190b295c8e3,2025-11-20 22:17:51.994,2025-11-20 22:17:51.994,10004,R5wtjjS0Fd,com.sec.android.app.shealth,f08097fe-8910-415c-809e-2d41c26c1fce,
c3940ac0-bf64-4a15-a48f-8f69b0c3d0d1,2c938b0c-ab51-4ea2-8ff3-49e4e20c009d,2025-11-21 10:36:05.306,2025-11-21 10:36:05.306,10004,R5wtjjS0Fd,com.sec.android.app.shealth,8eff1912-cbbc-45c7-b9a8-bdb0f961b4ed,
30257abe-12af-4b8e-9fa4-8ee260fd9e3f,7fa3b17e-9f81-4a1d-ace7-aea25ea97733,2025-11-21 07:44:16.886,2025-11-21 07:44:16.886,10004,R5wtjjS0Fd,com.sec.android.app.shealth,a9d74fc4-5f89-4f23-a32a-6124efecb84c,
d30f3155-0d5c-4fe0-af85-857712477c00,ea134a66-63a6-4a90-a1b1-9d148ada31ef,2025-11-21 10:36:05.222,2025-11-21 10:36:05.222,10000,R5wtjjS0Fd,com.sec.android.app.shealth,26858b57-29c2-4352-a638-408ae318fe85,
8a73779b-cd4f-4ad0-af1c-6a45f999cbeb,9d80b9a8-2922-49aa-8a99-e5a0e50fc5d9,2025-11-21 07:44:16.925,2025-11-21 07:44:16.925,10004,R5wtjjS0Fd,com.sec.android.app.shealth,472996f0-6aba-4446-ad29-e4f95cca852f,
25caa200-d9c6-47ac-802d-a8615034a85b,b8dd101e-1e97-4c53-b9b8-32ddb64099ba,2025-11-21 07:44:16.901,2025-11-21 07:44:16.901,10004,R5wtjjS0Fd,com.sec.android.app.shealth,d29be875-6fe6-42c2-9afa-d30eb035d3fc,
3f3bf4d0-d4ad-43b5-b388-0ee16438641c,2161eb45-f9da-44b6-a433-cbd00df51edb,2025-11-21 10:36:05.296,2025-11-21 10:36:05.296,10004,R5wtjjS0Fd,com.sec.android.app.shealth,bd710551-1b33-4fb6-bbac-406a0407d01f,
288f730b-7122-4e5b-a8ce-f7de91a49133,35ec6da9-46e7-4eeb-aa9a-dc2b3840ec2b,2025-11-21 10:36:05.316,2025-11-21 10:36:05.316,10004,R5wtjjS0Fd,com.sec.android.app.shealth,83039a76-236f-40d7-b41b-fce8376fb52e,
ecc4ab8b-cf18-4c66-90c1-bdaa625f66fe,3bdc04a1-54bb-41a8-ae03-4e085c740ebc,2025-11-21 14:04:15.378,2025-11-21 14:04:15.378,10004,R5wtjjS0Fd,com.sec.android.app.shealth,81448c65-db5e-42be-bc73-574a225e3ba6,
9f965bb3-ed02-4178-ba9e-522d9f6c2e04,2c133195-4ebc-49d2-85d0-bf260f446a4e,2025-11-21 15:49:09.598,2025-11-21 15:49:09.598,10001,R5wtjjS0Fd,com.sec.android.app.shealth,e0377f78-e5a0-4377-92a5-2e3c683abc46,
21cc99ff-4249-4453-9145-3b43e54940cb,f2505acf-6887-4bd6-b883-8cb849076cb4,2025-11-21 12:29:12.762,2025-11-21 12:29:12.762,10007,R5wtjjS0Fd,com.sec.android.app.shealth,c42cd451-c140-46bd-80c5-7f4f4a52deb8,
0178625c-b22a-434f-a93d-a841923cc4b8,386784ca-90bc-4723-ab5c-38f8760164f2,2025-11-21 12:29:16.601,2025-11-21 12:29:16.601,10002,R5wtjjS0Fd,com.sec.android.app.shealth,3df76a23-30cd-4519-b98b-5b6a5efd35e7,
5c0eeb5f-30eb-4226-8b6c-188b000bd92f,24f3b8d0-0c0d-4e12-9fd4-efaad1ffbaf2,2025-11-21 15:49:11.966,2025-11-21 15:49:11.966,10004,R5wtjjS0Fd,com.sec.android.app.shealth,acec5c21-432d-4680-8787-eaf014d1c378,
7641f821-7d57-421e-a297-545c6a5880f1,61a5d147-8749-4e90-8e5a-cb8486317c01,2025-11-21 12:29:19.636,2025-11-21 12:29:19.636,10004,R5wtjjS0Fd,com.sec.android.app.shealth,454ad6ea-c371-4193-a95a-e3eb26ba62cc,
c9bc0caf-771a-4650-b8ca-00dbea2db906,830e232d-24a3-472c-ae87-7fa41f040f71,2025-11-21 16:04:51.187,2025-11-21 16:04:51.187,10004,R5wtjjS0Fd,com.sec.android.app.shealth,c1a5d5d1-9194-4a09-9093-bf1e2678cd05,
0f1ac868-bcde-4623-bc65-d30b85301f97,74a10fdb-45ab-4dc3-bb4e-ea6e874f10a3,2025-11-22 00:14:58.050,2025-11-22 00:14:58.050,10004,R5wtjjS0Fd,com.sec.android.app.shealth,10a64a1b-0da7-4c06-8fc4-c1dcf4894b6c,
cf3679d6-a14c-4fb0-8b57-9df8f7c197c3,f14c5658-81d2-4461-9048-8f7916004ca9,2025-11-21 12:29:19.640,2025-11-21 12:29:19.640,10004,R5wtjjS0Fd,com.sec.android.app.shealth,371ce055-3f3d-44ca-a66d-0b5cbde7bb85,
38238ad5-f09a-4f29-97e8-28fc0fc3851f,82a61c11-56c1-4f0e-b914-ed33cb810af3,2025-11-21 14:04:15.337,2025-11-21 14:04:15.337,10004,R5wtjjS0Fd,com.sec.android.app.shealth,4be301b0-207a-4ea6-bc01-7abf92e83a6e,
bf7de897-16f7-465d-87ae-4508ec00c026,7f625f7b-877c-4a95-9ce9-feff3fd3ce25,2025-11-22 09:27:49.307,2025-11-22 09:27:49.307,10004,R5wtjjS0Fd,com.sec.android.app.shealth,afd0bf03-0686-4106-a4bd-0c389243dc0c,
bfb2309d-8ea3-4d45-a5ed-0ee4acffce87,6e8be94c-5b2a-4df1-b9f1-0c977ce7b306,2025-11-21 20:09:18.557,2025-11-21 20:09:18.557,10004,R5wtjjS0Fd,com.sec.android.app.shealth,e0aaf356-1c5d-4062-b5bd-56251deb0f93,
5f73f848-acdf-4882-95db-906772bbe754,c07e1574-642a-4427-9340-2e1f47e667f8,2025-11-21 21:08:15.584,2025-11-21 21:08:15.584,10004,R5wtjjS0Fd,com.sec.android.app.shealth,d4c2173b-ecbb-49d6-a5f6-faa0e368ebc3,
8dcc9e12-4e15-4aac-8d62-7247201e9d0b,c14a85a1-ed18-4140-8810-f17646e1099f,2025-11-21 14:04:15.381,2025-11-21 14:04:15.381,10004,R5wtjjS0Fd,com.sec.android.app.shealth,2ef03dba-b697-418b-ac6a-7749bd187a0e,
ebaec8f4-3abf-447f-a40c-8a1b88c69d2a,f44e3153-403a-42fc-a61b-0a9e982f1665,2025-11-22 09:27:49.272,2025-11-22 09:27:49.272,10004,R5wtjjS0Fd,com.sec.android.app.shealth,dfb8d477-06b6-4cd5-894c-02e5d425687c,
0d6326fd-7c34-48fd-a4e8-5dffa2812ccb,cc1af7ac-9e0a-4261-b5a0-807054f63674,2025-11-21 22:03:23.136,2025-11-21 22:03:23.136,10004,R5wtjjS0Fd,com.sec.android.app.shealth,a39d8464-3d78-41d3-849d-8465cffd6b2e,
71112c1b-5e13-4069-a7b3-d8e1b5e8440b,ebe5a55e-ea9a-4906-b5af-8e5dbf86fe06,2025-11-21 18:21:08.057,2025-11-21 18:21:08.057,10004,R5wtjjS0Fd,com.sec.android.app.shealth,b1f0e24b-732d-4d36-9071-6592fe475664,
aee0fdf4-5212-49a6-b5b5-737d23493fdf,97680348-0b02-4612-ac5b-5f744bee5b26,2025-11-22 09:27:48.046,2025-11-22 09:27:48.046,10007,R5wtjjS0Fd,com.sec.android.app.shealth,2cdb429a-0254-40b9-8e61-d3eb68dc6df6,
dd966bb8-dae5-41ec-b034-d60f78888227,ec3111c5-2d73-41ba-b2ab-8f7dcbdc6a55,2025-11-22 09:27:49.323,2025-11-22 09:27:49.323,10004,R5wtjjS0Fd,com.sec.android.app.shealth,df20cfb1-00f7-4562-855a-4bc1212ee74f,
19e4997d-bce5-4109-bbdd-d7777ed0a4e6,7e3ef652-5637-462b-9680-d73678274de1,2025-11-21 19:37:53.006,2025-11-21 19:37:53.006,10004,R5wtjjS0Fd,com.sec.android.app.shealth,1367be03-999f-4546-a015-4c406d2629ae,
7f53b4cb-ee32-41a2-a326-23fdbe026c46,4a8278cb-393a-4891-a925-0bb8fbac1f6f,2025-11-21 17:10:30.683,2025-11-21 17:10:30.683,10004,R5wtjjS0Fd,com.sec.android.app.shealth,33e88120-b02e-40fd-b01a-fd991ae7de96,
c8517f68-545a-48f4-b18d-a03c84670d6e,354ee9b6-3b24-4beb-be6d-b25f606045fc,2025-11-22 09:49:08.482,2025-11-22 09:49:08.482,10002,R5wtjjS0Fd,com.sec.android.app.shealth,e31a842f-259f-4e2b-a5b5-288110805dcc,
0f55e695-8573-4b0c-88d9-7454fab1eaab,4eec0018-86e9-49f4-b9f1-906ceec41723,2025-11-22 11:35:10.781,2025-11-22 11:35:10.781,10004,R5wtjjS0Fd,com.sec.android.app.shealth,996cfc67-1f46-4d7c-91a1-360110fd4b7e,
dce19d2e-0dbe-4e2d-bc2c-153da402d214,cb982bdb-bd93-4b01-8ff2-e946c8ef2d23,2025-11-21 23:06:37.125,2025-11-21 23:06:37.125,10004,R5wtjjS0Fd,com.sec.android.app.shealth,77f0a47e-1e96-4c9a-8cc0-308bb4db162d,
7e44e595-0961-419f-9698-1445645bf992,ebbf72a1-b235-4e9e-b409-8809e6ba6433,2025-11-22 09:27:49.351,2025-11-22 09:27:49.351,10004,R5wtjjS0Fd,com.sec.android.app.shealth,1331c44a-585c-4c6e-95fe-65e6a81210a9,
de9c4e9b-3147-4934-be23-2f16817d38e4,2bf7b4c9-020f-4727-9db9-10b7d23d8d03,2025-11-22 09:49:00.087,2025-11-22 09:49:00.087,10007,R5wtjjS0Fd,com.sec.android.app.shealth,50410a82-5fd3-4d49-86b9-36847a225c9c,
f095a8ce-385c-4ab8-8b4f-a2ee2158e2c7,ca2ec6ca-dcf2-4884-8089-03f5ebe3f5c3,2025-11-22 13:10:13.436,2025-11-22 13:10:13.436,10004,R5wtjjS0Fd,com.sec.android.app.shealth,b6160838-070d-4702-b7c5-c5e027c3784d,
ca4766de-e5a5-48cc-9d4e-e56e1b498d3e,06b6bed6-24a9-4298-af7c-a59428eb5097,2025-11-22 09:27:49.452,2025-11-22 09:27:49.452,10004,R5wtjjS0Fd,com.sec.android.app.shealth,c60e6bbb-7ec6-440d-8fc9-25de23790b45,
dd5ae36e-b63a-47b6-9ec9-db4ed3e8722f,94e53a47-ca71-454b-8938-3a1dbd3c8b05,2025-11-22 09:27:51.834,2025-11-22 09:27:51.834,10002,R5wtjjS0Fd,com.sec.android.app.shealth,6b6b5a9d-29e9-483e-bc53-5b0e3b8c1a06,
3f870460-4553-4947-bee2-f0c305be2b6b,9aead437-94c7-4737-9c4e-75a16276bc66,2025-11-22 09:27:48.524,2025-11-22 09:27:48.524,10000,R5wtjjS0Fd,com.sec.android.app.shealth,50c01362-87cc-4342-b9a0-f2deed804a39,
99ebf6f3-681e-45a2-a895-8bda830e1b4a,5dc0a544-f822-4a8a-ae3f-86faff352f57,2025-11-22 09:49:02.016,2025-11-22 09:49:02.016,10002,R5wtjjS0Fd,com.sec.android.app.shealth,c6633d0a-da5f-4894-bf69-e32ac09665cf,
7d9b7b55-b578-4a8d-a65d-2879b2f2bc2c,03174c6f-7fec-4f83-aa76-85bc437bfc3a,2025-11-22 01:21:53.380,2025-11-22 01:21:53.380,10004,R5wtjjS0Fd,com.sec.android.app.shealth,aab06d87-00b6-4f36-bf41-0ffe25783d48,
37edb72e-a9b6-4371-b39d-a8d0ef5cf0a7,c1eb5bd6-f484-46d0-9f13-5d7de056eeb1,2025-11-22 09:27:49.483,2025-11-22 09:27:49.483,10004,R5wtjjS0Fd,com.sec.android.app.shealth,737c009f-f097-476a-9235-fd25430f0320,
e96dde39-6b5f-4191-9cc5-262f70071df1,e623f4dc-5667-485f-bb59-8fbefd34a4b2,2025-11-22 09:27:49.381,2025-11-22 09:27:49.381,10004,R5wtjjS0Fd,com.sec.android.app.shealth,3216b42f-3266-4a90-a774-a87edfa10fbf,
e1a1675b-2905-4838-9107-139eadd2874b,46314642-3a6c-4679-b416-f1d19e4ecd34,2025-11-22 09:27:49.408,2025-11-22 09:27:49.408,10004,R5wtjjS0Fd,com.sec.android.app.shealth,fd69e222-22a0-47f2-9502-703fd1de43ef,
351a5e77-6454-4fa4-ac09-8ab2106ffc79,46dbea76-4807-4f98-a248-22d2317e2442,2025-11-22 10:31:45.224,2025-11-22 10:31:45.224,10004,R5wtjjS0Fd,com.sec.android.app.shealth,0bcdd159-fc36-4d9a-b658-654ed6fd19e6,
1503f5fc-f293-48a3-b475-1adbfdce069a,cf90870b-c6f5-47ef-ba4d-d2ad05dad3ab,2025-11-22 09:49:11.075,2025-11-22 09:49:11.075,10007,R5wtjjS0Fd,com.sec.android.app.shealth,9d274d92-d288-4f2b-af2e-2ca7ac4dfd8c,
23a2c8eb-8e59-41ec-89d6-480a5f84098d,6e017129-9a96-4ee6-abe6-e0773aa69d00,2025-11-22 12:07:55.599,2025-11-22 12:07:55.599,10004,R5wtjjS0Fd,com.sec.android.app.shealth,af66cd78-b201-4584-819c-acd516888734,
df8dfd8b-cf79-46ce-bb02-22815a6094d1,2a1f0786-f80c-4daa-b104-8919ebde856e,2025-11-22 14:09:39.505,2025-11-22 14:09:39.505,10004,R5wtjjS0Fd,com.sec.android.app.shealth,0aa40e79-d74b-43e7-9c7a-974b74a5a275,
e3ef61ca-0f10-4142-85c4-f37f12d92ef6,36fd7410-eb19-4a07-b024-d39c2489aee5,2025-11-22 15:09:00.646,2025-11-22 15:09:00.646,10004,R5wtjjS0Fd,com.sec.android.app.shealth,61d773a6-d8f7-4469-8f4e-bf4c87291508,
fe93a808-7590-4a6a-8010-d1603d899265,fa5ad9dd-b22e-4ed7-a481-8c33b037355b,2025-11-22 16:50:50.673,2025-11-22 16:50:50.673,10004,R5wtjjS0Fd,com.sec.android.app.shealth,fce90296-2086-482b-b0d6-a50cb9c25475,
c0e46b2d-92e6-4e48-a689-3479c456cde7,0eb018d6-2d70-49db-8268-18a73fb1a08c,2025-11-22 17:06:13.954,2025-11-22 17:06:13.954,10004,R5wtjjS0Fd,com.sec.android.app.shealth,6d53bbb6-5080-422a-aa06-fa36c6ce0e0a,
e897e613-f99e-4a79-9ce1-5500eb55657e,c83b5260-dd2f-4427-9e51-09489878f48c,2025-11-23 01:59:06.062,2025-11-23 01:59:06.062,10004,R5wtjjS0Fd,com.sec.android.app.shealth,d5df1247-5c60-4516-bf05-cd50567494ca,
fe782129-4cf8-4b1d-9163-3bf026d27165,e0d5a0ff-c955-4074-ae37-f4e7b6a0c21b,2025-11-22 18:24:28.392,2025-11-22 18:24:28.392,10001,R5wtjjS0Fd,com.sec.android.app.shealth,f6192c89-636c-4a62-af25-874b5ba7d4af,
f589b2ac-6790-4511-be8f-59e924afa90a,1bc69513-9951-41b7-b2bc-1bf2c7595595,2025-11-23 10:06:15.152,2025-11-23 10:06:15.152,10004,R5wtjjS0Fd,com.sec.android.app.shealth,a9130159-d4bd-4ca7-9ede-424672bb0e6d,
fe9551b0-f41a-463b-b4ff-60b317f6d6ba,25ec816a-9e72-4bcf-a42e-b306c8abc597,2025-11-23 10:06:15.159,2025-11-23 10:06:15.159,10004,R5wtjjS0Fd,com.sec.android.app.shealth,afcdf7e5-49d1-4567-a10d-5a9de56e888a,
508f11fc-5489-4254-89ec-9c9cbf205087,8ec38180-f60d-4a52-a3ec-b5816cf1d0dd,2025-11-22 18:24:28.411,2025-11-22 18:24:28.411,10004,R5wtjjS0Fd,com.sec.android.app.shealth,d80a1a7a-bc46-4099-82cd-4bb823756891,
21bcf4ce-8381-47a5-a0e8-c4e1efafe66f,b9ff38a8-7da7-4957-bd52-d7fe509d1b0e,2025-11-23 10:06:15.135,2025-11-23 10:06:15.135,10004,R5wtjjS0Fd,com.sec.android.app.shealth,8678da77-0be8-4027-b104-93cb59d7eebf,
c42fbd65-a07d-43da-80f8-0bb20713215d,17e93a7d-e924-4955-abe3-79c824e8a8ed,2025-11-23 00:28:57.299,2025-11-23 00:28:57.299,10004,R5wtjjS0Fd,com.sec.android.app.shealth,4336c382-e04c-4508-8211-7ecb8ee01537,
75fc2658-1f78-43e6-a95e-fa0ecee2d05a,11df790b-30af-4472-8a60-889e90d9e353,2025-11-23 02:38:36.977,2025-11-23 02:38:36.977,10004,R5wtjjS0Fd,com.sec.android.app.shealth,5563e057-b9f9-4fa9-8dd9-fc023cdb1466,
f3b4d6cb-7010-416b-9446-17882991e73d,430f7aed-285f-495c-99bc-62f281d5709a,2025-11-23 10:06:15.186,2025-11-23 10:06:15.186,10004,R5wtjjS0Fd,com.sec.android.app.shealth,90c55cb6-71e0-4782-9390-b907cdfce928,
61604aab-d2f1-47d4-8b9f-9549f6400fca,43d959a3-2dd1-4bcc-8854-c86024270bd2,2025-11-23 00:28:57.320,2025-11-23 00:28:57.320,10004,R5wtjjS0Fd,com.sec.android.app.shealth,9a4cadbf-9719-4c1d-b88e-5b8a16a39b20,
5fb28f90-5b1f-405c-97fd-7e188e04e1d1,6d984944-a074-43f7-8cbe-d7979bc30448,2025-11-23 10:06:14.977,2025-11-23 10:06:14.977,10007,R5wtjjS0Fd,com.sec.android.app.shealth,ffaff46e-1e14-4b64-a9b5-372931fd026c,
8468a150-0b9a-403f-946b-348cc9b210e4,fd5784eb-8fcb-45fb-82f0-16269669dc41,2025-11-23 10:06:15.163,2025-11-23 10:06:15.163,10004,R5wtjjS0Fd,com.sec.android.app.shealth,7d467f5a-4ce2-49da-9099-44a504e730d9,
d3c4164b-0b82-4496-adc2-dd5ecca86a96,f38354e4-1998-4126-a8ef-d31e3d0ad938,2025-11-23 10:06:11.417,2025-11-23 10:06:11.417,10000,R5wtjjS0Fd,com.sec.android.app.shealth,24eab25a-c395-4c53-99e0-609b88262062,
a2e7b3cf-3c7f-4f4a-9539-e629e427623a,c7a1fa06-ee80-4d99-8b24-45f790092188,2025-11-23 10:06:15.179,2025-11-23 10:06:15.179,10004,R5wtjjS0Fd,com.sec.android.app.shealth,3139982f-06f0-4fe6-ab87-1ae4ba038a38,
ca2ebf23-78c6-484b-b5a6-a617045d35c4,6959af3f-187b-4fc2-a660-7040e23433ab,2025-11-23 10:06:15.130,2025-11-23 10:06:15.130,10004,R5wtjjS0Fd,com.sec.android.app.shealth,e6eb3b6e-6709-448c-8bbd-b025b7f14d2d,
81e15c5f-d5ae-4679-bbac-8bcaaf937e7c,ab89920b-5975-4a23-abf1-2d99a879024d,2025-11-23 10:06:15.244,2025-11-23 10:06:15.244,10002,R5wtjjS0Fd,com.sec.android.app.shealth,582b4375-59c9-42f7-b2dd-9508ce9f7c1d,
3daffef8-edbc-41c9-9a51-52b9f101229d,c6cfb9bc-2555-4f6e-871d-92adb5133266,2025-11-23 10:06:15.191,2025-11-23 10:06:15.191,10004,R5wtjjS0Fd,com.sec.android.app.shealth,2c37a66b-ae0a-4360-b4a9-b0612418968f,
f01c4bc0-b2ae-4410-8100-fd4791993996,4e166f1f-b965-4b8c-a4a4-1eada52c59ad,2025-11-23 11:21:19.831,2025-11-23 11:21:19.831,10004,R5wtjjS0Fd,com.sec.android.app.shealth,41d1db0e-3ad0-47fb-9180-1ca9ca6a51b0,
7a17182e-1ee1-4992-82d0-b0adcd791381,19098ed1-f118-42ca-8428-5881578325d1,2025-11-23 10:06:15.168,2025-11-23 10:06:15.168,10004,R5wtjjS0Fd,com.sec.android.app.shealth,d0f00b06-ba2f-4443-b073-988c27ee2c3d,
f402baf1-7093-424a-9484-8c8184752458,70dfc089-60d7-481f-a175-98af44dd91d0,2025-11-23 12:02:26.188,2025-11-23 12:02:26.188,10004,R5wtjjS0Fd,com.sec.android.app.shealth,7a349cfd-a90f-4049-96f7-58e0a037d455,
6b54ba0e-f43f-4e0d-b8ec-22aba155c219,032fdbfd-d2c9-4cf3-898f-1ce7fc27b86a,2025-11-23 13:02:38.853,2025-11-23 13:02:38.853,10004,R5wtjjS0Fd,com.sec.android.app.shealth,5c0b2374-b162-4e49-9022-cf2775c10645,
cd8001d2-aeed-44da-ab9b-cbfebc56d7e9,4a75fa9e-e2bd-473e-a2f0-a1636ca41baf,2025-11-23 17:19:53.245,2025-11-23 17:19:53.245,10004,R5wtjjS0Fd,com.sec.android.app.shealth,0496f31f-7f96-41dc-a999-b1b6d03405c2,
0085dbbd-b18d-44e0-8197-2025f638aa81,f73c620f-87d2-4764-ad64-31a75a29ee47,2025-11-23 18:05:31.447,2025-11-23 18:05:31.447,10004,R5wtjjS0Fd,com.sec.android.app.shealth,c4b6acb5-94d3-4e43-a6af-640155153515,
7c9827cb-fdfa-4a51-adac-d13da82d5019,932591b0-588d-4b4c-90d9-165723bb7e29,2025-11-23 19:54:56.863,2025-11-23 19:54:56.863,10004,R5wtjjS0Fd,com.sec.android.app.shealth,d3dce897-1547-4406-85ae-155d4003d941,
2b7a5aba-ec99-4ade-8ade-33f99e8fccce,1d0fca1c-362d-4ccf-adea-3f9927e83106,2025-11-23 14:15:16.056,2025-11-23 14:15:16.056,10004,R5wtjjS0Fd,com.sec.android.app.shealth,45822807-b40a-45ca-92dd-30ab529972c9,
3de6570f-c4a5-42a9-a247-27647ec7b796,1a950195-db6c-4670-895e-f25fc925ffb4,2025-11-23 20:27:31.803,2025-11-23 20:27:31.803,10004,R5wtjjS0Fd,com.sec.android.app.shealth,e18c6ba2-dde2-4543-b75b-213873667563,
2b60da7f-f8d9-45c8-b390-c72c8f186984,fe035bfb-6c0c-44f0-8722-c237227d5339,2025-11-23 22:14:30.913,2025-11-23 22:14:30.913,10004,R5wtjjS0Fd,com.sec.android.app.shealth,3e25493d-054f-46bb-bf77-f9a8158e48a4,
cdce81ef-17bd-4744-9738-c116eb583f49,1fca84aa-080d-4109-92c9-ece649179ba1,2025-11-23 15:22:05.135,2025-11-23 15:22:05.135,10004,R5wtjjS0Fd,com.sec.android.app.shealth,20c6fc75-1598-418b-a64a-b0578dce2b8a,
32f159ab-7a3c-468b-ae96-d24f4e97dfab,94f93d37-b42d-4adb-b6b1-a4c017a0ac02,2025-11-24 07:34:37.996,2025-11-24 07:34:37.996,10004,R5wtjjS0Fd,com.sec.android.app.shealth,752dbb3a-5167-4787-8f2f-20baafe430b6,
8327a841-13ef-49a0-ba62-99d427727db2,09876919-1a22-4fb9-89a6-ec21937deea0,2025-11-23 16:50:40.002,2025-11-23 16:50:40.002,10004,R5wtjjS0Fd,com.sec.android.app.shealth,7416e461-4cce-4cb8-a717-d89db7f061af,
e9a4aaba-bf8e-428f-9a76-e660f8cc1327,d281dc4b-eaf8-4050-9b65-8c644a997e01,2025-11-24 10:06:46.710,2025-11-24 10:06:46.710,10000,R5wtjjS0Fd,com.sec.android.app.shealth,75f84032-869c-4d34-92ab-fde78c979535,
5b2c7aa0-28d8-4420-ba98-98c74ef5797e,2f359208-b87a-4482-902e-8ae5ccb99392,2025-11-24 07:34:38.052,2025-11-24 07:34:38.052,10004,R5wtjjS0Fd,com.sec.android.app.shealth,34b19670-17f4-4122-9f0b-45cc39a054d5,
529ea824-e423-4b55-b8ae-46246260616c,39529ad0-6c3e-46e1-a9d2-44411d9f7775,2025-11-23 22:14:30.924,2025-11-23 22:14:30.924,10004,R5wtjjS0Fd,com.sec.android.app.shealth,f4c0af1e-449a-4e08-b983-df6109301f4c,
a5e7b417-d7e6-43ae-8c1f-8a5dd5366556,43a65372-8116-4f0d-89cf-cf9b5f2eff54,2025-11-24 07:34:38.047,2025-11-24 07:34:38.047,10004,R5wtjjS0Fd,com.sec.android.app.shealth,de582f92-58cf-4807-b30f-adb4d2498dda,
bf4f78ab-9471-4054-9c97-5232da2c2764,5b0f22f7-04d2-4efb-8e8f-eac26997cdba,2025-11-24 07:34:38.100,2025-11-24 07:34:38.100,10004,R5wtjjS0Fd,com.sec.android.app.shealth,6efcec41-71f4-4cf6-b223-580b85793579,
c2d2d3d1-d6ed-402f-b6ee-24cc9f224922,ab1bac79-36e9-48e4-be3f-f12dcb02f001,2025-11-24 10:06:46.775,2025-11-24 10:06:46.775,10004,R5wtjjS0Fd,com.sec.android.app.shealth,b7830fc5-fefa-4e9b-a839-67420741a0db,
a1e616f4-4552-4181-843a-5a131d01b516,a50c914f-29cb-467c-afde-8152807e9167,2025-11-24 07:34:38.125,2025-11-24 07:34:38.125,10004,R5wtjjS0Fd,com.sec.android.app.shealth,674bc65e-825b-4fef-833f-c16cf6bc5017,
a8c16d61-a4a2-41dc-9a2c-07804cb4a16b,af3d77c1-9528-4424-a1f9-ebcb9273a39c,2025-11-24 07:34:38.035,2025-11-24 07:34:38.035,10004,R5wtjjS0Fd,com.sec.android.app.shealth,591e60b5-fafa-4a66-8ea9-6b7f6c8e3d54,
b3e93d6d-353f-42e2-839c-7b6f381dc250,53e9de7f-91dc-4c11-9112-41d6df772173,2025-11-24 07:34:38.114,2025-11-24 07:34:38.114,10004,R5wtjjS0Fd,com.sec.android.app.shealth,6d3b9df9-59ec-491f-a09a-8efcef2c3678,
f751fc8c-04d5-492b-87ff-71e8d5c93933,da34c320-20de-4fb9-b665-401a5dd953b2,2025-11-24 10:17:17.864,2025-11-24 10:17:17.864,10002,R5wtjjS0Fd,com.sec.android.app.shealth,a5ccd889-8ea4-4134-b7e0-b95d9fa8252f,
1c74f90b-cb00-4b86-9446-18a15d823616,dee78972-4f71-4c76-bcec-edecb85ee5fa,2025-11-24 07:34:42.021,2025-11-24 07:34:42.021,10002,R5wtjjS0Fd,com.sec.android.app.shealth,44c7d0bd-6bb9-4da3-9ebb-fb14248930d3,
a7a52f7c-0796-4498-8545-1095d9f84403,d27529a8-ab77-48f1-97ea-3290d6671f54,2025-11-24 10:06:46.780,2025-11-24 10:06:46.780,10004,R5wtjjS0Fd,com.sec.android.app.shealth,8de18224-c811-4492-ba25-0de1f40e08ae,
46ce3690-cb60-4af1-aaa3-213e2aa99412,f7e822c2-7ded-4b6a-9971-a64b889bf62b,2025-11-23 23:16:26.196,2025-11-23 23:16:26.196,10004,R5wtjjS0Fd,com.sec.android.app.shealth,2179c5cf-f031-4e03-aa7b-8683d0a034ee,
2c658603-cd40-4b47-ab6a-7d18a842b965,52b2fe02-a238-439b-a291-56c60a24f9d7,2025-11-24 07:34:38.137,2025-11-24 07:34:38.137,10004,R5wtjjS0Fd,com.sec.android.app.shealth,1d886214-d425-447a-b243-a565745a743e,
11cf288e-6f7b-45e1-bc39-552ebdee7ca4,633b7405-7c43-454a-8d56-1483e126f48d,2025-11-24 10:06:46.800,2025-11-24 10:06:46.800,10004,R5wtjjS0Fd,com.sec.android.app.shealth,6439a91b-016a-440f-a60e-eb151524e7cc,
1988a4f9-4d16-4bf9-8a16-bc638094b73d,b3088d43-7816-4a07-82ce-1f37ff75c86a,2025-11-24 07:34:42.056,2025-11-24 07:34:42.056,10007,R5wtjjS0Fd,com.sec.android.app.shealth,02afddbe-3b7b-419e-8b05-f9bbcfa41739,
5b9b78ff-8ff3-4d76-8d4a-d327006febf2,f3beff23-0663-4193-bc4d-d733b30b59cc,2025-11-24 10:17:17.877,2025-11-24 10:17:17.877,10007,R5wtjjS0Fd,com.sec.android.app.shealth,6a8c0703-5368-4982-bbd4-04d72360e9d8,
e6d80e23-3c4c-4224-a665-4be9f205ce49,6085e5d4-c23a-4ff9-9149-2fdbaede3c49,2025-11-24 11:13:44.712,2025-11-24 11:13:44.712,10004,R5wtjjS0Fd,com.sec.android.app.shealth,00a325e6-617a-433a-8fe0-bf66c5da1803,
36afc802-0453-4f44-80c9-860098f0ea8c,08ae7fd5-a077-4550-b024-d041baea1df3,2025-11-24 13:41:58.179,2025-11-24 13:41:58.179,10004,R5wtjjS0Fd,com.sec.android.app.shealth,472c1581-fc6a-43fe-bc3c-5771c094e639,
ba975611-b080-4eb9-b667-a35a04bd6648,264a91ee-5bfa-4a67-8ac3-f7159ddb29ab,2025-11-24 15:37:16.740,2025-11-24 15:37:16.740,10001,R5wtjjS0Fd,com.sec.android.app.shealth,9e081a14-92c5-4a1e-9a34-7529e9fd5338,
c135feb6-7518-44fa-9b89-9b906694986f,2ffbd769-0ff0-49ee-b19d-07689f3028e2,2025-11-24 15:37:19.096,2025-11-24 15:37:19.096,10004,R5wtjjS0Fd,com.sec.android.app.shealth,ac2ed46f-a5bc-4281-9144-9f1d61c94473,
c62f04c7-1571-4df8-bfc0-daeadeb1b5ab,69027d83-34c0-4514-8834-d8c16d0c0f0b,2025-11-24 15:37:19.104,2025-11-24 15:37:19.104,10004,R5wtjjS0Fd,com.sec.android.app.shealth,3adc9603-e92f-40dd-be67-81516a781d39,
5cf7fc4a-68a1-48c7-afe2-fce6dfd054e0,887bd12b-e660-4389-b314-36245790120c,2025-11-24 15:37:52.018,2025-11-24 15:37:52.018,10001,R5wtjjS0Fd,com.sec.android.app.shealth,77847de2-9551-4efc-99fc-ba547fc44019,
50733325-08d8-42d5-8f1b-24a4b8643666,06748e41-2562-4718-b291-0b2b873ee8c7,2025-11-24 17:06:32.868,2025-11-24 17:06:32.868,10004,R5wtjjS0Fd,com.sec.android.app.shealth,4886467c-8c31-4b43-81f7-8125b2d38f6e,
0a7c30e2-3dbe-4171-833f-b603b02a8108,a95069a5-25d9-4024-b4a9-724abd90f585,2025-11-24 17:06:32.862,2025-11-24 17:06:32.862,10004,R5wtjjS0Fd,com.sec.android.app.shealth,44290e8d-4fc1-454b-bf13-a5d895319364,
67c86ee9-fc5c-4f0b-8079-08548b3d7d9e,9905f3aa-ff30-46cf-821f-a8b20f12c5d4,2025-11-24 20:11:24.734,2025-11-24 20:11:24.734,10004,R5wtjjS0Fd,com.sec.android.app.shealth,b5daa7d8-d7a1-4732-83eb-c2f4179b94bf,
566fe460-2280-45a7-81bc-33bc301d8d03,c0c0a367-4110-447c-8f7f-29b0c55fce72,2025-11-24 12:04:33.816,2025-11-24 12:04:33.816,10004,R5wtjjS0Fd,com.sec.android.app.shealth,09c4846f-80f5-4523-af48-cfab8d2f9c88,
4fc7af52-b8bd-4db3-b4fa-c4a6b402d96b,04af2bb9-902c-41aa-ae4b-3afd6e71871b,2025-11-24 18:04:42.452,2025-11-24 18:04:42.452,10004,R5wtjjS0Fd,com.sec.android.app.shealth,1375220c-4a4b-4a53-8473-77dbbd0f9b2f,
3fbfadd4-6686-4f24-acef-999c0c3646d6,ed27dc33-bf78-46e5-ba17-04d7f9c231ef,2025-11-24 13:41:58.171,2025-11-24 13:41:58.171,10004,R5wtjjS0Fd,com.sec.android.app.shealth,9f33f222-097d-4f7d-997e-03bab7d4befb,
cdbc6fd8-5e0a-460b-be28-39216ae4382a,80bdaacf-dfdc-4c22-a96f-e4c27630d7f5,2025-11-25 10:25:40.628,2025-11-25 10:25:40.628,10004,R5wtjjS0Fd,com.sec.android.app.shealth,65d76525-83d6-49a8-a01b-71b2f4425aa4,
46e51711-ada9-4675-a74e-5e297bba57c6,01c145ba-b4fd-430e-bb4d-a41f3f6a0c27,2025-11-24 21:13:56.492,2025-11-24 21:13:56.492,10004,R5wtjjS0Fd,com.sec.android.app.shealth,a88656ed-29e3-4c23-b88a-c008d45ba858,
b19e0d74-5889-4a37-bf0c-6edba0d1a8f8,ee691cbb-ed27-4da6-b42f-5b2bc68b5f6c,2025-11-24 22:14:56.477,2025-11-24 22:14:56.477,10004,R5wtjjS0Fd,com.sec.android.app.shealth,3df77897-2678-4e8b-acc0-49f5135c7ecd,
600148db-5bf1-4007-9b34-9c0d8656502e,13e7f175-2997-4c9b-85ce-a0f063924c71,2025-11-25 10:25:40.633,2025-11-25 10:25:40.633,10004,R5wtjjS0Fd,com.sec.android.app.shealth,5a9d35cf-62a3-4e29-bf01-ff58acf6731f,
f5eae799-d4d5-48e2-bf3f-ff06c3d6f29d,6de1ea43-93a3-4f3f-8147-b7b8bfc12669,2025-11-25 10:25:40.570,2025-11-25 10:25:40.570,10000,R5wtjjS0Fd,com.sec.android.app.shealth,4c424267-ec64-4088-8dfa-8144fd0bf84e,
17da222b-e455-472c-8d55-4c896a1f9780,8ed1683f-c3e8-4a2d-9c6d-c4d7f26719dd,2025-11-24 19:50:32.816,2025-11-24 19:50:32.816,10004,R5wtjjS0Fd,com.sec.android.app.shealth,b5c6514f-531c-45c7-a68c-c7be0e5f47db,
95f0fab0-d4b8-4cdf-a931-aee387e2f738,9446373b-b54b-41a2-9406-c3fd917edb82,2025-11-25 02:05:34.686,2025-11-25 02:05:34.686,10004,R5wtjjS0Fd,com.sec.android.app.shealth,801a5b40-ecd6-4a65-b2bd-ee2ee8223683,
364d3c7c-6c6f-4afd-bd87-0061a500c8ba,301501ed-293b-4770-b4f1-7f64e428ad40,2025-11-24 23:12:17.215,2025-11-24 23:12:17.215,10004,R5wtjjS0Fd,com.sec.android.app.shealth,8c2424e6-89c7-4322-91a4-c52ee0f17c7e,
2fe1c71e-f604-45aa-b329-4eca5608711b,e350dc69-d17b-48cd-b60c-e26455c95807,2025-11-25 10:25:40.652,2025-11-25 10:25:40.652,10004,R5wtjjS0Fd,com.sec.android.app.shealth,e751b831-3c43-4b5b-af5b-50f852a3f785,
3dbbe725-7e4a-495f-8282-58c2919b44fb,a0da3f33-1ca5-40f8-a905-fda847738b99,2025-11-25 00:11:51.487,2025-11-25 00:11:51.487,10004,R5wtjjS0Fd,com.sec.android.app.shealth,e030b6fe-b40a-48b6-984b-e05d95595a58,
2af65439-0af6-4cf7-a5ca-e62297585ca3,382d0711-41f7-4bc5-9859-1bde097e55e8,2025-11-25 10:25:40.658,2025-11-25 10:25:40.658,10004,R5wtjjS0Fd,com.sec.android.app.shealth,de00f0dc-77b4-432c-87dd-a561d0bc827b,
d4181e25-fec9-45d5-99ef-473498ec8b98,16be3fc0-fce6-41a7-bd7d-5896c8430429,2025-11-24 20:43:16.809,2025-11-24 20:43:16.809,10001,R5wtjjS0Fd,com.sec.android.app.shealth,c199ac32-0d11-46e6-847f-3871e6386221,
2e59ee9c-34a5-4f7b-a6f9-680cb512d20a,7f60ad49-54c3-4618-ac6e-616086d4e53f,2025-11-25 10:25:40.647,2025-11-25 10:25:40.647,10004,R5wtjjS0Fd,com.sec.android.app.shealth,6d005eb9-53fd-4683-a275-9d2203ab8106,
3add3fa6-0326-42a5-80b9-767b0e2a01f7,496574f7-75dd-470f-8f62-1e9d8a50245f,2025-11-25 10:26:26.632,2025-11-25 10:26:26.632,10002,R5wtjjS0Fd,com.sec.android.app.shealth,91915eaf-800f-4543-beea-14d0972b4b76,
64c9c56d-525b-48e1-99ed-58d7a308d441,9551e263-b730-4561-a0c9-2c23ef958c87,2025-11-25 10:25:40.679,2025-11-25 10:25:40.679,10004,R5wtjjS0Fd,com.sec.android.app.shealth,c071c2bf-5d9e-4766-8116-036ead8f0876,
ad8743df-580c-4b39-aaf9-57304db55e95,78092206-ca67-4dcf-b533-1db54458c1e3,2025-11-25 10:25:40.687,2025-11-25 10:25:40.687,10004,R5wtjjS0Fd,com.sec.android.app.shealth,53d4147a-5b6b-4f6d-b504-129ae9b87ae3,
8fbd285d-1ed6-47cd-a3d7-e463a08cbfe1,030f4ea3-a399-4deb-8037-ca1d0bd4ce88,2025-11-25 10:25:40.664,2025-11-25 10:25:40.664,10004,R5wtjjS0Fd,com.sec.android.app.shealth,b6c6a707-0df2-43d9-ac57-feb9f3ede2e6,
32c0b2a7-0703-48db-b5dc-6d8a77b0427c,acab3d56-ce3c-43ca-802f-2817c0793b44,2025-11-25 10:25:40.643,2025-11-25 10:25:40.643,10004,R5wtjjS0Fd,com.sec.android.app.shealth,fc5623bd-a00e-4709-a0cc-f0ed12d7d54a,
0cd613b9-c8d5-40b3-8a7a-f80655568350,0e54e150-ab79-441e-b5c8-4b1160904bf5,2025-11-25 12:01:54.707,2025-11-25 12:01:54.707,10004,R5wtjjS0Fd,com.sec.android.app.shealth,c7686032-44cb-463e-8303-32a8a78c5a32,
ed4c6806-600e-4598-9020-568e40f2833a,7faf9e2e-1971-4ffd-9d2d-386d7375883d,2025-11-25 11:17:55.274,2025-11-25 11:17:55.274,10004,R5wtjjS0Fd,com.sec.android.app.shealth,c926102f-9bcc-4dee-a05b-0336cdeeada2,
f5320e9c-eb1a-4b30-8272-00b4e4439740,f8b379d3-dbec-49bc-ab38-e77ca13c7008,2025-11-25 10:25:40.683,2025-11-25 10:25:40.683,10004,R5wtjjS0Fd,com.sec.android.app.shealth,b2844ef6-aa84-4fa6-b353-38019191a84f,
6650dd6b-e71f-48ac-bffd-8d0d03eefac5,819df647-1487-488c-9dae-2737f331e1bd,2025-11-25 10:26:26.043,2025-11-25 10:26:26.043,10007,R5wtjjS0Fd,com.sec.android.app.shealth,2f7ae6e7-47e2-4605-8ee1-9c2483fcc730,
b60cb56b-9a7b-4c6a-a447-30c4513b2cde,5c092070-43a2-439c-9a5c-4edaa3287565,2025-11-25 13:08:34.166,2025-11-25 13:08:34.166,10004,R5wtjjS0Fd,com.sec.android.app.shealth,2b0bc627-d053-43fe-84ec-4dc656fa39f8,
e45fc13e-2b86-49f4-9b48-644d6c4e79df,9e9c1a43-c41c-40fe-8172-44461d64e522,2025-11-25 14:07:58.731,2025-11-25 14:07:58.731,10004,R5wtjjS0Fd,com.sec.android.app.shealth,b976514f-e9de-43d7-a9e7-57bc5afe1b6b,
0e3e9676-6c3c-41f1-a6b0-9d3fe91b00c9,360aa70c-911e-43e7-9174-270e7555bfba,2025-11-25 15:35:44.733,2025-11-25 15:35:44.733,10004,R5wtjjS0Fd,com.sec.android.app.shealth,5e920e49-1368-4181-a6bb-4cf3f2b129d2,
aa675f8e-a30e-438c-8c83-863f3f452023,5d98e221-0791-4124-90bf-43c17b0ce0a5,2025-11-26 08:42:32.564,2025-11-26 08:42:32.564,10000,R5wtjjS0Fd,com.sec.android.app.shealth,30d1f46f-29a3-4561-8fee-e6a61d05b6cb,
5d06c20f-0b2a-44d0-b0f5-28fd3bee3f77,852ac541-8cdf-404f-a045-c9302d0202b1,2025-11-26 08:42:33.495,2025-11-26 08:42:33.495,10004,R5wtjjS0Fd,com.sec.android.app.shealth,7e3a9016-a22c-465e-841b-67fa57b4bfec,
58553ca2-e5bd-4842-9090-dfe7403a4c47,2fa92d8e-3efa-470f-89e7-b3c726bacc6a,2025-11-26 08:42:33.543,2025-11-26 08:42:33.543,10004,R5wtjjS0Fd,com.sec.android.app.shealth,298ed780-6781-4cf9-b91b-bce1e8c3a321,
be057720-4f28-4365-bfa5-6aad969f40ed,4c389480-6f1d-45fd-92cb-5ca63363bcac,2025-11-26 08:42:46.951,2025-11-26 08:42:46.951,10002,R5wtjjS0Fd,com.sec.android.app.shealth,c5ff7101-dc15-4385-94a6-0aace3fe27d3,
fc929858-ad3b-42d6-9eb5-b1a54a71a5c6,493c24f9-cae8-49a0-82f4-c7ff84952045,2025-11-26 08:42:33.843,2025-11-26 08:42:33.843,10004,R5wtjjS0Fd,com.sec.android.app.shealth,8ca0a01d-e390-40d0-8d66-0da2dce7b2e8,
9cd10ce5-3e03-461d-823c-fc30f6eb403c,80b56111-fe39-4cce-b37c-8882ebac964c,2025-11-26 08:42:33.607,2025-11-26 08:42:33.607,10004,R5wtjjS0Fd,com.sec.android.app.shealth,3ac15bdd-4758-489c-9591-a06168f393a2,
41f23b2e-1103-4482-9796-ad19a6abd690,5f65018f-bf9a-40fa-9af5-c964b5bcc8e4,2025-11-26 08:42:33.707,2025-11-26 08:42:33.707,10004,R5wtjjS0Fd,com.sec.android.app.shealth,dc37c599-96c8-47d9-a542-6e6d01f27d00,
3cdd446e-7e46-4cb1-9e1b-5621f5921b29,9a507a6f-4870-4a7f-9b80-e45d21b893a1,2025-11-26 08:42:47.012,2025-11-26 08:42:47.012,10007,R5wtjjS0Fd,com.sec.android.app.shealth,a0e349b9-c7e9-42eb-ada2-37f333791616,
c84f9d31-43df-4ab9-9cdc-26e70810166d,73c58474-6a19-43d1-ad65-130fa2e840ef,2025-11-26 08:42:33.774,2025-11-26 08:42:33.774,10004,R5wtjjS0Fd,com.sec.android.app.shealth,1cda76aa-f93e-4512-a23d-3bd007836cdb,
b42a8ce1-f912-49de-966d-8e5afad787c0,06c4c6ef-5fb2-40d9-b880-b775e7e13969,2025-11-26 09:04:01.138,2025-11-26 09:04:01.138,10004,R5wtjjS0Fd,com.sec.android.app.shealth,8c7c747b-6a18-403a-b83e-87692af54162,
dee774aa-2e11-4f6d-97ea-8de91e83de5f,b1a9cfbb-5538-4ac1-877b-9b7b4dd68dec,2025-11-26 08:42:33.837,2025-11-26 08:42:33.837,10004,R5wtjjS0Fd,com.sec.android.app.shealth,4553008a-85e5-4dbf-94a8-86a9ebccbd89,
35f76d15-30c2-4f4b-9de8-b0aa5cb8bd05,fc278f7e-8ac8-4d7e-97fb-ee5f4d06aae0,2025-11-26 08:42:33.849,2025-11-26 08:42:33.849,10004,R5wtjjS0Fd,com.sec.android.app.shealth,c7dd508b-57ac-4234-a12b-ac8b20e37ebf,
823ce443-6c76-48e9-a75c-b98a47006f66,b10c7767-8782-440a-a560-f00533109156,2025-11-26 11:12:33.731,2025-11-26 11:12:33.731,10004,R5wtjjS0Fd,com.sec.android.app.shealth,2141fbdd-b2e8-474f-ba91-b68181037379,
28c45e5b-cd45-47e0-91c1-ad649efe08cf,9d5001c1-54e5-406b-8b34-a84ae50fd333,2025-11-26 11:12:33.736,2025-11-26 11:12:33.736,10004,R5wtjjS0Fd,com.sec.android.app.shealth,78353ed9-5bae-4eeb-9b07-78cfc257502a,
6d693652-3b42-4101-b53d-eac99b351c11,78ebabd6-f314-46d3-948e-8d5544d97f2b,2025-11-26 12:28:17.725,2025-11-26 12:28:17.725,10004,R5wtjjS0Fd,com.sec.android.app.shealth,82b5414f-27bf-4aa9-b90f-97bd1e1748b1,
bb6bf9e6-cfdb-499f-bb61-bf70e356907d,806d773b-cd6e-4086-a23a-597ddc4387ea,2025-11-26 23:52:42.088,2025-11-26 23:52:42.088,10004,R5wtjjS0Fd,com.sec.android.app.shealth,ff8b12c7-e4c0-4c1a-9c57-4cf2bea57c5b,
c4b656d3-6a1a-46a4-961e-743b40f34644,00a6281f-6de9-446e-8a02-1c2feb881bc0,2025-11-26 13:56:50.167,2025-11-26 13:56:50.167,10004,R5wtjjS0Fd,com.sec.android.app.shealth,fce2f01d-9a88-4266-ae78-7420d23772cb,
3cd3ef6b-ab7b-4359-b0e2-89c7d7a9e672,57589c93-cb83-43ea-990c-91fef98c8e92,2025-11-26 15:12:05.885,2025-11-26 15:12:05.885,10004,R5wtjjS0Fd,com.sec.android.app.shealth,c3082f78-a5cf-418a-a0d4-73aab64d1e60,
c323e5f7-3761-4eec-bf7b-2a3ea8093afa,ac71c243-b5a6-4014-9417-572741325c03,2025-11-26 18:16:07.049,2025-11-26 18:16:07.049,10004,R5wtjjS0Fd,com.sec.android.app.shealth,9c6c22e8-732b-49e7-9a3f-1918a736b9f6,
d4908275-9bac-4832-b16f-fbd2b60f530f,1ecb611b-7ff0-48b0-bc30-790d1de99942,2025-11-26 16:26:12.740,2025-11-26 16:26:12.740,10004,R5wtjjS0Fd,com.sec.android.app.shealth,bdd8a747-31ba-43df-bce8-db79c3bdc2b5,
3d24a001-e350-44fe-94be-edb9ac1b8252,6d7f26e8-e9bc-4c0d-9c57-285b8a2819a0,2025-11-26 17:15:08.869,2025-11-26 17:15:08.869,10004,R5wtjjS0Fd,com.sec.android.app.shealth,ba7c5cdf-9897-4e21-8b57-ca2aab3cc110,
43ed65fa-cd0a-4a18-a302-fbb9a4407395,39b3d75d-0ad5-4d11-904f-b3d15afdd920,2025-11-26 19:23:48.925,2025-11-26 19:23:48.925,10004,R5wtjjS0Fd,com.sec.android.app.shealth,a2eda53a-ac76-45b0-8918-1098c764932b,
4bc59b3d-1533-4dd1-9d4f-56f69e99ad58,fe86fea0-723e-4498-a4c1-a7dbabfd2e95,2025-11-26 14:07:47.866,2025-11-26 14:07:47.866,10004,R5wtjjS0Fd,com.sec.android.app.shealth,8ddfed9e-9d17-4818-9a61-13b1037185b2,
0b4933d8-6542-4679-8748-cf9dda342bd2,bc7adfb0-6926-4686-bd84-ee5f4240e823,2025-11-26 21:25:52.334,2025-11-26 21:25:52.334,10004,R5wtjjS0Fd,com.sec.android.app.shealth,c1997710-5e9c-4ad7-95ec-e99b70139ebe,
9386a602-fb16-4759-b1b5-d9aa3b652415,655de14e-11fd-4d82-a5ad-73c4cd5711fb,2025-11-27 08:58:07.784,2025-11-27 08:58:07.784,10004,R5wtjjS0Fd,com.sec.android.app.shealth,bc1b29df-9230-4f48-8853-462931cf55e8,
78e4987c-d789-4705-8283-f280f4f4439b,fa44e2c3-79e3-4e2b-8f16-f69ae5c70b4b,2025-11-26 20:02:18.531,2025-11-26 20:02:18.531,10004,R5wtjjS0Fd,com.sec.android.app.shealth,8f02cfe0-e9f8-4c62-9cb3-241c5fc94454,
74eff5ce-6fdb-4a5e-b376-2d6d786b327c,1f1b34e9-4062-45c7-979b-93ad6be8ddda,2025-11-27 08:58:07.808,2025-11-27 08:58:07.808,10004,R5wtjjS0Fd,com.sec.android.app.shealth,dc110ec4-fa3d-4783-8677-55cc9f597275,
c12181d5-c87a-40f8-8fae-a5b5ac7f52f8,bdee3f12-328f-4864-9c9d-d88baee28f7d,2025-11-27 01:32:47.497,2025-11-27 01:32:47.497,10004,R5wtjjS0Fd,com.sec.android.app.shealth,007066ae-72c7-4b24-b2d7-9a905f3bda0f,
9e908801-b01a-4163-9fad-f56699f7a413,28b7a793-04d8-4104-9a84-d850deccbf39,2025-11-27 08:58:07.774,2025-11-27 08:58:07.774,10004,R5wtjjS0Fd,com.sec.android.app.shealth,45c63714-42e9-4ce9-87ea-068efa86e8ec,
353f869e-0c0c-4a49-ac1e-4a428d7e3a06,eaafcc49-6369-4f20-8066-e89091bd8309,2025-11-27 08:58:07.497,2025-11-27 08:58:07.497,10000,R5wtjjS0Fd,com.sec.android.app.shealth,234fd87b-de02-4018-8300-cc55b9ba32ff,
b0d3fe56-5e2a-4499-ba3d-daf6397321e1,0d9c992f-05d2-43b3-bb92-b62de458d8bf,2025-11-27 00:11:07.406,2025-11-27 00:11:07.406,10004,R5wtjjS0Fd,com.sec.android.app.shealth,5119f62b-7f08-467a-a229-8746086500b7,
f1c52d52-5610-4ca8-94b9-04405796b9d5,38ad2530-4705-44a1-aeaa-76327af4f6a6,2025-11-26 22:11:29.960,2025-11-26 22:11:29.960,10004,R5wtjjS0Fd,com.sec.android.app.shealth,88a77cbb-aa7c-43ae-be3d-b623a842c749,
dec40555-48e0-4e89-bab8-6d80e15d360c,ae5aa0fd-43e4-4f57-822c-5de957080795,2025-11-27 08:58:07.838,2025-11-27 08:58:07.838,10004,R5wtjjS0Fd,com.sec.android.app.shealth,bb42d154-8c87-47ab-9fe1-2a0398add305,
4a1a9875-c229-411c-bd9f-04e0b55d6756,98da3e3b-34dc-499c-b45d-7e3a1af4ddc5,2025-11-27 08:58:11.199,2025-11-27 08:58:11.199,10002,R5wtjjS0Fd,com.sec.android.app.shealth,10699525-daf9-4440-9e72-8e7a0154a80f,
60a5b00f-99ba-4a4b-a75e-1d295a4719b5,0f7d42ab-17b8-47c1-b0a8-8ed379e02b28,2025-11-27 12:09:20.488,2025-11-27 12:09:20.488,10004,R5wtjjS0Fd,com.sec.android.app.shealth,a048e695-5938-41fe-bb1d-e4ddc7d5de09,
5abdb605-1a75-45b6-be4f-48c632050c42,07690f79-305e-4f9f-8b47-dab9964b9bb8,2025-11-27 08:58:07.825,2025-11-27 08:58:07.825,10004,R5wtjjS0Fd,com.sec.android.app.shealth,c8446538-f6b3-4c2b-b054-6643c316d678,
92ec03cb-fe6e-45f9-b380-1ae6c3aed380,29efccde-5f15-47a0-bd6b-4bec47cadf5a,2025-11-27 08:58:07.813,2025-11-27 08:58:07.813,10004,R5wtjjS0Fd,com.sec.android.app.shealth,88670ff8-a5e5-4bba-91f1-ba36cd40b349,
79a556d2-ce95-4fa4-9010-3650f006c2b4,9bac39cf-972a-4cb5-8a95-15f757edae75,2025-11-27 11:28:48.443,2025-11-27 11:28:48.443,10004,R5wtjjS0Fd,com.sec.android.app.shealth,dc2ecf0c-faa3-4bc0-a705-be9631b936b0,
80a90650-6160-4a51-b530-96b43edbcdd1,1914a3a4-6ecd-4e99-9236-c9b96899a5c2,2025-11-27 08:58:07.832,2025-11-27 08:58:07.832,10004,R5wtjjS0Fd,com.sec.android.app.shealth,2e358915-8ef2-47ef-b263-85d1fd3ae35e,
192dab0c-a60a-4ac0-8fde-d716ea6506d8,0af421c2-ab4f-41dc-98f1-24f5afda907a,2025-11-27 11:28:48.421,2025-11-27 11:28:48.421,10004,R5wtjjS0Fd,com.sec.android.app.shealth,dfc37704-150b-42a2-ab6f-aa9d114a1ad5,
3d96e136-3fa7-4537-bd69-8802f919f230,6dab6c8f-92e4-4add-80e5-692c5fb7fcb9,2025-11-27 11:28:48.452,2025-11-27 11:28:48.452,10004,R5wtjjS0Fd,com.sec.android.app.shealth,752273bf-6d5d-4949-a9d5-42cd591e8c6b,
afb65c1d-589f-4d28-bffe-e505cb5629cf,bce1d159-eb3e-4cdd-b9e7-9bab2c919492,2025-11-27 11:28:47.931,2025-11-27 11:28:47.931,10002,R5wtjjS0Fd,com.sec.android.app.shealth,9b513115-88a3-4671-8c00-0d843ca84e03,
3c440e0d-c1c1-4b6d-b2c3-b5d91d91ae9b,2896c38b-c82d-4467-aec8-f80d31bde728,2025-11-27 11:28:48.156,2025-11-27 11:28:48.156,10007,R5wtjjS0Fd,com.sec.android.app.shealth,2bb6f546-2d92-4f47-9073-1e9619487d35,
185eee41-c66b-4420-9a19-45683b5a0b27,c264b7c0-f051-43b7-a6fd-bc17fefe8222,2025-11-27 08:58:10.876,2025-11-27 08:58:10.876,10007,R5wtjjS0Fd,com.sec.android.app.shealth,6feb3662-fe62-4ce1-bd40-b5263f709fc3,
2782bdd5-e946-4b90-ae46-b577feac0726,a14f59f0-cc01-4b8d-bb40-2ba92c768c59,2025-11-27 18:33:58.971,2025-11-27 18:33:58.971,10004,R5wtjjS0Fd,com.sec.android.app.shealth,9c8b2569-27f3-49c1-afdf-20d155267e7a,
eca54ba7-0c70-4e16-abb1-daa80c35a1c4,19fa58af-a50d-443a-b0c3-31f7674a69c9,2025-11-27 19:27:24.990,2025-11-27 19:27:24.990,10004,R5wtjjS0Fd,com.sec.android.app.shealth,bc89eb4d-9bf3-4f88-848a-104257bb8e73,
3a888a94-5504-4f14-8bda-51815c72ceeb,c3a789dd-0fd7-4278-a24e-f5c8eccb30b8,2025-11-27 20:40:24.864,2025-11-27 20:40:24.864,10004,R5wtjjS0Fd,com.sec.android.app.shealth,290aef20-edc8-403f-bc90-7c309eea2fc3,
65c1927a-2098-4fef-a790-6b45dad296f0,fae0b4d3-6f62-462e-b304-025b37ecf2a6,2025-11-27 13:09:30.979,2025-11-27 13:09:30.979,10004,R5wtjjS0Fd,com.sec.android.app.shealth,14f16f64-f87f-4e84-bb25-affee4ca2a61,
750a75e5-5dc5-4430-81ec-b44b1b6f1cf7,1c52e975-8aad-4ba6-a958-1f3bda95bb92,2025-11-28 10:14:35.039,2025-11-28 10:14:35.039,10004,R5wtjjS0Fd,com.sec.android.app.shealth,19a248a3-826c-4ee0-8132-ef55e4fcd089,
39e32c1a-022b-40c2-9620-dbf894b6fd3a,bee77f8c-0945-4e28-bf72-7716d28c961f,2025-11-27 14:07:06.876,2025-11-27 14:07:06.876,10004,R5wtjjS0Fd,com.sec.android.app.shealth,be814243-9565-4084-abd8-0d091b20cd74,
572e0421-192f-487c-8c9f-c88aa806d8b6,d99cb107-5071-41bf-8754-3c0ed2dcbe45,2025-11-27 15:53:10.204,2025-11-27 15:53:10.204,10004,R5wtjjS0Fd,com.sec.android.app.shealth,72f6eceb-603a-4be9-a280-69762c8c86e4,
df65d0f6-bb26-4677-9c7e-766985ca8f0a,73b91168-48c7-4cb6-807b-2e6cbd90c94c,2025-11-27 16:35:49.585,2025-11-27 16:35:49.585,10004,R5wtjjS0Fd,com.sec.android.app.shealth,10e808b5-7bc8-4edc-8ff7-8602bb328814,
16122247-d470-4cc8-a25d-faaef53c23da,241baf48-9774-4a82-87aa-77e97134b447,2025-11-27 17:23:40.298,2025-11-27 17:23:40.298,10004,R5wtjjS0Fd,com.sec.android.app.shealth,e96c1f23-1ddd-4c69-a4b0-cd114b14d07b,
9727b802-338e-4f9e-8742-b2c00d50d874,a11c840a-446b-4e57-a748-61ed7e599849,2025-11-28 02:13:07.807,2025-11-28 02:13:07.807,10004,R5wtjjS0Fd,com.sec.android.app.shealth,0b8882ea-a814-44a1-96d0-e010c936c0ad,
d0df022d-aa6b-458d-b219-c6f1839df33f,c8dbe573-fabc-4a2c-9780-61e4552c9880,2025-11-28 10:14:35.033,2025-11-28 10:14:35.033,10004,R5wtjjS0Fd,com.sec.android.app.shealth,1abd0e65-5399-46da-8395-03f52f7b5872,
ee197f56-d4a0-4ec6-a261-a28f838ee592,8758abd3-e8cf-4474-8734-98c8e2162828,2025-11-28 10:14:35.075,2025-11-28 10:14:35.075,10004,R5wtjjS0Fd,com.sec.android.app.shealth,d6108b0e-002a-485c-afbf-d7639f1af13e,
32e639c2-0170-4364-96f7-21252d50e663,aec31209-95cd-4eb1-981e-1d46a76c4b7c,2025-11-27 22:33:13.934,2025-11-27 22:33:13.934,10004,R5wtjjS0Fd,com.sec.android.app.shealth,6a9ea272-19bf-4d69-94a6-5535467c5b33,
de6ffc51-6b29-4a1e-a18b-753a3ab6f010,a59e4f59-28ef-466e-9927-805416bfdf2b,2025-11-28 02:13:07.824,2025-11-28 02:13:07.824,10004,R5wtjjS0Fd,com.sec.android.app.shealth,713e1513-2b33-44c1-b686-da53c857beb4,
84d7e48c-86a5-45a4-838e-c0fbb5d9201b,59b66134-56a6-4d68-857b-22acb4ea51a8,2025-11-28 10:56:35.793,2025-11-28 10:56:35.793,10002,R5wtjjS0Fd,com.sec.android.app.shealth,4cb7707b-206b-4103-b56f-ec95a5e16417,
7158ae30-04b5-48be-9279-fd75154f2c4f,b596854f-14a7-42ee-af9a-9841ebacaa59,2025-11-27 23:19:20.699,2025-11-27 23:19:20.699,10004,R5wtjjS0Fd,com.sec.android.app.shealth,5f6d4096-9202-490e-9494-f8092f30e95c,
6d617554-568c-4061-8331-f5b80f8adcf0,29c0aacb-03a6-4b2c-938a-81561d96f76c,2025-11-28 10:14:35.070,2025-11-28 10:14:35.070,10004,R5wtjjS0Fd,com.sec.android.app.shealth,574710b2-067b-4934-b877-276109fb2d84,
0e81045c-f0cd-44f6-a4fd-6a4a9e2bfbfe,9e24b51f-17ef-4eeb-b2ec-23cc79ba2d50,2025-11-28 10:14:35.021,2025-11-28 10:14:35.021,10004,R5wtjjS0Fd,com.sec.android.app.shealth,5ad4d5a2-d66b-41ec-a93b-df179fddb199,
909933c1-ef64-4659-a617-d173c640423d,c6de3b5e-cf31-4812-934b-5348d80e3afd,2025-11-28 11:02:46.086,2025-11-28 11:02:46.086,10004,R5wtjjS0Fd,com.sec.android.app.shealth,9c61c917-c4a7-4909-8f71-de5c17882fcb,
6381991e-b9be-4fd5-9b86-3b6126571a4e,e8da1ed3-fdb3-4437-8062-bb21df53af45,2025-11-28 10:14:35.053,2025-11-28 10:14:35.053,10004,R5wtjjS0Fd,com.sec.android.app.shealth,1a51417c-3fbd-449e-816a-fcf9ccd4d01e,
4d4ff89b-dd92-4aee-b46b-69bd0c436065,f425baa0-6f96-4659-8506-a31c44692d75,2025-11-28 10:56:36.309,2025-11-28 10:56:36.309,10000,R5wtjjS0Fd,com.sec.android.app.shealth,524c5762-c2c7-42d8-b525-147780504e9c,
5cdc9366-12fe-4971-99de-a83fb9efae51,67ee36fb-9f0c-4bc7-a1ee-fed4ecdb8573,2025-11-27 22:33:13.922,2025-11-27 22:33:13.922,10004,R5wtjjS0Fd,com.sec.android.app.shealth,49e463a1-6c97-4e1c-b853-97bafff06d7c,
db21ed2e-6297-493e-a241-7ad6c958c9af,55fb5e5e-1ca7-48aa-a78a-21600dc28652,2025-11-28 10:56:36.403,2025-11-28 10:56:36.403,10007,R5wtjjS0Fd,com.sec.android.app.shealth,78d83f95-5b33-4c6f-8e9b-7a91abb7aa01,
a2c52b31-712e-4f60-b975-874af0eb72dd,cb0d2a6a-a6cf-4692-8f90-08b3e9a83c75,2025-11-28 10:14:35.047,2025-11-28 10:14:35.047,10004,R5wtjjS0Fd,com.sec.android.app.shealth,94e6c8fa-0f60-4190-96de-fd250e94faad,
b8e109d9-ff42-42b0-8bf9-97e88bd4e8ee,5163dffd-442a-48c9-bf33-78676b39fa16,2025-11-28 10:14:35.065,2025-11-28 10:14:35.065,10004,R5wtjjS0Fd,com.sec.android.app.shealth,f6923757-6497-4ca0-b715-c11652a4d4c7,
f7637f3b-dc43-4e97-bac6-cb3f81e66307,b406bf0c-f967-418b-a888-5559a4fedb6f,2025-11-28 10:14:35.060,2025-11-28 10:14:35.060,10004,R5wtjjS0Fd,com.sec.android.app.shealth,e561ed84-1528-410c-827b-945017b45241,
b694d550-984b-4ffb-82ed-4b682ff90314,f9519789-2277-48ed-ac41-af06e2a209fc,2025-11-28 15:03:39.709,2025-11-28 15:03:39.709,10004,R5wtjjS0Fd,com.sec.android.app.shealth,04079c25-5ab6-4842-ac0e-be374743ccfe,
d156fe35-e429-41a0-8960-433820770698,312a032c-c08f-4fc3-8e9e-6838c063f576,2025-11-28 16:39:24.814,2025-11-28 16:39:24.814,10004,R5wtjjS0Fd,com.sec.android.app.shealth,b2473aa1-b37c-4e08-bdb7-d8ea0a31b540,
62dc082e-d0d9-457e-b987-c3a1fe04c7f0,4288edb1-6021-4c12-a992-6314285fe6b2,2025-11-28 17:38:17.855,2025-11-28 17:38:17.855,10004,R5wtjjS0Fd,com.sec.android.app.shealth,149eaf03-da17-440c-b9cc-e349e3b8436f,
e449a84e-7528-4c16-8132-382337f704f8,cf967509-11de-4131-891f-267315dd245a,2025-11-28 18:01:29.856,2025-11-28 18:01:29.856,10004,R5wtjjS0Fd,com.sec.android.app.shealth,3da9f293-5b5c-4961-ae76-9f501756af98,
5f6dc984-29da-4886-9f24-2b1f0abbab84,04e0acd8-7ccf-4b88-ac21-d7e5fd0c0786,2025-11-28 19:05:32.172,2025-11-28 19:05:32.172,10004,R5wtjjS0Fd,com.sec.android.app.shealth,2ba176c6-7d64-42bc-949d-059424620638,
e6e18370-bf43-4e26-842f-3f1eebeb1527,1a2de083-8b5f-4dcb-8a45-80c0d239b96f,2025-11-28 21:17:35.817,2025-11-28 21:17:35.817,10004,R5wtjjS0Fd,com.sec.android.app.shealth,fd086199-8bbb-4fee-ac01-e158769480ca,
7fcec7c8-7b94-45c1-aa8e-2ed6614bbbda,b6a1fc9b-c758-47e2-bcbb-bc0de0489c48,2025-11-29 09:23:37.465,2025-11-29 09:23:37.465,10004,R5wtjjS0Fd,com.sec.android.app.shealth,86154d38-8cdf-4a27-bca6-690ac5fd7aa4,
16a73bb8-9f72-40fe-8d54-490e0c23cd0a,12ac8df2-3ae7-4f9f-9841-f28ce07f3b8b,2025-11-28 12:10:05.254,2025-11-28 12:10:05.254,10004,R5wtjjS0Fd,com.sec.android.app.shealth,1d599abd-a461-4a11-806a-fb4ba1f7bc88,
03369331-f8de-40c1-80cb-e890942460d6,c7ce653d-81cb-47ff-935f-2d472e6a6af4,2025-11-28 13:26:12.448,2025-11-28 13:26:12.448,10004,R5wtjjS0Fd,com.sec.android.app.shealth,4afeb601-06fe-4c37-b034-98b82bb52901,
3552ad59-5035-419f-906b-af217fa206c7,c1c4271f-4513-4bd0-bcc0-17af4081494b,2025-11-28 23:25:15.062,2025-11-28 23:25:15.062,10004,R5wtjjS0Fd,com.sec.android.app.shealth,aa556f8e-e138-46d3-bb4c-f33cd6ffe61a,
09cef784-e2be-4e02-97d8-9fce4fcba042,b186ec05-46d8-4bbd-bbda-ad723789cf2c,2025-11-28 14:18:53.639,2025-11-28 14:18:53.639,10004,R5wtjjS0Fd,com.sec.android.app.shealth,1903c271-1d10-4350-8de2-8db4fbeb9fdf,
18d7d1cb-5328-487f-9445-e436795da7f1,63ae933c-9216-4bb0-9c69-fa9cd9dc460a,2025-11-29 09:23:37.493,2025-11-29 09:23:37.493,10004,R5wtjjS0Fd,com.sec.android.app.shealth,7a346653-3aac-4a67-8f05-51fa54bb69e4,
c56625ae-f604-406d-b2fd-dac82d0194ba,d9304cae-89bb-4379-a739-549e771056cf,2025-11-29 09:23:37.308,2025-11-29 09:23:37.308,10000,R5wtjjS0Fd,com.sec.android.app.shealth,45fe5d88-197a-4629-bf2a-cbe51e0c9da3,
c61c6861-3d93-46eb-bdc1-7b099c81828e,bae89f1d-d503-4a1b-97c5-65bcf2a29e0f,2025-11-29 09:23:37.482,2025-11-29 09:23:37.482,10004,R5wtjjS0Fd,com.sec.android.app.shealth,d8a9bc4d-3912-4778-9706-6d962a44bfff,
da2c10f7-f40b-4c36-99f2-6bb497d000c7,0e4cee32-c1b3-4565-926f-edf24f279e46,2025-11-29 09:23:37.470,2025-11-29 09:23:37.470,10004,R5wtjjS0Fd,com.sec.android.app.shealth,356a28cd-fb12-4de1-8a79-1e5bc18c000c,
e1242a8c-edd9-4194-87e4-99f1d2884506,fb1ab226-89a4-4132-b618-eed08827effd,2025-11-29 09:23:37.502,2025-11-29 09:23:37.502,10004,R5wtjjS0Fd,com.sec.android.app.shealth,d9df6577-4fc7-457b-ace2-9c3a28b8e632,
fd52523f-b5fd-4161-8c60-ceb2ed8f874f,e897aa5c-fdc6-4516-be28-1cb509edad0b,2025-11-29 09:23:37.506,2025-11-29 09:23:37.506,10004,R5wtjjS0Fd,com.sec.android.app.shealth,a791fb87-87eb-463a-9dc1-bf70199e614c,
7aaf62d4-6297-48a0-9498-f6e256c7e92d,6c694938-6229-41c5-8588-9b5f60c091d6,2025-11-28 20:03:45.767,2025-11-28 20:03:45.767,10004,R5wtjjS0Fd,com.sec.android.app.shealth,0702e8d7-fb74-45c2-abde-b34448798d0d,
fab75885-38f4-4e3c-a7b1-1afc694a62c0,293f53f9-291b-4c43-b4e0-55a28ffbb740,2025-11-29 09:34:27.728,2025-11-29 09:34:27.728,10002,R5wtjjS0Fd,com.sec.android.app.shealth,69148a65-c65a-435e-a7cf-d0e9b9fc7f38,
e805ed5e-1621-4daf-8071-cf54ec2a9fc1,556dcb72-0291-4487-b1c8-b7a427374bf2,2025-11-28 22:05:43.820,2025-11-28 22:05:43.820,10004,R5wtjjS0Fd,com.sec.android.app.shealth,8061b89d-a1c9-47f5-958a-5dbb21e254e8,
c4cfb712-e410-4763-94f3-18e847533856,55d2330d-949c-4ef3-ad97-295e3e98096b,2025-11-29 09:23:37.512,2025-11-29 09:23:37.512,10004,R5wtjjS0Fd,com.sec.android.app.shealth,4ed79022-0b9d-4784-b06f-81ed394c3346,
c4117916-cb8b-4102-9a05-eeed32d9aa63,f37a9d10-cfb4-4969-b217-c9a1855af27d,2025-11-29 11:09:00.700,2025-11-29 11:09:00.700,10004,R5wtjjS0Fd,com.sec.android.app.shealth,6c90a1e1-5961-42c4-a581-c75ab3f2ee9f,
6de9ffd5-7ffd-4e53-96cc-c37a25bbd8a6,cd5e00de-ab5b-4abd-938c-471a4a15b0dc,2025-11-29 10:52:47.745,2025-11-29 10:52:47.745,10004,R5wtjjS0Fd,com.sec.android.app.shealth,f738a163-ec0f-42f3-9bd7-3504ec950fda,
8150faec-7b6f-43e7-bda9-72afb0904ee7,9ebe6c93-4ed6-4c25-8fd7-95c036845d79,2025-11-29 09:34:27.366,2025-11-29 09:34:27.366,10007,R5wtjjS0Fd,com.sec.android.app.shealth,9d21cf55-9d98-4271-a1a6-cac8e1a306ae,
12a10294-7889-4082-a27c-b7016b4d9448,7347ca18-5fa2-496a-b18d-7640fd942050,2025-11-29 17:10:04.099,2025-11-29 17:10:04.099,10004,R5wtjjS0Fd,com.sec.android.app.shealth,dadd23c3-24c8-4357-9166-af268ae5660a,
4e2d619d-8efd-41b3-adb5-acdeaec29d59,feca47e1-ac6f-42a1-84b4-ec4d29c9260c,2025-11-29 18:38:51.608,2025-11-29 18:38:51.608,10004,R5wtjjS0Fd,com.sec.android.app.shealth,319c98ec-dee9-49b2-bed8-c2cfadbf7a5c,
3e32f372-9cb3-4b4a-bc52-1b6cdd3f1f16,4987e285-6f07-43a8-84ca-c44dc2eae6d3,2025-11-29 12:07:29.526,2025-11-29 12:07:29.526,10004,R5wtjjS0Fd,com.sec.android.app.shealth,c9bfca90-eed1-4bd7-9b05-648030b13513,
3e1252d3-d002-4dab-b572-d79d45a7b36d,1bc2fa29-779c-4521-b3c4-3d9dabe3c105,2025-11-29 13:27:31.053,2025-11-29 13:27:31.053,10004,R5wtjjS0Fd,com.sec.android.app.shealth,aa1b6714-6abc-4638-8ae4-1983d5820332,
d8ff843e-b170-4836-abd4-bcb9800a38f3,bee78e4c-c070-4630-87fd-9872cddad1fe,2025-11-29 14:43:39.177,2025-11-29 14:43:39.177,10004,R5wtjjS0Fd,com.sec.android.app.shealth,4a4182ef-1c3a-4f04-a64f-b70653423c4a,
35e40454-2c22-4f3f-8c56-f46faffd8e65,18377c2e-5728-41c3-b8f4-2d2c296ab18a,2025-11-29 17:07:18.080,2025-11-29 17:07:18.080,10004,R5wtjjS0Fd,com.sec.android.app.shealth,a445046c-6937-4194-8b49-e7c340536a60,
6fa88403-8dd4-4624-93f7-f301d3f44f62,be61d64b-ee0c-4e41-a2b3-682021508b9d,2025-11-29 17:07:18.085,2025-11-29 17:07:18.085,10004,R5wtjjS0Fd,com.sec.android.app.shealth,e1ecd8b1-fe6b-4073-af5a-c425e13a59ce,
9272f650-49e4-4546-8ef1-b1c36fc0b38e,b55dda3b-5048-4555-bee2-977eddcd6e2a,2025-11-29 20:03:40.046,2025-11-29 20:03:40.046,10004,R5wtjjS0Fd,com.sec.android.app.shealth,84b46a76-55e8-4b54-8414-de03ad3dcd3b,
29255aae-63b6-461b-88c0-1a1119670307,b6a85513-1985-4b19-8159-85edcc4432b4,2025-11-29 20:03:40.039,2025-11-29 20:03:40.039,10004,R5wtjjS0Fd,com.sec.android.app.shealth,3762ac1a-bdc3-4948-be8e-a1a09fda3faa,
1ae1c7d5-27ee-472c-9d8b-4d33d791444a,9736e6d0-5ac3-4a4d-ba9d-09193c24d4a9,2025-11-29 21:27:47.304,2025-11-29 21:27:47.304,10004,R5wtjjS0Fd,com.sec.android.app.shealth,1627198d-1b0f-420d-8191-bc96ca67c7f6,
ac2c63a2-5af9-4467-a16b-5d34ffcf3b95,27496eaa-293d-406f-adc3-33f95f057f76,2025-11-29 22:24:28.232,2025-11-29 22:24:28.232,10004,R5wtjjS0Fd,com.sec.android.app.shealth,fc27a5ae-6cde-49a5-bb94-2361caba6226,
4d896142-8cea-4041-9ed9-3cf8de313357,2d7c9a57-4c51-4a2c-9b4b-ab40676cc937,2025-11-29 23:04:10.191,2025-11-29 23:04:10.191,10004,R5wtjjS0Fd,com.sec.android.app.shealth,35a3e43f-c593-4cf5-8f14-593bfc4d62bf,
9f38458c-2511-4add-a6ee-881573872d15,c2bf325e-3761-4668-9814-283d7bfca9c4,2025-11-30 00:42:12.854,2025-11-30 00:42:12.854,10004,R5wtjjS0Fd,com.sec.android.app.shealth,d07ce8c2-64dc-4738-b46e-a6e9929e2044,
1248c5f0-6fb3-4aba-8cb5-444f86456f99,2795d4c9-0fd1-451f-9734-6b69ade664f5,2025-11-30 01:31:44.942,2025-11-30 01:31:44.942,10004,R5wtjjS0Fd,com.sec.android.app.shealth,251ea66e-6408-41c8-95a8-e294894af273,
0d2e4fab-41c2-4628-9cce-cde5fd49518f,b19df6ef-2d82-4e7f-83df-fe89a7269870,2025-11-30 12:04:50.605,2025-11-30 12:04:50.605,10004,R5wtjjS0Fd,com.sec.android.app.shealth,8dade933-1ed2-41ce-9eea-ac34bcf3b7b7,
8d588233-d273-4e8c-ba8c-c392bdb3dd12,e26fe6a8-ebcf-46bf-84f3-84d7df6e1b1a,2025-11-30 11:42:42.018,2025-11-30 11:42:42.018,10000,R5wtjjS0Fd,com.sec.android.app.shealth,9d0f0114-8d19-4e52-98fd-20febd0fc1c9,
41219e96-a059-45eb-9dd2-aead48ecd9b1,b09b2c24-a215-4878-a95e-5192faf834e2,2025-11-30 11:42:42.031,2025-11-30 11:42:42.031,10004,R5wtjjS0Fd,com.sec.android.app.shealth,30ddbf1b-c1d5-4c39-a210-56bcdb0d53be,
e86ba0f3-4eda-410b-b1ef-f2dade9a74b2,2370ef02-312f-4282-bafb-34c2da926ca7,2025-11-30 13:41:18.072,2025-11-30 13:41:18.072,10004,R5wtjjS0Fd,com.sec.android.app.shealth,0226fd25-8359-452e-92c3-c8fbe352cd75,
58c1dcaa-d44c-4fbe-b9d7-b174e77ecde3,7410ed6b-9f2a-458a-98da-403c238ba644,2025-11-30 14:10:03.908,2025-11-30 14:10:03.908,10004,R5wtjjS0Fd,com.sec.android.app.shealth,742cd631-0c59-4423-a4c0-7926992847e4,
dd410762-cbdd-4a38-aff7-9fbc369392fe,389c9309-9625-44f2-ac66-77a1060d2637,2025-11-30 15:02:06.500,2025-11-30 15:02:06.500,10004,R5wtjjS0Fd,com.sec.android.app.shealth,9951c7ce-86b4-4cc9-b461-2be9240c77cf,
d6cac0c5-3f02-48df-81c5-cbcac6bfe2a7,d497a2ff-558e-4e6f-9a9a-c437937dfd0a,2025-11-30 16:57:46.676,2025-11-30 16:57:46.676,10004,R5wtjjS0Fd,com.sec.android.app.shealth,6310b645-6f64-4782-a548-6c7617970101,
2e503213-0fdc-420c-89b2-e6bbf86891ae,32ac71e4-74f3-437e-8e1c-ae7f4cc67259,2025-11-30 17:48:48.685,2025-11-30 17:48:48.685,10004,R5wtjjS0Fd,com.sec.android.app.shealth,b31140e7-d44b-4b2e-9b96-ee03cb7d3fdd,
dc40a2aa-763a-4ce5-b3f8-4e51aa657dc3,261073cb-5b47-440e-940f-e155904ba9dc,2025-11-30 19:33:15.079,2025-11-30 19:33:15.079,10004,R5wtjjS0Fd,com.sec.android.app.shealth,dac28086-950f-4411-bc6e-46973255e10f,
46a8f2f5-13ba-4307-a8da-51f820d6db75,d44c1d62-b81f-4604-9fa6-da2a17c3b511,2025-11-30 19:33:15.096,2025-11-30 19:33:15.096,10004,R5wtjjS0Fd,com.sec.android.app.shealth,ab7872a1-d948-494f-bac3-5dcb9174072e,
683a62e3-972c-41f5-8ebb-1fabc6a64ac9,bf7292bd-3743-496a-99e7-a61c72f1b5d6,2025-11-30 20:31:05.598,2025-11-30 20:31:05.598,10004,R5wtjjS0Fd,com.sec.android.app.shealth,ac4f6959-235b-4414-80e3-3bbe97d671b4,
90dc91b8-0673-43e7-bdab-6c7f79ec959a,05a72dfd-2531-4c63-a822-02ed85f914ca,2025-11-30 21:13:32.260,2025-11-30 21:13:32.260,10004,R5wtjjS0Fd,com.sec.android.app.shealth,738a2855-4f31-455a-b965-eebb94a8e882,
b8a9a6fb-8cc6-450d-84b8-b5b433fd4e4f,a36a9a19-27da-418d-ac7a-8d4845874f9e,2025-11-30 22:26:39.034,2025-11-30 22:26:39.034,10004,R5wtjjS0Fd,com.sec.android.app.shealth,2b815a9d-31bd-4f59-89b5-a0340f79aa33,
7156d433-d27c-43ad-a229-277a3fb645ee,28d9444c-4b94-4694-84d7-0a02a4b7d7d3,2025-12-01 00:28:27.707,2025-12-01 00:28:27.707,10004,R5wtjjS0Fd,com.sec.android.app.shealth,887a9320-8c53-4c8f-8207-fbee4cae527e,
32e262ae-4c8c-4908-83b8-8f4a08a34491,4bf469ef-0d11-4373-bba3-d1b375f4ae0a,2025-11-30 23:08:50.873,2025-11-30 23:08:50.873,10004,R5wtjjS0Fd,com.sec.android.app.shealth,05fe052c-59e5-4540-89e1-578353f84b73,
1460663d-f779-4277-9fc2-997de40c7cbf,eabd416b-4042-46b8-9d79-d6e0e3cdb41d,2025-12-01 10:15:36.422,2025-12-01 10:15:36.422,10004,R5wtjjS0Fd,com.sec.android.app.shealth,b3e9c933-bf9a-455f-9fd3-449f0e29e21e,
59f529d6-1070-4a0e-8622-57cf9f475c14,3e5e5bce-c211-4010-9e2f-abfb23d9f941,2025-12-01 10:15:36.487,2025-12-01 10:15:36.487,10004,R5wtjjS0Fd,com.sec.android.app.shealth,9333ad42-7adf-4f7a-aee1-34e3b97c7b06,
bab708cb-19df-4ee7-9278-9bca7568284a,1ee6ccbd-715e-42f2-a8de-3ba4a88b0dc3,2025-12-01 10:15:36.571,2025-12-01 10:15:36.571,10004,R5wtjjS0Fd,com.sec.android.app.shealth,586b5cce-c3b9-4398-8f8f-0b545f9f24de,
cc898de1-abaa-4a43-9c8f-01f1cd5df8ce,472994a2-c7c2-471d-98ed-e0b15c51a77f,2025-12-01 10:15:36.597,2025-12-01 10:15:36.597,10004,R5wtjjS0Fd,com.sec.android.app.shealth,0956faa1-ad4d-4712-aa32-828832b70ac6,
a4f5fe43-8fd8-41b6-afa0-1fa4af2ed993,05e6a609-32f4-473e-b28d-c7925d38187c,2025-12-01 10:15:36.618,2025-12-01 10:15:36.618,10004,R5wtjjS0Fd,com.sec.android.app.shealth,63f0f141-b8cd-4c25-8e70-02e27b80da39,
b7ac1bc5-0ddc-47b9-af33-5991c704fae2,2bafb07a-61ee-445c-a468-73cd6d994c50,2025-12-01 10:15:36.634,2025-12-01 10:15:36.634,10004,R5wtjjS0Fd,com.sec.android.app.shealth,efe39299-933c-4b93-bc27-8e06e24d9249,
21a36fd1-40c1-4931-aafa-c82888a434dc,222cba9d-7840-4150-b3c1-e0b777aa4eed,2025-12-01 10:15:36.781,2025-12-01 10:15:36.781,10004,R5wtjjS0Fd,com.sec.android.app.shealth,edc04f20-d6d5-4197-ae9c-eb8e9bf9a7be,
9c3de554-fe9b-4e81-9579-78fd4f85b830,8869ab60-032b-4949-96d3-c24232be5e9b,2025-12-01 10:15:36.662,2025-12-01 10:15:36.662,10004,R5wtjjS0Fd,com.sec.android.app.shealth,43923990-1b5f-4dd6-a38e-8d5905ffa6f7,
f1c278ad-9d84-4ff0-941a-bafd1ac88662,3cb22a54-8bf2-4b48-989e-037ab16553b5,2025-12-01 10:15:36.745,2025-12-01 10:15:36.745,10004,R5wtjjS0Fd,com.sec.android.app.shealth,5ae1f365-ebff-44c3-afcc-952881bdb6b5,
56309c56-b8b8-462b-8a10-7cd62d20d379,63bdc7bf-fbe8-4448-a5c7-eb661e43cee0,2025-12-01 10:15:36.639,2025-12-01 10:15:36.639,10004,R5wtjjS0Fd,com.sec.android.app.shealth,06f5c4fa-2942-4f48-ae4c-f5d9423a0e65,
6086ad17-dfa3-4b36-9d21-02bad4b40b7b,922e1f92-f2ab-4616-b664-360baf995fca,2025-12-01 10:15:35.770,2025-12-01 10:15:35.770,10002,R5wtjjS0Fd,com.sec.android.app.shealth,9f0a702e-014d-4108-ba1b-2d05dea8576c,
4f1dcf32-44db-4967-9736-7adebdd4cf18,b063d1e2-b5ad-4df6-b7b7-1f2bb610b683,2025-12-01 11:30:42.304,2025-12-01 11:30:42.304,10004,R5wtjjS0Fd,com.sec.android.app.shealth,9ece5b09-58de-4a3b-981e-4771c34f3203,
2d459f34-8492-4815-b945-61ae131b0eba,7891f8b7-6a53-4eb3-8c43-e05649927fbb,2025-12-01 10:15:35.814,2025-12-01 10:15:35.814,10007,R5wtjjS0Fd,com.sec.android.app.shealth,609659aa-d26b-4b88-809b-5cc33ce69c8d,
8a3ece13-d94c-4e41-a2cd-8257e8718a39,201e478d-fd68-40e7-b1cc-f3d82ea8e2fb,2025-12-01 10:15:40.514,2025-12-01 10:15:40.514,10000,R5wtjjS0Fd,com.sec.android.app.shealth,5565c258-c1e9-4ce3-8b52-3eb96a139163,
d8dbb61c-8f31-4854-83d6-ecbece21262b,adc3db8d-a02a-4a0d-b7b4-fd409ddd23fd,2025-12-01 10:15:36.667,2025-12-01 10:15:36.667,10004,R5wtjjS0Fd,com.sec.android.app.shealth,34670fe2-db7f-4e8d-a1cf-6047833741cd,
1c1243f6-387b-4c41-b9b5-3b88b17987d5,133bbce2-e255-442b-8747-d5d457287f1f,2025-12-01 17:02:03.450,2025-12-01 17:02:03.450,10004,R5wtjjS0Fd,com.sec.android.app.shealth,e0e28e24-06b5-46e7-9bd5-a066a448e1f2,
ead8b203-3913-4c16-9615-af8231fc56ee,ff1b5674-3e27-4334-a8e5-9c2ea8038951,2025-12-01 17:02:03.453,2025-12-01 17:02:03.453,10004,R5wtjjS0Fd,com.sec.android.app.shealth,661e5f2c-3807-47fe-9d00-146c0192da0b,
e9729cc7-621f-40d3-ae43-cd68d2368f2b,065c432f-d4bb-4e56-9d2a-71705772e587,2025-12-01 17:02:03.456,2025-12-01 17:02:03.456,10004,R5wtjjS0Fd,com.sec.android.app.shealth,4c7a9684-1baa-4f09-924d-f0d3c2fe2ec5,
8b57fb17-aa9a-4715-9ae1-b325be8a0ff4,28b9ec2c-5abc-47a5-bdde-1bb18e884544,2025-12-01 17:02:03.461,2025-12-01 17:02:03.461,10001,R5wtjjS0Fd,com.sec.android.app.shealth,f092b7df-3811-4641-894d-9b2b91e09cf1,
778e50bc-2339-4da1-9ede-04383c239028,178ceafc-3bdd-4c10-9606-6dabf7e0fb1f,2025-12-01 23:10:52.424,2025-12-01 23:10:52.424,10004,R5wtjjS0Fd,com.sec.android.app.shealth,ac8d16d5-0ffe-46f1-b3ff-76c849f96d3a,
42803048-f1ff-447d-8299-00a7c661bfe5,98c0d953-1a5e-4910-ba34-f230418173b0,2025-12-01 12:41:25.262,2025-12-01 12:41:25.262,10004,R5wtjjS0Fd,com.sec.android.app.shealth,1b70afa0-7b98-49df-85ef-da5e698bcab8,
48662c91-723f-4c3a-8e7e-9d33cce9d060,7c238275-54b7-48b1-b459-69a7aca6c36e,2025-12-01 13:33:19.882,2025-12-01 13:33:19.882,10004,R5wtjjS0Fd,com.sec.android.app.shealth,9d1e89c2-3dfa-4a4f-8b3c-1cc9c338331a,
e98da2bc-70b7-404c-8a4b-f6b3dee008d2,925ccde1-0f92-49ac-95b9-7c973ead4707,2025-12-01 22:34:50.888,2025-12-01 22:34:50.888,10004,R5wtjjS0Fd,com.sec.android.app.shealth,38d46d93-48c9-4a44-bd1d-4ba87d65e9ae,
a102c25b-4ffc-4eac-b4b5-64ef5849e0d3,a98292bc-edd4-46ec-9f84-397f6841902a,2025-12-01 12:41:25.272,2025-12-01 12:41:25.272,10004,R5wtjjS0Fd,com.sec.android.app.shealth,61e2c20f-94ed-452f-8f8d-564ee150fc0f,
a27d7d6c-2e51-4e05-9d1f-e464ab889ff4,85b2b8ab-1485-40b3-bdd1-3a7942ffa6ba,2025-12-02 00:09:31.027,2025-12-02 00:09:31.027,10004,R5wtjjS0Fd,com.sec.android.app.shealth,77deb681-2cf1-462a-abaf-62e3a827a4f3,
022c48ae-8d14-4940-b912-560a0532f24f,e63aabe1-1885-4607-aac3-23b20a78d6f7,2025-12-01 17:02:03.448,2025-12-01 17:02:03.448,10004,R5wtjjS0Fd,com.sec.android.app.shealth,4be2a042-edd1-4a93-bd7b-714413d9e74c,
aee73063-4bc6-40e3-9a06-c96c83a97a51,2a5767a4-5f64-4427-ac2b-6ee749aaca7c,2025-12-01 19:32:19.535,2025-12-01 19:32:19.535,10004,R5wtjjS0Fd,com.sec.android.app.shealth,2b4dac45-b2f5-49c4-b2be-5f9890467155,
11fb531b-5582-4220-9acd-75fb2276fb5d,d7af79cc-2a5b-46fa-aa48-73c7516375f3,2025-12-01 18:44:58.574,2025-12-01 18:44:58.574,10004,R5wtjjS0Fd,com.sec.android.app.shealth,3aa97ebb-05b4-4160-a6f6-0ef808f14ad6,
cab25125-9556-4ccf-850c-7ab3ae564e19,39dab38c-c65b-4b08-867b-b0c99e94d1c3,2025-12-01 21:49:06.068,2025-12-01 21:49:06.068,10004,R5wtjjS0Fd,com.sec.android.app.shealth,d195f61d-e62d-4444-966f-f52d639ddc44,
6846f0e3-d27c-4aa0-a89e-8839ff4e1145,bbdaf4b5-20f1-42dc-affd-9e28cd9ac396,2025-12-02 08:27:59.952,2025-12-02 08:27:59.952,10000,R5wtjjS0Fd,com.sec.android.app.shealth,b90785bb-2ef9-415f-8a85-7df892c67533,
677dfb84-4de2-4bed-9bc2-144e21ceb8c9,b2b4bf3a-50bd-4f13-bf88-f148a874609e,2025-12-02 08:28:03.659,2025-12-02 08:28:03.659,10004,R5wtjjS0Fd,com.sec.android.app.shealth,8e68e257-1327-465e-bd55-6a38aaa23ab8,
980cffb7-39e1-4d1a-9fc1-bdb616dbfe3e,20c38f7a-7c1f-43fb-a583-8278c42ae3da,2025-12-01 20:32:30.265,2025-12-01 20:32:30.265,10004,R5wtjjS0Fd,com.sec.android.app.shealth,7485cc74-a4c7-4277-8170-f7d86eb5fb8f,
9b3be90f-3eef-4e2c-b32c-8bfab5571c3e,d718f3f9-9fbc-497b-923c-d789e9aa7e21,2025-12-02 08:28:03.789,2025-12-02 08:28:03.789,10004,R5wtjjS0Fd,com.sec.android.app.shealth,868d04cd-3786-498d-b417-9f422378d845,
22062d3c-9713-4692-b433-0bdd406ee9ea,5bc429fc-5da0-407a-a732-d3b57488543d,2025-12-02 08:28:03.704,2025-12-02 08:28:03.704,10004,R5wtjjS0Fd,com.sec.android.app.shealth,e6e1fef9-84e0-451a-9109-4629e2669659,
b1643735-f214-41a0-bd64-1096c20f1fc6,da9ba6bb-2eef-4448-a4d8-073f6b18b84b,2025-12-02 08:28:03.953,2025-12-02 08:28:03.953,10004,R5wtjjS0Fd,com.sec.android.app.shealth,c38f593e-f62d-4663-bde8-59abbb6ee982,
96d58124-794b-476e-8bad-69ac5dd4388e,40563006-0dba-42e6-a60e-25d39ebeccff,2025-12-01 17:02:03.527,2025-12-01 17:02:03.527,10001,R5wtjjS0Fd,com.sec.android.app.shealth,a4aaad80-c0c7-418e-84f1-bd6d3088c79a,
1155eb37-0922-4cd6-b1cc-c1c620b9240e,8fed55fb-1b35-4f64-b0bf-f633ba8d90e6,2025-12-02 08:28:03.776,2025-12-02 08:28:03.776,10004,R5wtjjS0Fd,com.sec.android.app.shealth,91fa5d99-1450-4931-8d68-41766bf5cdf8,
d2abbd2e-8ede-4fb4-8500-fc81a60360f5,7ca56b2a-b839-4667-a33a-2e0a4119b1da,2025-12-02 08:28:02.397,2025-12-02 08:28:02.397,10002,R5wtjjS0Fd,com.sec.android.app.shealth,278f62b1-a741-4e25-8bdd-1dc095c6c9f7,
a773f87e-a729-4a7c-a8cd-6c40895e11dc,fe92cbca-9115-453a-b38d-59f2c26bd995,2025-12-02 08:28:03.654,2025-12-02 08:28:03.654,10004,R5wtjjS0Fd,com.sec.android.app.shealth,8fc5346b-36c3-4f4a-bd54-b8b52a7088a6,
3ce23db0-934d-49cf-93a7-92ed9deac5e3,c12c7cd8-38f0-4229-a7d5-482da76f4d02,2025-12-02 08:28:04.125,2025-12-02 08:28:04.125,10004,R5wtjjS0Fd,com.sec.android.app.shealth,4380b768-bb22-41b8-8daf-c3c9b263c1da,
ebf42989-d802-4a03-a631-21fd0932d34d,d24a002e-48f2-4eb4-b3da-166a0154a4e4,2025-12-02 08:28:02.932,2025-12-02 08:28:02.932,10007,R5wtjjS0Fd,com.sec.android.app.shealth,cff8658a-8d4d-424a-a1b7-3942acc8dbac,
bcade29e-1608-4bdc-bf78-30c08141a16b,601ca8ec-7122-4264-80ed-e86c436332b7,2025-12-02 08:28:03.868,2025-12-02 08:28:03.868,10004,R5wtjjS0Fd,com.sec.android.app.shealth,53d27e85-c6df-48f6-9175-5606f228e0fc,
8f9534e1-d666-4d7e-a8af-5b4e58029512,25f43029-ffc9-4028-8625-0722f538c0c4,2025-12-02 08:28:04.089,2025-12-02 08:28:04.089,10004,R5wtjjS0Fd,com.sec.android.app.shealth,05dea38d-f5c1-4320-a35f-4dbf7acff326,
e36f66c3-55c8-416a-98a2-e9360a408f23,0aa47bc9-8cb5-43d4-9540-e2d60b353996,2025-12-02 10:05:59.617,2025-12-02 10:05:59.617,10004,R5wtjjS0Fd,com.sec.android.app.shealth,64f76d31-6545-484c-8373-938f76832f06,
2f4939cb-6740-44a2-99e1-051df0de06b3,5ed23e8b-3089-4483-b52b-f25c03fd9a91,2025-12-02 10:05:59.812,2025-12-02 10:05:59.812,10002,R5wtjjS0Fd,com.sec.android.app.shealth,075db13f-03c4-4cd2-994b-1de7af5b17cf,
eeccf3a0-9302-4695-a5a5-e842ff85ce6d,298584f5-0a05-47e7-9087-8e87ab51b13d,2025-12-02 10:06:00.213,2025-12-02 10:06:00.213,10007,R5wtjjS0Fd,com.sec.android.app.shealth,38628b20-47aa-42dd-869c-4436ab6be523,
9cf66105-1be2-4248-8d4c-3ab085e9ace9,a8199654-2b59-483e-94f7-48857b96b997,2025-12-02 17:05:46.178,2025-12-02 17:05:46.178,10004,R5wtjjS0Fd,com.sec.android.app.shealth,d2abecd9-12e9-43ce-bb07-c01d21139a91,
bdccf473-76a7-4d34-9669-a915be50db8b,928bbf61-dec9-49e5-a195-6b0fb29df376,2025-12-02 10:41:54.438,2025-12-02 10:41:54.438,10004,R5wtjjS0Fd,com.sec.android.app.shealth,f5dfd4a4-a820-4fe2-b512-42041f2bb030,
0477cff0-aeee-4a91-9555-fca10e1b8fec,2bfa0c98-6aff-493d-8890-b08a6841c20c,2025-12-02 11:32:12.326,2025-12-02 11:32:12.326,10004,R5wtjjS0Fd,com.sec.android.app.shealth,d5a3f593-9e9b-47dd-a496-99b183995a3c,
aa0c79c2-01b7-4299-a38c-d0af7dcf102a,f4386f4d-4c7a-47c8-9389-f013eb1bcb33,2025-12-02 12:10:32.885,2025-12-02 12:10:32.885,10004,R5wtjjS0Fd,com.sec.android.app.shealth,f04441f0-4578-4c4e-b39b-015682f39bc0,
f4d53ba0-ada9-49c5-a33c-59bd41848870,93aa65bc-2244-4b56-8581-7e3484598960,2025-12-02 19:14:36.626,2025-12-02 19:14:36.626,10004,R5wtjjS0Fd,com.sec.android.app.shealth,05193c20-95f2-4cdf-b737-624ed62fe9a7,
4e0faf77-1efa-4a40-b4ba-ed0556d14055,81b8395d-c8a7-4964-8695-16cd0032ec85,2025-12-02 20:23:54.316,2025-12-02 20:23:54.316,10004,R5wtjjS0Fd,com.sec.android.app.shealth,6b430ceb-47a7-4fca-a0b6-87ca63c1b51d,
e569b7fd-7681-4623-9105-85b4aabaab65,739dcf96-a024-406a-980f-d0485b116741,2025-12-02 21:20:56.556,2025-12-02 21:20:56.556,10004,R5wtjjS0Fd,com.sec.android.app.shealth,e02528b2-5d0b-4c50-be99-f377fb5db787,
54e03d72-8331-4233-810e-770bd3162786,f99562ec-7372-4f76-a213-d70f5fa576c6,2025-12-02 14:29:31.074,2025-12-02 14:29:31.074,10004,R5wtjjS0Fd,com.sec.android.app.shealth,ed415d10-e3ac-4bfd-8c22-e102576b3d2a,
ac5b8d45-4493-4836-90e4-444321f754c0,64089d18-a497-4934-b061-dfaaea8963be,2025-12-02 22:27:29.219,2025-12-02 22:27:29.219,10004,R5wtjjS0Fd,com.sec.android.app.shealth,e1b08ed4-ff46-4426-ac1f-94e1347e1b39,
04eb7e5a-90f3-4fad-a98c-c252ca95e07b,c777c3ba-e4d4-4316-a6d2-ad7a4f00d559,2025-12-02 14:29:31.104,2025-12-02 14:29:31.104,10004,R5wtjjS0Fd,com.sec.android.app.shealth,0912e502-4639-4035-87ca-330850277500,
065939d1-2b2e-4daf-921d-733e359aab6f,2ba444a5-f9ff-4680-8d6b-180db12f4300,2025-12-02 15:20:42.790,2025-12-02 15:20:42.790,10004,R5wtjjS0Fd,com.sec.android.app.shealth,1f6ea19a-b839-43b0-ba8c-fc4d1bd54a1e,
a02178d8-5087-41f9-958a-7df57029434c,888ed0f9-ca3d-4125-9d05-0f7edb526f64,2025-12-02 19:29:19.964,2025-12-02 19:29:19.964,10004,R5wtjjS0Fd,com.sec.android.app.shealth,86079347-6cf5-49ab-8106-896c98fb31f9,
e974a424-b093-4659-97a5-89d43142bdc3,37e8b191-d837-4e9f-a705-d8e286a66d9a,2025-12-02 16:08:17.248,2025-12-02 16:08:17.248,10004,R5wtjjS0Fd,com.sec.android.app.shealth,98048941-2917-42f4-8cbd-e13d54f90737,
9b89bdb7-4648-48a4-845b-efbe38215f30,00919802-48fc-4b42-bca9-31166555d2e6,2025-12-03 00:02:14.569,2025-12-03 00:02:14.569,10004,R5wtjjS0Fd,com.sec.android.app.shealth,fb95c2b9-9816-4fa1-a14f-3581942768e6,
c65c26bc-4ea0-4e0d-8322-fd443638d344,e03b2ac2-d87a-490e-b1d7-6817719682a2,2025-12-02 23:44:28.712,2025-12-02 23:44:28.712,10004,R5wtjjS0Fd,com.sec.android.app.shealth,906695f8-64d5-46f0-a9a9-c8f04a40a1fd,
01151620-afd8-4625-9748-9e854f0fd04a,c49ca99e-c934-4c3d-91a1-fa027e56c6a8,2025-12-03 09:56:30.599,2025-12-03 09:56:30.599,10004,R5wtjjS0Fd,com.sec.android.app.shealth,62f4ef38-e7d6-4ede-a4e3-5a74b2b1638a,
5bcd0aa0-0486-4593-90ad-269a97816ca1,483de5fe-2702-4637-911e-7ea4954d2780,2025-12-03 09:56:30.602,2025-12-03 09:56:30.602,10004,R5wtjjS0Fd,com.sec.android.app.shealth,eedb3703-322d-4f34-89cd-92514c3c3ee6,
1b2c89da-6d79-49a4-9afb-087ca1791f3a,6b643d19-86f3-4b7e-a656-b3d5cf36d76e,2025-12-03 09:56:30.608,2025-12-03 09:56:30.608,10004,R5wtjjS0Fd,com.sec.android.app.shealth,126dd290-bc4d-4250-a028-fa9b3fa58d70,
d74d3abf-bcc0-4ded-b76f-99759d2e65d7,291c8405-80e5-4f30-a795-21a037247c78,2025-12-03 09:56:30.612,2025-12-03 09:56:30.612,10004,R5wtjjS0Fd,com.sec.android.app.shealth,8b373ae9-720b-4595-af34-1cfa4f5476a8,
15740cc2-75f6-41f6-9a0a-4dbaefbe825d,c34a4b10-8276-4174-9025-d6236bbafaf1,2025-12-03 09:56:30.494,2025-12-03 09:56:30.494,10000,R5wtjjS0Fd,com.sec.android.app.shealth,e934606f-bbb4-4360-94cb-b494dde860ca,
be9be081-a90b-472b-922d-6646e34744bc,38fa2bde-4e6b-4435-ad34-888224fef050,2025-12-03 09:56:30.572,2025-12-03 09:56:30.572,10004,R5wtjjS0Fd,com.sec.android.app.shealth,5d146bb4-39a5-4a5f-8a07-3f367e7bf2a0,
929330f3-a9c8-4121-bacb-d2f41e70efcd,81a01bdb-d1be-443d-96d0-e994c03900a8,2025-12-03 12:03:31.737,2025-12-03 12:03:31.737,10004,R5wtjjS0Fd,com.sec.android.app.shealth,277c10a8-bb21-4a29-b7c1-99af4f0fed8c,
7273cef8-bb2e-47a0-ad81-d3b11193d78c,a9d0d4ab-2394-4877-a74e-94df846829f3,2025-12-03 09:56:30.578,2025-12-03 09:56:30.578,10004,R5wtjjS0Fd,com.sec.android.app.shealth,75d858c8-ed9d-495d-bec1-8b8371be8f5e,
748c0e13-6e9b-4bfb-bc7b-394dc611c057,0fe398a7-6ce9-4711-ae9b-16b4a89886ac,2025-12-03 11:55:00.130,2025-12-03 11:55:00.130,10004,R5wtjjS0Fd,com.sec.android.app.shealth,3212330a-5774-4035-9268-ac70d42946d9,
49a670bd-3572-408c-b57d-50460adf14a5,06ffe7ba-7614-4950-879b-e5b7da327c8d,2025-12-03 09:56:30.620,2025-12-03 09:56:30.620,10004,R5wtjjS0Fd,com.sec.android.app.shealth,c9f2c0e1-4f8d-4597-b336-e0148d4802a3,
c08b2f94-03ba-4cc3-b37d-9f335eb67f14,a2df78ae-ce70-4644-93c8-bec468b64637,2025-12-03 13:03:07.553,2025-12-03 13:03:07.553,10004,R5wtjjS0Fd,com.sec.android.app.shealth,fddeb282-733a-402d-a1bf-7f3f6e19fbd3,
a0f4defe-3c4b-4ee6-a005-145ea74f293d,06883965-0009-4a28-9d87-4b9ff02f887a,2025-12-03 20:15:06.909,2025-12-03 20:15:06.909,10004,R5wtjjS0Fd,com.sec.android.app.shealth,11a02218-939f-4aba-b7dd-4e94a9ff603a,
b7245cb7-b414-41ce-b7f7-d0a4e26b5991,3cf9e84c-3fb0-4cc7-aa9a-e840f52f6082,2025-12-03 09:56:30.585,2025-12-03 09:56:30.585,10004,R5wtjjS0Fd,com.sec.android.app.shealth,81bec1a2-69c7-422f-b8b1-8cbf961fca59,
bdc85ab4-17fe-4532-a51a-d43d933b0546,5819a417-cfed-4df5-931e-a9ce2e7e29c5,2025-12-03 15:36:03.154,2025-12-03 15:36:03.154,10004,R5wtjjS0Fd,com.sec.android.app.shealth,30992a56-7537-4065-9f6f-d90d81af8518,
d284f6a4-f93b-41de-886c-2a4446dbac1e,1da7af3e-90a4-4106-a6ae-2ff6a92f670c,2025-12-03 09:56:30.591,2025-12-03 09:56:30.591,10004,R5wtjjS0Fd,com.sec.android.app.shealth,37ba5b4b-4f1c-488c-aec6-7a21838bf92d,
667519d3-685d-4073-be7b-147550c7051a,e871480d-9026-48ab-9ce5-0f5ee0d9dac9,2025-12-03 16:51:57.380,2025-12-03 16:51:57.380,10004,R5wtjjS0Fd,com.sec.android.app.shealth,c5114118-d3d5-4717-bc27-8c84c01605ee,
70b6ab4d-5750-405b-94a2-2050bd3b572a,132335c5-fe40-465c-b9e3-622fc30001c8,2025-12-03 14:16:18.354,2025-12-03 14:16:18.354,10004,R5wtjjS0Fd,com.sec.android.app.shealth,426c8da3-6cfd-4c5a-9bea-f17853a9d060,
3000c1a4-91b0-44f5-b4a1-aa2b6e37c294,9b96172b-3332-4990-883b-847fb179dbfa,2025-12-03 10:07:41.282,2025-12-03 10:07:41.282,10002,R5wtjjS0Fd,com.sec.android.app.shealth,d1200470-928f-46b0-8e6e-d39079ddf86c,
bde4b72a-5b3e-42e0-90f4-8d19ac2aef86,8095cce1-8d82-4648-947d-c59ee2a902ac,2025-12-03 10:07:45.893,2025-12-03 10:07:45.893,10004,R5wtjjS0Fd,com.sec.android.app.shealth,70ce583a-3421-48bc-b2d0-efb988536f48,
1b63f49c-52e9-4e7d-8002-ecac70a96d33,17c2f024-5968-48de-ba6d-2a2e5e717631,2025-12-03 22:25:13.610,2025-12-03 22:25:13.610,10004,R5wtjjS0Fd,com.sec.android.app.shealth,35d45865-a7b5-47fb-88c0-6d3924a087bc,
5311da70-7c71-4402-aea6-69932c9aa334,56de4a49-8576-425d-853c-05ffa8860ca3,2025-12-03 17:32:27.745,2025-12-03 17:32:27.745,10004,R5wtjjS0Fd,com.sec.android.app.shealth,38c6e35b-cc76-42f5-94e4-381f59d93122,
ab870176-9f8a-4cee-b94f-c0c333f8e667,28533100-df1f-4380-8f4b-5d616a972e7b,2025-12-03 10:07:40.756,2025-12-03 10:07:40.756,10007,R5wtjjS0Fd,com.sec.android.app.shealth,8108f9d9-88dd-4288-ba46-e6317720d90e,
394b4104-cfce-4f74-a56b-ef2408af840d,301e0a16-c22b-48be-b11f-f28a4fcde293,2025-12-03 21:05:48.559,2025-12-03 21:05:48.559,10004,R5wtjjS0Fd,com.sec.android.app.shealth,2f316949-6c8d-4ff0-9e59-658152cbde94,
8ff1a142-a96a-40f2-aae3-e347db2b223d,40afc900-7925-48a6-adb6-d5c37d5d5d28,2025-12-03 18:30:40.563,2025-12-03 18:30:40.563,10004,R5wtjjS0Fd,com.sec.android.app.shealth,71d0b3c1-607f-4521-a83c-cf1ff21f4e44,
df927948-ebbf-4fae-92db-b093c0d9da96,a9c0d71f-4352-4764-8814-2ce76a4e0f0a,2025-12-03 19:26:14.635,2025-12-03 19:26:14.635,10004,R5wtjjS0Fd,com.sec.android.app.shealth,ed1b9ed0-39f4-4d12-87a6-1dad5ab24ef0,
7e4c68ac-65df-4161-8ab3-aae976e22bde,d12aeafc-0a6a-4305-9f5b-c9da81de34d0,2025-12-03 15:36:03.163,2025-12-03 15:36:03.163,10004,R5wtjjS0Fd,com.sec.android.app.shealth,397edd60-cf50-4eeb-9e4f-d1326c58abb6,
92eba9e6-79ba-4449-ae5f-f065e2333966,83ce4ca4-d76d-456d-aef4-d3c119364502,2025-12-04 00:10:07.770,2025-12-04 00:10:07.770,10001,R5wtjjS0Fd,com.sec.android.app.shealth,55a4228a-f04b-4a19-ab9b-68df029e6a48,
fee8e274-93e0-4223-ad83-497e2b0f408a,004f4e2b-6417-462b-9b01-c1cf2511a57e,2025-12-03 23:16:00.677,2025-12-03 23:16:00.677,10004,R5wtjjS0Fd,com.sec.android.app.shealth,b1216763-0a87-41c7-8180-3863251f2038,
2bb1a08e-9c87-4a5e-8533-cbd9d324e0bd,6b2ba8d7-8bf5-4cef-b87c-cfd3e8a866cd,2025-12-04 09:49:47.675,2025-12-04 09:49:47.675,10004,R5wtjjS0Fd,com.sec.android.app.shealth,b3b61bda-7126-45d9-9d28-48f476c898a2,
cd50ce0c-ecee-4448-bd48-8075d95b5bc5,d20a2c1a-1805-4cb9-907d-724a26ae6aa9,2025-12-04 09:49:47.695,2025-12-04 09:49:47.695,10004,R5wtjjS0Fd,com.sec.android.app.shealth,c7226ee5-277e-4956-abf3-621973f6e0c5,
65064978-591e-4b21-8df5-82d41901044b,8317da6e-dd79-4542-a562-65396abc087a,2025-12-04 09:49:47.648,2025-12-04 09:49:47.648,10004,R5wtjjS0Fd,com.sec.android.app.shealth,4bac882a-299d-450b-9198-84dc269fce50,
d75c56e8-21a0-44d5-abbb-41d1389db805,e1e85caf-b8b2-4199-b656-61ee121a0210,2025-12-04 09:49:47.517,2025-12-04 09:49:47.517,10004,R5wtjjS0Fd,com.sec.android.app.shealth,b82478f0-04c0-4a8d-8b30-8d27072f1068,
8902d875-374f-493d-8dfc-22b5426d2231,e049546a-885f-42b8-bf41-b43ebed99e01,2025-12-04 09:49:47.553,2025-12-04 09:49:47.553,10004,R5wtjjS0Fd,com.sec.android.app.shealth,85e19109-6b4f-404a-a82e-4f2125034784,
f5ea0e50-e858-4007-812f-0198cd09a49c,6e30d3d2-b5c3-410f-b3c3-054fab255cba,2025-12-04 09:49:47.704,2025-12-04 09:49:47.704,10004,R5wtjjS0Fd,com.sec.android.app.shealth,2032ec6d-3727-4b0c-a8d7-7efcee8a0ed9,
0008ce16-8637-458f-b27e-19b340ee1855,24813dea-e075-4476-a859-2ce22d5dac31,2025-12-04 09:49:47.590,2025-12-04 09:49:47.590,10004,R5wtjjS0Fd,com.sec.android.app.shealth,7bb66459-d38d-4599-9194-e244453667c3,
e656ae8a-a177-4613-ae90-ff0b179658c8,0de3b0b3-a23c-456c-8cf5-4eacaa97d672,2025-12-04 09:49:47.620,2025-12-04 09:49:47.620,10004,R5wtjjS0Fd,com.sec.android.app.shealth,a341659f-3ffb-49ec-9cbd-508df1d87c66,
80aee0f4-56a3-4c50-a3c2-2855efaa78c6,8fd8b1ae-0033-435b-86c2-84d09cf52903,2025-12-04 11:03:08.541,2025-12-04 11:03:08.541,10004,R5wtjjS0Fd,com.sec.android.app.shealth,85bcbce0-ade8-49d1-9eca-f58ecf773764,
11d159d9-270d-43dc-934c-65011bb2e5b5,0040946c-c67c-4885-9614-8e6ce8e85bc3,2025-12-04 09:49:51.416,2025-12-04 09:49:51.416,10000,R5wtjjS0Fd,com.sec.android.app.shealth,b1fe2a9a-f775-436f-a572-22907591e957,
16b9cdcb-0621-4d26-b3c5-d3dcdad9c956,800b3536-611e-4442-818f-bdff2fc535f7,2025-12-04 09:49:47.662,2025-12-04 09:49:47.662,10004,R5wtjjS0Fd,com.sec.android.app.shealth,41ab9f04-d42b-47b8-9d5a-95e1582a5261,
e75d4049-3bd9-45e8-8ffd-803740651332,4e220fcc-9c67-4d17-88ee-0e9413c2558c,2025-12-04 09:49:55.774,2025-12-04 09:49:55.774,10007,R5wtjjS0Fd,com.sec.android.app.shealth,39d33ed8-6452-4684-badc-196235f16ac9,
e6e82d71-ea18-4c32-87bc-daa7c2a69d01,52610c09-a21e-4629-8e1e-f4bc72419258,2025-12-04 09:49:47.777,2025-12-04 09:49:47.777,10002,R5wtjjS0Fd,com.sec.android.app.shealth,a25e6684-f00f-4c91-b4b0-4d026c7b73b5,
d50a4688-13a7-4b18-95b1-9811c70189c0,d4912e08-e647-4307-a686-e4f0846dd77b,2025-12-04 09:49:47.753,2025-12-04 09:49:47.753,10004,R5wtjjS0Fd,com.sec.android.app.shealth,7e7b1389-cf89-46dc-9266-a7edfb76cb0f,
3f1b3db4-545e-4d2c-9c57-3ad64eed64cd,175a8c50-c04e-4320-9f3b-24955b9680ae,2025-12-04 11:05:25.882,2025-12-04 11:05:25.882,10007,R5wtjjS0Fd,com.sec.android.app.shealth,a4c78956-44a3-4da6-9f10-5d0fc417faa7,
b183f251-26ba-4be2-af6b-9e18cb6baee1,814d6458-c019-4de4-ab62-c056ecd1bca9,2025-12-04 11:05:26.710,2025-12-04 11:05:26.710,10002,R5wtjjS0Fd,com.sec.android.app.shealth,a905dcc8-5160-45c6-9682-712cd05069c3,
d755dba7-6bfd-449f-8791-16d6f9ec26d8,54c8e483-2fff-4d19-86d7-d2a0a62b11d1,2025-12-04 11:03:08.593,2025-12-04 11:03:08.593,10004,R5wtjjS0Fd,com.sec.android.app.shealth,9bd8c472-1416-46d4-8618-2d8cb6932289,
ffc48ad2-2b55-490c-b715-716e51950528,d686bf0c-d9a5-4b65-b47d-1455fafa0f16,2025-12-04 15:17:09.415,2025-12-04 15:17:09.415,10004,R5wtjjS0Fd,com.sec.android.app.shealth,7c0b65ce-b022-43c8-9989-de10252f58bd,
d580201a-a7d0-4ade-9a15-634600e15d85,c7a823ab-4e72-4b9f-b84e-599435ed1c0e,2025-12-04 16:24:00.880,2025-12-04 16:24:00.880,10004,R5wtjjS0Fd,com.sec.android.app.shealth,580a8500-0683-494e-baa8-c656ec846173,
4deeedcc-e8c3-4027-a040-dea5ee560e32,25f68d1e-49a6-441f-a6c6-f0d4beffd401,2025-12-04 16:51:52.812,2025-12-04 16:51:52.812,10001,R5wtjjS0Fd,com.sec.android.app.shealth,a24a0996-b8e5-4055-80cd-85c71af55876,
ebd84ddf-36fa-4f3f-b6dd-a3651b7f9d4c,2c9e8a46-d533-47ea-866d-8b045e0c0783,2025-12-04 12:03:29.739,2025-12-04 12:03:29.739,10004,R5wtjjS0Fd,com.sec.android.app.shealth,fb44b368-cd79-4c3b-abc8-ec912c48978f,
390851d2-11fe-4bd7-9b98-f42cdff2927a,947954f5-3f6d-4b82-a191-07e81b2aec51,2025-12-04 19:12:33.571,2025-12-04 19:12:33.571,10004,R5wtjjS0Fd,com.sec.android.app.shealth,fdd846f1-3836-493b-a099-4b0b5936c25b,
fb3d04a8-2c13-4979-b35f-1f90404e2ec6,a5f5a40e-e58f-4f4d-bd08-9ddec5f6332e,2025-12-04 12:37:52.954,2025-12-04 12:37:52.954,10004,R5wtjjS0Fd,com.sec.android.app.shealth,2f74fbde-6972-436e-8a62-8542f7d417e7,
4cd8f66f-aeff-4c00-99a7-676423133cde,2d903021-eedb-4c35-a187-e64671b7beb0,2025-12-04 20:44:20.224,2025-12-04 20:44:20.224,10004,R5wtjjS0Fd,com.sec.android.app.shealth,f7ec10df-b36f-43e4-95bb-cc7ea4d82b6a,
ab13e910-9914-4b14-bbd7-31def9ebbc44,583deb08-b8d5-4c20-8513-407efb77b4c4,2025-12-04 21:35:44.560,2025-12-04 21:35:44.560,10004,R5wtjjS0Fd,com.sec.android.app.shealth,208e80c1-aa7f-446b-93ab-ce04b40409ad,
54082616-3497-4231-9835-e955c3e16a60,201a9485-8027-48dc-9651-66d33435730b,2025-12-04 14:52:46.160,2025-12-04 14:52:46.160,10001,R5wtjjS0Fd,com.sec.android.app.shealth,f55cd3df-a675-473e-b299-5e7067f5e72d,
b3f78523-b551-4f90-a204-4a76ca45e1a6,f6dfcf65-4364-40f5-ba57-a441619d3f51,2025-12-04 19:25:47.748,2025-12-04 19:25:47.748,10001,R5wtjjS0Fd,com.sec.android.app.shealth,66b7f870-07e3-4741-b8d7-47d885facc4a,
369c1f9f-a41e-4408-b7df-7678e1b8a3fe,278fc1f8-1440-4a3f-8a73-de97ffe17cbb,2025-12-04 14:52:47.919,2025-12-04 14:52:47.919,10004,R5wtjjS0Fd,com.sec.android.app.shealth,a37852ba-bc83-4c0e-9c05-2f360f520170,
eae733ce-352d-4108-a4e6-cc6db4fd9e24,d24b66c3-ba60-4c53-98a5-479194092f2b,2025-12-04 23:45:30.890,2025-12-04 23:45:30.890,10004,R5wtjjS0Fd,com.sec.android.app.shealth,98138d47-dcd8-4cc5-80d4-697cf89a371e,
0ddca970-5da8-491b-8b30-d50aceacbaae,3228ff89-9b95-4807-97fb-4884a9d79429,2025-12-04 14:52:47.925,2025-12-04 14:52:47.925,10004,R5wtjjS0Fd,com.sec.android.app.shealth,c1f44a13-e3d7-4abd-b328-f48447a4eea9,
8416738b-a2b2-483d-814d-37c7d20bad1b,e9f8f8c3-7ecc-4418-ad81-1ad0cd99fdd1,2025-12-04 22:34:08.795,2025-12-04 22:34:08.795,10004,R5wtjjS0Fd,com.sec.android.app.shealth,bd902ffe-866b-4337-88a1-43d7c11fc06d,
d0e17837-24b4-4585-884f-2a91a9e25c88,88673f1c-ed37-43e3-96e6-2ce1f3f64031,2025-12-04 20:00:55.736,2025-12-04 20:00:55.736,10001,R5wtjjS0Fd,com.sec.android.app.shealth,f84a13c7-d799-40a5-9bfc-7c8ad7bb7058,
4be80fcd-e810-4229-992b-87b4058e3fa7,3dfd7ce8-5d2e-4f0c-9e13-4570b04a5df0,2025-12-04 17:50:20.776,2025-12-04 17:50:20.776,10004,R5wtjjS0Fd,com.sec.android.app.shealth,3b04ff80-2803-4d54-a3cb-f723eeaf7d79,
b33c6ac7-588a-48c7-a1d4-441ffdb8e77b,90c4a60e-3d0f-4b4f-913a-46f4e8668747,2025-12-05 08:15:49.922,2025-12-05 08:15:49.922,10002,R5wtjjS0Fd,com.sec.android.app.shealth,fcadb5a0-f016-4b6f-b596-5da7261c025b,
0d1c6281-76a1-4974-b8cc-c3a0d7d18f69,7779564d-c122-41e3-9e46-2d4b355dea03,2025-12-04 19:12:33.565,2025-12-04 19:12:33.565,10004,R5wtjjS0Fd,com.sec.android.app.shealth,24dd8d83-c90c-4921-802e-5a51aaa02d40,
5fa7a231-1bb2-4e2a-8c8a-3835be9fb5f8,5a1f26aa-bdd5-4e3f-a068-cc3dd133aaf9,2025-12-05 00:40:52.116,2025-12-05 00:40:52.116,10004,R5wtjjS0Fd,com.sec.android.app.shealth,0a5ec3fe-284e-4c22-bd4b-c98ff4c833a8,
8eb0afa5-bd11-4dc5-bee3-c09c965393e3,d9ccaabb-d69d-4f20-9b32-14cb1473efee,2025-12-05 08:15:49.886,2025-12-05 08:15:49.886,10000,R5wtjjS0Fd,com.sec.android.app.shealth,5d7b7343-1549-4bde-818c-f8995ae6bc0e,
dd2420ca-1ddd-4e0c-9cba-951d73c872b9,485a9635-e04e-439e-b31f-4846363d9c8e,2025-12-05 10:01:04.698,2025-12-05 10:01:04.698,10002,R5wtjjS0Fd,com.sec.android.app.shealth,db33156d-bf84-420d-b364-ef4757e8b0e7,
511ee4c2-192a-45f9-982f-24132c430eed,d6af1fd5-898b-40c5-ac43-560873a3730b,2025-12-05 12:57:28.921,2025-12-05 12:57:28.921,10004,R5wtjjS0Fd,com.sec.android.app.shealth,facb3614-58ab-4eec-9dd3-d31fdf1b66bd,
85650260-bf4c-42ba-8e49-b9156e77901b,43caa69e-f6a2-4098-8f59-a8bc3760137e,2025-12-05 19:26:46.308,2025-12-05 19:26:46.308,10004,R5wtjjS0Fd,com.sec.android.app.shealth,097e2fd4-34d5-4885-8b95-843190016642,
c9e4976a-9841-4c75-a39b-106fd3593809,608ce6ed-8aeb-4b21-bb00-8b8dec80a773,2025-12-05 20:32:48.936,2025-12-05 20:32:48.936,10004,R5wtjjS0Fd,com.sec.android.app.shealth,c994b1a7-3018-48f4-b8ef-d1773f45e34e,
0374e17f-d4b6-4110-bd2d-e5a2d5c13b1f,1214304e-068f-43e7-818a-2ccaa60b0773,2025-12-05 14:38:20.919,2025-12-05 14:38:20.919,10004,R5wtjjS0Fd,com.sec.android.app.shealth,55a452db-909d-454d-8428-db5fcea0d694,
1f5b8dfd-bdbf-4dda-8d60-3fdaf0865b76,b203fbea-71f4-4d65-840a-6b70b6150d39,2025-12-05 14:38:20.927,2025-12-05 14:38:20.927,10004,R5wtjjS0Fd,com.sec.android.app.shealth,f2b4fdd1-24ff-419b-b605-c722fd7d105f,
852e81b1-0738-4286-b2ce-fa23ee7c5d27,55d403af-559b-4a3e-b7bb-f5fc2a2bd6a9,2025-12-05 15:28:07.356,2025-12-05 15:28:07.356,10004,R5wtjjS0Fd,com.sec.android.app.shealth,ce2607e0-758b-4d91-aaa6-310ffea177ae,
3f6c4de6-28f6-481e-847a-21df9427d2da,94652adf-f766-4d72-8df6-1164952d3a55,2025-12-05 22:20:55.233,2025-12-05 22:20:55.233,10004,R5wtjjS0Fd,com.sec.android.app.shealth,346ee58e-5fc8-4f20-a24e-8c5f709ed27a,
fb92a5eb-7487-4b97-a513-bcecfdd223a7,fa79f387-a100-4696-8371-2f83d7df0955,2025-12-05 16:47:33.405,2025-12-05 16:47:33.405,10004,R5wtjjS0Fd,com.sec.android.app.shealth,a87ae183-e1aa-4703-99e1-752c6160430e,
ccacf00a-bcfc-4ac7-bd29-d3b1331762f5,39f005bd-b1ba-460c-b53b-4d12470ec6b9,2025-12-05 22:20:55.216,2025-12-05 22:20:55.216,10004,R5wtjjS0Fd,com.sec.android.app.shealth,370159d9-39e9-4ca6-ab98-370d2e63cfa7,
51f8ca6d-6cff-4de2-9d86-541805a74ec2,b6bfcc5c-7d2a-4e50-8165-9dfe5225ce98,2025-12-05 17:24:29.715,2025-12-05 17:24:29.715,10004,R5wtjjS0Fd,com.sec.android.app.shealth,24f7351a-75fb-40f8-be78-6b07bf13b6d4,
b1d32e7f-4fad-4dd6-b4fe-667fd1b53418,cc411fad-68d0-4abb-bb2e-adc6f0edb97e,2025-12-06 06:15:58.530,2025-12-06 06:15:58.530,10007,R5wtjjS0Fd,com.sec.android.app.shealth,b63aac77-edb7-4d8e-a63a-c03e54dbef5c,
b9952d40-4578-41b2-9130-9b772f2c2669,986a7a41-5013-492d-9a32-b3af11c947f4,2025-12-06 06:15:58.525,2025-12-06 06:15:58.525,10004,R5wtjjS0Fd,com.sec.android.app.shealth,9b6349ce-2834-4240-b4a1-5031dd71e98a,
886bfcad-8bdc-4ba6-b4a0-ad2920436699,bb0a155c-13fb-423e-a238-25645c6967c8,2025-12-05 18:26:48.005,2025-12-05 18:26:48.005,10004,R5wtjjS0Fd,com.sec.android.app.shealth,43f18808-87c9-436b-abb8-0a5bf682bdd7,
78ed3115-3342-487b-ac7d-36a03c2b5889,1b29f1ea-adb7-45df-983f-eadfa29ec1b4,2025-12-06 06:15:58.474,2025-12-06 06:15:58.474,10004,R5wtjjS0Fd,com.sec.android.app.shealth,2cd65d69-e25c-4d61-9415-3e168f0ae530,
20f60459-3b46-4283-94eb-d241f6606349,0bba279a-1700-4a0a-ab92-cb614fa8e1cc,2025-12-06 06:15:58.327,2025-12-06 06:15:58.327,10002,R5wtjjS0Fd,com.sec.android.app.shealth,cc657f9f-ce4c-431c-bb7a-f0cb768ebe1e,
bbb11a72-c1fc-46a3-bb64-0da38e4b7701,b04be415-757f-4cd8-ba30-4d3630ae1860,2025-12-06 06:15:58.681,2025-12-06 06:15:58.681,10004,R5wtjjS0Fd,com.sec.android.app.shealth,32323bf2-5de2-4a99-80ef-301ea2805d8e,
b26a6c4d-ad56-4384-a44d-5ea7c02f95f9,29171018-ac90-49e9-b756-cb89d24afe75,2025-12-06 06:15:58.540,2025-12-06 06:15:58.540,10004,R5wtjjS0Fd,com.sec.android.app.shealth,3c9f1450-8cea-4cdb-88c2-41b5fd27a62d,
7ff7d5f8-cc81-4ff0-a2df-0bade7c0bcfa,b3efbd89-9a91-44c0-8170-dfb60e3654d3,2025-12-05 23:30:42.448,2025-12-05 23:30:42.448,10004,R5wtjjS0Fd,com.sec.android.app.shealth,d255fcb4-06e8-44ad-8763-f82e2bbac7e3,
472038a6-0757-495c-955e-56bd4c04ef98,4e1044a8-d345-48e8-bbac-b323ae116b8e,2025-12-06 06:15:58.630,2025-12-06 06:15:58.630,10004,R5wtjjS0Fd,com.sec.android.app.shealth,91032893-0f2e-4900-96d6-d0ab1399a5cd,
be7fae96-c4fb-433d-963b-9c287c7e9541,d33116c5-09f2-4995-91cc-ec3fd45af902,2025-12-06 06:15:58.700,2025-12-06 06:15:58.700,10004,R5wtjjS0Fd,com.sec.android.app.shealth,b4e6510a-f712-42b7-99df-74fe49036334,
8bb08043-9f69-4f08-9132-801f09783b65,334e4b31-314b-4cc1-a958-e32cc5756960,2025-12-06 07:56:55.619,2025-12-06 07:56:55.619,10004,R5wtjjS0Fd,com.sec.android.app.shealth,5e13f75a-250c-4828-9414-08f02b4f338a,
32fea890-f024-4cff-b86d-168853a01de5,16470d87-5ca5-4064-a886-8a918113fcb7,2025-12-06 06:15:58.783,2025-12-06 06:15:58.783,10004,R5wtjjS0Fd,com.sec.android.app.shealth,ebdfbac6-e4f5-4318-8210-21869c357ace,
a7b8cf85-0f2e-4f7a-a7f9-33e73ba976e3,0d9b3259-9ad8-4325-8038-4fc8f848c77e,2025-12-06 06:15:58.795,2025-12-06 06:15:58.795,10004,R5wtjjS0Fd,com.sec.android.app.shealth,ebd1f229-ea34-4b36-a6aa-eebc02359d5d,
3259a9e1-004f-49ce-9088-7e3b61a029ca,0c7404ef-4c07-4e18-9bf1-b9f177de17d2,2025-12-06 11:33:01.034,2025-12-06 11:33:01.034,10004,R5wtjjS0Fd,com.sec.android.app.shealth,7e59f5ee-d2a1-4e63-8467-9af592281362,
b9d043c4-8891-4664-92de-733caa538310,0ab4f21d-439f-4683-a15e-7c21c8445b2c,2025-12-06 11:33:01.038,2025-12-06 11:33:01.038,10004,R5wtjjS0Fd,com.sec.android.app.shealth,798f7ba7-1544-4645-8c2c-5a89e134d278,
e21211a2-0446-4fd2-be79-00a4e4b66d5f,5a2df088-c71c-4816-843b-db6a68c2c05e,2025-12-06 12:07:27.911,2025-12-06 12:07:27.911,10004,R5wtjjS0Fd,com.sec.android.app.shealth,4160cf97-57a5-4fc7-8a85-81253b9ac533,
b066275d-d5df-4f8e-bb4d-b5e96d7db542,43cb6674-acb0-4a0e-aefb-faa49be2111f,2025-12-06 12:07:27.968,2025-12-06 12:07:27.968,10007,R5wtjjS0Fd,com.sec.android.app.shealth,603a99c6-09bc-4349-8dfc-811d79493792,
efd68758-b9fa-4bdd-aca3-9345b447844f,e47858d4-6825-4701-923a-8c841ca34b12,2025-12-06 11:33:00.984,2025-12-06 11:33:00.984,10000,R5wtjjS0Fd,com.sec.android.app.shealth,11cf9dc7-c98a-4708-9f23-4f40e50fbc94,
5b8ce873-947b-40af-bc06-83650af7dd81,2587aa34-035d-47a5-8e49-a5bdaad81b12,2025-12-06 12:07:30.949,2025-12-06 12:07:30.949,10002,R5wtjjS0Fd,com.sec.android.app.shealth,f430c5a9-4ad9-4d74-aa6a-3257adc39eef,
8520a6f5-7c0e-48ec-92ed-b7be51d6ed4d,a5ebea0a-c219-428b-a647-4e0a40de0a87,2025-12-06 11:33:01.025,2025-12-06 11:33:01.025,10004,R5wtjjS0Fd,com.sec.android.app.shealth,394b0de1-1eaa-4803-a38b-e4fe9f807b47,
1f44c870-de5a-43d5-97cf-95fe8193fb21,c58ad06d-689a-42cd-b419-dcb9e0210fe0,2025-12-06 13:21:44.277,2025-12-06 13:21:44.277,10001,R5wtjjS0Fd,com.sec.android.app.shealth,052837b0-e593-4145-b23c-e1a8a49933c8,
6640f048-f6d6-4a6f-9b35-0535195d09a9,e56d9abe-5704-451c-b74c-c4ce7851eb9b,2025-12-06 11:33:01.030,2025-12-06 11:33:01.030,10004,R5wtjjS0Fd,com.sec.android.app.shealth,b1e11f54-4713-45f3-8516-452d1b29d96c,
fcc44c88-591f-47e1-b907-e957eafe5625,2872aa0c-5d69-42c4-8c5e-36e14e42bcf2,2025-12-06 13:11:19.975,2025-12-06 13:11:19.975,10004,R5wtjjS0Fd,com.sec.android.app.shealth,a0739e44-6010-45e3-a307-3952ce20bd38,
b6601589-5531-4954-ab19-a9d92c2d4555,faaf8dea-fe8c-43a2-a3fe-3f857a1407bd,2025-12-06 14:37:38.776,2025-12-06 14:37:38.776,10004,R5wtjjS0Fd,com.sec.android.app.shealth,abe4b258-76b2-45b5-8c6b-1df9768e8c90,
f6a45cbf-278c-4ae4-9a9e-d36ad9e26601,c75d99af-b49b-4bbd-8f7e-96cd6b9ecd0c,2025-12-06 15:05:40.044,2025-12-06 15:05:40.044,10004,R5wtjjS0Fd,com.sec.android.app.shealth,e324e621-6a25-45a3-a108-63361dcd30fd,
820f5fd4-7bb6-49d8-abba-5943ddfbcdb1,15366882-18ae-4f46-b8b4-1b43f4895cf8,2025-12-06 18:21:12.564,2025-12-06 18:21:12.564,10004,R5wtjjS0Fd,com.sec.android.app.shealth,3456d1b6-ac3b-455e-bae4-94a76e2c4599,
f9d23cf8-bd12-438e-9daf-30db5327b7a2,677bcb99-0886-417f-85f7-ac4a828143ed,2025-12-06 19:15:00.810,2025-12-06 19:15:00.810,10004,R5wtjjS0Fd,com.sec.android.app.shealth,6fd62be4-c466-42f0-9ced-9fa26178c830,
f610e261-a369-4124-ac6d-10ff1a01cdb8,17c9d08c-28de-41d0-a47b-14ff9d9e9fcc,2025-12-06 16:33:46.575,2025-12-06 16:33:46.575,10004,R5wtjjS0Fd,com.sec.android.app.shealth,ca1bcd15-f8dc-40c7-af97-990b38a8f743,
961898ed-173d-416a-974c-f1214bcb3a77,070d8ee9-46a0-4515-969e-f5cc5a5a41a4,2025-12-06 20:02:00.650,2025-12-06 20:02:00.650,10004,R5wtjjS0Fd,com.sec.android.app.shealth,a2dfb6d9-bb28-44b6-b780-27b7f8e674a3,
2858a7a2-3e66-4b39-8e00-d073aeb90133,918adf26-e860-4140-bb3c-c8058a75f950,2025-12-07 05:48:56.343,2025-12-07 05:48:56.343,10004,R5wtjjS0Fd,com.sec.android.app.shealth,cd038258-aff6-4a79-a997-66c82ff54e16,
47e74cbe-42af-46ba-a5ed-31cf0daf4e77,50ed41be-4d62-440a-9d31-88d60723e076,2025-12-06 18:21:12.568,2025-12-06 18:21:12.568,10004,R5wtjjS0Fd,com.sec.android.app.shealth,ee83dfc6-5ba3-4257-adb1-974f3f483a00,
81ae146a-5041-4eab-92e6-64dacb456f40,f43a0092-2a86-49ee-af86-6579b68b5671,2025-12-07 00:30:23.384,2025-12-07 00:30:23.384,10004,R5wtjjS0Fd,com.sec.android.app.shealth,e88f30f4-eb0a-4805-83cd-e7a339daf330,
bc9d3a1f-7f47-4c1a-9dae-f6f3143eee62,4ffb27c5-aa3e-42c7-94ed-4aee79bf7106,2025-12-06 22:38:32.025,2025-12-06 22:38:32.025,10004,R5wtjjS0Fd,com.sec.android.app.shealth,f9584fab-3294-45c4-9466-85e3850001be,
0e6566ca-c5c8-4154-988a-ba74bcf3fc3d,c6698bf9-ed22-469b-a8a3-5c0a9f3dcb18,2025-12-06 22:38:32.017,2025-12-06 22:38:32.017,10004,R5wtjjS0Fd,com.sec.android.app.shealth,50909884-c4c4-43bf-8262-424b1234057f,
a192c9de-9f83-4735-bcd5-ce1702258a00,58774ddb-dcab-4f17-8f55-9c884257b796,2025-12-07 05:48:56.366,2025-12-07 05:48:56.366,10004,R5wtjjS0Fd,com.sec.android.app.shealth,9a99f6bc-c13f-4b6f-900f-687e5e4c1ce0,
5faffaf1-63ad-4185-b86c-9575c0921e17,e2ba6c99-6753-4ad8-8745-c4b4c55780c2,2025-12-07 05:48:56.336,2025-12-07 05:48:56.336,10004,R5wtjjS0Fd,com.sec.android.app.shealth,b5d89a08-2ef1-429c-9f95-169b653722c2,
cba106fe-887b-4930-ba6f-fbdb2e1a4789,8712b8b0-5f60-440b-a7fb-b0feca3c0de6,2025-12-06 23:04:25.830,2025-12-06 23:04:25.830,10004,R5wtjjS0Fd,com.sec.android.app.shealth,b9f2fecb-b10b-4c2b-b6c3-5135c7fc41b8,
68d22dd3-9736-4a16-ba73-9d58f2702d64,8e525850-4307-4d62-bdd1-b926ab908191,2025-12-07 05:48:56.314,2025-12-07 05:48:56.314,10004,R5wtjjS0Fd,com.sec.android.app.shealth,b6f53a6e-7a8c-497c-b932-08905ae76692,
03833b3a-bd0d-452e-87b1-c32a9f39b921,6a73154b-a756-4284-9223-3160732432f1,2025-12-07 10:54:56.283,2025-12-07 10:54:56.283,10007,R5wtjjS0Fd,com.sec.android.app.shealth,c303394c-93a7-4fa5-b41c-f5051a295a59,
5f7a1b5b-6f30-4d33-b134-4af1c0e2739c,b4cf5578-2516-4bdc-8d42-b278459604b7,2025-12-07 10:54:56.537,2025-12-07 10:54:56.537,10002,R5wtjjS0Fd,com.sec.android.app.shealth,d59bf8b9-b66d-40d1-a74a-92fbd53f6ef2,
b1bc8031-ca00-4d68-b30a-dfe03d189b11,1b83c88a-52ca-49f6-8097-44c94202f246,2025-12-07 10:54:56.596,2025-12-07 10:54:56.596,10004,R5wtjjS0Fd,com.sec.android.app.shealth,92c49e5a-f8fb-4bf0-bc41-30ea5e13961b,
4d83e985-4875-4da3-8ea3-71cc5d5102cd,3b664919-e805-4d60-b643-09790f7c0eb2,2025-12-07 10:54:56.603,2025-12-07 10:54:56.603,10004,R5wtjjS0Fd,com.sec.android.app.shealth,9aa90edc-03a2-4358-a73b-d39edf1ed94f,
909d3f8e-65fe-4574-bf39-07ae36ee6c9d,acd20ee8-dff9-406f-b316-ff2c3ba727c8,2025-12-07 10:54:56.609,2025-12-07 10:54:56.609,10004,R5wtjjS0Fd,com.sec.android.app.shealth,6e5c9f18-b8d2-4ca1-b47a-0f8cf724673b,
a990439e-15b6-467e-b941-7a95130547b1,a525afda-3aa3-445f-9a68-78d6aaac26e3,2025-12-07 12:37:34.107,2025-12-07 12:37:34.107,10004,R5wtjjS0Fd,com.sec.android.app.shealth,28856bc8-e3b2-49c9-8896-8f4d6f59817b,
04de972c-823f-497c-b81e-08dc6286a9c9,fe16b3bd-7096-48e6-a0dd-8dd0051b9b4d,2025-12-07 10:54:56.614,2025-12-07 10:54:56.614,10004,R5wtjjS0Fd,com.sec.android.app.shealth,d7a7b11f-2155-4c72-97ac-a3b577f8ccd6,
510d1556-706f-4961-8526-8c88cd90fa67,8257cc56-6c12-4dfa-8aac-7f26f326ea63,2025-12-07 10:54:56.651,2025-12-07 10:54:56.651,10004,R5wtjjS0Fd,com.sec.android.app.shealth,f6e02e3d-73b8-4e5a-be46-86194803381b,
51a55da4-2185-43cb-b08c-3c5f7543cabc,795377ad-cd98-4d6f-abde-d200b5737e31,2025-12-07 10:54:56.626,2025-12-07 10:54:56.626,10004,R5wtjjS0Fd,com.sec.android.app.shealth,d3b31d36-7a6c-4323-a9a2-e89e2fa82dac,
1b7fe1cb-c7cd-4ef4-80f6-4b1242a54e99,936be00c-6627-403a-bd92-eb23ed202c7c,2025-12-07 13:24:12.956,2025-12-07 13:24:12.956,10004,R5wtjjS0Fd,com.sec.android.app.shealth,297326fe-c0a4-4626-af02-a2bc7ee5f998,
7db1b41f-4273-49e8-b548-2495294a4a8d,64039fd3-fe5f-4c5a-a377-186088567e8e,2025-12-07 10:54:56.643,2025-12-07 10:54:56.643,10004,R5wtjjS0Fd,com.sec.android.app.shealth,df366ee1-5a5b-4720-9738-10fae4f15a16,
38ef525e-d58c-49f6-a9f4-21302186ae12,c78c8bd0-af54-46b0-bdb0-23ff089942dd,2025-12-07 11:01:56.541,2025-12-07 11:01:56.541,10000,R5wtjjS0Fd,com.sec.android.app.shealth,d493cfc2-9489-4107-93d9-e0402e45a74c,
727f71bd-aa11-4cb3-8ef7-3e985471edd7,ffd252c1-cdd2-4297-a6da-252898bd032a,2025-12-07 11:01:56.564,2025-12-07 11:01:56.564,10004,R5wtjjS0Fd,com.sec.android.app.shealth,39e5276e-f4e6-4b51-a5dd-7d36edcd45e9,
722c7906-60b7-4e3e-b01d-f7103f0fb7a8,29279c45-0e46-44aa-b2d8-42cc91439e39,2025-12-07 19:19:23.384,2025-12-07 19:19:23.384,10004,R5wtjjS0Fd,com.sec.android.app.shealth,d3ca1df1-beea-4243-b7d7-6838196c6560,
63b71188-f494-4733-bd42-f35a03e6f931,9cb5abf7-da80-413a-85d4-b2d3bbd782f9,2025-12-07 14:49:56.741,2025-12-07 14:49:56.741,10004,R5wtjjS0Fd,com.sec.android.app.shealth,1901d70f-5a2b-4b1a-9273-b7b5ede9c28f,
6314f6b9-6824-4e95-aa9d-3008f5729da3,80d29b2d-5cd0-4cbc-ac6e-679416fd0916,2025-12-07 15:55:17.317,2025-12-07 15:55:17.317,10004,R5wtjjS0Fd,com.sec.android.app.shealth,1950d1b8-e49f-4e7f-bfd7-c9a3b27721b7,
1e81dae1-7615-4859-b112-347bb60c5d4e,3be35516-0586-48dc-bde4-f1bffdba5bbe,2025-12-07 16:11:01.430,2025-12-07 16:11:01.430,10004,R5wtjjS0Fd,com.sec.android.app.shealth,7fe95b22-f2a1-446c-ba7d-49b3d11601d6,
75dc1c79-f0c1-4b54-9948-51cda33e12d0,8e4120da-fa8f-4fe6-9027-c045101f84b5,2025-12-08 00:09:29.394,2025-12-08 00:09:29.394,10004,R5wtjjS0Fd,com.sec.android.app.shealth,d48895b5-ae0d-42c8-9cd7-8b63616bb33a,
56ef8d9b-10bb-46f8-8b13-85214ea909a6,abd8550b-367e-4bca-85e3-7a88cd20f980,2025-12-07 17:46:58.078,2025-12-07 17:46:58.078,10004,R5wtjjS0Fd,com.sec.android.app.shealth,52f10077-a8af-4b7b-9101-db12086a6ff7,
b1203ff3-7280-475b-8bc3-6bb8f18dbea3,7b293a6c-4027-4345-9a56-81500338077b,2025-12-07 18:27:22.534,2025-12-07 18:27:22.534,10004,R5wtjjS0Fd,com.sec.android.app.shealth,3821bc59-3919-4669-a980-42e6534b7fc8,
a5517a50-cfda-4d1f-9ef2-c3e7b404fb4c,55019393-305f-414d-b328-5e0fdd3076eb,2025-12-07 20:57:57.591,2025-12-07 20:57:57.591,10004,R5wtjjS0Fd,com.sec.android.app.shealth,cdef6f95-a7d9-45dc-b121-24fbad8db7ad,
7ba0d353-9e6a-4e15-9b83-ec60ca6c603e,b59c0fe9-fbe3-4a52-9131-9227997a82bd,2025-12-07 21:03:12.947,2025-12-07 21:03:12.947,10004,R5wtjjS0Fd,com.sec.android.app.shealth,61879949-e5af-4bbb-be7d-d5e6c3b41763,
0601a3e1-aa9e-4de3-9ab2-f4c2938672c0,a0f6ec34-b0f0-47f9-adbb-16f0d809615d,2025-12-07 22:05:03.969,2025-12-07 22:05:03.969,10004,R5wtjjS0Fd,com.sec.android.app.shealth,c5ce7b58-41f0-40bd-b3de-519577df4dfa,
cd6fc0cf-2a27-4429-b645-5866071a4cce,882c0257-3cb1-47fb-9486-959fd717994c,2025-12-08 00:09:29.405,2025-12-08 00:09:29.405,10004,R5wtjjS0Fd,com.sec.android.app.shealth,d4a1ad4f-c5f1-436d-b70f-61ae5dfa4171,
8ed4e21e-0523-4d37-ad7a-8ba67881fef6,0cac3518-eed3-4fcd-9a4b-d819719f76b3,2025-12-08 11:06:30.232,2025-12-08 11:06:30.232,10004,R5wtjjS0Fd,com.sec.android.app.shealth,8f258d2f-82f8-4f01-a734-0dea04685abe,
dea4e7c2-71bb-4f87-8bd7-e93d614033cc,e08cc047-4e6a-46d1-8953-9de4f0b205ad,2025-12-08 11:06:30.239,2025-12-08 11:06:30.239,10004,R5wtjjS0Fd,com.sec.android.app.shealth,53b0446b-3f44-4d2e-90ff-88e0bb4210bd,
ad3279a5-a5f3-4281-a842-3ede82a43dc3,0d7fc95b-7e08-4835-aede-da56f50600ac,2025-12-08 11:06:30.245,2025-12-08 11:06:30.245,10004,R5wtjjS0Fd,com.sec.android.app.shealth,e63c30b3-60dd-4ee2-a6ee-12bc515794a2,
ecb4fc8e-f86d-4655-97a5-a047478c0675,3488437a-11dc-4e0a-b89a-17737e0ce6c5,2025-12-08 11:06:30.250,2025-12-08 11:06:30.250,10004,R5wtjjS0Fd,com.sec.android.app.shealth,69885c6e-f628-4604-9d05-c92e00297bac,
58a8b1f0-a97f-4409-9d54-8a5885f2ca6a,5715b423-7e2e-4d17-be80-16f28607a4b5,2025-12-08 11:06:30.269,2025-12-08 11:06:30.269,10004,R5wtjjS0Fd,com.sec.android.app.shealth,f2078d62-ee89-466e-a863-075c652e7fb7,
7334facf-6c19-425a-9c89-ba7d9d7cafdc,00777916-f815-41c4-8214-be903742d063,2025-12-08 11:06:30.334,2025-12-08 11:06:30.334,10004,R5wtjjS0Fd,com.sec.android.app.shealth,8d5bd1d5-0634-47a0-ae6e-6370999fd4b2,
0a3bb7ae-bcc1-4d7f-9852-11e3adbd074c,8e17aa3e-72de-49b2-959f-7dae38ee2582,2025-12-08 11:06:30.281,2025-12-08 11:06:30.281,10004,R5wtjjS0Fd,com.sec.android.app.shealth,dc96fbdd-7b1d-4aac-9e58-67aeaebd29be,
f78d4910-4187-471b-a8a1-eb5263b64b8b,5cf18dee-f1d0-43b4-99ce-858d5ac28683,2025-12-08 11:06:30.297,2025-12-08 11:06:30.297,10004,R5wtjjS0Fd,com.sec.android.app.shealth,14c169b0-5c4f-4a76-aa26-c84823b0a7e0,
ca798806-9d2c-44e0-a743-970f7ff67422,a2a3fde1-33d0-497c-ac1b-1a60a5fd870d,2025-12-08 11:06:30.312,2025-12-08 11:06:30.312,10004,R5wtjjS0Fd,com.sec.android.app.shealth,2c16ee04-33af-4235-b622-5ef7e72b45f1,
50a2f2e0-f376-4afa-9567-fb8e56d53004,b62265b2-56a0-4bcd-9a9d-ffff7d20643d,2025-12-08 11:06:30.338,2025-12-08 11:06:30.338,10004,R5wtjjS0Fd,com.sec.android.app.shealth,89afbe6f-6a28-4989-bc87-71f8b2096986,
989d9fab-0a13-4767-8495-ce2350ddaa48,eabd3821-2012-4bba-8425-c8c377982563,2025-12-08 11:58:40.726,2025-12-08 11:58:40.726,10007,R5wtjjS0Fd,com.sec.android.app.shealth,213c0886-bcd7-49ee-aff3-9a55f7f8b2ed,
fefe7754-59c0-4679-b850-fc16bda9a27e,c9da450f-a1ee-4c30-b343-93992d9ace99,2025-12-08 11:58:45.839,2025-12-08 11:58:45.839,10002,R5wtjjS0Fd,com.sec.android.app.shealth,c0f00e81-5485-4dd2-8f4a-c557074c368d,
d6f23ba4-3455-4614-8192-d6ed31bbbbb5,025035c3-63e8-4b9d-a3f2-4aee2fda54dc,2025-12-08 11:06:30.322,2025-12-08 11:06:30.322,10004,R5wtjjS0Fd,com.sec.android.app.shealth,d1210a50-b674-4eb2-8324-0d56a12733e0,
5623d751-d7f2-4fda-8381-79e5ed1ecc56,7b71d97e-9998-48ba-9b80-eb77c5eb3553,2025-12-08 11:06:34.909,2025-12-08 11:06:34.909,10000,R5wtjjS0Fd,com.sec.android.app.shealth,0ff86923-9d42-407c-a6d8-2812d47f64e1,
0c0d10b7-a4d7-438f-aba8-41fbac4318d2,320c0fa2-3177-49c4-9e6c-0b73ced9cc52,2025-12-08 12:15:40.382,2025-12-08 12:15:40.382,10004,R5wtjjS0Fd,com.sec.android.app.shealth,8a3f9c61-adfd-4422-a683-8e1d15dfea55,
58ca7cc5-056a-4c3f-acd6-b12e35541695,caef192a-ed81-48dd-8c02-71ac47ee9ce4,2025-12-08 17:22:56.133,2025-12-08 17:22:56.133,10004,R5wtjjS0Fd,com.sec.android.app.shealth,0d95bc54-60d4-45dc-a793-a0afaeea45ea,
03f7a4ee-6ffb-4dfb-a911-55df6e5ea22a,51c0335f-c148-4b68-adfc-4d78126b6f8e,2025-12-08 18:03:00.482,2025-12-08 18:03:00.482,10004,R5wtjjS0Fd,com.sec.android.app.shealth,833d32e3-3e27-4fa5-a28c-a77eb437b771,
b784e22f-55f7-4f13-8033-c8a01253ab48,67be750c-458f-46c4-aa16-dc7ffcf74b36,2025-12-08 20:58:03.589,2025-12-08 20:58:03.589,10004,R5wtjjS0Fd,com.sec.android.app.shealth,ab6b209a-719f-4bdd-af89-664fdb173805,
8f66d3e1-17c6-4d1b-abad-1070b0eb777a,2ef0e2fe-2632-4030-b674-471b6c7521a1,2025-12-08 16:18:20.482,2025-12-08 16:18:20.482,10004,R5wtjjS0Fd,com.sec.android.app.shealth,93200186-c5c1-430b-8bbd-6b4ed4da567b,
b318333d-df2e-40cf-9e59-c0656cbe0944,83d56006-e48a-4860-aa88-621a64174993,2025-12-08 15:30:42.854,2025-12-08 15:30:42.854,10001,R5wtjjS0Fd,com.sec.android.app.shealth,10e97a55-b055-45a7-b173-e5cc60959190,
ae77117a-70b8-4fd3-98b0-b93c4aba512e,4e8ad67b-d1b7-4939-8045-eca9962501e8,2025-12-08 23:39:08.385,2025-12-08 23:39:08.385,10004,R5wtjjS0Fd,com.sec.android.app.shealth,c8ffe8ca-9a68-476c-9a4f-5dfa8727bc52,
e92be8b9-123a-4430-82c8-1c6c47c03403,7977d475-cd54-4f22-9ce5-44b7dd739c1a,2025-12-08 13:06:29.065,2025-12-08 13:06:29.065,10004,R5wtjjS0Fd,com.sec.android.app.shealth,20df6c4a-880b-4b48-b814-5cf873813ceb,
e5a79c69-f709-452a-9d55-3eddd9f3630d,9b0efa8c-3ba6-4066-8b21-81997d6871fa,2025-12-08 14:15:14.314,2025-12-08 14:15:14.314,10004,R5wtjjS0Fd,com.sec.android.app.shealth,601d0df7-0377-461d-b427-f15000ec6fdf,
e9b6bb27-3499-4233-b640-f92235fa9bef,4a1c3ec1-d90b-4c37-b93b-6ffb9257bb74,2025-12-09 09:08:42.911,2025-12-09 09:08:42.911,10007,R5wtjjS0Fd,com.sec.android.app.shealth,00d0e54a-b99a-41c4-8216-7ac33cd4a573,
9bcace4c-6383-47b5-833f-56a35df3f660,7c6002ad-6ff9-4d25-9ad5-650d338241e5,2025-12-08 15:27:15.344,2025-12-08 15:27:15.344,10004,R5wtjjS0Fd,com.sec.android.app.shealth,03a12c8d-fddd-4abd-ad22-349232f1988b,
df967f34-a72d-4b76-b998-d91db14bcf9c,17697c0c-2105-4418-9526-a8b41f3b07b0,2025-12-08 20:58:03.608,2025-12-08 20:58:03.608,10004,R5wtjjS0Fd,com.sec.android.app.shealth,ea919aef-b787-47c6-a7a2-04bd8e6bc18e,
7fda2348-63d5-4e1e-8ec4-d2081a54e5ed,1105ee25-1eee-49b8-a44a-1dce511dbff9,2025-12-08 23:39:08.394,2025-12-08 23:39:08.394,10004,R5wtjjS0Fd,com.sec.android.app.shealth,46e497ef-6753-4d66-bb87-0281812c9693,
2216f0b2-506b-46e7-80fb-aff76ed3f098,256781cf-2007-4b3a-b2a1-e51706a1476b,2025-12-09 02:19:06.776,2025-12-09 02:19:06.776,10004,R5wtjjS0Fd,com.sec.android.app.shealth,952d9a1c-7ca5-4a70-a7da-00f41fa31972,
1aaf6bfc-ac42-472e-8aba-f5f049f44573,544e0dc0-555c-4c36-885c-6843b305cbf9,2025-12-09 09:08:43.152,2025-12-09 09:08:43.152,10004,R5wtjjS0Fd,com.sec.android.app.shealth,7bab4373-684c-45bd-9230-6763e8c8a043,
e26be082-a6cb-4e6a-975e-6fe04259b46b,43483b0e-ab97-4ab3-bff0-5afffd0ad597,2025-12-09 09:08:43.123,2025-12-09 09:08:43.123,10004,R5wtjjS0Fd,com.sec.android.app.shealth,cd84b842-9a7d-4cc5-ba3c-ae1dbe8bf41b,
b9546469-e1d4-4da8-96ee-589036156725,52b00384-d0c2-4240-a67b-27a7588e4f41,2025-12-08 23:39:08.400,2025-12-08 23:39:08.400,10004,R5wtjjS0Fd,com.sec.android.app.shealth,45a61542-a286-4ad9-a017-eeb33e40414b,
37bb45c4-a8aa-4dae-9536-b432299907b4,c9c59a9f-a840-4ef6-ac6f-c393277dd31e,2025-12-09 09:08:38.989,2025-12-09 09:08:38.989,10002,R5wtjjS0Fd,com.sec.android.app.shealth,d90de760-806e-40e1-84e0-dc5b8eca5fcc,
a658cb7d-79f3-497d-b057-ef8a857c7f53,689aaf0b-7b0c-4add-a43f-02b403618f07,2025-12-09 09:08:38.831,2025-12-09 09:08:38.831,10000,R5wtjjS0Fd,com.sec.android.app.shealth,17827262-3f50-4cae-aa51-77451d63b2ca,
c4f034a3-1c72-4817-995e-d933e7dfc823,a87a2be8-ef6b-4050-bb69-ad6af2dcc01f,2025-12-09 09:08:43.119,2025-12-09 09:08:43.119,10004,R5wtjjS0Fd,com.sec.android.app.shealth,7cea96f4-97be-4863-b58d-c03ef3885276,
0bab0ec9-45b7-4954-b694-3d27ef1c99ca,b93bba69-5ffc-486a-9e74-2b8405142d65,2025-12-09 09:08:43.131,2025-12-09 09:08:43.131,10004,R5wtjjS0Fd,com.sec.android.app.shealth,5da9493c-2090-44f1-a66c-cbb3f5dd923a,
9beac33c-e7f3-49e9-8056-97a6a408e900,25920b5d-63c8-4aa5-a63f-9f9596b99a65,2025-12-09 13:47:09.897,2025-12-09 13:47:09.897,10001,R5wtjjS0Fd,com.sec.android.app.shealth,2e661cd7-7cf3-4121-8f36-9c938f197d50,
7002c941-a89e-43c1-8fec-ec5719c6d9d6,05be14f4-6453-42fb-b750-dc5cd524136d,2025-12-09 09:08:43.172,2025-12-09 09:08:43.172,10004,R5wtjjS0Fd,com.sec.android.app.shealth,3e727bd0-9bea-4139-bcad-ba3d7d297085,
5614dcca-4d68-4238-862c-b559b415c4aa,37d847fd-1608-4f6d-9dbe-addd544c0770,2025-12-09 09:08:43.127,2025-12-09 09:08:43.127,10004,R5wtjjS0Fd,com.sec.android.app.shealth,07c402c3-4a74-44c5-8be0-1d4378e79ba9,
3f4bc1a0-8248-4524-b652-7c5c15757864,5b460925-621a-46f3-a163-869370c37aea,2025-12-09 09:08:43.165,2025-12-09 09:08:43.165,10004,R5wtjjS0Fd,com.sec.android.app.shealth,88167a20-f783-4153-be13-dd391f5e2c94,
6572219d-c2f6-4578-9038-407107bcb8b1,aa08351f-216d-45cc-a54c-a5cbe05b339e,2025-12-09 13:26:17.206,2025-12-09 13:26:17.206,10004,R5wtjjS0Fd,com.sec.android.app.shealth,bebb1e9f-7a76-490f-a989-340963a54079,
7050bb07-879e-404b-bac6-3088e0ff0148,9a9f533f-1273-413d-9955-f03a44b124e0,2025-12-09 20:59:34.157,2025-12-09 20:59:34.157,10004,R5wtjjS0Fd,com.sec.android.app.shealth,725be689-51b4-4997-a748-64a5b35d9c29,
55407510-fb7e-4645-bbf6-15dfcdc16569,21a79311-8e4f-42b5-b9df-25e8adc0f654,2025-12-09 10:13:12.199,2025-12-09 10:13:12.199,10004,R5wtjjS0Fd,com.sec.android.app.shealth,bcce7df9-81b1-4296-9e60-946a4b5298b1,
ed88987d-73e1-483b-a846-2db41894b7a3,813306fe-659d-46cc-a6f3-dbf65f0e56f6,2025-12-09 16:14:32.942,2025-12-09 16:14:32.942,10004,R5wtjjS0Fd,com.sec.android.app.shealth,4c05e5e2-0a57-4415-9a65-7646e8cfd558,
45df76af-2922-477b-baef-a0b869cda22e,ed96c367-1ef0-4ee8-b704-7c7f537ca593,2025-12-09 14:09:44.771,2025-12-09 14:09:44.771,10001,R5wtjjS0Fd,com.sec.android.app.shealth,05cce17e-73be-4239-a5c4-6686015f8bc4,
a9794c0c-b612-445d-b766-87a24d911ce3,ea79cb31-6223-41df-aabe-b4e755687cb2,2025-12-09 10:35:20.363,2025-12-09 10:35:20.363,10007,R5wtjjS0Fd,com.sec.android.app.shealth,16124691-54a8-41b1-8b52-890bcb029dc0,
7858bd63-1c43-4753-a711-da5a1d16f511,243ebc0d-6d65-4f6c-8737-83719e9ef913,2025-12-09 09:08:43.158,2025-12-09 09:08:43.158,10004,R5wtjjS0Fd,com.sec.android.app.shealth,be0b4872-b05f-4874-9bcf-0afab6cdf0e9,
52cc7202-4b27-4583-9a0f-5892a25ea871,0693236b-417b-47e5-a042-b1265d5034ca,2025-12-09 10:35:24.234,2025-12-09 10:35:24.234,10002,R5wtjjS0Fd,com.sec.android.app.shealth,9c6b61a3-9e37-49c4-a9fd-1b01261e89d8,
e24b2688-6b81-41b3-94d6-c99732406c7a,6016b3b7-4471-456a-961c-0bc10683d86c,2025-12-09 15:15:20.675,2025-12-09 15:15:20.675,10004,R5wtjjS0Fd,com.sec.android.app.shealth,df1393f7-8f30-43a3-a0a1-cb20519802ff,
e6367813-249c-4d57-9773-52b1a6c52d38,925e25d9-f744-4c12-87eb-c9efc634697a,2025-12-09 13:26:17.223,2025-12-09 13:26:17.223,10004,R5wtjjS0Fd,com.sec.android.app.shealth,1439a6de-be92-4eda-9a02-92e1ce8f8125,
1ee9d63c-a645-4b96-95b4-96f9bf1376f4,a1e43410-8723-4fe3-8415-e02d6440eb6d,2025-12-09 18:18:20.507,2025-12-09 18:18:20.507,10004,R5wtjjS0Fd,com.sec.android.app.shealth,0ae44f34-f877-445c-acfa-5e94a513d35b,
436da4ce-153f-4cff-8e0c-5ac9c1e52ac5,1b481105-dada-48a8-b646-1f51ae1c539c,2025-12-09 19:10:13.137,2025-12-09 19:10:13.137,10004,R5wtjjS0Fd,com.sec.android.app.shealth,9b47d4ac-807a-4314-b36b-dbe6deacbf52,
e4a620af-4bf3-4b92-a148-e00e903d97aa,4b8485d0-8570-4535-b8f8-cf7200d52525,2025-12-09 14:09:49.805,2025-12-09 14:09:49.805,10004,R5wtjjS0Fd,com.sec.android.app.shealth,1e443780-4d3d-404c-af8a-4f9197adf7a4,
7f749ec8-459d-4d77-afd8-0e75d86a0433,d432cb85-1173-4a99-a123-2d2b664e3c27,2025-12-09 21:14:10.710,2025-12-09 21:14:10.710,10004,R5wtjjS0Fd,com.sec.android.app.shealth,4d85cab0-0fe5-4122-a24e-b524e27f19dc,
26686a4e-6600-43ba-9cbb-c000e7cf890e,06899708-a1ed-4288-91bb-6cf20b1b9e19,2025-12-09 11:15:00.686,2025-12-09 11:15:00.686,10004,R5wtjjS0Fd,com.sec.android.app.shealth,257237a4-a08b-47e7-acf1-27ea1a8eda6e,
6996e887-4ccb-4253-90e6-e33d5acb33e1,6592faa6-d067-4e69-8e00-64ea8d7e26e8,2025-12-09 22:03:22.383,2025-12-09 22:03:22.383,10004,R5wtjjS0Fd,com.sec.android.app.shealth,f9ad6439-880c-4b59-8e6f-1112408e6fc5,
362f983c-68b2-43e2-9ef7-847b733df33e,0b65f592-3701-4b6d-8b50-1d4882c53447,2025-12-09 17:08:57.063,2025-12-09 17:08:57.063,10004,R5wtjjS0Fd,com.sec.android.app.shealth,7661ff71-8f65-4cb9-acc5-bc1d83952067,
18940b43-bb7e-4231-b0d8-cf77c9428db1,cab401d9-47d5-47d5-af34-0b2288c3d233,2025-12-10 04:07:54.764,2025-12-10 04:07:54.764,10007,R5wtjjS0Fd,com.sec.android.app.shealth,158226a4-864d-4fda-a321-79fd0e983604,
9b869714-b99c-4aa7-8f9a-e9e2547d2268,55ee904d-8a86-4cd2-9045-ca8702cf3aa0,2025-12-10 04:07:51.110,2025-12-10 04:07:51.110,10004,R5wtjjS0Fd,com.sec.android.app.shealth,04b4f8a3-ca71-447f-95e2-6b6bd8cccd77,
e93b5817-491d-4fcb-9632-1c0858f6fdbe,3433a6b6-37fd-4a63-bd15-6c1fd9646785,2025-12-10 04:07:51.159,2025-12-10 04:07:51.159,10004,R5wtjjS0Fd,com.sec.android.app.shealth,a4c0ec43-a72d-48eb-8aa5-5be135257322,
7529d1a9-ee2d-478e-ab81-9e54abe52bf5,af7b54a5-c1fe-4fce-8a73-7de8da49b7ef,2025-12-10 04:07:51.206,2025-12-10 04:07:51.206,10004,R5wtjjS0Fd,com.sec.android.app.shealth,a7c1d8b8-5e2e-4d97-ab63-4473c8715a53,
0bc30873-c30a-4025-bc4d-ffb0e8d390f1,b6c5b073-869e-4282-926b-eeb1d3831106,2025-12-10 04:07:51.217,2025-12-10 04:07:51.217,10004,R5wtjjS0Fd,com.sec.android.app.shealth,82d618dd-58b0-4438-a615-8811c47e523b,
28c399a7-c240-49a7-80f7-0106621302cc,dc3c76a4-0150-45d3-a5dc-7104dc5de223,2025-12-10 04:07:51.227,2025-12-10 04:07:51.227,10004,R5wtjjS0Fd,com.sec.android.app.shealth,d2f60fd6-9bfd-4d21-aff5-22b0e0d8c014,
d9444714-6880-4dc6-bba8-5db3c7e7fd37,cd3b1587-5ac9-4be4-8024-535f9d72b759,2025-12-10 04:07:54.539,2025-12-10 04:07:54.539,10002,R5wtjjS0Fd,com.sec.android.app.shealth,8b97c365-34a1-4468-bfe1-ec2985fe2aa0,
97b803de-ab00-42e6-90f0-8308db7afa21,f9fd0349-53c7-45b3-9978-76d9e3bfa2ee,2025-12-10 09:04:27.162,2025-12-10 09:04:27.162,10000,R5wtjjS0Fd,com.sec.android.app.shealth,89ec88b8-3686-402d-b75b-cc88eb67cf8d,
3b0c9304-2362-4fdc-ba5a-858e0294507b,cada0e54-ee35-46f8-90cc-18b44ef765e1,2025-12-10 09:04:27.748,2025-12-10 09:04:27.748,10007,R5wtjjS0Fd,com.sec.android.app.shealth,ebd73a19-84bd-4ce1-985f-b3ee4dd1798d,
98adbff4-d61c-4dbc-a422-a2673341bc08,f467461d-e565-4fb5-ba67-16f6f77af070,2025-12-10 09:04:27.983,2025-12-10 09:04:27.983,10004,R5wtjjS0Fd,com.sec.android.app.shealth,4e0cd86b-03de-47c0-8196-c9bf5dd2c4ab,
80f4e11b-5087-416e-8839-5d1bd4e2edcb,65b8042d-9ad2-4224-86de-8bcda2beafe3,2025-12-10 09:04:28.062,2025-12-10 09:04:28.062,10004,R5wtjjS0Fd,com.sec.android.app.shealth,404903b4-4009-4f85-aa13-4be15c1961e6,
6bd3cdd2-3566-450d-8975-265184b24eff,7c5b8387-ea14-4c50-b6c0-d43c4f2e304e,2025-12-10 17:12:19.984,2025-12-10 17:12:19.984,10004,R5wtjjS0Fd,com.sec.android.app.shealth,bd82e57a-4b8c-4789-81f1-35f3c872ffd0,
45693d19-df8d-4ab6-b234-62d7c798d6e1,c5efd2f8-638d-494c-8967-21df54443e7f,2025-12-10 09:04:28.027,2025-12-10 09:04:28.027,10004,R5wtjjS0Fd,com.sec.android.app.shealth,aeeb0688-52f8-4f4d-a645-a56ae6f783b3,
f357044a-a8da-40ac-94cf-868af6ded854,8dd4370b-1dd9-4712-a70e-9838ecb6ae40,2025-12-10 09:04:28.089,2025-12-10 09:04:28.089,10004,R5wtjjS0Fd,com.sec.android.app.shealth,db254af0-7b33-4b55-8fc2-0348fa413b06,
eac87b19-c316-4cd2-a4af-d71f6d05639f,4e8a3150-2649-4d6a-b5be-4a2da41ca6f2,2025-12-10 17:12:17.315,2025-12-10 17:12:17.315,10001,R5wtjjS0Fd,com.sec.android.app.shealth,de5be435-1b18-4170-a2be-0cd738101d81,
f0e976ac-4ccb-4293-bb47-55cdb1bb1ba4,08f5dfec-44bf-480f-911c-2917851763fb,2025-12-10 09:04:28.151,2025-12-10 09:04:28.151,10004,R5wtjjS0Fd,com.sec.android.app.shealth,404b075e-b3fe-4779-b653-8d3ebf376f59,
38ed60b2-c6fe-4f12-867a-55e7c9aac599,5a0319bf-bf3b-4372-8312-d490c8d10f6f,2025-12-10 09:04:31.518,2025-12-10 09:04:31.518,10002,R5wtjjS0Fd,com.sec.android.app.shealth,c616bc58-1b0e-4763-967c-8d0406ee4d1e,
4d7b35df-20fe-4866-a16c-c7410554f2ae,0070c9bb-81d9-481c-bbc1-920ce96dffd1,2025-12-10 11:32:59.110,2025-12-10 11:32:59.110,10004,R5wtjjS0Fd,com.sec.android.app.shealth,944c4ddf-1ff2-4638-b7cc-7575e1c8d2e4,
48737951-5a2f-419e-8e82-82ea3b734bfa,3298233c-d83e-465d-bf5e-ca04ed9b7294,2025-12-10 21:06:40.180,2025-12-10 21:06:40.180,10004,R5wtjjS0Fd,com.sec.android.app.shealth,663df35d-a4b2-4b75-bbb8-db2c0de6e0de,
72e31eb9-ae86-4d71-8abf-591db68b85af,5c2610a3-f494-4172-973b-9cec3d166630,2025-12-10 17:12:19.993,2025-12-10 17:12:19.993,10004,R5wtjjS0Fd,com.sec.android.app.shealth,8d2320b9-d0dd-4a3d-9e36-50aa71adf58e,
6451f95e-9e56-40d2-9f17-0e012624a63c,b43c197e-e8ba-48f5-96f5-6dd753864c54,2025-12-10 19:27:16.919,2025-12-10 19:27:16.919,10004,R5wtjjS0Fd,com.sec.android.app.shealth,a1353e75-658a-4ca4-b3b3-0c3bfba7e471,
aa5bf285-fed8-4a4a-ac0b-2a8dee7649e4,b91973b4-e42f-4a39-80f3-608a2f2061a4,2025-12-10 17:12:16.965,2025-12-10 17:12:16.965,10001,R5wtjjS0Fd,com.sec.android.app.shealth,ec54fbaa-6131-482d-a262-96c211956ed9,
78d4523e-41d1-41fc-868b-bd2d84bc8792,453f4a14-1cd0-4adb-b287-64249308470f,2025-12-10 11:32:59.125,2025-12-10 11:32:59.125,10004,R5wtjjS0Fd,com.sec.android.app.shealth,5d4133a5-abe3-4c34-8abc-9288383e065a,
1ed3c886-1407-4c93-b04d-3c7d81191f5a,f2515965-0a6b-40ea-aa16-c51a60bbb8a2,2025-12-10 17:12:19.975,2025-12-10 17:12:19.975,10004,R5wtjjS0Fd,com.sec.android.app.shealth,8734d08e-9dd8-4fc2-84c2-5ec04f7b6011,
aa56016d-bbaf-4d53-b613-53c04c3032ce,4a647fef-f445-4578-be76-6355ac2c1a38,2025-12-10 19:27:16.908,2025-12-10 19:27:16.908,10004,R5wtjjS0Fd,com.sec.android.app.shealth,4de2f4e8-5556-499f-b1ed-de967b472b9c,
af4ea8a4-39c0-46c0-9ee5-e93a86fdf201,6b17233a-38fd-4267-a55a-60faf1a566d0,2025-12-10 22:35:28.978,2025-12-10 22:35:28.978,10004,R5wtjjS0Fd,com.sec.android.app.shealth,29bb846f-0185-4637-9e72-510855b72517,
8b1526be-558b-40ae-8d41-a07d79fb41a8,4f14dd2d-c284-45ae-b07f-e38edf3f8016,2025-12-10 17:12:19.988,2025-12-10 17:12:19.988,10004,R5wtjjS0Fd,com.sec.android.app.shealth,9e61204c-d0bf-4ea3-b7b3-5b9351b5a761,
33f91087-5397-4937-89ae-94c3dc3e5b79,5c19884b-1410-420c-a1c6-c805543f50fd,2025-12-10 11:32:59.131,2025-12-10 11:32:59.131,10004,R5wtjjS0Fd,com.sec.android.app.shealth,15459b75-c4dd-4c29-818e-1417cdc1d964,
48df660d-6f30-4045-8ee3-e05735064417,6248e314-e15d-4ffa-afe3-42ac2286a454,2025-12-10 20:21:13.991,2025-12-10 20:21:13.991,10004,R5wtjjS0Fd,com.sec.android.app.shealth,feea9bf9-76e8-4072-8550-2bd5eab000a6,
231a6b9c-83f6-45ad-90e8-d8959dc85820,6f454fa3-bd15-4575-a09d-66a6e035f519,2025-12-10 17:12:19.997,2025-12-10 17:12:19.997,10004,R5wtjjS0Fd,com.sec.android.app.shealth,fb1cae79-c7ab-46fe-b76e-53bc9c33dbc9,
127e8963-5f65-48a9-9c42-c400dc9b696f,e01308e9-9d21-420a-aa69-76b854aae1f6,2025-12-10 17:12:20.001,2025-12-10 17:12:20.001,10004,R5wtjjS0Fd,com.sec.android.app.shealth,71874bfd-4c91-4dbd-b84f-767df4d2c049,
f990d67b-786c-42fb-863f-971be9ca978a,bfd705d0-9a1f-47cf-8b3b-a39ac1ed3494,2025-12-11 01:26:59.885,2025-12-11 01:26:59.885,10004,R5wtjjS0Fd,com.sec.android.app.shealth,de6b1fb1-da53-44ff-87ac-33b76e5e169d,
5d425e63-e0a2-430f-b93a-4bfc8d77d5ed,2e2e2fa7-adb6-4182-9fbb-df426ad3ddba,2025-12-11 10:43:14.273,2025-12-11 10:43:14.273,10004,R5wtjjS0Fd,com.sec.android.app.shealth,d518edc9-e1d3-4333-8d07-3eca4b4ea7aa,
2f579de6-8a52-42db-970d-98d00553eb47,b79b4e33-860a-43a3-8b65-ed387cfb5953,2025-12-11 10:43:14.298,2025-12-11 10:43:14.298,10004,R5wtjjS0Fd,com.sec.android.app.shealth,7584511c-83fe-46bc-9215-3459065c8577,
59b47b18-b7fc-4c57-af5c-679b8e042f79,71531310-0b14-4900-96fb-b4e8d7652f38,2025-12-11 10:43:14.283,2025-12-11 10:43:14.283,10004,R5wtjjS0Fd,com.sec.android.app.shealth,2d16ee93-500f-43b1-8b51-634c72cfa8e7,
f1d76f71-601e-427b-a690-c8ef4ebb594b,690c3b6b-c042-4751-ad54-f9956a36725b,2025-12-11 10:43:14.306,2025-12-11 10:43:14.306,10004,R5wtjjS0Fd,com.sec.android.app.shealth,472c74bf-68a6-44fa-a901-6c27301674cb,
be329663-cc69-4e84-bc17-fc825bef8609,d0dadc84-acd9-4e9e-b5bc-5a15f00bc5d0,2025-12-11 10:43:24.013,2025-12-11 10:43:24.013,10000,R5wtjjS0Fd,com.sec.android.app.shealth,1e3b0699-cc3a-46eb-b8f9-f1f669bb3032,
fd07a90d-ef03-4fef-a8fc-fbe801d8e958,85583916-59b1-4172-9f64-c0e366608415,2025-12-11 10:43:14.323,2025-12-11 10:43:14.323,10004,R5wtjjS0Fd,com.sec.android.app.shealth,0d7cf742-78d0-4680-9d69-520888b8a370,
ce770646-f6a0-49a9-afb0-c760cd4b2ba9,132b8a22-3a4a-4fbf-9f77-32cf165417e1,2025-12-11 10:43:14.406,2025-12-11 10:43:14.406,10004,R5wtjjS0Fd,com.sec.android.app.shealth,7c988bd6-cf07-4b16-aee8-adbb622c4431,
defecb87-2f2a-40c5-8a70-ae003cb2229b,ca97de48-8ab6-4bea-a6dd-3e8c8acd48a6,2025-12-11 10:43:14.358,2025-12-11 10:43:14.358,10004,R5wtjjS0Fd,com.sec.android.app.shealth,b56995de-71a3-44ba-9a70-8be8733fb401,
10fd0e63-5cb0-4008-a20a-5dde68bdf022,62f98969-ad18-4fbf-90eb-a116b9e84ae3,2025-12-11 10:43:14.197,2025-12-11 10:43:14.197,10002,R5wtjjS0Fd,com.sec.android.app.shealth,d8ed31e2-e4a4-425b-a2b6-2366fc863eb7,
d83b3e87-6faa-4ace-89b8-a175948b48e7,8b1bdd42-db10-4524-9708-d1f3855f774e,2025-12-11 10:43:18.548,2025-12-11 10:43:18.548,10007,R5wtjjS0Fd,com.sec.android.app.shealth,0099c6c1-4796-4d2a-9a65-86921e8c9fab,
0ee037d3-7c6a-4252-a807-abc9ffc387b6,05ce855b-da47-4da5-b187-619aa99ae339,2025-12-11 10:43:14.261,2025-12-11 10:43:14.261,10004,R5wtjjS0Fd,com.sec.android.app.shealth,fe1b3911-d890-4e95-816e-e71d4a2ec174,
2a086cfd-2f30-45e1-abc4-be4169bba598,400b9f9d-e783-4211-926b-1e0749b341a1,2025-12-11 10:43:14.384,2025-12-11 10:43:14.384,10004,R5wtjjS0Fd,com.sec.android.app.shealth,cc64ba32-6fc8-4b62-9279-dd9173fa7dfa,
c2689bce-3a11-4f6c-934a-ae3421a6f108,c3f72579-56ca-457e-b6e3-9ea356e6bc24,2025-12-11 10:43:14.374,2025-12-11 10:43:14.374,10004,R5wtjjS0Fd,com.sec.android.app.shealth,b834a096-c871-4645-937a-b151a275ae21,
d1c4a3c2-e267-48b7-aaa3-748459af7269,5077eb66-2737-4882-a99a-f677250d620f,2025-12-11 12:05:26.528,2025-12-11 12:05:26.528,10004,R5wtjjS0Fd,com.sec.android.app.shealth,8be675c3-259b-4bff-bf84-611ff48cfd18,
044cf12d-4b63-4aef-a961-1e8247191486,a8031c99-af97-48c0-b295-78ddd9cb54bf,2025-12-11 10:43:14.402,2025-12-11 10:43:14.402,10004,R5wtjjS0Fd,com.sec.android.app.shealth,46fa246d-83d1-4b5d-9547-bdca3655445a,
6334b22c-0307-4a04-9ebe-7b146ba704a3,8142bde1-efc4-45f9-a692-a6f7de3ad5df,2025-12-11 12:05:26.520,2025-12-11 12:05:26.520,10004,R5wtjjS0Fd,com.sec.android.app.shealth,b77ec0c2-1618-474c-806e-adb0645bea3f,
baf18a0d-86cd-44cd-ad3b-5a3ec0499d5a,e1e8a3c0-971f-46df-8318-e132cde5b811,2025-12-11 17:08:38.107,2025-12-11 17:08:38.107,10004,R5wtjjS0Fd,com.sec.android.app.shealth,11bef320-0bb5-48fc-91c6-1e8c4d19c602,
75d8e854-0504-49ed-b577-5301ed3e188a,f7bd3038-dccf-4cdb-bd0e-4cdaefda74c5,2025-12-11 14:32:19.825,2025-12-11 14:32:19.825,10001,R5wtjjS0Fd,com.sec.android.app.shealth,72b4908d-f95e-4af9-b595-28109024708a,
dfef9dcf-846c-4401-b691-27fe7129f599,6b62d034-c666-4d73-a689-b1810e2f08eb,2025-12-11 14:32:19.967,2025-12-11 14:32:19.967,10001,R5wtjjS0Fd,com.sec.android.app.shealth,86a47b88-dda4-411c-a47f-07d4cca98559,
43f45561-8d3f-49bb-9dba-601acba01d96,da3a6ecf-6e32-4790-a0c2-6b02b9589947,2025-12-11 14:32:22.469,2025-12-11 14:32:22.469,10004,R5wtjjS0Fd,com.sec.android.app.shealth,c8ab766a-d8a0-4c19-9db3-e7beee8e4a74,
59af921a-c962-44f8-b570-1c1c789c099c,20d7f8db-642d-451d-aa57-53d05fb77f04,2025-12-11 14:32:22.481,2025-12-11 14:32:22.481,10004,R5wtjjS0Fd,com.sec.android.app.shealth,aadea24d-5f53-414a-9ddb-fca4e6a70d78,
a9a126d7-b674-4cd8-869d-18d08b1beca6,24aae49c-5489-46c8-b78b-b02b962f035b,2025-12-11 15:03:25.124,2025-12-11 15:03:25.124,10004,R5wtjjS0Fd,com.sec.android.app.shealth,6799b4fa-ce6c-4a04-97c8-7927c2767916,
51b716c1-0363-4974-9ad6-3ccfb83ccaee,0d86436d-f74c-4dbf-b470-ca5a929e3e81,2025-12-11 16:15:11.074,2025-12-11 16:15:11.074,10004,R5wtjjS0Fd,com.sec.android.app.shealth,80ad45f9-8e27-482f-9256-a1ecbde53078,
c0c1d238-4fca-4d50-b35e-7b189a499593,42b6966b-b772-4099-bdae-5dbff09878d0,2025-12-11 18:05:03.413,2025-12-11 18:05:03.413,10004,R5wtjjS0Fd,com.sec.android.app.shealth,e1d6c439-2b79-43ba-8b76-f8976b78afe4,
1612610c-293d-467a-ac7e-1355ca96b9aa,26c89628-26fb-47fc-b89c-66ef70bbf303,2025-12-11 19:27:20.548,2025-12-11 19:27:20.548,10004,R5wtjjS0Fd,com.sec.android.app.shealth,614eac4e-5a78-4e3c-8f9e-6c9946f79e23,
2dabd12c-6268-4658-9a37-70d197f0f4be,03849ffa-4b16-4644-bdd5-30cc4a962c9a,2025-12-11 22:29:11.194,2025-12-11 22:29:11.194,10004,R5wtjjS0Fd,com.sec.android.app.shealth,0835c52d-4454-4e35-b82d-cf7b61098b1a,
b2787bdf-8f21-490a-bb82-d8c6dca83c38,83825d49-cb31-41e4-9cbd-a40011daa6bb,2025-12-11 22:29:11.210,2025-12-11 22:29:11.210,10004,R5wtjjS0Fd,com.sec.android.app.shealth,85530757-ecea-44f0-acd5-7f929a1978aa,
1b17cdac-3f76-4453-b79e-a52f1b8fd18b,6bd5e689-0ba5-4ced-9db3-9fa626f33ccc,2025-12-12 04:33:58.407,2025-12-12 04:33:58.407,10004,R5wtjjS0Fd,com.sec.android.app.shealth,3a8879ee-f991-4aaf-95d2-0106efe819b0,
f4cc87ee-9510-4090-bc15-3f1a9e800ae3,de7598d2-b40d-49ba-abe3-d66e8d54b7dd,2025-12-11 23:12:14.009,2025-12-11 23:12:14.009,10004,R5wtjjS0Fd,com.sec.android.app.shealth,260f3a9f-3a4d-4983-9bfa-1f5ea88cfc7c,
0f42c26c-3828-4f1d-96e3-2180db0d04b2,d4ae12b2-42a0-482b-8de5-b388de620a82,2025-12-12 04:33:58.427,2025-12-12 04:33:58.427,10004,R5wtjjS0Fd,com.sec.android.app.shealth,95d2ef18-7178-4f43-8c7f-11e072192495,
2fcfca4b-aeb3-4f6f-b223-6082024a2984,43cfdf54-0cdc-471d-bfac-0bd475e0c1a6,2025-12-11 22:29:11.215,2025-12-11 22:29:11.215,10004,R5wtjjS0Fd,com.sec.android.app.shealth,4c3a2ac5-e892-47a1-98b0-acc96aa31b82,
953e6427-6ae5-4738-8aff-d90a35eaf3d1,6f29312c-26e9-40b3-b38c-c171362e791f,2025-12-12 10:10:55.347,2025-12-12 10:10:55.347,10004,R5wtjjS0Fd,com.sec.android.app.shealth,d6e23b8e-a5fc-4731-addf-e6cef78f894d,
838a9fa0-267b-4e6f-96b5-8e3f2896e3ef,7cbb0080-2f60-48df-8627-64319772b6c3,2025-12-12 10:10:55.352,2025-12-12 10:10:55.352,10004,R5wtjjS0Fd,com.sec.android.app.shealth,0c32d9c3-e1ee-44f6-809b-9a99be520277,
42d47207-ef2e-4a21-91e5-6b9dee8309c6,4c85f9b1-8bab-4472-94a1-95aa83254204,2025-12-12 10:10:55.314,2025-12-12 10:10:55.314,10004,R5wtjjS0Fd,com.sec.android.app.shealth,b999918f-c458-42c0-be4c-c6b2020ee515,
3a4ed9e4-ec91-410e-b818-8cccf8cfd3b4,416a3e3d-d03f-49b8-b7d6-6975f1b84f02,2025-12-12 10:14:45.582,2025-12-12 10:14:45.582,10000,R5wtjjS0Fd,com.sec.android.app.shealth,6889c9ed-7ede-46b9-9ad8-f4ccd5c1af96,
e70d8719-95b1-4d23-9c89-421698e84de8,a1fddb45-c62e-4029-a0a8-da4be054a686,2025-12-12 10:10:55.329,2025-12-12 10:10:55.329,10004,R5wtjjS0Fd,com.sec.android.app.shealth,e07eee5a-88b5-4545-b394-cf53289cbf7b,
711455c7-b964-43c4-829c-10875556561c,a4af361b-5329-48bd-bc57-9dd0e41e352e,2025-12-12 12:02:17.834,2025-12-12 12:02:17.834,10001,R5wtjjS0Fd,com.sec.android.app.shealth,9938f7a1-83bc-4f28-9017-7a250a797700,
cf6b9c9b-9074-4f3a-8a0c-f3428331b6dc,519215a7-be8c-451d-989d-6e09054edce0,2025-12-12 10:10:55.334,2025-12-12 10:10:55.334,10004,R5wtjjS0Fd,com.sec.android.app.shealth,80bda0d2-b1c5-4b5b-bcc3-3f0838695c28,
7d12a055-a94f-4ce7-918c-e5cb9745fef9,1b3a4238-fd19-44a7-ad82-38fc4287c553,2025-12-12 13:23:43.693,2025-12-12 13:23:43.693,10001,R5wtjjS0Fd,com.sec.android.app.shealth,48efa76f-98c8-49c9-a7b4-5f740b0bf4f4,
ca8879aa-d705-4ad8-a56f-85698b6bd32c,69be1efe-bd04-452e-81f7-bb7bc867b647,2025-12-12 10:10:55.339,2025-12-12 10:10:55.339,10004,R5wtjjS0Fd,com.sec.android.app.shealth,abaeeb16-163c-4b25-87b5-80e2df48003f,
6c8046dd-5fb8-4ae7-90c8-7b7fd425e319,532ae1c7-7699-4629-8c87-9cb9dfe3d55c,2025-12-12 22:59:58.299,2025-12-12 22:59:58.299,10004,R5wtjjS0Fd,com.sec.android.app.shealth,8f5d5a14-e4ea-40e8-a48f-a51da1042d88,
00d0a985-bd4e-4492-a5df-4a8b7afc2630,b963d749-ed7a-442b-92c9-2621771cd2a6,2025-12-12 10:10:55.342,2025-12-12 10:10:55.342,10004,R5wtjjS0Fd,com.sec.android.app.shealth,d7e7edd0-7d0f-4c5b-9d5c-5147e32e178f,
4575b0db-dbeb-4f3d-8f43-9ef072f58627,d49b5ea2-330f-4261-ab4b-fa9650eec7cf,2025-12-12 10:32:15.456,2025-12-12 10:32:15.456,10002,R5wtjjS0Fd,com.sec.android.app.shealth,32564220-4ac4-4944-b536-8ee6a0b888f5,
f3c10900-5779-4d04-9b8e-5701011c06c2,b80cd9e5-a93a-424a-9a64-c2fe74d50609,2025-12-13 08:49:25.371,2025-12-13 08:49:25.371,10004,R5wtjjS0Fd,com.sec.android.app.shealth,560ef290-3391-4b2a-b071-b3472f9bc453,
82804f15-756e-4e90-bfe0-f60c132ae3a2,e1253b66-0c83-4d00-9ac8-cd43fed71b1d,2025-12-12 17:41:51.181,2025-12-12 17:41:51.181,10004,R5wtjjS0Fd,com.sec.android.app.shealth,6035ba52-eb95-46b2-9db2-2a5aa2808e9c,
0f8677fd-59c1-42e0-91a8-bebb1d699a1a,d04b3c17-d6e6-4731-9cfa-a079897805c9,2025-12-12 12:37:44.597,2025-12-12 12:37:44.597,10001,R5wtjjS0Fd,com.sec.android.app.shealth,5d646f1a-666e-4710-b187-560be00c17c7,
c7ed261e-3362-465c-b0f5-34942fd2d53a,38e2650e-3b90-4863-ad3e-9f611cd56d52,2025-12-13 08:49:22.680,2025-12-13 08:49:22.680,10007,R5wtjjS0Fd,com.sec.android.app.shealth,0ffd1850-a4fa-406f-83f2-d77b507b8d5d,
a1186afa-b2bd-4b5d-861f-934d232a7d4e,779d094a-2030-404c-9ce1-c6e6ee9acfa1,2025-12-12 14:03:24.169,2025-12-12 14:03:24.169,10004,R5wtjjS0Fd,com.sec.android.app.shealth,38e3c5bd-af3a-4438-a37d-2512f05d347e,
d2b183b5-b4d0-43dc-9e86-80ba619a0a20,a62f9229-2743-41ab-b4de-8639c0c0f5f0,2025-12-12 22:59:58.317,2025-12-12 22:59:58.317,10004,R5wtjjS0Fd,com.sec.android.app.shealth,fbe8151d-86ed-41a6-82c6-123bbc073830,
10c550b7-9685-440a-ad62-cbe9dead408b,28d6aafd-8a4a-418e-af4c-35dbd0998a28,2025-12-13 08:49:25.252,2025-12-13 08:49:25.252,10004,R5wtjjS0Fd,com.sec.android.app.shealth,e669a905-d94d-40ad-8bf4-2c3574d89b3b,
91e6b190-1a4c-4ae3-abd7-0dca0c540f8b,7707359b-1e87-4a4e-9553-869c046726d5,2025-12-12 10:32:15.544,2025-12-12 10:32:15.544,10007,R5wtjjS0Fd,com.sec.android.app.shealth,6c256c09-a616-4cff-a5f9-9a24d62b97d9,
1a8f1ab2-d966-43df-8372-51c0bc5cc8b7,a33f722c-66b5-4460-9b46-c0100d42ec88,2025-12-12 17:54:10.778,2025-12-12 17:54:10.778,10001,R5wtjjS0Fd,com.sec.android.app.shealth,3a0b1797-0a9c-4e7d-a0ef-5aee3f2d836c,
81f60250-7a6b-4a25-ba41-93158018c617,9a0c71ad-b7ab-432a-a9ad-299f0e18ad30,2025-12-12 13:08:07.248,2025-12-12 13:08:07.248,10004,R5wtjjS0Fd,com.sec.android.app.shealth,30d0fd05-ba56-4fa6-845c-af88da9f9d3c,
d502e810-4002-4aa3-bab2-4c8fbb4e198b,a05a91d0-a29b-472c-bbf9-24c2f6daa747,2025-12-12 20:25:40.634,2025-12-12 20:25:40.634,10004,R5wtjjS0Fd,com.sec.android.app.shealth,cc010ee3-af60-4c54-a13e-77f741ab9f51,
2c19cb20-73ad-487c-bcae-278057038bc3,0e2973c4-e4b8-4838-914f-039c10848691,2025-12-12 12:02:17.734,2025-12-12 12:02:17.734,10004,R5wtjjS0Fd,com.sec.android.app.shealth,bba87ce8-1c4e-45e7-8061-7cfbcc624386,
d7fc4889-ea15-4a82-a7cc-e3582d70a964,94e73936-3211-4e39-8dce-93dcbc4350d5,2025-12-13 08:49:25.256,2025-12-13 08:49:25.256,10004,R5wtjjS0Fd,com.sec.android.app.shealth,ce73b6ad-2e3f-44cf-87f6-8e9ecbfc7ae9,
83cb230c-9a67-4be4-9f31-d5199e527f49,59c178fa-a2ca-4bd9-bee4-99024d0ee52b,2025-12-13 08:49:24.280,2025-12-13 08:49:24.280,10002,R5wtjjS0Fd,com.sec.android.app.shealth,0d3d9157-4ed8-4b36-b9e4-2db964f20b0b,
79d40eaa-4352-4af7-aad3-f1e297e6e653,190bd807-7520-46cd-b092-fb42117f969e,2025-12-13 08:49:25.245,2025-12-13 08:49:25.245,10004,R5wtjjS0Fd,com.sec.android.app.shealth,33bb6568-239f-47c7-a0a1-d14878d39368,
5993cf72-bb87-467e-aea4-eff06b187c7f,4d7b87d0-faaf-423d-b5a3-36a181ceb7d9,2025-12-12 16:42:21.963,2025-12-12 16:42:21.963,10001,R5wtjjS0Fd,com.sec.android.app.shealth,082d7677-8d5a-4c54-a078-fe3901a1d01f,
c152228b-d34e-4614-8823-192d41c257af,88ce7389-d294-4578-9a79-bb633720fd7d,2025-12-12 15:20:32.627,2025-12-12 15:20:32.627,10004,R5wtjjS0Fd,com.sec.android.app.shealth,a8cfe15a-e76d-4331-8872-f8d4e5783d9c,
9fdeeb4e-b46b-427d-b5e5-9f3ddf635871,6e2a8803-2721-4181-8ba3-f4c2c9fc0673,2025-12-12 11:09:49.054,2025-12-12 11:09:49.054,10004,R5wtjjS0Fd,com.sec.android.app.shealth,6a553126-ccb3-4604-9c88-57df921e79f5,
c6d6295a-fa4c-40c0-aa43-f4de09dbb617,c51e1a13-251a-48cb-9528-4fa842f0f7d0,2025-12-12 23:37:09.475,2025-12-12 23:37:09.475,10004,R5wtjjS0Fd,com.sec.android.app.shealth,0d380b75-0aad-4e4f-9617-e4b00d69c85d,
2685b4c7-0b93-4e7b-8a61-a1e521050768,f4eff52a-0bc7-4fa4-ba3b-cad904ab6ad4,2025-12-13 01:11:11.889,2025-12-13 01:11:11.889,10004,R5wtjjS0Fd,com.sec.android.app.shealth,a92e6d9a-c0de-415a-ba7a-a410e0dacf45,
9420b4de-ff4d-4b29-b2d0-2a18fb06d218,773deb69-4682-4256-8a10-0ee755d8ea3b,2025-12-12 16:18:57.215,2025-12-12 16:18:57.215,10004,R5wtjjS0Fd,com.sec.android.app.shealth,b0bf3669-1da6-4c6e-84c1-29118c038ca5,
32e1ebb7-0723-4245-82d7-750194c98624,a0c38acd-b135-4fd4-8f3a-9c9737030b6c,2025-12-13 08:49:25.308,2025-12-13 08:49:25.308,10004,R5wtjjS0Fd,com.sec.android.app.shealth,a2ea194f-4b02-4027-adda-cfe13da12d86,
0d09ca42-3f2c-41b3-b16a-bb089655d017,b9eb7833-4ad8-49e9-9c77-977f09789df1,2025-12-13 01:11:11.878,2025-12-13 01:11:11.878,10004,R5wtjjS0Fd,com.sec.android.app.shealth,da72a756-6063-4d4c-9eac-7022689c0ac1,
f6d3a822-23b4-4549-805e-7fd58cffe9b4,f218b36a-c398-40d7-ac1f-aaec7a9f7445,2025-12-13 08:49:25.361,2025-12-13 08:49:25.361,10004,R5wtjjS0Fd,com.sec.android.app.shealth,2ecc040c-1e73-4515-b318-7ccabc9e4e2a,
78701c07-aa8f-48d4-bf6d-2dc5cc6ada54,ea94b677-41e4-4382-8ef3-8ac4a3b0a7fe,2025-12-13 08:49:25.322,2025-12-13 08:49:25.322,10004,R5wtjjS0Fd,com.sec.android.app.shealth,caf9f79c-f71a-42c0-a7f3-5861c585f479,
a1c1e762-1efd-422d-bdaf-6510441fcbb0,b2f3f4b8-4132-4807-85a4-e607cb0b8ec8,2025-12-13 10:17:26.178,2025-12-13 10:17:26.178,10004,R5wtjjS0Fd,com.sec.android.app.shealth,434f46ef-a244-442b-a7e3-c0e5eada6e3d,
b0dd4fb4-8789-4474-85f9-4a79f9ee5c2e,7ed09540-daeb-4a68-8e66-b5cec8b6a52e,2025-12-13 10:22:05.013,2025-12-13 10:22:05.013,10002,R5wtjjS0Fd,com.sec.android.app.shealth,c838655e-fab8-42d1-bd0e-fe8d096860c4,
1b0a5c2b-99d8-449f-ad2a-4a1d730de6a8,a49da38c-98d5-40ce-9762-e75cab37feca,2025-12-13 11:05:10.844,2025-12-13 11:05:10.844,10004,R5wtjjS0Fd,com.sec.android.app.shealth,8b1bc824-af82-4656-8ffa-df68a073d483,
0a1b4a84-5769-4ef2-856b-3308af251f90,38def0be-304d-4073-b527-85fe3e6416df,2025-12-13 10:22:09.777,2025-12-13 10:22:09.777,10007,R5wtjjS0Fd,com.sec.android.app.shealth,1e02dc22-b69f-47f7-8db8-8f4a58c13cce,
c0b24f73-83a0-4c23-9a98-77ee91089b94,f727f2f7-4d3b-42bd-928a-979ba7146060,2025-12-13 15:06:36.770,2025-12-13 15:06:36.770,10004,R5wtjjS0Fd,com.sec.android.app.shealth,f4efd843-54ae-471f-8890-5aaed44a3851,
c0e6bd70-a59d-45d2-8484-a41870586fe0,b5817ab4-18bf-416e-806a-9dafae88a960,2025-12-13 10:17:31.184,2025-12-13 10:17:31.184,10000,R5wtjjS0Fd,com.sec.android.app.shealth,c0c406ef-4b8d-4969-ae4e-b8cbe7a4dddd,
de28482d-17ed-4ebc-93f1-ed0b40bdd2cf,654408d5-04dc-4503-a1c2-95f4c5b33da0,2025-12-13 14:04:21.872,2025-12-13 14:04:21.872,10001,R5wtjjS0Fd,com.sec.android.app.shealth,5de37932-05b0-4f5f-a135-f55028a3ac93,
9526148d-1a90-4b90-a889-701545e03c63,c416eaeb-8c77-428d-be6d-1b2d01541b06,2025-12-13 14:04:21.762,2025-12-13 14:04:21.762,10004,R5wtjjS0Fd,com.sec.android.app.shealth,f3208757-a74c-44e0-a767-f62f0a7ba2e4,
3787b4bb-2360-4706-83c5-60c939cc2cf9,7208b6d3-76c2-4d6c-bc50-06af5b63cc2d,2025-12-13 10:17:26.147,2025-12-13 10:17:26.147,10004,R5wtjjS0Fd,com.sec.android.app.shealth,bf7f3dec-bf4c-4c60-9e34-19b2fc55dcf3,
ae53231b-8e80-4464-9cfc-f8271412578d,476e32a0-f556-4b3d-98f8-83efdc62c489,2025-12-13 18:22:28.139,2025-12-13 18:22:28.139,10004,R5wtjjS0Fd,com.sec.android.app.shealth,0bb6ecc4-5bab-4ab1-bda3-f3a3908a0be3,
a7f7a872-ae14-475f-93df-ba12b7edb2f3,57551109-acba-4af8-9ccc-858b2d378071,2025-12-13 10:17:26.161,2025-12-13 10:17:26.161,10004,R5wtjjS0Fd,com.sec.android.app.shealth,529ecfe4-4d09-4f89-b262-ac5062d67f3b,
d53c40c7-d294-4b2a-875d-0bf00b477290,4cb9e9bf-d71a-4ac6-ab1a-836237baf8d5,2025-12-13 17:31:10.646,2025-12-13 17:31:10.646,10004,R5wtjjS0Fd,com.sec.android.app.shealth,904e43ab-f696-467c-a9a0-b1f0cc80b9c0,
fb929ebd-d004-4018-92e9-0dca60a9cf4e,b427bfad-d5cf-4d49-be1b-423e66e0e5f5,2025-12-13 16:19:00.833,2025-12-13 16:19:00.833,10004,R5wtjjS0Fd,com.sec.android.app.shealth,cf2b0636-1945-4e5c-80ed-6e60e82a5aa7,
27996608-95a0-47df-b772-784ed93065a2,e74dd332-35db-494a-9483-dcbed721e05f,2025-12-13 10:17:26.172,2025-12-13 10:17:26.172,10004,R5wtjjS0Fd,com.sec.android.app.shealth,795b0a62-5e2c-4bd7-b190-36f675c28b1e,
92dc08ee-d4d1-4ac5-859f-a6cd49aa0216,eedf1298-0c16-455c-a9a9-b23b99826e2d,2025-12-13 13:22:59.366,2025-12-13 13:22:59.366,10004,R5wtjjS0Fd,com.sec.android.app.shealth,acdafd4c-3f5c-4cd0-b011-faa8d36e57e8,
5647f984-e364-458f-b66c-f8c64caee2fe,47b303cb-ccd6-4886-9dcd-9a91574aae85,2025-12-13 12:08:57.540,2025-12-13 12:08:57.540,10004,R5wtjjS0Fd,com.sec.android.app.shealth,31668149-a100-4ace-ba6c-8278c2c29fd8,
9a99f55a-82f8-4b62-b1aa-8774ca7ae503,d331e613-081e-4b2b-881a-ae43624174ce,2025-12-13 19:40:50.808,2025-12-13 19:40:50.808,10004,R5wtjjS0Fd,com.sec.android.app.shealth,bc98770d-5fbb-4228-9c47-228ded986959,
f7ff43f4-2d1d-40f9-a08a-95e7768eaaad,1f4ec1c5-fb21-4a2b-b9b7-3b457e41fc01,2025-12-13 20:13:48.725,2025-12-13 20:13:48.725,10004,R5wtjjS0Fd,com.sec.android.app.shealth,042a8ebd-fc51-4774-9e77-a8499fd41223,
1ab3df6e-0c6f-4627-9d6d-e68292ca5861,685733f2-1a97-469d-82c8-8e60ebb6d8ca,2025-12-13 21:10:52.510,2025-12-13 21:10:52.510,10004,R5wtjjS0Fd,com.sec.android.app.shealth,2aa1a251-5a52-4ff3-9362-b27da2f90790,
2c14dcd3-894f-460c-a910-ad080027d880,e95096e6-0f3a-4b15-b893-4a25643def06,2025-12-13 22:05:49.494,2025-12-13 22:05:49.494,10004,R5wtjjS0Fd,com.sec.android.app.shealth,8411de7a-fb17-43d7-a4ed-6b15c189401b,
1955adac-de7c-4ebb-83fe-b9e4dbce851d,32ded769-bbe2-4a79-bd9e-8e9f88cf4a27,2025-12-14 06:26:26.696,2025-12-14 06:26:26.696,10004,R5wtjjS0Fd,com.sec.android.app.shealth,721d27f2-40b6-45d0-93b4-92b0e95ef780,
e46eaf25-8d09-485b-b592-39af6b35e85a,df5ca8ef-8146-4661-beda-50c21eb72261,2025-12-13 23:48:48.472,2025-12-13 23:48:48.472,10004,R5wtjjS0Fd,com.sec.android.app.shealth,9b785d70-f107-4526-8fa2-bc65181ef9f0,
f1da1008-c992-4c97-b6c1-cd6ad3cc1ab0,3ff4b392-50de-401b-922a-bae0c8c09cf8,2025-12-14 00:02:35.211,2025-12-14 00:02:35.211,10004,R5wtjjS0Fd,com.sec.android.app.shealth,3a3a0618-c218-4e38-9b84-d7de590232bf,
3ef6bccb-5520-49c1-ae03-ebe4114d61b0,f33fbe80-e5ed-46e1-b01c-91e5bc511130,2025-12-14 06:26:21.977,2025-12-14 06:26:21.977,10007,R5wtjjS0Fd,com.sec.android.app.shealth,178bf5ba-6488-47ae-8b20-6ea3e4fd1328,
d88a0ff7-46bc-4baf-b1af-f99558ddbb3c,59a09bc9-c37f-4bc8-8ebb-1212954888ff,2025-12-14 06:26:24.114,2025-12-14 06:26:24.114,10002,R5wtjjS0Fd,com.sec.android.app.shealth,58c1ace9-f3d1-407f-a95d-889a44336bab,
b1b8120a-980f-4a74-8941-26cdc965d17c,6a8317af-a102-4381-a3ea-6bf242682a48,2025-12-14 06:26:26.563,2025-12-14 06:26:26.563,10004,R5wtjjS0Fd,com.sec.android.app.shealth,f0ab8cf4-4b0b-462a-8660-f1dab62dac0c,
cf41c97c-ec86-4786-b719-333b9478c183,73db7a15-e72c-46f6-885a-ec4397ab6099,2025-12-14 06:26:26.916,2025-12-14 06:26:26.916,10004,R5wtjjS0Fd,com.sec.android.app.shealth,ac288bfe-742c-44d0-9786-2677837c5d48,
d70bd760-9972-4b12-bb8e-eafe6e9ab09e,862b974c-dc46-42c1-9503-1b4f4be6dff9,2025-12-14 06:26:26.589,2025-12-14 06:26:26.589,10004,R5wtjjS0Fd,com.sec.android.app.shealth,b0a9fbb9-ec2b-45c5-bb85-ec7aa31cc5a3,
8aa594f3-d61d-4a2a-a389-acf5705a4131,ac83103b-95ff-44e8-9448-f3c596783e3d,2025-12-14 06:26:26.662,2025-12-14 06:26:26.662,10004,R5wtjjS0Fd,com.sec.android.app.shealth,8ca62dac-c60e-4eb4-be7d-85d601ccdea7,
8f04f277-2554-41c9-9bda-12e3e4bbd3e2,8bc0a957-2bfc-4ddb-b7a4-77e01196966a,2025-12-14 09:58:07.009,2025-12-14 09:58:07.009,10004,R5wtjjS0Fd,com.sec.android.app.shealth,a40fd29d-c289-4533-8bc9-43e879321f92,
9f05eb06-599a-4630-88ff-db37f14ee606,4b5c2953-a5b2-4bc1-bddf-1f66ecaf824c,2025-12-14 09:58:07.013,2025-12-14 09:58:07.013,10004,R5wtjjS0Fd,com.sec.android.app.shealth,b7103ef6-044a-4261-aab4-1fa762d8cf43,
03f3a859-6998-4142-8d61-52d2f819c5b3,8dd28c44-a158-4354-b886-003cf57d6b7a,2025-12-14 09:58:07.016,2025-12-14 09:58:07.016,10004,R5wtjjS0Fd,com.sec.android.app.shealth,a77bdbd0-a157-4f2b-b93c-334f37a28d57,
9c641943-d6a6-4bdc-9068-040bf41a78f5,7797490c-252d-4ee1-b1d3-58dffa410722,2025-12-14 10:27:29.993,2025-12-14 10:27:29.993,10007,R5wtjjS0Fd,com.sec.android.app.shealth,fe0ee2f6-8162-4072-ac18-57bf8b1e718a,
c2afbe91-952d-490f-8ac9-a17430a510ff,54fa0bc7-3f23-4c88-aee4-25256791080c,2025-12-14 10:27:30.813,2025-12-14 10:27:30.813,10002,R5wtjjS0Fd,com.sec.android.app.shealth,fe4a4afc-c543-4c2a-a192-463da93aa3b6,
a6e731a6-d863-4610-a5f5-4d8eef19be6c,08069c67-27cc-4556-b3c3-33e841b21fd3,2025-12-14 14:08:13.565,2025-12-14 14:08:13.565,10004,R5wtjjS0Fd,com.sec.android.app.shealth,f5fb2245-41bf-4a44-89de-12b0f54483e4,
4dc9abb8-e110-4b68-aa15-c72dce293bdb,0b673ad9-3737-46fe-94e2-9c034478124b,2025-12-14 16:35:09.088,2025-12-14 16:35:09.088,10004,R5wtjjS0Fd,com.sec.android.app.shealth,812cf139-6d37-40a4-b47b-3a3341d52827,
eca5100e-355d-422f-a7f9-b5a5ba2af73f,d7743951-28bd-4b31-b777-5edf7b01786d,2025-12-14 13:28:49.946,2025-12-14 13:28:49.946,10004,R5wtjjS0Fd,com.sec.android.app.shealth,982e68ea-6673-46a2-94ac-826fe0c6f65b,
fad34fe3-3d7f-4294-b522-22b6d5a84dad,4e4ab444-ff58-42b7-a88e-697aefd29b34,2025-12-14 09:58:06.939,2025-12-14 09:58:06.939,10000,R5wtjjS0Fd,com.sec.android.app.shealth,a8cac494-aec7-4f3f-8066-147fc2176547,
864c804d-e38c-46ed-b3c4-c9d066e2fc4b,f85c29d8-d79f-4c3c-aa02-56ddd1c88fd2,2025-12-14 21:02:44.304,2025-12-14 21:02:44.304,10004,R5wtjjS0Fd,com.sec.android.app.shealth,f0662f43-f106-408d-a9b7-67833ef0014f,
19bd4f7a-ecd5-42b2-ba3a-42c881d790e7,10aae818-3741-446d-a1e2-9763f167b6da,2025-12-14 09:58:06.996,2025-12-14 09:58:06.996,10004,R5wtjjS0Fd,com.sec.android.app.shealth,5971062c-1fa0-4754-a7e1-e4572e09fd0c,
485e0299-9759-4b46-b760-fcdec6f927fd,df8e6ad7-6067-473b-8f6b-18d501d40674,2025-12-14 11:11:34.403,2025-12-14 11:11:34.403,10004,R5wtjjS0Fd,com.sec.android.app.shealth,fc80d4d3-5f87-4f95-91a3-0421b353478a,
d85b4b2d-95ce-48d1-a151-74df6dc342e2,5b797302-b26f-4931-a0ee-ccc53176aefb,2025-12-14 09:58:07.003,2025-12-14 09:58:07.003,10004,R5wtjjS0Fd,com.sec.android.app.shealth,20015e25-1bca-4925-9bc6-3162dd5a551a,
875c7c0f-ed41-453a-a3ed-f768efe5de17,f3dec0bf-9d28-4168-8240-efaf2fa9defa,2025-12-14 15:13:49.719,2025-12-14 15:13:49.719,10004,R5wtjjS0Fd,com.sec.android.app.shealth,d9e6c98c-ab53-4804-a1c0-f73a19a7c7c7,
d1f2b2fc-8b2f-460c-9ea8-d1090b7244d0,f8fec3c9-0f1c-47e5-8866-df86cdce179a,2025-12-14 13:28:49.938,2025-12-14 13:28:49.938,10004,R5wtjjS0Fd,com.sec.android.app.shealth,f9c43613-46f8-49d9-9a21-fec201a5cc09,
5fc566ed-2279-4951-baa5-acee15902070,d91685ea-5263-4198-90a0-4033e3ce4b4e,2025-12-14 21:02:44.309,2025-12-14 21:02:44.309,10004,R5wtjjS0Fd,com.sec.android.app.shealth,98459fed-4dd2-4b08-aedf-583b0f78710f,
07ce382d-d31a-4fe7-9285-28cbb2b86cb1,3a7fe2cf-8404-46b6-9f71-fa6b766f815f,2025-12-14 17:09:10.179,2025-12-14 17:09:10.179,10004,R5wtjjS0Fd,com.sec.android.app.shealth,314dcb8d-2b3f-4985-be92-478ffae0bffb,
bcaec371-0ef9-44b1-b189-f24e6e6363d6,261f464b-36ea-42d5-95a7-772496617e63,2025-12-14 19:08:40.520,2025-12-14 19:08:40.520,10004,R5wtjjS0Fd,com.sec.android.app.shealth,18bc4a4b-9e7a-44de-80a9-1a9b3a0f89df,
3b8d577d-6282-40fe-b0bd-011db475f994,1ad8131e-fb48-41dd-9a99-e1ce497413b6,2025-12-14 10:27:31.366,2025-12-14 10:27:31.366,10004,R5wtjjS0Fd,com.sec.android.app.shealth,40ce27c9-2088-45ca-bf9d-2d772a9adb5c,
0e69ce4d-7c54-4fb2-9ac3-18dbf88ecc73,3a6878b0-c97e-4648-8e5d-4703751cfe12,2025-12-14 18:28:11.428,2025-12-14 18:28:11.428,10004,R5wtjjS0Fd,com.sec.android.app.shealth,836d12e0-0a08-4a53-9fda-e8dd28e4a8b8,
d6b32b6e-3cad-4912-8db8-be27f5390a52,beac5d64-a6ce-422b-8d2a-6c1ec15696c5,2025-12-14 22:37:16.751,2025-12-14 22:37:16.751,10004,R5wtjjS0Fd,com.sec.android.app.shealth,c10a86a5-7645-4f77-bb84-ea7aacb18bb2,
2ca74cf9-1c12-479b-83d0-28d8a217d4d2,737c2dce-d05b-4d28-8629-48cb5382bf03,2025-12-15 02:34:15.229,2025-12-15 02:34:15.229,10004,R5wtjjS0Fd,com.sec.android.app.shealth,710cae41-4866-48cc-9f8b-07e0ffb210c8,
b7d82d48-b67d-49b7-a97e-a016db473c55,1a51d886-69cc-4e3f-859e-fcfc76260119,2025-12-15 02:34:15.243,2025-12-15 02:34:15.243,10004,R5wtjjS0Fd,com.sec.android.app.shealth,896871bc-c09d-4cfc-a069-3d28d23111ab,
8cda33ef-67d9-4e58-be10-a0420a28e625,b5c8bf0d-085e-4d4a-ae3e-d0f1dab770d8,2025-12-15 02:34:15.254,2025-12-15 02:34:15.254,10004,R5wtjjS0Fd,com.sec.android.app.shealth,711622c0-7216-4c0a-8990-08dbe31c18e8,
31a58bc1-26e2-4f71-90f6-959d8c65bfaa,f2bb2b91-fb12-4249-be54-771322c14487,2025-12-15 02:34:22.657,2025-12-15 02:34:22.657,10002,R5wtjjS0Fd,com.sec.android.app.shealth,7febc50c-db35-4075-85f3-834451354c91,
3bf77059-8670-4d12-aadf-a6498ff6e514,783d7ef7-c7c7-491b-9d23-df3129f36732,2025-12-15 02:34:20.568,2025-12-15 02:34:20.568,10007,R5wtjjS0Fd,com.sec.android.app.shealth,2d6c9041-702b-4d3b-b88e-402bb3838211,
f21356d3-67fe-4ba2-96e0-54ada8e127f1,bad599ac-edd3-4906-8580-2e60fe00c67d,2025-12-15 02:34:15.208,2025-12-15 02:34:15.208,10004,R5wtjjS0Fd,com.sec.android.app.shealth,b2d85a26-58bd-4123-90da-09a0163879a1,
13910401-32b3-436e-ad38-15a49ab9e8d1,415c1e40-3423-4faf-a154-4b1180dad50b,2025-12-15 10:01:20.092,2025-12-15 10:01:20.092,10000,R5wtjjS0Fd,com.sec.android.app.shealth,d5d7cf04-af52-428f-a912-783834c86199,
ef962041-cb8e-416e-952a-983910b0150d,828d5ea5-381c-4113-b0e2-ebaabbafb6ff,2025-12-15 10:01:20.142,2025-12-15 10:01:20.142,10004,R5wtjjS0Fd,com.sec.android.app.shealth,fa25a1af-06ab-4279-a2e4-8d770de32811,
f276cff5-bac4-4617-972c-f7391f1b08a0,e3c1f39e-3edb-4c7d-9f90-16fabf987c68,2025-12-15 16:35:22.309,2025-12-15 16:35:22.309,10004,R5wtjjS0Fd,com.sec.android.app.shealth,ee713d95-7f01-495a-b72f-3b1e62e7d7cd,
083ebc0f-8804-430a-9bd2-bfc2f9dbfab6,03468f0f-b86e-44cb-a664-938f73cb1109,2025-12-15 10:01:20.157,2025-12-15 10:01:20.157,10004,R5wtjjS0Fd,com.sec.android.app.shealth,51547b76-8752-4391-92a0-7b2074909393,
ce3b05f4-623c-4ae1-9496-ad809f5e7a3c,a7f6bf4b-e3f7-405e-9dca-548c75631298,2025-12-15 10:21:18.218,2025-12-15 10:21:18.218,10002,R5wtjjS0Fd,com.sec.android.app.shealth,a50b7dbf-d9d1-4387-8cad-5231e48a4abd,
88b7cd59-87fb-44c4-8192-69002474f559,c22e152b-ca1d-4943-aa32-4bf207ff4fc9,2025-12-15 10:01:20.164,2025-12-15 10:01:20.164,10004,R5wtjjS0Fd,com.sec.android.app.shealth,f51e3ee4-ace5-411a-8cfa-47040e89f227,
adb21ac8-5a9a-4592-97aa-c12b318a42e4,53e29a54-83ec-4c8e-b2ff-896591251146,2025-12-15 20:17:34.800,2025-12-15 20:17:34.800,10004,R5wtjjS0Fd,com.sec.android.app.shealth,e6ecaea9-a829-42b1-9639-23a9e581d18e,
644298ae-5548-4f1f-b501-d65b5debbb61,69908d25-b00d-4932-8a58-386b330a9084,2025-12-15 10:01:20.170,2025-12-15 10:01:20.170,10004,R5wtjjS0Fd,com.sec.android.app.shealth,66bea4ac-c099-4715-ae78-fc901181c7e6,
84c46098-d8b0-4d96-ba9b-127e58d9ddf3,be984e37-441c-4d2c-80e4-b100b1254a38,2025-12-15 10:12:14.083,2025-12-15 10:12:14.083,10004,R5wtjjS0Fd,com.sec.android.app.shealth,0f1cb2d4-a453-439c-9ae8-2230aae45629,
3b1df9be-8fa8-4f4c-a23f-0c418b13b3ec,50a02a35-c120-456b-a4e4-78bba51efadf,2025-12-15 10:01:20.175,2025-12-15 10:01:20.175,10004,R5wtjjS0Fd,com.sec.android.app.shealth,c692335d-5359-4cf1-b38d-b1839dfedd18,
e62aeb66-b42a-41f6-94ec-0eb10e6e6d27,6e297115-0e3f-4422-9d58-7b4642cebbca,2025-12-15 13:43:27.507,2025-12-15 13:43:27.507,10004,R5wtjjS0Fd,com.sec.android.app.shealth,c699ab2f-c6f3-4aab-9d9e-a414520bbcea,
65f0f3fe-7c9c-49ad-b982-404914785294,65c780ab-7831-4fad-ac22-95ae9868c39e,2025-12-15 10:01:20.180,2025-12-15 10:01:20.180,10004,R5wtjjS0Fd,com.sec.android.app.shealth,9099eaf3-4289-4d09-8a82-e04afb1f8f4d,
265f2ccd-0f0d-4b98-b790-7f527e95c921,6b212c31-97a8-49a7-a8e4-353eba5a5644,2025-12-15 16:35:22.296,2025-12-15 16:35:22.296,10004,R5wtjjS0Fd,com.sec.android.app.shealth,1ed80fda-5295-4163-a6f4-5f2006696202,
02893ab1-0048-4f8c-b9b7-a1538717f31b,226ea991-a43b-4981-9077-9ec045209386,2025-12-15 10:01:20.185,2025-12-15 10:01:20.185,10004,R5wtjjS0Fd,com.sec.android.app.shealth,1c57032d-a0d8-4f17-8492-1969e0c84ef4,
dc097f27-2680-45f7-9d48-ea57e7bf0d6d,775abd44-3d6b-4618-834a-0f40bd43f1f4,2025-12-15 11:40:50.832,2025-12-15 11:40:50.832,10004,R5wtjjS0Fd,com.sec.android.app.shealth,d3a4a0f0-ca6b-49df-ab4d-72f442dd674c,
eb9c8fa2-8230-4f5b-a4ab-7b0ed94ff54b,741f6dca-2db6-472f-8362-f95cc8821d7a,2025-12-15 23:14:28.703,2025-12-15 23:14:28.703,10004,R5wtjjS0Fd,com.sec.android.app.shealth,97d40ba4-b320-4d18-8f14-e12a7db53946,
1c67c4ba-3b83-4849-a4a2-23abdd9c243a,3e101d00-2f12-4771-9972-d25758d5855b,2025-12-15 10:21:23.716,2025-12-15 10:21:23.716,10007,R5wtjjS0Fd,com.sec.android.app.shealth,9a28ebf9-170b-4037-b41d-1c7d4499119b,
7b1fa7a3-07d9-4925-b3ac-7a024599f943,7054c351-7bf0-41b7-ad5d-e61614cc787a,2025-12-15 19:04:58.225,2025-12-15 19:04:58.225,10004,R5wtjjS0Fd,com.sec.android.app.shealth,a4786791-c9b2-46a1-ad89-27745f8fe2bf,
08717a07-8244-4d04-89bc-8c43f7a14fd9,15d75aa6-c279-4269-920e-4c13abcd15ba,2025-12-15 11:40:50.840,2025-12-15 11:40:50.840,10004,R5wtjjS0Fd,com.sec.android.app.shealth,0a6b80f4-1b20-46b3-b78c-de31272b8221,
2ebc123e-242a-4e25-8afe-7f8b22c1c516,72e23b83-4e32-4d85-a5cc-16426bf1e8c1,2025-12-15 17:15:39.858,2025-12-15 17:15:39.858,10004,R5wtjjS0Fd,com.sec.android.app.shealth,eecbcfea-dbdf-463e-bc6e-65b02c98f75a,
5a050a3b-5bdc-4486-881a-ad9d0090a1d8,291f8722-94b3-4e59-8836-b4cfcf573e02,2025-12-15 18:57:21.633,2025-12-15 18:57:21.633,10004,R5wtjjS0Fd,com.sec.android.app.shealth,d26d9393-45d6-40ed-adc9-46aad46c0f49,
d4e53c05-c448-40c6-9ff2-f6d97c3bafd1,f8f41805-0556-4167-af26-4f5306685b7e,2025-12-15 16:35:43.616,2025-12-15 16:35:43.616,10001,R5wtjjS0Fd,com.sec.android.app.shealth,26f413b4-7e04-4a23-8d3f-4d3af6e22a4c,
d89cecd0-f2c0-4b98-8165-4ae2bb0921a7,568505c1-77ed-47af-bc9d-b03fa64626e3,2025-12-15 21:13:49.064,2025-12-15 21:13:49.064,10004,R5wtjjS0Fd,com.sec.android.app.shealth,d4148003-7968-4082-b90d-14075caa09bc,
57b5f2a7-aed7-4cdb-acaf-d3e891b45d66,1540eba6-6ff6-452f-9564-6ff366b970a9,2025-12-16 00:06:29.656,2025-12-16 00:06:29.656,10004,R5wtjjS0Fd,com.sec.android.app.shealth,e3c7f647-580d-4a25-916c-63de34f41930,
9e232147-1626-46c8-9c0a-9200b0a6084b,4594545d-f46e-44f1-ba83-396dc9f4cf9d,2025-12-15 22:36:15.897,2025-12-15 22:36:15.897,10004,R5wtjjS0Fd,com.sec.android.app.shealth,e5a551e5-c952-4675-b681-a0804b084b38,
08b63d44-fdd9-44bf-8694-2363e4d298a7,a38ce7b2-6640-462d-9987-3b8fd4f1d14f,2025-12-16 01:20:18.757,2025-12-16 01:20:18.757,10004,R5wtjjS0Fd,com.sec.android.app.shealth,1d655f42-90b0-45db-845d-32a16ce647e4,
870ae3c8-49fa-4e72-a7ed-61894cbbb9c0,bd0b7fa5-aa06-4fc8-aca9-957a770cb44d,2025-12-16 09:22:29.808,2025-12-16 09:22:29.808,10004,R5wtjjS0Fd,com.sec.android.app.shealth,18afa108-cf7c-4dc6-8943-4e3cb23b87f1,
b20206d7-8f97-42ad-bc19-0a7e7e4c0ba4,967c276d-0395-405d-8f40-c5698a8b2620,2025-12-16 09:22:29.815,2025-12-16 09:22:29.815,10004,R5wtjjS0Fd,com.sec.android.app.shealth,6bb827db-9d72-4d4b-849c-ba70f3df3898,
72297399-6cfc-4282-8c7b-c43c3035e40c,29ba7f45-185a-4a16-a4dc-9a73606d86db,2025-12-16 09:22:29.800,2025-12-16 09:22:29.800,10004,R5wtjjS0Fd,com.sec.android.app.shealth,5f0de669-cc83-4e05-9812-848dcabfcdea,
cf1f7816-0b51-49d5-8eeb-73e8a21a654a,6f0491f3-f0e7-4ff2-8992-c3dea8069f7f,2025-12-16 09:22:29.821,2025-12-16 09:22:29.821,10004,R5wtjjS0Fd,com.sec.android.app.shealth,dec6a479-a841-41a0-9169-e8a36e8fb75d,
969ca45e-c9f1-4530-b7d5-651187068315,7ddbbb70-2041-48fc-b296-5d91978255e0,2025-12-16 10:06:00.739,2025-12-16 10:06:00.739,10004,R5wtjjS0Fd,com.sec.android.app.shealth,dc3b9d4f-9ea0-48e9-9bb7-e547da81e060,
5933002c-a27e-48da-9b03-e55a7e4124b4,ef90ab71-c4bc-4b0c-b6de-3cd8e2d6f053,2025-12-16 09:22:29.825,2025-12-16 09:22:29.825,10004,R5wtjjS0Fd,com.sec.android.app.shealth,c3584a64-bd78-4e02-9613-91c09f5e92ad,
d64721b5-5719-455a-a433-6d46803796b7,939d4709-3069-4c9d-98c0-b7096e51914d,2025-12-16 09:41:06.066,2025-12-16 09:41:06.066,10002,R5wtjjS0Fd,com.sec.android.app.shealth,b67d2052-bf46-4982-8370-bb964707c4c2,
cff6713c-0a20-4798-8415-40b7eb094609,ca18b0c8-f329-4890-a52a-cec4f5e288ce,2025-12-16 09:22:29.830,2025-12-16 09:22:29.830,10004,R5wtjjS0Fd,com.sec.android.app.shealth,fe593100-5979-4078-bc3d-d19404409e26,
e086b83a-7231-4720-9b8c-984dc64690ce,0c08cd2c-843c-4bc3-8a15-6de327ba2987,2025-12-16 09:22:29.835,2025-12-16 09:22:29.835,10004,R5wtjjS0Fd,com.sec.android.app.shealth,7c4f2b3f-b91b-47a1-a62a-7e9f71b6a0c9,
9df972c5-01d5-412b-ac48-db823cad1722,02a1e83e-ddec-4d27-80a9-c6a9ce22ba24,2025-12-16 14:15:12.946,2025-12-16 14:15:12.946,10004,R5wtjjS0Fd,com.sec.android.app.shealth,3cf799f8-886a-4ee0-b10d-01020115ce7a,
93e2e9b6-1313-4b52-a62c-98baa41fc0e0,751efced-57fd-4df4-a666-65787fe4747b,2025-12-16 09:22:29.840,2025-12-16 09:22:29.840,10004,R5wtjjS0Fd,com.sec.android.app.shealth,3ccf69f9-8359-4747-b7ef-19d6f03b3b07,
a93a77bc-ceb9-4fa5-b3c3-d492a07a792a,6899427d-0ed5-4e00-9851-cb11d43682bd,2025-12-16 18:06:06.583,2025-12-16 18:06:06.583,10004,R5wtjjS0Fd,com.sec.android.app.shealth,cd910bb4-7d03-4bad-b92d-6a6e55261fc5,
5d235a12-c4f8-46b8-8dec-789edc8872e6,25d9680d-fcd7-4a97-b6dd-4dcc269836a4,2025-12-16 09:41:09.216,2025-12-16 09:41:09.216,10007,R5wtjjS0Fd,com.sec.android.app.shealth,fe0103c2-884d-487a-9ee3-f75c12997eeb,
64231d5e-5c03-4035-997a-282fef778ab1,d81e5db9-3a8d-4fc1-b6d1-8df2942437fa,2025-12-16 17:39:24.853,2025-12-16 17:39:24.853,10004,R5wtjjS0Fd,com.sec.android.app.shealth,b194e133-6db6-4b77-8e6a-7fc0c45f239f,
8cd5c562-5b09-4658-afec-949de8d83294,4925ef0e-667f-4047-b85c-0e1f9a7ab5f4,2025-12-16 09:22:29.712,2025-12-16 09:22:29.712,10000,R5wtjjS0Fd,com.sec.android.app.shealth,de44e460-b0c5-4064-a798-f60edf830e36,
4fcbeb15-b40c-40d1-ad4e-94dbbf3e7e39,91f89836-de1d-428f-9158-1266a6aadb08,2025-12-16 14:35:55.820,2025-12-16 14:35:55.820,10004,R5wtjjS0Fd,com.sec.android.app.shealth,a4fcda95-86b0-48cc-beb6-f7cf30b9c395,
640aa5e4-7f48-4bab-9b9b-c9386bd25f21,6a23ca0a-8a0d-46f5-b07c-21d2fbd1cc8b,2025-12-16 14:15:12.933,2025-12-16 14:15:12.933,10004,R5wtjjS0Fd,com.sec.android.app.shealth,99827ae2-9edf-43c1-916b-b9e757274d6a,
719990ce-e10b-4c4b-a146-beebcf5b6c63,efe36b9a-55c0-439e-944c-ebdc232ce106,2025-12-16 21:04:43.388,2025-12-16 21:04:43.388,10004,R5wtjjS0Fd,com.sec.android.app.shealth,d9293ad2-e956-446c-a26b-5beddb443c7b,
c49d0b20-21b0-4380-8d08-295f5b378141,4d35922a-da11-458e-bfd9-ae9a3b90fd20,2025-12-16 11:14:57.813,2025-12-16 11:14:57.813,10004,R5wtjjS0Fd,com.sec.android.app.shealth,3196094c-cd89-49a7-a738-bb214dda229c,
230bf613-a5ba-4b6c-81c5-79b874fd404b,bdde9237-1619-4806-bc96-cfab6cb3577f,2025-12-16 16:30:11.443,2025-12-16 16:30:11.443,10004,R5wtjjS0Fd,com.sec.android.app.shealth,35a1f17f-9e22-41a5-9038-9e0762caa197,
88ab399f-fb6a-458c-acb9-003fff4e6cf5,0eb1c9d0-b010-4457-9d1f-81885c04e150,2025-12-16 11:14:57.806,2025-12-16 11:14:57.806,10004,R5wtjjS0Fd,com.sec.android.app.shealth,cdb77df5-c6b5-4765-850e-585fc3dfa40d,
061f4939-c6e8-4817-9bb8-c4a2ed09ba84,81aa6e01-b39a-4b83-a57d-b9dca4d2a76b,2025-12-16 20:34:06.238,2025-12-16 20:34:06.238,10004,R5wtjjS0Fd,com.sec.android.app.shealth,03384b1d-e8a2-4395-ab92-bb77bd5019f1,
4799be43-677a-4464-ac7c-d73d0d309726,cf4fca09-1327-4922-a8bc-ac07d85a22e5,2025-12-16 19:55:28.763,2025-12-16 19:55:28.763,10004,R5wtjjS0Fd,com.sec.android.app.shealth,3f3ae904-8b98-414b-9da6-109366f07c97,
89c7ef61-5d28-4d18-a1a5-84517bc0285e,855706e2-68a8-475c-abc9-7d16a8d5f41d,2025-12-16 16:30:11.434,2025-12-16 16:30:11.434,10004,R5wtjjS0Fd,com.sec.android.app.shealth,242b0326-5f3e-4cc7-b85b-53e69ea0ec53,
19718c8a-9c26-48a9-8df6-b27590c4486b,e2fa5dd5-98ce-48bb-a92d-fb33c22e6535,2025-12-16 23:25:00.906,2025-12-16 23:25:00.906,10004,R5wtjjS0Fd,com.sec.android.app.shealth,2f14caf6-e633-455b-9a76-b2b4c96012d5,
3eeda3e0-0868-4046-9155-40961655d38e,669040d3-dc01-4944-93eb-52ad2a4f307a,2025-12-16 23:25:00.923,2025-12-16 23:25:00.923,10004,R5wtjjS0Fd,com.sec.android.app.shealth,c1e4096c-5d5f-491f-a11b-7402f55460a6,
a5bdc332-5839-45bd-b43f-03cccfa6bfcf,ac0e7cbb-084f-41a2-ba8c-0936713279a4,2025-12-16 23:58:04.069,2025-12-16 23:58:04.069,10001,R5wtjjS0Fd,com.sec.android.app.shealth,11f38fd0-5ea9-4c98-affe-657a9dd88305,
fa5b46d9-c8a7-4adc-a1dc-47cb24095298,e249798e-c646-44ab-af99-b4a0a5abb360,2025-12-17 09:32:52.342,2025-12-17 09:32:52.342,10004,R5wtjjS0Fd,com.sec.android.app.shealth,a3d72239-3e1c-44ff-8af3-10d0cb3f9bd2,
8b836dfa-ca4c-4d44-aea6-594efc1435e2,2a44e98c-a92c-4930-bca6-5546adad71fa,2025-12-17 09:32:52.346,2025-12-17 09:32:52.346,10004,R5wtjjS0Fd,com.sec.android.app.shealth,858c6945-c93a-453b-96f4-b2a58dc0e5d5,
27044572-9f1c-4702-a25e-b6305d27808e,46e3ba0f-0586-4384-b227-db6a371d4549,2025-12-17 09:32:52.352,2025-12-17 09:32:52.352,10004,R5wtjjS0Fd,com.sec.android.app.shealth,616aeb03-dfd2-48f7-a197-7ae7ea718e7f,
83a95b8d-f666-4792-9734-8578a6ca05cf,767988c2-c6ac-41ba-8dcc-d579f7d70231,2025-12-17 09:32:52.339,2025-12-17 09:32:52.339,10004,R5wtjjS0Fd,com.sec.android.app.shealth,f386f0e9-c3c5-4c2b-bc8a-fc180ab4d96e,
99055ab1-cc1c-43e3-94d1-96317a4f6adf,03cfda3a-0a51-4ab9-8c17-deede6e4a88a,2025-12-17 09:32:52.356,2025-12-17 09:32:52.356,10004,R5wtjjS0Fd,com.sec.android.app.shealth,dced275a-d93c-44ce-902a-0882795aea2e,
9d1c3628-0b13-44a5-8c41-4a9820c70861,dd9f2db6-1e02-4e0d-981f-5fe16b077be5,2025-12-17 09:32:53.020,2025-12-17 09:32:53.020,10000,R5wtjjS0Fd,com.sec.android.app.shealth,5a5cfb3f-10a0-4d4f-a247-a96a5fc0d3d2,
1a0952a0-b85c-4141-97bd-24e6c3b49ecd,9417dd41-23c3-46e2-b516-3bbb74bc7ed0,2025-12-17 09:32:52.359,2025-12-17 09:32:52.359,10004,R5wtjjS0Fd,com.sec.android.app.shealth,833e957f-6d8c-4788-966f-ceb67122a108,
21b7c365-367b-44dc-9883-d563c551fa38,5ddc867a-d62f-48d7-af88-c8ed9b738394,2025-12-17 09:32:52.370,2025-12-17 09:32:52.370,10004,R5wtjjS0Fd,com.sec.android.app.shealth,1c71ce99-1647-4b21-bfd9-9098581203dc,
4659a05f-506a-475a-9674-83849e413182,c6d26f2b-7cd9-4a97-af0e-14ceaef975fc,2025-12-17 09:32:52.362,2025-12-17 09:32:52.362,10004,R5wtjjS0Fd,com.sec.android.app.shealth,a8e2302d-2e84-4c78-8fab-3c7510ef95cd,
88e0ab58-7a9c-41ed-9762-a278537a49fc,9c527bce-b39a-402a-8616-b8244d0051ab,2025-12-17 09:32:52.329,2025-12-17 09:32:52.329,10004,R5wtjjS0Fd,com.sec.android.app.shealth,89bd94b8-84be-4189-bc2e-3d40502de470,
43aa151f-14cb-401f-a9fb-a74ce950909c,9944518d-8121-49ef-95ae-6be33919f960,2025-12-17 09:32:52.365,2025-12-17 09:32:52.365,10004,R5wtjjS0Fd,com.sec.android.app.shealth,0b18bf3d-88c5-4ce0-a283-edd83b2534ca,
3c0ed458-d420-44b3-a546-0c4734b4ae62,7b9b2e7d-3c5f-43e4-a2e5-cbb34f9ce4d1,2025-12-17 09:32:57.539,2025-12-17 09:32:57.539,10007,R5wtjjS0Fd,com.sec.android.app.shealth,9176a95f-e89f-4b2e-bb37-a2fd4d5b5e14,
3a949b16-37c1-4ccf-8d47-2951997d77df,f103cc29-9191-43f9-932a-259af763b3a4,2025-12-17 09:32:56.099,2025-12-17 09:32:56.099,10002,R5wtjjS0Fd,com.sec.android.app.shealth,63dfe584-c340-41fa-8b69-fe83ef2ab0c1,
3fb549bb-7fc8-4080-8807-fd2d2bf2b127,fd59e83c-fa88-44e2-aa5c-3f198849c114,2025-12-17 13:09:18.177,2025-12-17 13:09:18.177,10004,R5wtjjS0Fd,com.sec.android.app.shealth,025b30f5-2726-4654-b841-ad1b136aad9e,
0013f2da-0299-4407-a363-b0af2f875066,3d2af3c6-91dd-4635-b651-adc2a06af29f,2025-12-17 14:04:52.052,2025-12-17 14:04:52.052,10004,R5wtjjS0Fd,com.sec.android.app.shealth,cf9f958e-bf42-4961-af12-98e59a2f7fa9,
935540b0-3c6f-4c7b-99c6-f7715756d8bc,074781d1-51d0-4fc5-a43d-b448babbe76a,2025-12-17 15:03:02.108,2025-12-17 15:03:02.108,10004,R5wtjjS0Fd,com.sec.android.app.shealth,6adcc099-d92b-4ec8-a6ad-356770cab020,
0f6ab10d-59a5-4cbe-b0f3-7c97a8e70900,4d97007f-7c5f-481b-bd77-bf078ef66a9a,2025-12-17 16:09:55.611,2025-12-17 16:09:55.611,10004,R5wtjjS0Fd,com.sec.android.app.shealth,c1cb5dc0-1597-4504-83df-a75771d06bdb,
faa5e306-fbe2-4a2b-b5f6-ed65d5a2046b,c17c3d89-62f1-4568-82ae-0cd117a81b8c,2025-12-17 23:32:57.467,2025-12-17 23:32:57.467,10004,R5wtjjS0Fd,com.sec.android.app.shealth,dad39fc7-d6e5-4067-886c-5163f454b747,
e7642acd-8684-4756-a007-1a92fd5631e6,57b4ff88-39e8-4e1e-a4f6-72d7c50414b7,2025-12-17 18:05:52.723,2025-12-17 18:05:52.723,10004,R5wtjjS0Fd,com.sec.android.app.shealth,1f182946-0445-4f1a-b3b2-58d7fb0e5813,
7639aa72-2220-4dc9-8252-e39181779837,858158e3-7624-4ef5-9fc6-f2c30c96c0d4,2025-12-17 10:50:17.740,2025-12-17 10:50:17.740,10004,R5wtjjS0Fd,com.sec.android.app.shealth,7ffdb2c7-8d81-4ead-bfb8-494a3273c51a,
d68c5ed1-91ba-4e32-945a-8aa3aaefc340,49dafff6-66af-49c6-9faf-3494c1914769,2025-12-17 11:07:55.815,2025-12-17 11:07:55.815,10004,R5wtjjS0Fd,com.sec.android.app.shealth,09982abd-dfe3-4794-8f13-d4a6dfa0b545,
9da339c4-6449-4025-ae13-d313ac0c7456,b3fcbb49-0002-4235-bb77-aa64bf7ecde2,2025-12-17 21:14:40.834,2025-12-17 21:14:40.834,10004,R5wtjjS0Fd,com.sec.android.app.shealth,19778f6c-a94f-467f-bb50-b9e1bcffa549,
7ab907f0-192b-4fbd-89ad-6712945ea437,d7e3c7bc-599b-46cd-aa94-2bddaffe5655,2025-12-17 19:59:06.765,2025-12-17 19:59:06.765,10004,R5wtjjS0Fd,com.sec.android.app.shealth,9e9b622e-3eb0-401e-8390-14f2f5fb212a,
f88d7577-265a-4b06-84c6-0278474bd050,f762efd7-2748-4224-93bb-92b025456082,2025-12-17 13:09:18.158,2025-12-17 13:09:18.158,10004,R5wtjjS0Fd,com.sec.android.app.shealth,00f9e5d2-0112-447e-bd9d-34bc6f5aedeb,
cc225511-dbca-4098-baa2-8483980f4e4d,9552c570-a5ee-413f-bf08-5c3d742cef89,2025-12-18 07:05:02.024,2025-12-18 07:05:02.024,10002,R5wtjjS0Fd,com.sec.android.app.shealth,37c63a63-acf7-4173-ac5f-e4a9a307c2b8,
23730785-4784-4d28-b84b-18acef0b897f,9f7e96ff-4bbe-42b6-b91c-5f0dfedc4f70,2025-12-17 18:05:52.729,2025-12-17 18:05:52.729,10004,R5wtjjS0Fd,com.sec.android.app.shealth,3098adfd-6311-4495-8ddd-ec95b19d3936,
b3d06c30-0068-4b04-b585-3c8a650da30a,04c805ae-9496-488c-b17f-865b1dbd82c9,2025-12-17 20:08:26.548,2025-12-17 20:08:26.548,10004,R5wtjjS0Fd,com.sec.android.app.shealth,ddd951e9-0e6f-476d-80b9-ab7ff1681b75,
6dbca90e-6e30-404b-b25d-498a45cf2515,7b20b328-bcdf-43a2-be40-6cdff64cf39c,2025-12-18 07:05:02.311,2025-12-18 07:05:02.311,10004,R5wtjjS0Fd,com.sec.android.app.shealth,4cb2b4a8-50d2-467b-bd54-bdf51c05246e,
015c8698-33dc-49b2-a7cd-af7c26ad9f58,cfb7f788-cb2b-4fc9-b77c-dc9ecd4cb1a0,2025-12-18 00:11:49.669,2025-12-18 00:11:49.669,10004,R5wtjjS0Fd,com.sec.android.app.shealth,0f09e98b-bcd6-4fe2-9525-d923c1bf5524,
0cfdd50e-9674-47c4-acaf-a86ae25d3ed9,c0629009-b786-4515-877b-31db07ead05d,2025-12-18 07:05:02.330,2025-12-18 07:05:02.330,10004,R5wtjjS0Fd,com.sec.android.app.shealth,4f549c14-91d7-457e-ac7e-d64429c52c75,
e0e51430-5095-4d33-aeaf-d191064be622,29445c55-e430-4167-9511-bb12774d4ea3,2025-12-18 07:05:02.323,2025-12-18 07:05:02.323,10004,R5wtjjS0Fd,com.sec.android.app.shealth,16065497-8216-4d7e-9908-5a074620c3ef,
058c6e71-2963-4b1d-8e20-293ae966611c,53b5bb2e-6614-4f77-ba6b-ae9dd44409c4,2025-12-18 07:05:02.280,2025-12-18 07:05:02.280,10004,R5wtjjS0Fd,com.sec.android.app.shealth,ce6bfbf7-cc68-42c4-b10f-420827056e66,
626dc65e-a720-417f-9423-5a0daba6fc19,9310248a-6e96-46d7-891a-ba9e73b76010,2025-12-18 07:05:02.294,2025-12-18 07:05:02.294,10004,R5wtjjS0Fd,com.sec.android.app.shealth,23f7985d-49ea-482c-9191-54f96367c0b6,
92fa4135-bdf7-4224-a34d-3f600a5e94a1,a7a67058-2367-4400-b96c-daf19dc5d561,2025-12-18 07:05:01.132,2025-12-18 07:05:01.132,10007,R5wtjjS0Fd,com.sec.android.app.shealth,378f437c-21fa-4d7e-92c0-c6b381ae2b3b,
0140a57b-2dc8-473f-af89-40eb478c5888,ba20fa14-f1e9-4b91-bdae-58806a1e83b7,2025-12-18 07:05:02.320,2025-12-18 07:05:02.320,10004,R5wtjjS0Fd,com.sec.android.app.shealth,24c0b7e0-04c9-49a4-b873-40cdf7c4fd4b,
5f56a530-531e-4c1c-8e61-2c1a833daf04,3e2f6335-4d11-4d11-bb15-56224b85c922,2025-12-18 10:49:29.344,2025-12-18 10:49:29.344,10004,R5wtjjS0Fd,com.sec.android.app.shealth,1fb41097-735f-485b-b59c-fe24a9a458e6,
84b40313-1dd1-4759-971c-50659e29238e,19838c77-7e8e-4fd9-8477-b6f8945fda67,2025-12-18 10:49:29.361,2025-12-18 10:49:29.361,10004,R5wtjjS0Fd,com.sec.android.app.shealth,04f1d7a0-e4ab-4ddf-80e7-d3d619d29ed2,
149c4f9e-cf62-4f10-a2a5-9310637947e0,794f61c7-7bdc-4165-976a-eeb508eb623e,2025-12-18 10:49:29.368,2025-12-18 10:49:29.368,10004,R5wtjjS0Fd,com.sec.android.app.shealth,ad856d5a-4b9d-45b1-bd5d-f924bc1d3330,
5c4aad0d-e97c-4968-adb7-cfb735337ab6,0a23306e-2aaa-4d61-9640-8ce9e471e982,2025-12-18 10:49:29.494,2025-12-18 10:49:29.494,10007,R5wtjjS0Fd,com.sec.android.app.shealth,f462b9a7-1339-4e3a-a532-97d9afb15ef1,
01eff340-4f2f-4133-b7a3-2caed30cab82,485559db-0c4a-4719-81a5-d3238701d133,2025-12-18 10:49:32.032,2025-12-18 10:49:32.032,10002,R5wtjjS0Fd,com.sec.android.app.shealth,ac1e10cb-f8cc-4735-a54e-4c1e2141669a,
34eb7311-aea4-4995-a087-911bf461d62f,2fc2242a-b6b0-4a65-b91b-e60532107d98,2025-12-18 11:40:40.334,2025-12-18 11:40:40.334,10004,R5wtjjS0Fd,com.sec.android.app.shealth,28d21324-fd82-4841-b2c0-d8d885837dfd,
1537c29f-5777-445d-bae2-094717409a3e,5c07a3ef-21c7-4e80-b523-b6304f1966b4,2025-12-18 10:49:28.696,2025-12-18 10:49:28.696,10000,R5wtjjS0Fd,com.sec.android.app.shealth,a37e558e-3b72-47ae-8985-1a0a4d81b035,
000426ab-30f4-4925-829f-182d7b480252,5ccd7992-468f-49af-a69d-fe40eafbb44c,2025-12-18 10:49:29.326,2025-12-18 10:49:29.326,10004,R5wtjjS0Fd,com.sec.android.app.shealth,96b1b9cb-fd9a-42ce-b6ab-c9941e878e7b,
322d16d0-ca08-42b0-b1c7-36e4246c6efb,a5b4e913-1826-4b3f-91e0-9c68de1e187c,2025-12-18 12:07:26.728,2025-12-18 12:07:26.728,10004,R5wtjjS0Fd,com.sec.android.app.shealth,612d83ed-c09d-402e-b968-da3bc7cc2af8,
8bd3db9a-679e-42ed-8396-0881fcb5297a,98b8c03f-d6a0-4423-9fcf-7c723faaed1e,2025-12-18 13:11:26.083,2025-12-18 13:11:26.083,10004,R5wtjjS0Fd,com.sec.android.app.shealth,0a80e4e3-fe39-4b83-810d-c6166f17e766,
db233980-0095-4e05-b2c5-f9efac5e0f38,7b860c0f-d8b2-4aed-a809-4e87cf07aa3c,2025-12-18 20:27:25.606,2025-12-18 20:27:25.606,10004,R5wtjjS0Fd,com.sec.android.app.shealth,087285a8-c4e6-4e92-a2a5-d4f72d62b62b,
8f5c0a8d-c24a-48fb-9c71-a96544eb9eb6,7b5dc323-7dfd-4abe-b126-735b80ba7a4e,2025-12-18 20:27:25.613,2025-12-18 20:27:25.613,10004,R5wtjjS0Fd,com.sec.android.app.shealth,5175c690-e3e1-4cd0-bf40-8ac4e4bc19ef,
c7b24c33-63b2-465a-a47c-08c1f1ebabbc,f083ae80-31ca-49f6-9acd-d52115fe030d,2025-12-18 21:18:19.014,2025-12-18 21:18:19.014,10004,R5wtjjS0Fd,com.sec.android.app.shealth,82bb0e34-898f-438b-bbfd-8bc4028b74b7,
a7b7480b-7e51-4c44-8116-98f64f9acf71,f4250f94-a161-403e-9a98-71712a92b09a,2025-12-18 15:37:30.971,2025-12-18 15:37:30.971,10004,R5wtjjS0Fd,com.sec.android.app.shealth,03e6c70c-0d54-4c75-9aa1-15227416671d,
4cd950cb-afef-4bf5-a1fa-71664dbdcb0b,81094534-d5fc-44ce-a572-e9377f3ff55e,2025-12-18 15:37:30.980,2025-12-18 15:37:30.980,10004,R5wtjjS0Fd,com.sec.android.app.shealth,d9fd7a11-e52b-4d9a-a03e-1e242e9f753c,
abf7c802-7b79-425f-a3c6-d97d91b7a917,d46daec3-6a30-4891-8d30-80fba107671b,2025-12-18 17:01:15.389,2025-12-18 17:01:15.389,10004,R5wtjjS0Fd,com.sec.android.app.shealth,e34b0848-8719-42fa-917a-37d01a5de5ea,
74d8ad8f-2c48-46c3-b881-d2644ea6f890,abd3b0c6-a9dd-4266-b548-067945bb7353,2025-12-19 03:19:01.711,2025-12-19 03:19:01.711,10004,R5wtjjS0Fd,com.sec.android.app.shealth,9bed505b-af96-4414-a740-b91f4d6d2030,
ac3fd237-1cdb-4bb4-8315-c60b81577eb0,7a8a85cc-8c07-4c78-b33e-29b74be28fd3,2025-12-18 17:47:04.691,2025-12-18 17:47:04.691,10004,R5wtjjS0Fd,com.sec.android.app.shealth,778e93b0-481e-4550-9a71-3bd906262e56,
b9bfc682-fab9-46cd-9bc8-84db5c44d1c3,cc266fb6-ffe5-4180-a1ad-09dab4facf89,2025-12-18 18:23:12.198,2025-12-18 18:23:12.198,10004,R5wtjjS0Fd,com.sec.android.app.shealth,4cc35811-3ed7-4e29-83f0-66450f6cc0d9,
08a569e8-d700-4697-aa63-50c48efaa894,94405eac-585a-4a38-b6f1-005b1d98af04,2025-12-18 22:15:16.483,2025-12-18 22:15:16.483,10004,R5wtjjS0Fd,com.sec.android.app.shealth,db69bda9-4a09-477d-a577-7e1623cedad0,
d0380996-ea33-4705-9699-4c8cc0cce9a4,a4465feb-b819-4e51-b736-3348fb9b9bc0,2025-12-18 23:52:28.744,2025-12-18 23:52:28.744,10004,R5wtjjS0Fd,com.sec.android.app.shealth,2b0fa5d5-7374-4579-b490-df31b4a4fcab,
f6c695e6-7c71-4be0-98ea-dae239ab0b0b,514ff743-2e47-4528-8074-c39a77e4a1cc,2025-12-19 10:09:04.270,2025-12-19 10:09:04.270,10004,R5wtjjS0Fd,com.sec.android.app.shealth,176e1e7c-5ae9-4478-b455-18f70bb9f1ca,
7ef534a2-b13f-4be4-a5a2-ec7c0644f314,67dbba77-4251-4222-a16e-927cd91cd56a,2025-12-19 10:09:04.287,2025-12-19 10:09:04.287,10004,R5wtjjS0Fd,com.sec.android.app.shealth,24b1c896-8de7-4243-9203-41b042b5d315,
2e5330de-bc6a-4b06-b40d-b4a6668ed263,d27b1116-226f-422c-a3bb-e5b35d400a2d,2025-12-19 10:09:04.098,2025-12-19 10:09:04.098,10000,R5wtjjS0Fd,com.sec.android.app.shealth,8c2b00de-012f-4ee2-ab00-51f3c1ca868d,
5d3351bd-dad5-44d5-a3b1-c268ef661691,3e893f1e-a0c5-4c42-8b14-1be71747e465,2025-12-19 10:09:04.296,2025-12-19 10:09:04.296,10004,R5wtjjS0Fd,com.sec.android.app.shealth,2c923314-2e9d-4683-86c9-171fc731da25,
5635eca4-4965-4da6-b8b8-6fa7e1c669c2,e828ed1b-be55-46a7-a4b4-3ca3445e9235,2025-12-19 10:16:33.610,2025-12-19 10:16:33.610,10002,R5wtjjS0Fd,com.sec.android.app.shealth,e82b5934-624c-4a47-b7c1-ae0652452fab,
86cef142-4fe6-4896-936a-92c324d5a6b6,19bfe3c2-fdcb-473c-b49f-6e7b9b2a6382,2025-12-19 10:09:04.258,2025-12-19 10:09:04.258,10004,R5wtjjS0Fd,com.sec.android.app.shealth,1410fb0e-d498-4e50-b96b-fa71039e2fc5,
fd09c7bc-3598-463e-9ec7-ecc0a48a953c,3ca29517-b09a-45a4-9ddd-e3426a2414b3,2025-12-19 10:09:04.264,2025-12-19 10:09:04.264,10004,R5wtjjS0Fd,com.sec.android.app.shealth,cf283495-ec9c-432e-b0f3-250a9767e797,
55a3bd77-0cf8-43b4-8b42-24cea5c3d222,f1cb491b-71a1-457e-92d1-715363516c0e,2025-12-19 10:16:37.651,2025-12-19 10:16:37.651,10007,R5wtjjS0Fd,com.sec.android.app.shealth,3a3d1d10-454b-482e-9dad-8f157847e96d,
96f77647-a597-46d0-8468-da36040d2070,84dfd14c-1d55-4d60-a799-677d90fe7ce7,2025-12-19 10:09:04.274,2025-12-19 10:09:04.274,10004,R5wtjjS0Fd,com.sec.android.app.shealth,92cccb5b-4f94-4a25-9135-ca0de5af1286,
cfb7ae73-abdb-4dfa-8f97-5b648fafb009,5da0ee5b-9d6d-4a95-9c9d-5a5447a9f829,2025-12-19 11:30:45.781,2025-12-19 11:30:45.781,10004,R5wtjjS0Fd,com.sec.android.app.shealth,2b7d3b21-9b38-4e4d-a149-cb8a2ab21223,
24d5ffb9-9393-4b67-b056-ac22369839d8,5fdd735a-7edd-4ab4-bd83-445762bd0fc8,2025-12-19 10:09:04.282,2025-12-19 10:09:04.282,10004,R5wtjjS0Fd,com.sec.android.app.shealth,1bdfea4a-ee3b-4ed7-a6b1-ecacbe8a9635,
6a61472a-4bd4-45d2-b1a9-1c8efdc7ce79,8f1acff9-9fd8-48cb-b621-6d3767ee10c7,2025-12-19 10:09:04.292,2025-12-19 10:09:04.292,10004,R5wtjjS0Fd,com.sec.android.app.shealth,fd552e06-7461-4107-b817-a881463b02cc,
b857cbd8-04c2-4d24-b3ed-d8e2f245bf84,1782ae09-f1b5-4ab9-abfc-bc920dd8e07d,2025-12-19 10:09:04.301,2025-12-19 10:09:04.301,10004,R5wtjjS0Fd,com.sec.android.app.shealth,111f4eb0-7440-4e71-931d-bbdaacff664e,
37d949f1-8c4f-44f5-b07f-c74fc14a5e06,90c07394-8186-457f-b56f-e988688c8f6c,2025-12-19 12:14:34.273,2025-12-19 12:14:34.273,10004,R5wtjjS0Fd,com.sec.android.app.shealth,41ba6f69-0696-4a40-a394-9622efd08a11,
109f1755-6766-4469-9277-7d24725128f1,5753c690-6631-41c2-b304-453609aed1c4,2025-12-19 12:14:34.306,2025-12-19 12:14:34.306,10004,R5wtjjS0Fd,com.sec.android.app.shealth,4655dceb-f699-4c04-98aa-bf6fb1fc98d9,
8fc9d0b5-0d97-4ecf-a54a-76dade92509e,a3319704-3952-47bf-8891-11882cd7d068,2025-12-19 13:41:04.443,2025-12-19 13:41:04.443,10001,R5wtjjS0Fd,com.sec.android.app.shealth,f9af265b-70d6-4478-b15b-b5d081388c37,
a02e15c5-5119-4fbe-801d-6b0dbfdf84a0,b0830a50-a1ce-4bf3-a9c0-805ff441e0cc,2025-12-19 13:41:05.214,2025-12-19 13:41:05.214,10004,R5wtjjS0Fd,com.sec.android.app.shealth,68520157-ca79-4f40-aa3f-54d9bdf6828c,
323a5031-100f-43b6-9888-9b0e95087e47,859e6e72-7d81-4b38-829b-ee77a9e6593a,2025-12-19 19:53:48.684,2025-12-19 19:53:48.684,10004,R5wtjjS0Fd,com.sec.android.app.shealth,8ca869b0-6b7e-44be-a291-6ea559492878,
fbefc927-712c-45e9-a4f3-7a47dbcab70b,b4d8150e-50bc-4e44-bf4d-e44f24e7b7b8,2025-12-19 14:17:09.729,2025-12-19 14:17:09.729,10004,R5wtjjS0Fd,com.sec.android.app.shealth,1746558c-7c5c-4f5a-8926-dfc356a8a105,
8f20f47d-db45-4534-ba72-e33737e7a213,ee0924d4-ac68-40b1-8458-0a8efe814745,2025-12-19 15:06:43.813,2025-12-19 15:06:43.813,10004,R5wtjjS0Fd,com.sec.android.app.shealth,661b67e8-93fb-4e04-8178-26a1c1fbc82e,
550a39bc-558e-4eeb-ac3a-b7530339d4ca,a1d0a495-d737-42f5-9789-e4b03b05bb22,2025-12-19 21:15:40.700,2025-12-19 21:15:40.700,10004,R5wtjjS0Fd,com.sec.android.app.shealth,35799b4a-73f1-4e76-be4d-e50df2a96d2f,
7d7382ce-89d8-4e8c-9194-748c7b2203e1,f0232cf5-5f0d-42bc-8620-da31cb30f669,2025-12-20 09:35:27.832,2025-12-20 09:35:27.832,10000,R5wtjjS0Fd,com.sec.android.app.shealth,5de1deb4-0e62-4126-b005-c4110547ec70,
2b2d8a82-13a2-4fbc-a987-3182bc2868ec,5e4eb061-1d2b-4ac9-a668-221dcffb66a6,2025-12-19 23:32:46.240,2025-12-19 23:32:46.240,10004,R5wtjjS0Fd,com.sec.android.app.shealth,c16cd8bb-c52f-44e9-9adb-297bcfe573b5,
3e029ef1-d709-4043-a044-fc5bf09e7bb1,52795f1a-7120-4c09-a775-35beb9f03c4c,2025-12-19 16:23:24.155,2025-12-19 16:23:24.155,10004,R5wtjjS0Fd,com.sec.android.app.shealth,8ea513d7-133e-4955-a253-397f1be6d8a0,
18d9d149-b268-4c65-a846-906a4763b08c,d7cb9197-ac7d-47a7-9d00-3e84e5c8f018,2025-12-19 17:27:14.946,2025-12-19 17:27:14.946,10004,R5wtjjS0Fd,com.sec.android.app.shealth,5cdb0216-f800-4d17-b71a-1581b3fcb152,
845e69f2-98ca-44b0-bfd6-d947f05bd289,20e30123-dd6a-44d8-98be-04307f8deebd,2025-12-20 09:35:32.791,2025-12-20 09:35:32.791,10004,R5wtjjS0Fd,com.sec.android.app.shealth,f8332f23-f20e-411e-a7ed-f7ad8d287932,
986003ea-53f4-4650-9ea1-8a7c091e93ca,c20a7ab6-e3c0-4752-8127-ac7a4bbe89e4,2025-12-20 09:35:32.733,2025-12-20 09:35:32.733,10004,R5wtjjS0Fd,com.sec.android.app.shealth,f7c08fb0-7f5c-4096-97bd-26e57380b41a,
8bd491df-91b1-425f-8f6c-0b2c91c7b208,354693cf-e37d-4a5e-87cb-43a28d27f438,2025-12-20 09:35:32.690,2025-12-20 09:35:32.690,10004,R5wtjjS0Fd,com.sec.android.app.shealth,c3bccebe-5056-48e0-b9a3-44a1016a0197,
81a95bf3-b8a7-4529-8031-200711a72717,c4788b6d-c775-469c-b393-2a5f5da4062e,2025-12-19 22:10:38.438,2025-12-19 22:10:38.438,10004,R5wtjjS0Fd,com.sec.android.app.shealth,7e37c226-1d77-41ba-b5fe-5cd33b844e1b,
12b55bee-f9d4-4b93-895d-87dc3a81947c,64fcdf2c-a84b-457d-8b46-633cbca37d9b,2025-12-20 09:35:27.474,2025-12-20 09:35:27.474,10007,R5wtjjS0Fd,com.sec.android.app.shealth,6ac6298e-5fea-45b6-951c-d5445cf187a8,
339306a5-610b-456b-8959-6efa669741a6,0153cfdb-fbb4-4810-9378-cbd4308d9b9e,2025-12-20 09:35:32.711,2025-12-20 09:35:32.711,10004,R5wtjjS0Fd,com.sec.android.app.shealth,cbad13f5-fbac-484c-871e-3b00195fe6fa,
0d60f7b2-674f-4fb0-9f47-1b637e4bba82,38910dec-1fe5-46e7-8931-855bd85ead2b,2025-12-19 23:58:11.750,2025-12-19 23:58:11.750,10001,R5wtjjS0Fd,com.sec.android.app.shealth,7c65cfa4-f548-43d9-a40d-e66a2b1bc6b9,
b55a2263-cd53-451c-979a-9408bf3a711f,a52896d0-f665-4c8f-9422-156482ae0f91,2025-12-20 09:35:32.779,2025-12-20 09:35:32.779,10004,R5wtjjS0Fd,com.sec.android.app.shealth,7a7e4a59-1e89-46f1-8166-c9ec6848f3df,
9b7c63f9-6b3e-477e-973d-635821709962,73cb3459-afc3-42ce-a25d-4ae7000af197,2025-12-20 09:35:31.198,2025-12-20 09:35:31.198,10002,R5wtjjS0Fd,com.sec.android.app.shealth,38ea0197-3679-4f9c-8701-7de966d5ebe1,
b98e3b9b-7128-4c48-a819-21e0e79f422e,72087852-be91-4d69-9db5-2c7fce9052d9,2025-12-19 19:53:48.690,2025-12-19 19:53:48.690,10004,R5wtjjS0Fd,com.sec.android.app.shealth,9aaf77e0-d071-4457-a744-13dd9b9f1dfb,
a100b1e2-39ac-4dfb-9072-9f491d89d3b1,1026bfe3-5aa0-4ef7-8cef-7281d41f2e74,2025-12-19 21:15:40.688,2025-12-19 21:15:40.688,10004,R5wtjjS0Fd,com.sec.android.app.shealth,4500c281-434f-4ff4-af72-8595075b0633,
48cbfbcc-7076-411c-8e33-c50242ad887f,cd62e900-744e-423f-8e9d-cd015652ef6d,2025-12-20 09:35:32.664,2025-12-20 09:35:32.664,10004,R5wtjjS0Fd,com.sec.android.app.shealth,774d5e35-7b80-4e97-8d23-68f6f75b05f3,
4514ca57-1a06-4ca9-81bb-b29edff56490,5ee77dde-d562-4277-ae58-f227ea38a02e,2025-12-20 09:35:32.802,2025-12-20 09:35:32.802,10004,R5wtjjS0Fd,com.sec.android.app.shealth,9194a963-d76d-4c5a-86ca-e32fbcd76efb,
ca176c5a-fce7-4201-af8d-c74bc36c3400,4f77f313-6ab3-41e7-b27c-0ddb12153224,2025-12-20 09:35:32.816,2025-12-20 09:35:32.816,10004,R5wtjjS0Fd,com.sec.android.app.shealth,8d5c31c3-f71a-4642-910d-4dd0754d698e,
fe0e1989-c186-42d8-af31-63ee09217e48,016d763a-ba1b-49ef-bb1d-c4eee0b2c53c,2025-12-20 10:38:00.890,2025-12-20 10:38:00.890,10004,R5wtjjS0Fd,com.sec.android.app.shealth,849efd0a-7786-4fb6-947e-6460045a15d8,
a1bab75f-2d34-42f1-873a-ac7b7c95d875,0c36661d-abd4-4edb-b003-cd3a39bcde2e,2025-12-20 10:45:46.351,2025-12-20 10:45:46.351,10007,R5wtjjS0Fd,com.sec.android.app.shealth,5dbeb8b4-6a69-4289-b2ab-f04448d81ecb,
369d6062-ab90-4e3c-a3f3-54746e4c410c,e939f98d-d5c1-4d25-8b92-502d113856b2,2025-12-20 10:45:51.836,2025-12-20 10:45:51.836,10002,R5wtjjS0Fd,com.sec.android.app.shealth,5a7ac813-23c0-4ad6-96c5-168085558a5a,
bc9fca82-ff69-46c6-b122-2bec27adb84e,0557735f-1a6b-4c56-8f74-f1b726f660cf,2025-12-20 11:53:18.482,2025-12-20 11:53:18.482,10004,R5wtjjS0Fd,com.sec.android.app.shealth,4b79665e-3001-4497-993d-f5610e7eee1d,
e10b2b37-5bda-4a18-baed-6f9c446a7c8b,5876fe11-5fee-4208-9953-d760fea1079e,2025-12-20 12:12:50.704,2025-12-20 12:12:50.704,10004,R5wtjjS0Fd,com.sec.android.app.shealth,43ec7156-6618-4166-a57c-8157db804265,
6da1da7f-f3f2-460c-a4f9-ccd2ac6e77aa,64b183b7-0478-4c0d-80c4-34402d17facd,2025-12-20 15:41:22.116,2025-12-20 15:41:22.116,10004,R5wtjjS0Fd,com.sec.android.app.shealth,d3208f67-fe47-4eac-8684-4335d82e999b,
ce1c8e9f-59bd-4ab3-9778-7aad32e6d95c,c0dcbdae-9ab0-40c0-92f1-1b88ec2dadad,2025-12-20 16:10:12.542,2025-12-20 16:10:12.542,10004,R5wtjjS0Fd,com.sec.android.app.shealth,3c77425b-9c6a-42f3-b4b4-d8ee7784e151,
92e79b24-deea-45a8-8ac3-434b72b2a08c,be87eb9a-0691-417d-890d-78c694b7a3eb,2025-12-20 14:43:41.044,2025-12-20 14:43:41.044,10001,R5wtjjS0Fd,com.sec.android.app.shealth,87f645c0-74af-4fa5-9234-4c25ac8286d8,
c5631890-cde7-450e-9155-7e46b0eba30e,ad91ce1e-7944-43f6-9c91-770bf7addd9b,2025-12-20 17:09:02.910,2025-12-20 17:09:02.910,10004,R5wtjjS0Fd,com.sec.android.app.shealth,011957f1-9d3d-4d8e-999f-036f9859203a,
0937e14f-bc7d-4be6-a01c-ddbddba939f5,b8341042-0632-41b8-abeb-c3294dc57f7c,2025-12-20 18:10:47.599,2025-12-20 18:10:47.599,10004,R5wtjjS0Fd,com.sec.android.app.shealth,266136c0-9717-49ec-9b5d-83d1be1aa5f2,
dc568f54-07be-4a15-af97-fa4786772816,a05a605b-ebfd-4d1f-8b6f-188d114885a5,2025-12-20 14:43:39.947,2025-12-20 14:43:39.947,10004,R5wtjjS0Fd,com.sec.android.app.shealth,03bfd0cd-8e8f-438b-a99a-045dbfdab82c,
9075aaea-6be1-4df3-9aff-efe1e40d2240,ba062db8-aaed-41dd-9ac7-8f97ae3151b6,2025-12-20 21:50:23.444,2025-12-20 21:50:23.444,10004,R5wtjjS0Fd,com.sec.android.app.shealth,b840cbad-e268-42f3-8d41-51381f9eb891,
1ab10b93-5d0e-4b9d-bbba-d9593bc667d7,e45b9e0b-c656-4b9d-b9ac-cf94db3f578c,2025-12-20 13:05:21.453,2025-12-20 13:05:21.453,10004,R5wtjjS0Fd,com.sec.android.app.shealth,77669ef3-9786-40a9-ad64-d6cded094e0c,
54cb1c69-ed50-44b4-9b62-fc1a11396a48,0f1eba0d-9cb4-4644-9c77-87e6c9d40aeb,2025-12-20 21:50:23.466,2025-12-20 21:50:23.466,10004,R5wtjjS0Fd,com.sec.android.app.shealth,df3fdf39-c171-4582-8d6c-10880a9a2044,
fcc731c2-674c-4cfb-acb1-136154b78d65,3f014b4e-154b-4e23-b7df-2913428717bc,2025-12-20 14:43:39.975,2025-12-20 14:43:39.975,10004,R5wtjjS0Fd,com.sec.android.app.shealth,564a91ed-d455-406a-b8d0-7b70a4a9f8df,
af464400-554d-40f5-bda3-0323ee249bfe,bdb97a04-9858-4fee-9c81-27b9e2f39376,2025-12-20 23:30:30.323,2025-12-20 23:30:30.323,10004,R5wtjjS0Fd,com.sec.android.app.shealth,780eb1b9-2af8-4e78-8429-4c0bab591b54,
c9b8fca6-2b82-4536-9218-0207d5b80005,ba22b078-9d63-46d6-9e9c-1db59df3b2c7,2025-12-21 00:14:16.610,2025-12-21 00:14:16.610,10004,R5wtjjS0Fd,com.sec.android.app.shealth,7d6dd082-43bc-4dfa-9a12-65767f9b4ae6,
94cc3ed5-27c8-4a14-bb97-d0597b18f59d,6aba54b2-8282-4ec8-8542-b246ecc5cd8f,2025-12-20 23:30:30.331,2025-12-20 23:30:30.331,10004,R5wtjjS0Fd,com.sec.android.app.shealth,375515d0-ff6d-4f6a-bcf3-14a5c0b56a95,
b4fe5807-a3eb-4347-bcde-d41eb002a84f,89cf0824-aad4-4e02-9d58-b3ed0ae61e06,2025-12-20 21:50:23.456,2025-12-20 21:50:23.456,10004,R5wtjjS0Fd,com.sec.android.app.shealth,e243ed17-46be-4a30-9cb1-e6b6ba48722d,
6356c6ad-c902-4b05-bc17-8301ef73f9e8,6f1b0363-d373-49fc-b193-d16b1502b973,2025-12-21 12:12:02.372,2025-12-21 12:12:02.372,10007,R5wtjjS0Fd,com.sec.android.app.shealth,e4a43b89-6d77-4678-a0eb-3fd0fb7516c0,
ce4514b0-dcb9-437f-bb2b-e18a400a0c80,e86cd367-aba3-441e-bc63-55b3a5046552,2025-12-21 12:12:02.675,2025-12-21 12:12:02.675,10000,R5wtjjS0Fd,com.sec.android.app.shealth,4402dfcc-5eef-4905-acfd-8a470116f5a2,
393c04ad-759b-4cce-8422-1c4dac8f2fe1,173a5c72-1b55-4856-837a-f221060ce3eb,2025-12-21 12:12:05.355,2025-12-21 12:12:05.355,10002,R5wtjjS0Fd,com.sec.android.app.shealth,956b30b9-0cdc-4ba7-b825-1060be5b98f7,
5b117e51-8d99-43dc-84ab-1648c3b289b4,b794c6d0-fa92-4d78-971a-d0f8dfcbf68b,2025-12-21 12:12:05.753,2025-12-21 12:12:05.753,10004,R5wtjjS0Fd,com.sec.android.app.shealth,b3fda6a3-3aba-4587-bdd6-eadac7e656b9,
7408ca0e-d9c6-4bc5-b7a6-91718afc85cc,475afabe-a295-468e-96c3-b35bec02a194,2025-12-21 12:12:05.692,2025-12-21 12:12:05.692,10004,R5wtjjS0Fd,com.sec.android.app.shealth,fc44f300-da36-498e-ae09-4c23ee93739a,
5fd3f23d-a605-4189-97e1-dba2c0078776,dfe56604-6503-4535-9f95-9c4a775bdd12,2025-12-21 12:20:48.819,2025-12-21 12:20:48.819,10004,R5wtjjS0Fd,com.sec.android.app.shealth,5c3503de-034f-4e35-8317-469075e2ed1d,
196f3057-8e3e-4c13-a864-3da14fe095a7,52f778ad-368d-48b4-a1ae-f194f8b1a400,2025-12-21 12:12:05.709,2025-12-21 12:12:05.709,10004,R5wtjjS0Fd,com.sec.android.app.shealth,06895756-100a-4030-b85f-1b6e90d86f19,
0696e604-4e1e-49e5-b29d-aa44d659ca49,373fa296-7113-45f6-a6f3-9e2406105e88,2025-12-21 12:12:05.762,2025-12-21 12:12:05.762,10004,R5wtjjS0Fd,com.sec.android.app.shealth,867522f1-9fef-47f4-b027-e016fd514ae7,
92d66ecf-8ef4-4bc3-8f9f-49e27084c9cc,70535846-e8fd-4dca-805e-dace4ae17d68,2025-12-21 12:20:48.832,2025-12-21 12:20:48.832,10004,R5wtjjS0Fd,com.sec.android.app.shealth,c7cec8b4-1a7b-4640-a4e6-578103acc604,
044fd7b2-4534-4ebd-b39b-a88a111e8157,86c757e7-3873-4dde-964c-5a7015a19f7f,2025-12-21 12:12:05.714,2025-12-21 12:12:05.714,10004,R5wtjjS0Fd,com.sec.android.app.shealth,2efb7dad-b743-4488-89be-c35932f7d778,
b76f7bcd-3d8a-4ed1-9787-f1f65d895a94,9a949b16-b6eb-4069-b974-53497ce27452,2025-12-21 12:12:05.719,2025-12-21 12:12:05.719,10004,R5wtjjS0Fd,com.sec.android.app.shealth,65e80677-1fb4-4a41-9c1f-56f44d2f63b3,
48e753ee-8ee9-4777-bde4-114cdbcb60ab,15c08e4f-801f-4f34-9e69-11ed6bd085fc,2025-12-21 12:12:05.773,2025-12-21 12:12:05.773,10004,R5wtjjS0Fd,com.sec.android.app.shealth,dfe4dc01-4131-43b6-85af-5befbf62c4f1,
6a3dc56c-218a-47c8-a95f-2f719fe06fe4,37e6d0fb-2956-40d3-87e9-65fe90ce1234,2025-12-21 16:16:24.298,2025-12-21 16:16:24.298,10004,R5wtjjS0Fd,com.sec.android.app.shealth,49a62874-72f1-4fdb-9478-3012bc8e08e4,
3d98f1f7-314e-4d5e-a549-ffb0850dce8e,89a8a767-e785-47b8-8123-decb1ea2cf5f,2025-12-21 12:12:05.736,2025-12-21 12:12:05.736,10004,R5wtjjS0Fd,com.sec.android.app.shealth,0c71b15b-e2d5-4590-8c03-689a42dfa902,
17650410-8bea-4d07-afb6-43d2dd48a803,fa7a6627-d37f-42e5-84b3-ca8620f3bd35,2025-12-21 12:20:48.808,2025-12-21 12:20:48.808,10004,R5wtjjS0Fd,com.sec.android.app.shealth,73e81a97-ee56-4d1b-9f35-5c40cf825238,
328b6ba8-b890-43bc-a6a0-fe30b07f687f,fef8411c-4794-4ae5-aa52-c5e81bcb5c64,2025-12-21 12:31:24.157,2025-12-21 12:31:24.157,10007,R5wtjjS0Fd,com.sec.android.app.shealth,194c4391-4fcb-4370-8eb2-e3e810191bf0,
ba8fb90b-4d86-4f7a-bca2-24f1210d1175,3e726bf8-f3a6-49b8-860a-66328792d2db,2025-12-21 12:31:28.578,2025-12-21 12:31:28.578,10002,R5wtjjS0Fd,com.sec.android.app.shealth,e25a748f-a78a-48f2-86db-563a144bfcdf,
b73bc555-9c3f-4975-bdec-76d234bd457d,d2100c45-4b7c-42ef-b489-010ecce776d3,2025-12-21 15:29:00.652,2025-12-21 15:29:00.652,10004,R5wtjjS0Fd,com.sec.android.app.shealth,5282d121-93d6-45fa-b5bb-056b9ae2c003,
b250477f-116e-4f9b-ad3c-4c1470ab5634,cedee623-783f-4434-88d5-8e4bd225513b,2025-12-21 13:39:59.376,2025-12-21 13:39:59.376,10004,R5wtjjS0Fd,com.sec.android.app.shealth,cd05baab-ffba-4fb8-8094-52ec97bda1ba,
13669df7-14cb-426d-bc8a-e286d5a4efc1,ec81b8cc-d535-438d-9f1b-2d069c7327c2,2025-12-21 15:29:00.662,2025-12-21 15:29:00.662,10004,R5wtjjS0Fd,com.sec.android.app.shealth,43422df8-8d67-4bae-8d7e-e45538e3e012,
bfd5bcb9-65a0-43a0-a032-ca05c707c0a7,bf4b5d31-5d3c-4b52-a306-accddc4a3cf1,2025-12-21 20:23:21.926,2025-12-21 20:23:21.926,10004,R5wtjjS0Fd,com.sec.android.app.shealth,4850f000-ffd2-47fd-81cb-7a75b75de3a1,
34948864-bd06-4e23-a856-ca762f292681,fa96c9e1-0d42-4d0e-8543-5c8bde81a20c,2025-12-21 21:05:46.178,2025-12-21 21:05:46.178,10004,R5wtjjS0Fd,com.sec.android.app.shealth,1d3b9925-c8ec-4acb-a871-816ecf30c59c,
92497f96-c166-49b0-8776-19acb05ef653,922b960a-142a-40af-bef0-a1f0e88c6242,2025-12-21 22:55:39.903,2025-12-21 22:55:39.903,10004,R5wtjjS0Fd,com.sec.android.app.shealth,2d948a5c-bfa5-4509-9df9-50a775f649a0,
84afe1ee-d694-4c47-9c44-b295783f5c11,1427a03d-08a7-4e91-8788-b40d13890fe6,2025-12-22 00:22:13.992,2025-12-22 00:22:13.992,10004,R5wtjjS0Fd,com.sec.android.app.shealth,8e93f55d-035c-4ce0-b7bd-0453d04c2334,
57acd62b-9788-484b-b7b3-76ea248ae4ac,dea723e4-71af-4909-a58c-91df64cf13e1,2025-12-21 23:15:28.225,2025-12-21 23:15:28.225,10004,R5wtjjS0Fd,com.sec.android.app.shealth,1a9f64d8-4c93-4865-a0c1-8c5bbe926b13,
d0b4c45e-76c0-49cf-9615-8588e9299e2a,bee974ab-6e6e-4b5e-8db0-9c9acf860edb,2025-12-21 17:38:20.161,2025-12-21 17:38:20.161,10004,R5wtjjS0Fd,com.sec.android.app.shealth,4562d0ac-0552-4c28-8930-70fcc632516b,
673d118d-6b99-4e2b-a153-7a1d141fa6eb,864c7fc3-7587-4570-bba1-12eb5438b9a9,2025-12-21 19:11:46.413,2025-12-21 19:11:46.413,10004,R5wtjjS0Fd,com.sec.android.app.shealth,1000ffa1-6460-419e-8c32-c131bfb8618c,
92c90f2f-22c8-4ca5-83ef-1c2b70fa97ac,cbeb00bc-b7a1-43a0-8f8c-655e5a58f10a,2025-12-21 18:55:29.505,2025-12-21 18:55:29.505,10004,R5wtjjS0Fd,com.sec.android.app.shealth,aab42bdc-71a0-4062-8d19-bf59029fa89f,
2c6608a1-2cab-4bad-baf2-95a4f6aa4d65,b87d310a-2e78-4f1c-a612-39a7f3e2b802,2025-12-22 03:57:38.620,2025-12-22 03:57:38.620,10004,R5wtjjS0Fd,com.sec.android.app.shealth,37560bb0-150c-4d96-88cb-706bb44be905,
c43b0dca-3fda-45e8-96f4-166993c4ce2d,265dd79e-ae6f-4bcb-a1f5-37b2fc3a9f2c,2025-12-22 03:57:38.631,2025-12-22 03:57:38.631,10004,R5wtjjS0Fd,com.sec.android.app.shealth,89b864ce-76ec-4026-86f1-6e0b1da1606a,
bc5bbe0c-5bda-4c83-bb6e-7dfdedffd8eb,fb6090df-394f-4e3f-bb2a-23840f9cc57e,2025-12-22 04:43:15.007,2025-12-22 04:43:15.007,10004,R5wtjjS0Fd,com.sec.android.app.shealth,fd381695-92b5-4adc-94c6-297d56ceb983,
2086afa5-1ae8-4d90-9164-af4a1a60629a,25a17414-4190-488c-9ce8-ebd187a5e736,2025-12-22 05:15:52.303,2025-12-22 05:15:52.303,10004,R5wtjjS0Fd,com.sec.android.app.shealth,b97d7871-6aa5-4ba5-b237-937b73448198,
9d1865af-9edb-4ee3-88d9-498344f92b26,9f4450e9-0997-48cd-9bfc-3ea48bc3f1af,2025-12-22 05:15:52.340,2025-12-22 05:15:52.340,10000,R5wtjjS0Fd,com.sec.android.app.shealth,207b217b-6eae-455d-ada5-6abd36b1a447,
9b1a7c57-51e1-42ea-86da-3874dcb763a9,903f066b-932a-495f-9f0f-ce9e059cbdb7,2025-12-22 08:11:34.164,2025-12-22 08:11:34.164,10004,R5wtjjS0Fd,com.sec.android.app.shealth,0d5796d5-34b8-4b77-8b98-aaa51efbaca9,
b7fc8ef2-77cb-432c-95e6-f227c9eae1df,cbd06a9c-ff53-436b-83e9-7783b1fb0161,2025-12-22 08:11:34.177,2025-12-22 08:11:34.177,10004,R5wtjjS0Fd,com.sec.android.app.shealth,94a9a7f7-1681-49ef-b617-d28b692d043d,
d60373e3-0437-45ef-8911-d27f57509d66,697262a7-d6d4-4e14-8eb4-5c1933c3fa96,2025-12-22 08:11:34.185,2025-12-22 08:11:34.185,10004,R5wtjjS0Fd,com.sec.android.app.shealth,bfe50494-c7c5-4642-9dde-dac7c3f9852e,
cc353a9c-24b1-4c89-b11c-dc1773554b3d,fda76975-ca3c-4cdb-8eda-d4b5fa1ad88c,2025-12-22 08:11:34.190,2025-12-22 08:11:34.190,10004,R5wtjjS0Fd,com.sec.android.app.shealth,206a4f4b-6248-40ad-8085-bb7b17a1be2b,
62ee7d7a-7be1-4e50-aea9-be1d5fe02923,628ca0bd-aa50-40d3-adba-8ab1c08dd236,2025-12-22 09:18:06.132,2025-12-22 09:18:06.132,10007,R5wtjjS0Fd,com.sec.android.app.shealth,8ae58d9b-3875-4583-9c3f-c4a02e353e47,
83f2da90-d88b-4ed1-80df-c07adb46f252,fbec9549-e0d4-4157-bd66-cc0e5b353701,2025-12-22 09:18:10.268,2025-12-22 09:18:10.268,10004,R5wtjjS0Fd,com.sec.android.app.shealth,a5d06e0e-c1c4-462d-90c9-2ab8c8ea77bb,
bffdb8b1-9bdc-4b07-963d-8310ef57becd,6d3fe34e-b8a8-4a3f-927d-b596c58cbf8c,2025-12-22 09:18:11.477,2025-12-22 09:18:11.477,10002,R5wtjjS0Fd,com.sec.android.app.shealth,36c81d3d-7a70-4bf5-bb40-5e1570d0c1ff,
bd114aaa-1242-4286-82e8-73c6df7457ac,deb65bb7-f2c3-43e4-8838-bd33e14ead46,2025-12-22 10:11:00.650,2025-12-22 10:11:00.650,10004,R5wtjjS0Fd,com.sec.android.app.shealth,ae5f0b5a-c894-45bf-964c-2f90d4a5f920,
176cc3e5-08a5-46fc-8f30-be43f6754123,5bba7b46-1efe-4bf9-bcd3-f7d2dea97474,2025-12-22 12:06:13.242,2025-12-22 12:06:13.242,10004,R5wtjjS0Fd,com.sec.android.app.shealth,447cb38c-59dd-4dc2-9230-aec38028ff31,
830391b0-61ff-4db0-a737-35d0a45984dc,ae0d9657-b7b6-46c6-ad34-3c1debd44595,2025-12-22 12:06:13.274,2025-12-22 12:06:13.274,10004,R5wtjjS0Fd,com.sec.android.app.shealth,e36cd3b6-5d84-48e6-89ee-d5956a7426c5,
21454233-a9fa-4fa5-becf-f65769db7b7f,220bb911-a0b2-4947-84a5-2c7e71d84264,2025-12-22 12:06:13.556,2025-12-22 12:06:13.556,10002,R5wtjjS0Fd,com.sec.android.app.shealth,05138c80-89d2-4bd9-a2ff-f045523897f4,
9c7f68a0-f2e0-4e46-a756-431bf03164ad,37c1cc6f-200a-477e-9eba-61b56ecaf48b,2025-12-22 12:06:13.608,2025-12-22 12:06:13.608,10007,R5wtjjS0Fd,com.sec.android.app.shealth,236f1ee1-4486-4a46-b9f4-853c274ca6e2,
2604e631-c9e7-42f2-a860-06a8f38e05e5,ca7bd1dd-d4d8-45a5-a5fc-509b171f7f21,2025-12-22 13:19:14.443,2025-12-22 13:19:14.443,10004,R5wtjjS0Fd,com.sec.android.app.shealth,6ddbc884-73b8-415e-aebe-d2a57e9cb569,
a0e618a6-5ce0-4f89-8ddc-093ab83ffd70,e2aaa503-e8a8-41a6-9cbe-454e10d19d37,2025-12-22 20:26:00.471,2025-12-22 20:26:00.471,10004,R5wtjjS0Fd,com.sec.android.app.shealth,6b64c57c-84d4-4989-bdcd-6f1a10ffef4c,
2a9e17c2-7286-4561-a5ab-590dd4863d30,809d84e4-5096-4e6b-99af-222f2a289d16,2025-12-22 15:09:44.423,2025-12-22 15:09:44.423,10001,R5wtjjS0Fd,com.sec.android.app.shealth,eaf2efb2-7c82-46c7-8dc1-7d51bda46805,
2d94d324-87c1-41af-ae42-9c0314c3b133,e75c136f-1888-411b-abe6-ceb8103b1ab7,2025-12-22 16:22:21.861,2025-12-22 16:22:21.861,10004,R5wtjjS0Fd,com.sec.android.app.shealth,4f28e1cb-5b03-4b71-bbd4-b24fce561c61,
b87833b8-a9b9-4319-b1f6-d27a471878e5,347c3cbd-df26-483d-a2ad-654814dddd45,2025-12-22 15:09:55.052,2025-12-22 15:09:55.052,10004,R5wtjjS0Fd,com.sec.android.app.shealth,0bf5ede6-338b-4700-9021-0a34b1fd865c,
abe0b34f-160b-479d-9a47-6f85e380ab49,7cbb013f-b217-45b4-9ab4-89828a5dea2a,2025-12-22 15:09:55.061,2025-12-22 15:09:55.061,10004,R5wtjjS0Fd,com.sec.android.app.shealth,ea6dbe4a-e078-471f-aaa4-4e9c1d2a2c4b,
ed0b7af5-0797-432e-8f87-0556df69d20d,276f0180-1237-4db1-84b7-1199ae0e3add,2025-12-22 19:06:49.647,2025-12-22 19:06:49.647,10004,R5wtjjS0Fd,com.sec.android.app.shealth,44072008-95c6-44d2-a2ed-09b00c5b794d,
b8d524c6-bee3-4ce2-b0ca-557e035df1c9,32ff1b9a-cd36-4092-a246-c13541fe8a31,2025-12-22 17:45:23.905,2025-12-22 17:45:23.905,10004,R5wtjjS0Fd,com.sec.android.app.shealth,c48cb293-5d57-45d5-a717-0d7d1b944ff4,
f6b519de-5927-45b6-b660-5ce390001e13,0f5621c1-ebcc-49f0-bdb2-07007dd3b594,2025-12-22 19:06:49.651,2025-12-22 19:06:49.651,10004,R5wtjjS0Fd,com.sec.android.app.shealth,45ac978c-5246-4606-bb89-f80f221545db,
1dbdccb4-e3a3-4b9a-902a-dde0f73c1b94,2ffd9d5a-2886-4bf5-b2b8-cacb5e9da314,2025-12-22 23:14:45.334,2025-12-22 23:14:45.334,10004,R5wtjjS0Fd,com.sec.android.app.shealth,4d647676-392f-4ac9-bece-9bb636c958f1,
2a70287a-6797-4a07-af33-0fd4baa60721,7df9ffbb-f829-44de-824e-9e742e76d10f,2025-12-22 23:14:45.345,2025-12-22 23:14:45.345,10004,R5wtjjS0Fd,com.sec.android.app.shealth,182bf7fd-097e-4d70-ac3d-99075a72c11c,
290ed877-3395-4aac-86ab-7898853751e6,44d4ca4d-6a56-4695-af73-34e6a6934960,2025-12-22 23:14:45.353,2025-12-22 23:14:45.353,10004,R5wtjjS0Fd,com.sec.android.app.shealth,3a01d0bc-af52-489a-9532-971bbabc5e79,
9b4ec7ac-345f-472b-923f-33739c078a31,a39a9972-f1a4-4b2f-8299-fa4169caf264,2025-12-23 00:15:26.746,2025-12-23 00:15:26.746,10004,R5wtjjS0Fd,com.sec.android.app.shealth,f767a26b-a4ad-4b56-ad23-4287997f1fe6,
191a6879-91ce-4733-9dd6-32fb3569f5b5,1261e9fe-ea77-4500-a719-ddcd7f7119ad,2025-12-23 10:44:17.457,2025-12-23 10:44:17.457,10000,R5wtjjS0Fd,com.sec.android.app.shealth,b94b2595-cb5c-47e9-b461-081d2089d94a,
e5268fb9-b374-4dd8-8915-b209d7ab378c,4ca44f13-aead-4abd-a014-528078dca49c,2025-12-23 10:44:17.484,2025-12-23 10:44:17.484,10007,R5wtjjS0Fd,com.sec.android.app.shealth,f857ac42-2fb1-4258-af1b-f346e26705d1,
0c9da13a-1eff-4be1-bf43-0efb45320389,2875adff-5911-47e9-a24a-26bb2b164936,2025-12-23 10:44:17.739,2025-12-23 10:44:17.739,10002,R5wtjjS0Fd,com.sec.android.app.shealth,ade7749e-704a-4bbc-b2f4-e222c18cc995,
3376dee8-8c3a-4ffa-baa7-d9cf6f671d68,abdd28f6-f558-42ba-a5b3-3be5d2825ec0,2025-12-23 10:44:17.769,2025-12-23 10:44:17.769,10004,R5wtjjS0Fd,com.sec.android.app.shealth,1ac14eaf-0766-490d-8624-682fa04325dc,
a7ef87c4-bb59-497a-b5a4-cc66559a6df1,4df2164b-aead-45aa-bcfc-901c31cc5f41,2025-12-23 10:44:17.781,2025-12-23 10:44:17.781,10004,R5wtjjS0Fd,com.sec.android.app.shealth,f93eea10-2a06-46e7-9f39-d32f85abda0d,
508f6a78-dcb9-4483-ba0a-218cbe845670,29012993-01b4-4567-952c-c27173d15044,2025-12-23 10:44:17.793,2025-12-23 10:44:17.793,10004,R5wtjjS0Fd,com.sec.android.app.shealth,099a862f-9ee4-4d1e-abb0-dbbe130e1e2c,
722ac748-a162-4413-880c-8314e0198cd8,9f30095b-a242-4923-b29f-518ba619c78a,2025-12-23 10:44:17.804,2025-12-23 10:44:17.804,10004,R5wtjjS0Fd,com.sec.android.app.shealth,8a6fcf6b-cb56-4cb4-a39e-065cbc5ff0b2,
36c1addd-4149-461d-bd02-914b83c32c53,ddd93f77-f30c-486f-96f0-ba929ef733dd,2025-12-23 11:32:20.817,2025-12-23 11:32:20.817,10004,R5wtjjS0Fd,com.sec.android.app.shealth,315e390a-9117-4941-ba71-0caf15743902,
a736ee3f-34ed-41c3-bbd5-fb75ad77b130,ca145c5c-4dea-4498-9387-e0d4d326d9bc,2025-12-23 12:06:05.262,2025-12-23 12:06:05.262,10004,R5wtjjS0Fd,com.sec.android.app.shealth,15cb093e-afeb-4c39-8f79-da326e69ad38,
b07e6b7f-3af2-4426-92bb-22ed4e0f25d3,baf6897c-7f46-4372-a254-a6cb50c62738,2025-12-23 13:52:47.614,2025-12-23 13:52:47.614,10004,R5wtjjS0Fd,com.sec.android.app.shealth,5aa59cd2-c429-44c5-a0ab-3b573bd6c5ac,
06922c7c-e500-4eda-a123-9359a7f6c356,67f25aa4-0c65-4363-889b-d0abc825c344,2025-12-23 14:11:44.162,2025-12-23 14:11:44.162,10004,R5wtjjS0Fd,com.sec.android.app.shealth,da15ed62-e397-47af-a586-05afac2df94e,
689d1dc1-91a7-4fd6-b78a-b66914e17f33,60237ba8-8ba5-42b3-9566-6247d807b6db,2025-12-23 15:17:00.387,2025-12-23 15:17:00.387,10004,R5wtjjS0Fd,com.sec.android.app.shealth,0a78ea0b-54eb-406b-bfa0-815fab398f96,
394a8442-9c1b-4ccd-88ea-aa5d9a3df6b7,eb6f375c-8264-4139-a853-c15238e1ce0a,2025-12-23 16:17:48.025,2025-12-23 16:17:48.025,10004,R5wtjjS0Fd,com.sec.android.app.shealth,2594e426-8613-4250-9f5d-ea1c29038e3d,
ec92bdd0-9573-494d-be8b-18f64d7abd5b,39535f10-3266-4165-ae68-abe3519f8736,2025-12-23 21:34:17.170,2025-12-23 21:34:17.170,10004,R5wtjjS0Fd,com.sec.android.app.shealth,87568cfd-370c-493b-afaf-ee9b878885b9,
f14f580d-fa61-487f-ad53-114abace47d1,791d9dc5-6e5d-401e-a30f-a42cba0fef10,2025-12-23 20:25:02.081,2025-12-23 20:25:02.081,10004,R5wtjjS0Fd,com.sec.android.app.shealth,965244e4-12b9-4e1d-a578-842f863631c7,
cfbae5a6-2994-4afd-a2fa-6059cfc4b6ac,352f050a-2c09-4c19-b4a3-6525eefd91f5,2025-12-24 04:16:10.596,2025-12-24 04:16:10.596,10004,R5wtjjS0Fd,com.sec.android.app.shealth,0f374abf-98ae-4d31-b760-8193930631c9,
b00a4f46-760f-4556-8c7c-de99515a7466,6868c089-a6f1-4b20-9028-98ce1c1aeb2d,2025-12-23 17:57:54.608,2025-12-23 17:57:54.608,10004,R5wtjjS0Fd,com.sec.android.app.shealth,e68e3adf-b1b7-44c8-94a7-ff030304c48a,
2a5fa04e-2140-4bd4-98b4-302fdf595cca,14f9737e-66d9-43e0-9f8e-cf589c518075,2025-12-24 00:46:57.111,2025-12-24 00:46:57.111,10004,R5wtjjS0Fd,com.sec.android.app.shealth,fc262bb5-2385-4799-a97c-3d0be1f35be1,
134480b6-da17-4905-bdb2-355c1cac596b,ecf149fb-73f1-4829-9d65-8ad3fa009efd,2025-12-23 18:44:29.455,2025-12-23 18:44:29.455,10004,R5wtjjS0Fd,com.sec.android.app.shealth,2f39b55f-6da2-43e1-aa7a-b133a62f8969,
f7ee734e-31f9-4664-ae13-d2b6fc22a2b5,5ce37315-7d09-4451-a297-94eb28f48214,2025-12-24 07:54:56.765,2025-12-24 07:54:56.765,10007,R5wtjjS0Fd,com.sec.android.app.shealth,dfdf4386-9bc8-4344-8882-bbb02ce9fb05,
fcff511f-e7bf-4791-9c54-521e862c3222,4dab7218-6d68-4ecf-ae7a-a7f5f05a162c,2025-12-23 19:04:50.882,2025-12-23 19:04:50.882,10004,R5wtjjS0Fd,com.sec.android.app.shealth,e02c8235-651d-45bc-8ef3-810d145045f7,
ec5a2e58-0da6-47c8-945c-6bf5c7d2ae97,dd90af17-369e-4825-b0f8-a7b9b5b1d6d8,2025-12-24 02:17:15.485,2025-12-24 02:17:15.485,10004,R5wtjjS0Fd,com.sec.android.app.shealth,e7cc8634-a3b2-4bb2-8918-f73683d4279e,
e06423b4-3e2b-410e-9575-c3a3d852ca80,3c0bd2c4-204c-4322-a21e-21df9bac2d81,2025-12-24 07:54:52.729,2025-12-24 07:54:52.729,10004,R5wtjjS0Fd,com.sec.android.app.shealth,b673e03e-5015-4962-a359-2a2b4e5c813e,
0b17970b-4bb2-4724-94c2-933c3f8b9524,f5204ca9-e498-461b-8337-03ff3c49b5fd,2025-12-24 07:54:52.713,2025-12-24 07:54:52.713,10004,R5wtjjS0Fd,com.sec.android.app.shealth,79a80d84-1079-429b-8d77-5667361e06fa,
ef4b4875-5d0b-4233-b660-011e07e30a8b,c12ab492-fe03-405f-b4b0-8ffb29583b8c,2025-12-23 23:25:28.806,2025-12-23 23:25:28.806,10004,R5wtjjS0Fd,com.sec.android.app.shealth,e9995a95-4056-40f2-b20c-1639c611a76b,
5577e191-d149-452c-812b-98e658404118,081b9997-1abc-44a0-b63f-a84c693ceaff,2025-12-23 22:35:44.224,2025-12-23 22:35:44.224,10004,R5wtjjS0Fd,com.sec.android.app.shealth,df9aebab-34d6-42d1-a125-59cbfbdefece,
449f0982-71d0-4388-94a7-538f2133b268,3d898152-9311-441f-9226-93a8c7e92770,2025-12-24 07:54:57.744,2025-12-24 07:54:57.744,10002,R5wtjjS0Fd,com.sec.android.app.shealth,4b83a945-1009-43cc-95ab-26dddf4d2349,
27818e70-2e22-43f9-97ae-51acd2c85c10,06297ad6-f78a-4249-8e21-201412d1b4b1,2025-12-24 02:17:15.478,2025-12-24 02:17:15.478,10004,R5wtjjS0Fd,com.sec.android.app.shealth,389c67b1-9538-4f1b-9cb8-b465a5149f50,
0d118230-8cda-420e-bf92-77df3e4467b5,f8b982d5-2a8c-4bde-8c97-fce4c7583540,2025-12-24 05:37:32.866,2025-12-24 05:37:32.866,10002,R5wtjjS0Fd,com.sec.android.app.shealth,6505a444-4e31-458a-962d-6c37b89ee5cc,
8b3242a1-e04b-4296-addf-297acd3beb70,beef573c-ae29-4498-9bcc-18a6e596b673,2025-12-24 05:37:32.818,2025-12-24 05:37:32.818,10007,R5wtjjS0Fd,com.sec.android.app.shealth,d6222b87-d7d9-4e1e-8b0d-01ddd2733198,
9fa38189-7c0d-4b85-b3c5-e43079fcd06e,daa9971e-ced1-4d62-9fc9-d590cc40edfa,2025-12-24 05:37:37.577,2025-12-24 05:37:37.577,10004,R5wtjjS0Fd,com.sec.android.app.shealth,53e32f42-daab-4e8b-9619-043a1e43cbe6,
684aa982-0213-4004-8522-d4eb27185b28,a36ae564-c817-4a1b-97a1-6db0201c024d,2025-12-24 05:37:37.571,2025-12-24 05:37:37.571,10004,R5wtjjS0Fd,com.sec.android.app.shealth,a211b1d9-6984-4475-9ab2-30b72044edf8,
8b4bfab9-ac0b-44c0-8223-0d9d6799a377,c7c7962d-49ae-42f9-b3bc-a2ccfa0649c5,2025-12-24 07:54:57.908,2025-12-24 07:54:57.908,10000,R5wtjjS0Fd,com.sec.android.app.shealth,334e7391-8570-465a-9e34-80f9889b7694,
24781df7-a579-4bd6-b08a-bad0354725f9,7844a4b5-c932-42af-99bb-ffdb24df58ee,2025-12-24 10:24:40.125,2025-12-24 10:24:40.125,10004,R5wtjjS0Fd,com.sec.android.app.shealth,4b8b8199-a264-4843-ae8c-4ffdc0041357,
52b2c69f-54e2-4441-8523-44d50cd5ae90,4e382ad4-78cf-472b-9df8-c675c349adb1,2025-12-24 10:24:40.137,2025-12-24 10:24:40.137,10004,R5wtjjS0Fd,com.sec.android.app.shealth,68de0f00-764b-49bf-be4e-250b9282691f,
a7bc2573-8e3c-4fa6-88e9-cffbf7d815f3,eb0407a4-ea0a-4c91-980b-88c15d32802b,2025-12-24 10:24:40.133,2025-12-24 10:24:40.133,10004,R5wtjjS0Fd,com.sec.android.app.shealth,e0fcdc9f-a977-49f8-b306-557d25aeb109,
91f6819d-518f-4249-b707-093b579a5dd2,2b8f7cd6-3244-48af-9c9d-d44db819faa8,2025-12-24 13:06:17.947,2025-12-24 13:06:17.947,10004,R5wtjjS0Fd,com.sec.android.app.shealth,8ec64410-cfaf-4662-be3f-ffd7a3bd3655,
cd176011-47ea-4f1a-a652-9ae25e29d2e1,a514f199-f0e9-4eb4-af89-037224da7ef3,2025-12-24 10:24:40.144,2025-12-24 10:24:40.144,10004,R5wtjjS0Fd,com.sec.android.app.shealth,d218cecf-9b8a-4d9c-a5c1-7d49944bf77f,
64b90fa5-8485-418b-ab32-6db6f8831fe5,1e63d97b-2ad0-4ba8-a377-1dc7241c5c43,2025-12-24 19:27:17.288,2025-12-24 19:27:17.288,10004,R5wtjjS0Fd,com.sec.android.app.shealth,e168ed54-9512-454c-a226-d24bb1d0320d,
ae84c812-ade6-42a8-8536-97d84c293e66,67d35ffe-2fbb-4de3-a7fb-dcb0fe6b3ba8,2025-12-24 10:37:20.662,2025-12-24 10:37:20.662,10007,R5wtjjS0Fd,com.sec.android.app.shealth,8173381f-9860-4f80-a2ea-db04d473d287,
e47a44c9-9966-4ae5-a908-567ea8ee73d1,9e418bb5-366f-45f9-aa04-76d38c7937dd,2025-12-24 19:27:17.278,2025-12-24 19:27:17.278,10004,R5wtjjS0Fd,com.sec.android.app.shealth,090980e7-6708-461f-a48a-7c9df743df55,
8cad4dd6-81b2-4fb6-9d27-55ba7fd3ef8b,fa56429a-daa1-4e12-9dc2-eb2fcdfda964,2025-12-24 10:37:22.680,2025-12-24 10:37:22.680,10002,R5wtjjS0Fd,com.sec.android.app.shealth,b1f3ee76-9987-4580-a165-eefc5ca826d0,
8268b114-07a9-467f-874b-e68a3648452e,cc770033-a2e8-4ba5-9cb8-556f089dddef,2025-12-24 17:22:52.936,2025-12-24 17:22:52.936,10004,R5wtjjS0Fd,com.sec.android.app.shealth,5aed30aa-d253-4ebc-b8bc-80f2b2394bbf,
1dfbc9da-6b08-474e-91fb-93e042bec65f,f715b9a2-02ff-450b-8d66-1c918a0f615a,2025-12-24 11:18:00.741,2025-12-24 11:18:00.741,10004,R5wtjjS0Fd,com.sec.android.app.shealth,7286df38-5d36-4bfc-9565-4b2ecb96d851,
dcaa0290-d1e6-4e68-8a3e-0687f3549928,3b6a92f9-7c98-4f40-8aa4-6fdb75eced52,2025-12-24 22:18:42.161,2025-12-24 22:18:42.161,10004,R5wtjjS0Fd,com.sec.android.app.shealth,ecc4c45a-5078-4637-8496-c38aec35fe68,
214ee2c5-9bc9-4c91-a4ba-e2fe3dbcf221,3ae0fc4a-6c96-4c24-8018-bc67eca5e771,2025-12-25 05:41:45.337,2025-12-25 05:41:45.337,10004,R5wtjjS0Fd,com.sec.android.app.shealth,29cd4fe9-0563-4578-bbba-5de909d89636,
a171f156-f251-4760-91e8-d03f7b1595ba,e0804b92-7d5e-40f5-a0ff-6cc008713e16,2025-12-25 00:04:19.809,2025-12-25 00:04:19.809,10004,R5wtjjS0Fd,com.sec.android.app.shealth,1a1f36f1-86f5-41a1-ae70-25fd5c99f4a5,
72c11c46-b586-4ed7-920b-02b488f04d38,28dace84-8e8c-41cb-91a8-be4501ce94db,2025-12-24 12:12:29.097,2025-12-24 12:12:29.097,10004,R5wtjjS0Fd,com.sec.android.app.shealth,456056ce-def4-424f-bee0-20d1f4b496c2,
c28deacf-0ad2-4288-a054-9d485d16b1b7,8d5e3f70-b5bc-4f4c-a68d-b64069aaaab1,2025-12-24 16:22:59.973,2025-12-24 16:22:59.973,10004,R5wtjjS0Fd,com.sec.android.app.shealth,7bf50e88-4364-4632-bc9e-69872ff8276d,
a0c8d87c-382a-420f-8084-faa59f1b4ea4,8e5b1ae5-5c19-4a1f-8bca-1ca2d1a38561,2025-12-24 16:22:59.988,2025-12-24 16:22:59.988,10004,R5wtjjS0Fd,com.sec.android.app.shealth,b8ce2f44-14b9-4d1f-9369-d1b52f9ceac4,
faa08ae8-c633-4717-bbac-16b3394a820a,363991f0-6f42-4edf-b80f-6b1571471f34,2025-12-24 23:23:07.622,2025-12-24 23:23:07.622,10004,R5wtjjS0Fd,com.sec.android.app.shealth,90d622c4-c064-4a05-81ae-8c2842267294,
dcf01bf7-bfa6-4f68-8fa3-a52696ccef87,da4fd06e-b4e3-4f18-8ff2-08a27093311f,2025-12-24 14:49:42.654,2025-12-24 14:49:42.654,10004,R5wtjjS0Fd,com.sec.android.app.shealth,8b0627c5-21fb-4442-9528-8fd9d730687d,
cd682404-da50-4c7e-b201-cee61fded61b,d3e7c13d-d207-4e66-8b4b-9c0b9c3f4763,2025-12-24 22:18:42.174,2025-12-24 22:18:42.174,10004,R5wtjjS0Fd,com.sec.android.app.shealth,76d8dcd0-1404-414e-be58-6ebba9af10f6,
c376fb44-0ad2-4752-a1bf-f8a113f09c92,f77b4eb2-3f84-430a-b272-5d2a8673db77,2025-12-25 05:41:45.397,2025-12-25 05:41:45.397,10004,R5wtjjS0Fd,com.sec.android.app.shealth,5227d6c7-9bd2-40b9-8ca8-4f0bf403ab24,
6a70cf99-8d35-43f4-a1ca-e0b9dfe1f8e4,613ae93b-3108-4295-a059-823ac262420f,2025-12-25 05:41:45.272,2025-12-25 05:41:45.272,10004,R5wtjjS0Fd,com.sec.android.app.shealth,db4d70a3-98a6-4720-9ee7-407ae97321d2,
8adc2dd5-a40a-4c0f-a93d-c4d58c2e26fe,fba0db44-586d-4471-881a-6f2e2b5ded8f,2025-12-24 22:18:42.169,2025-12-24 22:18:42.169,10004,R5wtjjS0Fd,com.sec.android.app.shealth,ef8420f1-0082-4aca-a8a5-e59d9daea265,
24ca8506-ff87-4cf2-9d0c-9bc91a4b3461,73148c0a-3de9-4892-932e-81a684392ec0,2025-12-25 11:20:03.611,2025-12-25 11:20:03.611,10002,R5wtjjS0Fd,com.sec.android.app.shealth,af465121-99c9-45bf-a26d-97680c41a6e3,
dc123b0c-cd9b-4c26-9c2c-336f58e0eb0d,954aafd6-8c80-4362-b753-00bbb674426c,2025-12-25 11:20:03.645,2025-12-25 11:20:03.645,10000,R5wtjjS0Fd,com.sec.android.app.shealth,a5633360-24fd-40eb-a90b-0f57d736f02f,
4a2661ad-d9d0-4cf4-bf55-2b59299b9b0c,92e4c5fe-085a-411c-94f5-6c58e9b0c0fc,2025-12-25 11:20:07.522,2025-12-25 11:20:07.522,10007,R5wtjjS0Fd,com.sec.android.app.shealth,bed7c998-9f10-41b5-8ac5-1cb1a2f295d9,
775d54ac-55b3-44ca-a2c9-01cc2969d3d3,9c2b076f-5613-415b-a670-232d6b6918d9,2025-12-25 11:20:08.429,2025-12-25 11:20:08.429,10004,R5wtjjS0Fd,com.sec.android.app.shealth,3b79b558-a23b-45fe-beba-fda2ec5bc402,
b81d27fd-60b3-4cc6-a736-672ed028ed57,e69d6892-f7a5-411a-b74d-03c53e594c53,2025-12-25 11:20:08.449,2025-12-25 11:20:08.449,10004,R5wtjjS0Fd,com.sec.android.app.shealth,394fdbe6-2408-4024-9b0a-ada6b0cc94b2,
18ceaa11-eb6d-4506-96e0-8f1fed64bac5,be4aae19-182d-4864-b728-d6a2e52f191c,2025-12-25 11:20:08.456,2025-12-25 11:20:08.456,10004,R5wtjjS0Fd,com.sec.android.app.shealth,6b3f66e5-4ce4-4960-b905-d833866b4257,
716f2dbf-b8fd-4630-8bb1-b4974303c97f,39a04303-c608-448b-b5ba-a4c4e2a9da5a,2025-12-25 11:20:08.504,2025-12-25 11:20:08.504,10004,R5wtjjS0Fd,com.sec.android.app.shealth,2f012e0a-f8b0-4021-b68a-f3ee5f3cc32c,
d4a47df1-d8c7-40a5-b28d-f24d98d8f9ce,8f15f58d-ca3c-4c0f-b3d8-8f8c008cc4d5,2025-12-25 11:20:08.535,2025-12-25 11:20:08.535,10004,R5wtjjS0Fd,com.sec.android.app.shealth,aba57832-d05b-47f9-8f6f-1f388e3d0cc8,
1f261e42-379d-48a3-b346-f8027baf78e2,d22daed5-5f40-4cdf-a110-9fc696c8d0c6,2025-12-25 11:20:08.510,2025-12-25 11:20:08.510,10004,R5wtjjS0Fd,com.sec.android.app.shealth,5060898b-eb0e-42a6-8d10-28510835f186,
e64b0d8c-419b-41fa-82be-80fd107e540b,b1d338fa-569a-441c-879d-c3d809ba7f53,2025-12-25 11:20:08.540,2025-12-25 11:20:08.540,10004,R5wtjjS0Fd,com.sec.android.app.shealth,2476ca4b-c0ce-437e-ad3e-1781628226a4,
eab73d89-f25c-4bf7-b99a-d743e841e2c8,0421090e-e937-47aa-a451-477ac0cc9658,2025-12-25 12:20:45.062,2025-12-25 12:20:45.062,10004,R5wtjjS0Fd,com.sec.android.app.shealth,5029f966-bfb4-495f-ae07-4c121540767d,
ada5fb65-c6af-4931-b6cc-84ff20e3f4e8,85c8ed6e-e4cf-40a9-afd1-c8c0bf742437,2025-12-25 11:20:08.518,2025-12-25 11:20:08.518,10004,R5wtjjS0Fd,com.sec.android.app.shealth,b9a638c2-a9fb-4da9-a779-f9410289bd5c,
e0be775d-cb81-4524-af69-a33675d95321,ad6000fd-7b70-43d0-93c1-a269a0f355a3,2025-12-25 20:02:49.484,2025-12-25 20:02:49.484,10004,R5wtjjS0Fd,com.sec.android.app.shealth,fa0d50ca-88be-4014-bd1f-27c18aa10512,
6f2a0d74-b8b8-48c8-b799-a17003d9d9e1,6e4782b1-0280-4e66-85da-e8b83f19ab43,2025-12-26 09:18:23.770,2025-12-26 09:18:23.770,10007,R5wtjjS0Fd,com.sec.android.app.shealth,18821d15-f191-449d-b60c-73063a544d17,
299095ba-b8b7-424f-8624-9efc34a2e39c,8453884b-9fef-4f27-a21c-d46ca6b9f3e1,2025-12-26 09:18:24.578,2025-12-26 09:18:24.578,10002,R5wtjjS0Fd,com.sec.android.app.shealth,9cfba663-f07f-42fb-a61f-6d4a902bbc95,
bff50666-dda3-453b-af50-a4a8976b2d38,0afccbd7-025d-4568-bcfd-dbb641d699d3,2025-12-25 13:20:30.542,2025-12-25 13:20:30.542,10004,R5wtjjS0Fd,com.sec.android.app.shealth,0d0e693e-3c34-4ef2-b594-2b1ada6aeaaa,
9902ff44-a290-4958-925e-f3ea088cfcfd,d71dbc36-e508-49b3-a6d3-340922a1f15d,2025-12-25 14:29:44.322,2025-12-25 14:29:44.322,10004,R5wtjjS0Fd,com.sec.android.app.shealth,b7b1ab0c-c4eb-4b85-9aae-93182104e795,
596ee99e-30f6-4475-83b7-fbd4609606f3,4c63f260-9cf6-4dd9-b5c8-25542fc5c8e1,2025-12-25 15:36:08.793,2025-12-25 15:36:08.793,10004,R5wtjjS0Fd,com.sec.android.app.shealth,f13a2017-aa79-4d9f-9862-c21e0fc3c137,
42efe192-7487-444b-b3c9-6dedf49278aa,51c19ad8-c33f-432e-8049-a9c6da7fbeb3,2025-12-26 09:18:24.855,2025-12-26 09:18:24.855,10004,R5wtjjS0Fd,com.sec.android.app.shealth,5cb9e6a5-845e-4a60-ad55-5de5c38e1aba,
49d1719b-e82c-4f98-bfeb-a641fef35146,8e682fa3-5e72-4d5c-905a-39c6a3a3a68b,2025-12-26 09:18:24.795,2025-12-26 09:18:24.795,10004,R5wtjjS0Fd,com.sec.android.app.shealth,c159b4c2-9910-49b3-acdc-88f0a122e179,
fdeb9f09-9bb8-4e61-b554-e2d4e8715b7d,267fcf38-dc18-498a-a121-c8ebf545ff7c,2025-12-25 16:07:32.535,2025-12-25 16:07:32.535,10004,R5wtjjS0Fd,com.sec.android.app.shealth,7d1f0aed-310d-4218-8416-1f3992cd0612,
7e4e21a9-dd86-46d9-afb2-28a85d789bfa,553714df-b835-49b9-922c-61f5f68903c7,2025-12-26 09:18:24.829,2025-12-26 09:18:24.829,10004,R5wtjjS0Fd,com.sec.android.app.shealth,a2cf1ba3-0eec-477f-bd4e-c29a3a5da502,
99a4eabb-0dae-4808-83c8-596c6f72d0a6,398767f0-8734-489e-89bf-1ea1a22802e2,2025-12-25 20:02:49.434,2025-12-25 20:02:49.434,10004,R5wtjjS0Fd,com.sec.android.app.shealth,4a0fada5-731e-4264-ad99-35199dd1cfaa,
ad904892-5e9d-4af3-8b2a-932575a9623c,bd5a42d7-525f-4b7d-864e-eca7e35705d0,2025-12-26 09:18:24.860,2025-12-26 09:18:24.860,10004,R5wtjjS0Fd,com.sec.android.app.shealth,56c2e65f-6dc1-4228-971c-924f32ff7472,
f28d17bf-6469-4ce6-987e-6eda54bd525e,ab291333-96ee-4b15-a1e6-972aaa63dd4f,2025-12-26 09:18:24.870,2025-12-26 09:18:24.870,10004,R5wtjjS0Fd,com.sec.android.app.shealth,a14aae33-61a7-4ed1-a9b7-e4d73f4c9fbb,
37cfe70d-aa03-4b66-bb53-26cadd99a720,d5ab84db-9e42-47b2-927a-92afb792dbdf,2025-12-26 09:18:24.833,2025-12-26 09:18:24.833,10004,R5wtjjS0Fd,com.sec.android.app.shealth,3ce999b3-5357-4537-8486-326e580a3024,
bd3b4434-6e14-4899-96bf-32201d158fe2,260f65fe-ca3a-414d-ac8a-b3a9bd3703de,2025-12-26 09:18:24.666,2025-12-26 09:18:24.666,10000,R5wtjjS0Fd,com.sec.android.app.shealth,461f731b-c0de-43d9-9fc1-8ec48ec8e619,
48a3ecda-69c1-4036-8cc8-ade142aabc05,4553e570-69a2-48b2-98e9-1318a5bb855d,2025-12-26 09:18:24.840,2025-12-26 09:18:24.840,10004,R5wtjjS0Fd,com.sec.android.app.shealth,c8b9b87a-c999-4d8d-bccc-1846234c14c3,
4f5bc593-fcc2-4a5c-85ba-c9cf3a3ceb0f,7ec8adb9-054f-48b3-a39b-2163345f5c6b,2025-12-26 09:18:24.879,2025-12-26 09:18:24.879,10004,R5wtjjS0Fd,com.sec.android.app.shealth,3e9ad716-0355-4c26-9587-7449fdf1b92f,
39efe6bf-43c9-4a50-bb1e-a9515fe16fbd,e3501a43-a59d-4957-830d-ac3108ea79e7,2025-12-26 09:18:24.778,2025-12-26 09:18:24.778,10004,R5wtjjS0Fd,com.sec.android.app.shealth,0422e140-e813-4bdd-bf10-a45fd48be7d2,
d44584ba-825b-4a54-ad6a-a0d26224decc,6eeb34fe-5b38-4a53-9f34-6687d12505a9,2025-12-26 10:25:45.333,2025-12-26 10:25:45.333,10004,R5wtjjS0Fd,com.sec.android.app.shealth,c6e6fcbe-87e5-46de-8f7c-a6dbe5ffd76e,
338e880b-094a-4ab5-bc13-67bf5980b69d,7a4dbe7d-e935-48d1-9dfb-0830a6da356d,2025-12-26 09:18:24.874,2025-12-26 09:18:24.874,10004,R5wtjjS0Fd,com.sec.android.app.shealth,a475f571-c9c4-4285-8c07-043f7b929e8c,
228a614d-bd32-4a30-b676-789a9c34e130,fd99ec0a-b21a-4481-bfb1-5a0a861f2939,2025-12-26 13:06:37.565,2025-12-26 13:06:37.565,10004,R5wtjjS0Fd,com.sec.android.app.shealth,8b6e50bf-60c8-4e47-affc-3a4d118d0925,
7c4f8abe-033a-4dd5-ba77-32be50cb7c22,597731f1-d10f-4ef5-8672-b7a5747ebc7e,2025-12-26 13:06:37.571,2025-12-26 13:06:37.571,10004,R5wtjjS0Fd,com.sec.android.app.shealth,6019a00b-af31-4022-866c-98445c584292,
c404655b-844a-400f-8226-16c50e22f24b,9a126d8f-d66f-461f-ba60-c13c330028d9,2025-12-26 14:05:12.591,2025-12-26 14:05:12.591,10004,R5wtjjS0Fd,com.sec.android.app.shealth,0f283ddc-6d4f-4848-a5f2-f38ec50b9aaa,
de37cd3f-63b0-49b4-bc43-e99b29419f41,30f9e4f0-aeb3-461d-bf0a-134ddbc36923,2025-12-26 15:01:28.249,2025-12-26 15:01:28.249,10004,R5wtjjS0Fd,com.sec.android.app.shealth,6e720d64-38ad-4437-87ea-2fa762eb7e8b,
826ef1c0-81c5-4fd2-a444-4a92eb584574,3b8af797-f766-4952-8359-9d7dbc89ee2a,2025-12-26 15:01:28.426,2025-12-26 15:01:28.426,10001,R5wtjjS0Fd,com.sec.android.app.shealth,460b5041-5cc4-4bb6-9e50-d7c78f20fbee,
2d098e65-d714-4a92-89a3-19d6938f794d,49375474-079f-4108-a26d-2f8b4b5a2877,2025-12-26 16:08:22.702,2025-12-26 16:08:22.702,10004,R5wtjjS0Fd,com.sec.android.app.shealth,c7a2616f-1e95-4d9e-9f6f-ffbcec91b9e2,
bb999a94-2f16-4fed-aef5-8066a462c07b,1df6c414-c7fe-4d8f-ba91-e1799c282f15,2025-12-26 16:21:21.227,2025-12-26 16:21:21.227,10001,R5wtjjS0Fd,com.sec.android.app.shealth,228497a2-003a-4abe-998f-ae74116646c6,
c1486574-4ce9-42f2-bee0-0a41d8701cc9,df53f0ee-d403-40d4-91f2-204205e06c59,2025-12-26 19:08:49.323,2025-12-26 19:08:49.323,10004,R5wtjjS0Fd,com.sec.android.app.shealth,755e1816-de7d-4449-a709-89c5ec08a027,
30d47873-ab4d-4b6d-a0de-8689e7940d13,e0227bf4-7894-4a6a-bffb-28513ca5c768,2025-12-26 13:06:37.559,2025-12-26 13:06:37.559,10004,R5wtjjS0Fd,com.sec.android.app.shealth,35ea4b10-ee73-404f-ba68-2d7c8fd99548,
3f39e148-25c1-4fb3-99af-c26f91b4b75c,0e5746e6-f6b4-4565-854f-b97e4735849d,2025-12-26 20:12:58.008,2025-12-26 20:12:58.008,10004,R5wtjjS0Fd,com.sec.android.app.shealth,3c1a1f5d-c159-462c-ad64-6f101bb6d213,
e5c42bc7-1c32-4172-9c0f-54a2f006a024,36e94e1b-7ada-4c25-8d0d-a03a8229877e,2025-12-27 08:06:09.345,2025-12-27 08:06:09.345,10004,R5wtjjS0Fd,com.sec.android.app.shealth,f9bf400a-b37c-4b36-921e-32261c4c5295,
01613ba8-827e-4e34-8195-72e596e737fc,4b88e992-b4de-4dbd-b354-3e9546252ccf,2025-12-27 08:06:09.337,2025-12-27 08:06:09.337,10004,R5wtjjS0Fd,com.sec.android.app.shealth,2617dc1e-e25e-4253-95d1-e7c7d6d5ea6c,
36600cad-27ac-4bd3-a0f4-0e4635f344a1,39168321-9df5-4b46-8d63-4567a3ccb888,2025-12-26 17:34:47.397,2025-12-26 17:34:47.397,10004,R5wtjjS0Fd,com.sec.android.app.shealth,01de21d2-b2f8-482f-aa3b-5d7135477b52,
13d48cbe-ea7a-4b56-bf97-526b0b692931,fb005280-4591-4788-9f36-843e78464e00,2025-12-27 08:06:09.355,2025-12-27 08:06:09.355,10004,R5wtjjS0Fd,com.sec.android.app.shealth,eb1c65e3-a9ff-43d3-98b9-d5df3ca9cef3,
f7129975-90b6-49e7-84c9-2408d32e9524,384e3dab-69f4-4a65-8e51-40240f469883,2025-12-26 22:10:09.817,2025-12-26 22:10:09.817,10004,R5wtjjS0Fd,com.sec.android.app.shealth,5fc1ea6d-7f51-450f-9e11-858ef9a82ae2,
806476cb-1c77-436c-8dba-9411931b11a1,43a7ac47-d036-4461-a624-4dae047aef10,2025-12-26 19:08:49.326,2025-12-26 19:08:49.326,10004,R5wtjjS0Fd,com.sec.android.app.shealth,81793460-4458-4d8c-87ee-972d98b1089b,
c52d4e99-a3ca-4763-bf76-2a0ef4669072,8820efef-a1d8-4e50-a38a-c47421fc887d,2025-12-26 21:34:40.752,2025-12-26 21:34:40.752,10004,R5wtjjS0Fd,com.sec.android.app.shealth,cf766bea-c10f-47bf-ad1d-fb538d7cc9cc,
15197c9c-3569-47d4-906e-26b65844a98e,3884e489-99e6-4a85-b6c2-52c12391dd02,2025-12-27 04:41:27.695,2025-12-27 04:41:27.695,10000,R5wtjjS0Fd,com.sec.android.app.shealth,5653d63b-683e-4d62-a1bc-13a1be7c4332,
b942bd8a-82fc-42ca-a454-66cff16f4b12,837cd9d0-e05c-4c4d-8dc3-14b9f79e3d16,2025-12-27 04:41:27.678,2025-12-27 04:41:27.678,10004,R5wtjjS0Fd,com.sec.android.app.shealth,25cf9654-b690-4a9c-8d9b-126bbfab5016,
002a26c3-2716-4ab7-9791-b32a32cdd4bd,b9eec74a-1aa5-41b3-a4a2-85a9ffea9547,2025-12-27 04:41:27.667,2025-12-27 04:41:27.667,10004,R5wtjjS0Fd,com.sec.android.app.shealth,34879373-f5b9-4dd9-b0fd-0d858d359198,
66a53850-e716-4045-b78c-1f7d6be8c30a,96361e52-3571-484a-a020-517d8f52894f,2025-12-27 08:06:09.328,2025-12-27 08:06:09.328,10004,R5wtjjS0Fd,com.sec.android.app.shealth,2bc25589-ce19-4c17-badf-a1d52e5be18b,
0104830e-0762-4acc-ba20-9d374c754db3,c77a1cba-a106-41a8-bb82-7aa1434fbf89,2025-12-27 08:06:09.320,2025-12-27 08:06:09.320,10004,R5wtjjS0Fd,com.sec.android.app.shealth,2e850c99-0bea-429c-9240-e3cce96c49f3,
e919c57b-e6c1-4fa3-93b0-aaf7f0cc3ffb,09713655-ebf1-40a7-b931-adf8a3c132c5,2025-12-27 04:41:27.718,2025-12-27 04:41:27.718,10004,R5wtjjS0Fd,com.sec.android.app.shealth,02ad522c-b203-47a1-ad47-bba04a26181a,
401b5a52-52a5-4c46-bd5e-3d5ce97791fa,5f576fc0-0546-4316-83d1-ed6a3542a5b5,2025-12-27 04:41:27.743,2025-12-27 04:41:27.743,10004,R5wtjjS0Fd,com.sec.android.app.shealth,a5cea86b-a297-44ca-b31d-43e06663f803,
b35afdb4-d097-4494-a054-aea113472c8b,85f72481-0e57-4265-978c-60615700dd00,2025-12-27 08:06:09.365,2025-12-27 08:06:09.365,10004,R5wtjjS0Fd,com.sec.android.app.shealth,54a75f99-ef64-45c9-8003-a70ae6cb678b,
0259b444-fa16-4c40-8005-36670e4ce410,c4408146-1647-44d2-b744-33ccbdfe6c49,2025-12-27 10:03:23.071,2025-12-27 10:03:23.071,10007,R5wtjjS0Fd,com.sec.android.app.shealth,eca8d199-36e8-453a-b8bd-22baaa44036a,
19bc852a-f2ee-4c00-b054-145c771335ae,451c7cdf-d4e8-4bf0-9cd6-1ee3777e1b07,2025-12-27 10:03:23.494,2025-12-27 10:03:23.494,10004,R5wtjjS0Fd,com.sec.android.app.shealth,03f0ffad-b11a-448f-b145-87fa21d7f318,
0769cf02-16d8-406e-ad6b-7f144d48f8ab,861874ae-63f4-4a4c-9228-17516052a05c,2025-12-27 10:03:24.702,2025-12-27 10:03:24.702,10002,R5wtjjS0Fd,com.sec.android.app.shealth,675e48db-a518-4808-b97b-fee4a847b6e4,
fc57eb3d-0af0-476b-903b-f3dbeb0e2916,25160c54-e88f-4872-8ae5-20a505a80a9b,2025-12-27 08:06:09.370,2025-12-27 08:06:09.370,10004,R5wtjjS0Fd,com.sec.android.app.shealth,072a8736-7c3a-481c-b2ae-078dda27d994,
120f32f3-bdad-40ce-8463-ef5e593135c9,44f7811f-d9a6-4ae8-8540-c80eca2760be,2025-12-27 10:25:20.177,2025-12-27 10:25:20.177,10004,R5wtjjS0Fd,com.sec.android.app.shealth,8e810336-0711-44e6-a138-f5a2f938be3d,
50b2e415-33ac-489a-8c7d-3368223b5659,2fe557c1-69ed-4e67-b028-92aa37904677,2025-12-27 11:18:50.795,2025-12-27 11:18:50.795,10004,R5wtjjS0Fd,com.sec.android.app.shealth,11c888d9-2552-4e56-83f1-44a424a720a5,
2be95535-6b14-4895-aa1c-2ed635655d4e,ab2a672a-fbe6-4d22-b565-3e765caf4dfe,2025-12-27 14:14:07.656,2025-12-27 14:14:07.656,10004,R5wtjjS0Fd,com.sec.android.app.shealth,61f3637e-9be5-46fa-b653-0dff1d53814c,
cd3d5ca5-3d3b-405a-b2b1-fb26004c3c98,2181d0ac-689a-43d6-9e91-d12dc6557d5a,2025-12-27 17:06:19.881,2025-12-27 17:06:19.881,10004,R5wtjjS0Fd,com.sec.android.app.shealth,cb92ed12-0180-4a81-a293-c7664d01d213,
c18aa056-75a8-47ac-87f2-259f58ed057a,698ba6bd-ad7a-4226-b6b8-e2f212aed872,2025-12-27 18:09:17.922,2025-12-27 18:09:17.922,10004,R5wtjjS0Fd,com.sec.android.app.shealth,d1a7c636-3745-4778-815f-df64075c5692,
5490f9c1-0b62-4f6a-8410-904ccbfb6e75,d692788a-284b-4687-9c24-0e2549c68a8d,2025-12-27 19:02:50.043,2025-12-27 19:02:50.043,10004,R5wtjjS0Fd,com.sec.android.app.shealth,ea286f9b-b063-4427-b596-60b8e0816957,
903f5953-8537-4a84-8483-94e6bd06a64d,bc02e9cd-2edc-4471-89fd-802772b1ce25,2025-12-27 15:33:27.392,2025-12-27 15:33:27.392,10004,R5wtjjS0Fd,com.sec.android.app.shealth,ea5178e5-94e1-4bda-8e1d-66a3b28a6e82,
2ff766ec-ba71-4ce2-98b7-4ed1399352d7,b150219b-4826-4035-a791-187ac62fcad0,2025-12-27 20:13:22.997,2025-12-27 20:13:22.997,10004,R5wtjjS0Fd,com.sec.android.app.shealth,4d199e7c-f52e-42cc-b261-47b375d81045,
5f39fd04-1fc9-403f-ba11-b0bcba2a08fd,30e94077-bfc5-4a4a-9158-3dfbb11aca68,2025-12-27 12:23:23.189,2025-12-27 12:23:23.189,10004,R5wtjjS0Fd,com.sec.android.app.shealth,96ffceba-6ca7-4931-ab90-16769409b48d,
9e52ecc8-0de8-4cdd-9136-ff045ea6059f,2562d7e8-9ac1-476b-ba9b-1f43ad82b6ad,2025-12-27 22:49:52.219,2025-12-27 22:49:52.219,10004,R5wtjjS0Fd,com.sec.android.app.shealth,abc20899-701e-4c84-8427-575d860841ba,
e05730d7-5ffb-424a-89e2-8eedcbde127d,a9707e00-0b56-40d4-8d80-7c096de2792f,2025-12-28 08:41:30.078,2025-12-28 08:41:30.078,10004,R5wtjjS0Fd,com.sec.android.app.shealth,a3e194b5-18c7-43ee-9212-109232e9e72c,
c58391fa-e4c1-4b12-9d50-552318696415,5511246b-31c6-45d1-91f8-7811cc06e57d,2025-12-27 13:54:11.037,2025-12-27 13:54:11.037,10004,R5wtjjS0Fd,com.sec.android.app.shealth,25042b74-1069-45dc-926d-357e21834461,
c5d761a8-66df-422f-8752-5de7eaa7c1a6,05ec08a8-c8e8-45e0-a908-22d3df0170fd,2025-12-27 23:05:00.353,2025-12-27 23:05:00.353,10004,R5wtjjS0Fd,com.sec.android.app.shealth,165b659d-a8c7-49c7-b3d5-1580acc23230,
6fa02d5a-dc3b-4478-b28d-7ffdbef8178b,afb4b1e6-3827-4fe6-9f50-9bd967d31d7d,2025-12-27 16:01:57.081,2025-12-27 16:01:57.081,10004,R5wtjjS0Fd,com.sec.android.app.shealth,6b6dd7cb-9c17-40ea-bd34-80cf0faf410b,
a7d6a62c-b745-4b89-a7a1-9d4a02e9ba29,4efd23d0-2082-416c-937a-8630b719cc9c,2025-12-28 00:15:43.645,2025-12-28 00:15:43.645,10004,R5wtjjS0Fd,com.sec.android.app.shealth,b1187519-068c-4d26-8690-002cf2ff52cb,
805ac6fc-edd9-45fb-9d0f-e128acb16443,b228a17c-9449-4adf-ab3b-6b81d6a12ab1,2025-12-28 06:04:28.193,2025-12-28 06:04:28.193,10004,R5wtjjS0Fd,com.sec.android.app.shealth,d1ce00ab-37a7-4522-a30c-52527d282cd6,
7bbe004a-6f88-4fb2-9987-3d4e05ef8c2f,758ffffd-4a9e-453a-89eb-c007513fe306,2025-12-28 08:46:26.162,2025-12-28 08:46:26.162,10002,R5wtjjS0Fd,com.sec.android.app.shealth,451cd571-aef7-4a0f-8ab3-86f695a20332,
77fcfcf2-08bb-4b26-be30-30a923a3fa1a,0e80492f-7970-417a-bd9c-7d2cfc8d499d,2025-12-28 06:04:28.215,2025-12-28 06:04:28.215,10004,R5wtjjS0Fd,com.sec.android.app.shealth,95acaee9-b4de-4862-8179-747d6fec5e35,
9957b662-4b8e-4532-9bd3-29db97fa7483,c23ceeed-1a84-42b3-bbc1-3e0f9f4e622a,2025-12-28 08:46:25.677,2025-12-28 08:46:25.677,10007,R5wtjjS0Fd,com.sec.android.app.shealth,9730c318-b458-4bfb-a8eb-61caa4fb5c3f,
e51a12f6-c2d0-4367-a8eb-2c10de7cdc2a,79108542-71c9-4d50-997a-9d4473bf0269,2025-12-28 08:41:30.086,2025-12-28 08:41:30.086,10004,R5wtjjS0Fd,com.sec.android.app.shealth,bbdcf245-a218-4e4d-9a68-321c1c1b1a20,
b38cf3b0-8504-4c55-9ab0-766599ec09b5,e81e8fb5-a333-47db-a679-8e1c97e5f288,2025-12-28 10:59:24.281,2025-12-28 10:59:24.281,10000,R5wtjjS0Fd,com.sec.android.app.shealth,2d0a25ed-4d32-4609-a7bd-1f9610ee545c,
96d86a9d-ca93-467b-9986-d5be437edea5,1571663e-79b0-4c26-aabc-ea22bfe86e24,2025-12-28 06:04:28.205,2025-12-28 06:04:28.205,10004,R5wtjjS0Fd,com.sec.android.app.shealth,257d2217-9ed0-4772-bc1f-598fa5ab11fd,
dab27538-f67f-4368-a8a2-5d45bad387f3,d67c4ca8-4e77-40ce-8302-563138bfb32e,2025-12-28 12:06:50.696,2025-12-28 12:06:50.696,10004,R5wtjjS0Fd,com.sec.android.app.shealth,57ec8fcf-3b36-4add-a4e2-f434e7f47c24,
192e6507-6455-413f-bd48-d66bd323d87d,01bba525-ad58-445c-8daf-ff22922ea53f,2025-12-27 21:27:05.425,2025-12-27 21:27:05.425,10004,R5wtjjS0Fd,com.sec.android.app.shealth,87eda0ed-f010-4598-bdf5-1d945c4819c9,
302282af-6bf5-4a66-835b-3204befebfe6,0cac0fe9-9e1e-4074-81e3-a66ca365dc21,2025-12-28 08:41:30.098,2025-12-28 08:41:30.098,10004,R5wtjjS0Fd,com.sec.android.app.shealth,29ee5c53-9b52-4e34-b598-ccbae5e8d897,
1611e797-3f2a-47db-9f28-3aad011abd60,34e1c84c-7bef-4a85-8def-440db34f3465,2025-12-28 16:42:48.298,2025-12-28 16:42:48.298,10004,R5wtjjS0Fd,com.sec.android.app.shealth,36a3ea0e-8231-4c3b-81d5-09ecb37d9b96,
9eb92320-56c2-4bb6-bc20-92d9f5f3b53e,f8f54419-aa80-457d-a673-7b3442e6f0dc,2025-12-28 10:59:24.737,2025-12-28 10:59:24.737,10004,R5wtjjS0Fd,com.sec.android.app.shealth,9c4ba083-015f-404b-8a87-3f26b0b6d55d,
d6041b67-8e81-4ad6-ab63-721a4a39afca,2e20e690-db87-4ff5-8896-74bbc3ccfa59,2025-12-28 06:04:28.232,2025-12-28 06:04:28.232,10004,R5wtjjS0Fd,com.sec.android.app.shealth,1c45d289-fcf2-47b3-b98d-450b835abd02,
ca9716fb-a43d-4f4c-a812-5205a20667de,a5cb58c9-d98b-4b79-b0c0-96363c7f307e,2025-12-28 21:11:40.727,2025-12-28 21:11:40.727,10004,R5wtjjS0Fd,com.sec.android.app.shealth,61eb3c9c-51de-4887-97f1-a83404e2c08d,
1e5dec9f-51ed-465d-83e9-e2f49656ab99,d8bdab9f-1ca3-4aa0-8bd8-17217c7005cc,2025-12-28 14:29:00.411,2025-12-28 14:29:00.411,10004,R5wtjjS0Fd,com.sec.android.app.shealth,e1bb6ef5-1e9b-40f4-a4c3-f54fceb15900,
b708361f-e972-4d92-a4ce-13e0baa2707b,acf31575-1547-4764-90c0-47bc5acba5b2,2025-12-28 08:41:30.073,2025-12-28 08:41:30.073,10004,R5wtjjS0Fd,com.sec.android.app.shealth,74ff65ac-f1b4-420f-a6fe-95535c7e858b,
a3e01d55-22f5-408c-8eb5-36723a85160d,0d2f916f-3064-4b33-ba5b-cff4c227d4ac,2025-12-28 19:26:32.789,2025-12-28 19:26:32.789,10004,R5wtjjS0Fd,com.sec.android.app.shealth,33f13e42-5f2a-4d94-8080-647c9c7e8fa1,
2e8e23ce-f864-4eaa-a9cc-4fa06bb432ff,9af32e38-640c-4ad1-a0e8-f58cccdb4b25,2025-12-28 10:59:24.763,2025-12-28 10:59:24.763,10004,R5wtjjS0Fd,com.sec.android.app.shealth,81fcf190-760c-44a7-bf34-13d2c286212e,
63cc8fc9-b8f7-4ae5-885f-bb2c6bd1db27,274cf14b-2539-4c0d-9fd7-a99bb72381dc,2025-12-28 11:20:45.488,2025-12-28 11:20:45.488,10004,R5wtjjS0Fd,com.sec.android.app.shealth,9c7e32b5-4a50-4548-ba0d-299c1ce4ef37,
b4fdfd4e-19bc-46a9-8fbe-2ef93e31a87f,233ade93-be3f-4dd6-a2a7-763c8903d226,2025-12-28 18:06:13.817,2025-12-28 18:06:13.817,10004,R5wtjjS0Fd,com.sec.android.app.shealth,f70a2ea7-0666-4884-ad6b-0f8937e0fb2b,
25ac956b-eb1c-4259-87f3-542ed8ce6e71,7d6a1631-6733-4af7-91b4-7056c5c56735,2025-12-28 10:59:24.444,2025-12-28 10:59:24.444,10002,R5wtjjS0Fd,com.sec.android.app.shealth,7d79f094-9dc1-47f3-bdb8-5671898f118f,
4f52f9db-007b-4674-bf63-8ef3b644dd96,775ed863-e996-4258-a1a3-4b9a32eb10c3,2025-12-28 15:45:47.051,2025-12-28 15:45:47.051,10004,R5wtjjS0Fd,com.sec.android.app.shealth,3d7f783d-7e81-4f7c-954b-86870fa01448,
3072b663-6caf-37ce-848c-f132d7c0e843,23a7cc3c-38cf-4c94-b46a-24c8696a9016,2025-12-28 15:46:26.982,2025-12-28 15:46:26.982,10008,R5wtjjS0Fd,com.withings.wiscale2,649577ea-b4d6-4dd6-95df-da9a7e7e015e,
3f021679-7840-4570-91e6-6e8ca5b6b41f,f6c635da-4726-4ac8-a9d3-6121e0f36869,2025-12-28 10:59:24.656,2025-12-28 10:59:24.656,10007,R5wtjjS0Fd,com.sec.android.app.shealth,f44cca29-5904-484b-9417-5a7f124986e5,
742cff8b-90ce-4f62-b68a-c8652b01bdde,0cd213f4-e042-49f7-bcad-b4b49a934d0d,2025-12-29 10:56:27.612,2025-12-29 10:56:27.612,10004,R5wtjjS0Fd,com.sec.android.app.shealth,48f318f3-c3a5-4f80-bc6e-29dd4af15a27,
0b3b9046-5723-40a1-840c-d048ccc522e2,a94d5180-dcb2-46c0-b2cd-5f212e4965b4,2025-12-29 10:56:27.140,2025-12-29 10:56:27.140,10000,R5wtjjS0Fd,com.sec.android.app.shealth,bc1ac27e-b982-4c6a-9751-ddd74f391aff,
6c33d31b-2f09-4a25-bd3d-4e339615362e,f132c48a-01ab-4e48-96d5-69acca9c61be,2025-12-29 10:56:27.699,2025-12-29 10:56:27.699,10004,R5wtjjS0Fd,com.sec.android.app.shealth,9193888c-33e0-4971-842a-c2be7eaa2fea,
b8fbf893-4e40-4c4d-8ed8-062af592611f,8a2c255d-01f5-4029-8f64-af1002731dcb,2025-12-28 18:06:13.824,2025-12-28 18:06:13.824,10004,R5wtjjS0Fd,com.sec.android.app.shealth,e53f91ed-ad81-4749-959f-3be68e1f8fc5,
82bd4626-b97f-4d18-ab73-be51336e2e88,c9dca93a-aa63-494f-9883-eef9b7b63423,2025-12-28 13:06:26.582,2025-12-28 13:06:26.582,10004,R5wtjjS0Fd,com.sec.android.app.shealth,5c9f12cc-272d-44e8-a2e6-b30e2623875e,
e9847796-c76a-4bb9-9691-f2651d8b4119,56ba9381-5453-4929-8ca5-f323fe259a8e,2025-12-28 21:11:40.711,2025-12-28 21:11:40.711,10004,R5wtjjS0Fd,com.sec.android.app.shealth,18f517f3-a259-4109-8067-f62d44650bfd,
6ef501b6-7f0c-40e9-8dc8-c7088997c881,803389ef-af2a-4c20-a192-6832df103d33,2025-12-29 04:34:47.249,2025-12-29 04:34:47.249,10004,R5wtjjS0Fd,com.sec.android.app.shealth,07cff951-5b5a-4e31-bde0-65547b5b034c,
cc906119-4c94-4b7c-8dc6-89a952349072,95792265-ca8a-4fab-b641-88f584b4a0d8,2025-12-29 10:56:27.713,2025-12-29 10:56:27.713,10004,R5wtjjS0Fd,com.sec.android.app.shealth,64c3145d-0529-44de-8c9a-00ec1af4859a,
d1a0b2ac-75aa-4d1d-8a31-f79fce14bd18,42f365fa-4590-40ad-b6f3-ec22378b4544,2025-12-29 04:34:47.216,2025-12-29 04:34:47.216,10004,R5wtjjS0Fd,com.sec.android.app.shealth,155f8e01-34b6-415f-9fc5-4a2c6d8fe72e,
62a743c1-db45-46ad-869b-7ce2a0dd0a5c,774b3c11-a83b-4094-875c-b1a4add5c182,2025-12-29 10:56:27.686,2025-12-29 10:56:27.686,10004,R5wtjjS0Fd,com.sec.android.app.shealth,6471c6ec-85d6-43c1-afc4-ece09da762f3,
d289cc33-8537-4e12-b135-97f09159ee9a,f7b8e43b-1835-4526-bff1-1c9fed85b702,2025-12-29 14:15:08.901,2025-12-29 14:15:08.901,10004,R5wtjjS0Fd,com.sec.android.app.shealth,1f66d02d-73ee-450d-9e37-fd64247f649a,
b1baf79c-e9b0-495c-9540-e356197be5b2,a7cbc3c5-e3cf-4007-afb4-3e0d2a735956,2025-12-28 23:18:49.656,2025-12-28 23:18:49.656,10004,R5wtjjS0Fd,com.sec.android.app.shealth,f15760dc-3422-4ee0-b48e-cfbb08f1b0b3,
4eb80e9d-5e7a-44fa-968c-e85932680d7b,e4caf20a-cce0-4977-bf42-6f830cecf344,2025-12-29 10:56:27.635,2025-12-29 10:56:27.635,10004,R5wtjjS0Fd,com.sec.android.app.shealth,e043645a-58ca-4172-b377-8ea4216edf7e,
f0522d74-3566-4dea-96e3-ec3a427e288f,d5b02e44-2dae-4b43-a34c-aabc65f6c6d6,2025-12-29 10:56:27.664,2025-12-29 10:56:27.664,10004,R5wtjjS0Fd,com.sec.android.app.shealth,5f2bb507-eedf-45e0-a5fc-349183f023b9,
2b6ccbdb-3ebe-4c5e-98c2-6051f31045a5,541e08a8-6e7b-4cb6-8b88-b556f2c23a0d,2025-12-29 11:09:19.397,2025-12-29 11:09:19.397,10004,R5wtjjS0Fd,com.sec.android.app.shealth,78201d8c-2262-45ef-b5c5-4907260ce87b,
a38aa0af-e857-448a-8698-1a440945bfa6,125bd21d-4904-47be-8273-4135201043d0,2025-12-29 10:56:30.768,2025-12-29 10:56:30.768,10007,R5wtjjS0Fd,com.sec.android.app.shealth,a0a08cbd-2221-4d2d-a7c5-912e60b783c0,
fa964c3e-ad2e-41b5-b1ea-5e3b15a7e13e,b4694c01-a66e-4394-b3a4-326e5cd55d46,2025-12-28 22:24:08.400,2025-12-28 22:24:08.400,10004,R5wtjjS0Fd,com.sec.android.app.shealth,12661fbb-f3df-48f5-8684-2dbb53d787dd,
1c9291d7-6a39-4171-86d0-0e80d8cefdcf,3716d434-c12d-4fd8-af35-98a4651bcee7,2025-12-29 17:11:28.600,2025-12-29 17:11:28.600,10004,R5wtjjS0Fd,com.sec.android.app.shealth,16e8dc2b-c55b-4497-bc24-53f4c333efb4,
c55301ad-d16e-4d54-97ad-b5c42cdbe7cb,f470ae69-67fd-4b73-a24b-b52f5fafa3b6,2025-12-29 10:56:27.737,2025-12-29 10:56:27.737,10004,R5wtjjS0Fd,com.sec.android.app.shealth,ffd7f72e-adb4-4345-9371-aa74d7e8e5d5,
a2e736df-e208-462f-b3ea-01a634e7e82f,4d4b8399-c14e-4e0d-b73e-e6f742b3ef4b,2025-12-29 10:56:27.727,2025-12-29 10:56:27.727,10004,R5wtjjS0Fd,com.sec.android.app.shealth,94ec14fc-a37f-4490-aa34-10f2dd66edb3,
c2ee68c0-3427-4aa1-a0ca-7e2c81355c42,fba72650-6a3f-4928-98cf-0128abdec53a,2025-12-30 09:17:08.855,2025-12-30 09:17:08.855,10002,R5wtjjS0Fd,com.sec.android.app.shealth,4a90fe87-75cc-47ac-8edb-0b1462e9324a,
7fc87c72-1588-4818-ba99-ea8070a63514,1613f40d-ad02-4896-87d3-c94fa4e7aa7e,2025-12-29 10:56:27.095,2025-12-29 10:56:27.095,10002,R5wtjjS0Fd,com.sec.android.app.shealth,c9230b45-fefe-4cfb-9390-81b8ece90192,
bfd5b722-4a26-42c1-b2bc-84aff984252a,0d8ecfae-8abd-458a-8579-81868955e9a9,2025-12-29 16:16:00.446,2025-12-29 16:16:00.446,10004,R5wtjjS0Fd,com.sec.android.app.shealth,baa0896c-77ca-4fff-827d-fb970cec63f1,
7489ba8c-8abc-4922-a4f2-fea112567962,2dc524d1-4544-48c1-9ef1-5594300346d3,2025-12-29 10:56:27.723,2025-12-29 10:56:27.723,10004,R5wtjjS0Fd,com.sec.android.app.shealth,c414cc83-e4bc-4ff4-9e02-181066215bcc,
ca0fab5a-1fa9-4258-a0e6-4dfa6a826191,4e19c5ac-665b-4bef-8acc-b82fe8fefb7a,2025-12-29 16:16:00.442,2025-12-29 16:16:00.442,10004,R5wtjjS0Fd,com.sec.android.app.shealth,a6f1575c-6caf-4313-b906-7af515e707c8,
6f1549bc-60b4-4c38-9020-247fa215afb8,55920545-a26a-4d67-a2a4-ebcc5e9cbcc4,2025-12-29 16:16:00.432,2025-12-29 16:16:00.432,10004,R5wtjjS0Fd,com.sec.android.app.shealth,134b2ed6-f31f-49c8-b475-5c3d2fd48935,
f1e3ca9f-7f70-4e97-a2eb-b51e465c250c,abf36421-73cd-4b39-9a32-0c5e8cd381d8,2025-12-30 09:17:07.478,2025-12-30 09:17:07.478,10007,R5wtjjS0Fd,com.sec.android.app.shealth,8845cf48-aa0f-4db6-a016-81b11dbf5d86,
6d75968b-b376-4bb8-bbb2-ca6085729963,3cd50f04-ea67-443c-8f73-8f89c5b11967,2025-12-29 23:28:53.576,2025-12-29 23:28:53.576,10004,R5wtjjS0Fd,com.sec.android.app.shealth,11573da0-0959-4a4b-a1df-25c09cf68bd7,
4eb6df73-dbcb-48c2-9987-892ca354126b,dd6d750c-af5b-4dc3-ab78-8028a1fe1871,2025-12-29 12:37:07.024,2025-12-29 12:37:07.024,10004,R5wtjjS0Fd,com.sec.android.app.shealth,453cc25f-199b-4ac3-98fd-266df3340b30,
01ce5099-90b8-471c-abf6-2b667559be4f,dcc87196-db0b-477c-9f91-f0eba426bcb0,2025-12-29 20:03:53.001,2025-12-29 20:03:53.001,10004,R5wtjjS0Fd,com.sec.android.app.shealth,79f6d0eb-3d4b-48fb-9441-7e08474a520a,
526b370e-ab0b-4863-b16f-29b173a93b33,af450c57-2486-49e7-b8a8-0566c32a4206,2025-12-29 13:04:37.650,2025-12-29 13:04:37.650,10004,R5wtjjS0Fd,com.sec.android.app.shealth,2c8a9f2d-1af1-4cd5-bddf-275dc8c3e6f0,
33ca8d71-f523-4349-a121-5044cfc5b5f2,0ff8b312-4b5a-48f2-ac37-4d6142b04769,2025-12-30 09:17:09.827,2025-12-30 09:17:09.827,10004,R5wtjjS0Fd,com.sec.android.app.shealth,bc953455-4d93-47bc-89c3-3656b5de6211,
6c94a09a-f5cc-454c-9df0-c394a43e6825,fa2561f7-fc92-4c65-affb-45e2a266e324,2025-12-29 21:21:03.872,2025-12-29 21:21:03.872,10004,R5wtjjS0Fd,com.sec.android.app.shealth,5ea4c00a-7f62-40f3-b9dd-dee94d6ff5ca,
daf1226f-f841-4348-af91-3a46fe99c86b,e2cfe98c-16ec-44b9-a68f-9e6391ccd114,2025-12-30 09:17:09.766,2025-12-30 09:17:09.766,10004,R5wtjjS0Fd,com.sec.android.app.shealth,5276f12b-fe9d-44bc-95de-63088be2cdb2,
991f6c25-7ef9-45b5-93bd-a6a233b71b09,7bdcb295-ed65-4984-b7b9-084ebbd647b1,2025-12-30 09:17:09.894,2025-12-30 09:17:09.894,10004,R5wtjjS0Fd,com.sec.android.app.shealth,3e60b2e1-853a-413c-a227-70b97f18ce9b,
10ad2a20-c562-4326-b5a6-34295bc89f36,e817aee0-07c2-47ab-a8f9-0c023e3e7604,2025-12-29 19:49:52.847,2025-12-29 19:49:52.847,10004,R5wtjjS0Fd,com.sec.android.app.shealth,f8520a68-0880-4994-a08a-bd50af8c57eb,
995c5ac3-44ed-453a-8975-daabf553179b,a54bac9b-d74a-40b9-a1d3-b01ad7826285,2025-12-30 09:17:09.781,2025-12-30 09:17:09.781,10004,R5wtjjS0Fd,com.sec.android.app.shealth,bcca21aa-bb45-4dc1-a1c3-36a8044bf295,
babc9110-3c6c-4214-a5c6-57283fcd2f56,309c6b81-b5b8-4135-97a6-5230b77a5370,2025-12-30 10:39:36.184,2025-12-30 10:39:36.184,10004,R5wtjjS0Fd,com.sec.android.app.shealth,a396c35a-da4e-4c10-afad-dca78a2ec2ad,
6545f67c-74f5-4686-943a-de31c418c116,4fddf33f-db57-4e56-9501-812c8333e477,2025-12-29 18:29:25.296,2025-12-29 18:29:25.296,10004,R5wtjjS0Fd,com.sec.android.app.shealth,7808de3d-ea5d-4e6f-8cca-63d97381fb52,
1e8e8051-a1fb-49f2-9027-426c1bf406bd,dbd699dc-f078-40ae-ba12-2db39c1a0669,2025-12-30 09:17:09.797,2025-12-30 09:17:09.797,10004,R5wtjjS0Fd,com.sec.android.app.shealth,16284056-3b3a-451c-ad61-e4dbc9e4b9fd,
14e3df73-c7d7-42d9-aee5-b552ce86a065,c05a1166-4419-4695-924d-51e949aafd7e,2025-12-29 22:23:37.223,2025-12-29 22:23:37.223,10004,R5wtjjS0Fd,com.sec.android.app.shealth,7a361124-4d17-4d26-ab00-6951ca1c28fe,
eb70c5d6-c75d-412b-b950-c596009248f3,aef96661-a3c6-4e99-9726-4011d4547d60,2025-12-30 09:17:09.873,2025-12-30 09:17:09.873,10004,R5wtjjS0Fd,com.sec.android.app.shealth,2c135184-64c7-4741-9ec7-63f3ae682a7c,
d24d462b-75a9-4b3d-b44b-fb192b25f492,e94d07e2-1e32-4518-add4-10d6a2a5b835,2025-12-30 14:15:43.501,2025-12-30 14:15:43.501,10004,R5wtjjS0Fd,com.sec.android.app.shealth,93678793-d6e3-424d-83f0-7994e0774b8d,
6865f739-7d20-4b3a-998f-92b6cce2d449,3d7654d4-e744-470c-ae16-1f5a5517d09b,2025-12-30 10:39:36.195,2025-12-30 10:39:36.195,10004,R5wtjjS0Fd,com.sec.android.app.shealth,e4bb9ccf-a6a3-43de-89ed-c6eaceb67ec7,
616e8edd-0f38-4e2e-9015-95650d3deae3,abde5d3f-5b7d-4c2c-9c93-c4bd21fd02a7,2025-12-30 22:41:01.099,2025-12-30 22:41:01.099,10004,R5wtjjS0Fd,com.sec.android.app.shealth,ee7e0382-9edb-48a2-8e8a-7239a3d0ab26,
6d625a56-2278-409e-aafb-d72d563ffe20,eb1b85fa-1880-4e14-839d-75faf7860d51,2025-12-30 09:17:09.774,2025-12-30 09:17:09.774,10004,R5wtjjS0Fd,com.sec.android.app.shealth,5e49ccb9-3d6a-4146-9cd5-218dc4e3af40,
9d1083ff-cc43-4f59-87ac-a75cf98b710d,3512438f-e63c-4c80-b993-de9e978fce36,2025-12-30 16:12:50.160,2025-12-30 16:12:50.160,10004,R5wtjjS0Fd,com.sec.android.app.shealth,82669bd0-0229-4074-bdf5-0197855edfd4,
43ff7597-2815-4210-98f0-f3a539a4a939,2d59a2d3-065a-4c84-996f-68e5b18819d3,2025-12-30 10:01:34.238,2025-12-30 10:01:34.238,10000,R5wtjjS0Fd,com.sec.android.app.shealth,e75cde47-62ae-4e7c-af17-46d1e9e3b54d,
044429b4-ef70-4a02-8a3a-b3ff301b2575,9f3a1c40-163a-4dab-a6d3-751a86dacbd9,2025-12-30 09:17:09.847,2025-12-30 09:17:09.847,10004,R5wtjjS0Fd,com.sec.android.app.shealth,60566d03-bbdd-45d2-92ae-d7ff87bb617b,
3cdf7e5f-1c3d-4898-aa14-dcb04aba750c,d4cac3b2-fc0e-451c-9b50-370c42acab06,2025-12-30 12:41:10.959,2025-12-30 12:41:10.959,10004,R5wtjjS0Fd,com.sec.android.app.shealth,1fe6eab4-e1f0-469c-abe7-3deefa9fefc0,
cca9d76b-fb40-4da6-9d18-d929b13d01c6,68ffc736-3716-4a90-87ed-cf9ca8936237,2025-12-30 20:31:24.982,2025-12-30 20:31:24.982,10004,R5wtjjS0Fd,com.sec.android.app.shealth,c05365c3-5cd4-4dc9-8588-c86c259e912c,
686f132f-2478-487a-81a3-490b6e44ca54,54705b46-f2e7-4811-8392-361f0bfad8d7,2025-12-31 07:15:55.963,2025-12-31 07:15:55.963,10004,R5wtjjS0Fd,com.sec.android.app.shealth,73056814-4354-4ff9-b0cc-22885391e065,
86d86131-54ee-4d66-8972-13c70db191dd,6bade907-1b90-4e93-9092-832afd9d8653,2025-12-30 13:45:48.223,2025-12-30 13:45:48.223,10004,R5wtjjS0Fd,com.sec.android.app.shealth,ded2a327-b7d4-4af4-8d97-02862f1a2651,
1e3003c9-81ae-485f-8eec-80785b96fe3c,8088eb29-2a84-4396-ba70-8375bb16d440,2025-12-30 18:12:14.441,2025-12-30 18:12:14.441,10004,R5wtjjS0Fd,com.sec.android.app.shealth,3badbc33-8e6c-45e7-b9a7-67a5e1e8036f,
a87a44ae-6c17-4912-b1ec-6a13f75fd409,c7506b4c-40ef-4c4f-ba9e-034021686ebc,2025-12-31 07:15:55.978,2025-12-31 07:15:55.978,10004,R5wtjjS0Fd,com.sec.android.app.shealth,fe656c64-cffb-4d48-bd2e-a6e26905a893,
80216497-2778-449e-90d5-83318d0614a2,a092ee26-08e1-490f-b05c-5107ea9c0f7d,2025-12-31 07:15:55.969,2025-12-31 07:15:55.969,10004,R5wtjjS0Fd,com.sec.android.app.shealth,6bfbe3a9-a098-4c29-98f9-1c8a30797e54,
422d40c9-b342-43a0-ae87-cac1f70232c4,6644bff4-c12f-4a75-b26b-eb2756f678b8,2025-12-30 21:06:00.655,2025-12-30 21:06:00.655,10004,R5wtjjS0Fd,com.sec.android.app.shealth,a5e84fd0-417a-4796-aaf6-c33eb271911d,
ab7744ff-09ec-4846-b188-2c077ebbfca7,8eea3ace-71e5-4a56-bfd0-d2528334d7ee,2025-12-30 15:24:57.564,2025-12-30 15:24:57.564,10004,R5wtjjS0Fd,com.sec.android.app.shealth,dd5e686b-5f23-467f-9c4d-25b59c0d5100,
14c4bdf9-870e-4792-9bf6-6046a2cd999c,d6ec72b0-9428-4423-aa20-9a99956ebb50,2025-12-30 23:35:51.581,2025-12-30 23:35:51.581,10004,R5wtjjS0Fd,com.sec.android.app.shealth,65daabef-4209-410c-9d39-c6b8377c16dc,
2e494488-2cdf-4146-88da-2c3de89ec40e,92fb7702-7b67-46a7-9b20-bc62ea84e802,2025-12-31 07:15:55.985,2025-12-31 07:15:55.985,10004,R5wtjjS0Fd,com.sec.android.app.shealth,f729e6f8-8007-4988-abed-9a2e6a805f43,
79fc798a-56f4-4cf4-a7c8-f55bcdc1e879,a98d0599-aa53-45fa-9ec5-40d3a7fb5c6e,2025-12-30 17:11:20.360,2025-12-30 17:11:20.360,10004,R5wtjjS0Fd,com.sec.android.app.shealth,438ffa68-51bf-408c-a32c-151fa9468544,
26373ed6-6526-4b81-aecb-102bfdfa1a97,b45248c6-481c-4bce-9641-ff8dd22a60c3,2025-12-30 11:30:10.552,2025-12-30 11:30:10.552,10004,R5wtjjS0Fd,com.sec.android.app.shealth,e6fc5739-227c-4010-8279-a8763c8b74b2,
4a904cc4-8487-48f2-b27a-cbd62287dc23,bd297e5b-d8ca-483d-bb29-e62e27e55826,2025-12-30 09:17:09.819,2025-12-30 09:17:09.819,10004,R5wtjjS0Fd,com.sec.android.app.shealth,bcd67a4d-a794-419d-82c8-7b10be803182,
3b55db39-70df-4a29-a2aa-5861ebdc5444,4866ed7c-4399-4d98-b3a7-f8aa04d57687,2025-12-31 14:06:12.545,2025-12-31 14:06:12.545,10004,R5wtjjS0Fd,com.sec.android.app.shealth,496a4bf3-07ef-4948-9225-25ecb7c46755,
f67342ea-509e-49d3-b5c0-07c2e8f9a340,fac1a832-7f0c-4690-8dc7-93d57fe3e9b6,2025-12-31 07:15:55.998,2025-12-31 07:15:55.998,10004,R5wtjjS0Fd,com.sec.android.app.shealth,2daf3474-ac98-4a23-a41b-ef640efa14ba,
14e80281-7707-4c13-b1f7-342fff793f50,e94df399-aa3b-40ff-8e4a-67b1d7fafd38,2025-12-31 07:15:51.933,2025-12-31 07:15:51.933,10007,R5wtjjS0Fd,com.sec.android.app.shealth,75301ef7-3929-4d19-9766-26095a0e2d01,
95dd5c44-ab99-4bb7-8425-a88583196ccc,45cc6fac-0956-42fe-a1e9-abcf70e09c45,2025-12-31 08:35:38.773,2025-12-31 08:35:38.773,10000,R5wtjjS0Fd,com.sec.android.app.shealth,70605cfb-f899-4fdf-9b3d-67ebe930cb2c,
43cc36fc-bbfc-4df0-bd8c-3ba08fe446be,37060b1e-0f03-4122-8aac-8b4218501f02,2025-12-31 08:35:38.811,2025-12-31 08:35:38.811,10004,R5wtjjS0Fd,com.sec.android.app.shealth,dd10188a-7ebb-4805-a4a7-ef57852a47a6,
79004092-0caf-483a-abeb-de9b765c1772,cbd36c1f-75ae-41d1-811e-d1a0573f9aae,2025-12-30 19:30:30.435,2025-12-30 19:30:30.435,10004,R5wtjjS0Fd,com.sec.android.app.shealth,c0798324-e8a9-4b2f-81a5-f49d0258c9ab,
6ac23487-1412-431f-9c80-9a4c1e72545d,b61c949e-51f6-4698-b427-16fc2fd57d2d,2025-12-31 07:15:54.967,2025-12-31 07:15:54.967,10002,R5wtjjS0Fd,com.sec.android.app.shealth,af5743ce-2ba6-4f08-ada6-b8472da246a8,
6d448486-e227-44cb-ad95-f53b97e23a5f,3d9b300c-8998-4e17-8bb1-9cf5eddb2159,2025-12-31 07:15:56.007,2025-12-31 07:15:56.007,10004,R5wtjjS0Fd,com.sec.android.app.shealth,b768c4d3-b5e5-46a1-a960-fa1f5bdfadca,
34855f21-dbf9-48aa-a293-80f3134f0e7e,745f57a9-8e22-4665-b7a5-5bdfdcae52d0,2026-01-01 04:39:11.516,2026-01-01 04:39:11.516,10004,R5wtjjS0Fd,com.sec.android.app.shealth,5ff20e7f-eaaf-4c63-9ff3-93029a52d1f6,
caad709e-f8f5-45cd-9b7b-b43e31b7719a,10b9604e-2beb-4629-8f39-09e8a2c585a6,2025-12-31 15:04:49.108,2025-12-31 15:04:49.108,10004,R5wtjjS0Fd,com.sec.android.app.shealth,b24e23fe-64e0-4f4f-8617-ae44ea38ddcc,
cde52f17-2ea1-43bf-a6c4-2bc16e5aca0b,b446e473-3cd6-4f5b-8a80-4a4a93100443,2025-12-31 07:15:55.945,2025-12-31 07:15:55.945,10004,R5wtjjS0Fd,com.sec.android.app.shealth,b662b49e-34c3-44a4-a0f5-2a26ac2c56d4,
b477b847-f10e-4ab6-8479-7ad878782e5a,dff57d6b-b4c5-4370-a37e-1585c01cb497,2025-12-31 10:34:11.338,2025-12-31 10:34:11.338,10002,R5wtjjS0Fd,com.sec.android.app.shealth,4b778b27-aa71-464a-9881-50a9b62ae364,
409bb706-9a29-4e0b-ae19-5a8f26a4e35a,ccb1017c-b84e-4e4c-a2eb-9e0066be0671,2026-01-01 00:03:39.252,2026-01-01 00:03:39.252,10004,R5wtjjS0Fd,com.sec.android.app.shealth,450c5a7c-dd98-4d7b-93e2-5821548402f4,
4351f897-c106-440d-a289-373d4b5a942f,b435e50f-d039-4e11-9857-78a7127019e1,2025-12-31 10:34:11.730,2025-12-31 10:34:11.730,10007,R5wtjjS0Fd,com.sec.android.app.shealth,d460e79e-c6ac-4c8b-ad58-32c0bfa6c352,
4dea3eca-cc4e-45d6-bfbe-d4834b0136fc,5307b56f-3bfc-4ecb-85fb-45126ef1f660,2025-12-31 17:19:53.757,2025-12-31 17:19:53.757,10004,R5wtjjS0Fd,com.sec.android.app.shealth,a8840207-3cc8-48fa-b5aa-23ef1c044f11,
c874ead9-a9cd-470b-8251-330956c78375,5d15acc7-545b-49e3-8d1c-1758f1212ab7,2025-12-31 08:35:38.795,2025-12-31 08:35:38.795,10004,R5wtjjS0Fd,com.sec.android.app.shealth,933bcd46-b4af-416f-9d59-4841b89283ea,
ef809dbe-5b1f-4ee1-a76d-8a6c51302102,0c0f6d6e-ac24-41b4-88ac-e20b1f839f45,2025-12-31 12:05:50.987,2025-12-31 12:05:50.987,10004,R5wtjjS0Fd,com.sec.android.app.shealth,b646e315-3c80-4ecc-bb1b-3064bdc126c8,
4e8217df-2d85-4acc-971e-cf9cedb27c47,67fd5b43-3b62-4a5c-8247-4fde6b9a253a,2025-12-31 18:26:49.864,2025-12-31 18:26:49.864,10004,R5wtjjS0Fd,com.sec.android.app.shealth,79e9a294-c0dd-4927-a6e5-e013636c917b,
a49ca58b-3abc-4037-bfc3-8148b3378819,0817db71-b588-452a-9d6a-4b006817449a,2025-12-31 10:34:12.922,2025-12-31 10:34:12.922,10004,R5wtjjS0Fd,com.sec.android.app.shealth,5b96f026-0c75-4436-b481-5947a06d5481,
2f3c5425-affc-4fa7-93b8-ac4120f24a86,85a508c1-11ad-4bb3-9ea7-8643f7a3a283,2025-12-31 10:34:12.942,2025-12-31 10:34:12.942,10004,R5wtjjS0Fd,com.sec.android.app.shealth,33e4c43d-e277-47c9-bd2a-5471cecf7a20,
d4feb5ed-e3e0-4024-9b72-18b661b34fb4,2ad02da9-36e8-4819-856a-bd7b93219ef6,2025-12-31 13:05:31.729,2025-12-31 13:05:31.729,10004,R5wtjjS0Fd,com.sec.android.app.shealth,246d4033-04c2-4b65-a239-bc548a25e5a4,
d5c980c5-52de-4689-a617-ddaf09a4671d,cc16e9d1-432f-4e6e-a882-228204f480da,2025-12-31 12:05:50.980,2025-12-31 12:05:50.980,10004,R5wtjjS0Fd,com.sec.android.app.shealth,3b91bd88-5fd4-4da8-8f97-87be9a6b34ec,
51c65c8a-d1eb-47ba-9f32-f178868dda45,a7d743f6-285a-4ad1-a0ce-130a10426dc2,2025-12-31 07:15:55.956,2025-12-31 07:15:55.956,10004,R5wtjjS0Fd,com.sec.android.app.shealth,40349d74-df30-44bd-8edd-a10a5960d293,
115aeff2-4430-4077-a269-9fae4e4a800d,ea468fde-d54c-430d-90e4-a3163eb905e3,2026-01-01 10:04:45.826,2026-01-01 10:04:45.826,10004,R5wtjjS0Fd,com.sec.android.app.shealth,9711b976-f50e-402a-9e6e-823397b63e1b,
689dae93-8f12-4126-902f-c3092fdc780c,02552953-00ec-41c3-92df-8dc2f6427cae,2026-01-01 14:34:44.855,2026-01-01 14:34:44.855,10004,R5wtjjS0Fd,com.sec.android.app.shealth,292e6b53-e716-4916-9257-312609584862,
7bc92b9a-ef41-4723-9830-3fef08b88e4a,7164c2e9-0339-471a-b3be-05e5d3a98dff,2026-01-01 04:39:11.711,2026-01-01 04:39:11.711,10004,R5wtjjS0Fd,com.sec.android.app.shealth,400beadb-626b-4e0b-a83d-c0a3252b504d,
45e86021-bf2b-47b5-8a4e-b130505cfb8e,fd4838c8-6636-44ba-b03f-f95ae9f1a6f4,2026-01-01 10:04:45.859,2026-01-01 10:04:45.859,10004,R5wtjjS0Fd,com.sec.android.app.shealth,f2ee9713-c0c9-47a8-bea1-d49c942404ab,
9adadb58-1117-4af1-b7a7-18c3c51c4618,35f04471-8756-44d9-a3f7-2c7dc12fd8da,2026-01-01 10:13:00.844,2026-01-01 10:13:00.844,10004,R5wtjjS0Fd,com.sec.android.app.shealth,781441ec-08c4-4145-bfc1-edef038a6968,
1647c4b6-03da-41f1-9f54-06b13d012df2,f1753eb4-92cb-411e-9299-ad4468bd25bc,2026-01-01 11:04:37.110,2026-01-01 11:04:37.110,10004,R5wtjjS0Fd,com.sec.android.app.shealth,14dedd77-94a1-4278-9b18-3f48916eb860,
2ce33896-efd3-4d46-b242-000ca3e7a3f5,63706d79-7c3b-4981-b9a1-8edf6c919659,2026-01-01 04:39:11.582,2026-01-01 04:39:11.582,10004,R5wtjjS0Fd,com.sec.android.app.shealth,b4fd22e0-cf64-418a-beaa-885e5c8f3b74,
0ef8e58c-76c3-440d-92d8-86e8f96aa218,e4e28549-1b2b-461b-8a0a-5c1defdfbebb,2025-12-31 16:48:53.865,2025-12-31 16:48:53.865,10004,R5wtjjS0Fd,com.sec.android.app.shealth,48cbe6c9-ee3f-4b83-8ec8-f4468ce92812,
ca7d8873-c612-4a31-93c1-3275b67d3811,f447adce-12ca-4bd5-beeb-1a6af06164c8,2026-01-01 10:04:45.893,2026-01-01 10:04:45.893,10004,R5wtjjS0Fd,com.sec.android.app.shealth,88fe8433-d94c-4f14-8111-def96c00213d,
b201e9ae-09ca-4eb8-ba10-75ec9143e701,17dfb4ac-2ec9-4eb7-bc20-648bb1e01ac7,2026-01-01 12:06:48.261,2026-01-01 12:06:48.261,10004,R5wtjjS0Fd,com.sec.android.app.shealth,7aa9c0af-df90-418d-87e2-9a9a03034c4b,
b7a0f5ea-9880-4c83-9548-9e2d2935caa2,05dcc96f-0046-45c8-9f23-1b737ba69c21,2026-01-01 10:04:45.807,2026-01-01 10:04:45.807,10004,R5wtjjS0Fd,com.sec.android.app.shealth,accede3f-209d-4b97-96dd-8ecd51ffd7c3,
79b918fa-85d0-4319-9ac2-fc97c70d7ffd,00898b62-e794-4145-b914-b58996cfe11b,2026-01-01 10:04:45.853,2026-01-01 10:04:45.853,10004,R5wtjjS0Fd,com.sec.android.app.shealth,cbf8c523-b325-4356-9cd4-b5561c8160ce,
ea61cd1c-47b1-480d-93ff-231a917bbe53,32a2a039-2eda-4a35-aeaa-110e30b5a70a,2026-01-01 00:03:39.260,2026-01-01 00:03:39.260,10004,R5wtjjS0Fd,com.sec.android.app.shealth,f6521d07-b934-4b39-90fd-faa2e30030fb,
0007d064-6a4a-414d-8561-6dcab3be45b6,a96ddd11-7819-4817-9ce7-9de220711dbe,2026-01-01 10:04:45.885,2026-01-01 10:04:45.885,10004,R5wtjjS0Fd,com.sec.android.app.shealth,f74bc424-ad64-463a-aaca-36686726acf0,
aa9e8916-96b8-4ff7-acfe-1956d4a0b2b7,f3526584-ffcf-4cc9-9ee7-b785bc7e1258,2026-01-01 10:04:45.898,2026-01-01 10:04:45.898,10004,R5wtjjS0Fd,com.sec.android.app.shealth,8e87e4b3-aa9a-4a8f-b9dd-dfc2f4feee66,
b22d08f8-2266-4001-b783-93951437c650,947ccb0f-e24c-4b77-afc7-315fb450d9c3,2026-01-02 07:37:03.070,2026-01-02 07:37:03.070,10004,R5wtjjS0Fd,com.sec.android.app.shealth,eeef9310-3051-4186-acd9-e1532d881e0c,
dd2c7f74-c121-4b84-aa00-ea34acd7e6cb,21325366-6ef0-44db-9566-34c46a41b47f,2026-01-01 10:14:19.634,2026-01-01 10:14:19.634,10002,R5wtjjS0Fd,com.sec.android.app.shealth,d8a82fa2-27b6-4e3b-a2b9-8a5c01d8e58f,
fda489a9-c39e-41ba-8b62-7bfde2e0b421,5480d544-ac0d-47bb-8f7d-643debcd56be,2026-01-02 00:19:00.085,2026-01-02 00:19:00.085,10004,R5wtjjS0Fd,com.sec.android.app.shealth,71b07bf4-66b5-49b4-8684-65d4a8d7e519,
58ef1e71-1205-49c4-ac9d-38aa6836d398,31c1600c-7bc8-40b5-b817-c9b3060f38f8,2026-01-01 10:14:30.585,2026-01-01 10:14:30.585,10007,R5wtjjS0Fd,com.sec.android.app.shealth,0e0e5603-9f7f-44ca-8680-596f91464aba,
c440e8fd-2efd-4461-afe7-e2df1f32c164,e86b3a13-1c3c-4e3d-8278-9c69f77e9d99,2026-01-01 16:11:49.613,2026-01-01 16:11:49.613,10004,R5wtjjS0Fd,com.sec.android.app.shealth,27f5e32d-75d6-4674-8c7d-cc9e7ed8c808,
16ffc537-afe8-4917-8617-20339071a34c,380d1b46-a54f-441e-b72a-88014d19fe11,2026-01-02 07:37:02.710,2026-01-02 07:37:02.710,10000,R5wtjjS0Fd,com.sec.android.app.shealth,c4191e7c-826a-48ff-90e0-e4b6c9081946,
aef04d25-a290-4b7f-b78e-856ceaf07ff4,baa15a5d-0b00-4014-80b6-e34bc0f8b592,2026-01-01 18:31:27.186,2026-01-01 18:31:27.186,10004,R5wtjjS0Fd,com.sec.android.app.shealth,caa14291-c1dd-4b44-aa27-e935bd5c1932,
867c19be-b661-4e89-9e19-ab976852523c,cb331b5d-b5ff-4a02-8b35-ca6e98411f99,2026-01-01 04:39:10.971,2026-01-01 04:39:10.971,10000,R5wtjjS0Fd,com.sec.android.app.shealth,af3e549c-42f1-45fb-a962-514874582c04,
ba40a836-cb87-4850-bdda-cd68fb4b371c,09606f45-2dbd-410a-8ba0-a997acf396d6,2026-01-01 19:30:30.752,2026-01-01 19:30:30.752,10004,R5wtjjS0Fd,com.sec.android.app.shealth,bcb223a0-0ba1-4d5f-9169-add97732f2d4,
8f8df467-e1f0-49f4-96da-83b2a55df489,b87b240d-e4c3-4968-abd3-b22b2013dbac,2026-01-01 20:54:43.814,2026-01-01 20:54:43.814,10004,R5wtjjS0Fd,com.sec.android.app.shealth,dd599db8-8617-47eb-b195-2a9a3192a818,
94ab1f0e-74c8-4213-b0cf-870df9bb7b84,158dccf7-9560-4d87-8e15-0b3191c174b1,2026-01-01 23:03:13.133,2026-01-01 23:03:13.133,10004,R5wtjjS0Fd,com.sec.android.app.shealth,b6f88d1a-f51d-4a17-8976-cc27b7837e85,
80c055bb-4dc9-40bc-b907-cc48efa8fd20,b9218ad6-4f27-4df0-9c5c-fc468889eae4,2026-01-01 16:11:49.606,2026-01-01 16:11:49.606,10004,R5wtjjS0Fd,com.sec.android.app.shealth,31002bc9-739a-4199-a10c-4de5bbbb7f0f,
2504a9fa-d509-483e-98ea-13ec5f17811f,7a2d03e3-4891-4175-9acb-34e45e9c8ec4,2026-01-02 07:37:02.936,2026-01-02 07:37:02.936,10004,R5wtjjS0Fd,com.sec.android.app.shealth,9146fb1e-a326-42ea-8775-97843548890c,
08d3afa7-507b-4cc6-8441-d437777b7ec4,f4c099a0-9fdf-408b-83c5-253185b19955,2026-01-03 00:21:21.718,2026-01-03 00:21:21.718,10004,R5wtjjS0Fd,com.sec.android.app.shealth,f33256b1-8579-44ef-83a6-1180265acdfa,
0462dd9f-16ec-48a3-a922-df2afcff9b83,0d3e4e14-8798-4f9e-93d7-8b571b641d93,2026-01-01 17:05:58.563,2026-01-01 17:05:58.563,10004,R5wtjjS0Fd,com.sec.android.app.shealth,b4a2ae28-e8c2-4498-ab09-930161726a8d,
548640dd-a82e-42c4-a9ed-cbc898233267,05f0384d-1d8a-4588-9bd3-fc62254b44a4,2026-01-02 09:56:22.191,2026-01-02 09:56:22.191,10002,R5wtjjS0Fd,com.sec.android.app.shealth,252dbc62-97f2-45e8-ac7b-1cc632dfe371,
5ab98b07-50af-4906-9aed-434d60516fff,2743e5c4-fb20-40ff-922b-a6336ef3482d,2026-01-02 09:56:21.925,2026-01-02 09:56:21.925,10004,R5wtjjS0Fd,com.sec.android.app.shealth,c15463d0-683e-40e6-8dac-23c96b6fb34a,
24498fc2-42ac-413d-a60c-9f87ea638a57,55f09aac-7d50-421a-957c-399276e99a9d,2026-01-02 07:37:03.179,2026-01-02 07:37:03.179,10004,R5wtjjS0Fd,com.sec.android.app.shealth,d8f5102b-3f20-44ed-a2df-adfa1302c41e,
213362d0-5e5e-41b1-8350-179bf3c498fa,7b2f56cc-f394-468a-8fdd-1277a7acf898,2026-01-01 13:35:58.477,2026-01-01 13:35:58.477,10004,R5wtjjS0Fd,com.sec.android.app.shealth,05337f8c-7ec3-4643-bd86-9a4bb0abb2b0,
4aff3d51-ee09-43c6-9ca0-063849387290,dae5eb0f-dfa5-4834-8cb3-0ba57f1338c9,2026-01-01 23:03:13.126,2026-01-01 23:03:13.126,10004,R5wtjjS0Fd,com.sec.android.app.shealth,15e48d7f-d929-4822-910f-223ec308ca91,
2e2d9b3e-3c32-4e8f-8297-6428befc9052,103db68a-4b80-4e94-9df2-b502331a267b,2026-01-02 16:10:56.585,2026-01-02 16:10:56.585,10004,R5wtjjS0Fd,com.sec.android.app.shealth,dc14032e-617f-44d7-804b-e49b96f7d901,
629c868c-16e8-4c0d-aa1c-52f74cc38606,a736a09d-8911-4a65-a3ac-7e46da3e9012,2026-01-02 07:37:02.994,2026-01-02 07:37:02.994,10004,R5wtjjS0Fd,com.sec.android.app.shealth,27905647-776f-4c95-b1c1-6be1d06a4f9f,
5ee73b6b-c50a-427b-8675-72122cdf6029,5e7251c6-789f-426b-806c-828be2315bb3,2026-01-02 07:37:02.955,2026-01-02 07:37:02.955,10004,R5wtjjS0Fd,com.sec.android.app.shealth,30400906-c8ac-4bea-8d76-d2cab9f152a7,
3b08ca1d-f6c8-40c0-9aa8-2e7a96b0ad44,bebf4bd9-6328-42ef-9deb-3eb7c85a3fb4,2026-01-02 14:40:39.317,2026-01-02 14:40:39.317,10004,R5wtjjS0Fd,com.sec.android.app.shealth,f311c5dd-2be4-49a5-b376-55ad0445a8b0,
603dc497-e703-470f-954c-92a7e56c167c,c082e821-7434-4591-8ab2-94957413b056,2026-01-02 07:37:02.964,2026-01-02 07:37:02.964,10004,R5wtjjS0Fd,com.sec.android.app.shealth,8d8db5b9-9b5e-4bb4-8de7-42a80bf6f68f,
4752ad6d-68d0-4f7a-aa81-cc62adf6dc52,ec027cfd-736a-4a81-8978-65d0c2efab83,2026-01-02 09:56:21.587,2026-01-02 09:56:21.587,10007,R5wtjjS0Fd,com.sec.android.app.shealth,12083ecd-a33b-4170-a376-50588310c1c0,
dca180f8-5764-4597-b8a4-bd673f9c20f8,18447915-bd45-4d85-b594-38ad43e9f4b1,2026-01-02 07:37:03.121,2026-01-02 07:37:03.121,10004,R5wtjjS0Fd,com.sec.android.app.shealth,ae2d5a64-db81-4e20-a3d6-7720467067b0,
1a56c469-167a-42c1-b562-17f97957d074,40d08bca-8a66-4b57-8899-1d51c64f8815,2026-01-02 18:55:54.043,2026-01-02 18:55:54.043,10004,R5wtjjS0Fd,com.sec.android.app.shealth,63ebe2fc-0dec-4167-9ba9-a207ed54a471,
2be972fc-9982-4e93-bf73-6a4da814dea1,1b9a0983-4fc8-4bb2-8c10-a9b5dc1b83a6,2026-01-02 07:37:06.703,2026-01-02 07:37:06.703,10002,R5wtjjS0Fd,com.sec.android.app.shealth,0c186bde-d553-4a76-8119-7fe0b2fdd1c7,
303b4ef3-85f4-40c5-9870-22781e6bd8a0,076cafbb-7e9f-4cf5-909f-a8a4c6d04e8f,2026-01-02 07:37:06.319,2026-01-02 07:37:06.319,10007,R5wtjjS0Fd,com.sec.android.app.shealth,f6291654-f78e-4601-9370-db06fdcced63,
dd7750fa-7dc0-40fd-9eea-3059a98507c5,0be270e1-ddba-451e-a1c6-15824ab86e2e,2026-01-02 19:06:48.462,2026-01-02 19:06:48.462,10004,R5wtjjS0Fd,com.sec.android.app.shealth,07c53736-1a5b-4f90-b62e-57c83f9ba3a0,
8885de8b-6ca6-4f4b-b169-ed98ad03343e,bf895e9d-e5f4-4293-9232-00f8f37186b1,2026-01-03 09:56:47.299,2026-01-03 09:56:47.299,10004,R5wtjjS0Fd,com.sec.android.app.shealth,7d8ddb19-ff98-45c0-b8d4-e2156a9837db,
6af11237-c886-49d5-bbaf-234e1bf5cf7d,c2e7b505-c91c-4da1-b8f0-0787b7b35ce4,2026-01-03 09:56:47.275,2026-01-03 09:56:47.275,10004,R5wtjjS0Fd,com.sec.android.app.shealth,ff3665f4-d184-4bfa-9901-4a461269cb2b,
046c34b8-5f2e-42d2-8570-61af2a21b6a0,e35c3937-0328-4e15-a401-4cc9ddfc2d04,2026-01-02 17:04:51.396,2026-01-02 17:04:51.396,10004,R5wtjjS0Fd,com.sec.android.app.shealth,591ebce5-c842-4c21-8810-6f164d7deec3,
9f7012e7-8d13-481f-bf63-0831df2a29b8,ae7cd1d3-61a6-429c-a925-538b035273b4,2026-01-02 16:10:56.580,2026-01-02 16:10:56.580,10004,R5wtjjS0Fd,com.sec.android.app.shealth,f44c0aa9-b27f-4572-acbf-56a567bafd9d,
bbf22f4e-18c5-41fb-8433-26234b2ebd2c,822a1368-0262-4647-831c-2669d83d653b,2026-01-03 12:39:03.891,2026-01-03 12:39:03.891,10000,R5wtjjS0Fd,com.sec.android.app.shealth,af966de8-5e8e-4eb5-acca-288f1f5549eb,
8ce87b29-ec71-4877-a289-988428fc3ec2,0bf3589b-1d90-4303-b8c1-5b4c20fa487d,2026-01-02 07:37:03.013,2026-01-02 07:37:03.013,10004,R5wtjjS0Fd,com.sec.android.app.shealth,b75f0eb0-4546-43ea-9e47-83bb3f1b8819,
601b1dee-10f7-495a-b5f8-a2ce9d3e10d0,f5bdfbc5-22f4-454f-94ca-435e66e87d61,2026-01-03 12:39:00.628,2026-01-03 12:39:00.628,10004,R5wtjjS0Fd,com.sec.android.app.shealth,41c47fe0-183c-4cce-9577-d7c3df5f6ae2,
fc25454c-787c-4e44-a529-557c9dc47344,ab05ac62-33f2-4b51-a760-1b88bd1a7a38,2026-01-03 00:21:21.735,2026-01-03 00:21:21.735,10004,R5wtjjS0Fd,com.sec.android.app.shealth,e7b304bc-adf7-4361-888c-68620f09bcd1,
b365ceb4-b4d7-40f6-b79f-7f3c8d79e5a6,d0b97f6a-916d-4c79-a9fd-45dc6768a842,2026-01-02 09:56:21.934,2026-01-02 09:56:21.934,10004,R5wtjjS0Fd,com.sec.android.app.shealth,8791c691-dcab-4f0d-a6b2-b3a26f36214f,
bb1e4090-ddc2-48fb-bebf-ff7fe8b48438,8329041c-1f7f-47b5-a3b9-5386c99a896c,2026-01-03 09:56:47.334,2026-01-03 09:56:47.334,10004,R5wtjjS0Fd,com.sec.android.app.shealth,11efa27b-8120-4e67-8e5a-4f1ef426cf6e,
5dcfc988-1b8a-41fb-9921-01ee66be32f1,723ed9ce-9f54-4299-ab7a-af8ebeb765f4,2026-01-03 00:21:21.725,2026-01-03 00:21:21.725,10004,R5wtjjS0Fd,com.sec.android.app.shealth,8de9b7e6-e605-41a0-bdf3-13e93472294c,
fed4dd3d-baa9-4f7b-945c-2fc1798658fe,2dc061bb-2ccb-46fc-9844-4ffa2fb499ef,2026-01-03 12:39:00.636,2026-01-03 12:39:00.636,10004,R5wtjjS0Fd,com.sec.android.app.shealth,8bde53e5-b9df-43ad-a501-4c67fbac1116,
5992097f-c7fa-4cda-8288-cd9c588c3712,8f0652ee-d482-44e6-8470-cdd12ed3cd1f,2026-01-03 00:21:21.753,2026-01-03 00:21:21.753,10004,R5wtjjS0Fd,com.sec.android.app.shealth,8d2c5667-c810-41bd-b916-4ae785206732,
a6564c93-6122-4749-bb29-896dd059dc74,41ee1676-6e2c-4eaf-a2ed-209e8addc743,2026-01-03 01:12:04.461,2026-01-03 01:12:04.461,10004,R5wtjjS0Fd,com.sec.android.app.shealth,f955d1e3-89b6-4173-897d-19f2da610457,
57da56d0-64f4-4961-8299-3716f930e395,e25bae16-d306-4b5c-a957-0024b4adeab7,2026-01-03 09:56:47.267,2026-01-03 09:56:47.267,10004,R5wtjjS0Fd,com.sec.android.app.shealth,6347f301-f400-4ac3-a63e-8a961b0a9a30,
f8836acf-307c-4769-b747-f3e57545d17b,8c8fff6d-c594-41e4-8d0c-999493b26269,2026-01-03 00:21:21.712,2026-01-03 00:21:21.712,10004,R5wtjjS0Fd,com.sec.android.app.shealth,5ad2d8de-e94c-478b-a150-bf0f79567e22,
42629a1f-3e7b-4b80-afd7-96d5fd416dab,e633602f-3a7a-426f-9684-661a37659deb,2026-01-03 17:21:49.941,2026-01-03 17:21:49.941,10004,R5wtjjS0Fd,com.sec.android.app.shealth,8bc2307a-26fa-4a80-955d-c73d3da9c452,
8e3f7322-f75d-46a6-ae3b-d8d54fe2a84b,37858ed4-fc1b-4259-8a72-5b151f044deb,2026-01-04 01:13:52.952,2026-01-04 01:13:52.952,10004,R5wtjjS0Fd,com.sec.android.app.shealth,47197ead-a59a-415a-a02b-b33437034f9f,
18a3782b-c216-4e38-b8e7-c2c23e9e2321,9419475c-4c61-4247-854b-a4149352cd1b,2026-01-03 15:10:03.592,2026-01-03 15:10:03.592,10004,R5wtjjS0Fd,com.sec.android.app.shealth,c8e3195e-1ecc-4c38-a346-eefc0cd4dad0,
d406a061-e5f0-455e-b979-f875f08b0391,9110dddd-450b-4afb-b388-949dee861795,2026-01-03 09:56:47.280,2026-01-03 09:56:47.280,10004,R5wtjjS0Fd,com.sec.android.app.shealth,e88f159e-1cdf-426b-8912-568fe37fbf2a,
c244e13f-c741-433f-a761-796025126988,420efa09-d6a0-4b48-9b6d-869c220ed11c,2026-01-03 09:56:47.340,2026-01-03 09:56:47.340,10004,R5wtjjS0Fd,com.sec.android.app.shealth,fb1e98a9-b77a-4e7e-8fe1-2aaaecf61e39,
3b1df365-53e9-4824-bee1-2e4343f3ef44,3bf45e83-b6a9-444b-a537-186f69e31d85,2026-01-03 13:19:21.840,2026-01-03 13:19:21.840,10004,R5wtjjS0Fd,com.sec.android.app.shealth,91e2ddd1-2a61-4bc8-b7d3-20ea6a04e0fc,
66cae34e-7327-4924-9d70-46b606dce0de,12871441-b3cc-480d-89bf-4d707d4c2d4c,2026-01-03 16:10:10.768,2026-01-03 16:10:10.768,10004,R5wtjjS0Fd,com.sec.android.app.shealth,3db12ccf-b658-46ea-a3b1-b8301f86e9ab,
bb362828-15ba-4e40-8411-0d3812a0207a,cfbdfecd-b82c-4dcd-a311-17aa4454246c,2026-01-03 09:56:47.318,2026-01-03 09:56:47.318,10004,R5wtjjS0Fd,com.sec.android.app.shealth,6f1f9716-fd7b-4241-9a10-ff15138484fc,
bbf50537-65e0-43ee-9325-4c17bad6be32,53dada59-6cc2-4b40-a609-0a2288a50777,2026-01-04 07:56:44.117,2026-01-04 07:56:44.117,10000,R5wtjjS0Fd,com.sec.android.app.shealth,ce3bf826-eede-4ad7-905a-4275811ea963,
55b3c3ef-3853-411d-a654-0855230c3b6d,24917f15-2cb1-4f1a-86d4-642a64595b32,2026-01-03 15:10:03.568,2026-01-03 15:10:03.568,10004,R5wtjjS0Fd,com.sec.android.app.shealth,0a5ee23f-5687-47f0-a8ca-c8a946cd70da,
e7e052f7-4d36-4058-9c77-b5b4e847d0a5,3479059a-bfbe-4a41-b244-c30eb881bcc4,2026-01-03 12:39:00.642,2026-01-03 12:39:00.642,10004,R5wtjjS0Fd,com.sec.android.app.shealth,a44ab367-2054-4401-93a4-d8bc14ea398e,
7d419953-1269-417a-bd4b-d96abf735dee,77c75469-45ad-4e15-815f-2d2a7ba13f51,2026-01-03 09:56:47.349,2026-01-03 09:56:47.349,10004,R5wtjjS0Fd,com.sec.android.app.shealth,355a9499-81dd-4907-8fe9-28c6fb111fd5,
ac7cb8fe-f8e6-458a-b09c-cbf19d7c472b,90a0498b-6287-4d03-8275-1ea1dbe17b5a,2026-01-03 15:10:11.871,2026-01-03 15:10:11.871,10001,R5wtjjS0Fd,com.sec.android.app.shealth,f17249cb-1db6-4024-92f8-56855891fba4,
842255a0-a87c-4279-b367-11c650896248,703e3910-fe93-4fba-8fc7-7caa6f48d6d7,2026-01-03 18:07:26.247,2026-01-03 18:07:26.247,10004,R5wtjjS0Fd,com.sec.android.app.shealth,03e144a3-8cff-413a-a657-de673799035b,
3e24fa8f-d7e0-4e3a-a86c-12870d125e2c,9ef9caa8-4d29-4450-952e-fb44ff6be70f,2026-01-04 07:56:44.159,2026-01-04 07:56:44.159,10007,R5wtjjS0Fd,com.sec.android.app.shealth,80975096-0f47-4055-a5e7-f42373551058,
3c1b6507-4e8e-4d62-b16b-27bd4f5de3fd,41d21ce7-a381-4550-b177-d148436a60a3,2026-01-04 07:56:44.472,2026-01-04 07:56:44.472,10002,R5wtjjS0Fd,com.sec.android.app.shealth,fc9fd6b2-04b5-4c9a-9b70-4d8fa47f2ceb,
7b07aabb-f984-41ef-99b4-e187c2d5206e,1a1b3dd8-ff4f-4cf4-a3a9-7190178d6ddc,2026-01-04 07:56:44.766,2026-01-04 07:56:44.766,10004,R5wtjjS0Fd,com.sec.android.app.shealth,db7bfb81-db99-45fc-8ad6-1a68cab031d9,
920d3fb0-0eb5-463f-8b73-f8fc8f01109c,300cb452-204c-436c-bdf5-a176aed0d4ef,2026-01-04 07:56:44.770,2026-01-04 07:56:44.770,10004,R5wtjjS0Fd,com.sec.android.app.shealth,1f40e97c-f6ab-4320-8d9b-1d9c4c4b8480,
e72f04d5-b87d-449b-84ea-6d05a0053841,2e557be0-0e1b-4f86-b740-ec71ddab561f,2026-01-04 07:56:44.779,2026-01-04 07:56:44.779,10004,R5wtjjS0Fd,com.sec.android.app.shealth,a5a33292-4512-4873-9cb4-149e78ae3b78,
e9f98d47-b083-498a-9e2e-a12337a78260,0f3eb14d-1097-4b1e-99c0-37d1051750c2,2026-01-04 13:39:43.182,2026-01-04 13:39:43.182,10004,R5wtjjS0Fd,com.sec.android.app.shealth,0e425184-15dc-4ed2-a97c-1a6ba7f02811,
afc7185c-5f41-4b23-a8b2-5e4681d7f404,2b0a7c5c-55b6-4406-8fae-a99b3089bafe,2026-01-04 11:37:14.414,2026-01-04 11:37:14.414,10004,R5wtjjS0Fd,com.sec.android.app.shealth,8cb80588-6558-4671-a37c-93d8abf947fd,
874b1645-1d87-407d-aba3-efac0ddf56f2,9733c8f0-12ec-4431-ae7d-dd9a6a8a8d5a,2026-01-04 07:56:44.789,2026-01-04 07:56:44.789,10004,R5wtjjS0Fd,com.sec.android.app.shealth,af0152bf-3250-46b0-8a24-0c6903441dfa,
81f8d0ee-65dc-466f-93da-cda0f9bbebee,9f8851cb-001c-4ae2-af53-d4596fe4caa1,2026-01-04 07:56:44.821,2026-01-04 07:56:44.821,10004,R5wtjjS0Fd,com.sec.android.app.shealth,9b70b2fa-f28b-443c-a573-9088df7b4d72,
ca8c4744-37c3-4ed0-91f8-511e13dc094d,530efe64-bdd3-4348-814b-cd65a3be52da,2026-01-04 10:30:39.560,2026-01-04 10:30:39.560,10004,R5wtjjS0Fd,com.sec.android.app.shealth,1bc0f638-a7c4-4f90-8772-06f2c84b3f89,
c6fd99ca-073f-466f-b38b-ba6a9f252f29,f691aa0c-2834-4ef4-9017-4b63a21bd71a,2026-01-04 07:56:44.809,2026-01-04 07:56:44.809,10004,R5wtjjS0Fd,com.sec.android.app.shealth,257f91a8-4480-4cc6-87e7-dc1ab2a30e4b,
e6bae427-7870-49df-b111-3978c7daf233,69672f5e-e142-47fe-8e2f-aca7d46fde19,2026-01-04 10:30:39.554,2026-01-04 10:30:39.554,10004,R5wtjjS0Fd,com.sec.android.app.shealth,f923737b-9c63-425d-853d-39d5983710b0,
13b00c9e-e224-444c-96a1-cb95adf80398,bdc5dd09-bd5e-4bb2-a56c-7781da8a337b,2026-01-04 20:07:54.658,2026-01-04 20:07:54.658,10004,R5wtjjS0Fd,com.sec.android.app.shealth,63831def-bda9-4c2a-be80-2d846ffb5280,
f494bca6-4945-4bd9-8119-40de622f2a4b,127022ef-29dc-4911-b7c7-80f0bd816573,2026-01-04 13:39:43.191,2026-01-04 13:39:43.191,10004,R5wtjjS0Fd,com.sec.android.app.shealth,b4a18447-7ef3-4b9b-a105-37ae7a16f812,
d634ceca-f1b2-4c01-a533-5fbbc74f76f2,e4370a53-5ed5-4b7c-bc52-856ca0cb7707,2026-01-04 18:38:56.368,2026-01-04 18:38:56.368,10004,R5wtjjS0Fd,com.sec.android.app.shealth,d2a00b16-0d3d-45ef-bfc4-dd08433a0f1f,
4638aa14-4748-4815-905e-cf01e30a58c1,22906194-cb13-44a0-bd1a-751dd009e557,2026-01-04 14:08:55.158,2026-01-04 14:08:55.158,10004,R5wtjjS0Fd,com.sec.android.app.shealth,20b52fa4-c7cb-45c6-a5ab-11918b750d11,
f4b49b02-2875-433c-a620-dfc6e2885819,3466a49a-b2e6-45cd-831a-0c41d12069ba,2026-01-04 22:07:04.807,2026-01-04 22:07:04.807,10004,R5wtjjS0Fd,com.sec.android.app.shealth,57dc8bde-c009-4310-a74e-79a7bc583019,
12742857-034f-43c5-abee-00547275f3b3,b608dfb3-1bcb-4a87-b14e-bf2801e36554,2026-01-04 22:07:04.796,2026-01-04 22:07:04.796,10004,R5wtjjS0Fd,com.sec.android.app.shealth,b4eb8af7-999c-4301-beb8-174907e845d3,
4355338d-d65c-4817-9603-34c3b04ae80f,86f5b9fb-7f1b-45b7-ab5a-9c0e35e4e99e,2026-01-04 16:12:31.173,2026-01-04 16:12:31.173,10004,R5wtjjS0Fd,com.sec.android.app.shealth,33ddb3ee-98a2-4176-a137-220d1deac80d,
3acb7728-4f4d-4e3e-b673-78b48c6cf263,451c3d89-9272-4407-b903-e4d7931302d1,2026-01-04 10:30:39.546,2026-01-04 10:30:39.546,10004,R5wtjjS0Fd,com.sec.android.app.shealth,0de49704-8615-4d27-a108-3b1622453d44,
e09173d8-2f73-4f6e-ab30-ddd84b7716de,3b5fc67f-99e1-4a4d-9330-df0a22d98a92,2026-01-04 07:56:44.829,2026-01-04 07:56:44.829,10004,R5wtjjS0Fd,com.sec.android.app.shealth,ed7adb77-f916-48d6-b612-0115a1c86f07,
f8835d7d-8a46-4204-8fe9-4b33cc62c778,d465d830-70a7-4e82-b364-6eb158ab757d,2026-01-05 09:36:09.750,2026-01-05 09:36:09.750,10004,R5wtjjS0Fd,com.sec.android.app.shealth,ab4ad054-e6e4-4d5b-b8e0-56703416f154,
2c0d97ce-938d-4425-b481-7266bbe8f016,a5d3c400-9505-4ddc-a0c7-165d9d709cb5,2026-01-05 09:35:55.377,2026-01-05 09:35:55.377,10000,R5wtjjS0Fd,com.sec.android.app.shealth,f8cdf231-2362-4069-8b3f-303ae8311b67,
5bbc3485-97fe-4dc1-a1cd-c6b7dd33027d,dbfe17df-6b2c-4ac5-852e-fe7ed603f03c,2026-01-04 19:03:29.157,2026-01-04 19:03:29.157,10004,R5wtjjS0Fd,com.sec.android.app.shealth,46860ba2-5060-4441-a3f9-d652c270f00d,
a294d0bb-67ff-474f-9dc0-f0e0667fd660,0f350b30-5554-4921-ab62-c8d4658dfb9f,2026-01-05 09:35:55.445,2026-01-05 09:35:55.445,10002,R5wtjjS0Fd,com.sec.android.app.shealth,58b6572a-6a8c-486f-b7fa-acd4200fd2c7,
f81d062e-22bb-4703-9a6a-871c3a8dc2c8,0871b834-044c-4a55-ad78-6cbe6611a7b5,2026-01-05 09:36:09.796,2026-01-05 09:36:09.796,10004,R5wtjjS0Fd,com.sec.android.app.shealth,0c55c264-5bcb-452e-9dd1-1e8d4f626133,
cfe292f5-7690-4725-a398-e2789259e3ab,2f3c6726-9281-4764-8b5c-9ef6b7f55998,2026-01-05 00:30:07.976,2026-01-05 00:30:07.976,10004,R5wtjjS0Fd,com.sec.android.app.shealth,87f1c95b-7578-4ef9-a11d-c92acbca7253,
99ae5b91-6005-40b4-8dae-7def661dcfb7,1c2433ed-b82e-43b5-8b9a-44e712dc2be6,2026-01-04 17:43:37.656,2026-01-04 17:43:37.656,10004,R5wtjjS0Fd,com.sec.android.app.shealth,6653ebf7-5d78-4d32-87ae-6134888aedfa,
bb372cfb-7c53-4e19-b11b-a26338a29a3b,69e89422-ed06-4b15-a34a-a31bbe364878,2026-01-05 09:36:09.765,2026-01-05 09:36:09.765,10004,R5wtjjS0Fd,com.sec.android.app.shealth,fdeec82b-8b44-42ea-a2f7-77ad875ea275,
e1af55dd-53c4-4e4f-99b2-3d0d5448a903,5f0f5cc7-9910-407d-9399-1311f1dff83f,2026-01-05 09:35:58.161,2026-01-05 09:35:58.161,10007,R5wtjjS0Fd,com.sec.android.app.shealth,079773a7-0835-4720-90d8-23fbc7d5e8e5,
d7577d1d-66f8-45a5-a58c-6fe7a33142e1,85f05907-0e32-4d4a-9e37-06c14ee213c2,2026-01-05 17:33:10.145,2026-01-05 17:33:10.145,10004,R5wtjjS0Fd,com.sec.android.app.shealth,018dc096-66bc-498b-afba-f03cde014d5b,
ffd487d2-4c3b-416e-835f-dee45e74801a,37b7c5bc-56c1-4ddb-b343-7c14c1535046,2026-01-04 15:03:40.334,2026-01-04 15:03:40.334,10004,R5wtjjS0Fd,com.sec.android.app.shealth,a6194e65-ade3-427e-9e02-75a4b9d4eac6,
5cb4d03d-9385-44c1-8bbb-6bfae895a9ba,c6ec4cfd-7d49-400c-aabb-1bfe9428550d,2026-01-05 11:34:11.360,2026-01-05 11:34:11.360,10004,R5wtjjS0Fd,com.sec.android.app.shealth,c3a7277e-4352-4bd2-91e7-413bdd02da1a,
8a66417b-75db-4c35-836c-6f9f5e7c6293,ff3ffffb-2e49-4284-8cc3-8ebcc1f8da3b,2026-01-05 09:36:09.834,2026-01-05 09:36:09.834,10004,R5wtjjS0Fd,com.sec.android.app.shealth,cf4b53eb-6d80-4af6-ac72-4be9ac104c3e,
f468b951-0aa1-4722-aebc-c373dc9c2419,6320b5a7-e6e9-476d-834c-1afa5d27e3f5,2026-01-05 09:36:09.740,2026-01-05 09:36:09.740,10004,R5wtjjS0Fd,com.sec.android.app.shealth,256a93ce-02d1-4bbe-9417-a5b5fc107ebc,
17237361-5734-4aa5-88e8-ffa90f0cacc5,f240123a-61bc-48bd-b72f-ace5bb2f5e2b,2026-01-05 19:18:54.608,2026-01-05 19:18:54.608,10004,R5wtjjS0Fd,com.sec.android.app.shealth,540f00bc-5f6c-428e-a913-4f013b9ef4ae,
ccb96642-b1f7-4e15-9f85-4eae6e429081,9e111fb8-2b1e-4488-933d-3b3339e14b59,2026-01-05 09:36:09.830,2026-01-05 09:36:09.830,10004,R5wtjjS0Fd,com.sec.android.app.shealth,b69cdd2e-9bef-4f98-966c-a63cbc66dc4b,
5696da2c-6028-4606-b5c2-44ce6b99e7b5,3d85d39b-aa6f-47c5-89fb-e1b6f41f7795,2026-01-05 10:42:08.301,2026-01-05 10:42:08.301,10004,R5wtjjS0Fd,com.sec.android.app.shealth,30e2c563-caca-41cf-8f2a-2180e8717bdf,
9c5ed62a-e52d-4c4f-bbcd-5330defe1ff4,3f165d77-208f-46cd-88f2-f05cbb9d2af1,2026-01-06 03:06:10.836,2026-01-06 03:06:10.836,10004,R5wtjjS0Fd,com.sec.android.app.shealth,ea96f2e0-1ca4-4bf6-b03a-8ee0ff09a142,
35a8148a-cae3-43f7-8613-d9b311c99795,e3fcec41-87ed-48ea-b23f-fc2c24b38945,2026-01-05 19:01:46.497,2026-01-05 19:01:46.497,10004,R5wtjjS0Fd,com.sec.android.app.shealth,c7c23e52-70cc-442a-a79b-8fb7108a7bbd,
972278cc-326f-46b3-b9d5-74062dc08fbb,b5404b6a-d09a-4ffb-a003-1da125aaa6dc,2026-01-05 17:33:10.140,2026-01-05 17:33:10.140,10004,R5wtjjS0Fd,com.sec.android.app.shealth,4e4ee294-5b91-4ed3-8c7a-ffa5da680dd5,
74147557-91b0-49b1-9db2-991b178f8da3,2580a90e-9f4e-43ba-b51f-8d3039c85e9b,2026-01-05 09:36:09.806,2026-01-05 09:36:09.806,10004,R5wtjjS0Fd,com.sec.android.app.shealth,ad7b3862-6b4e-4456-a98f-7720db316bc2,
0ac76fdb-1aa6-4e49-9b60-9e9dbb05d14e,de7ddfd4-443d-41ac-bee8-3b0449761205,2026-01-05 09:36:09.825,2026-01-05 09:36:09.825,10004,R5wtjjS0Fd,com.sec.android.app.shealth,afbf3e37-a737-4677-814c-6f1329b0e1f9,
b1bd97c2-ec9c-464d-99b3-16f9aaac78fe,9cebdc77-72a2-4ef7-af3b-8ce0918caae5,2026-01-05 13:12:37.950,2026-01-05 13:12:37.950,10004,R5wtjjS0Fd,com.sec.android.app.shealth,a195cb1b-9e79-4bfe-943d-d924965c6d56,
f132b147-835b-40f7-aa85-d2f27aa06b14,6295a74e-9501-473a-9606-30363d73dbc2,2026-01-05 21:27:53.305,2026-01-05 21:27:53.305,10004,R5wtjjS0Fd,com.sec.android.app.shealth,668014fd-f4b7-4f65-9bb2-66bc856eb75e,
87761625-d42f-4f10-b13c-00b69fd6d8af,298741c9-0aa1-4126-9574-6cc0c7caa86b,2026-01-04 23:18:04.843,2026-01-04 23:18:04.843,10004,R5wtjjS0Fd,com.sec.android.app.shealth,e86ac629-a3e8-4dbc-974f-7200e7555257,
436dd088-77ef-40d9-93df-420bc914f16e,1a8d34f8-f722-4f19-8c4f-0eb45c552a8a,2026-01-05 15:22:41.177,2026-01-05 15:22:41.177,10004,R5wtjjS0Fd,com.sec.android.app.shealth,78f33266-5c61-4c25-9bd5-2c3314280657,
6f22c796-a4e1-4cc4-a71d-c9834bf7d06b,f97d0c60-5b04-46b0-b97a-a047cd86da1f,2026-01-06 01:49:55.913,2026-01-06 01:49:55.913,10004,R5wtjjS0Fd,com.sec.android.app.shealth,ad04b0fd-eac2-4c4b-8d15-79ef90b92f6d,
88c8a4a0-3340-4df6-bb69-5e183579f827,55b1d338-a319-410d-be11-ec3ab9d4d6e0,2026-01-06 03:06:10.826,2026-01-06 03:06:10.826,10004,R5wtjjS0Fd,com.sec.android.app.shealth,26a20e56-aa61-4a7c-b2f5-3cea0686bc85,
47f56e47-4c96-4559-b0dd-b30b2f3dc63d,099e81a1-55ac-4d0c-a6dc-96772c08f0fe,2026-01-06 09:04:40.925,2026-01-06 09:04:40.925,10004,R5wtjjS0Fd,com.sec.android.app.shealth,e07014ce-98a0-477a-86c0-d9635f726961,
f4b9a747-9d13-4c41-b497-35445dce4c0a,d984e009-67b7-42c7-a830-693007ef2f49,2026-01-06 09:10:20.356,2026-01-06 09:10:20.356,10002,R5wtjjS0Fd,com.sec.android.app.shealth,7f7a4dd4-f96a-477e-ac8f-a2b7acc4fe2c,
ebd614a5-a4d0-46d0-9270-c2a2b5985d29,320ef15b-30d4-4aaa-a146-07e27a1d95ae,2026-01-05 22:27:59.481,2026-01-05 22:27:59.481,10004,R5wtjjS0Fd,com.sec.android.app.shealth,f0a5e2b2-ca86-4fa6-8af1-2a962a37f85f,
ebf3eeb0-f24d-466f-9857-746ba3503dc2,388ba787-45e8-472f-a25d-fa108a2b88e5,2026-01-05 14:30:12.910,2026-01-05 14:30:12.910,10004,R5wtjjS0Fd,com.sec.android.app.shealth,3cf564cd-88cd-45cf-9389-d24f1adfa975,
4ebc3e09-15b8-45fe-af7e-69017b6a128a,903ebe65-e09b-4d91-8e4f-e06d4c7f8ff1,2026-01-06 09:04:40.870,2026-01-06 09:04:40.870,10004,R5wtjjS0Fd,com.sec.android.app.shealth,f9fa7e6b-2367-4d67-8956-139c7bb753da,
4c2e1e0d-f989-4b8c-b0a9-714ba2f1b2a7,fac2072b-889f-4331-b7cc-ef4cb1db71e5,2026-01-05 23:53:50.902,2026-01-05 23:53:50.902,10004,R5wtjjS0Fd,com.sec.android.app.shealth,9057906f-eabc-4897-bb62-18ffe4853732,
cf7c2b57-10a4-487e-905f-e5232021bc3c,384002a0-5d51-4304-a089-07019d1a5026,2026-01-05 09:36:09.789,2026-01-05 09:36:09.789,10004,R5wtjjS0Fd,com.sec.android.app.shealth,9e9fe8d3-440a-4f0f-a594-f85469c11006,
ed0e8895-748f-43b8-9d6d-69c8365c0b76,c6374f36-aae8-4216-937b-448a3abd4255,2026-01-05 12:06:05.648,2026-01-05 12:06:05.648,10004,R5wtjjS0Fd,com.sec.android.app.shealth,e30c9bc4-c11e-43be-bd92-e883b09bf8f2,
1491657b-eb66-4f7c-98a0-af3898f87a05,d838abf1-9dc8-4a66-abf2-821ab5834891,2026-01-05 20:05:31.411,2026-01-05 20:05:31.411,10004,R5wtjjS0Fd,com.sec.android.app.shealth,bdcb468f-8b6b-41aa-9f72-465e421fd0e1,
8dec92d1-f653-47e6-9433-11d3426b42e4,ec7093ab-3184-4faa-aa45-c4a12eb1d68d,2026-01-06 09:04:40.890,2026-01-06 09:04:40.890,10004,R5wtjjS0Fd,com.sec.android.app.shealth,57b1dfd1-81ee-4338-98b5-371335ec1262,
8b76f333-a323-45b4-ad9e-dc96c4b91418,1b7e205b-0e01-4bd1-859e-5fa9cdadbc93,2026-01-06 01:49:55.902,2026-01-06 01:49:55.902,10004,R5wtjjS0Fd,com.sec.android.app.shealth,d002f6a9-3c20-4a95-a888-cd2c3a3dea99,
1b5b53c4-8428-455c-878b-fed92d0b3959,bfae7ed9-90e7-4b03-9df7-c0d8b4551dd9,2026-01-06 09:04:40.918,2026-01-06 09:04:40.918,10004,R5wtjjS0Fd,com.sec.android.app.shealth,8b979f93-9176-458e-a489-0ef64d859199,
affec046-5980-4dc9-bd02-2f98bc7b6e90,e115b2be-2a48-455b-ae0c-b40d791ad322,2026-01-06 09:04:40.929,2026-01-06 09:04:40.929,10004,R5wtjjS0Fd,com.sec.android.app.shealth,0a441800-c093-45ed-8c48-1cd49b5edc81,
40760600-fa43-4be2-b3dd-32aefe9a9613,dc1f14cb-e0f6-4665-943e-bc62cc7d21a1,2026-01-06 03:06:11.924,2026-01-06 03:06:11.924,10000,R5wtjjS0Fd,com.sec.android.app.shealth,54ff4eb5-3b84-4a4b-b15f-2ccdf6b30b11,
45ab1ca8-2fd1-425f-928c-30237fd39761,801bffee-2349-4e4c-888e-2eba6be7ca26,2026-01-06 09:04:40.876,2026-01-06 09:04:40.876,10004,R5wtjjS0Fd,com.sec.android.app.shealth,63403e4c-83ec-4498-8b26-e08fc534e874,
183d1b8c-ecd8-4c0f-b380-66449c49e4e9,53f117c6-c668-49c8-a35f-bd9fafea36ca,2026-01-06 09:04:40.881,2026-01-06 09:04:40.881,10004,R5wtjjS0Fd,com.sec.android.app.shealth,1b96a2f4-2623-415d-be55-1f075b747335,
0ec6ea44-af64-4794-93d5-499eb74766eb,46c3b939-1cd1-49e4-a004-1a377cf3fe1c,2026-01-06 09:10:15.552,2026-01-06 09:10:15.552,10007,R5wtjjS0Fd,com.sec.android.app.shealth,eea5d57a-20b8-445d-a2af-d803199eee81,
13644ea4-fdf6-4abe-9b13-c4e05cdc1ac6,838f5e1c-39a2-4458-966e-5cb99e8c8b7b,2026-01-06 11:12:28.850,2026-01-06 11:12:28.850,10004,R5wtjjS0Fd,com.sec.android.app.shealth,03c3a1a8-c73a-49c7-8985-bc7359d2213f,
12ea678b-838d-42ea-a0b4-3e37d52571a7,d3d0ecc8-1ffa-454e-9f25-82f96be9e445,2026-01-06 11:12:28.659,2026-01-06 11:12:28.659,10004,R5wtjjS0Fd,com.sec.android.app.shealth,3079bbba-f328-4165-8e54-cb3e2cc23fe7,
0342af9a-4b3a-4425-97ae-568feb2060ff,41d1c45a-2fcc-408c-b0aa-91b3df41b089,2026-01-06 12:18:48.448,2026-01-06 12:18:48.448,10004,R5wtjjS0Fd,com.sec.android.app.shealth,95f0a9be-1cd2-45bf-9d1a-6a3a6103ba07,
de283b50-f24b-4be5-9a79-d07b7426f3f2,f63e6b14-c937-4cd7-8275-a7e167f61008,2026-01-06 14:16:28.670,2026-01-06 14:16:28.670,10004,R5wtjjS0Fd,com.sec.android.app.shealth,77a3f42d-bb1f-4a80-83f0-af770723b240,
c887c685-83a5-457e-8ef9-ae86cc9e800f,3fdc47d5-f148-41ee-98bb-35d75f0fcf15,2026-01-06 15:37:28.736,2026-01-06 15:37:28.736,10004,R5wtjjS0Fd,com.sec.android.app.shealth,70866219-7192-496b-94a3-e0e095d8fa9f,
d747b271-976a-4235-9884-5bf1fae31f3e,78ee79b7-c284-4e8a-91ee-cddff3b1490b,2026-01-06 14:16:28.678,2026-01-06 14:16:28.678,10004,R5wtjjS0Fd,com.sec.android.app.shealth,6cc2ffdd-eb17-4dcf-a2c9-546c618fee31,
6a3787c8-6ca5-41c5-a1a0-5a37ea86b5fa,e4b002fb-1e98-4f17-a906-33a775d70241,2026-01-06 16:21:07.646,2026-01-06 16:21:07.646,10004,R5wtjjS0Fd,com.sec.android.app.shealth,f116f0cc-86be-45d0-965e-04d4dba16579,
0d4d9c09-2311-4700-bdbb-7d3dea2a6aa0,dc7aa2aa-0a54-4934-8ff6-d33578c246e7,2026-01-06 20:23:16.530,2026-01-06 20:23:16.530,10004,R5wtjjS0Fd,com.sec.android.app.shealth,cbb07be0-2d29-4ddb-bd12-b9dfea3a74ac,
9c14fb12-cbfc-4a16-8978-14e7d9b698e1,f8b76d95-881e-42b6-84bf-e6bcd2f17f3c,2026-01-07 03:40:55.590,2026-01-07 03:40:55.590,10004,R5wtjjS0Fd,com.sec.android.app.shealth,541437c1-b1a1-42d2-b2b8-212df9481404,
b1550b0f-ba51-40d5-85b6-8022365fec20,68faa3ef-b648-4536-952d-835c78ded4b7,2026-01-06 17:48:22.238,2026-01-06 17:48:22.238,10004,R5wtjjS0Fd,com.sec.android.app.shealth,1f784c24-b4e4-4bc2-95f6-2e678a79f68b,
c75d534b-05a0-432a-ab20-5fd60ff0e5bb,e5984dfb-feb6-4d60-b3ca-1e6df086f965,2026-01-07 09:14:52.500,2026-01-07 09:14:52.500,10004,R5wtjjS0Fd,com.sec.android.app.shealth,10654291-e972-4f10-be38-a81b75e12c9c,
d923c13f-0455-4025-b8b2-83c7cdb0e87c,fd50eeb5-f907-4bd0-bb50-7e3b2dfe5002,2026-01-06 18:21:48.179,2026-01-06 18:21:48.179,10004,R5wtjjS0Fd,com.sec.android.app.shealth,2cf6be05-f823-4602-9a17-bdef0ca9da7e,
553b4f1c-a81f-48ef-91f1-9bd0462f483e,4432c4b3-98f0-4cde-b3a7-0a166308d709,2026-01-06 19:48:26.157,2026-01-06 19:48:26.157,10004,R5wtjjS0Fd,com.sec.android.app.shealth,497b22b2-530d-468e-93d3-86081101f521,
70ac83b8-4840-4579-82ce-92cb27a49b81,2150cb6a-6da8-4e87-9899-63c7ead5e4dc,2026-01-06 22:56:23.187,2026-01-06 22:56:23.187,10004,R5wtjjS0Fd,com.sec.android.app.shealth,a3b57bbe-2ed6-47af-9fb9-e314894e6519,
ba334bba-b993-4e36-8b3e-c15d144b73f9,03fcd510-7882-487e-a735-ae1980ca1dad,2026-01-07 09:14:52.494,2026-01-07 09:14:52.494,10004,R5wtjjS0Fd,com.sec.android.app.shealth,8f2b90a4-0f0c-467f-83d8-5ed442d77ddc,
500ccb65-39e8-446d-be92-8d70fd99a4a5,7af7ad8b-92c6-4a3b-8d24-466c68b24395,2026-01-07 09:14:52.522,2026-01-07 09:14:52.522,10004,R5wtjjS0Fd,com.sec.android.app.shealth,1c93a3d9-31ee-4933-b753-88450744e129,
62a8e850-74b4-4223-9874-00c0b3ee2b5a,6d92c9f3-b8fc-46e5-8ec4-d970f57e682a,2026-01-07 09:14:52.396,2026-01-07 09:14:52.396,10000,R5wtjjS0Fd,com.sec.android.app.shealth,fb35a8f7-bc82-4b0e-a51d-5c401a4a265a,
dbe3e983-92b9-4f59-9d14-ca2f7716c59a,5bbe2aa7-0120-4b81-ad3a-9c7138f3f594,2026-01-07 09:14:52.504,2026-01-07 09:14:52.504,10004,R5wtjjS0Fd,com.sec.android.app.shealth,d6ad4ca7-9bda-495b-867c-303653819fa1,
83b790f3-e482-44ea-bd66-3dd8e0c750a6,69964329-6f2e-42c7-9cff-16eed1f62649,2026-01-07 09:29:52.061,2026-01-07 09:29:52.061,10007,R5wtjjS0Fd,com.sec.android.app.shealth,e93747f0-1ceb-4c95-9c85-11cfbdd0704e,
5966219b-1f2c-48fa-97ac-95aaa7235ef2,00d7ed0e-6e0e-4d4d-947b-6c75fedccdc8,2026-01-06 21:13:23.157,2026-01-06 21:13:23.157,10004,R5wtjjS0Fd,com.sec.android.app.shealth,59bd230f-ff0c-4c29-aea9-3baf4724c296,
c68e6c72-f520-41b4-bbb1-2cce4e547c56,6b58d56b-5592-4c2d-93ba-5b9ce11dc6d1,2026-01-07 00:00:04.213,2026-01-07 00:00:04.213,10004,R5wtjjS0Fd,com.sec.android.app.shealth,37ec1bea-9a05-4d40-952f-209cfe137ea9,
539d65f3-9f5a-4632-95fb-f69d4ec5f432,13341e35-262b-4c65-bf58-a7b7d7743420,2026-01-07 09:14:52.519,2026-01-07 09:14:52.519,10004,R5wtjjS0Fd,com.sec.android.app.shealth,0335646a-fcc4-47e1-856a-fe6c942e7a30,
908a3283-df35-419a-a56e-47e46cbcc656,d8a12d2c-4914-489f-80a4-15704c997c51,2026-01-07 09:14:52.508,2026-01-07 09:14:52.508,10004,R5wtjjS0Fd,com.sec.android.app.shealth,ed9a9698-1848-483e-841c-62228cbff45b,
4ed0a7f2-66be-4f78-b324-ee64d79761f7,24a36e1c-40d4-47d9-83e0-ac68725ae518,2026-01-07 11:05:39.939,2026-01-07 11:05:39.939,10004,R5wtjjS0Fd,com.sec.android.app.shealth,ff457edf-4994-4fbc-b122-0a158f7d7f60,
c72144dd-fb8b-4e09-9630-5dedf55f032d,8dffd3ab-714e-470f-ba53-ceab3d087856,2026-01-07 10:20:47.774,2026-01-07 10:20:47.774,10004,R5wtjjS0Fd,com.sec.android.app.shealth,d7ef93df-a0ee-4d59-b4c6-032c87ff871d,
10ac1032-7f7d-42b5-98c0-e24ecb959cb5,adb182b6-126d-4f2b-ab46-6a4c753f4ac6,2026-01-07 09:14:52.513,2026-01-07 09:14:52.513,10004,R5wtjjS0Fd,com.sec.android.app.shealth,eae031e5-b4d0-4baf-88ad-d58bf591a6e5,
d26f72bf-ace4-4b55-836e-3e43feb1b420,6f6e0ded-6861-4b9b-b421-47506b9f8105,2026-01-08 01:31:07.314,2026-01-08 01:31:07.314,10004,R5wtjjS0Fd,com.sec.android.app.shealth,582c812d-7197-4071-bbca-8a5a222c025b,
347c7609-f74f-4aca-90c0-a52614d7e5e0,c72e5373-4817-4541-9e45-a373783a9258,2026-01-07 16:54:24.241,2026-01-07 16:54:24.241,10004,R5wtjjS0Fd,com.sec.android.app.shealth,383b92f8-a4a7-4c14-bb7a-f54a5e7574f7,
e1788e2a-58de-46ca-b1c6-31f737b5ced2,be3699e4-d373-4daa-bb14-f742ecdb6026,2026-01-07 09:29:52.922,2026-01-07 09:29:52.922,10002,R5wtjjS0Fd,com.sec.android.app.shealth,46387322-2235-4e0a-ab43-502663d9a42f,
0dfcd1c4-f04a-4b44-98aa-a78cfde48f89,5f8bbdb5-6e55-44dc-ae2f-ab0bfc30cca3,2026-01-07 16:54:24.233,2026-01-07 16:54:24.233,10004,R5wtjjS0Fd,com.sec.android.app.shealth,21a12762-a3cc-4ecf-9d61-b258e9959187,
f8c55e82-70a0-4302-9c7a-cefdc12e7ee0,514cb517-4fb0-486d-8b51-cd287e4de653,2026-01-07 09:14:52.516,2026-01-07 09:14:52.516,10004,R5wtjjS0Fd,com.sec.android.app.shealth,cdf3922c-dd13-46e8-bca0-fb3aa681f234,
0abc2d8f-cd23-44c4-8c01-54c3f73aab6b,66fe9b52-dc38-49d9-af45-5a8161b2f1b9,2026-01-07 14:17:09.723,2026-01-07 14:17:09.723,10004,R5wtjjS0Fd,com.sec.android.app.shealth,83285068-4c6d-4076-857c-213017e9b391,
3424e28b-c769-4711-86fa-9f8ea8ec6076,c4338165-6637-4865-abab-266c798eb13b,2026-01-07 22:14:12.073,2026-01-07 22:14:12.073,10004,R5wtjjS0Fd,com.sec.android.app.shealth,c837d32a-41e3-4f6f-95eb-01350b636896,
3421b948-47e3-4425-8594-187b3072f166,4d938693-ffd1-44b0-9620-29efa75ea77f,2026-01-08 09:36:02.988,2026-01-08 09:36:02.988,10004,R5wtjjS0Fd,com.sec.android.app.shealth,90217aec-f955-4e96-97e7-b70cce215657,
a1c2d3b3-2cbb-4a11-9ced-9ecd178d3ce8,5c7a5528-20eb-4756-8384-b1f79a8d84b7,2026-01-07 13:25:08.017,2026-01-07 13:25:08.017,10004,R5wtjjS0Fd,com.sec.android.app.shealth,ae5c06ab-ec72-44c6-8c5e-26cd1d3da872,
ecf42298-2f6d-4218-91a9-ded4e18168c0,b1b5989a-075f-44da-bd33-94f07c069a73,2026-01-07 12:12:16.874,2026-01-07 12:12:16.874,10004,R5wtjjS0Fd,com.sec.android.app.shealth,071933d3-a6bd-4803-893b-0406f2e02500,
f77e9b46-7680-4cfb-b16e-498495a336c3,3b6230a1-48cb-43d5-97d8-b85059330c74,2026-01-07 19:33:09.747,2026-01-07 19:33:09.747,10004,R5wtjjS0Fd,com.sec.android.app.shealth,0b6c059b-4ba9-480f-9cdf-5d6490f9b71b,
4b15cd4c-b905-4415-8049-e30fe0a6cab3,44ccc7c8-c47d-4601-bf2e-59af187e7507,2026-01-08 09:36:02.867,2026-01-08 09:36:02.867,10000,R5wtjjS0Fd,com.sec.android.app.shealth,8a617d10-7f94-4f06-a485-797b9ceb609d,
a6ed3421-ba11-4ac7-88ec-6d2048bdbae4,ff2086a6-e9d7-4dec-8b31-8ad9516c967a,2026-01-07 22:14:12.061,2026-01-07 22:14:12.061,10004,R5wtjjS0Fd,com.sec.android.app.shealth,0ac10a13-0e13-4aa0-8545-677d96a883fd,
ca68e6e4-9d52-4871-b047-cab2d92fae33,dac50442-8d04-4880-81fc-aee648155da3,2026-01-07 17:32:11.041,2026-01-07 17:32:11.041,10004,R5wtjjS0Fd,com.sec.android.app.shealth,275ec455-a7ce-4d46-98b0-84619b463915,
9553d667-330c-454c-8d20-04162425f500,a9bdeb43-84df-4ace-887a-383797954363,2026-01-08 09:36:02.972,2026-01-08 09:36:02.972,10004,R5wtjjS0Fd,com.sec.android.app.shealth,3e057c5d-e454-47ca-b5be-333d9a8f76fa,
45810cd4-19a2-4ffd-ba13-32d0b59e42a5,8a4d983a-ce42-4291-b2ef-53ca51e1a6ca,2026-01-08 09:36:04.667,2026-01-08 09:36:04.667,10007,R5wtjjS0Fd,com.sec.android.app.shealth,0238d86c-7eb7-40c6-94ba-1491d5397bdb,
4b314600-6e0f-4efb-ba9f-0deb5f4b63ce,3ed3d896-1b98-4cab-a4e1-41c805ce90da,2026-01-08 09:36:02.990,2026-01-08 09:36:02.990,10004,R5wtjjS0Fd,com.sec.android.app.shealth,98a112e1-ce51-400c-8d86-f6db2b941a5d,
d81ebad7-595b-4cb6-b121-ff3d4fb1b41f,4fc6352d-c05f-44bc-aaac-2605f16d809b,2026-01-07 18:16:07.649,2026-01-07 18:16:07.649,10004,R5wtjjS0Fd,com.sec.android.app.shealth,34bbfe91-257b-4b14-9b88-a43f365580c3,
bcbf25ac-ca41-464e-a3b5-95faa68c79c5,f2cf86b4-16ad-4a80-9fee-6bf61179e360,2026-01-08 01:55:31.310,2026-01-08 01:55:31.310,10004,R5wtjjS0Fd,com.sec.android.app.shealth,8bba07b0-105f-490f-a169-f96b53d560ff,
3c07bb8c-097b-475c-9664-573db6f35f3a,6619bb2f-02f2-49b2-bd84-18be8fe67ce7,2026-01-08 12:32:18.874,2026-01-08 12:32:18.874,10004,R5wtjjS0Fd,com.sec.android.app.shealth,7b5d361e-9831-4f2e-81de-42f231a1f0df,
3a279a0d-b0a8-4ebf-9b20-e5ce87e0a925,9c0ca09c-200c-4389-a889-08649c246e01,2026-01-07 23:19:31.186,2026-01-07 23:19:31.186,10004,R5wtjjS0Fd,com.sec.android.app.shealth,e0784f7f-e2a0-487d-8472-62a5243f598e,
a5bebbb3-88f1-425a-a606-32b9d4c6fece,9da7f0eb-7a72-40ae-a756-d65c4002edfe,2026-01-08 13:35:02.839,2026-01-08 13:35:02.839,10004,R5wtjjS0Fd,com.sec.android.app.shealth,cfcf534a-d0ea-4906-96b9-c15ad685f442,
b7ec88da-66b8-430e-875c-c6587b9ac606,41e0bd8b-29c7-4348-b079-58b393f843c6,2026-01-07 20:14:13.363,2026-01-07 20:14:13.363,10004,R5wtjjS0Fd,com.sec.android.app.shealth,eace2f50-1f38-4d9e-af0d-988e73fc6eb3,
6563f30d-7f26-47f4-aa05-9b8643ae2357,58d0e29f-a6a2-446b-a794-47ed1687516d,2026-01-08 10:25:25.800,2026-01-08 10:25:25.800,10004,R5wtjjS0Fd,com.sec.android.app.shealth,aeaf9130-fb09-46bd-ba6d-c9eded68b934,
26b6d140-5992-49ca-98e2-17884b2f6756,ee48b877-af8d-4f50-bafa-ab0179bebc93,2026-01-08 09:36:02.968,2026-01-08 09:36:02.968,10004,R5wtjjS0Fd,com.sec.android.app.shealth,3b88524d-3b8e-4190-b51a-2a66464716ef,
9d2cfbc2-f477-4600-89c6-561aa53bab16,36c5648d-a6c2-4a0c-8006-dc06bffbd571,2026-01-08 09:36:02.981,2026-01-08 09:36:02.981,10004,R5wtjjS0Fd,com.sec.android.app.shealth,4f6df2c6-52f5-451d-9c45-0ba15fe1c797,
0a28e286-0587-4e26-8d84-5dc790c1af5b,6706ef13-a459-44e6-997b-00f8d0687329,2026-01-08 11:21:08.330,2026-01-08 11:21:08.330,10004,R5wtjjS0Fd,com.sec.android.app.shealth,b97afe97-9fa2-4356-8fa3-a610f5339746,
bb314d1b-165c-4503-ae69-2aab385c8519,2ebf7a74-0b30-4fb0-a390-0b9ffe82b355,2026-01-08 14:01:28.688,2026-01-08 14:01:28.688,10004,R5wtjjS0Fd,com.sec.android.app.shealth,b47ce42b-1961-4c21-a175-e99db1d24e99,
70c999bd-b5ec-4a92-a9a5-d8ec0ebb98af,31169d16-1c7f-4dc0-8a69-2fdaaccf2dd2,2026-01-08 09:36:03.010,2026-01-08 09:36:03.010,10004,R5wtjjS0Fd,com.sec.android.app.shealth,8f80ec3a-50fd-46c7-88de-11498d9ff1c6,
327da0da-6d7f-4690-a9b4-fa23b3ea9b7a,adbc51ab-fed5-40a4-8f72-2d3e8c1c8575,2026-01-08 09:36:02.984,2026-01-08 09:36:02.984,10004,R5wtjjS0Fd,com.sec.android.app.shealth,e03aa0eb-2b3e-4471-a1e7-b358723309c2,
ea73bcc2-34ad-4bed-8468-5ac7dee66577,6ae3a42b-e63a-4826-b67a-9243068c7552,2026-01-08 09:36:03.012,2026-01-08 09:36:03.012,10004,R5wtjjS0Fd,com.sec.android.app.shealth,5edf40a0-1831-45aa-8866-6481d131cf81,
d04bb82b-cc88-4d5a-9f02-44c8480e5836,523299ce-acb5-4cab-a728-659b03de5de8,2026-01-09 00:34:35.771,2026-01-09 00:34:35.771,10004,R5wtjjS0Fd,com.sec.android.app.shealth,56d01e66-8c42-412d-8c70-ff69c47bb700,
85d59976-111b-4873-95a8-5fed9cd20b48,76df34e0-6cd0-44d0-a725-1cf580e84095,2026-01-09 00:34:35.762,2026-01-09 00:34:35.762,10004,R5wtjjS0Fd,com.sec.android.app.shealth,dcfbefbb-3a19-46b3-b4ce-d6db271f9941,
0da57ad4-df69-49e1-a151-b9e59b37953c,97185344-f4ce-4acb-b7c4-6067f145d776,2026-01-08 09:36:02.964,2026-01-08 09:36:02.964,10004,R5wtjjS0Fd,com.sec.android.app.shealth,45209978-a9da-413a-951f-92193338394c,
a381ad07-2899-409a-a936-63e63d914c57,1916310c-1bdb-48f0-8bfd-0c9ca8fba071,2026-01-08 15:06:11.180,2026-01-08 15:06:11.180,10004,R5wtjjS0Fd,com.sec.android.app.shealth,c041488a-576b-46cc-b374-82bd76c26e01,
2676bf32-19ca-4a82-86bc-f3f79b74995d,9eb66036-1817-46dc-b268-59c670185197,2026-01-08 09:36:04.643,2026-01-08 09:36:04.643,10002,R5wtjjS0Fd,com.sec.android.app.shealth,b56f8a95-32a3-4af5-ad5e-4b305d99718f,
e3bb766c-49d3-4071-9d63-04c984921d8e,ac6f42af-30c3-41bc-afd7-3648f2502750,2026-01-08 19:06:11.890,2026-01-08 19:06:11.890,10004,R5wtjjS0Fd,com.sec.android.app.shealth,c84b99d5-d47d-4759-92c4-bfe243e88892,
66e34579-d94c-43a7-946d-7f069371cf51,9ceda14b-2345-4671-9f39-58a1327ab34e,2026-01-08 17:55:41.678,2026-01-08 17:55:41.678,10004,R5wtjjS0Fd,com.sec.android.app.shealth,699f8ade-e511-4a71-b5b0-9e6352e4042a,
afd2f590-7f9c-4d75-bc13-291a1106199f,4946ddd1-0188-4e79-92cb-4cea5ff9feac,2026-01-08 20:18:51.059,2026-01-08 20:18:51.059,10004,R5wtjjS0Fd,com.sec.android.app.shealth,a0b6d404-ec25-4e82-910f-0d7c5c5a72e4,
ce4f1f8d-13ff-4c68-bfc9-420148db9cc7,6228581e-b363-4c62-b383-4eab79098153,2026-01-08 16:10:35.308,2026-01-08 16:10:35.308,10004,R5wtjjS0Fd,com.sec.android.app.shealth,12eb196f-574c-4b91-b869-7fb755d000d8,
359243db-04b5-4d46-996f-26d4490a655e,597ac80e-3e8d-4941-99cb-b6e68e016f3f,2026-01-08 19:06:11.914,2026-01-08 19:06:11.914,10004,R5wtjjS0Fd,com.sec.android.app.shealth,c4233383-1288-4c3f-bc71-6a7faa15042e,
390404f7-170f-4f13-bbed-79b7ebffd5a3,fbab3779-c2ec-4bf9-b655-183fc8db6a20,2026-01-09 08:56:43.821,2026-01-09 08:56:43.821,10004,R5wtjjS0Fd,com.sec.android.app.shealth,09dde413-ab3c-49eb-a6c3-3854ccb128f0,
eab908aa-c42d-4a6b-a4da-db30f45ea295,201264c5-bc02-4ed0-861a-476990a8fcae,2026-01-09 08:56:43.764,2026-01-09 08:56:43.764,10004,R5wtjjS0Fd,com.sec.android.app.shealth,87a1f3a2-eb7e-4b2c-8a2e-bfbc2c3a4933,
de994c60-e530-4acb-99a7-ba3ee606678c,9b5823a2-c1ff-4052-b1c2-7a539e10638b,2026-01-09 09:36:39.820,2026-01-09 09:36:39.820,10002,R5wtjjS0Fd,com.sec.android.app.shealth,624098cd-1f49-4494-8643-c36c0461f96c,
70900a6f-83bc-4fea-a455-884730a4cdf6,3fdc5fc8-c06b-4914-924f-43f528564cd7,2026-01-09 09:06:16.314,2026-01-09 09:06:16.314,10004,R5wtjjS0Fd,com.sec.android.app.shealth,03dbb8ed-780c-4526-8942-41a4873393a3,
0f0b2082-789d-4183-9ab0-de9ea1d38cba,072074d7-c0e5-4a06-bcb9-0a173bb6c769,2026-01-09 08:56:43.811,2026-01-09 08:56:43.811,10004,R5wtjjS0Fd,com.sec.android.app.shealth,ad449a6a-d7ed-4411-ab51-18d6e166e8fe,
f5a640ca-8874-4bf5-a17c-87e692d3b580,24bf1206-5485-49a0-ad35-218c471d908b,2026-01-09 08:56:40.227,2026-01-09 08:56:40.227,10007,R5wtjjS0Fd,com.sec.android.app.shealth,3744b41b-85f9-49e0-8b06-c113f2b002cd,
e3cc5297-fc2a-4323-8fce-f07c6720e487,d4dc393a-9d85-4108-9084-4538d092e296,2026-01-09 08:56:43.697,2026-01-09 08:56:43.697,10004,R5wtjjS0Fd,com.sec.android.app.shealth,d5983f46-497a-4d0e-a6d4-a04300bd412d,
7da0d528-e402-4943-bf80-8ff3bd379ede,99883f8c-d123-46fa-9511-d0f0f241defa,2026-01-09 08:56:43.168,2026-01-09 08:56:43.168,10002,R5wtjjS0Fd,com.sec.android.app.shealth,d05160f8-a6a5-4489-a207-e7b5dd8ab0a3,
70e03caa-f196-46b2-a8af-03e2aba62e8a,77c2a46a-4c86-4daf-8904-9378c7618671,2026-01-09 08:56:43.741,2026-01-09 08:56:43.741,10004,R5wtjjS0Fd,com.sec.android.app.shealth,28644536-0f1c-40e7-89d2-b868d4563250,
3d2504db-6d35-4139-8116-8ca2330bec92,2f2d92cd-4400-4963-9ae1-2a0e7be56946,2026-01-09 08:56:43.716,2026-01-09 08:56:43.716,10004,R5wtjjS0Fd,com.sec.android.app.shealth,608f9ea1-2eff-44ae-99ba-eb5f71f2cca9,
43743b56-0c8c-430f-8246-c15bbc545529,f238d1ab-8226-4b30-88c3-a5656053ce0f,2026-01-09 08:56:43.850,2026-01-09 08:56:43.850,10004,R5wtjjS0Fd,com.sec.android.app.shealth,bc95fd9b-5dba-4d7e-a45c-c9c768ac5d0f,
8ee72303-c388-47e1-9fd3-ad62364b0c3f,b3d836db-6e15-45e9-89f5-fd20c85c7fe2,2026-01-09 09:36:35.129,2026-01-09 09:36:35.129,10007,R5wtjjS0Fd,com.sec.android.app.shealth,031e0518-61f0-416a-977c-d559c1419a7d,
aaab4a78-9bb8-4a85-ad29-20f20cc38fa0,520a361c-756f-47a2-a50e-775ef5ada1f1,2026-01-09 09:06:16.306,2026-01-09 09:06:16.306,10004,R5wtjjS0Fd,com.sec.android.app.shealth,a3557e43-3a78-4f2c-a90a-e5f7a52aec6f,
c2b4613c-7efc-4bb1-bd8b-27c1c722b6ee,9c51f880-46cd-44bf-a4d1-058a6c4ad9d8,2026-01-09 09:06:21.170,2026-01-09 09:06:21.170,10000,R5wtjjS0Fd,com.sec.android.app.shealth,85d2c86f-447f-4973-b013-35fcf0d4e206,
78f472f7-e627-466c-bef7-766b12873a31,885130e0-f0dc-446f-84a9-16cafa5738f5,2026-01-09 13:09:58.674,2026-01-09 13:09:58.674,10004,R5wtjjS0Fd,com.sec.android.app.shealth,af535f54-63d3-4c70-9b93-332ae64e3e4a,
03592f88-5456-474d-bd67-12220ff2abea,06732eaf-c588-4b82-8d43-09860cc5af2b,2026-01-09 14:33:04.914,2026-01-09 14:33:04.914,10004,R5wtjjS0Fd,com.sec.android.app.shealth,d4cc7345-c23a-43ba-93eb-fe767c0221ec,
0e032da8-5bb5-43d4-8c57-bb737de5b9fe,f68ca23e-e77e-40d3-b9d8-15c728970460,2026-01-09 15:54:29.068,2026-01-09 15:54:29.068,10004,R5wtjjS0Fd,com.sec.android.app.shealth,299f1cd3-f1f1-4a0c-ba46-e78cb20d06c2,
37d6fd52-9867-4813-b239-0d26b0899405,a2024026-4389-47c2-bcdf-2475d18f84b7,2026-01-09 16:07:20.168,2026-01-09 16:07:20.168,10004,R5wtjjS0Fd,com.sec.android.app.shealth,9809fc18-836d-45e9-83c0-530ec7f8a4ab,
27dd0273-cefc-4772-9ddc-af136bd09350,95715539-b991-4a57-b808-2b392e25e99b,2026-01-09 17:21:28.289,2026-01-09 17:21:28.289,10004,R5wtjjS0Fd,com.sec.android.app.shealth,8cb0754f-374e-477f-8220-ced78ceec33c,
1d9cbed9-4041-4d07-be34-39211d76e713,2988c053-efc7-4577-b58d-53a7882dd74c,2026-01-09 10:28:25.010,2026-01-09 10:28:25.010,10004,R5wtjjS0Fd,com.sec.android.app.shealth,63292ccf-0a26-4001-950f-4fcb68b5b8d4,
4a384803-f02e-40b7-a98c-c637deea6124,c64f36eb-60fd-4ca1-8bbd-b41f52b56ec5,2026-01-09 11:06:33.100,2026-01-09 11:06:33.100,10004,R5wtjjS0Fd,com.sec.android.app.shealth,6af3a094-5ad3-4cef-be07-25aa504423d7,
0bde60a8-711a-44fd-a1ad-446d5a51aa7a,22d2f415-079c-408c-8099-a451e4d5a5e7,2026-01-09 22:55:07.508,2026-01-09 22:55:07.508,10004,R5wtjjS0Fd,com.sec.android.app.shealth,c0a0a844-3230-4c0a-ab5b-bbd6f67c95e6,
1330b1d8-bad1-4de7-b8eb-3c5d9bfd2588,07aa01a9-3ead-49fd-acb3-3f1e5a14f34e,2026-01-10 03:06:48.662,2026-01-10 03:06:48.662,10004,R5wtjjS0Fd,com.sec.android.app.shealth,736cee08-4285-47f7-afb7-ae7aee84c8e2,
599dee87-2c47-4e9c-b0d8-5baba44c71cf,d4d3876d-12b8-4123-b2cc-b7faf546520c,2026-01-09 12:40:34.748,2026-01-09 12:40:34.748,10004,R5wtjjS0Fd,com.sec.android.app.shealth,87e2d39a-9574-4579-b919-fba2e8eb513a,
d9ee525a-3924-4b7b-80ad-7a1675bb385e,bb2ce8bb-b0be-4e5b-bc23-f5c124c17723,2026-01-10 03:06:48.675,2026-01-10 03:06:48.675,10004,R5wtjjS0Fd,com.sec.android.app.shealth,4d2a5139-0d3c-47f0-965d-ec77c81d3d68,
1b626d19-9e3e-42e2-8de2-8f2cdd93c1a3,a86f6110-362b-4db6-8bf5-cd397690dd72,2026-01-10 06:59:27.491,2026-01-10 06:59:27.491,10002,R5wtjjS0Fd,com.sec.android.app.shealth,e1372a5a-6d69-4e92-93ab-743c93ddf3d6,
f5b76618-6970-4091-9959-3cf40d7f879d,98350737-803a-4fb8-9728-e3851ff3b916,2026-01-09 18:58:00.282,2026-01-09 18:58:00.282,10004,R5wtjjS0Fd,com.sec.android.app.shealth,d08b34cf-0aa2-4c16-8c57-c498d6934d93,
5a211600-d8fe-448b-b25a-d45969e22213,6c91e690-ecfd-4452-9062-837639200a24,2026-01-09 20:57:11.372,2026-01-09 20:57:11.372,10004,R5wtjjS0Fd,com.sec.android.app.shealth,799c3181-9d58-4166-9059-682e6ed141fb,
a9bf1172-853d-4585-96fc-f8a56d7ff782,281e05e9-927f-46b1-8d86-43e2fd012f2c,2026-01-09 20:57:11.365,2026-01-09 20:57:11.365,10004,R5wtjjS0Fd,com.sec.android.app.shealth,2623cfc1-5eb1-4d7b-ad2f-b18fa341d9ff,
0561fa06-8310-434a-8bcf-125b872ec473,663dbdea-411d-4197-8fe9-7c0116fc8c65,2026-01-10 06:59:27.264,2026-01-10 06:59:27.264,10004,R5wtjjS0Fd,com.sec.android.app.shealth,3ecf1e22-758e-43ab-a3dc-54b2866c334f,
470c33e5-c21b-46b2-b0db-79e4c76a2fbb,c25e896a-4eab-4628-b88e-bb491d93b51a,2026-01-10 06:59:27.055,2026-01-10 06:59:27.055,10007,R5wtjjS0Fd,com.sec.android.app.shealth,058f0a8d-b39d-4465-b313-96eed227e959,
c67a38b6-8238-42ce-879d-3cd95b94b0bd,adbe2fd7-c301-4bc3-b418-1123196ef789,2026-01-09 23:17:29.152,2026-01-09 23:17:29.152,10004,R5wtjjS0Fd,com.sec.android.app.shealth,c426de3b-63cb-482d-b951-073bf2ef5d01,
8019e90c-4be7-4e19-97b6-93c06aeb0fcc,fdb96589-68f3-43b6-ad45-4b5ac9f82f51,2026-01-10 00:36:00.866,2026-01-10 00:36:00.866,10004,R5wtjjS0Fd,com.sec.android.app.shealth,c66d0f7f-c1e4-4ac5-8227-772399ffa790,
eb4c5b6e-2966-4303-942a-7aaea6e268fa,eec01289-1664-418f-bff9-324093ea4fe6,2026-01-10 11:19:44.830,2026-01-10 11:19:44.830,10004,R5wtjjS0Fd,com.sec.android.app.shealth,cef94fdf-5119-40a7-9983-7e997bef4f3f,
be9c453c-6899-4c25-8d77-4a9987abebd8,2a982344-bf73-4aed-8448-6a2f44de9b6d,2026-01-10 06:59:27.271,2026-01-10 06:59:27.271,10004,R5wtjjS0Fd,com.sec.android.app.shealth,f7256217-227e-4660-9835-0f66f7dda817,
1198eaa0-010c-4834-a47a-d2bae5415089,c91097d8-2b97-4219-be32-0df058dbba48,2026-01-10 06:59:27.289,2026-01-10 06:59:27.289,10004,R5wtjjS0Fd,com.sec.android.app.shealth,5af2d34e-52e0-4db9-9056-7744669133d8,
a17c322c-8b99-4f52-b683-980bdca58a4b,09dfcab9-52b5-48fb-a083-2201e93afdde,2026-01-10 06:59:27.206,2026-01-10 06:59:27.206,10000,R5wtjjS0Fd,com.sec.android.app.shealth,adf1e3b4-dbfd-4ce2-9c89-aff736479baf,
8009802b-7065-49cb-9f8a-2f02af03da3f,f14bb1f4-6943-413f-932a-e6260cf083c0,2026-01-10 09:09:16.392,2026-01-10 09:09:16.392,10004,R5wtjjS0Fd,com.sec.android.app.shealth,19fd9202-7fd2-40cc-9c52-73e4b1f7881e,
fcd87aed-417f-45ed-8e3f-c8db1ca02644,9ee6fa99-78f8-4924-a099-7209f08dd86a,2026-01-10 15:12:40.828,2026-01-10 15:12:40.828,10004,R5wtjjS0Fd,com.sec.android.app.shealth,dbc9db15-5bbb-455f-873c-097e4582ef86,
7d42e632-1544-4a22-ac1c-d1b56d70ab05,47e8052e-b6c9-4472-b327-9f5c448ca5c6,2026-01-10 06:59:27.333,2026-01-10 06:59:27.333,10004,R5wtjjS0Fd,com.sec.android.app.shealth,c2234848-e267-4a6c-bbea-ba568857a938,
419688cc-e168-4b61-9575-090c9f21fc53,531399d4-4b66-4f11-89ff-ebf716892453,2026-01-10 15:12:40.845,2026-01-10 15:12:40.845,10004,R5wtjjS0Fd,com.sec.android.app.shealth,7365ea7f-3858-4c5f-9300-df86f14d6e9e,
5c514429-c384-48a0-84bb-22e9f06727d7,fb18568f-a796-4020-a62d-9757a5e9adef,2026-01-10 11:19:44.836,2026-01-10 11:19:44.836,10004,R5wtjjS0Fd,com.sec.android.app.shealth,db3a3b9c-85a1-4376-b1a2-f939bfbfe2c7,
bee80025-ff9a-4d56-bd1a-4a3445b9393d,353e89ce-5042-4234-9688-f11bfdb3bee9,2026-01-10 06:59:27.278,2026-01-10 06:59:27.278,10004,R5wtjjS0Fd,com.sec.android.app.shealth,d05e0fbf-420c-44f5-8974-6f9a22fe906c,
47eb45ba-5101-4f99-b21f-b129d8f378bb,57f0d9c0-0bad-4fa5-a0eb-d22eea6b43ba,2026-01-10 08:05:35.511,2026-01-10 08:05:35.511,10004,R5wtjjS0Fd,com.sec.android.app.shealth,a570aaa1-8607-47d8-8fa9-02c67028b9d7,
01b6092c-38cf-4a9c-bb6f-25b58c8626f5,ac80a9d1-803a-4ec8-8292-9991422682bf,2026-01-10 07:11:01.031,2026-01-10 07:11:01.031,10004,R5wtjjS0Fd,com.sec.android.app.shealth,c298bb18-8754-4088-9c28-d4f4adf35a0f,
7b6e9be5-2209-4728-9edd-b7482b3c09f5,fcfd4f56-1c47-4ec5-a33e-995052fb7ae8,2026-01-10 15:12:40.834,2026-01-10 15:12:40.834,10004,R5wtjjS0Fd,com.sec.android.app.shealth,a71124ad-9c90-49a9-abe2-02a5e6e1b1c3,
d886a45f-8ebc-4de8-9f2f-64d428413127,be4eb273-3815-48c4-a854-2a5c20e5c9c7,2026-01-10 15:12:40.818,2026-01-10 15:12:40.818,10004,R5wtjjS0Fd,com.sec.android.app.shealth,b0407497-13ef-4f93-9384-0595edfa689d,
a7981a31-302d-4b28-82be-225504e2fc3b,983f62cf-ee08-495d-8efd-f3fc4637ea1c,2026-01-10 15:12:40.841,2026-01-10 15:12:40.841,10004,R5wtjjS0Fd,com.sec.android.app.shealth,818a5f93-ea84-4c5b-a4fb-cd9da422d6ae,
aad0249c-7b6d-452a-9e33-db1f4dfc5c26,06246303-02cb-492d-8379-29281b552aea,2026-01-10 19:59:24.745,2026-01-10 19:59:24.745,10004,R5wtjjS0Fd,com.sec.android.app.shealth,7866feb2-ef0e-4130-b050-d9534b560644,
b6613065-bba3-470c-923e-28215c144082,8291920c-9ee8-4100-abb5-627c0fcc1a17,2026-01-10 20:03:38.596,2026-01-10 20:03:38.596,10004,R5wtjjS0Fd,com.sec.android.app.shealth,edeca4b2-87eb-4528-ac48-8ea952de12be,
fa754c99-f23f-44e7-a36c-c286f10fa285,e5e7f837-8616-4d9b-b7a1-cf28116e7fb9,2026-01-10 21:19:40.361,2026-01-10 21:19:40.361,10004,R5wtjjS0Fd,com.sec.android.app.shealth,e4349d62-cb16-471f-969d-90027e9da237,
aaebe6ec-1441-46e5-9b46-b3d5db6b92c4,b303a819-014a-4104-a6be-de598cde0e87,2026-01-10 22:06:08.504,2026-01-10 22:06:08.504,10004,R5wtjjS0Fd,com.sec.android.app.shealth,68f0e789-09de-40cb-90ef-15a311d7790b,
ceccb61d-b329-4750-82b1-2447db24eb50,970796ce-3fe3-4215-a011-9f608c43ab72,2026-01-11 01:37:00.612,2026-01-11 01:37:00.612,10004,R5wtjjS0Fd,com.sec.android.app.shealth,a8f9b0ae-4db6-4e3c-bf57-e09658d6e38b,
9c8e66c8-cc8c-4579-9f06-5c01a8247c7f,850f3695-06b4-41b0-b832-22f4097322dc,2026-01-11 10:13:05.276,2026-01-11 10:13:05.276,10004,R5wtjjS0Fd,com.sec.android.app.shealth,5019a76b-e376-446f-8e02-7e539d2bbd2f,
5ee6cc2f-6584-4048-b1d1-326fb3330195,3753e59f-c872-4314-8c1d-c1993890cd5b,2026-01-11 10:13:05.232,2026-01-11 10:13:05.232,10004,R5wtjjS0Fd,com.sec.android.app.shealth,12e278fc-c988-4e73-a9c3-9016f3d3701f,
f6644b19-9c58-4b6c-96c5-ae8d65e4fe20,c42adb94-4bdd-453d-9831-38654c578f33,2026-01-10 16:04:16.659,2026-01-10 16:04:16.659,10004,R5wtjjS0Fd,com.sec.android.app.shealth,782531ac-7e2f-4455-8af5-3b15f61475e1,
0f346d82-ad0e-400f-8d12-899116c2614e,c7255026-f696-4c1b-94bf-5a3ef4f2f50c,2026-01-11 10:13:05.296,2026-01-11 10:13:05.296,10004,R5wtjjS0Fd,com.sec.android.app.shealth,a9297ba2-f9c6-43c0-b05c-869c553424c4,
621e1ddc-96dc-4cfc-9228-5f46cc3a5636,c02489c0-8acd-46dc-af86-f5a24ec70062,2026-01-10 17:08:55.841,2026-01-10 17:08:55.841,10004,R5wtjjS0Fd,com.sec.android.app.shealth,f8256c43-f331-4803-adba-7ed2236bcb80,
f5363765-a18c-4a54-87b2-0c58b48949fe,81650735-6b3f-4c44-bd74-317115051dad,2026-01-11 10:13:05.261,2026-01-11 10:13:05.261,10004,R5wtjjS0Fd,com.sec.android.app.shealth,d4d8e0f9-46a2-46b0-8a56-4064612a5cde,
e286453e-dd1c-41b6-84e6-7486a8b7969d,a6c222ea-9897-4f1a-a38b-40e2e8c772a1,2026-01-10 18:29:33.978,2026-01-10 18:29:33.978,10004,R5wtjjS0Fd,com.sec.android.app.shealth,c6a997f3-1971-4900-937e-95bea3dd54dc,
beed9fe2-bf3a-41e6-b40c-6565793c9355,fec9bbf8-d43f-452c-84f3-f62cc135340f,2026-01-11 10:13:05.301,2026-01-11 10:13:05.301,10004,R5wtjjS0Fd,com.sec.android.app.shealth,cb588a2c-fdfe-446c-85d8-a380b32bc681,
60b86b2e-c78f-49d2-9b85-4d23509e7a9a,5d21a344-bc2a-4054-beb0-3d9d08dee534,2026-01-11 10:13:05.255,2026-01-11 10:13:05.255,10004,R5wtjjS0Fd,com.sec.android.app.shealth,d4531982-1db8-47de-8b79-916c7ec289cb,
4ae490f0-1d96-4b64-b283-0cb9930ea0f1,7c384324-910f-4575-b80d-13a27b5c9046,2026-01-11 10:13:04.025,2026-01-11 10:13:04.025,10002,R5wtjjS0Fd,com.sec.android.app.shealth,505b11c5-b52a-4a38-91b4-4eb52ef3f145,
e37a6637-f8cf-4809-9e51-7f57ffa9945b,d451930e-e214-450c-b0b1-0f3522124ccf,2026-01-11 10:13:05.251,2026-01-11 10:13:05.251,10004,R5wtjjS0Fd,com.sec.android.app.shealth,194ece18-d8b3-4b75-ab11-1c4758b8ef53,
f835a422-4c60-4b4a-ae29-816b73ceb5d7,9c20a12a-3696-415f-961e-84cecaee7502,2026-01-11 10:41:11.628,2026-01-11 10:41:11.628,10000,R5wtjjS0Fd,com.sec.android.app.shealth,b6a82cef-9ad8-414e-b66e-50299a1c833e,
1a17c7ef-c616-4939-aa95-79e26721ce0a,eaad7715-5c11-4f66-8018-00409dfb0244,2026-01-11 10:13:04.464,2026-01-11 10:13:04.464,10007,R5wtjjS0Fd,com.sec.android.app.shealth,e8664e33-8d0d-4453-bb0f-2dbd733a822d,
734eb312-31c4-4835-af6a-3419f578814e,f7d278ab-14a5-48d4-8128-2505cc4f6e9d,2026-01-11 11:05:49.063,2026-01-11 11:05:49.063,10004,R5wtjjS0Fd,com.sec.android.app.shealth,d6a0f4fe-45c6-4dbf-9574-112e01f2176e,
83fd4d6a-ec1f-471f-9e98-6ddce53f615d,46f399dd-8161-4eea-82dd-640bad0c0602,2026-01-11 19:19:10.395,2026-01-11 19:19:10.395,10004,R5wtjjS0Fd,com.sec.android.app.shealth,43db5838-6862-4306-b6bc-d3e5965bb0ed,
98734e4c-5518-4df9-a074-9609a27368bf,c51c9ba1-2fd1-4057-bf27-c4680f1b51e6,2026-01-11 10:13:05.269,2026-01-11 10:13:05.269,10004,R5wtjjS0Fd,com.sec.android.app.shealth,fb4cb7ca-0d57-439f-9519-2573be31fa77,
eff14976-459b-4a34-b7fa-2c74761f7f32,e13bfe75-1b16-45fe-8736-570129140ee8,2026-01-11 13:02:40.280,2026-01-11 13:02:40.280,10004,R5wtjjS0Fd,com.sec.android.app.shealth,913e35fd-b16a-4bf0-8a8b-ffb3a54ef81e,
14012b2a-b229-470d-8417-846580dee9ab,964441dc-9632-409d-925c-d254fe8f9296,2026-01-11 18:25:30.751,2026-01-11 18:25:30.751,10004,R5wtjjS0Fd,com.sec.android.app.shealth,15bab830-917c-4ef4-9156-023cd96b0367,
15997c1e-40e4-425a-b153-63d2dd58a98d,4b521f2e-e334-4e15-8451-d6cc0646c0f7,2026-01-11 10:13:05.285,2026-01-11 10:13:05.285,10004,R5wtjjS0Fd,com.sec.android.app.shealth,6c878310-435a-4d25-a66d-8dc752d3ca4c,
9f5bc0b1-14c8-4104-b0fa-cab5f306716a,d05efd30-8aa4-44dc-a806-4d0f35dac2f4,2026-01-11 16:33:36.245,2026-01-11 16:33:36.245,10004,R5wtjjS0Fd,com.sec.android.app.shealth,baf14731-2147-43ad-8a46-2ba12d3bafb7,
d615e238-1654-4ff2-abb5-8a4c031c1b7c,59a5c7ac-f487-43a1-9561-da3cb1eebdbf,2026-01-12 00:15:28.531,2026-01-12 00:15:28.531,10004,R5wtjjS0Fd,com.sec.android.app.shealth,e1206490-44e6-4ca0-9ae4-be7ce0c82ed8,
04b8a37f-b95b-4b49-8e24-27917505e983,1a8c168c-269b-429a-a3c0-9ea2423fddf1,2026-01-11 10:51:22.984,2026-01-11 10:51:22.984,10004,R5wtjjS0Fd,com.sec.android.app.shealth,c052a49f-88b2-4ff2-970a-3b30c4b2719f,
914a5394-77db-4466-b11b-d29e52d51eb4,2fe149ff-f49a-4c24-90d7-4393492250c2,2026-01-11 12:09:51.403,2026-01-11 12:09:51.403,10004,R5wtjjS0Fd,com.sec.android.app.shealth,450db4fd-2de6-4678-9a8f-aaed6e050f74,
98c11e14-b266-40a7-adfe-f362455641e5,a2181f6d-78ea-45fb-a494-26ed688c436a,2026-01-11 14:40:45.427,2026-01-11 14:40:45.427,10004,R5wtjjS0Fd,com.sec.android.app.shealth,1b0868b0-dcf4-4b5f-a640-63d35405d0af,
c02d1f51-5d61-45a2-a3fa-7020e615a78a,52e06e5f-df56-4db8-91a2-f8e4c4a378f7,2026-01-11 17:19:39.105,2026-01-11 17:19:39.105,10004,R5wtjjS0Fd,com.sec.android.app.shealth,8bf53330-8a9a-44d9-acc6-87c721a6b55c,
0d732b71-0a87-4b21-9148-c63915c6024c,32204689-81fa-4b22-a842-f8701e03cf7b,2026-01-12 08:13:00.582,2026-01-12 08:13:00.582,10000,R5wtjjS0Fd,com.sec.android.app.shealth,de801e3c-46d3-43ca-bc6c-a3a1474e719b,
de988ac6-7113-4a3e-972f-4522cb285aa0,21632604-74de-49cc-b6ad-3a5185f0a90f,2026-01-11 15:09:10.603,2026-01-11 15:09:10.603,10004,R5wtjjS0Fd,com.sec.android.app.shealth,6cb71111-bf21-4633-a40d-d12b4ba59edb,
20f13ed5-afae-4daf-a916-3d6eb36d29a2,5055b305-7fa2-4d79-9ebe-7cb317dd6ffa,2026-01-12 08:13:00.645,2026-01-12 08:13:00.645,10004,R5wtjjS0Fd,com.sec.android.app.shealth,b315ee12-741d-4332-b3a0-7dc1e75e85b6,
5bc63735-2917-408a-bb3a-c655c1a094e7,52a9f396-376d-457d-b7eb-68e37ad7272b,2026-01-11 20:32:05.490,2026-01-11 20:32:05.490,10004,R5wtjjS0Fd,com.sec.android.app.shealth,bb2ea414-be0b-4dbf-9cc5-9bf20c223512,
f796f871-7304-4766-b9df-ec3ebaa5ccde,1f5d4701-975a-404b-951b-118beef21c79,2026-01-12 08:13:00.676,2026-01-12 08:13:00.676,10004,R5wtjjS0Fd,com.sec.android.app.shealth,250756b6-4d42-4bcb-a417-fac83d2edf9e,
9334c9f0-7fb5-4dd4-bb23-7e69dd0b5ed6,a06ceba4-b7e6-4f70-a3db-0c2bbabce2e4,2026-01-12 00:15:28.539,2026-01-12 00:15:28.539,10004,R5wtjjS0Fd,com.sec.android.app.shealth,48c16009-d844-49e7-a476-2ede444f4b12,
79388f45-9d82-4293-9485-3d86722cc205,e0cbb42f-bf71-4bb6-82c4-bd5a6895fb6b,2026-01-12 11:28:18.162,2026-01-12 11:28:18.162,10004,R5wtjjS0Fd,com.sec.android.app.shealth,c9fd56f1-384d-4192-bae7-aa60345a7331,
01ec44bb-d0b4-4554-8250-e083effd9f47,b2d48660-6b83-400e-8ebb-2e7de6fe86fa,2026-01-11 21:30:15.961,2026-01-11 21:30:15.961,10004,R5wtjjS0Fd,com.sec.android.app.shealth,afcf97b6-f7d2-4350-8ce6-c21419831f75,
310214dc-c1f8-4198-9683-d58bd3a748a8,aa744cef-2bc5-41ea-9ab8-268206e23624,2026-01-12 08:13:00.640,2026-01-12 08:13:00.640,10004,R5wtjjS0Fd,com.sec.android.app.shealth,280f024a-2145-4f49-95b0-b9079528b345,
16cd57a9-2cf1-4f9a-acb4-fa0acfe7acdd,8381d79f-8d2e-45c7-8495-7eca57cab98a,2026-01-12 08:13:00.650,2026-01-12 08:13:00.650,10004,R5wtjjS0Fd,com.sec.android.app.shealth,a328f7f0-c76f-4031-86d3-e8b53c3519d3,
7988f896-74d2-4a2f-a492-5818f9791871,6b45658c-e04b-4fad-82b6-33911e2abf59,2026-01-12 08:13:00.631,2026-01-12 08:13:00.631,10004,R5wtjjS0Fd,com.sec.android.app.shealth,0e41ddfc-35ec-409e-854f-542f8c10975f,
1212d6dc-e398-48b4-abc8-3a7d88661f97,e18335bc-39f6-4825-a273-2fa321aef24d,2026-01-12 08:13:00.663,2026-01-12 08:13:00.663,10004,R5wtjjS0Fd,com.sec.android.app.shealth,290a135b-f9de-4edd-ae4d-ce9ce9656db3,
a99a3202-0d5f-44e5-8954-fdc6e0cb0eca,f7cc68c5-835e-4133-9838-a4d933f9ecee,2026-01-11 22:07:00.663,2026-01-11 22:07:00.663,10004,R5wtjjS0Fd,com.sec.android.app.shealth,8479195e-bfb5-4970-b6e2-3e70917c64c3,
866315cd-c4dc-4628-9132-f5eda26ee12a,e70e1907-3f63-4883-844a-fc97b1c6fe13,2026-01-12 11:28:18.157,2026-01-12 11:28:18.157,10004,R5wtjjS0Fd,com.sec.android.app.shealth,efebaf94-42d4-4abb-8dc2-5b35d6e44921,
9ace6878-8056-4ede-9d0d-d417c19edf73,f1c43115-a1b7-4781-9ef5-06f2e3a3622c,2026-01-12 11:28:18.169,2026-01-12 11:28:18.169,10004,R5wtjjS0Fd,com.sec.android.app.shealth,6caf3267-aedf-44eb-9ac0-6d1fe78ad81e,
62299a78-21de-4f04-bef9-89f356f2d3e6,7b50e588-7098-4ad6-bc1a-dc8cb6ed8ae9,2026-01-12 13:14:27.489,2026-01-12 13:14:27.489,10004,R5wtjjS0Fd,com.sec.android.app.shealth,f8dd0c65-517d-407c-8d57-3ba57f6f19fb,
9f936928-8d40-4996-89aa-421c1c6860b2,6021df25-2e57-427c-b803-f6a6f1ed42a6,2026-01-12 08:13:00.672,2026-01-12 08:13:00.672,10004,R5wtjjS0Fd,com.sec.android.app.shealth,7bd9df0d-b1ee-4312-b954-ce4cc0549013,
37a78d3c-e512-4dff-8c87-5d3ab0f51097,58370efa-94e3-420b-bc1c-cebad9df9171,2026-01-12 08:13:00.668,2026-01-12 08:13:00.668,10004,R5wtjjS0Fd,com.sec.android.app.shealth,c0550c0a-9f55-4bb0-835d-65b2156a4f9e,
a4b75000-7f5a-4a0a-be5f-62e2c86c3102,9dae8b0a-bdaa-4da3-b43f-1cbfa3bd74ab,2026-01-12 12:24:07.724,2026-01-12 12:24:07.724,10004,R5wtjjS0Fd,com.sec.android.app.shealth,ee2b06e2-98a8-4b02-8dca-5990b3d4728b,
455f460c-aa45-453e-9df7-4868ee63b5e5,b8637e40-e17e-451b-bb34-3c6229eb4488,2026-01-12 13:43:34.977,2026-01-12 13:43:34.977,10001,R5wtjjS0Fd,com.sec.android.app.shealth,371f3e87-398e-4eb4-ae6c-0cf4dea97de3,
cade46f9-2268-4441-9908-01c48bcf47f7,349afd3e-4575-4109-b609-ebd4c41e6cbb,2026-01-12 16:18:03.444,2026-01-12 16:18:03.444,10004,R5wtjjS0Fd,com.sec.android.app.shealth,86e76b33-aba2-429e-899a-d3830042a0f0,
0e6a8762-000a-4b4e-9e09-9eaac4c46bf6,a4f9a30d-a71a-40e8-a9bb-02fcfa149e87,2026-01-12 16:18:03.454,2026-01-12 16:18:03.454,10004,R5wtjjS0Fd,com.sec.android.app.shealth,165e2cdb-643d-455d-85cf-9c8efde96a9d,
02bf6b7e-7782-4418-bcfe-94a8dd19ebd5,bf0f673f-00c2-49ba-aa33-15cdf5363973,2026-01-12 16:18:03.510,2026-01-12 16:18:03.510,10001,R5wtjjS0Fd,com.sec.android.app.shealth,6a7e836c-ef02-4a3e-80fc-63f80921a39c,
dfb44c3f-c924-46b8-879d-89c93ccfa341,0ff00e66-e427-49a6-bfc1-7a51f084bbd6,2026-01-12 17:40:44.862,2026-01-12 17:40:44.862,10004,R5wtjjS0Fd,com.sec.android.app.shealth,00a7c49a-9240-4b51-bf37-c58208c13ebc,
24b0fa7b-d5e7-42e3-81d4-3665262c986c,9b86f6f7-350f-48b6-8416-3bccee337a1b,2026-01-13 09:32:08.148,2026-01-13 09:32:08.148,10002,R5wtjjS0Fd,com.sec.android.app.shealth,b9d90234-a7ff-4b05-9957-341dc22780ca,
912d0e7c-3c6e-4fcb-b553-5104be39bf91,72e783db-97bd-49f9-be95-b662def1c614,2026-01-12 19:20:49.665,2026-01-12 19:20:49.665,10004,R5wtjjS0Fd,com.sec.android.app.shealth,5365f28f-fbc9-4dfc-b9e6-75ac0e09e770,
0dee1355-89c7-427e-bab7-0022089076c4,935b2bcb-5ac2-4d82-beed-4149dbde374e,2026-01-12 21:47:53.039,2026-01-12 21:47:53.039,10004,R5wtjjS0Fd,com.sec.android.app.shealth,ef711bc9-46dc-4545-8b43-b5bad9e55db3,
a33b1e7a-56ae-4a4f-be1c-49d2786035c2,a4bd2027-47f7-423e-afcf-2bc53927bda9,2026-01-12 19:20:49.678,2026-01-12 19:20:49.678,10004,R5wtjjS0Fd,com.sec.android.app.shealth,91d7ed8b-d76d-4201-bb6e-cfba9a9cf686,
ac09d7bb-20c7-4942-876b-50231d7467f5,3af53145-95cf-4098-9067-a91a5aabb030,2026-01-12 16:18:03.432,2026-01-12 16:18:03.432,10004,R5wtjjS0Fd,com.sec.android.app.shealth,9b828b2c-4df2-46d0-8aa5-e54f931061b8,
894bbc1c-ef74-4496-b8ce-4d30bfcb050c,d92422b0-96aa-4366-a6f4-f66804f07a90,2026-01-12 19:20:49.673,2026-01-12 19:20:49.673,10004,R5wtjjS0Fd,com.sec.android.app.shealth,44d9cb94-8bcf-47e5-8c8d-a0899262bcf9,
124a6f54-6a66-4479-ae35-ed8cd4f4cd49,18a71efc-2143-4bef-ae65-59cce17018e9,2026-01-13 09:32:04.322,2026-01-13 09:32:04.322,10007,R5wtjjS0Fd,com.sec.android.app.shealth,32c8a159-55ab-47cd-a118-bf2b310839b4,
f314c5e9-3382-4555-9e61-430ac5931381,d756b845-39d2-4292-8066-7bcf25844be8,2026-01-13 09:32:09.308,2026-01-13 09:32:09.308,10004,R5wtjjS0Fd,com.sec.android.app.shealth,ce32b9e8-2845-4306-9082-2b0a50e8f66d,
65f94299-36ba-46d9-ac64-c2146541ef31,104ee0d0-df14-4cf2-82c8-fd66c037bb07,2026-01-13 09:32:09.208,2026-01-13 09:32:09.208,10004,R5wtjjS0Fd,com.sec.android.app.shealth,d230b52e-7aac-4f95-8842-a4a5d8541c05,
c7c684e6-ea01-4502-a133-7cf8bc4c8760,6e1cc0eb-9d35-49f0-9f7d-69ddc67fb055,2026-01-13 00:44:05.496,2026-01-13 00:44:05.496,10004,R5wtjjS0Fd,com.sec.android.app.shealth,9c59ad58-c3ea-4e7e-9f7e-28256ecdfeff,
9761a83d-d823-414e-a6ac-d6dd57081257,268bd2ed-c716-4f2f-9c33-149e3b4a2375,2026-01-12 22:36:17.721,2026-01-12 22:36:17.721,10004,R5wtjjS0Fd,com.sec.android.app.shealth,110c14f0-2b98-4ada-bb34-8cb58aff7446,
3129875a-4a0c-476c-b281-0f2485724fd4,75dad7a8-e9a9-4fb9-9b11-efb7ec44ff5b,2026-01-13 09:32:09.295,2026-01-13 09:32:09.295,10004,R5wtjjS0Fd,com.sec.android.app.shealth,10bd968e-13df-43ec-9a14-19a8160dcf7b,
0a7bda7e-1aef-4856-b9ed-9abb937efdbe,71309c46-42e8-4514-b63d-71f733af566d,2026-01-13 09:32:09.200,2026-01-13 09:32:09.200,10004,R5wtjjS0Fd,com.sec.android.app.shealth,d545f62a-b045-4ade-bc41-38ff342213c2,
1387f594-0d3f-4594-bc5e-83bff69a05b2,82d5019a-4d14-4a4f-aa46-c7123b44aa38,2026-01-13 09:32:09.244,2026-01-13 09:32:09.244,10004,R5wtjjS0Fd,com.sec.android.app.shealth,de5be0e0-1a9f-4618-a9dc-cc4ebcd7812b,
920d02c5-463b-4e9f-ac74-dd51faa17c55,1d1d543e-c50c-487e-966e-1b872a707724,2026-01-12 23:38:28.154,2026-01-12 23:38:28.154,10004,R5wtjjS0Fd,com.sec.android.app.shealth,e4caea49-acc9-4f72-a7d5-92659408f781,
83ef07c8-8e77-4b9c-bb1c-8cefa6188504,bc97d2f0-0bf5-40ef-8f99-0a644e020c71,2026-01-12 21:47:53.044,2026-01-12 21:47:53.044,10004,R5wtjjS0Fd,com.sec.android.app.shealth,b6768f47-11f4-4e47-bce3-1cacd5d7e457,
b0f1d838-c4a4-4593-8b7e-4fc9eec18746,5422e39e-7059-4239-806a-6e85663bcf0b,2026-01-13 09:32:09.236,2026-01-13 09:32:09.236,10004,R5wtjjS0Fd,com.sec.android.app.shealth,14b0ce5e-aee7-4384-aaab-fe5f3cd2b126,
830284fc-cc7d-4439-87df-1fc8de70c036,63e7c401-0d33-4a1f-9481-d5f37c8a87f0,2026-01-13 09:32:09.267,2026-01-13 09:32:09.267,10004,R5wtjjS0Fd,com.sec.android.app.shealth,42f5d44f-959c-4e3c-b90d-bfb79e50a9c2,
5d788b49-ae22-4cea-aaf9-c4276ae37449,4124d9ae-6970-4076-8b9f-74679c59ef52,2026-01-13 10:23:04.237,2026-01-13 10:23:04.237,10002,R5wtjjS0Fd,com.sec.android.app.shealth,aa9fb21a-1a56-4bfa-9d17-be5f1bc544ef,
32ce7075-86a3-4d7f-ad8a-eeb04c1864fc,cbeb5873-48de-4d4b-8935-7ea23c44ef59,2026-01-13 10:23:04.253,2026-01-13 10:23:04.253,10000,R5wtjjS0Fd,com.sec.android.app.shealth,08060906-fae3-48aa-b5b8-b77ea3f2e8e0,
d42c8e73-604b-4e5c-9846-86f9f4d9c430,4cc21e27-8f86-4f95-a31e-cdd4cbf7a23a,2026-01-13 10:23:04.678,2026-01-13 10:23:04.678,10004,R5wtjjS0Fd,com.sec.android.app.shealth,3be3dea1-873e-4ee5-b4f8-db55756c9213,
0ffa9b18-bbdc-4fa9-8015-d0b6ac406098,ca842d7b-ee52-4022-b64a-33be4f03a303,2026-01-13 10:23:04.695,2026-01-13 10:23:04.695,10004,R5wtjjS0Fd,com.sec.android.app.shealth,daa7fd83-c759-43e7-bb3d-b41d1416aae8,
708e2fca-240d-43e6-a0fb-49db1ec8959b,9346d0f7-711e-4e16-bf7a-f770904e93b5,2026-01-13 10:23:04.688,2026-01-13 10:23:04.688,10004,R5wtjjS0Fd,com.sec.android.app.shealth,4ce082bb-9aa4-4006-98f4-6a78a13cfc50,
a7ca787e-7ec5-4ea2-a7b3-cd3762159991,db23a521-b0e2-41a1-b61a-91caa655044f,2026-01-13 10:23:03.793,2026-01-13 10:23:03.793,10007,R5wtjjS0Fd,com.sec.android.app.shealth,9d0b76b1-aab8-4f01-89ef-6a7dd5222949,
0084a983-4b0a-4c2a-8782-0ad00b581a95,a5f8fa07-a9ef-4a50-a676-4c5a1fa95e55,2026-01-13 11:17:45.616,2026-01-13 11:17:45.616,10004,R5wtjjS0Fd,com.sec.android.app.shealth,3f7615ee-ce56-4744-ae26-7e1f0c557499,
627fbd3c-6ddb-443c-b906-922e88153cc5,b812c98e-fd2d-4657-9259-7e8475635439,2026-01-13 11:17:45.610,2026-01-13 11:17:45.610,10004,R5wtjjS0Fd,com.sec.android.app.shealth,71ca09e6-4caa-4d8d-9569-34765853dba1,
729f9d48-5d2d-460a-a437-b65eb7e278b6,8246ab76-4023-4675-9016-4eee792b8019,2026-01-13 14:22:53.118,2026-01-13 14:22:53.118,10004,R5wtjjS0Fd,com.sec.android.app.shealth,d0000e4d-1c89-4227-af38-a33ec48ad8b9,
3686891f-a514-4e20-b4ac-215aa4304aff,8c31091a-1bca-4966-9761-24fbbe29acf1,2026-01-13 14:22:53.125,2026-01-13 14:22:53.125,10004,R5wtjjS0Fd,com.sec.android.app.shealth,5fe6300e-802a-4ee8-ab48-7cfd6c145d8b,
69928c79-0c2d-4f28-90c4-ca4205add98a,e6ffd0e8-51c5-433c-b292-e4ac56f296d7,2026-01-13 14:22:53.131,2026-01-13 14:22:53.131,10004,R5wtjjS0Fd,com.sec.android.app.shealth,b588f488-eb09-4130-92a8-06365bc29d0f,
a2b6cbd1-63e2-4118-b3c7-5fd25bf8affa,61836346-2b39-4f1e-915b-963738f7c0bf,2026-01-13 14:23:58.720,2026-01-13 14:23:58.720,10001,R5wtjjS0Fd,com.sec.android.app.shealth,de4c39f8-9422-41dd-a6db-7d0ec78b9789,
52d0a98f-1288-4a6f-9306-c84b0ac7744e,96311255-9d52-4b07-92e7-bdce46d5314d,2026-01-13 20:14:46.949,2026-01-13 20:14:46.949,10004,R5wtjjS0Fd,com.sec.android.app.shealth,31137a0f-3714-4720-a9d6-b9126413a683,
2346bfcf-297a-473e-8521-3f3b7057e230,e1a5bb51-6553-4a66-9942-062b3bb7452a,2026-01-13 16:08:36.042,2026-01-13 16:08:36.042,10004,R5wtjjS0Fd,com.sec.android.app.shealth,af0fe1da-eca4-4376-a9ca-17e9a5d617a0,
c75c60d9-0833-4d9b-b4d3-51cf8fcc1b93,8d34fedf-976f-43f8-94b7-e0f3036bea39,2026-01-13 16:08:36.049,2026-01-13 16:08:36.049,10004,R5wtjjS0Fd,com.sec.android.app.shealth,d6095da8-a69b-4ef9-83e4-b5236a9eb4f3,
c75d61dc-f5cf-49e3-9a03-06f2f2e4e8a0,a068ae0d-bcd0-4320-a046-17f6554fb3e4,2026-01-13 22:04:52.085,2026-01-13 22:04:52.085,10004,R5wtjjS0Fd,com.sec.android.app.shealth,c95eb7b9-2ae4-4fd3-b4e9-96fd5612d2f4,
132535d6-4562-4993-bcc0-6a2d9e1f8117,be984eda-71ea-461f-8316-10ea341d0e3e,2026-01-13 17:10:07.303,2026-01-13 17:10:07.303,10004,R5wtjjS0Fd,com.sec.android.app.shealth,e4e1a377-f96d-4165-95b2-ed66b1a75a42,
c6f9dac9-8294-4f06-8bbe-5a8b6ae035da,e58ebf0a-f756-4de2-a699-96f901cc9e27,2026-01-13 19:20:52.038,2026-01-13 19:20:52.038,10004,R5wtjjS0Fd,com.sec.android.app.shealth,730ea88d-b771-4f81-b481-b10d78a03c54,
720a02fd-c340-420e-9b50-026f330326c7,48c67a8b-bf8f-4235-8563-3319e1a937ce,2026-01-13 19:20:52.014,2026-01-13 19:20:52.014,10004,R5wtjjS0Fd,com.sec.android.app.shealth,9c26d2c7-9c87-4ea4-a686-bb0abd2aeede,
6008af2a-e66e-4cb9-9b99-25f94cbb1588,96e03994-114e-404e-bda4-61496ead415c,2026-01-13 23:18:54.230,2026-01-13 23:18:54.230,10004,R5wtjjS0Fd,com.sec.android.app.shealth,af1df014-6f2d-4181-b609-629b38270518,
4cd49872-098d-4596-a87d-561c3c36de27,327dc33e-d6ff-4d28-a841-eda907ab8190,2026-01-14 00:46:13.756,2026-01-14 00:46:13.756,10004,R5wtjjS0Fd,com.sec.android.app.shealth,c827b0ec-67a2-4247-88fc-2e089b68b0c9,
b0e7f41c-73d7-4a84-8b90-65729b78c305,6e6c686c-72e4-42eb-a1f0-a2585d936321,2026-01-14 07:36:21.493,2026-01-14 07:36:21.493,10002,R5wtjjS0Fd,com.sec.android.app.shealth,51609406-2e66-45ab-8d6c-926a8787f4ba,
5d4599e9-dcf4-41a2-9bd0-31be7b32e8e5,a6337d42-7b89-431b-bf3b-a387183815a3,2026-01-13 21:44:56.506,2026-01-13 21:44:56.506,10004,R5wtjjS0Fd,com.sec.android.app.shealth,4b39953d-8f5a-4d08-b4a9-eb8bfe41db25,
589f3b37-ae10-4438-a142-91b17962e6aa,fd04406e-80f2-43f0-bf59-37668043f58b,2026-01-14 07:36:22.581,2026-01-14 07:36:22.581,10004,R5wtjjS0Fd,com.sec.android.app.shealth,9f926c2c-624b-4e3a-98cd-824ee7035838,
9e58e4a6-3b72-4721-b806-8d586c9ff1b3,5c155fb4-1966-490f-8f6a-d4b8f37fc939,2026-01-14 09:10:16.971,2026-01-14 09:10:16.971,10004,R5wtjjS0Fd,com.sec.android.app.shealth,0d695d16-9d57-4e26-ac12-ae6f80e997bd,
62e9c32d-7d76-4663-96de-d20fdaf23c52,e93a5be8-8ab7-4ed8-9843-8cc0cff248af,2026-01-14 07:36:22.602,2026-01-14 07:36:22.602,10004,R5wtjjS0Fd,com.sec.android.app.shealth,8950cc45-3bd6-40b2-8dd4-f38c21d1581b,
f3c91684-29d7-487c-994e-3e593a0e514a,8204a9c2-d4b8-4815-8113-4a6dc63371b8,2026-01-14 07:36:22.613,2026-01-14 07:36:22.613,10004,R5wtjjS0Fd,com.sec.android.app.shealth,25683b42-0f83-4316-9f4c-1c686fd4c289,
0f73389a-aca9-4e66-a0dc-b7e7cdb1b3bb,6fce353d-52b5-4dc7-b3a2-2c31f7f6470f,2026-01-14 09:10:17.006,2026-01-14 09:10:17.006,10004,R5wtjjS0Fd,com.sec.android.app.shealth,ba5687a0-f368-4723-80e2-45cb6df16e59,
4027db90-79cb-4ffe-b1e3-cfa85eb19e19,c24223b7-a1c2-403e-aa7e-0b92ac717f0f,2026-01-14 07:36:18.673,2026-01-14 07:36:18.673,10007,R5wtjjS0Fd,com.sec.android.app.shealth,5efc8052-4113-4653-9e2f-0d9aea13aeaf,
f44049ef-4aa8-47cb-805a-ecccd48d757b,d08dec03-5e47-44d2-b75d-3a7862afeac8,2026-01-14 09:10:16.940,2026-01-14 09:10:16.940,10004,R5wtjjS0Fd,com.sec.android.app.shealth,bfd65d09-5e70-4653-a3ea-60124f72ca0c,
db8bf4b2-9d9d-464a-b864-f3f6acdacc8c,db87e902-34c1-428f-ad39-3fddd41525a9,2026-01-14 09:10:17.622,2026-01-14 09:10:17.622,10002,R5wtjjS0Fd,com.sec.android.app.shealth,61323671-713e-443e-8c07-67419a3226b9,
50ff5691-5696-4313-8017-0d07e6ec62fb,4602cb48-4325-49ab-9c3b-78c9706d6de0,2026-01-14 09:10:16.927,2026-01-14 09:10:16.927,10004,R5wtjjS0Fd,com.sec.android.app.shealth,3ab72dd0-d701-412d-890d-031e6c0831ee,
f1871cd5-7338-43c7-9e74-cd1c457342ee,41806554-f827-4077-9b58-4fd7ce960fba,2026-01-14 09:10:16.568,2026-01-14 09:10:16.568,10000,R5wtjjS0Fd,com.sec.android.app.shealth,ef8a0792-cc08-4f98-ba09-b122d3b13e41,
57a553bd-bd80-4ec3-83c1-7a85d2971db8,0f0a26f5-abf6-41d8-b826-b6c6263c40fb,2026-01-14 09:10:16.784,2026-01-14 09:10:16.784,10007,R5wtjjS0Fd,com.sec.android.app.shealth,5f27efb9-e596-4772-a2a5-130caad9535f,
6ebf35c5-0132-4323-8be0-dc2f767dc178,9a0d3564-a423-4f4e-921d-7dffe524d30a,2026-01-14 07:36:22.621,2026-01-14 07:36:22.621,10004,R5wtjjS0Fd,com.sec.android.app.shealth,bbc07956-8f1d-49a9-865c-eb60979028ca,
ca469991-1669-4ccc-b418-5b71b85bb175,3928eacc-d9be-4e50-b0b2-48d592dee4ef,2026-01-14 09:10:17.020,2026-01-14 09:10:17.020,10004,R5wtjjS0Fd,com.sec.android.app.shealth,1bd8cc6c-dba8-4160-af77-74fb72428e23,
e626fe7f-d26d-4fe9-953f-1f1cc3c9732a,551973ed-f5c9-4e32-9b8f-60cf1afc5b51,2026-01-14 09:10:16.997,2026-01-14 09:10:16.997,10004,R5wtjjS0Fd,com.sec.android.app.shealth,a3020ca5-a118-4f81-a945-8d675f92dd48,
9dc96023-a3d0-4b81-917e-222e2b7ffb74,bfa18c96-222b-4fb2-81b8-d0da8c5230a8,2026-01-14 10:56:47.877,2026-01-14 10:56:47.877,10004,R5wtjjS0Fd,com.sec.android.app.shealth,4fc57ed5-96b7-4dc2-8b8b-b24ff9e4ba4a,
823598d6-5ebf-4cd6-8d8f-4e417b1f30d1,108e8e02-c8e4-40d4-80e5-809df58cc560,2026-01-14 10:56:47.902,2026-01-14 10:56:47.902,10001,R5wtjjS0Fd,com.sec.android.app.shealth,c5a2f354-ca53-457a-a0dc-cc17c39815b3,
8fa2b847-aa8e-4311-850a-961ab3d9ee28,716d59c0-fc89-4964-8f63-ac5eba11cc71,2026-01-14 11:05:37.616,2026-01-14 11:05:37.616,10004,R5wtjjS0Fd,com.sec.android.app.shealth,971aaebf-896c-450e-a299-16e44886ef3f,
74eb06d4-9ac3-4db8-85bb-8d8612760613,57075a97-5d08-4594-bfbf-ea0695f95227,2026-01-14 12:09:48.804,2026-01-14 12:09:48.804,10004,R5wtjjS0Fd,com.sec.android.app.shealth,32b8f971-7190-44cf-abad-66fa2fa4909b,
b40949e1-c629-4c99-ac9e-35768bb0c1f7,fd20ea84-15db-466f-963a-3471183490da,2026-01-14 14:35:00.614,2026-01-14 14:35:00.614,10004,R5wtjjS0Fd,com.sec.android.app.shealth,c1d79fe2-9130-4a5c-9ad1-d435fe595da8,
f9c50290-c07a-4def-ba3f-4a60e663a3fd,c5065f47-89e3-462b-9aba-c2bf00203cbe,2026-01-14 17:48:22.713,2026-01-14 17:48:22.713,10004,R5wtjjS0Fd,com.sec.android.app.shealth,2ca37095-49e2-4266-b949-bc1acf63f7e6,
bd8116d7-96e8-44f4-b92e-2f03d8802eac,64152364-8c4d-47f6-a1d4-286d177a5f19,2026-01-14 14:35:00.621,2026-01-14 14:35:00.621,10004,R5wtjjS0Fd,com.sec.android.app.shealth,1b3720e4-943a-4f55-bdeb-8e810e1b5208,
8bddeef1-ee8b-40a3-abfa-ba70a88ddb76,393568ea-f705-4df3-a0a4-d806d3790e10,2026-01-14 20:43:13.560,2026-01-14 20:43:13.560,10001,R5wtjjS0Fd,com.sec.android.app.shealth,f963c4c2-2803-4451-8b2e-d9dd221c607f,
2209aecb-e373-4df0-9622-51366699989b,3f9eff00-e37e-4e9e-ba48-215d98b086e2,2026-01-14 16:10:00.592,2026-01-14 16:10:00.592,10004,R5wtjjS0Fd,com.sec.android.app.shealth,97687d25-0dc9-484b-9d76-94b841e15ef1,
3d047364-0bd0-461f-bc84-231ca773bf49,830653fd-684c-4180-86c5-91b4f5bb1c5a,2026-01-14 19:06:22.450,2026-01-14 19:06:22.450,10004,R5wtjjS0Fd,com.sec.android.app.shealth,f78082d5-332e-409f-9a77-7aa68995c308,
95424d86-f42a-4498-86a1-3e2bd016dd79,61c0fd46-9a6b-4062-bb0c-43484f368184,2026-01-14 16:10:00.602,2026-01-14 16:10:00.602,10004,R5wtjjS0Fd,com.sec.android.app.shealth,cea2b4e4-c92d-410a-a356-4aa9e3fab77c,
f1d1dc76-299b-48f2-9d8a-363360b9bc66,f7d1253c-b728-4c95-af41-50a5ada51071,2026-01-15 10:03:09.367,2026-01-15 10:03:09.367,10000,R5wtjjS0Fd,com.sec.android.app.shealth,47766a38-cb3c-425b-ace4-1fbccfc8b558,
f001f026-6c20-4000-8b86-12a89ccbfcc2,1005085b-6a79-4b4e-9e60-fe506644e27d,2026-01-15 10:03:09.551,2026-01-15 10:03:09.551,10007,R5wtjjS0Fd,com.sec.android.app.shealth,1a1eab97-9752-4e0e-b68a-7a167f37f230,
2522056d-7ed2-45ce-b287-ef69dee403bf,9087fbd6-5c27-4841-88a6-a1d911cf0be2,2026-01-14 23:07:18.745,2026-01-14 23:07:18.745,10004,R5wtjjS0Fd,com.sec.android.app.shealth,952b7d94-8b73-492d-b236-289762db560e,
6d954806-c357-4ff6-a282-52ef84da14b4,f9b88315-bdcc-42c2-8b5f-45318ee8e577,2026-01-14 20:08:04.247,2026-01-14 20:08:04.247,10004,R5wtjjS0Fd,com.sec.android.app.shealth,8f8f3690-5e75-4b0f-848c-92904bb44977,
d20cb56c-6ae6-4450-976a-3cb24ce4b2b1,d11fec92-f95c-4912-905f-a85af343a4de,2026-01-14 21:01:51.050,2026-01-14 21:01:51.050,10004,R5wtjjS0Fd,com.sec.android.app.shealth,8526ab10-6252-4bc4-ab30-61df6237a9e7,
aa972b81-8172-4e45-ba6c-0f91a41d34bc,567676e0-359e-45cf-8e5b-b475973bf0c7,2026-01-14 22:28:21.184,2026-01-14 22:28:21.184,10004,R5wtjjS0Fd,com.sec.android.app.shealth,86e1f82e-1fcc-4dd7-885a-2ec847dcdb02,
37395101-bec8-4f7f-96db-9d17856d5b54,710c87c0-a764-49ec-be55-614445928532,2026-01-15 10:03:12.533,2026-01-15 10:03:12.533,10004,R5wtjjS0Fd,com.sec.android.app.shealth,4041fcd2-5b93-4df6-b414-bb707d6b47e8,
b32e60c7-3eed-494b-8e5b-bb374baff266,82564274-0880-4dbf-aacd-fb8a2244647f,2026-01-15 10:03:12.511,2026-01-15 10:03:12.511,10004,R5wtjjS0Fd,com.sec.android.app.shealth,02312005-a132-4e24-b788-d9354ff7e8d7,
3b38c26f-b775-4053-a370-77a0d74854c5,e013e3e1-a5a2-4161-a2ff-0dc053ec9c4f,2026-01-14 19:06:22.442,2026-01-14 19:06:22.442,10004,R5wtjjS0Fd,com.sec.android.app.shealth,987d0a2a-6d79-4c96-b8bc-351336dcfae8,
72e6b18f-7c54-4342-9fe9-b4f8cc953df7,50aa2495-664c-4dc1-a811-7192d41687f0,2026-01-15 10:03:12.573,2026-01-15 10:03:12.573,10004,R5wtjjS0Fd,com.sec.android.app.shealth,36748067-8685-43d7-a63c-269e9b399520,
e4b68a3c-bc01-414a-b68e-6d226cd142ca,99107cad-1fc4-46ac-9598-f4745db860c9,2026-01-15 10:03:12.558,2026-01-15 10:03:12.558,10004,R5wtjjS0Fd,com.sec.android.app.shealth,0c028d36-bf5c-46e7-ab37-47b205d3399c,
c489660b-362a-4f74-9ed6-c269aa7f8396,140f46db-992b-4f73-b934-590dcbb4d79c,2026-01-15 10:03:11.668,2026-01-15 10:03:11.668,10002,R5wtjjS0Fd,com.sec.android.app.shealth,bb06645a-efdc-42ed-ae52-1a20195b9c3d,
f5cf8275-4bbe-4b98-ac26-38f35ac96c69,1ee34612-083e-4cd1-9c13-cc7417bc8b3f,2026-01-15 10:03:12.554,2026-01-15 10:03:12.554,10004,R5wtjjS0Fd,com.sec.android.app.shealth,e4682ae1-9980-44a1-9b43-33d78fba5422,
e8ab2184-e00d-4f91-bcf6-a90bca6dee10,99331495-2b59-4215-a9a4-20f0fbfa5091,2026-01-15 10:03:12.506,2026-01-15 10:03:12.506,10004,R5wtjjS0Fd,com.sec.android.app.shealth,2fb197ad-3f8c-430f-8275-2f25f07041c5,
2878b0db-8710-4051-8343-aeefae5252e9,0da1a31f-81ef-431d-a98c-b53bc0f891a8,2026-01-15 10:03:12.517,2026-01-15 10:03:12.517,10004,R5wtjjS0Fd,com.sec.android.app.shealth,ae1b0424-3ae6-463c-9707-f7dbd3adc742,
a1c5b2b3-b2a5-4e41-86e7-ebf4c771ac45,402dd875-5818-49d2-842f-f19668e0e976,2026-01-15 10:03:12.542,2026-01-15 10:03:12.542,10004,R5wtjjS0Fd,com.sec.android.app.shealth,4fdc087a-0273-46d4-8896-f6b735bea547,
76b09ab1-7965-4018-9761-26724a0d1e49,d9b22c0b-33c1-44bc-a5e1-09f9890c57d7,2026-01-15 10:03:12.562,2026-01-15 10:03:12.562,10004,R5wtjjS0Fd,com.sec.android.app.shealth,9b5e4613-7370-48d6-9cc3-61ec0ab0fb9a,
54476a46-607b-444c-b4ac-46d8d62b7065,7fc6056f-5b24-4118-af2f-6dbdd79f1f72,2026-01-15 10:03:12.566,2026-01-15 10:03:12.566,10004,R5wtjjS0Fd,com.sec.android.app.shealth,a25a88da-ad40-4d17-9bb4-698a2a3e856c,
6c3e4c0d-c33a-468a-a85b-15e079490d22,72a59ecc-d2db-47a5-9e90-c14a97ccd785,2026-01-15 12:22:54.838,2026-01-15 12:22:54.838,10004,R5wtjjS0Fd,com.sec.android.app.shealth,9a009432-41fb-4b0b-ad26-f043489b88d8,
0abf8f7a-73a8-468a-955a-110cc001ffb9,b6aa323c-48cc-4700-8b2f-16ad661d059c,2026-01-15 12:22:54.844,2026-01-15 12:22:54.844,10004,R5wtjjS0Fd,com.sec.android.app.shealth,d7d057dd-da3a-4133-9326-82149f2a9a5d,
a8085358-3358-4386-8dab-8493539d2a13,720d073a-5749-46c4-bed7-71c1a6e8f213,2026-01-15 12:22:54.848,2026-01-15 12:22:54.848,10004,R5wtjjS0Fd,com.sec.android.app.shealth,be6f31fe-aed9-4fd4-9d6f-dedfde125b16,
20f39a02-0298-4733-af85-01912b714433,437859b9-1a88-44e7-abc9-260b2003e16e,2026-01-15 12:24:54.239,2026-01-15 12:24:54.239,10001,R5wtjjS0Fd,com.sec.android.app.shealth,590672bf-53d0-4fac-a9f0-a778765d34ea,
18d4c6b1-1e42-4223-b922-4397f215acc4,63671e40-8af0-43ba-bddc-023a896d7e18,2026-01-15 12:22:54.867,2026-01-15 12:22:54.867,10001,R5wtjjS0Fd,com.sec.android.app.shealth,01302be0-0704-4aa5-85b9-a6bef5ae352e,
41fd1d80-fd57-4596-9765-6bbeae966d84,ea009ccf-b82d-4af2-9bac-a884fc2bb81c,2026-01-15 14:06:17.214,2026-01-15 14:06:17.214,10004,R5wtjjS0Fd,com.sec.android.app.shealth,7d43e230-46e5-4f28-ad13-97c559e48292,
10c40930-eb88-42c8-95e6-a1d7105d3f6f,84c8f6d6-812e-40d0-9864-0014087df911,2026-01-15 15:03:15.067,2026-01-15 15:03:15.067,10004,R5wtjjS0Fd,com.sec.android.app.shealth,ee017d96-e5d6-4646-8280-5967acc1cc1b,
17b6049b-3c88-46ad-987b-45f856c488ef,116af03c-297e-4125-ad80-028d969cf2ac,2026-01-15 16:16:08.371,2026-01-15 16:16:08.371,10004,R5wtjjS0Fd,com.sec.android.app.shealth,8e457f85-c656-422f-a834-9834634eeec8,
7fa6a770-3300-44ed-afe2-67ed1264cdb5,1427561f-b262-4edb-872d-63fd49cb478c,2026-01-15 17:12:00.299,2026-01-15 17:12:00.299,10004,R5wtjjS0Fd,com.sec.android.app.shealth,baf9451a-49d2-4fb5-8c7a-303687136a85,
9d7d4cf4-e107-4af3-850f-1d91e188a222,f9dbe9a3-2350-4cb0-bd66-185861b50dd6,2026-01-15 17:21:53.306,2026-01-15 17:21:53.306,10001,R5wtjjS0Fd,com.sec.android.app.shealth,fedc399c-9105-453e-9eb3-902059e00c9b,
2110ab79-b29e-4818-a6b9-2d0125503ece,e6b9a552-f2a0-4909-802d-3ad6783e93b2,2026-01-15 23:28:14.973,2026-01-15 23:28:14.973,10004,R5wtjjS0Fd,com.sec.android.app.shealth,608abb0a-76e8-4900-8126-fc899efa8e93,
a292d255-13d6-4793-8f48-b2c500a9501f,9181b321-c62d-439c-b39d-7c3c1864658a,2026-01-15 20:03:51.648,2026-01-15 20:03:51.648,10004,R5wtjjS0Fd,com.sec.android.app.shealth,b5f961d5-05de-478d-844e-010bdb61361e,
9b2d61cc-b6f3-4184-b967-63c3ab92ef32,2e1dae6e-a381-4e6e-a6ca-93c16609d5cf,2026-01-15 12:57:53.205,2026-01-15 12:57:53.205,10001,R5wtjjS0Fd,com.sec.android.app.shealth,2df926b4-8388-489a-9930-2749916318b3,
2a6bcd00-6c6d-46f3-8ec4-1eac98108968,8b050c28-1ac9-4540-811a-47bdff1e5914,2026-01-15 20:03:51.665,2026-01-15 20:03:51.665,10004,R5wtjjS0Fd,com.sec.android.app.shealth,28880636-3893-48b1-99c2-1ca4b11dbd98,
7102ae28-f3fb-4310-a617-3ee8e7b98860,0e110c76-8e91-447f-b0f0-fdc66a4f2b1a,2026-01-15 23:28:14.982,2026-01-15 23:28:14.982,10004,R5wtjjS0Fd,com.sec.android.app.shealth,a01c2332-33c6-4661-8e30-4c354fc4884c,
ccab6e4d-72d5-4d7b-8665-c26ff154adcb,14dc97ce-f147-40f3-9c56-dbca247c736f,2026-01-15 23:28:14.987,2026-01-15 23:28:14.987,10004,R5wtjjS0Fd,com.sec.android.app.shealth,db51178b-a368-4a8e-8821-8bc36f6303b3,
c6236acf-6d3c-472f-8313-8abc96009cb8,9da2bdd4-49e9-4111-b080-6d29516d9245,2026-01-15 13:11:37.461,2026-01-15 13:11:37.461,10004,R5wtjjS0Fd,com.sec.android.app.shealth,4b652223-e901-4319-95da-8f924b34a18e,
0e43841a-868c-4d98-9b4c-bf62b13001d6,e82f46f2-9993-4770-b772-30da2630a1e7,2026-01-15 20:03:51.657,2026-01-15 20:03:51.657,10004,R5wtjjS0Fd,com.sec.android.app.shealth,93b4e041-052a-4e47-a8a0-25bf2032dd16,
30320b50-2470-47a9-92cc-dac12db2844d,630b5660-10f5-486b-9e6d-789487be2a6e,2026-01-15 20:03:51.638,2026-01-15 20:03:51.638,10004,R5wtjjS0Fd,com.sec.android.app.shealth,a912d167-b647-42e1-aa83-d6cfae984706,
f4f7d6e1-0085-42e2-85b4-0e0e18a5ebc7,5f9660bc-9682-4493-baf2-a25a0d41b14b,2026-01-15 13:20:38.026,2026-01-15 13:20:38.026,10001,R5wtjjS0Fd,com.sec.android.app.shealth,ac06a96a-7265-44dd-ad29-9572c0521cf7,
73097ef6-e0de-4da1-9f35-64322fa94852,9ed2c0ac-242d-4edc-96bb-f89421b7836d,2026-01-16 06:21:42.228,2026-01-16 06:21:42.228,10004,R5wtjjS0Fd,com.sec.android.app.shealth,41389cb4-da4a-41cb-aba8-c286b4637b39,
deddb738-60cb-41c5-90ee-66a1d3127c16,5301820c-736b-4395-8f44-b8f798c4bc6c,2026-01-16 06:21:42.998,2026-01-16 06:21:42.998,10002,R5wtjjS0Fd,com.sec.android.app.shealth,fbe814cf-f09f-4e10-bf24-13429b23d543,
16928fed-ef78-4cca-87b6-046af934da7d,93d37ad0-d51a-4ea7-b498-2348a6cbeaeb,2026-01-16 09:13:19.260,2026-01-16 09:13:19.260,10004,R5wtjjS0Fd,com.sec.android.app.shealth,379ff6d3-51e9-47a5-91c4-a5f3c0f954c0,
35c7e181-67d5-49f5-bca5-89c17de46db2,19a8b10d-f8b4-4740-810c-ad2e9630a1df,2026-01-16 09:13:19.311,2026-01-16 09:13:19.311,10004,R5wtjjS0Fd,com.sec.android.app.shealth,be00bc72-a771-402b-89dc-eb4ab5c09415,
4892b172-0505-4735-8d27-54c9f86c8893,aeb29492-f5c8-48ee-b323-998b9e4bc297,2026-01-16 06:21:40.853,2026-01-16 06:21:40.853,10007,R5wtjjS0Fd,com.sec.android.app.shealth,397745ce-8e71-432c-b138-6340d9d2b35c,
be7d62bc-0c57-41bf-a051-e7d6810c4c3a,c11af0f4-c06d-4aed-8781-c88d32d17258,2026-01-16 09:13:19.324,2026-01-16 09:13:19.324,10004,R5wtjjS0Fd,com.sec.android.app.shealth,bb5a6bb4-0134-4117-bf71-003e29d19469,
edd6e042-3e58-4566-ae51-4dbe4e21a6bd,5aa786be-0302-4e84-b683-d979a06dadad,2026-01-16 06:21:42.188,2026-01-16 06:21:42.188,10004,R5wtjjS0Fd,com.sec.android.app.shealth,f6fa5f03-58d0-4483-bf65-de34351f6fd7,
f7690b11-2f27-40f3-a96a-80962556f3c3,2bc61d84-2907-4638-a30a-efa6e8fb4c74,2026-01-16 09:13:18.527,2026-01-16 09:13:18.527,10007,R5wtjjS0Fd,com.sec.android.app.shealth,afe751b2-6b69-4e15-88a0-e4f3c1641624,
a5878f60-3b71-4738-8316-437f84e47353,752e12a6-ca7a-48a2-8479-b061e95a7e81,2026-01-16 09:13:12.953,2026-01-16 09:13:12.953,10002,R5wtjjS0Fd,com.sec.android.app.shealth,ec2596ca-7628-4642-a6e7-e75ae304345e,
e83aee03-65f0-4bcd-b087-0cd6c341055f,27504f22-6903-4c1e-b1fc-98d0b43bb2d2,2026-01-16 09:13:19.353,2026-01-16 09:13:19.353,10004,R5wtjjS0Fd,com.sec.android.app.shealth,c46ff3a3-3b6f-4689-8916-f09aeb5d700a,
9da1919a-621a-4ba1-b966-451201279465,06f76949-b0c0-41df-ace8-c8c45323593a,2026-01-16 06:21:42.150,2026-01-16 06:21:42.150,10004,R5wtjjS0Fd,com.sec.android.app.shealth,9abca3d6-30d1-40ad-8788-06140c650ab9,
e5eb5955-35c8-4392-b121-dc891af3c80d,dfb89e11-4362-43e7-b5a6-43b7dd26e393,2026-01-16 06:21:42.205,2026-01-16 06:21:42.205,10004,R5wtjjS0Fd,com.sec.android.app.shealth,30494cb9-e527-4672-a101-fcac60cd350b,
8102e5db-e3ad-4a7c-8332-85b70d3110c6,c3d667eb-a176-4bc3-b270-512a3237238b,2026-01-16 09:13:19.284,2026-01-16 09:13:19.284,10004,R5wtjjS0Fd,com.sec.android.app.shealth,acb85948-0a25-4369-91bd-8845026908e3,
62a1b1b6-d3eb-4b75-9a7d-0d2a90a5a888,cc5afe2c-5e50-4a12-99a5-8d08a66a33f7,2026-01-16 09:13:19.341,2026-01-16 09:13:19.341,10004,R5wtjjS0Fd,com.sec.android.app.shealth,d3db5cc3-e449-4979-ae97-040de867342e,
e34557b2-85c6-4902-b7f9-21aeb25a52e6,04851dd9-a00e-474a-8209-eba90346f899,2026-01-16 09:36:57.103,2026-01-16 09:36:57.103,10000,R5wtjjS0Fd,com.sec.android.app.shealth,f18d2a98-7c2c-4d00-a3a7-a4c217638f9f,
fcf53623-8b7b-4993-a3be-bcc182ebe351,f8dae4d0-b680-44a3-a716-0cbb9a002866,2026-01-16 11:15:22.441,2026-01-16 11:15:22.441,10004,R5wtjjS0Fd,com.sec.android.app.shealth,24b85ae8-bd4e-4696-a1b0-f92d287dc2b5,
5aaf4cf2-9926-457a-bcb4-e96419d02944,51d7c63f-ec03-4814-b5d3-420e9f0e9328,2026-01-16 11:15:22.450,2026-01-16 11:15:22.450,10004,R5wtjjS0Fd,com.sec.android.app.shealth,46c75eed-e9ca-4f1c-95d7-149c84b004db,
6fafff89-92f7-44c8-b8e8-67408bf60f09,bdeab1c4-4f53-45d5-ab30-d29b685230b2,2026-01-16 12:27:18.319,2026-01-16 12:27:18.319,10004,R5wtjjS0Fd,com.sec.android.app.shealth,e6fdc2bd-d6a9-4eac-92ef-57652604a333,
1306a243-1bcd-4c6f-9cfa-b3cedb9b8e44,fe094d14-4f49-4790-8087-a9686bffd5cb,2026-01-16 13:12:27.195,2026-01-16 13:12:27.195,10004,R5wtjjS0Fd,com.sec.android.app.shealth,bd8aaa4b-42f0-404f-9cb0-e491c671b3bf,
cded5f15-b749-4e0e-98d2-1bb8b2c8bbd3,1ac03101-c415-45c9-afd3-d00b99a645a8,2026-01-16 12:31:28.261,2026-01-16 12:31:28.261,10001,R5wtjjS0Fd,com.sec.android.app.shealth,9540e69b-f94f-4e51-a2b8-2593463e50ff,
778ded2f-1d6d-4b40-9b3a-336acd27954f,37ef6392-93a5-4868-a7e0-bc53634f3d2a,2026-01-16 11:15:17.364,2026-01-16 11:15:17.364,10001,R5wtjjS0Fd,com.sec.android.app.shealth,02904a1e-49c0-40fa-b8c6-eccfb7d69a9f,
c76dee4d-3b8d-48e9-b725-fcd08e14ce06,6f8f492e-258f-4c85-9ea8-920b190ccfcb,2026-01-16 18:07:36.763,2026-01-16 18:07:36.763,10004,R5wtjjS0Fd,com.sec.android.app.shealth,a69e79ad-b53d-4ebd-93dc-14af91ff5b48,
e3e3e855-f009-4d79-9a91-b2d30152aed7,98242b3a-68e9-4574-a2cb-4b554633d244,2026-01-16 19:51:34.648,2026-01-16 19:51:34.648,10004,R5wtjjS0Fd,com.sec.android.app.shealth,efccc1d0-4119-4841-8103-18dcb84f48dd,
fdfdc6b2-beb1-4b7b-bb8f-c2adbb0cb0c3,38b9a1f3-a062-46f7-bbd4-7d6e4e7a17ed,2026-01-16 20:13:41.132,2026-01-16 20:13:41.132,10004,R5wtjjS0Fd,com.sec.android.app.shealth,a502a361-f5db-4647-846e-7ee8a844dcf1,
b704debc-2a7a-46f8-864d-71a5f691a443,9a53042f-97a2-496b-9ed0-6cc45dd3bd06,2026-01-16 21:24:27.504,2026-01-16 21:24:27.504,10004,R5wtjjS0Fd,com.sec.android.app.shealth,f1aedffe-ab23-4098-b01c-ce042f0cbb4e,
c6922c59-6f52-4695-bd6a-8f8320466cc0,e6045ab9-56be-4de4-b716-c3b7353e66a3,2026-01-17 07:14:56.230,2026-01-17 07:14:56.230,10004,R5wtjjS0Fd,com.sec.android.app.shealth,d5b8d6b9-e254-41b0-8ed9-14027eb6dbd8,
cc52c95f-7978-4fc9-86f7-762f90035349,a49abb73-3623-452e-97fd-52fa9d7af6df,2026-01-17 07:14:56.263,2026-01-17 07:14:56.263,10004,R5wtjjS0Fd,com.sec.android.app.shealth,05be3fdd-83da-4994-ab03-8037060637d3,
66a94e76-57c3-48f9-a929-fd6237d24ef6,a6e4088c-27c5-4bfd-a1df-d3e4a2fdc2a4,2026-01-16 14:06:58.500,2026-01-16 14:06:58.500,10004,R5wtjjS0Fd,com.sec.android.app.shealth,ece65b59-9486-43ad-9e58-a05a593fbfeb,
479586e3-442a-41bd-888b-1e003ad48bf2,b41d5cb4-0866-41b6-b1d8-c712263b9506,2026-01-17 00:46:42.465,2026-01-17 00:46:42.465,10004,R5wtjjS0Fd,com.sec.android.app.shealth,2c7a8c71-8b16-4b5a-a566-a5fce3e7a11a,
e24abf19-2cb8-4660-a8e5-ff2479863e33,e3146d6e-cc1d-4f19-b050-bf21f941795a,2026-01-16 15:10:48.152,2026-01-16 15:10:48.152,10004,R5wtjjS0Fd,com.sec.android.app.shealth,f9f281c5-5b70-422d-bf1f-a98b0dc68363,
165d4fe2-a515-4b93-9b76-57a9bc36981a,2174f274-ce7a-4385-ad4b-43c7dc31307b,2026-01-16 16:07:30.962,2026-01-16 16:07:30.962,10004,R5wtjjS0Fd,com.sec.android.app.shealth,61375519-b3a8-40a8-9690-fe2cb3394d38,
8a88ab24-d92f-47fe-b2fa-ff05cb57b946,b35ea9f1-22df-4618-a6d6-66a899f36df8,2026-01-16 17:57:43.646,2026-01-16 17:57:43.646,10004,R5wtjjS0Fd,com.sec.android.app.shealth,8e2ad511-40fd-42b2-8b3e-a6475615a632,
cae31b93-ceb6-49c4-95de-73a4d911c468,06e6e778-8ea1-4700-abce-5ff8d71d830c,2026-01-17 07:14:56.252,2026-01-17 07:14:56.252,10004,R5wtjjS0Fd,com.sec.android.app.shealth,5d7c2678-e3da-4104-b1d0-9fd6a7b2438f,
193ef60e-e4d0-4ad4-bd0b-917570d40b33,5c34435a-9e9d-4d09-8660-9304cb6267cc,2026-01-17 01:36:00.799,2026-01-17 01:36:00.799,10004,R5wtjjS0Fd,com.sec.android.app.shealth,eb7faf82-91e3-419e-8b3e-b5206aefda45,
e39e1b7f-574f-47be-a8ed-c7bffff0760d,b17a0abd-442a-4c6a-ba91-e5c5dbfd8384,2026-01-17 07:14:56.282,2026-01-17 07:14:56.282,10004,R5wtjjS0Fd,com.sec.android.app.shealth,8de3b2eb-10b8-445a-b53f-c5be586a3fac,
5758d1a5-75f2-40a4-9d34-a535e4de7e65,e0c03b33-6421-4760-999c-2db46dca2ee1,2026-01-17 07:14:56.244,2026-01-17 07:14:56.244,10004,R5wtjjS0Fd,com.sec.android.app.shealth,ba3b47c7-fbf1-4026-8ac2-e294fa04c6ae,
4dbfe4dd-63fb-4a45-b095-ace3d7fa5349,76b18d79-2fa5-416a-863b-6c1afd262ddd,2026-01-17 09:59:16.982,2026-01-17 09:59:16.982,10004,R5wtjjS0Fd,com.sec.android.app.shealth,84ac224b-4d10-4f5a-9bb2-ae3e1c1ea16e,
8947417b-4bb1-4910-897c-4d6ba5e5d491,4574e90f-fbe6-403b-8340-43d005c4fddf,2026-01-17 00:46:46.967,2026-01-17 00:46:46.967,10001,R5wtjjS0Fd,com.sec.android.app.shealth,f627f8d4-8684-40b6-9d68-5c4b2f30b744,
5e8d4ae0-1fb8-4789-8966-1d9c5064f399,f48da1a6-99d1-494e-9810-aa244c6a6b9a,2026-01-17 07:14:56.854,2026-01-17 07:14:56.854,10002,R5wtjjS0Fd,com.sec.android.app.shealth,4bbe200c-6b62-464e-a20a-d80a20ebeee6,
7b33cd17-cb00-468a-963e-072515b4e839,58b5cdc2-809f-4bd4-a60c-d10420f924e3,2026-01-17 08:59:08.799,2026-01-17 08:59:08.799,10000,R5wtjjS0Fd,com.sec.android.app.shealth,cdb5f66c-ce6c-4b4e-b55d-5c6eabdea08a,
ae9bc6ed-2957-4110-9c54-0e98f2f1acce,2a15dabf-1fa4-4ce2-b1e9-d66989515e05,2026-01-16 22:28:35.777,2026-01-16 22:28:35.777,10004,R5wtjjS0Fd,com.sec.android.app.shealth,bf8a549e-8e20-472f-91df-1098d52b613c,
8e1dd51d-968d-4a5a-b264-daf55aebb195,b590193f-998a-4517-a0d8-ad86a8fc2206,2026-01-17 07:14:56.933,2026-01-17 07:14:56.933,10007,R5wtjjS0Fd,com.sec.android.app.shealth,34a39bbb-0d4e-4e94-9d6f-84f47a134a5f,
33cf8619-7fb1-44a0-ae6a-5969b846ba05,66fa079d-455a-4092-83ca-f3c8c7c1c048,2026-01-17 09:59:30.000,2026-01-17 09:59:30.000,10007,R5wtjjS0Fd,com.sec.android.app.shealth,615bd933-bd5c-4e42-b6f0-f5b7e3f53679,
d08622c7-8372-40ca-a9ff-47f6f81ffc19,20c577dc-3e3b-4884-966f-5926feb660c8,2026-01-17 08:59:11.204,2026-01-17 08:59:11.204,10007,R5wtjjS0Fd,com.sec.android.app.shealth,09ff89f6-4bce-4093-b803-6ea956704bd0,
332a2fe2-52ab-428d-b6fe-9320f36b84c5,df1955d1-4cec-4995-8933-6cfc1e723d5d,2026-01-17 08:59:11.605,2026-01-17 08:59:11.605,10002,R5wtjjS0Fd,com.sec.android.app.shealth,3825b049-d2d5-4314-b045-f74fe53173a5,
30c02488-efd1-4035-be4d-5e2d9a9bbd56,c1d3e1a9-8a1b-4cc7-992a-c714b67ac5b7,2026-01-17 09:59:33.003,2026-01-17 09:59:33.003,10002,R5wtjjS0Fd,com.sec.android.app.shealth,23c494bf-67a6-44b5-8b70-c9a1a9acd867,
3f68ac5c-d93c-42e7-9948-de80fdd4200c,0dae241c-e644-4aa6-a795-d8c8968507a1,2026-01-17 08:59:11.031,2026-01-17 08:59:11.031,10004,R5wtjjS0Fd,com.sec.android.app.shealth,eec157ed-7305-40b2-8f46-b0ef58590a4f,
a4017a64-d927-401b-8cc5-98ac39583924,cfa8331b-afd2-46f0-bda3-8fd52ffe3725,2026-01-17 07:14:56.276,2026-01-17 07:14:56.276,10004,R5wtjjS0Fd,com.sec.android.app.shealth,a52c40e9-bd24-4939-8b7b-24767c74feea,
c9f405e1-1cd3-4a80-bc3b-3acf5f7b2b8f,86e90b9c-c1dc-4e05-8592-d097a307fba0,2026-01-17 10:12:14.945,2026-01-17 10:12:14.945,10004,R5wtjjS0Fd,com.sec.android.app.shealth,5e323b2b-7ee7-4ecd-8472-0a7570bee96d,
eb769b95-a12e-4799-be7c-df462c682f04,a0b04b7c-b8c9-439c-a89b-ec6bcc5c9729,2026-01-17 13:07:28.604,2026-01-17 13:07:28.604,10004,R5wtjjS0Fd,com.sec.android.app.shealth,3bf1b7b9-ee09-4f00-9014-412dd09841b9,
1a8e3a68-b00e-4c51-a967-43361c5f51ca,14bb125a-4350-4089-aa8d-ce1d03122e75,2026-01-17 14:46:28.739,2026-01-17 14:46:28.739,10004,R5wtjjS0Fd,com.sec.android.app.shealth,ccf5b905-9c07-46a9-b52f-597a4a23f0b7,
fd10bbce-dd93-4f11-bb01-b31d6c63d5cd,237075a6-3436-43ba-adfd-439dcef7392b,2026-01-17 15:08:16.928,2026-01-17 15:08:16.928,10004,R5wtjjS0Fd,com.sec.android.app.shealth,42dd0b4f-ad19-464c-bf5a-689a791d04cb,
fb0235eb-2711-4488-b0d7-67273d65435d,1ab0109f-06e1-45f9-ba27-3632685f2886,2026-01-17 16:41:07.936,2026-01-17 16:41:07.936,10004,R5wtjjS0Fd,com.sec.android.app.shealth,abd788ca-0579-4d75-b945-766345687ca5,
c30e73ec-0ade-4ae2-8b8f-c70815e4eedc,03aa70d5-28c2-4233-ae3e-682201aed7c6,2026-01-17 17:02:09.013,2026-01-17 17:02:09.013,10004,R5wtjjS0Fd,com.sec.android.app.shealth,3894a227-31d7-4fb3-9a4a-c221cb2887a9,
6fb3bff1-4e42-4f1e-a1a0-e79f77e55fd0,78e8c6b9-c88a-4f2e-a0f8-3c453647af52,2026-01-17 19:15:57.064,2026-01-17 19:15:57.064,10004,R5wtjjS0Fd,com.sec.android.app.shealth,c06bfd1b-3f94-49b9-806c-c82cef11e9f8,
60cdb7fb-dc44-4015-a331-13df93ba9311,5d0ac5d0-8069-4e8e-a8d1-1eb01ff777ed,2026-01-18 02:18:48.427,2026-01-18 02:18:48.427,10004,R5wtjjS0Fd,com.sec.android.app.shealth,844b79bd-e499-4a9b-b500-16024cb0e546,
a6602887-4cbb-42ce-a0f0-31a50d71462a,2055bb94-91a1-4861-af6a-7561c8662dc5,2026-01-17 11:05:57.234,2026-01-17 11:05:57.234,10004,R5wtjjS0Fd,com.sec.android.app.shealth,28507fbb-ddfe-474d-8d1d-192d8f336b32,
2de15d72-0815-4463-9915-e2db69b4cc88,0af3b413-b50a-483c-94be-545d9cc12905,2026-01-17 13:07:28.589,2026-01-17 13:07:28.589,10004,R5wtjjS0Fd,com.sec.android.app.shealth,a308f84e-bdb3-4893-8a54-ea16e06ccb64,
2b52207b-d32b-4f5d-b523-d40f18159dbb,c0168794-7b3c-49c5-931c-ae1331d831c0,2026-01-17 13:07:28.599,2026-01-17 13:07:28.599,10004,R5wtjjS0Fd,com.sec.android.app.shealth,914d6267-e956-45a9-878e-2c01fe9f3bdc,
94ce8250-af6b-47dd-9a5f-77d0bed121ab,d36a92bc-acef-4b39-819f-241966f5c871,2026-01-17 20:14:56.940,2026-01-17 20:14:56.940,10004,R5wtjjS0Fd,com.sec.android.app.shealth,be4b5e33-acbf-4bb6-a851-3c28bc21f72b,
4eba4a2c-c251-4640-8e85-f17d64a89cad,d535eb8f-4b8c-452c-b17e-55b4c313a2af,2026-01-18 02:18:48.420,2026-01-18 02:18:48.420,10004,R5wtjjS0Fd,com.sec.android.app.shealth,caed38e1-b9f2-42c6-aecc-d1af51d5df78,
6320bc6e-fe2f-4471-af10-497e84978da1,25f96436-3756-44b4-91bd-1a50a55f5ab9,2026-01-17 18:34:10.866,2026-01-17 18:34:10.866,10004,R5wtjjS0Fd,com.sec.android.app.shealth,b186f989-dfe2-4abc-8836-171e2af2bee6,
a675bd82-3afd-436c-a1c7-81818c3d7c66,58df30b1-b9a2-46b7-bd2d-e5eb7f2969eb,2026-01-17 21:46:43.329,2026-01-17 21:46:43.329,10004,R5wtjjS0Fd,com.sec.android.app.shealth,a0640f3d-731b-4390-bb20-bcaa98a2c37c,
ba3d0b6e-73e0-4038-a2ea-82959b3da42f,6a69a79d-4a82-482f-9dd5-dd1e2a3d4eae,2026-01-17 22:39:13.259,2026-01-17 22:39:13.259,10004,R5wtjjS0Fd,com.sec.android.app.shealth,496eca0b-593a-4a8d-abb9-c7aa76bf08b7,
